{"type":"FeatureCollection","metadata":{"fonte":"IBGE, via github.com/tbrugz/geodata-br"},"features":[{"type":"Feature","properties":{"nome":"Acrelândia","cod":"1200013","uf":"AC"},"geometry":{"type":"Polygon","coordinates":[[[-67.1331,-9.6761],[-67.0596,-9.7083],[-66.8473,-9.8012],[-66.8097,-9.8177],[-66.8057,-9.814],[-66.6444,-9.883],[-66.6194,-9.8937],[-66.6262,-9.8993],[-66.624,-9.907],[-66.6353,-9.9129],[-66.6259,-9.9211],[-66.6322,-9.9221],[-66.6353,-9.9262],[-66.6266,-9.9316],[-66.627,-9.9354],[-66.6329,-9.9369],[-66.6354,-9.9413],[-66.6376,-9.9518],[-66.65,-9.9451],[-66.6514,-9.9363],[-66.6554,-9.9417],[-66.6571,-9.9359],[-66.6633,-9.9394],[-66.6665,-9.946],[-66.6637,-9.9486],[-66.6696,-9.9599],[-66.6761,-9.957],[-66.6758,-9.9678],[-66.6953,-9.9674],[-66.6941,-9.971],[-66.7149,-9.9785],[-66.7175,-9.9743],[-66.7223,-9.9794],[-66.7201,-9.9831],[-66.7312,-9.9805],[-66.7335,-9.9826],[-66.7341,-9.9883],[-66.7411,-9.9965],[-66.7504,-9.9945],[-66.7556,-10.0001],[-66.7639,-9.9997],[-66.7639,-10.0062],[-66.7724,-10.0112],[-66.7716,-10.0205],[-66.7794,-10.0171],[-66.79,-10.0218],[-66.7921,-10.0269],[-66.8063,-10.0373],[-66.802,-10.043],[-66.8072,-10.0482],[-66.8167,-10.0511],[-66.8228,-10.0589],[-66.836,-10.0634],[-66.8346,-10.0674],[-66.8398,-10.0711],[-66.8381,-10.0831],[-66.8514,-10.0865],[-66.8519,-10.0809],[-66.8662,-10.0843],[-66.8727,-10.0805],[-66.8751,-10.0829],[-66.8705,-10.095],[-66.8728,-10.1006],[-66.88,-10.0969],[-66.8832,-10.1078],[-66.8871,-10.0991],[-66.8886,-10.1143],[-66.8954,-10.1101],[-66.8983,-10.1116],[-66.8968,-10.1181],[-66.9022,-10.1265],[-66.9101,-10.1257],[-66.9096,-10.1319],[-66.9144,-10.129],[-66.9179,-10.1311],[-66.9176,-10.1348],[-66.9108,-10.1388],[-66.9111,-10.1474],[-66.9237,-10.1431],[-66.9333,-10.1475],[-66.9332,-10.1556],[-66.9389,-10.1541],[-66.9446,-10.1575],[-66.9537,-10.1892],[-66.9584,-10.1907],[-66.9561,-10.1878],[-66.9604,-10.1828],[-66.9681,-10.1919],[-66.972,-10.1919],[-66.9753,-10.19],[-66.9718,-10.187],[-66.9748,-10.1856],[-66.9808,-10.19],[-66.9746,-10.1961],[-66.9811,-10.1957],[-66.9916,-10.2036],[-66.9922,-10.1994],[-66.9957,-10.1993],[-66.9933,-10.2102],[-66.9994,-10.2172],[-66.9898,-10.2174],[-66.9883,-10.2209],[-66.9941,-10.2237],[-66.9978,-10.2323],[-67.0009,-10.2299],[-67.0023,-10.2167],[-67.0707,-10.2024],[-67.0759,-10.1964],[-67.0761,-10.1104],[-67.0766,-10.0906],[-67.0994,-10.1034],[-67.1245,-9.9707],[-67.0906,-9.9565],[-67.1666,-9.7601],[-67.1857,-9.7102],[-67.1926,-9.7042],[-67.1842,-9.6954],[-67.1681,-9.6878],[-67.158,-9.6898],[-67.1394,-9.6834],[-67.1331,-9.6761]]]}},{"type":"Feature","properties":{"nome":"Assis Brasil","cod":"1200054","uf":"AC"},"geometry":{"type":"Polygon","coordinates":[[[-69.5878,-10.3712],[-69.5823,-10.3799],[-69.5795,-10.378],[-69.5673,-10.3888],[-69.5628,-10.3889],[-69.5543,-10.3986],[-69.5485,-10.4145],[-69.5419,-10.418],[-69.5398,-10.4288],[-69.5453,-10.4487],[-69.5361,-10.4578],[-69.5379,-10.4689],[-69.5338,-10.4754],[-69.5342,-10.4827],[-69.5079,-10.505],[-69.5109,-10.5565],[-69.5502,-10.6144],[-69.5878,-10.6427],[-69.6521,-10.6897],[-69.6611,-10.7099],[-69.6705,-10.7313],[-69.7568,-10.7434],[-69.7779,-10.7819],[-69.7665,-10.7916],[-69.7438,-10.8085],[-69.7412,-10.8165],[-69.7316,-10.8218],[-69.7278,-10.8288],[-69.716,-10.8242],[-69.6923,-10.8308],[-69.6849,-10.8274],[-69.6747,-10.8361],[-69.6667,-10.8368],[-69.6669,-10.8408],[-69.6614,-10.8455],[-69.664,-10.8589],[-69.6568,-10.8627],[-69.6477,-10.8526],[-69.6418,-10.8507],[-69.6429,-10.8473],[-69.6346,-10.8453],[-69.6248,-10.8534],[-69.6121,-10.8557],[-69.6064,-10.8602],[-69.5989,-10.8582],[-69.5924,-10.8633],[-69.5862,-10.8634],[-69.5811,-10.858],[-69.5758,-10.86],[-69.5665,-10.8565],[-69.5622,-10.8635],[-69.5551,-10.8653],[-69.5521,-10.8732],[-69.5209,-10.8482],[-69.5005,-10.8218],[-69.4848,-10.7938],[-69.4855,-10.783],[-69.4979,-10.7492],[-69.4979,-10.7001],[-69.4925,-10.6972],[-69.4848,-10.7017],[-69.4772,-10.7011],[-69.4738,-10.7098],[-69.4657,-10.7103],[-69.4399,-10.701],[-69.43,-10.7018],[-69.422,-10.6907],[-69.4236,-10.7134],[-69.3927,-10.7321],[-69.3916,-10.8008],[-69.39,-10.8263],[-69.4214,-10.9268],[-69.4276,-10.937],[-69.4497,-10.9361],[-69.4541,-10.9498],[-69.4602,-10.9439],[-69.462,-10.9501],[-69.4726,-10.9448],[-69.4771,-10.9456],[-69.4761,-10.9527],[-69.4799,-10.9546],[-69.4835,-10.9511],[-69.4956,-10.9494],[-69.5002,-10.9368],[-69.5074,-10.9416],[-69.517,-10.9356],[-69.5386,-10.9358],[-69.5425,-10.9383],[-69.5412,-10.9505],[-69.5461,-10.9522],[-69.5511,-10.9512],[-69.554,-10.9455],[-69.5651,-10.9438],[-69.5751,-10.9424],[-69.5886,-10.9405],[-69.584,-10.9456],[-69.5862,-10.9475],[-69.6017,-10.9419],[-69.6116,-10.9468],[-69.6123,-10.9555],[-69.62,-10.9502],[-69.6351,-10.9572],[-69.659,-10.952],[-69.6692,-10.962],[-69.6785,-10.9599],[-69.6877,-10.9645],[-69.6914,-10.9635],[-69.6977,-10.9717],[-69.7011,-10.9655],[-69.7162,-10.9745],[-69.7228,-10.9648],[-69.7365,-10.9745],[-69.7411,-10.9723],[-69.7395,-10.9638],[-69.7461,-10.9619],[-69.7479,-10.9537],[-69.7598,-10.9398],[-69.7641,-10.9391],[-69.7606,-10.9448],[-69.7732,-10.939],[-69.769,-10.9297],[-69.7811,-10.9344],[-69.7887,-10.9308],[-69.7955,-10.9324],[-69.8005,-10.9261],[-69.8105,-10.9253],[-69.8139,-10.9301],[-69.831,-10.9336],[-69.8336,-10.9326],[-69.8324,-10.9281],[-69.8392,-10.9288],[-69.8515,-10.9243],[-69.858,-10.9335],[-69.8629,-10.9262],[-69.8747,-10.9291],[-69.879,-10.9239],[-69.8998,-10.9201],[-69.9141,-10.923],[-69.9166,-10.931],[-69.9219,-10.9323],[-69.9255,-10.9237],[-69.9344,-10.9219],[-69.9534,-10.9272],[-69.9546,-10.9351],[-69.9621,-10.9345],[-69.9586,-10.9399],[-69.9639,-10.9398],[-69.9735,-10.9477],[-69.9822,-10.9424],[-69.9853,-10.9542],[-69.9939,-10.9508],[-69.998,-10.9632],[-70.0035,-10.9598],[-70.0063,-10.9645],[-70.0082,-10.9618],[-70.0133,-10.9673],[-70.0261,-10.9711],[-70.0279,-10.9772],[-70.0365,-10.9702],[-70.0371,-10.9778],[-70.0474,-10.9785],[-70.0437,-10.9828],[-70.0498,-10.9796],[-70.0521,-10.9854],[-70.0653,-10.9865],[-70.0641,-10.9909],[-70.0672,-10.9925],[-70.077,-10.9886],[-70.0793,-10.9908],[-70.0804,-10.984],[-70.0863,-10.989],[-70.0919,-10.986],[-70.0979,-10.9977],[-70.1051,-10.9974],[-70.0983,-10.9921],[-70.1084,-10.9946],[-70.107,-11.007],[-70.1112,-11.0027],[-70.1165,-11.0054],[-70.1141,-11.0087],[-70.1226,-11.0101],[-70.132,-11.0214],[-70.1389,-11.0214],[-70.1418,-11.0296],[-70.1558,-11.0339],[-70.1587,-11.041],[-70.1647,-11.0381],[-70.1673,-11.0421],[-70.1695,-11.0396],[-70.1724,-11.0417],[-70.1767,-11.0388],[-70.1798,-11.0433],[-70.1901,-11.0446],[-70.1897,-11.0485],[-70.1999,-11.0536],[-70.2118,-11.0494],[-70.2148,-11.0521],[-70.2284,-11.0488],[-70.2304,-11.0525],[-70.2414,-11.046],[-70.2588,-11.0525],[-70.2641,-11.0508],[-70.2715,-11.0598],[-70.2803,-11.0562],[-70.2858,-11.0577],[-70.2935,-11.0655],[-70.3067,-11.0698],[-70.3265,-11.0653],[-70.3358,-11.0678],[-70.3497,-11.0646],[-70.3534,-11.0586],[-70.374,-11.0605],[-70.3854,-11.0473],[-70.399,-11.0446],[-70.4061,-11.0475],[-70.4102,-11.0418],[-70.4242,-11.0381],[-70.4314,-11.0399],[-70.4368,-11.0392],[-70.4406,-11.0335],[-70.4373,-11.0274],[-70.4495,-11.0008],[-70.4692,-10.9886],[-70.4795,-10.9712],[-70.4864,-10.9643],[-70.4944,-10.9634],[-70.5045,-10.9518],[-70.5147,-10.9483],[-70.5194,-10.9407],[-70.5303,-10.9347],[-70.621,-10.9998],[-70.6229,-10.7112],[-70.6185,-10.7141],[-70.6133,-10.7065],[-70.605,-10.7034],[-70.6024,-10.6969],[-70.5784,-10.7028],[-70.5708,-10.6912],[-70.5623,-10.6938],[-70.5554,-10.6881],[-70.5374,-10.6921],[-70.5332,-10.6996],[-70.5237,-10.703],[-70.5356,-10.7058],[-70.5346,-10.7128],[-70.5249,-10.7208],[-70.5149,-10.7201],[-70.5104,-10.7269],[-70.5034,-10.7226],[-70.503,-10.7144],[-70.4973,-10.72],[-70.485,-10.7238],[-70.4814,-10.7231],[-70.482,-10.7173],[-70.4713,-10.7156],[-70.466,-10.7178],[-70.4649,-10.7023],[-70.4619,-10.7009],[-70.4559,-10.7027],[-70.4584,-10.7127],[-70.4458,-10.7117],[-70.444,-10.7228],[-70.435,-10.7146],[-70.4227,-10.7241],[-70.4248,-10.7165],[-70.4196,-10.7081],[-70.4199,-10.7146],[-70.4132,-10.7161],[-70.4068,-10.7154],[-70.4044,-10.7219],[-70.3957,-10.7269],[-70.384,-10.719],[-70.3812,-10.7304],[-70.368,-10.7301],[-70.3635,-10.7122],[-70.3497,-10.7109],[-70.3484,-10.7169],[-70.3433,-10.7166],[-70.3435,-10.7052],[-70.3341,-10.7072],[-70.33,-10.7163],[-70.3253,-10.7127],[-70.3151,-10.714],[-70.312,-10.701],[-70.3011,-10.7002],[-70.2986,-10.6954],[-70.2917,-10.6994],[-70.2821,-10.6914],[-70.2804,-10.7056],[-70.2756,-10.7072],[-70.2731,-10.6953],[-70.2653,-10.7128],[-70.2602,-10.7063],[-70.255,-10.7131],[-70.2519,-10.6979],[-70.227,-10.6898],[-70.2346,-10.6853],[-70.223,-10.6849],[-70.224,-10.6764],[-70.219,-10.6828],[-70.2128,-10.6808],[-70.2185,-10.6858],[-70.2138,-10.6969],[-70.2069,-10.6951],[-70.2069,-10.7034],[-70.2004,-10.6898],[-70.1897,-10.6925],[-70.1845,-10.6889],[-70.1796,-10.69],[-70.1761,-10.69],[-70.1794,-10.6844],[-70.1737,-10.6829],[-70.1787,-10.6778],[-70.1713,-10.6729],[-70.1721,-10.6672],[-70.166,-10.6679],[-70.1645,-10.6629],[-70.1619,-10.6638],[-70.157,-10.676],[-70.1506,-10.6648],[-70.145,-10.6686],[-70.1444,-10.6602],[-70.1401,-10.6617],[-70.1316,-10.6581],[-70.1315,-10.652],[-70.1229,-10.6551],[-70.1254,-10.6419],[-70.1226,-10.6377],[-70.1109,-10.6441],[-70.1,-10.6412],[-70.0985,-10.6473],[-70.0898,-10.6494],[-70.0794,-10.6326],[-70.0704,-10.6334],[-70.07,-10.614],[-70.0659,-10.6123],[-70.0571,-10.6162],[-70.0526,-10.6066],[-70.0433,-10.6125],[-70.0439,-10.6041],[-70.0366,-10.6112],[-70.0367,-10.6012],[-70.0306,-10.5915],[-70.0199,-10.5941],[-70.0172,-10.5918],[-70.0168,-10.5851],[-70.0107,-10.5914],[-70.0083,-10.5816],[-69.9962,-10.5831],[-69.998,-10.5762],[-69.9919,-10.5702],[-69.981,-10.5832],[-69.9752,-10.5826],[-69.9685,-10.5743],[-69.961,-10.5777],[-69.9411,-10.5664],[-69.9291,-10.5484],[-69.9238,-10.549],[-69.9249,-10.5565],[-69.9211,-10.5594],[-69.9062,-10.5433],[-69.9007,-10.5468],[-69.8972,-10.5566],[-69.8886,-10.5519],[-69.8782,-10.5578],[-69.8624,-10.5384],[-69.849,-10.5402],[-69.8315,-10.5379],[-69.8274,-10.5134],[-69.8315,-10.5074],[-69.819,-10.5087],[-69.8075,-10.5041],[-69.8004,-10.5089],[-69.7991,-10.5026],[-69.8043,-10.4922],[-69.8047,-10.4797],[-69.7976,-10.4815],[-69.7871,-10.4714],[-69.7852,-10.4609],[-69.7748,-10.4553],[-69.7669,-10.4596],[-69.7577,-10.4589],[-69.7539,-10.4513],[-69.746,-10.4523],[-69.7438,-10.4466],[-69.7272,-10.4533],[-69.7113,-10.4458],[-69.7096,-10.4382],[-69.704,-10.433],[-69.6954,-10.4314],[-69.6914,-10.4365],[-69.6873,-10.4352],[-69.6841,-10.4327],[-69.6821,-10.41],[-69.677,-10.4242],[-69.6696,-10.4189],[-69.6639,-10.4247],[-69.6568,-10.4205],[-69.648,-10.4281],[-69.6484,-10.4166],[-69.6374,-10.4082],[-69.6455,-10.4032],[-69.642,-10.4009],[-69.6292,-10.4034],[-69.6299,-10.3948],[-69.6237,-10.391],[-69.6134,-10.3942],[-69.6151,-10.3845],[-69.6067,-10.379],[-69.5999,-10.3804],[-69.5923,-10.3697],[-69.5878,-10.3712]]]}},{"type":"Feature","properties":{"nome":"Brasiléia","cod":"1200104","uf":"AC"},"geometry":{"type":"Polygon","coordinates":[[[-69.1288,-10.4017],[-69.1369,-10.4217],[-69.1413,-10.4248],[-69.1397,-10.435],[-69.1477,-10.4437],[-69.1573,-10.4672],[-69.1684,-10.4768],[-69.1691,-10.4814],[-69.1628,-10.4918],[-69.1648,-10.5022],[-69.162,-10.5097],[-69.1335,-10.5144],[-69.1179,-10.5246],[-69.1063,-10.5367],[-69.1012,-10.5541],[-69.0849,-10.5595],[-69.0808,-10.5756],[-69.0809,-10.5788],[-69.0719,-10.5823],[-69.0713,-10.586],[-69.0603,-10.5902],[-69.0541,-10.5837],[-69.0358,-10.5834],[-69.034,-10.5878],[-69.0251,-10.5901],[-69.0217,-10.5851],[-69.0008,-10.5867],[-68.997,-10.5795],[-68.981,-10.5783],[-68.9786,-10.5746],[-68.971,-10.584],[-68.9643,-10.5793],[-68.959,-10.5809],[-68.9577,-10.5848],[-68.9559,-10.5804],[-68.9513,-10.5821],[-68.9454,-10.579],[-68.9445,-10.582],[-68.9426,-10.5777],[-68.9333,-10.5803],[-68.9292,-10.5759],[-68.9284,-10.5793],[-68.9221,-10.5781],[-68.919,-10.5811],[-68.918,-10.5777],[-68.9141,-10.5774],[-68.9167,-10.5792],[-68.9076,-10.5831],[-68.9038,-10.5795],[-68.9022,-10.584],[-68.9111,-10.5982],[-68.9079,-10.6028],[-68.9104,-10.6061],[-68.9144,-10.6053],[-68.9165,-10.6142],[-68.9206,-10.6122],[-68.9255,-10.6159],[-68.9244,-10.6263],[-68.9155,-10.6364],[-68.9185,-10.6441],[-68.9318,-10.6764],[-68.9417,-10.6794],[-68.945,-10.6743],[-68.9484,-10.6765],[-68.9455,-10.6919],[-68.9495,-10.7027],[-68.9475,-10.7113],[-68.9561,-10.7198],[-68.9561,-10.7295],[-68.9661,-10.7392],[-68.9762,-10.7409],[-68.9802,-10.752],[-68.9755,-10.7714],[-68.9409,-10.7781],[-68.9285,-10.7764],[-68.9219,-10.7798],[-68.9142,-10.7758],[-68.9066,-10.777],[-68.8983,-10.7747],[-68.8954,-10.7702],[-68.8807,-10.7668],[-68.8775,-10.758],[-68.8535,-10.7579],[-68.8351,-10.7396],[-68.8111,-10.7827],[-68.8121,-10.7886],[-68.8048,-10.7951],[-68.805,-10.8042],[-68.8,-10.8075],[-68.7864,-10.8332],[-68.7844,-10.8688],[-68.7756,-10.8747],[-68.7719,-10.8771],[-68.7345,-10.8967],[-68.73,-10.9056],[-68.7226,-10.9076],[-68.7145,-10.9178],[-68.7038,-10.9212],[-68.687,-10.9371],[-68.6839,-10.9553],[-68.6871,-10.9679],[-68.7163,-10.9774],[-68.7254,-10.9723],[-68.7235,-10.9757],[-68.7266,-10.9819],[-68.7168,-10.9905],[-68.7233,-10.9926],[-68.7267,-11.0019],[-68.7331,-10.9936],[-68.734,-10.9867],[-68.7372,-10.9922],[-68.7406,-10.9911],[-68.7428,-10.9964],[-68.7391,-11.0006],[-68.7393,-11.008],[-68.7368,-11.0118],[-68.7428,-11.0164],[-68.7496,-11.0202],[-68.7479,-11.0106],[-68.7546,-11.0115],[-68.7621,-11.0192],[-68.7628,-11.0128],[-68.7568,-11.0096],[-68.7577,-11.0008],[-68.7699,-11.008],[-68.7793,-11.0052],[-68.7783,-11.0001],[-68.781,-10.9995],[-68.7868,-11.0063],[-68.7879,-11.0155],[-68.7892,-11.0008],[-68.7982,-10.9986],[-68.7916,-10.9909],[-68.7988,-10.9914],[-68.802,-10.9957],[-68.8119,-10.9951],[-68.8039,-11.002],[-68.8121,-11.0016],[-68.8159,-11.0058],[-68.8231,-11.0036],[-68.8284,-11.0082],[-68.831,-11.0017],[-68.8267,-10.997],[-68.8341,-10.9944],[-68.8408,-11.0029],[-68.8445,-10.9989],[-68.841,-10.997],[-68.8421,-10.9941],[-68.8476,-10.9933],[-68.8595,-11.0053],[-68.8604,-11.0179],[-68.8697,-11.0152],[-68.874,-11.0099],[-68.8819,-11.0098],[-68.8851,-11.0164],[-68.8803,-11.0172],[-68.88,-11.0125],[-68.876,-11.0201],[-68.8812,-11.0223],[-68.8954,-11.0067],[-68.9082,-11.0217],[-68.9118,-11.0219],[-68.9211,-11.0146],[-68.9247,-11.018],[-68.9342,-11.0053],[-68.9472,-11.0126],[-68.9474,-11.005],[-68.9563,-11.0016],[-68.9528,-10.9895],[-68.9605,-10.9932],[-68.968,-10.9883],[-68.9733,-10.9892],[-68.9813,-10.9973],[-68.9876,-10.9983],[-68.9842,-11.009],[-68.9946,-11.0108],[-68.9946,-11.0037],[-69.0002,-11.0073],[-69.013,-11.0049],[-69.0155,-11.002],[-69.0106,-10.9955],[-69.0117,-10.9916],[-69.0246,-10.9914],[-69.0256,-10.9833],[-69.0332,-10.9853],[-69.0387,-10.9769],[-69.0468,-10.9813],[-69.0503,-10.9747],[-69.0614,-10.9843],[-69.0723,-10.9659],[-69.0779,-10.9746],[-69.0859,-10.9703],[-69.1014,-10.98],[-69.111,-10.9715],[-69.1206,-10.9803],[-69.1222,-10.9669],[-69.1366,-10.9733],[-69.1378,-10.9646],[-69.1425,-10.97],[-69.1486,-10.9712],[-69.1499,-10.9687],[-69.1441,-10.9632],[-69.1542,-10.9642],[-69.1525,-10.9551],[-69.1636,-10.9652],[-69.1809,-10.9559],[-69.1857,-10.9484],[-69.1987,-10.9481],[-69.2149,-10.9569],[-69.2192,-10.9492],[-69.2319,-10.9399],[-69.2408,-10.9511],[-69.2564,-10.9469],[-69.2569,-10.9442],[-69.2506,-10.9433],[-69.2507,-10.9396],[-69.2705,-10.9419],[-69.274,-10.9456],[-69.271,-10.9531],[-69.2739,-10.9543],[-69.2829,-10.9434],[-69.2884,-10.9501],[-69.2977,-10.9468],[-69.3044,-10.948],[-69.3193,-10.9439],[-69.3238,-10.9364],[-69.3272,-10.949],[-69.3344,-10.9468],[-69.3364,-10.9408],[-69.3427,-10.9521],[-69.3465,-10.9472],[-69.3458,-10.9383],[-69.356,-10.9372],[-69.3568,-10.9444],[-69.3723,-10.9392],[-69.3742,-10.9536],[-69.3769,-10.9522],[-69.3785,-10.941],[-69.3853,-10.942],[-69.3876,-10.9338],[-69.3943,-10.9346],[-69.3917,-10.943],[-69.3947,-10.9438],[-69.4015,-10.9297],[-69.406,-10.9294],[-69.4129,-10.9385],[-69.4156,-10.9272],[-69.4214,-10.9268],[-69.39,-10.8263],[-69.3916,-10.8008],[-69.3927,-10.7321],[-69.4236,-10.7134],[-69.422,-10.6907],[-69.43,-10.7018],[-69.4399,-10.701],[-69.4657,-10.7103],[-69.4738,-10.7098],[-69.4772,-10.7011],[-69.4848,-10.7017],[-69.4925,-10.6972],[-69.4979,-10.7001],[-69.4979,-10.7492],[-69.4855,-10.783],[-69.4848,-10.7938],[-69.5005,-10.8218],[-69.5209,-10.8482],[-69.5521,-10.8732],[-69.5551,-10.8653],[-69.5622,-10.8635],[-69.5665,-10.8565],[-69.5758,-10.86],[-69.5811,-10.858],[-69.5862,-10.8634],[-69.5924,-10.8633],[-69.5989,-10.8582],[-69.6064,-10.8602],[-69.6121,-10.8557],[-69.6248,-10.8534],[-69.6346,-10.8453],[-69.6429,-10.8473],[-69.6418,-10.8507],[-69.6477,-10.8526],[-69.6568,-10.8627],[-69.664,-10.8589],[-69.6614,-10.8455],[-69.6669,-10.8408],[-69.6667,-10.8368],[-69.6747,-10.8361],[-69.6849,-10.8274],[-69.6923,-10.8308],[-69.716,-10.8242],[-69.7278,-10.8288],[-69.7316,-10.8218],[-69.7412,-10.8165],[-69.7438,-10.8085],[-69.7665,-10.7916],[-69.7779,-10.7819],[-69.7568,-10.7434],[-69.6705,-10.7313],[-69.6611,-10.7099],[-69.6521,-10.6897],[-69.5878,-10.6427],[-69.5502,-10.6144],[-69.5109,-10.5565],[-69.5079,-10.505],[-69.3418,-10.4853],[-69.3234,-10.4723],[-69.3134,-10.474],[-69.3079,-10.4705],[-69.2892,-10.4706],[-69.2691,-10.4586],[-69.2488,-10.4549],[-69.2464,-10.4364],[-69.226,-10.4236],[-69.2208,-10.4152],[-69.2132,-10.4183],[-69.2111,-10.415],[-69.1957,-10.4126],[-69.1938,-10.4065],[-69.1884,-10.4072],[-69.1825,-10.3988],[-69.1701,-10.4023],[-69.1516,-10.399],[-69.1494,-10.385],[-69.1316,-10.385],[-69.1288,-10.4017]]]}},{"type":"Feature","properties":{"nome":"Bujari","cod":"1200138","uf":"AC"},"geometry":{"type":"Polygon","coordinates":[[[-68.2198,-9.2422],[-67.9766,-9.3522],[-67.9745,-9.3532],[-67.9834,-9.3562],[-67.989,-9.3529],[-67.9983,-9.3585],[-68.008,-9.352],[-68.02,-9.3567],[-68.0229,-9.3542],[-68.0207,-9.3491],[-68.0325,-9.344],[-68.0327,-9.3496],[-68.0359,-9.3473],[-68.0377,-9.3498],[-68.0387,-9.3468],[-68.0423,-9.3512],[-68.0483,-9.3522],[-68.0497,-9.3602],[-68.0518,-9.3713],[-68.0618,-9.3896],[-68.0594,-9.4171],[-68.0385,-9.4347],[-68.0334,-9.4429],[-68.0271,-9.4445],[-68.0194,-9.4698],[-68.0222,-9.4805],[-68.0328,-9.4945],[-68.0457,-9.5007],[-68.0657,-9.5186],[-68.0746,-9.5219],[-68.0889,-9.5538],[-68.0131,-9.6056],[-67.9909,-9.6271],[-67.9811,-9.6366],[-67.9095,-9.7092],[-67.8802,-9.7176],[-67.873,-9.7309],[-67.8675,-9.7331],[-67.8338,-9.7499],[-67.8042,-9.7473],[-67.7965,-9.7616],[-67.8149,-9.7676],[-67.8274,-9.7816],[-67.8219,-9.7941],[-67.8313,-9.8073],[-67.8348,-9.8262],[-67.8254,-9.8484],[-67.8298,-9.8697],[-67.8442,-9.8596],[-67.853,-9.8581],[-67.8603,-9.845],[-67.8668,-9.8414],[-67.9015,-9.8424],[-67.9055,-9.8458],[-67.9188,-9.8463],[-67.9228,-9.8505],[-67.923,-9.8507],[-67.9263,-9.8536],[-67.9331,-9.8491],[-67.9489,-9.8536],[-67.9651,-9.8536],[-67.9755,-9.847],[-67.995,-9.8606],[-68.0393,-9.8835],[-68.0467,-9.8912],[-68.0545,-9.8882],[-68.0692,-9.8955],[-68.0744,-9.9035],[-68.0857,-9.9097],[-68.0885,-9.9206],[-68.1008,-9.9302],[-68.1231,-9.9385],[-68.1354,-9.9342],[-68.1506,-9.9531],[-68.152,-9.9599],[-68.1691,-9.9411],[-68.2697,-9.8302],[-68.2746,-9.8248],[-68.2912,-9.8079],[-68.2998,-9.794],[-68.3253,-9.7888],[-68.3319,-9.7832],[-68.3428,-9.7826],[-68.349,-9.7857],[-68.367,-9.7805],[-68.3798,-9.7821],[-68.392,-9.789],[-68.3923,-9.798],[-68.3962,-9.8043],[-68.4149,-9.8106],[-68.4239,-9.818],[-68.4279,-9.8263],[-68.4419,-9.8271],[-68.4284,-9.7194],[-68.4273,-9.7106],[-68.4313,-9.675],[-68.4338,-9.6662],[-68.4424,-9.6563],[-68.4411,-9.6388],[-68.4507,-9.6317],[-68.4549,-9.6237],[-68.4444,-9.609],[-68.4276,-9.5989],[-68.4291,-9.5857],[-68.4224,-9.5678],[-68.4248,-9.5586],[-68.4182,-9.5447],[-68.4112,-9.5409],[-68.4102,-9.5371],[-68.4143,-9.5334],[-68.411,-9.5207],[-68.4064,-9.5193],[-68.3961,-9.4997],[-68.3892,-9.4994],[-68.3861,-9.5024],[-68.382,-9.496],[-68.3681,-9.4971],[-68.3544,-9.4887],[-68.3526,-9.4826],[-68.343,-9.4738],[-68.3437,-9.4652],[-68.3385,-9.4664],[-68.3362,-9.4593],[-68.3317,-9.4571],[-68.3353,-9.4496],[-68.3301,-9.4398],[-68.4007,-9.3239],[-68.3657,-9.2978],[-68.3528,-9.2958],[-68.3443,-9.2896],[-68.3158,-9.2924],[-68.2945,-9.2837],[-68.2879,-9.2846],[-68.2761,-9.2765],[-68.2695,-9.2648],[-68.2516,-9.2644],[-68.2417,-9.2522],[-68.2271,-9.2481],[-68.2198,-9.2422]]]}},{"type":"Feature","properties":{"nome":"Capixaba","cod":"1200179","uf":"AC"},"geometry":{"type":"Polygon","coordinates":[[[-67.7732,-10.2419],[-67.7701,-10.2494],[-67.7649,-10.2514],[-67.7631,-10.2617],[-67.7559,-10.2707],[-67.7445,-10.2743],[-67.7162,-10.2916],[-67.6953,-10.3245],[-67.6949,-10.3411],[-67.6888,-10.3538],[-67.6839,-10.3564],[-67.6374,-10.3634],[-67.6461,-10.3896],[-67.658,-10.398],[-67.6674,-10.391],[-67.6797,-10.3906],[-67.6872,-10.4117],[-67.6956,-10.4165],[-67.7058,-10.4335],[-67.6961,-10.4395],[-67.6963,-10.4529],[-67.6875,-10.4528],[-67.6803,-10.4625],[-67.6634,-10.4728],[-67.6587,-10.4803],[-67.6245,-10.4796],[-67.613,-10.4903],[-67.6058,-10.5039],[-67.5967,-10.5096],[-67.5875,-10.5099],[-67.6069,-10.545],[-67.612,-10.5636],[-67.6336,-10.5791],[-67.6403,-10.5981],[-67.6601,-10.6163],[-67.6763,-10.6048],[-67.7048,-10.698],[-67.7071,-10.7104],[-67.7138,-10.7077],[-67.7209,-10.7118],[-67.7258,-10.7068],[-67.7287,-10.7133],[-67.7328,-10.7134],[-67.7438,-10.7077],[-67.7441,-10.6965],[-67.7529,-10.6959],[-67.7615,-10.6846],[-67.7684,-10.688],[-67.7755,-10.6841],[-67.776,-10.6802],[-67.7868,-10.6777],[-67.7873,-10.6747],[-67.7916,-10.6777],[-67.7982,-10.67],[-67.8035,-10.6685],[-67.8078,-10.6675],[-67.8102,-10.6609],[-67.8149,-10.6653],[-67.818,-10.6637],[-67.8232,-10.6521],[-67.8252,-10.6538],[-67.8365,-10.6495],[-67.842,-10.6526],[-67.8518,-10.6476],[-67.8546,-10.65],[-67.8581,-10.6458],[-67.8639,-10.6407],[-67.8765,-10.6443],[-67.8758,-10.6396],[-67.8788,-10.6394],[-67.8916,-10.6405],[-67.8897,-10.6439],[-67.8949,-10.6473],[-67.8986,-10.6431],[-67.9081,-10.6414],[-67.9169,-10.6523],[-67.9229,-10.6506],[-67.9289,-10.656],[-67.9413,-10.656],[-67.9466,-10.6504],[-67.9465,-10.6525],[-67.9609,-10.65],[-67.9761,-10.6626],[-68.0019,-10.648],[-68.0029,-10.641],[-68.0088,-10.6336],[-68.0096,-10.6121],[-68.0162,-10.6022],[-68.008,-10.6003],[-67.9835,-10.593],[-68.0174,-10.565],[-68.018,-10.5507],[-68.0309,-10.5361],[-68.0332,-10.5248],[-68.0299,-10.5152],[-68.0368,-10.4893],[-68.042,-10.4838],[-68.043,-10.4731],[-68.043,-10.4726],[-68.0639,-10.425],[-68.0538,-10.4208],[-68.0557,-10.4116],[-68.0475,-10.4045],[-68.0458,-10.3937],[-68.0407,-10.3889],[-68.0308,-10.3789],[-68.0262,-10.3785],[-68.0246,-10.3724],[-68.0348,-10.3641],[-68.0382,-10.3511],[-68.0278,-10.344],[-68.0288,-10.3406],[-68.0146,-10.3349],[-68.0088,-10.3231],[-67.9985,-10.3157],[-67.9821,-10.3172],[-67.9713,-10.315],[-67.9691,-10.3119],[-67.96,-10.3142],[-67.9544,-10.3071],[-67.9508,-10.3073],[-67.9528,-10.3027],[-67.9484,-10.3003],[-67.9463,-10.2875],[-67.8561,-10.2875],[-67.8472,-10.2875],[-67.8425,-10.283],[-67.8439,-10.2797],[-67.8559,-10.2844],[-67.8464,-10.2705],[-67.8423,-10.2693],[-67.833,-10.2744],[-67.8178,-10.2666],[-67.8191,-10.262],[-67.8298,-10.2585],[-67.8326,-10.2481],[-67.8299,-10.2434],[-67.8237,-10.2442],[-67.8209,-10.2372],[-67.8151,-10.2335],[-67.8173,-10.2254],[-67.8122,-10.2247],[-67.8173,-10.2156],[-67.826,-10.2135],[-67.8271,-10.2102],[-67.8236,-10.2068],[-67.8041,-10.2036],[-67.8041,-10.1983],[-67.8014,-10.1987],[-67.7999,-10.2085],[-67.7843,-10.213],[-67.7838,-10.231],[-67.779,-10.2404],[-67.7732,-10.2419]]]}},{"type":"Feature","properties":{"nome":"Cruzeiro do Sul","cod":"1200203","uf":"AC"},"geometry":{"type":"Polygon","coordinates":[[[-71.9892,-7.6726],[-71.989,-7.6777],[-71.9837,-7.6777],[-71.9785,-7.6824],[-71.9839,-7.684],[-71.9853,-7.6978],[-71.9894,-7.6956],[-71.9898,-7.7022],[-71.996,-7.7058],[-71.9979,-7.7118],[-72.0041,-7.7142],[-72.0,-7.7161],[-72.0013,-7.7205],[-71.9918,-7.7309],[-71.9952,-7.7358],[-71.9931,-7.7467],[-71.9985,-7.7495],[-71.9958,-7.7587],[-72.007,-7.7673],[-72.012,-7.7804],[-72.0173,-7.7786],[-72.0209,-7.7831],[-72.018,-7.7849],[-72.0243,-7.7931],[-72.0174,-7.7976],[-72.0236,-7.7974],[-72.0243,-7.8039],[-72.027,-7.7995],[-72.0312,-7.8003],[-72.0281,-7.8051],[-72.0314,-7.8049],[-72.0292,-7.8124],[-72.0351,-7.8126],[-72.0351,-7.8203],[-72.0452,-7.8226],[-72.0517,-7.8311],[-72.0474,-7.8331],[-72.0588,-7.8493],[-72.0687,-7.8501],[-72.0899,-7.8619],[-72.0975,-7.8772],[-72.1067,-7.8825],[-72.1331,-7.9175],[-72.1513,-7.9235],[-72.1609,-7.9379],[-72.1792,-7.9382],[-72.1847,-7.9413],[-72.1977,-7.9487],[-72.2063,-7.9617],[-72.214,-7.9654],[-72.2185,-7.9736],[-72.2239,-8.015],[-72.2322,-8.0218],[-72.2349,-8.0315],[-72.2333,-8.0515],[-72.2374,-8.0679],[-72.2481,-8.0735],[-72.2583,-8.0851],[-72.2645,-8.2223],[-72.2781,-8.2229],[-72.2874,-8.2103],[-72.3019,-8.2077],[-72.3221,-8.2305],[-72.33,-8.2297],[-72.3334,-8.2344],[-72.3577,-8.2403],[-72.3635,-8.248],[-72.3802,-8.2421],[-72.3966,-8.2551],[-72.4076,-8.2576],[-72.4219,-8.2483],[-72.4291,-8.2466],[-72.4325,-8.2498],[-72.4565,-8.2299],[-72.4631,-8.2308],[-72.4693,-8.2363],[-72.5028,-8.2321],[-72.5159,-8.2227],[-72.5187,-8.2154],[-72.5254,-8.2168],[-72.5266,-8.2125],[-72.5332,-8.2095],[-72.5342,-8.214],[-72.5371,-8.2136],[-72.536,-8.2078],[-72.5456,-8.2009],[-72.5417,-8.1975],[-72.5556,-8.1868],[-72.5701,-8.1875],[-72.634,-8.1852],[-72.6752,-8.2243],[-72.6797,-8.2255],[-72.6874,-8.2238],[-72.692,-8.2161],[-72.7018,-8.2095],[-72.7093,-8.2122],[-72.7123,-8.2087],[-72.7192,-8.2099],[-72.7293,-8.201],[-72.7389,-8.2023],[-72.7488,-8.2084],[-72.7492,-8.2125],[-72.7543,-8.2106],[-72.7523,-8.2027],[-72.7596,-8.1962],[-72.7941,-8.2002],[-72.7959,-8.1819],[-72.7933,-8.1785],[-72.7963,-8.1746],[-72.7931,-8.1629],[-72.8074,-8.1606],[-72.804,-8.1372],[-72.8083,-8.1223],[-72.8254,-8.1297],[-72.8257,-8.1327],[-72.8278,-8.1303],[-72.8316,-8.1322],[-72.8314,-8.1357],[-72.8465,-8.1462],[-72.8567,-8.1462],[-72.8575,-8.1565],[-72.855,-8.1592],[-72.8612,-8.1572],[-72.8612,-8.1544],[-72.8657,-8.1557],[-72.8642,-8.1607],[-72.8684,-8.1618],[-72.8665,-8.1642],[-72.8777,-8.1712],[-72.893,-8.1841],[-72.908,-8.1876],[-72.9207,-8.1979],[-72.9218,-8.1955],[-72.9278,-8.1985],[-72.9254,-8.2025],[-72.9369,-8.198],[-72.9438,-8.2006],[-72.9437,-8.2097],[-72.9486,-8.212],[-72.9584,-8.2097],[-72.9644,-8.2162],[-72.9672,-8.2131],[-72.9712,-8.2184],[-72.9741,-8.2146],[-72.977,-8.2196],[-72.9808,-8.2172],[-72.9841,-8.2216],[-72.9927,-8.2201],[-72.9993,-8.2225],[-73.0006,-8.2271],[-72.9996,-8.2408],[-73.0101,-8.243],[-73.0107,-8.2536],[-73.0223,-8.2626],[-73.0383,-8.2834],[-73.0672,-8.2888],[-73.0857,-8.3001],[-73.1005,-8.3408],[-73.1321,-8.3511],[-73.1763,-8.377],[-73.2001,-8.3773],[-73.2198,-8.3959],[-73.2404,-8.4031],[-73.3307,-8.4742],[-73.3359,-8.4675],[-73.3477,-8.471],[-73.3656,-8.4638],[-73.3751,-8.4672],[-73.3773,-8.4628],[-73.3823,-8.4686],[-73.3896,-8.4688],[-73.4022,-8.4478],[-73.4072,-8.4196],[-73.4129,-8.411],[-73.4221,-8.4074],[-73.4293,-8.4101],[-73.443,-8.4077],[-73.4585,-8.3985],[-73.4825,-8.3921],[-73.4866,-8.3862],[-73.4864,-8.3785],[-73.5047,-8.3791],[-73.5167,-8.37],[-73.5374,-8.3459],[-73.5302,-8.3125],[-73.5406,-8.2954],[-73.5369,-8.2703],[-73.5509,-8.2508],[-73.5586,-8.2456],[-73.5607,-8.2357],[-73.5721,-8.2302],[-73.5781,-8.2145],[-73.5799,-8.2093],[-73.5943,-8.2058],[-73.587,-8.1868],[-73.5858,-8.1731],[-73.5918,-8.1427],[-73.5834,-8.1277],[-73.5944,-8.0978],[-73.6076,-8.0869],[-73.6164,-8.0697],[-73.6316,-8.0615],[-73.6296,-8.0509],[-73.4241,-8.0326],[-73.3975,-8.0285],[-73.3985,-8.0228],[-73.3898,-8.0099],[-73.3874,-7.9977],[-73.3742,-7.9871],[-73.3684,-7.9889],[-73.3583,-7.9837],[-73.3425,-7.9819],[-73.3309,-7.9876],[-73.3276,-7.9843],[-73.3208,-7.9922],[-73.2922,-7.9789],[-73.2648,-7.9501],[-73.2576,-7.9493],[-73.249,-7.9353],[-73.2377,-7.9385],[-73.2327,-7.9271],[-73.2122,-7.9091],[-73.2036,-7.9101],[-73.1996,-7.9017],[-73.184,-7.9025],[-73.1692,-7.8934],[-73.1638,-7.8978],[-73.1535,-7.8995],[-73.1342,-7.8958],[-73.1307,-7.8986],[-73.1072,-7.8864],[-73.1041,-7.8883],[-73.0921,-7.8835],[-73.1052,-7.8976],[-73.1059,-7.9062],[-73.1161,-7.9227],[-73.1151,-7.9314],[-73.0967,-7.9413],[-73.0886,-7.9339],[-73.0745,-7.9439],[-73.0528,-7.9411],[-73.0439,-7.9342],[-73.0325,-7.9306],[-72.9965,-7.9377],[-72.9932,-7.9413],[-72.9674,-7.9333],[-72.9629,-7.9443],[-72.9481,-7.9434],[-72.927,-7.9297],[-72.9231,-7.9226],[-72.8939,-7.9265],[-72.8781,-7.9161],[-72.8754,-7.9182],[-72.8654,-7.9153],[-72.853,-7.908],[-72.8496,-7.9106],[-72.8396,-7.908],[-72.8369,-7.9121],[-72.8326,-7.9114],[-72.8211,-7.9008],[-72.81,-7.901],[-72.806,-7.8981],[-72.8037,-7.9025],[-72.803,-7.9057],[-72.7972,-7.9043],[-72.7954,-7.8971],[-72.7818,-7.8955],[-72.7779,-7.8824],[-72.7685,-7.876],[-72.7649,-7.88],[-72.7603,-7.8797],[-72.7561,-7.8705],[-72.7491,-7.8682],[-72.746,-7.871],[-72.749,-7.8812],[-72.7428,-7.8825],[-72.7413,-7.8697],[-72.7278,-7.8697],[-72.7259,-7.8621],[-72.7351,-7.8589],[-72.7257,-7.851],[-72.721,-7.8517],[-72.7147,-7.8627],[-72.7098,-7.8643],[-72.7025,-7.8553],[-72.7173,-7.8553],[-72.7167,-7.8443],[-72.7008,-7.8434],[-72.6929,-7.8488],[-72.6912,-7.8431],[-72.6853,-7.8393],[-72.6886,-7.8338],[-72.6795,-7.8253],[-72.6614,-7.8332],[-72.6588,-7.8256],[-72.6456,-7.823],[-72.6413,-7.8158],[-72.6161,-7.8133],[-72.6164,-7.8077],[-72.6252,-7.7989],[-72.6281,-7.8087],[-72.6327,-7.8112],[-72.6388,-7.7896],[-72.6458,-7.7856],[-72.6367,-7.7847],[-72.6208,-7.7764],[-72.6129,-7.7831],[-72.6086,-7.7803],[-72.6124,-7.7714],[-72.6417,-7.7722],[-72.6253,-7.7623],[-72.625,-7.7562],[-72.6448,-7.7343],[-72.6445,-7.7253],[-72.6444,-7.7232],[-72.6405,-7.6921],[-72.644,-7.676],[-72.6505,-7.678],[-72.6529,-7.6937],[-72.7237,-7.7214],[-72.7307,-7.7241],[-72.7337,-7.7222],[-72.7477,-7.7132],[-72.7802,-7.6926],[-72.8059,-7.687],[-72.8068,-7.6868],[-72.807,-7.6868],[-72.8601,-7.6754],[-72.8536,-7.6593],[-72.8472,-7.6564],[-72.8419,-7.661],[-72.8113,-7.661],[-72.8058,-7.664],[-72.7917,-7.6588],[-72.7829,-7.6606],[-72.8408,-7.6085],[-72.8438,-7.6053],[-72.8399,-7.6047],[-72.8406,-7.602],[-72.8475,-7.5993],[-72.8463,-7.5966],[-72.8506,-7.5939],[-72.8619,-7.5796],[-72.859,-7.5775],[-72.8647,-7.5741],[-72.8654,-7.5663],[-72.8715,-7.5589],[-72.8705,-7.5522],[-72.8771,-7.5268],[-72.8881,-7.4847],[-72.9006,-7.4369],[-72.6001,-7.5459],[-72.5924,-7.5486],[-72.588,-7.5503],[-72.5842,-7.5516],[-72.3643,-7.5774],[-72.169,-7.6002],[-72.0771,-7.611],[-71.9574,-7.6249],[-71.9616,-7.6307],[-71.9547,-7.6331],[-71.9601,-7.6415],[-71.9745,-7.653],[-71.9741,-7.6576],[-71.9855,-7.6698],[-71.9892,-7.6726]]]}},{"type":"Feature","properties":{"nome":"Epitaciolândia","cod":"1200252","uf":"AC"},"geometry":{"type":"Polygon","coordinates":[[[-68.6475,-10.614],[-68.6428,-10.6187],[-68.6406,-10.6167],[-68.6366,-10.619],[-68.6375,-10.6234],[-68.6418,-10.6263],[-68.6436,-10.6543],[-68.6073,-10.6583],[-68.5521,-10.7168],[-68.5425,-10.7206],[-68.535,-10.7178],[-68.5318,-10.7206],[-68.5308,-10.7271],[-68.5424,-10.7274],[-68.5438,-10.7298],[-68.5439,-10.7363],[-68.532,-10.745],[-68.5329,-10.7517],[-68.5381,-10.7498],[-68.54,-10.753],[-68.5414,-10.7666],[-68.5478,-10.7566],[-68.5534,-10.7566],[-68.5606,-10.7659],[-68.56,-10.773],[-68.5576,-10.7782],[-68.5504,-10.7822],[-68.5435,-10.7918],[-68.5342,-10.7926],[-68.5206,-10.8039],[-68.5063,-10.8077],[-68.5029,-10.8157],[-68.4789,-10.8336],[-68.4774,-10.8345],[-68.4585,-10.8152],[-68.4381,-10.8245],[-68.4271,-10.8247],[-68.4262,-10.8392],[-68.4079,-10.8562],[-68.403,-10.8569],[-68.406,-10.8648],[-68.4031,-10.8732],[-68.4067,-10.874],[-68.4081,-10.879],[-68.4087,-10.8813],[-68.4013,-10.8861],[-68.4019,-10.8941],[-68.4105,-10.9065],[-68.4142,-10.9052],[-68.4211,-10.9099],[-68.4214,-10.913],[-68.4132,-10.9184],[-68.4217,-10.921],[-68.4191,-10.9267],[-68.423,-10.9337],[-68.4141,-10.9344],[-68.4185,-10.9373],[-68.4052,-10.9572],[-68.4036,-10.9828],[-68.4057,-10.9879],[-68.4108,-10.9887],[-68.4001,-11.0011],[-68.4026,-11.0147],[-68.3987,-11.0358],[-68.3885,-11.0405],[-68.3957,-11.0506],[-68.405,-11.0535],[-68.4156,-11.0397],[-68.4227,-11.0415],[-68.4317,-11.0314],[-68.4448,-11.0459],[-68.4874,-11.0506],[-68.504,-11.0631],[-68.5068,-11.0724],[-68.5189,-11.088],[-68.5387,-11.0958],[-68.5419,-11.0993],[-68.5426,-11.11],[-68.6117,-11.1237],[-68.7158,-11.1448],[-68.7109,-11.1294],[-68.7222,-11.1142],[-68.7209,-11.1036],[-68.7345,-11.0933],[-68.7413,-11.0969],[-68.7455,-11.0952],[-68.7511,-11.0857],[-68.7573,-11.0838],[-68.7558,-11.0763],[-68.7651,-11.0662],[-68.7594,-11.0561],[-68.7662,-11.0491],[-68.7592,-11.0391],[-68.751,-11.0369],[-68.7505,-11.0267],[-68.7496,-11.0202],[-68.7428,-11.0164],[-68.7368,-11.0118],[-68.7393,-11.008],[-68.7391,-11.0006],[-68.7428,-10.9964],[-68.7406,-10.9911],[-68.7372,-10.9922],[-68.734,-10.9867],[-68.7331,-10.9936],[-68.7267,-11.0019],[-68.7233,-10.9926],[-68.7168,-10.9905],[-68.7266,-10.9819],[-68.7235,-10.9757],[-68.7254,-10.9723],[-68.7163,-10.9774],[-68.6871,-10.9679],[-68.6839,-10.9553],[-68.687,-10.9371],[-68.7038,-10.9212],[-68.7145,-10.9178],[-68.7226,-10.9076],[-68.73,-10.9056],[-68.7345,-10.8967],[-68.7719,-10.8771],[-68.7756,-10.8747],[-68.7844,-10.8688],[-68.7864,-10.8332],[-68.8,-10.8075],[-68.805,-10.8042],[-68.8048,-10.7951],[-68.8121,-10.7886],[-68.8111,-10.7827],[-68.8351,-10.7396],[-68.8229,-10.7229],[-68.8061,-10.7156],[-68.8046,-10.7087],[-68.8082,-10.707],[-68.8086,-10.6974],[-68.8139,-10.691],[-68.8126,-10.6871],[-68.8053,-10.6845],[-68.802,-10.6774],[-68.8077,-10.6766],[-68.8076,-10.6713],[-68.7917,-10.6689],[-68.784,-10.6631],[-68.7726,-10.6681],[-68.7675,-10.6662],[-68.7609,-10.6744],[-68.7532,-10.6695],[-68.7497,-10.6584],[-68.7378,-10.6556],[-68.7375,-10.6524],[-68.7316,-10.6449],[-68.7309,-10.6476],[-68.7218,-10.6489],[-68.7156,-10.6437],[-68.7116,-10.6465],[-68.7102,-10.6366],[-68.697,-10.631],[-68.6833,-10.6304],[-68.6718,-10.6188],[-68.6711,-10.6224],[-68.6685,-10.6196],[-68.6644,-10.6225],[-68.6559,-10.6189],[-68.6537,-10.6208],[-68.6475,-10.614]]]}},{"type":"Feature","properties":{"nome":"Feijó","cod":"1200302","uf":"AC"},"geometry":{"type":"Polygon","coordinates":[[[-69.9889,-7.9006],[-69.8012,-8.0607],[-69.8011,-8.0608],[-69.5864,-8.2441],[-69.4438,-8.366],[-69.449,-8.388],[-69.4565,-8.3982],[-69.4774,-8.4105],[-69.4802,-8.4224],[-69.4949,-8.4311],[-69.4985,-8.4437],[-69.5095,-8.4578],[-69.5148,-8.4941],[-69.5282,-8.5238],[-69.5337,-8.5281],[-69.5418,-8.5462],[-69.5515,-8.5584],[-69.5519,-8.5803],[-69.559,-8.5926],[-69.5583,-8.5982],[-69.5682,-8.6117],[-69.5746,-8.6363],[-69.5828,-8.6436],[-69.6085,-8.6447],[-69.6199,-8.6502],[-69.6326,-8.6646],[-69.6327,-8.6647],[-69.6399,-8.6727],[-69.6613,-8.6806],[-69.6802,-8.7069],[-69.7312,-8.7667],[-69.7578,-8.7819],[-69.7951,-8.8402],[-69.8339,-8.9341],[-69.8469,-8.948],[-69.8651,-8.9575],[-70.0901,-8.9736],[-70.1935,-8.9675],[-70.319,-8.9636],[-70.3651,-8.9824],[-70.3947,-9.0241],[-70.4394,-9.0882],[-70.5404,-9.1597],[-70.5602,-9.1916],[-70.6071,-9.2667],[-70.6765,-9.373],[-70.7021,-9.3808],[-70.7349,-9.4156],[-70.7908,-9.4489],[-70.8491,-9.4557],[-70.8625,-9.4572],[-70.9038,-9.494],[-70.9507,-9.5357],[-70.9779,-9.5983],[-71.0452,-9.6423],[-71.0754,-9.6947],[-71.0999,-9.7491],[-71.0774,-9.828],[-71.1037,-9.8517],[-71.1447,-9.8629],[-71.1635,-9.8757],[-71.1667,-9.8844],[-71.1722,-9.8885],[-71.1819,-9.9179],[-71.19,-9.9239],[-71.1944,-9.9386],[-71.2062,-9.9476],[-71.2113,-9.9668],[-71.2279,-9.9697],[-71.2471,-9.9624],[-71.2536,-9.9639],[-71.2596,-9.9785],[-71.2716,-9.9787],[-71.3084,-9.9924],[-71.3182,-9.9916],[-71.3394,-9.9724],[-71.3489,-9.9735],[-71.3534,-9.977],[-71.3551,-9.9884],[-71.3579,-9.9899],[-71.3645,-9.9854],[-71.3756,-10.0008],[-71.6572,-10.0006],[-72.1989,-10.0002],[-72.1981,-9.9881],[-72.1799,-9.9797],[-72.1703,-9.9663],[-72.176,-9.953],[-72.175,-9.9433],[-72.1899,-9.9372],[-72.1918,-9.9288],[-72.1854,-9.9162],[-72.1724,-9.9075],[-72.1651,-9.8924],[-72.1544,-9.8844],[-72.1547,-9.8801],[-72.1713,-9.8615],[-72.1707,-9.8393],[-72.173,-9.8354],[-72.1796,-9.8338],[-72.1807,-9.8292],[-72.1779,-9.8219],[-72.162,-9.8063],[-72.1489,-9.7994],[-72.1532,-9.7969],[-72.1106,-9.7629],[-72.0898,-9.7575],[-72.0349,-9.7431],[-72.0386,-9.7667],[-72.0365,-9.7658],[-72.0084,-9.7539],[-71.9916,-9.7167],[-71.9527,-9.7139],[-71.9292,-9.7223],[-71.9201,-9.6856],[-71.8843,-9.6673],[-71.8848,-9.653],[-71.8697,-9.6367],[-71.8357,-9.6223],[-71.8386,-9.6007],[-71.8349,-9.5936],[-71.8266,-9.5919],[-71.8208,-9.579],[-71.8077,-9.5664],[-71.8088,-9.5584],[-71.811,-9.5539],[-71.8057,-9.5389],[-71.8094,-9.5306],[-71.8004,-9.5283],[-71.7943,-9.5222],[-71.8021,-9.505],[-71.7928,-9.4967],[-71.7922,-9.4864],[-71.788,-9.483],[-71.7789,-9.4834],[-71.7756,-9.4795],[-71.759,-9.4709],[-71.7506,-9.4599],[-71.7508,-9.4526],[-71.7469,-9.4469],[-71.7366,-9.4495],[-71.7376,-9.4434],[-71.7311,-9.4412],[-71.7297,-9.4286],[-71.7237,-9.4264],[-71.7264,-9.4122],[-71.7224,-9.4005],[-71.7236,-9.3855],[-71.7329,-9.3683],[-71.7294,-9.3668],[-71.7264,-9.3581],[-71.7309,-9.3552],[-71.7243,-9.3445],[-71.7178,-9.3439],[-71.7153,-9.3295],[-71.7189,-9.3265],[-71.7153,-9.321],[-71.7181,-9.32],[-71.7139,-9.3164],[-71.7153,-9.313],[-71.7115,-9.3085],[-71.7038,-9.307],[-71.7049,-9.3031],[-71.6988,-9.2993],[-71.6944,-9.2801],[-71.7027,-9.2739],[-71.6978,-9.2701],[-71.6996,-9.267],[-71.6922,-9.2679],[-71.684,-9.2595],[-71.678,-9.2608],[-71.681,-9.2566],[-71.6732,-9.2579],[-71.6696,-9.251],[-71.6574,-9.2461],[-71.6584,-9.2391],[-71.6556,-9.2366],[-71.6491,-9.2396],[-71.6452,-9.2182],[-71.6413,-9.2177],[-71.639,-9.2104],[-71.6443,-9.206],[-71.6386,-9.2055],[-71.6375,-9.199],[-71.6333,-9.2021],[-71.6297,-9.2052],[-71.6305,-9.1965],[-71.615,-9.1879],[-71.6246,-9.1816],[-71.6181,-9.1653],[-71.6206,-9.1589],[-71.6185,-9.154],[-71.623,-9.153],[-71.6267,-9.1444],[-71.6112,-9.129],[-71.6051,-9.1282],[-71.6153,-9.1178],[-71.6058,-9.1136],[-71.6033,-9.099],[-71.6101,-9.0949],[-71.6086,-9.0916],[-71.605,-9.0943],[-71.6039,-9.0915],[-71.612,-9.0876],[-71.6051,-9.0872],[-71.6104,-9.0804],[-71.6031,-9.0726],[-71.597,-9.0729],[-71.5912,-9.0633],[-71.5967,-9.0623],[-71.5945,-9.0596],[-71.598,-9.0572],[-71.5968,-9.0533],[-71.6019,-9.0435],[-71.5956,-9.03],[-71.5983,-9.0238],[-71.5923,-9.0223],[-71.5943,-9.0136],[-71.5859,-9.0071],[-71.5861,-8.9985],[-71.5814,-8.9937],[-71.5852,-8.9866],[-71.5783,-8.9841],[-71.5749,-8.9781],[-71.5694,-8.9799],[-71.5675,-8.968],[-71.5739,-8.9615],[-71.5638,-8.947],[-71.5569,-8.9461],[-71.5549,-8.9427],[-71.549,-8.9445],[-71.5476,-8.9341],[-71.5442,-8.9379],[-71.5433,-8.9319],[-71.5403,-8.938],[-71.5376,-8.9374],[-71.5337,-8.9286],[-71.5363,-8.9248],[-71.5278,-8.9145],[-71.5275,-8.9092],[-71.5189,-8.9085],[-71.5147,-8.9028],[-71.5085,-8.906],[-71.5056,-8.9001],[-71.5008,-8.904],[-71.5002,-8.8969],[-71.4953,-8.8906],[-71.4852,-8.894],[-71.4819,-8.883],[-71.4764,-8.8767],[-71.4706,-8.8757],[-71.4684,-8.8689],[-71.4588,-8.8673],[-71.4546,-8.8747],[-71.4502,-8.8717],[-71.447,-8.8745],[-71.44,-8.8692],[-71.4325,-8.8775],[-71.4296,-8.874],[-71.4215,-8.8859],[-71.4169,-8.8773],[-71.4114,-8.8806],[-71.4063,-8.8769],[-71.395,-8.8771],[-71.3893,-8.8886],[-71.3798,-8.8843],[-71.3827,-8.8946],[-71.3724,-8.8913],[-71.3726,-8.8954],[-71.3622,-8.8856],[-71.364,-8.8802],[-71.358,-8.8807],[-71.3555,-8.8749],[-71.3489,-8.8783],[-71.3427,-8.8671],[-71.338,-8.8677],[-71.3365,-8.8727],[-71.3294,-8.8723],[-71.3332,-8.8645],[-71.3223,-8.8628],[-71.3245,-8.8682],[-71.3164,-8.8641],[-71.315,-8.8535],[-71.3095,-8.8632],[-71.2999,-8.8545],[-71.2995,-8.8486],[-71.294,-8.8488],[-71.2941,-8.8419],[-71.2898,-8.8403],[-71.2889,-8.8455],[-71.2816,-8.8412],[-71.2749,-8.851],[-71.2717,-8.8439],[-71.2641,-8.8385],[-71.2697,-8.8506],[-71.262,-8.8481],[-71.2589,-8.8513],[-71.2536,-8.8448],[-71.2423,-8.8546],[-71.237,-8.8495],[-71.2395,-8.8422],[-71.2353,-8.8338],[-71.2259,-8.8387],[-71.2241,-8.8212],[-71.2195,-8.8249],[-71.2146,-8.815],[-71.2008,-8.8107],[-71.1958,-8.8053],[-71.1865,-8.8142],[-71.1845,-8.8006],[-71.1764,-8.7883],[-71.1717,-8.7883],[-71.161,-8.797],[-71.1536,-8.7915],[-71.1485,-8.7928],[-71.1473,-8.7837],[-71.1384,-8.7784],[-71.1282,-8.7829],[-71.1316,-8.7772],[-71.1225,-8.764],[-71.1208,-8.7714],[-71.1176,-8.7725],[-71.11,-8.7652],[-71.1035,-8.7651],[-71.1029,-8.7754],[-71.095,-8.7627],[-71.0897,-8.7611],[-71.0819,-8.7655],[-71.0808,-8.7768],[-71.0783,-8.7778],[-71.079,-8.7708],[-71.0744,-8.7658],[-71.0826,-8.7577],[-71.0815,-8.7548],[-71.0776,-8.7523],[-71.0747,-8.7567],[-71.0648,-8.7527],[-71.0607,-8.7566],[-71.056,-8.7559],[-71.0539,-8.752],[-71.0596,-8.747],[-71.0585,-8.7405],[-71.0518,-8.7392],[-71.049,-8.7352],[-71.0429,-8.7354],[-71.0396,-8.7276],[-71.0313,-8.7323],[-71.0259,-8.7173],[-71.0145,-8.7259],[-71.0173,-8.7154],[-71.0071,-8.7144],[-71.0095,-8.6943],[-71.0145,-8.6857],[-71.0113,-8.6845],[-71.0045,-8.6908],[-71.0005,-8.6849],[-70.9953,-8.6834],[-70.9949,-8.679],[-70.9897,-8.6774],[-70.9898,-8.6718],[-70.9787,-8.6683],[-70.9804,-8.6534],[-70.9727,-8.6474],[-70.9685,-8.6482],[-70.968,-8.6435],[-70.9634,-8.6522],[-70.9602,-8.6442],[-70.9615,-8.6348],[-70.9499,-8.6239],[-70.9422,-8.6274],[-70.9448,-8.6215],[-70.9422,-8.6149],[-70.9335,-8.6132],[-70.9307,-8.6044],[-70.9214,-8.5997],[-70.8992,-8.6257],[-70.8924,-8.639],[-70.8723,-8.6412],[-70.8685,-8.6581],[-70.8576,-8.6695],[-70.8365,-8.6462],[-70.784,-8.64],[-70.7678,-8.6108],[-70.7423,-8.6091],[-70.7269,-8.5697],[-70.6884,-8.5232],[-70.7025,-8.4771],[-70.653,-8.4664],[-70.6695,-8.4459],[-70.6761,-8.4379],[-70.6801,-8.3827],[-70.6334,-8.3471],[-70.6249,-8.3407],[-70.6335,-8.311],[-70.6192,-8.2871],[-70.582,-8.2293],[-70.5681,-8.2227],[-70.5635,-8.2148],[-70.5634,-8.2111],[-70.573,-8.2055],[-70.5787,-8.1966],[-70.5744,-8.1891],[-70.5648,-8.1713],[-70.5548,-8.1615],[-70.5757,-8.1163],[-70.5769,-8.0626],[-70.5675,-8.043],[-70.5723,-8.0348],[-70.5734,-8.0224],[-70.5826,-8.0083],[-70.5862,-8.0078],[-70.5858,-7.9967],[-70.5915,-7.9921],[-70.6041,-7.9948],[-70.6179,-7.9921],[-70.6244,-7.9829],[-70.6304,-7.9836],[-70.6356,-7.9758],[-70.6323,-7.9737],[-70.6325,-7.9646],[-70.6447,-7.9516],[-70.6426,-7.9478],[-70.646,-7.9485],[-70.6424,-7.9441],[-70.6374,-7.9444],[-70.6337,-7.9431],[-70.6328,-7.9373],[-70.6392,-7.9306],[-70.6311,-7.9267],[-70.6389,-7.9231],[-70.6454,-7.911],[-70.6402,-7.909],[-70.6343,-7.9192],[-70.6318,-7.9151],[-70.6196,-7.9117],[-70.617,-7.9059],[-70.6203,-7.8935],[-70.6003,-7.8937],[-70.6077,-7.8746],[-70.6032,-7.8722],[-70.5833,-7.8727],[-70.5798,-7.8559],[-70.5702,-7.853],[-70.5775,-7.8415],[-70.5683,-7.8329],[-70.5457,-7.8211],[-70.5467,-7.8087],[-70.5362,-7.8022],[-70.5186,-7.7984],[-70.5153,-7.7919],[-70.3327,-7.8129],[-70.2354,-7.8241],[-70.0518,-7.847],[-70.0509,-7.8478],[-69.9889,-7.9006]]]}},{"type":"Feature","properties":{"nome":"Jordão","cod":"1200328","uf":"AC"},"geometry":{"type":"Polygon","coordinates":[[[-71.5588,-8.6564],[-71.5571,-8.6689],[-71.5593,-8.6796],[-71.5543,-8.6922],[-71.554,-8.7031],[-71.5453,-8.7088],[-71.5418,-8.7376],[-71.5553,-8.7418],[-71.5666,-8.754],[-71.5738,-8.7573],[-71.5809,-8.7721],[-71.5807,-8.7785],[-71.5909,-8.7875],[-71.5973,-8.8043],[-71.6142,-8.8186],[-71.6185,-8.8253],[-71.62,-8.839],[-71.6158,-8.8581],[-71.5528,-8.8508],[-71.5381,-8.8597],[-71.5255,-8.8729],[-71.5009,-8.8698],[-71.489,-8.8811],[-71.4819,-8.883],[-71.4852,-8.894],[-71.4953,-8.8906],[-71.5002,-8.8969],[-71.5008,-8.904],[-71.5056,-8.9001],[-71.5085,-8.906],[-71.5147,-8.9028],[-71.5189,-8.9085],[-71.5275,-8.9092],[-71.5278,-8.9145],[-71.5363,-8.9248],[-71.5337,-8.9286],[-71.5376,-8.9374],[-71.5403,-8.938],[-71.5433,-8.9319],[-71.5442,-8.9379],[-71.5476,-8.9341],[-71.549,-8.9445],[-71.5549,-8.9427],[-71.5569,-8.9461],[-71.5638,-8.947],[-71.5739,-8.9615],[-71.5675,-8.968],[-71.5694,-8.9799],[-71.5749,-8.9781],[-71.5783,-8.9841],[-71.5852,-8.9866],[-71.5814,-8.9937],[-71.5861,-8.9985],[-71.5859,-9.0071],[-71.5943,-9.0136],[-71.5923,-9.0223],[-71.5983,-9.0238],[-71.5956,-9.03],[-71.6019,-9.0435],[-71.5968,-9.0533],[-71.598,-9.0572],[-71.5945,-9.0596],[-71.5967,-9.0623],[-71.5912,-9.0633],[-71.597,-9.0729],[-71.6031,-9.0726],[-71.6104,-9.0804],[-71.6051,-9.0872],[-71.612,-9.0876],[-71.6039,-9.0915],[-71.605,-9.0943],[-71.6086,-9.0916],[-71.6101,-9.0949],[-71.6033,-9.099],[-71.6058,-9.1136],[-71.6153,-9.1178],[-71.6051,-9.1282],[-71.6112,-9.129],[-71.6267,-9.1444],[-71.623,-9.153],[-71.6185,-9.154],[-71.6206,-9.1589],[-71.6181,-9.1653],[-71.6246,-9.1816],[-71.615,-9.1879],[-71.6305,-9.1965],[-71.6297,-9.2052],[-71.6333,-9.2021],[-71.6375,-9.199],[-71.6386,-9.2055],[-71.6443,-9.206],[-71.639,-9.2104],[-71.6413,-9.2177],[-71.6452,-9.2182],[-71.6491,-9.2396],[-71.6556,-9.2366],[-71.6584,-9.2391],[-71.6574,-9.2461],[-71.6696,-9.251],[-71.6732,-9.2579],[-71.681,-9.2566],[-71.678,-9.2608],[-71.684,-9.2595],[-71.6922,-9.2679],[-71.6996,-9.267],[-71.6978,-9.2701],[-71.7027,-9.2739],[-71.6944,-9.2801],[-71.6988,-9.2993],[-71.7049,-9.3031],[-71.7038,-9.307],[-71.7115,-9.3085],[-71.7153,-9.313],[-71.7139,-9.3164],[-71.7181,-9.32],[-71.7153,-9.321],[-71.7189,-9.3265],[-71.7153,-9.3295],[-71.7178,-9.3439],[-71.7243,-9.3445],[-71.7309,-9.3552],[-71.7264,-9.3581],[-71.7294,-9.3668],[-71.7329,-9.3683],[-71.7236,-9.3855],[-71.7224,-9.4005],[-71.7264,-9.4122],[-71.7237,-9.4264],[-71.7297,-9.4286],[-71.7311,-9.4412],[-71.7376,-9.4434],[-71.7366,-9.4495],[-71.7469,-9.4469],[-71.7508,-9.4526],[-71.7506,-9.4599],[-71.759,-9.4709],[-71.7756,-9.4795],[-71.7789,-9.4834],[-71.788,-9.483],[-71.7922,-9.4864],[-71.7928,-9.4967],[-71.8021,-9.505],[-71.7943,-9.5222],[-71.8004,-9.5283],[-71.8094,-9.5306],[-71.8057,-9.5389],[-71.811,-9.5539],[-71.8088,-9.5584],[-71.8077,-9.5664],[-71.8208,-9.579],[-71.8266,-9.5919],[-71.8349,-9.5936],[-71.8386,-9.6007],[-71.8357,-9.6223],[-71.8697,-9.6367],[-71.8848,-9.653],[-71.8843,-9.6673],[-71.9201,-9.6856],[-71.9292,-9.7223],[-71.9527,-9.7139],[-71.9916,-9.7167],[-72.0084,-9.7539],[-72.0365,-9.7658],[-72.0386,-9.7667],[-72.0349,-9.7431],[-72.0898,-9.7575],[-72.1106,-9.7629],[-72.1532,-9.7969],[-72.1758,-9.7823],[-72.2019,-9.7744],[-72.215,-9.7744],[-72.2275,-9.7623],[-72.2372,-9.762],[-72.2437,-9.7661],[-72.2521,-9.7542],[-72.2692,-9.7497],[-72.2712,-9.7426],[-72.2624,-9.7265],[-72.2644,-9.7135],[-72.2514,-9.6906],[-72.2522,-9.6759],[-72.2472,-9.663],[-72.246,-9.6545],[-72.2528,-9.6514],[-72.2593,-9.6407],[-72.2524,-9.6169],[-72.2536,-9.6123],[-72.2585,-9.611],[-72.2705,-9.615],[-72.288,-9.6009],[-72.2832,-9.5399],[-72.2986,-9.5343],[-72.313,-9.544],[-72.3204,-9.542],[-72.33,-9.5336],[-72.3448,-9.5453],[-72.3543,-9.5404],[-72.3619,-9.531],[-72.3656,-9.5209],[-72.3731,-9.52],[-72.3684,-9.5137],[-72.3712,-9.5145],[-72.3712,-9.5089],[-72.2993,-9.5042],[-72.2759,-9.4873],[-72.257,-9.4627],[-72.2515,-9.4502],[-72.2085,-9.4056],[-72.1559,-9.3833],[-72.082,-9.2636],[-72.07,-9.2434],[-72.0536,-9.2175],[-72.0446,-9.2035],[-72.0633,-9.1794],[-72.043,-9.0483],[-72.0285,-8.9731],[-72.0362,-8.9448],[-72.0538,-8.934],[-72.044,-8.9004],[-72.0791,-8.8671],[-72.0809,-8.8537],[-72.0725,-8.8407],[-72.0535,-8.8388],[-72.0501,-8.8324],[-72.0444,-8.8304],[-72.0339,-8.8231],[-72.0188,-8.805],[-72.0094,-8.8001],[-72.0045,-8.8013],[-71.9927,-8.7939],[-71.9897,-8.7962],[-71.9832,-8.7851],[-71.968,-8.7783],[-71.9569,-8.7849],[-71.9275,-8.7903],[-71.9249,-8.7941],[-71.9177,-8.7883],[-71.9142,-8.7989],[-71.9086,-8.7993],[-71.9078,-8.8066],[-71.8971,-8.8044],[-71.8929,-8.8116],[-71.887,-8.8083],[-71.8794,-8.8102],[-71.872,-8.817],[-71.8607,-8.8212],[-71.8521,-8.8151],[-71.8482,-8.8255],[-71.8406,-8.822],[-71.8311,-8.8278],[-71.8276,-8.8233],[-71.8169,-8.8251],[-71.8109,-8.8304],[-71.8128,-8.8218],[-71.7944,-8.8166],[-71.7964,-8.8059],[-71.7874,-8.8049],[-71.7855,-8.8131],[-71.7824,-8.8142],[-71.7647,-8.799],[-71.7637,-8.784],[-71.7496,-8.7762],[-71.7523,-8.7697],[-71.7505,-8.7644],[-71.7407,-8.7632],[-71.7396,-8.7547],[-71.7291,-8.7558],[-71.7267,-8.7492],[-71.719,-8.7476],[-71.718,-8.7407],[-71.7124,-8.7417],[-71.7176,-8.7357],[-71.7176,-8.7257],[-71.713,-8.722],[-71.7085,-8.7302],[-71.7001,-8.7277],[-71.6927,-8.7292],[-71.6923,-8.7192],[-71.6743,-8.7174],[-71.6818,-8.7076],[-71.6815,-8.7006],[-71.6699,-8.699],[-71.6592,-8.7063],[-71.651,-8.6958],[-71.6471,-8.6947],[-71.6419,-8.6982],[-71.6359,-8.6883],[-71.6277,-8.6878],[-71.623,-8.6909],[-71.6189,-8.6896],[-71.6263,-8.6775],[-71.6141,-8.6647],[-71.6092,-8.6683],[-71.6103,-8.677],[-71.6073,-8.6775],[-71.6011,-8.6737],[-71.6036,-8.6636],[-71.6012,-8.6602],[-71.5839,-8.6537],[-71.5743,-8.657],[-71.5664,-8.6478],[-71.5553,-8.6474],[-71.5588,-8.6564]]]}},{"type":"Feature","properties":{"nome":"Mâncio Lima","cod":"1200336","uf":"AC"},"geometry":{"type":"Polygon","coordinates":[[[-73.1196,-7.3577],[-72.9006,-7.4369],[-72.8881,-7.4847],[-72.8771,-7.5268],[-72.8705,-7.5522],[-72.8715,-7.5589],[-72.8654,-7.5663],[-72.8647,-7.5741],[-72.859,-7.5775],[-72.8619,-7.5796],[-72.8506,-7.5939],[-72.8463,-7.5966],[-72.8475,-7.5993],[-72.8406,-7.602],[-72.8399,-7.6047],[-72.8438,-7.6053],[-72.8408,-7.6085],[-72.7829,-7.6606],[-72.7917,-7.6588],[-72.8058,-7.664],[-72.8113,-7.661],[-72.8419,-7.661],[-72.8472,-7.6564],[-72.8536,-7.6593],[-72.8601,-7.6754],[-72.9148,-7.6637],[-72.9302,-7.679],[-72.9464,-7.6893],[-72.9534,-7.6811],[-72.9615,-7.6825],[-72.9776,-7.6741],[-72.9911,-7.6712],[-73.0004,-7.673],[-73.005,-7.6701],[-73.018,-7.6722],[-73.0327,-7.6695],[-73.0386,-7.6646],[-73.1826,-7.7248],[-73.2165,-7.7555],[-73.2561,-7.7914],[-73.3071,-7.7779],[-73.307,-7.7727],[-73.301,-7.7654],[-73.3027,-7.7524],[-73.3184,-7.7425],[-73.3383,-7.7307],[-73.3313,-7.7107],[-73.3411,-7.7106],[-73.354,-7.7235],[-73.3612,-7.723],[-73.3672,-7.732],[-73.367,-7.737],[-73.3742,-7.744],[-73.3851,-7.7441],[-73.386,-7.7402],[-73.3979,-7.7466],[-73.4029,-7.744],[-73.4123,-7.7509],[-73.422,-7.7665],[-73.4353,-7.7663],[-73.4433,-7.7722],[-73.4515,-7.7732],[-73.4548,-7.7669],[-73.4615,-7.7684],[-73.4623,-7.7652],[-73.4762,-7.7577],[-73.4857,-7.7591],[-73.4901,-7.7519],[-73.4974,-7.7478],[-73.4982,-7.7387],[-73.5035,-7.7321],[-73.5182,-7.7253],[-73.5349,-7.7284],[-73.5435,-7.7149],[-73.6749,-7.7401],[-73.6916,-7.7678],[-73.7137,-7.7559],[-73.7405,-7.7341],[-73.7866,-7.7228],[-73.8096,-7.723],[-73.8222,-7.7179],[-73.8446,-7.6761],[-73.8577,-7.6781],[-73.8689,-7.6719],[-73.8856,-7.6557],[-73.8888,-7.6317],[-73.909,-7.6248],[-73.9211,-7.617],[-73.9429,-7.599],[-73.95,-7.588],[-73.9688,-7.5677],[-73.9838,-7.5666],[-73.9909,-7.5363],[-73.9856,-7.5308],[-73.9693,-7.532],[-73.948,-7.5266],[-73.9333,-7.4945],[-73.9297,-7.478],[-73.9198,-7.4657],[-73.9279,-7.452],[-73.9319,-7.4232],[-73.9447,-7.4062],[-73.9676,-7.3602],[-73.9667,-7.352],[-73.9591,-7.3455],[-73.9513,-7.3475],[-73.9441,-7.3613],[-73.9339,-7.3515],[-73.91,-7.3781],[-73.8701,-7.3788],[-73.8604,-7.3692],[-73.8528,-7.3473],[-73.8301,-7.3369],[-73.8176,-7.3354],[-73.7934,-7.3423],[-73.7664,-7.3318],[-73.7596,-7.3352],[-73.7644,-7.3479],[-73.7559,-7.3469],[-73.7178,-7.3283],[-73.7003,-7.3043],[-73.6999,-7.2932],[-73.7162,-7.2676],[-73.7143,-7.2342],[-73.7244,-7.2213],[-73.7452,-7.2104],[-73.7538,-7.2014],[-73.7591,-7.1713],[-73.7757,-7.1566],[-73.7782,-7.1459],[-73.7936,-7.1331],[-73.7926,-7.1243],[-73.801,-7.1115],[-73.7376,-7.1343],[-73.7264,-7.1384],[-73.1819,-7.3351],[-73.1196,-7.3577]]]}},{"type":"Feature","properties":{"nome":"Manoel Urbano","cod":"1200344","uf":"AC"},"geometry":{"type":"Polygon","coordinates":[[[-68.9406,-8.8358],[-68.9578,-8.8421],[-68.9643,-8.8401],[-68.9715,-8.8428],[-68.985,-8.8621],[-68.9943,-8.8697],[-69.009,-8.8702],[-69.0248,-8.8871],[-69.0385,-8.8937],[-69.049,-8.8906],[-69.0709,-8.8977],[-69.0816,-8.9052],[-69.0853,-8.9308],[-69.1107,-8.955],[-69.1765,-8.942],[-69.2007,-8.9557],[-69.2233,-8.9954],[-69.2336,-9.0398],[-69.2556,-9.0528],[-69.3492,-9.0461],[-69.3871,-9.0934],[-69.4231,-9.1128],[-69.4323,-9.1178],[-69.4585,-9.1454],[-69.5585,-9.1794],[-69.5878,-9.1787],[-69.6151,-9.1909],[-69.6124,-9.209],[-69.6679,-9.2361],[-69.6905,-9.2295],[-69.7058,-9.2505],[-69.7699,-9.3387],[-69.7847,-9.3299],[-69.7974,-9.3343],[-69.7912,-9.3551],[-69.7837,-9.3805],[-69.8103,-9.4124],[-69.8176,-9.4244],[-69.8474,-9.4243],[-69.8547,-9.4289],[-69.8607,-9.4394],[-69.8677,-9.4669],[-69.8692,-9.5214],[-69.8785,-9.5424],[-69.9313,-9.6112],[-69.9274,-9.6289],[-69.9461,-9.6748],[-69.9724,-9.7069],[-69.9777,-9.7253],[-69.9772,-9.7824],[-70.0211,-9.8321],[-70.0388,-9.8656],[-70.0322,-9.8925],[-70.0436,-9.9312],[-70.0377,-9.9522],[-70.0426,-9.9899],[-70.1118,-10.1506],[-70.1153,-10.1515],[-70.1362,-10.1943],[-70.1524,-10.2052],[-70.1624,-10.2288],[-70.1871,-10.2563],[-70.2117,-10.2739],[-70.227,-10.2922],[-70.2188,-10.3119],[-70.2402,-10.3421],[-70.2502,-10.3729],[-70.255,-10.3945],[-70.2536,-10.4024],[-70.2561,-10.4255],[-70.6251,-10.4249],[-70.6241,-10.0749],[-70.5771,-10.0218],[-70.5591,-10.0226],[-70.5447,-10.0105],[-70.5345,-10.0075],[-70.5189,-9.9839],[-70.5092,-9.9782],[-70.5067,-9.9698],[-70.4995,-9.9617],[-70.4783,-9.951],[-70.4746,-9.9529],[-70.4454,-9.9419],[-70.4387,-9.9109],[-70.4023,-9.8831],[-70.3767,-9.8572],[-70.3669,-9.842],[-70.3562,-9.8325],[-70.3551,-9.8264],[-70.3411,-9.8103],[-70.3253,-9.8003],[-70.3276,-9.7849],[-70.323,-9.7731],[-70.3251,-9.7704],[-70.3207,-9.7684],[-70.3191,-9.7536],[-70.311,-9.7515],[-70.3012,-9.7417],[-70.2961,-9.7443],[-70.2912,-9.7349],[-70.2929,-9.7288],[-70.2851,-9.7231],[-70.2877,-9.7192],[-70.2854,-9.7158],[-70.2806,-9.717],[-70.2713,-9.7132],[-70.2728,-9.7083],[-70.268,-9.7074],[-70.2688,-9.7041],[-70.2723,-9.704],[-70.2628,-9.6952],[-70.264,-9.6932],[-70.2607,-9.6932],[-70.2564,-9.6813],[-70.2401,-9.6752],[-70.2424,-9.6652],[-70.2397,-9.6689],[-70.235,-9.668],[-70.2333,-9.6631],[-70.2255,-9.6609],[-70.2264,-9.6575],[-70.2213,-9.6582],[-70.2249,-9.6521],[-70.2134,-9.6427],[-70.2123,-9.6336],[-70.2039,-9.6239],[-70.2025,-9.6274],[-70.1933,-9.6223],[-70.1887,-9.6241],[-70.1897,-9.6158],[-70.1831,-9.6115],[-70.1881,-9.6],[-70.179,-9.5928],[-70.1812,-9.5898],[-70.1755,-9.5871],[-70.1748,-9.5812],[-70.1637,-9.582],[-70.1628,-9.5731],[-70.1575,-9.569],[-70.159,-9.565],[-70.1534,-9.558],[-70.1462,-9.5534],[-70.1423,-9.5557],[-70.1435,-9.5594],[-70.1406,-9.5589],[-70.1383,-9.5529],[-70.1329,-9.5519],[-70.1353,-9.5487],[-70.1323,-9.5406],[-70.124,-9.539],[-70.1225,-9.534],[-70.1191,-9.5391],[-70.1089,-9.5413],[-70.1118,-9.5359],[-70.1083,-9.5332],[-70.1023,-9.5385],[-70.0995,-9.5317],[-70.0913,-9.5362],[-70.0872,-9.5336],[-70.0827,-9.5379],[-70.0756,-9.5381],[-70.0747,-9.5301],[-70.0622,-9.5226],[-70.058,-9.5286],[-70.0425,-9.5233],[-70.0423,-9.5271],[-70.0377,-9.5258],[-70.0365,-9.5315],[-70.0278,-9.5233],[-70.0349,-9.5222],[-70.0379,-9.5182],[-70.0345,-9.5127],[-70.0355,-9.5046],[-70.1552,-9.4721],[-70.2042,-9.4377],[-70.2712,-9.4199],[-70.3306,-9.3958],[-70.3268,-9.3909],[-70.3185,-9.3881],[-70.3095,-9.3672],[-70.3008,-9.3565],[-70.2991,-9.3378],[-70.2854,-9.3355],[-70.2705,-9.3404],[-70.2666,-9.3092],[-70.2595,-9.3108],[-70.2575,-9.307],[-70.2471,-9.3117],[-70.2391,-9.299],[-70.2252,-9.2937],[-70.2097,-9.2758],[-70.1855,-9.2693],[-70.1534,-9.2669],[-70.1445,-9.2831],[-70.1286,-9.2819],[-70.1163,-9.288],[-70.1022,-9.2784],[-70.0898,-9.2803],[-70.0872,-9.2777],[-70.08,-9.2801],[-70.0806,-9.2838],[-70.0685,-9.2832],[-70.0625,-9.2878],[-70.0602,-9.2859],[-70.051,-9.2894],[-70.041,-9.2842],[-70.0393,-9.2864],[-70.0315,-9.2761],[-70.0268,-9.2781],[-70.0194,-9.2661],[-70.0206,-9.2623],[-70.0102,-9.2546],[-70.0117,-9.2515],[-70.0013,-9.2505],[-69.9986,-9.2564],[-69.9849,-9.2589],[-69.9775,-9.252],[-69.9804,-9.2483],[-69.9733,-9.25],[-69.9731,-9.2457],[-69.9646,-9.2392],[-69.9675,-9.2361],[-69.9568,-9.2305],[-69.951,-9.2387],[-69.9385,-9.238],[-69.9371,-9.2412],[-69.9268,-9.2369],[-69.9204,-9.2427],[-69.9134,-9.2416],[-69.9103,-9.2463],[-69.9072,-9.242],[-69.9111,-9.2377],[-69.9084,-9.2276],[-69.8945,-9.2335],[-69.8918,-9.2319],[-69.8936,-9.2271],[-69.9068,-9.2218],[-69.9041,-9.2126],[-69.9007,-9.2126],[-69.8942,-9.2205],[-69.8868,-9.2143],[-69.8841,-9.219],[-69.8804,-9.2192],[-69.8773,-9.2025],[-69.8692,-9.204],[-69.862,-9.1956],[-69.8501,-9.1962],[-69.8482,-9.1825],[-69.8542,-9.1795],[-69.84,-9.1729],[-69.8463,-9.1612],[-69.8325,-9.1618],[-69.8285,-9.1553],[-69.8309,-9.1509],[-69.8452,-9.15],[-69.8475,-9.1472],[-69.8476,-9.1399],[-69.8417,-9.1376],[-69.8365,-9.1398],[-69.8315,-9.1486],[-69.8205,-9.1453],[-69.8015,-9.1287],[-69.7992,-9.117],[-69.796,-9.1123],[-69.8058,-9.1036],[-69.8142,-9.1008],[-69.8161,-9.0841],[-69.8256,-9.0766],[-69.8296,-9.0624],[-69.8268,-9.0514],[-69.8325,-9.0427],[-69.8315,-9.0349],[-69.8519,-8.9908],[-69.8651,-8.9575],[-69.8469,-8.948],[-69.8339,-8.9341],[-69.7951,-8.8402],[-69.7578,-8.7819],[-69.7312,-8.7667],[-69.6802,-8.7069],[-69.6613,-8.6806],[-69.6399,-8.6727],[-69.6327,-8.6647],[-69.6326,-8.6646],[-69.6199,-8.6502],[-69.6085,-8.6447],[-69.5828,-8.6436],[-69.5746,-8.6363],[-69.5682,-8.6117],[-69.5583,-8.5982],[-69.559,-8.5926],[-69.5519,-8.5803],[-69.5515,-8.5584],[-69.5418,-8.5462],[-69.5337,-8.5281],[-69.5282,-8.5238],[-69.5148,-8.4941],[-69.5095,-8.4578],[-69.4985,-8.4437],[-69.4949,-8.4311],[-69.4802,-8.4224],[-69.4774,-8.4105],[-69.4565,-8.3982],[-69.449,-8.388],[-69.4438,-8.366],[-69.2857,-8.5013],[-69.2124,-8.564],[-69.0616,-8.6931],[-68.9947,-8.7505],[-68.9685,-8.773],[-68.9223,-8.8125],[-68.9233,-8.8178],[-68.9406,-8.8358]]]}},{"type":"Feature","properties":{"nome":"Marechal Thaumaturgo","cod":"1200351","uf":"AC"},"geometry":{"type":"Polygon","coordinates":[[[-72.6929,-8.6955],[-72.6833,-8.7492],[-72.6549,-8.7561],[-72.6471,-8.7664],[-72.6369,-8.7726],[-72.6051,-8.7729],[-72.5609,-8.7645],[-72.5262,-8.7739],[-72.504,-8.7731],[-72.4948,-8.7777],[-72.482,-8.7727],[-72.4755,-8.7662],[-72.4757,-8.7596],[-72.4659,-8.7541],[-72.445,-8.7602],[-72.4307,-8.7622],[-72.4247,-8.7598],[-72.4068,-8.7661],[-72.4027,-8.7682],[-72.3789,-8.7671],[-72.3743,-8.7781],[-72.3604,-8.7822],[-72.3031,-8.7615],[-72.2572,-8.724],[-72.214,-8.7008],[-72.1968,-8.7007],[-72.144,-8.7118],[-72.1248,-8.8284],[-72.0791,-8.8671],[-72.044,-8.9004],[-72.0538,-8.934],[-72.0362,-8.9448],[-72.0285,-8.9731],[-72.043,-9.0483],[-72.0633,-9.1794],[-72.0446,-9.2035],[-72.0536,-9.2175],[-72.07,-9.2434],[-72.082,-9.2636],[-72.1559,-9.3833],[-72.2085,-9.4056],[-72.2515,-9.4502],[-72.257,-9.4627],[-72.2759,-9.4873],[-72.2993,-9.5042],[-72.3712,-9.5089],[-72.3699,-9.5046],[-72.3788,-9.5029],[-72.3833,-9.4962],[-72.387,-9.4941],[-72.3922,-9.4966],[-72.3953,-9.4895],[-72.3988,-9.4888],[-72.4023,-9.4941],[-72.4069,-9.4944],[-72.4106,-9.4903],[-72.4155,-9.4911],[-72.4193,-9.4861],[-72.4256,-9.4866],[-72.437,-9.4762],[-72.4415,-9.4814],[-72.4473,-9.4822],[-72.4499,-9.4792],[-72.455,-9.4832],[-72.4572,-9.4801],[-72.4632,-9.479],[-72.4636,-9.4829],[-72.4686,-9.4804],[-72.4695,-9.4754],[-72.4724,-9.481],[-72.4769,-9.4789],[-72.481,-9.4809],[-72.4825,-9.4865],[-72.4861,-9.4876],[-72.5034,-9.4825],[-72.5084,-9.4856],[-72.515,-9.4802],[-72.5165,-9.483],[-72.5165,-9.4797],[-72.5238,-9.4832],[-72.5304,-9.4822],[-72.532,-9.4858],[-72.5423,-9.4847],[-72.5461,-9.4915],[-72.55,-9.4893],[-72.5494,-9.4851],[-72.5566,-9.4829],[-72.5539,-9.4799],[-72.5572,-9.4806],[-72.56,-9.4745],[-72.564,-9.476],[-72.5658,-9.4698],[-72.5676,-9.4733],[-72.5719,-9.4662],[-72.5749,-9.4687],[-72.5803,-9.4667],[-72.5815,-9.4702],[-72.5843,-9.4667],[-72.5881,-9.4738],[-72.588,-9.4647],[-72.5943,-9.4661],[-72.5945,-9.4605],[-72.6035,-9.4658],[-72.6042,-9.4568],[-72.6105,-9.4612],[-72.6196,-9.4557],[-72.6238,-9.458],[-72.6374,-9.454],[-72.6388,-9.4501],[-72.6479,-9.4543],[-72.6508,-9.4466],[-72.6551,-9.4474],[-72.6569,-9.4439],[-72.6633,-9.4465],[-72.6718,-9.4433],[-72.6701,-9.4454],[-72.6741,-9.4483],[-72.6808,-9.4469],[-72.6836,-9.4523],[-72.6851,-9.4472],[-72.6898,-9.4491],[-72.6973,-9.443],[-72.6959,-9.439],[-72.7063,-9.4403],[-72.7112,-9.434],[-72.7151,-9.4347],[-72.7145,-9.4388],[-72.7185,-9.4356],[-72.7245,-9.4404],[-72.7234,-9.434],[-72.7285,-9.4359],[-72.727,-9.4304],[-72.7322,-9.4345],[-72.7406,-9.4299],[-72.7468,-9.4204],[-72.7448,-9.413],[-72.7504,-9.4103],[-72.8186,-9.4107],[-72.9429,-9.4109],[-73.2077,-9.4117],[-73.2123,-9.4114],[-73.2126,-9.4076],[-73.195,-9.3954],[-73.1933,-9.371],[-73.1881,-9.3606],[-73.1792,-9.356],[-73.159,-9.3525],[-73.1507,-9.3367],[-73.1397,-9.3295],[-73.1295,-9.3136],[-73.1021,-9.3062],[-73.1022,-9.3005],[-73.1129,-9.2874],[-73.1134,-9.2799],[-73.0983,-9.2686],[-73.0781,-9.2369],[-73.0585,-9.2264],[-73.0476,-9.2368],[-73.042,-9.2371],[-73.0235,-9.228],[-73.0215,-9.2205],[-73.0075,-9.2152],[-73.0043,-9.2035],[-72.9962,-9.1985],[-72.9951,-9.1942],[-73.0161,-9.1842],[-73.018,-9.1773],[-73.0042,-9.1651],[-72.9737,-9.1525],[-72.9529,-9.1287],[-72.9485,-9.1104],[-72.9438,-9.0967],[-72.948,-9.0829],[-72.941,-9.0644],[-72.9461,-9.0494],[-72.9462,-9.0361],[-72.9566,-9.0159],[-72.9552,-9.0092],[-72.9462,-9.0043],[-72.9418,-8.9869],[-72.967,-8.9788],[-72.9756,-8.9519],[-72.9916,-8.9194],[-73.0102,-8.9131],[-73.0216,-8.9132],[-73.0221,-8.8929],[-73.0271,-8.9093],[-73.0335,-8.916],[-73.0454,-8.9028],[-73.0549,-8.8772],[-73.0566,-8.8636],[-73.0631,-8.8543],[-73.0637,-8.8401],[-73.0729,-8.8394],[-73.0898,-8.8179],[-73.0917,-8.7889],[-73.1075,-8.7701],[-73.1107,-8.7583],[-73.0998,-8.7561],[-73.078,-8.7583],[-73.0605,-8.7647],[-73.0517,-8.7608],[-73.0291,-8.7605],[-73.0154,-8.7542],[-72.9967,-8.7556],[-72.9635,-8.7414],[-72.9438,-8.7449],[-72.9269,-8.7565],[-72.9236,-8.762],[-72.9138,-8.7584],[-72.907,-8.7516],[-72.8852,-8.7468],[-72.8652,-8.7481],[-72.854,-8.7383],[-72.8501,-8.7278],[-72.8386,-8.7302],[-72.8346,-8.7275],[-72.8285,-8.7328],[-72.8269,-8.7285],[-72.8173,-8.7261],[-72.8172,-8.7261],[-72.7733,-8.7268],[-72.7706,-8.723],[-72.7496,-8.717],[-72.7367,-8.7018],[-72.735,-8.6837],[-72.7276,-8.6716],[-72.7164,-8.6878],[-72.7004,-8.6892],[-72.6929,-8.6955]]]}},{"type":"Feature","properties":{"nome":"Plácido de Castro","cod":"1200385","uf":"AC"},"geometry":{"type":"Polygon","coordinates":[[[-67.1245,-9.9707],[-67.0994,-10.1034],[-67.0766,-10.0906],[-67.0761,-10.1104],[-67.0759,-10.1964],[-67.0707,-10.2024],[-67.0023,-10.2167],[-67.0009,-10.2299],[-67.0049,-10.2312],[-67.0045,-10.2442],[-67.0111,-10.254],[-67.0157,-10.2578],[-67.0222,-10.2551],[-67.0242,-10.258],[-67.0302,-10.2574],[-67.0356,-10.2643],[-67.0399,-10.2623],[-67.0435,-10.2665],[-67.048,-10.2653],[-67.0522,-10.271],[-67.0478,-10.2756],[-67.0546,-10.2792],[-67.0756,-10.2848],[-67.0792,-10.2894],[-67.0879,-10.2905],[-67.0879,-10.2858],[-67.0981,-10.2823],[-67.0997,-10.2863],[-67.1045,-10.2856],[-67.1142,-10.2925],[-67.1306,-10.2929],[-67.1363,-10.2976],[-67.1389,-10.3086],[-67.128,-10.3159],[-67.1356,-10.3189],[-67.1388,-10.3159],[-67.1429,-10.3262],[-67.1468,-10.3241],[-67.1514,-10.3272],[-67.1633,-10.3297],[-67.1689,-10.337],[-67.187,-10.3403],[-67.1949,-10.3249],[-67.2005,-10.3229],[-67.2188,-10.3241],[-67.2237,-10.3158],[-67.2354,-10.317],[-67.2478,-10.3264],[-67.2656,-10.3332],[-67.2696,-10.3257],[-67.2785,-10.3216],[-67.2857,-10.3201],[-67.2945,-10.3248],[-67.2962,-10.3216],[-67.3025,-10.3241],[-67.3154,-10.3193],[-67.3213,-10.3223],[-67.327,-10.3345],[-67.3155,-10.347],[-67.3182,-10.36],[-67.3108,-10.3763],[-67.328,-10.3833],[-67.3382,-10.3764],[-67.3434,-10.3765],[-67.3513,-10.3797],[-67.3536,-10.3866],[-67.3504,-10.392],[-67.3559,-10.3931],[-67.3673,-10.3767],[-67.3776,-10.3831],[-67.3934,-10.3754],[-67.3956,-10.3776],[-67.398,-10.3723],[-67.4072,-10.3739],[-67.4227,-10.3939],[-67.4133,-10.4015],[-67.4133,-10.4272],[-67.4193,-10.4304],[-67.4298,-10.4299],[-67.4363,-10.4393],[-67.4348,-10.4471],[-67.4436,-10.4549],[-67.4682,-10.4612],[-67.4748,-10.4674],[-67.4908,-10.4732],[-67.5023,-10.4709],[-67.5139,-10.4784],[-67.5175,-10.4906],[-67.5466,-10.4895],[-67.5569,-10.4965],[-67.5792,-10.5028],[-67.5875,-10.5099],[-67.5967,-10.5096],[-67.6058,-10.5039],[-67.613,-10.4903],[-67.6245,-10.4796],[-67.6587,-10.4803],[-67.6634,-10.4728],[-67.6803,-10.4625],[-67.6875,-10.4528],[-67.6963,-10.4529],[-67.6961,-10.4395],[-67.7058,-10.4335],[-67.6956,-10.4165],[-67.6872,-10.4117],[-67.6797,-10.3906],[-67.6674,-10.391],[-67.658,-10.398],[-67.6461,-10.3896],[-67.6374,-10.3634],[-67.6377,-10.3519],[-67.6264,-10.3433],[-67.6273,-10.3342],[-67.6208,-10.3283],[-67.6236,-10.3201],[-67.6126,-10.3148],[-67.6116,-10.302],[-67.6115,-10.2983],[-67.5977,-10.3062],[-67.5387,-10.2799],[-67.5331,-10.2748],[-67.5096,-10.2683],[-67.502,-10.2604],[-67.501,-10.2501],[-67.5022,-10.2422],[-67.4977,-10.2338],[-67.4914,-10.2264],[-67.4832,-10.2227],[-67.4643,-10.1936],[-67.4595,-10.1785],[-67.4408,-10.1593],[-67.4287,-10.1273],[-67.4255,-10.0959],[-67.4163,-10.0915],[-67.3456,-10.0619],[-67.3057,-10.062],[-67.2958,-10.0608],[-67.2743,-10.045],[-67.2698,-10.0424],[-67.2465,-10.026],[-67.1606,-9.9824],[-67.1366,-9.9746],[-67.1245,-9.9707]]]}},{"type":"Feature","properties":{"nome":"Porto Walter","cod":"1200393","uf":"AC"},"geometry":{"type":"Polygon","coordinates":[[[-72.8083,-8.1223],[-72.804,-8.1372],[-72.8074,-8.1606],[-72.7931,-8.1629],[-72.7963,-8.1746],[-72.7933,-8.1785],[-72.7959,-8.1819],[-72.7941,-8.2002],[-72.7596,-8.1962],[-72.7523,-8.2027],[-72.7543,-8.2106],[-72.7492,-8.2125],[-72.7488,-8.2084],[-72.7389,-8.2023],[-72.7293,-8.201],[-72.7192,-8.2099],[-72.7123,-8.2087],[-72.7093,-8.2122],[-72.7018,-8.2095],[-72.692,-8.2161],[-72.6874,-8.2238],[-72.6797,-8.2255],[-72.6752,-8.2243],[-72.634,-8.1852],[-72.5701,-8.1875],[-72.5556,-8.1868],[-72.5417,-8.1975],[-72.5456,-8.2009],[-72.536,-8.2078],[-72.5371,-8.2136],[-72.5342,-8.214],[-72.5332,-8.2095],[-72.5266,-8.2125],[-72.5254,-8.2168],[-72.5187,-8.2154],[-72.5159,-8.2227],[-72.5028,-8.2321],[-72.4693,-8.2363],[-72.4631,-8.2308],[-72.4565,-8.2299],[-72.4325,-8.2498],[-72.4291,-8.2466],[-72.4219,-8.2483],[-72.4076,-8.2576],[-72.3966,-8.2551],[-72.3802,-8.2421],[-72.3635,-8.248],[-72.3577,-8.2403],[-72.3334,-8.2344],[-72.33,-8.2297],[-72.3221,-8.2305],[-72.3019,-8.2077],[-72.2874,-8.2103],[-72.2781,-8.2229],[-72.2645,-8.2223],[-72.2663,-8.2606],[-72.2256,-8.2809],[-72.2328,-8.3004],[-72.266,-8.3909],[-72.2316,-8.4103],[-72.2283,-8.5168],[-72.2014,-8.5517],[-72.2075,-8.5616],[-72.2298,-8.5986],[-72.214,-8.7008],[-72.2572,-8.724],[-72.3031,-8.7615],[-72.3604,-8.7822],[-72.3743,-8.7781],[-72.3789,-8.7671],[-72.4027,-8.7682],[-72.4068,-8.7661],[-72.4247,-8.7598],[-72.4307,-8.7622],[-72.445,-8.7602],[-72.4659,-8.7541],[-72.4757,-8.7596],[-72.4755,-8.7662],[-72.482,-8.7727],[-72.4948,-8.7777],[-72.504,-8.7731],[-72.5262,-8.7739],[-72.5609,-8.7645],[-72.6051,-8.7729],[-72.6369,-8.7726],[-72.6471,-8.7664],[-72.6549,-8.7561],[-72.6833,-8.7492],[-72.6929,-8.6955],[-72.7004,-8.6892],[-72.7164,-8.6878],[-72.7276,-8.6716],[-72.735,-8.6837],[-72.7367,-8.7018],[-72.7496,-8.717],[-72.7706,-8.723],[-72.7733,-8.7268],[-72.8172,-8.7261],[-72.8173,-8.7261],[-72.8269,-8.7285],[-72.8285,-8.7328],[-72.8346,-8.7275],[-72.8386,-8.7302],[-72.8501,-8.7278],[-72.854,-8.7383],[-72.8652,-8.7481],[-72.8852,-8.7468],[-72.907,-8.7516],[-72.9138,-8.7584],[-72.9236,-8.762],[-72.9269,-8.7565],[-72.9438,-8.7449],[-72.9635,-8.7414],[-72.9967,-8.7556],[-73.0154,-8.7542],[-73.0291,-8.7605],[-73.0517,-8.7608],[-73.0605,-8.7647],[-73.078,-8.7583],[-73.0998,-8.7561],[-73.1107,-8.7583],[-73.1152,-8.7289],[-73.1248,-8.7111],[-73.1356,-8.7025],[-73.1499,-8.6839],[-73.1619,-8.6884],[-73.1814,-8.6791],[-73.1983,-8.6871],[-73.2091,-8.6857],[-73.2171,-8.678],[-73.2226,-8.6781],[-73.2311,-8.666],[-73.2404,-8.6663],[-73.2516,-8.6538],[-73.2515,-8.6331],[-73.2561,-8.6279],[-73.2641,-8.6335],[-73.2629,-8.6196],[-73.272,-8.6146],[-73.2874,-8.6195],[-73.2916,-8.5961],[-73.2846,-8.5782],[-73.2824,-8.5606],[-73.2933,-8.5088],[-73.3055,-8.472],[-73.3292,-8.4769],[-73.3307,-8.4742],[-73.2404,-8.4031],[-73.2198,-8.3959],[-73.2001,-8.3773],[-73.1763,-8.377],[-73.1321,-8.3511],[-73.1005,-8.3408],[-73.0857,-8.3001],[-73.0672,-8.2888],[-73.0383,-8.2834],[-73.0223,-8.2626],[-73.0107,-8.2536],[-73.0101,-8.243],[-72.9996,-8.2408],[-73.0006,-8.2271],[-72.9993,-8.2225],[-72.9927,-8.2201],[-72.9841,-8.2216],[-72.9808,-8.2172],[-72.977,-8.2196],[-72.9741,-8.2146],[-72.9712,-8.2184],[-72.9672,-8.2131],[-72.9644,-8.2162],[-72.9584,-8.2097],[-72.9486,-8.212],[-72.9437,-8.2097],[-72.9438,-8.2006],[-72.9369,-8.198],[-72.9254,-8.2025],[-72.9278,-8.1985],[-72.9218,-8.1955],[-72.9207,-8.1979],[-72.908,-8.1876],[-72.893,-8.1841],[-72.8777,-8.1712],[-72.8665,-8.1642],[-72.8684,-8.1618],[-72.8642,-8.1607],[-72.8657,-8.1557],[-72.8612,-8.1544],[-72.8612,-8.1572],[-72.855,-8.1592],[-72.8575,-8.1565],[-72.8567,-8.1462],[-72.8465,-8.1462],[-72.8314,-8.1357],[-72.8316,-8.1322],[-72.8278,-8.1303],[-72.8257,-8.1327],[-72.8254,-8.1297],[-72.8083,-8.1223]]]}},{"type":"Feature","properties":{"nome":"Rio Branco","cod":"1200401","uf":"AC"},"geometry":{"type":"Polygon","coordinates":[[[-68.5842,-9.5392],[-68.5141,-9.5887],[-68.5109,-9.5761],[-68.5046,-9.572],[-68.4964,-9.5746],[-68.4872,-9.5703],[-68.4846,-9.5615],[-68.4733,-9.5525],[-68.4716,-9.5474],[-68.4663,-9.5457],[-68.4627,-9.5489],[-68.462,-9.5458],[-68.4536,-9.5515],[-68.4473,-9.5457],[-68.4403,-9.5465],[-68.4388,-9.541],[-68.4347,-9.54],[-68.4284,-9.541],[-68.4253,-9.5454],[-68.4182,-9.5447],[-68.4248,-9.5586],[-68.4224,-9.5678],[-68.4291,-9.5857],[-68.4276,-9.5989],[-68.4444,-9.609],[-68.4549,-9.6237],[-68.4507,-9.6317],[-68.4411,-9.6388],[-68.4424,-9.6563],[-68.4338,-9.6662],[-68.4313,-9.675],[-68.4273,-9.7106],[-68.4284,-9.7194],[-68.4419,-9.8271],[-68.4279,-9.8263],[-68.4239,-9.818],[-68.4149,-9.8106],[-68.3962,-9.8043],[-68.3923,-9.798],[-68.392,-9.789],[-68.3798,-9.7821],[-68.367,-9.7805],[-68.349,-9.7857],[-68.3428,-9.7826],[-68.3319,-9.7832],[-68.3253,-9.7888],[-68.2998,-9.794],[-68.2912,-9.8079],[-68.2746,-9.8248],[-68.2697,-9.8302],[-68.1691,-9.9411],[-68.152,-9.9599],[-68.1506,-9.9531],[-68.1354,-9.9342],[-68.1231,-9.9385],[-68.1008,-9.9302],[-68.0885,-9.9206],[-68.0857,-9.9097],[-68.0744,-9.9035],[-68.0692,-9.8955],[-68.0545,-9.8882],[-68.0467,-9.8912],[-68.0393,-9.8835],[-67.995,-9.8606],[-67.9755,-9.847],[-67.9651,-9.8536],[-67.9489,-9.8536],[-67.9331,-9.8491],[-67.9263,-9.8536],[-67.923,-9.8507],[-67.9228,-9.8505],[-67.9188,-9.8463],[-67.9055,-9.8458],[-67.9015,-9.8424],[-67.8668,-9.8414],[-67.8603,-9.845],[-67.853,-9.8581],[-67.8442,-9.8596],[-67.8298,-9.8697],[-67.8254,-9.8484],[-67.8348,-9.8262],[-67.8313,-9.8073],[-67.8219,-9.7941],[-67.8274,-9.7816],[-67.8149,-9.7676],[-67.7965,-9.7616],[-67.7956,-9.779],[-67.7435,-9.7397],[-67.703,-9.7871],[-67.7156,-9.8041],[-67.7071,-9.817],[-67.71,-9.8364],[-67.6847,-9.8338],[-67.6692,-9.8544],[-67.6532,-9.8632],[-67.6418,-9.8625],[-67.625,-9.8558],[-67.6006,-9.8653],[-67.6081,-9.8506],[-67.5994,-9.8506],[-67.5916,-9.8429],[-67.5945,-9.8284],[-67.5924,-9.8245],[-67.5805,-9.8238],[-67.5783,-9.8259],[-67.5814,-9.8388],[-67.5757,-9.8447],[-67.5706,-9.8452],[-67.5664,-9.852],[-67.5573,-9.8536],[-67.5458,-9.8502],[-67.5302,-9.8553],[-67.5131,-9.8847],[-67.5112,-9.8961],[-67.5166,-9.9065],[-67.4821,-9.9267],[-67.4965,-9.9675],[-67.4959,-9.9778],[-67.4892,-9.9866],[-67.4896,-9.9972],[-67.499,-10.0044],[-67.5013,-10.0202],[-67.5097,-10.0254],[-67.5293,-10.0217],[-67.5343,-10.0342],[-67.552,-10.0442],[-67.5604,-10.0581],[-67.5812,-10.0694],[-67.61,-10.0479],[-67.6205,-10.0482],[-67.636,-10.0585],[-67.6469,-10.081],[-67.6708,-10.1019],[-67.7573,-10.1104],[-67.759,-10.1095],[-67.7707,-10.1088],[-67.7782,-10.1038],[-67.7902,-10.0953],[-67.8123,-10.0873],[-67.8198,-10.0891],[-67.8155,-10.0992],[-67.8197,-10.0996],[-67.8213,-10.1068],[-67.829,-10.1093],[-67.8279,-10.1132],[-67.8215,-10.1134],[-67.8282,-10.1227],[-67.8224,-10.1237],[-67.8134,-10.1325],[-67.8129,-10.1373],[-67.8211,-10.1435],[-67.8131,-10.1479],[-67.818,-10.158],[-67.8165,-10.1619],[-67.8094,-10.16],[-67.8065,-10.1628],[-67.8107,-10.1691],[-67.8103,-10.1799],[-67.8085,-10.1819],[-67.8026,-10.1794],[-67.8015,-10.1848],[-67.8112,-10.1946],[-67.8098,-10.1994],[-67.8041,-10.1983],[-67.8041,-10.2036],[-67.8236,-10.2068],[-67.8271,-10.2102],[-67.826,-10.2135],[-67.8173,-10.2156],[-67.8122,-10.2247],[-67.8173,-10.2254],[-67.8151,-10.2335],[-67.8209,-10.2372],[-67.8237,-10.2442],[-67.8299,-10.2434],[-67.8326,-10.2481],[-67.8298,-10.2585],[-67.8191,-10.262],[-67.8178,-10.2666],[-67.833,-10.2744],[-67.8423,-10.2693],[-67.8464,-10.2705],[-67.8559,-10.2844],[-67.8439,-10.2797],[-67.8425,-10.283],[-67.8472,-10.2875],[-67.8561,-10.2875],[-67.9463,-10.2875],[-67.9484,-10.3003],[-67.9528,-10.3027],[-67.9508,-10.3073],[-67.9544,-10.3071],[-67.96,-10.3142],[-67.9691,-10.3119],[-67.9713,-10.315],[-67.9821,-10.3172],[-67.9985,-10.3157],[-68.0088,-10.3231],[-68.0146,-10.3349],[-68.0288,-10.3406],[-68.0278,-10.344],[-68.0382,-10.3511],[-68.0348,-10.3641],[-68.0246,-10.3724],[-68.0262,-10.3785],[-68.0308,-10.3789],[-68.0407,-10.3889],[-68.0448,-10.3889],[-68.0483,-10.3832],[-68.054,-10.3845],[-68.0569,-10.3804],[-68.0614,-10.382],[-68.0629,-10.3793],[-68.0697,-10.3834],[-68.0884,-10.3687],[-68.0885,-10.3649],[-68.0974,-10.3637],[-68.1029,-10.3688],[-68.1119,-10.3657],[-68.1169,-10.3674],[-68.1233,-10.3751],[-68.1387,-10.3745],[-68.1436,-10.3706],[-68.1506,-10.3704],[-68.162,-10.376],[-68.165,-10.3737],[-68.18,-10.3768],[-68.1862,-10.3825],[-68.2005,-10.3741],[-68.2069,-10.3745],[-68.2096,-10.38],[-68.2193,-10.3812],[-68.2293,-10.3899],[-68.2324,-10.3847],[-68.2401,-10.3885],[-68.2417,-10.3861],[-68.2513,-10.3872],[-68.2563,-10.3906],[-68.2723,-10.3883],[-68.2767,-10.3925],[-68.2818,-10.4039],[-68.2936,-10.4056],[-68.3136,-10.4184],[-68.3275,-10.4091],[-68.3248,-10.3937],[-68.3876,-10.3795],[-68.3902,-10.3734],[-68.3545,-10.3579],[-68.3508,-10.3322],[-68.3755,-10.3116],[-68.4156,-10.3072],[-68.4118,-10.2918],[-68.4163,-10.2772],[-68.4119,-10.2683],[-68.4276,-10.2643],[-68.4365,-10.267],[-68.4519,-10.2476],[-68.4558,-10.211],[-68.4439,-10.1911],[-68.4525,-10.183],[-68.4658,-10.1862],[-68.4718,-10.1948],[-68.4703,-10.2164],[-68.489,-10.2276],[-68.4911,-10.2461],[-68.4964,-10.2544],[-68.5072,-10.2595],[-68.527,-10.257],[-68.5299,-10.2627],[-68.5284,-10.2689],[-68.5351,-10.2756],[-68.5429,-10.2743],[-68.5532,-10.2797],[-68.5655,-10.2727],[-68.5696,-10.2756],[-68.5693,-10.2803],[-68.5792,-10.2841],[-68.5815,-10.2951],[-68.5916,-10.2937],[-68.5961,-10.2996],[-68.6051,-10.2994],[-68.6173,-10.3068],[-68.6335,-10.3049],[-68.6423,-10.3063],[-68.6467,-10.3136],[-68.6572,-10.3191],[-68.6609,-10.328],[-68.6814,-10.3314],[-68.6851,-10.3397],[-68.6816,-10.344],[-68.6826,-10.3545],[-68.6881,-10.3591],[-68.6946,-10.3557],[-68.6975,-10.3615],[-68.7072,-10.3648],[-68.7127,-10.384],[-68.8688,-10.385],[-69.1316,-10.385],[-69.1494,-10.385],[-69.1516,-10.399],[-69.1701,-10.4023],[-69.1825,-10.3988],[-69.1884,-10.4072],[-69.1938,-10.4065],[-69.1957,-10.4126],[-69.2111,-10.415],[-69.2132,-10.4183],[-69.2208,-10.4152],[-69.226,-10.4236],[-69.2464,-10.4364],[-69.2488,-10.4549],[-69.2691,-10.4586],[-69.2892,-10.4706],[-69.3079,-10.4705],[-69.3134,-10.474],[-69.3234,-10.4723],[-69.3418,-10.4853],[-69.3638,-10.4631],[-69.342,-10.4028],[-69.3109,-10.3639],[-69.1724,-10.2865],[-69.1346,-10.2736],[-69.1208,-10.2689],[-69.0373,-10.1644],[-68.8851,-10.0627],[-68.8014,-9.9621],[-68.7353,-9.9156],[-68.7024,-9.8924],[-68.6944,-9.8868],[-68.6665,-9.841],[-68.6929,-9.7504],[-68.7001,-9.6793],[-68.6937,-9.6514],[-68.6727,-9.5601],[-68.6333,-9.5159],[-68.6078,-9.5052],[-68.6012,-9.538],[-68.5842,-9.5392]]]}},{"type":"Feature","properties":{"nome":"Rodrigues Alves","cod":"1200427","uf":"AC"},"geometry":{"type":"Polygon","coordinates":[[[-72.7802,-7.6926],[-72.7477,-7.7132],[-72.7337,-7.7222],[-72.7307,-7.7241],[-72.7237,-7.7214],[-72.6529,-7.6937],[-72.6505,-7.678],[-72.644,-7.676],[-72.6405,-7.6921],[-72.6444,-7.7232],[-72.6445,-7.7253],[-72.6448,-7.7343],[-72.625,-7.7562],[-72.6253,-7.7623],[-72.6417,-7.7722],[-72.6124,-7.7714],[-72.6086,-7.7803],[-72.6129,-7.7831],[-72.6208,-7.7764],[-72.6367,-7.7847],[-72.6458,-7.7856],[-72.6388,-7.7896],[-72.6327,-7.8112],[-72.6281,-7.8087],[-72.6252,-7.7989],[-72.6164,-7.8077],[-72.6161,-7.8133],[-72.6413,-7.8158],[-72.6456,-7.823],[-72.6588,-7.8256],[-72.6614,-7.8332],[-72.6795,-7.8253],[-72.6886,-7.8338],[-72.6853,-7.8393],[-72.6912,-7.8431],[-72.6929,-7.8488],[-72.7008,-7.8434],[-72.7167,-7.8443],[-72.7173,-7.8553],[-72.7025,-7.8553],[-72.7098,-7.8643],[-72.7147,-7.8627],[-72.721,-7.8517],[-72.7257,-7.851],[-72.7351,-7.8589],[-72.7259,-7.8621],[-72.7278,-7.8697],[-72.7413,-7.8697],[-72.7428,-7.8825],[-72.749,-7.8812],[-72.746,-7.871],[-72.7491,-7.8682],[-72.7561,-7.8705],[-72.7603,-7.8797],[-72.7649,-7.88],[-72.7685,-7.876],[-72.7779,-7.8824],[-72.7818,-7.8955],[-72.7954,-7.8971],[-72.7972,-7.9043],[-72.803,-7.9057],[-72.8037,-7.9025],[-72.806,-7.8981],[-72.81,-7.901],[-72.8211,-7.9008],[-72.8326,-7.9114],[-72.8369,-7.9121],[-72.8396,-7.908],[-72.8496,-7.9106],[-72.853,-7.908],[-72.8654,-7.9153],[-72.8754,-7.9182],[-72.8781,-7.9161],[-72.8939,-7.9265],[-72.9231,-7.9226],[-72.927,-7.9297],[-72.9481,-7.9434],[-72.9629,-7.9443],[-72.9674,-7.9333],[-72.9932,-7.9413],[-72.9965,-7.9377],[-73.0325,-7.9306],[-73.0439,-7.9342],[-73.0528,-7.9411],[-73.0745,-7.9439],[-73.0886,-7.9339],[-73.0967,-7.9413],[-73.1151,-7.9314],[-73.1161,-7.9227],[-73.1059,-7.9062],[-73.1052,-7.8976],[-73.0921,-7.8835],[-73.1041,-7.8883],[-73.1072,-7.8864],[-73.1307,-7.8986],[-73.1342,-7.8958],[-73.1535,-7.8995],[-73.1638,-7.8978],[-73.1692,-7.8934],[-73.184,-7.9025],[-73.1996,-7.9017],[-73.2036,-7.9101],[-73.2122,-7.9091],[-73.2327,-7.9271],[-73.2377,-7.9385],[-73.249,-7.9353],[-73.2576,-7.9493],[-73.2648,-7.9501],[-73.2922,-7.9789],[-73.3208,-7.9922],[-73.3276,-7.9843],[-73.3309,-7.9876],[-73.3425,-7.9819],[-73.3583,-7.9837],[-73.3684,-7.9889],[-73.3742,-7.9871],[-73.3874,-7.9977],[-73.3898,-8.0099],[-73.3985,-8.0228],[-73.3975,-8.0285],[-73.4241,-8.0326],[-73.6296,-8.0509],[-73.6239,-8.0397],[-73.6243,-8.0288],[-73.6404,-8.0081],[-73.65,-8.0029],[-73.6639,-8.0086],[-73.6785,-8.0048],[-73.6892,-7.9718],[-73.6981,-7.9606],[-73.7179,-7.9601],[-73.7293,-7.9694],[-73.7317,-7.9684],[-73.7348,-7.9617],[-73.747,-7.9529],[-73.747,-7.9356],[-73.7514,-7.9238],[-73.7725,-7.9024],[-73.7706,-7.8972],[-73.7531,-7.8923],[-73.7666,-7.8706],[-73.7616,-7.858],[-73.7569,-7.8585],[-73.7425,-7.8731],[-73.7135,-7.8758],[-73.7001,-7.8692],[-73.6896,-7.8539],[-73.6842,-7.8446],[-73.6874,-7.821],[-73.6824,-7.79],[-73.6843,-7.7764],[-73.6916,-7.7678],[-73.6749,-7.7401],[-73.5435,-7.7149],[-73.5349,-7.7284],[-73.5182,-7.7253],[-73.5035,-7.7321],[-73.4982,-7.7387],[-73.4974,-7.7478],[-73.4901,-7.7519],[-73.4857,-7.7591],[-73.4762,-7.7577],[-73.4623,-7.7652],[-73.4615,-7.7684],[-73.4548,-7.7669],[-73.4515,-7.7732],[-73.4433,-7.7722],[-73.4353,-7.7663],[-73.422,-7.7665],[-73.4123,-7.7509],[-73.4029,-7.744],[-73.3979,-7.7466],[-73.386,-7.7402],[-73.3851,-7.7441],[-73.3742,-7.744],[-73.367,-7.737],[-73.3672,-7.732],[-73.3612,-7.723],[-73.354,-7.7235],[-73.3411,-7.7106],[-73.3313,-7.7107],[-73.3383,-7.7307],[-73.3184,-7.7425],[-73.3027,-7.7524],[-73.301,-7.7654],[-73.307,-7.7727],[-73.3071,-7.7779],[-73.2561,-7.7914],[-73.2165,-7.7555],[-73.1826,-7.7248],[-73.0386,-7.6646],[-73.0327,-7.6695],[-73.018,-7.6722],[-73.005,-7.6701],[-73.0004,-7.673],[-72.9911,-7.6712],[-72.9776,-7.6741],[-72.9615,-7.6825],[-72.9534,-7.6811],[-72.9464,-7.6893],[-72.9302,-7.679],[-72.9148,-7.6637],[-72.8601,-7.6754],[-72.807,-7.6868],[-72.8068,-7.6868],[-72.8059,-7.687],[-72.7802,-7.6926]]]}},{"type":"Feature","properties":{"nome":"Santa Rosa do Purus","cod":"1200435","uf":"AC"},"geometry":{"type":"Polygon","coordinates":[[[-69.8651,-8.9575],[-69.8519,-8.9908],[-69.8315,-9.0349],[-69.8325,-9.0427],[-69.8268,-9.0514],[-69.8296,-9.0624],[-69.8256,-9.0766],[-69.8161,-9.0841],[-69.8142,-9.1008],[-69.8058,-9.1036],[-69.796,-9.1123],[-69.7992,-9.117],[-69.8015,-9.1287],[-69.8205,-9.1453],[-69.8315,-9.1486],[-69.8365,-9.1398],[-69.8417,-9.1376],[-69.8476,-9.1399],[-69.8475,-9.1472],[-69.8452,-9.15],[-69.8309,-9.1509],[-69.8285,-9.1553],[-69.8325,-9.1618],[-69.8463,-9.1612],[-69.84,-9.1729],[-69.8542,-9.1795],[-69.8482,-9.1825],[-69.8501,-9.1962],[-69.862,-9.1956],[-69.8692,-9.204],[-69.8773,-9.2025],[-69.8804,-9.2192],[-69.8841,-9.219],[-69.8868,-9.2143],[-69.8942,-9.2205],[-69.9007,-9.2126],[-69.9041,-9.2126],[-69.9068,-9.2218],[-69.8936,-9.2271],[-69.8918,-9.2319],[-69.8945,-9.2335],[-69.9084,-9.2276],[-69.9111,-9.2377],[-69.9072,-9.242],[-69.9103,-9.2463],[-69.9134,-9.2416],[-69.9204,-9.2427],[-69.9268,-9.2369],[-69.9371,-9.2412],[-69.9385,-9.238],[-69.951,-9.2387],[-69.9568,-9.2305],[-69.9675,-9.2361],[-69.9646,-9.2392],[-69.9731,-9.2457],[-69.9733,-9.25],[-69.9804,-9.2483],[-69.9775,-9.252],[-69.9849,-9.2589],[-69.9986,-9.2564],[-70.0013,-9.2505],[-70.0117,-9.2515],[-70.0102,-9.2546],[-70.0206,-9.2623],[-70.0194,-9.2661],[-70.0268,-9.2781],[-70.0315,-9.2761],[-70.0393,-9.2864],[-70.041,-9.2842],[-70.051,-9.2894],[-70.0602,-9.2859],[-70.0625,-9.2878],[-70.0685,-9.2832],[-70.0806,-9.2838],[-70.08,-9.2801],[-70.0872,-9.2777],[-70.0898,-9.2803],[-70.1022,-9.2784],[-70.1163,-9.288],[-70.1286,-9.2819],[-70.1445,-9.2831],[-70.1534,-9.2669],[-70.1855,-9.2693],[-70.2097,-9.2758],[-70.2252,-9.2937],[-70.2391,-9.299],[-70.2471,-9.3117],[-70.2575,-9.307],[-70.2595,-9.3108],[-70.2666,-9.3092],[-70.2705,-9.3404],[-70.2854,-9.3355],[-70.2991,-9.3378],[-70.3008,-9.3565],[-70.3095,-9.3672],[-70.3185,-9.3881],[-70.3268,-9.3909],[-70.3306,-9.3958],[-70.2712,-9.4199],[-70.2042,-9.4377],[-70.1552,-9.4721],[-70.0355,-9.5046],[-70.0345,-9.5127],[-70.0379,-9.5182],[-70.0349,-9.5222],[-70.0278,-9.5233],[-70.0365,-9.5315],[-70.0377,-9.5258],[-70.0423,-9.5271],[-70.0425,-9.5233],[-70.058,-9.5286],[-70.0622,-9.5226],[-70.0747,-9.5301],[-70.0756,-9.5381],[-70.0827,-9.5379],[-70.0872,-9.5336],[-70.0913,-9.5362],[-70.0995,-9.5317],[-70.1023,-9.5385],[-70.1083,-9.5332],[-70.1118,-9.5359],[-70.1089,-9.5413],[-70.1191,-9.5391],[-70.1225,-9.534],[-70.124,-9.539],[-70.1323,-9.5406],[-70.1353,-9.5487],[-70.1329,-9.5519],[-70.1383,-9.5529],[-70.1406,-9.5589],[-70.1435,-9.5594],[-70.1423,-9.5557],[-70.1462,-9.5534],[-70.1534,-9.558],[-70.159,-9.565],[-70.1575,-9.569],[-70.1628,-9.5731],[-70.1637,-9.582],[-70.1748,-9.5812],[-70.1755,-9.5871],[-70.1812,-9.5898],[-70.179,-9.5928],[-70.1881,-9.6],[-70.1831,-9.6115],[-70.1897,-9.6158],[-70.1887,-9.6241],[-70.1933,-9.6223],[-70.2025,-9.6274],[-70.2039,-9.6239],[-70.2123,-9.6336],[-70.2134,-9.6427],[-70.2249,-9.6521],[-70.2213,-9.6582],[-70.2264,-9.6575],[-70.2255,-9.6609],[-70.2333,-9.6631],[-70.235,-9.668],[-70.2397,-9.6689],[-70.2424,-9.6652],[-70.2401,-9.6752],[-70.2564,-9.6813],[-70.2607,-9.6932],[-70.264,-9.6932],[-70.2628,-9.6952],[-70.2723,-9.704],[-70.2688,-9.7041],[-70.268,-9.7074],[-70.2728,-9.7083],[-70.2713,-9.7132],[-70.2806,-9.717],[-70.2854,-9.7158],[-70.2877,-9.7192],[-70.2851,-9.7231],[-70.2929,-9.7288],[-70.2912,-9.7349],[-70.2961,-9.7443],[-70.3012,-9.7417],[-70.311,-9.7515],[-70.3191,-9.7536],[-70.3207,-9.7684],[-70.3251,-9.7704],[-70.323,-9.7731],[-70.3276,-9.7849],[-70.3253,-9.8003],[-70.3411,-9.8103],[-70.3551,-9.8264],[-70.3562,-9.8325],[-70.3669,-9.842],[-70.3767,-9.8572],[-70.4023,-9.8831],[-70.4387,-9.9109],[-70.4454,-9.9419],[-70.4746,-9.9529],[-70.4783,-9.951],[-70.4995,-9.9617],[-70.5067,-9.9698],[-70.5092,-9.9782],[-70.5189,-9.9839],[-70.5345,-10.0075],[-70.5447,-10.0105],[-70.5591,-10.0226],[-70.5771,-10.0218],[-70.6241,-10.0749],[-70.6208,-9.9613],[-70.6216,-9.8216],[-70.6154,-9.8156],[-70.6088,-9.8013],[-70.5985,-9.7991],[-70.5907,-9.8028],[-70.5849,-9.7831],[-70.5785,-9.7767],[-70.5597,-9.7875],[-70.5456,-9.7774],[-70.5348,-9.7633],[-70.5379,-9.7468],[-70.5318,-9.744],[-70.5329,-9.7323],[-70.5258,-9.7227],[-70.528,-9.7185],[-70.5245,-9.7135],[-70.53,-9.712],[-70.5411,-9.6813],[-70.5481,-9.6765],[-70.5511,-9.6688],[-70.5602,-9.6644],[-70.5638,-9.6673],[-70.5702,-9.6608],[-70.5745,-9.6485],[-70.5843,-9.6383],[-70.597,-9.6044],[-70.59,-9.5998],[-70.585,-9.5891],[-70.5854,-9.5852],[-70.5914,-9.5852],[-70.5872,-9.5832],[-70.5854,-9.5707],[-70.6004,-9.5629],[-70.5985,-9.5519],[-70.5875,-9.547],[-70.584,-9.5511],[-70.5902,-9.5646],[-70.584,-9.5657],[-70.5748,-9.5615],[-70.5615,-9.5736],[-70.5559,-9.5712],[-70.5542,-9.567],[-70.5574,-9.5575],[-70.5679,-9.5545],[-70.5691,-9.5491],[-70.5638,-9.5385],[-70.5702,-9.5303],[-70.5639,-9.5279],[-70.5571,-9.5353],[-70.5419,-9.5358],[-70.538,-9.5325],[-70.5381,-9.5277],[-70.5458,-9.5255],[-70.5447,-9.511],[-70.5311,-9.5136],[-70.5309,-9.5012],[-70.5205,-9.5032],[-70.5114,-9.4898],[-70.5047,-9.5036],[-70.5024,-9.4935],[-70.5181,-9.4758],[-70.5228,-9.4598],[-70.5163,-9.4549],[-70.5107,-9.4644],[-70.5029,-9.4614],[-70.5103,-9.446],[-70.5021,-9.4439],[-70.4946,-9.4394],[-70.4928,-9.4262],[-70.4998,-9.4264],[-70.5023,-9.4217],[-70.5066,-9.422],[-70.5179,-9.4267],[-70.5187,-9.4328],[-70.5245,-9.4357],[-70.5244,-9.4264],[-70.5366,-9.4358],[-70.5368,-9.4309],[-70.5436,-9.4259],[-70.5461,-9.4259],[-70.5485,-9.4328],[-70.5569,-9.4332],[-70.5603,-9.4273],[-70.5635,-9.4321],[-70.564,-9.4299],[-70.5694,-9.4317],[-70.5686,-9.4382],[-70.5737,-9.4341],[-70.5867,-9.4453],[-70.5875,-9.4413],[-70.5938,-9.4407],[-70.5953,-9.4575],[-70.6063,-9.4586],[-70.6083,-9.4553],[-70.611,-9.4562],[-70.6106,-9.4661],[-70.6149,-9.4682],[-70.6147,-9.4739],[-70.6218,-9.4695],[-70.624,-9.4772],[-70.6305,-9.4791],[-70.6316,-9.4844],[-70.6353,-9.4852],[-70.6297,-9.492],[-70.6344,-9.4933],[-70.6351,-9.4991],[-70.6442,-9.4952],[-70.6404,-9.4994],[-70.6521,-9.4989],[-70.6508,-9.5118],[-70.6532,-9.513],[-70.6546,-9.5098],[-70.6569,-9.513],[-70.6537,-9.5162],[-70.6584,-9.5159],[-70.6628,-9.5237],[-70.6651,-9.5179],[-70.6723,-9.5269],[-70.6793,-9.528],[-70.679,-9.5325],[-70.6871,-9.5311],[-70.695,-9.5383],[-70.7014,-9.5438],[-70.7044,-9.5416],[-70.7142,-9.545],[-70.7173,-9.5527],[-70.7255,-9.5547],[-70.7222,-9.5613],[-70.729,-9.5676],[-70.7375,-9.5577],[-70.7421,-9.5569],[-70.745,-9.5615],[-70.7504,-9.559],[-70.7552,-9.5666],[-70.7495,-9.5674],[-70.7547,-9.5751],[-70.7531,-9.578],[-70.7579,-9.5773],[-70.7557,-9.581],[-70.7599,-9.5832],[-70.7554,-9.5903],[-70.7566,-9.602],[-70.7595,-9.6038],[-70.7671,-9.5993],[-70.7666,-9.6044],[-70.7741,-9.6079],[-70.7871,-9.6129],[-70.7878,-9.618],[-70.7842,-9.6216],[-70.7915,-9.6253],[-70.7927,-9.6363],[-70.7968,-9.6358],[-70.7986,-9.6414],[-70.8015,-9.6394],[-70.8043,-9.6423],[-70.8131,-9.6383],[-70.824,-9.6437],[-70.8283,-9.6416],[-70.8302,-9.6449],[-70.8348,-9.6414],[-70.8388,-9.6547],[-70.8464,-9.6569],[-70.8516,-9.654],[-70.869,-9.6644],[-70.8706,-9.668],[-70.8678,-9.6695],[-70.88,-9.6804],[-70.8812,-9.6877],[-70.8885,-9.6889],[-70.8983,-9.713],[-70.9023,-9.7126],[-70.9105,-9.7265],[-70.914,-9.7263],[-70.9249,-9.7407],[-70.9494,-9.7415],[-70.9495,-9.7441],[-70.9516,-9.7414],[-70.9603,-9.7505],[-70.963,-9.7475],[-70.9655,-9.7543],[-70.9739,-9.7579],[-70.9853,-9.7886],[-70.9905,-9.7876],[-70.9932,-9.803],[-70.9907,-9.8092],[-70.9953,-9.8167],[-71.019,-9.8155],[-71.0209,-9.8177],[-71.0325,-9.8141],[-71.0374,-9.8179],[-71.0486,-9.8161],[-71.0596,-9.824],[-71.0774,-9.828],[-71.0999,-9.7491],[-71.0754,-9.6947],[-71.0452,-9.6423],[-70.9779,-9.5983],[-70.9507,-9.5357],[-70.9038,-9.494],[-70.8625,-9.4572],[-70.8491,-9.4557],[-70.7908,-9.4489],[-70.7349,-9.4156],[-70.7021,-9.3808],[-70.6765,-9.373],[-70.6071,-9.2667],[-70.5602,-9.1916],[-70.5404,-9.1597],[-70.4394,-9.0882],[-70.3947,-9.0241],[-70.3651,-8.9824],[-70.319,-8.9636],[-70.1935,-8.9675],[-70.0901,-8.9736],[-69.8651,-8.9575]]]}},{"type":"Feature","properties":{"nome":"Senador Guiomard","cod":"1200450","uf":"AC"},"geometry":{"type":"Polygon","coordinates":[[[-67.1394,-9.6834],[-67.158,-9.6898],[-67.1681,-9.6878],[-67.1842,-9.6954],[-67.1926,-9.7042],[-67.1857,-9.7102],[-67.1666,-9.7601],[-67.0906,-9.9565],[-67.1245,-9.9707],[-67.1366,-9.9746],[-67.1606,-9.9824],[-67.2465,-10.026],[-67.2698,-10.0424],[-67.2743,-10.045],[-67.2958,-10.0608],[-67.3057,-10.062],[-67.3456,-10.0619],[-67.4163,-10.0915],[-67.4255,-10.0959],[-67.4287,-10.1273],[-67.4408,-10.1593],[-67.4595,-10.1785],[-67.4643,-10.1936],[-67.4832,-10.2227],[-67.4914,-10.2264],[-67.4977,-10.2338],[-67.5022,-10.2422],[-67.501,-10.2501],[-67.502,-10.2604],[-67.5096,-10.2683],[-67.5331,-10.2748],[-67.5387,-10.2799],[-67.5977,-10.3062],[-67.6115,-10.2983],[-67.6116,-10.302],[-67.6126,-10.3148],[-67.6236,-10.3201],[-67.6208,-10.3283],[-67.6273,-10.3342],[-67.6264,-10.3433],[-67.6377,-10.3519],[-67.6374,-10.3634],[-67.6839,-10.3564],[-67.6888,-10.3538],[-67.6949,-10.3411],[-67.6953,-10.3245],[-67.7162,-10.2916],[-67.7445,-10.2743],[-67.7559,-10.2707],[-67.7631,-10.2617],[-67.7649,-10.2514],[-67.7701,-10.2494],[-67.7732,-10.2419],[-67.779,-10.2404],[-67.7838,-10.231],[-67.7843,-10.213],[-67.7999,-10.2085],[-67.8014,-10.1987],[-67.8041,-10.1983],[-67.8098,-10.1994],[-67.8112,-10.1946],[-67.8015,-10.1848],[-67.8026,-10.1794],[-67.8085,-10.1819],[-67.8103,-10.1799],[-67.8107,-10.1691],[-67.8065,-10.1628],[-67.8094,-10.16],[-67.8165,-10.1619],[-67.818,-10.158],[-67.8131,-10.1479],[-67.8211,-10.1435],[-67.8129,-10.1373],[-67.8134,-10.1325],[-67.8224,-10.1237],[-67.8282,-10.1227],[-67.8215,-10.1134],[-67.8279,-10.1132],[-67.829,-10.1093],[-67.8213,-10.1068],[-67.8197,-10.0996],[-67.8155,-10.0992],[-67.8198,-10.0891],[-67.8123,-10.0873],[-67.7902,-10.0953],[-67.7782,-10.1038],[-67.7707,-10.1088],[-67.759,-10.1095],[-67.7573,-10.1104],[-67.6708,-10.1019],[-67.6469,-10.081],[-67.636,-10.0585],[-67.6205,-10.0482],[-67.61,-10.0479],[-67.5812,-10.0694],[-67.5604,-10.0581],[-67.552,-10.0442],[-67.5343,-10.0342],[-67.5293,-10.0217],[-67.5097,-10.0254],[-67.5013,-10.0202],[-67.499,-10.0044],[-67.4896,-9.9972],[-67.4892,-9.9866],[-67.4959,-9.9778],[-67.4965,-9.9675],[-67.4821,-9.9267],[-67.4703,-9.9148],[-67.4554,-9.9174],[-67.4469,-9.9136],[-67.4468,-9.8973],[-67.4389,-9.8797],[-67.443,-9.8616],[-67.4411,-9.8459],[-67.436,-9.8366],[-67.4156,-9.82],[-67.4058,-9.8051],[-67.3683,-9.7819],[-67.3613,-9.7648],[-67.3513,-9.7531],[-67.335,-9.7243],[-67.3358,-9.6989],[-67.3371,-9.6835],[-67.3274,-9.6653],[-67.3275,-9.6499],[-67.34,-9.6234],[-67.3244,-9.5924],[-67.2225,-9.637],[-67.2223,-9.6371],[-67.1331,-9.6761],[-67.1394,-9.6834]]]}},{"type":"Feature","properties":{"nome":"Sena Madureira","cod":"1200500","uf":"AC"},"geometry":{"type":"Polygon","coordinates":[[[-68.9223,-8.8125],[-68.7062,-8.9979],[-68.6466,-9.049],[-68.6372,-9.0533],[-68.637,-9.0534],[-68.2198,-9.2422],[-68.2271,-9.2481],[-68.2417,-9.2522],[-68.2516,-9.2644],[-68.2695,-9.2648],[-68.2761,-9.2765],[-68.2879,-9.2846],[-68.2945,-9.2837],[-68.3158,-9.2924],[-68.3443,-9.2896],[-68.3528,-9.2958],[-68.3657,-9.2978],[-68.4007,-9.3239],[-68.3301,-9.4398],[-68.3353,-9.4496],[-68.3317,-9.4571],[-68.3362,-9.4593],[-68.3385,-9.4664],[-68.3437,-9.4652],[-68.343,-9.4738],[-68.3526,-9.4826],[-68.3544,-9.4887],[-68.3681,-9.4971],[-68.382,-9.496],[-68.3861,-9.5024],[-68.3892,-9.4994],[-68.3961,-9.4997],[-68.4064,-9.5193],[-68.411,-9.5207],[-68.4143,-9.5334],[-68.4102,-9.5371],[-68.4112,-9.5409],[-68.4182,-9.5447],[-68.4253,-9.5454],[-68.4284,-9.541],[-68.4347,-9.54],[-68.4388,-9.541],[-68.4403,-9.5465],[-68.4473,-9.5457],[-68.4536,-9.5515],[-68.462,-9.5458],[-68.4627,-9.5489],[-68.4663,-9.5457],[-68.4716,-9.5474],[-68.4733,-9.5525],[-68.4846,-9.5615],[-68.4872,-9.5703],[-68.4964,-9.5746],[-68.5046,-9.572],[-68.5109,-9.5761],[-68.5141,-9.5887],[-68.5842,-9.5392],[-68.6012,-9.538],[-68.6078,-9.5052],[-68.6333,-9.5159],[-68.6727,-9.5601],[-68.6937,-9.6514],[-68.7001,-9.6793],[-68.6929,-9.7504],[-68.6665,-9.841],[-68.6944,-9.8868],[-68.7024,-9.8924],[-68.7353,-9.9156],[-68.8014,-9.9621],[-68.8851,-10.0627],[-69.0373,-10.1644],[-69.1208,-10.2689],[-69.1346,-10.2736],[-69.1724,-10.2865],[-69.3109,-10.3639],[-69.342,-10.4028],[-69.3638,-10.4631],[-69.3418,-10.4853],[-69.5079,-10.505],[-69.5342,-10.4827],[-69.5338,-10.4754],[-69.5379,-10.4689],[-69.5361,-10.4578],[-69.5453,-10.4487],[-69.5398,-10.4288],[-69.5419,-10.418],[-69.5485,-10.4145],[-69.5543,-10.3986],[-69.5628,-10.3889],[-69.5673,-10.3888],[-69.5795,-10.378],[-69.5823,-10.3799],[-69.5878,-10.3712],[-69.5923,-10.3697],[-69.5999,-10.3804],[-69.6067,-10.379],[-69.6151,-10.3845],[-69.6134,-10.3942],[-69.6237,-10.391],[-69.6299,-10.3948],[-69.6292,-10.4034],[-69.642,-10.4009],[-69.6455,-10.4032],[-69.6374,-10.4082],[-69.6484,-10.4166],[-69.648,-10.4281],[-69.6568,-10.4205],[-69.6639,-10.4247],[-69.6696,-10.4189],[-69.677,-10.4242],[-69.6821,-10.41],[-69.6841,-10.4327],[-69.6873,-10.4352],[-69.6914,-10.4365],[-69.6954,-10.4314],[-69.704,-10.433],[-69.7096,-10.4382],[-69.7113,-10.4458],[-69.7272,-10.4533],[-69.7438,-10.4466],[-69.746,-10.4523],[-69.7539,-10.4513],[-69.7577,-10.4589],[-69.7669,-10.4596],[-69.7748,-10.4553],[-69.7852,-10.4609],[-69.7871,-10.4714],[-69.7976,-10.4815],[-69.8047,-10.4797],[-69.8043,-10.4922],[-69.7991,-10.5026],[-69.8004,-10.5089],[-69.8075,-10.5041],[-69.819,-10.5087],[-69.8315,-10.5074],[-69.8274,-10.5134],[-69.8315,-10.5379],[-69.849,-10.5402],[-69.8624,-10.5384],[-69.8782,-10.5578],[-69.8886,-10.5519],[-69.8972,-10.5566],[-69.9007,-10.5468],[-69.9062,-10.5433],[-69.9211,-10.5594],[-69.9249,-10.5565],[-69.9238,-10.549],[-69.9291,-10.5484],[-69.9411,-10.5664],[-69.961,-10.5777],[-69.9685,-10.5743],[-69.9752,-10.5826],[-69.981,-10.5832],[-69.9919,-10.5702],[-69.998,-10.5762],[-69.9962,-10.5831],[-70.0083,-10.5816],[-70.0107,-10.5914],[-70.0168,-10.5851],[-70.0172,-10.5918],[-70.0199,-10.5941],[-70.0306,-10.5915],[-70.0367,-10.6012],[-70.0366,-10.6112],[-70.0439,-10.6041],[-70.0433,-10.6125],[-70.0526,-10.6066],[-70.0571,-10.6162],[-70.0659,-10.6123],[-70.07,-10.614],[-70.0704,-10.6334],[-70.0794,-10.6326],[-70.0898,-10.6494],[-70.0985,-10.6473],[-70.1,-10.6412],[-70.1109,-10.6441],[-70.1226,-10.6377],[-70.1254,-10.6419],[-70.1229,-10.6551],[-70.1315,-10.652],[-70.1316,-10.6581],[-70.1401,-10.6617],[-70.1444,-10.6602],[-70.145,-10.6686],[-70.1506,-10.6648],[-70.157,-10.676],[-70.1619,-10.6638],[-70.1645,-10.6629],[-70.166,-10.6679],[-70.1721,-10.6672],[-70.1713,-10.6729],[-70.1787,-10.6778],[-70.1737,-10.6829],[-70.1794,-10.6844],[-70.1761,-10.69],[-70.1796,-10.69],[-70.1845,-10.6889],[-70.1897,-10.6925],[-70.2004,-10.6898],[-70.2069,-10.7034],[-70.2069,-10.6951],[-70.2138,-10.6969],[-70.2185,-10.6858],[-70.2128,-10.6808],[-70.219,-10.6828],[-70.224,-10.6764],[-70.223,-10.6849],[-70.2346,-10.6853],[-70.227,-10.6898],[-70.2519,-10.6979],[-70.255,-10.7131],[-70.2602,-10.7063],[-70.2653,-10.7128],[-70.2731,-10.6953],[-70.2756,-10.7072],[-70.2804,-10.7056],[-70.2821,-10.6914],[-70.2917,-10.6994],[-70.2986,-10.6954],[-70.3011,-10.7002],[-70.312,-10.701],[-70.3151,-10.714],[-70.3253,-10.7127],[-70.33,-10.7163],[-70.3341,-10.7072],[-70.3435,-10.7052],[-70.3433,-10.7166],[-70.3484,-10.7169],[-70.3497,-10.7109],[-70.3635,-10.7122],[-70.368,-10.7301],[-70.3812,-10.7304],[-70.384,-10.719],[-70.3957,-10.7269],[-70.4044,-10.7219],[-70.4068,-10.7154],[-70.4132,-10.7161],[-70.4199,-10.7146],[-70.4196,-10.7081],[-70.4248,-10.7165],[-70.4227,-10.7241],[-70.435,-10.7146],[-70.444,-10.7228],[-70.4458,-10.7117],[-70.4584,-10.7127],[-70.4559,-10.7027],[-70.4619,-10.7009],[-70.4649,-10.7023],[-70.466,-10.7178],[-70.4713,-10.7156],[-70.482,-10.7173],[-70.4814,-10.7231],[-70.485,-10.7238],[-70.4973,-10.72],[-70.503,-10.7144],[-70.5034,-10.7226],[-70.5104,-10.7269],[-70.5149,-10.7201],[-70.5249,-10.7208],[-70.5346,-10.7128],[-70.5356,-10.7058],[-70.5237,-10.703],[-70.5332,-10.6996],[-70.5374,-10.6921],[-70.5554,-10.6881],[-70.5623,-10.6938],[-70.5708,-10.6912],[-70.5784,-10.7028],[-70.6024,-10.6969],[-70.605,-10.7034],[-70.6133,-10.7065],[-70.6185,-10.7141],[-70.6229,-10.7112],[-70.6254,-10.4986],[-70.6251,-10.4249],[-70.2561,-10.4255],[-70.2536,-10.4024],[-70.255,-10.3945],[-70.2502,-10.3729],[-70.2402,-10.3421],[-70.2188,-10.3119],[-70.227,-10.2922],[-70.2117,-10.2739],[-70.1871,-10.2563],[-70.1624,-10.2288],[-70.1524,-10.2052],[-70.1362,-10.1943],[-70.1153,-10.1515],[-70.1118,-10.1506],[-70.0426,-9.9899],[-70.0377,-9.9522],[-70.0436,-9.9312],[-70.0322,-9.8925],[-70.0388,-9.8656],[-70.0211,-9.8321],[-69.9772,-9.7824],[-69.9777,-9.7253],[-69.9724,-9.7069],[-69.9461,-9.6748],[-69.9274,-9.6289],[-69.9313,-9.6112],[-69.8785,-9.5424],[-69.8692,-9.5214],[-69.8677,-9.4669],[-69.8607,-9.4394],[-69.8547,-9.4289],[-69.8474,-9.4243],[-69.8176,-9.4244],[-69.8103,-9.4124],[-69.7837,-9.3805],[-69.7912,-9.3551],[-69.7974,-9.3343],[-69.7847,-9.3299],[-69.7699,-9.3387],[-69.7058,-9.2505],[-69.6905,-9.2295],[-69.6679,-9.2361],[-69.6124,-9.209],[-69.6151,-9.1909],[-69.5878,-9.1787],[-69.5585,-9.1794],[-69.4585,-9.1454],[-69.4323,-9.1178],[-69.4231,-9.1128],[-69.3871,-9.0934],[-69.3492,-9.0461],[-69.2556,-9.0528],[-69.2336,-9.0398],[-69.2233,-8.9954],[-69.2007,-8.9557],[-69.1765,-8.942],[-69.1107,-8.955],[-69.0853,-8.9308],[-69.0816,-8.9052],[-69.0709,-8.8977],[-69.049,-8.8906],[-69.0385,-8.8937],[-69.0248,-8.8871],[-69.009,-8.8702],[-68.9943,-8.8697],[-68.985,-8.8621],[-68.9715,-8.8428],[-68.9643,-8.8401],[-68.9578,-8.8421],[-68.9406,-8.8358],[-68.9233,-8.8178],[-68.9223,-8.8125]]]}},{"type":"Feature","properties":{"nome":"Tarauacá","cod":"1200609","uf":"AC"},"geometry":{"type":"Polygon","coordinates":[[[-71.3811,-7.6919],[-71.0879,-7.7259],[-70.792,-7.7601],[-70.7738,-7.7622],[-70.772,-7.7624],[-70.7241,-7.7679],[-70.7068,-7.7699],[-70.6784,-7.7732],[-70.6585,-7.7754],[-70.5182,-7.7916],[-70.5153,-7.7919],[-70.5186,-7.7984],[-70.5362,-7.8022],[-70.5467,-7.8087],[-70.5457,-7.8211],[-70.5683,-7.8329],[-70.5775,-7.8415],[-70.5702,-7.853],[-70.5798,-7.8559],[-70.5833,-7.8727],[-70.6032,-7.8722],[-70.6077,-7.8746],[-70.6003,-7.8937],[-70.6203,-7.8935],[-70.617,-7.9059],[-70.6196,-7.9117],[-70.6318,-7.9151],[-70.6343,-7.9192],[-70.6402,-7.909],[-70.6454,-7.911],[-70.6389,-7.9231],[-70.6311,-7.9267],[-70.6392,-7.9306],[-70.6328,-7.9373],[-70.6337,-7.9431],[-70.6374,-7.9444],[-70.6424,-7.9441],[-70.646,-7.9485],[-70.6426,-7.9478],[-70.6447,-7.9516],[-70.6325,-7.9646],[-70.6323,-7.9737],[-70.6356,-7.9758],[-70.6304,-7.9836],[-70.6244,-7.9829],[-70.6179,-7.9921],[-70.6041,-7.9948],[-70.5915,-7.9921],[-70.5858,-7.9967],[-70.5862,-8.0078],[-70.5826,-8.0083],[-70.5734,-8.0224],[-70.5723,-8.0348],[-70.5675,-8.043],[-70.5769,-8.0626],[-70.5757,-8.1163],[-70.5548,-8.1615],[-70.5648,-8.1713],[-70.5744,-8.1891],[-70.5787,-8.1966],[-70.573,-8.2055],[-70.5634,-8.2111],[-70.5635,-8.2148],[-70.5681,-8.2227],[-70.582,-8.2293],[-70.6192,-8.2871],[-70.6335,-8.311],[-70.6249,-8.3407],[-70.6334,-8.3471],[-70.6801,-8.3827],[-70.6761,-8.4379],[-70.6695,-8.4459],[-70.653,-8.4664],[-70.7025,-8.4771],[-70.6884,-8.5232],[-70.7269,-8.5697],[-70.7423,-8.6091],[-70.7678,-8.6108],[-70.784,-8.64],[-70.8365,-8.6462],[-70.8576,-8.6695],[-70.8685,-8.6581],[-70.8723,-8.6412],[-70.8924,-8.639],[-70.8992,-8.6257],[-70.9214,-8.5997],[-70.9307,-8.6044],[-70.9335,-8.6132],[-70.9422,-8.6149],[-70.9448,-8.6215],[-70.9422,-8.6274],[-70.9499,-8.6239],[-70.9615,-8.6348],[-70.9602,-8.6442],[-70.9634,-8.6522],[-70.968,-8.6435],[-70.9685,-8.6482],[-70.9727,-8.6474],[-70.9804,-8.6534],[-70.9787,-8.6683],[-70.9898,-8.6718],[-70.9897,-8.6774],[-70.9949,-8.679],[-70.9953,-8.6834],[-71.0005,-8.6849],[-71.0045,-8.6908],[-71.0113,-8.6845],[-71.0145,-8.6857],[-71.0095,-8.6943],[-71.0071,-8.7144],[-71.0173,-8.7154],[-71.0145,-8.7259],[-71.0259,-8.7173],[-71.0313,-8.7323],[-71.0396,-8.7276],[-71.0429,-8.7354],[-71.049,-8.7352],[-71.0518,-8.7392],[-71.0585,-8.7405],[-71.0596,-8.747],[-71.0539,-8.752],[-71.056,-8.7559],[-71.0607,-8.7566],[-71.0648,-8.7527],[-71.0747,-8.7567],[-71.0776,-8.7523],[-71.0815,-8.7548],[-71.0826,-8.7577],[-71.0744,-8.7658],[-71.079,-8.7708],[-71.0783,-8.7778],[-71.0808,-8.7768],[-71.0819,-8.7655],[-71.0897,-8.7611],[-71.095,-8.7627],[-71.1029,-8.7754],[-71.1035,-8.7651],[-71.11,-8.7652],[-71.1176,-8.7725],[-71.1208,-8.7714],[-71.1225,-8.764],[-71.1316,-8.7772],[-71.1282,-8.7829],[-71.1384,-8.7784],[-71.1473,-8.7837],[-71.1485,-8.7928],[-71.1536,-8.7915],[-71.161,-8.797],[-71.1717,-8.7883],[-71.1764,-8.7883],[-71.1845,-8.8006],[-71.1865,-8.8142],[-71.1958,-8.8053],[-71.2008,-8.8107],[-71.2146,-8.815],[-71.2195,-8.8249],[-71.2241,-8.8212],[-71.2259,-8.8387],[-71.2353,-8.8338],[-71.2395,-8.8422],[-71.237,-8.8495],[-71.2423,-8.8546],[-71.2536,-8.8448],[-71.2589,-8.8513],[-71.262,-8.8481],[-71.2697,-8.8506],[-71.2641,-8.8385],[-71.2717,-8.8439],[-71.2749,-8.851],[-71.2816,-8.8412],[-71.2889,-8.8455],[-71.2898,-8.8403],[-71.2941,-8.8419],[-71.294,-8.8488],[-71.2995,-8.8486],[-71.2999,-8.8545],[-71.3095,-8.8632],[-71.315,-8.8535],[-71.3164,-8.8641],[-71.3245,-8.8682],[-71.3223,-8.8628],[-71.3332,-8.8645],[-71.3294,-8.8723],[-71.3365,-8.8727],[-71.338,-8.8677],[-71.3427,-8.8671],[-71.3489,-8.8783],[-71.3555,-8.8749],[-71.358,-8.8807],[-71.364,-8.8802],[-71.3622,-8.8856],[-71.3726,-8.8954],[-71.3724,-8.8913],[-71.3827,-8.8946],[-71.3798,-8.8843],[-71.3893,-8.8886],[-71.395,-8.8771],[-71.4063,-8.8769],[-71.4114,-8.8806],[-71.4169,-8.8773],[-71.4215,-8.8859],[-71.4296,-8.874],[-71.4325,-8.8775],[-71.44,-8.8692],[-71.447,-8.8745],[-71.4502,-8.8717],[-71.4546,-8.8747],[-71.4588,-8.8673],[-71.4684,-8.8689],[-71.4706,-8.8757],[-71.4764,-8.8767],[-71.4819,-8.883],[-71.489,-8.8811],[-71.5009,-8.8698],[-71.5255,-8.8729],[-71.5381,-8.8597],[-71.5528,-8.8508],[-71.6158,-8.8581],[-71.62,-8.839],[-71.6185,-8.8253],[-71.6142,-8.8186],[-71.5973,-8.8043],[-71.5909,-8.7875],[-71.5807,-8.7785],[-71.5809,-8.7721],[-71.5738,-8.7573],[-71.5666,-8.754],[-71.5553,-8.7418],[-71.5418,-8.7376],[-71.5453,-8.7088],[-71.554,-8.7031],[-71.5543,-8.6922],[-71.5593,-8.6796],[-71.5571,-8.6689],[-71.5588,-8.6564],[-71.5553,-8.6474],[-71.5664,-8.6478],[-71.5743,-8.657],[-71.5839,-8.6537],[-71.6012,-8.6602],[-71.6036,-8.6636],[-71.6011,-8.6737],[-71.6073,-8.6775],[-71.6103,-8.677],[-71.6092,-8.6683],[-71.6141,-8.6647],[-71.6263,-8.6775],[-71.6189,-8.6896],[-71.623,-8.6909],[-71.6277,-8.6878],[-71.6359,-8.6883],[-71.6419,-8.6982],[-71.6471,-8.6947],[-71.651,-8.6958],[-71.6592,-8.7063],[-71.6699,-8.699],[-71.6815,-8.7006],[-71.6818,-8.7076],[-71.6743,-8.7174],[-71.6923,-8.7192],[-71.6927,-8.7292],[-71.7001,-8.7277],[-71.7085,-8.7302],[-71.713,-8.722],[-71.7176,-8.7257],[-71.7176,-8.7357],[-71.7124,-8.7417],[-71.718,-8.7407],[-71.719,-8.7476],[-71.7267,-8.7492],[-71.7291,-8.7558],[-71.7396,-8.7547],[-71.7407,-8.7632],[-71.7505,-8.7644],[-71.7523,-8.7697],[-71.7496,-8.7762],[-71.7637,-8.784],[-71.7647,-8.799],[-71.7824,-8.8142],[-71.7855,-8.8131],[-71.7874,-8.8049],[-71.7964,-8.8059],[-71.7944,-8.8166],[-71.8128,-8.8218],[-71.8109,-8.8304],[-71.8169,-8.8251],[-71.8276,-8.8233],[-71.8311,-8.8278],[-71.8406,-8.822],[-71.8482,-8.8255],[-71.8521,-8.8151],[-71.8607,-8.8212],[-71.872,-8.817],[-71.8794,-8.8102],[-71.887,-8.8083],[-71.8929,-8.8116],[-71.8971,-8.8044],[-71.9078,-8.8066],[-71.9086,-8.7993],[-71.9142,-8.7989],[-71.9177,-8.7883],[-71.9249,-8.7941],[-71.9275,-8.7903],[-71.9569,-8.7849],[-71.968,-8.7783],[-71.9832,-8.7851],[-71.9897,-8.7962],[-71.9927,-8.7939],[-72.0045,-8.8013],[-72.0094,-8.8001],[-72.0188,-8.805],[-72.0339,-8.8231],[-72.0444,-8.8304],[-72.0501,-8.8324],[-72.0535,-8.8388],[-72.0725,-8.8407],[-72.0809,-8.8537],[-72.0791,-8.8671],[-72.1248,-8.8284],[-72.144,-8.7118],[-72.1968,-8.7007],[-72.214,-8.7008],[-72.2298,-8.5986],[-72.2075,-8.5616],[-72.2014,-8.5517],[-72.2283,-8.5168],[-72.2316,-8.4103],[-72.266,-8.3909],[-72.2328,-8.3004],[-72.2256,-8.2809],[-72.2663,-8.2606],[-72.2645,-8.2223],[-72.2583,-8.0851],[-72.2481,-8.0735],[-72.2374,-8.0679],[-72.2333,-8.0515],[-72.2349,-8.0315],[-72.2322,-8.0218],[-72.2239,-8.015],[-72.2185,-7.9736],[-72.214,-7.9654],[-72.2063,-7.9617],[-72.1977,-7.9487],[-72.1847,-7.9413],[-72.1792,-7.9382],[-72.1609,-7.9379],[-72.1513,-7.9235],[-72.1331,-7.9175],[-72.1067,-7.8825],[-72.0975,-7.8772],[-72.0899,-7.8619],[-72.0687,-7.8501],[-72.0588,-7.8493],[-72.0474,-7.8331],[-72.0517,-7.8311],[-72.0452,-7.8226],[-72.0351,-7.8203],[-72.0351,-7.8126],[-72.0292,-7.8124],[-72.0314,-7.8049],[-72.0281,-7.8051],[-72.0312,-7.8003],[-72.027,-7.7995],[-72.0243,-7.8039],[-72.0236,-7.7974],[-72.0174,-7.7976],[-72.0243,-7.7931],[-72.018,-7.7849],[-72.0209,-7.7831],[-72.0173,-7.7786],[-72.012,-7.7804],[-72.007,-7.7673],[-71.9958,-7.7587],[-71.9985,-7.7495],[-71.9931,-7.7467],[-71.9952,-7.7358],[-71.9918,-7.7309],[-72.0013,-7.7205],[-72.0,-7.7161],[-72.0041,-7.7142],[-71.9979,-7.7118],[-71.996,-7.7058],[-71.9898,-7.7022],[-71.9894,-7.6956],[-71.9853,-7.6978],[-71.9839,-7.684],[-71.9785,-7.6824],[-71.9837,-7.6777],[-71.989,-7.6777],[-71.9892,-7.6726],[-71.9855,-7.6698],[-71.9741,-7.6576],[-71.9745,-7.653],[-71.9601,-7.6415],[-71.9547,-7.6331],[-71.9616,-7.6307],[-71.9574,-7.6249],[-71.7918,-7.6442],[-71.722,-7.6523],[-71.6451,-7.6613],[-71.3946,-7.6904],[-71.3811,-7.6919]]]}},{"type":"Feature","properties":{"nome":"Xapuri","cod":"1200708","uf":"AC"},"geometry":{"type":"Polygon","coordinates":[[[-68.4519,-10.2476],[-68.4365,-10.267],[-68.4276,-10.2643],[-68.4119,-10.2683],[-68.4163,-10.2772],[-68.4118,-10.2918],[-68.4156,-10.3072],[-68.3755,-10.3116],[-68.3508,-10.3322],[-68.3545,-10.3579],[-68.3902,-10.3734],[-68.3876,-10.3795],[-68.3248,-10.3937],[-68.3275,-10.4091],[-68.3136,-10.4184],[-68.2936,-10.4056],[-68.2818,-10.4039],[-68.2767,-10.3925],[-68.2723,-10.3883],[-68.2563,-10.3906],[-68.2513,-10.3872],[-68.2417,-10.3861],[-68.2401,-10.3885],[-68.2324,-10.3847],[-68.2293,-10.3899],[-68.2193,-10.3812],[-68.2096,-10.38],[-68.2069,-10.3745],[-68.2005,-10.3741],[-68.1862,-10.3825],[-68.18,-10.3768],[-68.165,-10.3737],[-68.162,-10.376],[-68.1506,-10.3704],[-68.1436,-10.3706],[-68.1387,-10.3745],[-68.1233,-10.3751],[-68.1169,-10.3674],[-68.1119,-10.3657],[-68.1029,-10.3688],[-68.0974,-10.3637],[-68.0885,-10.3649],[-68.0884,-10.3687],[-68.0697,-10.3834],[-68.0629,-10.3793],[-68.0614,-10.382],[-68.0569,-10.3804],[-68.054,-10.3845],[-68.0483,-10.3832],[-68.0448,-10.3889],[-68.0407,-10.3889],[-68.0458,-10.3937],[-68.0475,-10.4045],[-68.0557,-10.4116],[-68.0538,-10.4208],[-68.0639,-10.425],[-68.043,-10.4726],[-68.043,-10.4731],[-68.042,-10.4838],[-68.0368,-10.4893],[-68.0299,-10.5152],[-68.0332,-10.5248],[-68.0309,-10.5361],[-68.018,-10.5507],[-68.0174,-10.565],[-67.9835,-10.593],[-68.008,-10.6003],[-68.0162,-10.6022],[-68.0096,-10.6121],[-68.0088,-10.6336],[-68.0029,-10.641],[-68.0019,-10.648],[-68.0052,-10.6511],[-68.0119,-10.6477],[-68.0149,-10.6519],[-68.0162,-10.6492],[-68.0212,-10.6505],[-68.0266,-10.657],[-68.0329,-10.6549],[-68.0308,-10.6649],[-68.0405,-10.6697],[-68.0546,-10.67],[-68.0631,-10.6768],[-68.0641,-10.6825],[-68.0701,-10.6852],[-68.0754,-10.6837],[-68.079,-10.6933],[-68.0877,-10.6974],[-68.0915,-10.7041],[-68.0963,-10.7044],[-68.0948,-10.7088],[-68.1,-10.7092],[-68.1054,-10.7169],[-68.1046,-10.722],[-68.1082,-10.7248],[-68.104,-10.727],[-68.1068,-10.7293],[-68.1048,-10.7408],[-68.1016,-10.7406],[-68.0967,-10.7486],[-68.0983,-10.7524],[-68.1016,-10.7519],[-68.1025,-10.7609],[-68.107,-10.7642],[-68.1033,-10.7754],[-68.1061,-10.7794],[-68.1178,-10.7835],[-68.1252,-10.7964],[-68.1404,-10.8084],[-68.1434,-10.8153],[-68.1536,-10.8202],[-68.1674,-10.8376],[-68.1727,-10.8384],[-68.1822,-10.8562],[-68.1964,-10.8591],[-68.1997,-10.8766],[-68.2058,-10.8789],[-68.2034,-10.887],[-68.206,-10.8979],[-68.2088,-10.9043],[-68.2156,-10.9049],[-68.2243,-10.9115],[-68.2307,-10.9289],[-68.2306,-10.9433],[-68.2374,-10.9561],[-68.2489,-10.9617],[-68.2572,-10.9728],[-68.2712,-10.9791],[-68.2782,-10.9893],[-68.2845,-10.9908],[-68.2889,-10.9882],[-68.3077,-10.9921],[-68.32,-10.9994],[-68.3257,-11.0095],[-68.3323,-11.0133],[-68.3418,-11.0051],[-68.3538,-11.0042],[-68.3848,-11.018],[-68.3909,-11.0291],[-68.3885,-11.0405],[-68.3987,-11.0358],[-68.4026,-11.0147],[-68.4001,-11.0011],[-68.4108,-10.9887],[-68.4057,-10.9879],[-68.4036,-10.9828],[-68.4052,-10.9572],[-68.4185,-10.9373],[-68.4141,-10.9344],[-68.423,-10.9337],[-68.4191,-10.9267],[-68.4217,-10.921],[-68.4132,-10.9184],[-68.4214,-10.913],[-68.4211,-10.9099],[-68.4142,-10.9052],[-68.4105,-10.9065],[-68.4019,-10.8941],[-68.4013,-10.8861],[-68.4087,-10.8813],[-68.4081,-10.879],[-68.4067,-10.874],[-68.4031,-10.8732],[-68.406,-10.8648],[-68.403,-10.8569],[-68.4079,-10.8562],[-68.4262,-10.8392],[-68.4271,-10.8247],[-68.4381,-10.8245],[-68.4585,-10.8152],[-68.4774,-10.8345],[-68.4789,-10.8336],[-68.5029,-10.8157],[-68.5063,-10.8077],[-68.5206,-10.8039],[-68.5342,-10.7926],[-68.5435,-10.7918],[-68.5504,-10.7822],[-68.5576,-10.7782],[-68.56,-10.773],[-68.5606,-10.7659],[-68.5534,-10.7566],[-68.5478,-10.7566],[-68.5414,-10.7666],[-68.54,-10.753],[-68.5381,-10.7498],[-68.5329,-10.7517],[-68.532,-10.745],[-68.5439,-10.7363],[-68.5438,-10.7298],[-68.5424,-10.7274],[-68.5308,-10.7271],[-68.5318,-10.7206],[-68.535,-10.7178],[-68.5425,-10.7206],[-68.5521,-10.7168],[-68.6073,-10.6583],[-68.6436,-10.6543],[-68.6418,-10.6263],[-68.6375,-10.6234],[-68.6366,-10.619],[-68.6406,-10.6167],[-68.6428,-10.6187],[-68.6475,-10.614],[-68.6537,-10.6208],[-68.6559,-10.6189],[-68.6644,-10.6225],[-68.6685,-10.6196],[-68.6711,-10.6224],[-68.6718,-10.6188],[-68.6833,-10.6304],[-68.697,-10.631],[-68.7102,-10.6366],[-68.7116,-10.6465],[-68.7156,-10.6437],[-68.7218,-10.6489],[-68.7309,-10.6476],[-68.7316,-10.6449],[-68.7375,-10.6524],[-68.7378,-10.6556],[-68.7497,-10.6584],[-68.7532,-10.6695],[-68.7609,-10.6744],[-68.7675,-10.6662],[-68.7726,-10.6681],[-68.784,-10.6631],[-68.7917,-10.6689],[-68.8076,-10.6713],[-68.8077,-10.6766],[-68.802,-10.6774],[-68.8053,-10.6845],[-68.8126,-10.6871],[-68.8139,-10.691],[-68.8086,-10.6974],[-68.8082,-10.707],[-68.8046,-10.7087],[-68.8061,-10.7156],[-68.8229,-10.7229],[-68.8351,-10.7396],[-68.8535,-10.7579],[-68.8775,-10.758],[-68.8807,-10.7668],[-68.8954,-10.7702],[-68.8983,-10.7747],[-68.9066,-10.777],[-68.9142,-10.7758],[-68.9219,-10.7798],[-68.9285,-10.7764],[-68.9409,-10.7781],[-68.9755,-10.7714],[-68.9802,-10.752],[-68.9762,-10.7409],[-68.9661,-10.7392],[-68.9561,-10.7295],[-68.9561,-10.7198],[-68.9475,-10.7113],[-68.9495,-10.7027],[-68.9455,-10.6919],[-68.9484,-10.6765],[-68.945,-10.6743],[-68.9417,-10.6794],[-68.9318,-10.6764],[-68.9185,-10.6441],[-68.9155,-10.6364],[-68.9244,-10.6263],[-68.9255,-10.6159],[-68.9206,-10.6122],[-68.9165,-10.6142],[-68.9144,-10.6053],[-68.9104,-10.6061],[-68.9079,-10.6028],[-68.9111,-10.5982],[-68.9022,-10.584],[-68.9038,-10.5795],[-68.9076,-10.5831],[-68.9167,-10.5792],[-68.9141,-10.5774],[-68.918,-10.5777],[-68.919,-10.5811],[-68.9221,-10.5781],[-68.9284,-10.5793],[-68.9292,-10.5759],[-68.9333,-10.5803],[-68.9426,-10.5777],[-68.9445,-10.582],[-68.9454,-10.579],[-68.9513,-10.5821],[-68.9559,-10.5804],[-68.9577,-10.5848],[-68.959,-10.5809],[-68.9643,-10.5793],[-68.971,-10.584],[-68.9786,-10.5746],[-68.981,-10.5783],[-68.997,-10.5795],[-69.0008,-10.5867],[-69.0217,-10.5851],[-69.0251,-10.5901],[-69.034,-10.5878],[-69.0358,-10.5834],[-69.0541,-10.5837],[-69.0603,-10.5902],[-69.0713,-10.586],[-69.0719,-10.5823],[-69.0809,-10.5788],[-69.0808,-10.5756],[-69.0849,-10.5595],[-69.1012,-10.5541],[-69.1063,-10.5367],[-69.1179,-10.5246],[-69.1335,-10.5144],[-69.162,-10.5097],[-69.1648,-10.5022],[-69.1628,-10.4918],[-69.1691,-10.4814],[-69.1684,-10.4768],[-69.1573,-10.4672],[-69.1477,-10.4437],[-69.1397,-10.435],[-69.1413,-10.4248],[-69.1369,-10.4217],[-69.1288,-10.4017],[-69.1316,-10.385],[-68.8688,-10.385],[-68.7127,-10.384],[-68.7072,-10.3648],[-68.6975,-10.3615],[-68.6946,-10.3557],[-68.6881,-10.3591],[-68.6826,-10.3545],[-68.6816,-10.344],[-68.6851,-10.3397],[-68.6814,-10.3314],[-68.6609,-10.328],[-68.6572,-10.3191],[-68.6467,-10.3136],[-68.6423,-10.3063],[-68.6335,-10.3049],[-68.6173,-10.3068],[-68.6051,-10.2994],[-68.5961,-10.2996],[-68.5916,-10.2937],[-68.5815,-10.2951],[-68.5792,-10.2841],[-68.5693,-10.2803],[-68.5696,-10.2756],[-68.5655,-10.2727],[-68.5532,-10.2797],[-68.5429,-10.2743],[-68.5351,-10.2756],[-68.5284,-10.2689],[-68.5299,-10.2627],[-68.527,-10.257],[-68.5072,-10.2595],[-68.4964,-10.2544],[-68.4911,-10.2461],[-68.489,-10.2276],[-68.4703,-10.2164],[-68.4718,-10.1948],[-68.4658,-10.1862],[-68.4525,-10.183],[-68.4439,-10.1911],[-68.4558,-10.211],[-68.4519,-10.2476]]]}},{"type":"Feature","properties":{"nome":"Porto Acre","cod":"1200807","uf":"AC"},"geometry":{"type":"Polygon","coordinates":[[[-68.0207,-9.3491],[-68.0229,-9.3542],[-68.02,-9.3567],[-68.008,-9.352],[-67.9983,-9.3585],[-67.989,-9.3529],[-67.9834,-9.3562],[-67.9745,-9.3532],[-67.6509,-9.4996],[-67.5168,-9.5603],[-67.3255,-9.592],[-67.3244,-9.5924],[-67.34,-9.6234],[-67.3275,-9.6499],[-67.3274,-9.6653],[-67.3371,-9.6835],[-67.3358,-9.6989],[-67.335,-9.7243],[-67.3513,-9.7531],[-67.3613,-9.7648],[-67.3683,-9.7819],[-67.4058,-9.8051],[-67.4156,-9.82],[-67.436,-9.8366],[-67.4411,-9.8459],[-67.443,-9.8616],[-67.4389,-9.8797],[-67.4468,-9.8973],[-67.4469,-9.9136],[-67.4554,-9.9174],[-67.4703,-9.9148],[-67.4821,-9.9267],[-67.5166,-9.9065],[-67.5112,-9.8961],[-67.5131,-9.8847],[-67.5302,-9.8553],[-67.5458,-9.8502],[-67.5573,-9.8536],[-67.5664,-9.852],[-67.5706,-9.8452],[-67.5757,-9.8447],[-67.5814,-9.8388],[-67.5783,-9.8259],[-67.5805,-9.8238],[-67.5924,-9.8245],[-67.5945,-9.8284],[-67.5916,-9.8429],[-67.5994,-9.8506],[-67.6081,-9.8506],[-67.6006,-9.8653],[-67.625,-9.8558],[-67.6418,-9.8625],[-67.6532,-9.8632],[-67.6692,-9.8544],[-67.6847,-9.8338],[-67.71,-9.8364],[-67.7071,-9.817],[-67.7156,-9.8041],[-67.703,-9.7871],[-67.7435,-9.7397],[-67.7956,-9.779],[-67.7965,-9.7616],[-67.8042,-9.7473],[-67.8338,-9.7499],[-67.8675,-9.7331],[-67.873,-9.7309],[-67.8802,-9.7176],[-67.9095,-9.7092],[-67.9811,-9.6366],[-67.9909,-9.6271],[-68.0131,-9.6056],[-68.0889,-9.5538],[-68.0746,-9.5219],[-68.0657,-9.5186],[-68.0457,-9.5007],[-68.0328,-9.4945],[-68.0222,-9.4805],[-68.0194,-9.4698],[-68.0271,-9.4445],[-68.0334,-9.4429],[-68.0385,-9.4347],[-68.0594,-9.4171],[-68.0618,-9.3896],[-68.0518,-9.3713],[-68.0497,-9.3602],[-68.0483,-9.3522],[-68.0423,-9.3512],[-68.0387,-9.3468],[-68.0377,-9.3498],[-68.0359,-9.3473],[-68.0327,-9.3496],[-68.0325,-9.344],[-68.0207,-9.3491]]]}}]}