{"type":"FeatureCollection","metadata":{"fonte":"IBGE, via github.com/tbrugz/geodata-br"},"features":[{"type":"Feature","properties":{"nome":"Serra do Navio","cod":"1600055","uf":"AP"},"geometry":{"type":"Polygon","coordinates":[[[-52.0444,2.4384],[-52.0211,2.4346],[-52.0154,2.4369],[-52.0188,2.4275],[-52.0266,2.4279],[-52.0415,2.4221],[-52.0449,2.4046],[-52.0396,2.3982],[-52.0383,2.3898],[-52.0419,2.386],[-52.0386,2.3776],[-52.0376,2.3422],[-52.0439,2.3341],[-52.043,2.3245],[-52.0531,2.3031],[-52.0593,2.2983],[-52.0653,2.2847],[-52.065,2.2656],[-52.0454,2.251],[-52.0364,2.2332],[-52.0396,2.213],[-52.0437,2.2113],[-52.0401,2.1917],[-52.0379,2.1552],[-52.0345,2.156],[-52.0341,2.1485],[-52.0303,2.1436],[-52.0293,2.1212],[-52.009,2.0904],[-52.0118,2.0798],[-52.0103,2.0668],[-52.0023,2.0596],[-52.0046,2.0486],[-51.9968,2.0389],[-52.006,2.0198],[-52.0044,2.0124],[-52.0097,2.0067],[-52.0088,2.0013],[-52.0212,1.9852],[-52.0148,1.9822],[-52.023,1.9679],[-52.019,1.9193],[-52.0303,1.9098],[-52.0346,1.8883],[-52.0444,1.8841],[-52.0461,1.8779],[-52.0554,1.873],[-52.0651,1.8585],[-52.0597,1.8592],[-52.056,1.8511],[-52.0543,1.8235],[-52.0569,1.8187],[-52.0539,1.8106],[-52.06,1.7958],[-52.0571,1.7934],[-52.0544,1.7953],[-52.0556,1.7842],[-52.051,1.7753],[-52.058,1.7557],[-52.054,1.7496],[-52.0568,1.7432],[-52.051,1.7268],[-52.0518,1.7149],[-52.0571,1.7037],[-52.0539,1.6842],[-52.0474,1.6787],[-52.0498,1.6676],[-52.0478,1.6609],[-52.037,1.6556],[-52.0337,1.6413],[-52.027,1.6419],[-52.0233,1.6305],[-52.0257,1.613],[-52.0342,1.5886],[-52.0428,1.583],[-52.0407,1.5747],[-52.0436,1.5683],[-52.0388,1.5553],[-52.0414,1.5469],[-52.0402,1.518],[-52.0309,1.5148],[-52.031,1.5067],[-52.022,1.5002],[-52.029,1.4863],[-52.0399,1.4837],[-52.0409,1.4775],[-52.0316,1.4765],[-52.0273,1.4705],[-52.0282,1.4659],[-52.0343,1.465],[-52.0345,1.4596],[-52.0429,1.4578],[-52.0412,1.4531],[-52.0462,1.4475],[-52.0427,1.4293],[-52.0369,1.4219],[-52.0444,1.4122],[-52.04,1.4097],[-52.0324,1.3931],[-52.0056,1.3747],[-52.01,1.3633],[-52.0086,1.3455],[-52.0136,1.3346],[-52.0117,1.3293],[-51.9997,1.3285],[-51.9892,1.3233],[-51.9865,1.3233],[-51.9813,1.317],[-51.9857,1.2931],[-52.0007,1.2861],[-52.0,1.2812],[-52.0038,1.2769],[-51.9966,1.2607],[-51.9991,1.2355],[-51.9898,1.2321],[-51.9875,1.2347],[-51.9833,1.23],[-52.0035,1.2142],[-52.0089,1.1902],[-52.0029,1.1827],[-51.9883,1.1799],[-51.9874,1.1758],[-51.9953,1.1692],[-51.9937,1.1634],[-51.9799,1.1592],[-51.9951,1.1502],[-51.9933,1.1392],[-51.9807,1.1338],[-51.9861,1.1217],[-51.9807,1.1115],[-51.9809,1.0933],[-51.9867,1.0779],[-51.9805,1.0704],[-51.9898,1.0593],[-51.9861,1.0532],[-51.9546,1.0593],[-51.9526,1.0525],[-51.9399,1.0403],[-51.931,1.049],[-51.9253,1.0483],[-51.9221,1.0547],[-51.9274,1.0575],[-51.9292,1.0627],[-51.9222,1.0713],[-51.9114,1.0656],[-51.9143,1.0576],[-51.9057,1.0465],[-51.8977,1.0431],[-51.8894,1.0555],[-51.8832,1.0528],[-51.887,1.0396],[-51.8743,1.035],[-51.8684,1.0395],[-51.8598,1.0346],[-51.8576,1.0263],[-51.8437,1.0395],[-51.8368,1.0342],[-51.8378,1.0229],[-51.8303,1.0113],[-51.8181,1.0051],[-51.815,0.9829],[-51.8168,0.9762],[-51.8262,0.9771],[-51.8398,0.9696],[-51.8448,0.9571],[-51.9152,0.9357],[-51.9256,0.9161],[-51.9252,0.9055],[-51.9354,0.8943],[-51.9334,0.8825],[-51.9443,0.8545],[-51.9552,0.8509],[-51.9665,0.8415],[-51.9766,0.8515],[-51.995,0.8567],[-52.0073,0.8694],[-52.0141,0.8574],[-52.0258,0.8537],[-52.0496,0.866],[-52.0576,0.8783],[-52.0479,0.8907],[-52.0393,0.8947],[-52.0482,0.9062],[-52.0491,0.9184],[-52.0447,0.9306],[-52.0469,0.9392],[-52.0395,0.9521],[-52.0328,0.9556],[-52.0312,0.9751],[-52.0266,0.9847],[-52.0309,0.9966],[-52.0343,0.9996],[-52.0421,0.9966],[-52.0839,1.0047],[-52.0999,0.9999],[-52.1094,0.9871],[-52.1137,0.9863],[-52.1277,0.9981],[-52.1455,1.0051],[-52.1646,0.9958],[-52.1632,1.0115],[-52.1751,1.0115],[-52.1953,1.0049],[-52.1985,1.0115],[-52.1988,1.0241],[-52.2074,1.0244],[-52.21,1.0333],[-52.2011,1.0401],[-52.2039,1.0499],[-52.1973,1.0576],[-52.1986,1.0635],[-52.2101,1.069],[-52.2248,1.0562],[-52.247,1.0554],[-52.2599,1.0642],[-52.2764,1.0647],[-52.2837,1.0746],[-52.284,1.0811],[-52.2969,1.1057],[-52.3092,1.116],[-52.3107,1.1327],[-52.3235,1.1379],[-52.3291,1.1353],[-52.3356,1.1437],[-52.3451,1.1432],[-52.3518,1.1385],[-52.3582,1.1411],[-52.3642,1.158],[-52.3592,1.1621],[-52.3592,1.1673],[-52.3683,1.1706],[-52.3694,1.1795],[-52.3603,1.197],[-52.3692,1.2008],[-52.3757,1.1977],[-52.3884,1.2059],[-52.3838,1.2123],[-52.3827,1.2218],[-52.3872,1.222],[-52.3898,1.2162],[-52.3971,1.2228],[-52.4066,1.2244],[-52.4129,1.2313],[-52.4075,1.2328],[-52.4107,1.2384],[-52.4182,1.2406],[-52.4466,1.2639],[-52.4542,1.2637],[-52.4482,1.2706],[-52.4478,1.2801],[-52.4532,1.2835],[-52.4625,1.2786],[-52.4952,1.2845],[-52.4876,1.2994],[-52.4809,1.3039],[-52.4779,1.3159],[-52.4793,1.3273],[-52.4648,1.3341],[-52.4651,1.3428],[-52.4509,1.3693],[-52.4708,1.3922],[-52.4761,1.3879],[-52.4783,1.3896],[-52.4717,1.4063],[-52.4689,1.4018],[-52.4664,1.4028],[-52.4713,1.4177],[-52.4587,1.435],[-52.4614,1.4385],[-52.4715,1.4398],[-52.469,1.4457],[-52.4734,1.4566],[-52.4801,1.4589],[-52.4835,1.454],[-52.4857,1.4587],[-52.4796,1.4693],[-52.4787,1.4798],[-52.4856,1.4816],[-52.4884,1.4999],[-52.4944,1.5067],[-52.4936,1.517],[-52.4976,1.5228],[-52.4932,1.529],[-52.4821,1.533],[-52.4957,1.5418],[-52.4945,1.5459],[-52.5054,1.5567],[-52.5058,1.563],[-52.4982,1.5669],[-52.4945,1.5744],[-52.4828,1.5775],[-52.4932,1.5917],[-52.4909,1.6052],[-52.4976,1.6032],[-52.5018,1.6055],[-52.5044,1.6223],[-52.5187,1.6206],[-52.5222,1.6231],[-52.5232,1.6328],[-52.5157,1.6409],[-52.5212,1.65],[-52.5264,1.6483],[-52.5297,1.6542],[-52.5389,1.6587],[-52.5503,1.6749],[-52.5487,1.6829],[-52.559,1.6837],[-52.5596,1.6929],[-52.5534,1.6989],[-52.5615,1.7022],[-52.5559,1.7142],[-52.5587,1.7206],[-52.5721,1.7301],[-52.5744,1.7383],[-52.5782,1.7376],[-52.5784,1.7319],[-52.5904,1.7316],[-52.5958,1.7432],[-52.6157,1.7681],[-52.6233,1.7708],[-52.6277,1.7782],[-52.6351,1.7801],[-52.6404,1.7881],[-52.6423,1.7834],[-52.6511,1.7846],[-52.6598,1.8024],[-52.6683,1.8028],[-52.6623,1.8084],[-52.6673,1.8202],[-52.6783,1.8246],[-52.6782,1.8283],[-52.6848,1.829],[-52.6848,1.8352],[-52.6932,1.8391],[-52.6995,1.8321],[-52.7107,1.8388],[-52.7225,1.8511],[-52.7263,1.8513],[-52.7296,1.8626],[-52.7357,1.8693],[-52.7396,1.868],[-52.7405,1.8606],[-52.7557,1.8672],[-52.7714,1.8876],[-52.7867,1.9262],[-52.7808,1.9344],[-52.7835,1.9432],[-52.7805,1.9513],[-52.7931,1.9679],[-52.7952,1.9774],[-52.8114,1.9808],[-52.8371,2.0044],[-52.8544,2.0133],[-52.8675,2.0251],[-52.8587,2.0403],[-52.8537,2.0406],[-52.8446,2.0347],[-52.8367,2.0367],[-52.8284,2.0521],[-52.8314,2.0584],[-52.8282,2.0666],[-52.8367,2.0664],[-52.8383,2.0694],[-52.8358,2.0785],[-52.8289,2.0838],[-52.8098,2.0842],[-52.7962,2.0717],[-52.7853,2.0763],[-52.7738,2.0735],[-52.7679,2.0778],[-52.7598,2.0781],[-52.7568,2.068],[-52.7285,2.0731],[-52.7149,2.063],[-52.698,2.067],[-52.6913,2.0632],[-52.6806,2.0696],[-52.6781,2.0652],[-52.6822,2.0542],[-52.6676,2.0571],[-52.6563,2.0449],[-52.6501,2.052],[-52.6448,2.0512],[-52.6341,2.0334],[-52.6162,2.0251],[-52.6097,2.0101],[-52.5991,2.0089],[-52.5909,2.0036],[-52.5884,2.0058],[-52.5915,2.0149],[-52.5741,2.0188],[-52.5652,2.0166],[-52.5577,2.022],[-52.5519,2.0099],[-52.5448,2.0146],[-52.5341,2.0154],[-52.5305,2.0224],[-52.5225,2.0274],[-52.5108,2.0286],[-52.4993,2.0412],[-52.4848,2.0378],[-52.4715,2.0397],[-52.4644,2.0355],[-52.4576,2.037],[-52.4571,2.0424],[-52.439,2.0454],[-52.4249,2.0355],[-52.4177,2.0383],[-52.4116,2.0297],[-52.4065,2.036],[-52.4124,2.0568],[-52.4099,2.0759],[-52.4156,2.0804],[-52.4139,2.088],[-52.4104,2.0932],[-52.3991,2.1002],[-52.3921,2.1004],[-52.375,2.1146],[-52.3713,2.1195],[-52.3631,2.1213],[-52.355,2.1419],[-52.3468,2.1403],[-52.3396,2.1529],[-52.3342,2.1559],[-52.3187,2.1587],[-52.3029,2.155],[-52.2906,2.1589],[-52.2746,2.1578],[-52.2519,2.1691],[-52.2441,2.1919],[-52.2363,2.1919],[-52.2227,2.1849],[-52.2201,2.1856],[-52.2217,2.1919],[-52.2311,2.2019],[-52.2432,2.2012],[-52.2472,2.2086],[-52.2431,2.2267],[-52.2483,2.2419],[-52.2365,2.2507],[-52.2309,2.2643],[-52.2242,2.2651],[-52.2153,2.2603],[-52.2054,2.2656],[-52.1953,2.26],[-52.1894,2.2795],[-52.1808,2.2761],[-52.1797,2.2786],[-52.184,2.2912],[-52.1755,2.3033],[-52.1597,2.2982],[-52.1508,2.3034],[-52.1513,2.3203],[-52.1327,2.3301],[-52.1239,2.351],[-52.1189,2.3545],[-52.1239,2.3752],[-52.1191,2.3829],[-52.1113,2.3851],[-52.1188,2.3939],[-52.1128,2.4014],[-52.095,2.3993],[-52.0913,2.41],[-52.0724,2.3946],[-52.0594,2.3917],[-52.0508,2.4021],[-52.0444,2.4384]]]}},{"type":"Feature","properties":{"nome":"Amapá","cod":"1600105","uf":"AP"},"geometry":{"type":"Polygon","coordinates":[[[-50.5216,2.2087],[-50.4841,2.2033],[-50.4561,2.2042],[-50.4457,2.1996],[-50.4431,2.1898],[-50.4378,2.1935],[-50.4324,2.1887],[-50.422,2.1802],[-50.4121,2.1597],[-50.3853,2.1252],[-50.3855,2.1194],[-50.3783,2.1158],[-50.3715,2.1013],[-50.3656,2.1016],[-50.352,2.0871],[-50.3495,2.0775],[-50.3554,2.0659],[-50.3488,2.0625],[-50.3454,2.0537],[-50.3472,2.0511],[-50.3372,2.036],[-50.3332,2.0204],[-50.3167,2.0081],[-50.3122,1.9777],[-50.3058,1.9716],[-50.3,1.9585],[-50.2729,1.8878],[-50.2377,1.8035],[-50.1692,1.8146],[-50.1054,1.7923],[-50.0913,1.7917],[-50.0559,1.7749],[-50.0334,1.7709],[-50.0027,1.7536],[-49.9213,1.7043],[-49.9146,1.6959],[-49.9129,1.6878],[-49.9169,1.6773],[-49.9221,1.6746],[-49.9078,1.6705],[-49.8968,1.6319],[-49.8887,1.5411],[-49.8758,1.4812],[-49.8783,1.4645],[-49.8764,1.4509],[-49.8837,1.4024],[-49.8814,1.3904],[-49.8961,1.332],[-49.9099,1.2969],[-49.9063,1.2742],[-49.9549,1.2373],[-49.9829,1.2236],[-50.0679,1.209],[-50.1049,1.2075],[-50.1271,1.2143],[-50.1344,1.2221],[-50.137,1.2326],[-50.1281,1.3063],[-50.131,1.3233],[-50.1374,1.3306],[-50.1449,1.3348],[-50.1666,1.3283],[-50.2122,1.3337],[-50.2497,1.3263],[-50.2742,1.3146],[-50.2877,1.2977],[-50.2965,1.266],[-50.2927,1.2536],[-50.2779,1.2293],[-50.2749,1.2086],[-50.2813,1.194],[-50.3003,1.1729],[-50.3294,1.16],[-50.3441,1.1581],[-50.3647,1.1615],[-50.3864,1.1838],[-50.4155,1.1785],[-50.4238,1.1893],[-50.4158,1.1984],[-50.4189,1.224],[-50.4338,1.2375],[-50.5533,1.4605],[-50.5601,1.4728],[-50.5575,1.4823],[-50.5362,1.4906],[-50.5347,1.4981],[-50.5422,1.5024],[-50.5425,1.5061],[-50.5275,1.5138],[-50.5381,1.5236],[-50.5396,1.5302],[-50.5364,1.5484],[-50.5428,1.5689],[-50.5385,1.5906],[-50.5485,1.6067],[-50.5472,1.6186],[-50.5532,1.6274],[-50.5499,1.6476],[-50.5519,1.6505],[-50.5604,1.6497],[-50.5669,1.6533],[-50.5791,1.6784],[-50.5802,1.6868],[-50.5731,1.6943],[-50.567,1.7113],[-50.5837,1.7326],[-50.5976,1.7331],[-50.5989,1.7409],[-50.6094,1.7356],[-50.6155,1.7415],[-50.6135,1.7629],[-50.6324,1.7946],[-50.6353,1.8125],[-50.6419,1.8228],[-50.6402,1.8298],[-50.6923,1.8304],[-50.7021,1.8268],[-50.7108,1.8164],[-50.7197,1.8146],[-50.7272,1.8164],[-50.7436,1.8299],[-50.7516,1.8282],[-50.7594,1.8259],[-50.763,1.835],[-50.7713,1.8388],[-50.7748,1.8292],[-50.7672,1.8228],[-50.769,1.8178],[-50.7791,1.8147],[-50.7811,1.8049],[-50.7775,1.7925],[-50.788,1.7966],[-50.7939,1.7885],[-50.8,1.7889],[-50.8056,1.7814],[-50.8114,1.7817],[-50.8096,1.7891],[-50.8,1.7911],[-50.7984,1.7975],[-50.8123,1.8119],[-50.819,1.8089],[-50.8331,1.8174],[-50.8381,1.8166],[-50.845,1.8264],[-50.8531,1.827],[-50.8547,1.8304],[-50.8592,1.8278],[-50.8678,1.8304],[-50.8751,1.8232],[-50.8804,1.8275],[-50.8816,1.8286],[-50.9099,1.8232],[-50.9246,1.8304],[-50.9346,1.8313],[-50.9438,1.8277],[-50.9603,1.8338],[-50.9657,1.839],[-50.9807,1.84],[-50.9914,1.8391],[-51.0033,1.8511],[-51.0111,1.8515],[-51.0344,1.869],[-51.0423,1.8636],[-51.0549,1.8673],[-51.0633,1.8577],[-51.0717,1.8562],[-51.079,1.8594],[-51.0973,1.8527],[-51.0999,1.848],[-51.1078,1.8504],[-51.1141,1.8454],[-51.1169,1.8543],[-51.1348,1.8647],[-51.1379,1.873],[-51.1503,1.876],[-51.1524,1.8846],[-51.1673,1.8922],[-51.1816,1.892],[-51.1959,1.8829],[-51.2101,1.8892],[-51.2354,1.8735],[-51.2457,1.8843],[-51.2621,1.8942],[-51.2706,1.8971],[-51.2847,1.8948],[-51.302,1.8722],[-51.2968,1.8651],[-51.3167,1.8656],[-51.3324,1.8545],[-51.3369,1.8574],[-51.343,1.8562],[-51.3605,1.8477],[-51.3663,1.8514],[-51.3717,1.8504],[-51.3734,1.845],[-51.367,1.8419],[-51.3656,1.8253],[-51.3681,1.8166],[-51.381,1.806],[-51.382,1.7948],[-51.4044,1.7836],[-51.4206,1.7665],[-51.4284,1.7684],[-51.4359,1.7639],[-51.4408,1.7559],[-51.446,1.7557],[-51.4476,1.7741],[-51.4672,1.7909],[-51.4819,1.8106],[-51.5067,1.8313],[-51.521,1.8377],[-51.5317,1.8506],[-51.5624,1.8555],[-51.5732,1.8673],[-51.5802,1.8674],[-51.5864,1.8798],[-51.5934,1.8851],[-51.6063,1.8823],[-51.6267,1.8836],[-51.6466,1.8767],[-51.6477,1.8892],[-51.6424,1.9187],[-51.6573,1.9403],[-51.6597,1.9494],[-51.6452,1.9665],[-51.6434,1.981],[-51.644,1.9926],[-51.6304,1.9952],[-51.6107,2.0114],[-51.5887,2.0203],[-51.6015,2.0487],[-51.5972,2.0652],[-51.583,2.0796],[-51.5809,2.0905],[-51.5832,2.0958],[-51.5767,2.1091],[-51.5705,2.1145],[-51.5255,2.0399],[-51.5044,2.0268],[-51.4942,2.0243],[-51.4753,2.0307],[-51.467,2.041],[-51.4694,2.0476],[-51.4646,2.0539],[-51.446,2.0647],[-51.4333,2.0555],[-51.4273,2.0552],[-51.4211,2.0476],[-51.4102,2.0441],[-51.3938,2.0217],[-51.3743,2.0186],[-51.3526,2.0301],[-51.3433,2.0306],[-51.3398,2.0403],[-51.3181,2.0552],[-51.3139,2.0633],[-51.2996,2.0659],[-51.2877,2.077],[-51.2473,2.0975],[-51.2457,2.0999],[-51.2491,2.1042],[-51.2464,2.1073],[-51.2386,2.1064],[-51.2359,2.1185],[-51.2283,2.1251],[-51.2186,2.1187],[-51.2031,2.1195],[-51.2,2.1261],[-51.1846,2.1368],[-51.1749,2.1379],[-51.163,2.151],[-51.1341,2.1496],[-51.1205,2.1627],[-51.0937,2.1636],[-51.0918,2.174],[-51.0781,2.1794],[-51.0685,2.1728],[-51.0617,2.1758],[-51.0559,2.1695],[-51.0455,2.1711],[-51.0367,2.1621],[-51.0264,2.165],[-51.0053,2.1538],[-51.0007,2.1562],[-51.0001,2.1479],[-50.9884,2.1438],[-50.985,2.1479],[-50.985,2.1593],[-50.9759,2.1687],[-50.9732,2.1661],[-50.9645,2.1721],[-50.962,2.171],[-50.9651,2.163],[-50.9504,2.1704],[-50.9487,2.1628],[-50.9394,2.1565],[-50.9297,2.1598],[-50.929,2.1647],[-50.9243,2.1675],[-50.9252,2.1598],[-50.9164,2.1489],[-50.8992,2.1534],[-50.8904,2.16],[-50.8829,2.1596],[-50.8802,2.1685],[-50.8732,2.165],[-50.8641,2.1657],[-50.8708,2.1577],[-50.8686,2.1489],[-50.853,2.1569],[-50.8608,2.141],[-50.8437,2.1389],[-50.837,2.1537],[-50.8282,2.1548],[-50.8314,2.167],[-50.8139,2.1714],[-50.8178,2.1755],[-50.8147,2.177],[-50.8001,2.1757],[-50.7949,2.1694],[-50.7885,2.1701],[-50.7877,2.1593],[-50.7793,2.1565],[-50.7781,2.1477],[-50.7509,2.1196],[-50.7458,2.1194],[-50.7414,2.1242],[-50.7378,2.1455],[-50.7286,2.1447],[-50.7163,2.1335],[-50.7021,2.1385],[-50.6654,2.1512],[-50.6009,2.1805],[-50.5791,2.189],[-50.5216,2.2087]]]}},{"type":"Feature","properties":{"nome":"Pedra Branca do Amapari","cod":"1600154","uf":"AP"},"geometry":{"type":"Polygon","coordinates":[[[-52.7835,1.9432],[-52.7808,1.9344],[-52.7867,1.9262],[-52.7714,1.8876],[-52.7557,1.8672],[-52.7405,1.8606],[-52.7396,1.868],[-52.7357,1.8693],[-52.7296,1.8626],[-52.7263,1.8513],[-52.7225,1.8511],[-52.7107,1.8388],[-52.6995,1.8321],[-52.6932,1.8391],[-52.6848,1.8352],[-52.6848,1.829],[-52.6782,1.8283],[-52.6783,1.8246],[-52.6673,1.8202],[-52.6623,1.8084],[-52.6683,1.8028],[-52.6598,1.8024],[-52.6511,1.7846],[-52.6423,1.7834],[-52.6404,1.7881],[-52.6351,1.7801],[-52.6277,1.7782],[-52.6233,1.7708],[-52.6157,1.7681],[-52.5958,1.7432],[-52.5904,1.7316],[-52.5784,1.7319],[-52.5782,1.7376],[-52.5744,1.7383],[-52.5721,1.7301],[-52.5587,1.7206],[-52.5559,1.7142],[-52.5615,1.7022],[-52.5534,1.6989],[-52.5596,1.6929],[-52.559,1.6837],[-52.5487,1.6829],[-52.5503,1.6749],[-52.5389,1.6587],[-52.5297,1.6542],[-52.5264,1.6483],[-52.5212,1.65],[-52.5157,1.6409],[-52.5232,1.6328],[-52.5222,1.6231],[-52.5187,1.6206],[-52.5044,1.6223],[-52.5018,1.6055],[-52.4976,1.6032],[-52.4909,1.6052],[-52.4932,1.5917],[-52.4828,1.5775],[-52.4945,1.5744],[-52.4982,1.5669],[-52.5058,1.563],[-52.5054,1.5567],[-52.4945,1.5459],[-52.4957,1.5418],[-52.4821,1.533],[-52.4932,1.529],[-52.4976,1.5228],[-52.4936,1.517],[-52.4944,1.5067],[-52.4884,1.4999],[-52.4856,1.4816],[-52.4787,1.4798],[-52.4796,1.4693],[-52.4857,1.4587],[-52.4835,1.454],[-52.4801,1.4589],[-52.4734,1.4566],[-52.469,1.4457],[-52.4715,1.4398],[-52.4614,1.4385],[-52.4587,1.435],[-52.4713,1.4177],[-52.4664,1.4028],[-52.4689,1.4018],[-52.4717,1.4063],[-52.4783,1.3896],[-52.4761,1.3879],[-52.4708,1.3922],[-52.4509,1.3693],[-52.4651,1.3428],[-52.4648,1.3341],[-52.4793,1.3273],[-52.4779,1.3159],[-52.4809,1.3039],[-52.4876,1.2994],[-52.4952,1.2845],[-52.4625,1.2786],[-52.4532,1.2835],[-52.4478,1.2801],[-52.4482,1.2706],[-52.4542,1.2637],[-52.4466,1.2639],[-52.4182,1.2406],[-52.4107,1.2384],[-52.4075,1.2328],[-52.4129,1.2313],[-52.4066,1.2244],[-52.3971,1.2228],[-52.3898,1.2162],[-52.3872,1.222],[-52.3827,1.2218],[-52.3838,1.2123],[-52.3884,1.2059],[-52.3757,1.1977],[-52.3692,1.2008],[-52.3603,1.197],[-52.3694,1.1795],[-52.3683,1.1706],[-52.3592,1.1673],[-52.3592,1.1621],[-52.3642,1.158],[-52.3582,1.1411],[-52.3518,1.1385],[-52.3451,1.1432],[-52.3356,1.1437],[-52.3291,1.1353],[-52.3235,1.1379],[-52.3107,1.1327],[-52.3092,1.116],[-52.2969,1.1057],[-52.284,1.0811],[-52.2837,1.0746],[-52.2764,1.0647],[-52.2599,1.0642],[-52.247,1.0554],[-52.2248,1.0562],[-52.2101,1.069],[-52.1986,1.0635],[-52.1973,1.0576],[-52.2039,1.0499],[-52.2011,1.0401],[-52.21,1.0333],[-52.2074,1.0244],[-52.1988,1.0241],[-52.1985,1.0115],[-52.1953,1.0049],[-52.1751,1.0115],[-52.1632,1.0115],[-52.1646,0.9958],[-52.1455,1.0051],[-52.1277,0.9981],[-52.1137,0.9863],[-52.1094,0.9871],[-52.0999,0.9999],[-52.0839,1.0047],[-52.0421,0.9966],[-52.0343,0.9996],[-52.0309,0.9966],[-52.0266,0.9847],[-52.0312,0.9751],[-52.0328,0.9556],[-52.0395,0.9521],[-52.0469,0.9392],[-52.0447,0.9306],[-52.0491,0.9184],[-52.0482,0.9062],[-52.0393,0.8947],[-52.0479,0.8907],[-52.0576,0.8783],[-52.0496,0.866],[-52.0258,0.8537],[-52.0141,0.8574],[-52.0073,0.8694],[-51.995,0.8567],[-51.9766,0.8515],[-51.9665,0.8415],[-51.9552,0.8509],[-51.9443,0.8545],[-51.9334,0.8825],[-51.9354,0.8943],[-51.9252,0.9055],[-51.9256,0.9161],[-51.9152,0.9357],[-51.8448,0.9571],[-51.8398,0.9696],[-51.8262,0.9771],[-51.8168,0.9762],[-51.8127,0.9723],[-51.802,0.9745],[-51.7973,0.9961],[-51.786,0.9942],[-51.7868,0.9865],[-51.7797,0.9826],[-51.7777,0.9691],[-51.7883,0.9645],[-51.8009,0.9651],[-51.7995,0.9572],[-51.8088,0.9521],[-51.8072,0.946],[-51.8098,0.942],[-51.8273,0.9303],[-51.8372,0.9319],[-51.8397,0.9218],[-51.8318,0.9159],[-51.8387,0.9037],[-51.8362,0.8996],[-51.8223,0.8943],[-51.8212,0.8858],[-51.8095,0.8854],[-51.8025,0.8743],[-51.7942,0.8743],[-51.7929,0.8576],[-51.7719,0.8323],[-51.7695,0.8244],[-51.7714,0.8126],[-51.7533,0.8002],[-51.7505,0.7821],[-51.7468,0.7772],[-51.7507,0.7699],[-51.7348,0.7652],[-51.7245,0.7505],[-51.7196,0.7348],[-51.7121,0.7271],[-51.7055,0.705],[-51.7063,0.6964],[-51.7212,0.6862],[-51.7239,0.6737],[-51.7299,0.6669],[-51.7229,0.6525],[-51.7372,0.6253],[-51.7556,0.6181],[-51.7593,0.6251],[-51.7526,0.6541],[-51.7542,0.6597],[-51.766,0.6637],[-51.7828,0.6494],[-51.7877,0.6486],[-51.7997,0.6638],[-51.7971,0.6815],[-51.8026,0.6945],[-51.8146,0.6922],[-51.8259,0.6828],[-51.8427,0.6809],[-51.8531,0.6729],[-51.8776,0.7082],[-51.8854,0.7009],[-51.8968,0.6987],[-51.9218,0.7007],[-51.9297,0.6955],[-51.9523,0.6995],[-51.963,0.6932],[-51.9824,0.6971],[-52.019,0.6933],[-52.0195,0.6892],[-52.0334,0.6831],[-52.0488,0.6702],[-52.0695,0.6628],[-52.0892,0.6619],[-52.09,0.6742],[-52.102,0.6744],[-52.1082,0.6607],[-52.1044,0.6489],[-52.1142,0.6413],[-52.1155,0.6339],[-52.1196,0.6335],[-52.1287,0.6404],[-52.1344,0.6404],[-52.1402,0.6355],[-52.1465,0.6406],[-52.1637,0.6449],[-52.1654,0.6412],[-52.1705,0.6379],[-52.1786,0.641],[-52.1766,0.6364],[-52.1841,0.6287],[-52.1844,0.6179],[-52.198,0.6003],[-52.2097,0.5958],[-52.2262,0.6024],[-52.2348,0.5961],[-52.2438,0.5787],[-52.2549,0.566],[-52.2574,0.5476],[-52.2702,0.5276],[-52.2703,0.5224],[-52.291,0.5043],[-52.3089,0.5003],[-52.3136,0.4772],[-52.3204,0.4699],[-52.3207,0.4646],[-52.3286,0.4523],[-52.3492,0.4421],[-52.3476,0.4329],[-52.3647,0.4491],[-52.376,0.4516],[-52.3864,0.4683],[-52.3836,0.485],[-52.3933,0.4854],[-52.3968,0.492],[-52.3954,0.4991],[-52.4108,0.5044],[-52.4164,0.511],[-52.4173,0.5257],[-52.4143,0.5493],[-52.4379,0.5702],[-52.4605,0.5744],[-52.4663,0.583],[-52.467,0.5932],[-52.4697,0.6043],[-52.4803,0.6167],[-52.4812,0.6322],[-52.4899,0.6392],[-52.503,0.6425],[-52.5062,0.6483],[-52.4977,0.66],[-52.5005,0.6726],[-52.5054,0.6784],[-52.5189,0.6835],[-52.5236,0.6931],[-52.5326,0.6977],[-52.5461,0.7213],[-52.5684,0.7253],[-52.5769,0.7385],[-52.5834,0.7421],[-52.6097,0.7385],[-52.6144,0.7408],[-52.6202,0.7621],[-52.6317,0.7749],[-52.6443,0.7766],[-52.6535,0.7857],[-52.6612,0.7923],[-52.6652,0.8057],[-52.6599,0.8305],[-52.6627,0.8343],[-52.6749,0.8267],[-52.6792,0.8294],[-52.6982,0.8251],[-52.7216,0.8268],[-52.7262,0.8208],[-52.7369,0.8157],[-52.7468,0.8167],[-52.7551,0.8259],[-52.7565,0.8326],[-52.7477,0.856],[-52.7611,0.8611],[-52.7716,0.8765],[-52.7819,0.8795],[-52.7886,0.8863],[-52.7965,0.8803],[-52.8071,0.8797],[-52.8158,0.8744],[-52.8229,0.876],[-52.824,0.8854],[-52.8364,0.8979],[-52.8372,0.905],[-52.8237,0.9306],[-52.8237,0.9571],[-52.8296,0.9598],[-52.8384,0.9514],[-52.8459,0.9516],[-52.8662,0.9671],[-52.8773,0.9959],[-52.8714,1.0118],[-52.8786,1.0408],[-52.891,1.0519],[-52.8906,1.0813],[-52.8938,1.0888],[-52.9123,1.0966],[-52.9368,1.1204],[-52.9549,1.1247],[-52.9609,1.1293],[-52.972,1.2065],[-52.9566,1.262],[-52.953,1.2659],[-52.9319,1.2652],[-52.928,1.271],[-52.9267,1.2827],[-52.9302,1.2994],[-52.9276,1.3181],[-52.9167,1.3371],[-52.9144,1.358],[-52.8899,1.3893],[-52.8773,1.4278],[-52.8689,1.4418],[-52.8707,1.4652],[-52.865,1.4998],[-52.8628,1.5144],[-52.8667,1.5337],[-52.8787,1.5476],[-52.8883,1.5527],[-52.9153,1.5601],[-52.9288,1.5588],[-52.9358,1.5545],[-52.9517,1.5546],[-52.9668,1.5611],[-52.9765,1.5744],[-52.981,1.5925],[-52.99,1.6084],[-52.9938,1.6271],[-52.9885,1.668],[-52.9804,1.6923],[-52.9707,1.7008],[-52.9709,1.7107],[-52.9883,1.7539],[-53.0041,1.7627],[-53.0119,1.7841],[-53.0084,1.8005],[-52.9985,1.8082],[-52.9945,1.8201],[-53.0115,1.8403],[-53.0239,1.8494],[-53.0266,1.875],[-53.0414,1.8983],[-53.042,1.9076],[-53.0519,1.9141],[-53.0587,1.9343],[-53.0585,1.9469],[-53.0475,1.9723],[-53.0415,1.9772],[-53.025,1.9813],[-53.0081,1.9787],[-52.9985,1.9551],[-52.994,1.9524],[-52.9612,1.9511],[-52.9462,1.9455],[-52.9286,1.9505],[-52.9208,1.942],[-52.9185,1.9483],[-52.9138,1.9487],[-52.9112,1.9556],[-52.9,1.9629],[-52.9072,1.9923],[-52.903,1.9996],[-52.9083,2.009],[-52.9039,2.0093],[-52.9033,2.0167],[-52.889,2.0321],[-52.8675,2.0251],[-52.8544,2.0133],[-52.8371,2.0044],[-52.8114,1.9808],[-52.7952,1.9774],[-52.7931,1.9679],[-52.7805,1.9513],[-52.7835,1.9432]]]}},{"type":"Feature","properties":{"nome":"Calçoene","cod":"1600204","uf":"AP"},"geometry":{"type":"Polygon","coordinates":[[[-51.0706,3.4918],[-51.0786,3.4597],[-51.0829,3.4601],[-51.0889,3.4541],[-51.0901,3.4471],[-51.0872,3.3921],[-51.0799,3.3695],[-51.0216,3.2084],[-51.026,3.1853],[-51.0336,3.1753],[-51.0312,3.1561],[-51.0354,3.1375],[-51.0274,3.1172],[-51.0067,3.0941],[-51.0062,3.0797],[-51.0124,3.0662],[-51.0144,3.0458],[-50.9999,3.018],[-50.9885,3.0037],[-50.9843,2.9751],[-50.9877,2.9613],[-50.9808,2.9373],[-50.9715,2.926],[-50.9624,2.9058],[-50.9439,2.8845],[-50.942,2.8546],[-50.9471,2.8365],[-50.941,2.8148],[-50.9418,2.8037],[-50.9265,2.8086],[-50.9078,2.8012],[-50.9015,2.7949],[-50.9001,2.786],[-50.905,2.7738],[-50.9028,2.7567],[-50.8907,2.7525],[-50.8814,2.7417],[-50.8822,2.6861],[-50.8682,2.6798],[-50.8527,2.6599],[-50.85,2.6444],[-50.8406,2.6391],[-50.841,2.6018],[-50.8456,2.5945],[-50.8428,2.5944],[-50.8424,2.5865],[-50.8354,2.5746],[-50.831,2.5335],[-50.8367,2.5085],[-50.8525,2.5044],[-50.8545,2.491],[-50.8516,2.4865],[-50.8506,2.4952],[-50.8443,2.4983],[-50.8364,2.493],[-50.8152,2.5091],[-50.8057,2.5096],[-50.7911,2.5013],[-50.7836,2.4879],[-50.7827,2.4767],[-50.7746,2.4684],[-50.7644,2.4484],[-50.7639,2.426],[-50.7701,2.4121],[-50.7607,2.3979],[-50.756,2.381],[-50.7597,2.3661],[-50.7505,2.3596],[-50.7433,2.3422],[-50.7421,2.3116],[-50.7342,2.3031],[-50.722,2.2767],[-50.724,2.257],[-50.7218,2.2375],[-50.7151,2.2375],[-50.7081,2.2311],[-50.6929,2.2088],[-50.6856,2.1893],[-50.6819,2.1734],[-50.6832,2.1547],[-50.6882,2.148],[-50.7018,2.1443],[-50.7021,2.1385],[-50.7163,2.1335],[-50.7286,2.1447],[-50.7378,2.1455],[-50.7414,2.1242],[-50.7458,2.1194],[-50.7509,2.1196],[-50.7781,2.1477],[-50.7793,2.1565],[-50.7877,2.1593],[-50.7885,2.1701],[-50.7949,2.1694],[-50.8001,2.1757],[-50.8147,2.177],[-50.8178,2.1755],[-50.8139,2.1714],[-50.8314,2.167],[-50.8282,2.1548],[-50.837,2.1537],[-50.8437,2.1389],[-50.8608,2.141],[-50.853,2.1569],[-50.8686,2.1489],[-50.8708,2.1577],[-50.8641,2.1657],[-50.8732,2.165],[-50.8802,2.1685],[-50.8829,2.1596],[-50.8904,2.16],[-50.8992,2.1534],[-50.9164,2.1489],[-50.9252,2.1598],[-50.9243,2.1675],[-50.929,2.1647],[-50.9297,2.1598],[-50.9394,2.1565],[-50.9487,2.1628],[-50.9504,2.1704],[-50.9651,2.163],[-50.962,2.171],[-50.9645,2.1721],[-50.9732,2.1661],[-50.9759,2.1687],[-50.985,2.1593],[-50.985,2.1479],[-50.9884,2.1438],[-51.0001,2.1479],[-51.0007,2.1562],[-51.0053,2.1538],[-51.0264,2.165],[-51.0367,2.1621],[-51.0455,2.1711],[-51.0559,2.1695],[-51.0617,2.1758],[-51.0685,2.1728],[-51.0781,2.1794],[-51.0918,2.174],[-51.0937,2.1636],[-51.1205,2.1627],[-51.1341,2.1496],[-51.163,2.151],[-51.1749,2.1379],[-51.1846,2.1368],[-51.2,2.1261],[-51.2031,2.1195],[-51.2186,2.1187],[-51.2283,2.1251],[-51.2359,2.1185],[-51.2386,2.1064],[-51.2464,2.1073],[-51.2491,2.1042],[-51.2457,2.0999],[-51.2473,2.0975],[-51.2877,2.077],[-51.2996,2.0659],[-51.3139,2.0633],[-51.3181,2.0552],[-51.3398,2.0403],[-51.3433,2.0306],[-51.3526,2.0301],[-51.3743,2.0186],[-51.3938,2.0217],[-51.4102,2.0441],[-51.4211,2.0476],[-51.4273,2.0552],[-51.4333,2.0555],[-51.446,2.0647],[-51.4646,2.0539],[-51.4694,2.0476],[-51.467,2.041],[-51.4753,2.0307],[-51.4942,2.0243],[-51.5044,2.0268],[-51.5255,2.0399],[-51.5705,2.1145],[-51.5767,2.1091],[-51.5832,2.0958],[-51.5809,2.0905],[-51.583,2.0796],[-51.5972,2.0652],[-51.6015,2.0487],[-51.5887,2.0203],[-51.6107,2.0114],[-51.6304,1.9952],[-51.644,1.9926],[-51.6434,1.981],[-51.6452,1.9665],[-51.6597,1.9494],[-51.6573,1.9403],[-51.6424,1.9187],[-51.6477,1.8892],[-51.6466,1.8767],[-51.6539,1.861],[-51.6614,1.8283],[-51.6807,1.8042],[-51.687,1.7858],[-51.6927,1.7487],[-51.7038,1.7318],[-51.7054,1.715],[-51.7002,1.7055],[-51.7072,1.6871],[-51.7051,1.6744],[-51.7108,1.6717],[-51.7122,1.6465],[-51.7202,1.6366],[-51.7189,1.62],[-51.7332,1.5995],[-51.732,1.5956],[-51.7393,1.5894],[-51.7503,1.5889],[-51.7619,1.5805],[-51.7637,1.5736],[-51.7696,1.5757],[-51.7797,1.5731],[-51.7925,1.5462],[-51.8003,1.5371],[-51.8201,1.5251],[-51.8385,1.5003],[-51.852,1.4923],[-51.8583,1.4733],[-51.8657,1.4681],[-51.8681,1.4432],[-51.8744,1.442],[-51.8791,1.4316],[-51.8861,1.4299],[-51.8868,1.4243],[-51.8966,1.4203],[-51.8923,1.4175],[-51.9069,1.4085],[-51.9101,1.4111],[-51.9119,1.4004],[-51.9255,1.3908],[-51.9525,1.4002],[-51.9569,1.3888],[-51.9653,1.3862],[-51.9631,1.3817],[-51.9668,1.3804],[-51.9709,1.3687],[-51.9679,1.3637],[-51.9716,1.337],[-51.9892,1.3233],[-51.9997,1.3285],[-52.0117,1.3293],[-52.0136,1.3346],[-52.0086,1.3455],[-52.01,1.3633],[-52.0056,1.3747],[-52.0324,1.3931],[-52.04,1.4097],[-52.0444,1.4122],[-52.0369,1.4219],[-52.0427,1.4293],[-52.0462,1.4475],[-52.0412,1.4531],[-52.0429,1.4578],[-52.0345,1.4596],[-52.0343,1.465],[-52.0282,1.4659],[-52.0273,1.4705],[-52.0316,1.4765],[-52.0409,1.4775],[-52.0399,1.4837],[-52.029,1.4863],[-52.022,1.5002],[-52.031,1.5067],[-52.0309,1.5148],[-52.0402,1.518],[-52.0414,1.5469],[-52.0388,1.5553],[-52.0436,1.5683],[-52.0407,1.5747],[-52.0428,1.583],[-52.0342,1.5886],[-52.0257,1.613],[-52.0233,1.6305],[-52.027,1.6419],[-52.0337,1.6413],[-52.037,1.6556],[-52.0478,1.6609],[-52.0498,1.6676],[-52.0474,1.6787],[-52.0539,1.6842],[-52.0571,1.7037],[-52.0518,1.7149],[-52.051,1.7268],[-52.0568,1.7432],[-52.054,1.7496],[-52.058,1.7557],[-52.051,1.7753],[-52.0556,1.7842],[-52.0544,1.7953],[-52.0571,1.7934],[-52.06,1.7958],[-52.0539,1.8106],[-52.0569,1.8187],[-52.0543,1.8235],[-52.056,1.8511],[-52.0597,1.8592],[-52.0651,1.8585],[-52.0554,1.873],[-52.0461,1.8779],[-52.0444,1.8841],[-52.0346,1.8883],[-52.0303,1.9098],[-52.019,1.9193],[-52.023,1.9679],[-52.0148,1.9822],[-52.0212,1.9852],[-52.0088,2.0013],[-52.0097,2.0067],[-52.0044,2.0124],[-52.006,2.0198],[-51.9968,2.0389],[-52.0046,2.0486],[-52.0023,2.0596],[-52.0103,2.0668],[-52.0118,2.0798],[-52.009,2.0904],[-52.0293,2.1212],[-52.0303,2.1436],[-52.0341,2.1485],[-52.0345,2.156],[-52.0379,2.1552],[-52.0401,2.1917],[-52.0437,2.2113],[-52.0396,2.213],[-52.0364,2.2332],[-52.0454,2.251],[-52.065,2.2656],[-52.0653,2.2847],[-52.0593,2.2983],[-52.0531,2.3031],[-52.043,2.3245],[-52.0439,2.3341],[-52.0376,2.3422],[-52.0386,2.3776],[-52.0419,2.386],[-52.0383,2.3898],[-52.0396,2.3982],[-52.0449,2.4046],[-52.0415,2.4221],[-52.0266,2.4279],[-52.0188,2.4275],[-52.0154,2.4369],[-52.0102,2.4402],[-52.0042,2.4336],[-51.9945,2.4306],[-51.9936,2.4249],[-51.9981,2.4217],[-51.9994,2.4248],[-52.0026,2.421],[-51.9951,2.4056],[-51.9842,2.4162],[-51.9574,2.4087],[-51.9497,2.3786],[-51.9404,2.3786],[-51.9377,2.3715],[-51.9338,2.3702],[-51.9268,2.3763],[-51.9243,2.368],[-51.9147,2.3562],[-51.8956,2.3573],[-51.8928,2.3447],[-51.8891,2.3413],[-51.8691,2.347],[-51.864,2.3538],[-51.8623,2.3595],[-51.8514,2.3663],[-51.855,2.382],[-51.8634,2.3872],[-51.8628,2.3941],[-51.852,2.3957],[-51.8464,2.3958],[-51.821,2.3724],[-51.8058,2.376],[-51.8012,2.3866],[-51.7967,2.3885],[-51.7816,2.3785],[-51.7718,2.3793],[-51.7611,2.3903],[-51.7524,2.4034],[-51.7533,2.4113],[-51.7472,2.4171],[-51.7484,2.4242],[-51.7303,2.433],[-51.7208,2.451],[-51.7155,2.452],[-51.7028,2.4662],[-51.6897,2.4875],[-51.6846,2.4995],[-51.6911,2.5008],[-51.689,2.5156],[-51.6825,2.5264],[-51.6797,2.5297],[-51.6726,2.5287],[-51.6695,2.5343],[-51.657,2.5352],[-51.6484,2.5467],[-51.6468,2.5612],[-51.6428,2.5623],[-51.6415,2.5696],[-51.6466,2.5802],[-51.6513,2.5819],[-51.6372,2.6024],[-51.6345,2.6188],[-51.6256,2.6204],[-51.6234,2.6318],[-51.6142,2.637],[-51.6051,2.6504],[-51.5976,2.6539],[-51.5984,2.6621],[-51.5919,2.6749],[-51.5814,2.6774],[-51.5779,2.6869],[-51.5695,2.6961],[-51.5649,2.6939],[-51.5634,2.6992],[-51.557,2.7037],[-51.5538,2.7205],[-51.548,2.7253],[-51.5472,2.7359],[-51.5404,2.7478],[-51.5289,2.7591],[-51.5278,2.7675],[-51.5216,2.7725],[-51.5251,2.7772],[-51.5138,2.7804],[-51.5178,2.7882],[-51.512,2.7958],[-51.5129,2.804],[-51.5198,2.8238],[-51.5141,2.8231],[-51.5122,2.8272],[-51.4793,2.8393],[-51.4756,2.8465],[-51.4717,2.8475],[-51.4729,2.8543],[-51.4563,2.8598],[-51.468,2.8646],[-51.4623,2.873],[-51.4523,2.8702],[-51.4422,2.8748],[-51.4436,2.8801],[-51.4342,2.8855],[-51.4377,2.8961],[-51.4359,2.906],[-51.4307,2.9059],[-51.4218,2.9147],[-51.429,2.9241],[-51.4272,2.9291],[-51.436,2.9305],[-51.4383,2.9366],[-51.4227,2.9459],[-51.4204,2.9562],[-51.399,2.9826],[-51.4015,2.9913],[-51.3869,3.0073],[-51.3883,3.0149],[-51.3932,3.0126],[-51.3965,3.0167],[-51.3961,3.0226],[-51.3904,3.0228],[-51.3851,3.0284],[-51.3644,3.0214],[-51.3662,3.028],[-51.3763,3.0325],[-51.3566,3.0528],[-51.3361,3.0573],[-51.3209,3.067],[-51.3221,3.0727],[-51.3175,3.0794],[-51.3043,3.0709],[-51.3031,3.0771],[-51.2924,3.0825],[-51.2841,3.097],[-51.2883,3.1243],[-51.2682,3.1189],[-51.2552,3.1224],[-51.2413,3.1368],[-51.2371,3.1472],[-51.2276,3.1534],[-51.2249,3.1614],[-51.2398,3.1529],[-51.2461,3.1613],[-51.2424,3.1684],[-51.2498,3.1758],[-51.2433,3.1818],[-51.2515,3.1919],[-51.2406,3.2033],[-51.2369,3.2091],[-51.2403,3.2162],[-51.2379,3.2178],[-51.2299,3.2097],[-51.2291,3.1982],[-51.2198,3.2028],[-51.2168,3.211],[-51.2231,3.2174],[-51.2065,3.2257],[-51.1916,3.2296],[-51.1855,3.2361],[-51.1814,3.2725],[-51.1721,3.2942],[-51.1714,3.3065],[-51.1707,3.3403],[-51.1771,3.3529],[-51.1767,3.3698],[-51.1843,3.4007],[-51.1931,3.406],[-51.1939,3.437],[-51.186,3.4702],[-51.1828,3.5395],[-51.1881,3.6277],[-51.1972,3.6666],[-51.1894,3.7245],[-51.177,3.7721],[-51.1663,3.9363],[-51.1226,3.9108],[-51.094,3.9102],[-51.0814,3.8999],[-51.0834,3.8984],[-51.0807,3.8928],[-51.0752,3.8909],[-51.0742,3.8512],[-51.0794,3.8323],[-51.0795,3.7842],[-51.0842,3.7727],[-51.0819,3.7617],[-51.0855,3.7502],[-51.0843,3.7324],[-51.0894,3.7231],[-51.0905,3.7061],[-51.0904,3.6802],[-51.0823,3.6329],[-51.0706,3.4918]]]}},{"type":"Feature","properties":{"nome":"Cutias","cod":"1600212","uf":"AP"},"geometry":{"type":"Polygon","coordinates":[[[-50.1374,1.3306],[-50.131,1.3233],[-50.1281,1.3063],[-50.137,1.2326],[-50.1344,1.2221],[-50.1271,1.2143],[-50.1049,1.2075],[-50.0679,1.209],[-50.0706,1.1896],[-50.0796,1.1862],[-50.0829,1.1806],[-50.08,1.1719],[-50.0849,1.1593],[-50.0949,1.1529],[-50.105,1.1402],[-50.1156,1.1399],[-50.1298,1.1324],[-50.1344,1.1276],[-50.1376,1.1088],[-50.1431,1.1016],[-50.1703,1.0985],[-50.1883,1.0662],[-50.1854,1.0507],[-50.2329,1.0098],[-50.3079,0.9437],[-50.3138,0.9438],[-50.3221,0.942],[-50.3356,0.9233],[-50.3539,0.9328],[-50.3571,0.9392],[-50.3654,0.9358],[-50.3632,0.9299],[-50.3726,0.9235],[-50.3828,0.922],[-50.3844,0.9307],[-50.4037,0.9232],[-50.4149,0.9371],[-50.4142,0.9451],[-50.4231,0.9525],[-50.4306,0.9471],[-50.4379,0.9256],[-50.4438,0.9283],[-50.463,0.9166],[-50.4765,0.9243],[-50.4956,0.9234],[-50.5016,0.9175],[-50.4964,0.9107],[-50.5006,0.9029],[-50.5132,0.8924],[-50.5146,0.8846],[-50.5221,0.876],[-50.5293,0.8735],[-50.5315,0.8656],[-50.5446,0.8701],[-50.5499,0.8697],[-50.5521,0.8645],[-50.555,0.8645],[-50.5671,0.8726],[-50.5664,0.8801],[-50.5749,0.8815],[-50.5733,0.8718],[-50.5779,0.8623],[-50.5845,0.8571],[-50.5896,0.8577],[-50.5945,0.8619],[-50.5918,0.8658],[-50.5961,0.8825],[-50.6035,0.891],[-50.6094,0.8888],[-50.6063,0.8831],[-50.6085,0.8633],[-50.6122,0.8641],[-50.6134,0.8685],[-50.6236,0.8705],[-50.6305,0.8632],[-50.6356,0.8639],[-50.6359,0.8787],[-50.6374,0.8719],[-50.6446,0.877],[-50.646,0.8727],[-50.651,0.8715],[-50.6538,0.871],[-50.6604,0.8496],[-50.6596,0.8416],[-50.6724,0.8365],[-50.6921,0.8214],[-50.7069,0.8155],[-50.7327,0.8168],[-50.7444,0.8238],[-50.7529,0.822],[-50.758,0.8204],[-50.7726,0.8264],[-50.7843,0.84],[-50.7969,0.8479],[-50.8292,0.8237],[-50.8478,0.8194],[-50.8706,0.804],[-50.8864,0.7984],[-50.9158,0.8039],[-50.9512,0.8294],[-50.9508,0.8592],[-50.9467,0.8734],[-50.9338,0.8902],[-50.9237,0.8949],[-50.92,0.8932],[-50.912,0.9056],[-50.909,0.9264],[-50.9183,0.9408],[-50.9131,0.9586],[-50.9095,0.9651],[-50.8981,0.971],[-50.8856,0.9933],[-50.876,0.9856],[-50.8683,0.9614],[-50.8562,0.9539],[-50.8213,0.9581],[-50.8114,0.9637],[-50.8018,0.975],[-50.8066,0.9966],[-50.8016,1.0104],[-50.796,1.0189],[-50.7864,1.0247],[-50.7527,1.0304],[-50.7402,1.035],[-50.7163,1.0318],[-50.6835,1.0497],[-50.6737,1.0462],[-50.6645,1.0363],[-50.6559,1.0211],[-50.648,1.0156],[-50.6324,1.0155],[-50.6231,1.0194],[-50.6193,1.0304],[-50.6304,1.0496],[-50.6331,1.0641],[-50.6224,1.0776],[-50.5957,1.085],[-50.5854,1.0815],[-50.5742,1.0642],[-50.5611,1.0694],[-50.5531,1.0799],[-50.546,1.0824],[-50.5281,1.0613],[-50.5258,1.0361],[-50.5215,1.0316],[-50.5131,1.0319],[-50.4756,1.0565],[-50.4542,1.0851],[-50.4511,1.102],[-50.4559,1.1239],[-50.4549,1.1376],[-50.4514,1.1451],[-50.4366,1.1598],[-50.4155,1.1785],[-50.3864,1.1838],[-50.3647,1.1615],[-50.3441,1.1581],[-50.3294,1.16],[-50.3003,1.1729],[-50.2813,1.194],[-50.2749,1.2086],[-50.2779,1.2293],[-50.2927,1.2536],[-50.2965,1.266],[-50.2877,1.2977],[-50.2742,1.3146],[-50.2497,1.3263],[-50.2122,1.3337],[-50.1666,1.3283],[-50.1449,1.3348],[-50.1374,1.3306]]]}},{"type":"Feature","properties":{"nome":"Ferreira Gomes","cod":"1600238","uf":"AP"},"geometry":{"type":"Polygon","coordinates":[[[-51.3923,1.275],[-51.398,1.2699],[-51.4039,1.2714],[-51.4201,1.2668],[-51.4236,1.2581],[-51.4307,1.2571],[-51.4311,1.2516],[-51.4425,1.2471],[-51.4352,1.2407],[-51.4336,1.2143],[-51.4284,1.2067],[-51.4289,1.194],[-51.4389,1.1879],[-51.4389,1.164],[-51.4432,1.1524],[-51.4411,1.1444],[-51.4493,1.1322],[-51.4456,1.1268],[-51.4514,1.1111],[-51.4564,1.1124],[-51.4664,1.107],[-51.4784,1.0882],[-51.4597,1.0693],[-51.4251,1.0635],[-51.4069,1.0565],[-51.404,1.0515],[-51.416,1.011],[-51.4156,0.9942],[-51.4059,0.9868],[-51.3994,0.9762],[-51.3851,0.9661],[-51.3776,0.9527],[-51.3697,0.9464],[-51.3648,0.9475],[-51.3595,0.9576],[-51.3498,0.9635],[-51.3435,0.9798],[-51.3313,0.9785],[-51.3076,0.9829],[-51.2895,0.9735],[-51.2799,0.9772],[-51.2722,0.9736],[-51.2569,0.973],[-51.2484,0.9774],[-51.2451,0.9637],[-51.2392,0.9526],[-51.2361,0.9534],[-51.229,0.9593],[-51.2277,0.971],[-51.2166,0.9874],[-51.2035,0.9952],[-51.1957,1.0108],[-51.1859,1.0283],[-51.181,1.0306],[-51.1807,1.0352],[-51.174,1.0367],[-51.1546,1.0306],[-51.146,1.0311],[-51.1241,1.0107],[-51.119,1.0107],[-51.0974,1.0206],[-51.0761,1.0251],[-51.0621,1.0195],[-51.0515,1.0198],[-51.0453,1.0107],[-51.0288,1.0059],[-51.0314,0.9915],[-51.0133,0.9876],[-51.021,0.978],[-51.0106,0.9664],[-51.0135,0.9607],[-51.0066,0.9598],[-51.007,0.9548],[-51.0102,0.9539],[-51.0065,0.9458],[-51.0032,0.9446],[-51.0027,0.9473],[-50.9964,0.9429],[-50.9966,0.935],[-50.9942,0.9341],[-50.9905,0.9448],[-50.9815,0.9539],[-50.9834,0.97],[-50.9764,0.9776],[-50.9569,0.9795],[-50.9386,0.9916],[-50.9262,0.988],[-50.8856,0.9933],[-50.8981,0.971],[-50.9095,0.9651],[-50.9131,0.9586],[-50.9183,0.9408],[-50.909,0.9264],[-50.912,0.9056],[-50.92,0.8932],[-50.9237,0.8949],[-50.9338,0.8902],[-50.9467,0.8734],[-50.9508,0.8592],[-50.9512,0.8294],[-50.9158,0.8039],[-50.8864,0.7984],[-50.8861,0.7693],[-50.9009,0.7778],[-50.911,0.7634],[-50.9121,0.756],[-50.9004,0.7337],[-50.9087,0.7215],[-50.9775,0.6939],[-50.9828,0.6863],[-50.9839,0.6773],[-50.9911,0.6701],[-50.9973,0.6437],[-50.9928,0.6389],[-50.9867,0.6153],[-50.9878,0.6027],[-50.997,0.5928],[-50.9972,0.5817],[-50.9888,0.5729],[-50.9838,0.5572],[-50.9766,0.5584],[-50.9704,0.5481],[-50.9653,0.5487],[-50.9664,0.5445],[-50.9606,0.5377],[-50.9539,0.5394],[-50.9526,0.5316],[-50.9276,0.5187],[-50.9266,0.5096],[-50.9376,0.5013],[-50.9646,0.5044],[-50.9802,0.5012],[-50.9981,0.5032],[-51.0087,0.4869],[-51.0122,0.465],[-51.0292,0.4649],[-51.0266,0.4364],[-51.0356,0.4378],[-51.0436,0.4331],[-51.04,0.4433],[-51.0569,0.4573],[-51.0736,0.4621],[-51.0795,0.4774],[-51.0935,0.4772],[-51.1016,0.4838],[-51.1306,0.5237],[-51.1252,0.541],[-51.1433,0.5505],[-51.1533,0.5756],[-51.1704,0.5784],[-51.1989,0.5946],[-51.2021,0.6009],[-51.2572,0.6109],[-51.2667,0.6214],[-51.2804,0.6282],[-51.3179,0.637],[-51.358,0.6513],[-51.3701,0.6828],[-51.3765,0.687],[-51.3682,0.6972],[-51.364,0.7171],[-51.3426,0.7327],[-51.3607,0.777],[-51.3704,0.7768],[-51.3759,0.7697],[-51.3766,0.7635],[-51.3713,0.7554],[-51.3748,0.7441],[-51.3855,0.736],[-51.3931,0.7365],[-51.4002,0.7318],[-51.4312,0.7449],[-51.4422,0.7603],[-51.4599,0.7628],[-51.4763,0.7866],[-51.4875,0.7928],[-51.4964,0.8125],[-51.4966,0.8332],[-51.5058,0.8614],[-51.5028,0.874],[-51.512,0.8821],[-51.5245,0.8781],[-51.5365,0.8784],[-51.537,0.8744],[-51.5414,0.8742],[-51.5491,0.866],[-51.585,0.8475],[-51.6018,0.847],[-51.6087,0.8412],[-51.6107,0.8341],[-51.6157,0.8353],[-51.6256,0.8639],[-51.6249,0.8728],[-51.6199,0.8782],[-51.6091,0.8804],[-51.6029,0.8852],[-51.6014,0.907],[-51.5922,0.9133],[-51.5934,0.9191],[-51.6123,0.9299],[-51.6178,0.9401],[-51.6355,0.9511],[-51.6427,0.9505],[-51.65,0.957],[-51.6594,0.9563],[-51.6689,0.9787],[-51.6629,0.9841],[-51.6737,1.0103],[-51.6839,1.0111],[-51.6882,1.0054],[-51.6908,0.98],[-51.6987,0.9742],[-51.7028,0.9771],[-51.7044,0.9874],[-51.714,0.9934],[-51.7559,0.9701],[-51.7584,0.9739],[-51.7537,0.9808],[-51.7554,0.9878],[-51.766,0.9869],[-51.7785,0.997],[-51.786,0.9942],[-51.7973,0.9961],[-51.802,0.9745],[-51.8127,0.9723],[-51.8168,0.9762],[-51.815,0.9829],[-51.8181,1.0051],[-51.8303,1.0113],[-51.8378,1.0229],[-51.8368,1.0342],[-51.8437,1.0395],[-51.8576,1.0263],[-51.8598,1.0346],[-51.8684,1.0395],[-51.8743,1.035],[-51.887,1.0396],[-51.8832,1.0528],[-51.8894,1.0555],[-51.8977,1.0431],[-51.9057,1.0465],[-51.9143,1.0576],[-51.9114,1.0656],[-51.9222,1.0713],[-51.9292,1.0627],[-51.9274,1.0575],[-51.9221,1.0547],[-51.9253,1.0483],[-51.931,1.049],[-51.9399,1.0403],[-51.9526,1.0525],[-51.9546,1.0593],[-51.9861,1.0532],[-51.9898,1.0593],[-51.9805,1.0704],[-51.9867,1.0779],[-51.9809,1.0933],[-51.9807,1.1115],[-51.9861,1.1217],[-51.9807,1.1338],[-51.9933,1.1392],[-51.9951,1.1502],[-51.9799,1.1592],[-51.9937,1.1634],[-51.9953,1.1692],[-51.9874,1.1758],[-51.9883,1.1799],[-52.0029,1.1827],[-52.0089,1.1902],[-52.0035,1.2142],[-51.9833,1.23],[-51.9875,1.2347],[-51.9898,1.2321],[-51.9991,1.2355],[-51.9966,1.2607],[-52.0038,1.2769],[-52.0,1.2812],[-52.0007,1.2861],[-51.9857,1.2931],[-51.9813,1.317],[-51.9865,1.3233],[-51.3817,1.3231],[-51.3891,1.2966],[-51.3959,1.2848],[-51.3913,1.2795],[-51.3923,1.275]]]}},{"type":"Feature","properties":{"nome":"Itaubal","cod":"1600253","uf":"AP"},"geometry":{"type":"Polygon","coordinates":[[[-50.5706,0.7649],[-50.5571,0.7608],[-50.5452,0.7613],[-50.5317,0.7562],[-50.5281,0.7491],[-50.5262,0.7519],[-50.5186,0.7486],[-50.5171,0.7545],[-50.5137,0.7478],[-50.508,0.7498],[-50.4953,0.7459],[-50.495,0.7407],[-50.5039,0.7353],[-50.4852,0.7263],[-50.4799,0.7267],[-50.4796,0.7202],[-50.4556,0.7219],[-50.4568,0.7113],[-50.4363,0.6875],[-50.438,0.6699],[-50.4428,0.658],[-50.4094,0.6237],[-50.4361,0.6004],[-50.4519,0.5713],[-50.4668,0.5313],[-50.4758,0.4818],[-50.4855,0.4592],[-50.5036,0.4354],[-50.5234,0.3727],[-50.5557,0.3071],[-50.5992,0.2497],[-50.6232,0.2321],[-50.6444,0.2091],[-50.7086,0.2768],[-50.7089,0.2823],[-50.7157,0.2788],[-50.7187,0.2864],[-50.7233,0.2993],[-50.7275,0.3008],[-50.7303,0.296],[-50.7311,0.3055],[-50.7226,0.3089],[-50.7217,0.3179],[-50.7173,0.323],[-50.7106,0.3181],[-50.7047,0.3226],[-50.6996,0.3203],[-50.6924,0.336],[-50.698,0.3428],[-50.6953,0.353],[-50.6909,0.3534],[-50.6977,0.3638],[-50.7026,0.3629],[-50.7088,0.368],[-50.7211,0.3699],[-50.7228,0.3646],[-50.7291,0.3676],[-50.7219,0.3769],[-50.7109,0.3826],[-50.7029,0.3826],[-50.6944,0.3972],[-50.7029,0.3952],[-50.7038,0.3998],[-50.6973,0.4018],[-50.7037,0.4066],[-50.7062,0.4015],[-50.7215,0.4055],[-50.712,0.4187],[-50.7186,0.4173],[-50.71,0.4234],[-50.7156,0.4262],[-50.7186,0.422],[-50.7228,0.423],[-50.7226,0.4367],[-50.7326,0.4324],[-50.7356,0.4377],[-50.7316,0.4453],[-50.7358,0.4441],[-50.7359,0.4474],[-50.7445,0.4531],[-50.7429,0.4639],[-50.749,0.4682],[-50.7528,0.4677],[-50.7531,0.4641],[-50.759,0.4639],[-50.7663,0.4782],[-50.766,0.4897],[-50.761,0.4936],[-50.7615,0.4976],[-50.7713,0.4974],[-50.7712,0.5053],[-50.775,0.5105],[-50.7735,0.5218],[-50.7784,0.5254],[-50.7796,0.5315],[-50.7889,0.5324],[-50.7934,0.5314],[-50.8008,0.5221],[-50.8042,0.524],[-50.8087,0.5206],[-50.826,0.5199],[-50.8283,0.5292],[-50.8385,0.5406],[-50.8626,0.5425],[-50.8633,0.5483],[-50.8587,0.5559],[-50.8811,0.5694],[-50.8971,0.5686],[-50.9079,0.5633],[-50.9136,0.5542],[-50.923,0.5554],[-50.9317,0.5672],[-50.9257,0.5726],[-50.9279,0.5917],[-50.9363,0.6118],[-50.9364,0.6266],[-50.939,0.6319],[-50.9443,0.6338],[-50.9475,0.6439],[-50.9564,0.6475],[-50.9629,0.6622],[-50.9701,0.6667],[-50.9479,0.6674],[-50.9378,0.6816],[-50.9135,0.674],[-50.8948,0.7075],[-50.8711,0.7498],[-50.8541,0.7471],[-50.8402,0.7419],[-50.8297,0.731],[-50.8247,0.7198],[-50.8182,0.7167],[-50.8126,0.7073],[-50.8047,0.7054],[-50.7921,0.6913],[-50.7857,0.6777],[-50.7785,0.675],[-50.7766,0.6666],[-50.7816,0.6654],[-50.7779,0.663],[-50.7723,0.6589],[-50.7742,0.6558],[-50.7655,0.6531],[-50.7624,0.6464],[-50.7578,0.6449],[-50.753,0.6362],[-50.7366,0.6316],[-50.7317,0.6371],[-50.7214,0.6332],[-50.7068,0.5979],[-50.7008,0.6056],[-50.6914,0.6051],[-50.6859,0.6112],[-50.6883,0.6189],[-50.6817,0.6205],[-50.676,0.6186],[-50.676,0.6064],[-50.6726,0.601],[-50.6663,0.5991],[-50.6667,0.5898],[-50.662,0.5821],[-50.6513,0.589],[-50.6508,0.5934],[-50.6558,0.5958],[-50.6483,0.6051],[-50.6472,0.6128],[-50.6367,0.6168],[-50.6302,0.6245],[-50.6314,0.6432],[-50.6268,0.6631],[-50.63,0.6802],[-50.6261,0.6842],[-50.6197,0.6845],[-50.6184,0.6924],[-50.6182,0.6969],[-50.6245,0.6985],[-50.6198,0.7415],[-50.6166,0.7464],[-50.6069,0.7474],[-50.5959,0.7402],[-50.5815,0.7363],[-50.5829,0.7281],[-50.5797,0.7274],[-50.5677,0.7407],[-50.5689,0.7469],[-50.573,0.7447],[-50.5744,0.7509],[-50.5682,0.7598],[-50.572,0.761],[-50.5706,0.7649]]]}},{"type":"Feature","properties":{"nome":"Laranjal do Jari","cod":"1600279","uf":"AP"},"geometry":{"type":"Polygon","coordinates":[[[-54.6916,2.3617],[-54.6618,2.3273],[-54.6012,2.3375],[-54.4361,2.2102],[-54.1886,2.1792],[-54.138,2.193],[-53.9989,2.2318],[-53.9895,2.2378],[-53.9744,2.2327],[-53.9667,2.2434],[-53.9525,2.2456],[-53.9453,2.2414],[-53.9419,2.2427],[-53.9423,2.2528],[-53.9352,2.2597],[-53.9416,2.2784],[-53.9361,2.2866],[-53.9397,2.2911],[-53.9358,2.2973],[-53.9291,2.291],[-53.9156,2.291],[-53.9159,2.2776],[-53.9073,2.2743],[-53.8982,2.2884],[-53.8922,2.2841],[-53.8887,2.2866],[-53.8923,2.2914],[-53.8873,2.2991],[-53.8893,2.3068],[-53.8834,2.3167],[-53.8708,2.3166],[-53.8654,2.3119],[-53.8591,2.3203],[-53.8519,2.3106],[-53.8416,2.308],[-53.8236,2.318],[-53.8144,2.3173],[-53.8202,2.33],[-53.8312,2.3284],[-53.8366,2.3339],[-53.8345,2.34],[-53.8141,2.3427],[-53.8113,2.357],[-53.805,2.3578],[-53.7992,2.3654],[-53.7904,2.365],[-53.7836,2.3731],[-53.7728,2.3739],[-53.7724,2.3773],[-53.7668,2.3793],[-53.7576,2.3754],[-53.7412,2.3753],[-53.7387,2.373],[-53.7432,2.3669],[-53.7531,2.3643],[-53.7444,2.3592],[-53.7381,2.3626],[-53.7275,2.3514],[-53.723,2.3544],[-53.7302,2.3408],[-53.7392,2.3357],[-53.7361,2.3243],[-53.7402,2.3253],[-53.7503,2.3199],[-53.7483,2.3131],[-53.7321,2.3094],[-53.7265,2.3147],[-53.7072,2.3094],[-53.6951,2.3126],[-53.6857,2.2949],[-53.6801,2.2974],[-53.6817,2.3015],[-53.6634,2.3057],[-53.6607,2.3],[-53.6529,2.3028],[-53.6558,2.2849],[-53.6354,2.2819],[-53.6257,2.2849],[-53.6145,2.2788],[-53.6118,2.2867],[-53.6008,2.2865],[-53.5838,2.2693],[-53.5777,2.2732],[-53.5672,2.2718],[-53.5494,2.2587],[-53.5311,2.2581],[-53.5198,2.2668],[-53.5095,2.2623],[-53.4949,2.2614],[-53.4849,2.2652],[-53.4726,2.2571],[-53.4545,2.2646],[-53.4554,2.2736],[-53.4651,2.2772],[-53.4692,2.2892],[-53.4609,2.2913],[-53.4399,2.2806],[-53.4332,2.2882],[-53.4214,2.2901],[-53.4148,2.2975],[-53.4046,2.2979],[-53.3985,2.3085],[-53.3853,2.3087],[-53.3767,2.3182],[-53.3672,2.321],[-53.3595,2.3341],[-53.3596,2.3496],[-53.3479,2.355],[-53.3377,2.3539],[-53.3331,2.3448],[-53.3228,2.3474],[-53.3165,2.3401],[-53.3146,2.327],[-53.3056,2.3158],[-53.2944,2.3093],[-53.2824,2.3101],[-53.2771,2.2992],[-53.2616,2.2905],[-53.2616,2.2767],[-53.2454,2.2734],[-53.2342,2.2757],[-53.2291,2.2627],[-53.2529,2.2469],[-53.2593,2.2533],[-53.2628,2.2288],[-53.2669,2.224],[-53.2793,2.2237],[-53.2769,2.2219],[-53.2795,2.2051],[-53.2866,2.1969],[-53.2849,2.1928],[-53.2787,2.1863],[-53.2694,2.1709],[-53.234,2.1437],[-53.2171,2.1363],[-53.2021,2.134],[-53.1916,2.126],[-53.1761,2.121],[-53.1659,2.1116],[-53.1387,2.1013],[-53.1347,2.0919],[-53.1385,2.0667],[-53.1326,2.0193],[-53.1158,2.0074],[-53.11,1.9809],[-53.0905,1.9755],[-53.073,1.9452],[-53.0665,1.9431],[-53.0585,1.9469],[-53.0587,1.9343],[-53.0519,1.9141],[-53.042,1.9076],[-53.0414,1.8983],[-53.0266,1.875],[-53.0239,1.8494],[-53.0115,1.8403],[-52.9945,1.8201],[-52.9985,1.8082],[-53.0084,1.8005],[-53.0119,1.7841],[-53.0041,1.7627],[-52.9883,1.7539],[-52.9709,1.7107],[-52.9707,1.7008],[-52.9804,1.6923],[-52.9885,1.668],[-52.9938,1.6271],[-52.99,1.6084],[-52.981,1.5925],[-52.9765,1.5744],[-52.9668,1.5611],[-52.9517,1.5546],[-52.9358,1.5545],[-52.9288,1.5588],[-52.9153,1.5601],[-52.8883,1.5527],[-52.8787,1.5476],[-52.8667,1.5337],[-52.8628,1.5144],[-52.865,1.4998],[-52.8707,1.4652],[-52.8689,1.4418],[-52.8773,1.4278],[-52.8899,1.3893],[-52.9144,1.358],[-52.9167,1.3371],[-52.9276,1.3181],[-52.9302,1.2994],[-52.9267,1.2827],[-52.928,1.271],[-52.9319,1.2652],[-52.953,1.2659],[-52.9566,1.262],[-52.972,1.2065],[-52.9609,1.1293],[-52.9549,1.1247],[-52.9368,1.1204],[-52.9123,1.0966],[-52.8938,1.0888],[-52.8906,1.0813],[-52.891,1.0519],[-52.8786,1.0408],[-52.8714,1.0118],[-52.8773,0.9959],[-52.8662,0.9671],[-52.8459,0.9516],[-52.8384,0.9514],[-52.8296,0.9598],[-52.8237,0.9571],[-52.8237,0.9306],[-52.8372,0.905],[-52.8364,0.8979],[-52.824,0.8854],[-52.8229,0.876],[-52.8158,0.8744],[-52.8071,0.8797],[-52.7965,0.8803],[-52.7886,0.8863],[-52.7819,0.8795],[-52.7716,0.8765],[-52.7611,0.8611],[-52.7477,0.856],[-52.7565,0.8326],[-52.7551,0.8259],[-52.7468,0.8167],[-52.7369,0.8157],[-52.7256,0.8085],[-52.6999,0.8017],[-52.6686,0.7865],[-52.6628,0.7573],[-52.655,0.7443],[-52.6589,0.7372],[-52.6582,0.7105],[-52.6631,0.7004],[-52.6673,0.6682],[-52.665,0.6263],[-52.6608,0.6166],[-52.6647,0.6014],[-52.6576,0.5942],[-52.6583,0.5876],[-52.6559,0.5876],[-52.6475,0.5637],[-52.632,0.5404],[-52.6219,0.5316],[-52.6103,0.5272],[-52.5948,0.5025],[-52.5888,0.499],[-52.5877,0.4853],[-52.5772,0.4685],[-52.5723,0.4668],[-52.5708,0.4524],[-52.5842,0.4399],[-52.583,0.4371],[-52.5762,0.4375],[-52.5714,0.4177],[-52.5689,0.4185],[-52.5659,0.4091],[-52.5709,0.3911],[-52.5696,0.3828],[-52.5639,0.3774],[-52.5563,0.378],[-52.5596,0.3689],[-52.558,0.3641],[-52.5511,0.3641],[-52.5391,0.3562],[-52.5349,0.3439],[-52.5332,0.3456],[-52.5129,0.3182],[-52.5086,0.3165],[-52.4956,0.2976],[-52.4944,0.2807],[-52.4861,0.2773],[-52.4839,0.2706],[-52.4902,0.2685],[-52.487,0.2598],[-52.4894,0.2554],[-52.4937,0.2577],[-52.4972,0.2542],[-52.495,0.2452],[-52.4994,0.2371],[-52.4855,0.2275],[-52.4859,0.2182],[-52.4979,0.2196],[-52.4857,0.1945],[-52.4877,0.1817],[-52.4919,0.1801],[-52.4952,0.1724],[-52.4918,0.1577],[-52.494,0.1452],[-52.504,0.1378],[-52.5004,0.1346],[-52.4977,0.1202],[-52.5025,0.115],[-52.5024,0.1046],[-52.506,0.1005],[-52.4991,0.0876],[-52.5023,0.0806],[-52.512,0.0725],[-52.5081,0.0691],[-52.5122,0.0624],[-52.5012,0.0529],[-52.5082,0.0511],[-52.5142,0.0428],[-52.5038,0.0377],[-52.5028,0.034],[-52.5112,0.0182],[-52.5034,0.008],[-52.5058,0.0041],[-52.5035,-0.0065],[-52.5081,-0.0185],[-52.5234,-0.0191],[-52.5281,-0.0273],[-52.5272,-0.041],[-52.5304,-0.0435],[-52.5354,-0.0675],[-52.5311,-0.0699],[-52.5318,-0.0808],[-52.5457,-0.0966],[-52.5539,-0.0925],[-52.5594,-0.0958],[-52.5595,-0.099],[-52.5476,-0.1102],[-52.5512,-0.11],[-52.5579,-0.1172],[-52.5548,-0.1356],[-52.5566,-0.1429],[-52.5487,-0.1399],[-52.5468,-0.1437],[-52.5353,-0.1446],[-52.5346,-0.1486],[-52.5325,-0.15],[-52.5281,-0.1427],[-52.5212,-0.1403],[-52.4985,-0.1142],[-52.4623,-0.1056],[-52.4358,-0.1074],[-52.4127,-0.1156],[-52.4076,-0.1215],[-52.3878,-0.1263],[-52.3761,-0.1343],[-52.3594,-0.1417],[-52.3318,-0.1464],[-52.3211,-0.1544],[-52.311,-0.1689],[-52.2973,-0.2025],[-52.2854,-0.2165],[-52.2843,-0.219],[-52.2736,-0.2277],[-52.2721,-0.2344],[-52.2425,-0.2586],[-52.1972,-0.2564],[-52.1844,-0.262],[-52.1758,-0.2703],[-52.1277,-0.2868],[-52.1079,-0.312],[-52.0896,-0.326],[-52.0821,-0.3377],[-52.0843,-0.4005],[-52.0819,-0.4079],[-52.0832,-0.4323],[-52.0799,-0.4369],[-52.0816,-0.4473],[-52.0746,-0.462],[-52.0667,-0.4646],[-52.063,-0.4819],[-52.0749,-0.5074],[-52.0817,-0.5135],[-52.0754,-0.5198],[-52.0774,-0.5271],[-52.0721,-0.5291],[-52.0755,-0.5409],[-52.0739,-0.5496],[-52.0818,-0.5563],[-52.0838,-0.5636],[-52.0614,-0.5693],[-52.0607,-0.5983],[-52.0562,-0.6062],[-52.0574,-0.6155],[-52.0539,-0.6225],[-52.055,-0.6421],[-52.0445,-0.6459],[-52.0392,-0.6576],[-52.0327,-0.6608],[-52.0168,-0.6868],[-52.0059,-0.6831],[-51.9854,-0.6904],[-51.9803,-0.7029],[-51.9798,-0.7246],[-51.9721,-0.735],[-51.9687,-0.7482],[-51.9596,-0.7473],[-51.9505,-0.755],[-51.9476,-0.7524],[-51.9419,-0.7606],[-51.9384,-0.7706],[-51.9427,-0.7743],[-51.9471,-0.8005],[-51.9413,-0.7992],[-51.94,-0.8103],[-51.9505,-0.834],[-51.9558,-0.8371],[-51.9582,-0.8474],[-51.9536,-0.8591],[-51.9446,-0.8606],[-51.9399,-0.8716],[-51.9449,-0.8731],[-51.9641,-0.8655],[-51.9665,-0.8689],[-51.9711,-0.8669],[-51.9844,-0.8718],[-51.9824,-0.875],[-51.9858,-0.8789],[-51.994,-0.8796],[-51.9949,-0.8842],[-52.0016,-0.8876],[-52.0182,-0.8945],[-52.026,-0.891],[-52.0369,-0.9022],[-52.0511,-0.9045],[-52.0616,-0.9129],[-52.0737,-0.9127],[-52.0805,-0.9161],[-52.0876,-0.9093],[-52.1035,-0.9143],[-52.1191,-0.9161],[-52.1292,-0.9135],[-52.1386,-0.9163],[-52.145,-0.9146],[-52.1706,-0.8895],[-52.1708,-0.8812],[-52.178,-0.875],[-52.1786,-0.8677],[-52.1906,-0.8546],[-52.1909,-0.8454],[-52.1989,-0.8377],[-52.2224,-0.8346],[-52.2436,-0.8152],[-52.2511,-0.8152],[-52.2653,-0.8063],[-52.2753,-0.8042],[-52.2794,-0.8029],[-52.3256,-0.7966],[-52.3426,-0.7976],[-52.3515,-0.8016],[-52.3676,-0.7969],[-52.3759,-0.8019],[-52.3832,-0.81],[-52.3967,-0.8063],[-52.4551,-0.8299],[-52.4679,-0.8407],[-52.4964,-0.8492],[-52.5165,-0.8583],[-52.5283,-0.8588],[-52.5382,-0.8545],[-52.5346,-0.8417],[-52.5173,-0.8214],[-52.5094,-0.8131],[-52.5207,-0.8008],[-52.5223,-0.7913],[-52.5212,-0.7849],[-52.5014,-0.7464],[-52.4974,-0.7304],[-52.4969,-0.7109],[-52.5013,-0.6924],[-52.5099,-0.6788],[-52.5121,-0.6648],[-52.5154,-0.6632],[-52.5106,-0.6565],[-52.5108,-0.6395],[-52.5127,-0.6193],[-52.5227,-0.5887],[-52.5347,-0.5737],[-52.5693,-0.5756],[-52.5926,-0.5813],[-52.6125,-0.5945],[-52.6287,-0.5935],[-52.6395,-0.5846],[-52.6673,-0.5438],[-52.6694,-0.5378],[-52.6668,-0.5248],[-52.6732,-0.519],[-52.6813,-0.5161],[-52.695,-0.4961],[-52.6906,-0.4768],[-52.7022,-0.4589],[-52.6926,-0.4418],[-52.6843,-0.4343],[-52.6787,-0.4233],[-52.6806,-0.4147],[-52.6981,-0.3868],[-52.6955,-0.3717],[-52.6814,-0.3396],[-52.6837,-0.314],[-52.6884,-0.3038],[-52.7004,-0.2925],[-52.7158,-0.2923],[-52.7398,-0.2763],[-52.754,-0.2618],[-52.758,-0.2393],[-52.8356,-0.1858],[-52.8443,-0.1594],[-52.8551,-0.1477],[-52.8764,-0.1424],[-52.8971,-0.1541],[-52.9036,-0.1546],[-52.9323,-0.142],[-52.9596,-0.0629],[-52.9706,-0.0428],[-52.9763,-0.0073],[-52.9768,0.0241],[-52.9848,0.036],[-53.0032,0.0442],[-53.0145,0.06],[-53.0107,0.0954],[-53.0288,0.1051],[-53.0361,0.1202],[-53.0391,0.1363],[-53.0517,0.1577],[-53.0696,0.1699],[-53.0829,0.189],[-53.0938,0.1957],[-53.1059,0.2321],[-53.0944,0.2626],[-53.1115,0.2869],[-53.1339,0.3005],[-53.1383,0.3308],[-53.1508,0.3522],[-53.1598,0.3567],[-53.1736,0.3746],[-53.1748,0.3821],[-53.1595,0.4033],[-53.1588,0.4207],[-53.1673,0.4461],[-53.1547,0.4805],[-53.1591,0.4886],[-53.1693,0.4941],[-53.1592,0.5142],[-53.1623,0.5228],[-53.1516,0.5322],[-53.1479,0.542],[-53.1477,0.5524],[-53.1544,0.5637],[-53.1469,0.6007],[-53.1222,0.6304],[-53.1151,0.6487],[-53.1155,0.6569],[-53.1053,0.6798],[-53.1058,0.6843],[-53.1165,0.6919],[-53.1237,0.6977],[-53.1394,0.6934],[-53.1465,0.7001],[-53.1506,0.7197],[-53.1569,0.7294],[-53.1841,0.7478],[-53.1898,0.7687],[-53.202,0.7761],[-53.2065,0.7737],[-53.2139,0.7861],[-53.2547,0.8096],[-53.2744,0.8253],[-53.287,0.8461],[-53.3018,0.8593],[-53.3545,0.8886],[-53.3609,0.8965],[-53.411,0.9297],[-53.4133,0.9478],[-53.4102,0.957],[-53.4103,0.9824],[-53.417,0.9896],[-53.4264,0.9928],[-53.4278,1.012],[-53.4295,1.0202],[-53.4209,1.0293],[-53.4219,1.0341],[-53.427,1.0437],[-53.4342,1.0483],[-53.4355,1.0599],[-53.4522,1.0716],[-53.4554,1.0777],[-53.4587,1.134],[-53.4529,1.144],[-53.4393,1.154],[-53.4208,1.1477],[-53.4039,1.1515],[-53.3994,1.1587],[-53.3956,1.1796],[-53.4025,1.1943],[-53.417,1.2031],[-53.4248,1.2218],[-53.4261,1.2431],[-53.4301,1.2436],[-53.4333,1.2348],[-53.4383,1.2325],[-53.4733,1.2397],[-53.4926,1.227],[-53.5334,1.2105],[-53.5385,1.2128],[-53.5459,1.2288],[-53.5301,1.2457],[-53.5229,1.2617],[-53.5301,1.274],[-53.5522,1.2806],[-53.5562,1.2851],[-53.5622,1.3069],[-53.5608,1.3112],[-53.5397,1.3173],[-53.5329,1.3228],[-53.5417,1.3452],[-53.548,1.3489],[-53.5634,1.35],[-53.565,1.3401],[-53.5702,1.3376],[-53.5948,1.3585],[-53.6328,1.3477],[-53.6414,1.3353],[-53.6505,1.3366],[-53.6626,1.3498],[-53.6486,1.3574],[-53.6431,1.3642],[-53.6447,1.3806],[-53.6405,1.3888],[-53.6408,1.3995],[-53.6464,1.408],[-53.6548,1.407],[-53.6599,1.4002],[-53.6644,1.3756],[-53.6701,1.3723],[-53.68,1.3729],[-53.6826,1.3847],[-53.687,1.3861],[-53.701,1.3783],[-53.711,1.3843],[-53.713,1.3968],[-53.6953,1.4185],[-53.6964,1.4233],[-53.7167,1.4321],[-53.7236,1.4286],[-53.7156,1.4183],[-53.7149,1.4057],[-53.7309,1.3961],[-53.7319,1.3866],[-53.7546,1.3949],[-53.762,1.4087],[-53.7676,1.3963],[-53.7741,1.3972],[-53.7833,1.4032],[-53.7912,1.417],[-53.8035,1.4239],[-53.82,1.4196],[-53.8223,1.4142],[-53.807,1.4023],[-53.8046,1.3976],[-53.8066,1.3921],[-53.8231,1.39],[-53.8303,1.3942],[-53.8499,1.3922],[-53.8524,1.3941],[-53.8506,1.3989],[-53.8411,1.4024],[-53.8438,1.4066],[-53.8545,1.4019],[-53.8758,1.4079],[-53.8824,1.4011],[-53.8873,1.4081],[-53.8763,1.4358],[-53.8803,1.4406],[-53.8928,1.4437],[-53.8955,1.4555],[-53.9171,1.4572],[-53.922,1.4426],[-53.9378,1.4358],[-53.94,1.4437],[-53.9299,1.4503],[-53.9301,1.458],[-53.9254,1.4658],[-53.9283,1.4695],[-53.9347,1.4671],[-53.9431,1.4717],[-53.9536,1.4683],[-53.9554,1.4802],[-53.9666,1.4847],[-53.9757,1.4726],[-53.9857,1.4794],[-53.997,1.4761],[-54.003,1.4897],[-53.9991,1.5051],[-54.0086,1.52],[-54.0198,1.5161],[-54.0271,1.5172],[-54.0207,1.5072],[-54.0241,1.5002],[-54.0395,1.5065],[-54.0555,1.4938],[-54.062,1.4951],[-54.0687,1.5013],[-54.079,1.4952],[-54.0775,1.486],[-54.086,1.4886],[-54.0883,1.4923],[-54.0847,1.5058],[-54.0886,1.514],[-54.0841,1.5267],[-54.0983,1.5509],[-54.1141,1.5516],[-54.1171,1.5585],[-54.1099,1.5753],[-54.1015,1.5846],[-54.1015,1.591],[-54.1181,1.5818],[-54.1224,1.5912],[-54.1279,1.5916],[-54.1309,1.5972],[-54.1221,1.6021],[-54.1226,1.6077],[-54.133,1.6175],[-54.1293,1.6243],[-54.1419,1.6288],[-54.1432,1.6409],[-54.1464,1.6441],[-54.152,1.6397],[-54.1684,1.6443],[-54.1757,1.6483],[-54.1779,1.6578],[-54.1817,1.6584],[-54.1859,1.6448],[-54.1869,1.6283],[-54.1906,1.6252],[-54.197,1.6321],[-54.2025,1.6493],[-54.2279,1.6657],[-54.2297,1.6763],[-54.244,1.6765],[-54.2489,1.6841],[-54.2632,1.6805],[-54.2623,1.6887],[-54.2688,1.6946],[-54.2652,1.6961],[-54.2691,1.7051],[-54.2663,1.7084],[-54.274,1.7108],[-54.2796,1.708],[-54.2919,1.7091],[-54.2825,1.7166],[-54.2812,1.7242],[-54.2894,1.7209],[-54.2927,1.7263],[-54.3,1.7242],[-54.3048,1.7297],[-54.3093,1.7297],[-54.3129,1.7338],[-54.3053,1.7372],[-54.3088,1.7414],[-54.3164,1.7371],[-54.323,1.7378],[-54.3291,1.7442],[-54.3442,1.741],[-54.3437,1.747],[-54.3504,1.7477],[-54.3512,1.7544],[-54.3772,1.764],[-54.387,1.7455],[-54.4035,1.7601],[-54.4174,1.7569],[-54.4242,1.7608],[-54.4341,1.7544],[-54.4643,1.7595],[-54.4701,1.7561],[-54.4708,1.7518],[-54.4842,1.7558],[-54.4851,1.7516],[-54.4955,1.7473],[-54.5014,1.7514],[-54.5081,1.7486],[-54.5119,1.7537],[-54.5235,1.7563],[-54.5276,1.7653],[-54.5365,1.7706],[-54.5706,1.7779],[-54.5704,1.7848],[-54.5806,1.778],[-54.6014,1.7849],[-54.6112,1.7797],[-54.6254,1.781],[-54.6432,1.7689],[-54.6511,1.772],[-54.6707,1.766],[-54.6786,1.7692],[-54.6917,1.7682],[-54.7,1.776],[-54.7018,1.7726],[-54.7181,1.7714],[-54.7443,1.7761],[-54.746,1.7868],[-54.7522,1.791],[-54.7539,1.7981],[-54.7464,1.8061],[-54.7502,1.8146],[-54.7336,1.8323],[-54.7401,1.8324],[-54.7393,1.8396],[-54.748,1.8427],[-54.7494,1.8463],[-54.7527,1.8513],[-54.7526,1.8761],[-54.7586,1.8905],[-54.7631,1.8928],[-54.7614,1.9059],[-54.7654,1.908],[-54.7711,1.9408],[-54.7646,1.9443],[-54.7579,1.9575],[-54.7597,1.9605],[-54.7554,1.9606],[-54.754,1.9709],[-54.7635,1.9791],[-54.7717,1.9787],[-54.7686,1.9965],[-54.7804,1.9999],[-54.7905,2.0076],[-54.7945,2.0171],[-54.8033,2.0262],[-54.8068,2.0377],[-54.8109,2.0398],[-54.8055,2.054],[-54.8124,2.0631],[-54.8116,2.0714],[-54.8057,2.0767],[-54.8134,2.1011],[-54.8042,2.1082],[-54.8087,2.1231],[-54.8031,2.1326],[-54.8058,2.1393],[-54.8005,2.1429],[-54.7981,2.1505],[-54.7892,2.1565],[-54.7909,2.1617],[-54.781,2.1675],[-54.7827,2.1745],[-54.7674,2.1812],[-54.769,2.1879],[-54.7624,2.1928],[-54.7626,2.2027],[-54.7702,2.2088],[-54.7746,2.2207],[-54.7811,2.2237],[-54.7985,2.2459],[-54.8109,2.2667],[-54.8086,2.2868],[-54.8024,2.2904],[-54.8067,2.2982],[-54.8016,2.3081],[-54.7938,2.3131],[-54.8046,2.3296],[-54.8071,2.342],[-54.8656,2.4032],[-54.8672,2.4093],[-54.8742,2.4157],[-54.8758,2.427],[-54.8718,2.4341],[-54.7969,2.4393],[-54.7826,2.448],[-54.7436,2.4718],[-54.6844,2.4472],[-54.6916,2.3617]]]}},{"type":"Feature","properties":{"nome":"Macapá","cod":"1600303","uf":"AP"},"geometry":{"type":"Polygon","coordinates":[[[-49.9762,0.959],[-49.995,0.9282],[-50.0018,0.9095],[-50.0243,0.8693],[-50.042,0.8567],[-50.0433,0.8513],[-50.0513,0.8512],[-50.0537,0.8551],[-50.0529,0.8467],[-50.0581,0.8396],[-50.0528,0.8357],[-50.0614,0.8259],[-50.0538,0.8218],[-50.0531,0.8065],[-50.057,0.8034],[-50.0651,0.809],[-50.0696,0.7998],[-50.0681,0.7926],[-50.0807,0.7907],[-50.0859,0.7839],[-50.0926,0.7825],[-50.0935,0.7024],[-50.1565,0.7055],[-50.1976,0.7012],[-50.2474,0.6922],[-50.3142,0.6784],[-50.3468,0.6672],[-50.4094,0.6237],[-50.4428,0.658],[-50.438,0.6699],[-50.4363,0.6875],[-50.4568,0.7113],[-50.4556,0.7219],[-50.4796,0.7202],[-50.4799,0.7267],[-50.4852,0.7263],[-50.5039,0.7353],[-50.495,0.7407],[-50.4953,0.7459],[-50.508,0.7498],[-50.5137,0.7478],[-50.5171,0.7545],[-50.5186,0.7486],[-50.5262,0.7519],[-50.5281,0.7491],[-50.5317,0.7562],[-50.5452,0.7613],[-50.5571,0.7608],[-50.5706,0.7649],[-50.572,0.761],[-50.5682,0.7598],[-50.5744,0.7509],[-50.573,0.7447],[-50.5689,0.7469],[-50.5677,0.7407],[-50.5797,0.7274],[-50.5829,0.7281],[-50.5815,0.7363],[-50.5959,0.7402],[-50.6069,0.7474],[-50.6166,0.7464],[-50.6198,0.7415],[-50.6245,0.6985],[-50.6182,0.6969],[-50.6184,0.6924],[-50.6197,0.6845],[-50.6261,0.6842],[-50.63,0.6802],[-50.6268,0.6631],[-50.6314,0.6432],[-50.6302,0.6245],[-50.6367,0.6168],[-50.6472,0.6128],[-50.6483,0.6051],[-50.6558,0.5958],[-50.6508,0.5934],[-50.6513,0.589],[-50.662,0.5821],[-50.6667,0.5898],[-50.6663,0.5991],[-50.6726,0.601],[-50.676,0.6064],[-50.676,0.6186],[-50.6817,0.6205],[-50.6883,0.6189],[-50.6859,0.6112],[-50.6914,0.6051],[-50.7008,0.6056],[-50.7068,0.5979],[-50.7214,0.6332],[-50.7317,0.6371],[-50.7366,0.6316],[-50.753,0.6362],[-50.7578,0.6449],[-50.7624,0.6464],[-50.7655,0.6531],[-50.7742,0.6558],[-50.7723,0.6589],[-50.7779,0.663],[-50.7816,0.6654],[-50.7766,0.6666],[-50.7785,0.675],[-50.7857,0.6777],[-50.7921,0.6913],[-50.8047,0.7054],[-50.8126,0.7073],[-50.8182,0.7167],[-50.8247,0.7198],[-50.8297,0.731],[-50.8402,0.7419],[-50.8541,0.7471],[-50.8711,0.7498],[-50.8948,0.7075],[-50.9135,0.674],[-50.9378,0.6816],[-50.9479,0.6674],[-50.9701,0.6667],[-50.9629,0.6622],[-50.9564,0.6475],[-50.9475,0.6439],[-50.9443,0.6338],[-50.939,0.6319],[-50.9364,0.6266],[-50.9363,0.6118],[-50.9279,0.5917],[-50.9257,0.5726],[-50.9317,0.5672],[-50.923,0.5554],[-50.9136,0.5542],[-50.9079,0.5633],[-50.8971,0.5686],[-50.8811,0.5694],[-50.8587,0.5559],[-50.8633,0.5483],[-50.8626,0.5425],[-50.8385,0.5406],[-50.8283,0.5292],[-50.826,0.5199],[-50.8087,0.5206],[-50.8042,0.524],[-50.8008,0.5221],[-50.7934,0.5314],[-50.7889,0.5324],[-50.7796,0.5315],[-50.7784,0.5254],[-50.7735,0.5218],[-50.775,0.5105],[-50.7712,0.5053],[-50.7713,0.4974],[-50.7615,0.4976],[-50.761,0.4936],[-50.766,0.4897],[-50.7663,0.4782],[-50.759,0.4639],[-50.7531,0.4641],[-50.7528,0.4677],[-50.749,0.4682],[-50.7429,0.4639],[-50.7445,0.4531],[-50.7359,0.4474],[-50.7358,0.4441],[-50.7316,0.4453],[-50.7356,0.4377],[-50.7326,0.4324],[-50.7226,0.4367],[-50.7228,0.423],[-50.7186,0.422],[-50.7156,0.4262],[-50.71,0.4234],[-50.7186,0.4173],[-50.712,0.4187],[-50.7215,0.4055],[-50.7062,0.4015],[-50.7037,0.4066],[-50.6973,0.4018],[-50.7038,0.3998],[-50.7029,0.3952],[-50.6944,0.3972],[-50.7029,0.3826],[-50.7109,0.3826],[-50.7219,0.3769],[-50.7291,0.3676],[-50.7228,0.3646],[-50.7211,0.3699],[-50.7088,0.368],[-50.7026,0.3629],[-50.6977,0.3638],[-50.6909,0.3534],[-50.6953,0.353],[-50.698,0.3428],[-50.6924,0.336],[-50.6996,0.3203],[-50.7047,0.3226],[-50.7106,0.3181],[-50.7173,0.323],[-50.7217,0.3179],[-50.7226,0.3089],[-50.7311,0.3055],[-50.7303,0.296],[-50.7275,0.3008],[-50.7233,0.2993],[-50.7187,0.2864],[-50.7157,0.2788],[-50.7089,0.2823],[-50.7086,0.2768],[-50.6444,0.2091],[-50.6752,0.1795],[-50.7071,0.1563],[-50.7515,0.1265],[-50.8031,0.1067],[-50.9076,0.0798],[-50.9106,0.0791],[-50.9337,0.07],[-50.9744,0.0421],[-50.9847,0.0298],[-50.9965,0.0038],[-51.0,0.0],[-51.007,0.0],[-51.0291,-0.0279],[-51.0652,-0.0759],[-51.0845,-0.0872],[-51.0966,-0.088],[-51.1179,-0.0972],[-51.1412,-0.0546],[-51.1432,-0.0509],[-51.1422,-0.0489],[-51.1412,-0.0455],[-51.14,-0.0413],[-51.1461,-0.0337],[-51.1337,-0.0192],[-51.1153,-0.013],[-51.1084,-0.0089],[-51.1102,-0.0056],[-51.1219,0.0022],[-51.2058,0.0023],[-51.2047,0.009],[-51.2086,0.0119],[-51.2213,0.0174],[-51.2315,0.0156],[-51.2362,0.0182],[-51.2368,0.0244],[-51.2311,0.035],[-51.2478,0.0335],[-51.2504,0.0375],[-51.2398,0.0577],[-51.2317,0.0624],[-51.2155,0.0641],[-51.2174,0.0758],[-51.2145,0.0796],[-51.2088,0.0771],[-51.2044,0.0806],[-51.2062,0.0905],[-51.199,0.0896],[-51.1917,0.1001],[-51.1986,0.1077],[-51.1981,0.11],[-51.1909,0.107],[-51.1882,0.1193],[-51.1893,0.1549],[-51.1978,0.1579],[-51.2038,0.1649],[-51.2197,0.1687],[-51.2287,0.1762],[-51.2529,0.1757],[-51.2629,0.1673],[-51.2736,0.1678],[-51.2742,0.1801],[-51.2812,0.1903],[-51.2935,0.1993],[-51.2914,0.2066],[-51.3105,0.2155],[-51.3187,0.2219],[-51.3216,0.2292],[-51.3374,0.2428],[-51.3403,0.2423],[-51.3455,0.266],[-51.3649,0.2974],[-51.3645,0.3018],[-51.3834,0.3137],[-51.3871,0.336],[-51.3932,0.3464],[-51.4131,0.3679],[-51.4359,0.3659],[-51.4455,0.3707],[-51.4561,0.3897],[-51.4646,0.4286],[-51.4877,0.4311],[-51.491,0.4349],[-51.4904,0.4432],[-51.4862,0.4471],[-51.489,0.4637],[-51.5007,0.4737],[-51.4948,0.4829],[-51.4816,0.482],[-51.4775,0.4869],[-51.4675,0.4894],[-51.4689,0.5001],[-51.4532,0.5031],[-51.4484,0.5125],[-51.4445,0.5136],[-51.426,0.5063],[-51.4099,0.4862],[-51.3831,0.4917],[-51.3617,0.4881],[-51.3556,0.4816],[-51.3304,0.4682],[-51.3202,0.4758],[-51.3093,0.476],[-51.3001,0.4653],[-51.2865,0.4629],[-51.2735,0.4524],[-51.2587,0.4542],[-51.2573,0.4515],[-51.2569,0.4463],[-51.2601,0.4451],[-51.2525,0.4402],[-51.2516,0.4331],[-51.2451,0.4323],[-51.2458,0.4254],[-51.2419,0.4156],[-51.2371,0.4142],[-51.2369,0.4085],[-51.2168,0.4031],[-51.2065,0.3885],[-51.2082,0.3769],[-51.2047,0.3693],[-51.2115,0.3503],[-51.207,0.3418],[-51.2089,0.336],[-51.206,0.3226],[-51.1874,0.3222],[-51.1844,0.3168],[-51.1753,0.3132],[-51.1598,0.3225],[-51.1411,0.3174],[-51.1373,0.3136],[-51.1284,0.3206],[-51.1301,0.3331],[-51.1347,0.3406],[-51.124,0.3567],[-51.1239,0.3685],[-51.1148,0.3816],[-51.112,0.3914],[-51.1147,0.4025],[-51.0948,0.4309],[-51.0794,0.4437],[-51.058,0.449],[-51.0504,0.4398],[-51.0512,0.429],[-51.0453,0.4316],[-51.0436,0.4331],[-51.0356,0.4378],[-51.0266,0.4364],[-51.0292,0.4649],[-51.0122,0.465],[-51.0087,0.4869],[-50.9981,0.5032],[-50.9802,0.5012],[-50.9646,0.5044],[-50.9376,0.5013],[-50.9266,0.5096],[-50.9276,0.5187],[-50.9526,0.5316],[-50.9539,0.5394],[-50.9606,0.5377],[-50.9664,0.5445],[-50.9653,0.5487],[-50.9704,0.5481],[-50.9766,0.5584],[-50.9838,0.5572],[-50.9888,0.5729],[-50.9972,0.5817],[-50.997,0.5928],[-50.9878,0.6027],[-50.9867,0.6153],[-50.9928,0.6389],[-50.9973,0.6437],[-50.9911,0.6701],[-50.9839,0.6773],[-50.9828,0.6863],[-50.9775,0.6939],[-50.9087,0.7215],[-50.9004,0.7337],[-50.9121,0.756],[-50.911,0.7634],[-50.9009,0.7778],[-50.8861,0.7693],[-50.8864,0.7984],[-50.8706,0.804],[-50.8478,0.8194],[-50.8292,0.8237],[-50.7969,0.8479],[-50.7843,0.84],[-50.7726,0.8264],[-50.758,0.8204],[-50.7529,0.822],[-50.7444,0.8238],[-50.7327,0.8168],[-50.7069,0.8155],[-50.6921,0.8214],[-50.6724,0.8365],[-50.6596,0.8416],[-50.6604,0.8496],[-50.6538,0.871],[-50.651,0.8715],[-50.646,0.8727],[-50.6446,0.877],[-50.6374,0.8719],[-50.6359,0.8787],[-50.6356,0.8639],[-50.6305,0.8632],[-50.6236,0.8705],[-50.6134,0.8685],[-50.6122,0.8641],[-50.6085,0.8633],[-50.6063,0.8831],[-50.6094,0.8888],[-50.6035,0.891],[-50.5961,0.8825],[-50.5918,0.8658],[-50.5945,0.8619],[-50.5896,0.8577],[-50.5845,0.8571],[-50.5779,0.8623],[-50.5733,0.8718],[-50.5749,0.8815],[-50.5664,0.8801],[-50.5671,0.8726],[-50.555,0.8645],[-50.5521,0.8645],[-50.5499,0.8697],[-50.5446,0.8701],[-50.5315,0.8656],[-50.5293,0.8735],[-50.5221,0.876],[-50.5146,0.8846],[-50.5132,0.8924],[-50.5006,0.9029],[-50.4964,0.9107],[-50.5016,0.9175],[-50.4956,0.9234],[-50.4765,0.9243],[-50.463,0.9166],[-50.4438,0.9283],[-50.4379,0.9256],[-50.4306,0.9471],[-50.4231,0.9525],[-50.4142,0.9451],[-50.4149,0.9371],[-50.4037,0.9232],[-50.3844,0.9307],[-50.3828,0.922],[-50.3726,0.9235],[-50.3632,0.9299],[-50.3654,0.9358],[-50.3571,0.9392],[-50.3539,0.9328],[-50.3356,0.9233],[-50.3221,0.942],[-50.3138,0.9438],[-50.3079,0.9437],[-50.2329,1.0098],[-50.1854,1.0507],[-50.1883,1.0662],[-50.1703,1.0985],[-50.1431,1.1016],[-50.1376,1.1088],[-50.1344,1.1276],[-50.1298,1.1324],[-50.1156,1.1399],[-50.105,1.1402],[-50.0949,1.1529],[-50.0849,1.1593],[-50.08,1.1719],[-50.0829,1.1806],[-50.0796,1.1862],[-50.0706,1.1896],[-50.0679,1.209],[-49.9829,1.2236],[-49.9549,1.2373],[-49.9063,1.2742],[-49.8989,1.2325],[-49.8925,1.2148],[-49.8932,1.1934],[-49.9123,1.1561],[-49.9176,1.1372],[-49.9361,1.1143],[-49.9423,1.113],[-49.9454,1.1086],[-49.9415,1.1028],[-49.9451,1.0706],[-49.9485,1.0402],[-49.9433,1.0326],[-49.9402,1.0095],[-49.9403,0.9939],[-49.9455,0.9833],[-49.9701,0.9595],[-49.9762,0.959]]]}},{"type":"Feature","properties":{"nome":"Mazagão","cod":"1600402","uf":"AP"},"geometry":{"type":"Polygon","coordinates":[[[-52.6599,0.8305],[-52.6652,0.8057],[-52.6612,0.7923],[-52.6535,0.7857],[-52.6443,0.7766],[-52.6317,0.7749],[-52.6202,0.7621],[-52.6144,0.7408],[-52.6097,0.7385],[-52.5834,0.7421],[-52.5769,0.7385],[-52.5684,0.7253],[-52.5461,0.7213],[-52.5326,0.6977],[-52.5236,0.6931],[-52.5189,0.6835],[-52.5054,0.6784],[-52.5005,0.6726],[-52.4977,0.66],[-52.5062,0.6483],[-52.503,0.6425],[-52.4899,0.6392],[-52.4812,0.6322],[-52.4803,0.6167],[-52.4697,0.6043],[-52.467,0.5932],[-52.4663,0.583],[-52.4605,0.5744],[-52.4379,0.5702],[-52.4143,0.5493],[-52.4173,0.5257],[-52.4164,0.511],[-52.4108,0.5044],[-52.3954,0.4991],[-52.3968,0.492],[-52.3933,0.4854],[-52.3836,0.485],[-52.3864,0.4683],[-52.376,0.4516],[-52.3647,0.4491],[-52.3476,0.4329],[-52.3367,0.4398],[-52.3378,0.4228],[-52.3451,0.4172],[-52.3471,0.4095],[-52.3382,0.402],[-52.3365,0.3844],[-52.3285,0.3817],[-52.3236,0.3865],[-52.3194,0.3795],[-52.3151,0.3786],[-52.3002,0.389],[-52.2964,0.3971],[-52.2803,0.3683],[-52.2726,0.3709],[-52.2395,0.3643],[-52.2342,0.3695],[-52.2343,0.3833],[-52.2379,0.3916],[-52.2336,0.4026],[-52.2015,0.4425],[-52.1999,0.4581],[-52.1907,0.464],[-52.164,0.4691],[-52.153,0.4762],[-52.1433,0.4888],[-52.1089,0.4995],[-52.1055,0.5067],[-52.098,0.5106],[-52.0801,0.5111],[-52.0615,0.4991],[-52.0506,0.4853],[-52.0381,0.4803],[-52.0292,0.4715],[-52.0168,0.4812],[-51.9961,0.4772],[-51.9695,0.4657],[-51.9566,0.4642],[-51.9565,0.4552],[-51.9524,0.4528],[-51.9475,0.453],[-51.9455,0.4579],[-51.9351,0.4525],[-51.9201,0.4544],[-51.9129,0.452],[-51.9097,0.4557],[-51.8974,0.4498],[-51.8895,0.4582],[-51.8871,0.4541],[-51.8775,0.4526],[-51.8736,0.4469],[-51.8579,0.4426],[-51.8568,0.4476],[-51.8409,0.4461],[-51.8358,0.4503],[-51.8375,0.455],[-51.8306,0.452],[-51.8127,0.4588],[-51.8045,0.4578],[-51.8011,0.4539],[-51.7936,0.4546],[-51.7905,0.4417],[-51.7859,0.4393],[-51.782,0.4288],[-51.7769,0.4295],[-51.767,0.4215],[-51.7675,0.4178],[-51.7639,0.4129],[-51.7469,0.413],[-51.7399,0.4059],[-51.7346,0.4069],[-51.7305,0.4128],[-51.7209,0.4143],[-51.7134,0.4044],[-51.7013,0.4015],[-51.6938,0.3905],[-51.6978,0.3856],[-51.6905,0.3621],[-51.6808,0.3557],[-51.6916,0.344],[-51.6969,0.3446],[-51.6961,0.3404],[-51.6915,0.339],[-51.6955,0.3298],[-51.6913,0.3219],[-51.683,0.3182],[-51.6745,0.3007],[-51.6473,0.2889],[-51.6305,0.2703],[-51.6257,0.2751],[-51.6189,0.263],[-51.61,0.2551],[-51.6117,0.2507],[-51.6081,0.2453],[-51.5948,0.2398],[-51.5928,0.2418],[-51.5812,0.2302],[-51.577,0.2305],[-51.5777,0.2158],[-51.5731,0.2166],[-51.5686,0.2004],[-51.5739,0.2007],[-51.577,0.1943],[-51.5729,0.1812],[-51.5733,0.1637],[-51.5774,0.1607],[-51.5803,0.1569],[-51.5787,0.1515],[-51.5779,0.1483],[-51.5746,0.1401],[-51.5695,0.1464],[-51.5656,0.1391],[-51.5684,0.131],[-51.5596,0.1163],[-51.5641,0.1117],[-51.5627,0.1092],[-51.5504,0.1008],[-51.5429,0.0878],[-51.5348,0.0811],[-51.5329,0.0523],[-51.5246,0.0458],[-51.49,0.0374],[-51.4909,0.0309],[-51.4875,0.0252],[-51.4641,0.0133],[-51.4562,0.0126],[-51.4448,-0.0114],[-51.4388,-0.0351],[-51.4197,-0.0514],[-51.4089,-0.0548],[-51.4019,-0.0707],[-51.3919,-0.0738],[-51.366,-0.0734],[-51.348,-0.0807],[-51.3284,-0.0833],[-51.3156,-0.0797],[-51.2856,-0.088],[-51.2731,-0.0989],[-51.2564,-0.0877],[-51.2393,-0.0881],[-51.2227,-0.0924],[-51.2159,-0.1183],[-51.2653,-0.1951],[-51.2891,-0.2277],[-51.3017,-0.2513],[-51.3276,-0.2686],[-51.3455,-0.2958],[-51.3543,-0.3207],[-51.3614,-0.3579],[-51.3621,-0.3678],[-51.4068,-0.417],[-51.4203,-0.4286],[-51.432,-0.473],[-51.4573,-0.5129],[-51.4863,-0.5453],[-51.5026,-0.5556],[-51.5115,-0.5636],[-51.5951,-0.6501],[-51.665,-0.7615],[-51.6831,-0.7971],[-51.7126,-0.8042],[-51.7279,-0.8215],[-51.7394,-0.8282],[-51.7202,-0.8337],[-51.7346,-0.8383],[-51.737,-0.8418],[-51.7363,-0.8451],[-51.7295,-0.8454],[-51.7262,-0.8584],[-51.7407,-0.8584],[-51.7398,-0.8671],[-51.7513,-0.8641],[-51.7709,-0.8704],[-51.7795,-0.8646],[-51.7836,-0.8572],[-51.7933,-0.8689],[-51.8,-0.8638],[-51.808,-0.8654],[-51.806,-0.8733],[-51.8092,-0.8737],[-51.8229,-0.8619],[-51.8245,-0.8812],[-51.8158,-0.8885],[-51.8244,-0.9122],[-51.8344,-0.9086],[-51.8348,-0.9213],[-51.8414,-0.9163],[-51.8469,-0.9048],[-51.8596,-0.9042],[-51.8636,-0.8929],[-51.8745,-0.8893],[-51.8802,-0.8828],[-51.883,-0.8839],[-51.8833,-0.8909],[-51.887,-0.8921],[-51.8933,-0.8891],[-51.8967,-0.8818],[-51.8986,-0.8866],[-51.9029,-0.8865],[-51.9036,-0.8759],[-51.91,-0.8743],[-51.9134,-0.8842],[-51.918,-0.8814],[-51.9183,-0.8737],[-51.9237,-0.8735],[-51.9245,-0.8821],[-51.9299,-0.8819],[-51.9399,-0.8716],[-51.9446,-0.8606],[-51.9536,-0.8591],[-51.9582,-0.8474],[-51.9558,-0.8371],[-51.9505,-0.834],[-51.94,-0.8103],[-51.9413,-0.7992],[-51.9471,-0.8005],[-51.9427,-0.7743],[-51.9384,-0.7706],[-51.9419,-0.7606],[-51.9476,-0.7524],[-51.9505,-0.755],[-51.9596,-0.7473],[-51.9687,-0.7482],[-51.9721,-0.735],[-51.9798,-0.7246],[-51.9803,-0.7029],[-51.9854,-0.6904],[-52.0059,-0.6831],[-52.0168,-0.6868],[-52.0327,-0.6608],[-52.0392,-0.6576],[-52.0445,-0.6459],[-52.055,-0.6421],[-52.0539,-0.6225],[-52.0574,-0.6155],[-52.0562,-0.6062],[-52.0607,-0.5983],[-52.0614,-0.5693],[-52.0838,-0.5636],[-52.0818,-0.5563],[-52.0739,-0.5496],[-52.0755,-0.5409],[-52.0721,-0.5291],[-52.0774,-0.5271],[-52.0754,-0.5198],[-52.0817,-0.5135],[-52.0749,-0.5074],[-52.063,-0.4819],[-52.0667,-0.4646],[-52.0746,-0.462],[-52.0816,-0.4473],[-52.0799,-0.4369],[-52.0832,-0.4323],[-52.0819,-0.4079],[-52.0843,-0.4005],[-52.0821,-0.3377],[-52.0896,-0.326],[-52.1079,-0.312],[-52.1277,-0.2868],[-52.1758,-0.2703],[-52.1844,-0.262],[-52.1972,-0.2564],[-52.2425,-0.2586],[-52.2721,-0.2344],[-52.2736,-0.2277],[-52.2843,-0.219],[-52.2854,-0.2165],[-52.2973,-0.2025],[-52.311,-0.1689],[-52.3211,-0.1544],[-52.3318,-0.1464],[-52.3594,-0.1417],[-52.3761,-0.1343],[-52.3878,-0.1263],[-52.4076,-0.1215],[-52.4127,-0.1156],[-52.4358,-0.1074],[-52.4623,-0.1056],[-52.4985,-0.1142],[-52.5212,-0.1403],[-52.5281,-0.1427],[-52.5325,-0.15],[-52.5346,-0.1486],[-52.5353,-0.1446],[-52.5468,-0.1437],[-52.5487,-0.1399],[-52.5566,-0.1429],[-52.5548,-0.1356],[-52.5579,-0.1172],[-52.5512,-0.11],[-52.5476,-0.1102],[-52.5595,-0.099],[-52.5594,-0.0958],[-52.5539,-0.0925],[-52.5457,-0.0966],[-52.5318,-0.0808],[-52.5311,-0.0699],[-52.5354,-0.0675],[-52.5304,-0.0435],[-52.5272,-0.041],[-52.5281,-0.0273],[-52.5234,-0.0191],[-52.5081,-0.0185],[-52.5035,-0.0065],[-52.5058,0.0041],[-52.5034,0.008],[-52.5112,0.0182],[-52.5028,0.034],[-52.5038,0.0377],[-52.5142,0.0428],[-52.5082,0.0511],[-52.5012,0.0529],[-52.5122,0.0624],[-52.5081,0.0691],[-52.512,0.0725],[-52.5023,0.0806],[-52.4991,0.0876],[-52.506,0.1005],[-52.5024,0.1046],[-52.5025,0.115],[-52.4977,0.1202],[-52.5004,0.1346],[-52.504,0.1378],[-52.494,0.1452],[-52.4918,0.1577],[-52.4952,0.1724],[-52.4919,0.1801],[-52.4877,0.1817],[-52.4857,0.1945],[-52.4979,0.2196],[-52.4859,0.2182],[-52.4855,0.2275],[-52.4994,0.2371],[-52.495,0.2452],[-52.4972,0.2542],[-52.4937,0.2577],[-52.4894,0.2554],[-52.487,0.2598],[-52.4902,0.2685],[-52.4839,0.2706],[-52.4861,0.2773],[-52.4944,0.2807],[-52.4956,0.2976],[-52.5086,0.3165],[-52.5129,0.3182],[-52.5332,0.3456],[-52.5349,0.3439],[-52.5391,0.3562],[-52.5511,0.3641],[-52.558,0.3641],[-52.5596,0.3689],[-52.5563,0.378],[-52.5639,0.3774],[-52.5696,0.3828],[-52.5709,0.3911],[-52.5659,0.4091],[-52.5689,0.4185],[-52.5714,0.4177],[-52.5762,0.4375],[-52.583,0.4371],[-52.5842,0.4399],[-52.5708,0.4524],[-52.5723,0.4668],[-52.5772,0.4685],[-52.5877,0.4853],[-52.5888,0.499],[-52.5948,0.5025],[-52.6103,0.5272],[-52.6219,0.5316],[-52.632,0.5404],[-52.6475,0.5637],[-52.6559,0.5876],[-52.6583,0.5876],[-52.6576,0.5942],[-52.6647,0.6014],[-52.6608,0.6166],[-52.665,0.6263],[-52.6673,0.6682],[-52.6631,0.7004],[-52.6582,0.7105],[-52.6589,0.7372],[-52.655,0.7443],[-52.6628,0.7573],[-52.6686,0.7865],[-52.6999,0.8017],[-52.7256,0.8085],[-52.7369,0.8157],[-52.7262,0.8208],[-52.7216,0.8268],[-52.6982,0.8251],[-52.6792,0.8294],[-52.6749,0.8267],[-52.6627,0.8343],[-52.6599,0.8305]]]}},{"type":"Feature","properties":{"nome":"Oiapoque","cod":"1600501","uf":"AP"},"geometry":{"type":"Polygon","coordinates":[[[-51.177,3.7721],[-51.1894,3.7245],[-51.1972,3.6666],[-51.1881,3.6277],[-51.1828,3.5395],[-51.186,3.4702],[-51.1939,3.437],[-51.1931,3.406],[-51.1843,3.4007],[-51.1767,3.3698],[-51.1771,3.3529],[-51.1707,3.3403],[-51.1714,3.3065],[-51.1721,3.2942],[-51.1814,3.2725],[-51.1855,3.2361],[-51.1916,3.2296],[-51.2065,3.2257],[-51.2231,3.2174],[-51.2168,3.211],[-51.2198,3.2028],[-51.2291,3.1982],[-51.2299,3.2097],[-51.2379,3.2178],[-51.2403,3.2162],[-51.2369,3.2091],[-51.2406,3.2033],[-51.2515,3.1919],[-51.2433,3.1818],[-51.2498,3.1758],[-51.2424,3.1684],[-51.2461,3.1613],[-51.2398,3.1529],[-51.2249,3.1614],[-51.2276,3.1534],[-51.2371,3.1472],[-51.2413,3.1368],[-51.2552,3.1224],[-51.2682,3.1189],[-51.2883,3.1243],[-51.2841,3.097],[-51.2924,3.0825],[-51.3031,3.0771],[-51.3043,3.0709],[-51.3175,3.0794],[-51.3221,3.0727],[-51.3209,3.067],[-51.3361,3.0573],[-51.3566,3.0528],[-51.3763,3.0325],[-51.3662,3.028],[-51.3644,3.0214],[-51.3851,3.0284],[-51.3904,3.0228],[-51.3961,3.0226],[-51.3965,3.0167],[-51.3932,3.0126],[-51.3883,3.0149],[-51.3869,3.0073],[-51.4015,2.9913],[-51.399,2.9826],[-51.4204,2.9562],[-51.4227,2.9459],[-51.4383,2.9366],[-51.436,2.9305],[-51.4272,2.9291],[-51.429,2.9241],[-51.4218,2.9147],[-51.4307,2.9059],[-51.4359,2.906],[-51.4377,2.8961],[-51.4342,2.8855],[-51.4436,2.8801],[-51.4422,2.8748],[-51.4523,2.8702],[-51.4623,2.873],[-51.468,2.8646],[-51.4563,2.8598],[-51.4729,2.8543],[-51.4717,2.8475],[-51.4756,2.8465],[-51.4793,2.8393],[-51.5122,2.8272],[-51.5141,2.8231],[-51.5198,2.8238],[-51.5129,2.804],[-51.512,2.7958],[-51.5178,2.7882],[-51.5138,2.7804],[-51.5251,2.7772],[-51.5216,2.7725],[-51.5278,2.7675],[-51.5289,2.7591],[-51.5404,2.7478],[-51.5472,2.7359],[-51.548,2.7253],[-51.5538,2.7205],[-51.557,2.7037],[-51.5634,2.6992],[-51.5649,2.6939],[-51.5695,2.6961],[-51.5779,2.6869],[-51.5814,2.6774],[-51.5919,2.6749],[-51.5984,2.6621],[-51.5976,2.6539],[-51.6051,2.6504],[-51.6142,2.637],[-51.6234,2.6318],[-51.6256,2.6204],[-51.6345,2.6188],[-51.6372,2.6024],[-51.6513,2.5819],[-51.6466,2.5802],[-51.6415,2.5696],[-51.6428,2.5623],[-51.6468,2.5612],[-51.6484,2.5467],[-51.657,2.5352],[-51.6695,2.5343],[-51.6726,2.5287],[-51.6797,2.5297],[-51.6825,2.5264],[-51.689,2.5156],[-51.6911,2.5008],[-51.6846,2.4995],[-51.6897,2.4875],[-51.7028,2.4662],[-51.7155,2.452],[-51.7208,2.451],[-51.7303,2.433],[-51.7484,2.4242],[-51.7472,2.4171],[-51.7533,2.4113],[-51.7524,2.4034],[-51.7611,2.3903],[-51.7718,2.3793],[-51.7816,2.3785],[-51.7967,2.3885],[-51.8012,2.3866],[-51.8058,2.376],[-51.821,2.3724],[-51.8464,2.3958],[-51.852,2.3957],[-51.8628,2.3941],[-51.8634,2.3872],[-51.855,2.382],[-51.8514,2.3663],[-51.8623,2.3595],[-51.864,2.3538],[-51.8691,2.347],[-51.8891,2.3413],[-51.8928,2.3447],[-51.8956,2.3573],[-51.9147,2.3562],[-51.9243,2.368],[-51.9268,2.3763],[-51.9338,2.3702],[-51.9377,2.3715],[-51.9404,2.3786],[-51.9497,2.3786],[-51.9574,2.4087],[-51.9842,2.4162],[-51.9951,2.4056],[-52.0026,2.421],[-51.9994,2.4248],[-51.9981,2.4217],[-51.9936,2.4249],[-51.9945,2.4306],[-52.0042,2.4336],[-52.0102,2.4402],[-52.0154,2.4369],[-52.0211,2.4346],[-52.0444,2.4384],[-52.0508,2.4021],[-52.0594,2.3917],[-52.0724,2.3946],[-52.0913,2.41],[-52.095,2.3993],[-52.1128,2.4014],[-52.1188,2.3939],[-52.1113,2.3851],[-52.1191,2.3829],[-52.1239,2.3752],[-52.1189,2.3545],[-52.1239,2.351],[-52.1327,2.3301],[-52.1513,2.3203],[-52.1508,2.3034],[-52.1597,2.2982],[-52.1755,2.3033],[-52.184,2.2912],[-52.1797,2.2786],[-52.1808,2.2761],[-52.1894,2.2795],[-52.1953,2.26],[-52.2054,2.2656],[-52.2153,2.2603],[-52.2242,2.2651],[-52.2309,2.2643],[-52.2365,2.2507],[-52.2483,2.2419],[-52.2431,2.2267],[-52.2472,2.2086],[-52.2432,2.2012],[-52.2311,2.2019],[-52.2217,2.1919],[-52.2201,2.1856],[-52.2227,2.1849],[-52.2363,2.1919],[-52.2441,2.1919],[-52.2519,2.1691],[-52.2746,2.1578],[-52.2906,2.1589],[-52.3029,2.155],[-52.3187,2.1587],[-52.3342,2.1559],[-52.3396,2.1529],[-52.3468,2.1403],[-52.355,2.1419],[-52.3631,2.1213],[-52.3713,2.1195],[-52.375,2.1146],[-52.3921,2.1004],[-52.3991,2.1002],[-52.4104,2.0932],[-52.4139,2.088],[-52.4156,2.0804],[-52.4099,2.0759],[-52.4124,2.0568],[-52.4065,2.036],[-52.4116,2.0297],[-52.4177,2.0383],[-52.4249,2.0355],[-52.439,2.0454],[-52.4571,2.0424],[-52.4576,2.037],[-52.4644,2.0355],[-52.4715,2.0397],[-52.4848,2.0378],[-52.4993,2.0412],[-52.5108,2.0286],[-52.5225,2.0274],[-52.5305,2.0224],[-52.5341,2.0154],[-52.5448,2.0146],[-52.5519,2.0099],[-52.5577,2.022],[-52.5652,2.0166],[-52.5741,2.0188],[-52.5915,2.0149],[-52.5884,2.0058],[-52.5909,2.0036],[-52.5991,2.0089],[-52.6097,2.0101],[-52.6162,2.0251],[-52.6341,2.0334],[-52.6448,2.0512],[-52.6501,2.052],[-52.6563,2.0449],[-52.6676,2.0571],[-52.6822,2.0542],[-52.6781,2.0652],[-52.6806,2.0696],[-52.6913,2.0632],[-52.698,2.067],[-52.7149,2.063],[-52.7285,2.0731],[-52.7568,2.068],[-52.7598,2.0781],[-52.7679,2.0778],[-52.7738,2.0735],[-52.7853,2.0763],[-52.7962,2.0717],[-52.8098,2.0842],[-52.8289,2.0838],[-52.8358,2.0785],[-52.8383,2.0694],[-52.8367,2.0664],[-52.8282,2.0666],[-52.8314,2.0584],[-52.8284,2.0521],[-52.8367,2.0367],[-52.8446,2.0347],[-52.8537,2.0406],[-52.8587,2.0403],[-52.8675,2.0251],[-52.889,2.0321],[-52.9033,2.0167],[-52.9039,2.0093],[-52.9083,2.009],[-52.903,1.9996],[-52.9072,1.9923],[-52.9,1.9629],[-52.9112,1.9556],[-52.9138,1.9487],[-52.9185,1.9483],[-52.9208,1.942],[-52.9286,1.9505],[-52.9462,1.9455],[-52.9612,1.9511],[-52.994,1.9524],[-52.9985,1.9551],[-53.0081,1.9787],[-53.025,1.9813],[-53.0415,1.9772],[-53.0475,1.9723],[-53.0585,1.9469],[-53.0665,1.9431],[-53.073,1.9452],[-53.0905,1.9755],[-53.11,1.9809],[-53.1158,2.0074],[-53.1326,2.0193],[-53.1385,2.0667],[-53.1347,2.0919],[-53.1387,2.1013],[-53.1659,2.1116],[-53.1761,2.121],[-53.1916,2.126],[-53.2021,2.134],[-53.2171,2.1363],[-53.234,2.1437],[-53.2694,2.1709],[-53.2787,2.1863],[-53.2761,2.1885],[-53.2774,2.1928],[-53.2651,2.1891],[-53.257,2.1928],[-53.2551,2.198],[-53.2461,2.1993],[-53.2423,2.2079],[-53.2326,2.2057],[-53.2281,2.1981],[-53.2202,2.1939],[-53.2172,2.1962],[-53.215,2.1941],[-53.2079,2.1996],[-53.1847,2.1996],[-53.1749,2.2046],[-53.1382,2.2122],[-53.0991,2.2146],[-53.0791,2.2108],[-53.066,2.2011],[-53.0603,2.1927],[-53.0521,2.182],[-53.0401,2.1737],[-53.0074,2.1696],[-52.984,2.1575],[-52.9438,2.1691],[-52.9368,2.1839],[-52.9393,2.19],[-52.936,2.1925],[-52.9291,2.1887],[-52.9229,2.1925],[-52.9055,2.1859],[-52.9032,2.1926],[-52.8917,2.2091],[-52.8909,2.2148],[-52.8846,2.2185],[-52.8872,2.2346],[-52.8753,2.2378],[-52.8714,2.2573],[-52.8535,2.2596],[-52.8512,2.2665],[-52.8569,2.2778],[-52.841,2.2773],[-52.8374,2.2795],[-52.8397,2.2873],[-52.8347,2.2865],[-52.7995,2.2986],[-52.786,2.3085],[-52.781,2.3076],[-52.7774,2.315],[-52.7734,2.3112],[-52.7666,2.3181],[-52.7647,2.3162],[-52.7432,2.3259],[-52.7374,2.3317],[-52.7325,2.3299],[-52.7157,2.3359],[-52.7166,2.3437],[-52.6612,2.3818],[-52.6628,2.3846],[-52.6572,2.3949],[-52.6604,2.4046],[-52.6424,2.422],[-52.6419,2.436],[-52.6277,2.4486],[-52.6263,2.446],[-52.6129,2.4464],[-52.605,2.4526],[-52.6146,2.4639],[-52.6101,2.4754],[-52.5869,2.4737],[-52.5853,2.4945],[-52.5649,2.5126],[-52.5544,2.5153],[-52.5523,2.5276],[-52.557,2.527],[-52.5631,2.5449],[-52.55,2.5577],[-52.5394,2.5547],[-52.5359,2.5713],[-52.5271,2.5771],[-52.5354,2.5957],[-52.5524,2.6069],[-52.5454,2.6193],[-52.5581,2.6343],[-52.5499,2.6482],[-52.542,2.6501],[-52.5329,2.6474],[-52.5235,2.6789],[-52.5117,2.6939],[-52.5017,2.7208],[-52.4956,2.7273],[-52.4853,2.7502],[-52.4886,2.7554],[-52.4811,2.7627],[-52.4833,2.7769],[-52.4779,2.7906],[-52.4579,2.8227],[-52.4509,2.8423],[-52.4266,2.8866],[-52.4108,2.8954],[-52.4025,2.892],[-52.3964,2.8934],[-52.3812,2.9138],[-52.3849,2.9167],[-52.3929,2.9138],[-52.395,2.921],[-52.4011,2.9246],[-52.3945,2.9362],[-52.3979,2.941],[-52.391,2.9446],[-52.3847,2.9542],[-52.3739,2.9843],[-52.3735,2.9974],[-52.3682,3.003],[-52.365,3.0222],[-52.3558,3.0277],[-52.3431,3.0571],[-52.3286,3.0805],[-52.347,3.101],[-52.3463,3.1114],[-52.3396,3.1214],[-52.341,3.1243],[-52.3528,3.1259],[-52.3538,3.1313],[-52.3504,3.138],[-52.3439,3.1365],[-52.3387,3.1401],[-52.3407,3.1494],[-52.3343,3.1586],[-52.3328,3.1726],[-52.3057,3.1774],[-52.31,3.2047],[-52.2982,3.2192],[-52.2951,3.2314],[-52.2687,3.2446],[-52.2664,3.2532],[-52.2619,3.2566],[-52.2537,3.2538],[-52.246,3.242],[-52.2334,3.2472],[-52.2019,3.2945],[-52.1917,3.3017],[-52.1927,3.3144],[-52.1623,3.3545],[-52.1548,3.3721],[-52.1136,3.4529],[-52.0986,3.4658],[-52.0937,3.4897],[-52.0803,3.5001],[-52.0746,3.5088],[-52.0755,3.519],[-52.061,3.5233],[-52.0247,3.592],[-52.004,3.6123],[-51.9958,3.6267],[-51.9888,3.6753],[-51.9799,3.6854],[-51.9716,3.7192],[-51.9573,3.7319],[-51.9327,3.7272],[-51.9279,3.7292],[-51.9211,3.7471],[-51.9288,3.7726],[-51.9239,3.7838],[-51.9062,3.7914],[-51.9014,3.7991],[-51.8904,3.7995],[-51.8757,3.8077],[-51.8643,3.8244],[-51.8599,3.8297],[-51.8528,3.8387],[-51.8456,3.8467],[-51.8279,3.8547],[-51.8229,3.8642],[-51.8204,3.8702],[-51.8016,3.8822],[-51.7896,3.9023],[-51.7795,3.9252],[-51.7787,3.9458],[-51.7772,3.9574],[-51.7707,3.9669],[-51.7553,3.9884],[-51.7461,3.9953],[-51.7094,4.0009],[-51.6975,4.0094],[-51.6851,4.0255],[-51.6655,4.0288],[-51.6461,4.0449],[-51.6425,4.063],[-51.6442,4.0741],[-51.6357,4.0872],[-51.6193,4.1424],[-51.6045,4.1675],[-51.5951,4.1917],[-51.5974,4.2301],[-51.5917,4.2356],[-51.5856,4.2625],[-51.5734,4.3447],[-51.5537,4.415],[-51.5492,4.4247],[-51.54,4.4305],[-51.5136,4.4371],[-51.5002,4.4267],[-51.49,4.4234],[-51.4524,4.3902],[-51.4272,4.3739],[-51.3456,4.2956],[-51.2516,4.1917],[-51.2511,4.1857],[-51.2305,4.1591],[-51.2264,4.1438],[-51.2098,4.1235],[-51.1892,4.0637],[-51.1903,4.0563],[-51.1844,4.0511],[-51.1817,4.0089],[-51.1763,3.9875],[-51.1756,3.9605],[-51.1786,3.9452],[-51.1663,3.9363],[-51.177,3.7721]]]}},{"type":"Feature","properties":{"nome":"Porto Grande","cod":"1600535","uf":"AP"},"geometry":{"type":"Polygon","coordinates":[[[-51.6689,0.9787],[-51.6594,0.9563],[-51.65,0.957],[-51.6427,0.9505],[-51.6355,0.9511],[-51.6178,0.9401],[-51.6123,0.9299],[-51.5934,0.9191],[-51.5922,0.9133],[-51.6014,0.907],[-51.6029,0.8852],[-51.6091,0.8804],[-51.6199,0.8782],[-51.6249,0.8728],[-51.6256,0.8639],[-51.6157,0.8353],[-51.6107,0.8341],[-51.6087,0.8412],[-51.6018,0.847],[-51.585,0.8475],[-51.5491,0.866],[-51.5414,0.8742],[-51.537,0.8744],[-51.5365,0.8784],[-51.5245,0.8781],[-51.512,0.8821],[-51.5028,0.874],[-51.5058,0.8614],[-51.4966,0.8332],[-51.4964,0.8125],[-51.4875,0.7928],[-51.4763,0.7866],[-51.4599,0.7628],[-51.4422,0.7603],[-51.4312,0.7449],[-51.4002,0.7318],[-51.3931,0.7365],[-51.3855,0.736],[-51.3748,0.7441],[-51.3713,0.7554],[-51.3766,0.7635],[-51.3759,0.7697],[-51.3704,0.7768],[-51.3607,0.777],[-51.3426,0.7327],[-51.364,0.7171],[-51.3682,0.6972],[-51.3765,0.687],[-51.3701,0.6828],[-51.358,0.6513],[-51.3179,0.637],[-51.2804,0.6282],[-51.2667,0.6214],[-51.2572,0.6109],[-51.2021,0.6009],[-51.1989,0.5946],[-51.1704,0.5784],[-51.1533,0.5756],[-51.1433,0.5505],[-51.1252,0.541],[-51.1306,0.5237],[-51.1016,0.4838],[-51.0935,0.4772],[-51.0795,0.4774],[-51.0736,0.4621],[-51.0569,0.4573],[-51.04,0.4433],[-51.0436,0.4331],[-51.0453,0.4316],[-51.0512,0.429],[-51.0504,0.4398],[-51.058,0.449],[-51.0794,0.4437],[-51.0948,0.4309],[-51.1147,0.4025],[-51.112,0.3914],[-51.1148,0.3816],[-51.1239,0.3685],[-51.124,0.3567],[-51.1347,0.3406],[-51.1301,0.3331],[-51.1284,0.3206],[-51.1373,0.3136],[-51.1411,0.3174],[-51.1598,0.3225],[-51.1753,0.3132],[-51.1844,0.3168],[-51.1874,0.3222],[-51.206,0.3226],[-51.2089,0.336],[-51.207,0.3418],[-51.2115,0.3503],[-51.2047,0.3693],[-51.2082,0.3769],[-51.2065,0.3885],[-51.2168,0.4031],[-51.2369,0.4085],[-51.2371,0.4142],[-51.2419,0.4156],[-51.2458,0.4254],[-51.2451,0.4323],[-51.2516,0.4331],[-51.2525,0.4402],[-51.2601,0.4451],[-51.2569,0.4463],[-51.2573,0.4515],[-51.2587,0.4542],[-51.2735,0.4524],[-51.2865,0.4629],[-51.3001,0.4653],[-51.3093,0.476],[-51.3202,0.4758],[-51.3304,0.4682],[-51.3556,0.4816],[-51.3617,0.4881],[-51.3831,0.4917],[-51.4099,0.4862],[-51.426,0.5063],[-51.4445,0.5136],[-51.4484,0.5125],[-51.4532,0.5031],[-51.4689,0.5001],[-51.4675,0.4894],[-51.4775,0.4869],[-51.4816,0.482],[-51.4948,0.4829],[-51.5007,0.4737],[-51.5161,0.4658],[-51.5131,0.4543],[-51.5161,0.4366],[-51.5183,0.4313],[-51.5278,0.4278],[-51.5341,0.4193],[-51.5388,0.4189],[-51.5369,0.4056],[-51.5283,0.4001],[-51.53,0.3915],[-51.5342,0.3889],[-51.5335,0.3656],[-51.5388,0.3564],[-51.5354,0.3498],[-51.5374,0.3414],[-51.5333,0.3341],[-51.5419,0.3209],[-51.5379,0.3141],[-51.533,0.3129],[-51.5317,0.2975],[-51.539,0.2796],[-51.5371,0.2724],[-51.5505,0.261],[-51.5471,0.2486],[-51.5506,0.2341],[-51.5647,0.2194],[-51.5731,0.2166],[-51.5777,0.2158],[-51.577,0.2305],[-51.5812,0.2302],[-51.5928,0.2418],[-51.5948,0.2398],[-51.6081,0.2453],[-51.6117,0.2507],[-51.61,0.2551],[-51.6189,0.263],[-51.6257,0.2751],[-51.6305,0.2703],[-51.6473,0.2889],[-51.6745,0.3007],[-51.683,0.3182],[-51.6913,0.3219],[-51.6955,0.3298],[-51.6915,0.339],[-51.6961,0.3404],[-51.6969,0.3446],[-51.6916,0.344],[-51.6808,0.3557],[-51.6905,0.3621],[-51.6978,0.3856],[-51.6938,0.3905],[-51.7013,0.4015],[-51.7134,0.4044],[-51.7209,0.4143],[-51.7305,0.4128],[-51.7346,0.4069],[-51.7399,0.4059],[-51.7469,0.413],[-51.7639,0.4129],[-51.7675,0.4178],[-51.767,0.4215],[-51.7769,0.4295],[-51.782,0.4288],[-51.7859,0.4393],[-51.7905,0.4417],[-51.7936,0.4546],[-51.8011,0.4539],[-51.8045,0.4578],[-51.8127,0.4588],[-51.8306,0.452],[-51.8375,0.455],[-51.8358,0.4503],[-51.8409,0.4461],[-51.8568,0.4476],[-51.8579,0.4426],[-51.8736,0.4469],[-51.8775,0.4526],[-51.8871,0.4541],[-51.8895,0.4582],[-51.8974,0.4498],[-51.9097,0.4557],[-51.9129,0.452],[-51.9201,0.4544],[-51.9351,0.4525],[-51.9455,0.4579],[-51.9475,0.453],[-51.9524,0.4528],[-51.9565,0.4552],[-51.9566,0.4642],[-51.9695,0.4657],[-51.9961,0.4772],[-52.0168,0.4812],[-52.0292,0.4715],[-52.0381,0.4803],[-52.0506,0.4853],[-52.0615,0.4991],[-52.0801,0.5111],[-52.098,0.5106],[-52.1055,0.5067],[-52.1089,0.4995],[-52.1433,0.4888],[-52.153,0.4762],[-52.164,0.4691],[-52.1907,0.464],[-52.1999,0.4581],[-52.2015,0.4425],[-52.2336,0.4026],[-52.2379,0.3916],[-52.2343,0.3833],[-52.2342,0.3695],[-52.2395,0.3643],[-52.2726,0.3709],[-52.2803,0.3683],[-52.2964,0.3971],[-52.3002,0.389],[-52.3151,0.3786],[-52.3194,0.3795],[-52.3236,0.3865],[-52.3285,0.3817],[-52.3365,0.3844],[-52.3382,0.402],[-52.3471,0.4095],[-52.3451,0.4172],[-52.3378,0.4228],[-52.3367,0.4398],[-52.3476,0.4329],[-52.3492,0.4421],[-52.3286,0.4523],[-52.3207,0.4646],[-52.3204,0.4699],[-52.3136,0.4772],[-52.3089,0.5003],[-52.291,0.5043],[-52.2703,0.5224],[-52.2702,0.5276],[-52.2574,0.5476],[-52.2549,0.566],[-52.2438,0.5787],[-52.2348,0.5961],[-52.2262,0.6024],[-52.2097,0.5958],[-52.198,0.6003],[-52.1844,0.6179],[-52.1841,0.6287],[-52.1766,0.6364],[-52.1786,0.641],[-52.1705,0.6379],[-52.1654,0.6412],[-52.1637,0.6449],[-52.1465,0.6406],[-52.1402,0.6355],[-52.1344,0.6404],[-52.1287,0.6404],[-52.1196,0.6335],[-52.1155,0.6339],[-52.1142,0.6413],[-52.1044,0.6489],[-52.1082,0.6607],[-52.102,0.6744],[-52.09,0.6742],[-52.0892,0.6619],[-52.0695,0.6628],[-52.0488,0.6702],[-52.0334,0.6831],[-52.0195,0.6892],[-52.019,0.6933],[-51.9824,0.6971],[-51.963,0.6932],[-51.9523,0.6995],[-51.9297,0.6955],[-51.9218,0.7007],[-51.8968,0.6987],[-51.8854,0.7009],[-51.8776,0.7082],[-51.8531,0.6729],[-51.8427,0.6809],[-51.8259,0.6828],[-51.8146,0.6922],[-51.8026,0.6945],[-51.7971,0.6815],[-51.7997,0.6638],[-51.7877,0.6486],[-51.7828,0.6494],[-51.766,0.6637],[-51.7542,0.6597],[-51.7526,0.6541],[-51.7593,0.6251],[-51.7556,0.6181],[-51.7372,0.6253],[-51.7229,0.6525],[-51.7299,0.6669],[-51.7239,0.6737],[-51.7212,0.6862],[-51.7063,0.6964],[-51.7055,0.705],[-51.7121,0.7271],[-51.7196,0.7348],[-51.7245,0.7505],[-51.7348,0.7652],[-51.7507,0.7699],[-51.7468,0.7772],[-51.7505,0.7821],[-51.7533,0.8002],[-51.7714,0.8126],[-51.7695,0.8244],[-51.7719,0.8323],[-51.7929,0.8576],[-51.7942,0.8743],[-51.8025,0.8743],[-51.8095,0.8854],[-51.8212,0.8858],[-51.8223,0.8943],[-51.8362,0.8996],[-51.8387,0.9037],[-51.8318,0.9159],[-51.8397,0.9218],[-51.8372,0.9319],[-51.8273,0.9303],[-51.8098,0.942],[-51.8072,0.946],[-51.8088,0.9521],[-51.7995,0.9572],[-51.8009,0.9651],[-51.7883,0.9645],[-51.7777,0.9691],[-51.7797,0.9826],[-51.7868,0.9865],[-51.786,0.9942],[-51.7785,0.997],[-51.766,0.9869],[-51.7554,0.9878],[-51.7537,0.9808],[-51.7584,0.9739],[-51.7559,0.9701],[-51.714,0.9934],[-51.7044,0.9874],[-51.7028,0.9771],[-51.6987,0.9742],[-51.6908,0.98],[-51.6882,1.0054],[-51.6839,1.0111],[-51.6737,1.0103],[-51.6629,0.9841],[-51.6689,0.9787]]]}},{"type":"Feature","properties":{"nome":"Pracuúba","cod":"1600550","uf":"AP"},"geometry":{"type":"Polygon","coordinates":[[[-51.2457,1.8843],[-51.2354,1.8735],[-51.2101,1.8892],[-51.1959,1.8829],[-51.1816,1.892],[-51.1673,1.8922],[-51.1524,1.8846],[-51.1503,1.876],[-51.1379,1.873],[-51.1348,1.8647],[-51.1169,1.8543],[-51.1141,1.8454],[-51.1078,1.8504],[-51.0999,1.848],[-51.0973,1.8527],[-51.079,1.8594],[-51.0717,1.8562],[-51.0633,1.8577],[-51.0549,1.8673],[-51.0423,1.8636],[-51.0344,1.869],[-51.0111,1.8515],[-51.0033,1.8511],[-50.9914,1.8391],[-50.9807,1.84],[-50.9657,1.839],[-50.9603,1.8338],[-50.9438,1.8277],[-50.9346,1.8313],[-50.9246,1.8304],[-50.9099,1.8232],[-50.8816,1.8286],[-50.8804,1.8275],[-50.8751,1.8232],[-50.8678,1.8304],[-50.8592,1.8278],[-50.8547,1.8304],[-50.8531,1.827],[-50.845,1.8264],[-50.8381,1.8166],[-50.8331,1.8174],[-50.819,1.8089],[-50.8123,1.8119],[-50.7984,1.7975],[-50.8,1.7911],[-50.8096,1.7891],[-50.8114,1.7817],[-50.8056,1.7814],[-50.8,1.7889],[-50.7939,1.7885],[-50.788,1.7966],[-50.7775,1.7925],[-50.7811,1.8049],[-50.7791,1.8147],[-50.769,1.8178],[-50.7672,1.8228],[-50.7748,1.8292],[-50.7713,1.8388],[-50.763,1.835],[-50.7594,1.8259],[-50.7516,1.8282],[-50.7436,1.8299],[-50.7272,1.8164],[-50.7197,1.8146],[-50.7108,1.8164],[-50.7021,1.8268],[-50.6923,1.8304],[-50.6402,1.8298],[-50.6419,1.8228],[-50.6353,1.8125],[-50.6324,1.7946],[-50.6135,1.7629],[-50.6155,1.7415],[-50.6094,1.7356],[-50.5989,1.7409],[-50.5976,1.7331],[-50.5837,1.7326],[-50.567,1.7113],[-50.5731,1.6943],[-50.5802,1.6868],[-50.5791,1.6784],[-50.5669,1.6533],[-50.5604,1.6497],[-50.5519,1.6505],[-50.5499,1.6476],[-50.5532,1.6274],[-50.5472,1.6186],[-50.5485,1.6067],[-50.5385,1.5906],[-50.5428,1.5689],[-50.5364,1.5484],[-50.5396,1.5302],[-50.5381,1.5236],[-50.5275,1.5138],[-50.5425,1.5061],[-50.5422,1.5024],[-50.5347,1.4981],[-50.5362,1.4906],[-50.5575,1.4823],[-50.5601,1.4728],[-50.752,1.5494],[-50.8634,1.5934],[-50.8907,1.5821],[-50.9006,1.582],[-50.9103,1.585],[-50.9225,1.6039],[-50.9257,1.6122],[-50.9359,1.6164],[-50.9578,1.6002],[-50.9829,1.5968],[-50.9908,1.6087],[-50.9969,1.6023],[-51.0048,1.6023],[-51.0081,1.6088],[-51.0167,1.6094],[-51.0136,1.6195],[-51.0166,1.6262],[-51.0122,1.6333],[-51.0173,1.6425],[-51.0253,1.6481],[-51.0417,1.6336],[-51.0539,1.6166],[-51.0672,1.6075],[-51.0758,1.6089],[-51.0891,1.5994],[-51.1035,1.6005],[-51.1136,1.6054],[-51.1217,1.6021],[-51.1327,1.6038],[-51.1384,1.6102],[-51.1509,1.6042],[-51.1616,1.611],[-51.1639,1.6265],[-51.1695,1.6336],[-51.1859,1.6393],[-51.1919,1.632],[-51.1988,1.6322],[-51.2046,1.6386],[-51.2072,1.6501],[-51.2161,1.6488],[-51.2344,1.6531],[-51.2557,1.6802],[-51.3025,1.6867],[-51.3141,1.6926],[-51.3689,1.6704],[-51.4066,1.6453],[-51.4233,1.6406],[-51.4256,1.6105],[-51.4499,1.5896],[-51.4439,1.5863],[-51.4366,1.5737],[-51.4375,1.564],[-51.4329,1.549],[-51.4381,1.5369],[-51.4345,1.5336],[-51.4351,1.5235],[-51.4117,1.5178],[-51.4066,1.5067],[-51.411,1.5038],[-51.405,1.4967],[-51.398,1.4952],[-51.392,1.4862],[-51.3939,1.4708],[-51.3868,1.465],[-51.3861,1.4579],[-51.3802,1.4526],[-51.368,1.4558],[-51.3695,1.4506],[-51.363,1.4387],[-51.3654,1.427],[-51.3607,1.4285],[-51.3563,1.4257],[-51.3561,1.4113],[-51.3616,1.4068],[-51.3721,1.4051],[-51.3751,1.3931],[-51.3696,1.3844],[-51.3713,1.3785],[-51.3827,1.3755],[-51.3819,1.3701],[-51.3781,1.3677],[-51.3831,1.3438],[-51.3817,1.3231],[-51.9865,1.3233],[-51.9892,1.3233],[-51.9716,1.337],[-51.9679,1.3637],[-51.9709,1.3687],[-51.9668,1.3804],[-51.9631,1.3817],[-51.9653,1.3862],[-51.9569,1.3888],[-51.9525,1.4002],[-51.9255,1.3908],[-51.9119,1.4004],[-51.9101,1.4111],[-51.9069,1.4085],[-51.8923,1.4175],[-51.8966,1.4203],[-51.8868,1.4243],[-51.8861,1.4299],[-51.8791,1.4316],[-51.8744,1.442],[-51.8681,1.4432],[-51.8657,1.4681],[-51.8583,1.4733],[-51.852,1.4923],[-51.8385,1.5003],[-51.8201,1.5251],[-51.8003,1.5371],[-51.7925,1.5462],[-51.7797,1.5731],[-51.7696,1.5757],[-51.7637,1.5736],[-51.7619,1.5805],[-51.7503,1.5889],[-51.7393,1.5894],[-51.732,1.5956],[-51.7332,1.5995],[-51.7189,1.62],[-51.7202,1.6366],[-51.7122,1.6465],[-51.7108,1.6717],[-51.7051,1.6744],[-51.7072,1.6871],[-51.7002,1.7055],[-51.7054,1.715],[-51.7038,1.7318],[-51.6927,1.7487],[-51.687,1.7858],[-51.6807,1.8042],[-51.6614,1.8283],[-51.6539,1.861],[-51.6466,1.8767],[-51.6267,1.8836],[-51.6063,1.8823],[-51.5934,1.8851],[-51.5864,1.8798],[-51.5802,1.8674],[-51.5732,1.8673],[-51.5624,1.8555],[-51.5317,1.8506],[-51.521,1.8377],[-51.5067,1.8313],[-51.4819,1.8106],[-51.4672,1.7909],[-51.4476,1.7741],[-51.446,1.7557],[-51.4408,1.7559],[-51.4359,1.7639],[-51.4284,1.7684],[-51.4206,1.7665],[-51.4044,1.7836],[-51.382,1.7948],[-51.381,1.806],[-51.3681,1.8166],[-51.3656,1.8253],[-51.367,1.8419],[-51.3734,1.845],[-51.3717,1.8504],[-51.3663,1.8514],[-51.3605,1.8477],[-51.343,1.8562],[-51.3369,1.8574],[-51.3324,1.8545],[-51.3167,1.8656],[-51.2968,1.8651],[-51.302,1.8722],[-51.2847,1.8948],[-51.2706,1.8971],[-51.2621,1.8942],[-51.2457,1.8843]]]}},{"type":"Feature","properties":{"nome":"Santana","cod":"1600600","uf":"AP"},"geometry":{"type":"Polygon","coordinates":[[[-51.4455,0.3707],[-51.4359,0.3659],[-51.4131,0.3679],[-51.3932,0.3464],[-51.3871,0.336],[-51.3834,0.3137],[-51.3645,0.3018],[-51.3649,0.2974],[-51.3455,0.266],[-51.3403,0.2423],[-51.3374,0.2428],[-51.3216,0.2292],[-51.3187,0.2219],[-51.3105,0.2155],[-51.2914,0.2066],[-51.2935,0.1993],[-51.2812,0.1903],[-51.2742,0.1801],[-51.2736,0.1678],[-51.2629,0.1673],[-51.2529,0.1757],[-51.2287,0.1762],[-51.2197,0.1687],[-51.2038,0.1649],[-51.1978,0.1579],[-51.1893,0.1549],[-51.1882,0.1193],[-51.1909,0.107],[-51.1981,0.11],[-51.1986,0.1077],[-51.1917,0.1001],[-51.199,0.0896],[-51.2062,0.0905],[-51.2044,0.0806],[-51.2088,0.0771],[-51.2145,0.0796],[-51.2174,0.0758],[-51.2155,0.0641],[-51.2317,0.0624],[-51.2398,0.0577],[-51.2504,0.0375],[-51.2478,0.0335],[-51.2311,0.035],[-51.2368,0.0244],[-51.2362,0.0182],[-51.2315,0.0156],[-51.2213,0.0174],[-51.2086,0.0119],[-51.2047,0.009],[-51.2058,0.0023],[-51.1219,0.0022],[-51.1102,-0.0056],[-51.1084,-0.0089],[-51.1153,-0.013],[-51.1337,-0.0192],[-51.1461,-0.0337],[-51.14,-0.0413],[-51.1412,-0.0455],[-51.1422,-0.0489],[-51.1432,-0.0509],[-51.1412,-0.0546],[-51.1179,-0.0972],[-51.1429,-0.1009],[-51.1744,-0.1042],[-51.2159,-0.1183],[-51.2227,-0.0924],[-51.2393,-0.0881],[-51.2564,-0.0877],[-51.2731,-0.0989],[-51.2856,-0.088],[-51.3156,-0.0797],[-51.3284,-0.0833],[-51.348,-0.0807],[-51.366,-0.0734],[-51.3919,-0.0738],[-51.4019,-0.0707],[-51.4089,-0.0548],[-51.4197,-0.0514],[-51.4388,-0.0351],[-51.4448,-0.0114],[-51.4562,0.0126],[-51.4641,0.0133],[-51.4875,0.0252],[-51.4909,0.0309],[-51.49,0.0374],[-51.5246,0.0458],[-51.5329,0.0523],[-51.5348,0.0811],[-51.5429,0.0878],[-51.5504,0.1008],[-51.5627,0.1092],[-51.5641,0.1117],[-51.5596,0.1163],[-51.5684,0.131],[-51.5656,0.1391],[-51.5695,0.1464],[-51.5746,0.1401],[-51.5779,0.1483],[-51.5787,0.1515],[-51.5803,0.1569],[-51.5774,0.1607],[-51.5733,0.1637],[-51.5729,0.1812],[-51.577,0.1943],[-51.5739,0.2007],[-51.5686,0.2004],[-51.5731,0.2166],[-51.5647,0.2194],[-51.5506,0.2341],[-51.5471,0.2486],[-51.5505,0.261],[-51.5371,0.2724],[-51.539,0.2796],[-51.5317,0.2975],[-51.533,0.3129],[-51.5379,0.3141],[-51.5419,0.3209],[-51.5333,0.3341],[-51.5374,0.3414],[-51.5354,0.3498],[-51.5388,0.3564],[-51.5335,0.3656],[-51.5342,0.3889],[-51.53,0.3915],[-51.5283,0.4001],[-51.5369,0.4056],[-51.5388,0.4189],[-51.5341,0.4193],[-51.5278,0.4278],[-51.5183,0.4313],[-51.5161,0.4366],[-51.5131,0.4543],[-51.5161,0.4658],[-51.5007,0.4737],[-51.489,0.4637],[-51.4862,0.4471],[-51.4904,0.4432],[-51.491,0.4349],[-51.4877,0.4311],[-51.4646,0.4286],[-51.4561,0.3897],[-51.4455,0.3707]]]}},{"type":"Feature","properties":{"nome":"Tartarugalzinho","cod":"1600709","uf":"AP"},"geometry":{"type":"Polygon","coordinates":[[[-51.2344,1.6531],[-51.2161,1.6488],[-51.2072,1.6501],[-51.2046,1.6386],[-51.1988,1.6322],[-51.1919,1.632],[-51.1859,1.6393],[-51.1695,1.6336],[-51.1639,1.6265],[-51.1616,1.611],[-51.1509,1.6042],[-51.1384,1.6102],[-51.1327,1.6038],[-51.1217,1.6021],[-51.1136,1.6054],[-51.1035,1.6005],[-51.0891,1.5994],[-51.0758,1.6089],[-51.0672,1.6075],[-51.0539,1.6166],[-51.0417,1.6336],[-51.0253,1.6481],[-51.0173,1.6425],[-51.0122,1.6333],[-51.0166,1.6262],[-51.0136,1.6195],[-51.0167,1.6094],[-51.0081,1.6088],[-51.0048,1.6023],[-50.9969,1.6023],[-50.9908,1.6087],[-50.9829,1.5968],[-50.9578,1.6002],[-50.9359,1.6164],[-50.9257,1.6122],[-50.9225,1.6039],[-50.9103,1.585],[-50.9006,1.582],[-50.8907,1.5821],[-50.8634,1.5934],[-50.752,1.5494],[-50.5601,1.4728],[-50.5533,1.4605],[-50.4338,1.2375],[-50.4189,1.224],[-50.4158,1.1984],[-50.4238,1.1893],[-50.4155,1.1785],[-50.4366,1.1598],[-50.4514,1.1451],[-50.4549,1.1376],[-50.4559,1.1239],[-50.4511,1.102],[-50.4542,1.0851],[-50.4756,1.0565],[-50.5131,1.0319],[-50.5215,1.0316],[-50.5258,1.0361],[-50.5281,1.0613],[-50.546,1.0824],[-50.5531,1.0799],[-50.5611,1.0694],[-50.5742,1.0642],[-50.5854,1.0815],[-50.5957,1.085],[-50.6224,1.0776],[-50.6331,1.0641],[-50.6304,1.0496],[-50.6193,1.0304],[-50.6231,1.0194],[-50.6324,1.0155],[-50.648,1.0156],[-50.6559,1.0211],[-50.6645,1.0363],[-50.6737,1.0462],[-50.6835,1.0497],[-50.7163,1.0318],[-50.7402,1.035],[-50.7527,1.0304],[-50.7864,1.0247],[-50.796,1.0189],[-50.8016,1.0104],[-50.8066,0.9966],[-50.8018,0.975],[-50.8114,0.9637],[-50.8213,0.9581],[-50.8562,0.9539],[-50.8683,0.9614],[-50.876,0.9856],[-50.8856,0.9933],[-50.9262,0.988],[-50.9386,0.9916],[-50.9569,0.9795],[-50.9764,0.9776],[-50.9834,0.97],[-50.9815,0.9539],[-50.9905,0.9448],[-50.9942,0.9341],[-50.9966,0.935],[-50.9964,0.9429],[-51.0027,0.9473],[-51.0032,0.9446],[-51.0065,0.9458],[-51.0102,0.9539],[-51.007,0.9548],[-51.0066,0.9598],[-51.0135,0.9607],[-51.0106,0.9664],[-51.021,0.978],[-51.0133,0.9876],[-51.0314,0.9915],[-51.0288,1.0059],[-51.0453,1.0107],[-51.0515,1.0198],[-51.0621,1.0195],[-51.0761,1.0251],[-51.0974,1.0206],[-51.119,1.0107],[-51.1241,1.0107],[-51.146,1.0311],[-51.1546,1.0306],[-51.174,1.0367],[-51.1807,1.0352],[-51.181,1.0306],[-51.1859,1.0283],[-51.1957,1.0108],[-51.2035,0.9952],[-51.2166,0.9874],[-51.2277,0.971],[-51.229,0.9593],[-51.2361,0.9534],[-51.2392,0.9526],[-51.2451,0.9637],[-51.2484,0.9774],[-51.2569,0.973],[-51.2722,0.9736],[-51.2799,0.9772],[-51.2895,0.9735],[-51.3076,0.9829],[-51.3313,0.9785],[-51.3435,0.9798],[-51.3498,0.9635],[-51.3595,0.9576],[-51.3648,0.9475],[-51.3697,0.9464],[-51.3776,0.9527],[-51.3851,0.9661],[-51.3994,0.9762],[-51.4059,0.9868],[-51.4156,0.9942],[-51.416,1.011],[-51.404,1.0515],[-51.4069,1.0565],[-51.4251,1.0635],[-51.4597,1.0693],[-51.4784,1.0882],[-51.4664,1.107],[-51.4564,1.1124],[-51.4514,1.1111],[-51.4456,1.1268],[-51.4493,1.1322],[-51.4411,1.1444],[-51.4432,1.1524],[-51.4389,1.164],[-51.4389,1.1879],[-51.4289,1.194],[-51.4284,1.2067],[-51.4336,1.2143],[-51.4352,1.2407],[-51.4425,1.2471],[-51.4311,1.2516],[-51.4307,1.2571],[-51.4236,1.2581],[-51.4201,1.2668],[-51.4039,1.2714],[-51.398,1.2699],[-51.3923,1.275],[-51.3913,1.2795],[-51.3959,1.2848],[-51.3891,1.2966],[-51.3817,1.3231],[-51.3831,1.3438],[-51.3781,1.3677],[-51.3819,1.3701],[-51.3827,1.3755],[-51.3713,1.3785],[-51.3696,1.3844],[-51.3751,1.3931],[-51.3721,1.4051],[-51.3616,1.4068],[-51.3561,1.4113],[-51.3563,1.4257],[-51.3607,1.4285],[-51.3654,1.427],[-51.363,1.4387],[-51.3695,1.4506],[-51.368,1.4558],[-51.3802,1.4526],[-51.3861,1.4579],[-51.3868,1.465],[-51.3939,1.4708],[-51.392,1.4862],[-51.398,1.4952],[-51.405,1.4967],[-51.411,1.5038],[-51.4066,1.5067],[-51.4117,1.5178],[-51.4351,1.5235],[-51.4345,1.5336],[-51.4381,1.5369],[-51.4329,1.549],[-51.4375,1.564],[-51.4366,1.5737],[-51.4439,1.5863],[-51.4499,1.5896],[-51.4256,1.6105],[-51.4233,1.6406],[-51.4066,1.6453],[-51.3689,1.6704],[-51.3141,1.6926],[-51.3025,1.6867],[-51.2557,1.6802],[-51.2344,1.6531]]]}},{"type":"Feature","properties":{"nome":"Vitória do Jari","cod":"1600808","uf":"AP"},"geometry":{"type":"Polygon","coordinates":[[[-52.3256,-0.7966],[-52.2794,-0.8029],[-52.2753,-0.8042],[-52.2653,-0.8063],[-52.2511,-0.8152],[-52.2436,-0.8152],[-52.2224,-0.8346],[-52.1989,-0.8377],[-52.1909,-0.8454],[-52.1906,-0.8546],[-52.1786,-0.8677],[-52.178,-0.875],[-52.1708,-0.8812],[-52.1706,-0.8895],[-52.145,-0.9146],[-52.1386,-0.9163],[-52.1292,-0.9135],[-52.1191,-0.9161],[-52.1035,-0.9143],[-52.0876,-0.9093],[-52.0805,-0.9161],[-52.0737,-0.9127],[-52.0616,-0.9129],[-52.0511,-0.9045],[-52.0369,-0.9022],[-52.026,-0.891],[-52.0182,-0.8945],[-52.0016,-0.8876],[-51.9949,-0.8842],[-51.994,-0.8796],[-51.9858,-0.8789],[-51.9824,-0.875],[-51.9844,-0.8718],[-51.9711,-0.8669],[-51.9665,-0.8689],[-51.9641,-0.8655],[-51.9449,-0.8731],[-51.9399,-0.8716],[-51.9299,-0.8819],[-51.9245,-0.8821],[-51.9237,-0.8735],[-51.9183,-0.8737],[-51.918,-0.8814],[-51.9134,-0.8842],[-51.91,-0.8743],[-51.9036,-0.8759],[-51.9029,-0.8865],[-51.8986,-0.8866],[-51.8967,-0.8818],[-51.8933,-0.8891],[-51.887,-0.8921],[-51.8833,-0.8909],[-51.883,-0.8839],[-51.8802,-0.8828],[-51.8745,-0.8893],[-51.8636,-0.8929],[-51.8596,-0.9042],[-51.8469,-0.9048],[-51.8414,-0.9163],[-51.8348,-0.9213],[-51.8344,-0.9086],[-51.8244,-0.9122],[-51.8158,-0.8885],[-51.8245,-0.8812],[-51.8229,-0.8619],[-51.8092,-0.8737],[-51.806,-0.8733],[-51.808,-0.8654],[-51.8,-0.8638],[-51.7933,-0.8689],[-51.7836,-0.8572],[-51.7795,-0.8646],[-51.7709,-0.8704],[-51.7513,-0.8641],[-51.7398,-0.8671],[-51.7407,-0.8584],[-51.7262,-0.8584],[-51.7295,-0.8454],[-51.7363,-0.8451],[-51.737,-0.8418],[-51.7346,-0.8383],[-51.7202,-0.8337],[-51.7394,-0.8282],[-51.7279,-0.8215],[-51.7126,-0.8042],[-51.6831,-0.7971],[-51.6878,-0.8229],[-51.6919,-0.8998],[-51.6951,-0.9244],[-51.6893,-0.9972],[-51.6852,-1.0125],[-51.6868,-1.0357],[-51.7,-1.0629],[-51.7475,-1.1069],[-51.7789,-1.1372],[-51.7779,-1.1401],[-51.8086,-1.1567],[-51.8816,-1.166],[-51.8967,-1.1617],[-51.9255,-1.132],[-51.9329,-1.1371],[-51.9464,-1.1657],[-51.9554,-1.1693],[-51.9611,-1.167],[-51.9655,-1.1592],[-51.9615,-1.1341],[-51.9651,-1.1255],[-51.9745,-1.1203],[-51.986,-1.1216],[-51.9932,-1.1316],[-51.9866,-1.1565],[-51.9907,-1.1715],[-52.0109,-1.1672],[-52.0404,-1.1698],[-52.0546,-1.1766],[-52.0635,-1.1856],[-52.0625,-1.1925],[-52.0471,-1.2139],[-52.0466,-1.219],[-52.0542,-1.2339],[-52.07,-1.2356],[-52.1016,-1.2256],[-52.1094,-1.2178],[-52.1103,-1.2043],[-52.1063,-1.1827],[-52.1162,-1.1496],[-52.1198,-1.1458],[-52.1463,-1.1484],[-52.1619,-1.1337],[-52.1731,-1.1298],[-52.2217,-1.1342],[-52.2382,-1.1259],[-52.2729,-1.1282],[-52.3005,-1.1156],[-52.3325,-1.1155],[-52.3516,-1.0694],[-52.3577,-1.0622],[-52.3827,-1.0536],[-52.3997,-1.0433],[-52.4196,-1.0523],[-52.4266,-1.0504],[-52.4288,-1.0423],[-52.4163,-1.0253],[-52.414,-1.0089],[-52.4178,-0.9987],[-52.4195,-0.9656],[-52.4362,-0.9479],[-52.439,-0.9352],[-52.4289,-0.92],[-52.4135,-0.9186],[-52.41,-0.9172],[-52.4044,-0.9131],[-52.4008,-0.8872],[-52.4027,-0.8768],[-52.4194,-0.8543],[-52.4439,-0.8338],[-52.4551,-0.8299],[-52.3967,-0.8063],[-52.3832,-0.81],[-52.3759,-0.8019],[-52.3676,-0.7969],[-52.3515,-0.8016],[-52.3426,-0.7976],[-52.3256,-0.7966]]]}}]}