{"type":"FeatureCollection","metadata":{"fonte":"IBGE, via github.com/tbrugz/geodata-br"},"features":[{"type":"Feature","properties":{"nome":"Abaíra","cod":"2900108","uf":"BA"},"geometry":{"type":"Polygon","coordinates":[[[-41.6436,-13.1864],[-41.6408,-13.1901],[-41.6362,-13.1896],[-41.6161,-13.2127],[-41.6091,-13.2141],[-41.5985,-13.2298],[-41.5899,-13.2679],[-41.5964,-13.2699],[-41.5989,-13.2698],[-41.6025,-13.2706],[-41.6024,-13.2833],[-41.6,-13.2935],[-41.595,-13.2962],[-41.6001,-13.3035],[-41.5982,-13.308],[-41.6047,-13.3096],[-41.6013,-13.3133],[-41.6045,-13.3209],[-41.6089,-13.3225],[-41.6075,-13.3379],[-41.6125,-13.3416],[-41.6106,-13.3542],[-41.608,-13.3551],[-41.6098,-13.3839],[-41.606,-13.4102],[-41.6025,-13.4152],[-41.6061,-13.4171],[-41.6053,-13.4248],[-41.6113,-13.4279],[-41.6178,-13.4264],[-41.6229,-13.4157],[-41.6337,-13.4136],[-41.6377,-13.4056],[-41.6344,-13.4039],[-41.6358,-13.4014],[-41.6421,-13.3938],[-41.6456,-13.3922],[-41.6494,-13.3956],[-41.6508,-13.3915],[-41.6609,-13.3797],[-41.6637,-13.3701],[-41.6674,-13.3691],[-41.6765,-13.365],[-41.6678,-13.3599],[-41.6747,-13.3525],[-41.6795,-13.357],[-41.6836,-13.3564],[-41.6842,-13.3609],[-41.6909,-13.3635],[-41.6944,-13.3693],[-41.7075,-13.3697],[-41.7127,-13.3522],[-41.7171,-13.3499],[-41.7219,-13.3573],[-41.725,-13.3569],[-41.7325,-13.3375],[-41.7462,-13.3248],[-41.7463,-13.3248],[-41.7652,-13.3487],[-41.7654,-13.3538],[-41.7825,-13.3606],[-41.7828,-13.367],[-41.7914,-13.373],[-41.7915,-13.3792],[-41.7952,-13.3829],[-41.7945,-13.3927],[-41.7924,-13.4239],[-41.8043,-13.4187],[-41.8057,-13.4125],[-41.8082,-13.4131],[-41.8206,-13.4016],[-41.8327,-13.3956],[-41.8409,-13.3834],[-41.8708,-13.3636],[-41.8729,-13.3544],[-41.8695,-13.3459],[-41.8906,-13.3237],[-41.9087,-13.3106],[-41.9021,-13.3099],[-41.9001,-13.3045],[-41.9091,-13.2935],[-41.9047,-13.2905],[-41.907,-13.2817],[-41.8821,-13.2525],[-41.882,-13.2524],[-41.8621,-13.2292],[-41.8616,-13.2286],[-41.8434,-13.2074],[-41.8333,-13.2156],[-41.8062,-13.2641],[-41.7839,-13.2849],[-41.7818,-13.2856],[-41.75,-13.2268],[-41.7185,-13.1701],[-41.7161,-13.1659],[-41.7029,-13.1421],[-41.6868,-13.1132],[-41.6862,-13.1127],[-41.6812,-13.1159],[-41.6757,-13.1299],[-41.6692,-13.1327],[-41.6718,-13.1381],[-41.6702,-13.1443],[-41.6651,-13.1513],[-41.659,-13.1511],[-41.6584,-13.1609],[-41.6501,-13.1756],[-41.6421,-13.1802],[-41.6436,-13.1864]]]}},{"type":"Feature","properties":{"nome":"Abaré","cod":"2900207","uf":"BA"},"geometry":{"type":"Polygon","coordinates":[[[-39.2282,-8.7099],[-39.2219,-8.7113],[-39.2173,-8.708],[-39.2004,-8.7106],[-39.1806,-8.7059],[-39.1737,-8.7009],[-39.1692,-8.6916],[-39.1534,-8.7082],[-39.1258,-8.7153],[-39.1137,-8.7177],[-39.0898,-8.7235],[-39.0643,-8.7312],[-39.0725,-8.7634],[-39.0815,-8.7767],[-39.0837,-8.7894],[-39.1043,-8.829],[-39.127,-8.8445],[-39.1352,-8.8501],[-39.1388,-8.8526],[-39.2698,-8.9423],[-39.2711,-8.9439],[-39.2634,-8.9571],[-39.2651,-8.9904],[-39.2703,-9.0019],[-39.2807,-9.0109],[-39.2804,-9.0303],[-39.2987,-9.0442],[-39.3035,-9.0444],[-39.3155,-9.0602],[-39.3283,-9.1024],[-39.3271,-9.1093],[-39.333,-9.1118],[-39.3395,-9.1238],[-39.3424,-9.1265],[-39.3409,-9.1356],[-39.346,-9.1421],[-39.3427,-9.1538],[-39.3521,-9.1571],[-39.353,-9.1559],[-39.4808,-8.9997],[-39.4913,-8.9861],[-39.5339,-8.932],[-39.5495,-8.9122],[-39.541,-8.8951],[-39.4815,-8.7757],[-39.4814,-8.7755],[-39.4741,-8.7609],[-39.4571,-8.7272],[-39.4307,-8.6749],[-39.412,-8.6377],[-39.3917,-8.5976],[-39.369,-8.5553],[-39.357,-8.5466],[-39.3448,-8.5581],[-39.3356,-8.5584],[-39.3121,-8.5579],[-39.2861,-8.5633],[-39.2723,-8.5834],[-39.2723,-8.5961],[-39.2661,-8.6105],[-39.2529,-8.6196],[-39.244,-8.6303],[-39.2435,-8.6313],[-39.2413,-8.6413],[-39.2463,-8.6472],[-39.2477,-8.6684],[-39.2445,-8.6856],[-39.2339,-8.7049],[-39.2282,-8.7099]]]}},{"type":"Feature","properties":{"nome":"Acajutiba","cod":"2900306","uf":"BA"},"geometry":{"type":"Polygon","coordinates":[[[-37.9823,-11.5919],[-37.9678,-11.6056],[-37.9526,-11.6106],[-37.9497,-11.6154],[-37.9357,-11.6141],[-37.9313,-11.6182],[-37.9353,-11.6269],[-37.9462,-11.6355],[-37.948,-11.643],[-37.9453,-11.6508],[-37.9361,-11.6685],[-37.9183,-11.6684],[-37.9119,-11.6805],[-37.9812,-11.7454],[-38.0239,-11.7853],[-38.032,-11.7494],[-38.0505,-11.6673],[-38.0506,-11.6667],[-38.0507,-11.6661],[-38.053,-11.651],[-38.0535,-11.6475],[-38.0594,-11.6088],[-38.0185,-11.599],[-38.0122,-11.5975],[-37.9992,-11.6016],[-37.9825,-11.5956],[-37.9823,-11.5919]]]}},{"type":"Feature","properties":{"nome":"Adustina","cod":"2900355","uf":"BA"},"geometry":{"type":"Polygon","coordinates":[[[-38.0585,-10.4352],[-38.0486,-10.4407],[-38.0449,-10.44],[-38.0395,-10.4449],[-38.0357,-10.4427],[-38.0328,-10.4478],[-38.0257,-10.4507],[-38.023,-10.4488],[-38.0162,-10.4432],[-38.0136,-10.4445],[-38.0128,-10.4405],[-38.0022,-10.4411],[-38.001,-10.438],[-37.9957,-10.4378],[-37.9956,-10.4334],[-37.9904,-10.4348],[-37.9898,-10.4379],[-37.9853,-10.4362],[-37.982,-10.4404],[-37.978,-10.4351],[-37.9742,-10.4379],[-37.9688,-10.4354],[-37.9623,-10.4389],[-37.9529,-10.4385],[-37.9364,-10.4476],[-37.9249,-10.4419],[-37.9234,-10.4439],[-37.9192,-10.4391],[-37.9139,-10.4425],[-37.9078,-10.4486],[-37.9055,-10.4545],[-37.9106,-10.4597],[-37.91,-10.4651],[-37.9178,-10.4701],[-37.9198,-10.4771],[-37.9105,-10.4837],[-37.9101,-10.4873],[-37.9295,-10.4974],[-37.9112,-10.5039],[-37.9126,-10.509],[-37.908,-10.5144],[-37.9138,-10.5198],[-37.9071,-10.5245],[-37.9152,-10.5333],[-37.9118,-10.5401],[-37.9162,-10.5441],[-37.9027,-10.5518],[-37.9104,-10.5553],[-37.9136,-10.567],[-37.9204,-10.5712],[-37.9201,-10.5748],[-37.9151,-10.5758],[-37.9248,-10.5872],[-37.9398,-10.6051],[-37.9401,-10.6055],[-37.9801,-10.6524],[-38.0007,-10.6684],[-38.0301,-10.6913],[-38.0417,-10.7004],[-38.0467,-10.6931],[-38.0489,-10.7055],[-38.0673,-10.7152],[-38.1004,-10.7124],[-38.1121,-10.7128],[-38.1226,-10.7179],[-38.1448,-10.7175],[-38.1387,-10.6679],[-38.1373,-10.6529],[-38.1333,-10.6127],[-38.13,-10.579],[-38.1365,-10.5232],[-38.1442,-10.4569],[-38.1299,-10.4527],[-38.1281,-10.4526],[-38.1226,-10.4489],[-38.1098,-10.4505],[-38.1064,-10.4538],[-38.0991,-10.4509],[-38.1013,-10.4459],[-38.0879,-10.4371],[-38.0711,-10.4358],[-38.072,-10.4389],[-38.0646,-10.4405],[-38.0585,-10.4352]]]}},{"type":"Feature","properties":{"nome":"Água Fria","cod":"2900405","uf":"BA"},"geometry":{"type":"Polygon","coordinates":[[[-38.7169,-11.6912],[-38.6904,-11.6942],[-38.6838,-11.6976],[-38.6731,-11.6913],[-38.6654,-11.6907],[-38.6445,-11.6939],[-38.6346,-11.7006],[-38.6306,-11.7057],[-38.6156,-11.8156],[-38.6006,-11.9246],[-38.5967,-11.9526],[-38.5982,-11.954],[-38.6063,-11.9614],[-38.6329,-11.9439],[-38.6591,-11.9455],[-38.6837,-11.9469],[-38.7001,-11.9469],[-38.7569,-11.947],[-38.7691,-11.947],[-38.7692,-11.947],[-38.8235,-11.947],[-38.8337,-11.9158],[-38.8337,-11.9157],[-38.8676,-11.8116],[-38.8662,-11.8057],[-38.8636,-11.8],[-38.8485,-11.7953],[-38.8381,-11.7785],[-38.8313,-11.7734],[-38.831,-11.7737],[-38.8246,-11.7744],[-38.8219,-11.7693],[-38.8168,-11.7568],[-38.81,-11.7517],[-38.8056,-11.743],[-38.7953,-11.7369],[-38.7913,-11.7321],[-38.7908,-11.7226],[-38.7817,-11.7165],[-38.7528,-11.6941],[-38.7427,-11.6939],[-38.7408,-11.6945],[-38.7386,-11.6956],[-38.7169,-11.6912]]]}},{"type":"Feature","properties":{"nome":"Érico Cardoso","cod":"2900504","uf":"BA"},"geometry":{"type":"Polygon","coordinates":[[[-42.108,-13.282],[-42.0976,-13.3311],[-42.0063,-13.3213],[-42.0024,-13.3209],[-41.9088,-13.3109],[-41.9396,-13.4251],[-41.9496,-13.4621],[-41.9587,-13.4957],[-41.9657,-13.5267],[-41.9697,-13.5271],[-41.9852,-13.5417],[-41.9887,-13.5547],[-42.0062,-13.5515],[-42.007,-13.5676],[-42.022,-13.5634],[-42.0209,-13.5745],[-42.022,-13.5824],[-42.0174,-13.5899],[-42.0205,-13.5902],[-42.0179,-13.5989],[-42.0199,-13.6038],[-42.016,-13.6083],[-42.0199,-13.6292],[-42.0212,-13.6301],[-42.0273,-13.6169],[-42.0425,-13.5826],[-42.068,-13.5723],[-42.0761,-13.5613],[-42.0864,-13.5449],[-42.093,-13.5184],[-42.0967,-13.5166],[-42.098,-13.5288],[-42.1023,-13.5342],[-42.1098,-13.5327],[-42.1167,-13.5252],[-42.1426,-13.4809],[-42.1456,-13.4797],[-42.1496,-13.4858],[-42.157,-13.4816],[-42.1687,-13.4531],[-42.1742,-13.4269],[-42.1798,-13.4281],[-42.1832,-13.4277],[-42.211,-13.3859],[-42.1999,-13.3903],[-42.1889,-13.3878],[-42.184,-13.3779],[-42.1713,-13.3663],[-42.1782,-13.338],[-42.1881,-13.3235],[-42.1856,-13.2912],[-42.19,-13.2686],[-42.1925,-13.2549],[-42.1808,-13.2289],[-42.1583,-13.2256],[-42.1448,-13.2453],[-42.1378,-13.2484],[-42.131,-13.2579],[-42.1259,-13.259],[-42.1191,-13.2646],[-42.108,-13.282]]]}},{"type":"Feature","properties":{"nome":"Aiquara","cod":"2900603","uf":"BA"},"geometry":{"type":"Polygon","coordinates":[[[-39.7936,-14.0667],[-39.8127,-14.0769],[-39.8277,-14.0713],[-39.8313,-14.0818],[-39.8119,-14.1018],[-39.822,-14.1039],[-39.8253,-14.1135],[-39.8423,-14.1246],[-39.8569,-14.1423],[-39.86,-14.1452],[-39.8685,-14.1436],[-39.8687,-14.14],[-39.8759,-14.1416],[-39.8834,-14.1411],[-39.8837,-14.1293],[-39.8851,-14.1275],[-39.8884,-14.1351],[-39.9013,-14.1593],[-39.9017,-14.1722],[-39.9051,-14.1722],[-39.9098,-14.1736],[-39.9145,-14.1682],[-39.9189,-14.1837],[-39.9357,-14.1734],[-39.9408,-14.1741],[-39.9639,-14.1658],[-39.9596,-14.1514],[-39.9676,-14.0946],[-39.9725,-14.0596],[-39.9634,-14.0651],[-39.9519,-14.0665],[-39.9464,-14.0684],[-39.9381,-14.0775],[-39.9256,-14.0826],[-39.9249,-14.0701],[-39.9159,-14.0647],[-39.9011,-14.0413],[-39.9009,-14.0269],[-39.8972,-14.0261],[-39.8831,-14.0186],[-39.8771,-14.012],[-39.8696,-14.011],[-39.8545,-14.0176],[-39.8432,-14.0171],[-39.834,-14.0243],[-39.8283,-14.038],[-39.8131,-14.0466],[-39.8056,-14.0585],[-39.7998,-14.0589],[-39.7946,-14.06],[-39.7936,-14.0667]]]}},{"type":"Feature","properties":{"nome":"Alagoinhas","cod":"2900702","uf":"BA"},"geometry":{"type":"Polygon","coordinates":[[[-38.4047,-11.9256],[-38.3986,-11.933],[-38.3882,-11.9291],[-38.3818,-11.936],[-38.3813,-11.9451],[-38.3764,-11.9539],[-38.375,-11.9574],[-38.3742,-11.958],[-38.3643,-11.9646],[-38.3507,-11.968],[-38.3248,-11.9615],[-38.3093,-11.9528],[-38.2937,-11.9606],[-38.2893,-11.9591],[-38.2745,-11.9608],[-38.2391,-12.0054],[-38.2375,-12.0127],[-38.2526,-12.0326],[-38.2625,-12.033],[-38.2766,-12.0405],[-38.2795,-12.0378],[-38.2819,-12.0415],[-38.2841,-12.0392],[-38.2763,-12.0822],[-38.2821,-12.0992],[-38.2753,-12.1121],[-38.2773,-12.1149],[-38.2787,-12.1267],[-38.2828,-12.132],[-38.3057,-12.1292],[-38.3222,-12.1724],[-38.3161,-12.1844],[-38.3051,-12.2062],[-38.3283,-12.2151],[-38.3802,-12.235],[-38.3852,-12.2376],[-38.3857,-12.2379],[-38.4006,-12.2457],[-38.4184,-12.255],[-38.4261,-12.259],[-38.4607,-12.2772],[-38.4695,-12.2817],[-38.522,-12.2693],[-38.5247,-12.2687],[-38.5484,-12.2492],[-38.5761,-12.2265],[-38.6019,-12.2053],[-38.5913,-12.1964],[-38.5898,-12.1957],[-38.5305,-12.1675],[-38.5277,-12.1633],[-38.4982,-12.119],[-38.4969,-12.1185],[-38.445,-12.1024],[-38.4448,-12.1023],[-38.422,-12.0952],[-38.4469,-12.0272],[-38.4535,-12.0092],[-38.456,-12.0024],[-38.4762,-11.9469],[-38.4762,-11.9468],[-38.4647,-11.9351],[-38.4601,-11.9345],[-38.4532,-11.9331],[-38.4502,-11.9324],[-38.4296,-11.9283],[-38.4184,-11.9353],[-38.4107,-11.9345],[-38.4098,-11.9317],[-38.408,-11.9261],[-38.4047,-11.9256]]]}},{"type":"Feature","properties":{"nome":"Alcobaça","cod":"2900801","uf":"BA"},"geometry":{"type":"Polygon","coordinates":[[[-39.4327,-17.2816],[-39.3944,-17.3033],[-39.3696,-17.3201],[-39.3537,-17.3214],[-39.3502,-17.3254],[-39.3519,-17.3303],[-39.3485,-17.3321],[-39.3399,-17.3373],[-39.3269,-17.3536],[-39.3158,-17.3589],[-39.3026,-17.3558],[-39.2809,-17.3686],[-39.2691,-17.3867],[-39.2542,-17.3954],[-39.2317,-17.4207],[-39.2279,-17.4215],[-39.2183,-17.4248],[-39.2073,-17.4353],[-39.1909,-17.4465],[-39.1926,-17.5154],[-39.1882,-17.5611],[-39.1907,-17.5662],[-39.1945,-17.5791],[-39.1832,-17.618],[-39.137,-17.6843],[-39.1615,-17.6826],[-39.2445,-17.6433],[-39.2767,-17.6472],[-39.3915,-17.662],[-39.4264,-17.6568],[-39.4327,-17.656],[-39.4396,-17.6552],[-39.441,-17.655],[-39.4464,-17.6471],[-39.4598,-17.6384],[-39.4659,-17.5949],[-39.4915,-17.5692],[-39.5038,-17.5674],[-39.5262,-17.573],[-39.5458,-17.5703],[-39.5802,-17.5644],[-39.5976,-17.5556],[-39.6035,-17.5556],[-39.6048,-17.5143],[-39.605,-17.5069],[-39.6056,-17.4911],[-39.6091,-17.412],[-39.6277,-17.3563],[-39.633,-17.31],[-39.6261,-17.3096],[-39.6127,-17.2989],[-39.5472,-17.2791],[-39.4998,-17.2663],[-39.4839,-17.2674],[-39.4462,-17.2779],[-39.4327,-17.2816]]]}},{"type":"Feature","properties":{"nome":"Almadina","cod":"2900900","uf":"BA"},"geometry":{"type":"Polygon","coordinates":[[[-39.7192,-14.6017],[-39.7167,-14.6043],[-39.7084,-14.6016],[-39.6969,-14.6053],[-39.6191,-14.6619],[-39.6171,-14.6643],[-39.5699,-14.7232],[-39.5697,-14.7239],[-39.5774,-14.7343],[-39.5719,-14.7404],[-39.5737,-14.7592],[-39.5824,-14.7715],[-39.5824,-14.7825],[-39.5891,-14.8013],[-39.5872,-14.8081],[-39.596,-14.8032],[-39.6289,-14.785],[-39.651,-14.7727],[-39.6572,-14.7692],[-39.6746,-14.7596],[-39.7049,-14.7428],[-39.7098,-14.7401],[-39.718,-14.7356],[-39.7494,-14.7184],[-39.7584,-14.712],[-39.7559,-14.699],[-39.7512,-14.6951],[-39.752,-14.6845],[-39.7458,-14.6658],[-39.7432,-14.6629],[-39.7457,-14.6576],[-39.7367,-14.6522],[-39.7371,-14.6474],[-39.7294,-14.6377],[-39.731,-14.6254],[-39.7294,-14.6202],[-39.7228,-14.6165],[-39.7192,-14.6017]]]}},{"type":"Feature","properties":{"nome":"Amargosa","cod":"2901007","uf":"BA"},"geometry":{"type":"Polygon","coordinates":[[[-39.5749,-12.9591],[-39.5465,-12.9941],[-39.5475,-13.0063],[-39.5445,-13.008],[-39.541,-13.007],[-39.5383,-13.0133],[-39.5316,-13.0207],[-39.5169,-13.0401],[-39.5224,-13.0477],[-39.5137,-13.0484],[-39.5135,-13.0527],[-39.5087,-13.059],[-39.5101,-13.0639],[-39.5142,-13.062],[-39.5109,-13.0689],[-39.5024,-13.0689],[-39.4964,-13.0685],[-39.4875,-13.0707],[-39.4935,-13.0782],[-39.4873,-13.0856],[-39.4812,-13.0874],[-39.4825,-13.0931],[-39.4718,-13.1054],[-39.4753,-13.1083],[-39.4805,-13.1012],[-39.4829,-13.1067],[-39.475,-13.1156],[-39.4689,-13.1176],[-39.5062,-13.1135],[-39.5106,-13.1136],[-39.5312,-13.1352],[-39.538,-13.1424],[-39.5484,-13.1533],[-39.5506,-13.1417],[-39.557,-13.1434],[-39.5834,-13.1189],[-39.598,-13.0975],[-39.6143,-13.0969],[-39.6304,-13.0963],[-39.644,-13.0859],[-39.652,-13.0872],[-39.6562,-13.0943],[-39.652,-13.1087],[-39.6943,-13.0973],[-39.7109,-13.0944],[-39.7164,-13.0934],[-39.6977,-13.0878],[-39.7083,-13.0831],[-39.761,-13.0601],[-39.7872,-13.0456],[-39.8121,-13.0241],[-39.8193,-13.0195],[-39.8166,-13.0117],[-39.8192,-13.0025],[-39.8137,-12.9978],[-39.806,-12.9784],[-39.8011,-12.9843],[-39.7944,-12.9864],[-39.7844,-12.9824],[-39.7837,-12.9924],[-39.78,-12.9955],[-39.7641,-12.9976],[-39.7555,-12.9999],[-39.7477,-13.0027],[-39.7363,-13.0005],[-39.7232,-12.981],[-39.717,-12.9719],[-39.7042,-12.9794],[-39.6889,-12.9966],[-39.6886,-12.9962],[-39.6681,-12.9683],[-39.6425,-12.9334],[-39.6318,-12.9187],[-39.6109,-12.9326],[-39.5828,-12.9512],[-39.5828,-12.9563],[-39.5749,-12.9591]]]}},{"type":"Feature","properties":{"nome":"Amélia Rodrigues","cod":"2901106","uf":"BA"},"geometry":{"type":"Polygon","coordinates":[[[-38.6376,-12.4763],[-38.6464,-12.4802],[-38.6529,-12.4794],[-38.6553,-12.484],[-38.7207,-12.4809],[-38.7315,-12.4768],[-38.7419,-12.4728],[-38.7632,-12.4436],[-38.7701,-12.4341],[-38.7734,-12.4297],[-38.7676,-12.4265],[-38.7772,-12.4049],[-38.7783,-12.3923],[-38.79,-12.3751],[-38.7972,-12.3672],[-38.7751,-12.364],[-38.7436,-12.3656],[-38.7214,-12.3672],[-38.7036,-12.3687],[-38.6914,-12.3698],[-38.6389,-12.3724],[-38.6416,-12.3796],[-38.6529,-12.4092],[-38.6644,-12.4395],[-38.6649,-12.4409],[-38.6517,-12.4549],[-38.6507,-12.4616],[-38.6392,-12.4667],[-38.6376,-12.4763]]]}},{"type":"Feature","properties":{"nome":"América Dourada","cod":"2901155","uf":"BA"},"geometry":{"type":"Polygon","coordinates":[[[-41.3862,-11.3677],[-41.3894,-11.3837],[-41.3861,-11.3826],[-41.3845,-11.3861],[-41.3867,-11.3907],[-41.3963,-11.3946],[-41.3916,-11.3991],[-41.392,-11.4164],[-41.3988,-11.422],[-41.3934,-11.4276],[-41.4042,-11.4391],[-41.4031,-11.4454],[-41.4106,-11.4431],[-41.4138,-11.4456],[-41.417,-11.4518],[-41.4175,-11.4475],[-41.4276,-11.451],[-41.4302,-11.4491],[-41.4347,-11.4555],[-41.4396,-11.4585],[-41.4453,-11.4697],[-41.4546,-11.4677],[-41.4602,-11.481],[-41.4695,-11.4832],[-41.4754,-11.4931],[-41.4723,-11.497],[-41.4774,-11.498],[-41.4741,-11.5028],[-41.4777,-11.5019],[-41.4787,-11.507],[-41.4839,-11.5037],[-41.4907,-11.508],[-41.4957,-11.5037],[-41.5,-11.5175],[-41.5029,-11.5169],[-41.5057,-11.5215],[-41.5051,-11.5266],[-41.5116,-11.5253],[-41.5105,-11.5303],[-41.5189,-11.527],[-41.522,-11.5377],[-41.5311,-11.5339],[-41.5444,-11.5423],[-41.5398,-11.547],[-41.5395,-11.5542],[-41.5517,-11.5585],[-41.5581,-11.5587],[-41.562,-11.58],[-41.5681,-11.5825],[-41.5681,-11.5852],[-41.5725,-11.5935],[-41.5793,-11.5917],[-41.5742,-11.6046],[-41.5817,-11.6042],[-41.5881,-11.5995],[-41.5924,-11.6133],[-41.604,-11.6109],[-41.6081,-11.6159],[-41.6145,-11.6119],[-41.6186,-11.6152],[-41.6222,-11.6108],[-41.6927,-11.4787],[-41.6932,-11.4778],[-41.6939,-11.4763],[-41.6947,-11.4747],[-41.7192,-11.4247],[-41.6681,-11.3969],[-41.6676,-11.3966],[-41.6057,-11.3629],[-41.6055,-11.3628],[-41.602,-11.3603],[-41.6,-11.3588],[-41.5987,-11.3579],[-41.5979,-11.3572],[-41.4992,-11.2836],[-41.4227,-11.2265],[-41.3652,-11.1835],[-41.3628,-11.1875],[-41.3697,-11.1904],[-41.3644,-11.1981],[-41.3659,-11.2175],[-41.3572,-11.2268],[-41.3598,-11.2316],[-41.3674,-11.2395],[-41.363,-11.2472],[-41.3721,-11.2701],[-41.364,-11.2712],[-41.364,-11.2813],[-41.3669,-11.291],[-41.3776,-11.3004],[-41.3785,-11.3046],[-41.3737,-11.3118],[-41.3814,-11.3222],[-41.3736,-11.3226],[-41.3729,-11.3275],[-41.3741,-11.3328],[-41.3814,-11.3374],[-41.3774,-11.3516],[-41.3845,-11.3595],[-41.3883,-11.3617],[-41.3862,-11.3677]]]}},{"type":"Feature","properties":{"nome":"Anagé","cod":"2901205","uf":"BA"},"geometry":{"type":"Polygon","coordinates":[[[-40.6418,-14.5698],[-40.624,-14.6349],[-40.6143,-14.6705],[-40.6107,-14.6739],[-40.6267,-14.6723],[-40.6805,-14.6714],[-40.712,-14.6708],[-40.7254,-14.6706],[-40.7677,-14.6699],[-40.7761,-14.6697],[-40.8041,-14.6692],[-40.85,-14.6684],[-40.8579,-14.6682],[-40.8876,-14.6677],[-40.9598,-14.6664],[-40.96,-14.6703],[-40.961,-14.6966],[-40.9643,-14.7859],[-40.9644,-14.7889],[-40.9777,-14.7924],[-41.0463,-14.8114],[-41.0617,-14.8157],[-41.1676,-14.8456],[-41.1762,-14.848],[-41.1771,-14.8454],[-41.1752,-14.8348],[-41.1629,-14.8259],[-41.1689,-14.8175],[-41.1641,-14.8138],[-41.1695,-14.8046],[-41.1654,-14.8013],[-41.1667,-14.7918],[-41.1626,-14.7941],[-41.1613,-14.789],[-41.166,-14.7857],[-41.1601,-14.7713],[-41.1652,-14.7699],[-41.1652,-14.7613],[-41.1688,-14.7587],[-41.164,-14.7553],[-41.1662,-14.7495],[-41.1741,-14.7451],[-41.1818,-14.7487],[-41.1762,-14.7369],[-41.1917,-14.736],[-41.1933,-14.7327],[-41.2003,-14.7349],[-41.2018,-14.7288],[-41.1928,-14.724],[-41.2,-14.7181],[-41.2065,-14.7209],[-41.2089,-14.7172],[-41.2171,-14.7111],[-41.2216,-14.7116],[-41.2276,-14.7081],[-41.2191,-14.6971],[-41.2234,-14.69],[-41.2299,-14.6868],[-41.2178,-14.6679],[-41.2037,-14.662],[-41.1999,-14.6534],[-41.1925,-14.6486],[-41.1935,-14.6343],[-41.1854,-14.6247],[-41.1883,-14.6197],[-41.1827,-14.6135],[-41.1748,-14.613],[-41.1719,-14.6064],[-41.1665,-14.6068],[-41.1596,-14.6136],[-41.1408,-14.6097],[-41.1378,-14.6083],[-41.1328,-14.6077],[-41.1322,-14.6041],[-41.143,-14.5907],[-41.1431,-14.584],[-41.1252,-14.5734],[-41.1282,-14.5652],[-41.1269,-14.5557],[-41.12,-14.5518],[-41.1186,-14.5429],[-41.1174,-14.5369],[-41.1055,-14.5302],[-41.1032,-14.522],[-41.107,-14.5147],[-41.1,-14.5046],[-41.0937,-14.4893],[-41.0795,-14.4875],[-41.0792,-14.4734],[-41.0693,-14.4627],[-41.0765,-14.4489],[-41.0928,-14.4415],[-41.0929,-14.4413],[-41.0189,-14.4296],[-41.0159,-14.4292],[-40.9877,-14.4246],[-40.9358,-14.4161],[-40.8859,-14.4078],[-40.8805,-14.4069],[-40.8407,-14.4003],[-40.7928,-14.3924],[-40.7618,-14.3873],[-40.7446,-14.3844],[-40.6931,-14.3759],[-40.6749,-14.4485],[-40.6418,-14.5698]]]}},{"type":"Feature","properties":{"nome":"Andaraí","cod":"2901304","uf":"BA"},"geometry":{"type":"Polygon","coordinates":[[[-40.9734,-12.4858],[-40.9729,-12.5726],[-40.9726,-12.6946],[-40.9726,-12.6948],[-40.9724,-12.7672],[-41.0835,-12.7635],[-41.1449,-12.7621],[-41.162,-12.7617],[-41.1641,-12.7616],[-41.2827,-12.7589],[-41.2876,-12.7608],[-41.2852,-12.7707],[-41.276,-12.769],[-41.2756,-12.7748],[-41.2732,-12.7836],[-41.2763,-12.7945],[-41.2584,-12.8019],[-41.259,-12.809],[-41.2524,-12.8245],[-41.2408,-12.8342],[-41.242,-12.8409],[-41.2362,-12.8498],[-41.2366,-12.8553],[-41.2325,-12.8576],[-41.2219,-12.8898],[-41.2221,-12.8979],[-41.2221,-12.898],[-41.2248,-12.9074],[-41.2306,-12.9124],[-41.2241,-12.9322],[-41.1948,-13.0208],[-41.1761,-13.0773],[-41.1641,-13.1131],[-41.1048,-13.2909],[-41.1256,-13.2846],[-41.1308,-13.2922],[-41.1407,-13.2973],[-41.1596,-13.2731],[-41.1672,-13.2483],[-41.1736,-13.2393],[-41.1811,-13.2362],[-41.1853,-13.2128],[-41.1999,-13.1986],[-41.2059,-13.1851],[-41.215,-13.1816],[-41.2347,-13.1606],[-41.2445,-13.1562],[-41.257,-13.1579],[-41.264,-13.1727],[-41.2802,-13.1531],[-41.2833,-13.1377],[-41.2797,-13.1339],[-41.2676,-13.1353],[-41.2607,-13.1323],[-41.2589,-13.1182],[-41.2537,-13.1096],[-41.254,-13.0995],[-41.2649,-13.0821],[-41.2731,-13.0729],[-41.2763,-13.0634],[-41.2844,-13.057],[-41.2917,-13.0592],[-41.3023,-13.0486],[-41.3017,-13.0382],[-41.309,-13.0248],[-41.3083,-13.0092],[-41.319,-12.983],[-41.3211,-12.9604],[-41.3286,-12.9468],[-41.3335,-12.9363],[-41.3443,-12.931],[-41.3416,-12.9199],[-41.3529,-12.8998],[-41.356,-12.8812],[-41.3672,-12.8756],[-41.3731,-12.8791],[-41.4,-12.8088],[-41.4514,-12.674],[-41.4352,-12.6801],[-41.4281,-12.6755],[-41.4088,-12.6799],[-41.3758,-12.6694],[-41.3705,-12.6586],[-41.366,-12.6611],[-41.3576,-12.688],[-41.3435,-12.6868],[-41.3359,-12.6935],[-41.3372,-12.6792],[-41.3334,-12.677],[-41.3241,-12.6705],[-41.3239,-12.6606],[-41.3291,-12.6537],[-41.3323,-12.6321],[-41.3386,-12.6203],[-41.3361,-12.6013],[-41.3402,-12.5811],[-41.347,-12.5749],[-41.3453,-12.5646],[-41.3282,-12.5551],[-41.31,-12.5564],[-41.3067,-12.5499],[-41.2785,-12.558],[-41.273,-12.5566],[-41.2674,-12.5488],[-41.2592,-12.5518],[-41.2539,-12.5427],[-41.2327,-12.5384],[-41.2155,-12.5287],[-41.2082,-12.5168],[-41.2144,-12.5115],[-41.2062,-12.5053],[-41.2055,-12.5052],[-41.1554,-12.4944],[-41.1181,-12.4854],[-41.0709,-12.474],[-41.0486,-12.4687],[-40.9742,-12.4511],[-40.9734,-12.4858]]]}},{"type":"Feature","properties":{"nome":"Andorinha","cod":"2901353","uf":"BA"},"geometry":{"type":"Polygon","coordinates":[[[-39.8059,-9.9393],[-39.8033,-9.9522],[-39.7897,-9.9509],[-39.7868,-9.9544],[-39.788,-9.9742],[-39.7769,-10.0161],[-39.7802,-10.049],[-39.7748,-10.0628],[-39.7789,-10.0901],[-39.7748,-10.0995],[-39.7744,-10.1308],[-39.7686,-10.1647],[-39.7629,-10.1748],[-39.7635,-10.1852],[-39.762,-10.1916],[-39.7596,-10.1988],[-39.7625,-10.2209],[-39.7566,-10.2338],[-39.7584,-10.2519],[-39.7515,-10.2684],[-39.7482,-10.2925],[-39.7448,-10.2963],[-39.7466,-10.3037],[-39.7359,-10.3341],[-39.7372,-10.3429],[-39.7392,-10.3545],[-39.7355,-10.3865],[-39.7357,-10.3977],[-39.7995,-10.4194],[-39.8211,-10.4268],[-39.8361,-10.4352],[-39.8868,-10.4878],[-39.8914,-10.4926],[-39.9281,-10.531],[-39.9283,-10.5312],[-39.9467,-10.5504],[-39.9495,-10.5388],[-39.9656,-10.5247],[-39.9739,-10.5087],[-39.9838,-10.5029],[-39.9937,-10.4964],[-40.0016,-10.495],[-40.0094,-10.4892],[-40.0114,-10.4849],[-40.0052,-10.4714],[-40.0085,-10.4695],[-40.0065,-10.4628],[-40.0159,-10.4603],[-40.0207,-10.455],[-40.0273,-10.453],[-40.029,-10.4469],[-40.0156,-10.4366],[-40.0156,-10.4301],[-40.0243,-10.4231],[-40.0181,-10.3986],[-40.0207,-10.3926],[-40.0324,-10.3831],[-40.035,-10.3815],[-40.0379,-10.376],[-40.0483,-10.3741],[-40.0499,-10.3535],[-40.0495,-10.3519],[-40.0601,-10.321],[-40.0562,-10.3051],[-40.0651,-10.2926],[-40.0659,-10.2819],[-40.0782,-10.2671],[-40.0328,-10.2219],[-39.9851,-10.1743],[-39.9739,-10.1705],[-39.9489,-10.1436],[-39.938,-10.138],[-39.9307,-10.1382],[-39.9154,-10.151],[-39.8888,-10.1401],[-39.8799,-10.147],[-39.8744,-10.145],[-39.8674,-10.1261],[-39.8689,-10.1135],[-39.8626,-10.0987],[-39.8623,-10.0965],[-39.8623,-10.0957],[-39.8617,-10.0921],[-39.8499,-10.081],[-39.8489,-10.0706],[-39.8425,-10.0603],[-39.8416,-10.0461],[-39.8365,-10.0412],[-39.8269,-10.0397],[-39.8287,-10.0245],[-39.8245,-10.0104],[-39.806,-10.0012],[-39.8105,-9.9959],[-39.8126,-9.983],[-39.8042,-9.9766],[-39.7985,-9.9792],[-39.8017,-9.9595],[-39.8131,-9.9445],[-39.8059,-9.9393]]]}},{"type":"Feature","properties":{"nome":"Angical","cod":"2901403","uf":"BA"},"geometry":{"type":"Polygon","coordinates":[[[-44.6543,-11.7532],[-44.5896,-11.8169],[-44.5759,-11.8304],[-44.486,-11.9188],[-44.4656,-11.9389],[-44.4367,-11.9673],[-44.3937,-12.0095],[-44.3464,-12.0546],[-44.3529,-12.0705],[-44.3465,-12.0979],[-44.3458,-12.0996],[-44.3423,-12.1027],[-44.3456,-12.1024],[-44.443,-12.0925],[-44.4762,-12.1691],[-44.4881,-12.1965],[-44.4986,-12.2207],[-44.5179,-12.2008],[-44.5786,-12.1537],[-44.6367,-12.1479],[-44.6735,-12.1442],[-44.7101,-12.1405],[-44.7124,-12.13],[-44.7234,-12.1178],[-44.7299,-12.1179],[-44.7403,-12.1119],[-44.7456,-12.12],[-44.7553,-12.1223],[-44.7736,-12.1162],[-44.7846,-12.1052],[-44.7936,-12.0844],[-44.8133,-12.0917],[-44.8521,-12.0904],[-44.8624,-12.0833],[-44.864,-12.0745],[-44.8709,-12.0683],[-44.8707,-12.0617],[-44.877,-12.0592],[-44.8823,-12.0503],[-44.8957,-12.0467],[-44.8992,-12.0401],[-44.9172,-12.0334],[-44.9267,-12.0357],[-44.9353,-12.0301],[-44.9275,-12.0209],[-44.9326,-12.0128],[-44.9278,-12.012],[-44.9294,-12.0065],[-44.9229,-12.0065],[-44.9183,-12.0027],[-44.9064,-12.0125],[-44.8963,-12.001],[-44.897,-11.9975],[-44.891,-11.9975],[-44.888,-11.9872],[-44.884,-11.9874],[-44.8827,-11.9819],[-44.8801,-11.9825],[-44.8779,-11.9734],[-44.8815,-11.9712],[-44.8753,-11.9694],[-44.8729,-11.9624],[-44.8777,-11.9548],[-44.8707,-11.9541],[-44.8698,-11.9471],[-44.8641,-11.95],[-44.8715,-11.942],[-44.8601,-11.9382],[-44.8531,-11.9395],[-44.8537,-11.9316],[-44.8471,-11.9341],[-44.8499,-11.9255],[-44.838,-11.9265],[-44.8417,-11.9208],[-44.8364,-11.9196],[-44.8303,-11.9235],[-44.8292,-11.921],[-44.8342,-11.9163],[-44.8296,-11.9095],[-44.828,-11.9077],[-44.83,-11.9018],[-44.8267,-11.8967],[-44.8301,-11.8921],[-44.8161,-11.8861],[-44.8202,-11.8818],[-44.8181,-11.8804],[-44.8003,-11.8749],[-44.7971,-11.877],[-44.7823,-11.8748],[-44.7814,-11.8702],[-44.7773,-11.8777],[-44.7758,-11.8718],[-44.7676,-11.8679],[-44.7682,-11.8727],[-44.7635,-11.8715],[-44.7595,-11.8646],[-44.7541,-11.8659],[-44.748,-11.8545],[-44.7412,-11.855],[-44.7372,-11.8487],[-44.729,-11.8464],[-44.7266,-11.8279],[-44.7242,-11.8264],[-44.72,-11.8252],[-44.7109,-11.8207],[-44.7165,-11.8086],[-44.7083,-11.8115],[-44.704,-11.8178],[-44.7008,-11.8068],[-44.6855,-11.8088],[-44.6864,-11.8031],[-44.6796,-11.7998],[-44.6893,-11.7852],[-44.687,-11.776],[-44.6821,-11.7758],[-44.6814,-11.773],[-44.6879,-11.7704],[-44.6797,-11.7647],[-44.6794,-11.7601],[-44.67,-11.7616],[-44.6607,-11.7547],[-44.6616,-11.7468],[-44.657,-11.7488],[-44.6543,-11.7532]]]}},{"type":"Feature","properties":{"nome":"Anguera","cod":"2901502","uf":"BA"},"geometry":{"type":"Polygon","coordinates":[[[-39.1225,-12.1992],[-39.0797,-12.2256],[-39.1,-12.2364],[-39.1512,-12.2634],[-39.1649,-12.2517],[-39.1673,-12.2446],[-39.1738,-12.236],[-39.1879,-12.2293],[-39.1923,-12.2234],[-39.2205,-12.2155],[-39.2306,-12.2181],[-39.2404,-12.2128],[-39.2637,-12.1999],[-39.2701,-12.1863],[-39.2753,-12.1854],[-39.2785,-12.1808],[-39.2759,-12.1743],[-39.2658,-12.1494],[-39.2559,-12.1274],[-39.2392,-12.0985],[-39.2282,-12.0794],[-39.215,-12.095],[-39.2117,-12.1063],[-39.1942,-12.1084],[-39.1769,-12.1176],[-39.1789,-12.149],[-39.1894,-12.1728],[-39.165,-12.1821],[-39.1225,-12.1992]]]}},{"type":"Feature","properties":{"nome":"Antas","cod":"2901601","uf":"BA"},"geometry":{"type":"Polygon","coordinates":[[[-38.1881,-10.421],[-38.1443,-10.4569],[-38.1488,-10.4565],[-38.1728,-10.4767],[-38.1804,-10.4797],[-38.1911,-10.4791],[-38.2078,-10.471],[-38.2196,-10.4773],[-38.2258,-10.4693],[-38.2402,-10.4666],[-38.2482,-10.4594],[-38.2828,-10.4712],[-38.2891,-10.4767],[-38.304,-10.4715],[-38.3377,-10.4742],[-38.3482,-10.4709],[-38.3677,-10.4771],[-38.3793,-10.4682],[-38.3844,-10.4664],[-38.3918,-10.4676],[-38.4019,-10.4633],[-38.4123,-10.465],[-38.4183,-10.4607],[-38.4191,-10.4399],[-38.4155,-10.4369],[-38.3725,-10.4012],[-38.3771,-10.3981],[-38.395,-10.3865],[-38.3409,-10.3738],[-38.3408,-10.3688],[-38.3395,-10.3307],[-38.3553,-10.3259],[-38.407,-10.3104],[-38.4162,-10.3077],[-38.3132,-10.3092],[-38.3109,-10.3092],[-38.2622,-10.3102],[-38.2415,-10.3688],[-38.2394,-10.3747],[-38.2394,-10.3747],[-38.2373,-10.3805],[-38.2124,-10.401],[-38.1881,-10.421]]]}},{"type":"Feature","properties":{"nome":"Antônio Cardoso","cod":"2901700","uf":"BA"},"geometry":{"type":"Polygon","coordinates":[[[-39.1388,-12.2784],[-39.1345,-12.2881],[-39.1329,-12.295],[-39.1262,-12.2992],[-39.1221,-12.3071],[-39.121,-12.3119],[-39.1253,-12.3165],[-39.1157,-12.3224],[-39.1093,-12.3463],[-39.1019,-12.3443],[-39.1014,-12.3489],[-39.0934,-12.3533],[-39.0934,-12.3533],[-39.0917,-12.3575],[-39.0836,-12.3582],[-39.0804,-12.3549],[-39.0783,-12.3583],[-39.071,-12.3577],[-39.0702,-12.373],[-39.0804,-12.3783],[-39.0729,-12.3903],[-39.0743,-12.3945],[-39.066,-12.4068],[-39.0601,-12.406],[-39.0533,-12.41],[-39.0618,-12.4228],[-39.0506,-12.4397],[-39.0521,-12.447],[-39.0527,-12.4475],[-39.0692,-12.4549],[-39.0908,-12.4949],[-39.1084,-12.4934],[-39.1225,-12.4968],[-39.1271,-12.4978],[-39.1335,-12.4936],[-39.134,-12.4881],[-39.1434,-12.4828],[-39.1437,-12.4829],[-39.1463,-12.4841],[-39.1496,-12.478],[-39.1457,-12.4673],[-39.1528,-12.4596],[-39.1561,-12.4599],[-39.1574,-12.4482],[-39.1602,-12.439],[-39.1645,-12.4257],[-39.1741,-12.4273],[-39.1783,-12.4217],[-39.1765,-12.417],[-39.1806,-12.4172],[-39.1825,-12.4131],[-39.1799,-12.4083],[-39.1803,-12.4079],[-39.1874,-12.3979],[-39.1955,-12.3876],[-39.2053,-12.3902],[-39.2066,-12.395],[-39.2171,-12.396],[-39.2297,-12.3849],[-39.2423,-12.3645],[-39.238,-12.3485],[-39.2412,-12.3374],[-39.242,-12.3328],[-39.2454,-12.3237],[-39.2411,-12.3211],[-39.2416,-12.3145],[-39.2448,-12.3042],[-39.1995,-12.2899],[-39.1938,-12.2908],[-39.19,-12.284],[-39.1831,-12.2855],[-39.18,-12.2812],[-39.1652,-12.2737],[-39.1481,-12.2705],[-39.1388,-12.2784]]]}},{"type":"Feature","properties":{"nome":"Antônio Gonçalves","cod":"2901809","uf":"BA"},"geometry":{"type":"Polygon","coordinates":[[[-40.2352,-10.521],[-40.2113,-10.5513],[-40.2061,-10.5578],[-40.1916,-10.5761],[-40.187,-10.582],[-40.1666,-10.6079],[-40.2235,-10.6087],[-40.2903,-10.6097],[-40.2908,-10.6096],[-40.3471,-10.5968],[-40.3475,-10.5941],[-40.358,-10.5941],[-40.3645,-10.5681],[-40.3742,-10.5582],[-40.3913,-10.5565],[-40.3967,-10.5836],[-40.4026,-10.6133],[-40.4067,-10.6339],[-40.4097,-10.6256],[-40.4205,-10.6301],[-40.4246,-10.6363],[-40.4396,-10.6459],[-40.4419,-10.6514],[-40.4483,-10.6594],[-40.4522,-10.6716],[-40.462,-10.6736],[-40.4778,-10.69],[-40.4787,-10.6898],[-40.5588,-10.6745],[-40.5157,-10.6301],[-40.5077,-10.622],[-40.4509,-10.5636],[-40.4398,-10.5597],[-40.3984,-10.545],[-40.3696,-10.5367],[-40.3695,-10.5367],[-40.3262,-10.5251],[-40.3202,-10.5235],[-40.3135,-10.5217],[-40.2483,-10.5043],[-40.2352,-10.521]]]}},{"type":"Feature","properties":{"nome":"Aporá","cod":"2901908","uf":"BA"},"geometry":{"type":"Polygon","coordinates":[[[-38.2139,-11.6086],[-38.1545,-11.6329],[-38.1557,-11.6287],[-38.15,-11.6204],[-38.15,-11.607],[-38.1467,-11.6091],[-38.1351,-11.6071],[-38.1274,-11.6101],[-38.1269,-11.6134],[-38.1184,-11.6151],[-38.1109,-11.6098],[-38.1054,-11.6166],[-38.0984,-11.613],[-38.0905,-11.6167],[-38.0831,-11.6088],[-38.0799,-11.6051],[-38.0725,-11.6041],[-38.0637,-11.6096],[-38.0631,-11.6046],[-38.0659,-11.6034],[-38.0609,-11.599],[-38.0594,-11.6088],[-38.0535,-11.6475],[-38.053,-11.651],[-38.0507,-11.6661],[-38.0506,-11.6667],[-38.0505,-11.6673],[-38.1081,-11.7261],[-38.1343,-11.7529],[-38.1365,-11.7551],[-38.1445,-11.7633],[-38.1562,-11.8005],[-38.1562,-11.8007],[-38.1642,-11.826],[-38.1642,-11.8262],[-38.1721,-11.8513],[-38.1837,-11.8885],[-38.1906,-11.8841],[-38.1942,-11.8899],[-38.2125,-11.8885],[-38.2213,-11.8812],[-38.228,-11.8816],[-38.2319,-11.8779],[-38.2354,-11.8802],[-38.2454,-11.8742],[-38.2596,-11.873],[-38.2662,-11.8797],[-38.2762,-11.8639],[-38.2805,-11.8662],[-38.2863,-11.8638],[-38.2877,-11.8682],[-38.2985,-11.8705],[-38.2949,-11.8618],[-38.3009,-11.8587],[-38.3012,-11.8519],[-38.3134,-11.8373],[-38.3013,-11.8334],[-38.2993,-11.8303],[-38.3024,-11.8279],[-38.2982,-11.8277],[-38.2944,-11.8208],[-38.2922,-11.8081],[-38.284,-11.8019],[-38.2824,-11.7962],[-38.2834,-11.7874],[-38.2907,-11.7845],[-38.2981,-11.7713],[-38.2981,-11.7712],[-38.2967,-11.7641],[-38.2892,-11.7543],[-38.2775,-11.7492],[-38.2752,-11.7343],[-38.2673,-11.7215],[-38.2662,-11.7138],[-38.2662,-11.7137],[-38.2661,-11.7075],[-38.2746,-11.6948],[-38.2805,-11.6622],[-38.2906,-11.6505],[-38.2969,-11.6334],[-38.2968,-11.6248],[-38.2961,-11.5748],[-38.2809,-11.5811],[-38.2323,-11.601],[-38.2139,-11.6086]]]}},{"type":"Feature","properties":{"nome":"Apuarema","cod":"2901957","uf":"BA"},"geometry":{"type":"Polygon","coordinates":[[[-39.7242,-13.7479],[-39.7173,-13.7729],[-39.7131,-13.7636],[-39.6999,-13.7637],[-39.6938,-13.7645],[-39.6905,-13.7716],[-39.6989,-13.7821],[-39.6994,-13.7958],[-39.6971,-13.8029],[-39.6913,-13.8039],[-39.6889,-13.8081],[-39.6887,-13.8218],[-39.6956,-13.8265],[-39.7017,-13.8367],[-39.6987,-13.8477],[-39.6857,-13.8561],[-39.67,-13.8593],[-39.6842,-13.8833],[-39.6963,-13.8879],[-39.694,-13.8921],[-39.7011,-13.9079],[-39.7163,-13.9093],[-39.7343,-13.9057],[-39.7423,-13.9121],[-39.7469,-13.9016],[-39.7402,-13.8935],[-39.7532,-13.8923],[-39.7569,-13.8862],[-39.7471,-13.8663],[-39.7496,-13.8634],[-39.7587,-13.8646],[-39.7642,-13.8587],[-39.7735,-13.8663],[-39.7797,-13.8601],[-39.7778,-13.8565],[-39.7839,-13.8523],[-39.7804,-13.8426],[-39.7736,-13.8408],[-39.7678,-13.8347],[-39.7728,-13.8217],[-39.7814,-13.8175],[-39.7951,-13.8001],[-39.796,-13.79],[-39.8035,-13.7864],[-39.8035,-13.7826],[-39.7933,-13.7776],[-39.7797,-13.7572],[-39.7752,-13.7531],[-39.7628,-13.7602],[-39.7546,-13.7482],[-39.7416,-13.7546],[-39.7279,-13.7348],[-39.7242,-13.7479]]]}},{"type":"Feature","properties":{"nome":"Aracatu","cod":"2902005","uf":"BA"},"geometry":{"type":"Polygon","coordinates":[[[-41.3347,-14.0936],[-41.3371,-14.1008],[-41.3296,-14.1125],[-41.3386,-14.1352],[-41.3539,-14.1737],[-41.3853,-14.2531],[-41.3893,-14.2632],[-41.3487,-14.2743],[-41.2686,-14.2962],[-41.2684,-14.2963],[-41.2292,-14.3114],[-41.2098,-14.3204],[-41.1274,-14.3585],[-41.1082,-14.3674],[-41.0987,-14.3708],[-41.0735,-14.3835],[-41.0687,-14.3982],[-41.0697,-14.4039],[-41.0833,-14.4163],[-41.085,-14.4291],[-41.0915,-14.4325],[-41.0929,-14.4413],[-41.0928,-14.4415],[-41.0957,-14.4488],[-41.1065,-14.4504],[-41.1112,-14.4473],[-41.1089,-14.4423],[-41.1125,-14.4382],[-41.1144,-14.4439],[-41.1183,-14.4415],[-41.1294,-14.4442],[-41.132,-14.4482],[-41.1296,-14.4535],[-41.1333,-14.4564],[-41.1367,-14.4534],[-41.1391,-14.4563],[-41.1375,-14.4632],[-41.1302,-14.4603],[-41.1233,-14.4669],[-41.1231,-14.4704],[-41.1311,-14.4724],[-41.1277,-14.4763],[-41.1313,-14.4807],[-41.1285,-14.481],[-41.1277,-14.4864],[-41.1318,-14.491],[-41.1391,-14.4886],[-41.1485,-14.4924],[-41.1486,-14.4963],[-41.1546,-14.4971],[-41.1585,-14.4938],[-41.1568,-14.4855],[-41.1605,-14.4807],[-41.1699,-14.4814],[-41.1725,-14.4785],[-41.1852,-14.4818],[-41.1814,-14.4858],[-41.1837,-14.4971],[-41.1952,-14.4913],[-41.2107,-14.5002],[-41.2046,-14.5118],[-41.2011,-14.5113],[-41.2004,-14.5159],[-41.2054,-14.5203],[-41.2103,-14.5214],[-41.2147,-14.5144],[-41.219,-14.5142],[-41.2191,-14.5175],[-41.2248,-14.5196],[-41.2278,-14.5151],[-41.2304,-14.5192],[-41.2361,-14.5174],[-41.2343,-14.5232],[-41.2428,-14.5165],[-41.2477,-14.5152],[-41.2464,-14.5101],[-41.2385,-14.5044],[-41.2384,-14.4972],[-41.2475,-14.4988],[-41.2533,-14.4869],[-41.2566,-14.4878],[-41.259,-14.4952],[-41.2618,-14.4927],[-41.269,-14.4959],[-41.2757,-14.4954],[-41.2793,-14.5011],[-41.2857,-14.5103],[-41.2934,-14.5079],[-41.2979,-14.513],[-41.3039,-14.5072],[-41.3078,-14.5119],[-41.3115,-14.5096],[-41.316,-14.5118],[-41.3159,-14.5065],[-41.3243,-14.5072],[-41.3297,-14.5027],[-41.3407,-14.5117],[-41.3501,-14.528],[-41.3596,-14.5335],[-41.3682,-14.5323],[-41.3719,-14.5359],[-41.3823,-14.5304],[-41.3855,-14.5353],[-41.3943,-14.5424],[-41.3931,-14.5493],[-41.3965,-14.5557],[-41.3981,-14.5577],[-41.4016,-14.5579],[-41.4344,-14.5512],[-41.4346,-14.5508],[-41.6342,-14.5093],[-41.5361,-14.4965],[-41.5436,-14.4895],[-41.5505,-14.4882],[-41.5506,-14.4882],[-41.5577,-14.4848],[-41.5559,-14.4829],[-41.5596,-14.4791],[-41.5555,-14.4735],[-41.5625,-14.4573],[-41.5539,-14.4494],[-41.5585,-14.4399],[-41.5562,-14.4313],[-41.5504,-14.4259],[-41.5579,-14.4219],[-41.56,-14.4078],[-41.5647,-14.4028],[-41.563,-14.3968],[-41.5686,-14.3895],[-41.567,-14.3702],[-41.5619,-14.363],[-41.5635,-14.3556],[-41.5597,-14.3478],[-41.5652,-14.3468],[-41.5622,-14.3438],[-41.5654,-14.3399],[-41.5638,-14.3289],[-41.5595,-14.3306],[-41.5607,-14.3248],[-41.5559,-14.3204],[-41.5662,-14.3095],[-41.5705,-14.31],[-41.5677,-14.3],[-41.5676,-14.2998],[-41.5583,-14.286],[-41.5607,-14.2784],[-41.5548,-14.2745],[-41.5514,-14.2668],[-41.5551,-14.2605],[-41.5662,-14.2566],[-41.5634,-14.2541],[-41.5666,-14.2513],[-41.5624,-14.246],[-41.5482,-14.2492],[-41.5451,-14.2404],[-41.5377,-14.238],[-41.541,-14.2274],[-41.5319,-14.2177],[-41.5307,-14.1982],[-41.5171,-14.1838],[-41.5148,-14.1759],[-41.5114,-14.1747],[-41.5133,-14.1711],[-41.5066,-14.1735],[-41.5035,-14.1714],[-41.4975,-14.1773],[-41.4936,-14.1717],[-41.4981,-14.1687],[-41.4974,-14.1597],[-41.4882,-14.1602],[-41.4942,-14.1492],[-41.4794,-14.1416],[-41.4731,-14.1478],[-41.4624,-14.1344],[-41.4517,-14.1354],[-41.4432,-14.1245],[-41.4432,-14.1192],[-41.4258,-14.109],[-41.401,-14.1018],[-41.3654,-14.1011],[-41.3487,-14.0923],[-41.3347,-14.0936]]]}},{"type":"Feature","properties":{"nome":"Araças","cod":"2902054","uf":"BA"},"geometry":{"type":"Polygon","coordinates":[[[-38.2149,-12.0093],[-38.2064,-12.0137],[-38.2038,-12.0119],[-38.2,-12.0198],[-38.2033,-12.0344],[-38.2086,-12.039],[-38.2124,-12.0497],[-38.2115,-12.0735],[-38.2017,-12.0935],[-38.2022,-12.1059],[-38.1861,-12.1209],[-38.1762,-12.1333],[-38.1767,-12.1404],[-38.1737,-12.1434],[-38.1598,-12.1403],[-38.1371,-12.1418],[-38.137,-12.1416],[-38.1251,-12.1366],[-38.1178,-12.1422],[-38.1035,-12.1398],[-38.0916,-12.1451],[-38.088,-12.1535],[-38.0783,-12.1628],[-38.0776,-12.1804],[-38.0708,-12.1805],[-38.0668,-12.1853],[-38.0812,-12.208],[-38.0775,-12.2379],[-38.0691,-12.2347],[-38.055,-12.2371],[-38.0476,-12.2456],[-38.0401,-12.248],[-38.0452,-12.2486],[-38.1739,-12.2608],[-38.174,-12.2609],[-38.2106,-12.2671],[-38.2741,-12.2774],[-38.274,-12.2772],[-38.3802,-12.235],[-38.3283,-12.2151],[-38.3051,-12.2062],[-38.3161,-12.1844],[-38.3222,-12.1724],[-38.3057,-12.1292],[-38.2828,-12.132],[-38.2787,-12.1267],[-38.2773,-12.1149],[-38.2753,-12.1121],[-38.2821,-12.0992],[-38.2763,-12.0822],[-38.2841,-12.0392],[-38.2819,-12.0415],[-38.2795,-12.0378],[-38.2766,-12.0405],[-38.2625,-12.033],[-38.2526,-12.0326],[-38.2375,-12.0127],[-38.2246,-12.0138],[-38.221,-12.01],[-38.2149,-12.0093]]]}},{"type":"Feature","properties":{"nome":"Araci","cod":"2902104","uf":"BA"},"geometry":{"type":"Polygon","coordinates":[[[-39.2686,-10.9868],[-39.264,-10.9926],[-39.2586,-10.9923],[-39.2532,-10.9943],[-39.2467,-10.9921],[-39.2386,-10.9985],[-39.2247,-10.9995],[-39.2109,-10.9983],[-39.2025,-11.0012],[-39.1762,-11.0161],[-39.1673,-11.0195],[-39.1607,-11.0097],[-39.143,-11.0156],[-39.1171,-11.0179],[-39.1148,-11.0182],[-39.0977,-11.0244],[-39.0908,-11.0377],[-39.0789,-11.043],[-39.0713,-11.0441],[-39.0549,-11.0255],[-39.0467,-11.0206],[-39.0406,-11.0248],[-39.0345,-11.0307],[-39.0162,-11.0319],[-39.006,-11.0538],[-39.0012,-11.0574],[-38.9945,-11.0526],[-38.9742,-11.0493],[-38.961,-11.0521],[-38.9493,-11.0481],[-38.945,-11.0518],[-38.9466,-11.0647],[-38.9431,-11.0781],[-38.9433,-11.0783],[-38.9211,-11.1617],[-38.9004,-11.2393],[-38.8722,-11.3449],[-38.8581,-11.353],[-38.8302,-11.3537],[-38.818,-11.3473],[-38.8036,-11.347],[-38.7861,-11.3545],[-38.864,-11.3816],[-38.9257,-11.403],[-38.9704,-11.4183],[-38.9808,-11.423],[-39.005,-11.4119],[-39.0204,-11.4092],[-39.0535,-11.3984],[-39.0593,-11.4048],[-39.1151,-11.4654],[-39.14,-11.4925],[-39.1409,-11.4939],[-39.1413,-11.4909],[-39.1491,-11.4376],[-39.155,-11.3968],[-39.1624,-11.3458],[-39.1648,-11.3288],[-39.1718,-11.2806],[-39.2407,-11.2133],[-39.2409,-11.213],[-39.2415,-11.2117],[-39.2749,-11.1411],[-39.2752,-11.1405],[-39.3006,-11.0869],[-39.3107,-11.0653],[-39.3046,-11.0632],[-39.3003,-11.053],[-39.2893,-11.0438],[-39.2886,-11.0298],[-39.2737,-11.0208],[-39.2769,-11.0127],[-39.27,-11.0047],[-39.2721,-10.9979],[-39.2825,-10.9906],[-39.2779,-10.9872],[-39.2686,-10.9868]]]}},{"type":"Feature","properties":{"nome":"Aramari","cod":"2902203","uf":"BA"},"geometry":{"type":"Polygon","coordinates":[[[-38.5269,-11.9377],[-38.5073,-11.9431],[-38.4998,-11.9399],[-38.4829,-11.9416],[-38.4762,-11.9468],[-38.4762,-11.9469],[-38.456,-12.0024],[-38.4535,-12.0092],[-38.4469,-12.0272],[-38.422,-12.0952],[-38.4448,-12.1023],[-38.445,-12.1024],[-38.4969,-12.1185],[-38.4982,-12.119],[-38.5277,-12.1633],[-38.5305,-12.1675],[-38.5898,-12.1957],[-38.5853,-12.1908],[-38.5881,-12.1774],[-38.5812,-12.1584],[-38.5788,-12.1439],[-38.5703,-12.1278],[-38.5756,-12.0973],[-38.5754,-12.085],[-38.5865,-12.0611],[-38.5846,-12.0525],[-38.5899,-12.0369],[-38.6064,-12.021],[-38.6045,-12.0046],[-38.6072,-12.0],[-38.6072,-11.9927],[-38.6175,-11.9733],[-38.6063,-11.9614],[-38.5982,-11.954],[-38.5967,-11.9526],[-38.5682,-11.9607],[-38.5343,-11.9459],[-38.5269,-11.9377]]]}},{"type":"Feature","properties":{"nome":"Arataca","cod":"2902252","uf":"BA"},"geometry":{"type":"Polygon","coordinates":[[[-39.31,-15.1832],[-39.2983,-15.2037],[-39.301,-15.2052],[-39.2996,-15.2123],[-39.3082,-15.2159],[-39.3305,-15.2201],[-39.3333,-15.2237],[-39.3431,-15.2211],[-39.3429,-15.2175],[-39.35,-15.2207],[-39.3489,-15.2258],[-39.3436,-15.2271],[-39.3438,-15.2308],[-39.3498,-15.2318],[-39.3526,-15.2345],[-39.351,-15.2421],[-39.3527,-15.2675],[-39.3671,-15.2767],[-39.3645,-15.29],[-39.3585,-15.3036],[-39.3502,-15.3031],[-39.3403,-15.3141],[-39.3391,-15.32],[-39.3288,-15.3279],[-39.3247,-15.3288],[-39.3272,-15.3326],[-39.3366,-15.3374],[-39.3449,-15.3369],[-39.3505,-15.3336],[-39.3668,-15.3372],[-39.3733,-15.3414],[-39.3729,-15.3499],[-39.3782,-15.3516],[-39.3881,-15.3469],[-39.3999,-15.3484],[-39.3983,-15.3446],[-39.4017,-15.3378],[-39.4057,-15.3306],[-39.4116,-15.3298],[-39.4209,-15.3345],[-39.4325,-15.3334],[-39.4382,-15.3118],[-39.443,-15.3106],[-39.4485,-15.3139],[-39.4588,-15.3124],[-39.4614,-15.3301],[-39.4685,-15.3352],[-39.4741,-15.3505],[-39.4801,-15.3493],[-39.484,-15.3366],[-39.4871,-15.3206],[-39.4851,-15.3076],[-39.4914,-15.3005],[-39.4915,-15.3003],[-39.4998,-15.2902],[-39.5047,-15.2907],[-39.522,-15.2996],[-39.5371,-15.294],[-39.541,-15.2947],[-39.544,-15.2897],[-39.5523,-15.2934],[-39.565,-15.2904],[-39.573,-15.2799],[-39.5752,-15.2723],[-39.5718,-15.2652],[-39.5706,-15.2466],[-39.5732,-15.2412],[-39.5704,-15.2342],[-39.5687,-15.2291],[-39.5536,-15.221],[-39.5526,-15.2265],[-39.5558,-15.2301],[-39.545,-15.2398],[-39.5373,-15.2408],[-39.5367,-15.245],[-39.5171,-15.2394],[-39.5114,-15.2421],[-39.5092,-15.2509],[-39.4907,-15.2536],[-39.4853,-15.2302],[-39.4812,-15.2063],[-39.4623,-15.2073],[-39.4589,-15.2022],[-39.4502,-15.1942],[-39.4444,-15.1811],[-39.4388,-15.1807],[-39.4398,-15.1721],[-39.433,-15.1675],[-39.4291,-15.1563],[-39.4224,-15.1547],[-39.4162,-15.1394],[-39.4037,-15.1305],[-39.4044,-15.1023],[-39.3987,-15.0868],[-39.3877,-15.0868],[-39.3856,-15.0964],[-39.3687,-15.0966],[-39.3639,-15.1013],[-39.3595,-15.1034],[-39.3609,-15.1087],[-39.3207,-15.1557],[-39.3138,-15.1636],[-39.3137,-15.1675],[-39.31,-15.1832]]]}},{"type":"Feature","properties":{"nome":"Aratuípe","cod":"2902302","uf":"BA"},"geometry":{"type":"Polygon","coordinates":[[[-39.0923,-13.0403],[-39.0718,-13.0498],[-39.0612,-13.0479],[-39.0555,-13.0491],[-39.0502,-13.0475],[-39.0456,-13.0507],[-39.0294,-13.0517],[-39.0005,-13.0528],[-38.993,-13.05],[-38.989,-13.0439],[-38.986,-13.0473],[-38.978,-13.043],[-38.9667,-13.044],[-38.961,-13.0568],[-38.9583,-13.0621],[-38.9581,-13.0872],[-38.961,-13.0899],[-38.9678,-13.0845],[-38.9702,-13.0893],[-38.981,-13.0883],[-38.9823,-13.0885],[-38.9841,-13.092],[-38.9805,-13.0927],[-38.9834,-13.0973],[-38.9891,-13.0966],[-38.9984,-13.107],[-39.0064,-13.1096],[-39.0086,-13.1269],[-39.0152,-13.1268],[-39.0183,-13.1211],[-39.0251,-13.1229],[-39.0269,-13.1193],[-39.0346,-13.1177],[-39.0385,-13.1225],[-39.0441,-13.1222],[-39.0449,-13.1257],[-39.0392,-13.1254],[-39.0391,-13.13],[-39.0567,-13.1344],[-39.0653,-13.1352],[-39.0657,-13.1328],[-39.0719,-13.1392],[-39.0775,-13.136],[-39.082,-13.1392],[-39.0832,-13.1387],[-39.0833,-13.1387],[-39.0929,-13.1437],[-39.0927,-13.1401],[-39.0961,-13.1417],[-39.115,-13.1342],[-39.1193,-13.1176],[-39.1191,-13.1136],[-39.121,-13.1094],[-39.1284,-13.0957],[-39.1356,-13.0907],[-39.1403,-13.0934],[-39.1449,-13.0974],[-39.1594,-13.0963],[-39.1608,-13.0896],[-39.1695,-13.0833],[-39.1768,-13.0941],[-39.174,-13.0982],[-39.176,-13.1036],[-39.1883,-13.1093],[-39.1951,-13.1028],[-39.1958,-13.0844],[-39.2007,-13.0787],[-39.1928,-13.0731],[-39.1747,-13.0628],[-39.1619,-13.0557],[-39.1418,-13.0452],[-39.1357,-13.0493],[-39.1388,-13.0563],[-39.1275,-13.0657],[-39.1228,-13.0602],[-39.1181,-13.0601],[-39.1185,-13.0421],[-39.1092,-13.0387],[-39.0934,-13.04],[-39.0923,-13.0403]]]}},{"type":"Feature","properties":{"nome":"Aurelino Leal","cod":"2902401","uf":"BA"},"geometry":{"type":"Polygon","coordinates":[[[-39.6242,-14.2779],[-39.625,-14.2869],[-39.6071,-14.298],[-39.5991,-14.3094],[-39.5696,-14.2967],[-39.5639,-14.2973],[-39.5576,-14.3004],[-39.5503,-14.3073],[-39.5567,-14.3235],[-39.561,-14.3238],[-39.5629,-14.3359],[-39.5526,-14.3453],[-39.5478,-14.3457],[-39.5399,-14.34],[-39.5276,-14.3471],[-39.527,-14.348],[-39.5218,-14.3408],[-39.512,-14.3376],[-39.5095,-14.3412],[-39.5125,-14.3464],[-39.503,-14.3507],[-39.4993,-14.3325],[-39.4859,-14.3436],[-39.4738,-14.3392],[-39.463,-14.3416],[-39.4601,-14.3251],[-39.4601,-14.3249],[-39.4585,-14.3225],[-39.4537,-14.3243],[-39.4451,-14.3148],[-39.441,-14.3152],[-39.4387,-14.3105],[-39.4413,-14.3009],[-39.4279,-14.2934],[-39.4201,-14.294],[-39.4145,-14.2973],[-39.4137,-14.3086],[-39.4083,-14.3102],[-39.3919,-14.2966],[-39.3781,-14.2927],[-39.3685,-14.2786],[-39.3663,-14.2787],[-39.3622,-14.2854],[-39.3647,-14.2968],[-39.3624,-14.3012],[-39.3452,-14.3138],[-39.3364,-14.3126],[-39.329,-14.3127],[-39.3253,-14.3157],[-39.3124,-14.3162],[-39.3109,-14.3161],[-39.31,-14.3159],[-39.2928,-14.3121],[-39.2908,-14.3119],[-39.3078,-14.3318],[-39.326,-14.3657],[-39.3278,-14.3794],[-39.3328,-14.3823],[-39.3339,-14.3874],[-39.3243,-14.3933],[-39.3233,-14.4015],[-39.3268,-14.4084],[-39.3269,-14.4405],[-39.3226,-14.4581],[-39.3229,-14.4608],[-39.3642,-14.4507],[-39.3719,-14.4488],[-39.4013,-14.4416],[-39.4021,-14.4414],[-39.4309,-14.4344],[-39.4506,-14.4296],[-39.4606,-14.4272],[-39.4899,-14.42],[-39.4868,-14.4181],[-39.4978,-14.4153],[-39.5609,-14.4005],[-39.5617,-14.4003],[-39.6858,-14.3712],[-39.6964,-14.3687],[-39.6898,-14.3677],[-39.6918,-14.3606],[-39.685,-14.3602],[-39.6822,-14.3556],[-39.6809,-14.3463],[-39.6856,-14.3419],[-39.6808,-14.3419],[-39.678,-14.3312],[-39.6855,-14.33],[-39.6859,-14.3271],[-39.6801,-14.327],[-39.677,-14.3229],[-39.6637,-14.3285],[-39.6629,-14.3245],[-39.6679,-14.3173],[-39.6654,-14.3153],[-39.6635,-14.3192],[-39.6592,-14.3186],[-39.6601,-14.3098],[-39.6651,-14.309],[-39.6695,-14.3011],[-39.6777,-14.2995],[-39.677,-14.2921],[-39.6695,-14.2902],[-39.6653,-14.2796],[-39.6621,-14.2856],[-39.652,-14.2839],[-39.6527,-14.2733],[-39.6391,-14.2662],[-39.6277,-14.2724],[-39.6242,-14.2779]]]}},{"type":"Feature","properties":{"nome":"Baianópolis","cod":"2902500","uf":"BA"},"geometry":{"type":"Polygon","coordinates":[[[-44.5311,-12.3082],[-44.5226,-12.3083],[-44.5165,-12.3029],[-44.4963,-12.3015],[-44.4857,-12.3052],[-44.481,-12.3113],[-44.4754,-12.3034],[-44.4642,-12.3081],[-44.4553,-12.3009],[-44.4473,-12.2997],[-44.4428,-12.2994],[-44.4418,-12.2961],[-44.4275,-12.2972],[-44.4204,-12.292],[-44.4103,-12.2923],[-44.3959,-12.2876],[-44.386,-12.2888],[-44.3781,-12.2945],[-44.3507,-12.2965],[-44.3384,-12.3059],[-44.302,-12.3046],[-44.3015,-12.3047],[-44.2967,-12.3112],[-44.3238,-12.3514],[-44.3309,-12.3619],[-44.312,-12.455],[-44.3111,-12.4589],[-44.2941,-12.5354],[-44.2708,-12.639],[-44.2653,-12.6467],[-44.2098,-12.7072],[-44.1846,-12.7346],[-44.1787,-12.741],[-44.1715,-12.752],[-44.1735,-12.7624],[-44.1712,-12.7683],[-44.1444,-12.7954],[-44.1465,-12.8045],[-44.151,-12.8105],[-44.17,-12.8122],[-44.1774,-12.8195],[-44.1712,-12.8517],[-44.1823,-12.8751],[-44.19,-12.8787],[-44.2044,-12.8758],[-44.2136,-12.8693],[-44.2323,-12.8681],[-44.2422,-12.8706],[-44.2542,-12.881],[-44.2565,-12.8891],[-44.2514,-12.9071],[-44.2567,-12.9307],[-44.2794,-12.958],[-44.2666,-12.965],[-44.2639,-12.97],[-44.2564,-12.9809],[-44.2651,-12.9943],[-44.2791,-12.9949],[-44.289,-13.0],[-44.2941,-13.0116],[-44.3092,-13.0348],[-44.3296,-13.048],[-44.3378,-13.0653],[-44.3501,-13.1128],[-44.3844,-13.0936],[-44.485,-13.0369],[-44.5528,-12.9945],[-44.5773,-12.9804],[-44.5773,-12.9802],[-44.6059,-12.7363],[-44.6067,-12.7294],[-44.6251,-12.5712],[-44.634,-12.5666],[-44.65,-12.5693],[-44.658,-12.5649],[-44.6738,-12.5627],[-44.6757,-12.5571],[-44.69,-12.5482],[-44.6943,-12.5285],[-44.7014,-12.5197],[-44.709,-12.5217],[-44.7141,-12.5189],[-44.7192,-12.5011],[-44.7292,-12.4965],[-44.7288,-12.4883],[-44.7216,-12.482],[-44.7207,-12.4752],[-44.7325,-12.4584],[-44.734,-12.4419],[-44.7416,-12.4364],[-44.7376,-12.4228],[-44.7454,-12.4133],[-44.7385,-12.4091],[-44.7127,-12.393],[-44.7106,-12.3916],[-44.564,-12.2982],[-44.5532,-12.2948],[-44.5476,-12.2917],[-44.5427,-12.287],[-44.5392,-12.2582],[-44.5589,-12.2477],[-44.5636,-12.2266],[-44.5395,-12.2052],[-44.5265,-12.2002],[-44.5179,-12.2008],[-44.4986,-12.2207],[-44.5346,-12.303],[-44.5311,-12.3082]]]}},{"type":"Feature","properties":{"nome":"Baixa Grande","cod":"2902609","uf":"BA"},"geometry":{"type":"Polygon","coordinates":[[[-40.0495,-11.8452],[-40.0498,-11.8484],[-40.0417,-11.8477],[-40.0375,-11.8526],[-40.0393,-11.8623],[-40.0473,-11.8718],[-40.0429,-11.8769],[-40.0308,-11.8966],[-40.0232,-11.9094],[-40.0096,-11.9209],[-40.0038,-11.9372],[-39.9973,-11.9367],[-39.9827,-11.9489],[-39.9565,-11.9582],[-39.959,-11.975],[-39.9891,-12.046],[-39.9893,-12.0465],[-40.0315,-12.1448],[-40.0314,-12.126],[-40.0343,-12.1233],[-40.0285,-12.1108],[-40.045,-12.1097],[-40.1192,-12.1046],[-40.2152,-12.0976],[-40.2153,-12.0975],[-40.2156,-12.0974],[-40.2198,-12.0944],[-40.2221,-12.0976],[-40.2329,-12.0868],[-40.2275,-12.0795],[-40.2295,-12.0746],[-40.2336,-12.0734],[-40.2368,-12.077],[-40.2443,-12.0708],[-40.25,-12.0599],[-40.2558,-12.0615],[-40.256,-12.0615],[-40.2658,-12.0609],[-40.2669,-12.0529],[-40.2737,-12.0532],[-40.2751,-12.0418],[-40.2853,-12.0272],[-40.2909,-12.0258],[-40.2957,-12.0181],[-40.3038,-12.0148],[-40.308,-12.0078],[-40.3276,-11.9932],[-40.332,-11.9822],[-40.3305,-11.9785],[-40.3127,-11.9561],[-40.274,-11.9076],[-40.2889,-11.9026],[-40.2944,-11.8934],[-40.3006,-11.8907],[-40.3113,-11.8905],[-40.3276,-11.8848],[-40.334,-11.8777],[-40.3344,-11.8706],[-40.3527,-11.8545],[-40.3512,-11.8346],[-40.3512,-11.8338],[-40.3509,-11.8335],[-40.3197,-11.8023],[-40.1776,-11.8391],[-40.1775,-11.8391],[-40.0495,-11.8452]]]}},{"type":"Feature","properties":{"nome":"Banzaê","cod":"2902658","uf":"BA"},"geometry":{"type":"Polygon","coordinates":[[[-38.5681,-10.5501],[-38.5655,-10.5541],[-38.556,-10.5517],[-38.5476,-10.5612],[-38.5529,-10.568],[-38.554,-10.5844],[-38.5609,-10.598],[-38.5575,-10.6128],[-38.5646,-10.6278],[-38.5662,-10.6497],[-38.582,-10.6851],[-38.5863,-10.6815],[-38.5896,-10.6786],[-38.6043,-10.6853],[-38.6522,-10.7073],[-38.6526,-10.7065],[-38.656,-10.7034],[-38.6534,-10.6886],[-38.6627,-10.6796],[-38.6695,-10.6657],[-38.6912,-10.6544],[-38.7025,-10.6411],[-38.7047,-10.6249],[-38.7056,-10.6186],[-38.7191,-10.6085],[-38.7358,-10.6051],[-38.7373,-10.6013],[-38.7372,-10.6012],[-38.689,-10.5828],[-38.6643,-10.5734],[-38.6044,-10.5505],[-38.5774,-10.5402],[-38.5713,-10.5449],[-38.5681,-10.5501]]]}},{"type":"Feature","properties":{"nome":"Barra","cod":"2902708","uf":"BA"},"geometry":{"type":"Polygon","coordinates":[[[-42.7502,-10.7868],[-42.7589,-10.7948],[-42.8028,-10.7936],[-42.8204,-10.8008],[-42.846,-10.806],[-42.8821,-10.8321],[-42.8986,-10.8413],[-42.9259,-10.847],[-42.9501,-10.8615],[-42.9791,-10.901],[-42.9899,-10.9127],[-42.995,-10.9367],[-43.0005,-10.9464],[-43.0369,-10.9658],[-43.0419,-10.9714],[-43.0453,-10.9984],[-43.0468,-11.0023],[-43.0553,-11.0095],[-43.0816,-11.0161],[-43.0944,-11.0263],[-43.0992,-11.0382],[-43.0973,-11.0515],[-43.101,-11.0633],[-43.1216,-11.0771],[-43.1288,-11.0916],[-43.1418,-11.1141],[-43.1448,-11.1271],[-43.1448,-11.1515],[-43.1839,-11.1959],[-43.1987,-11.2462],[-43.1961,-11.2575],[-43.1847,-11.2738],[-43.1858,-11.2868],[-43.1722,-11.3177],[-43.1868,-11.333],[-43.2044,-11.3422],[-43.211,-11.3527],[-43.2354,-11.4006],[-43.2327,-11.4158],[-43.2335,-11.4257],[-43.2426,-11.4339],[-43.2644,-11.4795],[-43.2652,-11.4933],[-43.2798,-11.5151],[-43.2857,-11.5456],[-43.2881,-11.5504],[-43.2954,-11.5763],[-43.3046,-11.5814],[-43.3337,-11.5796],[-43.3449,-11.5824],[-43.3614,-11.5979],[-43.3724,-11.6193],[-43.385,-11.6723],[-43.3816,-11.6897],[-43.3757,-11.6976],[-43.3629,-11.7192],[-43.3546,-11.7244],[-43.3468,-11.7375],[-43.3507,-11.7785],[-43.3722,-11.7812],[-43.3736,-11.7863],[-43.3896,-11.7845],[-43.3925,-11.7876],[-43.4091,-11.7828],[-43.4214,-11.7972],[-43.4276,-11.7965],[-43.432,-11.8016],[-43.4414,-11.7951],[-43.4461,-11.8008],[-43.4653,-11.808],[-43.4713,-11.804],[-43.4919,-11.8048],[-43.4966,-11.8018],[-43.5084,-11.8054],[-43.5126,-11.7997],[-43.5192,-11.7987],[-43.5181,-11.8086],[-43.5247,-11.8078],[-43.5281,-11.8023],[-43.5386,-11.8081],[-43.5793,-11.8181],[-43.5981,-11.8114],[-43.6034,-11.8029],[-43.6105,-11.8038],[-43.6136,-11.7822],[-43.6296,-11.7687],[-43.628,-11.7619],[-43.6323,-11.757],[-43.6366,-11.7578],[-43.637,-11.7441],[-43.6446,-11.7351],[-43.6484,-11.7372],[-43.6561,-11.7321],[-43.6984,-11.7513],[-43.7064,-11.729],[-43.7365,-11.6797],[-43.7491,-11.6398],[-43.7706,-11.5857],[-43.7751,-11.5671],[-43.7748,-11.5511],[-43.7871,-11.5112],[-43.795,-11.4652],[-43.8054,-11.4437],[-43.8154,-11.4029],[-43.8132,-11.3935],[-43.819,-11.3837],[-43.8257,-11.3577],[-43.8316,-11.3504],[-43.832,-11.3495],[-43.8344,-11.3328],[-43.8507,-11.3041],[-43.8698,-11.2524],[-43.8707,-11.2405],[-43.8787,-11.2298],[-43.8793,-11.2155],[-43.9025,-11.1586],[-43.9084,-11.1391],[-43.9085,-11.1235],[-43.9151,-11.1047],[-43.921,-11.0978],[-43.9219,-11.0873],[-43.927,-11.0799],[-43.965,-11.0442],[-43.9848,-11.0127],[-44.0035,-10.9915],[-44.024,-10.9512],[-44.015,-10.9397],[-44.0075,-10.9365],[-43.9936,-10.9378],[-43.9868,-10.9266],[-43.9619,-10.9318],[-43.9576,-10.9277],[-43.9482,-10.9215],[-43.9428,-10.9083],[-43.9245,-10.9004],[-43.9222,-10.8771],[-43.9005,-10.8563],[-43.8889,-10.8536],[-43.8724,-10.8586],[-43.8661,-10.8518],[-43.8586,-10.8537],[-43.8551,-10.8485],[-43.8429,-10.8492],[-43.8285,-10.859],[-43.8269,-10.8674],[-43.8098,-10.8811],[-43.8041,-10.8957],[-43.7909,-10.9045],[-43.7858,-10.9075],[-43.7671,-10.904],[-43.7649,-10.8956],[-43.7672,-10.8875],[-43.7522,-10.8867],[-43.742,-10.8778],[-43.7407,-10.8825],[-43.7467,-10.8937],[-43.7374,-10.9001],[-43.7298,-10.9062],[-43.7257,-10.9011],[-43.7101,-10.8996],[-43.7055,-10.8919],[-43.6962,-10.8921],[-43.6625,-10.8732],[-43.5632,-10.8174],[-43.4761,-10.7685],[-43.4756,-10.7682],[-43.3802,-10.7146],[-43.3807,-10.7104],[-43.3812,-10.6803],[-43.3756,-10.6689],[-43.3806,-10.6473],[-43.3721,-10.6134],[-43.3735,-10.5909],[-43.3815,-10.5806],[-43.3773,-10.5713],[-43.3776,-10.5552],[-43.3811,-10.5464],[-43.3778,-10.5375],[-43.3798,-10.5255],[-43.3751,-10.5143],[-43.3737,-10.5082],[-43.3784,-10.4995],[-43.3786,-10.4882],[-43.3759,-10.4474],[-43.3849,-10.4277],[-43.3786,-10.417],[-43.3776,-10.4046],[-43.3837,-10.3973],[-43.3823,-10.3751],[-43.3883,-10.3391],[-43.375,-10.3128],[-43.3732,-10.2746],[-43.3772,-10.2658],[-43.3767,-10.2477],[-43.3835,-10.2416],[-43.3844,-10.2357],[-43.2672,-10.2239],[-43.2097,-10.2581],[-43.1378,-10.3009],[-42.9574,-10.4078],[-42.9505,-10.4119],[-42.7904,-10.5056],[-42.6308,-10.5997],[-42.6534,-10.6194],[-42.683,-10.6604],[-42.7011,-10.6885],[-42.7318,-10.759],[-42.7502,-10.7868]]]}},{"type":"Feature","properties":{"nome":"Barra da Estiva","cod":"2902807","uf":"BA"},"geometry":{"type":"Polygon","coordinates":[[[-41.0073,-13.5843],[-40.9024,-13.673],[-40.9023,-13.6731],[-40.8611,-13.7077],[-40.8121,-13.7473],[-40.8096,-13.7539],[-40.7945,-13.7592],[-40.7843,-13.7794],[-40.7862,-13.7862],[-40.7766,-13.8348],[-40.7937,-13.8342],[-40.849,-13.8496],[-40.86,-13.8496],[-40.8783,-13.843],[-40.8823,-13.8449],[-40.8941,-13.8733],[-40.9065,-13.8861],[-40.9215,-13.891],[-40.9279,-13.8889],[-40.9289,-13.8843],[-40.9359,-13.8799],[-40.947,-13.8795],[-40.9482,-13.8677],[-40.953,-13.8674],[-40.9545,-13.8618],[-40.9492,-13.8607],[-40.9493,-13.8576],[-40.9549,-13.8591],[-40.9628,-13.8529],[-40.9637,-13.8393],[-40.9718,-13.8448],[-40.9725,-13.8386],[-40.9826,-13.8385],[-40.9836,-13.824],[-40.9936,-13.8109],[-40.9884,-13.805],[-40.9951,-13.8023],[-40.9892,-13.799],[-40.9911,-13.791],[-41.0053,-13.791],[-41.0056,-13.7952],[-41.011,-13.7948],[-41.0136,-13.7872],[-41.0345,-13.7803],[-41.0349,-13.7743],[-41.0403,-13.7736],[-41.0382,-13.7691],[-41.0427,-13.7684],[-41.0356,-13.7614],[-41.0331,-13.7582],[-41.0246,-13.7478],[-41.0312,-13.747],[-41.0305,-13.7364],[-41.0245,-13.7342],[-41.031,-13.7242],[-41.0292,-13.7176],[-41.0337,-13.7146],[-41.0261,-13.7127],[-41.0281,-13.7055],[-41.0256,-13.6988],[-41.0316,-13.6885],[-41.0262,-13.6886],[-41.0283,-13.6766],[-41.0178,-13.6718],[-41.023,-13.6661],[-41.0289,-13.6656],[-41.0277,-13.6618],[-41.0324,-13.6613],[-41.0269,-13.6504],[-41.0326,-13.652],[-41.0405,-13.6444],[-41.0396,-13.6329],[-41.0326,-13.6263],[-41.041,-13.6149],[-41.0527,-13.6094],[-41.0719,-13.6132],[-41.0698,-13.6172],[-41.0723,-13.6191],[-41.0766,-13.6191],[-41.0802,-13.6132],[-41.1091,-13.6301],[-41.1224,-13.6392],[-41.1235,-13.6478],[-41.1276,-13.6473],[-41.1289,-13.6523],[-41.1328,-13.6523],[-41.1488,-13.6649],[-41.1565,-13.6768],[-41.1631,-13.6729],[-41.1745,-13.6744],[-41.1789,-13.6711],[-41.1846,-13.6719],[-41.2492,-13.6811],[-41.2818,-13.6858],[-41.2858,-13.6813],[-41.2984,-13.6831],[-41.302,-13.685],[-41.3011,-13.6964],[-41.297,-13.6978],[-41.2939,-13.7086],[-41.3025,-13.7061],[-41.3629,-13.6884],[-41.4121,-13.674],[-41.4122,-13.674],[-41.4181,-13.6692],[-41.4341,-13.667],[-41.444,-13.6616],[-41.456,-13.6295],[-41.4723,-13.6227],[-41.4828,-13.5439],[-41.4695,-13.5373],[-41.4764,-13.5201],[-41.4496,-13.5135],[-41.4496,-13.5135],[-41.3551,-13.4897],[-41.3518,-13.4888],[-41.3035,-13.4764],[-41.2601,-13.4653],[-41.26,-13.4652],[-41.2354,-13.4589],[-41.1511,-13.5009],[-41.1226,-13.515],[-41.119,-13.5168],[-41.0385,-13.5568],[-41.0093,-13.5826],[-41.0073,-13.5843]]]}},{"type":"Feature","properties":{"nome":"Barra do Choça","cod":"2902906","uf":"BA"},"geometry":{"type":"Polygon","coordinates":[[[-40.6699,-15.0719],[-40.7028,-15.076],[-40.7014,-15.0703],[-40.6975,-15.069],[-40.7009,-15.0648],[-40.7115,-15.0457],[-40.711,-15.0371],[-40.701,-15.0272],[-40.7012,-15.0221],[-40.7055,-15.0142],[-40.7108,-15.0134],[-40.6875,-14.9081],[-40.6825,-14.8858],[-40.6804,-14.8762],[-40.6789,-14.869],[-40.6789,-14.8689],[-40.6699,-14.8277],[-40.6697,-14.8275],[-40.6434,-14.7961],[-40.5719,-14.7112],[-40.5278,-14.7535],[-40.4988,-14.803],[-40.4755,-14.8446],[-40.4742,-14.8469],[-40.4564,-14.8787],[-40.4374,-14.9123],[-40.4504,-14.9272],[-40.458,-14.9359],[-40.4668,-14.946],[-40.493,-14.9761],[-40.4934,-14.9766],[-40.5432,-15.0339],[-40.5643,-15.059],[-40.5948,-15.0627],[-40.6699,-15.0719]]]}},{"type":"Feature","properties":{"nome":"Barra do Mendes","cod":"2903003","uf":"BA"},"geometry":{"type":"Polygon","coordinates":[[[-42.0052,-11.9852],[-41.9795,-12.0164],[-41.9768,-12.0359],[-41.9733,-12.0409],[-41.9731,-12.0414],[-41.9635,-12.0556],[-41.9826,-12.0444],[-41.9758,-12.0565],[-41.9788,-12.069],[-41.9745,-12.073],[-41.9764,-12.0767],[-41.9716,-12.0819],[-41.9699,-12.0917],[-41.9698,-12.0924],[-41.9764,-12.1053],[-41.9748,-12.1217],[-41.983,-12.1252],[-41.979,-12.1322],[-41.9708,-12.1352],[-41.976,-12.1515],[-41.966,-12.1776],[-41.9716,-12.2029],[-41.9665,-12.2204],[-41.9868,-12.2249],[-41.9895,-12.2315],[-41.9787,-12.2545],[-41.9693,-12.2615],[-41.9673,-12.2691],[-42.0106,-12.2453],[-42.0289,-12.2345],[-42.041,-12.2244],[-42.0555,-12.2209],[-42.0599,-12.2402],[-42.0822,-12.3066],[-42.0892,-12.3277],[-42.0926,-12.3226],[-42.1094,-12.3157],[-42.1099,-12.3087],[-42.1147,-12.3059],[-42.1204,-12.2908],[-42.1246,-12.2875],[-42.1238,-12.2824],[-42.1232,-12.2689],[-42.1351,-12.271],[-42.1644,-12.2378],[-42.0776,-12.2463],[-42.1374,-12.1701],[-42.1682,-12.1314],[-42.2173,-12.0697],[-42.246,-12.0464],[-42.2354,-12.0216],[-42.2417,-12.0013],[-42.2331,-11.9924],[-42.2347,-11.9832],[-42.2311,-11.9747],[-42.2356,-11.9591],[-42.2442,-11.9495],[-42.1746,-12.0041],[-42.1723,-12.0024],[-42.1807,-11.9905],[-42.1875,-11.9865],[-42.1775,-11.9782],[-42.1805,-11.9586],[-42.1892,-11.952],[-42.1905,-11.9412],[-42.2029,-11.9301],[-42.2005,-11.9224],[-42.1926,-11.9157],[-42.1894,-11.9021],[-42.2791,-11.8031],[-42.3601,-11.7142],[-42.1565,-11.7387],[-42.136,-11.7411],[-42.0618,-11.75],[-42.0402,-11.7526],[-42.0104,-11.7561],[-41.966,-11.7614],[-42.0375,-11.813],[-42.0381,-11.8134],[-42.0488,-11.8191],[-42.0432,-11.8255],[-42.0421,-11.8338],[-42.0275,-11.8522],[-42.0258,-11.8908],[-42.0183,-11.8985],[-42.0075,-11.8991],[-42.0004,-11.9031],[-41.9962,-11.9065],[-41.9968,-11.9221],[-42.0201,-11.9421],[-42.0056,-11.9689],[-42.0052,-11.9852]]]}},{"type":"Feature","properties":{"nome":"Barra do Rocha","cod":"2903102","uf":"BA"},"geometry":{"type":"Polygon","coordinates":[[[-39.5958,-13.8803],[-39.5734,-13.8892],[-39.5654,-13.8813],[-39.56,-13.8933],[-39.5563,-13.894],[-39.5603,-13.9084],[-39.5701,-13.924],[-39.5708,-13.986],[-39.5708,-13.9867],[-39.5712,-14.0129],[-39.5727,-14.0835],[-39.5729,-14.0922],[-39.573,-14.0987],[-39.5738,-14.1403],[-39.5752,-14.2057],[-39.5754,-14.2159],[-39.5957,-14.2097],[-39.6012,-14.2124],[-39.6053,-14.2167],[-39.6096,-14.2184],[-39.6226,-14.2079],[-39.6366,-14.2044],[-39.6467,-14.2065],[-39.6515,-14.2178],[-39.6656,-14.2145],[-39.6678,-14.2082],[-39.6585,-14.1959],[-39.6642,-14.1835],[-39.6641,-14.1826],[-39.6623,-14.1801],[-39.6621,-14.174],[-39.6682,-14.1684],[-39.664,-14.1527],[-39.652,-14.13],[-39.6558,-14.1149],[-39.6544,-14.1013],[-39.6482,-14.0936],[-39.6141,-14.1171],[-39.6076,-14.1114],[-39.61,-14.1004],[-39.6025,-14.1004],[-39.6021,-14.0954],[-39.5974,-14.0929],[-39.6001,-14.087],[-39.5964,-14.0789],[-39.6086,-14.0561],[-39.6057,-14.047],[-39.5896,-14.0361],[-39.5844,-14.0271],[-39.5912,-14.0189],[-39.5863,-14.0117],[-39.591,-14.0067],[-39.5977,-14.0085],[-39.6103,-14.0035],[-39.6184,-13.986],[-39.6175,-13.9792],[-39.629,-13.9639],[-39.6223,-13.9634],[-39.6188,-13.9687],[-39.6127,-13.9703],[-39.6093,-13.9688],[-39.6125,-13.9633],[-39.6075,-13.9527],[-39.6003,-13.9451],[-39.5963,-13.9449],[-39.5961,-13.9182],[-39.5958,-13.8803]]]}},{"type":"Feature","properties":{"nome":"Barreiras","cod":"2903201","uf":"BA"},"geometry":{"type":"Polygon","coordinates":[[[-46.2559,-11.6207],[-46.2213,-11.6443],[-46.1874,-11.6551],[-46.1722,-11.652],[-46.1536,-11.6566],[-46.1406,-11.6482],[-46.1314,-11.646],[-46.0866,-11.6422],[-46.0828,-11.6357],[-46.0871,-11.6245],[-46.0783,-11.6243],[-46.0666,-11.6187],[-45.9632,-11.6271],[-45.9455,-11.6359],[-45.9229,-11.6348],[-45.8839,-11.6488],[-45.8598,-11.6457],[-45.8461,-11.6519],[-45.8316,-11.6661],[-45.8224,-11.6877],[-45.7791,-11.7018],[-45.737,-11.7268],[-45.7202,-11.7359],[-45.7002,-11.7361],[-45.6867,-11.7479],[-45.6746,-11.7533],[-45.6684,-11.7706],[-45.6632,-11.7759],[-45.6445,-11.7753],[-45.6403,-11.7781],[-45.6373,-11.7899],[-45.6315,-11.7882],[-45.6306,-11.7907],[-45.6187,-11.7846],[-45.6099,-11.7865],[-45.6081,-11.7886],[-45.5835,-11.7881],[-45.5539,-11.778],[-45.5373,-11.7789],[-45.5193,-11.7704],[-45.4864,-11.767],[-45.4722,-11.7675],[-45.4503,-11.7785],[-45.4336,-11.7805],[-45.4093,-11.7782],[-45.381,-11.7626],[-45.3761,-11.7514],[-45.3706,-11.7492],[-45.3695,-11.7513],[-45.3626,-11.7453],[-45.3608,-11.7479],[-45.352,-11.7387],[-45.3461,-11.7424],[-45.3421,-11.7354],[-45.3226,-11.7318],[-45.3201,-11.7356],[-45.3113,-11.7347],[-45.3007,-11.7423],[-45.2893,-11.74],[-45.2862,-11.745],[-45.2795,-11.7414],[-45.275,-11.7471],[-45.2678,-11.7485],[-45.268,-11.7568],[-45.2729,-11.7582],[-45.2553,-11.7657],[-45.2524,-11.7671],[-45.2543,-11.773],[-45.2435,-11.768],[-45.2394,-11.7748],[-45.2361,-11.7711],[-45.2289,-11.7753],[-45.226,-11.7736],[-45.2229,-11.7955],[-45.2194,-11.7912],[-45.2161,-11.7939],[-45.208,-11.793],[-45.2072,-11.8026],[-45.1941,-11.8024],[-45.19,-11.8078],[-45.1911,-11.8173],[-45.1831,-11.8134],[-45.1782,-11.8148],[-45.174,-11.8262],[-45.1687,-11.8271],[-45.1666,-11.8335],[-45.1688,-11.8424],[-45.1642,-11.8533],[-45.1558,-11.8504],[-45.1464,-11.855],[-45.1403,-11.8498],[-45.1235,-11.8555],[-45.1098,-11.8547],[-45.1074,-11.8586],[-45.1003,-11.8537],[-45.0983,-11.8579],[-45.0942,-11.8552],[-45.0868,-11.8661],[-45.0762,-11.8662],[-45.0711,-11.8712],[-45.0633,-11.8772],[-45.0542,-11.8801],[-45.049,-11.893],[-45.0418,-11.8965],[-45.0434,-11.9006],[-45.0361,-11.9008],[-45.0332,-11.9052],[-45.0284,-11.9017],[-45.0223,-11.9049],[-45.0184,-11.9182],[-45.0216,-11.9211],[-45.0134,-11.9236],[-45.0141,-11.929],[-45.0075,-11.9325],[-45.0026,-11.9406],[-45.0028,-11.9475],[-44.991,-11.9581],[-44.9936,-11.9632],[-44.9816,-11.9749],[-44.9815,-11.981],[-44.9695,-11.9844],[-44.9671,-11.9936],[-44.9661,-12.0008],[-44.9581,-12.0035],[-44.953,-12.0004],[-44.9471,-12.0019],[-44.9407,-12.0089],[-44.9387,-12.0066],[-44.941,-12.0047],[-44.9365,-12.0057],[-44.9355,-12.0018],[-44.9331,-12.0074],[-44.9294,-12.0065],[-44.9278,-12.012],[-44.9326,-12.0128],[-44.9275,-12.0209],[-44.9353,-12.0301],[-44.9267,-12.0357],[-44.9172,-12.0334],[-44.8992,-12.0401],[-44.8957,-12.0467],[-44.8823,-12.0503],[-44.877,-12.0592],[-44.8707,-12.0617],[-44.8709,-12.0683],[-44.864,-12.0745],[-44.8624,-12.0833],[-44.8521,-12.0904],[-44.8133,-12.0917],[-44.7936,-12.0844],[-44.7846,-12.1052],[-44.7736,-12.1162],[-44.7553,-12.1223],[-44.7456,-12.12],[-44.7403,-12.1119],[-44.7299,-12.1179],[-44.7234,-12.1178],[-44.7124,-12.13],[-44.7101,-12.1405],[-44.6735,-12.1442],[-44.6367,-12.1479],[-44.5786,-12.1537],[-44.6056,-12.1693],[-44.6192,-12.1728],[-44.6302,-12.1712],[-44.6417,-12.1673],[-44.6534,-12.1682],[-44.6768,-12.1782],[-44.7074,-12.2072],[-44.7374,-12.2249],[-44.7524,-12.2279],[-44.7886,-12.2204],[-44.8159,-12.234],[-44.8276,-12.2468],[-44.842,-12.2554],[-44.8519,-12.26],[-44.8674,-12.261],[-44.8696,-12.262],[-44.9267,-12.2902],[-45.0187,-12.3188],[-45.0222,-12.3197],[-45.0311,-12.322],[-45.0422,-12.3168],[-45.0551,-12.3193],[-45.0707,-12.3326],[-45.0853,-12.3323],[-45.0961,-12.3367],[-45.1163,-12.3238],[-45.1361,-12.3222],[-45.1559,-12.3431],[-45.1675,-12.3686],[-45.1737,-12.3746],[-45.1897,-12.3811],[-45.2111,-12.4038],[-45.2162,-12.4191],[-45.2333,-12.4287],[-45.2448,-12.422],[-45.279,-12.4253],[-45.292,-12.4166],[-45.3314,-12.4017],[-45.349,-12.403],[-45.351,-12.3859],[-45.3705,-12.3883],[-45.3751,-12.3807],[-45.3822,-12.378],[-45.3913,-12.38],[-45.4051,-12.3687],[-45.4249,-12.3732],[-45.4459,-12.3666],[-45.4512,-12.3687],[-45.4598,-12.3824],[-45.4674,-12.3807],[-45.4769,-12.3737],[-45.4999,-12.371],[-45.5109,-12.3656],[-45.522,-12.3781],[-45.5359,-12.3856],[-45.5587,-12.3868],[-45.5762,-12.3845],[-45.5957,-12.4012],[-45.6127,-12.3836],[-45.6381,-12.3934],[-45.6684,-12.3882],[-45.6772,-12.3912],[-45.6811,-12.3984],[-45.6874,-12.3956],[-45.7067,-12.3984],[-45.7267,-12.4118],[-45.7646,-12.4159],[-45.7446,-12.3244],[-45.7022,-12.1152],[-45.6945,-12.0777],[-45.6616,-11.9155],[-45.6614,-11.9146],[-45.6774,-11.909],[-45.6833,-11.9001],[-45.699,-11.901],[-45.7268,-11.8815],[-45.7448,-11.8767],[-45.7505,-11.8721],[-45.7533,-11.8757],[-45.7593,-11.8747],[-45.7623,-11.8696],[-45.7695,-11.8704],[-45.7773,-11.8664],[-45.7786,-11.8704],[-45.7855,-11.8711],[-45.7938,-11.8669],[-45.8059,-11.8778],[-45.8123,-11.8783],[-45.8155,-11.8848],[-45.8235,-11.8863],[-45.8314,-11.8784],[-45.835,-11.8802],[-45.8422,-11.8765],[-45.8489,-11.8795],[-45.8564,-11.8752],[-45.8641,-11.8777],[-45.8742,-11.8745],[-45.8917,-11.88],[-45.9015,-11.876],[-45.926,-11.8744],[-45.9447,-11.8628],[-45.9473,-11.8647],[-45.9905,-11.9161],[-46.0849,-11.982],[-46.1131,-12.0027],[-46.1441,-12.0136],[-46.1503,-12.025],[-46.1492,-12.0306],[-46.3814,-12.0525],[-46.3974,-12.0399],[-46.395,-12.0259],[-46.3732,-12.015],[-46.3731,-12.0039],[-46.3558,-11.981],[-46.3426,-11.975],[-46.3253,-11.9581],[-46.2951,-11.9488],[-46.2475,-11.9471],[-46.2101,-11.93],[-46.1921,-11.9291],[-46.1747,-11.9096],[-46.1719,-11.8975],[-46.1807,-11.885],[-46.1933,-11.8841],[-46.213,-11.8982],[-46.2377,-11.9022],[-46.256,-11.8982],[-46.2846,-11.8855],[-46.3176,-11.8981],[-46.3263,-11.8963],[-46.3509,-11.8821],[-46.3651,-11.884],[-46.3742,-11.8682],[-46.3709,-11.854],[-46.373,-11.8362],[-46.3681,-11.8343],[-46.355,-11.8418],[-46.3471,-11.8355],[-46.3505,-11.8218],[-46.3375,-11.816],[-46.3312,-11.8025],[-46.3351,-11.7864],[-46.3243,-11.7776],[-46.3223,-11.7703],[-46.3387,-11.7661],[-46.3469,-11.7534],[-46.3565,-11.7588],[-46.3705,-11.7599],[-46.3731,-11.7507],[-46.3657,-11.7453],[-46.3289,-11.7369],[-46.3086,-11.7036],[-46.2971,-11.6978],[-46.2936,-11.6923],[-46.2945,-11.6783],[-46.3011,-11.6612],[-46.3147,-11.6442],[-46.3161,-11.6368],[-46.3111,-11.6268],[-46.3042,-11.6249],[-46.2911,-11.6283],[-46.2769,-11.6229],[-46.2654,-11.6239],[-46.2559,-11.6207]]]}},{"type":"Feature","properties":{"nome":"Barro Alto","cod":"2903235","uf":"BA"},"geometry":{"type":"Polygon","coordinates":[[[-41.8613,-11.7096],[-41.8209,-11.7484],[-41.7832,-11.802],[-41.7638,-11.8503],[-41.7634,-11.8511],[-41.7565,-11.8683],[-41.7508,-11.8792],[-41.6979,-11.8942],[-41.6905,-11.9109],[-41.6759,-11.9437],[-41.6664,-11.9628],[-41.6894,-11.9803],[-41.6923,-11.9825],[-41.7528,-11.9531],[-41.7531,-11.9529],[-41.7902,-11.9346],[-41.8092,-11.9253],[-41.8392,-11.9105],[-41.8831,-11.8889],[-41.8989,-11.881],[-41.9605,-11.8506],[-42.0381,-11.8134],[-41.9932,-11.7969],[-41.9876,-11.8021],[-41.9839,-11.7948],[-41.9626,-11.803],[-41.9574,-11.8051],[-41.955,-11.8007],[-41.9437,-11.8063],[-41.943,-11.7933],[-41.9362,-11.7944],[-41.9377,-11.788],[-41.933,-11.7845],[-41.9327,-11.7793],[-41.9281,-11.7798],[-41.9202,-11.7741],[-41.9144,-11.7659],[-41.9169,-11.7637],[-41.9169,-11.7624],[-41.9065,-11.7552],[-41.9031,-11.7563],[-41.8988,-11.7564],[-41.8938,-11.7555],[-41.8944,-11.7495],[-41.8894,-11.748],[-41.891,-11.743],[-41.8864,-11.7452],[-41.885,-11.7382],[-41.879,-11.7323],[-41.8755,-11.7351],[-41.8724,-11.7306],[-41.8738,-11.7249],[-41.8693,-11.7179],[-41.8711,-11.7137],[-41.8647,-11.7142],[-41.8671,-11.7104],[-41.8613,-11.7096]]]}},{"type":"Feature","properties":{"nome":"Barrocas","cod":"2903276","uf":"BA"},"geometry":{"type":"Polygon","coordinates":[[[-39.068,-11.6089],[-39.0727,-11.6154],[-39.0944,-11.6177],[-39.1,-11.6135],[-39.1134,-11.6162],[-39.1167,-11.6189],[-39.1177,-11.6229],[-39.1346,-11.6293],[-39.1506,-11.6286],[-39.1583,-11.6327],[-39.1611,-11.6228],[-39.1546,-11.6153],[-39.1534,-11.6062],[-39.1507,-11.5996],[-39.152,-11.584],[-39.147,-11.5751],[-39.1454,-11.5732],[-39.1506,-11.5527],[-39.148,-11.5442],[-39.1468,-11.5417],[-39.1513,-11.5396],[-39.1584,-11.5365],[-39.1582,-11.5318],[-39.1409,-11.4939],[-39.14,-11.4925],[-39.1151,-11.4654],[-39.0593,-11.4048],[-39.0535,-11.3984],[-39.0543,-11.3997],[-39.068,-11.4205],[-39.049,-11.4436],[-39.0588,-11.4815],[-39.0652,-11.4877],[-39.0504,-11.5062],[-39.0499,-11.5069],[-39.0464,-11.5113],[-39.0495,-11.5223],[-39.0284,-11.5525],[-39.0442,-11.5749],[-39.0556,-11.5912],[-39.068,-11.6089]]]}},{"type":"Feature","properties":{"nome":"Barro Preto","cod":"2903300","uf":"BA"},"geometry":{"type":"Polygon","coordinates":[[[-39.3594,-14.7147],[-39.3491,-14.7176],[-39.3429,-14.7238],[-39.3463,-14.7248],[-39.3515,-14.7282],[-39.353,-14.7376],[-39.3554,-14.7584],[-39.3633,-14.7735],[-39.3787,-14.7824],[-39.3984,-14.8018],[-39.4021,-14.8007],[-39.4028,-14.8052],[-39.4079,-14.8071],[-39.4143,-14.7997],[-39.4204,-14.8005],[-39.4327,-14.8106],[-39.4443,-14.8134],[-39.4587,-14.8094],[-39.4596,-14.8004],[-39.4678,-14.807],[-39.4711,-14.8105],[-39.4793,-14.8098],[-39.4837,-14.8103],[-39.4974,-14.7713],[-39.5102,-14.7331],[-39.4876,-14.7462],[-39.4766,-14.7518],[-39.4605,-14.7602],[-39.4579,-14.7653],[-39.4491,-14.7654],[-39.4521,-14.756],[-39.4338,-14.7406],[-39.43,-14.7161],[-39.4222,-14.7131],[-39.413,-14.7185],[-39.4126,-14.7186],[-39.405,-14.7101],[-39.3946,-14.7128],[-39.3893,-14.7105],[-39.3855,-14.7181],[-39.3788,-14.7028],[-39.3722,-14.6979],[-39.3724,-14.6913],[-39.3686,-14.6884],[-39.3664,-14.6947],[-39.3594,-14.7147]]]}},{"type":"Feature","properties":{"nome":"Belmonte","cod":"2903409","uf":"BA"},"geometry":{"type":"Polygon","coordinates":[[[-39.5611,-15.8018],[-39.5483,-15.8067],[-39.5226,-15.8036],[-39.4999,-15.8186],[-39.4918,-15.8182],[-39.485,-15.8288],[-39.4852,-15.8379],[-39.4615,-15.8329],[-39.4632,-15.8241],[-39.4549,-15.812],[-39.4448,-15.809],[-39.4459,-15.7995],[-39.4385,-15.7927],[-39.432,-15.7929],[-39.4267,-15.8023],[-39.3993,-15.7935],[-39.3964,-15.7988],[-39.3909,-15.7994],[-39.3923,-15.8121],[-39.3865,-15.823],[-39.3715,-15.8221],[-39.3683,-15.8251],[-39.3679,-15.8255],[-39.3566,-15.8502],[-39.3464,-15.8499],[-39.3388,-15.8455],[-39.3356,-15.8484],[-39.3175,-15.845],[-39.3018,-15.8464],[-39.2941,-15.8391],[-39.2902,-15.8448],[-39.2875,-15.8436],[-39.2851,-15.8304],[-39.2777,-15.827],[-39.2704,-15.8428],[-39.2699,-15.8233],[-39.2636,-15.8161],[-39.2485,-15.8205],[-39.2513,-15.8108],[-39.2381,-15.7974],[-39.2239,-15.8022],[-39.2143,-15.797],[-39.2168,-15.7912],[-39.2136,-15.7892],[-39.2019,-15.7999],[-39.1832,-15.8013],[-39.1575,-15.7878],[-39.1546,-15.7934],[-39.1408,-15.7982],[-39.1406,-15.7983],[-39.1225,-15.798],[-39.1178,-15.7932],[-39.1188,-15.7851],[-39.1083,-15.7901],[-39.1042,-15.7837],[-39.1027,-15.7835],[-38.998,-15.774],[-38.8997,-15.7646],[-38.8947,-15.7682],[-38.8692,-15.8232],[-38.8607,-15.8322],[-38.8608,-15.8362],[-38.8665,-15.8402],[-38.8652,-15.8509],[-38.8568,-15.8539],[-38.8563,-15.86],[-38.8638,-15.8684],[-38.8691,-15.8819],[-38.8869,-15.9172],[-38.916,-16.0049],[-38.9371,-16.0542],[-38.9453,-16.0827],[-38.9485,-16.0917],[-38.9532,-16.0909],[-39.1558,-16.0571],[-39.1877,-16.0518],[-39.1777,-16.0625],[-39.1785,-16.0686],[-39.2306,-16.0812],[-39.2561,-16.1022],[-39.2658,-16.1063],[-39.2748,-16.1072],[-39.2751,-16.1072],[-39.2871,-16.1073],[-39.3481,-16.1206],[-39.3733,-16.1049],[-39.4018,-16.097],[-39.4326,-16.088],[-39.4483,-16.0881],[-39.4573,-16.0793],[-39.4651,-16.0639],[-39.4709,-16.0627],[-39.4793,-16.0508],[-39.4975,-16.0585],[-39.4989,-16.0512],[-39.4867,-16.051],[-39.4888,-16.044],[-39.4853,-16.0361],[-39.4885,-16.0181],[-39.4841,-16.009],[-39.4758,-16.0],[-39.4631,-15.9983],[-39.4636,-15.9915],[-39.4783,-15.9843],[-39.4773,-15.9791],[-39.4718,-15.9766],[-39.4742,-15.9711],[-39.4687,-15.9666],[-39.4645,-15.9477],[-39.4741,-15.9295],[-39.4706,-15.9256],[-39.4731,-15.921],[-39.4797,-15.9203],[-39.4871,-15.9048],[-39.4947,-15.8999],[-39.4926,-15.8824],[-39.4956,-15.8755],[-39.5069,-15.8672],[-39.5125,-15.8549],[-39.5188,-15.8552],[-39.5275,-15.8414],[-39.5448,-15.827],[-39.5511,-15.817],[-39.5691,-15.8065],[-39.573,-15.7979],[-39.5723,-15.7894],[-39.5611,-15.8018]]]}},{"type":"Feature","properties":{"nome":"Belo Campo","cod":"2903508","uf":"BA"},"geometry":{"type":"Polygon","coordinates":[[[-41.2089,-14.7172],[-41.2065,-14.7209],[-41.2,-14.7181],[-41.1928,-14.724],[-41.2018,-14.7288],[-41.2003,-14.7349],[-41.1933,-14.7327],[-41.1917,-14.736],[-41.1762,-14.7369],[-41.1818,-14.7487],[-41.1741,-14.7451],[-41.1662,-14.7495],[-41.164,-14.7553],[-41.1688,-14.7587],[-41.1652,-14.7613],[-41.1652,-14.7699],[-41.1601,-14.7713],[-41.166,-14.7857],[-41.1613,-14.789],[-41.1626,-14.7941],[-41.1667,-14.7918],[-41.1654,-14.8013],[-41.1695,-14.8046],[-41.1641,-14.8138],[-41.1689,-14.8175],[-41.1629,-14.8259],[-41.1752,-14.8348],[-41.1771,-14.8454],[-41.1762,-14.848],[-41.1614,-14.9276],[-41.1486,-14.9961],[-41.1485,-14.9969],[-41.1485,-15.0134],[-41.1401,-15.0291],[-41.1238,-15.0397],[-41.1056,-15.0444],[-41.0877,-15.0551],[-41.087,-15.0558],[-41.0878,-15.0751],[-41.0962,-15.0937],[-41.0948,-15.0994],[-41.0948,-15.0994],[-41.094,-15.1007],[-41.2313,-15.1687],[-41.2734,-15.1882],[-41.3384,-15.1477],[-41.361,-15.1336],[-41.3505,-15.1259],[-41.3482,-15.1195],[-41.3382,-15.1198],[-41.3263,-15.1205],[-41.3219,-15.1329],[-41.3151,-15.1358],[-41.2988,-15.122],[-41.2892,-15.1213],[-41.281,-15.1163],[-41.2744,-15.0918],[-41.2783,-15.0849],[-41.2945,-15.0799],[-41.2887,-15.0706],[-41.2884,-15.0538],[-41.2976,-15.0422],[-41.301,-15.0307],[-41.2836,-15.0322],[-41.272,-15.0277],[-41.2644,-15.0306],[-41.2516,-15.0208],[-41.2385,-15.02],[-41.2241,-15.0266],[-41.219,-15.0244],[-41.2173,-15.0113],[-41.221,-14.9766],[-41.2242,-14.9659],[-41.2328,-14.963],[-41.2381,-14.9554],[-41.2367,-14.9399],[-41.2442,-14.9431],[-41.2449,-14.937],[-41.2393,-14.9316],[-41.2536,-14.9241],[-41.2573,-14.9174],[-41.2635,-14.9122],[-41.2616,-14.9053],[-41.2646,-14.9038],[-41.2618,-14.8933],[-41.2544,-14.8891],[-41.2682,-14.8785],[-41.265,-14.8745],[-41.2695,-14.8692],[-41.2667,-14.8606],[-41.2728,-14.8552],[-41.2584,-14.8314],[-41.2629,-14.8089],[-41.2629,-14.8089],[-41.2694,-14.7981],[-41.272,-14.7914],[-41.2659,-14.7882],[-41.2645,-14.7787],[-41.2682,-14.7722],[-41.275,-14.7696],[-41.2753,-14.765],[-41.2798,-14.764],[-41.2819,-14.7499],[-41.2745,-14.7536],[-41.2598,-14.7463],[-41.2601,-14.7391],[-41.2656,-14.7354],[-41.2596,-14.7286],[-41.2544,-14.7308],[-41.2515,-14.732],[-41.2473,-14.7236],[-41.2422,-14.7223],[-41.2392,-14.7266],[-41.2399,-14.737],[-41.231,-14.7369],[-41.2229,-14.7458],[-41.223,-14.7269],[-41.2184,-14.7217],[-41.2216,-14.7116],[-41.2171,-14.7111],[-41.2089,-14.7172]]]}},{"type":"Feature","properties":{"nome":"Biritinga","cod":"2903607","uf":"BA"},"geometry":{"type":"Polygon","coordinates":[[[-38.694,-11.6813],[-38.6904,-11.6942],[-38.7169,-11.6912],[-38.7386,-11.6956],[-38.7408,-11.6945],[-38.7427,-11.6939],[-38.7528,-11.6941],[-38.7817,-11.7165],[-38.7908,-11.7226],[-38.7913,-11.7321],[-38.7953,-11.7369],[-38.8056,-11.743],[-38.81,-11.7517],[-38.8168,-11.7568],[-38.8219,-11.7693],[-38.8246,-11.7744],[-38.831,-11.7737],[-38.8446,-11.6639],[-38.8502,-11.6213],[-38.8502,-11.6211],[-38.8518,-11.6069],[-38.8519,-11.6064],[-38.8529,-11.5897],[-38.8576,-11.5016],[-38.8576,-11.5015],[-38.8604,-11.4494],[-38.864,-11.3816],[-38.7861,-11.3545],[-38.785,-11.3543],[-38.7635,-11.432],[-38.744,-11.5021],[-38.7249,-11.5706],[-38.7249,-11.5707],[-38.7195,-11.5899],[-38.7016,-11.6541],[-38.694,-11.6813]]]}},{"type":"Feature","properties":{"nome":"Boa Nova","cod":"2903706","uf":"BA"},"geometry":{"type":"Polygon","coordinates":[[[-40.1707,-14.2482],[-40.1608,-14.2544],[-40.1562,-14.2504],[-40.1401,-14.2467],[-40.1303,-14.253],[-40.1321,-14.2425],[-40.1255,-14.238],[-40.1213,-14.2395],[-40.1207,-14.2357],[-40.1148,-14.2287],[-40.1061,-14.2318],[-40.1053,-14.2481],[-40.0988,-14.2662],[-40.0939,-14.2668],[-40.0929,-14.2638],[-40.0883,-14.2587],[-40.0906,-14.2462],[-40.0862,-14.2487],[-40.0669,-14.3237],[-40.05,-14.3891],[-40.05,-14.3892],[-40.0378,-14.4371],[-40.0483,-14.437],[-40.0503,-14.4404],[-40.0513,-14.4422],[-40.0518,-14.443],[-40.0521,-14.449],[-40.0527,-14.459],[-40.0589,-14.4838],[-40.0646,-14.4885],[-40.0807,-14.4867],[-40.0874,-14.5071],[-40.0964,-14.5151],[-40.0962,-14.5207],[-40.1052,-14.5198],[-40.1058,-14.5079],[-40.1207,-14.4948],[-40.1184,-14.4897],[-40.1318,-14.4884],[-40.1333,-14.4916],[-40.1383,-14.4883],[-40.1382,-14.4858],[-40.149,-14.4829],[-40.158,-14.4855],[-40.1658,-14.482],[-40.1664,-14.4784],[-40.1761,-14.4831],[-40.1833,-14.4801],[-40.1917,-14.4615],[-40.2129,-14.4513],[-40.2691,-14.4431],[-40.2913,-14.4399],[-40.3142,-14.4365],[-40.3521,-14.4216],[-40.3847,-14.4087],[-40.3916,-14.4059],[-40.4119,-14.3977],[-40.4562,-14.3796],[-40.5061,-14.3588],[-40.5054,-14.338],[-40.4901,-14.3239],[-40.4882,-14.3176],[-40.4796,-14.3171],[-40.473,-14.3077],[-40.4646,-14.3099],[-40.4608,-14.3051],[-40.4555,-14.3049],[-40.4545,-14.2999],[-40.4465,-14.297],[-40.4459,-14.2966],[-40.4391,-14.2925],[-40.4328,-14.2981],[-40.4232,-14.286],[-40.4063,-14.2807],[-40.3918,-14.2844],[-40.3932,-14.2738],[-40.3851,-14.272],[-40.3911,-14.261],[-40.3848,-14.2636],[-40.376,-14.2607],[-40.3693,-14.2623],[-40.3613,-14.257],[-40.3572,-14.26],[-40.3268,-14.2583],[-40.2847,-14.2562],[-40.2437,-14.2541],[-40.229,-14.2834],[-40.2174,-14.2946],[-40.217,-14.3102],[-40.1989,-14.3277],[-40.1958,-14.3262],[-40.1958,-14.3193],[-40.2023,-14.3094],[-40.2076,-14.3037],[-40.2029,-14.2979],[-40.2024,-14.2891],[-40.207,-14.2849],[-40.2065,-14.2723],[-40.2149,-14.2655],[-40.2127,-14.261],[-40.2088,-14.2569],[-40.2036,-14.2575],[-40.1979,-14.2448],[-40.1924,-14.243],[-40.1879,-14.2349],[-40.1798,-14.2244],[-40.175,-14.2256],[-40.1709,-14.2308],[-40.1707,-14.2482]]]}},{"type":"Feature","properties":{"nome":"Boa Vista do Tupim","cod":"2903805","uf":"BA"},"geometry":{"type":"Polygon","coordinates":[[[-40.685,-12.4457],[-40.5854,-12.4502],[-40.5743,-12.4413],[-40.5699,-12.4445],[-40.5663,-12.4574],[-40.5647,-12.4654],[-40.5593,-12.466],[-40.5504,-12.4678],[-40.526,-12.4889],[-40.5153,-12.4933],[-40.5098,-12.4905],[-40.4936,-12.5014],[-40.485,-12.498],[-40.4797,-12.5042],[-40.473,-12.5017],[-40.4708,-12.5085],[-40.4732,-12.5144],[-40.4136,-12.6555],[-40.3561,-12.7913],[-40.3636,-12.7944],[-40.3713,-12.8017],[-40.3768,-12.8245],[-40.3907,-12.8502],[-40.3905,-12.8549],[-40.382,-12.8555],[-40.3836,-12.8649],[-40.3916,-12.8682],[-40.4023,-12.8813],[-40.421,-12.8879],[-40.4272,-12.9223],[-40.4406,-12.9279],[-40.447,-12.9382],[-40.4642,-12.9516],[-40.4793,-12.9416],[-40.4827,-12.944],[-40.489,-12.9435],[-40.4901,-12.9497],[-40.4963,-12.9527],[-40.5025,-12.9495],[-40.5041,-12.9449],[-40.5074,-12.9453],[-40.5133,-12.9541],[-40.5083,-12.9599],[-40.5085,-12.9663],[-40.5204,-12.9583],[-40.5308,-12.9721],[-40.5329,-12.977],[-40.5302,-12.9824],[-40.5391,-12.9831],[-40.5457,-12.9925],[-40.5541,-12.9928],[-40.5745,-13.0022],[-40.5866,-13.0015],[-40.6002,-13.006],[-40.6054,-12.9974],[-40.6251,-12.9999],[-40.6301,-12.9977],[-40.6571,-13.0013],[-40.6689,-13.0084],[-40.6827,-13.0229],[-40.6999,-13.0227],[-40.7046,-13.0158],[-40.717,-13.0175],[-40.7377,-13.0366],[-40.7458,-13.0374],[-40.7577,-13.0434],[-40.7638,-13.0384],[-40.774,-13.037],[-40.7856,-13.0415],[-40.7944,-13.0344],[-40.8076,-13.0347],[-40.8112,-13.0315],[-40.8128,-13.0295],[-40.8161,-13.0273],[-40.8365,-13.0138],[-40.8458,-13.012],[-40.8537,-13.0162],[-40.8638,-13.0106],[-40.8673,-13.0038],[-40.879,-13.0001],[-40.8897,-13.003],[-40.8925,-13.011],[-40.9012,-13.0141],[-40.9133,-13.0249],[-40.9167,-13.0419],[-40.9207,-13.0448],[-40.9287,-13.0415],[-40.9295,-13.0307],[-40.9447,-13.0355],[-40.9545,-13.0294],[-40.9531,-13.0252],[-40.9527,-13.0221],[-40.961,-13.0023],[-40.9602,-12.9906],[-40.9601,-12.9885],[-40.9587,-12.9776],[-40.9666,-12.9729],[-40.9693,-12.9629],[-40.9718,-12.9641],[-40.972,-12.9276],[-40.972,-12.9242],[-40.9722,-12.8359],[-40.9723,-12.7897],[-40.9724,-12.7672],[-40.8442,-12.7682],[-40.8225,-12.7683],[-40.7072,-12.7692],[-40.7089,-12.6657],[-40.7099,-12.5978],[-40.7113,-12.4805],[-40.7112,-12.4464],[-40.685,-12.4457]]]}},{"type":"Feature","properties":{"nome":"Bom Jesus da Lapa","cod":"2903904","uf":"BA"},"geometry":{"type":"Polygon","coordinates":[[[-43.2499,-12.8753],[-43.2509,-12.8865],[-43.2457,-12.8859],[-43.241,-12.8916],[-43.2282,-12.8945],[-43.2262,-12.8877],[-43.2196,-12.8887],[-43.2146,-12.894],[-43.2144,-12.9056],[-43.2081,-12.9061],[-43.2038,-12.9093],[-43.2026,-12.9178],[-43.1951,-12.9166],[-43.1905,-12.922],[-43.1909,-12.931],[-43.1862,-12.9403],[-43.1762,-12.9482],[-43.1754,-12.9593],[-43.1681,-12.9717],[-43.1657,-12.9753],[-43.1512,-12.9761],[-43.1248,-13.0034],[-43.1278,-13.01],[-43.1195,-13.0244],[-43.1053,-13.0316],[-43.0951,-13.027],[-43.0913,-13.0348],[-43.073,-13.0645],[-43.0638,-13.0694],[-43.058,-13.0672],[-43.054,-13.0692],[-43.0503,-13.0811],[-43.0426,-13.0855],[-43.0325,-13.0903],[-43.023,-13.0919],[-43.0084,-13.0865],[-42.9921,-13.0975],[-42.9848,-13.0989],[-42.9706,-13.0951],[-42.9538,-13.1099],[-42.9448,-13.1269],[-42.9233,-13.1413],[-42.9169,-13.1521],[-42.9124,-13.1579],[-42.9118,-13.1734],[-42.9081,-13.1783],[-42.9195,-13.1798],[-42.9219,-13.1839],[-42.9148,-13.2048],[-42.9204,-13.225],[-42.921,-13.2483],[-42.9142,-13.2657],[-42.9163,-13.2733],[-42.9129,-13.2946],[-42.9053,-13.3144],[-42.9078,-13.3275],[-42.9163,-13.3442],[-42.9115,-13.3565],[-42.9141,-13.3623],[-42.9153,-13.3631],[-42.9765,-13.3507],[-43.0505,-13.3362],[-43.116,-13.3235],[-43.1184,-13.3432],[-43.1264,-13.4083],[-43.1288,-13.4271],[-43.1457,-13.4553],[-43.1465,-13.4567],[-43.1754,-13.5047],[-43.2225,-13.5794],[-43.2412,-13.609],[-43.2947,-13.6667],[-43.3272,-13.7019],[-43.3715,-13.7496],[-43.4714,-13.8575],[-43.4719,-13.8514],[-43.4831,-13.8481],[-43.4802,-13.831],[-43.4901,-13.8269],[-43.5001,-13.8164],[-43.5109,-13.815],[-43.5094,-13.8042],[-43.5168,-13.7926],[-43.5271,-13.7983],[-43.5453,-13.7936],[-43.5385,-13.7734],[-43.5316,-13.7703],[-43.5281,-13.7705],[-43.5244,-13.7606],[-43.5143,-13.7531],[-43.5159,-13.746],[-43.5053,-13.7434],[-43.5044,-13.7372],[-43.499,-13.7344],[-43.4954,-13.7201],[-43.498,-13.7105],[-43.4939,-13.7065],[-43.4925,-13.697],[-43.4886,-13.6956],[-43.4874,-13.6881],[-43.4911,-13.6877],[-43.4839,-13.6784],[-43.487,-13.6714],[-43.482,-13.6619],[-43.4842,-13.658],[-43.4816,-13.6508],[-43.4747,-13.6457],[-43.4759,-13.6418],[-43.4733,-13.6418],[-43.4754,-13.6257],[-43.468,-13.615],[-43.4635,-13.5995],[-43.4583,-13.5966],[-43.4524,-13.5681],[-43.4419,-13.5571],[-43.4437,-13.5501],[-43.4406,-13.5448],[-43.4447,-13.542],[-43.4477,-13.5316],[-43.4428,-13.5032],[-43.438,-13.4945],[-43.4319,-13.4608],[-43.4309,-13.4221],[-43.4386,-13.4023],[-43.4548,-13.377],[-43.4609,-13.3631],[-43.4623,-13.3247],[-43.4352,-13.2616],[-43.4298,-13.2535],[-43.4325,-13.2543],[-43.4908,-13.2604],[-43.5126,-13.2614],[-43.5764,-13.2648],[-43.5803,-13.2651],[-43.6405,-13.2694],[-43.6821,-13.2825],[-43.683,-13.2179],[-43.6829,-13.1693],[-43.675,-13.1698],[-43.6508,-13.1834],[-43.6408,-13.1844],[-43.6335,-13.1842],[-43.6218,-13.1778],[-43.6141,-13.1646],[-43.6101,-13.1517],[-43.5915,-13.1463],[-43.5692,-13.1497],[-43.5649,-13.1459],[-43.5445,-13.1504],[-43.5287,-13.1426],[-43.5185,-13.1283],[-43.4976,-13.1311],[-43.4905,-13.1366],[-43.4643,-13.1321],[-43.4608,-13.0894],[-43.4624,-13.0829],[-43.4638,-13.0785],[-43.4649,-13.071],[-43.4523,-13.039],[-43.4223,-13.0159],[-43.4076,-13.0],[-43.4068,-12.9697],[-43.4005,-12.932],[-43.406,-12.9054],[-43.408,-12.8935],[-43.4041,-12.8822],[-43.3982,-12.8753],[-43.3856,-12.8705],[-43.3827,-12.8704],[-43.3605,-12.8639],[-43.3565,-12.8344],[-43.3423,-12.8097],[-43.2842,-12.8352],[-43.2861,-12.8413],[-43.2776,-12.846],[-43.2751,-12.8521],[-43.2711,-12.8597],[-43.2625,-12.8628],[-43.2627,-12.872],[-43.259,-12.8752],[-43.2499,-12.8753]]]}},{"type":"Feature","properties":{"nome":"Bom Jesus da Serra","cod":"2903953","uf":"BA"},"geometry":{"type":"Polygon","coordinates":[[[-40.3887,-14.4298],[-40.4027,-14.4508],[-40.4072,-14.4511],[-40.4113,-14.4641],[-40.4097,-14.4701],[-40.4229,-14.4661],[-40.4231,-14.4661],[-40.495,-14.4447],[-40.5105,-14.4403],[-40.5872,-14.4513],[-40.5874,-14.4514],[-40.6514,-14.4606],[-40.6588,-14.4629],[-40.6601,-14.4629],[-40.6611,-14.4602],[-40.6707,-14.4584],[-40.6749,-14.4485],[-40.6931,-14.3759],[-40.697,-14.3608],[-40.7016,-14.3561],[-40.7031,-14.3374],[-40.7075,-14.3186],[-40.6983,-14.3073],[-40.6996,-14.3005],[-40.6956,-14.2917],[-40.6977,-14.285],[-40.7059,-14.279],[-40.7063,-14.2633],[-40.7165,-14.242],[-40.7171,-14.2396],[-40.6399,-14.296],[-40.6099,-14.3151],[-40.5907,-14.3231],[-40.5447,-14.3425],[-40.5061,-14.3588],[-40.4562,-14.3796],[-40.4119,-14.3977],[-40.3916,-14.4059],[-40.3847,-14.4087],[-40.3888,-14.4146],[-40.3887,-14.4298]]]}},{"type":"Feature","properties":{"nome":"Boninal","cod":"2904001","uf":"BA"},"geometry":{"type":"Polygon","coordinates":[[[-41.6372,-12.7838],[-41.631,-12.8052],[-41.6218,-12.8239],[-41.6279,-12.8429],[-41.6294,-12.8651],[-41.6437,-12.883],[-41.6405,-12.8964],[-41.6453,-12.9089],[-41.6725,-12.9704],[-41.6828,-12.9936],[-41.6953,-13.022],[-41.7435,-12.9434],[-41.7675,-12.9039],[-41.7923,-12.8482],[-41.8018,-12.8111],[-41.8061,-12.812],[-41.8287,-12.817],[-41.874,-12.8271],[-41.9211,-12.8376],[-41.9576,-12.8457],[-41.9947,-12.8539],[-42.0124,-12.8571],[-42.0159,-12.8536],[-42.0008,-12.6858],[-42.0004,-12.6815],[-41.999,-12.6659],[-41.9227,-12.6686],[-41.8937,-12.6698],[-41.8895,-12.67],[-41.8744,-12.6706],[-41.8451,-12.6742],[-41.7973,-12.6803],[-41.7758,-12.6838],[-41.7164,-12.6934],[-41.6053,-12.7114],[-41.6042,-12.7115],[-41.6034,-12.7224],[-41.612,-12.7392],[-41.615,-12.7578],[-41.6216,-12.7683],[-41.6297,-12.7702],[-41.6372,-12.7838]]]}},{"type":"Feature","properties":{"nome":"Bonito","cod":"2904050","uf":"BA"},"geometry":{"type":"Polygon","coordinates":[[[-41.2749,-12.149],[-41.3544,-12.1686],[-41.356,-12.1669],[-41.3561,-12.1667],[-41.3566,-12.1543],[-41.3656,-12.1456],[-41.3674,-12.1268],[-41.3717,-12.1176],[-41.3681,-12.0836],[-41.3716,-12.0789],[-41.3957,-12.0752],[-41.4076,-12.0478],[-41.4022,-12.0379],[-41.4158,-12.0215],[-41.4117,-12.015],[-41.4165,-11.9975],[-41.4444,-11.9857],[-41.4445,-11.9795],[-41.4551,-11.9708],[-41.4539,-11.9586],[-41.4492,-11.9504],[-41.4464,-11.945],[-41.4396,-11.9446],[-41.4252,-11.9337],[-41.4303,-11.925],[-41.4207,-11.9085],[-41.4232,-11.8945],[-41.4203,-11.8678],[-41.4063,-11.8298],[-41.4051,-11.8272],[-41.4058,-11.8224],[-41.3983,-11.8112],[-41.3983,-11.7957],[-41.3927,-11.7711],[-41.3143,-11.8252],[-41.3061,-11.8309],[-41.2729,-11.8537],[-41.2643,-11.8597],[-41.2569,-11.8648],[-41.2223,-11.8889],[-41.2229,-11.9241],[-41.2173,-11.933],[-41.2149,-11.9515],[-41.2041,-11.9673],[-41.206,-11.9912],[-41.2029,-12.0047],[-41.2154,-12.0125],[-41.2244,-12.0172],[-41.2261,-12.0179],[-41.2529,-12.0286],[-41.2474,-12.0373],[-41.2314,-12.0397],[-41.2286,-12.048],[-41.2294,-12.0777],[-41.2178,-12.0837],[-41.2229,-12.0963],[-41.2369,-12.1137],[-41.2302,-12.1162],[-41.2248,-12.1244],[-41.2293,-12.1379],[-41.2344,-12.1392],[-41.2346,-12.1392],[-41.2747,-12.149],[-41.2749,-12.149]]]}},{"type":"Feature","properties":{"nome":"Boquira","cod":"2904100","uf":"BA"},"geometry":{"type":"Polygon","coordinates":[[[-42.6372,-12.5847],[-42.6378,-12.5942],[-42.6287,-12.5933],[-42.6283,-12.6002],[-42.6237,-12.6056],[-42.6273,-12.6274],[-42.6106,-12.6366],[-42.6102,-12.6479],[-42.6027,-12.6589],[-42.5823,-12.6637],[-42.5806,-12.6737],[-42.5841,-12.6826],[-42.5808,-12.691],[-42.569,-12.6868],[-42.5512,-12.6871],[-42.5377,-12.6991],[-42.5291,-12.6913],[-42.5202,-12.6991],[-42.5171,-12.7112],[-42.5053,-12.7366],[-42.4955,-12.7395],[-42.4946,-12.7418],[-42.501,-12.7478],[-42.5014,-12.7549],[-42.5009,-12.7632],[-42.4951,-12.768],[-42.5037,-12.7765],[-42.5116,-12.7765],[-42.5172,-12.7979],[-42.5224,-12.8021],[-42.5295,-12.8228],[-42.5197,-12.8379],[-42.5103,-12.8417],[-42.4978,-12.8539],[-42.5028,-12.8627],[-42.5007,-12.8695],[-42.6136,-12.889],[-42.6301,-12.8918],[-42.6802,-12.9005],[-42.6826,-12.9009],[-42.7105,-12.9057],[-42.7558,-12.9135],[-42.7582,-12.9139],[-42.8005,-12.9365],[-42.8011,-12.9368],[-42.8301,-12.95],[-42.8423,-12.9364],[-42.8623,-12.9435],[-42.869,-12.9366],[-42.8821,-12.9311],[-42.9015,-12.9308],[-42.9183,-12.9347],[-42.934,-12.9301],[-42.8845,-12.892],[-42.8581,-12.8716],[-42.8865,-12.8474],[-42.8862,-12.8001],[-42.8858,-12.7313],[-42.8855,-12.6842],[-42.8851,-12.6312],[-42.8851,-12.6273],[-42.885,-12.5951],[-42.804,-12.5639],[-42.7767,-12.5534],[-42.6393,-12.5004],[-42.6396,-12.5123],[-42.6555,-12.5186],[-42.6548,-12.5329],[-42.6496,-12.541],[-42.645,-12.56],[-42.6415,-12.5652],[-42.642,-12.5744],[-42.6363,-12.5779],[-42.6371,-12.5841],[-42.6372,-12.5847]]]}},{"type":"Feature","properties":{"nome":"Botuporã","cod":"2904209","uf":"BA"},"geometry":{"type":"Polygon","coordinates":[[[-42.4058,-13.3917],[-42.4276,-13.3993],[-42.4679,-13.4174],[-42.491,-13.4297],[-42.5056,-13.4374],[-42.5292,-13.4499],[-42.5467,-13.4593],[-42.547,-13.4539],[-42.5567,-13.4458],[-42.5803,-13.4404],[-42.6217,-13.406],[-42.6264,-13.4021],[-42.6285,-13.4052],[-42.677,-13.3742],[-42.6819,-13.3608],[-42.6751,-13.3481],[-42.6805,-13.3239],[-42.6883,-13.31],[-42.6893,-13.3071],[-42.6895,-13.286],[-42.6803,-13.2668],[-42.6438,-13.256],[-42.6354,-13.2535],[-42.6338,-13.253],[-42.5844,-13.2384],[-42.5157,-13.2169],[-42.4441,-13.1843],[-42.4257,-13.2168],[-42.4151,-13.2321],[-42.3955,-13.2619],[-42.4284,-13.2797],[-42.4061,-13.3633],[-42.406,-13.3637],[-42.4058,-13.3917]]]}},{"type":"Feature","properties":{"nome":"Brejões","cod":"2904308","uf":"BA"},"geometry":{"type":"Polygon","coordinates":[[[-39.8993,-12.9339],[-39.886,-12.9428],[-39.8768,-12.9366],[-39.8562,-12.9566],[-39.8561,-12.9567],[-39.8489,-12.964],[-39.8411,-12.9639],[-39.8394,-12.9667],[-39.817,-12.972],[-39.8155,-12.9807],[-39.806,-12.9784],[-39.8137,-12.9978],[-39.8192,-13.0025],[-39.8166,-13.0117],[-39.8193,-13.0195],[-39.8121,-13.0241],[-39.7872,-13.0456],[-39.761,-13.0601],[-39.7083,-13.0831],[-39.6977,-13.0878],[-39.7164,-13.0934],[-39.7236,-13.0982],[-39.7327,-13.0962],[-39.735,-13.099],[-39.7335,-13.1209],[-39.7379,-13.119],[-39.7509,-13.1245],[-39.7626,-13.135],[-39.7629,-13.1469],[-39.7544,-13.1534],[-39.7515,-13.1638],[-39.7441,-13.1698],[-39.7423,-13.1899],[-39.7449,-13.1911],[-39.7581,-13.1826],[-39.7664,-13.1892],[-39.7749,-13.1795],[-39.7792,-13.1631],[-39.789,-13.1604],[-39.7998,-13.1494],[-39.8048,-13.1501],[-39.8061,-13.1631],[-39.8017,-13.1754],[-39.8095,-13.1823],[-39.8083,-13.1915],[-39.8145,-13.1941],[-39.8286,-13.1854],[-39.837,-13.1893],[-39.8535,-13.1891],[-39.8947,-13.1887],[-39.8949,-13.1886],[-39.9271,-13.1615],[-39.9388,-13.1194],[-39.9618,-13.0924],[-39.9621,-13.0792],[-39.9618,-13.078],[-39.9612,-13.0702],[-39.9604,-13.0666],[-39.9568,-13.0584],[-39.9675,-13.0366],[-39.9593,-13.0236],[-39.9566,-13.0088],[-39.9537,-12.9952],[-39.9426,-12.9837],[-39.905,-12.9342],[-39.8993,-12.9339]]]}},{"type":"Feature","properties":{"nome":"Brejolândia","cod":"2904407","uf":"BA"},"geometry":{"type":"Polygon","coordinates":[[[-43.9245,-12.246],[-43.8785,-12.247],[-43.8511,-12.2417],[-43.8349,-12.2489],[-43.8097,-12.2521],[-43.7689,-12.2762],[-43.7354,-12.2854],[-43.7308,-12.2944],[-43.7326,-12.3076],[-43.7079,-12.3215],[-43.7156,-12.3333],[-43.7242,-12.3355],[-43.715,-12.3518],[-43.7212,-12.3541],[-43.7209,-12.3567],[-43.7094,-12.3681],[-43.7093,-12.3681],[-43.7055,-12.3697],[-43.6885,-12.364],[-43.6813,-12.3665],[-43.6802,-12.3707],[-43.5599,-12.4233],[-43.3249,-12.5241],[-43.3188,-12.5267],[-43.4234,-12.5793],[-43.4236,-12.5794],[-43.4391,-12.5872],[-43.5374,-12.6371],[-43.696,-12.6769],[-43.7617,-12.6934],[-43.9612,-12.7434],[-43.9813,-12.7484],[-43.9505,-12.6815],[-43.9484,-12.677],[-44.0317,-12.6788],[-44.0639,-12.6797],[-44.1022,-12.6807],[-44.1286,-12.6814],[-44.1008,-12.6647],[-44.0859,-12.6449],[-44.0786,-12.6257],[-44.0796,-12.6161],[-44.0711,-12.6058],[-44.0755,-12.5993],[-44.0735,-12.5908],[-44.0746,-12.5662],[-44.0819,-12.5583],[-44.0837,-12.5482],[-44.0895,-12.5412],[-44.0877,-12.5246],[-44.1012,-12.5204],[-44.1055,-12.5059],[-44.1129,-12.5033],[-44.1174,-12.4967],[-44.1152,-12.4831],[-44.0953,-12.4773],[-44.095,-12.4772],[-44.0745,-12.4732],[-44.0659,-12.4618],[-44.0485,-12.4532],[-44.0357,-12.4268],[-44.0234,-12.4132],[-44.0198,-12.3839],[-44.0093,-12.3598],[-44.0041,-12.3471],[-43.992,-12.3427],[-43.9868,-12.3366],[-43.9906,-12.3209],[-43.9851,-12.2922],[-43.9739,-12.2791],[-43.9614,-12.2724],[-43.9574,-12.2635],[-43.9414,-12.256],[-43.9445,-12.2443],[-43.9424,-12.2374],[-43.9342,-12.2452],[-43.9245,-12.246]]]}},{"type":"Feature","properties":{"nome":"Brotas de Macaúbas","cod":"2904506","uf":"BA"},"geometry":{"type":"Polygon","coordinates":[[[-42.7474,-11.7305],[-42.7844,-11.8127],[-42.7011,-11.8642],[-42.6992,-11.8653],[-42.6983,-11.8658],[-42.6959,-11.8673],[-42.5825,-11.9145],[-42.5171,-11.9417],[-42.4799,-11.958],[-42.4615,-11.9659],[-42.4458,-11.9646],[-42.3372,-11.9562],[-42.2446,-11.9491],[-42.2442,-11.9495],[-42.2356,-11.9591],[-42.2311,-11.9747],[-42.2347,-11.9832],[-42.2331,-11.9924],[-42.2417,-12.0013],[-42.2354,-12.0216],[-42.246,-12.0464],[-42.2173,-12.0697],[-42.1682,-12.1314],[-42.1374,-12.1701],[-42.0776,-12.2463],[-42.1644,-12.2378],[-42.1351,-12.271],[-42.1232,-12.2689],[-42.1238,-12.2824],[-42.124,-12.2777],[-42.2708,-12.337],[-42.2589,-12.3441],[-42.2491,-12.3896],[-42.25,-12.4003],[-42.2577,-12.4092],[-42.2693,-12.4127],[-42.3001,-12.4035],[-42.3122,-12.407],[-42.3125,-12.4069],[-42.3166,-12.4026],[-42.3173,-12.3928],[-42.3294,-12.3815],[-42.3391,-12.3549],[-42.3406,-12.3483],[-42.3352,-12.3438],[-42.336,-12.3369],[-42.3448,-12.338],[-42.3484,-12.3325],[-42.3504,-12.3128],[-42.3622,-12.295],[-42.3643,-12.281],[-42.3739,-12.2632],[-42.3766,-12.2346],[-42.395,-12.2369],[-42.5211,-12.2529],[-42.5604,-12.2575],[-42.5779,-12.1986],[-42.5742,-12.1861],[-42.5684,-12.1834],[-42.5745,-12.1694],[-42.5854,-12.1749],[-42.5915,-12.1709],[-42.6006,-12.1718],[-42.606,-12.1666],[-42.6137,-12.1673],[-42.6142,-12.1596],[-42.6091,-12.1536],[-42.6198,-12.1334],[-42.6218,-12.1151],[-42.6172,-12.1051],[-42.6248,-12.0786],[-42.6365,-12.076],[-42.6478,-12.0688],[-42.6583,-12.0705],[-42.6718,-12.0586],[-42.6697,-12.0455],[-42.6736,-12.0386],[-42.6738,-12.0383],[-42.6884,-12.01],[-42.7033,-12.0028],[-42.7279,-11.9791],[-42.7553,-11.9672],[-42.7627,-11.9594],[-42.7668,-11.9618],[-42.7801,-11.9722],[-42.7905,-11.9647],[-42.798,-11.9628],[-42.8038,-11.9502],[-42.8132,-11.9407],[-42.8433,-11.8474],[-42.86,-11.7956],[-42.8517,-11.7858],[-42.8483,-11.788],[-42.8412,-11.7801],[-42.8366,-11.7734],[-42.8347,-11.7772],[-42.8192,-11.7751],[-42.8077,-11.7619],[-42.7827,-11.7462],[-42.7881,-11.7387],[-42.767,-11.7356],[-42.7588,-11.7378],[-42.7537,-11.7344],[-42.7547,-11.7303],[-42.7474,-11.7305]]]}},{"type":"Feature","properties":{"nome":"Brumado","cod":"2904605","uf":"BA"},"geometry":{"type":"Polygon","coordinates":[[[-41.5016,-13.9254],[-41.497,-13.9262],[-41.4904,-13.9211],[-41.4868,-13.9308],[-41.48,-13.9297],[-41.4841,-13.9361],[-41.4816,-13.9396],[-41.4749,-13.9385],[-41.474,-13.9426],[-41.4829,-13.9498],[-41.4762,-13.9523],[-41.478,-13.9583],[-41.4675,-13.961],[-41.4718,-13.9677],[-41.4756,-13.9683],[-41.4743,-13.9716],[-41.4668,-13.9706],[-41.4675,-13.9738],[-41.4704,-13.9785],[-41.4661,-13.984],[-41.4678,-13.9891],[-41.4594,-13.9939],[-41.4638,-14.0012],[-41.457,-14.0051],[-41.4495,-14.0033],[-41.4499,-14.0135],[-41.4412,-14.0152],[-41.4399,-14.0235],[-41.4265,-14.0222],[-41.4265,-14.0268],[-41.4171,-14.0291],[-41.4177,-14.0338],[-41.4081,-14.0429],[-41.4054,-14.038],[-41.4024,-14.0383],[-41.388,-14.045],[-41.39,-14.0501],[-41.3803,-14.0437],[-41.3715,-14.0526],[-41.3606,-14.0515],[-41.3471,-14.0625],[-41.3439,-14.0692],[-41.3293,-14.0726],[-41.3282,-14.0787],[-41.3213,-14.079],[-41.3186,-14.0843],[-41.3347,-14.0936],[-41.3487,-14.0923],[-41.3654,-14.1011],[-41.401,-14.1018],[-41.4258,-14.109],[-41.4432,-14.1192],[-41.4432,-14.1245],[-41.4517,-14.1354],[-41.4624,-14.1344],[-41.4731,-14.1478],[-41.4794,-14.1416],[-41.4942,-14.1492],[-41.4882,-14.1602],[-41.4974,-14.1597],[-41.4981,-14.1687],[-41.4936,-14.1717],[-41.4975,-14.1773],[-41.5035,-14.1714],[-41.5066,-14.1735],[-41.5133,-14.1711],[-41.5114,-14.1747],[-41.5148,-14.1759],[-41.5171,-14.1838],[-41.5307,-14.1982],[-41.5319,-14.2177],[-41.541,-14.2274],[-41.5377,-14.238],[-41.5451,-14.2404],[-41.5482,-14.2492],[-41.5624,-14.246],[-41.5666,-14.2513],[-41.5634,-14.2541],[-41.5662,-14.2566],[-41.5551,-14.2605],[-41.5514,-14.2668],[-41.5548,-14.2745],[-41.5607,-14.2784],[-41.5583,-14.286],[-41.5676,-14.2998],[-41.5677,-14.3],[-41.5705,-14.31],[-41.5662,-14.3095],[-41.5559,-14.3204],[-41.5607,-14.3248],[-41.5595,-14.3306],[-41.5638,-14.3289],[-41.5654,-14.3399],[-41.5622,-14.3438],[-41.5652,-14.3468],[-41.5597,-14.3478],[-41.5635,-14.3556],[-41.5619,-14.363],[-41.567,-14.3702],[-41.5686,-14.3895],[-41.563,-14.3968],[-41.5647,-14.4028],[-41.56,-14.4078],[-41.5579,-14.4219],[-41.5504,-14.4259],[-41.5562,-14.4313],[-41.5585,-14.4399],[-41.5539,-14.4494],[-41.5625,-14.4573],[-41.5555,-14.4735],[-41.5596,-14.4791],[-41.5559,-14.4829],[-41.5577,-14.4848],[-41.5506,-14.4882],[-41.5505,-14.4882],[-41.5436,-14.4895],[-41.5361,-14.4965],[-41.6342,-14.5093],[-41.6378,-14.5098],[-41.6545,-14.4908],[-41.6605,-14.4917],[-41.6661,-14.486],[-41.6675,-14.486],[-41.6765,-14.4785],[-41.7145,-14.4751],[-41.715,-14.4726],[-41.7306,-14.4024],[-41.7307,-14.4021],[-41.734,-14.3873],[-41.7571,-14.2831],[-41.763,-14.2563],[-41.7799,-14.2594],[-41.7973,-14.262],[-41.8418,-14.2541],[-41.8643,-14.2468],[-41.9013,-14.234],[-41.91,-14.2338],[-41.9129,-14.234],[-41.9242,-14.2283],[-41.9421,-14.2307],[-41.9559,-14.2365],[-41.9661,-14.2358],[-41.9878,-14.2238],[-41.9877,-14.2227],[-41.9811,-14.1856],[-41.9824,-14.1778],[-41.9941,-14.1083],[-41.9999,-14.0734],[-41.9814,-14.0719],[-41.9788,-14.0608],[-41.9733,-14.0573],[-41.9636,-14.06],[-41.947,-14.0531],[-41.9255,-14.0555],[-41.9097,-14.0518],[-41.9041,-14.0543],[-41.9001,-14.0538],[-41.8997,-14.0446],[-41.896,-14.0444],[-41.8977,-14.0354],[-41.894,-14.0317],[-41.881,-14.0391],[-41.8778,-14.0375],[-41.8792,-14.0274],[-41.8628,-14.0085],[-41.8553,-14.0031],[-41.8497,-14.0066],[-41.8398,-14.0042],[-41.841,-13.9961],[-41.846,-13.9954],[-41.8429,-13.9888],[-41.8455,-13.9856],[-41.8369,-13.9825],[-41.836,-13.9738],[-41.8211,-13.9786],[-41.8166,-13.9762],[-41.811,-13.978],[-41.808,-13.9743],[-41.8026,-13.9761],[-41.7999,-13.9789],[-41.8026,-13.9789],[-41.8053,-13.9877],[-41.7978,-13.9903],[-41.7934,-13.9874],[-41.7866,-13.9888],[-41.7836,-13.9933],[-41.7679,-13.983],[-41.7678,-13.983],[-41.7677,-13.988],[-41.7531,-13.991],[-41.7303,-13.9845],[-41.7187,-13.9773],[-41.7026,-13.9812],[-41.6924,-13.9929],[-41.6918,-13.9932],[-41.6812,-13.9974],[-41.6659,-13.9976],[-41.6609,-14.002],[-41.658,-14.0007],[-41.5732,-13.9538],[-41.5586,-13.9457],[-41.5239,-13.929],[-41.4923,-13.9133],[-41.5021,-13.9219],[-41.5016,-13.9254]]]}},{"type":"Feature","properties":{"nome":"Buerarema","cod":"2904704","uf":"BA"},"geometry":{"type":"Polygon","coordinates":[[[-39.2211,-14.9122],[-39.2152,-14.9407],[-39.2141,-14.946],[-39.2082,-14.9742],[-39.2038,-14.9952],[-39.2033,-14.9977],[-39.2017,-15.0077],[-39.2479,-15.0542],[-39.2499,-15.055],[-39.2501,-15.055],[-39.2601,-15.0585],[-39.2662,-15.066],[-39.2779,-15.0644],[-39.2916,-15.0725],[-39.2957,-15.0722],[-39.3054,-15.0726],[-39.3093,-15.0664],[-39.3193,-15.0646],[-39.33,-15.0747],[-39.3294,-15.0601],[-39.335,-15.0521],[-39.3293,-15.0155],[-39.3423,-15.0268],[-39.362,-15.0284],[-39.4131,-15.0325],[-39.4099,-15.0276],[-39.3952,-15.0199],[-39.3869,-15.0247],[-39.373,-15.0161],[-39.3668,-15.0202],[-39.3552,-15.0016],[-39.3534,-14.9892],[-39.3473,-14.9584],[-39.336,-14.942],[-39.3301,-14.9326],[-39.3171,-14.9305],[-39.3122,-14.9255],[-39.3067,-14.9206],[-39.2978,-14.9332],[-39.2552,-14.9309],[-39.25,-14.9324],[-39.2491,-14.9363],[-39.2404,-14.9377],[-39.2301,-14.9337],[-39.2296,-14.9298],[-39.2236,-14.9267],[-39.2261,-14.9232],[-39.2223,-14.9202],[-39.2211,-14.9122]]]}},{"type":"Feature","properties":{"nome":"Buritirama","cod":"2904753","uf":"BA"},"geometry":{"type":"Polygon","coordinates":[[[-43.3732,-10.2746],[-43.375,-10.3128],[-43.3883,-10.3391],[-43.3823,-10.3751],[-43.3837,-10.3973],[-43.3776,-10.4046],[-43.3786,-10.417],[-43.3849,-10.4277],[-43.3759,-10.4474],[-43.3786,-10.4882],[-43.3784,-10.4995],[-43.3737,-10.5082],[-43.3751,-10.5143],[-43.3798,-10.5255],[-43.3778,-10.5375],[-43.3811,-10.5464],[-43.3776,-10.5552],[-43.3773,-10.5713],[-43.3815,-10.5806],[-43.3735,-10.5909],[-43.3721,-10.6134],[-43.3806,-10.6473],[-43.3756,-10.6689],[-43.3812,-10.6803],[-43.3807,-10.7104],[-43.3802,-10.7146],[-43.4756,-10.7682],[-43.4761,-10.7685],[-43.5632,-10.8174],[-43.6625,-10.8732],[-43.6962,-10.8921],[-43.7055,-10.8919],[-43.7101,-10.8996],[-43.7257,-10.9011],[-43.7298,-10.9062],[-43.7374,-10.9001],[-43.7467,-10.8937],[-43.7407,-10.8825],[-43.742,-10.8778],[-43.7522,-10.8867],[-43.7672,-10.8875],[-43.7649,-10.8956],[-43.7671,-10.904],[-43.7858,-10.9075],[-43.7909,-10.9045],[-43.8041,-10.8957],[-43.8098,-10.8811],[-43.8269,-10.8674],[-43.8285,-10.859],[-43.8429,-10.8492],[-43.8551,-10.8485],[-43.8586,-10.8537],[-43.8661,-10.8518],[-43.8724,-10.8586],[-43.8889,-10.8536],[-43.9005,-10.8563],[-43.9193,-10.8318],[-43.9149,-10.805],[-43.9105,-10.7991],[-43.9202,-10.7774],[-43.9431,-10.7127],[-43.9543,-10.6986],[-43.9544,-10.6985],[-43.9608,-10.6858],[-43.9938,-10.662],[-43.995,-10.6449],[-44.0017,-10.6366],[-44.0195,-10.6237],[-44.0454,-10.6203],[-44.0575,-10.6083],[-44.0724,-10.5806],[-44.0584,-10.5379],[-44.0506,-10.5058],[-44.0412,-10.4928],[-44.0292,-10.4837],[-44.0254,-10.475],[-44.0343,-10.4486],[-44.0355,-10.435],[-44.0295,-10.4165],[-44.0229,-10.4076],[-44.0073,-10.4049],[-43.9977,-10.4096],[-43.9765,-10.431],[-43.944,-10.4353],[-43.9423,-10.4355],[-43.9276,-10.434],[-43.9158,-10.4263],[-43.9144,-10.3837],[-43.8984,-10.3669],[-43.8947,-10.3541],[-43.8843,-10.3436],[-43.765,-10.3427],[-43.7239,-10.3424],[-43.6493,-10.3418],[-43.6304,-10.3256],[-43.6163,-10.3235],[-43.6086,-10.326],[-43.6031,-10.3231],[-43.5976,-10.3142],[-43.5971,-10.3019],[-43.5841,-10.2881],[-43.5657,-10.289],[-43.5619,-10.2899],[-43.5586,-10.2945],[-43.5466,-10.2975],[-43.5307,-10.3091],[-43.5064,-10.2973],[-43.4948,-10.2746],[-43.4881,-10.2738],[-43.4694,-10.2635],[-43.4705,-10.254],[-43.4579,-10.2483],[-43.4594,-10.2427],[-43.3844,-10.2357],[-43.3835,-10.2416],[-43.3767,-10.2477],[-43.3772,-10.2658],[-43.3732,-10.2746]]]}},{"type":"Feature","properties":{"nome":"Caatiba","cod":"2904803","uf":"BA"},"geometry":{"type":"Polygon","coordinates":[[[-40.3292,-14.9508],[-40.2995,-14.9598],[-40.2974,-14.9568],[-40.2998,-14.9549],[-40.2936,-14.9456],[-40.2945,-14.9361],[-40.3004,-14.9296],[-40.2998,-14.9179],[-40.2915,-14.9196],[-40.2432,-14.9296],[-40.2097,-14.9365],[-40.1611,-14.9462],[-40.1605,-14.9463],[-40.1169,-14.9551],[-40.1091,-14.9566],[-40.1084,-14.963],[-40.1177,-14.9725],[-40.1232,-14.9737],[-40.1259,-14.985],[-40.1374,-14.9794],[-40.1492,-14.978],[-40.1494,-14.9822],[-40.1347,-15.0016],[-40.135,-15.0304],[-40.1351,-15.0438],[-40.1451,-15.0404],[-40.1526,-15.0478],[-40.1548,-15.045],[-40.1497,-15.039],[-40.1546,-15.0229],[-40.1586,-15.0092],[-40.2504,-15.0592],[-40.3026,-15.0876],[-40.3072,-15.0901],[-40.3207,-15.0975],[-40.3685,-15.0846],[-40.418,-15.0712],[-40.4628,-15.0591],[-40.4728,-15.0591],[-40.5404,-15.059],[-40.5643,-15.059],[-40.5432,-15.0339],[-40.4934,-14.9766],[-40.493,-14.9761],[-40.4668,-14.946],[-40.458,-14.9359],[-40.4504,-14.9272],[-40.4374,-14.9123],[-40.4337,-14.9189],[-40.4041,-14.9281],[-40.3292,-14.9508],[-40.3292,-14.9508]]]}},{"type":"Feature","properties":{"nome":"Cabaceiras do Paraguaçu","cod":"2904852","uf":"BA"},"geometry":{"type":"Polygon","coordinates":[[[-39.0751,-12.4998],[-39.0654,-12.528],[-39.0572,-12.5397],[-39.0967,-12.5513],[-39.1048,-12.5536],[-39.1252,-12.5598],[-39.1253,-12.5598],[-39.1448,-12.5658],[-39.1495,-12.5675],[-39.1643,-12.5728],[-39.1717,-12.5817],[-39.1771,-12.5881],[-39.1835,-12.588],[-39.1987,-12.5879],[-39.1972,-12.5907],[-39.1858,-12.6122],[-39.1812,-12.621],[-39.1769,-12.6291],[-39.1902,-12.6381],[-39.1902,-12.6382],[-39.1918,-12.6391],[-39.2098,-12.6447],[-39.2139,-12.6516],[-39.2242,-12.6514],[-39.2409,-12.6591],[-39.2471,-12.6499],[-39.286,-12.5921],[-39.305,-12.564],[-39.3164,-12.547],[-39.294,-12.541],[-39.2864,-12.5424],[-39.2745,-12.5371],[-39.2612,-12.5487],[-39.2499,-12.5487],[-39.2226,-12.5455],[-39.218,-12.5404],[-39.2153,-12.5253],[-39.205,-12.5137],[-39.1893,-12.51],[-39.1826,-12.5085],[-39.1695,-12.5048],[-39.1607,-12.5075],[-39.1271,-12.4978],[-39.1225,-12.4968],[-39.1084,-12.4934],[-39.0908,-12.4949],[-39.0751,-12.4998]]]}},{"type":"Feature","properties":{"nome":"Cachoeira","cod":"2904902","uf":"BA"},"geometry":{"type":"Polygon","coordinates":[[[-38.8371,-12.5538],[-38.8225,-12.5652],[-38.8177,-12.5591],[-38.8109,-12.5587],[-38.7973,-12.5663],[-38.7947,-12.5731],[-38.8001,-12.5869],[-38.8088,-12.5978],[-38.806,-12.6118],[-38.8021,-12.6147],[-38.8028,-12.623],[-38.7958,-12.6217],[-38.7947,-12.6264],[-38.7988,-12.6284],[-38.7976,-12.6484],[-38.8141,-12.6519],[-38.8127,-12.6614],[-38.825,-12.6752],[-38.8259,-12.6835],[-38.8367,-12.6826],[-38.8393,-12.6872],[-38.8478,-12.6879],[-38.8477,-12.6967],[-38.8438,-12.7016],[-38.8412,-12.7049],[-38.8432,-12.7175],[-38.8446,-12.7271],[-38.8343,-12.739],[-38.8327,-12.7499],[-38.8259,-12.7617],[-38.8226,-12.7618],[-38.8184,-12.7751],[-38.8314,-12.7939],[-38.8293,-12.803],[-38.8338,-12.8103],[-38.8324,-12.8195],[-38.8458,-12.8383],[-38.8638,-12.8224],[-38.8656,-12.8149],[-38.8603,-12.8032],[-38.8613,-12.7936],[-38.8752,-12.7763],[-38.8813,-12.7615],[-38.8895,-12.7491],[-38.8957,-12.7437],[-38.9036,-12.7367],[-38.9296,-12.7251],[-38.9321,-12.7182],[-38.9334,-12.7123],[-38.9402,-12.6974],[-38.9404,-12.6814],[-38.9408,-12.6669],[-38.944,-12.6556],[-38.95,-12.6492],[-38.9547,-12.6444],[-38.959,-12.6188],[-38.9621,-12.6126],[-38.9668,-12.6047],[-38.9724,-12.6023],[-38.9832,-12.596],[-38.9848,-12.5935],[-39.0054,-12.5831],[-39.008,-12.569],[-39.0127,-12.5664],[-39.0066,-12.5682],[-38.9749,-12.5536],[-38.9469,-12.5406],[-38.9379,-12.5365],[-38.9223,-12.5293],[-38.8786,-12.5092],[-38.877,-12.5092],[-38.8599,-12.5142],[-38.8607,-12.5351],[-38.8605,-12.5359],[-38.846,-12.5376],[-38.8392,-12.543],[-38.8371,-12.5538]]]}},{"type":"Feature","properties":{"nome":"Caculé","cod":"2905008","uf":"BA"},"geometry":{"type":"Polygon","coordinates":[[[-42.4239,-14.325],[-42.3939,-14.3356],[-42.3845,-14.3389],[-42.3416,-14.3541],[-42.3228,-14.3607],[-42.2773,-14.3687],[-42.2365,-14.3759],[-42.2306,-14.3769],[-42.2186,-14.3831],[-42.1707,-14.4086],[-42.1595,-14.4647],[-42.1563,-14.4807],[-42.1706,-14.5203],[-42.1671,-14.5634],[-42.165,-14.5888],[-42.161,-14.6368],[-42.1655,-14.6354],[-42.2265,-14.616],[-42.248,-14.6092],[-42.2731,-14.6151],[-42.2823,-14.6172],[-42.3488,-14.6325],[-42.3646,-14.6362],[-42.3754,-14.6387],[-42.3411,-14.5761],[-42.3356,-14.5619],[-42.3386,-14.553],[-42.3709,-14.4586],[-42.3784,-14.4455],[-42.391,-14.4234],[-42.393,-14.42],[-42.4123,-14.4163],[-42.4374,-14.4116],[-42.4389,-14.4113],[-42.5025,-14.399],[-42.5022,-14.3942],[-42.4906,-14.3805],[-42.4873,-14.366],[-42.4826,-14.3679],[-42.4685,-14.3583],[-42.459,-14.3502],[-42.455,-14.3421],[-42.4458,-14.3384],[-42.4445,-14.3325],[-42.4408,-14.3339],[-42.4403,-14.3287],[-42.4278,-14.3256],[-42.4239,-14.325]]]}},{"type":"Feature","properties":{"nome":"Caém","cod":"2905107","uf":"BA"},"geometry":{"type":"Polygon","coordinates":[[[-39.9915,-11.1665],[-40.0152,-11.1758],[-40.0205,-11.1746],[-40.0277,-11.1827],[-40.0359,-11.184],[-40.0451,-11.1821],[-40.05,-11.1853],[-40.0643,-11.1942],[-40.071,-11.1929],[-40.0755,-11.1959],[-40.0843,-11.1865],[-40.087,-11.1904],[-40.101,-11.1887],[-40.1066,-11.1923],[-40.1119,-11.1855],[-40.1281,-11.1857],[-40.1337,-11.1784],[-40.1449,-11.1813],[-40.1518,-11.1861],[-40.1614,-11.1828],[-40.1641,-11.1911],[-40.1736,-11.1871],[-40.1961,-11.1869],[-40.2055,-11.1772],[-40.2096,-11.1846],[-40.2193,-11.1859],[-40.224,-11.1823],[-40.2287,-11.1904],[-40.2341,-11.1833],[-40.2422,-11.1855],[-40.2561,-11.1795],[-40.2599,-11.1893],[-40.2703,-11.2005],[-40.2877,-11.2043],[-40.2965,-11.2013],[-40.3067,-11.2094],[-40.3175,-11.2103],[-40.3151,-11.2168],[-40.3242,-11.2166],[-40.3404,-11.2225],[-40.3446,-11.2269],[-40.3544,-11.2223],[-40.3696,-11.2073],[-40.3723,-11.212],[-40.3871,-11.2105],[-40.3937,-11.215],[-40.3955,-11.2223],[-40.398,-11.2215],[-40.4119,-11.2163],[-40.4197,-11.2054],[-40.4271,-11.2076],[-40.4311,-11.206],[-40.433,-11.2018],[-40.4411,-11.201],[-40.4492,-11.1922],[-40.4507,-11.2026],[-40.4542,-11.2036],[-40.4694,-11.2047],[-40.4523,-11.1018],[-40.4463,-11.0654],[-40.4327,-11.0565],[-40.4215,-11.0592],[-40.3475,-11.077],[-40.2745,-11.0946],[-40.2199,-11.1077],[-40.2197,-11.1078],[-40.173,-11.119],[-40.1112,-11.1338],[-40.0817,-11.1409],[-39.9909,-11.1613],[-39.9911,-11.1628],[-39.9915,-11.1665]]]}},{"type":"Feature","properties":{"nome":"Caetanos","cod":"2905156","uf":"BA"},"geometry":{"type":"Polygon","coordinates":[[[-41.0046,-14.1642],[-40.9557,-14.1828],[-40.9288,-14.1933],[-40.8719,-14.2156],[-40.7976,-14.2445],[-40.7785,-14.252],[-40.7671,-14.2564],[-40.7563,-14.256],[-40.7133,-14.2541],[-40.7165,-14.242],[-40.7063,-14.2633],[-40.7059,-14.279],[-40.6977,-14.285],[-40.6956,-14.2917],[-40.6996,-14.3005],[-40.6983,-14.3073],[-40.7075,-14.3186],[-40.7031,-14.3374],[-40.7016,-14.3561],[-40.697,-14.3608],[-40.6931,-14.3759],[-40.7446,-14.3844],[-40.7618,-14.3873],[-40.7928,-14.3924],[-40.8407,-14.4003],[-40.8805,-14.4069],[-40.8859,-14.4078],[-40.9358,-14.4161],[-40.9877,-14.4246],[-41.0159,-14.4292],[-41.0189,-14.4296],[-41.0929,-14.4413],[-41.0915,-14.4325],[-41.085,-14.4291],[-41.0833,-14.4163],[-41.0697,-14.4039],[-41.0687,-14.3982],[-41.0735,-14.3835],[-41.0987,-14.3708],[-41.1082,-14.3674],[-41.1032,-14.3516],[-41.0924,-14.3439],[-41.0906,-14.3391],[-41.0917,-14.335],[-41.1043,-14.3281],[-41.1014,-14.3189],[-41.0965,-14.3172],[-41.0895,-14.3078],[-41.0943,-14.2972],[-41.0923,-14.288],[-41.0729,-14.2769],[-41.0633,-14.2588],[-41.0596,-14.2599],[-41.0508,-14.2515],[-41.0474,-14.2489],[-41.0357,-14.2444],[-41.0281,-14.2484],[-41.0248,-14.2425],[-41.0267,-14.2372],[-41.0365,-14.2374],[-41.0454,-14.2327],[-41.047,-14.2268],[-41.032,-14.2183],[-41.0139,-14.222],[-41.0085,-14.2115],[-41.0122,-14.1982],[-41.0191,-14.1927],[-41.0201,-14.1877],[-41.0145,-14.1858],[-41.0146,-14.1785],[-41.0044,-14.1781],[-41.0003,-14.1749],[-41.0046,-14.1642]]]}},{"type":"Feature","properties":{"nome":"Caetité","cod":"2905206","uf":"BA"},"geometry":{"type":"Polygon","coordinates":[[[-42.5655,-13.6376],[-42.5587,-13.6518],[-42.5479,-13.6458],[-42.5431,-13.6526],[-42.5348,-13.6547],[-42.5301,-13.6661],[-42.5198,-13.6746],[-42.5048,-13.6735],[-42.4995,-13.6783],[-42.4816,-13.673],[-42.4736,-13.6748],[-42.459,-13.6654],[-42.4515,-13.6659],[-42.4514,-13.666],[-42.4384,-13.6693],[-42.4212,-13.6671],[-42.4061,-13.6711],[-42.3841,-13.6963],[-42.3743,-13.7007],[-42.3631,-13.6965],[-42.3533,-13.6763],[-42.3511,-13.6888],[-42.3368,-13.7069],[-42.3368,-13.7073],[-42.3479,-13.7252],[-42.3372,-13.7483],[-42.3403,-13.764],[-42.3301,-13.7753],[-42.3013,-13.7778],[-42.2814,-13.7884],[-42.275,-13.7984],[-42.2749,-13.7986],[-42.272,-13.8037],[-42.2481,-13.803],[-42.2364,-13.8309],[-42.2094,-13.8523],[-42.1857,-13.853],[-42.176,-13.8452],[-42.1525,-13.8595],[-42.2128,-13.8778],[-42.2438,-13.8833],[-42.2713,-13.8881],[-42.291,-13.8915],[-42.4147,-13.9132],[-42.3993,-13.9765],[-42.3949,-13.995],[-42.3844,-14.0382],[-42.3772,-14.0679],[-42.358,-14.1468],[-42.3579,-14.1472],[-42.3464,-14.1943],[-42.3462,-14.1953],[-42.3459,-14.1971],[-42.3815,-14.2422],[-42.3989,-14.2642],[-42.4299,-14.3036],[-42.4159,-14.3179],[-42.4158,-14.318],[-42.4239,-14.325],[-42.4278,-14.3256],[-42.4403,-14.3287],[-42.4408,-14.3339],[-42.4445,-14.3325],[-42.4458,-14.3384],[-42.455,-14.3421],[-42.459,-14.3502],[-42.4685,-14.3583],[-42.4826,-14.3679],[-42.4873,-14.366],[-42.4906,-14.3805],[-42.5022,-14.3942],[-42.5025,-14.399],[-42.55,-14.3572],[-42.5503,-14.357],[-42.5887,-14.3231],[-42.6188,-14.2965],[-42.6096,-14.2954],[-42.6098,-14.2872],[-42.6018,-14.2791],[-42.6033,-14.2748],[-42.5988,-14.2758],[-42.5973,-14.2707],[-42.5916,-14.2721],[-42.5918,-14.2639],[-42.5966,-14.2616],[-42.5968,-14.246],[-42.587,-14.2394],[-42.5854,-14.2318],[-42.5846,-14.2283],[-42.5807,-14.2094],[-42.5821,-14.199],[-42.5969,-14.176],[-42.6007,-14.1563],[-42.6086,-14.1524],[-42.6175,-14.1392],[-42.6332,-14.1328],[-42.6441,-14.1289],[-42.677,-14.1169],[-42.7094,-14.0967],[-42.7131,-14.1027],[-42.7264,-14.1035],[-42.7359,-14.0953],[-42.7543,-14.0913],[-42.7568,-14.0849],[-42.7718,-14.0827],[-42.783,-14.0725],[-42.7841,-14.0669],[-42.7876,-14.0561],[-42.7998,-14.0371],[-42.795,-14.0371],[-42.7633,-14.0466],[-42.7523,-14.0382],[-42.7187,-14.0251],[-42.7172,-14.0227],[-42.7136,-14.0207],[-42.6693,-13.9968],[-42.56,-13.9411],[-42.5141,-13.9176],[-42.5184,-13.9112],[-42.5165,-13.9044],[-42.529,-13.8971],[-42.5524,-13.8837],[-42.5546,-13.8644],[-42.5588,-13.856],[-42.5674,-13.8447],[-42.5822,-13.8358],[-42.5886,-13.832],[-42.5906,-13.8218],[-42.5965,-13.8139],[-42.5929,-13.8071],[-42.6065,-13.7769],[-42.6076,-13.7606],[-42.6187,-13.7597],[-42.6236,-13.7556],[-42.6507,-13.7379],[-42.6578,-13.7259],[-42.6574,-13.7162],[-42.6647,-13.7],[-42.6881,-13.6781],[-42.6906,-13.6749],[-42.6909,-13.6677],[-42.704,-13.6402],[-42.6507,-13.6242],[-42.5754,-13.6015],[-42.5684,-13.6315],[-42.5673,-13.6341],[-42.5655,-13.6376]]]}},{"type":"Feature","properties":{"nome":"Cafarnaum","cod":"2905305","uf":"BA"},"geometry":{"type":"Polygon","coordinates":[[[-41.5517,-11.5585],[-41.4521,-11.6149],[-41.4323,-11.626],[-41.4322,-11.626],[-41.3303,-11.6834],[-41.3251,-11.6948],[-41.324,-11.7029],[-41.3173,-11.7108],[-41.3194,-11.7252],[-41.3147,-11.7418],[-41.3232,-11.7619],[-41.3,-11.8071],[-41.3061,-11.8309],[-41.3143,-11.8252],[-41.3927,-11.7711],[-41.3983,-11.7957],[-41.3983,-11.8112],[-41.4058,-11.8224],[-41.4051,-11.8272],[-41.4063,-11.8298],[-41.4203,-11.8678],[-41.4329,-11.8689],[-41.5148,-11.8762],[-41.5872,-11.8826],[-41.6138,-11.885],[-41.6163,-11.8852],[-41.6113,-11.8425],[-41.6095,-11.8268],[-41.6081,-11.815],[-41.6038,-11.7774],[-41.6035,-11.7739],[-41.6042,-11.7403],[-41.5994,-11.6792],[-41.5993,-11.6786],[-41.5958,-11.6469],[-41.5924,-11.6133],[-41.5881,-11.5995],[-41.5817,-11.6042],[-41.5742,-11.6046],[-41.5793,-11.5917],[-41.5725,-11.5935],[-41.5681,-11.5852],[-41.5681,-11.5825],[-41.562,-11.58],[-41.5581,-11.5587],[-41.5517,-11.5585]]]}},{"type":"Feature","properties":{"nome":"Cairu","cod":"2905404","uf":"BA"},"geometry":{"type":"Polygon","coordinates":[[[-38.9754,-13.3886],[-38.9684,-13.3897],[-38.9539,-13.3888],[-38.9489,-13.3857],[-38.9428,-13.3952],[-38.9378,-13.3921],[-38.9257,-13.3794],[-38.9196,-13.3754],[-38.9161,-13.3724],[-38.9105,-13.3781],[-38.9085,-13.3802],[-38.9059,-13.3775],[-38.9058,-13.3807],[-38.9038,-13.3955],[-38.9068,-13.4015],[-38.9033,-13.4042],[-38.9025,-13.4155],[-38.9048,-13.426],[-38.9018,-13.4269],[-38.8968,-13.4322],[-38.8937,-13.4315],[-38.8916,-13.4425],[-38.8894,-13.4411],[-38.8882,-13.4442],[-38.8917,-13.4533],[-38.8891,-13.457],[-38.899,-13.4704],[-38.9048,-13.4775],[-38.9132,-13.4744],[-38.9178,-13.4763],[-38.9162,-13.4858],[-38.9049,-13.4837],[-38.9041,-13.4871],[-38.9092,-13.4894],[-38.9075,-13.494],[-38.9115,-13.5004],[-38.9269,-13.5101],[-38.9317,-13.5249],[-38.935,-13.5596],[-38.9329,-13.5698],[-38.9265,-13.5759],[-38.9145,-13.5772],[-38.9145,-13.5817],[-38.9147,-13.5885],[-38.902,-13.598],[-38.9058,-13.6071],[-38.9057,-13.6213],[-38.8965,-13.6254],[-38.8894,-13.6201],[-38.8905,-13.656],[-38.9152,-13.6735],[-38.9219,-13.6567],[-38.9366,-13.6551],[-38.9445,-13.6599],[-38.9473,-13.6635],[-38.9521,-13.6688],[-38.9664,-13.6702],[-38.9654,-13.6768],[-38.9709,-13.6612],[-38.9712,-13.6543],[-38.9708,-13.6395],[-38.9841,-13.6265],[-38.98,-13.611],[-39.0019,-13.5885],[-39.0039,-13.5795],[-39.0051,-13.5743],[-39.0111,-13.5727],[-39.0118,-13.5727],[-39.0204,-13.5751],[-39.0287,-13.5857],[-39.0435,-13.577],[-39.0475,-13.5775],[-39.049,-13.5814],[-39.0548,-13.5812],[-39.0638,-13.567],[-39.0688,-13.5701],[-39.073,-13.5678],[-39.082,-13.5814],[-39.0899,-13.5746],[-39.0952,-13.5641],[-39.0873,-13.5512],[-39.089,-13.5448],[-39.0927,-13.5353],[-39.0832,-13.5062],[-39.0733,-13.4975],[-39.0702,-13.4874],[-39.0592,-13.4689],[-39.0486,-13.4053],[-39.038,-13.3884],[-39.0052,-13.3717],[-38.994,-13.3716],[-38.9836,-13.3781],[-38.9754,-13.3886]]]}},{"type":"Feature","properties":{"nome":"Caldeirão Grande","cod":"2905503","uf":"BA"},"geometry":{"type":"Polygon","coordinates":[[[-40.2333,-10.9285],[-40.2098,-10.9509],[-40.1631,-10.9953],[-40.1492,-11.0088],[-40.0815,-11.0745],[-40.0775,-11.0783],[-40.0774,-11.0783],[-39.9909,-11.1613],[-40.0817,-11.1409],[-40.1112,-11.1338],[-40.173,-11.119],[-40.2197,-11.1078],[-40.2199,-11.1077],[-40.2745,-11.0946],[-40.3475,-11.077],[-40.4215,-11.0592],[-40.4148,-11.056],[-40.4154,-11.0482],[-40.4123,-11.0485],[-40.4025,-11.0535],[-40.3732,-11.059],[-40.3511,-10.9881],[-40.3423,-10.9394],[-40.3307,-10.9392],[-40.2844,-10.9385],[-40.279,-10.9384],[-40.2463,-10.9313],[-40.2333,-10.9285]]]}},{"type":"Feature","properties":{"nome":"Camacan","cod":"2905602","uf":"BA"},"geometry":{"type":"Polygon","coordinates":[[[-39.616,-15.27],[-39.6116,-15.2749],[-39.604,-15.274],[-39.6023,-15.2729],[-39.5953,-15.2715],[-39.5801,-15.282],[-39.573,-15.2799],[-39.565,-15.2904],[-39.5523,-15.2934],[-39.544,-15.2897],[-39.541,-15.2947],[-39.5371,-15.294],[-39.522,-15.2996],[-39.5047,-15.2907],[-39.4998,-15.2902],[-39.4915,-15.3003],[-39.4914,-15.3005],[-39.4851,-15.3076],[-39.4871,-15.3206],[-39.484,-15.3366],[-39.4801,-15.3493],[-39.4741,-15.3505],[-39.4687,-15.3606],[-39.46,-15.3628],[-39.4589,-15.3882],[-39.4657,-15.4003],[-39.4581,-15.4085],[-39.4532,-15.4078],[-39.4431,-15.3993],[-39.4418,-15.3844],[-39.431,-15.3825],[-39.4225,-15.3876],[-39.4283,-15.4054],[-39.4225,-15.411],[-39.3986,-15.4178],[-39.3924,-15.4226],[-39.3833,-15.4219],[-39.3805,-15.4249],[-39.3755,-15.439],[-39.369,-15.4461],[-39.3699,-15.4523],[-39.3661,-15.4558],[-39.3632,-15.4704],[-39.3842,-15.4862],[-39.3943,-15.4934],[-39.4036,-15.4878],[-39.4097,-15.4842],[-39.4219,-15.4804],[-39.4331,-15.4866],[-39.4346,-15.4895],[-39.436,-15.5076],[-39.4331,-15.515],[-39.4364,-15.5178],[-39.4392,-15.5253],[-39.4333,-15.5236],[-39.4268,-15.5282],[-39.4297,-15.5386],[-39.418,-15.5404],[-39.4143,-15.5458],[-39.4154,-15.5505],[-39.4072,-15.5521],[-39.4045,-15.5558],[-39.41,-15.5656],[-39.4281,-15.5661],[-39.4462,-15.5813],[-39.4533,-15.5774],[-39.4669,-15.5788],[-39.4717,-15.5751],[-39.4793,-15.5606],[-39.4719,-15.5576],[-39.474,-15.5513],[-39.4884,-15.5573],[-39.4943,-15.5658],[-39.4996,-15.5677],[-39.507,-15.5909],[-39.5116,-15.6019],[-39.5208,-15.6139],[-39.5253,-15.6147],[-39.5436,-15.6118],[-39.5506,-15.6041],[-39.5787,-15.5932],[-39.5837,-15.5932],[-39.5893,-15.5998],[-39.5969,-15.5554],[-39.6018,-15.5269],[-39.61,-15.4798],[-39.6136,-15.4704],[-39.6223,-15.4591],[-39.6034,-15.4367],[-39.5994,-15.4264],[-39.5861,-15.416],[-39.5924,-15.399],[-39.5901,-15.3772],[-39.5984,-15.3744],[-39.6025,-15.3605],[-39.6236,-15.3508],[-39.624,-15.3502],[-39.6265,-15.3416],[-39.623,-15.3378],[-39.6312,-15.3156],[-39.6316,-15.3013],[-39.6392,-15.2941],[-39.6418,-15.2832],[-39.6511,-15.2738],[-39.6386,-15.2758],[-39.6229,-15.269],[-39.616,-15.27]]]}},{"type":"Feature","properties":{"nome":"Camaçari","cod":"2905701","uf":"BA"},"geometry":{"type":"Polygon","coordinates":[[[-38.1731,-12.4671],[-38.1828,-12.478],[-38.1782,-12.4866],[-38.1703,-12.4894],[-38.1634,-12.4874],[-38.1611,-12.4944],[-38.1557,-12.4938],[-38.1572,-12.5016],[-38.1414,-12.4964],[-38.1253,-12.5067],[-38.1197,-12.5076],[-38.1152,-12.5042],[-38.1143,-12.5088],[-38.11,-12.5081],[-38.1061,-12.5028],[-38.0972,-12.5001],[-38.0956,-12.4924],[-38.1005,-12.4855],[-38.1,-12.4783],[-38.0889,-12.4767],[-38.0867,-12.4728],[-38.0692,-12.4662],[-38.0716,-12.471],[-38.0648,-12.4821],[-38.0657,-12.4947],[-38.0744,-12.5003],[-38.0647,-12.5269],[-38.0653,-12.5314],[-38.0713,-12.5342],[-38.0562,-12.5619],[-38.0455,-12.5613],[-38.0496,-12.5691],[-38.0433,-12.5695],[-38.046,-12.5759],[-38.0486,-12.5829],[-38.0412,-12.5864],[-38.0353,-12.5888],[-38.0325,-12.5947],[-38.0321,-12.5958],[-38.0441,-12.6118],[-38.0492,-12.6345],[-38.0569,-12.638],[-38.0646,-12.6495],[-38.0775,-12.6564],[-38.0912,-12.6751],[-38.1245,-12.7062],[-38.1765,-12.7718],[-38.1971,-12.7886],[-38.2148,-12.8156],[-38.233,-12.8322],[-38.2476,-12.8536],[-38.2666,-12.8709],[-38.2783,-12.8761],[-38.2788,-12.8687],[-38.2922,-12.8678],[-38.2893,-12.8542],[-38.2935,-12.8539],[-38.3041,-12.8572],[-38.3094,-12.8498],[-38.3151,-12.8483],[-38.3124,-12.8395],[-38.3278,-12.8344],[-38.33,-12.8297],[-38.3267,-12.8173],[-38.3281,-12.815],[-38.3342,-12.8173],[-38.3341,-12.8101],[-38.3295,-12.8017],[-38.332,-12.7959],[-38.3297,-12.7933],[-38.3354,-12.7831],[-38.3367,-12.774],[-38.345,-12.7685],[-38.344,-12.7626],[-38.3479,-12.7595],[-38.347,-12.7536],[-38.3517,-12.7421],[-38.349,-12.7367],[-38.3549,-12.7311],[-38.3567,-12.7171],[-38.3718,-12.704],[-38.3729,-12.6807],[-38.3778,-12.6751],[-38.3741,-12.6705],[-38.3609,-12.6554],[-38.3521,-12.6372],[-38.3395,-12.6438],[-38.3401,-12.6337],[-38.3371,-12.6295],[-38.3037,-12.6212],[-38.2918,-12.6342],[-38.2838,-12.6278],[-38.2754,-12.6349],[-38.267,-12.6345],[-38.2646,-12.6315],[-38.2607,-12.6299],[-38.2477,-12.637],[-38.2383,-12.6493],[-38.221,-12.641],[-38.2102,-12.6296],[-38.2082,-12.626],[-38.1845,-12.6149],[-38.1793,-12.5952],[-38.1566,-12.5951],[-38.1425,-12.6046],[-38.1341,-12.6001],[-38.141,-12.5745],[-38.1472,-12.5734],[-38.1495,-12.5682],[-38.1551,-12.5696],[-38.1634,-12.5658],[-38.1612,-12.553],[-38.1708,-12.5467],[-38.1694,-12.5404],[-38.1785,-12.5405],[-38.1855,-12.5413],[-38.1966,-12.5603],[-38.2084,-12.5673],[-38.2153,-12.5662],[-38.2196,-12.562],[-38.2164,-12.5531],[-38.2242,-12.545],[-38.228,-12.5309],[-38.2261,-12.5205],[-38.2405,-12.5145],[-38.2413,-12.5052],[-38.2462,-12.4994],[-38.2464,-12.4992],[-38.2487,-12.4963],[-38.2429,-12.4853],[-38.244,-12.4685],[-38.2261,-12.4755],[-38.2138,-12.4655],[-38.2135,-12.458],[-38.201,-12.4566],[-38.1959,-12.4519],[-38.1915,-12.4533],[-38.1876,-12.4604],[-38.1735,-12.4615],[-38.1731,-12.4671]]]}},{"type":"Feature","properties":{"nome":"Camamu","cod":"2905800","uf":"BA"},"geometry":{"type":"Polygon","coordinates":[[[-39.1183,-13.8863],[-39.101,-13.8934],[-39.0813,-13.8933],[-39.0793,-13.9022],[-39.067,-13.9161],[-39.0659,-13.9168],[-39.0472,-13.9177],[-39.018,-13.909],[-39.0094,-13.8968],[-38.9859,-13.8955],[-38.9953,-13.9115],[-38.9979,-13.9312],[-38.9974,-13.9399],[-38.9863,-13.9626],[-38.9844,-13.9741],[-38.9926,-13.9941],[-39.0061,-14.0259],[-39.0053,-14.0304],[-38.9986,-14.033],[-38.9918,-14.0373],[-38.9824,-14.0515],[-38.9829,-14.0715],[-38.9873,-14.0795],[-39.002,-14.0825],[-39.0151,-14.0944],[-39.0353,-14.1021],[-39.0481,-14.1089],[-39.0572,-14.103],[-39.0666,-14.1102],[-39.0674,-14.1109],[-39.0816,-14.1064],[-39.095,-14.1109],[-39.1041,-14.1091],[-39.1051,-14.1058],[-39.1347,-14.0921],[-39.1359,-14.0916],[-39.1591,-14.0968],[-39.1655,-14.1022],[-39.173,-14.1016],[-39.196,-14.1035],[-39.2191,-14.1121],[-39.2402,-14.122],[-39.2691,-14.1357],[-39.3027,-14.142],[-39.3254,-14.1452],[-39.3311,-14.1461],[-39.3356,-14.1467],[-39.3445,-14.148],[-39.3461,-14.1482],[-39.3504,-14.1421],[-39.3431,-14.1228],[-39.3466,-14.1189],[-39.3476,-14.1211],[-39.3495,-14.1154],[-39.3432,-14.1129],[-39.342,-14.104],[-39.3372,-14.1076],[-39.3313,-14.0957],[-39.3304,-14.0891],[-39.3353,-14.0817],[-39.3409,-14.0801],[-39.3415,-14.0712],[-39.3448,-14.0689],[-39.3406,-14.068],[-39.3424,-14.0648],[-39.3483,-14.0638],[-39.3479,-14.0491],[-39.3543,-14.0463],[-39.3553,-14.0459],[-39.3688,-14.0492],[-39.3759,-14.0403],[-39.372,-14.0357],[-39.3734,-14.0319],[-39.3805,-14.0308],[-39.3843,-14.0359],[-39.3827,-14.0271],[-39.3912,-14.0276],[-39.3944,-14.0217],[-39.3977,-14.0246],[-39.4043,-14.0237],[-39.4049,-14.0149],[-39.4127,-14.0089],[-39.4061,-14.0069],[-39.4045,-13.9994],[-39.4035,-13.9864],[-39.3914,-13.991],[-39.3906,-13.9829],[-39.3844,-13.9746],[-39.3859,-13.9629],[-39.3814,-13.9599],[-39.3377,-13.9536],[-39.3259,-13.9534],[-39.3151,-13.9681],[-39.3095,-13.9692],[-39.3038,-13.9652],[-39.3052,-13.9563],[-39.296,-13.9333],[-39.285,-13.9337],[-39.2819,-13.9366],[-39.2344,-13.9337],[-39.23,-13.9372],[-39.2155,-13.9292],[-39.2143,-13.933],[-39.2075,-13.9328],[-39.2043,-13.9364],[-39.1901,-13.9078],[-39.1795,-13.8993],[-39.1749,-13.9005],[-39.1652,-13.8939],[-39.1546,-13.8957],[-39.146,-13.888],[-39.1412,-13.8877],[-39.1426,-13.8915],[-39.1385,-13.8924],[-39.1376,-13.892],[-39.1294,-13.8919],[-39.1253,-13.8862],[-39.1183,-13.8863]]]}},{"type":"Feature","properties":{"nome":"Campo Alegre de Lourdes","cod":"2905909","uf":"BA"},"geometry":{"type":"Polygon","coordinates":[[[-43.2847,-9.4196],[-43.2784,-9.4242],[-43.2725,-9.4224],[-43.2663,-9.4115],[-43.2419,-9.4115],[-43.2286,-9.4025],[-43.2182,-9.4002],[-43.2139,-9.3992],[-43.2075,-9.4008],[-43.2019,-9.406],[-43.1983,-9.4176],[-43.1913,-9.42],[-43.1735,-9.4108],[-43.1582,-9.3766],[-43.1468,-9.3759],[-43.1328,-9.3869],[-43.1293,-9.3796],[-43.1235,-9.3786],[-43.1192,-9.3715],[-43.1113,-9.3801],[-43.107,-9.3781],[-43.1037,-9.386],[-43.0953,-9.3851],[-43.0849,-9.3909],[-43.0825,-9.3969],[-43.0742,-9.3993],[-43.0662,-9.3936],[-43.0589,-9.3965],[-43.0565,-9.4187],[-43.0518,-9.4126],[-43.0397,-9.4142],[-43.0123,-9.4073],[-43.0059,-9.409],[-42.9975,-9.4041],[-42.9875,-9.4009],[-42.9699,-9.4091],[-42.9578,-9.4289],[-42.956,-9.4382],[-42.9625,-9.4566],[-42.9617,-9.4694],[-42.9514,-9.4972],[-42.951,-9.51],[-42.9459,-9.518],[-42.9281,-9.5268],[-42.9036,-9.5263],[-42.8763,-9.5612],[-42.8676,-9.5636],[-42.8622,-9.56],[-42.8476,-9.5492],[-42.8367,-9.55],[-42.8278,-9.5601],[-42.8294,-9.5808],[-42.8211,-9.5984],[-42.8202,-9.6188],[-42.8042,-9.6219],[-42.7841,-9.6203],[-42.7648,-9.6163],[-42.7605,-9.609],[-42.7574,-9.5889],[-42.7418,-9.5817],[-42.7321,-9.5687],[-42.7178,-9.5578],[-42.7158,-9.5507],[-42.7216,-9.5368],[-42.7205,-9.5309],[-42.7118,-9.5298],[-42.6908,-9.545],[-42.6887,-9.5649],[-42.7096,-9.5855],[-42.7071,-9.5949],[-42.7098,-9.6056],[-42.7067,-9.6078],[-42.7065,-9.6144],[-42.7109,-9.6154],[-42.7112,-9.6184],[-42.7157,-9.6165],[-42.7151,-9.6217],[-42.7152,-9.6293],[-42.7186,-9.6313],[-42.7168,-9.6514],[-42.7231,-9.6557],[-42.7262,-9.6672],[-42.7359,-9.6779],[-42.7297,-9.6857],[-42.7446,-9.6926],[-42.7489,-9.7016],[-42.7539,-9.7032],[-42.7556,-9.712],[-42.7612,-9.7146],[-42.7611,-9.7205],[-42.7675,-9.7258],[-42.7652,-9.7291],[-42.77,-9.7375],[-42.7724,-9.7374],[-42.7943,-9.7369],[-42.8192,-9.7364],[-42.851,-9.7356],[-43.0658,-9.7306],[-43.066,-9.7306],[-43.1869,-9.7281],[-43.3122,-9.7256],[-43.3631,-9.7244],[-43.3729,-9.724],[-43.4131,-9.6498],[-43.4424,-9.5959],[-43.4878,-9.5119],[-43.4927,-9.5028],[-43.5401,-9.479],[-43.5427,-9.4777],[-43.5432,-9.3484],[-43.5434,-9.3084],[-43.5405,-9.3078],[-43.5252,-9.2996],[-43.4971,-9.2721],[-43.4851,-9.2649],[-43.4583,-9.2609],[-43.4377,-9.2657],[-43.4274,-9.2722],[-43.3988,-9.3078],[-43.3917,-9.3223],[-43.376,-9.3485],[-43.3609,-9.364],[-43.3532,-9.3685],[-43.3357,-9.3682],[-43.3238,-9.3763],[-43.3146,-9.389],[-43.3015,-9.3934],[-43.2928,-9.4005],[-43.2847,-9.4196]]]}},{"type":"Feature","properties":{"nome":"Campo Formoso","cod":"2906006","uf":"BA"},"geometry":{"type":"Polygon","coordinates":[[[-40.317,-9.9067],[-40.3139,-9.9267],[-40.3159,-9.9374],[-40.3301,-9.958],[-40.3214,-9.9801],[-40.3338,-10.0252],[-40.3451,-10.0363],[-40.3776,-10.0551],[-40.3815,-10.0665],[-40.3949,-10.0713],[-40.4115,-10.0973],[-40.4109,-10.1059],[-40.4002,-10.1092],[-40.397,-10.1223],[-40.3829,-10.1358],[-40.3727,-10.1396],[-40.3644,-10.1389],[-40.3587,-10.1223],[-40.3596,-10.1097],[-40.34,-10.115],[-40.3294,-10.1218],[-40.3108,-10.1243],[-40.289,-10.1347],[-40.2817,-10.1425],[-40.2811,-10.1525],[-40.2746,-10.1609],[-40.2684,-10.1803],[-40.261,-10.191],[-40.2531,-10.1943],[-40.2451,-10.2108],[-40.2406,-10.2139],[-40.2373,-10.23],[-40.2442,-10.2515],[-40.2456,-10.258],[-40.2409,-10.267],[-40.2382,-10.2721],[-40.2415,-10.2803],[-40.2326,-10.2917],[-40.2278,-10.3077],[-40.2351,-10.339],[-40.2467,-10.3503],[-40.2439,-10.3616],[-40.2435,-10.3625],[-40.2398,-10.3792],[-40.2411,-10.3827],[-40.2491,-10.3819],[-40.2508,-10.3899],[-40.2491,-10.4036],[-40.2403,-10.4046],[-40.245,-10.4082],[-40.2488,-10.4204],[-40.2437,-10.4292],[-40.2536,-10.4404],[-40.2438,-10.4429],[-40.2439,-10.4553],[-40.2326,-10.4617],[-40.244,-10.4818],[-40.2422,-10.4838],[-40.2483,-10.5043],[-40.3135,-10.5217],[-40.3202,-10.5235],[-40.3262,-10.5251],[-40.3695,-10.5367],[-40.3696,-10.5367],[-40.3984,-10.545],[-40.4398,-10.5597],[-40.4509,-10.5636],[-40.5077,-10.622],[-40.5157,-10.6301],[-40.5588,-10.6745],[-40.6496,-10.6572],[-40.6933,-10.6488],[-40.8416,-10.6205],[-40.9035,-10.6086],[-40.9333,-10.6029],[-40.9332,-10.597],[-40.9309,-10.587],[-40.9237,-10.5866],[-40.9203,-10.5659],[-40.9159,-10.5629],[-40.9198,-10.5591],[-40.9196,-10.5624],[-40.923,-10.563],[-40.9225,-10.5583],[-40.9172,-10.5525],[-40.9169,-10.5584],[-40.9138,-10.5572],[-40.913,-10.5496],[-40.9047,-10.5519],[-40.9042,-10.5442],[-40.8952,-10.5506],[-40.8922,-10.5418],[-40.896,-10.5398],[-40.8886,-10.5358],[-40.8844,-10.5374],[-40.8819,-10.5335],[-40.8872,-10.5297],[-40.8823,-10.5285],[-40.8874,-10.52],[-40.8842,-10.5196],[-40.8823,-10.5247],[-40.8776,-10.522],[-40.8784,-10.509],[-40.872,-10.5019],[-40.8839,-10.4941],[-40.8909,-10.4991],[-40.8891,-10.5048],[-40.8926,-10.5097],[-40.8986,-10.5095],[-40.9,-10.5172],[-40.9135,-10.5127],[-40.9223,-10.5153],[-40.9336,-10.5067],[-40.9348,-10.5105],[-40.9422,-10.5087],[-40.9461,-10.486],[-40.9661,-10.4765],[-40.9667,-10.4703],[-40.9731,-10.4656],[-40.9831,-10.4693],[-40.9877,-10.4651],[-40.9899,-10.452],[-41.0038,-10.4503],[-41.0084,-10.4393],[-41.0095,-10.4358],[-41.0196,-10.4314],[-41.0269,-10.4348],[-41.0296,-10.4401],[-41.0295,-10.4439],[-41.0383,-10.4513],[-41.051,-10.452],[-41.068,-10.4599],[-41.1005,-10.4598],[-41.1009,-10.465],[-41.1066,-10.4665],[-41.1395,-10.4505],[-41.1462,-10.4494],[-41.1531,-10.445],[-41.1629,-10.4337],[-41.1822,-10.4311],[-41.1925,-10.4375],[-41.1924,-10.4421],[-41.2,-10.4468],[-41.2121,-10.4566],[-41.2252,-10.4535],[-41.23,-10.448],[-41.2328,-10.4362],[-41.2507,-10.4282],[-41.2559,-10.4142],[-41.2551,-10.4041],[-41.2504,-10.4014],[-41.2505,-10.3917],[-41.258,-10.383],[-41.2563,-10.3628],[-41.2603,-10.3514],[-41.2667,-10.3453],[-41.278,-10.3471],[-41.2792,-10.342],[-41.2732,-10.3419],[-41.2661,-10.3333],[-41.2427,-10.322],[-41.2406,-10.3035],[-41.2314,-10.2952],[-41.2149,-10.2874],[-41.2062,-10.2735],[-41.1931,-10.2703],[-41.1686,-10.2521],[-41.1625,-10.2523],[-41.1553,-10.247],[-41.1561,-10.2383],[-41.1503,-10.2352],[-41.1447,-10.2214],[-41.1524,-10.2141],[-41.1578,-10.2151],[-41.1599,-10.2068],[-41.1713,-10.196],[-41.1677,-10.1893],[-41.1618,-10.1815],[-41.1659,-10.1753],[-41.1581,-10.1606],[-41.1574,-10.1551],[-41.163,-10.151],[-41.1605,-10.1437],[-41.1687,-10.1338],[-41.1588,-10.1148],[-41.16,-10.1117],[-41.1675,-10.1097],[-41.1665,-10.1046],[-41.1782,-10.1067],[-41.1805,-10.1053],[-41.1782,-10.0944],[-41.1899,-10.0887],[-41.193,-10.0818],[-41.1914,-10.0557],[-41.1819,-10.0507],[-41.1826,-10.0442],[-41.1692,-10.0257],[-41.1695,-10.0198],[-41.193,-10.0072],[-41.2083,-9.9931],[-41.252,-9.9793],[-41.2556,-9.9737],[-41.2496,-9.9602],[-41.2554,-9.9464],[-41.2373,-9.9454],[-41.2359,-9.9251],[-41.2173,-9.9382],[-41.2148,-9.9579],[-41.1981,-9.9542],[-41.1804,-9.9567],[-41.1667,-9.9452],[-41.1494,-9.94],[-41.1352,-9.9218],[-41.124,-9.9248],[-41.1104,-9.9103],[-41.1024,-9.9174],[-41.1074,-9.9378],[-41.1034,-9.9454],[-41.0988,-9.9461],[-41.0916,-9.9409],[-41.079,-9.942],[-41.0737,-9.9393],[-41.0615,-9.9224],[-41.0582,-9.9181],[-41.0488,-9.9182],[-41.0406,-9.9285],[-41.0362,-9.916],[-41.028,-9.9103],[-41.0071,-9.9065],[-41.0007,-9.9132],[-41.0057,-9.924],[-41.0129,-9.9303],[-41.0136,-9.9385],[-40.9698,-9.9454],[-40.9576,-9.9432],[-40.8035,-9.9147],[-40.7166,-9.8986],[-40.6431,-9.885],[-40.6282,-9.886],[-40.5503,-9.8912],[-40.5499,-9.8913],[-40.317,-9.9067]]]}},{"type":"Feature","properties":{"nome":"Canápolis","cod":"2906105","uf":"BA"},"geometry":{"type":"Polygon","coordinates":[[[-44.1147,-13.1462],[-44.1405,-13.2046],[-44.1515,-13.1956],[-44.1627,-13.1956],[-44.1754,-13.1974],[-44.1786,-13.2018],[-44.1931,-13.1984],[-44.2251,-13.2023],[-44.2341,-13.1971],[-44.2396,-13.1936],[-44.2672,-13.1485],[-44.2704,-13.1464],[-44.2775,-13.1383],[-44.2883,-13.128],[-44.3188,-13.1259],[-44.3501,-13.1128],[-44.3378,-13.0653],[-44.3296,-13.048],[-44.3092,-13.0348],[-44.2941,-13.0116],[-44.289,-13.0],[-44.2791,-12.9949],[-44.2651,-12.9943],[-44.2564,-12.9809],[-44.2072,-12.9876],[-44.1295,-13.0293],[-44.1255,-13.0316],[-44.0766,-13.0599],[-44.0766,-13.06],[-44.0983,-13.1091],[-44.1147,-13.1462]]]}},{"type":"Feature","properties":{"nome":"Canarana","cod":"2906204","uf":"BA"},"geometry":{"type":"Polygon","coordinates":[[[-41.6429,-11.6083],[-41.6375,-11.613],[-41.633,-11.6093],[-41.6252,-11.611],[-41.6222,-11.6108],[-41.6186,-11.6152],[-41.6145,-11.6119],[-41.6081,-11.6159],[-41.604,-11.6109],[-41.5924,-11.6133],[-41.5958,-11.6469],[-41.5993,-11.6786],[-41.5994,-11.6792],[-41.6042,-11.7403],[-41.6035,-11.7739],[-41.6038,-11.7774],[-41.6081,-11.815],[-41.6095,-11.8268],[-41.6113,-11.8425],[-41.6163,-11.8852],[-41.6482,-11.888],[-41.6527,-11.8884],[-41.668,-11.9249],[-41.6759,-11.9437],[-41.6905,-11.9109],[-41.6979,-11.8942],[-41.7508,-11.8792],[-41.7565,-11.8683],[-41.7634,-11.8511],[-41.7638,-11.8503],[-41.7832,-11.802],[-41.8209,-11.7484],[-41.8613,-11.7096],[-41.8606,-11.7091],[-41.8608,-11.7049],[-41.855,-11.6992],[-41.8469,-11.6998],[-41.8394,-11.6951],[-41.835,-11.697],[-41.8344,-11.692],[-41.8325,-11.6894],[-41.8227,-11.6915],[-41.8127,-11.6822],[-41.8098,-11.6849],[-41.8038,-11.6835],[-41.8019,-11.6868],[-41.7979,-11.6842],[-41.7991,-11.6884],[-41.7959,-11.6914],[-41.7882,-11.6836],[-41.7847,-11.6872],[-41.7794,-11.6796],[-41.7765,-11.6817],[-41.774,-11.6827],[-41.7704,-11.678],[-41.7701,-11.6782],[-41.7668,-11.6814],[-41.7637,-11.6788],[-41.7673,-11.6715],[-41.762,-11.6737],[-41.757,-11.6678],[-41.7475,-11.6689],[-41.7396,-11.6656],[-41.7343,-11.6515],[-41.7277,-11.6553],[-41.7199,-11.6439],[-41.7181,-11.6477],[-41.7148,-11.6441],[-41.7123,-11.6476],[-41.7057,-11.6394],[-41.7,-11.6467],[-41.6985,-11.635],[-41.6876,-11.6361],[-41.6922,-11.6301],[-41.68,-11.622],[-41.6709,-11.6251],[-41.6689,-11.6149],[-41.6653,-11.6163],[-41.6429,-11.6083]]]}},{"type":"Feature","properties":{"nome":"Canavieiras","cod":"2906303","uf":"BA"},"geometry":{"type":"Polygon","coordinates":[[[-38.9509,-15.4744],[-38.9422,-15.5278],[-38.944,-15.5953],[-38.9377,-15.6431],[-38.9327,-15.6755],[-38.923,-15.7089],[-38.9144,-15.7136],[-38.8984,-15.7601],[-38.8997,-15.7646],[-38.998,-15.774],[-39.1027,-15.7835],[-39.1042,-15.7837],[-39.1083,-15.7901],[-39.1188,-15.7851],[-39.1178,-15.7932],[-39.1225,-15.798],[-39.1406,-15.7983],[-39.1408,-15.7982],[-39.1546,-15.7934],[-39.1575,-15.7878],[-39.1832,-15.8013],[-39.2019,-15.7999],[-39.2136,-15.7892],[-39.2168,-15.7912],[-39.2143,-15.797],[-39.2239,-15.8022],[-39.2381,-15.7974],[-39.2513,-15.8108],[-39.2485,-15.8205],[-39.2636,-15.8161],[-39.2699,-15.8233],[-39.2704,-15.8428],[-39.2777,-15.827],[-39.2851,-15.8304],[-39.2875,-15.8436],[-39.2902,-15.8448],[-39.2941,-15.8391],[-39.3018,-15.8464],[-39.3175,-15.845],[-39.3356,-15.8484],[-39.3388,-15.8455],[-39.3464,-15.8499],[-39.3566,-15.8502],[-39.3679,-15.8255],[-39.3683,-15.8251],[-39.3715,-15.8221],[-39.3865,-15.823],[-39.3923,-15.8121],[-39.3909,-15.7994],[-39.368,-15.7447],[-39.3637,-15.7343],[-39.3518,-15.7058],[-39.3483,-15.6875],[-39.3324,-15.6772],[-39.3244,-15.6613],[-39.318,-15.6563],[-39.2908,-15.6384],[-39.2868,-15.6408],[-39.2744,-15.6393],[-39.2616,-15.633],[-39.2579,-15.6278],[-39.2342,-15.6221],[-39.2293,-15.6141],[-39.2232,-15.6111],[-39.2231,-15.6051],[-39.2123,-15.6016],[-39.209,-15.5945],[-39.1882,-15.5924],[-39.1836,-15.5972],[-39.1736,-15.5963],[-39.1607,-15.6025],[-39.1573,-15.5999],[-39.1411,-15.5926],[-39.1436,-15.588],[-39.1517,-15.5891],[-39.1497,-15.5797],[-39.1534,-15.5738],[-39.1675,-15.5758],[-39.1747,-15.5717],[-39.1733,-15.5585],[-39.1673,-15.5566],[-39.1649,-15.5389],[-39.1696,-15.5369],[-39.1692,-15.5342],[-39.1823,-15.5317],[-39.1865,-15.5262],[-39.1949,-15.5316],[-39.2078,-15.5108],[-39.2103,-15.5067],[-39.2088,-15.5015],[-39.1985,-15.4944],[-39.1827,-15.4915],[-39.1663,-15.4955],[-39.1535,-15.4899],[-39.1434,-15.4938],[-39.1236,-15.4921],[-39.1142,-15.4869],[-39.1046,-15.4863],[-39.0899,-15.4696],[-39.0447,-15.459],[-39.0208,-15.4376],[-39.0254,-15.4259],[-39.0198,-15.414],[-39.0238,-15.4074],[-39.01,-15.3824],[-39.0012,-15.3826],[-38.9882,-15.3839],[-38.9736,-15.3857],[-38.9537,-15.4587],[-38.9555,-15.4705],[-38.9509,-15.4744]]]}},{"type":"Feature","properties":{"nome":"Candeal","cod":"2906402","uf":"BA"},"geometry":{"type":"Polygon","coordinates":[[[-39.1748,-11.9812],[-39.2971,-11.9913],[-39.2977,-11.9865],[-39.2977,-11.9832],[-39.2941,-11.9822],[-39.296,-11.9772],[-39.2896,-11.9744],[-39.2857,-11.9676],[-39.2967,-11.9575],[-39.307,-11.9413],[-39.3039,-11.9285],[-39.2965,-11.9244],[-39.2956,-11.9172],[-39.2852,-11.9002],[-39.2792,-11.8958],[-39.2789,-11.8956],[-39.2756,-11.886],[-39.278,-11.8809],[-39.2733,-11.8719],[-39.2823,-11.8572],[-39.2767,-11.8489],[-39.2801,-11.8298],[-39.2798,-11.8297],[-39.2698,-11.8121],[-39.264,-11.8085],[-39.2508,-11.7803],[-39.2404,-11.7739],[-39.2301,-11.773],[-39.2295,-11.773],[-39.2282,-11.7728],[-39.2248,-11.7726],[-39.1503,-11.7662],[-39.1103,-11.7628],[-39.0651,-11.7589],[-39.0641,-11.7603],[-39.0619,-11.7692],[-39.0717,-11.798],[-39.0776,-11.8112],[-39.0773,-11.8277],[-39.0849,-11.836],[-39.0878,-11.8482],[-39.0836,-11.8522],[-39.0839,-11.8586],[-39.0969,-11.8848],[-39.1085,-11.8889],[-39.1104,-11.8984],[-39.1131,-11.9034],[-39.1194,-11.9219],[-39.1325,-11.9279],[-39.139,-11.9322],[-39.1455,-11.9436],[-39.1641,-11.9514],[-39.1649,-11.9578],[-39.1647,-11.9581],[-39.1629,-11.9618],[-39.1738,-11.9648],[-39.1722,-11.9776],[-39.1748,-11.9812]]]}},{"type":"Feature","properties":{"nome":"Candeias","cod":"2906501","uf":"BA"},"geometry":{"type":"Polygon","coordinates":[[[-38.4728,-12.6073],[-38.4668,-12.609],[-38.4555,-12.5998],[-38.4554,-12.5997],[-38.454,-12.6029],[-38.4405,-12.6068],[-38.4307,-12.6077],[-38.4053,-12.5951],[-38.3987,-12.6008],[-38.3952,-12.6112],[-38.3936,-12.6178],[-38.4005,-12.6327],[-38.399,-12.6621],[-38.4055,-12.6567],[-38.414,-12.6598],[-38.4143,-12.6604],[-38.4435,-12.7334],[-38.4475,-12.7436],[-38.4527,-12.751],[-38.4503,-12.7616],[-38.4532,-12.7733],[-38.4629,-12.7921],[-38.4654,-12.7877],[-38.4765,-12.7823],[-38.4853,-12.7837],[-38.4911,-12.7899],[-38.4971,-12.7849],[-38.5022,-12.7802],[-38.5109,-12.7659],[-38.5117,-12.7465],[-38.5244,-12.7386],[-38.5345,-12.7368],[-38.5351,-12.7345],[-38.5346,-12.7243],[-38.5482,-12.7106],[-38.5524,-12.7076],[-38.555,-12.7092],[-38.5527,-12.7054],[-38.5572,-12.7036],[-38.5554,-12.6981],[-38.5582,-12.6978],[-38.5594,-12.6923],[-38.5596,-12.6737],[-38.5515,-12.6605],[-38.5546,-12.6519],[-38.5597,-12.6513],[-38.5609,-12.6529],[-38.567,-12.6493],[-38.5671,-12.644],[-38.5806,-12.6303],[-38.5623,-12.6283],[-38.5556,-12.6167],[-38.5417,-12.6116],[-38.5098,-12.597],[-38.4866,-12.5866],[-38.4845,-12.5932],[-38.4738,-12.5999],[-38.4728,-12.6073]]]}},{"type":"Feature","properties":{"nome":"Candiba","cod":"2906600","uf":"BA"},"geometry":{"type":"Polygon","coordinates":[[[-42.6868,-14.3908],[-42.7352,-14.4525],[-42.7402,-14.4588],[-42.7587,-14.4527],[-42.8017,-14.4381],[-42.8161,-14.4351],[-42.8202,-14.46],[-42.8353,-14.5586],[-42.8705,-14.5086],[-42.8808,-14.5068],[-42.8889,-14.5012],[-42.9042,-14.4835],[-42.9239,-14.4464],[-42.9292,-14.4369],[-42.9308,-14.4213],[-42.9467,-14.4092],[-42.956,-14.3961],[-42.9696,-14.3917],[-42.9331,-14.3637],[-42.933,-14.3636],[-42.9199,-14.3536],[-42.8804,-14.3248],[-42.8794,-14.3246],[-42.8649,-14.3221],[-42.7923,-14.3096],[-42.7792,-14.3092],[-42.7348,-14.3484],[-42.6868,-14.3908]]]}},{"type":"Feature","properties":{"nome":"Cândido Sales","cod":"2906709","uf":"BA"},"geometry":{"type":"Polygon","coordinates":[[[-41.094,-15.1007],[-41.1353,-15.1969],[-41.1846,-15.3118],[-41.1804,-15.3116],[-41.1804,-15.3118],[-41.1784,-15.3205],[-41.1596,-15.335],[-41.1584,-15.3388],[-41.1507,-15.3384],[-41.1368,-15.3548],[-41.1377,-15.3623],[-41.1336,-15.3724],[-41.1437,-15.3854],[-41.1401,-15.4023],[-41.131,-15.404],[-41.1079,-15.4207],[-41.0966,-15.4234],[-41.09,-15.4333],[-41.0919,-15.4395],[-41.0805,-15.4589],[-41.0567,-15.4596],[-41.0475,-15.4652],[-41.0417,-15.4745],[-41.0348,-15.4725],[-41.0315,-15.4843],[-41.0405,-15.4961],[-41.0477,-15.4982],[-41.0495,-15.5044],[-41.0571,-15.5111],[-41.0673,-15.5102],[-41.0686,-15.5046],[-41.073,-15.5033],[-41.0779,-15.51],[-41.0911,-15.5184],[-41.0978,-15.5285],[-41.1065,-15.5297],[-41.1046,-15.5212],[-41.1114,-15.5195],[-41.1171,-15.5241],[-41.125,-15.5234],[-41.1275,-15.5274],[-41.1332,-15.5241],[-41.1389,-15.5355],[-41.1444,-15.5382],[-41.1453,-15.5448],[-41.1488,-15.543],[-41.1509,-15.5341],[-41.1664,-15.5319],[-41.1681,-15.5366],[-41.1729,-15.5363],[-41.1775,-15.5248],[-41.1842,-15.5232],[-41.1924,-15.5153],[-41.1967,-15.516],[-41.1976,-15.509],[-41.2029,-15.5066],[-41.2019,-15.4951],[-41.2051,-15.4912],[-41.2091,-15.4958],[-41.2136,-15.4953],[-41.2224,-15.5077],[-41.2373,-15.5131],[-41.2457,-15.5094],[-41.2581,-15.5143],[-41.2685,-15.5115],[-41.284,-15.5131],[-41.2916,-15.5078],[-41.3176,-15.5121],[-41.3365,-15.4977],[-41.3495,-15.5014],[-41.3622,-15.4942],[-41.3872,-15.4713],[-41.4639,-15.4014],[-41.6509,-15.2355],[-41.7012,-15.1902],[-41.7589,-15.1381],[-41.6115,-15.1846],[-41.6027,-15.1874],[-41.5614,-15.2005],[-41.4553,-15.2338],[-41.441,-15.2383],[-41.3967,-15.2524],[-41.3952,-15.2528],[-41.395,-15.2515],[-41.4031,-15.2117],[-41.4211,-15.1244],[-41.3699,-15.1466],[-41.3666,-15.1398],[-41.361,-15.1336],[-41.3384,-15.1477],[-41.2734,-15.1882],[-41.2313,-15.1687],[-41.094,-15.1007]]]}},{"type":"Feature","properties":{"nome":"Cansanção","cod":"2906808","uf":"BA"},"geometry":{"type":"Polygon","coordinates":[[[-39.2709,-10.6926],[-39.2716,-10.6968],[-39.2654,-10.6964],[-39.2604,-10.7183],[-39.262,-10.724],[-39.2557,-10.7385],[-39.2538,-10.7539],[-39.2421,-10.8027],[-39.2447,-10.8123],[-39.237,-10.8203],[-39.2346,-10.8397],[-39.2346,-10.8398],[-39.2245,-10.8948],[-39.2169,-10.913],[-39.2265,-10.9127],[-39.2332,-10.9059],[-39.2364,-10.9069],[-39.2352,-10.9226],[-39.241,-10.926],[-39.2332,-10.9531],[-39.2276,-10.9515],[-39.2239,-10.9637],[-39.2136,-10.9712],[-39.2152,-10.9803],[-39.2109,-10.9983],[-39.2247,-10.9995],[-39.2386,-10.9985],[-39.2467,-10.9921],[-39.2532,-10.9943],[-39.2586,-10.9923],[-39.264,-10.9926],[-39.2686,-10.9868],[-39.2779,-10.9872],[-39.2918,-10.9849],[-39.3122,-10.9892],[-39.3251,-10.9824],[-39.327,-10.9777],[-39.3275,-10.9666],[-39.3504,-10.9488],[-39.3769,-10.9486],[-39.3761,-10.9345],[-39.3703,-10.9294],[-39.3757,-10.8801],[-39.3706,-10.856],[-39.3647,-10.8465],[-39.368,-10.8398],[-39.3642,-10.8209],[-39.3699,-10.7982],[-39.3648,-10.7843],[-39.3703,-10.7771],[-39.3774,-10.766],[-39.4051,-10.7684],[-39.4445,-10.7718],[-39.512,-10.7775],[-39.5235,-10.7784],[-39.5243,-10.7784],[-39.5612,-10.7783],[-39.5615,-10.7784],[-39.587,-10.7783],[-39.622,-10.7779],[-39.6846,-10.7773],[-39.6837,-10.7648],[-39.6985,-10.7537],[-39.6927,-10.7449],[-39.693,-10.7372],[-39.7045,-10.7326],[-39.7098,-10.7196],[-39.7013,-10.7156],[-39.6981,-10.7007],[-39.7012,-10.6918],[-39.7002,-10.6817],[-39.6964,-10.6748],[-39.714,-10.6598],[-39.7302,-10.6575],[-39.7313,-10.6564],[-39.7322,-10.6551],[-39.7436,-10.6401],[-39.761,-10.5819],[-39.7634,-10.5649],[-39.7712,-10.5504],[-39.7679,-10.5382],[-39.7637,-10.5305],[-39.7607,-10.5223],[-39.765,-10.5138],[-39.7031,-10.5343],[-39.6651,-10.5469],[-39.665,-10.547],[-39.5177,-10.5957],[-39.5045,-10.6001],[-39.498,-10.6022],[-39.483,-10.6072],[-39.4606,-10.6146],[-39.4604,-10.6147],[-39.4513,-10.6177],[-39.445,-10.6198],[-39.3997,-10.6348],[-39.3781,-10.6419],[-39.3614,-10.6474],[-39.2747,-10.6761],[-39.2705,-10.6775],[-39.277,-10.6827],[-39.2741,-10.6917],[-39.2709,-10.6926]]]}},{"type":"Feature","properties":{"nome":"Canudos","cod":"2906824","uf":"BA"},"geometry":{"type":"Polygon","coordinates":[[[-39.0614,-9.6888],[-39.0548,-9.6899],[-39.0507,-9.6858],[-39.0475,-9.6905],[-39.0449,-9.6881],[-39.045,-9.6985],[-39.0408,-9.7003],[-39.0442,-9.7025],[-39.0377,-9.7087],[-39.0405,-9.7118],[-39.035,-9.7214],[-39.0352,-9.7291],[-39.0247,-9.7361],[-39.0201,-9.7438],[-39.0216,-9.7481],[-39.0135,-9.7485],[-39.0038,-9.7604],[-38.9976,-9.7603],[-38.9958,-9.7707],[-38.9845,-9.7676],[-38.9848,-9.7801],[-38.9798,-9.7841],[-38.9755,-9.7869],[-38.9798,-9.7956],[-38.9758,-9.7985],[-38.9752,-9.8165],[-38.9715,-9.8252],[-38.9502,-9.8451],[-38.9462,-9.8455],[-38.9349,-9.8686],[-38.9315,-9.8744],[-38.8781,-9.9671],[-38.6161,-10.2036],[-38.6117,-10.2076],[-38.6107,-10.2082],[-38.4963,-10.2821],[-38.4362,-10.3209],[-38.4362,-10.3211],[-38.6448,-10.3],[-38.655,-10.2989],[-38.6556,-10.2989],[-38.7653,-10.2877],[-38.7812,-10.2861],[-38.8156,-10.2826],[-38.8532,-10.2787],[-38.918,-10.3017],[-38.9285,-10.3054],[-39.0561,-10.3507],[-39.0602,-10.3521],[-39.1367,-10.293],[-39.1849,-10.2558],[-39.196,-10.2485],[-39.2027,-10.2368],[-39.2124,-10.2357],[-39.2237,-10.226],[-39.2327,-10.2337],[-39.2386,-10.234],[-39.2509,-10.2378],[-39.2553,-10.2452],[-39.2617,-10.2487],[-39.263,-10.2293],[-39.2692,-10.2188],[-39.2673,-10.1944],[-39.261,-10.1797],[-39.2597,-10.157],[-39.255,-10.1423],[-39.2631,-10.0991],[-39.2629,-10.0862],[-39.2525,-10.0759],[-39.25,-10.066],[-39.2472,-10.0538],[-39.2408,-10.0463],[-39.2414,-10.0411],[-39.2357,-10.0384],[-39.2365,-10.0336],[-39.2301,-10.0321],[-39.2275,-10.0247],[-39.2203,-10.0248],[-39.2208,-10.0122],[-39.2161,-10.0091],[-39.218,-10.0042],[-39.2134,-10.0028],[-39.2153,-9.9984],[-39.2058,-9.9874],[-39.2066,-9.9801],[-39.2016,-9.9727],[-39.2044,-9.9696],[-39.2035,-9.9625],[-39.2037,-9.9547],[-39.2036,-9.9545],[-39.2048,-9.8632],[-39.2049,-9.8629],[-39.2069,-9.8528],[-39.1992,-9.8335],[-39.2036,-9.8333],[-39.2017,-9.8273],[-39.2066,-9.8102],[-39.2055,-9.8018],[-39.2011,-9.7968],[-39.2029,-9.791],[-39.1949,-9.7845],[-39.1995,-9.7803],[-39.1967,-9.7735],[-39.1985,-9.7589],[-39.2044,-9.7573],[-39.1975,-9.7509],[-39.1995,-9.745],[-39.1967,-9.7424],[-39.2007,-9.7336],[-39.1941,-9.7326],[-39.1994,-9.7255],[-39.1977,-9.7208],[-39.1922,-9.7201],[-39.1905,-9.7145],[-39.1982,-9.7008],[-39.1884,-9.696],[-39.1601,-9.6993],[-39.1524,-9.6953],[-39.1408,-9.6806],[-39.1442,-9.6754],[-39.1394,-9.67],[-39.1328,-9.6494],[-39.1194,-9.6463],[-39.1176,-9.643],[-39.1103,-9.6421],[-39.1072,-9.6461],[-39.0994,-9.6502],[-39.0914,-9.6571],[-39.0819,-9.6587],[-39.0817,-9.6648],[-39.0668,-9.6755],[-39.0668,-9.6822],[-39.0579,-9.6844],[-39.0614,-9.6888]]]}},{"type":"Feature","properties":{"nome":"Capela do Alto Alegre","cod":"2906857","uf":"BA"},"geometry":{"type":"Polygon","coordinates":[[[-39.8914,-11.4856],[-39.8813,-11.515],[-39.872,-11.5234],[-39.8597,-11.5225],[-39.8526,-11.5554],[-39.8448,-11.5644],[-39.846,-11.5761],[-39.8424,-11.5837],[-39.8423,-11.5838],[-39.832,-11.5834],[-39.8179,-11.5922],[-39.8112,-11.5865],[-39.8081,-11.5844],[-39.7862,-11.5913],[-39.787,-11.5889],[-39.7731,-11.5923],[-39.765,-11.5906],[-39.7283,-11.6234],[-39.7246,-11.6358],[-39.7245,-11.636],[-39.7009,-11.7144],[-39.6966,-11.7283],[-39.6966,-11.7285],[-39.6917,-11.7528],[-39.6852,-11.785],[-39.6907,-11.7876],[-39.6952,-11.8241],[-39.707,-11.8458],[-39.7197,-11.8544],[-39.7232,-11.8629],[-39.7364,-11.885],[-39.7331,-11.8928],[-39.7533,-11.8748],[-39.7933,-11.8393],[-39.8099,-11.8246],[-39.8109,-11.8237],[-39.8525,-11.7866],[-39.9111,-11.7345],[-39.9117,-11.734],[-39.9093,-11.7204],[-39.9087,-11.7077],[-39.9202,-11.6881],[-39.9203,-11.688],[-39.9268,-11.6659],[-39.9265,-11.6372],[-39.9264,-11.6274],[-39.9262,-11.6098],[-39.9258,-11.5804],[-39.9249,-11.4993],[-39.9199,-11.4949],[-39.9096,-11.495],[-39.9037,-11.4903],[-39.897,-11.4913],[-39.8914,-11.4856]]]}},{"type":"Feature","properties":{"nome":"Capim Grosso","cod":"2906873","uf":"BA"},"geometry":{"type":"Polygon","coordinates":[[[-39.9915,-11.1665],[-39.9659,-11.2304],[-39.9478,-11.2455],[-39.9229,-11.2661],[-39.8652,-11.3139],[-39.8838,-11.3233],[-39.8938,-11.3385],[-39.8952,-11.3484],[-39.9035,-11.3568],[-39.9131,-11.3565],[-39.9178,-11.3658],[-39.9182,-11.3725],[-39.9263,-11.3799],[-39.9124,-11.4165],[-39.9236,-11.4202],[-39.9842,-11.4299],[-40.0369,-11.4389],[-40.0704,-11.4373],[-40.0699,-11.4331],[-40.056,-11.3638],[-40.0557,-11.3621],[-40.053,-11.3484],[-40.052,-11.3438],[-40.0398,-11.2822],[-40.028,-11.2224],[-40.0281,-11.2223],[-40.0467,-11.191],[-40.0469,-11.1906],[-40.05,-11.1853],[-40.0451,-11.1821],[-40.0359,-11.184],[-40.0277,-11.1827],[-40.0205,-11.1746],[-40.0152,-11.1758],[-39.9915,-11.1665]]]}},{"type":"Feature","properties":{"nome":"Caraíbas","cod":"2906899","uf":"BA"},"geometry":{"type":"Polygon","coordinates":[[[-41.1089,-14.4423],[-41.1112,-14.4473],[-41.1065,-14.4504],[-41.0957,-14.4488],[-41.0928,-14.4415],[-41.0765,-14.4489],[-41.0693,-14.4627],[-41.0792,-14.4734],[-41.0795,-14.4875],[-41.0937,-14.4893],[-41.1,-14.5046],[-41.107,-14.5147],[-41.1032,-14.522],[-41.1055,-14.5302],[-41.1174,-14.5369],[-41.1186,-14.5429],[-41.12,-14.5518],[-41.1269,-14.5557],[-41.1282,-14.5652],[-41.1252,-14.5734],[-41.1431,-14.584],[-41.143,-14.5907],[-41.1322,-14.6041],[-41.1328,-14.6077],[-41.1378,-14.6083],[-41.1408,-14.6097],[-41.1596,-14.6136],[-41.1665,-14.6068],[-41.1719,-14.6064],[-41.1748,-14.613],[-41.1827,-14.6135],[-41.1883,-14.6197],[-41.1854,-14.6247],[-41.1935,-14.6343],[-41.1925,-14.6486],[-41.1999,-14.6534],[-41.2037,-14.662],[-41.2178,-14.6679],[-41.2299,-14.6868],[-41.2234,-14.69],[-41.2191,-14.6971],[-41.2276,-14.7081],[-41.2216,-14.7116],[-41.2184,-14.7217],[-41.223,-14.7269],[-41.2229,-14.7458],[-41.231,-14.7369],[-41.2399,-14.737],[-41.2392,-14.7266],[-41.2422,-14.7223],[-41.2473,-14.7236],[-41.2515,-14.732],[-41.2544,-14.7308],[-41.2596,-14.7286],[-41.2656,-14.7354],[-41.2601,-14.7391],[-41.2598,-14.7463],[-41.2745,-14.7536],[-41.2819,-14.7499],[-41.2798,-14.764],[-41.2753,-14.765],[-41.275,-14.7696],[-41.2682,-14.7722],[-41.2645,-14.7787],[-41.2659,-14.7882],[-41.272,-14.7914],[-41.2694,-14.7981],[-41.285,-14.7968],[-41.3157,-14.7783],[-41.3227,-14.7797],[-41.3297,-14.7749],[-41.331,-14.7798],[-41.3298,-14.7827],[-41.3158,-14.7869],[-41.3246,-14.7929],[-41.3235,-14.8011],[-41.3299,-14.8085],[-41.3352,-14.8078],[-41.3312,-14.8043],[-41.3314,-14.7994],[-41.3399,-14.7966],[-41.3513,-14.8153],[-41.362,-14.815],[-41.3671,-14.8181],[-41.3734,-14.8159],[-41.3772,-14.8265],[-41.39,-14.8181],[-41.3934,-14.8129],[-41.3891,-14.8105],[-41.3918,-14.7985],[-41.4058,-14.8027],[-41.4146,-14.7952],[-41.4252,-14.7906],[-41.4307,-14.7943],[-41.4337,-14.7896],[-41.4408,-14.7871],[-41.4392,-14.7922],[-41.4483,-14.7957],[-41.4545,-14.7913],[-41.4526,-14.7881],[-41.4629,-14.7821],[-41.4477,-14.7715],[-41.4045,-14.7412],[-41.4004,-14.7384],[-41.3597,-14.71],[-41.346,-14.6985],[-41.3551,-14.6892],[-41.3559,-14.679],[-41.3685,-14.6694],[-41.3719,-14.6703],[-41.3722,-14.6752],[-41.3827,-14.68],[-41.3902,-14.677],[-41.3962,-14.6503],[-41.406,-14.6421],[-41.3902,-14.636],[-41.3854,-14.6387],[-41.3728,-14.6354],[-41.3685,-14.6381],[-41.3696,-14.6327],[-41.3793,-14.6271],[-41.382,-14.6178],[-41.3891,-14.6171],[-41.3942,-14.6073],[-41.4143,-14.5936],[-41.4169,-14.5847],[-41.4339,-14.5719],[-41.4268,-14.5669],[-41.432,-14.5595],[-41.4344,-14.5512],[-41.4016,-14.5579],[-41.3981,-14.5577],[-41.3965,-14.5557],[-41.3931,-14.5493],[-41.3943,-14.5424],[-41.3855,-14.5353],[-41.3823,-14.5304],[-41.3719,-14.5359],[-41.3682,-14.5323],[-41.3596,-14.5335],[-41.3501,-14.528],[-41.3407,-14.5117],[-41.3297,-14.5027],[-41.3243,-14.5072],[-41.3159,-14.5065],[-41.316,-14.5118],[-41.3115,-14.5096],[-41.3078,-14.5119],[-41.3039,-14.5072],[-41.2979,-14.513],[-41.2934,-14.5079],[-41.2857,-14.5103],[-41.2793,-14.5011],[-41.2757,-14.4954],[-41.269,-14.4959],[-41.2618,-14.4927],[-41.259,-14.4952],[-41.2566,-14.4878],[-41.2533,-14.4869],[-41.2475,-14.4988],[-41.2384,-14.4972],[-41.2385,-14.5044],[-41.2464,-14.5101],[-41.2477,-14.5152],[-41.2428,-14.5165],[-41.2343,-14.5232],[-41.2361,-14.5174],[-41.2304,-14.5192],[-41.2278,-14.5151],[-41.2248,-14.5196],[-41.2191,-14.5175],[-41.219,-14.5142],[-41.2147,-14.5144],[-41.2103,-14.5214],[-41.2054,-14.5203],[-41.2004,-14.5159],[-41.2011,-14.5113],[-41.2046,-14.5118],[-41.2107,-14.5002],[-41.1952,-14.4913],[-41.1837,-14.4971],[-41.1814,-14.4858],[-41.1852,-14.4818],[-41.1725,-14.4785],[-41.1699,-14.4814],[-41.1605,-14.4807],[-41.1568,-14.4855],[-41.1585,-14.4938],[-41.1546,-14.4971],[-41.1486,-14.4963],[-41.1485,-14.4924],[-41.1391,-14.4886],[-41.1318,-14.491],[-41.1277,-14.4864],[-41.1285,-14.481],[-41.1313,-14.4807],[-41.1277,-14.4763],[-41.1311,-14.4724],[-41.1231,-14.4704],[-41.1233,-14.4669],[-41.1302,-14.4603],[-41.1375,-14.4632],[-41.1391,-14.4563],[-41.1367,-14.4534],[-41.1333,-14.4564],[-41.1296,-14.4535],[-41.132,-14.4482],[-41.1294,-14.4442],[-41.1183,-14.4415],[-41.1144,-14.4439],[-41.1125,-14.4382],[-41.1089,-14.4423]]]}},{"type":"Feature","properties":{"nome":"Caravelas","cod":"2906907","uf":"BA"},"geometry":{"type":"Polygon","coordinates":[[[-38.6486,-18.0356],[-38.6578,-18.0428],[-38.6606,-18.0392],[-38.6662,-18.0391],[-38.6674,-18.032],[-38.6532,-18.0239],[-38.6486,-18.0356]],[[-38.6849,-18.0062],[-38.6772,-18.0105],[-38.6759,-18.0157],[-38.6793,-18.0224],[-38.6855,-18.0233],[-38.6909,-18.0218],[-38.6935,-18.0167],[-38.6913,-18.0081],[-38.6853,-18.0096],[-38.6849,-18.0062]],[[-38.6573,-17.9941],[-38.6519,-17.9971],[-38.6494,-17.9937],[-38.647,-17.995],[-38.648,-18.0071],[-38.66,-18.0049],[-38.6573,-17.9941]],[[-38.6537,-17.9817],[-38.6529,-17.9908],[-38.657,-17.9908],[-38.662,-17.9865],[-38.6537,-17.9817]],[[-38.6285,-17.9781],[-38.6337,-17.9833],[-38.6484,-17.9779],[-38.6424,-17.9716],[-38.6298,-17.9739],[-38.6285,-17.9781]],[[-38.6553,-17.9662],[-38.652,-17.9759],[-38.6579,-17.978],[-38.663,-17.9767],[-38.6656,-17.9708],[-38.6596,-17.9712],[-38.6608,-17.9677],[-38.6553,-17.9662]],[[-38.6404,-17.9343],[-38.6526,-17.9478],[-38.6606,-17.9456],[-38.6627,-17.935],[-38.6514,-17.9221],[-38.6403,-17.9267],[-38.6404,-17.9343]],[[-40.2188,-17.4194],[-40.1999,-17.4397],[-40.1807,-17.43],[-40.1572,-17.4377],[-40.1504,-17.4487],[-40.1266,-17.4512],[-40.1132,-17.4484],[-40.108,-17.4436],[-40.1027,-17.452],[-40.0964,-17.4561],[-40.0869,-17.4563],[-40.0655,-17.4612],[-40.0575,-17.4534],[-40.0488,-17.4739],[-40.0382,-17.4782],[-40.0263,-17.4745],[-40.0208,-17.4783],[-40.014,-17.4719],[-40.0021,-17.4729],[-39.9864,-17.4602],[-39.9776,-17.4658],[-39.9678,-17.4592],[-39.9336,-17.4606],[-39.9337,-17.4749],[-39.8646,-17.5382],[-39.7681,-17.6258],[-39.7681,-17.6259],[-39.712,-17.6019],[-39.6138,-17.56],[-39.6035,-17.5556],[-39.5976,-17.5556],[-39.5802,-17.5644],[-39.5458,-17.5703],[-39.5262,-17.573],[-39.5038,-17.5674],[-39.4915,-17.5692],[-39.4659,-17.5949],[-39.4598,-17.6384],[-39.4464,-17.6471],[-39.441,-17.655],[-39.4396,-17.6552],[-39.4327,-17.656],[-39.4264,-17.6568],[-39.3915,-17.662],[-39.2767,-17.6472],[-39.2445,-17.6433],[-39.1615,-17.6826],[-39.137,-17.6843],[-39.1354,-17.6877],[-39.1393,-17.6937],[-39.1834,-17.7318],[-39.1838,-17.7322],[-39.1801,-17.7492],[-39.2025,-17.7645],[-39.2075,-17.7757],[-39.2599,-17.8302],[-39.2659,-17.8429],[-39.2752,-17.8534],[-39.2807,-17.8532],[-39.2924,-17.8603],[-39.3065,-17.8567],[-39.3086,-17.8533],[-39.3506,-17.855],[-39.4381,-17.8557],[-39.4469,-17.8584],[-39.455,-17.8523],[-39.4491,-17.8407],[-39.459,-17.8373],[-39.4613,-17.8434],[-39.4682,-17.8433],[-39.4707,-17.8352],[-39.4807,-17.8283],[-39.4837,-17.8279],[-39.4836,-17.8351],[-39.4967,-17.8328],[-39.4998,-17.8302],[-39.4993,-17.8224],[-39.5204,-17.8178],[-39.5234,-17.8117],[-39.532,-17.8118],[-39.5356,-17.8105],[-39.5447,-17.8176],[-39.5496,-17.8177],[-39.5646,-17.8105],[-39.5688,-17.8118],[-39.587,-17.7965],[-39.5994,-17.7965],[-39.6041,-17.7917],[-39.6105,-17.7934],[-39.6277,-17.7872],[-39.6564,-17.8014],[-39.6708,-17.792],[-39.6834,-17.7923],[-39.695,-17.7799],[-39.7011,-17.7798],[-39.7072,-17.7731],[-39.713,-17.773],[-39.7328,-17.7662],[-39.7593,-17.7483],[-39.763,-17.7491],[-39.7759,-17.752],[-39.7929,-17.7437],[-39.7982,-17.7443],[-39.8056,-17.7437],[-39.8241,-17.7573],[-39.8327,-17.7577],[-39.8425,-17.7647],[-39.8553,-17.7634],[-39.8625,-17.751],[-39.8744,-17.7395],[-39.8811,-17.7221],[-39.8899,-17.7161],[-39.8906,-17.6995],[-39.8985,-17.6936],[-39.9005,-17.6869],[-39.9191,-17.6782],[-39.9337,-17.6707],[-39.9532,-17.6659],[-39.9607,-17.6675],[-39.9706,-17.6625],[-39.9863,-17.6644],[-39.9946,-17.6597],[-40.01,-17.66],[-40.0304,-17.6293],[-40.0372,-17.6301],[-40.1204,-17.6405],[-40.1214,-17.6262],[-40.138,-17.6081],[-40.1406,-17.601],[-40.1601,-17.5846],[-40.1793,-17.5758],[-40.1909,-17.564],[-40.2082,-17.5593],[-40.2152,-17.5619],[-40.2342,-17.5508],[-40.2375,-17.5456],[-40.2557,-17.4083],[-40.226,-17.4061],[-40.2218,-17.4087],[-40.2188,-17.4194]]]}},{"type":"Feature","properties":{"nome":"Cardeal da Silva","cod":"2907004","uf":"BA"},"geometry":{"type":"Polygon","coordinates":[[[-37.9415,-11.9364],[-37.9259,-11.9581],[-37.914,-11.9599],[-37.9029,-11.9677],[-37.8831,-11.9629],[-37.873,-11.9716],[-37.8559,-11.9781],[-37.8584,-11.9849],[-37.8535,-11.989],[-37.8419,-11.9884],[-37.8315,-11.9937],[-37.8329,-11.9975],[-37.8376,-11.9947],[-37.8523,-12.0016],[-37.8585,-12.0145],[-37.8908,-12.0807],[-37.9111,-12.1223],[-37.9242,-12.1493],[-37.9267,-12.143],[-37.934,-12.1392],[-37.9403,-12.143],[-37.9401,-12.1466],[-38.0229,-12.0799],[-38.0093,-12.0446],[-37.9972,-12.0133],[-37.9933,-12.0033],[-37.9681,-11.9378],[-37.9642,-11.9358],[-37.9531,-11.9406],[-37.9515,-11.9343],[-37.9415,-11.9364]]]}},{"type":"Feature","properties":{"nome":"Carinhanha","cod":"2907103","uf":"BA"},"geometry":{"type":"Polygon","coordinates":[[[-43.722,-14.2499],[-43.7311,-14.2712],[-43.7455,-14.2833],[-43.756,-14.2999],[-43.7626,-14.3095],[-43.7664,-14.3153],[-43.7783,-14.3324],[-43.7828,-14.3388],[-43.7899,-14.3357],[-43.7997,-14.3374],[-43.8064,-14.3321],[-43.8082,-14.325],[-43.8144,-14.3255],[-43.8149,-14.3202],[-43.8219,-14.3226],[-43.8186,-14.3118],[-43.8259,-14.3157],[-43.8357,-14.3107],[-43.8468,-14.3213],[-43.8463,-14.3127],[-43.851,-14.3186],[-43.855,-14.3176],[-43.851,-14.3131],[-43.8523,-14.3075],[-43.8611,-14.3124],[-43.8695,-14.3096],[-43.8724,-14.3131],[-43.8805,-14.3114],[-43.881,-14.307],[-43.8899,-14.3062],[-43.8915,-14.2928],[-43.8921,-14.3006],[-43.9019,-14.2977],[-43.904,-14.2932],[-43.9049,-14.2999],[-43.9106,-14.2972],[-43.9087,-14.3021],[-43.9112,-14.3046],[-43.9154,-14.302],[-43.916,-14.2955],[-43.9235,-14.2955],[-43.9233,-14.3029],[-43.926,-14.3052],[-43.9347,-14.2952],[-43.9417,-14.3046],[-43.9459,-14.2895],[-43.9505,-14.2896],[-43.9557,-14.2993],[-43.9549,-14.2917],[-43.9615,-14.2906],[-43.9692,-14.2736],[-43.9705,-14.2777],[-43.9804,-14.2817],[-43.9822,-14.2753],[-43.9902,-14.2721],[-43.986,-14.2671],[-43.9908,-14.2685],[-43.9972,-14.265],[-44.0057,-14.2669],[-44.0089,-14.2719],[-44.0151,-14.2711],[-44.015,-14.2761],[-44.0253,-14.2762],[-44.0342,-14.2886],[-44.038,-14.2819],[-44.0411,-14.2858],[-44.049,-14.2843],[-44.0568,-14.2134],[-44.0568,-14.2131],[-44.065,-14.1381],[-44.0286,-14.0925],[-44.0471,-14.0735],[-44.0868,-14.033],[-44.0758,-13.9968],[-44.063,-13.952],[-44.0609,-13.945],[-44.0206,-13.8045],[-43.9812,-13.6706],[-43.9802,-13.6673],[-43.8738,-13.6978],[-43.6993,-13.7478],[-43.5939,-13.7778],[-43.5868,-13.8142],[-43.5928,-13.8223],[-43.6126,-13.8361],[-43.6174,-13.8439],[-43.6092,-13.8896],[-43.6117,-13.8992],[-43.6199,-13.9069],[-43.6235,-13.9252],[-43.6238,-13.9313],[-43.6286,-13.9552],[-43.6273,-13.974],[-43.6551,-14.0108],[-43.6586,-14.0442],[-43.6638,-14.0731],[-43.6787,-14.135],[-43.6812,-14.163],[-43.7015,-14.2194],[-43.722,-14.2499]]]}},{"type":"Feature","properties":{"nome":"Casa Nova","cod":"2907202","uf":"BA"},"geometry":{"type":"Polygon","coordinates":[[[-41.358,-8.7072],[-41.334,-8.7272],[-41.3096,-8.7257],[-41.2946,-8.7351],[-41.2812,-8.7357],[-41.2696,-8.7306],[-41.2602,-8.7203],[-41.2382,-8.7193],[-41.2395,-8.7104],[-41.2298,-8.706],[-41.2249,-8.7043],[-41.2046,-8.7091],[-41.1972,-8.7061],[-41.1856,-8.7102],[-41.1821,-8.7074],[-41.176,-8.7108],[-41.1721,-8.7068],[-41.1625,-8.7096],[-41.1133,-8.7034],[-41.1115,-8.7083],[-41.1228,-8.7183],[-41.1213,-8.7239],[-41.1265,-8.7285],[-41.1286,-8.743],[-41.1242,-8.7523],[-41.1126,-8.7593],[-41.1155,-8.7633],[-41.1108,-8.7697],[-41.1056,-8.7701],[-41.1014,-8.7816],[-41.0945,-8.7814],[-41.0817,-8.7839],[-41.0782,-8.7884],[-41.0711,-8.7827],[-41.0663,-8.7806],[-41.0544,-8.7865],[-41.0419,-8.7836],[-41.0359,-8.7855],[-41.0246,-8.8073],[-41.0309,-8.8345],[-41.0209,-8.8431],[-41.0,-8.8284],[-40.9894,-8.829],[-40.9787,-8.823],[-40.9605,-8.8303],[-40.9587,-8.8416],[-40.946,-8.8446],[-40.921,-8.835],[-40.9146,-8.8491],[-40.9022,-8.8607],[-40.8997,-8.8672],[-40.896,-8.8706],[-40.8947,-8.8887],[-40.8831,-8.9044],[-40.8809,-8.9152],[-40.8659,-8.923],[-40.8609,-8.9476],[-40.8512,-8.9521],[-40.8506,-8.9848],[-40.8465,-8.9951],[-40.8346,-9.0083],[-40.8317,-9.0231],[-40.8318,-9.0307],[-40.8249,-9.0378],[-40.8232,-9.0617],[-40.8188,-9.0687],[-40.8206,-9.0795],[-40.8116,-9.084],[-40.8037,-9.0979],[-40.7891,-9.0985],[-40.7857,-9.1048],[-40.7769,-9.1003],[-40.7724,-9.1014],[-40.7628,-9.1065],[-40.7564,-9.1046],[-40.7567,-9.1194],[-40.75,-9.1175],[-40.7322,-9.1236],[-40.7219,-9.1334],[-40.7058,-9.1416],[-40.6847,-9.1372],[-40.6774,-9.1508],[-40.667,-9.1586],[-40.6717,-9.172],[-40.6703,-9.1883],[-40.6802,-9.1999],[-40.6803,-9.2118],[-40.6941,-9.233],[-40.6906,-9.2336],[-40.6861,-9.2431],[-40.6889,-9.2566],[-40.6801,-9.2573],[-40.6808,-9.2631],[-40.6869,-9.2779],[-40.7072,-9.2849],[-40.707,-9.2912],[-40.7079,-9.2957],[-40.7197,-9.3055],[-40.7391,-9.2962],[-40.7436,-9.3058],[-40.7512,-9.3076],[-40.7552,-9.3131],[-40.7419,-9.3268],[-40.7369,-9.3365],[-40.741,-9.3464],[-40.7377,-9.3548],[-40.7461,-9.3706],[-40.7422,-9.3829],[-40.7431,-9.3979],[-40.7449,-9.4042],[-40.7646,-9.4128],[-40.7592,-9.4287],[-40.7669,-9.4453],[-40.7764,-9.454],[-40.7909,-9.4497],[-40.8087,-9.4377],[-40.8268,-9.4263],[-40.8404,-9.4221],[-40.8673,-9.3999],[-40.8823,-9.4037],[-40.895,-9.4118],[-40.9325,-9.3986],[-40.9367,-9.3983],[-40.9547,-9.3983],[-40.9806,-9.3865],[-40.995,-9.3884],[-41.0122,-9.3924],[-41.0273,-9.3893],[-41.0579,-9.405],[-41.0719,-9.4086],[-41.082,-9.4068],[-41.1018,-9.4022],[-41.1193,-9.4062],[-41.1249,-9.4151],[-41.13,-9.4399],[-41.1331,-9.4542],[-41.1294,-9.4735],[-41.1335,-9.498],[-41.16,-9.5134],[-41.1785,-9.5319],[-41.2035,-9.5772],[-41.2293,-9.6121],[-41.2561,-9.6449],[-41.2861,-9.6618],[-41.3106,-9.6704],[-41.3504,-9.672],[-41.3686,-9.6766],[-41.3924,-9.6856],[-41.4301,-9.6924],[-41.4533,-9.6905],[-41.4904,-9.6714],[-41.5031,-9.6689],[-41.5648,-9.6776],[-41.5908,-9.6923],[-41.6115,-9.6975],[-41.6359,-9.7108],[-41.6801,-9.7649],[-41.6869,-9.7689],[-41.703,-9.7679],[-41.7244,-9.7573],[-41.7406,-9.7578],[-41.7549,-9.7523],[-41.8417,-9.7313],[-41.85,-9.7264],[-41.8586,-9.721],[-41.8809,-9.7149],[-41.9031,-9.6984],[-41.8763,-9.4353],[-41.8762,-9.4347],[-41.8593,-9.2372],[-41.8474,-9.2435],[-41.8379,-9.242],[-41.8309,-9.2285],[-41.8195,-9.1886],[-41.7997,-9.1647],[-41.7997,-9.1476],[-41.7757,-9.1252],[-41.7586,-9.1162],[-41.7348,-9.0943],[-41.7306,-9.0694],[-41.7326,-9.046],[-41.7326,-9.0459],[-41.7326,-9.0459],[-41.7284,-9.0204],[-41.7232,-9.0131],[-41.6801,-9.0119],[-41.6697,-9.0033],[-41.669,-8.9897],[-41.6286,-8.9845],[-41.6237,-8.9813],[-41.6208,-8.9704],[-41.6096,-8.9669],[-41.6054,-8.957],[-41.5965,-8.9585],[-41.5893,-8.9547],[-41.578,-8.9543],[-41.5697,-8.9546],[-41.5668,-8.9691],[-41.5595,-8.9665],[-41.5441,-8.9601],[-41.5445,-8.9375],[-41.531,-8.9273],[-41.5224,-8.9048],[-41.5213,-8.9014],[-41.5071,-8.892],[-41.5102,-8.8758],[-41.5018,-8.8631],[-41.4942,-8.8607],[-41.4875,-8.8435],[-41.4718,-8.8427],[-41.4623,-8.8283],[-41.4315,-8.7967],[-41.4239,-8.8021],[-41.411,-8.774],[-41.3999,-8.746],[-41.3935,-8.7239],[-41.3809,-8.7069],[-41.365,-8.7052],[-41.358,-8.7072]]]}},{"type":"Feature","properties":{"nome":"Castro Alves","cod":"2907301","uf":"BA"},"geometry":{"type":"Polygon","coordinates":[[[-39.305,-12.564],[-39.286,-12.5921],[-39.2471,-12.6499],[-39.2409,-12.6591],[-39.2337,-12.6713],[-39.2372,-12.6825],[-39.2491,-12.6987],[-39.2513,-12.7015],[-39.2518,-12.7022],[-39.2677,-12.7229],[-39.2704,-12.7218],[-39.2705,-12.732],[-39.276,-12.738],[-39.27,-12.7516],[-39.2653,-12.7548],[-39.2583,-12.7608],[-39.2583,-12.7672],[-39.2488,-12.772],[-39.2488,-12.7721],[-39.2493,-12.7841],[-39.2416,-12.7995],[-39.2148,-12.82],[-39.2344,-12.8262],[-39.2816,-12.841],[-39.2842,-12.8418],[-39.2937,-12.8241],[-39.2967,-12.8205],[-39.3122,-12.8228],[-39.3352,-12.811],[-39.3496,-12.8094],[-39.3643,-12.7995],[-39.3552,-12.8146],[-39.3499,-12.8235],[-39.3314,-12.8544],[-39.3239,-12.8669],[-39.3305,-12.8733],[-39.3337,-12.8763],[-39.344,-12.8861],[-39.3432,-12.8898],[-39.336,-12.923],[-39.3544,-12.9217],[-39.3637,-12.9211],[-39.4081,-12.9171],[-39.4105,-12.9153],[-39.4183,-12.9121],[-39.4261,-12.9133],[-39.4354,-12.9186],[-39.4534,-12.9133],[-39.4605,-12.8954],[-39.4653,-12.8924],[-39.464,-12.8751],[-39.4689,-12.8731],[-39.472,-12.8623],[-39.4776,-12.8593],[-39.4744,-12.8514],[-39.4737,-12.8443],[-39.4823,-12.8426],[-39.4878,-12.8329],[-39.4816,-12.83],[-39.4829,-12.8261],[-39.4918,-12.812],[-39.5052,-12.8101],[-39.4939,-12.7595],[-39.4864,-12.7307],[-39.483,-12.7271],[-39.4842,-12.7229],[-39.4741,-12.7243],[-39.4699,-12.7163],[-39.4687,-12.7009],[-39.4631,-12.6992],[-39.4624,-12.6956],[-39.4433,-12.6857],[-39.4346,-12.6751],[-39.4354,-12.6627],[-39.4394,-12.6586],[-39.4353,-12.6483],[-39.442,-12.6343],[-39.4416,-12.6188],[-39.4395,-12.6141],[-39.415,-12.6153],[-39.401,-12.6007],[-39.3925,-12.5917],[-39.3759,-12.5836],[-39.3684,-12.5832],[-39.3455,-12.5702],[-39.3399,-12.5599],[-39.3398,-12.5597],[-39.3292,-12.558],[-39.3164,-12.547],[-39.305,-12.564]]]}},{"type":"Feature","properties":{"nome":"Catolândia","cod":"2907400","uf":"BA"},"geometry":{"type":"Polygon","coordinates":[[[-44.5786,-12.1537],[-44.5179,-12.2008],[-44.5265,-12.2002],[-44.5395,-12.2052],[-44.5636,-12.2266],[-44.5589,-12.2477],[-44.5392,-12.2582],[-44.5427,-12.287],[-44.5476,-12.2917],[-44.5532,-12.2948],[-44.564,-12.2982],[-44.7106,-12.3916],[-44.7127,-12.393],[-44.7385,-12.4091],[-44.7698,-12.4098],[-44.7899,-12.4102],[-44.8606,-12.3482],[-44.8863,-12.3257],[-44.9267,-12.2902],[-44.8696,-12.262],[-44.8674,-12.261],[-44.8519,-12.26],[-44.842,-12.2554],[-44.8276,-12.2468],[-44.8159,-12.234],[-44.7886,-12.2204],[-44.7524,-12.2279],[-44.7374,-12.2249],[-44.7074,-12.2072],[-44.6768,-12.1782],[-44.6534,-12.1682],[-44.6417,-12.1673],[-44.6302,-12.1712],[-44.6192,-12.1728],[-44.6056,-12.1693],[-44.5786,-12.1537]]]}},{"type":"Feature","properties":{"nome":"Catu","cod":"2907509","uf":"BA"},"geometry":{"type":"Polygon","coordinates":[[[-38.3802,-12.235],[-38.274,-12.2772],[-38.2741,-12.2774],[-38.2781,-12.2826],[-38.2736,-12.2941],[-38.2762,-12.2999],[-38.279,-12.3027],[-38.2741,-12.3095],[-38.2739,-12.322],[-38.2768,-12.3211],[-38.2796,-12.3247],[-38.2843,-12.341],[-38.2952,-12.3444],[-38.3111,-12.342],[-38.315,-12.3361],[-38.3281,-12.3498],[-38.3552,-12.3774],[-38.3555,-12.3776],[-38.3909,-12.4015],[-38.3761,-12.4072],[-38.3785,-12.4144],[-38.3891,-12.4217],[-38.388,-12.4293],[-38.3955,-12.4295],[-38.4076,-12.4211],[-38.4185,-12.4259],[-38.4246,-12.4272],[-38.4268,-12.4226],[-38.4319,-12.4227],[-38.435,-12.43],[-38.4474,-12.4307],[-38.4597,-12.4213],[-38.4615,-12.4162],[-38.4755,-12.4144],[-38.4807,-12.4156],[-38.4904,-12.411],[-38.4951,-12.4121],[-38.495,-12.4153],[-38.494,-12.4191],[-38.4991,-12.4213],[-38.5017,-12.4273],[-38.5044,-12.4194],[-38.5092,-12.4212],[-38.5137,-12.414],[-38.5193,-12.4178],[-38.5245,-12.415],[-38.5402,-12.4041],[-38.5351,-12.4021],[-38.5384,-12.3913],[-38.5351,-12.3826],[-38.5378,-12.3787],[-38.5331,-12.3611],[-38.5297,-12.3554],[-38.532,-12.35],[-38.5295,-12.3432],[-38.5323,-12.3416],[-38.5326,-12.3409],[-38.53,-12.3258],[-38.529,-12.2804],[-38.5247,-12.2687],[-38.522,-12.2693],[-38.4695,-12.2817],[-38.4607,-12.2772],[-38.4261,-12.259],[-38.4184,-12.255],[-38.4006,-12.2457],[-38.3857,-12.2379],[-38.3852,-12.2376],[-38.3802,-12.235]]]}},{"type":"Feature","properties":{"nome":"Caturama","cod":"2907558","uf":"BA"},"geometry":{"type":"Polygon","coordinates":[[[-42.3701,-13.0592],[-42.3578,-13.072],[-42.3476,-13.069],[-42.3404,-13.0742],[-42.3426,-13.083],[-42.3368,-13.0927],[-42.3367,-13.1018],[-42.3286,-13.1078],[-42.3224,-13.1196],[-42.3093,-13.1236],[-42.3078,-13.1284],[-42.2989,-13.1351],[-42.2962,-13.1359],[-42.2912,-13.132],[-42.2837,-13.1261],[-42.2765,-13.1163],[-42.2729,-13.1156],[-42.2642,-13.1218],[-42.243,-13.1071],[-42.2396,-13.1097],[-42.239,-13.1166],[-42.233,-13.1183],[-42.2262,-13.1152],[-42.2141,-13.1229],[-42.2022,-13.1257],[-42.2038,-13.131],[-42.199,-13.1361],[-42.2017,-13.1414],[-42.1952,-13.1409],[-42.1957,-13.1467],[-42.1795,-13.1644],[-42.1859,-13.1716],[-42.1858,-13.1724],[-42.1777,-13.1759],[-42.1706,-13.1842],[-42.1583,-13.2256],[-42.1808,-13.2289],[-42.1925,-13.2549],[-42.19,-13.2686],[-42.2067,-13.2842],[-42.2147,-13.2916],[-42.2261,-13.2946],[-42.2289,-13.2994],[-42.2349,-13.2951],[-42.2412,-13.2971],[-42.2524,-13.2939],[-42.2568,-13.2922],[-42.277,-13.2998],[-42.2837,-13.3093],[-42.2919,-13.3134],[-42.2943,-13.3192],[-42.2877,-13.329],[-42.2845,-13.3348],[-42.2735,-13.335],[-42.2662,-13.3392],[-42.262,-13.3536],[-42.2645,-13.3673],[-42.2691,-13.3701],[-42.4058,-13.3917],[-42.406,-13.3637],[-42.4061,-13.3633],[-42.4284,-13.2797],[-42.3955,-13.2619],[-42.4151,-13.2321],[-42.4257,-13.2168],[-42.4441,-13.1843],[-42.4253,-13.1793],[-42.4226,-13.1728],[-42.4182,-13.1744],[-42.4124,-13.1673],[-42.4022,-13.1628],[-42.4025,-13.155],[-42.3992,-13.1507],[-42.4034,-13.1232],[-42.3923,-13.1089],[-42.3922,-13.1088],[-42.3873,-13.0946],[-42.3917,-13.0856],[-42.3878,-13.0757],[-42.3798,-13.0745],[-42.3697,-13.0629],[-42.3701,-13.0592]]]}},{"type":"Feature","properties":{"nome":"Central","cod":"2907608","uf":"BA"},"geometry":{"type":"Polygon","coordinates":[[[-41.9079,-11.1766],[-41.9409,-11.2279],[-41.9492,-11.2257],[-41.9526,-11.2374],[-41.9587,-11.2378],[-41.9582,-11.2411],[-41.9647,-11.2476],[-41.9699,-11.2417],[-41.9784,-11.2416],[-41.9794,-11.2383],[-41.9805,-11.2417],[-41.9868,-11.2419],[-41.9904,-11.243],[-41.994,-11.2396],[-41.9961,-11.2421],[-41.9974,-11.239],[-42.0011,-11.2412],[-42.009,-11.232],[-42.0206,-11.2313],[-42.0173,-11.2347],[-42.024,-11.2369],[-42.0295,-11.2328],[-42.0384,-11.2344],[-42.0436,-11.232],[-42.052,-11.2354],[-42.0694,-11.2286],[-42.0723,-11.2316],[-42.0817,-11.2235],[-42.0909,-11.226],[-42.1074,-11.2215],[-42.1126,-11.2269],[-42.1159,-11.2245],[-42.116,-11.2281],[-42.1211,-11.2269],[-42.1216,-11.2324],[-42.1287,-11.2355],[-42.1368,-11.2453],[-42.1365,-11.2422],[-42.1511,-11.2369],[-42.1552,-11.2435],[-42.1688,-11.2443],[-42.2394,-11.2608],[-42.2399,-11.2601],[-42.2562,-11.1432],[-42.256,-11.143],[-42.1892,-11.0744],[-42.1465,-11.0465],[-42.1449,-11.0229],[-42.0887,-11.0169],[-42.0487,-11.0617],[-42.0243,-11.1016],[-42.0231,-11.1036],[-41.9914,-11.132],[-41.982,-11.1405],[-41.9644,-11.1491],[-41.9079,-11.1766]]]}},{"type":"Feature","properties":{"nome":"Chorrochó","cod":"2907707","uf":"BA"},"geometry":{"type":"Polygon","coordinates":[[[-38.9897,-9.5488],[-39.0039,-9.571],[-39.0071,-9.5663],[-39.0159,-9.5649],[-39.0266,-9.5684],[-39.0358,-9.5618],[-39.0406,-9.5674],[-39.0504,-9.5713],[-39.0538,-9.5651],[-39.0645,-9.562],[-39.0757,-9.5678],[-39.0823,-9.5861],[-39.0862,-9.5866],[-39.0909,-9.5934],[-39.0994,-9.5939],[-39.1095,-9.5944],[-39.1249,-9.5949],[-39.1265,-9.601],[-39.1222,-9.6145],[-39.1299,-9.6379],[-39.1217,-9.6445],[-39.1176,-9.643],[-39.1194,-9.6463],[-39.1328,-9.6494],[-39.1358,-9.6463],[-39.1443,-9.6537],[-39.154,-9.6458],[-39.1657,-9.6457],[-39.1752,-9.636],[-39.1805,-9.6391],[-39.1985,-9.639],[-39.2117,-9.6463],[-39.2222,-9.634],[-39.2424,-9.6338],[-39.2606,-9.6367],[-39.2639,-9.6405],[-39.2698,-9.6302],[-39.2809,-9.6345],[-39.2874,-9.6323],[-39.3042,-9.6133],[-39.3071,-9.6134],[-39.3063,-9.6097],[-39.3114,-9.6041],[-39.3148,-9.6025],[-39.3023,-9.5146],[-39.2992,-9.4927],[-39.294,-9.4541],[-39.2906,-9.4454],[-39.2804,-9.4351],[-39.2877,-9.4253],[-39.2884,-9.4151],[-39.283,-9.4103],[-39.2822,-9.3907],[-39.289,-9.3723],[-39.3061,-9.3566],[-39.3208,-9.3487],[-39.3294,-9.3406],[-39.3299,-9.3364],[-39.3492,-9.3292],[-39.3538,-9.3149],[-39.3496,-9.3018],[-39.3496,-9.3017],[-39.3487,-9.2984],[-39.3618,-9.2791],[-39.3608,-9.2692],[-39.3656,-9.2523],[-39.3636,-9.2437],[-39.373,-9.2242],[-39.3596,-9.2088],[-39.3636,-9.1778],[-39.3577,-9.1622],[-39.3521,-9.1571],[-39.3427,-9.1538],[-39.346,-9.1421],[-39.3409,-9.1356],[-39.3424,-9.1265],[-39.3395,-9.1238],[-39.333,-9.1118],[-39.3271,-9.1093],[-39.3283,-9.1024],[-39.3155,-9.0602],[-39.3035,-9.0444],[-39.2987,-9.0442],[-39.2804,-9.0303],[-39.2807,-9.0109],[-39.2703,-9.0019],[-39.2651,-8.9904],[-39.2634,-8.9571],[-39.2711,-8.9439],[-39.2698,-8.9423],[-39.1388,-8.8526],[-39.1352,-8.8501],[-39.127,-8.8445],[-39.1043,-8.829],[-39.0837,-8.7894],[-39.0815,-8.7767],[-39.0725,-8.7634],[-39.0643,-8.7312],[-39.0424,-8.7329],[-39.0298,-8.7381],[-39.0143,-8.7535],[-38.9916,-8.7671],[-38.9771,-8.7927],[-38.9648,-8.7939],[-38.9536,-8.8036],[-38.9642,-8.8145],[-38.9645,-8.8267],[-38.9705,-8.8415],[-38.9828,-8.8551],[-38.9845,-8.8651],[-38.9821,-8.8705],[-39.0191,-8.9149],[-39.0881,-8.9976],[-39.0978,-9.012],[-39.0987,-9.0227],[-39.1031,-9.0276],[-39.1009,-9.0445],[-39.1069,-9.049],[-39.1113,-9.061],[-39.101,-9.07],[-39.1019,-9.0785],[-39.0751,-9.0957],[-39.0736,-9.1117],[-39.066,-9.1321],[-39.0722,-9.1636],[-39.0674,-9.1669],[-39.0668,-9.1724],[-39.0803,-9.1863],[-39.0822,-9.2032],[-39.0765,-9.2157],[-39.0798,-9.225],[-39.0759,-9.2294],[-39.0644,-9.2323],[-39.0632,-9.2455],[-39.0556,-9.2532],[-39.0517,-9.268],[-39.0536,-9.2807],[-39.0458,-9.2918],[-39.0463,-9.2994],[-39.0391,-9.3146],[-39.0239,-9.3527],[-39.0142,-9.3531],[-38.9966,-9.3776],[-38.9846,-9.3964],[-38.9851,-9.4047],[-38.9732,-9.4134],[-38.9699,-9.4182],[-38.9708,-9.4304],[-38.9589,-9.4405],[-38.9549,-9.4535],[-38.9581,-9.4557],[-38.9575,-9.462],[-38.9636,-9.4757],[-38.9685,-9.4805],[-38.9714,-9.4974],[-38.98,-9.5013],[-38.9845,-9.51],[-38.9837,-9.5304],[-38.9884,-9.5352],[-38.9897,-9.5488]]]}},{"type":"Feature","properties":{"nome":"Cícero Dantas","cod":"2907806","uf":"BA"},"geometry":{"type":"Polygon","coordinates":[[[-38.4183,-10.4607],[-38.4123,-10.465],[-38.4019,-10.4633],[-38.3918,-10.4676],[-38.3844,-10.4664],[-38.3793,-10.4682],[-38.3677,-10.4771],[-38.3482,-10.4709],[-38.3377,-10.4742],[-38.304,-10.4715],[-38.2891,-10.4767],[-38.2828,-10.4712],[-38.2482,-10.4594],[-38.2402,-10.4666],[-38.2258,-10.4693],[-38.2196,-10.4773],[-38.2326,-10.4957],[-38.2351,-10.5061],[-38.2501,-10.5249],[-38.269,-10.529],[-38.274,-10.5372],[-38.2847,-10.5395],[-38.294,-10.5434],[-38.2921,-10.5496],[-38.2802,-10.5903],[-38.2801,-10.5906],[-38.264,-10.6454],[-38.2452,-10.7091],[-38.2565,-10.6941],[-38.2713,-10.6743],[-38.2999,-10.6517],[-38.3177,-10.6476],[-38.3224,-10.6466],[-38.3285,-10.6452],[-38.3413,-10.6423],[-38.3415,-10.6423],[-38.3697,-10.6402],[-38.4002,-10.634],[-38.404,-10.6351],[-38.4068,-10.648],[-38.4153,-10.6605],[-38.4182,-10.6794],[-38.4236,-10.6732],[-38.4322,-10.6665],[-38.4405,-10.6609],[-38.4576,-10.6613],[-38.4679,-10.649],[-38.4666,-10.6392],[-38.4724,-10.6319],[-38.472,-10.622],[-38.4803,-10.6181],[-38.4823,-10.6074],[-38.4984,-10.6052],[-38.5044,-10.5925],[-38.5094,-10.5866],[-38.5151,-10.5866],[-38.5184,-10.5791],[-38.5309,-10.5744],[-38.5357,-10.563],[-38.5476,-10.5612],[-38.556,-10.5517],[-38.5655,-10.5541],[-38.5681,-10.5501],[-38.5713,-10.5449],[-38.5774,-10.5402],[-38.6044,-10.5505],[-38.6643,-10.5734],[-38.689,-10.5828],[-38.7372,-10.6012],[-38.6035,-10.5031],[-38.5745,-10.4793],[-38.5796,-10.4874],[-38.5776,-10.4913],[-38.5643,-10.5042],[-38.5534,-10.5073],[-38.5647,-10.478],[-38.5566,-10.4613],[-38.5499,-10.4588],[-38.5469,-10.4538],[-38.5143,-10.4501],[-38.5088,-10.4495],[-38.5033,-10.4489],[-38.4191,-10.4399],[-38.4183,-10.4607]]]}},{"type":"Feature","properties":{"nome":"Cipó","cod":"2907905","uf":"BA"},"geometry":{"type":"Polygon","coordinates":[[[-38.4931,-11.0831],[-38.4909,-11.089],[-38.486,-11.0865],[-38.4751,-11.0882],[-38.4693,-11.0963],[-38.4515,-11.1019],[-38.4358,-11.1193],[-38.4334,-11.1334],[-38.4414,-11.1354],[-38.437,-11.1587],[-38.4443,-11.1686],[-38.4477,-11.1546],[-38.4609,-11.1484],[-38.4703,-11.1593],[-38.4817,-11.1628],[-38.5068,-11.1586],[-38.5764,-11.147],[-38.5895,-11.1448],[-38.5742,-11.1415],[-38.5587,-11.1267],[-38.5656,-11.115],[-38.5689,-11.0967],[-38.5473,-11.0625],[-38.5595,-11.0585],[-38.5581,-11.0538],[-38.5055,-11.0532],[-38.4931,-11.0831]]]}},{"type":"Feature","properties":{"nome":"Coaraci","cod":"2908002","uf":"BA"},"geometry":{"type":"Polygon","coordinates":[[[-39.5513,-14.5605],[-39.5489,-14.5605],[-39.5098,-14.5474],[-39.5084,-14.5564],[-39.5177,-14.5857],[-39.5203,-14.6009],[-39.517,-14.6088],[-39.5221,-14.6287],[-39.5238,-14.6399],[-39.5206,-14.6505],[-39.5119,-14.6563],[-39.5099,-14.66],[-39.5124,-14.6618],[-39.5264,-14.6794],[-39.5317,-14.7141],[-39.532,-14.7165],[-39.5299,-14.8066],[-39.5729,-14.8028],[-39.5891,-14.8013],[-39.5824,-14.7825],[-39.5824,-14.7715],[-39.5737,-14.7592],[-39.5719,-14.7404],[-39.5774,-14.7343],[-39.5697,-14.7239],[-39.5699,-14.7232],[-39.6171,-14.6643],[-39.6191,-14.6619],[-39.6969,-14.6053],[-39.7084,-14.6016],[-39.7167,-14.6043],[-39.7192,-14.6017],[-39.7232,-14.5915],[-39.7157,-14.5788],[-39.7179,-14.5734],[-39.7182,-14.5691],[-39.7274,-14.5666],[-39.7278,-14.5598],[-39.6944,-14.56],[-39.6271,-14.5602],[-39.6041,-14.5603],[-39.5883,-14.5604],[-39.5514,-14.5605],[-39.5513,-14.5605]]]}},{"type":"Feature","properties":{"nome":"Cocos","cod":"2908101","uf":"BA"},"geometry":{"type":"Polygon","coordinates":[[[-44.7197,-13.8756],[-44.7123,-13.8839],[-44.7127,-13.8882],[-44.7012,-13.8992],[-44.6889,-13.9236],[-44.6316,-13.9515],[-44.6084,-13.9629],[-44.5204,-14.0049],[-44.5172,-14.0062],[-44.4992,-14.0115],[-44.4969,-14.0174],[-44.4704,-14.0315],[-44.468,-14.0375],[-44.4687,-14.043],[-44.4608,-14.0513],[-44.4414,-14.0603],[-44.4302,-14.0646],[-44.3645,-14.0887],[-44.3652,-14.0983],[-44.3665,-14.1046],[-44.3764,-14.1082],[-44.3777,-14.1219],[-44.3855,-14.1293],[-44.3848,-14.1432],[-44.3999,-14.163],[-44.4153,-14.1657],[-44.4276,-14.1632],[-44.4303,-14.1683],[-44.4239,-14.1771],[-44.4292,-14.1864],[-44.4449,-14.1831],[-44.463,-14.198],[-44.4753,-14.2011],[-44.4754,-14.2011],[-44.4894,-14.2103],[-44.4852,-14.2313],[-44.4947,-14.2409],[-44.4825,-14.2781],[-44.465,-14.2778],[-44.4573,-14.2729],[-44.4478,-14.2756],[-44.4462,-14.2706],[-44.4401,-14.2751],[-44.4339,-14.2711],[-44.4292,-14.2748],[-44.428,-14.2713],[-44.4279,-14.2796],[-44.4235,-14.2756],[-44.4219,-14.2791],[-44.4116,-14.2812],[-44.4303,-14.2891],[-44.4395,-14.3032],[-44.4532,-14.3115],[-44.4607,-14.313],[-44.4651,-14.3103],[-44.4692,-14.3161],[-44.4746,-14.3139],[-44.4728,-14.3168],[-44.4827,-14.3217],[-44.4868,-14.3281],[-44.498,-14.3272],[-44.503,-14.3219],[-44.5085,-14.3252],[-44.5104,-14.3222],[-44.5185,-14.3298],[-44.5287,-14.3277],[-44.5401,-14.3313],[-44.5447,-14.3426],[-44.5568,-14.3366],[-44.5595,-14.3401],[-44.5652,-14.3396],[-44.5642,-14.3482],[-44.5719,-14.3451],[-44.5747,-14.3496],[-44.5771,-14.3534],[-44.5796,-14.3509],[-44.5867,-14.354],[-44.5893,-14.3609],[-44.597,-14.3675],[-44.6005,-14.3649],[-44.6042,-14.3678],[-44.6103,-14.365],[-44.6162,-14.3747],[-44.6252,-14.3757],[-44.6286,-14.3813],[-44.6332,-14.394],[-44.6377,-14.3897],[-44.6434,-14.3915],[-44.6407,-14.3957],[-44.6454,-14.3976],[-44.6511,-14.3968],[-44.652,-14.3931],[-44.6585,-14.3953],[-44.663,-14.4073],[-44.6576,-14.4159],[-44.6644,-14.4177],[-44.6676,-14.4234],[-44.6692,-14.4158],[-44.6738,-14.424],[-44.6879,-14.4162],[-44.6874,-14.4211],[-44.6938,-14.423],[-44.6927,-14.4322],[-44.6978,-14.4316],[-44.7009,-14.4493],[-44.7049,-14.4461],[-44.7102,-14.4477],[-44.7125,-14.4435],[-44.7187,-14.4506],[-44.7234,-14.4486],[-44.7252,-14.4572],[-44.7414,-14.4667],[-44.743,-14.4672],[-44.7476,-14.463],[-44.7491,-14.4713],[-44.7563,-14.4779],[-44.7599,-14.4748],[-44.7624,-14.4777],[-44.769,-14.4769],[-44.7816,-14.4821],[-44.7872,-14.4884],[-44.794,-14.4874],[-44.7939,-14.4961],[-44.8044,-14.4961],[-44.8179,-14.4897],[-44.8167,-14.4938],[-44.8088,-14.4974],[-44.8134,-14.5042],[-44.8328,-14.4994],[-44.8351,-14.5041],[-44.8293,-14.5115],[-44.8241,-14.5132],[-44.8236,-14.5177],[-44.8359,-14.518],[-44.8314,-14.5267],[-44.8345,-14.5355],[-44.826,-14.5337],[-44.8239,-14.5389],[-44.8325,-14.542],[-44.8395,-14.5399],[-44.8467,-14.545],[-44.8465,-14.5576],[-44.8495,-14.5623],[-44.8545,-14.5622],[-44.8537,-14.5667],[-44.8584,-14.5711],[-44.8497,-14.5707],[-44.8471,-14.575],[-44.8435,-14.5659],[-44.843,-14.5804],[-44.8503,-14.5771],[-44.8585,-14.5805],[-44.8616,-14.5788],[-44.8704,-14.589],[-44.8688,-14.5929],[-44.8755,-14.5992],[-44.8762,-14.5916],[-44.879,-14.5954],[-44.8906,-14.5972],[-44.8961,-14.605],[-44.9098,-14.6031],[-44.9076,-14.6129],[-44.9166,-14.6142],[-44.9163,-14.6192],[-44.9409,-14.6272],[-44.9462,-14.6233],[-44.9426,-14.6298],[-44.9544,-14.6336],[-44.9544,-14.6374],[-44.9602,-14.6313],[-44.9705,-14.6384],[-44.9802,-14.6431],[-44.9735,-14.6517],[-44.983,-14.6514],[-44.9822,-14.6572],[-44.9855,-14.6617],[-44.9962,-14.6584],[-44.9953,-14.6674],[-45.0399,-14.68],[-45.0387,-14.6896],[-45.0446,-14.6955],[-45.0464,-14.6893],[-45.0537,-14.699],[-45.062,-14.7245],[-45.0824,-14.7483],[-45.0954,-14.7526],[-45.1262,-14.7449],[-45.1359,-14.747],[-45.1395,-14.7425],[-45.1565,-14.7403],[-45.166,-14.7349],[-45.1632,-14.7319],[-45.1716,-14.7342],[-45.1739,-14.7409],[-45.1815,-14.7441],[-45.1892,-14.742],[-45.1909,-14.7493],[-45.2052,-14.7443],[-45.2167,-14.7553],[-45.2162,-14.7574],[-45.2288,-14.7653],[-45.2312,-14.7746],[-45.2415,-14.7861],[-45.247,-14.7832],[-45.2583,-14.7891],[-45.2627,-14.8018],[-45.2708,-14.7984],[-45.274,-14.8111],[-45.2883,-14.8177],[-45.2865,-14.8213],[-45.2897,-14.8253],[-45.2853,-14.832],[-45.295,-14.8269],[-45.3022,-14.8284],[-45.3056,-14.8339],[-45.3097,-14.8362],[-45.3167,-14.8315],[-45.311,-14.8407],[-45.3176,-14.8521],[-45.3221,-14.8516],[-45.3297,-14.8591],[-45.3525,-14.8637],[-45.3495,-14.8676],[-45.3515,-14.8756],[-45.3551,-14.8771],[-45.3636,-14.8712],[-45.3659,-14.8772],[-45.3717,-14.8805],[-45.3685,-14.889],[-45.3703,-14.8937],[-45.3807,-14.8974],[-45.3994,-14.9171],[-45.4206,-14.9261],[-45.4287,-14.9193],[-45.44,-14.9292],[-45.4421,-14.9348],[-45.4508,-14.9383],[-45.4487,-14.9422],[-45.4549,-14.9486],[-45.4547,-14.9533],[-45.4694,-14.9496],[-45.4896,-14.9603],[-45.4981,-14.9459],[-45.5136,-14.9535],[-45.5203,-14.9531],[-45.5343,-14.9378],[-45.5486,-14.9386],[-45.5533,-14.9447],[-45.5587,-14.9431],[-45.5671,-14.9454],[-45.5666,-14.956],[-45.588,-14.9733],[-45.5864,-14.9777],[-45.5931,-14.9751],[-45.5941,-14.9838],[-45.6023,-14.9891],[-45.6006,-14.9958],[-45.6081,-14.9962],[-45.6168,-15.0138],[-45.6229,-15.0198],[-45.6392,-15.023],[-45.6436,-15.0169],[-45.6458,-15.0316],[-45.6491,-15.0276],[-45.6469,-15.023],[-45.6551,-15.0254],[-45.66,-15.0378],[-45.6554,-15.0481],[-45.6744,-15.0801],[-45.6784,-15.0792],[-45.6793,-15.0834],[-45.6854,-15.0864],[-45.6935,-15.0838],[-45.6929,-15.0893],[-45.6968,-15.0925],[-45.7005,-15.09],[-45.7103,-15.093],[-45.7125,-15.0974],[-45.7166,-15.0935],[-45.7185,-15.0969],[-45.7155,-15.1032],[-45.7235,-15.1038],[-45.7212,-15.1118],[-45.7284,-15.1127],[-45.7305,-15.1164],[-45.7393,-15.12],[-45.7439,-15.1183],[-45.7507,-15.1221],[-45.7563,-15.1181],[-45.7886,-15.1151],[-45.7889,-15.1123],[-45.7914,-15.115],[-45.8013,-15.1186],[-45.8112,-15.1124],[-45.8205,-15.1179],[-45.8263,-15.1165],[-45.8274,-15.1223],[-45.8322,-15.1236],[-45.8339,-15.1362],[-45.8384,-15.1369],[-45.8439,-15.1448],[-45.8584,-15.1439],[-45.8572,-15.1484],[-45.8731,-15.1577],[-45.9183,-15.1329],[-45.9533,-15.1391],[-45.972,-15.1543],[-45.972,-15.1697],[-45.9747,-15.1688],[-45.9792,-15.1739],[-45.9764,-15.1771],[-45.9841,-15.1955],[-45.9927,-15.1954],[-45.994,-15.2001],[-46.0005,-15.1956],[-46.01,-15.1954],[-46.0268,-15.1998],[-46.0312,-15.2057],[-46.0317,-15.2135],[-46.0391,-15.2169],[-46.0381,-15.2305],[-46.0466,-15.2359],[-46.047,-15.2413],[-46.0505,-15.2411],[-46.0503,-15.2465],[-46.0551,-15.2501],[-46.0522,-15.2587],[-46.0577,-15.2623],[-46.0767,-15.2642],[-46.0808,-15.2481],[-46.0845,-15.2454],[-46.0919,-15.2475],[-46.0987,-15.2378],[-46.0984,-15.2163],[-46.1185,-15.2016],[-46.1188,-15.1918],[-46.0973,-15.1922],[-46.0924,-15.1847],[-46.0802,-15.1816],[-46.0783,-15.1751],[-46.0615,-15.1749],[-46.0539,-15.1715],[-46.0473,-15.1633],[-46.0467,-15.1497],[-46.043,-15.1457],[-46.0457,-15.1406],[-46.05,-15.1325],[-46.0433,-15.1177],[-46.0281,-15.1137],[-46.0276,-15.1018],[-46.0191,-15.0926],[-46.0181,-15.0809],[-46.0011,-15.0636],[-45.9952,-15.0588],[-45.9951,-15.054],[-45.987,-15.0506],[-45.9751,-15.0384],[-45.9744,-15.0042],[-45.9781,-14.9981],[-45.9693,-14.9919],[-45.9657,-14.9652],[-45.9713,-14.9487],[-45.9865,-14.9406],[-45.9954,-14.927],[-46.0069,-14.9254],[-46.0035,-14.9018],[-46.0209,-14.8833],[-46.0352,-14.877],[-46.0371,-14.8742],[-46.0322,-14.8562],[-46.0449,-14.8381],[-46.0508,-14.8366],[-46.0493,-14.8327],[-46.0524,-14.8309],[-46.0378,-14.8218],[-46.0229,-14.8176],[-46.0198,-14.8104],[-46.0119,-14.8223],[-46.0014,-14.8277],[-45.9937,-14.8208],[-45.9824,-14.8197],[-45.9654,-14.8101],[-45.9356,-14.7719],[-45.9127,-14.7555],[-45.8963,-14.7409],[-45.8939,-14.7343],[-45.8841,-14.7283],[-45.8757,-14.7133],[-45.8621,-14.7053],[-45.858,-14.6952],[-45.8437,-14.6867],[-45.8318,-14.6725],[-45.8223,-14.6666],[-45.8127,-14.6566],[-45.7966,-14.6473],[-45.7934,-14.6403],[-45.7837,-14.6379],[-45.7763,-14.6285],[-45.7659,-14.6221],[-45.7529,-14.6042],[-45.7433,-14.5999],[-45.7243,-14.5734],[-45.7235,-14.57],[-45.7142,-14.5697],[-45.7067,-14.5616],[-45.6809,-14.5468],[-45.6711,-14.5177],[-45.6359,-14.5129],[-45.6213,-14.5042],[-45.6069,-14.4777],[-45.5802,-14.4521],[-45.5577,-14.4422],[-45.53,-14.4038],[-45.5203,-14.3993],[-45.5155,-14.3918],[-45.5099,-14.3942],[-45.5069,-14.3846],[-45.4953,-14.3755],[-45.4949,-14.3588],[-45.4825,-14.3471],[-45.4612,-14.3376],[-45.4512,-14.329],[-45.4406,-14.3279],[-45.4328,-14.3316],[-45.429,-14.3281],[-45.4246,-14.3292],[-45.4275,-14.3239],[-45.4172,-14.3134],[-45.411,-14.2982],[-45.3977,-14.2934],[-45.3911,-14.2759],[-45.3752,-14.2569],[-45.3513,-14.2536],[-45.3422,-14.2463],[-45.3339,-14.2451],[-45.318,-14.2248],[-45.3057,-14.2247],[-45.3033,-14.2213],[-45.3064,-14.2143],[-45.3026,-14.2086],[-45.2957,-14.2103],[-45.2873,-14.2052],[-45.2835,-14.2066],[-45.2763,-14.1987],[-45.2697,-14.1971],[-45.2722,-14.1998],[-45.2685,-14.2015],[-45.2584,-14.1938],[-45.2547,-14.1858],[-45.2491,-14.1859],[-45.242,-14.1748],[-45.2327,-14.1729],[-45.2274,-14.1665],[-45.2196,-14.1666],[-45.2219,-14.1622],[-45.2181,-14.1577],[-45.2218,-14.1538],[-45.2029,-14.1488],[-45.1926,-14.1272],[-45.1782,-14.1225],[-45.1735,-14.1256],[-45.1731,-14.1218],[-45.1691,-14.1209],[-45.1606,-14.1251],[-45.152,-14.1173],[-45.1406,-14.1173],[-45.139,-14.1142],[-45.1253,-14.1103],[-45.1198,-14.1133],[-45.114,-14.1134],[-45.1079,-14.1191],[-45.1001,-14.098],[-45.09,-14.0856],[-45.0729,-14.0743],[-45.0667,-14.0743],[-45.0595,-14.0714],[-45.0498,-14.0728],[-45.0459,-14.0685],[-45.0484,-14.066],[-45.042,-14.0605],[-45.0356,-14.0614],[-45.0,-14.0425],[-44.974,-14.038],[-44.9642,-14.0323],[-44.9512,-14.0326],[-44.9502,-14.026],[-44.9451,-14.0224],[-44.9483,-14.02],[-44.9462,-14.0157],[-44.9409,-14.0135],[-44.9356,-14.0155],[-44.9323,-14.0114],[-44.9288,-14.015],[-44.9242,-14.0143],[-44.9204,-14.0098],[-44.9221,-14.0063],[-44.9188,-14.0025],[-44.9152,-14.0041],[-44.9131,-13.992],[-44.9091,-13.9908],[-44.9071,-13.9841],[-44.9087,-13.9656],[-44.9036,-13.9433],[-44.8992,-13.9368],[-44.9043,-13.9303],[-44.9037,-13.9258],[-44.887,-13.9216],[-44.8851,-13.9142],[-44.8768,-13.9118],[-44.8785,-13.9096],[-44.8708,-13.9028],[-44.8685,-13.9069],[-44.8652,-13.9023],[-44.8675,-13.8932],[-44.8585,-13.8959],[-44.8581,-13.8865],[-44.8494,-13.8812],[-44.842,-13.8812],[-44.8438,-13.8769],[-44.8337,-13.8535],[-44.8222,-13.8509],[-44.8074,-13.8287],[-44.7948,-13.8261],[-44.7912,-13.825],[-44.7654,-13.8412],[-44.7493,-13.8663],[-44.7269,-13.8701],[-44.7197,-13.8756]]]}},{"type":"Feature","properties":{"nome":"Conceição da Feira","cod":"2908200","uf":"BA"},"geometry":{"type":"Polygon","coordinates":[[[-38.9693,-12.4771],[-38.9483,-12.4847],[-38.9419,-12.4824],[-38.93,-12.492],[-38.9225,-12.4919],[-38.9223,-12.4917],[-38.917,-12.4805],[-38.8976,-12.4883],[-38.9035,-12.4947],[-38.9054,-12.4967],[-38.9011,-12.5],[-38.8786,-12.5092],[-38.9223,-12.5293],[-38.9379,-12.5365],[-38.9469,-12.5406],[-38.9749,-12.5536],[-39.0066,-12.5682],[-39.0127,-12.5664],[-39.0172,-12.5583],[-39.027,-12.5515],[-39.0457,-12.5441],[-39.0557,-12.5405],[-39.0572,-12.5397],[-39.0654,-12.528],[-39.0751,-12.4998],[-39.0908,-12.4949],[-39.0692,-12.4549],[-39.0527,-12.4475],[-39.0521,-12.447],[-38.9973,-12.4669],[-38.9693,-12.4771]]]}},{"type":"Feature","properties":{"nome":"Conceição do Almeida","cod":"2908309","uf":"BA"},"geometry":{"type":"Polygon","coordinates":[[[-39.1392,-12.8313],[-39.1611,-12.8482],[-39.1619,-12.8488],[-39.1813,-12.8638],[-39.192,-12.8721],[-39.2107,-12.8866],[-39.2235,-12.8966],[-39.2232,-12.9017],[-39.2209,-12.9416],[-39.2353,-12.9403],[-39.2418,-12.9405],[-39.2484,-12.9461],[-39.2615,-12.9534],[-39.2703,-12.9522],[-39.2809,-12.9514],[-39.2934,-12.9433],[-39.2993,-12.943],[-39.3161,-12.945],[-39.3266,-12.9778],[-39.3305,-12.9736],[-39.3256,-12.9665],[-39.327,-12.9608],[-39.3279,-12.9571],[-39.336,-12.923],[-39.3432,-12.8898],[-39.344,-12.8861],[-39.3337,-12.8763],[-39.3305,-12.8733],[-39.3239,-12.8669],[-39.3314,-12.8544],[-39.3499,-12.8235],[-39.3552,-12.8146],[-39.3643,-12.7995],[-39.3496,-12.8094],[-39.3352,-12.811],[-39.3122,-12.8228],[-39.2967,-12.8205],[-39.2937,-12.8241],[-39.2842,-12.8418],[-39.2816,-12.841],[-39.2344,-12.8262],[-39.2148,-12.82],[-39.2146,-12.82],[-39.2112,-12.8164],[-39.2191,-12.7954],[-39.2161,-12.7909],[-39.1978,-12.7633],[-39.1859,-12.7516],[-39.1842,-12.7511],[-39.1791,-12.7496],[-39.1443,-12.7393],[-39.1393,-12.7562],[-39.1422,-12.7628],[-39.1378,-12.7761],[-39.1269,-12.789],[-39.1177,-12.7972],[-39.1219,-12.8122],[-39.1189,-12.8157],[-39.127,-12.8219],[-39.1273,-12.8221],[-39.135,-12.828],[-39.1392,-12.8313]]]}},{"type":"Feature","properties":{"nome":"Conceição do Coité","cod":"2908408","uf":"BA"},"geometry":{"type":"Polygon","coordinates":[[[-39.1557,-11.68],[-39.1536,-11.6848],[-39.1776,-11.6852],[-39.1906,-11.6989],[-39.1907,-11.6991],[-39.1949,-11.7053],[-39.2033,-11.7067],[-39.2143,-11.7211],[-39.2115,-11.7286],[-39.2307,-11.7554],[-39.2295,-11.7602],[-39.2336,-11.7642],[-39.2344,-11.7635],[-39.2976,-11.7129],[-39.2979,-11.7126],[-39.316,-11.6981],[-39.3661,-11.6579],[-39.3662,-11.6578],[-39.3835,-11.6439],[-39.4222,-11.6232],[-39.4466,-11.6102],[-39.5366,-11.5618],[-39.486,-11.5518],[-39.4479,-11.5445],[-39.4015,-11.5357],[-39.4007,-11.5355],[-39.3531,-11.5264],[-39.3443,-11.5045],[-39.3207,-11.4498],[-39.3079,-11.42],[-39.2834,-11.3633],[-39.2827,-11.3606],[-39.2621,-11.2883],[-39.2413,-11.2154],[-39.2407,-11.2133],[-39.1718,-11.2806],[-39.1648,-11.3288],[-39.1624,-11.3458],[-39.155,-11.3968],[-39.1491,-11.4376],[-39.1413,-11.4909],[-39.1409,-11.4939],[-39.1582,-11.5318],[-39.1584,-11.5365],[-39.1513,-11.5396],[-39.1468,-11.5417],[-39.148,-11.5442],[-39.1506,-11.5527],[-39.1454,-11.5732],[-39.147,-11.5751],[-39.152,-11.584],[-39.1507,-11.5996],[-39.1534,-11.6062],[-39.1546,-11.6153],[-39.1611,-11.6228],[-39.1583,-11.6327],[-39.1583,-11.6328],[-39.1592,-11.6459],[-39.1536,-11.6589],[-39.157,-11.6616],[-39.1516,-11.6762],[-39.1557,-11.68]]]}},{"type":"Feature","properties":{"nome":"Conceição do Jacuípe","cod":"2908507","uf":"BA"},"geometry":{"type":"Polygon","coordinates":[[[-38.7397,-12.2819],[-38.7365,-12.2871],[-38.7291,-12.2833],[-38.7235,-12.2846],[-38.7224,-12.2984],[-38.7182,-12.3036],[-38.7072,-12.309],[-38.7029,-12.3035],[-38.7004,-12.3055],[-38.6891,-12.303],[-38.6856,-12.3063],[-38.6769,-12.3168],[-38.6821,-12.3247],[-38.6799,-12.333],[-38.6735,-12.3354],[-38.6675,-12.3493],[-38.6599,-12.354],[-38.6569,-12.3606],[-38.642,-12.3643],[-38.6379,-12.3669],[-38.6389,-12.3724],[-38.6914,-12.3698],[-38.7036,-12.3687],[-38.7214,-12.3672],[-38.7436,-12.3656],[-38.7751,-12.364],[-38.7972,-12.3672],[-38.7973,-12.3672],[-38.8333,-12.3677],[-38.8485,-12.3493],[-38.8445,-12.3459],[-38.8357,-12.3481],[-38.8288,-12.3514],[-38.8198,-12.3405],[-38.8115,-12.3365],[-38.7987,-12.3368],[-38.7897,-12.3295],[-38.7857,-12.3249],[-38.7889,-12.3227],[-38.7869,-12.3082],[-38.7734,-12.3097],[-38.7706,-12.3031],[-38.7664,-12.3044],[-38.767,-12.2947],[-38.7623,-12.2903],[-38.7576,-12.2933],[-38.7562,-12.2883],[-38.7514,-12.2867],[-38.7478,-12.2892],[-38.7451,-12.2814],[-38.7397,-12.2819]]]}},{"type":"Feature","properties":{"nome":"Conde","cod":"2908606","uf":"BA"},"geometry":{"type":"Polygon","coordinates":[[[-37.7425,-11.6297],[-37.7274,-11.6339],[-37.7137,-11.6326],[-37.7105,-11.6379],[-37.7015,-11.6424],[-37.6951,-11.6542],[-37.6871,-11.6609],[-37.6722,-11.6711],[-37.6604,-11.6734],[-37.651,-11.6707],[-37.6418,-11.6603],[-37.611,-11.665],[-37.586,-11.6913],[-37.5812,-11.6862],[-37.5774,-11.6865],[-37.5715,-11.6969],[-37.557,-11.7055],[-37.5473,-11.7053],[-37.5347,-11.7002],[-37.5307,-11.7022],[-37.5345,-11.7099],[-37.5253,-11.7091],[-37.5207,-11.7119],[-37.5235,-11.7229],[-37.5209,-11.7259],[-37.5244,-11.727],[-37.5224,-11.73],[-37.5265,-11.7307],[-37.5258,-11.7344],[-37.5286,-11.7337],[-37.5272,-11.7403],[-37.5245,-11.738],[-37.5267,-11.7457],[-37.5378,-11.7486],[-37.542,-11.7558],[-37.5403,-11.7605],[-37.5441,-11.7637],[-37.5413,-11.7636],[-37.5408,-11.7721],[-37.5365,-11.7717],[-37.531,-11.7689],[-37.5221,-11.7545],[-37.5193,-11.7431],[-37.5153,-11.7421],[-37.5163,-11.7501],[-37.5399,-11.8015],[-37.5406,-11.8029],[-37.5645,-11.855],[-37.6149,-11.9633],[-37.6164,-11.9663],[-37.6221,-11.9953],[-37.6862,-12.0927],[-37.6946,-12.0824],[-37.6869,-12.0779],[-37.6947,-12.0772],[-37.6926,-12.0728],[-37.6975,-12.073],[-37.7026,-12.0635],[-37.7158,-12.0533],[-37.7221,-12.0489],[-37.7298,-12.0526],[-37.7333,-12.0494],[-37.7325,-12.0399],[-37.7286,-12.0315],[-37.7219,-12.0275],[-37.7208,-12.0178],[-37.7336,-12.0087],[-37.7463,-12.0074],[-37.7504,-12.0013],[-37.7398,-11.9748],[-37.7447,-11.9739],[-37.747,-11.9676],[-37.7534,-11.9718],[-37.7662,-11.9607],[-37.7678,-11.8837],[-37.7678,-11.8696],[-37.7679,-11.8579],[-37.78,-11.8571],[-37.7945,-11.8475],[-37.8004,-11.8275],[-37.8588,-11.7751],[-37.8588,-11.7677],[-37.8588,-11.7676],[-37.8589,-11.7625],[-37.8521,-11.7672],[-37.8384,-11.76],[-37.8324,-11.7402],[-37.8127,-11.7368],[-37.7925,-11.73],[-37.7836,-11.7217],[-37.7741,-11.7009],[-37.7734,-11.6903],[-37.7504,-11.6593],[-37.753,-11.657],[-37.7489,-11.6486],[-37.7495,-11.635],[-37.7425,-11.6297]]]}},{"type":"Feature","properties":{"nome":"Condeúba","cod":"2908705","uf":"BA"},"geometry":{"type":"Polygon","coordinates":[[[-41.8808,-14.6918],[-41.8874,-14.739],[-41.8964,-14.7417],[-41.8964,-14.7503],[-41.8894,-14.7547],[-41.8953,-14.7746],[-41.8905,-14.7815],[-41.8938,-14.789],[-41.8783,-14.8052],[-41.8864,-14.813],[-41.8837,-14.8298],[-41.8836,-14.8299],[-41.8726,-14.8402],[-41.8586,-14.8375],[-41.847,-14.8528],[-41.8312,-14.8922],[-41.8464,-14.8971],[-41.8567,-14.888],[-41.8588,-14.8919],[-41.8634,-14.8906],[-41.8667,-14.8991],[-41.872,-14.8929],[-41.8781,-14.8967],[-41.883,-14.8893],[-41.8848,-14.895],[-41.8905,-14.8901],[-41.892,-14.8952],[-41.8957,-14.8933],[-41.9011,-14.9057],[-41.9094,-14.9034],[-41.912,-14.9045],[-41.9102,-14.9079],[-41.9287,-14.9124],[-41.9303,-14.9198],[-41.9309,-14.9253],[-41.9247,-14.9263],[-41.929,-14.9287],[-41.926,-14.931],[-41.9308,-14.9322],[-41.9294,-14.9365],[-41.9335,-14.9372],[-41.9332,-14.9448],[-41.9438,-14.9509],[-41.9485,-14.9619],[-41.9648,-14.9701],[-41.9708,-14.9818],[-41.9741,-15.0004],[-41.9775,-15.0124],[-41.9732,-15.0266],[-41.9814,-15.0514],[-41.9813,-15.053],[-41.9897,-15.073],[-42.0084,-15.0885],[-42.02,-15.095],[-42.0278,-15.0954],[-42.0345,-15.1088],[-42.0417,-15.1152],[-42.0372,-15.1357],[-42.0338,-15.1421],[-42.0348,-15.1594],[-42.0309,-15.1661],[-42.0729,-15.1752],[-42.0843,-15.1861],[-42.0912,-15.1862],[-42.0957,-15.182],[-42.0979,-15.1679],[-42.107,-15.1662],[-42.1159,-15.1437],[-42.1285,-15.1313],[-42.1407,-15.1284],[-42.1495,-15.1199],[-42.1535,-15.1101],[-42.153,-15.0989],[-42.1641,-15.0969],[-42.1729,-15.0855],[-42.1794,-15.0874],[-42.1826,-15.0992],[-42.1922,-15.1027],[-42.2024,-15.0996],[-42.2091,-15.104],[-42.2174,-15.104],[-42.227,-15.0988],[-42.2468,-15.1088],[-42.2644,-15.1247],[-42.275,-15.1128],[-42.2834,-15.1169],[-42.2818,-15.1082],[-42.2903,-15.0846],[-42.2892,-15.074],[-42.2811,-15.0686],[-42.2772,-15.0534],[-42.2498,-15.0454],[-42.2313,-15.0446],[-42.2267,-15.0445],[-42.2244,-15.0368],[-42.1972,-14.9459],[-42.1833,-14.8994],[-42.1755,-14.8734],[-42.1577,-14.8137],[-42.1526,-14.8088],[-42.1507,-14.8122],[-42.1421,-14.812],[-42.138,-14.8154],[-42.1342,-14.8105],[-42.1262,-14.8125],[-42.1223,-14.8187],[-42.1098,-14.8204],[-42.0958,-14.819],[-42.0885,-14.8249],[-42.0858,-14.8328],[-42.0755,-14.8345],[-42.0661,-14.8411],[-42.0643,-14.8495],[-42.0583,-14.8486],[-42.0511,-14.8345],[-42.0456,-14.8031],[-42.0551,-14.7803],[-42.0504,-14.7473],[-42.0598,-14.7269],[-42.0585,-14.7185],[-41.9668,-14.7169],[-41.9645,-14.7143],[-41.9135,-14.658],[-41.869,-14.6088],[-41.8808,-14.6918]]]}},{"type":"Feature","properties":{"nome":"Contendas do Sincorá","cod":"2908804","uf":"BA"},"geometry":{"type":"Polygon","coordinates":[[[-41.041,-13.6149],[-41.0326,-13.6263],[-41.0396,-13.6329],[-41.0405,-13.6444],[-41.0326,-13.652],[-41.0269,-13.6504],[-41.0324,-13.6613],[-41.0277,-13.6618],[-41.0289,-13.6656],[-41.023,-13.6661],[-41.0178,-13.6718],[-41.0283,-13.6766],[-41.0262,-13.6886],[-41.0316,-13.6885],[-41.0256,-13.6988],[-41.0281,-13.7055],[-41.0261,-13.7127],[-41.0337,-13.7146],[-41.0292,-13.7176],[-41.031,-13.7242],[-41.0245,-13.7342],[-41.0305,-13.7364],[-41.0312,-13.747],[-41.0246,-13.7478],[-41.0331,-13.7582],[-41.0356,-13.7614],[-41.0427,-13.7684],[-41.0382,-13.7691],[-41.0403,-13.7736],[-41.0349,-13.7743],[-41.0345,-13.7803],[-41.0136,-13.7872],[-41.011,-13.7948],[-41.0056,-13.7952],[-41.0053,-13.791],[-40.9911,-13.791],[-40.9892,-13.799],[-40.9951,-13.8023],[-40.9884,-13.805],[-40.9936,-13.8109],[-40.9836,-13.824],[-40.9826,-13.8385],[-40.9725,-13.8386],[-40.9718,-13.8448],[-40.9637,-13.8393],[-40.9628,-13.8529],[-40.9549,-13.8591],[-40.9493,-13.8576],[-40.9492,-13.8607],[-40.9545,-13.8618],[-40.953,-13.8674],[-40.9482,-13.8677],[-40.947,-13.8795],[-40.9359,-13.8799],[-40.9289,-13.8843],[-40.9279,-13.8889],[-40.9215,-13.891],[-40.935,-13.893],[-40.9368,-13.8965],[-40.9273,-13.9048],[-40.914,-13.9007],[-40.911,-13.9128],[-40.9252,-13.9204],[-40.9375,-13.91],[-40.9503,-13.9065],[-40.9632,-13.9224],[-40.9594,-13.9309],[-40.9601,-13.9392],[-40.9767,-13.9412],[-40.9832,-13.9472],[-40.9753,-13.9584],[-40.981,-13.9641],[-40.9813,-13.9696],[-40.984,-13.9707],[-40.9837,-13.9783],[-40.9872,-13.9799],[-41.0001,-13.9772],[-41.0218,-13.9816],[-41.0317,-13.973],[-41.0424,-13.9732],[-41.0591,-13.9818],[-41.0696,-13.9961],[-41.09,-13.995],[-41.0984,-14.0038],[-41.1081,-13.9932],[-41.1168,-13.9944],[-41.1245,-13.9901],[-41.1362,-13.9902],[-41.1363,-13.9902],[-41.1502,-13.9685],[-41.1596,-13.9669],[-41.1598,-13.9563],[-41.1678,-13.9464],[-41.171,-13.9363],[-41.1958,-13.859],[-41.1978,-13.8556],[-41.2047,-13.8438],[-41.2224,-13.8138],[-41.2147,-13.7851],[-41.2204,-13.7621],[-41.2162,-13.7342],[-41.2162,-13.7342],[-41.2209,-13.7154],[-41.2171,-13.6999],[-41.2222,-13.6939],[-41.2486,-13.7144],[-41.2488,-13.7181],[-41.2818,-13.6858],[-41.2492,-13.6811],[-41.1846,-13.6719],[-41.1789,-13.6711],[-41.1745,-13.6744],[-41.1631,-13.6729],[-41.1565,-13.6768],[-41.1488,-13.6649],[-41.1328,-13.6523],[-41.1289,-13.6523],[-41.1276,-13.6473],[-41.1235,-13.6478],[-41.1224,-13.6392],[-41.1091,-13.6301],[-41.0802,-13.6132],[-41.0766,-13.6191],[-41.0723,-13.6191],[-41.0698,-13.6172],[-41.0719,-13.6132],[-41.0527,-13.6094],[-41.041,-13.6149]]]}},{"type":"Feature","properties":{"nome":"Coração de Maria","cod":"2908903","uf":"BA"},"geometry":{"type":"Polygon","coordinates":[[[-38.7628,-12.1182],[-38.7546,-12.1393],[-38.7524,-12.1413],[-38.7571,-12.1498],[-38.7526,-12.1629],[-38.7518,-12.1648],[-38.7399,-12.1695],[-38.7347,-12.171],[-38.7172,-12.1759],[-38.6575,-12.1928],[-38.6578,-12.1929],[-38.6824,-12.2136],[-38.6881,-12.2183],[-38.6862,-12.2201],[-38.693,-12.2302],[-38.6985,-12.2353],[-38.703,-12.2505],[-38.6961,-12.2819],[-38.6891,-12.303],[-38.7004,-12.3055],[-38.7029,-12.3035],[-38.7072,-12.309],[-38.7182,-12.3036],[-38.7224,-12.2984],[-38.7235,-12.2846],[-38.7291,-12.2833],[-38.7365,-12.2871],[-38.7397,-12.2819],[-38.7451,-12.2814],[-38.7478,-12.2892],[-38.7514,-12.2867],[-38.7562,-12.2883],[-38.7576,-12.2933],[-38.7623,-12.2903],[-38.767,-12.2947],[-38.7664,-12.3044],[-38.7706,-12.3031],[-38.7734,-12.3097],[-38.7869,-12.3082],[-38.7889,-12.3227],[-38.7857,-12.3249],[-38.7897,-12.3295],[-38.7987,-12.3368],[-38.8115,-12.3365],[-38.8138,-12.3289],[-38.819,-12.3263],[-38.8198,-12.3197],[-38.831,-12.3172],[-38.8391,-12.3048],[-38.838,-12.2987],[-38.8446,-12.29],[-38.8472,-12.2909],[-38.8508,-12.269],[-38.8422,-12.2681],[-38.8386,-12.2633],[-38.8411,-12.2589],[-38.8392,-12.2504],[-38.8405,-12.2417],[-38.8506,-12.2397],[-38.8508,-12.2272],[-38.857,-12.2248],[-38.8544,-12.2048],[-38.8548,-12.1925],[-38.8659,-12.191],[-38.8658,-12.1796],[-38.8733,-12.173],[-38.8739,-12.1702],[-38.8829,-12.1585],[-38.8799,-12.1488],[-38.8812,-12.1391],[-38.8808,-12.1354],[-38.8806,-12.1344],[-38.8701,-12.1353],[-38.8661,-12.1445],[-38.8593,-12.1438],[-38.8513,-12.1264],[-38.8419,-12.1247],[-38.8415,-12.1232],[-38.8104,-12.1213],[-38.7632,-12.1183],[-38.7628,-12.1182]]]}},{"type":"Feature","properties":{"nome":"Cordeiros","cod":"2909000","uf":"BA"},"geometry":{"type":"Polygon","coordinates":[[[-41.883,-14.8893],[-41.8781,-14.8967],[-41.872,-14.8929],[-41.8667,-14.8991],[-41.8634,-14.8906],[-41.8588,-14.8919],[-41.8567,-14.888],[-41.8464,-14.8971],[-41.8312,-14.8922],[-41.831,-14.9008],[-41.8182,-14.9169],[-41.8115,-14.9203],[-41.8047,-14.9185],[-41.7946,-14.9244],[-41.7953,-14.9382],[-41.7922,-14.9466],[-41.7914,-14.9534],[-41.7822,-14.9614],[-41.7871,-14.9967],[-41.783,-15.0045],[-41.7775,-15.0172],[-41.7863,-15.0368],[-41.7844,-15.0467],[-41.7733,-15.0474],[-41.7658,-15.054],[-41.7724,-15.0735],[-41.7891,-15.0803],[-41.7951,-15.0863],[-41.8003,-15.1006],[-41.809,-15.1006],[-41.816,-15.1079],[-41.8416,-15.1137],[-41.8479,-15.1164],[-41.87,-15.1147],[-41.8759,-15.1312],[-41.892,-15.1461],[-41.8966,-15.1514],[-41.9095,-15.1539],[-41.9147,-15.1601],[-41.9262,-15.1603],[-41.9321,-15.174],[-41.9378,-15.1736],[-41.9578,-15.1733],[-41.9792,-15.1672],[-41.9874,-15.1679],[-41.9971,-15.1584],[-42.0209,-15.1639],[-42.0309,-15.1661],[-42.0348,-15.1594],[-42.0338,-15.1421],[-42.0372,-15.1357],[-42.0417,-15.1152],[-42.0345,-15.1088],[-42.0278,-15.0954],[-42.02,-15.095],[-42.0084,-15.0885],[-41.9897,-15.073],[-41.9813,-15.053],[-41.9814,-15.0514],[-41.9732,-15.0266],[-41.9775,-15.0124],[-41.9741,-15.0004],[-41.9708,-14.9818],[-41.9648,-14.9701],[-41.9485,-14.9619],[-41.9438,-14.9509],[-41.9332,-14.9448],[-41.9335,-14.9372],[-41.9294,-14.9365],[-41.9308,-14.9322],[-41.926,-14.931],[-41.929,-14.9287],[-41.9247,-14.9263],[-41.9309,-14.9253],[-41.9303,-14.9198],[-41.9287,-14.9124],[-41.9102,-14.9079],[-41.912,-14.9045],[-41.9094,-14.9034],[-41.9011,-14.9057],[-41.8957,-14.8933],[-41.892,-14.8952],[-41.8905,-14.8901],[-41.8848,-14.895],[-41.883,-14.8893]]]}},{"type":"Feature","properties":{"nome":"Coribe","cod":"2909109","uf":"BA"},"geometry":{"type":"Polygon","coordinates":[[[-44.2247,-13.4278],[-44.1685,-13.5091],[-44.1647,-13.5145],[-44.1067,-13.5964],[-44.0972,-13.6097],[-44.0373,-13.6941],[-44.0497,-13.6944],[-44.0574,-13.7062],[-44.0721,-13.7163],[-44.0755,-13.7275],[-44.1009,-13.7591],[-44.1205,-13.7649],[-44.1498,-13.7867],[-44.1589,-13.7892],[-44.1552,-13.8],[-44.1598,-13.8087],[-44.159,-13.8203],[-44.1639,-13.8246],[-44.1686,-13.8252],[-44.1751,-13.841],[-44.1897,-13.8499],[-44.1902,-13.8577],[-44.2004,-13.8581],[-44.204,-13.8617],[-44.2007,-13.8833],[-44.2118,-13.886],[-44.2247,-13.8997],[-44.2343,-13.9032],[-44.2377,-13.9251],[-44.2531,-13.9355],[-44.2714,-13.9355],[-44.293,-13.9454],[-44.2979,-13.9657],[-44.3079,-13.9701],[-44.3088,-13.9783],[-44.3212,-13.9909],[-44.3224,-14.0016],[-44.3371,-14.0071],[-44.3327,-14.0227],[-44.3399,-14.0389],[-44.3408,-14.0499],[-44.3427,-14.0571],[-44.3645,-14.0887],[-44.4302,-14.0646],[-44.4414,-14.0603],[-44.4608,-14.0513],[-44.4687,-14.043],[-44.468,-14.0375],[-44.4704,-14.0315],[-44.4969,-14.0174],[-44.4992,-14.0115],[-44.5172,-14.0062],[-44.5204,-14.0049],[-44.6084,-13.9629],[-44.6316,-13.9515],[-44.6889,-13.9236],[-44.7012,-13.8992],[-44.7127,-13.8882],[-44.7123,-13.8839],[-44.7197,-13.8756],[-44.7269,-13.8701],[-44.7493,-13.8663],[-44.7654,-13.8412],[-44.7912,-13.825],[-44.7948,-13.8261],[-44.7995,-13.813],[-44.7986,-13.8],[-44.7814,-13.7874],[-44.7543,-13.78],[-44.7506,-13.776],[-44.743,-13.7757],[-44.7248,-13.767],[-44.7144,-13.7505],[-44.6995,-13.7528],[-44.695,-13.7463],[-44.6897,-13.7436],[-44.6872,-13.7455],[-44.68,-13.7372],[-44.6704,-13.7342],[-44.6767,-13.7293],[-44.6581,-13.7273],[-44.6551,-13.7235],[-44.6497,-13.7263],[-44.6515,-13.7309],[-44.6442,-13.7276],[-44.6383,-13.7208],[-44.6387,-13.7128],[-44.633,-13.7157],[-44.6111,-13.7053],[-44.5953,-13.703],[-44.588,-13.6841],[-44.5803,-13.6877],[-44.5754,-13.6805],[-44.5704,-13.6732],[-44.5665,-13.6745],[-44.5608,-13.671],[-44.5538,-13.673],[-44.5512,-13.6746],[-44.5413,-13.6765],[-44.531,-13.6698],[-44.5023,-13.6663],[-44.5,-13.657],[-44.4966,-13.6582],[-44.4684,-13.647],[-44.4678,-13.6415],[-44.4603,-13.6326],[-44.448,-13.6274],[-44.4385,-13.6257],[-44.4341,-13.6213],[-44.4267,-13.6241],[-44.4196,-13.6169],[-44.4008,-13.6097],[-44.3986,-13.6055],[-44.383,-13.598],[-44.3707,-13.5965],[-44.3517,-13.6009],[-44.3503,-13.5903],[-44.3446,-13.5885],[-44.3426,-13.5911],[-44.3374,-13.5844],[-44.3291,-13.5833],[-44.324,-13.5771],[-44.3249,-13.572],[-44.317,-13.5684],[-44.3172,-13.5623],[-44.3119,-13.5669],[-44.3117,-13.5627],[-44.3107,-13.5593],[-44.3051,-13.5609],[-44.3022,-13.5602],[-44.2989,-13.5587],[-44.2944,-13.5623],[-44.2867,-13.5566],[-44.2855,-13.535],[-44.2793,-13.5347],[-44.2829,-13.5293],[-44.278,-13.5269],[-44.2786,-13.5212],[-44.2748,-13.5233],[-44.2721,-13.5172],[-44.2685,-13.5178],[-44.263,-13.5123],[-44.2659,-13.4901],[-44.269,-13.4873],[-44.2666,-13.4801],[-44.2621,-13.4812],[-44.2663,-13.4727],[-44.2579,-13.4658],[-44.2607,-13.4583],[-44.2507,-13.4557],[-44.2511,-13.4515],[-44.2425,-13.4525],[-44.2408,-13.4442],[-44.2441,-13.4362],[-44.2385,-13.4362],[-44.2346,-13.4414],[-44.2313,-13.4388],[-44.2322,-13.4317],[-44.2247,-13.4278]]]}},{"type":"Feature","properties":{"nome":"Coronel João Sá","cod":"2909208","uf":"BA"},"geometry":{"type":"Polygon","coordinates":[[[-37.8979,-10.1655],[-37.8219,-10.25],[-37.7827,-10.2935],[-37.7432,-10.3373],[-37.7622,-10.344],[-37.7762,-10.3438],[-37.7853,-10.3483],[-37.7873,-10.3541],[-37.8074,-10.3662],[-37.8127,-10.3658],[-37.8217,-10.3719],[-37.8237,-10.3776],[-37.8303,-10.3745],[-37.8337,-10.3797],[-37.8386,-10.3788],[-37.8332,-10.3849],[-37.8403,-10.3895],[-37.8422,-10.3981],[-37.8369,-10.4006],[-37.8529,-10.4061],[-37.8508,-10.4157],[-37.8585,-10.4298],[-37.849,-10.4427],[-37.8553,-10.4435],[-37.8765,-10.4406],[-37.9078,-10.4486],[-37.9139,-10.4425],[-37.9128,-10.4377],[-37.9061,-10.4343],[-37.9212,-10.4227],[-37.9193,-10.4136],[-37.9273,-10.415],[-37.933,-10.4124],[-37.9346,-10.3955],[-37.953,-10.3981],[-37.9517,-10.4057],[-37.954,-10.407],[-37.9654,-10.3944],[-37.9711,-10.3999],[-37.9822,-10.3999],[-38.0004,-10.3746],[-38.0171,-10.3761],[-38.0205,-10.3836],[-38.0229,-10.3774],[-38.031,-10.3714],[-38.034,-10.3731],[-38.0331,-10.3767],[-38.0381,-10.3774],[-38.0387,-10.3712],[-38.0387,-10.3708],[-38.0416,-10.3616],[-38.0367,-10.3473],[-38.0374,-10.3399],[-38.0465,-10.3293],[-38.0549,-10.326],[-38.0541,-10.3175],[-38.0586,-10.3104],[-38.0541,-10.3068],[-38.0509,-10.2941],[-38.0608,-10.2876],[-38.0539,-10.2852],[-38.0547,-10.2774],[-38.0546,-10.2773],[-38.0574,-10.2747],[-38.0648,-10.2794],[-38.0703,-10.274],[-38.0676,-10.2645],[-38.0611,-10.2609],[-38.0723,-10.2437],[-38.0649,-10.2341],[-38.0829,-10.2287],[-38.0858,-10.2379],[-38.093,-10.2455],[-38.0979,-10.2372],[-38.089,-10.2314],[-38.0881,-10.2273],[-38.1039,-10.2231],[-38.1064,-10.2149],[-38.1149,-10.2149],[-38.121,-10.2175],[-38.1204,-10.2228],[-38.1268,-10.226],[-38.1362,-10.2215],[-38.1409,-10.2243],[-38.1499,-10.2135],[-38.0852,-10.1013],[-38.0506,-10.1107],[-38.0152,-10.1203],[-37.9816,-10.1294],[-37.9141,-10.1477],[-37.898,-10.1654],[-37.8979,-10.1655]]]}},{"type":"Feature","properties":{"nome":"Correntina","cod":"2909307","uf":"BA"},"geometry":{"type":"Polygon","coordinates":[[[-44.7839,-12.9938],[-44.7786,-13.012],[-44.7724,-13.012],[-44.7617,-13.0188],[-44.7559,-13.0176],[-44.7467,-13.0339],[-44.7379,-13.0389],[-44.7417,-13.0414],[-44.7337,-13.0425],[-44.7205,-13.0504],[-44.7183,-13.0688],[-44.713,-13.0724],[-44.7142,-13.0734],[-44.7123,-13.081],[-44.7064,-13.0835],[-44.6977,-13.0942],[-44.7038,-13.0972],[-44.7014,-13.1022],[-44.6944,-13.1059],[-44.6951,-13.1111],[-44.6895,-13.12],[-44.6859,-13.1202],[-44.687,-13.1284],[-44.6781,-13.1305],[-44.6709,-13.1391],[-44.6749,-13.148],[-44.6671,-13.1469],[-44.6639,-13.1524],[-44.6608,-13.1503],[-44.6559,-13.1611],[-44.6538,-13.1666],[-44.642,-13.1686],[-44.6375,-13.1744],[-44.6285,-13.1736],[-44.6292,-13.1791],[-44.6234,-13.1773],[-44.6225,-13.1832],[-44.6209,-13.1849],[-44.6196,-13.1862],[-44.6114,-13.1938],[-44.6122,-13.1971],[-44.604,-13.2013],[-44.6071,-13.2067],[-44.5967,-13.2088],[-44.5969,-13.2151],[-44.5924,-13.2187],[-44.5964,-13.2256],[-44.5843,-13.2275],[-44.5845,-13.2402],[-44.5793,-13.244],[-44.576,-13.2424],[-44.5725,-13.2549],[-44.576,-13.2574],[-44.5723,-13.2637],[-44.5677,-13.2616],[-44.5604,-13.2748],[-44.5641,-13.283],[-44.5594,-13.2885],[-44.5631,-13.2934],[-44.5629,-13.3013],[-44.5564,-13.3064],[-44.5589,-13.3178],[-44.5521,-13.3225],[-44.5582,-13.3277],[-44.5574,-13.3318],[-44.5457,-13.3359],[-44.5487,-13.3399],[-44.5442,-13.3432],[-44.5461,-13.3488],[-44.5296,-13.354],[-44.5197,-13.3586],[-44.5199,-13.3639],[-44.5136,-13.3716],[-44.492,-13.3708],[-44.4898,-13.3793],[-44.4808,-13.3827],[-44.453,-13.3792],[-44.4511,-13.3864],[-44.4464,-13.382],[-44.4373,-13.3808],[-44.4306,-13.3697],[-44.4265,-13.3685],[-44.4254,-13.3734],[-44.4268,-13.3795],[-44.4215,-13.3846],[-44.4132,-13.3812],[-44.4057,-13.3882],[-44.3916,-13.3826],[-44.3714,-13.3967],[-44.3499,-13.3901],[-44.3455,-13.393],[-44.3376,-13.3923],[-44.3386,-13.3977],[-44.3309,-13.3962],[-44.3292,-13.409],[-44.3345,-13.41],[-44.3375,-13.4157],[-44.3517,-13.4105],[-44.3527,-13.4179],[-44.3554,-13.4184],[-44.3547,-13.4128],[-44.3656,-13.4075],[-44.3696,-13.4183],[-44.3722,-13.416],[-44.3709,-13.4109],[-44.3786,-13.4142],[-44.3817,-13.4086],[-44.3817,-13.4172],[-44.386,-13.415],[-44.3885,-13.4222],[-44.3902,-13.4181],[-44.3958,-13.4168],[-44.3989,-13.4258],[-44.4125,-13.4297],[-44.4163,-13.4247],[-44.4218,-13.4299],[-44.4316,-13.4312],[-44.4319,-13.4216],[-44.4403,-13.4235],[-44.4413,-13.42],[-44.454,-13.4167],[-44.4615,-13.4184],[-44.4665,-13.4258],[-44.4814,-13.4219],[-44.4841,-13.4269],[-44.4901,-13.428],[-44.4934,-13.448],[-44.4987,-13.456],[-44.5022,-13.4718],[-44.5107,-13.5106],[-44.5034,-13.5208],[-44.5033,-13.5357],[-44.5087,-13.5433],[-44.534,-13.5498],[-44.5679,-13.5586],[-44.5893,-13.5641],[-44.642,-13.5778],[-44.7403,-13.6032],[-44.7863,-13.6151],[-44.8829,-13.64],[-45.095,-13.6946],[-45.1906,-13.7192],[-45.294,-13.7457],[-45.2958,-13.7461],[-45.3922,-13.7708],[-45.4033,-13.7736],[-45.9912,-13.9228],[-46.1894,-13.9728],[-46.191,-13.9732],[-46.2159,-13.9794],[-46.222,-13.9707],[-46.233,-13.9671],[-46.2677,-13.9433],[-46.2618,-13.9277],[-46.2617,-13.9022],[-46.2434,-13.8682],[-46.2332,-13.8452],[-46.2353,-13.8411],[-46.2493,-13.8303],[-46.2691,-13.8284],[-46.2713,-13.8215],[-46.2622,-13.8081],[-46.282,-13.7961],[-46.2733,-13.7868],[-46.2272,-13.7738],[-46.2239,-13.7649],[-46.2367,-13.7444],[-46.2548,-13.7483],[-46.2665,-13.7399],[-46.2643,-13.7329],[-46.2375,-13.7158],[-46.2351,-13.7077],[-46.238,-13.7002],[-46.2611,-13.6886],[-46.2534,-13.6818],[-46.2425,-13.6585],[-46.228,-13.6472],[-46.2128,-13.6295],[-46.1933,-13.6214],[-46.1615,-13.5905],[-46.1644,-13.584],[-46.1839,-13.5671],[-46.214,-13.5718],[-46.2202,-13.5678],[-46.2281,-13.5685],[-46.2351,-13.5625],[-46.2383,-13.5541],[-46.2342,-13.5405],[-46.2409,-13.5251],[-46.2264,-13.5131],[-46.2182,-13.5001],[-46.2215,-13.4972],[-46.2199,-13.4873],[-46.2279,-13.4851],[-46.2298,-13.481],[-46.2254,-13.4765],[-46.2095,-13.4723],[-46.206,-13.4652],[-46.2221,-13.4479],[-46.2253,-13.434],[-46.2423,-13.4367],[-46.2429,-13.4298],[-46.218,-13.4101],[-46.2139,-13.4003],[-46.1914,-13.3902],[-46.17,-13.3835],[-46.1543,-13.3829],[-46.1336,-13.3748],[-46.126,-13.364],[-46.112,-13.3582],[-46.0947,-13.332],[-46.083,-13.3299],[-46.0613,-13.3179],[-46.0481,-13.3088],[-45.9357,-13.3022],[-45.9321,-13.2967],[-45.8694,-13.2746],[-45.8467,-13.2596],[-45.7689,-13.2432],[-45.7635,-13.2383],[-45.7477,-13.2337],[-45.7419,-13.2369],[-45.7299,-13.2346],[-45.6914,-13.212],[-45.668,-13.209],[-45.6574,-13.2026],[-45.6327,-13.198],[-45.608,-13.1854],[-45.5834,-13.1848],[-45.5596,-13.1934],[-45.5019,-13.1704],[-45.4974,-13.1657],[-45.483,-13.164],[-45.471,-13.1577],[-45.4448,-13.1531],[-45.4326,-13.1577],[-45.426,-13.1565],[-45.4085,-13.1689],[-45.3963,-13.1629],[-45.3934,-13.1652],[-45.3649,-13.1505],[-45.3506,-13.1521],[-45.3442,-13.1492],[-45.324,-13.1494],[-45.3164,-13.1414],[-45.2932,-13.1335],[-45.2641,-13.1309],[-45.246,-13.1286],[-45.2385,-13.1318],[-45.2314,-13.1286],[-45.2055,-13.1281],[-45.1934,-13.1245],[-45.1884,-13.1175],[-45.184,-13.1183],[-45.1734,-13.1115],[-45.1535,-13.1085],[-45.1425,-13.0993],[-45.1329,-13.0987],[-45.1293,-13.0926],[-45.1157,-13.0934],[-45.1054,-13.085],[-45.0863,-13.0802],[-45.0819,-13.0763],[-45.0665,-13.0763],[-45.0471,-13.0711],[-45.0335,-13.0607],[-45.0297,-13.0627],[-44.9812,-13.0453],[-44.9708,-13.036],[-44.9649,-13.0409],[-44.9572,-13.0367],[-44.9565,-13.032],[-44.9448,-13.032],[-44.9403,-13.0252],[-44.9309,-13.021],[-44.9237,-13.0198],[-44.9201,-13.0228],[-44.9123,-13.0171],[-44.9036,-13.0182],[-44.8891,-13.011],[-44.8852,-13.0157],[-44.8826,-13.0128],[-44.867,-13.0103],[-44.8647,-13.0067],[-44.8502,-13.0017],[-44.84,-13.0031],[-44.8253,-12.9948],[-44.811,-12.998],[-44.8104,-12.995],[-44.8044,-12.9956],[-44.8027,-12.9918],[-44.7916,-12.9892],[-44.7839,-12.9938]]]}},{"type":"Feature","properties":{"nome":"Cotegipe","cod":"2909406","uf":"BA"},"geometry":{"type":"Polygon","coordinates":[[[-43.9137,-11.3513],[-43.9109,-11.3649],[-43.9072,-11.3596],[-43.8875,-11.3634],[-43.8781,-11.3538],[-43.8697,-11.355],[-43.8663,-11.3612],[-43.8572,-11.3652],[-43.8505,-11.363],[-43.8469,-11.3574],[-43.8387,-11.3574],[-43.8407,-11.376],[-43.8472,-11.3781],[-43.8481,-11.3829],[-43.8544,-11.3843],[-43.8546,-11.3902],[-43.8623,-11.3967],[-43.8713,-11.3997],[-43.8694,-11.4108],[-43.8719,-11.4163],[-43.8672,-11.4229],[-43.8702,-11.4437],[-43.8775,-11.4494],[-43.8836,-11.4442],[-43.8964,-11.4471],[-43.9014,-11.4441],[-43.9071,-11.4463],[-43.9111,-11.4428],[-43.92,-11.446],[-43.9266,-11.4383],[-43.9421,-11.4385],[-43.9566,-11.4453],[-43.9573,-11.4481],[-43.9517,-11.4521],[-43.9582,-11.4545],[-43.9796,-11.4776],[-43.986,-11.4783],[-43.9854,-11.4901],[-43.9938,-11.4973],[-43.9897,-11.5072],[-44.0012,-11.5107],[-44.0051,-11.5035],[-44.0152,-11.5061],[-44.0247,-11.4987],[-44.0363,-11.5093],[-44.0296,-11.5182],[-44.0297,-11.5229],[-44.0298,-11.5292],[-44.0369,-11.534],[-44.0306,-11.5369],[-44.0311,-11.5439],[-44.0364,-11.5476],[-44.0386,-11.5549],[-44.0445,-11.5568],[-44.0526,-11.5533],[-44.0633,-11.5596],[-44.0709,-11.5585],[-44.0754,-11.5614],[-44.0831,-11.559],[-44.0844,-11.5628],[-44.0801,-11.5685],[-44.0841,-11.5692],[-44.0906,-11.5644],[-44.0863,-11.5713],[-44.0929,-11.5722],[-44.0957,-11.579],[-44.095,-11.5841],[-44.0825,-11.5899],[-44.0863,-11.5911],[-44.0848,-11.6004],[-44.0926,-11.6139],[-44.1073,-11.6154],[-44.1053,-11.6097],[-44.1128,-11.6009],[-44.1061,-11.5933],[-44.1092,-11.59],[-44.1111,-11.5965],[-44.1164,-11.596],[-44.1165,-11.5853],[-44.1194,-11.5847],[-44.1225,-11.5937],[-44.1333,-11.5973],[-44.1331,-11.6076],[-44.1372,-11.6061],[-44.1374,-11.5973],[-44.1442,-11.607],[-44.1544,-11.6083],[-44.1563,-11.6109],[-44.1552,-11.6233],[-44.1698,-11.6513],[-44.1662,-11.6624],[-44.1676,-11.6722],[-44.1627,-11.6754],[-44.1669,-11.6875],[-44.1622,-11.6847],[-44.1547,-11.6881],[-44.1561,-11.6917],[-44.1587,-11.6886],[-44.1621,-11.6902],[-44.1589,-11.6963],[-44.1649,-11.6989],[-44.1616,-11.7024],[-44.1632,-11.7058],[-44.1604,-11.7089],[-44.1571,-11.7029],[-44.1519,-11.7063],[-44.1534,-11.6988],[-44.1489,-11.7015],[-44.1521,-11.7132],[-44.1486,-11.7192],[-44.1559,-11.7236],[-44.1507,-11.7232],[-44.1486,-11.7375],[-44.143,-11.757],[-44.1344,-11.7633],[-44.1351,-11.7707],[-44.1247,-11.7712],[-44.1174,-11.7778],[-44.1133,-11.7776],[-44.1036,-11.7923],[-44.106,-11.8032],[-44.1027,-11.8102],[-44.1081,-11.8316],[-44.102,-11.8482],[-44.0883,-11.8655],[-44.0855,-11.8744],[-44.0741,-11.8805],[-44.0642,-11.8766],[-44.0527,-11.8885],[-44.0543,-11.8941],[-44.0475,-11.9099],[-44.051,-11.9231],[-44.0462,-11.9276],[-44.0473,-11.9408],[-44.0434,-11.9535],[-44.0528,-11.9724],[-44.0523,-11.9816],[-44.0525,-11.9818],[-44.0493,-11.9922],[-44.0652,-12.0079],[-44.0656,-12.0119],[-44.0817,-12.0223],[-44.0977,-12.0277],[-44.1126,-12.0465],[-44.1213,-12.0495],[-44.1303,-12.0657],[-44.1491,-12.0694],[-44.155,-12.0616],[-44.1624,-12.0599],[-44.1649,-12.0633],[-44.1668,-12.0705],[-44.1639,-12.079],[-44.174,-12.0904],[-44.1796,-12.0902],[-44.2071,-12.1088],[-44.2149,-12.1104],[-44.2244,-12.1204],[-44.2395,-12.1211],[-44.2509,-12.1276],[-44.252,-12.1277],[-44.2678,-12.1196],[-44.2731,-12.1273],[-44.2944,-12.1262],[-44.3024,-12.1139],[-44.2999,-12.107],[-44.3423,-12.1027],[-44.3458,-12.0996],[-44.3465,-12.0979],[-44.3529,-12.0705],[-44.3464,-12.0546],[-44.3937,-12.0095],[-44.4367,-11.9673],[-44.4656,-11.9389],[-44.486,-11.9188],[-44.5759,-11.8304],[-44.5896,-11.8169],[-44.6543,-11.7532],[-44.657,-11.7488],[-44.6562,-11.6179],[-44.6548,-11.4087],[-44.6443,-11.4048],[-44.6387,-11.4089],[-44.6299,-11.4045],[-44.6242,-11.4045],[-44.6225,-11.408],[-44.6032,-11.4081],[-44.5951,-11.4049],[-44.5531,-11.4031],[-44.5437,-11.4106],[-44.541,-11.4175],[-44.532,-11.4186],[-44.5159,-11.4154],[-44.4974,-11.3991],[-44.4958,-11.4027],[-44.4958,-11.4028],[-44.4852,-11.4085],[-44.474,-11.4071],[-44.4754,-11.4018],[-44.4695,-11.3999],[-44.4637,-11.3882],[-44.4599,-11.3904],[-44.4483,-11.3869],[-44.4376,-11.3884],[-44.4312,-11.3779],[-44.4283,-11.3797],[-44.4254,-11.3674],[-44.418,-11.3631],[-44.4099,-11.3758],[-44.4106,-11.3814],[-44.4047,-11.3824],[-44.3922,-11.3961],[-44.3942,-11.4049],[-44.3906,-11.4057],[-44.3895,-11.4111],[-44.3919,-11.4184],[-44.3873,-11.42],[-44.3803,-11.4144],[-44.3825,-11.4199],[-44.3775,-11.4218],[-44.3797,-11.427],[-44.3767,-11.4346],[-44.3717,-11.4329],[-44.372,-11.4386],[-44.3768,-11.4434],[-44.3651,-11.4482],[-44.3616,-11.444],[-44.3561,-11.4466],[-44.3522,-11.4437],[-44.3494,-11.448],[-44.3459,-11.4542],[-44.3499,-11.4539],[-44.35,-11.4577],[-44.3415,-11.4644],[-44.3444,-11.468],[-44.3427,-11.4789],[-44.3497,-11.4771],[-44.3455,-11.4882],[-44.3403,-11.4929],[-44.3374,-11.4935],[-44.3378,-11.4857],[-44.334,-11.4825],[-44.321,-11.488],[-44.3172,-11.4825],[-44.3097,-11.4836],[-44.306,-11.4779],[-44.2991,-11.485],[-44.2883,-11.4713],[-44.2851,-11.4732],[-44.2841,-11.4826],[-44.2772,-11.4721],[-44.2656,-11.4786],[-44.2612,-11.4774],[-44.2608,-11.4699],[-44.2507,-11.4617],[-44.2448,-11.4612],[-44.2443,-11.4676],[-44.2438,-11.4713],[-44.2368,-11.4708],[-44.226,-11.4523],[-44.2233,-11.4525],[-44.223,-11.4608],[-44.2156,-11.4696],[-44.2114,-11.4689],[-44.2077,-11.4592],[-44.1954,-11.4607],[-44.192,-11.4549],[-44.1935,-11.4505],[-44.1831,-11.4567],[-44.1747,-11.4489],[-44.1725,-11.4558],[-44.1631,-11.4541],[-44.1546,-11.4389],[-44.1475,-11.4388],[-44.1485,-11.4304],[-44.1197,-11.4383],[-44.1167,-11.4314],[-44.1245,-11.4251],[-44.1219,-11.4197],[-44.1059,-11.424],[-44.0928,-11.4195],[-44.0889,-11.4209],[-44.0877,-11.4268],[-44.0832,-11.4258],[-44.0808,-11.4204],[-44.0769,-11.4227],[-44.0684,-11.4393],[-44.061,-11.4375],[-44.0548,-11.4289],[-44.0464,-11.43],[-44.0314,-11.4439],[-44.0298,-11.4407],[-44.036,-11.425],[-44.0342,-11.4212],[-44.03,-11.4201],[-44.0204,-11.4273],[-44.0175,-11.4144],[-44.0076,-11.4111],[-43.9951,-11.4226],[-43.9884,-11.4147],[-43.9889,-11.4096],[-43.9998,-11.4003],[-44.0003,-11.3965],[-43.9845,-11.3933],[-43.9784,-11.3992],[-43.9733,-11.3981],[-43.9768,-11.3875],[-43.9854,-11.3877],[-43.9859,-11.3819],[-43.9792,-11.3764],[-43.9559,-11.3765],[-43.9446,-11.3636],[-43.9368,-11.3636],[-43.9331,-11.3708],[-43.9256,-11.3703],[-43.9208,-11.3457],[-43.9168,-11.346],[-43.9137,-11.3513]]]}},{"type":"Feature","properties":{"nome":"Cravolândia","cod":"2909505","uf":"BA"},"geometry":{"type":"Polygon","coordinates":[[[-39.784,-13.4038],[-39.7797,-13.4085],[-39.7617,-13.4041],[-39.747,-13.4102],[-39.746,-13.4223],[-39.7385,-13.4293],[-39.7535,-13.4344],[-39.7395,-13.4464],[-39.7409,-13.4495],[-39.7499,-13.4516],[-39.7502,-13.4579],[-39.7455,-13.4712],[-39.7522,-13.4744],[-39.7452,-13.4854],[-39.7399,-13.4842],[-39.7134,-13.4989],[-39.7086,-13.4979],[-39.6963,-13.5124],[-39.6954,-13.5131],[-39.7068,-13.5196],[-39.727,-13.5043],[-39.7435,-13.5036],[-39.7907,-13.5297],[-39.7872,-13.4977],[-39.7871,-13.4958],[-39.7857,-13.4721],[-39.7905,-13.4588],[-39.816,-13.447],[-39.8379,-13.4448],[-39.8464,-13.4376],[-39.8956,-13.3935],[-39.8995,-13.39],[-39.8914,-13.3852],[-39.8204,-13.3428],[-39.8103,-13.3522],[-39.8103,-13.3522],[-39.7598,-13.3993],[-39.784,-13.4038]]]}},{"type":"Feature","properties":{"nome":"Crisópolis","cod":"2909604","uf":"BA"},"geometry":{"type":"Polygon","coordinates":[[[-38.2119,-11.3505],[-38.179,-11.3643],[-38.1646,-11.382],[-38.1512,-11.3878],[-38.1437,-11.401],[-38.1366,-11.411],[-38.1208,-11.4248],[-38.1003,-11.4273],[-38.0961,-11.4318],[-38.0984,-11.4403],[-38.0938,-11.4477],[-38.0888,-11.4475],[-38.0877,-11.4611],[-38.0798,-11.4646],[-38.0766,-11.4715],[-38.0755,-11.4747],[-38.063,-11.4762],[-38.0527,-11.4898],[-38.0486,-11.4971],[-38.0517,-11.5034],[-38.0584,-11.5246],[-38.0457,-11.5358],[-38.0419,-11.5419],[-38.0433,-11.5451],[-38.0279,-11.5548],[-38.0126,-11.5639],[-38.0065,-11.5748],[-37.9955,-11.5848],[-37.9823,-11.5919],[-37.9825,-11.5956],[-37.9992,-11.6016],[-38.0122,-11.5975],[-38.0185,-11.599],[-38.0594,-11.6088],[-38.0609,-11.599],[-38.0659,-11.6034],[-38.0631,-11.6046],[-38.0637,-11.6096],[-38.0725,-11.6041],[-38.0799,-11.6051],[-38.0831,-11.6088],[-38.0905,-11.6167],[-38.0984,-11.613],[-38.1054,-11.6166],[-38.1109,-11.6098],[-38.1184,-11.6151],[-38.1269,-11.6134],[-38.1274,-11.6101],[-38.1351,-11.6071],[-38.1467,-11.6091],[-38.15,-11.607],[-38.15,-11.6204],[-38.1557,-11.6287],[-38.1545,-11.6329],[-38.2139,-11.6086],[-38.2323,-11.601],[-38.2809,-11.5811],[-38.2961,-11.5748],[-38.2917,-11.5496],[-38.2828,-11.499],[-38.2693,-11.422],[-38.2693,-11.4219],[-38.2628,-11.3833],[-38.2441,-11.3707],[-38.2393,-11.3629],[-38.2308,-11.3608],[-38.2286,-11.363],[-38.22,-11.3568],[-38.2119,-11.3505]]]}},{"type":"Feature","properties":{"nome":"Cristópolis","cod":"2909703","uf":"BA"},"geometry":{"type":"Polygon","coordinates":[[[-44.0844,-12.0607],[-44.0651,-12.0786],[-44.0474,-12.0792],[-44.0486,-12.0853],[-44.0599,-12.0975],[-44.0614,-12.111],[-44.0769,-12.1326],[-44.0803,-12.1564],[-44.0734,-12.1646],[-44.0532,-12.1637],[-44.0459,-12.1797],[-44.0411,-12.1831],[-44.0083,-12.1741],[-44.0058,-12.1765],[-44.0,-12.1877],[-43.9951,-12.1907],[-43.9704,-12.1859],[-43.9616,-12.1888],[-43.9641,-12.1988],[-43.9729,-12.2095],[-43.9695,-12.2216],[-43.9722,-12.2265],[-43.9706,-12.2302],[-43.9514,-12.2354],[-44.0241,-12.265],[-44.0494,-12.2722],[-44.0541,-12.2709],[-44.0624,-12.256],[-44.0805,-12.2531],[-44.0865,-12.2437],[-44.0913,-12.2473],[-44.1126,-12.251],[-44.1519,-12.2507],[-44.1983,-12.2632],[-44.2231,-12.2637],[-44.2295,-12.2611],[-44.2313,-12.2593],[-44.2372,-12.2627],[-44.2509,-12.2709],[-44.2667,-12.2889],[-44.2945,-12.3049],[-44.3015,-12.3047],[-44.302,-12.3046],[-44.3384,-12.3059],[-44.3507,-12.2965],[-44.3781,-12.2945],[-44.386,-12.2888],[-44.3959,-12.2876],[-44.4103,-12.2923],[-44.4204,-12.292],[-44.4275,-12.2972],[-44.4418,-12.2961],[-44.4428,-12.2994],[-44.4473,-12.2997],[-44.4553,-12.3009],[-44.4642,-12.3081],[-44.4754,-12.3034],[-44.481,-12.3113],[-44.4857,-12.3052],[-44.4963,-12.3015],[-44.5165,-12.3029],[-44.5226,-12.3083],[-44.5311,-12.3082],[-44.5346,-12.303],[-44.4986,-12.2207],[-44.4881,-12.1965],[-44.4762,-12.1691],[-44.443,-12.0925],[-44.3456,-12.1024],[-44.3423,-12.1027],[-44.2999,-12.107],[-44.3024,-12.1139],[-44.2944,-12.1262],[-44.2731,-12.1273],[-44.2678,-12.1196],[-44.252,-12.1277],[-44.2509,-12.1276],[-44.2395,-12.1211],[-44.2244,-12.1204],[-44.2149,-12.1104],[-44.2071,-12.1088],[-44.1796,-12.0902],[-44.174,-12.0904],[-44.1639,-12.079],[-44.1668,-12.0705],[-44.1649,-12.0633],[-44.1624,-12.0599],[-44.155,-12.0616],[-44.1491,-12.0694],[-44.1303,-12.0657],[-44.1213,-12.0495],[-44.1126,-12.0465],[-44.1132,-12.05],[-44.1035,-12.0611],[-44.0844,-12.0607]]]}},{"type":"Feature","properties":{"nome":"Cruz das Almas","cod":"2909802","uf":"BA"},"geometry":{"type":"Polygon","coordinates":[[[-39.1443,-12.6404],[-39.1268,-12.645],[-39.1139,-12.6373],[-39.0988,-12.645],[-39.0847,-12.6434],[-39.076,-12.6474],[-39.069,-12.6531],[-39.0526,-12.6462],[-39.0437,-12.6481],[-39.0496,-12.6737],[-39.0492,-12.6753],[-39.0533,-12.6875],[-39.0485,-12.6999],[-39.0495,-12.7153],[-39.0454,-12.7169],[-39.0567,-12.724],[-39.0659,-12.7297],[-39.0574,-12.7353],[-39.0853,-12.732],[-39.0874,-12.7318],[-39.126,-12.7473],[-39.1307,-12.7492],[-39.133,-12.7572],[-39.1393,-12.7562],[-39.1443,-12.7393],[-39.146,-12.7378],[-39.1654,-12.7095],[-39.1655,-12.7094],[-39.1813,-12.6864],[-39.1922,-12.6705],[-39.1951,-12.6662],[-39.2098,-12.6447],[-39.1918,-12.6391],[-39.1902,-12.6382],[-39.1902,-12.6381],[-39.1769,-12.6291],[-39.1608,-12.6355],[-39.1443,-12.6404]]]}},{"type":"Feature","properties":{"nome":"Curaçá","cod":"2909901","uf":"BA"},"geometry":{"type":"Polygon","coordinates":[[[-39.369,-8.5553],[-39.3917,-8.5976],[-39.412,-8.6377],[-39.4307,-8.6749],[-39.4571,-8.7272],[-39.4741,-8.7609],[-39.4814,-8.7755],[-39.4815,-8.7757],[-39.541,-8.8951],[-39.5495,-8.9122],[-39.5339,-8.932],[-39.4913,-8.9861],[-39.4808,-8.9997],[-39.353,-9.1559],[-39.3521,-9.1571],[-39.3577,-9.1622],[-39.3636,-9.1778],[-39.3596,-9.2088],[-39.373,-9.2242],[-39.3636,-9.2437],[-39.3656,-9.2523],[-39.3608,-9.2692],[-39.3618,-9.2791],[-39.3487,-9.2984],[-39.3496,-9.3017],[-39.3496,-9.3018],[-39.3538,-9.3149],[-39.3492,-9.3292],[-39.3299,-9.3364],[-39.3294,-9.3406],[-39.3208,-9.3487],[-39.3061,-9.3566],[-39.289,-9.3723],[-39.2822,-9.3907],[-39.283,-9.4103],[-39.2884,-9.4151],[-39.2877,-9.4253],[-39.2804,-9.4351],[-39.2906,-9.4454],[-39.294,-9.4541],[-39.2992,-9.4927],[-39.3023,-9.5146],[-39.3148,-9.6025],[-39.3483,-9.6146],[-39.4274,-9.6433],[-39.4354,-9.6462],[-39.5515,-9.6882],[-39.5711,-9.6953],[-39.6367,-9.7191],[-39.6541,-9.7432],[-39.6542,-9.7434],[-39.718,-9.8321],[-39.7181,-9.8322],[-39.7949,-9.939],[-39.856,-9.8628],[-39.9078,-9.798],[-39.9026,-9.7873],[-39.9018,-9.7642],[-39.8976,-9.7535],[-39.8985,-9.741],[-39.9023,-9.7349],[-39.8978,-9.7014],[-39.8932,-9.6926],[-39.8893,-9.6663],[-39.8897,-9.6532],[-39.8973,-9.6377],[-39.8975,-9.6271],[-39.8874,-9.5814],[-39.8868,-9.5811],[-39.8861,-9.5792],[-39.8815,-9.5522],[-39.8745,-9.5441],[-39.8683,-9.5266],[-39.875,-9.5012],[-39.8689,-9.4861],[-39.8708,-9.4694],[-39.8649,-9.4607],[-39.8657,-9.4538],[-39.8686,-9.4483],[-39.8652,-9.4342],[-39.8718,-9.4208],[-39.8722,-9.4048],[-39.8805,-9.3719],[-39.8774,-9.3654],[-39.8786,-9.3518],[-39.8865,-9.3306],[-39.8791,-9.3033],[-39.8797,-9.2693],[-39.8699,-9.2576],[-39.8738,-9.251],[-39.8706,-9.2425],[-39.863,-9.2353],[-39.8616,-9.2088],[-39.8663,-9.1996],[-39.8882,-9.1897],[-39.8947,-9.166],[-39.9077,-9.1573],[-39.9017,-9.1344],[-39.903,-9.1291],[-39.9126,-9.1224],[-39.9119,-9.1131],[-39.9225,-9.1116],[-39.9341,-9.1176],[-39.9399,-9.1105],[-39.9598,-9.1218],[-39.9696,-9.1194],[-39.9837,-9.0953],[-39.9852,-9.0778],[-39.9776,-9.0661],[-39.9789,-9.0546],[-39.9577,-9.0482],[-39.9162,-8.9983],[-39.9154,-8.9971],[-39.9066,-8.9812],[-39.891,-8.9675],[-39.8897,-8.9664],[-39.8731,-8.9336],[-39.882,-8.8977],[-39.9009,-8.8637],[-39.9027,-8.8534],[-39.8926,-8.8284],[-39.8865,-8.8246],[-39.8294,-8.8139],[-39.8196,-8.8131],[-39.7923,-8.8195],[-39.7821,-8.8139],[-39.7584,-8.7993],[-39.7474,-8.7936],[-39.7051,-8.7991],[-39.7001,-8.7995],[-39.686,-8.7927],[-39.6764,-8.7881],[-39.6713,-8.7772],[-39.6771,-8.7605],[-39.6747,-8.7363],[-39.6842,-8.7046],[-39.6927,-8.6801],[-39.6916,-8.6638],[-39.6852,-8.6599],[-39.6605,-8.6569],[-39.6456,-8.6593],[-39.6222,-8.6551],[-39.6097,-8.6568],[-39.5915,-8.6477],[-39.5693,-8.6367],[-39.5642,-8.6299],[-39.5572,-8.6284],[-39.5547,-8.6217],[-39.5287,-8.6125],[-39.5146,-8.6021],[-39.4757,-8.5924],[-39.4609,-8.5816],[-39.4562,-8.5678],[-39.4469,-8.5619],[-39.4351,-8.5629],[-39.4275,-8.5582],[-39.4157,-8.5417],[-39.4073,-8.5379],[-39.386,-8.5331],[-39.3641,-8.5374],[-39.357,-8.5466],[-39.369,-8.5553]]]}},{"type":"Feature","properties":{"nome":"Dário Meira","cod":"2910008","uf":"BA"},"geometry":{"type":"Polygon","coordinates":[[[-40.0798,-14.2411],[-40.0714,-14.2457],[-40.0675,-14.2432],[-40.0628,-14.2541],[-40.0611,-14.2652],[-40.0509,-14.2859],[-40.0328,-14.2809],[-40.0268,-14.2881],[-40.0159,-14.2888],[-40.0108,-14.2838],[-40.0114,-14.2783],[-40.0081,-14.2766],[-40.0052,-14.2664],[-40.0023,-14.2703],[-39.9932,-14.2862],[-39.9783,-14.3118],[-39.9489,-14.3622],[-39.9366,-14.3652],[-39.9241,-14.3642],[-39.9217,-14.363],[-39.9198,-14.3627],[-39.9073,-14.3636],[-39.9041,-14.3673],[-39.8957,-14.3777],[-39.8779,-14.3804],[-39.8751,-14.3852],[-39.8645,-14.3874],[-39.8548,-14.3826],[-39.8504,-14.3742],[-39.8401,-14.3762],[-39.8353,-14.3838],[-39.8236,-14.3826],[-39.8272,-14.3936],[-39.8328,-14.3947],[-39.8295,-14.4198],[-39.8331,-14.4288],[-39.829,-14.4318],[-39.833,-14.433],[-39.8373,-14.4423],[-39.8452,-14.436],[-39.8454,-14.4425],[-39.8526,-14.4472],[-39.8509,-14.4502],[-39.8575,-14.4515],[-39.8609,-14.4465],[-39.8579,-14.4421],[-39.8676,-14.4442],[-39.8734,-14.4319],[-39.879,-14.4348],[-39.8826,-14.433],[-39.8875,-14.4373],[-39.8924,-14.4334],[-39.8991,-14.4341],[-39.9033,-14.4375],[-39.9079,-14.4468],[-39.919,-14.4675],[-39.9258,-14.4662],[-39.9409,-14.4769],[-39.9435,-14.4794],[-39.9452,-14.4772],[-39.9516,-14.4666],[-39.9568,-14.47],[-39.9597,-14.478],[-39.963,-14.4829],[-39.9723,-14.4833],[-39.9734,-14.4881],[-39.9833,-14.4934],[-39.9868,-14.5066],[-39.9925,-14.5072],[-40.0075,-14.5209],[-40.0083,-14.5313],[-40.0178,-14.533],[-40.0239,-14.5302],[-40.032,-14.5389],[-40.0325,-14.5355],[-40.0442,-14.5283],[-40.0588,-14.5269],[-40.0631,-14.5231],[-40.0653,-14.5136],[-40.0725,-14.5174],[-40.0827,-14.516],[-40.0856,-14.5226],[-40.0962,-14.5207],[-40.0964,-14.5151],[-40.0874,-14.5071],[-40.0807,-14.4867],[-40.0646,-14.4885],[-40.0589,-14.4838],[-40.0527,-14.459],[-40.0521,-14.449],[-40.0518,-14.443],[-40.0513,-14.4422],[-40.0503,-14.4404],[-40.0483,-14.437],[-40.0378,-14.4371],[-40.05,-14.3892],[-40.05,-14.3891],[-40.0669,-14.3237],[-40.0862,-14.2487],[-40.0798,-14.2411]]]}},{"type":"Feature","properties":{"nome":"Dias d'Ávila","cod":"2910057","uf":"BA"},"geometry":{"type":"Polygon","coordinates":[[[-38.3527,-12.5357],[-38.3453,-12.5414],[-38.345,-12.5474],[-38.3514,-12.5534],[-38.3484,-12.567],[-38.3505,-12.5699],[-38.3334,-12.5781],[-38.3234,-12.5744],[-38.3068,-12.594],[-38.2974,-12.5978],[-38.2893,-12.5993],[-38.2825,-12.6077],[-38.2747,-12.6089],[-38.2543,-12.5978],[-38.2544,-12.594],[-38.2575,-12.595],[-38.2538,-12.5753],[-38.2365,-12.5702],[-38.234,-12.5647],[-38.2225,-12.5648],[-38.2192,-12.5687],[-38.2153,-12.5662],[-38.2084,-12.5673],[-38.1966,-12.5603],[-38.1855,-12.5413],[-38.1785,-12.5405],[-38.1694,-12.5404],[-38.1708,-12.5467],[-38.1612,-12.553],[-38.1634,-12.5658],[-38.1551,-12.5696],[-38.1495,-12.5682],[-38.1472,-12.5734],[-38.141,-12.5745],[-38.1341,-12.6001],[-38.1425,-12.6046],[-38.1566,-12.5951],[-38.1793,-12.5952],[-38.1845,-12.6149],[-38.2082,-12.626],[-38.2102,-12.6296],[-38.221,-12.641],[-38.2383,-12.6493],[-38.2477,-12.637],[-38.2607,-12.6299],[-38.2646,-12.6315],[-38.267,-12.6345],[-38.2754,-12.6349],[-38.2838,-12.6278],[-38.2918,-12.6342],[-38.3037,-12.6212],[-38.3371,-12.6295],[-38.3401,-12.6337],[-38.3395,-12.6438],[-38.3521,-12.6372],[-38.3609,-12.6554],[-38.3741,-12.6705],[-38.3778,-12.6751],[-38.3887,-12.6651],[-38.399,-12.6621],[-38.4005,-12.6327],[-38.3936,-12.6178],[-38.3952,-12.6112],[-38.3939,-12.6034],[-38.3864,-12.6018],[-38.38,-12.597],[-38.3734,-12.598],[-38.3692,-12.5846],[-38.387,-12.5642],[-38.3885,-12.5554],[-38.4068,-12.5496],[-38.3945,-12.5429],[-38.3876,-12.5437],[-38.3803,-12.5374],[-38.3632,-12.5336],[-38.3527,-12.5357]]]}},{"type":"Feature","properties":{"nome":"Dom Basílio","cod":"2910107","uf":"BA"},"geometry":{"type":"Polygon","coordinates":[[[-41.7467,-13.664],[-41.7423,-13.6729],[-41.733,-13.6721],[-41.7258,-13.6809],[-41.7174,-13.6821],[-41.7159,-13.6858],[-41.7056,-13.6905],[-41.7109,-13.6952],[-41.7109,-13.6956],[-41.7039,-13.6988],[-41.7009,-13.7073],[-41.6908,-13.7156],[-41.6864,-13.7297],[-41.6882,-13.7357],[-41.6845,-13.7396],[-41.6748,-13.7501],[-41.6557,-13.7596],[-41.6545,-13.769],[-41.6432,-13.7798],[-41.6346,-13.7947],[-41.6395,-13.7952],[-41.637,-13.7983],[-41.6137,-13.817],[-41.6108,-13.8264],[-41.5996,-13.8416],[-41.5976,-13.8523],[-41.5788,-13.8656],[-41.5655,-13.905],[-41.5586,-13.9457],[-41.5732,-13.9538],[-41.658,-14.0007],[-41.6609,-14.002],[-41.6659,-13.9976],[-41.6812,-13.9974],[-41.6918,-13.9932],[-41.6924,-13.9929],[-41.7026,-13.9812],[-41.7187,-13.9773],[-41.7589,-13.9475],[-41.8212,-13.9012],[-41.8251,-13.8984],[-41.8435,-13.8846],[-41.8571,-13.8803],[-41.8618,-13.8606],[-41.8547,-13.8502],[-41.8503,-13.8214],[-41.8426,-13.8129],[-41.8412,-13.8116],[-41.7935,-13.7684],[-41.7847,-13.7603],[-41.7848,-13.7599],[-41.7897,-13.7518],[-41.7831,-13.7464],[-41.7754,-13.7255],[-41.7632,-13.7189],[-41.7509,-13.7036],[-41.7479,-13.6918],[-41.7462,-13.6782],[-41.7503,-13.667],[-41.7467,-13.664]]]}},{"type":"Feature","properties":{"nome":"Dom Macedo Costa","cod":"2910206","uf":"BA"},"geometry":{"type":"Polygon","coordinates":[[[-39.1235,-12.9402],[-39.1294,-12.9463],[-39.1269,-12.9487],[-39.1282,-12.9555],[-39.1201,-12.9587],[-39.1199,-12.963],[-39.1255,-12.9662],[-39.1352,-12.9622],[-39.1405,-12.9661],[-39.1442,-12.9729],[-39.1413,-12.9809],[-39.1515,-12.9799],[-39.1554,-12.9649],[-39.1642,-12.9637],[-39.172,-12.9535],[-39.1784,-12.9466],[-39.1944,-12.9491],[-39.2038,-12.9434],[-39.2209,-12.9416],[-39.2232,-12.9017],[-39.2235,-12.8966],[-39.2107,-12.8866],[-39.192,-12.8721],[-39.1813,-12.8638],[-39.1619,-12.8488],[-39.1611,-12.8482],[-39.1533,-12.8611],[-39.1492,-12.8693],[-39.1319,-12.8825],[-39.1311,-12.8845],[-39.1308,-12.8858],[-39.1309,-12.8888],[-39.1334,-12.905],[-39.1367,-12.9062],[-39.1364,-12.9166],[-39.1378,-12.923],[-39.1316,-12.9238],[-39.1285,-12.9314],[-39.131,-12.9369],[-39.1235,-12.9402]]]}},{"type":"Feature","properties":{"nome":"Elísio Medrado","cod":"2910305","uf":"BA"},"geometry":{"type":"Polygon","coordinates":[[[-39.464,-12.8751],[-39.4653,-12.8924],[-39.4636,-12.9228],[-39.4542,-12.932],[-39.46,-12.9385],[-39.4576,-12.9463],[-39.4626,-12.9517],[-39.4699,-12.9629],[-39.4733,-12.9832],[-39.4775,-12.9846],[-39.483,-12.9954],[-39.5031,-12.9957],[-39.5104,-13.0145],[-39.5316,-13.0207],[-39.5383,-13.0133],[-39.541,-13.007],[-39.5445,-13.008],[-39.5475,-13.0063],[-39.5465,-12.9941],[-39.5749,-12.9591],[-39.5828,-12.9563],[-39.5828,-12.9512],[-39.6109,-12.9326],[-39.6318,-12.9187],[-39.6794,-12.8866],[-39.679,-12.8838],[-39.5957,-12.8942],[-39.5957,-12.8942],[-39.5752,-12.8968],[-39.532,-12.8821],[-39.5201,-12.8764],[-39.5198,-12.8762],[-39.4744,-12.8514],[-39.4776,-12.8593],[-39.472,-12.8623],[-39.4689,-12.8731],[-39.464,-12.8751]]]}},{"type":"Feature","properties":{"nome":"Encruzilhada","cod":"2910404","uf":"BA"},"geometry":{"type":"Polygon","coordinates":[[[-40.8554,-15.3183],[-40.846,-15.3239],[-40.8424,-15.323],[-40.8426,-15.3332],[-40.8368,-15.3355],[-40.8352,-15.3407],[-40.8325,-15.3389],[-40.8232,-15.3562],[-40.8148,-15.3672],[-40.8109,-15.3675],[-40.8143,-15.3878],[-40.8143,-15.3879],[-40.8144,-15.4141],[-40.8141,-15.4297],[-40.7967,-15.4774],[-40.7788,-15.4824],[-40.7757,-15.4876],[-40.7495,-15.4792],[-40.7388,-15.5134],[-40.7404,-15.5306],[-40.7375,-15.5367],[-40.7448,-15.5499],[-40.7561,-15.5571],[-40.762,-15.5694],[-40.7621,-15.5701],[-40.7156,-15.548],[-40.7009,-15.5412],[-40.6489,-15.531],[-40.6417,-15.5206],[-40.6389,-15.5207],[-40.6334,-15.529],[-40.6276,-15.5298],[-40.6195,-15.5475],[-40.6259,-15.5811],[-40.6264,-15.5839],[-40.6315,-15.6107],[-40.6276,-15.6167],[-40.6095,-15.6296],[-40.5831,-15.6387],[-40.5653,-15.6546],[-40.5625,-15.6632],[-40.5503,-15.6627],[-40.549,-15.6668],[-40.5401,-15.6675],[-40.5311,-15.6759],[-40.5116,-15.677],[-40.5192,-15.6865],[-40.5396,-15.6849],[-40.5439,-15.6886],[-40.5571,-15.6904],[-40.5654,-15.701],[-40.582,-15.7081],[-40.5872,-15.7026],[-40.5846,-15.6976],[-40.5933,-15.6958],[-40.5989,-15.6994],[-40.6019,-15.6966],[-40.6115,-15.6953],[-40.619,-15.6988],[-40.6267,-15.6966],[-40.628,-15.6963],[-40.6345,-15.6944],[-40.6387,-15.7039],[-40.6472,-15.7093],[-40.6546,-15.6982],[-40.6654,-15.7024],[-40.677,-15.6945],[-40.6826,-15.6809],[-40.696,-15.6713],[-40.7003,-15.6675],[-40.7068,-15.6659],[-40.7201,-15.6724],[-40.7318,-15.6744],[-40.7402,-15.681],[-40.7434,-15.6836],[-40.7371,-15.6973],[-40.7395,-15.7032],[-40.7487,-15.7065],[-40.7673,-15.7136],[-40.7829,-15.7009],[-40.7856,-15.6918],[-40.78,-15.6797],[-40.7912,-15.668],[-40.8152,-15.6478],[-40.8165,-15.6471],[-40.8289,-15.6478],[-40.832,-15.6537],[-40.8311,-15.6703],[-40.8392,-15.6745],[-40.8416,-15.6828],[-40.8484,-15.6808],[-40.8551,-15.6867],[-40.8812,-15.694],[-40.8916,-15.6901],[-40.9022,-15.6914],[-40.9083,-15.6808],[-40.9067,-15.6747],[-40.9125,-15.6619],[-40.9261,-15.6556],[-40.93,-15.6606],[-40.9356,-15.6562],[-40.9488,-15.6558],[-40.9627,-15.6479],[-40.9746,-15.6686],[-40.9792,-15.6912],[-40.9851,-15.6929],[-41.0035,-15.7114],[-41.0076,-15.7139],[-41.0359,-15.7134],[-41.0452,-15.7214],[-41.053,-15.7247],[-41.0772,-15.7188],[-41.0925,-15.7382],[-41.1087,-15.7405],[-41.1095,-15.7407],[-41.1151,-15.7424],[-41.1282,-15.7463],[-41.1352,-15.7657],[-41.144,-15.7714],[-41.1559,-15.7609],[-41.1691,-15.7601],[-41.1896,-15.7513],[-41.1994,-15.7485],[-41.215,-15.7367],[-41.237,-15.7371],[-41.2531,-15.7465],[-41.2682,-15.7482],[-41.2816,-15.7403],[-41.2926,-15.7385],[-41.3043,-15.743],[-41.3278,-15.7414],[-41.3308,-15.7442],[-41.3322,-15.7308],[-41.3336,-15.7178],[-41.3352,-15.7021],[-41.3419,-15.6369],[-41.3501,-15.5573],[-41.3577,-15.4983],[-41.3622,-15.4942],[-41.3495,-15.5014],[-41.3365,-15.4977],[-41.3176,-15.5121],[-41.2916,-15.5078],[-41.284,-15.5131],[-41.2685,-15.5115],[-41.2581,-15.5143],[-41.2457,-15.5094],[-41.2373,-15.5131],[-41.2224,-15.5077],[-41.2136,-15.4953],[-41.2091,-15.4958],[-41.2051,-15.4912],[-41.2019,-15.4951],[-41.2029,-15.5066],[-41.1976,-15.509],[-41.1967,-15.516],[-41.1924,-15.5153],[-41.1842,-15.5232],[-41.1775,-15.5248],[-41.1729,-15.5363],[-41.1681,-15.5366],[-41.1664,-15.5319],[-41.1509,-15.5341],[-41.1488,-15.543],[-41.1453,-15.5448],[-41.1444,-15.5382],[-41.1389,-15.5355],[-41.1332,-15.5241],[-41.1275,-15.5274],[-41.125,-15.5234],[-41.1171,-15.5241],[-41.1114,-15.5195],[-41.1046,-15.5212],[-41.1065,-15.5297],[-41.0978,-15.5285],[-41.0911,-15.5184],[-41.0779,-15.51],[-41.073,-15.5033],[-41.0686,-15.5046],[-41.0673,-15.5102],[-41.0571,-15.5111],[-41.0495,-15.5044],[-41.0477,-15.4982],[-41.0405,-15.4961],[-41.0315,-15.4843],[-41.0348,-15.4725],[-41.0208,-15.4696],[-41.0106,-15.476],[-41.0005,-15.4773],[-40.994,-15.474],[-40.9887,-15.4778],[-40.978,-15.4765],[-40.9699,-15.4695],[-40.957,-15.4657],[-40.9508,-15.4534],[-40.9489,-15.4488],[-40.9358,-15.4441],[-40.9363,-15.4377],[-40.9265,-15.4223],[-40.934,-15.4193],[-40.9316,-15.409],[-40.9267,-15.4072],[-40.9336,-15.3947],[-40.9271,-15.3909],[-40.9348,-15.3823],[-40.9335,-15.3713],[-40.9417,-15.359],[-40.9343,-15.3485],[-40.9338,-15.3476],[-40.9336,-15.3474],[-40.9325,-15.3362],[-40.9061,-15.3199],[-40.9043,-15.3057],[-40.8953,-15.2991],[-40.8858,-15.2972],[-40.8823,-15.2932],[-40.8542,-15.2956],[-40.8513,-15.3112],[-40.8554,-15.3183]]]}},{"type":"Feature","properties":{"nome":"Entre Rios","cod":"2910503","uf":"BA"},"geometry":{"type":"Polygon","coordinates":[[[-38.1498,-11.7993],[-38.1456,-11.803],[-38.1395,-11.8008],[-38.1346,-11.8036],[-38.1315,-11.8113],[-38.1253,-11.8102],[-38.1243,-11.8229],[-38.1189,-11.8281],[-38.1154,-11.8259],[-38.1098,-11.8288],[-38.1097,-11.8346],[-38.1011,-11.8403],[-38.0871,-11.8358],[-38.0842,-11.8403],[-38.0758,-11.8456],[-38.0469,-11.8518],[-38.0296,-11.8463],[-38.0202,-11.8511],[-38.0192,-11.8532],[-38.0088,-11.8578],[-38.0084,-11.8629],[-37.9984,-11.8748],[-37.9889,-11.8755],[-37.9832,-11.8866],[-37.9844,-11.8923],[-37.9767,-11.9079],[-37.9705,-11.9118],[-37.9674,-11.9233],[-37.9603,-11.9319],[-37.9515,-11.9343],[-37.9531,-11.9406],[-37.9642,-11.9358],[-37.9681,-11.9378],[-37.9933,-12.0033],[-37.9972,-12.0133],[-38.0093,-12.0446],[-38.0229,-12.0799],[-37.9401,-12.1466],[-37.9463,-12.1689],[-37.9432,-12.179],[-37.9519,-12.1901],[-37.9521,-12.1986],[-37.9374,-12.208],[-37.9308,-12.2162],[-37.9171,-12.2156],[-37.9071,-12.2219],[-37.8864,-12.215],[-37.8774,-12.2087],[-37.8721,-12.2121],[-37.8665,-12.2106],[-37.858,-12.2118],[-37.8539,-12.2184],[-37.8483,-12.2135],[-37.8363,-12.2141],[-37.8291,-12.2036],[-37.8244,-12.2018],[-37.8177,-12.2002],[-37.8131,-12.1928],[-37.8048,-12.1893],[-37.796,-12.1908],[-37.7858,-12.1966],[-37.7775,-12.197],[-37.7671,-12.2149],[-37.7624,-12.2168],[-37.7612,-12.2207],[-37.7723,-12.2368],[-37.7759,-12.2423],[-37.7929,-12.2668],[-37.8364,-12.3221],[-37.882,-12.3895],[-37.8845,-12.3935],[-37.8947,-12.404],[-37.8951,-12.3962],[-37.8913,-12.3912],[-37.8942,-12.3806],[-37.9048,-12.3855],[-37.9167,-12.3808],[-37.9239,-12.3831],[-37.932,-12.3712],[-37.9441,-12.3751],[-37.9586,-12.369],[-37.9654,-12.3722],[-37.9706,-12.3702],[-37.9693,-12.3693],[-37.9475,-12.3535],[-37.9561,-12.3525],[-37.9414,-12.2821],[-37.9597,-12.2666],[-38.0181,-12.2172],[-38.0181,-12.2171],[-38.0203,-12.1811],[-38.0346,-12.1632],[-38.0783,-12.1628],[-38.088,-12.1535],[-38.0916,-12.1451],[-38.1035,-12.1398],[-38.1178,-12.1422],[-38.1251,-12.1366],[-38.137,-12.1416],[-38.1371,-12.1418],[-38.1598,-12.1403],[-38.1737,-12.1434],[-38.1767,-12.1404],[-38.1762,-12.1333],[-38.1861,-12.1209],[-38.2022,-12.1059],[-38.2017,-12.0935],[-38.2115,-12.0735],[-38.2124,-12.0497],[-38.2086,-12.039],[-38.2033,-12.0344],[-38.2,-12.0198],[-38.2038,-12.0119],[-38.2064,-12.0137],[-38.2149,-12.0093],[-38.221,-12.01],[-38.2246,-12.0138],[-38.2375,-12.0127],[-38.2391,-12.0054],[-38.2745,-11.9608],[-38.2744,-11.9607],[-38.2602,-11.9494],[-38.2133,-11.9121],[-38.2101,-11.9095],[-38.2077,-11.9076],[-38.1837,-11.8885],[-38.1721,-11.8513],[-38.1642,-11.8262],[-38.1642,-11.826],[-38.1562,-11.8007],[-38.1498,-11.7993]]]}},{"type":"Feature","properties":{"nome":"Esplanada","cod":"2910602","uf":"BA"},"geometry":{"type":"Polygon","coordinates":[[[-38.032,-11.7494],[-38.0239,-11.7853],[-37.9812,-11.7454],[-37.9119,-11.6805],[-37.9023,-11.6886],[-37.8821,-11.6899],[-37.8715,-11.6833],[-37.8655,-11.6837],[-37.8586,-11.6946],[-37.8625,-11.7068],[-37.8606,-11.7126],[-37.8539,-11.7153],[-37.852,-11.7249],[-37.8449,-11.7291],[-37.8411,-11.727],[-37.8372,-11.7344],[-37.8317,-11.7328],[-37.8234,-11.7371],[-37.8159,-11.7344],[-37.8127,-11.7368],[-37.8324,-11.7402],[-37.8384,-11.76],[-37.8521,-11.7672],[-37.8589,-11.7625],[-37.8588,-11.7676],[-37.8588,-11.7677],[-37.8588,-11.7751],[-37.8004,-11.8275],[-37.7945,-11.8475],[-37.78,-11.8571],[-37.7679,-11.8579],[-37.7678,-11.8696],[-37.7678,-11.8837],[-37.7662,-11.9607],[-37.7534,-11.9718],[-37.747,-11.9676],[-37.7447,-11.9739],[-37.7398,-11.9748],[-37.7504,-12.0013],[-37.7463,-12.0074],[-37.7336,-12.0087],[-37.7208,-12.0178],[-37.7219,-12.0275],[-37.7286,-12.0315],[-37.7325,-12.0399],[-37.7333,-12.0494],[-37.7298,-12.0526],[-37.7221,-12.0489],[-37.7158,-12.0533],[-37.7026,-12.0635],[-37.6975,-12.073],[-37.6926,-12.0728],[-37.6947,-12.0772],[-37.6869,-12.0779],[-37.6946,-12.0824],[-37.6862,-12.0927],[-37.69,-12.1076],[-37.6979,-12.1208],[-37.7624,-12.2168],[-37.7671,-12.2149],[-37.7775,-12.197],[-37.7858,-12.1966],[-37.796,-12.1908],[-37.8048,-12.1893],[-37.8131,-12.1928],[-37.8177,-12.2002],[-37.8244,-12.2018],[-37.8291,-12.2036],[-37.8363,-12.2141],[-37.8483,-12.2135],[-37.8539,-12.2184],[-37.858,-12.2118],[-37.8665,-12.2106],[-37.8721,-12.2121],[-37.8774,-12.2087],[-37.8864,-12.215],[-37.9071,-12.2219],[-37.9171,-12.2156],[-37.9308,-12.2162],[-37.9374,-12.208],[-37.9521,-12.1986],[-37.9519,-12.1901],[-37.9432,-12.179],[-37.9463,-12.1689],[-37.9401,-12.1466],[-37.9403,-12.143],[-37.934,-12.1392],[-37.9267,-12.143],[-37.9242,-12.1493],[-37.9111,-12.1223],[-37.8908,-12.0807],[-37.8585,-12.0145],[-37.8523,-12.0016],[-37.8376,-11.9947],[-37.8329,-11.9975],[-37.8315,-11.9937],[-37.8419,-11.9884],[-37.8535,-11.989],[-37.8584,-11.9849],[-37.8559,-11.9781],[-37.873,-11.9716],[-37.8831,-11.9629],[-37.9029,-11.9677],[-37.914,-11.9599],[-37.9259,-11.9581],[-37.9415,-11.9364],[-37.9515,-11.9343],[-37.9603,-11.9319],[-37.9674,-11.9233],[-37.9705,-11.9118],[-37.9767,-11.9079],[-37.9844,-11.8923],[-37.9832,-11.8866],[-37.9889,-11.8755],[-37.9984,-11.8748],[-38.0084,-11.8629],[-38.0088,-11.8578],[-38.0192,-11.8532],[-38.0202,-11.8511],[-38.0296,-11.8463],[-38.0469,-11.8518],[-38.0758,-11.8456],[-38.0842,-11.8403],[-38.0871,-11.8358],[-38.1011,-11.8403],[-38.1097,-11.8346],[-38.1098,-11.8288],[-38.1154,-11.8259],[-38.1189,-11.8281],[-38.1243,-11.8229],[-38.1253,-11.8102],[-38.1315,-11.8113],[-38.1346,-11.8036],[-38.1395,-11.8008],[-38.1456,-11.803],[-38.1498,-11.7993],[-38.1562,-11.8007],[-38.1562,-11.8005],[-38.1445,-11.7633],[-38.1365,-11.7551],[-38.1343,-11.7529],[-38.1081,-11.7261],[-38.0505,-11.6673],[-38.032,-11.7494]]]}},{"type":"Feature","properties":{"nome":"Euclides da Cunha","cod":"2910701","uf":"BA"},"geometry":{"type":"Polygon","coordinates":[[[-39.1367,-10.293],[-39.0602,-10.3521],[-39.0561,-10.3507],[-38.9285,-10.3054],[-38.918,-10.3017],[-38.8532,-10.2787],[-38.8156,-10.2826],[-38.7812,-10.2861],[-38.7653,-10.2877],[-38.6556,-10.2989],[-38.655,-10.2989],[-38.6448,-10.3],[-38.4362,-10.3211],[-38.442,-10.3285],[-38.4516,-10.3399],[-38.467,-10.3584],[-38.4786,-10.3723],[-38.5469,-10.4538],[-38.5499,-10.4588],[-38.5566,-10.4613],[-38.5647,-10.478],[-38.5534,-10.5073],[-38.5643,-10.5042],[-38.5776,-10.4913],[-38.5796,-10.4874],[-38.5745,-10.4793],[-38.6035,-10.5031],[-38.7372,-10.6012],[-38.7373,-10.6013],[-38.7829,-10.6066],[-38.847,-10.6142],[-38.9038,-10.6208],[-38.9099,-10.6215],[-38.9402,-10.625],[-38.9404,-10.625],[-38.9629,-10.6276],[-38.9631,-10.6277],[-38.9906,-10.6309],[-39.0388,-10.6365],[-39.0473,-10.6341],[-39.0641,-10.6374],[-39.1149,-10.6473],[-39.1151,-10.6473],[-39.1837,-10.6606],[-39.2358,-10.6708],[-39.2705,-10.6775],[-39.2477,-10.6416],[-39.2474,-10.6412],[-39.1812,-10.5373],[-39.1474,-10.484],[-39.1386,-10.4796],[-39.1371,-10.4673],[-39.1322,-10.4621],[-39.1419,-10.4559],[-39.1424,-10.448],[-39.152,-10.4383],[-39.1537,-10.4296],[-39.1472,-10.4223],[-39.1433,-10.408],[-39.1455,-10.4004],[-39.1466,-10.3959],[-39.1485,-10.3848],[-39.1611,-10.3613],[-39.172,-10.3294],[-39.1684,-10.3143],[-39.1653,-10.3057],[-39.1669,-10.2989],[-39.178,-10.2866],[-39.1849,-10.2558],[-39.1367,-10.293]]]}},{"type":"Feature","properties":{"nome":"Eunápolis","cod":"2910727","uf":"BA"},"geometry":{"type":"Polygon","coordinates":[[[-39.4018,-16.097],[-39.4286,-16.1928],[-39.4377,-16.2254],[-39.4487,-16.2649],[-39.4784,-16.3718],[-39.4905,-16.3835],[-39.4935,-16.3871],[-39.5227,-16.4157],[-39.5753,-16.4704],[-39.5758,-16.4709],[-39.576,-16.4709],[-39.5902,-16.4711],[-39.5985,-16.4674],[-39.5999,-16.4607],[-39.6057,-16.4593],[-39.6109,-16.4644],[-39.6098,-16.4683],[-39.6199,-16.478],[-39.6309,-16.4786],[-39.6435,-16.4881],[-39.6497,-16.5009],[-39.6526,-16.5054],[-39.6689,-16.5082],[-39.6831,-16.5036],[-39.6886,-16.5054],[-39.6933,-16.5126],[-39.6942,-16.541],[-39.6981,-16.5377],[-39.7405,-16.501],[-39.7344,-16.4823],[-39.7352,-16.471],[-39.7249,-16.4615],[-39.7215,-16.4422],[-39.7139,-16.4299],[-39.6912,-16.417],[-39.6851,-16.4084],[-39.6702,-16.4125],[-39.6724,-16.3922],[-39.6724,-16.3666],[-39.6804,-16.3603],[-39.6841,-16.3518],[-39.6679,-16.3433],[-39.6704,-16.3287],[-39.7096,-16.3253],[-39.7301,-16.3233],[-39.7449,-16.3261],[-39.7561,-16.321],[-39.7744,-16.3268],[-39.7897,-16.3243],[-39.814,-16.313],[-39.8191,-16.3039],[-39.8243,-16.2962],[-39.8431,-16.2871],[-39.8497,-16.2733],[-39.8574,-16.2724],[-39.8643,-16.2659],[-39.8608,-16.2556],[-39.8626,-16.2518],[-39.8452,-16.2342],[-39.8379,-16.2318],[-39.8279,-16.2366],[-39.8246,-16.2332],[-39.8163,-16.2323],[-39.8078,-16.2389],[-39.8017,-16.2238],[-39.7973,-16.2218],[-39.7391,-16.1957],[-39.7081,-16.1817],[-39.6023,-16.1341],[-39.5602,-16.1152],[-39.556,-16.12],[-39.5421,-16.1161],[-39.529,-16.1233],[-39.5223,-16.1112],[-39.5155,-16.1108],[-39.5102,-16.1044],[-39.5092,-16.0932],[-39.5001,-16.0912],[-39.4924,-16.0828],[-39.4964,-16.0656],[-39.4975,-16.0585],[-39.4793,-16.0508],[-39.4709,-16.0627],[-39.4651,-16.0639],[-39.4573,-16.0793],[-39.4483,-16.0881],[-39.4326,-16.088],[-39.4018,-16.097]]]}},{"type":"Feature","properties":{"nome":"Fátima","cod":"2910750","uf":"BA"},"geometry":{"type":"Polygon","coordinates":[[[-38.1442,-10.4569],[-38.1365,-10.5232],[-38.13,-10.579],[-38.1333,-10.6127],[-38.1373,-10.6529],[-38.1387,-10.6679],[-38.1448,-10.7175],[-38.1564,-10.7121],[-38.17,-10.7119],[-38.175,-10.7058],[-38.1859,-10.707],[-38.1986,-10.7106],[-38.2374,-10.7092],[-38.2452,-10.7091],[-38.264,-10.6454],[-38.2801,-10.5906],[-38.2802,-10.5903],[-38.2921,-10.5496],[-38.294,-10.5434],[-38.2847,-10.5395],[-38.274,-10.5372],[-38.269,-10.529],[-38.2501,-10.5249],[-38.2351,-10.5061],[-38.2326,-10.4957],[-38.2196,-10.4773],[-38.2078,-10.471],[-38.1911,-10.4791],[-38.1804,-10.4797],[-38.1728,-10.4767],[-38.1488,-10.4565],[-38.1443,-10.4569],[-38.1442,-10.4569]]]}},{"type":"Feature","properties":{"nome":"Feira da Mata","cod":"2910776","uf":"BA"},"geometry":{"type":"Polygon","coordinates":[[[-43.988,-13.664],[-43.9854,-13.6705],[-43.9802,-13.6673],[-43.9812,-13.6706],[-44.0206,-13.8045],[-44.0609,-13.945],[-44.063,-13.952],[-44.0758,-13.9968],[-44.0868,-14.033],[-44.0471,-14.0735],[-44.0286,-14.0925],[-44.065,-14.1381],[-44.0568,-14.2131],[-44.0568,-14.2134],[-44.049,-14.2843],[-44.0567,-14.2838],[-44.057,-14.2772],[-44.0609,-14.2819],[-44.068,-14.2793],[-44.073,-14.2852],[-44.0728,-14.2798],[-44.0776,-14.2777],[-44.074,-14.2702],[-44.082,-14.2686],[-44.082,-14.275],[-44.0879,-14.2776],[-44.0865,-14.268],[-44.0932,-14.2732],[-44.099,-14.273],[-44.1056,-14.2668],[-44.1069,-14.2587],[-44.1122,-14.2583],[-44.1239,-14.2745],[-44.1352,-14.2817],[-44.1432,-14.278],[-44.1356,-14.2745],[-44.1369,-14.2637],[-44.1596,-14.2572],[-44.1651,-14.2685],[-44.1729,-14.2664],[-44.1825,-14.2578],[-44.2009,-14.254],[-44.2008,-14.2507],[-44.2087,-14.2462],[-44.2086,-14.2368],[-44.2149,-14.2327],[-44.2176,-14.2445],[-44.2402,-14.2402],[-44.2373,-14.2444],[-44.2347,-14.2465],[-44.2392,-14.248],[-44.2383,-14.2576],[-44.2471,-14.2512],[-44.2492,-14.253],[-44.244,-14.2567],[-44.2471,-14.2597],[-44.254,-14.2516],[-44.2682,-14.2462],[-44.2762,-14.252],[-44.2809,-14.252],[-44.2796,-14.2496],[-44.284,-14.2472],[-44.2904,-14.2523],[-44.3019,-14.2528],[-44.3161,-14.2399],[-44.3204,-14.2443],[-44.3402,-14.249],[-44.3398,-14.2562],[-44.3514,-14.2573],[-44.3456,-14.2628],[-44.3526,-14.2605],[-44.3525,-14.2657],[-44.3612,-14.2724],[-44.3694,-14.2712],[-44.3732,-14.2742],[-44.3781,-14.27],[-44.3781,-14.2767],[-44.3891,-14.28],[-44.3896,-14.2757],[-44.3942,-14.2768],[-44.3967,-14.273],[-44.399,-14.2778],[-44.4116,-14.2812],[-44.4219,-14.2791],[-44.4235,-14.2756],[-44.4279,-14.2796],[-44.428,-14.2713],[-44.4292,-14.2748],[-44.4339,-14.2711],[-44.4401,-14.2751],[-44.4462,-14.2706],[-44.4478,-14.2756],[-44.4573,-14.2729],[-44.465,-14.2778],[-44.4825,-14.2781],[-44.4947,-14.2409],[-44.4852,-14.2313],[-44.4894,-14.2103],[-44.4754,-14.2011],[-44.4753,-14.2011],[-44.463,-14.198],[-44.4449,-14.1831],[-44.4292,-14.1864],[-44.4239,-14.1771],[-44.4303,-14.1683],[-44.4276,-14.1632],[-44.4153,-14.1657],[-44.3999,-14.163],[-44.3848,-14.1432],[-44.3855,-14.1293],[-44.3777,-14.1219],[-44.3764,-14.1082],[-44.3665,-14.1046],[-44.3652,-14.0983],[-44.3645,-14.0887],[-44.3427,-14.0571],[-44.3408,-14.0499],[-44.3399,-14.0389],[-44.3327,-14.0227],[-44.3371,-14.0071],[-44.3224,-14.0016],[-44.3212,-13.9909],[-44.3088,-13.9783],[-44.3079,-13.9701],[-44.2979,-13.9657],[-44.293,-13.9454],[-44.2714,-13.9355],[-44.2531,-13.9355],[-44.2377,-13.9251],[-44.2343,-13.9032],[-44.2247,-13.8997],[-44.2118,-13.886],[-44.2007,-13.8833],[-44.204,-13.8617],[-44.2004,-13.8581],[-44.1902,-13.8577],[-44.1897,-13.8499],[-44.1751,-13.841],[-44.1686,-13.8252],[-44.1639,-13.8246],[-44.159,-13.8203],[-44.1598,-13.8087],[-44.1552,-13.8],[-44.1589,-13.7892],[-44.1498,-13.7867],[-44.1205,-13.7649],[-44.1009,-13.7591],[-44.0755,-13.7275],[-44.0721,-13.7163],[-44.0574,-13.7062],[-44.0497,-13.6944],[-44.0373,-13.6941],[-44.0347,-13.6925],[-44.0278,-13.6859],[-44.0128,-13.6856],[-44.0078,-13.6708],[-43.9941,-13.6634],[-43.988,-13.664]]]}},{"type":"Feature","properties":{"nome":"Feira de Santana","cod":"2910800","uf":"BA"},"geometry":{"type":"Polygon","coordinates":[[[-39.1775,-11.9952],[-39.1722,-11.9958],[-39.1397,-11.992],[-39.1349,-12.0038],[-39.1138,-12.0604],[-39.0927,-12.0601],[-39.0599,-12.0593],[-39.0617,-12.0417],[-39.0574,-12.0398],[-39.0573,-12.0351],[-39.0635,-12.0188],[-39.0587,-12.0097],[-39.0562,-12.0061],[-39.054,-12.0115],[-39.0335,-12.0614],[-39.0081,-12.0624],[-38.9992,-12.0628],[-38.9882,-12.0491],[-38.9879,-12.0488],[-38.9839,-12.0439],[-38.9704,-12.0273],[-38.9631,-12.0184],[-38.9521,-12.0168],[-38.8993,-12.0092],[-38.9023,-12.0115],[-38.9002,-12.0194],[-38.9043,-12.0315],[-38.8983,-12.0497],[-38.8982,-12.0499],[-38.8933,-12.0597],[-38.8815,-12.0652],[-38.8801,-12.0828],[-38.874,-12.0964],[-38.8802,-12.1081],[-38.8916,-12.1179],[-38.8806,-12.1344],[-38.8808,-12.1354],[-38.8812,-12.1391],[-38.8799,-12.1488],[-38.8829,-12.1585],[-38.8739,-12.1702],[-38.8733,-12.173],[-38.8658,-12.1796],[-38.8659,-12.191],[-38.8548,-12.1925],[-38.8544,-12.2048],[-38.857,-12.2248],[-38.8508,-12.2272],[-38.8506,-12.2397],[-38.8405,-12.2417],[-38.8392,-12.2504],[-38.8411,-12.2589],[-38.8386,-12.2633],[-38.8422,-12.2681],[-38.8508,-12.269],[-38.8472,-12.2909],[-38.8446,-12.29],[-38.838,-12.2987],[-38.8391,-12.3048],[-38.831,-12.3172],[-38.8198,-12.3197],[-38.819,-12.3263],[-38.8138,-12.3289],[-38.8115,-12.3365],[-38.8198,-12.3405],[-38.8288,-12.3514],[-38.8357,-12.3481],[-38.8445,-12.3459],[-38.8485,-12.3493],[-38.8333,-12.3677],[-38.8347,-12.3676],[-38.8391,-12.3694],[-38.8371,-12.3777],[-38.8274,-12.3965],[-38.8301,-12.4034],[-38.8377,-12.408],[-38.8572,-12.4017],[-38.888,-12.3918],[-38.9079,-12.3853],[-38.917,-12.3691],[-38.9342,-12.3386],[-38.9499,-12.3107],[-38.9566,-12.3008],[-38.9727,-12.3049],[-38.9937,-12.3102],[-38.9939,-12.3192],[-38.9977,-12.3212],[-39.005,-12.3341],[-39.0013,-12.341],[-39.0092,-12.349],[-39.0119,-12.3468],[-39.0173,-12.3517],[-39.0243,-12.3528],[-39.0239,-12.3655],[-39.012,-12.3723],[-39.0145,-12.3872],[-39.0103,-12.3921],[-39.0167,-12.3969],[-39.022,-12.3989],[-39.0235,-12.4086],[-39.0378,-12.4182],[-39.0454,-12.4181],[-39.0533,-12.41],[-39.0601,-12.406],[-39.066,-12.4068],[-39.0743,-12.3945],[-39.0729,-12.3903],[-39.0804,-12.3783],[-39.0702,-12.373],[-39.071,-12.3577],[-39.0783,-12.3583],[-39.0804,-12.3549],[-39.0836,-12.3582],[-39.0917,-12.3575],[-39.0934,-12.3533],[-39.0934,-12.3533],[-39.1014,-12.3489],[-39.1019,-12.3443],[-39.1093,-12.3463],[-39.1157,-12.3224],[-39.1253,-12.3165],[-39.121,-12.3119],[-39.1221,-12.3071],[-39.1262,-12.2992],[-39.1329,-12.295],[-39.1345,-12.2881],[-39.1388,-12.2784],[-39.1481,-12.2705],[-39.1652,-12.2737],[-39.18,-12.2812],[-39.1831,-12.2855],[-39.19,-12.284],[-39.1938,-12.2908],[-39.1995,-12.2899],[-39.2448,-12.3042],[-39.2369,-12.2896],[-39.2323,-12.281],[-39.2383,-12.2714],[-39.2508,-12.2646],[-39.2593,-12.2483],[-39.2594,-12.2482],[-39.2668,-12.2369],[-39.2669,-12.2257],[-39.2834,-12.2172],[-39.2811,-12.2027],[-39.2877,-12.1957],[-39.2846,-12.1966],[-39.2753,-12.1854],[-39.2701,-12.1863],[-39.2637,-12.1999],[-39.2404,-12.2128],[-39.2306,-12.2181],[-39.2205,-12.2155],[-39.1923,-12.2234],[-39.1879,-12.2293],[-39.1738,-12.236],[-39.1673,-12.2446],[-39.1649,-12.2517],[-39.1512,-12.2634],[-39.1,-12.2364],[-39.0797,-12.2256],[-39.1225,-12.1992],[-39.165,-12.1821],[-39.1894,-12.1728],[-39.1789,-12.149],[-39.1769,-12.1176],[-39.1942,-12.1084],[-39.2117,-12.1063],[-39.215,-12.095],[-39.2282,-12.0794],[-39.2691,-12.0336],[-39.2692,-12.0335],[-39.2775,-12.0247],[-39.288,-12.0225],[-39.2877,-12.0179],[-39.2855,-12.0117],[-39.2885,-12.0004],[-39.2971,-11.9913],[-39.1748,-11.9812],[-39.1775,-11.9952]]]}},{"type":"Feature","properties":{"nome":"Filadélfia","cod":"2910859","uf":"BA"},"geometry":{"type":"Polygon","coordinates":[[[-40.1666,-10.6079],[-40.1427,-10.6374],[-40.1304,-10.6359],[-40.1302,-10.6359],[-40.1248,-10.6352],[-40.016,-10.6216],[-40.0162,-10.6225],[-40.0344,-10.7123],[-40.0445,-10.7619],[-40.0445,-10.762],[-40.0497,-10.7879],[-40.0642,-10.8592],[-40.0734,-10.8535],[-40.1019,-10.8521],[-40.1063,-10.8432],[-40.1078,-10.8427],[-40.1132,-10.8445],[-40.1218,-10.8425],[-40.1261,-10.8524],[-40.1366,-10.8599],[-40.142,-10.8536],[-40.1508,-10.8562],[-40.1546,-10.8586],[-40.1609,-10.853],[-40.1679,-10.8575],[-40.1742,-10.8463],[-40.1896,-10.8364],[-40.1888,-10.8323],[-40.1821,-10.8289],[-40.1884,-10.8192],[-40.1919,-10.8175],[-40.195,-10.8218],[-40.2006,-10.8164],[-40.2042,-10.8177],[-40.2057,-10.8136],[-40.2058,-10.8135],[-40.2049,-10.8114],[-40.2139,-10.8088],[-40.2087,-10.8003],[-40.2083,-10.7895],[-40.2153,-10.7866],[-40.2166,-10.7807],[-40.22,-10.7764],[-40.2182,-10.773],[-40.2223,-10.7698],[-40.2176,-10.7598],[-40.2251,-10.7521],[-40.226,-10.7389],[-40.2376,-10.7425],[-40.239,-10.7376],[-40.2535,-10.7413],[-40.2631,-10.713],[-40.2616,-10.705],[-40.2725,-10.6977],[-40.268,-10.6886],[-40.2695,-10.6845],[-40.2776,-10.6839],[-40.2822,-10.6716],[-40.2762,-10.6605],[-40.277,-10.647],[-40.2734,-10.6385],[-40.2751,-10.6351],[-40.2707,-10.633],[-40.2765,-10.6277],[-40.2801,-10.6171],[-40.2903,-10.6097],[-40.2235,-10.6087],[-40.1666,-10.6079]]]}},{"type":"Feature","properties":{"nome":"Firmino Alves","cod":"2910909","uf":"BA"},"geometry":{"type":"Polygon","coordinates":[[[-39.9038,-14.813],[-39.8985,-14.8215],[-39.895,-14.8184],[-39.8845,-14.8186],[-39.883,-14.8147],[-39.8766,-14.8145],[-39.8821,-14.8658],[-39.882,-14.8665],[-39.8746,-14.9121],[-39.8684,-14.9504],[-39.8642,-14.9763],[-39.8685,-14.9803],[-39.873,-15.0015],[-39.8815,-15.0044],[-39.8845,-15.0127],[-39.8886,-15.0067],[-39.89,-14.9823],[-39.8946,-14.9808],[-39.8975,-14.9896],[-39.8947,-15.003],[-39.9005,-15.0126],[-39.9001,-15.025],[-39.9035,-15.0257],[-39.9322,-14.9985],[-39.9323,-14.9985],[-39.9546,-14.9773],[-39.9555,-14.9764],[-39.9777,-14.9554],[-39.9698,-14.9557],[-39.9547,-14.9282],[-39.9546,-14.9226],[-39.9498,-14.9191],[-39.939,-14.8756],[-39.944,-14.8657],[-39.9377,-14.847],[-39.9371,-14.8469],[-39.9214,-14.8433],[-39.9219,-14.8341],[-39.9148,-14.8332],[-39.911,-14.8116],[-39.9038,-14.813]]]}},{"type":"Feature","properties":{"nome":"Floresta Azul","cod":"2911006","uf":"BA"},"geometry":{"type":"Polygon","coordinates":[[[-39.7049,-14.7428],[-39.6746,-14.7596],[-39.6572,-14.7692],[-39.6641,-14.789],[-39.6538,-14.8067],[-39.6492,-14.8104],[-39.644,-14.8459],[-39.6373,-14.8481],[-39.6384,-14.8569],[-39.6384,-14.8589],[-39.6395,-14.9249],[-39.6634,-14.928],[-39.6687,-14.9314],[-39.6754,-14.9303],[-39.6788,-14.9207],[-39.6822,-14.9252],[-39.6898,-14.9226],[-39.6989,-14.9265],[-39.7006,-14.9315],[-39.7127,-14.9281],[-39.7175,-14.9233],[-39.7328,-14.9255],[-39.7322,-14.9138],[-39.7386,-14.9102],[-39.7379,-14.9144],[-39.7444,-14.9221],[-39.7488,-14.9131],[-39.7515,-14.9073],[-39.7633,-14.9033],[-39.7705,-14.9085],[-39.7737,-14.9071],[-39.7767,-14.8911],[-39.7886,-14.8878],[-39.7982,-14.8787],[-39.8012,-14.8596],[-39.795,-14.848],[-39.7993,-14.8432],[-39.8074,-14.8381],[-39.8122,-14.8389],[-39.8151,-14.8289],[-39.8313,-14.8285],[-39.8313,-14.8168],[-39.8387,-14.8103],[-39.8508,-14.8092],[-39.8523,-14.7955],[-39.8381,-14.7852],[-39.8369,-14.7795],[-39.8358,-14.7785],[-39.8251,-14.7566],[-39.8147,-14.7523],[-39.8107,-14.7469],[-39.7968,-14.7445],[-39.7893,-14.7306],[-39.7765,-14.7329],[-39.7702,-14.7336],[-39.7707,-14.7399],[-39.7596,-14.7505],[-39.7603,-14.7605],[-39.7543,-14.7589],[-39.7494,-14.7496],[-39.7485,-14.7409],[-39.7534,-14.7349],[-39.7494,-14.7184],[-39.718,-14.7356],[-39.7098,-14.7401],[-39.7049,-14.7428]]]}},{"type":"Feature","properties":{"nome":"Formosa do Rio Preto","cod":"2911105","uf":"BA"},"geometry":{"type":"Polygon","coordinates":[[[-45.567,-10.1391],[-45.565,-10.1596],[-45.5709,-10.1865],[-45.5669,-10.2011],[-45.5562,-10.2165],[-45.5258,-10.2365],[-45.5229,-10.2437],[-45.5219,-10.2762],[-45.5169,-10.286],[-45.4903,-10.3006],[-45.4842,-10.3045],[-45.4729,-10.3149],[-45.4564,-10.3382],[-45.4295,-10.3598],[-45.4254,-10.3699],[-45.4295,-10.4035],[-45.4241,-10.4261],[-45.3956,-10.4446],[-45.3956,-10.4516],[-45.3999,-10.4627],[-45.4261,-10.4841],[-45.4468,-10.507],[-45.4378,-10.5251],[-45.44,-10.5412],[-45.4469,-10.5559],[-45.4399,-10.5691],[-45.4364,-10.5764],[-45.4369,-10.6151],[-45.4294,-10.6337],[-45.414,-10.6447],[-45.3898,-10.6479],[-45.3767,-10.6627],[-45.3687,-10.6795],[-45.3578,-10.7318],[-45.3562,-10.7329],[-45.322,-10.7598],[-45.289,-10.7652],[-45.2724,-10.7728],[-45.2658,-10.781],[-45.257,-10.8114],[-45.2476,-10.8215],[-45.2188,-10.817],[-45.2187,-10.8257],[-45.2152,-10.8298],[-45.1535,-10.8387],[-45.1534,-10.8387],[-45.1161,-10.8403],[-45.1049,-10.8464],[-45.0865,-10.8396],[-45.0728,-10.84],[-45.0629,-10.8478],[-45.0496,-10.8517],[-45.0451,-10.8592],[-45.0303,-10.8662],[-45.0162,-10.8842],[-45.0017,-10.8866],[-44.9946,-10.8835],[-44.9735,-10.8911],[-44.9723,-11.007],[-44.9723,-11.0071],[-44.9724,-11.0169],[-44.9759,-11.0407],[-44.9662,-11.0519],[-44.958,-11.0698],[-44.9621,-11.0791],[-44.9721,-11.0828],[-44.9751,-11.0925],[-44.9837,-11.0976],[-44.9831,-11.1005],[-44.9928,-11.111],[-45.0016,-11.1135],[-45.0,-11.116],[-45.0073,-11.1262],[-44.9847,-11.1526],[-44.9769,-11.1867],[-44.9866,-11.2221],[-44.9841,-11.2545],[-44.9765,-11.3545],[-44.991,-11.3566],[-45.0993,-11.3771],[-45.1874,-11.3941],[-45.1909,-11.3947],[-45.284,-11.4127],[-45.5228,-11.4585],[-45.6361,-11.4806],[-45.644,-11.4821],[-45.8834,-11.5294],[-46.0666,-11.6187],[-46.0783,-11.6243],[-46.0871,-11.6245],[-46.0863,-11.6217],[-46.0949,-11.6146],[-46.1266,-11.6038],[-46.1407,-11.6077],[-46.158,-11.6068],[-46.166,-11.599],[-46.1866,-11.6057],[-46.2024,-11.6022],[-46.213,-11.5953],[-46.2179,-11.582],[-46.2258,-11.5708],[-46.2359,-11.5649],[-46.2584,-11.5563],[-46.2699,-11.557],[-46.2895,-11.5509],[-46.313,-11.5391],[-46.3458,-11.5444],[-46.3596,-11.5352],[-46.3799,-11.534],[-46.3922,-11.5344],[-46.4014,-11.5407],[-46.4109,-11.5415],[-46.4168,-11.5388],[-46.4266,-11.5256],[-46.4451,-11.5142],[-46.4579,-11.514],[-46.4681,-11.5181],[-46.4789,-11.516],[-46.4859,-11.5047],[-46.5018,-11.4991],[-46.5215,-11.4793],[-46.5264,-11.4656],[-46.5248,-11.4324],[-46.5278,-11.4221],[-46.5427,-11.4153],[-46.5485,-11.408],[-46.5489,-11.3803],[-46.5614,-11.3741],[-46.567,-11.3721],[-46.5859,-11.3661],[-46.6013,-11.3468],[-46.605,-11.3214],[-46.6095,-11.3079],[-46.6155,-11.3018],[-46.6167,-11.289],[-46.6087,-11.2843],[-46.5992,-11.265],[-46.6086,-11.2553],[-46.5816,-11.2463],[-46.4999,-11.2065],[-46.4877,-11.2046],[-46.4719,-11.1908],[-46.453,-11.1558],[-46.4471,-11.0919],[-46.4213,-11.0355],[-46.4057,-11.0193],[-46.3985,-10.994],[-46.3775,-10.9804],[-46.3548,-10.9573],[-46.3283,-10.9422],[-46.3169,-10.9272],[-46.283,-10.9063],[-46.2831,-10.8971],[-46.2969,-10.8668],[-46.2835,-10.8316],[-46.2727,-10.8203],[-46.2459,-10.812],[-46.2334,-10.8044],[-46.2294,-10.7982],[-46.2272,-10.7664],[-46.2495,-10.7618],[-46.251,-10.7567],[-46.2175,-10.7325],[-46.1921,-10.7193],[-46.1903,-10.71],[-46.1875,-10.6826],[-46.2116,-10.6541],[-46.2106,-10.6493],[-46.1888,-10.6314],[-46.1875,-10.6261],[-46.167,-10.6189],[-46.1559,-10.6295],[-46.1369,-10.6219],[-46.1156,-10.6191],[-46.0952,-10.6042],[-46.0767,-10.6067],[-46.0641,-10.6023],[-46.059,-10.593],[-46.0595,-10.5741],[-46.0361,-10.5693],[-46.0274,-10.5667],[-46.0246,-10.5424],[-46.0136,-10.535],[-45.9939,-10.5359],[-45.9837,-10.5296],[-45.9708,-10.5282],[-45.9617,-10.5093],[-45.9063,-10.4733],[-45.9003,-10.4605],[-45.8872,-10.4488],[-45.8644,-10.4385],[-45.8304,-10.4383],[-45.8199,-10.4135],[-45.8207,-10.4053],[-45.8304,-10.3936],[-45.827,-10.3678],[-45.8179,-10.3601],[-45.7971,-10.3523],[-45.7528,-10.3519],[-45.7427,-10.3463],[-45.7236,-10.3168],[-45.7141,-10.2841],[-45.7052,-10.2698],[-45.6971,-10.2631],[-45.6977,-10.215],[-45.7055,-10.1879],[-45.6998,-10.178],[-45.6989,-10.1664],[-45.7154,-10.1665],[-45.7227,-10.1547],[-45.7158,-10.1522],[-45.7035,-10.1566],[-45.6843,-10.1529],[-45.6689,-10.1449],[-45.6483,-10.1269],[-45.6388,-10.1258],[-45.6053,-10.1083],[-45.598,-10.1079],[-45.5835,-10.1166],[-45.567,-10.1391]]]}},{"type":"Feature","properties":{"nome":"Gandu","cod":"2911204","uf":"BA"},"geometry":{"type":"Polygon","coordinates":[[[-39.4386,-13.718],[-39.3628,-13.7297],[-39.3623,-13.7297],[-39.3791,-13.7305],[-39.3833,-13.7431],[-39.3849,-13.749],[-39.3887,-13.7497],[-39.3939,-13.7699],[-39.4119,-13.7828],[-39.4189,-13.7935],[-39.4251,-13.8005],[-39.4266,-13.8027],[-39.4333,-13.8334],[-39.431,-13.8408],[-39.4431,-13.8742],[-39.4482,-13.8925],[-39.4692,-13.8769],[-39.4862,-13.88],[-39.4895,-13.8771],[-39.5102,-13.8589],[-39.5247,-13.846],[-39.549,-13.8246],[-39.5444,-13.818],[-39.5359,-13.8142],[-39.5251,-13.7993],[-39.5289,-13.7911],[-39.5388,-13.7846],[-39.5403,-13.7803],[-39.5394,-13.7791],[-39.5643,-13.7548],[-39.5562,-13.728],[-39.5548,-13.7277],[-39.5537,-13.7275],[-39.4824,-13.711],[-39.4795,-13.7106],[-39.4785,-13.7108],[-39.4585,-13.715],[-39.4386,-13.718]]]}},{"type":"Feature","properties":{"nome":"Gavião","cod":"2911253","uf":"BA"},"geometry":{"type":"Polygon","coordinates":[[[-39.713,-11.3967],[-39.7111,-11.4012],[-39.7035,-11.3999],[-39.7013,-11.3991],[-39.6901,-11.4023],[-39.6864,-11.4087],[-39.6725,-11.4115],[-39.6646,-11.4181],[-39.6549,-11.4365],[-39.6647,-11.4486],[-39.6536,-11.4708],[-39.642,-11.4809],[-39.6324,-11.4974],[-39.6236,-11.4995],[-39.6189,-11.505],[-39.6174,-11.5082],[-39.6307,-11.5229],[-39.6345,-11.5215],[-39.6811,-11.559],[-39.7099,-11.5771],[-39.765,-11.5906],[-39.7731,-11.5923],[-39.787,-11.5889],[-39.7862,-11.5913],[-39.8081,-11.5844],[-39.8112,-11.5865],[-39.8179,-11.5922],[-39.832,-11.5834],[-39.8423,-11.5838],[-39.8424,-11.5837],[-39.846,-11.5761],[-39.8448,-11.5644],[-39.8526,-11.5554],[-39.8597,-11.5225],[-39.872,-11.5234],[-39.8813,-11.515],[-39.8914,-11.4856],[-39.8847,-11.4814],[-39.8732,-11.4889],[-39.861,-11.4917],[-39.8507,-11.4824],[-39.8475,-11.4815],[-39.8458,-11.4907],[-39.8417,-11.4905],[-39.8376,-11.4953],[-39.8253,-11.4911],[-39.8249,-11.5003],[-39.8191,-11.5036],[-39.8142,-11.493],[-39.7919,-11.4787],[-39.7862,-11.4688],[-39.7844,-11.4673],[-39.7829,-11.4635],[-39.7744,-11.4675],[-39.7713,-11.465],[-39.7703,-11.4568],[-39.7615,-11.447],[-39.7667,-11.4413],[-39.7625,-11.4332],[-39.7652,-11.4292],[-39.7563,-11.4267],[-39.7576,-11.4206],[-39.7508,-11.4221],[-39.7388,-11.4164],[-39.7347,-11.4034],[-39.7194,-11.3947],[-39.713,-11.3967]]]}},{"type":"Feature","properties":{"nome":"Gentio do Ouro","cod":"2911303","uf":"BA"},"geometry":{"type":"Polygon","coordinates":[[[-42.7542,-11.0095],[-42.7505,-11.0109],[-42.7231,-11.003],[-42.7125,-11.0056],[-42.7123,-11.0057],[-42.6921,-11.0071],[-42.6749,-11.0129],[-42.6585,-11.0312],[-42.6512,-11.0354],[-42.6454,-11.0335],[-42.6366,-11.0371],[-42.629,-11.0527],[-42.6092,-11.0629],[-42.6064,-11.0687],[-42.608,-11.0816],[-42.613,-11.0874],[-42.5526,-11.0651],[-42.4908,-11.0421],[-42.4946,-11.0461],[-42.5054,-11.0663],[-42.5015,-11.0982],[-42.5114,-11.1076],[-42.5156,-11.1332],[-42.5047,-11.1534],[-42.4862,-11.1496],[-42.4753,-11.1771],[-42.4514,-11.2166],[-42.4518,-11.2207],[-42.4584,-11.2225],[-42.4593,-11.227],[-42.4435,-11.2432],[-42.4426,-11.2487],[-42.4476,-11.2566],[-42.4321,-11.2804],[-42.4257,-11.2835],[-42.384,-11.2767],[-42.339,-11.2765],[-42.3265,-11.2888],[-42.3267,-11.2905],[-42.337,-11.295],[-42.3368,-11.2996],[-42.3279,-11.3118],[-42.3143,-11.3033],[-42.3046,-11.33],[-42.308,-11.3335],[-42.3016,-11.3329],[-42.2957,-11.3388],[-42.3031,-11.3378],[-42.3059,-11.3443],[-42.2981,-11.3483],[-42.3003,-11.361],[-42.2965,-11.367],[-42.2956,-11.3817],[-42.302,-11.3846],[-42.3018,-11.3945],[-42.3054,-11.3977],[-42.2994,-11.4035],[-42.3233,-11.4253],[-42.3293,-11.4474],[-42.3335,-11.4542],[-42.3453,-11.4596],[-42.3562,-11.4666],[-42.3618,-11.4802],[-42.3482,-11.5192],[-42.3395,-11.5366],[-42.341,-11.5427],[-42.3299,-11.571],[-42.3315,-11.5833],[-42.3261,-11.588],[-42.3409,-11.5885],[-42.344,-11.6079],[-42.3417,-11.6093],[-42.3488,-11.6298],[-42.3544,-11.6337],[-42.3555,-11.6446],[-42.353,-11.6572],[-42.3549,-11.6756],[-42.3437,-11.6796],[-42.3413,-11.6899],[-42.3528,-11.6979],[-42.356,-11.7043],[-42.3606,-11.7137],[-42.3629,-11.7221],[-42.3608,-11.7361],[-42.3654,-11.7465],[-42.3634,-11.7561],[-42.3697,-11.7616],[-42.3737,-11.7613],[-42.3846,-11.7543],[-42.3943,-11.7539],[-42.4208,-11.7653],[-42.445,-11.7574],[-42.4546,-11.748],[-42.4575,-11.7393],[-42.472,-11.7257],[-42.4748,-11.7317],[-42.4877,-11.7756],[-42.5044,-11.7601],[-42.5174,-11.7571],[-42.5203,-11.749],[-42.5338,-11.7456],[-42.5371,-11.7414],[-42.5646,-11.7358],[-42.5812,-11.7145],[-42.5946,-11.7084],[-42.6238,-11.718],[-42.6428,-11.7178],[-42.6445,-11.7144],[-42.651,-11.715],[-42.6635,-11.7086],[-42.6806,-11.7199],[-42.6858,-11.7203],[-42.7102,-11.7223],[-42.7153,-11.719],[-42.7307,-11.729],[-42.7474,-11.7305],[-42.7697,-11.6698],[-42.8172,-11.5404],[-42.8172,-11.5402],[-42.9123,-11.2777],[-42.9125,-11.2771],[-42.8125,-11.3113],[-42.8189,-11.3083],[-42.8278,-11.2897],[-42.8264,-11.2851],[-42.8363,-11.2756],[-42.8353,-11.2519],[-42.8423,-11.2502],[-42.8349,-11.2351],[-42.8405,-11.2316],[-42.8374,-11.2255],[-42.8435,-11.2184],[-42.8322,-11.1999],[-42.8369,-11.1922],[-42.8357,-11.1876],[-42.8386,-11.156],[-42.8215,-11.1405],[-42.8044,-11.1415],[-42.7992,-11.1346],[-42.8015,-11.1238],[-42.7865,-11.1195],[-42.787,-11.1103],[-42.7741,-11.1055],[-42.7708,-11.1009],[-42.7726,-11.0953],[-42.7661,-11.0914],[-42.7701,-11.0775],[-42.7821,-11.0695],[-42.7899,-11.0589],[-42.7547,-11.0409],[-42.7546,-11.0248],[-42.7618,-11.0152],[-42.7619,-11.01],[-42.7581,-11.0088],[-42.7632,-11.0047],[-42.761,-11.0016],[-42.7559,-11.0016],[-42.7542,-11.0095]]]}},{"type":"Feature","properties":{"nome":"Glória","cod":"2911402","uf":"BA"},"geometry":{"type":"Polygon","coordinates":[[[-38.53,-8.9579],[-38.5237,-8.962],[-38.5137,-8.9596],[-38.5032,-8.981],[-38.4621,-9.0168],[-38.4487,-9.0259],[-38.4151,-9.0382],[-38.4032,-9.0368],[-38.3855,-9.0244],[-38.3558,-8.9967],[-38.3399,-8.99],[-38.3204,-8.9903],[-38.3166,-9.0009],[-38.2961,-9.0224],[-38.2885,-9.0399],[-38.2896,-9.0467],[-38.2967,-9.0553],[-38.3207,-9.0696],[-38.3255,-9.0776],[-38.3199,-9.0909],[-38.3042,-9.0964],[-38.321,-9.1165],[-38.3191,-9.1378],[-38.3125,-9.1479],[-38.3055,-9.1531],[-38.2872,-9.1735],[-38.2797,-9.2058],[-38.2872,-9.2167],[-38.2623,-9.2663],[-38.2502,-9.2901],[-38.2372,-9.3294],[-38.2232,-9.3465],[-38.2092,-9.3582],[-38.2177,-9.3529],[-38.2288,-9.3543],[-38.2688,-9.3745],[-38.2819,-9.3845],[-38.2952,-9.3846],[-38.2987,-9.3873],[-38.3209,-9.3787],[-38.3268,-9.3806],[-38.3339,-9.3852],[-38.3415,-9.3901],[-38.3459,-9.3843],[-38.3637,-9.3814],[-38.392,-9.4042],[-38.4053,-9.4029],[-38.4323,-9.4092],[-38.4381,-9.4134],[-38.4512,-9.4044],[-38.4567,-9.4031],[-38.5047,-9.3645],[-38.5117,-9.359],[-38.5515,-9.2811],[-38.5696,-9.2457],[-38.6033,-9.18],[-38.6379,-9.1126],[-38.6396,-9.1092],[-38.6327,-9.0717],[-38.6244,-9.0608],[-38.606,-9.0491],[-38.5863,-9.0438],[-38.576,-9.0196],[-38.5482,-8.9911],[-38.5477,-8.9762],[-38.5357,-8.9584],[-38.53,-8.9579]]]}},{"type":"Feature","properties":{"nome":"Gongogi","cod":"2911501","uf":"BA"},"geometry":{"type":"Polygon","coordinates":[[[-39.6656,-14.2145],[-39.6515,-14.2178],[-39.6467,-14.2065],[-39.6366,-14.2044],[-39.6226,-14.2079],[-39.6096,-14.2184],[-39.6053,-14.2167],[-39.6012,-14.2124],[-39.5957,-14.2097],[-39.5754,-14.2159],[-39.5726,-14.2241],[-39.5747,-14.2325],[-39.575,-14.2509],[-39.5284,-14.2683],[-39.4923,-14.2819],[-39.4413,-14.3009],[-39.4387,-14.3105],[-39.441,-14.3152],[-39.4451,-14.3148],[-39.4537,-14.3243],[-39.4585,-14.3225],[-39.4601,-14.3249],[-39.4601,-14.3251],[-39.463,-14.3416],[-39.4738,-14.3392],[-39.4859,-14.3436],[-39.4993,-14.3325],[-39.503,-14.3507],[-39.5125,-14.3464],[-39.5095,-14.3412],[-39.512,-14.3376],[-39.5218,-14.3408],[-39.527,-14.348],[-39.5276,-14.3471],[-39.5399,-14.34],[-39.5478,-14.3457],[-39.5526,-14.3453],[-39.5629,-14.3359],[-39.561,-14.3238],[-39.5567,-14.3235],[-39.5503,-14.3073],[-39.5576,-14.3004],[-39.5639,-14.2973],[-39.5696,-14.2967],[-39.5991,-14.3094],[-39.6071,-14.298],[-39.625,-14.2869],[-39.6242,-14.2779],[-39.6277,-14.2724],[-39.6391,-14.2662],[-39.6527,-14.2733],[-39.652,-14.2839],[-39.6621,-14.2856],[-39.6653,-14.2796],[-39.6695,-14.2902],[-39.677,-14.2921],[-39.6777,-14.2995],[-39.6695,-14.3011],[-39.6651,-14.309],[-39.6601,-14.3098],[-39.6592,-14.3186],[-39.6635,-14.3192],[-39.6654,-14.3153],[-39.6679,-14.3173],[-39.6629,-14.3245],[-39.6637,-14.3285],[-39.677,-14.3229],[-39.6801,-14.327],[-39.6859,-14.3271],[-39.6855,-14.33],[-39.678,-14.3312],[-39.6808,-14.3419],[-39.6856,-14.3419],[-39.6809,-14.3463],[-39.6822,-14.3556],[-39.685,-14.3602],[-39.6918,-14.3606],[-39.6898,-14.3677],[-39.6964,-14.3687],[-39.6964,-14.3685],[-39.6828,-14.2899],[-39.67,-14.2164],[-39.6645,-14.1851],[-39.6642,-14.1835],[-39.6585,-14.1959],[-39.6678,-14.2082],[-39.6656,-14.2145]]]}},{"type":"Feature","properties":{"nome":"Governador Mangabeira","cod":"2911600","uf":"BA"},"geometry":{"type":"Polygon","coordinates":[[[-39.0518,-12.6294],[-39.056,-12.6311],[-39.0633,-12.6257],[-39.0828,-12.6113],[-39.0828,-12.6113],[-39.1022,-12.5969],[-39.1085,-12.5928],[-39.1237,-12.5923],[-39.1467,-12.5915],[-39.1683,-12.5916],[-39.1771,-12.5881],[-39.1717,-12.5817],[-39.1643,-12.5728],[-39.1495,-12.5675],[-39.1448,-12.5658],[-39.1253,-12.5598],[-39.1252,-12.5598],[-39.1048,-12.5536],[-39.0967,-12.5513],[-39.0572,-12.5397],[-39.0557,-12.5405],[-39.0457,-12.5441],[-39.027,-12.5515],[-39.0172,-12.5583],[-39.0127,-12.5664],[-39.008,-12.569],[-39.0054,-12.5831],[-38.9848,-12.5935],[-39.0138,-12.6011],[-39.0137,-12.6037],[-39.0135,-12.6065],[-39.0129,-12.6158],[-39.0518,-12.6294]]]}},{"type":"Feature","properties":{"nome":"Guajeru","cod":"2911659","uf":"BA"},"geometry":{"type":"Polygon","coordinates":[[[-41.9105,-14.524],[-41.8955,-14.5308],[-41.8923,-14.4977],[-41.8838,-14.5146],[-41.8618,-14.5587],[-41.8674,-14.5978],[-41.8674,-14.598],[-41.869,-14.6088],[-41.9135,-14.658],[-41.9645,-14.7143],[-41.9668,-14.7169],[-42.0585,-14.7185],[-42.0558,-14.6987],[-42.053,-14.6777],[-42.0492,-14.6475],[-42.121,-14.6407],[-42.161,-14.6368],[-42.165,-14.5888],[-42.1671,-14.5634],[-42.1706,-14.5203],[-42.1563,-14.4807],[-42.0782,-14.4492],[-42.0704,-14.4461],[-41.9648,-14.4989],[-41.9105,-14.524]]]}},{"type":"Feature","properties":{"nome":"Guanambi","cod":"2911709","uf":"BA"},"geometry":{"type":"Polygon","coordinates":[[[-42.9454,-13.9597],[-42.9438,-13.965],[-42.939,-13.9645],[-42.9317,-13.9746],[-42.9214,-13.9755],[-42.9184,-13.9827],[-42.9096,-13.9879],[-42.9023,-13.9862],[-42.8935,-13.9925],[-42.8918,-13.9907],[-42.8892,-13.9975],[-42.8736,-14.0036],[-42.8619,-14.0158],[-42.8584,-14.0192],[-42.8446,-14.0159],[-42.8388,-14.0191],[-42.813,-14.0185],[-42.8062,-14.0281],[-42.7995,-14.0307],[-42.7998,-14.0371],[-42.7876,-14.0561],[-42.7841,-14.0669],[-42.783,-14.0725],[-42.7718,-14.0827],[-42.7568,-14.0849],[-42.7543,-14.0913],[-42.7359,-14.0953],[-42.7264,-14.1035],[-42.7131,-14.1027],[-42.7094,-14.0967],[-42.677,-14.1169],[-42.6441,-14.1289],[-42.6332,-14.1328],[-42.6175,-14.1392],[-42.6086,-14.1524],[-42.6007,-14.1563],[-42.5969,-14.176],[-42.5821,-14.199],[-42.5807,-14.2094],[-42.5846,-14.2283],[-42.5854,-14.2318],[-42.587,-14.2394],[-42.5968,-14.246],[-42.5966,-14.2616],[-42.5918,-14.2639],[-42.5916,-14.2721],[-42.5973,-14.2707],[-42.5988,-14.2758],[-42.6033,-14.2748],[-42.6018,-14.2791],[-42.6098,-14.2872],[-42.6096,-14.2954],[-42.6188,-14.2965],[-42.626,-14.2946],[-42.6404,-14.2976],[-42.6485,-14.2934],[-42.6655,-14.3026],[-42.6672,-14.3104],[-42.6629,-14.325],[-42.6865,-14.3898],[-42.6867,-14.3904],[-42.6868,-14.3908],[-42.7348,-14.3484],[-42.7792,-14.3092],[-42.7923,-14.3096],[-42.8649,-14.3221],[-42.8794,-14.3246],[-42.8804,-14.3248],[-42.9199,-14.3536],[-42.933,-14.3636],[-42.9331,-14.3637],[-42.9696,-14.3917],[-42.9745,-14.3886],[-42.9738,-14.3777],[-42.9986,-14.3653],[-43.0041,-14.3622],[-43.0078,-14.3483],[-43.07,-14.3223],[-43.0504,-14.2942],[-43.0501,-14.2938],[-43.0238,-14.2562],[-43.0121,-14.2394],[-43.0103,-14.2369],[-42.9856,-14.2016],[-42.9756,-14.1874],[-42.9625,-14.1817],[-42.9711,-14.1726],[-42.9658,-14.1583],[-42.9474,-14.1225],[-42.9369,-14.1021],[-42.9374,-14.0974],[-42.9514,-13.957],[-42.9511,-13.957],[-42.9454,-13.9597]]]}},{"type":"Feature","properties":{"nome":"Guaratinga","cod":"2911808","uf":"BA"},"geometry":{"type":"Polygon","coordinates":[[[-39.8745,-16.2494],[-39.8717,-16.2555],[-39.8626,-16.2518],[-39.8608,-16.2556],[-39.8643,-16.2659],[-39.8574,-16.2724],[-39.8497,-16.2733],[-39.8431,-16.2871],[-39.8243,-16.2962],[-39.8191,-16.3039],[-39.814,-16.313],[-39.7897,-16.3243],[-39.7744,-16.3268],[-39.7561,-16.321],[-39.7449,-16.3261],[-39.7301,-16.3233],[-39.7096,-16.3253],[-39.6704,-16.3287],[-39.6679,-16.3433],[-39.6841,-16.3518],[-39.6804,-16.3603],[-39.6724,-16.3666],[-39.6724,-16.3922],[-39.6702,-16.4125],[-39.6851,-16.4084],[-39.6912,-16.417],[-39.7139,-16.4299],[-39.7215,-16.4422],[-39.7249,-16.4615],[-39.7352,-16.471],[-39.7344,-16.4823],[-39.7405,-16.501],[-39.6981,-16.5377],[-39.6981,-16.5475],[-39.6905,-16.5511],[-39.687,-16.5571],[-39.6816,-16.5571],[-39.676,-16.5625],[-39.6644,-16.5606],[-39.6594,-16.5638],[-39.6494,-16.5721],[-39.6761,-16.6733],[-39.6769,-16.6745],[-39.6762,-16.6787],[-39.6726,-16.6872],[-39.6684,-16.6943],[-39.6725,-16.7031],[-39.6706,-16.7181],[-39.6767,-16.7309],[-39.6668,-16.7454],[-39.6719,-16.7596],[-39.6774,-16.7643],[-39.6805,-16.7604],[-39.6774,-16.7553],[-39.685,-16.7469],[-39.6803,-16.7378],[-39.6877,-16.7371],[-39.6994,-16.7302],[-39.7068,-16.7366],[-39.7141,-16.7309],[-39.7214,-16.7322],[-39.7257,-16.7443],[-39.7408,-16.7415],[-39.7455,-16.7478],[-39.7513,-16.7468],[-39.756,-16.7392],[-39.7697,-16.7307],[-39.7772,-16.7397],[-39.7839,-16.7419],[-39.7864,-16.7625],[-39.7904,-16.7618],[-39.7966,-16.7524],[-39.816,-16.7629],[-39.8362,-16.7574],[-39.8463,-16.7609],[-39.8542,-16.7515],[-39.8787,-16.747],[-39.8853,-16.7431],[-39.8856,-16.7319],[-39.8905,-16.7255],[-39.9014,-16.7306],[-39.9109,-16.7289],[-39.9184,-16.7368],[-39.9272,-16.7257],[-39.939,-16.7328],[-39.9489,-16.732],[-39.9527,-16.7349],[-39.9603,-16.7294],[-39.9594,-16.7251],[-39.9703,-16.7293],[-39.9608,-16.7153],[-39.9651,-16.7146],[-39.9744,-16.7045],[-39.9652,-16.7003],[-39.9647,-16.6962],[-39.9885,-16.7027],[-39.9966,-16.7119],[-40.0055,-16.7004],[-40.0215,-16.7123],[-40.0288,-16.7072],[-40.0318,-16.7005],[-40.0425,-16.7079],[-40.0471,-16.7067],[-40.0558,-16.7173],[-40.0608,-16.7171],[-40.0656,-16.7117],[-40.0719,-16.7109],[-40.0728,-16.7054],[-40.0761,-16.7045],[-40.083,-16.6952],[-40.0837,-16.6871],[-40.0902,-16.6821],[-40.0989,-16.685],[-40.1271,-16.6789],[-40.1309,-16.6824],[-40.1289,-16.6903],[-40.1382,-16.7143],[-40.1491,-16.7132],[-40.1553,-16.7171],[-40.1643,-16.7092],[-40.1539,-16.6989],[-40.159,-16.6932],[-40.1885,-16.7001],[-40.1943,-16.708],[-40.1982,-16.7077],[-40.1996,-16.699],[-40.1998,-16.6989],[-40.2022,-16.6936],[-40.2127,-16.7084],[-40.2191,-16.7049],[-40.2233,-16.708],[-40.2382,-16.7089],[-40.2454,-16.7151],[-40.2538,-16.7138],[-40.2609,-16.7094],[-40.2668,-16.699],[-40.2659,-16.6892],[-40.261,-16.6829],[-40.2708,-16.6773],[-40.2742,-16.6717],[-40.2942,-16.6832],[-40.2902,-16.6907],[-40.2985,-16.6993],[-40.3066,-16.6963],[-40.3107,-16.6954],[-40.3128,-16.6782],[-40.2979,-16.652],[-40.2917,-16.6216],[-40.2834,-16.6043],[-40.2873,-16.5971],[-40.2755,-16.5737],[-40.2754,-16.5736],[-40.2611,-16.5742],[-40.2543,-16.569],[-40.2466,-16.5731],[-40.2455,-16.5665],[-40.2363,-16.5636],[-40.2346,-16.5581],[-40.2116,-16.5727],[-40.2015,-16.5746],[-40.198,-16.5698],[-40.1898,-16.5705],[-40.1737,-16.5821],[-40.1713,-16.5767],[-40.1595,-16.5799],[-40.1589,-16.5753],[-40.1606,-16.5715],[-40.1547,-16.5624],[-40.161,-16.5581],[-40.1612,-16.5438],[-40.1691,-16.5386],[-40.1745,-16.5374],[-40.1698,-16.5331],[-40.1708,-16.5237],[-40.1675,-16.5207],[-40.1623,-16.5239],[-40.1581,-16.5133],[-40.1357,-16.4892],[-40.1203,-16.4661],[-40.1154,-16.4651],[-40.1129,-16.4523],[-40.1029,-16.4365],[-40.0993,-16.4227],[-40.0956,-16.4215],[-40.0919,-16.4341],[-40.0961,-16.4483],[-40.088,-16.4517],[-40.0836,-16.4635],[-40.0654,-16.4571],[-40.0611,-16.4396],[-40.0623,-16.4315],[-40.0529,-16.4322],[-40.0406,-16.4114],[-40.0415,-16.4052],[-40.0321,-16.3915],[-40.0248,-16.3569],[-40.0171,-16.3476],[-40.0111,-16.3458],[-40.0109,-16.3397],[-39.9963,-16.3317],[-39.9913,-16.3132],[-39.9844,-16.3114],[-39.978,-16.3107],[-39.979,-16.3164],[-39.9719,-16.3173],[-39.9703,-16.3265],[-39.9663,-16.3267],[-39.9601,-16.3214],[-39.9585,-16.3166],[-39.9539,-16.2996],[-39.9407,-16.2926],[-39.9333,-16.2882],[-39.9323,-16.2831],[-39.9163,-16.2834],[-39.9042,-16.2847],[-39.8971,-16.2778],[-39.8883,-16.244],[-39.8745,-16.2494]]]}},{"type":"Feature","properties":{"nome":"Heliópolis","cod":"2911857","uf":"BA"},"geometry":{"type":"Polygon","coordinates":[[[-38.3029,-10.8322],[-38.377,-10.8739],[-38.3743,-10.7855],[-38.3739,-10.7729],[-38.3723,-10.722],[-38.3708,-10.6739],[-38.3697,-10.6402],[-38.3415,-10.6423],[-38.3413,-10.6423],[-38.3285,-10.6452],[-38.3224,-10.6466],[-38.3177,-10.6476],[-38.2999,-10.6517],[-38.2713,-10.6743],[-38.2565,-10.6941],[-38.2452,-10.7091],[-38.2374,-10.7092],[-38.1986,-10.7106],[-38.2104,-10.7168],[-38.2151,-10.7246],[-38.2178,-10.7358],[-38.2171,-10.7378],[-38.21,-10.7561],[-38.21,-10.7562],[-38.2181,-10.7821],[-38.2327,-10.7927],[-38.2441,-10.7991],[-38.2997,-10.8304],[-38.3029,-10.8322]]]}},{"type":"Feature","properties":{"nome":"Iaçu","cod":"2911907","uf":"BA"},"geometry":{"type":"Polygon","coordinates":[[[-39.8516,-12.5128],[-39.8311,-12.5344],[-39.8049,-12.5354],[-39.7986,-12.5523],[-39.7925,-12.5594],[-39.7892,-12.5592],[-39.7919,-12.6068],[-39.7959,-12.6771],[-39.7977,-12.7038],[-39.825,-12.7612],[-39.8712,-12.8586],[-39.8733,-12.859],[-39.8787,-12.8621],[-39.9006,-12.8749],[-39.9954,-12.9597],[-39.9987,-12.9653],[-40.0079,-12.9673],[-40.0256,-12.9812],[-40.0422,-12.9862],[-40.0528,-12.9847],[-40.0661,-12.9902],[-40.0977,-12.9856],[-40.1113,-12.9882],[-40.122,-12.9889],[-40.1341,-12.9814],[-40.1449,-12.9823],[-40.168,-13.0205],[-40.1693,-13.0227],[-40.1699,-13.0238],[-40.2738,-13.0544],[-40.2938,-13.0603],[-40.3681,-13.0822],[-40.4116,-13.095],[-40.4274,-13.0617],[-40.4359,-13.0563],[-40.437,-13.046],[-40.4514,-13.0352],[-40.4567,-13.0146],[-40.4718,-12.9994],[-40.4774,-12.9805],[-40.4881,-12.9484],[-40.4877,-12.9453],[-40.4827,-12.944],[-40.4793,-12.9416],[-40.4642,-12.9516],[-40.447,-12.9382],[-40.4406,-12.9279],[-40.4272,-12.9223],[-40.421,-12.8879],[-40.4023,-12.8813],[-40.3916,-12.8682],[-40.3836,-12.8649],[-40.382,-12.8555],[-40.3905,-12.8549],[-40.3907,-12.8502],[-40.3768,-12.8245],[-40.3713,-12.8017],[-40.3636,-12.7944],[-40.3561,-12.7913],[-40.3523,-12.792],[-40.3438,-12.7694],[-40.3368,-12.7705],[-40.3254,-12.7625],[-40.322,-12.7559],[-40.3106,-12.7536],[-40.308,-12.7477],[-40.3015,-12.7505],[-40.2865,-12.7481],[-40.2704,-12.7564],[-40.2676,-12.7519],[-40.2581,-12.759],[-40.2531,-12.7553],[-40.2408,-12.7626],[-40.2301,-12.7643],[-40.2201,-12.764],[-40.2169,-12.7673],[-40.2145,-12.7639],[-40.2129,-12.7591],[-40.2108,-12.7532],[-40.1965,-12.7498],[-40.1835,-12.7335],[-40.1812,-12.6977],[-40.1624,-12.6947],[-40.1537,-12.6984],[-40.1354,-12.6861],[-40.1306,-12.691],[-40.1259,-12.6886],[-40.1181,-12.6849],[-40.094,-12.6429],[-40.0545,-12.6107],[-40.0517,-12.5971],[-40.0552,-12.5845],[-40.0439,-12.5647],[-40.0401,-12.5612],[-40.024,-12.5623],[-40.0128,-12.573],[-40.0052,-12.568],[-40.0029,-12.5581],[-39.9777,-12.5618],[-39.96,-12.5605],[-39.951,-12.5576],[-39.9467,-12.5518],[-39.936,-12.5503],[-39.9349,-12.5402],[-39.9286,-12.5332],[-39.9281,-12.5224],[-39.9088,-12.518],[-39.9032,-12.5238],[-39.8956,-12.5242],[-39.8821,-12.5168],[-39.8516,-12.5128]]]}},{"type":"Feature","properties":{"nome":"Ibiassucê","cod":"2912004","uf":"BA"},"geometry":{"type":"Polygon","coordinates":[[[-42.3252,-14.17],[-42.318,-14.1794],[-42.3085,-14.177],[-42.3081,-14.1729],[-42.3032,-14.1736],[-42.3001,-14.1787],[-42.3017,-14.1837],[-42.2955,-14.1878],[-42.2887,-14.1843],[-42.2868,-14.1795],[-42.29,-14.1776],[-42.2845,-14.176],[-42.2834,-14.1795],[-42.2734,-14.1829],[-42.2605,-14.184],[-42.2576,-14.1948],[-42.2543,-14.1918],[-42.2495,-14.1952],[-42.2449,-14.1903],[-42.2409,-14.1965],[-42.2389,-14.1999],[-42.2339,-14.1993],[-42.2117,-14.2291],[-42.1861,-14.2634],[-42.1894,-14.2717],[-42.2097,-14.3236],[-42.2306,-14.3769],[-42.2365,-14.3759],[-42.2773,-14.3687],[-42.3228,-14.3607],[-42.3416,-14.3541],[-42.3845,-14.3389],[-42.3939,-14.3356],[-42.4239,-14.325],[-42.4158,-14.318],[-42.4159,-14.3179],[-42.4299,-14.3036],[-42.3989,-14.2642],[-42.3815,-14.2422],[-42.3459,-14.1971],[-42.3462,-14.1953],[-42.3464,-14.1943],[-42.3435,-14.1839],[-42.3342,-14.1844],[-42.3338,-14.1811],[-42.3278,-14.1796],[-42.3252,-14.17]]]}},{"type":"Feature","properties":{"nome":"Ibicaraí","cod":"2912103","uf":"BA"},"geometry":{"type":"Polygon","coordinates":[[[-39.596,-14.8032],[-39.5872,-14.8081],[-39.5891,-14.8013],[-39.5729,-14.8028],[-39.5299,-14.8066],[-39.5278,-14.8068],[-39.4837,-14.8103],[-39.4748,-14.834],[-39.4768,-14.8519],[-39.4722,-14.8724],[-39.473,-14.8802],[-39.4719,-14.8833],[-39.4723,-14.8925],[-39.4887,-14.8949],[-39.4973,-14.9118],[-39.5067,-14.9077],[-39.5069,-14.8968],[-39.515,-14.8956],[-39.5214,-14.8933],[-39.5304,-14.8969],[-39.5345,-14.8983],[-39.536,-14.9109],[-39.5521,-14.9147],[-39.5562,-14.9197],[-39.5669,-14.9163],[-39.5668,-14.905],[-39.5774,-14.9035],[-39.5841,-14.8982],[-39.5951,-14.9032],[-39.6028,-14.9011],[-39.6078,-14.9068],[-39.619,-14.9072],[-39.6188,-14.9178],[-39.6225,-14.9198],[-39.6231,-14.9257],[-39.6395,-14.9249],[-39.6384,-14.8589],[-39.6384,-14.8569],[-39.6373,-14.8481],[-39.644,-14.8459],[-39.6492,-14.8104],[-39.6538,-14.8067],[-39.6641,-14.789],[-39.6572,-14.7692],[-39.651,-14.7727],[-39.6289,-14.785],[-39.596,-14.8032]]]}},{"type":"Feature","properties":{"nome":"Ibicoara","cod":"2912202","uf":"BA"},"geometry":{"type":"Polygon","coordinates":[[[-41.3074,-13.3161],[-41.2905,-13.3223],[-41.2789,-13.3179],[-41.25,-13.307],[-41.2052,-13.2903],[-41.1907,-13.2848],[-41.1596,-13.2731],[-41.1407,-13.2973],[-41.1308,-13.2922],[-41.1256,-13.2846],[-41.1048,-13.2909],[-41.1068,-13.3024],[-41.1039,-13.3165],[-41.1147,-13.3222],[-41.116,-13.3368],[-41.1252,-13.3295],[-41.1281,-13.3384],[-41.1263,-13.3483],[-41.129,-13.3603],[-41.1541,-13.3744],[-41.1547,-13.3891],[-41.1596,-13.4012],[-41.178,-13.4055],[-41.1795,-13.4027],[-41.1861,-13.4031],[-41.1957,-13.4143],[-41.2142,-13.4202],[-41.214,-13.4259],[-41.2243,-13.4281],[-41.2285,-13.4249],[-41.2326,-13.4283],[-41.2317,-13.434],[-41.2354,-13.4589],[-41.26,-13.4652],[-41.2601,-13.4653],[-41.3035,-13.4764],[-41.3518,-13.4888],[-41.3551,-13.4897],[-41.4496,-13.5135],[-41.4496,-13.5135],[-41.4764,-13.5201],[-41.4778,-13.5166],[-41.5052,-13.4477],[-41.5081,-13.4453],[-41.5114,-13.4495],[-41.5189,-13.4494],[-41.5336,-13.4431],[-41.5389,-13.454],[-41.5536,-13.4473],[-41.5624,-13.452],[-41.5699,-13.4512],[-41.5782,-13.4614],[-41.5776,-13.4711],[-41.5955,-13.4802],[-41.6002,-13.4745],[-41.6015,-13.4679],[-41.5987,-13.4654],[-41.603,-13.4579],[-41.5984,-13.4551],[-41.5968,-13.4464],[-41.6018,-13.439],[-41.6064,-13.4398],[-41.6113,-13.4279],[-41.6053,-13.4248],[-41.5963,-13.4239],[-41.5915,-13.4179],[-41.57,-13.4108],[-41.5511,-13.4097],[-41.5475,-13.4255],[-41.5153,-13.4122],[-41.5152,-13.4122],[-41.4459,-13.3833],[-41.4458,-13.3822],[-41.4452,-13.3692],[-41.4393,-13.3572],[-41.437,-13.3282],[-41.444,-13.3061],[-41.4538,-13.2952],[-41.4538,-13.2624],[-41.447,-13.2513],[-41.4155,-13.2458],[-41.3991,-13.2247],[-41.3898,-13.2631],[-41.3826,-13.2712],[-41.3705,-13.2768],[-41.3491,-13.2811],[-41.341,-13.2908],[-41.3344,-13.2981],[-41.3225,-13.3009],[-41.3074,-13.3161]]]}},{"type":"Feature","properties":{"nome":"Ibicuí","cod":"2912301","uf":"BA"},"geometry":{"type":"Polygon","coordinates":[[[-39.7808,-14.3485],[-39.7652,-14.3584],[-39.7406,-14.3469],[-39.7458,-14.3698],[-39.7201,-14.3751],[-39.7192,-14.3702],[-39.7276,-14.3653],[-39.7253,-14.3614],[-39.7193,-14.3601],[-39.715,-14.3685],[-39.7074,-14.3643],[-39.6964,-14.3687],[-39.7024,-14.3843],[-39.7094,-14.394],[-39.7083,-14.3969],[-39.7124,-14.3999],[-39.7115,-14.4047],[-39.7161,-14.4118],[-39.7115,-14.416],[-39.7127,-14.4201],[-39.7064,-14.4232],[-39.7072,-14.4295],[-39.7037,-14.4345],[-39.7119,-14.4635],[-39.7127,-14.47],[-39.7166,-14.4717],[-39.7175,-14.4837],[-39.7248,-14.4885],[-39.7314,-14.5146],[-39.7293,-14.5326],[-39.7341,-14.5545],[-39.7278,-14.5598],[-39.7274,-14.5666],[-39.7182,-14.5691],[-39.7179,-14.5734],[-39.7157,-14.5788],[-39.7232,-14.5915],[-39.7192,-14.6017],[-39.7228,-14.6165],[-39.7294,-14.6202],[-39.731,-14.6254],[-39.7294,-14.6377],[-39.7371,-14.6474],[-39.7367,-14.6522],[-39.7457,-14.6576],[-39.7432,-14.6629],[-39.7458,-14.6658],[-39.752,-14.6845],[-39.7512,-14.6951],[-39.7559,-14.699],[-39.7584,-14.712],[-39.7494,-14.7184],[-39.7534,-14.7349],[-39.7485,-14.7409],[-39.7494,-14.7496],[-39.7543,-14.7589],[-39.7603,-14.7605],[-39.7596,-14.7505],[-39.7707,-14.7399],[-39.7702,-14.7336],[-39.7765,-14.7329],[-39.7893,-14.7306],[-39.7968,-14.7445],[-39.8107,-14.7469],[-39.8147,-14.7523],[-39.8251,-14.7566],[-39.8358,-14.7785],[-39.8369,-14.7795],[-39.84,-14.7779],[-39.8575,-14.7868],[-39.8683,-14.7886],[-39.8748,-14.815],[-39.8766,-14.8145],[-39.883,-14.8147],[-39.8845,-14.8186],[-39.895,-14.8184],[-39.8985,-14.8215],[-39.9038,-14.813],[-39.911,-14.8116],[-39.9148,-14.8332],[-39.9219,-14.8341],[-39.9214,-14.8433],[-39.9371,-14.8469],[-39.9377,-14.847],[-39.944,-14.8657],[-39.939,-14.8756],[-39.9498,-14.9191],[-39.9546,-14.9226],[-39.9547,-14.9282],[-39.9698,-14.9557],[-39.9777,-14.9554],[-39.981,-14.9507],[-40.0027,-14.95],[-40.0279,-14.9588],[-40.0292,-14.9582],[-40.0368,-14.9581],[-40.0452,-14.9528],[-40.0374,-14.9324],[-40.0391,-14.9236],[-40.036,-14.9172],[-40.037,-14.8917],[-40.0445,-14.8715],[-40.0431,-14.8627],[-40.0331,-14.8379],[-40.0349,-14.828],[-40.0251,-14.8205],[-40.0233,-14.8086],[-40.0186,-14.7998],[-40.0131,-14.7877],[-40.0322,-14.7565],[-40.0348,-14.7407],[-40.0441,-14.7376],[-40.0418,-14.731],[-40.0379,-14.7246],[-40.039,-14.7197],[-40.0292,-14.7106],[-40.0244,-14.7008],[-40.022,-14.6872],[-40.0044,-14.6838],[-39.9977,-14.6726],[-39.9943,-14.6708],[-39.9896,-14.6761],[-39.9872,-14.6734],[-39.9715,-14.6732],[-39.9619,-14.6793],[-39.9503,-14.667],[-39.9424,-14.6707],[-39.9442,-14.6795],[-39.9405,-14.6851],[-39.9284,-14.6825],[-39.9256,-14.6851],[-39.9203,-14.681],[-39.9178,-14.6701],[-39.911,-14.6772],[-39.9099,-14.6686],[-39.8999,-14.6687],[-39.8998,-14.6581],[-39.8951,-14.6511],[-39.8999,-14.6472],[-39.8994,-14.6412],[-39.8942,-14.6323],[-39.8882,-14.6304],[-39.8824,-14.6076],[-39.8731,-14.5911],[-39.8715,-14.5891],[-39.9059,-14.549],[-39.9146,-14.5387],[-39.963,-14.4829],[-39.9597,-14.478],[-39.9568,-14.47],[-39.9516,-14.4666],[-39.9452,-14.4772],[-39.9435,-14.4794],[-39.9409,-14.4769],[-39.9258,-14.4662],[-39.919,-14.4675],[-39.9079,-14.4468],[-39.9033,-14.4375],[-39.8991,-14.4341],[-39.8924,-14.4334],[-39.8875,-14.4373],[-39.8826,-14.433],[-39.879,-14.4348],[-39.8734,-14.4319],[-39.8676,-14.4442],[-39.8579,-14.4421],[-39.8609,-14.4465],[-39.8575,-14.4515],[-39.8509,-14.4502],[-39.8526,-14.4472],[-39.8454,-14.4425],[-39.8452,-14.436],[-39.8373,-14.4423],[-39.833,-14.433],[-39.829,-14.4318],[-39.8331,-14.4288],[-39.8295,-14.4198],[-39.8328,-14.3947],[-39.8272,-14.3936],[-39.8236,-14.3826],[-39.8228,-14.3795],[-39.8191,-14.3822],[-39.816,-14.3752],[-39.812,-14.3749],[-39.8129,-14.3662],[-39.8043,-14.3671],[-39.7943,-14.3591],[-39.7898,-14.3498],[-39.7808,-14.3485]]]}},{"type":"Feature","properties":{"nome":"Ibipeba","cod":"2912400","uf":"BA"},"geometry":{"type":"Polygon","coordinates":[[[-42.2292,-11.2827],[-42.2239,-11.3046],[-42.2131,-11.314],[-42.2007,-11.3307],[-42.1945,-11.3415],[-42.1802,-11.347],[-42.1834,-11.3632],[-42.1723,-11.3811],[-42.176,-11.3853],[-42.1758,-11.3917],[-42.1743,-11.4006],[-42.1592,-11.4078],[-42.1563,-11.4371],[-42.1606,-11.4518],[-42.1694,-11.4555],[-42.1641,-11.4783],[-42.1296,-11.4922],[-42.1244,-11.5033],[-42.0893,-11.5199],[-42.08,-11.5444],[-42.0797,-11.5547],[-42.045,-11.5499],[-42.0441,-11.5498],[-42.0049,-11.6073],[-41.9994,-11.6152],[-41.9827,-11.6397],[-41.9826,-11.6399],[-41.9708,-11.6571],[-41.9246,-11.7248],[-41.9031,-11.7563],[-41.9065,-11.7552],[-41.9169,-11.7624],[-41.9169,-11.7637],[-41.9144,-11.7659],[-41.9202,-11.7741],[-41.9281,-11.7798],[-41.9327,-11.7793],[-41.933,-11.7845],[-41.9377,-11.788],[-41.9362,-11.7944],[-41.943,-11.7933],[-41.9437,-11.8063],[-41.955,-11.8007],[-41.9574,-11.8051],[-41.9626,-11.803],[-41.9839,-11.7948],[-41.9876,-11.8021],[-41.9932,-11.7969],[-42.0381,-11.8134],[-42.0375,-11.813],[-41.966,-11.7614],[-42.0104,-11.7561],[-42.0402,-11.7526],[-42.0618,-11.75],[-42.136,-11.7411],[-42.1565,-11.7387],[-42.3601,-11.7142],[-42.3606,-11.7137],[-42.356,-11.7043],[-42.3528,-11.6979],[-42.3413,-11.6899],[-42.3437,-11.6796],[-42.3549,-11.6756],[-42.353,-11.6572],[-42.3555,-11.6446],[-42.3544,-11.6337],[-42.3488,-11.6298],[-42.3417,-11.6093],[-42.344,-11.6079],[-42.3409,-11.5885],[-42.3261,-11.588],[-42.3315,-11.5833],[-42.3299,-11.571],[-42.341,-11.5427],[-42.3395,-11.5366],[-42.3482,-11.5192],[-42.3618,-11.4802],[-42.3562,-11.4666],[-42.3453,-11.4596],[-42.3335,-11.4542],[-42.3293,-11.4474],[-42.3233,-11.4253],[-42.2994,-11.4035],[-42.3054,-11.3977],[-42.3018,-11.3945],[-42.302,-11.3846],[-42.2956,-11.3817],[-42.2965,-11.367],[-42.3003,-11.361],[-42.2981,-11.3483],[-42.3059,-11.3443],[-42.3031,-11.3378],[-42.2957,-11.3388],[-42.3016,-11.3329],[-42.308,-11.3335],[-42.3046,-11.33],[-42.3143,-11.3033],[-42.3279,-11.3118],[-42.3368,-11.2996],[-42.337,-11.295],[-42.3267,-11.2905],[-42.3265,-11.2888],[-42.3263,-11.2887],[-42.2499,-11.2497],[-42.2399,-11.2601],[-42.2394,-11.2608],[-42.2292,-11.2827]]]}},{"type":"Feature","properties":{"nome":"Ibipitanga","cod":"2912509","uf":"BA"},"geometry":{"type":"Polygon","coordinates":[[[-42.4389,-12.6907],[-42.4192,-12.6975],[-42.3977,-12.6961],[-42.37,-12.7119],[-42.3614,-12.7128],[-42.3535,-12.716],[-42.3407,-12.7105],[-42.3204,-12.7135],[-42.3083,-12.7043],[-42.2887,-12.7052],[-42.2761,-12.7113],[-42.2649,-12.7274],[-42.2481,-12.788],[-42.2448,-12.7998],[-42.2454,-12.8093],[-42.2478,-12.8135],[-42.2482,-12.8186],[-42.2417,-12.8239],[-42.2358,-12.8372],[-42.2358,-12.8374],[-42.2307,-12.8528],[-42.2222,-12.8649],[-42.2231,-12.8744],[-42.2083,-12.9212],[-42.2106,-12.9335],[-42.2072,-12.9399],[-42.1994,-12.9439],[-42.1926,-12.9644],[-42.1965,-12.9683],[-42.2039,-12.9656],[-42.2099,-12.9773],[-42.2124,-12.9834],[-42.2238,-12.98],[-42.226,-12.9802],[-42.2318,-12.983],[-42.2432,-12.9781],[-42.2515,-12.9784],[-42.2525,-12.9836],[-42.2578,-12.983],[-42.2579,-12.9892],[-42.2685,-12.9938],[-42.2655,-13.0053],[-42.2825,-13.0192],[-42.289,-13.0337],[-42.2923,-13.0282],[-42.297,-13.0298],[-42.3048,-13.0266],[-42.3167,-13.0361],[-42.3326,-13.0364],[-42.337,-13.0425],[-42.3512,-13.0341],[-42.3579,-13.0352],[-42.3692,-13.0396],[-42.3747,-13.0492],[-42.3808,-13.0487],[-42.3905,-13.042],[-42.3936,-13.033],[-42.4135,-13.0263],[-42.4126,-13.015],[-42.4161,-12.9938],[-42.4215,-12.9881],[-42.4203,-12.984],[-42.4138,-12.9819],[-42.4165,-12.9711],[-42.4272,-12.9655],[-42.4277,-12.9605],[-42.438,-12.9541],[-42.4406,-12.9489],[-42.447,-12.9459],[-42.4536,-12.9494],[-42.4578,-12.9414],[-42.4496,-12.934],[-42.4484,-12.9275],[-42.458,-12.9263],[-42.4613,-12.9142],[-42.4851,-12.9032],[-42.4909,-12.897],[-42.4894,-12.8885],[-42.4894,-12.8874],[-42.4947,-12.8825],[-42.4922,-12.875],[-42.492,-12.8698],[-42.5007,-12.8695],[-42.5028,-12.8627],[-42.4978,-12.8539],[-42.5103,-12.8417],[-42.5197,-12.8379],[-42.5295,-12.8228],[-42.5224,-12.8021],[-42.5172,-12.7979],[-42.5116,-12.7765],[-42.5037,-12.7765],[-42.4951,-12.768],[-42.5009,-12.7632],[-42.5014,-12.7549],[-42.501,-12.7478],[-42.4946,-12.7418],[-42.4955,-12.7395],[-42.5053,-12.7366],[-42.5171,-12.7112],[-42.5122,-12.7106],[-42.503,-12.7164],[-42.4957,-12.7115],[-42.4822,-12.7123],[-42.4739,-12.7083],[-42.4679,-12.6966],[-42.4583,-12.695],[-42.4504,-12.6868],[-42.4389,-12.6907]]]}},{"type":"Feature","properties":{"nome":"Ibiquera","cod":"2912608","uf":"BA"},"geometry":{"type":"Polygon","coordinates":[[[-40.7089,-12.6657],[-40.7072,-12.7692],[-40.8225,-12.7683],[-40.8442,-12.7682],[-40.9724,-12.7672],[-40.9726,-12.6948],[-40.9726,-12.6946],[-40.9729,-12.5726],[-40.9734,-12.4858],[-40.9742,-12.4511],[-40.8822,-12.4495],[-40.8822,-12.4495],[-40.7977,-12.448],[-40.7742,-12.4475],[-40.7112,-12.4464],[-40.7113,-12.4805],[-40.7099,-12.5978],[-40.7089,-12.6657]]]}},{"type":"Feature","properties":{"nome":"Ibirapitanga","cod":"2912707","uf":"BA"},"geometry":{"type":"Polygon","coordinates":[[[-39.4482,-13.8925],[-39.4439,-13.8951],[-39.4353,-13.8933],[-39.4322,-13.9019],[-39.4212,-13.9058],[-39.4121,-13.8886],[-39.4045,-13.8918],[-39.4032,-13.905],[-39.3965,-13.9095],[-39.3774,-13.9017],[-39.3724,-13.9026],[-39.3723,-13.9026],[-39.3717,-13.9024],[-39.3684,-13.8987],[-39.358,-13.9031],[-39.353,-13.9015],[-39.3814,-13.9599],[-39.3859,-13.9629],[-39.3844,-13.9746],[-39.3906,-13.9829],[-39.3914,-13.991],[-39.4035,-13.9864],[-39.4045,-13.9994],[-39.4061,-14.0069],[-39.4127,-14.0089],[-39.4049,-14.0149],[-39.4043,-14.0237],[-39.3977,-14.0246],[-39.3944,-14.0217],[-39.3912,-14.0276],[-39.3827,-14.0271],[-39.3843,-14.0359],[-39.3805,-14.0308],[-39.3734,-14.0319],[-39.372,-14.0357],[-39.3759,-14.0403],[-39.3688,-14.0492],[-39.3553,-14.0459],[-39.3543,-14.0463],[-39.3479,-14.0491],[-39.3483,-14.0638],[-39.3424,-14.0648],[-39.3406,-14.068],[-39.3448,-14.0689],[-39.3415,-14.0712],[-39.3409,-14.0801],[-39.3353,-14.0817],[-39.3304,-14.0891],[-39.3313,-14.0957],[-39.3372,-14.1076],[-39.342,-14.104],[-39.3432,-14.1129],[-39.3495,-14.1154],[-39.3476,-14.1211],[-39.3466,-14.1189],[-39.3431,-14.1228],[-39.3504,-14.1421],[-39.3461,-14.1482],[-39.3479,-14.1494],[-39.3653,-14.1611],[-39.3774,-14.1692],[-39.3984,-14.1814],[-39.4034,-14.1838],[-39.4443,-14.2026],[-39.4471,-14.2161],[-39.4451,-14.2275],[-39.441,-14.2285],[-39.4436,-14.2411],[-39.4603,-14.2314],[-39.4657,-14.2289],[-39.4791,-14.2334],[-39.4876,-14.24],[-39.4951,-14.2389],[-39.5024,-14.2315],[-39.5147,-14.2195],[-39.5146,-14.2104],[-39.5016,-14.1763],[-39.4938,-14.1692],[-39.4901,-14.1543],[-39.4909,-14.1398],[-39.4853,-14.1212],[-39.4747,-14.1162],[-39.4696,-14.1095],[-39.4718,-14.1062],[-39.4778,-14.0935],[-39.4851,-14.0887],[-39.4852,-14.0462],[-39.4854,-13.9882],[-39.4854,-13.9882],[-39.4858,-13.9415],[-39.4859,-13.9299],[-39.4863,-13.88],[-39.4862,-13.88],[-39.4692,-13.8769],[-39.4482,-13.8925]]]}},{"type":"Feature","properties":{"nome":"Ibirapuã","cod":"2912806","uf":"BA"},"geometry":{"type":"Polygon","coordinates":[[[-40.1445,-17.6227],[-40.1446,-17.6318],[-40.1381,-17.6348],[-40.133,-17.6332],[-40.1294,-17.6382],[-40.1204,-17.6405],[-40.0372,-17.6301],[-40.0304,-17.6293],[-40.01,-17.66],[-39.9946,-17.6597],[-39.9863,-17.6644],[-39.9706,-17.6625],[-39.9607,-17.6675],[-39.9532,-17.6659],[-39.9337,-17.6707],[-39.9191,-17.6782],[-39.9005,-17.6869],[-39.8985,-17.6936],[-39.8906,-17.6995],[-39.8899,-17.7161],[-39.8811,-17.7221],[-39.8744,-17.7395],[-39.8625,-17.751],[-39.8553,-17.7634],[-39.8425,-17.7647],[-39.8327,-17.7577],[-39.8241,-17.7573],[-39.8056,-17.7437],[-39.7982,-17.7443],[-39.7929,-17.7437],[-39.7759,-17.752],[-39.763,-17.7491],[-39.7593,-17.7483],[-39.7328,-17.7662],[-39.713,-17.773],[-39.7194,-17.7771],[-39.735,-17.7766],[-39.7499,-17.7837],[-39.7728,-17.798],[-39.7762,-17.808],[-39.7867,-17.8119],[-39.7869,-17.8118],[-39.7955,-17.8144],[-39.8239,-17.8266],[-39.8451,-17.8223],[-39.8545,-17.8242],[-39.8744,-17.8422],[-39.8882,-17.8482],[-39.8973,-17.8459],[-39.9007,-17.8429],[-39.92,-17.8441],[-39.9257,-17.8412],[-39.9431,-17.8463],[-39.9551,-17.8331],[-39.9641,-17.8347],[-39.9752,-17.8301],[-39.9834,-17.8334],[-39.9924,-17.8284],[-40.0022,-17.8321],[-40.0033,-17.8327],[-40.0094,-17.834],[-40.0288,-17.8492],[-40.0419,-17.85],[-40.0485,-17.856],[-40.0676,-17.849],[-40.08,-17.8274],[-40.0984,-17.8194],[-40.1049,-17.8092],[-40.117,-17.8058],[-40.1225,-17.7994],[-40.122,-17.7927],[-40.1219,-17.7879],[-40.1458,-17.7869],[-40.164,-17.774],[-40.1724,-17.7751],[-40.2001,-17.7364],[-40.2106,-17.7304],[-40.2236,-17.7336],[-40.2239,-17.7305],[-40.2314,-17.7278],[-40.2316,-17.7242],[-40.2285,-17.7162],[-40.2369,-17.7044],[-40.2357,-17.6978],[-40.2431,-17.6855],[-40.2486,-17.6824],[-40.2529,-17.6714],[-40.2341,-17.6493],[-40.2151,-17.6538],[-40.2088,-17.6437],[-40.1968,-17.6339],[-40.1879,-17.6346],[-40.1785,-17.6294],[-40.1695,-17.63],[-40.1615,-17.6248],[-40.1511,-17.6258],[-40.1445,-17.6227]]]}},{"type":"Feature","properties":{"nome":"Ibirataia","cod":"2912905","uf":"BA"},"geometry":{"type":"Polygon","coordinates":[[[-39.6646,-13.8734],[-39.6495,-13.8741],[-39.6494,-13.874],[-39.6451,-13.8668],[-39.6384,-13.8642],[-39.6298,-13.868],[-39.6224,-13.8573],[-39.6138,-13.8585],[-39.6132,-13.8615],[-39.6071,-13.8593],[-39.6026,-13.8628],[-39.601,-13.8643],[-39.5956,-13.8649],[-39.5917,-13.8713],[-39.5958,-13.8803],[-39.5961,-13.9182],[-39.5963,-13.9449],[-39.6003,-13.9451],[-39.6075,-13.9527],[-39.6125,-13.9633],[-39.6093,-13.9688],[-39.6127,-13.9703],[-39.6188,-13.9687],[-39.6223,-13.9634],[-39.629,-13.9639],[-39.6175,-13.9792],[-39.6184,-13.986],[-39.6103,-14.0035],[-39.5977,-14.0085],[-39.591,-14.0067],[-39.5863,-14.0117],[-39.5912,-14.0189],[-39.5844,-14.0271],[-39.5896,-14.0361],[-39.6057,-14.047],[-39.6086,-14.0561],[-39.5964,-14.0789],[-39.6001,-14.087],[-39.5974,-14.0929],[-39.6021,-14.0954],[-39.6025,-14.1004],[-39.61,-14.1004],[-39.6076,-14.1114],[-39.6141,-14.1171],[-39.6482,-14.0936],[-39.6495,-14.0927],[-39.6674,-14.078],[-39.6685,-14.0588],[-39.6619,-14.0555],[-39.6584,-14.0429],[-39.6477,-14.0373],[-39.6387,-14.0156],[-39.7005,-13.9859],[-39.7094,-13.9794],[-39.7121,-13.9459],[-39.7101,-13.9305],[-39.7043,-13.9232],[-39.7047,-13.9185],[-39.7011,-13.9079],[-39.694,-13.8921],[-39.6963,-13.8879],[-39.6842,-13.8833],[-39.67,-13.8593],[-39.6646,-13.8606],[-39.6646,-13.8734]]]}},{"type":"Feature","properties":{"nome":"Ibitiara","cod":"2913002","uf":"BA"},"geometry":{"type":"Polygon","coordinates":[[[-42.1753,-12.3827],[-42.1598,-12.3895],[-42.1499,-12.3885],[-42.1418,-12.4065],[-42.1306,-12.4061],[-42.1262,-12.4135],[-42.1208,-12.4157],[-42.1143,-12.4144],[-42.115,-12.4058],[-42.1092,-12.4004],[-42.109,-12.4002],[-42.107,-12.3987],[-42.0982,-12.4087],[-42.085,-12.4114],[-42.0795,-12.416],[-42.0806,-12.441],[-42.0652,-12.4404],[-42.0548,-12.4356],[-42.0496,-12.4495],[-42.0413,-12.4525],[-42.0278,-12.4752],[-42.0153,-12.5015],[-42.0145,-12.5134],[-42.0094,-12.5152],[-42.0057,-12.5265],[-42.0071,-12.5347],[-42.007,-12.5679],[-42.0053,-12.5723],[-41.9975,-12.5764],[-41.995,-12.5848],[-42.004,-12.5953],[-42.0264,-12.5963],[-42.0301,-12.6113],[-42.0307,-12.6462],[-42.027,-12.6619],[-42.0306,-12.6845],[-42.0252,-12.6891],[-42.0186,-12.7236],[-42.0628,-12.726],[-42.0888,-12.7262],[-42.1212,-12.7264],[-42.1663,-12.7267],[-42.2049,-12.727],[-42.2524,-12.7273],[-42.2649,-12.7274],[-42.2761,-12.7113],[-42.2887,-12.7052],[-42.3083,-12.7043],[-42.3204,-12.7135],[-42.3407,-12.7105],[-42.3535,-12.716],[-42.3614,-12.7128],[-42.37,-12.7119],[-42.3977,-12.6961],[-42.4192,-12.6975],[-42.4389,-12.6907],[-42.4504,-12.6868],[-42.4583,-12.695],[-42.4679,-12.6966],[-42.4739,-12.7083],[-42.4822,-12.7123],[-42.4957,-12.7115],[-42.503,-12.7164],[-42.5122,-12.7106],[-42.5171,-12.7112],[-42.5202,-12.6991],[-42.5291,-12.6913],[-42.5377,-12.6991],[-42.5512,-12.6871],[-42.569,-12.6868],[-42.5808,-12.691],[-42.5841,-12.6826],[-42.5806,-12.6737],[-42.5823,-12.6637],[-42.6027,-12.6589],[-42.6102,-12.6479],[-42.6106,-12.6366],[-42.6273,-12.6274],[-42.6237,-12.6056],[-42.6283,-12.6002],[-42.6287,-12.5933],[-42.6378,-12.5942],[-42.6372,-12.5847],[-42.6371,-12.5841],[-42.6363,-12.5779],[-42.642,-12.5744],[-42.6415,-12.5652],[-42.645,-12.56],[-42.6496,-12.541],[-42.6548,-12.5329],[-42.6555,-12.5186],[-42.6396,-12.5123],[-42.6393,-12.5004],[-42.6338,-12.5041],[-42.6265,-12.5028],[-42.6164,-12.5059],[-42.6062,-12.5129],[-42.5907,-12.5096],[-42.5803,-12.5284],[-42.5647,-12.5288],[-42.5607,-12.5335],[-42.544,-12.5394],[-42.5328,-12.5463],[-42.5296,-12.5444],[-42.5188,-12.5391],[-42.5138,-12.5406],[-42.5127,-12.5444],[-42.484,-12.5411],[-42.4772,-12.5308],[-42.4707,-12.5289],[-42.4689,-12.5222],[-42.46,-12.5196],[-42.4596,-12.5168],[-42.4535,-12.5179],[-42.4519,-12.5119],[-42.4419,-12.5058],[-42.428,-12.5028],[-42.4245,-12.4968],[-42.4116,-12.4944],[-42.4036,-12.4894],[-42.3944,-12.4909],[-42.3926,-12.4848],[-42.388,-12.4822],[-42.3727,-12.4802],[-42.3695,-12.4834],[-42.3701,-12.4579],[-42.3535,-12.4166],[-42.3328,-12.4069],[-42.3125,-12.4069],[-42.3122,-12.407],[-42.3001,-12.4035],[-42.2693,-12.4127],[-42.2577,-12.4092],[-42.25,-12.4003],[-42.2491,-12.3896],[-42.2183,-12.3866],[-42.1753,-12.3827]]]}},{"type":"Feature","properties":{"nome":"Ibititá","cod":"2913101","uf":"BA"},"geometry":{"type":"Polygon","coordinates":[[[-41.757,-11.6678],[-41.762,-11.6737],[-41.7673,-11.6715],[-41.7637,-11.6788],[-41.7668,-11.6814],[-41.7701,-11.6782],[-41.7704,-11.678],[-41.774,-11.6827],[-41.7765,-11.6817],[-41.7794,-11.6796],[-41.7847,-11.6872],[-41.7882,-11.6836],[-41.7959,-11.6914],[-41.7991,-11.6884],[-41.7979,-11.6842],[-41.8019,-11.6868],[-41.8038,-11.6835],[-41.8098,-11.6849],[-41.8127,-11.6822],[-41.8227,-11.6915],[-41.8325,-11.6894],[-41.8344,-11.692],[-41.835,-11.697],[-41.8394,-11.6951],[-41.8469,-11.6998],[-41.855,-11.6992],[-41.8608,-11.7049],[-41.8606,-11.7091],[-41.8613,-11.7096],[-41.8671,-11.7104],[-41.8647,-11.7142],[-41.8711,-11.7137],[-41.8693,-11.7179],[-41.8738,-11.7249],[-41.8724,-11.7306],[-41.8755,-11.7351],[-41.879,-11.7323],[-41.885,-11.7382],[-41.8864,-11.7452],[-41.891,-11.743],[-41.8894,-11.748],[-41.8944,-11.7495],[-41.8938,-11.7555],[-41.8988,-11.7564],[-41.9031,-11.7563],[-41.9246,-11.7248],[-41.9708,-11.6571],[-41.9826,-11.6399],[-41.9827,-11.6397],[-41.9994,-11.6152],[-42.0049,-11.6073],[-42.0441,-11.5498],[-42.0442,-11.5496],[-42.0216,-11.4874],[-41.9965,-11.4185],[-41.99,-11.4006],[-41.9863,-11.3905],[-41.9826,-11.3804],[-41.9782,-11.3683],[-41.9398,-11.4137],[-41.9382,-11.4156],[-41.9151,-11.4435],[-41.9142,-11.4444],[-41.875,-11.4913],[-41.8739,-11.4927],[-41.8695,-11.4979],[-41.8414,-11.5404],[-41.8078,-11.5912],[-41.7674,-11.6523],[-41.757,-11.6678]]]}},{"type":"Feature","properties":{"nome":"Ibotirama","cod":"2913200","uf":"BA"},"geometry":{"type":"Polygon","coordinates":[[[-43.2864,-11.5736],[-43.2858,-11.5808],[-43.2903,-11.5833],[-43.2919,-11.5894],[-43.286,-11.6069],[-43.2871,-11.6124],[-43.2779,-11.621],[-43.276,-11.6356],[-43.2796,-11.6386],[-43.2782,-11.6445],[-43.2825,-11.6546],[-43.2789,-11.6511],[-43.2679,-11.6585],[-43.2645,-11.6542],[-43.26,-11.6583],[-43.2601,-11.663],[-43.2543,-11.6639],[-43.2502,-11.6569],[-43.2418,-11.6585],[-43.2261,-11.7839],[-43.215,-11.8021],[-43.2136,-11.8103],[-43.2057,-11.8105],[-43.1933,-11.8049],[-43.1924,-11.8191],[-43.1907,-11.8376],[-43.1845,-11.8433],[-43.192,-11.8447],[-43.1864,-11.864],[-43.1897,-11.8665],[-43.1861,-11.8902],[-43.1795,-11.9083],[-43.0925,-12.0533],[-43.0924,-12.0534],[-42.9962,-12.2126],[-42.991,-12.2155],[-42.9964,-12.2288],[-42.9987,-12.2349],[-42.9878,-12.2326],[-42.9784,-12.237],[-42.9754,-12.2415],[-42.9798,-12.2614],[-42.9635,-12.2701],[-42.9623,-12.2871],[-42.9659,-12.3101],[-42.9547,-12.3148],[-42.945,-12.3082],[-42.9393,-12.3142],[-42.9301,-12.31],[-42.9286,-12.3228],[-42.9315,-12.3318],[-43.0207,-12.3341],[-43.0268,-12.3295],[-43.0368,-12.3311],[-43.058,-12.3495],[-43.074,-12.3377],[-43.0909,-12.3394],[-43.1022,-12.3314],[-43.1107,-12.3308],[-43.1131,-12.327],[-43.1239,-12.3272],[-43.1434,-12.3306],[-43.1514,-12.3352],[-43.1637,-12.3301],[-43.1724,-12.3386],[-43.1901,-12.3315],[-43.1965,-12.3282],[-43.2116,-12.33],[-43.2128,-12.327],[-43.2247,-12.326],[-43.2318,-12.3283],[-43.2529,-12.3878],[-43.261,-12.3621],[-43.2812,-12.3521],[-43.2845,-12.3454],[-43.2853,-12.3131],[-43.2784,-12.2886],[-43.2804,-12.2678],[-43.2604,-12.2331],[-43.2642,-12.2283],[-43.2632,-12.2214],[-43.2543,-12.2115],[-43.239,-12.205],[-43.227,-12.1928],[-43.2256,-12.1871],[-43.2299,-12.1765],[-43.2453,-12.1645],[-43.2503,-12.1607],[-43.2736,-12.1458],[-43.2826,-12.1344],[-43.2912,-12.1073],[-43.2938,-12.0765],[-43.305,-12.0475],[-43.3216,-12.0333],[-43.3289,-12.016],[-43.3412,-12.0157],[-43.359,-11.9684],[-43.3566,-11.9302],[-43.3404,-11.8947],[-43.3294,-11.8869],[-43.3139,-11.8731],[-43.314,-11.8614],[-43.3169,-11.8535],[-43.3152,-11.8426],[-43.3339,-11.8205],[-43.3405,-11.7793],[-43.3433,-11.7783],[-43.346,-11.785],[-43.3507,-11.7785],[-43.3468,-11.7375],[-43.3546,-11.7244],[-43.3629,-11.7192],[-43.3757,-11.6976],[-43.3816,-11.6897],[-43.385,-11.6723],[-43.3724,-11.6193],[-43.3614,-11.5979],[-43.3449,-11.5824],[-43.3337,-11.5796],[-43.3046,-11.5814],[-43.2954,-11.5763],[-43.2881,-11.5504],[-43.2816,-11.5629],[-43.2808,-11.5707],[-43.2837,-11.5732],[-43.2864,-11.5736]]]}},{"type":"Feature","properties":{"nome":"Ichu","cod":"2913309","uf":"BA"},"geometry":{"type":"Polygon","coordinates":[[[-39.1345,-11.6651],[-39.1197,-11.6851],[-39.1038,-11.7065],[-39.0905,-11.7246],[-39.0795,-11.7394],[-39.0651,-11.7589],[-39.1103,-11.7628],[-39.1503,-11.7662],[-39.2248,-11.7726],[-39.2282,-11.7728],[-39.2295,-11.773],[-39.2301,-11.773],[-39.2404,-11.7739],[-39.2408,-11.7739],[-39.2336,-11.7642],[-39.2295,-11.7602],[-39.2307,-11.7554],[-39.2115,-11.7286],[-39.2143,-11.7211],[-39.2033,-11.7067],[-39.1949,-11.7053],[-39.1907,-11.6991],[-39.1906,-11.6989],[-39.1776,-11.6852],[-39.1536,-11.6848],[-39.1557,-11.68],[-39.1516,-11.6762],[-39.157,-11.6616],[-39.1536,-11.6589],[-39.1592,-11.6459],[-39.1583,-11.6328],[-39.1345,-11.6651]]]}},{"type":"Feature","properties":{"nome":"Igaporã","cod":"2913408","uf":"BA"},"geometry":{"type":"Polygon","coordinates":[[[-42.7335,-13.6397],[-42.7282,-13.6426],[-42.7043,-13.6345],[-42.704,-13.6402],[-42.6909,-13.6677],[-42.6906,-13.6749],[-42.6881,-13.6781],[-42.6647,-13.7],[-42.6574,-13.7162],[-42.6578,-13.7259],[-42.6507,-13.7379],[-42.6236,-13.7556],[-42.6187,-13.7597],[-42.6076,-13.7606],[-42.6065,-13.7769],[-42.5929,-13.8071],[-42.5965,-13.8139],[-42.5906,-13.8218],[-42.5886,-13.832],[-42.5822,-13.8358],[-42.5674,-13.8447],[-42.5588,-13.856],[-42.5546,-13.8644],[-42.5524,-13.8837],[-42.529,-13.8971],[-42.5165,-13.9044],[-42.5184,-13.9112],[-42.5141,-13.9176],[-42.56,-13.9411],[-42.6693,-13.9968],[-42.7136,-14.0207],[-42.7172,-14.0227],[-42.7187,-14.0251],[-42.7523,-14.0382],[-42.7633,-14.0466],[-42.795,-14.0371],[-42.7998,-14.0371],[-42.7995,-14.0307],[-42.8062,-14.0281],[-42.813,-14.0185],[-42.8388,-14.0191],[-42.8446,-14.0159],[-42.8584,-14.0192],[-42.8619,-14.0158],[-42.8736,-14.0036],[-42.8892,-13.9975],[-42.8918,-13.9907],[-42.8935,-13.9925],[-42.9023,-13.9862],[-42.9096,-13.9879],[-42.9184,-13.9827],[-42.9214,-13.9755],[-42.9317,-13.9746],[-42.939,-13.9645],[-42.9438,-13.965],[-42.9454,-13.9597],[-42.9511,-13.957],[-42.9427,-13.958],[-42.9339,-13.9538],[-42.9171,-13.9568],[-42.8995,-13.9499],[-42.8962,-13.945],[-42.8859,-13.9482],[-42.8827,-13.9532],[-42.8796,-13.9504],[-42.8769,-13.9546],[-42.8633,-13.9525],[-42.8543,-13.9559],[-42.8445,-13.9657],[-42.8115,-13.9762],[-42.8039,-13.9682],[-42.7904,-13.9403],[-42.7921,-13.9239],[-42.783,-13.9014],[-42.7609,-13.8464],[-42.7489,-13.8129],[-42.7309,-13.763],[-42.7251,-13.7471],[-42.7793,-13.7034],[-42.7686,-13.6833],[-42.7697,-13.6617],[-42.7698,-13.6613],[-42.7705,-13.6554],[-42.7627,-13.6406],[-42.7525,-13.6337],[-42.7378,-13.6314],[-42.7332,-13.6355],[-42.7335,-13.6397]]]}},{"type":"Feature","properties":{"nome":"Igrapiúna","cod":"2913457","uf":"BA"},"geometry":{"type":"Polygon","coordinates":[[[-39.073,-13.7605],[-39.0565,-13.788],[-39.0452,-13.822],[-39.0286,-13.8385],[-39.007,-13.8473],[-38.9894,-13.8491],[-38.977,-13.848],[-38.9691,-13.8425],[-38.9513,-13.8715],[-38.9626,-13.8849],[-38.9859,-13.8955],[-39.0094,-13.8968],[-39.018,-13.909],[-39.0472,-13.9177],[-39.0659,-13.9168],[-39.067,-13.9161],[-39.0793,-13.9022],[-39.0813,-13.8933],[-39.101,-13.8934],[-39.1183,-13.8863],[-39.1253,-13.8862],[-39.1294,-13.8919],[-39.1376,-13.892],[-39.1385,-13.8924],[-39.1426,-13.8915],[-39.1412,-13.8877],[-39.146,-13.888],[-39.1546,-13.8957],[-39.1652,-13.8939],[-39.1749,-13.9005],[-39.1795,-13.8993],[-39.1901,-13.9078],[-39.2043,-13.9364],[-39.2075,-13.9328],[-39.2143,-13.933],[-39.2155,-13.9292],[-39.23,-13.9372],[-39.2344,-13.9337],[-39.2819,-13.9366],[-39.285,-13.9337],[-39.296,-13.9333],[-39.3052,-13.9563],[-39.3038,-13.9652],[-39.3095,-13.9692],[-39.3151,-13.9681],[-39.3259,-13.9534],[-39.3377,-13.9536],[-39.3814,-13.9599],[-39.353,-13.9015],[-39.3467,-13.9017],[-39.3436,-13.8994],[-39.3446,-13.8959],[-39.3509,-13.8783],[-39.3425,-13.8747],[-39.3459,-13.8639],[-39.3418,-13.8589],[-39.3391,-13.8608],[-39.3272,-13.8554],[-39.3237,-13.841],[-39.3191,-13.8395],[-39.3033,-13.8445],[-39.2963,-13.8415],[-39.2817,-13.8452],[-39.2782,-13.8449],[-39.2726,-13.8434],[-39.2635,-13.8394],[-39.2572,-13.8416],[-39.2597,-13.8331],[-39.2528,-13.8121],[-39.248,-13.8159],[-39.2337,-13.8129],[-39.2301,-13.8073],[-39.2156,-13.8095],[-39.2132,-13.8022],[-39.2095,-13.8024],[-39.2096,-13.8058],[-39.1922,-13.8022],[-39.1865,-13.7971],[-39.1854,-13.8004],[-39.181,-13.8003],[-39.1765,-13.7855],[-39.1631,-13.7816],[-39.157,-13.7826],[-39.1593,-13.7775],[-39.1542,-13.774],[-39.1541,-13.774],[-39.1454,-13.7651],[-39.1491,-13.7524],[-39.1383,-13.748],[-39.1381,-13.743],[-39.1361,-13.7333],[-39.1303,-13.7257],[-39.111,-13.7293],[-39.104,-13.7481],[-39.0867,-13.7543],[-39.073,-13.7605]]]}},{"type":"Feature","properties":{"nome":"Iguaí","cod":"2913507","uf":"BA"},"geometry":{"type":"Polygon","coordinates":[[[-40.1658,-14.482],[-40.158,-14.4855],[-40.149,-14.4829],[-40.1382,-14.4858],[-40.1383,-14.4883],[-40.1333,-14.4916],[-40.1318,-14.4884],[-40.1184,-14.4897],[-40.1207,-14.4948],[-40.1058,-14.5079],[-40.1052,-14.5198],[-40.0962,-14.5207],[-40.0856,-14.5226],[-40.0827,-14.516],[-40.0725,-14.5174],[-40.0653,-14.5136],[-40.0631,-14.5231],[-40.0588,-14.5269],[-40.0442,-14.5283],[-40.0325,-14.5355],[-40.032,-14.5389],[-40.0239,-14.5302],[-40.0178,-14.533],[-40.0083,-14.5313],[-40.0075,-14.5209],[-39.9925,-14.5072],[-39.9868,-14.5066],[-39.9833,-14.4934],[-39.9734,-14.4881],[-39.9723,-14.4833],[-39.963,-14.4829],[-39.9146,-14.5387],[-39.9059,-14.549],[-39.8715,-14.5891],[-39.8731,-14.5911],[-39.8824,-14.6076],[-39.8882,-14.6304],[-39.8942,-14.6323],[-39.8994,-14.6412],[-39.8999,-14.6472],[-39.8951,-14.6511],[-39.8998,-14.6581],[-39.8999,-14.6687],[-39.9099,-14.6686],[-39.911,-14.6772],[-39.9178,-14.6701],[-39.9203,-14.681],[-39.9256,-14.6851],[-39.9284,-14.6825],[-39.9405,-14.6851],[-39.9442,-14.6795],[-39.9424,-14.6707],[-39.9503,-14.667],[-39.9619,-14.6793],[-39.9715,-14.6732],[-39.9872,-14.6734],[-39.9896,-14.6761],[-39.9943,-14.6708],[-39.9977,-14.6726],[-40.0044,-14.6838],[-40.022,-14.6872],[-40.0244,-14.7008],[-40.0292,-14.7106],[-40.039,-14.7197],[-40.0379,-14.7246],[-40.0418,-14.731],[-40.0441,-14.7376],[-40.0348,-14.7407],[-40.0322,-14.7565],[-40.0131,-14.7877],[-40.0186,-14.7998],[-40.0233,-14.8086],[-40.0333,-14.7988],[-40.0849,-14.7714],[-40.0847,-14.7681],[-40.09,-14.7684],[-40.0973,-14.7776],[-40.103,-14.781],[-40.1068,-14.7796],[-40.1091,-14.786],[-40.1216,-14.7822],[-40.1617,-14.7648],[-40.1856,-14.7507],[-40.198,-14.7482],[-40.2064,-14.7396],[-40.21,-14.7204],[-40.2061,-14.7118],[-40.2068,-14.7042],[-40.2149,-14.6977],[-40.2142,-14.6849],[-40.2199,-14.6738],[-40.2176,-14.6592],[-40.2283,-14.6497],[-40.226,-14.6397],[-40.2248,-14.6358],[-40.2151,-14.6365],[-40.2091,-14.6277],[-40.2117,-14.6207],[-40.2088,-14.6151],[-40.2141,-14.6017],[-40.2045,-14.5873],[-40.2018,-14.5654],[-40.202,-14.5651],[-40.1991,-14.5597],[-40.2022,-14.5522],[-40.1983,-14.5417],[-40.1901,-14.5395],[-40.1875,-14.5261],[-40.1881,-14.5113],[-40.1802,-14.5128],[-40.1726,-14.5054],[-40.1714,-14.502],[-40.1696,-14.4958],[-40.1742,-14.4904],[-40.1658,-14.482]]]}},{"type":"Feature","properties":{"nome":"Ilhéus","cod":"2913606","uf":"BA"},"geometry":{"type":"Polygon","coordinates":[[[-39.3229,-14.4608],[-39.3321,-14.4936],[-39.335,-14.5274],[-39.3373,-14.5423],[-39.3516,-14.5103],[-39.355,-14.5028],[-39.3566,-14.5107],[-39.3593,-14.5173],[-39.3643,-14.5197],[-39.365,-14.5214],[-39.3719,-14.5633],[-39.3578,-14.5785],[-39.3621,-14.5896],[-39.3645,-14.6093],[-39.3576,-14.6126],[-39.3569,-14.6303],[-39.3451,-14.628],[-39.345,-14.628],[-39.3323,-14.6251],[-39.2687,-14.6105],[-39.2663,-14.6099],[-39.2659,-14.6097],[-39.2456,-14.5924],[-39.253,-14.5775],[-39.2635,-14.5743],[-39.265,-14.5688],[-39.2711,-14.566],[-39.2758,-14.5547],[-39.2707,-14.5333],[-39.2341,-14.5283],[-39.2139,-14.5255],[-39.1869,-14.5218],[-39.1808,-14.521],[-39.1581,-14.5179],[-39.1362,-14.5149],[-39.1034,-14.5104],[-39.0752,-14.5065],[-39.0415,-14.5019],[-39.0352,-14.501],[-39.0362,-14.5314],[-39.0371,-14.5346],[-39.0417,-14.5529],[-39.0424,-14.5544],[-39.0487,-14.573],[-39.049,-14.5738],[-39.0497,-14.5758],[-39.0498,-14.5763],[-39.0528,-14.585],[-39.0549,-14.597],[-39.0549,-14.5977],[-39.0564,-14.6063],[-39.0566,-14.6073],[-39.0566,-14.6078],[-39.064,-14.6403],[-39.0639,-14.6417],[-39.0651,-14.6682],[-39.0652,-14.6753],[-39.0653,-14.7049],[-39.0635,-14.7282],[-39.0613,-14.7518],[-39.0532,-14.7778],[-39.0393,-14.7857],[-39.0366,-14.7828],[-39.0323,-14.784],[-39.0286,-14.7811],[-39.0263,-14.7707],[-39.0263,-14.781],[-39.0317,-14.7855],[-39.0322,-14.8045],[-39.0361,-14.8078],[-39.0336,-14.8112],[-39.0278,-14.8046],[-39.0244,-14.8057],[-39.0255,-14.8407],[-39.0236,-14.8792],[-39.0265,-14.8794],[-39.0227,-14.8835],[-39.0215,-14.9025],[-39.0192,-14.9236],[-39.0098,-14.9459],[-38.9978,-14.9936],[-38.9977,-15.0079],[-38.9974,-15.0935],[-39.0002,-15.0842],[-39.0095,-15.0967],[-39.012,-15.0928],[-39.0156,-15.0916],[-39.0165,-15.0945],[-39.0207,-15.0916],[-39.0334,-15.1058],[-39.0377,-15.1068],[-39.0433,-15.1167],[-39.0545,-15.1136],[-39.0571,-15.1184],[-39.0641,-15.1202],[-39.0699,-15.1168],[-39.0676,-15.1116],[-39.0698,-15.1053],[-39.0736,-15.1054],[-39.0775,-15.1108],[-39.0864,-15.1056],[-39.0902,-15.1087],[-39.0937,-15.1072],[-39.1109,-15.0995],[-39.1452,-15.0842],[-39.1669,-15.0744],[-39.1681,-15.0672],[-39.1745,-15.0632],[-39.1778,-15.0505],[-39.1897,-15.0538],[-39.2096,-15.0447],[-39.225,-15.0534],[-39.2328,-15.0477],[-39.2363,-15.0481],[-39.2396,-15.0544],[-39.2479,-15.0542],[-39.2017,-15.0077],[-39.2033,-14.9977],[-39.2038,-14.9952],[-39.2082,-14.9742],[-39.2141,-14.946],[-39.2152,-14.9407],[-39.2211,-14.9122],[-39.2262,-14.8852],[-39.2303,-14.8634],[-39.2304,-14.8627],[-39.2327,-14.8509],[-39.244,-14.7908],[-39.2486,-14.7793],[-39.2586,-14.7564],[-39.2601,-14.753],[-39.2687,-14.7335],[-39.2824,-14.7022],[-39.287,-14.6918],[-39.2988,-14.6861],[-39.352,-14.6605],[-39.3548,-14.6592],[-39.3823,-14.6459],[-39.3949,-14.6399],[-39.401,-14.6369],[-39.4321,-14.6219],[-39.4322,-14.6219],[-39.4503,-14.6132],[-39.4639,-14.5984],[-39.4651,-14.5971],[-39.4824,-14.5784],[-39.5098,-14.5474],[-39.5489,-14.5605],[-39.5346,-14.5236],[-39.5282,-14.5235],[-39.5224,-14.5183],[-39.5211,-14.5029],[-39.5175,-14.504],[-39.5104,-14.4783],[-39.5098,-14.4738],[-39.5141,-14.4694],[-39.5116,-14.4653],[-39.5147,-14.4644],[-39.5109,-14.4516],[-39.5064,-14.4494],[-39.5025,-14.4378],[-39.4935,-14.4314],[-39.4899,-14.42],[-39.4606,-14.4272],[-39.4506,-14.4296],[-39.4309,-14.4344],[-39.4021,-14.4414],[-39.4013,-14.4416],[-39.3719,-14.4488],[-39.3642,-14.4507],[-39.3229,-14.4608]]]}},{"type":"Feature","properties":{"nome":"Inhambupe","cod":"2913705","uf":"BA"},"geometry":{"type":"Polygon","coordinates":[[[-38.2752,-11.7343],[-38.2775,-11.7492],[-38.2892,-11.7543],[-38.2967,-11.7641],[-38.2981,-11.7712],[-38.2981,-11.7713],[-38.2907,-11.7845],[-38.2834,-11.7874],[-38.2824,-11.7962],[-38.284,-11.8019],[-38.2922,-11.8081],[-38.2944,-11.8208],[-38.2982,-11.8277],[-38.3024,-11.8279],[-38.2993,-11.8303],[-38.3013,-11.8334],[-38.3134,-11.8373],[-38.3012,-11.8519],[-38.3009,-11.8587],[-38.2949,-11.8618],[-38.2985,-11.8705],[-38.2877,-11.8682],[-38.2863,-11.8638],[-38.2805,-11.8662],[-38.2762,-11.8639],[-38.2662,-11.8797],[-38.2596,-11.873],[-38.2454,-11.8742],[-38.2354,-11.8802],[-38.2319,-11.8779],[-38.228,-11.8816],[-38.2213,-11.8812],[-38.2125,-11.8885],[-38.1942,-11.8899],[-38.1906,-11.8841],[-38.1837,-11.8885],[-38.2077,-11.9076],[-38.2101,-11.9095],[-38.2133,-11.9121],[-38.2602,-11.9494],[-38.2744,-11.9607],[-38.2745,-11.9608],[-38.2893,-11.9591],[-38.2937,-11.9606],[-38.3093,-11.9528],[-38.3248,-11.9615],[-38.3507,-11.968],[-38.3643,-11.9646],[-38.3742,-11.958],[-38.375,-11.9574],[-38.3764,-11.9539],[-38.3813,-11.9451],[-38.3818,-11.936],[-38.3882,-11.9291],[-38.3986,-11.933],[-38.4047,-11.9256],[-38.408,-11.9261],[-38.4098,-11.9317],[-38.4107,-11.9345],[-38.4184,-11.9353],[-38.4296,-11.9283],[-38.4502,-11.9324],[-38.4532,-11.9331],[-38.4601,-11.9345],[-38.4647,-11.9351],[-38.4762,-11.9468],[-38.4829,-11.9416],[-38.4998,-11.9399],[-38.5073,-11.9431],[-38.5269,-11.9377],[-38.5343,-11.9459],[-38.5682,-11.9607],[-38.5967,-11.9526],[-38.6006,-11.9246],[-38.6156,-11.8156],[-38.6306,-11.7057],[-38.6234,-11.709],[-38.6161,-11.7063],[-38.5843,-11.7302],[-38.5768,-11.7318],[-38.5702,-11.7396],[-38.5579,-11.7369],[-38.5554,-11.7457],[-38.5464,-11.7464],[-38.543,-11.7534],[-38.5156,-11.7474],[-38.4358,-11.7298],[-38.4337,-11.7288],[-38.4266,-11.7213],[-38.4361,-11.7207],[-38.4379,-11.7075],[-38.4294,-11.6907],[-38.4323,-11.6658],[-38.43,-11.6502],[-38.4308,-11.6413],[-38.4386,-11.6382],[-38.4385,-11.6337],[-38.4422,-11.6314],[-38.4446,-11.6157],[-38.4431,-11.6036],[-38.4343,-11.5974],[-38.4284,-11.5957],[-38.4287,-11.5898],[-38.446,-11.5731],[-38.4378,-11.5566],[-38.4102,-11.5369],[-38.409,-11.5278],[-38.3776,-11.5409],[-38.375,-11.542],[-38.2961,-11.5748],[-38.2968,-11.6248],[-38.2969,-11.6334],[-38.2906,-11.6505],[-38.2805,-11.6622],[-38.2746,-11.6948],[-38.2661,-11.7075],[-38.2662,-11.7137],[-38.2662,-11.7138],[-38.2673,-11.7215],[-38.2752,-11.7343]]]}},{"type":"Feature","properties":{"nome":"Ipecaetá","cod":"2913804","uf":"BA"},"geometry":{"type":"Polygon","coordinates":[[[-39.242,-12.3328],[-39.2412,-12.3374],[-39.238,-12.3485],[-39.2423,-12.3645],[-39.2297,-12.3849],[-39.2428,-12.3873],[-39.2615,-12.3722],[-39.2757,-12.3802],[-39.2797,-12.3899],[-39.2839,-12.3954],[-39.2998,-12.4023],[-39.3088,-12.4081],[-39.3139,-12.4119],[-39.322,-12.4118],[-39.3221,-12.4118],[-39.3813,-12.4112],[-39.3797,-12.4065],[-39.3826,-12.4027],[-39.3759,-12.3985],[-39.3756,-12.398],[-39.3782,-12.3903],[-39.3824,-12.3897],[-39.3856,-12.3935],[-39.394,-12.3851],[-39.3945,-12.3811],[-39.3859,-12.3699],[-39.3955,-12.3714],[-39.3958,-12.3618],[-39.3908,-12.3543],[-39.3976,-12.3539],[-39.3971,-12.3471],[-39.4125,-12.3476],[-39.4174,-12.3433],[-39.4213,-12.3443],[-39.4214,-12.3381],[-39.4222,-12.3343],[-39.431,-12.3312],[-39.4305,-12.3272],[-39.4307,-12.3271],[-39.4384,-12.3198],[-39.4319,-12.3056],[-39.423,-12.3025],[-39.3965,-12.2764],[-39.4202,-12.2342],[-39.4235,-12.2283],[-39.3898,-12.2122],[-39.3627,-12.1992],[-39.352,-12.194],[-39.3297,-12.1833],[-39.2955,-12.1934],[-39.2877,-12.1957],[-39.2811,-12.2027],[-39.2834,-12.2172],[-39.2669,-12.2257],[-39.2668,-12.2369],[-39.2594,-12.2482],[-39.2593,-12.2483],[-39.2508,-12.2646],[-39.2383,-12.2714],[-39.2323,-12.281],[-39.2369,-12.2896],[-39.2448,-12.3042],[-39.2416,-12.3145],[-39.2411,-12.3211],[-39.2454,-12.3237],[-39.242,-12.3328]]]}},{"type":"Feature","properties":{"nome":"Ipiaú","cod":"2913903","uf":"BA"},"geometry":{"type":"Polygon","coordinates":[[[-39.6685,-14.0588],[-39.6674,-14.078],[-39.6495,-14.0927],[-39.6482,-14.0936],[-39.6544,-14.1013],[-39.6558,-14.1149],[-39.652,-14.13],[-39.664,-14.1527],[-39.6682,-14.1684],[-39.6621,-14.174],[-39.6623,-14.1801],[-39.6641,-14.1826],[-39.6677,-14.1789],[-39.6916,-14.1745],[-39.6944,-14.1712],[-39.6936,-14.1612],[-39.7041,-14.1505],[-39.724,-14.1471],[-39.7489,-14.1355],[-39.7718,-14.1198],[-39.774,-14.1085],[-39.7785,-14.1058],[-39.8015,-14.1057],[-39.8119,-14.1018],[-39.8313,-14.0818],[-39.8277,-14.0713],[-39.8127,-14.0769],[-39.7936,-14.0667],[-39.7946,-14.06],[-39.7998,-14.0589],[-39.8003,-14.0567],[-39.7966,-14.0427],[-39.7906,-14.038],[-39.79,-14.0243],[-39.7958,-14.016],[-39.7934,-14.0105],[-39.7891,-14.0092],[-39.7878,-14.0088],[-39.772,-13.9975],[-39.7698,-13.9968],[-39.763,-13.9929],[-39.7552,-13.9877],[-39.7538,-13.9731],[-39.7483,-13.9663],[-39.742,-13.9441],[-39.7368,-13.9381],[-39.7363,-13.934],[-39.7219,-13.9276],[-39.7096,-13.9145],[-39.7047,-13.9185],[-39.7043,-13.9232],[-39.7101,-13.9305],[-39.7121,-13.9459],[-39.7094,-13.9794],[-39.7005,-13.9859],[-39.6387,-14.0156],[-39.6477,-14.0373],[-39.6584,-14.0429],[-39.6619,-14.0555],[-39.6685,-14.0588]]]}},{"type":"Feature","properties":{"nome":"Ipirá","cod":"2914000","uf":"BA"},"geometry":{"type":"Polygon","coordinates":[[[-39.6654,-11.9337],[-39.6587,-11.9468],[-39.652,-11.9455],[-39.6434,-11.9502],[-39.6453,-11.9614],[-39.6442,-11.9704],[-39.635,-11.9986],[-39.6237,-12.0186],[-39.6129,-12.0206],[-39.6037,-12.0358],[-39.5999,-12.0429],[-39.6013,-12.0505],[-39.5956,-12.0485],[-39.5724,-12.0402],[-39.533,-12.0261],[-39.5209,-12.0491],[-39.4954,-12.0971],[-39.4949,-12.098],[-39.4627,-12.1568],[-39.45,-12.1801],[-39.4497,-12.1805],[-39.4235,-12.2283],[-39.4202,-12.2342],[-39.3965,-12.2764],[-39.423,-12.3025],[-39.4319,-12.3056],[-39.4327,-12.3058],[-39.5028,-12.3257],[-39.503,-12.3257],[-39.5436,-12.3368],[-39.5673,-12.3432],[-39.5675,-12.3433],[-39.624,-12.3586],[-39.6724,-12.3718],[-39.6862,-12.3755],[-39.7355,-12.3889],[-39.802,-12.4069],[-39.8024,-12.4073],[-39.9145,-12.5072],[-39.9287,-12.5201],[-39.9344,-12.5137],[-39.9409,-12.5044],[-39.9369,-12.5023],[-39.9415,-12.4896],[-39.9361,-12.4838],[-39.9549,-12.4764],[-39.96,-12.4691],[-39.9682,-12.4777],[-39.97,-12.4736],[-39.9788,-12.4731],[-39.9794,-12.468],[-39.9754,-12.4672],[-39.9707,-12.4572],[-39.9778,-12.4574],[-39.9787,-12.4453],[-39.9823,-12.4439],[-39.9837,-12.4375],[-39.9883,-12.4347],[-39.9864,-12.4306],[-39.9901,-12.4282],[-40.0114,-12.4079],[-40.0211,-12.4035],[-40.0198,-12.3955],[-40.0266,-12.397],[-40.0254,-12.3846],[-40.0388,-12.3701],[-40.0344,-12.3617],[-40.0387,-12.361],[-40.0391,-12.3607],[-40.0409,-12.3578],[-40.0511,-12.3569],[-40.0531,-12.3478],[-40.0592,-12.3426],[-40.0677,-12.3484],[-40.0725,-12.3443],[-40.0706,-12.3365],[-40.0799,-12.3362],[-40.0937,-12.3255],[-40.0964,-12.3287],[-40.11,-12.3274],[-40.1121,-12.3308],[-40.1154,-12.33],[-40.1165,-12.3245],[-40.1139,-12.3217],[-40.1243,-12.3143],[-40.1233,-12.3042],[-40.1326,-12.3027],[-40.1316,-12.2907],[-40.1304,-12.2752],[-40.1355,-12.271],[-40.1376,-12.2587],[-40.1352,-12.254],[-40.1393,-12.2478],[-40.0789,-12.1927],[-40.0512,-12.1675],[-40.0393,-12.1566],[-40.0315,-12.1448],[-39.9893,-12.0465],[-39.9891,-12.046],[-39.959,-11.975],[-39.9432,-11.9931],[-39.9315,-11.9928],[-39.926,-11.9966],[-39.9031,-11.9922],[-39.8584,-11.9609],[-39.8578,-11.9605],[-39.8457,-11.9517],[-39.7814,-11.9053],[-39.7611,-11.9051],[-39.7199,-11.9045],[-39.6925,-11.9236],[-39.68,-11.9233],[-39.6725,-11.9291],[-39.6654,-11.9337]]]}},{"type":"Feature","properties":{"nome":"Ipupiara","cod":"2914109","uf":"BA"},"geometry":{"type":"Polygon","coordinates":[[[-42.6635,-11.7086],[-42.651,-11.715],[-42.6445,-11.7144],[-42.6428,-11.7178],[-42.6238,-11.718],[-42.5946,-11.7084],[-42.5812,-11.7145],[-42.5646,-11.7358],[-42.5371,-11.7414],[-42.5338,-11.7456],[-42.5203,-11.749],[-42.5174,-11.7571],[-42.5044,-11.7601],[-42.4877,-11.7756],[-42.4748,-11.7317],[-42.472,-11.7257],[-42.4575,-11.7393],[-42.4546,-11.748],[-42.445,-11.7574],[-42.4208,-11.7653],[-42.3943,-11.7539],[-42.3846,-11.7543],[-42.3737,-11.7613],[-42.3697,-11.7616],[-42.3634,-11.7561],[-42.3654,-11.7465],[-42.3608,-11.7361],[-42.3629,-11.7221],[-42.3606,-11.7137],[-42.3601,-11.7142],[-42.2791,-11.8031],[-42.1894,-11.9021],[-42.1926,-11.9157],[-42.2005,-11.9224],[-42.2029,-11.9301],[-42.1905,-11.9412],[-42.1892,-11.952],[-42.1805,-11.9586],[-42.1775,-11.9782],[-42.1875,-11.9865],[-42.1807,-11.9905],[-42.1723,-12.0024],[-42.1746,-12.0041],[-42.2442,-11.9495],[-42.2446,-11.9491],[-42.3372,-11.9562],[-42.4458,-11.9646],[-42.4615,-11.9659],[-42.4799,-11.958],[-42.5171,-11.9417],[-42.5825,-11.9145],[-42.6959,-11.8673],[-42.6983,-11.8658],[-42.6992,-11.8653],[-42.7011,-11.8642],[-42.7844,-11.8127],[-42.7474,-11.7305],[-42.7307,-11.729],[-42.7153,-11.719],[-42.7102,-11.7223],[-42.6858,-11.7203],[-42.6806,-11.7199],[-42.6635,-11.7086]]]}},{"type":"Feature","properties":{"nome":"Irajuba","cod":"2914208","uf":"BA"},"geometry":{"type":"Polygon","coordinates":[[[-40.0951,-13.1184],[-40.0872,-13.1211],[-40.0778,-13.1162],[-40.0566,-13.1135],[-40.045,-13.1254],[-40.0143,-13.1417],[-39.9988,-13.1567],[-39.998,-13.1619],[-39.9928,-13.1661],[-39.9838,-13.1683],[-39.9707,-13.1873],[-39.9374,-13.2232],[-39.9211,-13.2377],[-39.9157,-13.2369],[-39.914,-13.2486],[-39.9158,-13.2607],[-39.9813,-13.3248],[-40.0186,-13.3115],[-40.0244,-13.3095],[-40.1169,-13.2766],[-40.1201,-13.2755],[-40.1345,-13.2128],[-40.1345,-13.2127],[-40.1547,-13.1248],[-40.1574,-13.1131],[-40.1101,-13.1171],[-40.0951,-13.1184]]]}},{"type":"Feature","properties":{"nome":"Iramaia","cod":"2914307","uf":"BA"},"geometry":{"type":"Polygon","coordinates":[[[-40.8615,-13.3186],[-40.8557,-13.3204],[-40.8496,-13.311],[-40.8466,-13.3181],[-40.8419,-13.3179],[-40.8414,-13.3137],[-40.8362,-13.3145],[-40.8148,-13.3311],[-40.7979,-13.3353],[-40.7965,-13.3403],[-40.8016,-13.3472],[-40.7849,-13.3636],[-40.7854,-13.372],[-40.7779,-13.3789],[-40.776,-13.3869],[-40.7706,-13.3921],[-40.7726,-13.3963],[-40.7653,-13.3998],[-40.7652,-13.4043],[-40.7546,-13.4135],[-40.7445,-13.4161],[-40.7355,-13.426],[-40.7305,-13.4262],[-40.7285,-13.4332],[-40.7318,-13.4459],[-40.7373,-13.4486],[-40.7396,-13.4579],[-40.7324,-13.4704],[-40.7232,-13.475],[-40.7226,-13.4809],[-40.7169,-13.4857],[-40.7115,-13.4868],[-40.7073,-13.4972],[-40.6965,-13.5071],[-40.6999,-13.5107],[-40.695,-13.5148],[-40.6963,-13.5338],[-40.6933,-13.5448],[-40.6869,-13.548],[-40.6908,-13.5548],[-40.6864,-13.5571],[-40.6863,-13.5573],[-40.687,-13.5663],[-40.6917,-13.5728],[-40.6841,-13.5839],[-40.6892,-13.5845],[-40.6937,-13.5917],[-40.689,-13.6027],[-40.6903,-13.6108],[-40.7026,-13.6268],[-40.7104,-13.6307],[-40.7068,-13.6319],[-40.709,-13.6357],[-40.7033,-13.6354],[-40.7015,-13.6456],[-40.7022,-13.655],[-40.7135,-13.6689],[-40.709,-13.6777],[-40.7074,-13.6825],[-40.7178,-13.6832],[-40.7248,-13.692],[-40.7252,-13.6993],[-40.7183,-13.7095],[-40.7262,-13.7216],[-40.721,-13.7225],[-40.7173,-13.7317],[-40.7214,-13.7334],[-40.722,-13.7376],[-40.716,-13.7479],[-40.7224,-13.7472],[-40.7278,-13.7521],[-40.7241,-13.7592],[-40.7028,-13.7645],[-40.7038,-13.7745],[-40.6974,-13.7819],[-40.7001,-13.7939],[-40.7044,-13.7962],[-40.7012,-13.7971],[-40.6997,-13.8043],[-40.6935,-13.8105],[-40.6871,-13.8115],[-40.6715,-13.8315],[-40.6548,-13.8387],[-40.6682,-13.8427],[-40.6786,-13.85],[-40.6963,-13.8371],[-40.7079,-13.8365],[-40.7183,-13.8425],[-40.7229,-13.8409],[-40.7298,-13.8274],[-40.7363,-13.8352],[-40.7686,-13.8355],[-40.7766,-13.8348],[-40.7862,-13.7862],[-40.7843,-13.7794],[-40.7945,-13.7592],[-40.8096,-13.7539],[-40.8121,-13.7473],[-40.8611,-13.7077],[-40.9023,-13.6731],[-40.9024,-13.673],[-41.0073,-13.5843],[-41.0093,-13.5826],[-41.0385,-13.5568],[-41.119,-13.5168],[-41.1226,-13.515],[-41.1511,-13.5009],[-41.2354,-13.4589],[-41.2317,-13.434],[-41.2326,-13.4283],[-41.2285,-13.4249],[-41.2243,-13.4281],[-41.214,-13.4259],[-41.2142,-13.4202],[-41.1957,-13.4143],[-41.1861,-13.4031],[-41.1795,-13.4027],[-41.178,-13.4055],[-41.1596,-13.4012],[-41.1547,-13.3891],[-41.1541,-13.3744],[-41.129,-13.3603],[-41.1263,-13.3483],[-41.1281,-13.3384],[-41.1252,-13.3295],[-41.116,-13.3368],[-41.1147,-13.3222],[-41.1039,-13.3165],[-41.1068,-13.3024],[-41.1048,-13.2909],[-41.0795,-13.2823],[-41.0111,-13.2588],[-40.9293,-13.2307],[-40.921,-13.227],[-40.8912,-13.2604],[-40.8912,-13.2629],[-40.883,-13.2704],[-40.8715,-13.2751],[-40.8762,-13.2922],[-40.8615,-13.3186]]]}},{"type":"Feature","properties":{"nome":"Iraquara","cod":"2914406","uf":"BA"},"geometry":{"type":"Polygon","coordinates":[[[-41.4396,-12.1085],[-41.3707,-12.1566],[-41.356,-12.1669],[-41.3544,-12.1686],[-41.3937,-12.2229],[-41.4126,-12.2495],[-41.434,-12.2636],[-41.4407,-12.2827],[-41.4422,-12.3098],[-41.4421,-12.3098],[-41.4363,-12.3121],[-41.438,-12.3241],[-41.4348,-12.3356],[-41.4273,-12.342],[-41.4343,-12.3578],[-41.4244,-12.3818],[-41.4389,-12.3979],[-41.4326,-12.4082],[-41.4414,-12.4131],[-41.4481,-12.4063],[-41.4467,-12.402],[-41.4512,-12.3946],[-41.4526,-12.3824],[-41.4567,-12.3836],[-41.4577,-12.3796],[-41.4696,-12.3771],[-41.48,-12.3704],[-41.4904,-12.3753],[-41.4941,-12.3713],[-41.5078,-12.3746],[-41.5114,-12.3692],[-41.5152,-12.375],[-41.5185,-12.3716],[-41.5187,-12.3715],[-41.5222,-12.37],[-41.5203,-12.3643],[-41.5233,-12.3562],[-41.528,-12.3606],[-41.5329,-12.3546],[-41.5351,-12.359],[-41.5397,-12.3568],[-41.5402,-12.3566],[-41.5507,-12.3585],[-41.6163,-12.3702],[-41.6653,-12.379],[-41.6783,-12.3813],[-41.725,-12.3892],[-41.7262,-12.3734],[-41.7354,-12.3613],[-41.7342,-12.3505],[-41.749,-12.321],[-41.7569,-12.3071],[-41.7542,-12.303],[-41.7619,-12.2832],[-41.7575,-12.2827],[-41.7519,-12.2762],[-41.742,-12.2367],[-41.7516,-12.2151],[-41.7689,-12.195],[-41.7771,-12.1784],[-41.7772,-12.1776],[-41.7784,-12.1709],[-41.7837,-12.1601],[-41.81,-12.1531],[-41.8181,-12.1432],[-41.8381,-12.1359],[-41.8377,-12.1313],[-41.7751,-12.1343],[-41.7117,-12.1374],[-41.6731,-12.1393],[-41.6161,-12.142],[-41.6143,-12.1421],[-41.6058,-12.1424],[-41.4932,-12.1102],[-41.4534,-12.0989],[-41.4396,-12.1085]]]}},{"type":"Feature","properties":{"nome":"Irará","cod":"2914505","uf":"BA"},"geometry":{"type":"Polygon","coordinates":[[[-38.7245,-12.0158],[-38.7238,-12.0278],[-38.7143,-12.0401],[-38.7063,-12.0422],[-38.7015,-12.0513],[-38.7005,-12.0533],[-38.7,-12.0535],[-38.685,-12.0534],[-38.656,-12.0531],[-38.6689,-12.0724],[-38.7012,-12.1208],[-38.7347,-12.171],[-38.7399,-12.1695],[-38.7518,-12.1648],[-38.7526,-12.1629],[-38.7571,-12.1498],[-38.7524,-12.1413],[-38.7546,-12.1393],[-38.7628,-12.1182],[-38.7632,-12.1183],[-38.8104,-12.1213],[-38.8415,-12.1232],[-38.8314,-12.0916],[-38.819,-12.0536],[-38.8076,-12.0192],[-38.8053,-12.0123],[-38.7963,-12.0201],[-38.7993,-12.0122],[-38.7994,-12.0119],[-38.8131,-11.9749],[-38.8235,-11.947],[-38.7692,-11.947],[-38.7691,-11.947],[-38.7569,-11.947],[-38.7001,-11.9469],[-38.6837,-11.9469],[-38.6986,-11.9547],[-38.7064,-11.9551],[-38.7099,-11.9601],[-38.7073,-11.9718],[-38.7154,-11.9933],[-38.7134,-11.9973],[-38.7251,-12.0124],[-38.7245,-12.0158]]]}},{"type":"Feature","properties":{"nome":"Irecê","cod":"2914604","uf":"BA"},"geometry":{"type":"Polygon","coordinates":[[[-41.7499,-11.2363],[-41.7471,-11.2724],[-41.7421,-11.3369],[-41.7434,-11.3513],[-41.7515,-11.4074],[-41.7684,-11.3984],[-41.8194,-11.3711],[-41.8406,-11.3605],[-41.8756,-11.3625],[-41.9782,-11.3683],[-41.971,-11.3488],[-41.971,-11.3487],[-41.9434,-11.2734],[-41.9428,-11.2719],[-41.9422,-11.2703],[-41.9387,-11.2606],[-41.9109,-11.2608],[-41.8899,-11.261],[-41.865,-11.2611],[-41.768,-11.2257],[-41.7468,-11.218],[-41.7499,-11.2363]]]}},{"type":"Feature","properties":{"nome":"Itabela","cod":"2914653","uf":"BA"},"geometry":{"type":"Polygon","coordinates":[[[-39.5758,-16.4709],[-39.5568,-16.4947],[-39.4939,-16.5769],[-39.4688,-16.6101],[-39.4686,-16.6103],[-39.3868,-16.7183],[-39.3373,-16.7843],[-39.3555,-16.7833],[-39.3926,-16.7592],[-39.4037,-16.7582],[-39.4163,-16.7465],[-39.4391,-16.744],[-39.4531,-16.7501],[-39.461,-16.7595],[-39.47,-16.7638],[-39.4714,-16.7787],[-39.4857,-16.7959],[-39.4803,-16.8097],[-39.4795,-16.8299],[-39.4841,-16.8334],[-39.4877,-16.8368],[-39.4864,-16.8413],[-39.4926,-16.8565],[-39.5115,-16.8771],[-39.5147,-16.8585],[-39.5218,-16.8517],[-39.5113,-16.8414],[-39.5337,-16.8373],[-39.5454,-16.8408],[-39.5505,-16.8385],[-39.5568,-16.847],[-39.5819,-16.8504],[-39.5882,-16.8438],[-39.5986,-16.845],[-39.6064,-16.8342],[-39.6222,-16.8337],[-39.6247,-16.8301],[-39.6168,-16.8236],[-39.6138,-16.8128],[-39.6226,-16.8137],[-39.6276,-16.8074],[-39.6409,-16.7906],[-39.646,-16.7853],[-39.6526,-16.7866],[-39.661,-16.7809],[-39.6619,-16.7533],[-39.6668,-16.7454],[-39.6767,-16.7309],[-39.6706,-16.7181],[-39.6725,-16.7031],[-39.6684,-16.6943],[-39.6726,-16.6872],[-39.6762,-16.6787],[-39.6769,-16.6745],[-39.6761,-16.6733],[-39.6494,-16.5721],[-39.6594,-16.5638],[-39.6644,-16.5606],[-39.676,-16.5625],[-39.6816,-16.5571],[-39.687,-16.5571],[-39.6905,-16.5511],[-39.6981,-16.5475],[-39.6981,-16.5377],[-39.6942,-16.541],[-39.6933,-16.5126],[-39.6886,-16.5054],[-39.6831,-16.5036],[-39.6689,-16.5082],[-39.6526,-16.5054],[-39.6497,-16.5009],[-39.6435,-16.4881],[-39.6309,-16.4786],[-39.6199,-16.478],[-39.6098,-16.4683],[-39.6109,-16.4644],[-39.6057,-16.4593],[-39.5999,-16.4607],[-39.5985,-16.4674],[-39.5902,-16.4711],[-39.576,-16.4709],[-39.5758,-16.4709]]]}},{"type":"Feature","properties":{"nome":"Itaberaba","cod":"2914703","uf":"BA"},"geometry":{"type":"Polygon","coordinates":[[[-40.3579,-12.2523],[-40.3383,-12.2639],[-40.3314,-12.2562],[-40.3295,-12.2607],[-40.3244,-12.2595],[-40.3233,-12.2638],[-40.3134,-12.263],[-40.305,-12.2581],[-40.2898,-12.268],[-40.2761,-12.2636],[-40.2692,-12.2675],[-40.2615,-12.267],[-40.2537,-12.2729],[-40.2496,-12.2705],[-40.2288,-12.2813],[-40.227,-12.279],[-40.2188,-12.2837],[-40.2111,-12.283],[-40.2089,-12.2892],[-40.2046,-12.2889],[-40.2022,-12.3051],[-40.1979,-12.3159],[-40.1888,-12.3147],[-40.182,-12.3211],[-40.1833,-12.3305],[-40.175,-12.3383],[-40.169,-12.3536],[-40.153,-12.3518],[-40.1524,-12.3471],[-40.1467,-12.3501],[-40.1394,-12.3465],[-40.1316,-12.3507],[-40.1289,-12.3485],[-40.1293,-12.3383],[-40.1196,-12.3372],[-40.1121,-12.3308],[-40.11,-12.3274],[-40.0964,-12.3287],[-40.0937,-12.3255],[-40.0799,-12.3362],[-40.0706,-12.3365],[-40.0725,-12.3443],[-40.0677,-12.3484],[-40.0592,-12.3426],[-40.0531,-12.3478],[-40.0511,-12.3569],[-40.0409,-12.3578],[-40.0391,-12.3607],[-40.0387,-12.361],[-40.0344,-12.3617],[-40.0388,-12.3701],[-40.0254,-12.3846],[-40.0266,-12.397],[-40.0198,-12.3955],[-40.0211,-12.4035],[-40.0114,-12.4079],[-39.9901,-12.4282],[-39.9864,-12.4306],[-39.9883,-12.4347],[-39.9837,-12.4375],[-39.9823,-12.4439],[-39.9787,-12.4453],[-39.9778,-12.4574],[-39.9707,-12.4572],[-39.9754,-12.4672],[-39.9794,-12.468],[-39.9788,-12.4731],[-39.97,-12.4736],[-39.9682,-12.4777],[-39.96,-12.4691],[-39.9549,-12.4764],[-39.9361,-12.4838],[-39.9415,-12.4896],[-39.9369,-12.5023],[-39.9409,-12.5044],[-39.9344,-12.5137],[-39.9287,-12.5201],[-39.9281,-12.5224],[-39.9286,-12.5332],[-39.9349,-12.5402],[-39.936,-12.5503],[-39.9467,-12.5518],[-39.951,-12.5576],[-39.96,-12.5605],[-39.9777,-12.5618],[-40.0029,-12.5581],[-40.0052,-12.568],[-40.0128,-12.573],[-40.024,-12.5623],[-40.0401,-12.5612],[-40.0439,-12.5647],[-40.0552,-12.5845],[-40.0517,-12.5971],[-40.0545,-12.6107],[-40.094,-12.6429],[-40.1181,-12.6849],[-40.1259,-12.6886],[-40.1306,-12.691],[-40.1354,-12.6861],[-40.1537,-12.6984],[-40.1624,-12.6947],[-40.1812,-12.6977],[-40.1835,-12.7335],[-40.1965,-12.7498],[-40.2108,-12.7532],[-40.2129,-12.7591],[-40.2145,-12.7639],[-40.2169,-12.7673],[-40.2201,-12.764],[-40.2301,-12.7643],[-40.2408,-12.7626],[-40.2531,-12.7553],[-40.2581,-12.759],[-40.2676,-12.7519],[-40.2704,-12.7564],[-40.2865,-12.7481],[-40.3015,-12.7505],[-40.308,-12.7477],[-40.3106,-12.7536],[-40.322,-12.7559],[-40.3254,-12.7625],[-40.3368,-12.7705],[-40.3438,-12.7694],[-40.3523,-12.792],[-40.3561,-12.7913],[-40.4136,-12.6555],[-40.4732,-12.5144],[-40.4708,-12.5085],[-40.473,-12.5017],[-40.4797,-12.5042],[-40.485,-12.498],[-40.4936,-12.5014],[-40.5098,-12.4905],[-40.5153,-12.4933],[-40.526,-12.4889],[-40.5504,-12.4678],[-40.5593,-12.466],[-40.5647,-12.4654],[-40.5663,-12.4574],[-40.5699,-12.4445],[-40.5743,-12.4413],[-40.5683,-12.4372],[-40.5617,-12.4341],[-40.56,-12.4219],[-40.5345,-12.4044],[-40.5259,-12.3949],[-40.5041,-12.3551],[-40.4999,-12.3335],[-40.495,-12.3287],[-40.488,-12.3294],[-40.4783,-12.3079],[-40.4653,-12.3025],[-40.4466,-12.3016],[-40.4465,-12.3015],[-40.4402,-12.2982],[-40.4357,-12.2801],[-40.4286,-12.2759],[-40.4258,-12.27],[-40.417,-12.2807],[-40.405,-12.2751],[-40.391,-12.2619],[-40.3831,-12.2722],[-40.376,-12.2741],[-40.3703,-12.2728],[-40.3627,-12.2612],[-40.3648,-12.2585],[-40.3585,-12.2559],[-40.3579,-12.2523]]]}},{"type":"Feature","properties":{"nome":"Itabuna","cod":"2914802","uf":"BA"},"geometry":{"type":"Polygon","coordinates":[[[-39.2824,-14.7022],[-39.2687,-14.7335],[-39.2601,-14.753],[-39.2586,-14.7564],[-39.2486,-14.7793],[-39.244,-14.7908],[-39.2327,-14.8509],[-39.2304,-14.8627],[-39.2303,-14.8634],[-39.2262,-14.8852],[-39.2211,-14.9122],[-39.2223,-14.9202],[-39.2261,-14.9232],[-39.2236,-14.9267],[-39.2296,-14.9298],[-39.2301,-14.9337],[-39.2404,-14.9377],[-39.2491,-14.9363],[-39.25,-14.9324],[-39.2552,-14.9309],[-39.2978,-14.9332],[-39.3067,-14.9206],[-39.3122,-14.9255],[-39.3171,-14.9305],[-39.3301,-14.9326],[-39.336,-14.942],[-39.3473,-14.9584],[-39.3534,-14.9892],[-39.3552,-15.0016],[-39.3668,-15.0202],[-39.373,-15.0161],[-39.3869,-15.0247],[-39.3952,-15.0199],[-39.4099,-15.0276],[-39.4131,-15.0325],[-39.4169,-15.026],[-39.4113,-15.0221],[-39.4164,-15.0223],[-39.4192,-15.0115],[-39.4134,-14.9986],[-39.3934,-14.972],[-39.3745,-14.9205],[-39.3756,-14.9089],[-39.3697,-14.8995],[-39.3648,-14.8962],[-39.3634,-14.8795],[-39.3553,-14.8657],[-39.3579,-14.865],[-39.3671,-14.8492],[-39.3767,-14.8514],[-39.3842,-14.8487],[-39.3944,-14.8579],[-39.4033,-14.8568],[-39.4155,-14.8553],[-39.4661,-14.8489],[-39.4672,-14.8666],[-39.4722,-14.8724],[-39.4768,-14.8519],[-39.4748,-14.834],[-39.4837,-14.8103],[-39.4793,-14.8098],[-39.4711,-14.8105],[-39.4678,-14.807],[-39.4596,-14.8004],[-39.4587,-14.8094],[-39.4443,-14.8134],[-39.4327,-14.8106],[-39.4204,-14.8005],[-39.4143,-14.7997],[-39.4079,-14.8071],[-39.4028,-14.8052],[-39.4021,-14.8007],[-39.3984,-14.8018],[-39.3787,-14.7824],[-39.3633,-14.7735],[-39.3554,-14.7584],[-39.353,-14.7376],[-39.3515,-14.7282],[-39.3463,-14.7248],[-39.3429,-14.7238],[-39.3396,-14.7292],[-39.3289,-14.7188],[-39.3262,-14.7115],[-39.3202,-14.7101],[-39.3133,-14.7027],[-39.3053,-14.7037],[-39.2969,-14.6911],[-39.2937,-14.6913],[-39.287,-14.6918],[-39.2824,-14.7022]]]}},{"type":"Feature","properties":{"nome":"Itacaré","cod":"2914901","uf":"BA"},"geometry":{"type":"Polygon","coordinates":[[[-38.9911,-14.2209],[-38.9968,-14.2474],[-38.9936,-14.2733],[-38.9909,-14.2753],[-38.9882,-14.2715],[-38.9847,-14.276],[-38.986,-14.29],[-38.9817,-14.2916],[-38.9819,-14.2955],[-38.9902,-14.3074],[-38.9893,-14.3123],[-38.9926,-14.3133],[-39.0,-14.3383],[-39.0064,-14.3404],[-39.0059,-14.3437],[-39.0015,-14.3659],[-39.0157,-14.4187],[-39.0227,-14.4204],[-39.0234,-14.4146],[-39.0303,-14.4189],[-39.0308,-14.415],[-39.0424,-14.4201],[-39.0443,-14.3999],[-39.0491,-14.4058],[-39.0572,-14.4089],[-39.0615,-14.4188],[-39.065,-14.418],[-39.0707,-14.4249],[-39.0792,-14.4292],[-39.0785,-14.4254],[-39.0813,-14.4255],[-39.093,-14.4331],[-39.0914,-14.4427],[-39.0949,-14.4434],[-39.095,-14.4502],[-39.1023,-14.4493],[-39.1016,-14.452],[-39.1071,-14.4527],[-39.112,-14.4539],[-39.1078,-14.4548],[-39.1129,-14.458],[-39.1124,-14.4644],[-39.1197,-14.4672],[-39.1229,-14.4643],[-39.1227,-14.4739],[-39.1316,-14.4821],[-39.132,-14.4874],[-39.1332,-14.4886],[-39.1592,-14.4843],[-39.1748,-14.4817],[-39.1749,-14.4817],[-39.2043,-14.4769],[-39.2217,-14.474],[-39.2389,-14.4712],[-39.2564,-14.4683],[-39.2565,-14.4682],[-39.3092,-14.4595],[-39.3226,-14.4581],[-39.3269,-14.4405],[-39.3268,-14.4084],[-39.3233,-14.4015],[-39.3243,-14.3933],[-39.3339,-14.3874],[-39.3328,-14.3823],[-39.3278,-14.3794],[-39.326,-14.3657],[-39.3078,-14.3318],[-39.2908,-14.3119],[-39.2881,-14.3089],[-39.2847,-14.3061],[-39.2708,-14.3055],[-39.272,-14.301],[-39.2648,-14.2906],[-39.2708,-14.2888],[-39.2761,-14.2805],[-39.2836,-14.2747],[-39.2733,-14.2736],[-39.2387,-14.2697],[-39.2368,-14.2695],[-39.203,-14.2657],[-39.1906,-14.2643],[-39.1708,-14.2621],[-39.168,-14.2618],[-39.1394,-14.2585],[-39.1374,-14.2583],[-39.081,-14.2519],[-39.0533,-14.2487],[-39.0444,-14.2522],[-39.0379,-14.2474],[-39.0276,-14.2473],[-39.0191,-14.2294],[-39.0144,-14.2291],[-39.0073,-14.2244],[-39.0076,-14.2358],[-39.0015,-14.233],[-38.997,-14.2349],[-38.9911,-14.2209]]]}},{"type":"Feature","properties":{"nome":"Itaeté","cod":"2915007","uf":"BA"},"geometry":{"type":"Polygon","coordinates":[[[-41.0566,-12.9224],[-41.0546,-12.9226],[-41.0476,-12.9221],[-41.0429,-12.9107],[-41.0358,-12.9175],[-41.0273,-12.9106],[-41.0198,-12.914],[-41.0099,-12.9098],[-41.0048,-12.9112],[-40.9953,-12.9204],[-40.9845,-12.91],[-40.9813,-12.9132],[-40.9821,-12.9214],[-40.9759,-12.9283],[-40.988,-12.945],[-40.9842,-12.9566],[-40.9937,-12.9731],[-40.9813,-12.9775],[-40.9733,-12.9664],[-40.9718,-12.9641],[-40.9693,-12.9629],[-40.9666,-12.9729],[-40.9587,-12.9776],[-40.9601,-12.9885],[-40.9602,-12.9906],[-40.961,-13.0023],[-40.9527,-13.0221],[-40.9531,-13.0252],[-40.9545,-13.0294],[-40.9447,-13.0355],[-40.9295,-13.0307],[-40.9287,-13.0415],[-40.9207,-13.0448],[-40.9167,-13.0419],[-40.9133,-13.0249],[-40.9012,-13.0141],[-40.8925,-13.011],[-40.8897,-13.003],[-40.879,-13.0001],[-40.8673,-13.0038],[-40.8638,-13.0106],[-40.8537,-13.0162],[-40.8458,-13.012],[-40.8365,-13.0138],[-40.8161,-13.0273],[-40.8128,-13.0295],[-40.8112,-13.0315],[-40.8076,-13.0347],[-40.7944,-13.0344],[-40.7856,-13.0415],[-40.774,-13.037],[-40.7638,-13.0384],[-40.7577,-13.0434],[-40.7458,-13.0374],[-40.7558,-13.0479],[-40.7559,-13.048],[-40.9136,-13.2142],[-40.9293,-13.2307],[-41.0111,-13.2588],[-41.0795,-13.2823],[-41.1048,-13.2909],[-41.1641,-13.1131],[-41.1761,-13.0773],[-41.1948,-13.0208],[-41.2241,-12.9322],[-41.2306,-12.9124],[-41.2248,-12.9074],[-41.2221,-12.898],[-41.2108,-12.9086],[-41.1328,-12.9156],[-41.0566,-12.9224]]]}},{"type":"Feature","properties":{"nome":"Itagi","cod":"2915106","uf":"BA"},"geometry":{"type":"Polygon","coordinates":[[[-39.9596,-14.1514],[-39.9639,-14.1658],[-39.9764,-14.1616],[-39.9845,-14.1947],[-39.9881,-14.1977],[-39.9829,-14.2093],[-39.9828,-14.2097],[-39.9931,-14.2492],[-40.0023,-14.2703],[-40.0052,-14.2664],[-40.0081,-14.2766],[-40.0114,-14.2783],[-40.0108,-14.2838],[-40.0159,-14.2888],[-40.0268,-14.2881],[-40.0328,-14.2809],[-40.0509,-14.2859],[-40.0611,-14.2652],[-40.0628,-14.2541],[-40.0675,-14.2432],[-40.0714,-14.2457],[-40.0798,-14.2411],[-40.0862,-14.2487],[-40.0906,-14.2462],[-40.0883,-14.2587],[-40.0929,-14.2638],[-40.0965,-14.2637],[-40.0989,-14.2585],[-40.0981,-14.2422],[-40.0815,-14.2151],[-40.0832,-14.2037],[-40.0964,-14.1855],[-40.0807,-14.1244],[-40.0804,-14.1229],[-40.08,-14.1214],[-40.0477,-13.9968],[-40.047,-13.9955],[-40.0448,-13.9921],[-40.0382,-13.9952],[-40.0397,-14.0188],[-40.0214,-14.0206],[-40.0117,-14.0343],[-39.9976,-14.0387],[-39.9851,-14.0514],[-39.9758,-14.0547],[-39.9725,-14.0596],[-39.9676,-14.0946],[-39.9596,-14.1514]]]}},{"type":"Feature","properties":{"nome":"Itagibá","cod":"2915205","uf":"BA"},"geometry":{"type":"Polygon","coordinates":[[[-39.7489,-14.1355],[-39.724,-14.1471],[-39.7041,-14.1505],[-39.6936,-14.1612],[-39.6944,-14.1712],[-39.6916,-14.1745],[-39.6677,-14.1789],[-39.6641,-14.1826],[-39.6642,-14.1835],[-39.6645,-14.1851],[-39.67,-14.2164],[-39.6828,-14.2899],[-39.6964,-14.3685],[-39.6964,-14.3687],[-39.7074,-14.3643],[-39.715,-14.3685],[-39.7193,-14.3601],[-39.7253,-14.3614],[-39.7276,-14.3653],[-39.7192,-14.3702],[-39.7201,-14.3751],[-39.7458,-14.3698],[-39.7406,-14.3469],[-39.7652,-14.3584],[-39.7808,-14.3485],[-39.7898,-14.3498],[-39.7943,-14.3591],[-39.8043,-14.3671],[-39.8129,-14.3662],[-39.812,-14.3749],[-39.816,-14.3752],[-39.8191,-14.3822],[-39.8228,-14.3795],[-39.8236,-14.3826],[-39.8353,-14.3838],[-39.8401,-14.3762],[-39.8504,-14.3742],[-39.8548,-14.3826],[-39.8645,-14.3874],[-39.8751,-14.3852],[-39.8779,-14.3804],[-39.8957,-14.3777],[-39.9041,-14.3673],[-39.9073,-14.3636],[-39.9198,-14.3627],[-39.9217,-14.363],[-39.9241,-14.3642],[-39.9366,-14.3652],[-39.9489,-14.3622],[-39.9783,-14.3118],[-39.9932,-14.2862],[-40.0023,-14.2703],[-39.9931,-14.2492],[-39.9828,-14.2097],[-39.9829,-14.2093],[-39.9881,-14.1977],[-39.9845,-14.1947],[-39.9764,-14.1616],[-39.9639,-14.1658],[-39.9408,-14.1741],[-39.9357,-14.1734],[-39.9189,-14.1837],[-39.9145,-14.1682],[-39.9098,-14.1736],[-39.9051,-14.1722],[-39.9017,-14.1722],[-39.9013,-14.1593],[-39.8884,-14.1351],[-39.8851,-14.1275],[-39.8837,-14.1293],[-39.8834,-14.1411],[-39.8759,-14.1416],[-39.8687,-14.14],[-39.8685,-14.1436],[-39.86,-14.1452],[-39.8569,-14.1423],[-39.8423,-14.1246],[-39.8253,-14.1135],[-39.822,-14.1039],[-39.8119,-14.1018],[-39.8015,-14.1057],[-39.7785,-14.1058],[-39.774,-14.1085],[-39.7718,-14.1198],[-39.7489,-14.1355]]]}},{"type":"Feature","properties":{"nome":"Itagimirim","cod":"2915304","uf":"BA"},"geometry":{"type":"Polygon","coordinates":[[[-39.7486,-15.9719],[-39.6848,-15.9997],[-39.6094,-16.036],[-39.6093,-16.036],[-39.5923,-16.0442],[-39.5566,-16.0319],[-39.5211,-16.0518],[-39.4964,-16.0656],[-39.4924,-16.0828],[-39.5001,-16.0912],[-39.5092,-16.0932],[-39.5102,-16.1044],[-39.5155,-16.1108],[-39.5223,-16.1112],[-39.529,-16.1233],[-39.5421,-16.1161],[-39.556,-16.12],[-39.5602,-16.1152],[-39.6023,-16.1341],[-39.7081,-16.1817],[-39.7391,-16.1957],[-39.7973,-16.2218],[-39.8017,-16.2238],[-39.8078,-16.2389],[-39.8163,-16.2323],[-39.8246,-16.2332],[-39.8279,-16.2366],[-39.8379,-16.2318],[-39.8452,-16.2342],[-39.8626,-16.2518],[-39.8717,-16.2555],[-39.8745,-16.2494],[-39.8883,-16.244],[-39.8971,-16.2778],[-39.9042,-16.2847],[-39.9163,-16.2834],[-39.9197,-16.2633],[-39.9282,-16.2577],[-39.9361,-16.2453],[-39.9119,-16.2159],[-39.9123,-16.2098],[-39.9018,-16.208],[-39.898,-16.2009],[-39.883,-16.1942],[-39.8826,-16.1633],[-39.8869,-16.1505],[-39.8933,-16.1499],[-39.8966,-16.1411],[-39.8901,-16.1379],[-39.883,-16.1444],[-39.872,-16.1363],[-39.8604,-16.1243],[-39.8565,-16.1134],[-39.8644,-16.1034],[-39.8662,-16.0951],[-39.877,-16.0911],[-39.8763,-16.0788],[-39.8816,-16.0676],[-39.8999,-16.0583],[-39.8991,-16.0491],[-39.9218,-16.0282],[-39.9315,-16.0269],[-39.9353,-16.0233],[-39.9179,-16.0066],[-39.9148,-15.9995],[-39.8666,-15.9969],[-39.8581,-15.984],[-39.8503,-15.9828],[-39.8434,-15.9766],[-39.8188,-15.9785],[-39.8133,-15.9799],[-39.8029,-15.9707],[-39.7865,-15.9684],[-39.7486,-15.9719]]]}},{"type":"Feature","properties":{"nome":"Itaguaçu da Bahia","cod":"2915353","uf":"BA"},"geometry":{"type":"Polygon","coordinates":[[[-41.9745,-10.6847],[-41.9722,-10.6929],[-41.9669,-10.6921],[-41.9684,-10.6943],[-41.9612,-10.7081],[-41.9426,-10.7194],[-41.9356,-10.7349],[-41.9245,-10.7459],[-41.9164,-10.7649],[-41.9096,-10.8003],[-41.8901,-10.8254],[-41.8909,-10.8526],[-41.899,-10.8736],[-41.8966,-10.8906],[-41.9683,-10.9771],[-42.0013,-11.0168],[-42.0053,-11.0216],[-42.0493,-11.0191],[-42.0788,-11.0175],[-42.0887,-11.0169],[-42.1449,-11.0229],[-42.1465,-11.0465],[-42.1892,-11.0744],[-42.256,-11.143],[-42.2562,-11.1432],[-42.2399,-11.2601],[-42.2499,-11.2497],[-42.3263,-11.2887],[-42.3265,-11.2888],[-42.339,-11.2765],[-42.384,-11.2767],[-42.4257,-11.2835],[-42.4321,-11.2804],[-42.4476,-11.2566],[-42.4426,-11.2487],[-42.4435,-11.2432],[-42.4593,-11.227],[-42.4584,-11.2225],[-42.4518,-11.2207],[-42.4514,-11.2166],[-42.4753,-11.1771],[-42.4862,-11.1496],[-42.5047,-11.1534],[-42.5156,-11.1332],[-42.5114,-11.1076],[-42.5015,-11.0982],[-42.5054,-11.0663],[-42.4946,-11.0461],[-42.4908,-11.0421],[-42.5217,-10.9037],[-42.384,-10.7735],[-42.3782,-10.7723],[-42.3737,-10.7767],[-42.3689,-10.7748],[-42.3635,-10.7715],[-42.3644,-10.765],[-42.3601,-10.7627],[-42.3517,-10.7384],[-42.3422,-10.7252],[-42.342,-10.684],[-42.327,-10.6743],[-42.3217,-10.6597],[-42.3307,-10.6514],[-42.3275,-10.6456],[-42.3272,-10.6452],[-42.3245,-10.6163],[-42.3341,-10.6076],[-42.329,-10.6013],[-42.3289,-10.585],[-42.3377,-10.5729],[-42.3368,-10.5664],[-42.3432,-10.5594],[-42.3392,-10.5491],[-42.3463,-10.5465],[-42.3558,-10.5306],[-42.3578,-10.5118],[-42.3483,-10.4875],[-42.3288,-10.4694],[-42.3134,-10.4438],[-42.3152,-10.4397],[-42.3327,-10.4303],[-42.3343,-10.4209],[-42.3281,-10.4106],[-42.3318,-10.4001],[-42.3297,-10.3926],[-42.3454,-10.3874],[-42.3501,-10.3822],[-42.3441,-10.3671],[-42.3583,-10.3661],[-42.366,-10.3612],[-42.3616,-10.346],[-42.3629,-10.3374],[-42.3783,-10.3309],[-42.3817,-10.323],[-42.3909,-10.3202],[-42.3963,-10.3137],[-42.3944,-10.304],[-42.3738,-10.2874],[-42.3652,-10.2648],[-42.3741,-10.2373],[-42.385,-10.2251],[-42.3883,-10.1976],[-42.4052,-10.1856],[-42.414,-10.1721],[-42.1835,-10.2493],[-42.1592,-10.2574],[-42.1545,-10.266],[-42.1544,-10.2776],[-42.1491,-10.2805],[-42.1495,-10.2837],[-42.1422,-10.2902],[-42.1434,-10.2942],[-42.1364,-10.3002],[-42.1302,-10.3259],[-42.131,-10.3374],[-42.1349,-10.3395],[-42.1327,-10.3457],[-42.123,-10.3569],[-42.0972,-10.3741],[-42.0913,-10.382],[-42.094,-10.408],[-42.0985,-10.4133],[-42.0854,-10.425],[-42.0844,-10.4426],[-42.0798,-10.4536],[-42.0833,-10.4674],[-42.089,-10.475],[-42.0871,-10.4805],[-42.0686,-10.4939],[-42.0717,-10.502],[-42.0639,-10.5141],[-42.0662,-10.5278],[-42.0475,-10.5447],[-42.0423,-10.5681],[-42.0347,-10.5755],[-42.0346,-10.5847],[-42.0277,-10.5874],[-42.0294,-10.5922],[-42.0222,-10.5935],[-42.0151,-10.6059],[-42.0154,-10.6112],[-42.0203,-10.6116],[-42.0139,-10.6181],[-42.0162,-10.6252],[-42.0117,-10.6309],[-41.9887,-10.654],[-41.9841,-10.6546],[-41.9837,-10.6596],[-41.9894,-10.6681],[-41.9809,-10.6712],[-41.9793,-10.6814],[-41.9745,-10.6847]]]}},{"type":"Feature","properties":{"nome":"Itaju do Colônia","cod":"2915403","uf":"BA"},"geometry":{"type":"Polygon","coordinates":[[[-39.7006,-14.9315],[-39.5862,-15.0151],[-39.5813,-15.0186],[-39.5815,-15.0232],[-39.5704,-15.0399],[-39.5696,-15.0762],[-39.5661,-15.0872],[-39.5741,-15.103],[-39.5722,-15.1102],[-39.5798,-15.1166],[-39.5781,-15.1233],[-39.5867,-15.1334],[-39.5842,-15.1436],[-39.5782,-15.1416],[-39.5769,-15.1459],[-39.5678,-15.1473],[-39.5687,-15.1562],[-39.5735,-15.173],[-39.5701,-15.1828],[-39.5666,-15.1926],[-39.5751,-15.2132],[-39.5843,-15.2193],[-39.5919,-15.2416],[-39.5896,-15.2631],[-39.5841,-15.2653],[-39.5781,-15.2776],[-39.573,-15.2799],[-39.5801,-15.282],[-39.5953,-15.2715],[-39.6023,-15.2729],[-39.604,-15.274],[-39.6116,-15.2749],[-39.616,-15.27],[-39.6229,-15.269],[-39.6386,-15.2758],[-39.6511,-15.2738],[-39.6641,-15.3057],[-39.6741,-15.3043],[-39.6896,-15.2981],[-39.6833,-15.3211],[-39.6841,-15.3341],[-39.6997,-15.3411],[-39.7024,-15.3535],[-39.7089,-15.3561],[-39.7155,-15.3529],[-39.7233,-15.3538],[-39.7345,-15.3734],[-39.733,-15.38],[-39.7395,-15.3857],[-39.7506,-15.3751],[-39.7596,-15.373],[-39.762,-15.3676],[-39.7655,-15.3676],[-39.7656,-15.3676],[-39.7772,-15.3744],[-39.789,-15.3732],[-39.7922,-15.3651],[-39.7903,-15.3599],[-39.7971,-15.343],[-39.8069,-15.342],[-39.8122,-15.3235],[-39.824,-15.3177],[-39.8305,-15.3193],[-39.8316,-15.3098],[-39.8383,-15.3128],[-39.8466,-15.3113],[-39.8488,-15.302],[-39.8579,-15.2627],[-39.8948,-15.1022],[-39.895,-15.1012],[-39.8907,-15.0965],[-39.8949,-15.0531],[-39.9008,-15.0523],[-39.9008,-15.0456],[-39.9103,-15.0435],[-39.9125,-15.038],[-39.9035,-15.0257],[-39.9001,-15.025],[-39.9005,-15.0126],[-39.8947,-15.003],[-39.8975,-14.9896],[-39.8946,-14.9808],[-39.89,-14.9823],[-39.8886,-15.0067],[-39.8845,-15.0127],[-39.8712,-15.0153],[-39.869,-15.0126],[-39.8607,-15.0117],[-39.8551,-15.003],[-39.8365,-15.0003],[-39.8282,-14.982],[-39.8168,-14.9695],[-39.8124,-14.9695],[-39.8085,-14.9734],[-39.8007,-14.9823],[-39.779,-14.9845],[-39.775,-14.9901],[-39.7593,-14.9851],[-39.7536,-14.9842],[-39.7472,-14.9761],[-39.7428,-14.9761],[-39.738,-14.975],[-39.7353,-14.9834],[-39.7271,-14.9845],[-39.7072,-14.9728],[-39.7013,-14.9753],[-39.6901,-14.9705],[-39.6856,-14.9612],[-39.6866,-14.9534],[-39.6967,-14.9518],[-39.7034,-14.9468],[-39.7006,-14.9315]]]}},{"type":"Feature","properties":{"nome":"Itajuípe","cod":"2915502","uf":"BA"},"geometry":{"type":"Polygon","coordinates":[[[-39.352,-14.6605],[-39.2988,-14.6861],[-39.287,-14.6918],[-39.2937,-14.6913],[-39.2969,-14.6911],[-39.3053,-14.7037],[-39.3133,-14.7027],[-39.3202,-14.7101],[-39.3262,-14.7115],[-39.3289,-14.7188],[-39.3396,-14.7292],[-39.3429,-14.7238],[-39.3491,-14.7176],[-39.3594,-14.7147],[-39.3664,-14.6947],[-39.3686,-14.6884],[-39.3724,-14.6913],[-39.3722,-14.6979],[-39.3788,-14.7028],[-39.3855,-14.7181],[-39.3893,-14.7105],[-39.3946,-14.7128],[-39.405,-14.7101],[-39.4126,-14.7186],[-39.413,-14.7185],[-39.4222,-14.7131],[-39.43,-14.7161],[-39.4338,-14.7406],[-39.4521,-14.756],[-39.4491,-14.7654],[-39.4579,-14.7653],[-39.4605,-14.7602],[-39.4766,-14.7518],[-39.4876,-14.7462],[-39.5102,-14.7331],[-39.4974,-14.7713],[-39.4837,-14.8103],[-39.5278,-14.8068],[-39.5299,-14.8066],[-39.532,-14.7165],[-39.5317,-14.7141],[-39.5264,-14.6794],[-39.5124,-14.6618],[-39.5099,-14.66],[-39.5119,-14.6563],[-39.5206,-14.6505],[-39.5238,-14.6399],[-39.5221,-14.6287],[-39.517,-14.6088],[-39.5203,-14.6009],[-39.5177,-14.5857],[-39.5084,-14.5564],[-39.5098,-14.5474],[-39.4824,-14.5784],[-39.4651,-14.5971],[-39.4639,-14.5984],[-39.4503,-14.6132],[-39.4322,-14.6219],[-39.4321,-14.6219],[-39.401,-14.6369],[-39.3949,-14.6399],[-39.3823,-14.6459],[-39.3548,-14.6592],[-39.352,-14.6605]]]}},{"type":"Feature","properties":{"nome":"Itamaraju","cod":"2915601","uf":"BA"},"geometry":{"type":"Polygon","coordinates":[[[-39.7513,-16.7468],[-39.7455,-16.7478],[-39.7408,-16.7415],[-39.7257,-16.7443],[-39.7214,-16.7322],[-39.7141,-16.7309],[-39.7068,-16.7366],[-39.6994,-16.7302],[-39.6877,-16.7371],[-39.6803,-16.7378],[-39.685,-16.7469],[-39.6774,-16.7553],[-39.6805,-16.7604],[-39.6774,-16.7643],[-39.6719,-16.7596],[-39.6668,-16.7454],[-39.6619,-16.7533],[-39.661,-16.7809],[-39.6526,-16.7866],[-39.646,-16.7853],[-39.6409,-16.7906],[-39.6276,-16.8074],[-39.6226,-16.8137],[-39.6138,-16.8128],[-39.6168,-16.8236],[-39.6247,-16.8301],[-39.6222,-16.8337],[-39.6064,-16.8342],[-39.5986,-16.845],[-39.5882,-16.8438],[-39.5819,-16.8504],[-39.5568,-16.847],[-39.5505,-16.8385],[-39.5454,-16.8408],[-39.5337,-16.8373],[-39.5113,-16.8414],[-39.5218,-16.8517],[-39.5147,-16.8585],[-39.5115,-16.8771],[-39.5002,-16.8775],[-39.4949,-16.8819],[-39.4923,-16.8909],[-39.498,-16.8994],[-39.4898,-16.9036],[-39.4938,-16.9116],[-39.4891,-16.9166],[-39.4929,-16.9218],[-39.4901,-16.9261],[-39.4839,-16.9286],[-39.4696,-16.9218],[-39.4706,-16.9437],[-39.4609,-16.9527],[-39.4557,-16.9572],[-39.4606,-16.9677],[-39.4564,-16.9781],[-39.4556,-16.9994],[-39.4475,-17.0395],[-39.4549,-17.0721],[-39.4642,-17.0865],[-39.4658,-17.0953],[-39.4772,-17.0996],[-39.4773,-17.0996],[-39.5697,-17.1332],[-39.5703,-17.1334],[-39.6456,-17.161],[-39.7254,-17.1903],[-39.7939,-17.2154],[-39.811,-17.2217],[-39.8469,-17.2349],[-39.847,-17.2349],[-39.8544,-17.2402],[-39.8582,-17.2416],[-39.8614,-17.2377],[-39.8789,-17.2321],[-39.8835,-17.2259],[-39.8882,-17.2331],[-39.8989,-17.2307],[-39.9073,-17.2215],[-39.9062,-17.2125],[-39.9181,-17.2084],[-39.9315,-17.2086],[-39.9309,-17.2044],[-39.936,-17.2007],[-39.9501,-17.2085],[-39.9578,-17.208],[-39.9652,-17.2],[-39.9647,-17.1942],[-39.9777,-17.188],[-39.9823,-17.1867],[-39.9935,-17.1726],[-39.9878,-17.1663],[-39.9906,-17.1565],[-39.9929,-17.1545],[-39.998,-17.1567],[-40.0126,-17.1488],[-40.0119,-17.1444],[-40.0191,-17.136],[-40.0163,-17.1317],[-40.0246,-17.1288],[-40.0296,-17.1299],[-40.0421,-17.1196],[-40.0573,-17.1135],[-40.0659,-17.1031],[-40.0686,-17.0893],[-40.073,-17.0914],[-40.0779,-17.0819],[-40.076,-17.0738],[-40.0691,-17.0751],[-40.067,-17.0707],[-40.0683,-17.0661],[-40.0736,-17.0634],[-40.0735,-17.0563],[-40.0778,-17.0536],[-40.079,-17.0417],[-40.0766,-17.039],[-40.0805,-17.0268],[-40.0609,-16.9977],[-40.0599,-16.9927],[-40.063,-16.9864],[-40.0659,-16.9872],[-40.0602,-16.974],[-40.0557,-16.9683],[-40.048,-16.9671],[-40.0437,-16.9601],[-40.0512,-16.9485],[-40.0469,-16.9427],[-40.0418,-16.9441],[-40.0406,-16.9497],[-40.0294,-16.9488],[-40.0276,-16.9454],[-40.0333,-16.9403],[-40.0275,-16.9358],[-40.0216,-16.9366],[-40.0115,-16.9404],[-40.006,-16.9349],[-39.9994,-16.9176],[-40.0005,-16.9118],[-39.9901,-16.8943],[-39.9939,-16.871],[-39.984,-16.8676],[-39.9678,-16.8722],[-39.9618,-16.8554],[-39.9569,-16.8535],[-39.9549,-16.8481],[-39.9465,-16.8461],[-39.9382,-16.8516],[-39.938,-16.856],[-39.9342,-16.855],[-39.9307,-16.8592],[-39.9311,-16.8662],[-39.9265,-16.8654],[-39.9172,-16.8756],[-39.9156,-16.8721],[-39.912,-16.8741],[-39.9115,-16.8732],[-39.9111,-16.8694],[-39.9067,-16.8679],[-39.904,-16.8669],[-39.9062,-16.8611],[-39.8886,-16.8516],[-39.8869,-16.8467],[-39.8749,-16.8396],[-39.8645,-16.8389],[-39.8601,-16.8436],[-39.8541,-16.844],[-39.8498,-16.8369],[-39.846,-16.839],[-39.8423,-16.834],[-39.8408,-16.8374],[-39.8379,-16.8404],[-39.8389,-16.8462],[-39.8276,-16.8501],[-39.8126,-16.8465],[-39.8024,-16.8521],[-39.7959,-16.8602],[-39.795,-16.8564],[-39.7883,-16.8534],[-39.7858,-16.8624],[-39.7767,-16.8607],[-39.7749,-16.8679],[-39.7665,-16.8667],[-39.7727,-16.8431],[-39.7695,-16.828],[-39.7832,-16.8099],[-39.7769,-16.7949],[-39.7858,-16.7741],[-39.7864,-16.7625],[-39.7839,-16.7419],[-39.7772,-16.7397],[-39.7697,-16.7307],[-39.756,-16.7392],[-39.7513,-16.7468]]]}},{"type":"Feature","properties":{"nome":"Itamari","cod":"2915700","uf":"BA"},"geometry":{"type":"Polygon","coordinates":[[[-39.6469,-13.8104],[-39.67,-13.8593],[-39.6857,-13.8561],[-39.6987,-13.8477],[-39.7017,-13.8367],[-39.6956,-13.8265],[-39.6887,-13.8218],[-39.6889,-13.8081],[-39.6913,-13.8039],[-39.6971,-13.8029],[-39.6994,-13.7958],[-39.6989,-13.7821],[-39.6905,-13.7716],[-39.6938,-13.7645],[-39.6999,-13.7637],[-39.6913,-13.7468],[-39.6888,-13.7253],[-39.6784,-13.7123],[-39.6614,-13.6982],[-39.6616,-13.695],[-39.6534,-13.697],[-39.6532,-13.6971],[-39.6361,-13.7038],[-39.6353,-13.7041],[-39.5975,-13.7189],[-39.5976,-13.7192],[-39.6165,-13.7529],[-39.6233,-13.7654],[-39.6467,-13.81],[-39.6469,-13.8104]]]}},{"type":"Feature","properties":{"nome":"Itambé","cod":"2915809","uf":"BA"},"geometry":{"type":"Polygon","coordinates":[[[-40.1548,-15.045],[-40.1526,-15.0478],[-40.1451,-15.0404],[-40.1351,-15.0438],[-40.1189,-15.0472],[-40.1161,-15.0531],[-40.1103,-15.0551],[-40.101,-15.0853],[-40.1001,-15.0912],[-40.0984,-15.1026],[-40.0946,-15.1053],[-40.1328,-15.2241],[-40.2765,-15.1936],[-40.3323,-15.242],[-40.3712,-15.2757],[-40.3832,-15.2739],[-40.3909,-15.285],[-40.4235,-15.3088],[-40.429,-15.3192],[-40.4355,-15.3166],[-40.4364,-15.3101],[-40.4406,-15.3073],[-40.4558,-15.3077],[-40.4602,-15.2995],[-40.468,-15.2981],[-40.471,-15.3007],[-40.4788,-15.2901],[-40.4853,-15.2952],[-40.4898,-15.2949],[-40.4908,-15.279],[-40.4947,-15.2775],[-40.5057,-15.2762],[-40.5113,-15.2826],[-40.5144,-15.2772],[-40.522,-15.2747],[-40.5329,-15.2832],[-40.5465,-15.2872],[-40.5461,-15.2774],[-40.5403,-15.2722],[-40.5464,-15.2687],[-40.552,-15.2746],[-40.561,-15.2704],[-40.5645,-15.2777],[-40.5716,-15.2785],[-40.5811,-15.2763],[-40.5911,-15.263],[-40.5935,-15.2712],[-40.5886,-15.2808],[-40.6,-15.2803],[-40.6073,-15.2837],[-40.6137,-15.2711],[-40.6221,-15.2652],[-40.6262,-15.2669],[-40.6272,-15.2748],[-40.632,-15.2805],[-40.6355,-15.2798],[-40.6378,-15.269],[-40.6337,-15.2605],[-40.6325,-15.2536],[-40.6274,-15.251],[-40.6334,-15.2501],[-40.6418,-15.2549],[-40.6465,-15.2733],[-40.6522,-15.2749],[-40.6537,-15.2676],[-40.6669,-15.2668],[-40.6772,-15.2456],[-40.6763,-15.2392],[-40.6836,-15.2393],[-40.6983,-15.2445],[-40.7043,-15.2508],[-40.7108,-15.2511],[-40.7157,-15.2452],[-40.7237,-15.2434],[-40.7481,-15.2487],[-40.7626,-15.2431],[-40.7695,-15.2439],[-40.7896,-15.2468],[-40.7976,-15.2601],[-40.8027,-15.2779],[-40.8166,-15.2846],[-40.8238,-15.2783],[-40.8475,-15.2691],[-40.8478,-15.2553],[-40.8485,-15.2262],[-40.8475,-15.0933],[-40.8473,-15.0884],[-40.8469,-15.0782],[-40.8422,-15.0781],[-40.8295,-15.0779],[-40.7752,-15.077],[-40.7751,-15.077],[-40.7089,-15.076],[-40.7028,-15.076],[-40.6699,-15.0719],[-40.5948,-15.0627],[-40.5643,-15.059],[-40.5404,-15.059],[-40.4728,-15.0591],[-40.4628,-15.0591],[-40.418,-15.0712],[-40.3685,-15.0846],[-40.3207,-15.0975],[-40.3072,-15.0901],[-40.3026,-15.0876],[-40.2504,-15.0592],[-40.1586,-15.0092],[-40.1546,-15.0229],[-40.1497,-15.039],[-40.1548,-15.045]]]}},{"type":"Feature","properties":{"nome":"Itanagra","cod":"2915908","uf":"BA"},"geometry":{"type":"Polygon","coordinates":[[[-38.0181,-12.2172],[-37.9597,-12.2666],[-37.9414,-12.2821],[-37.9561,-12.3525],[-37.9475,-12.3535],[-37.9693,-12.3693],[-37.9706,-12.3702],[-38.0046,-12.3981],[-38.0487,-12.4235],[-38.0643,-12.4325],[-38.0851,-12.4445],[-38.0982,-12.4353],[-38.0941,-12.4294],[-38.0892,-12.4254],[-38.0923,-12.4177],[-38.1054,-12.4114],[-38.1041,-12.394],[-38.1107,-12.3959],[-38.1149,-12.3924],[-38.1221,-12.395],[-38.1202,-12.3886],[-38.1251,-12.3865],[-38.1271,-12.3788],[-38.1341,-12.3751],[-38.1437,-12.3707],[-38.1471,-12.3682],[-38.145,-12.3626],[-38.1482,-12.3588],[-38.1524,-12.3605],[-38.1554,-12.3513],[-38.1581,-12.3403],[-38.1627,-12.3369],[-38.159,-12.3312],[-38.1639,-12.326],[-38.1595,-12.3173],[-38.1551,-12.3182],[-38.1592,-12.31],[-38.151,-12.3053],[-38.1593,-12.3004],[-38.1477,-12.2929],[-38.142,-12.298],[-38.138,-12.2913],[-38.1396,-12.2885],[-38.1451,-12.2888],[-38.1472,-12.2833],[-38.1629,-12.2801],[-38.1659,-12.275],[-38.1619,-12.2684],[-38.1739,-12.2608],[-38.0452,-12.2486],[-38.0401,-12.248],[-38.0476,-12.2456],[-38.055,-12.2371],[-38.0691,-12.2347],[-38.0775,-12.2379],[-38.0812,-12.208],[-38.0668,-12.1853],[-38.0708,-12.1805],[-38.0776,-12.1804],[-38.0783,-12.1628],[-38.0346,-12.1632],[-38.0203,-12.1811],[-38.0181,-12.2171],[-38.0181,-12.2172]]]}},{"type":"Feature","properties":{"nome":"Itanhém","cod":"2916005","uf":"BA"},"geometry":{"type":"Polygon","coordinates":[[[-40.4486,-16.8919],[-40.4366,-16.8927],[-40.4343,-16.8871],[-40.4172,-16.8988],[-40.4072,-16.8982],[-40.418,-16.9264],[-40.3961,-16.9481],[-40.3917,-16.9601],[-40.367,-16.9647],[-40.357,-16.9748],[-40.3561,-16.9841],[-40.3515,-16.9869],[-40.335,-16.9811],[-40.3276,-16.9901],[-40.3269,-16.9977],[-40.3205,-17.0019],[-40.3089,-16.9977],[-40.2936,-17.0075],[-40.2848,-17.0038],[-40.2758,-16.9947],[-40.2712,-16.9979],[-40.2695,-17.0043],[-40.2577,-17.0039],[-40.2523,-17.0089],[-40.2528,-17.0159],[-40.2356,-17.0194],[-40.2334,-17.0249],[-40.2251,-17.0223],[-40.2236,-17.0367],[-40.2172,-17.0417],[-40.1871,-17.0743],[-40.1794,-17.0781],[-40.1701,-17.0709],[-40.1646,-17.076],[-40.164,-17.0837],[-40.1624,-17.088],[-40.166,-17.0944],[-40.1619,-17.1083],[-40.1452,-17.0925],[-40.143,-17.0974],[-40.1313,-17.1024],[-40.1242,-17.0956],[-40.1185,-17.0986],[-40.1257,-17.106],[-40.121,-17.1113],[-40.1324,-17.1145],[-40.1359,-17.1246],[-40.1509,-17.1354],[-40.1461,-17.1436],[-40.1489,-17.1508],[-40.1431,-17.1552],[-40.144,-17.1629],[-40.1526,-17.1683],[-40.1526,-17.1715],[-40.147,-17.181],[-40.1412,-17.1794],[-40.1393,-17.1779],[-40.1358,-17.1773],[-40.1262,-17.1887],[-40.1345,-17.207],[-40.1307,-17.214],[-40.1356,-17.2215],[-40.1333,-17.2261],[-40.139,-17.2327],[-40.1299,-17.2456],[-40.1418,-17.2483],[-40.1605,-17.2456],[-40.1637,-17.2486],[-40.2091,-17.2259],[-40.2105,-17.2251],[-40.2384,-17.2477],[-40.27,-17.2734],[-40.3195,-17.3139],[-40.3197,-17.3142],[-40.3272,-17.329],[-40.3513,-17.2949],[-40.3823,-17.2663],[-40.4036,-17.2677],[-40.4343,-17.2709],[-40.5474,-17.2832],[-40.5616,-17.272],[-40.563,-17.2588],[-40.5709,-17.2525],[-40.5682,-17.2466],[-40.5695,-17.2411],[-40.5641,-17.2395],[-40.558,-17.2302],[-40.5623,-17.217],[-40.5612,-17.2087],[-40.552,-17.1987],[-40.5538,-17.1883],[-40.5721,-17.1819],[-40.5742,-17.1799],[-40.5782,-17.1492],[-40.5777,-17.1441],[-40.5708,-17.1401],[-40.5625,-17.1259],[-40.5617,-17.1113],[-40.5568,-17.1044],[-40.5562,-17.0963],[-40.561,-17.082],[-40.5695,-17.0806],[-40.5702,-17.0718],[-40.5704,-17.0619],[-40.5695,-17.0597],[-40.5522,-17.0192],[-40.5552,-17.0129],[-40.5451,-16.9837],[-40.5346,-16.9803],[-40.5159,-16.9631],[-40.5058,-16.9337],[-40.5043,-16.9288],[-40.4923,-16.9036],[-40.4908,-16.884],[-40.4798,-16.8763],[-40.4537,-16.8811],[-40.4486,-16.8919]]]}},{"type":"Feature","properties":{"nome":"Itaparica","cod":"2916104","uf":"BA"},"geometry":{"type":"Polygon","coordinates":[[[-38.6159,-12.9308],[-38.6235,-12.9342],[-38.6303,-12.9289],[-38.6694,-12.9308],[-38.6938,-12.9276],[-38.7257,-12.9268],[-38.7085,-12.8965],[-38.7044,-12.8782],[-38.7067,-12.8693],[-38.7211,-12.8558],[-38.7219,-12.8419],[-38.7128,-12.8285],[-38.6968,-12.8137],[-38.6918,-12.826],[-38.6795,-12.8417],[-38.6588,-12.8563],[-38.5856,-12.8938],[-38.5618,-12.9195],[-38.6159,-12.9308]]]}},{"type":"Feature","properties":{"nome":"Itapé","cod":"2916203","uf":"BA"},"geometry":{"type":"Polygon","coordinates":[[[-39.4033,-14.8568],[-39.3944,-14.8579],[-39.3842,-14.8487],[-39.3767,-14.8514],[-39.3671,-14.8492],[-39.3579,-14.865],[-39.3553,-14.8657],[-39.3634,-14.8795],[-39.3648,-14.8962],[-39.3697,-14.8995],[-39.3756,-14.9089],[-39.3745,-14.9205],[-39.3934,-14.972],[-39.4134,-14.9986],[-39.4192,-15.0115],[-39.4369,-15.0242],[-39.4413,-15.025],[-39.4474,-15.034],[-39.5224,-15.0597],[-39.5813,-15.0186],[-39.5862,-15.0151],[-39.7006,-14.9315],[-39.6989,-14.9265],[-39.6898,-14.9226],[-39.6822,-14.9252],[-39.6788,-14.9207],[-39.6754,-14.9303],[-39.6687,-14.9314],[-39.6634,-14.928],[-39.6395,-14.9249],[-39.6231,-14.9257],[-39.6225,-14.9198],[-39.6188,-14.9178],[-39.619,-14.9072],[-39.6078,-14.9068],[-39.6028,-14.9011],[-39.5951,-14.9032],[-39.5841,-14.8982],[-39.5774,-14.9035],[-39.5668,-14.905],[-39.5669,-14.9163],[-39.5562,-14.9197],[-39.5521,-14.9147],[-39.536,-14.9109],[-39.5345,-14.8983],[-39.5304,-14.8969],[-39.5214,-14.8933],[-39.515,-14.8956],[-39.5069,-14.8968],[-39.5067,-14.9077],[-39.4973,-14.9118],[-39.4887,-14.8949],[-39.4723,-14.8925],[-39.4719,-14.8833],[-39.473,-14.8802],[-39.4722,-14.8724],[-39.4672,-14.8666],[-39.4661,-14.8489],[-39.4155,-14.8553],[-39.4033,-14.8568]]]}},{"type":"Feature","properties":{"nome":"Itapebi","cod":"2916302","uf":"BA"},"geometry":{"type":"Polygon","coordinates":[[[-39.6283,-15.7501],[-39.6087,-15.7584],[-39.5936,-15.7687],[-39.5917,-15.7736],[-39.5863,-15.7683],[-39.5739,-15.7756],[-39.5711,-15.7756],[-39.5723,-15.7894],[-39.573,-15.7979],[-39.5691,-15.8065],[-39.5511,-15.817],[-39.5448,-15.827],[-39.5275,-15.8414],[-39.5188,-15.8552],[-39.5125,-15.8549],[-39.5069,-15.8672],[-39.4956,-15.8755],[-39.4926,-15.8824],[-39.4947,-15.8999],[-39.4871,-15.9048],[-39.4797,-15.9203],[-39.4731,-15.921],[-39.4706,-15.9256],[-39.4741,-15.9295],[-39.4645,-15.9477],[-39.4687,-15.9666],[-39.4742,-15.9711],[-39.4718,-15.9766],[-39.4773,-15.9791],[-39.4783,-15.9843],[-39.4636,-15.9915],[-39.4631,-15.9983],[-39.4758,-16.0],[-39.4841,-16.009],[-39.4885,-16.0181],[-39.4853,-16.0361],[-39.4888,-16.044],[-39.4867,-16.051],[-39.4989,-16.0512],[-39.4975,-16.0585],[-39.4964,-16.0656],[-39.5211,-16.0518],[-39.5566,-16.0319],[-39.5923,-16.0442],[-39.6093,-16.036],[-39.6094,-16.036],[-39.6848,-15.9997],[-39.7486,-15.9719],[-39.7865,-15.9684],[-39.8029,-15.9707],[-39.8133,-15.9799],[-39.8188,-15.9785],[-39.8434,-15.9766],[-39.8506,-15.9638],[-39.8648,-15.9577],[-39.8673,-15.9534],[-39.8792,-15.9521],[-39.8926,-15.9572],[-39.8972,-15.9495],[-39.909,-15.9466],[-39.9126,-15.9343],[-39.9242,-15.9237],[-39.9319,-15.9226],[-39.942,-15.9066],[-39.9492,-15.8967],[-39.9477,-15.883],[-39.9519,-15.8745],[-39.9496,-15.8687],[-39.9447,-15.8684],[-39.9303,-15.8841],[-39.9224,-15.8696],[-39.9102,-15.8707],[-39.893,-15.877],[-39.8824,-15.893],[-39.8756,-15.8836],[-39.859,-15.8755],[-39.8497,-15.8744],[-39.8453,-15.8818],[-39.8338,-15.8836],[-39.8322,-15.8781],[-39.836,-15.8709],[-39.8258,-15.8697],[-39.8154,-15.8638],[-39.815,-15.8453],[-39.8025,-15.838],[-39.795,-15.8388],[-39.7907,-15.836],[-39.7936,-15.8237],[-39.7908,-15.8158],[-39.781,-15.8151],[-39.7636,-15.8015],[-39.7517,-15.8007],[-39.7377,-15.7888],[-39.7309,-15.7774],[-39.7119,-15.7787],[-39.6937,-15.7724],[-39.6853,-15.7659],[-39.6775,-15.7652],[-39.6729,-15.7512],[-39.6694,-15.7543],[-39.6625,-15.751],[-39.6565,-15.7544],[-39.6545,-15.7503],[-39.6503,-15.745],[-39.6324,-15.7427],[-39.6283,-15.7501]]]}},{"type":"Feature","properties":{"nome":"Itapetinga","cod":"2916401","uf":"BA"},"geometry":{"type":"Polygon","coordinates":[[[-40.0679,-15.1214],[-40.0615,-15.1253],[-40.0505,-15.121],[-40.0398,-15.1252],[-40.0365,-15.1191],[-40.0266,-15.1175],[-40.0236,-15.1099],[-40.0196,-15.1105],[-40.0193,-15.1134],[-40.0103,-15.1117],[-40.0093,-15.1143],[-39.9958,-15.1116],[-39.9847,-15.115],[-39.9793,-15.1129],[-39.9723,-15.122],[-39.9603,-15.1248],[-39.9443,-15.1198],[-39.94,-15.1151],[-39.9385,-15.1044],[-39.9264,-15.1119],[-39.9217,-15.1029],[-39.9193,-15.1034],[-39.9181,-15.0984],[-39.9057,-15.0983],[-39.9036,-15.0957],[-39.8997,-15.1011],[-39.895,-15.1012],[-39.8948,-15.1022],[-39.8579,-15.2627],[-39.8488,-15.302],[-39.8466,-15.3113],[-39.823,-15.3932],[-39.8094,-15.4403],[-39.7746,-15.5593],[-39.7778,-15.5594],[-39.778,-15.5547],[-39.7904,-15.5415],[-39.8131,-15.5367],[-39.8169,-15.5285],[-39.8306,-15.5304],[-39.844,-15.5353],[-39.8551,-15.5249],[-39.8755,-15.5205],[-39.8852,-15.5228],[-39.8843,-15.5094],[-39.9001,-15.4917],[-39.9161,-15.4838],[-39.9162,-15.4646],[-39.945,-15.466],[-39.9427,-15.4569],[-39.9306,-15.4431],[-39.9348,-15.4391],[-39.9644,-15.4524],[-39.9695,-15.4517],[-39.9755,-15.4466],[-39.9624,-15.4309],[-39.9843,-15.4211],[-40.0018,-15.4251],[-40.013,-15.4235],[-40.0291,-15.4354],[-40.0359,-15.4333],[-40.0361,-15.4267],[-40.0294,-15.4161],[-40.0396,-15.4104],[-40.0444,-15.3883],[-40.0584,-15.3878],[-40.0653,-15.3926],[-40.0764,-15.3847],[-40.0771,-15.39],[-40.0922,-15.3988],[-40.0947,-15.3915],[-40.0869,-15.3835],[-40.1018,-15.3798],[-40.0957,-15.372],[-40.0973,-15.3661],[-40.1027,-15.3615],[-40.1086,-15.3612],[-40.1227,-15.3635],[-40.1283,-15.3613],[-40.135,-15.3648],[-40.1498,-15.3596],[-40.1608,-15.3617],[-40.1662,-15.3705],[-40.1466,-15.388],[-40.1445,-15.3934],[-40.1533,-15.4078],[-40.1612,-15.4112],[-40.1654,-15.4094],[-40.1576,-15.3981],[-40.1653,-15.3826],[-40.1738,-15.386],[-40.1775,-15.4034],[-40.1856,-15.4086],[-40.1937,-15.412],[-40.2065,-15.4274],[-40.2113,-15.4279],[-40.2299,-15.4121],[-40.2453,-15.4123],[-40.2536,-15.4013],[-40.2594,-15.4153],[-40.2702,-15.4099],[-40.2836,-15.4157],[-40.295,-15.4113],[-40.2965,-15.4234],[-40.3049,-15.4259],[-40.3168,-15.4246],[-40.3135,-15.4078],[-40.3169,-15.4012],[-40.3234,-15.3994],[-40.3297,-15.3956],[-40.3335,-15.3851],[-40.35,-15.3794],[-40.3482,-15.3715],[-40.3409,-15.3631],[-40.3451,-15.354],[-40.3574,-15.3558],[-40.3613,-15.351],[-40.3561,-15.3327],[-40.3485,-15.3279],[-40.3535,-15.3148],[-40.3624,-15.3196],[-40.374,-15.3206],[-40.3786,-15.3151],[-40.3704,-15.3104],[-40.3666,-15.2862],[-40.3632,-15.2829],[-40.3712,-15.2757],[-40.3323,-15.242],[-40.2765,-15.1936],[-40.1328,-15.2241],[-40.0946,-15.1053],[-40.0822,-15.1165],[-40.0758,-15.118],[-40.0707,-15.1214],[-40.0682,-15.1213],[-40.0679,-15.1214]]]}},{"type":"Feature","properties":{"nome":"Itapicuru","cod":"2916500","uf":"BA"},"geometry":{"type":"Polygon","coordinates":[[[-38.2148,-10.9231],[-38.2108,-10.9308],[-38.2052,-10.9216],[-38.1988,-10.9269],[-38.2024,-10.9349],[-38.2007,-10.9379],[-38.1806,-10.9438],[-38.18,-10.9498],[-38.187,-10.9622],[-38.1795,-10.9693],[-38.1802,-10.9743],[-38.1491,-11.0011],[-38.1437,-11.0018],[-38.1395,-11.0086],[-38.129,-11.0184],[-38.1235,-11.0179],[-38.1246,-11.0097],[-38.1207,-11.0069],[-38.1014,-11.0146],[-38.1006,-11.0202],[-38.1055,-11.0254],[-38.0977,-11.0383],[-38.0999,-11.041],[-38.096,-11.0491],[-38.0907,-11.0512],[-38.0905,-11.0576],[-38.0849,-11.0598],[-38.0841,-11.0648],[-38.081,-11.0639],[-38.0745,-11.0761],[-38.086,-11.0973],[-38.0918,-11.0979],[-38.0936,-11.1014],[-38.0886,-11.1059],[-38.0888,-11.1148],[-38.0835,-11.1193],[-38.0688,-11.1186],[-38.0651,-11.1226],[-38.0648,-11.131],[-38.0704,-11.1419],[-38.066,-11.1487],[-38.0664,-11.1604],[-38.0621,-11.1636],[-38.0614,-11.1717],[-38.0464,-11.1782],[-38.0228,-11.1775],[-38.0136,-11.1843],[-38.0005,-11.1946],[-37.996,-11.1906],[-37.987,-11.1956],[-37.9845,-11.1954],[-37.9797,-11.1914],[-37.9738,-11.1949],[-37.9809,-11.1984],[-37.9789,-11.2048],[-37.9816,-11.2099],[-37.9771,-11.2143],[-37.9775,-11.2215],[-37.9906,-11.2282],[-37.9863,-11.2371],[-37.9933,-11.24],[-37.9897,-11.2482],[-37.9871,-11.2455],[-37.9839,-11.2474],[-37.9867,-11.2533],[-37.9956,-11.2591],[-37.9906,-11.2658],[-37.9859,-11.2667],[-37.987,-11.2715],[-37.993,-11.2725],[-37.9925,-11.279],[-38.004,-11.2857],[-38.0145,-11.2852],[-38.0104,-11.2936],[-38.0031,-11.2923],[-38.001,-11.3026],[-37.9954,-11.3119],[-37.992,-11.3123],[-37.9905,-11.3204],[-37.9983,-11.3219],[-37.9875,-11.3311],[-37.9979,-11.3354],[-37.9998,-11.3389],[-37.9932,-11.343],[-37.9897,-11.3413],[-38.0098,-11.3713],[-38.0269,-11.3966],[-38.0269,-11.3968],[-38.0459,-11.426],[-38.0616,-11.4353],[-38.0793,-11.4406],[-38.0798,-11.4646],[-38.0877,-11.4611],[-38.0888,-11.4475],[-38.0938,-11.4477],[-38.0984,-11.4403],[-38.0961,-11.4318],[-38.1003,-11.4273],[-38.1208,-11.4248],[-38.1366,-11.411],[-38.1437,-11.401],[-38.1512,-11.3878],[-38.1646,-11.382],[-38.179,-11.3643],[-38.2119,-11.3505],[-38.2428,-11.3346],[-38.2484,-11.3288],[-38.2491,-11.3245],[-38.2544,-11.3214],[-38.276,-11.3148],[-38.2837,-11.3169],[-38.2932,-11.3109],[-38.2989,-11.313],[-38.3064,-11.3104],[-38.314,-11.2951],[-38.3444,-11.2632],[-38.3599,-11.2675],[-38.3727,-11.2637],[-38.3738,-11.2543],[-38.3814,-11.2454],[-38.3891,-11.2384],[-38.4187,-11.2108],[-38.4232,-11.1973],[-38.4322,-11.1822],[-38.4375,-11.1827],[-38.4434,-11.1753],[-38.4443,-11.1686],[-38.437,-11.1587],[-38.4414,-11.1354],[-38.4334,-11.1334],[-38.4358,-11.1193],[-38.4332,-11.1154],[-38.4132,-11.1075],[-38.4017,-11.0962],[-38.388,-11.0952],[-38.367,-11.0865],[-38.3535,-11.0849],[-38.3323,-11.0725],[-38.3225,-11.0718],[-38.3081,-11.0457],[-38.308,-11.0455],[-38.2922,-11.0094],[-38.2553,-10.9249],[-38.2363,-10.8815],[-38.2361,-10.8812],[-38.2298,-10.8938],[-38.226,-10.9161],[-38.2148,-10.9231]]]}},{"type":"Feature","properties":{"nome":"Itapitanga","cod":"2916609","uf":"BA"},"geometry":{"type":"Polygon","coordinates":[[[-39.5104,-14.4783],[-39.5175,-14.504],[-39.5211,-14.5029],[-39.5224,-14.5183],[-39.5282,-14.5235],[-39.5346,-14.5236],[-39.5489,-14.5605],[-39.5513,-14.5605],[-39.5514,-14.5605],[-39.5883,-14.5604],[-39.6041,-14.5603],[-39.6271,-14.5602],[-39.6944,-14.56],[-39.7278,-14.5598],[-39.7341,-14.5545],[-39.7293,-14.5326],[-39.7314,-14.5146],[-39.7248,-14.4885],[-39.7175,-14.4837],[-39.7166,-14.4717],[-39.7127,-14.47],[-39.7119,-14.4635],[-39.7037,-14.4345],[-39.7072,-14.4295],[-39.7064,-14.4232],[-39.7127,-14.4201],[-39.7115,-14.416],[-39.7161,-14.4118],[-39.7115,-14.4047],[-39.7124,-14.3999],[-39.7083,-14.3969],[-39.7094,-14.394],[-39.7024,-14.3843],[-39.6964,-14.3687],[-39.6858,-14.3712],[-39.5617,-14.4003],[-39.5609,-14.4005],[-39.4978,-14.4153],[-39.4868,-14.4181],[-39.4899,-14.42],[-39.4935,-14.4314],[-39.5025,-14.4378],[-39.5064,-14.4494],[-39.5109,-14.4516],[-39.5147,-14.4644],[-39.5116,-14.4653],[-39.5141,-14.4694],[-39.5098,-14.4738],[-39.5104,-14.4783]]]}},{"type":"Feature","properties":{"nome":"Itaquara","cod":"2916708","uf":"BA"},"geometry":{"type":"Polygon","coordinates":[[[-39.7857,-13.4721],[-39.7871,-13.4958],[-39.7872,-13.4977],[-39.7907,-13.5297],[-39.791,-13.5374],[-39.8125,-13.5609],[-39.8172,-13.5781],[-39.8332,-13.5714],[-39.8627,-13.5572],[-39.8631,-13.5564],[-39.8974,-13.4786],[-39.9128,-13.4807],[-39.9387,-13.4875],[-39.9498,-13.4831],[-39.9499,-13.483],[-40.003,-13.4604],[-40.0023,-13.4476],[-39.9949,-13.4407],[-39.9962,-13.4318],[-39.9918,-13.4293],[-39.993,-13.4203],[-39.9874,-13.4066],[-39.9902,-13.4024],[-39.9882,-13.3884],[-39.978,-13.3728],[-39.9774,-13.3569],[-39.9832,-13.3414],[-39.9813,-13.3248],[-39.9515,-13.3242],[-39.9357,-13.3442],[-39.8995,-13.39],[-39.8956,-13.3935],[-39.8464,-13.4376],[-39.8379,-13.4448],[-39.816,-13.447],[-39.7905,-13.4588],[-39.7857,-13.4721]]]}},{"type":"Feature","properties":{"nome":"Itarantim","cod":"2916807","uf":"BA"},"geometry":{"type":"Polygon","coordinates":[[[-40.1498,-15.3596],[-40.135,-15.3648],[-40.1283,-15.3613],[-40.1227,-15.3635],[-40.1086,-15.3612],[-40.1027,-15.3615],[-40.0973,-15.3661],[-40.0957,-15.372],[-40.1018,-15.3798],[-40.0869,-15.3835],[-40.0947,-15.3915],[-40.0922,-15.3988],[-40.0771,-15.39],[-40.0764,-15.3847],[-40.0653,-15.3926],[-40.0584,-15.3878],[-40.0444,-15.3883],[-40.0396,-15.4104],[-40.0294,-15.4161],[-40.0361,-15.4267],[-40.0359,-15.4333],[-40.0291,-15.4354],[-40.013,-15.4235],[-40.0018,-15.4251],[-39.9843,-15.4211],[-39.9624,-15.4309],[-39.9755,-15.4466],[-39.9695,-15.4517],[-39.9644,-15.4524],[-39.9348,-15.4391],[-39.9306,-15.4431],[-39.9427,-15.4569],[-39.945,-15.466],[-39.9162,-15.4646],[-39.9161,-15.4838],[-39.9001,-15.4917],[-39.8843,-15.5094],[-39.8852,-15.5228],[-39.8755,-15.5205],[-39.8551,-15.5249],[-39.844,-15.5353],[-39.8306,-15.5304],[-39.8169,-15.5285],[-39.8131,-15.5367],[-39.7904,-15.5415],[-39.778,-15.5547],[-39.7778,-15.5594],[-39.7746,-15.5593],[-39.7727,-15.5662],[-39.774,-15.5747],[-39.8002,-15.5768],[-39.8034,-15.5834],[-39.8091,-15.5858],[-39.8147,-15.581],[-39.817,-15.5829],[-39.8246,-15.5749],[-39.8373,-15.5745],[-39.8446,-15.5777],[-39.8572,-15.5713],[-39.8662,-15.5783],[-39.8662,-15.5845],[-39.8714,-15.5881],[-39.8755,-15.5899],[-39.8798,-15.5919],[-39.8783,-15.597],[-39.8818,-15.6162],[-39.8703,-15.6164],[-39.8701,-15.6206],[-39.8915,-15.6377],[-39.9015,-15.6408],[-39.9035,-15.651],[-39.9091,-15.6572],[-39.9176,-15.6648],[-39.9488,-15.6847],[-39.9596,-15.686],[-39.9704,-15.6977],[-39.979,-15.7009],[-39.9855,-15.7122],[-40.0045,-15.7172],[-40.0118,-15.7122],[-40.0235,-15.7127],[-40.0159,-15.723],[-39.984,-15.7201],[-39.9715,-15.7279],[-39.9571,-15.7276],[-39.9485,-15.7355],[-39.9524,-15.7424],[-39.958,-15.7433],[-39.9443,-15.7531],[-39.9449,-15.7612],[-39.9408,-15.7649],[-39.9423,-15.7754],[-39.9282,-15.7885],[-39.913,-15.7904],[-39.9205,-15.801],[-39.9205,-15.8211],[-39.9174,-15.8277],[-39.9241,-15.83],[-39.9192,-15.8441],[-39.9221,-15.8522],[-39.9115,-15.8537],[-39.9102,-15.8707],[-39.9224,-15.8696],[-39.9303,-15.8841],[-39.9447,-15.8684],[-39.9496,-15.8687],[-39.9519,-15.8745],[-39.9477,-15.883],[-39.9492,-15.8967],[-39.942,-15.9066],[-39.9319,-15.9226],[-39.9242,-15.9237],[-39.9126,-15.9343],[-39.909,-15.9466],[-39.8972,-15.9495],[-39.8926,-15.9572],[-39.8792,-15.9521],[-39.8673,-15.9534],[-39.8648,-15.9577],[-39.8506,-15.9638],[-39.8434,-15.9766],[-39.8503,-15.9828],[-39.8581,-15.984],[-39.8666,-15.9969],[-39.9148,-15.9995],[-39.9234,-15.9948],[-39.9301,-15.9946],[-39.9534,-15.991],[-39.9642,-15.9984],[-39.9636,-16.0049],[-39.9662,-16.004],[-39.9799,-16.0051],[-39.9796,-15.9972],[-39.9917,-15.9945],[-39.9947,-16.0],[-40.0041,-16.0014],[-40.0006,-15.9942],[-40.0081,-15.9945],[-40.0133,-15.9835],[-40.0209,-15.9843],[-40.0222,-15.99],[-40.0278,-15.9851],[-40.0269,-15.98],[-40.0323,-15.9781],[-40.0311,-15.9728],[-40.034,-15.9731],[-40.0426,-15.9734],[-40.0461,-15.9695],[-40.0427,-15.9679],[-40.0454,-15.9619],[-40.0608,-15.9635],[-40.0658,-15.9597],[-40.0642,-15.955],[-40.0588,-15.9527],[-40.0658,-15.9499],[-40.0658,-15.9393],[-40.0703,-15.9375],[-40.0785,-15.9405],[-40.0765,-15.9339],[-40.0685,-15.9335],[-40.066,-15.9245],[-40.0713,-15.9257],[-40.0657,-15.9094],[-40.0727,-15.9116],[-40.0745,-15.9196],[-40.0805,-15.9236],[-40.0864,-15.9131],[-40.0813,-15.9044],[-40.0846,-15.8967],[-40.0934,-15.8976],[-40.0965,-15.8997],[-40.0963,-15.9069],[-40.105,-15.9116],[-40.1126,-15.9108],[-40.1167,-15.903],[-40.1279,-15.907],[-40.137,-15.9058],[-40.1402,-15.8984],[-40.1457,-15.8989],[-40.1489,-15.9049],[-40.1561,-15.8991],[-40.1594,-15.908],[-40.1644,-15.9098],[-40.1665,-15.9046],[-40.1703,-15.9071],[-40.1749,-15.9036],[-40.1739,-15.8978],[-40.1655,-15.8936],[-40.1657,-15.8679],[-40.1736,-15.87],[-40.1923,-15.8573],[-40.1997,-15.862],[-40.1988,-15.8564],[-40.2065,-15.854],[-40.2055,-15.8456],[-40.2124,-15.8418],[-40.2126,-15.8353],[-40.2185,-15.8353],[-40.2179,-15.8261],[-40.2236,-15.827],[-40.2234,-15.82],[-40.2277,-15.8157],[-40.2307,-15.8034],[-40.2356,-15.8032],[-40.2417,-15.7832],[-40.2359,-15.7763],[-40.2327,-15.7569],[-40.2321,-15.7493],[-40.2227,-15.7361],[-40.2214,-15.7141],[-40.2093,-15.7009],[-40.2089,-15.6949],[-40.1978,-15.7031],[-40.1915,-15.6936],[-40.1676,-15.6497],[-40.1659,-15.6399],[-40.1686,-15.6332],[-40.1497,-15.623],[-40.1345,-15.5977],[-40.1372,-15.5688],[-40.1339,-15.5583],[-40.1393,-15.5487],[-40.1349,-15.5139],[-40.1362,-15.5077],[-40.1305,-15.5018],[-40.1585,-15.4604],[-40.1738,-15.4596],[-40.1828,-15.4647],[-40.1909,-15.4619],[-40.1952,-15.4524],[-40.1948,-15.4469],[-40.1991,-15.4418],[-40.1943,-15.4393],[-40.1933,-15.4328],[-40.1848,-15.4286],[-40.1773,-15.4307],[-40.1764,-15.4171],[-40.1702,-15.4091],[-40.1654,-15.4094],[-40.1612,-15.4112],[-40.1533,-15.4078],[-40.1445,-15.3934],[-40.1466,-15.388],[-40.1662,-15.3705],[-40.1608,-15.3617],[-40.1498,-15.3596]]]}},{"type":"Feature","properties":{"nome":"Itatim","cod":"2916856","uf":"BA"},"geometry":{"type":"Polygon","coordinates":[[[-39.7566,-12.561],[-39.7494,-12.5658],[-39.735,-12.5526],[-39.69,-12.5629],[-39.6635,-12.5588],[-39.6522,-12.5601],[-39.6391,-12.5759],[-39.6407,-12.5811],[-39.6378,-12.5841],[-39.6404,-12.5865],[-39.6687,-12.6256],[-39.6712,-12.634],[-39.6678,-12.646],[-39.6647,-12.6523],[-39.656,-12.6574],[-39.658,-12.6646],[-39.6526,-12.6676],[-39.6536,-12.6722],[-39.6536,-12.6724],[-39.654,-12.6825],[-39.6605,-12.6885],[-39.653,-12.7018],[-39.6522,-12.7169],[-39.6742,-12.7543],[-39.675,-12.7763],[-39.675,-12.7764],[-39.679,-12.8838],[-39.6919,-12.8821],[-39.7921,-12.869],[-39.8516,-12.8612],[-39.8712,-12.8586],[-39.825,-12.7612],[-39.7977,-12.7038],[-39.7959,-12.6771],[-39.7919,-12.6068],[-39.7892,-12.5592],[-39.7656,-12.5484],[-39.7602,-12.5509],[-39.7566,-12.561]]]}},{"type":"Feature","properties":{"nome":"Itiruçu","cod":"2916906","uf":"BA"},"geometry":{"type":"Polygon","coordinates":[[[-40.1087,-13.3342],[-40.1085,-13.4171],[-40.1084,-13.4362],[-40.0838,-13.4766],[-40.0721,-13.4959],[-40.1103,-13.5239],[-40.1105,-13.524],[-40.1153,-13.5276],[-40.1223,-13.5583],[-40.1119,-13.585],[-40.1113,-13.5994],[-40.1154,-13.6134],[-40.1128,-13.6409],[-40.107,-13.6589],[-40.0983,-13.6666],[-40.0975,-13.6712],[-40.1171,-13.6731],[-40.1539,-13.6357],[-40.1613,-13.6214],[-40.166,-13.6084],[-40.1644,-13.5841],[-40.1688,-13.58],[-40.1684,-13.5673],[-40.1684,-13.5672],[-40.2051,-13.4851],[-40.2055,-13.4843],[-40.2141,-13.4771],[-40.2153,-13.4742],[-40.2285,-13.472],[-40.2332,-13.4665],[-40.2344,-13.4621],[-40.2268,-13.4577],[-40.2241,-13.4499],[-40.2138,-13.4438],[-40.2093,-13.4297],[-40.2154,-13.4294],[-40.224,-13.4211],[-40.2265,-13.4077],[-40.2328,-13.4056],[-40.234,-13.4032],[-40.2276,-13.3963],[-40.2237,-13.3809],[-40.2078,-13.3888],[-40.195,-13.3826],[-40.1688,-13.3703],[-40.1365,-13.3552],[-40.1173,-13.3557],[-40.1098,-13.3446],[-40.1087,-13.3342]]]}},{"type":"Feature","properties":{"nome":"Itiúba","cod":"2917003","uf":"BA"},"geometry":{"type":"Polygon","coordinates":[[[-39.6659,-10.8379],[-39.653,-10.8432],[-39.6371,-10.8443],[-39.6447,-10.8558],[-39.6353,-10.8659],[-39.6351,-10.8739],[-39.6279,-10.8743],[-39.6256,-10.8779],[-39.6246,-10.8887],[-39.6316,-10.8965],[-39.6288,-10.9037],[-39.6301,-10.9108],[-39.6273,-10.9152],[-39.6513,-10.9471],[-39.6781,-10.9827],[-39.7014,-10.9752],[-39.7112,-10.9813],[-39.7207,-10.98],[-39.7227,-10.977],[-39.7168,-10.968],[-39.7361,-10.9516],[-39.7513,-10.9528],[-39.762,-10.962],[-39.7645,-10.9578],[-39.774,-10.9586],[-39.7845,-10.9516],[-39.8007,-10.9393],[-39.8256,-10.9397],[-39.8261,-10.9282],[-39.8371,-10.9314],[-39.8438,-10.9253],[-39.8407,-10.9216],[-39.843,-10.9173],[-39.855,-10.9176],[-39.8617,-10.918],[-39.8653,-10.905],[-39.8797,-10.9073],[-39.8857,-10.9005],[-39.8903,-10.8999],[-39.8948,-10.9093],[-39.9022,-10.9153],[-39.9246,-10.9163],[-39.9298,-10.9035],[-39.9384,-10.9081],[-39.9458,-10.9075],[-39.9519,-10.8924],[-39.9623,-10.8975],[-39.9689,-10.8965],[-39.9748,-10.8879],[-39.9837,-10.8898],[-39.999,-10.8832],[-39.9967,-10.877],[-39.9991,-10.8754],[-40.0122,-10.8848],[-40.0171,-10.8834],[-40.0223,-10.8768],[-40.0173,-10.8677],[-40.0262,-10.8629],[-40.0477,-10.8626],[-40.0532,-10.8579],[-40.0642,-10.8592],[-40.0497,-10.7879],[-40.0445,-10.762],[-40.0445,-10.7619],[-40.0344,-10.7123],[-40.0162,-10.6225],[-40.016,-10.6216],[-40.0154,-10.6209],[-40.0123,-10.6178],[-39.9778,-10.5823],[-39.9467,-10.5504],[-39.9283,-10.5312],[-39.9281,-10.531],[-39.8914,-10.4926],[-39.8868,-10.4878],[-39.8361,-10.4352],[-39.8211,-10.4268],[-39.7995,-10.4194],[-39.7357,-10.3977],[-39.7323,-10.4084],[-39.7378,-10.4156],[-39.7409,-10.4336],[-39.7525,-10.4397],[-39.7572,-10.4735],[-39.7639,-10.478],[-39.764,-10.494],[-39.7626,-10.5001],[-39.7565,-10.5042],[-39.765,-10.5138],[-39.7607,-10.5223],[-39.7637,-10.5305],[-39.7679,-10.5382],[-39.7712,-10.5504],[-39.7634,-10.5649],[-39.761,-10.5819],[-39.7436,-10.6401],[-39.7322,-10.6551],[-39.7313,-10.6564],[-39.7302,-10.6575],[-39.714,-10.6598],[-39.6964,-10.6748],[-39.7002,-10.6817],[-39.7012,-10.6918],[-39.6981,-10.7007],[-39.7013,-10.7156],[-39.7098,-10.7196],[-39.7045,-10.7326],[-39.693,-10.7372],[-39.6927,-10.7449],[-39.6985,-10.7537],[-39.6837,-10.7648],[-39.6846,-10.7773],[-39.6815,-10.7859],[-39.6783,-10.8031],[-39.6653,-10.8071],[-39.6622,-10.819],[-39.6679,-10.8276],[-39.6659,-10.8379]]]}},{"type":"Feature","properties":{"nome":"Itororó","cod":"2917102","uf":"BA"},"geometry":{"type":"Polygon","coordinates":[[[-39.9777,-14.9554],[-39.9555,-14.9764],[-39.9546,-14.9773],[-39.9323,-14.9985],[-39.9322,-14.9985],[-39.9035,-15.0257],[-39.9125,-15.038],[-39.9103,-15.0435],[-39.9008,-15.0456],[-39.9008,-15.0523],[-39.8949,-15.0531],[-39.8907,-15.0965],[-39.895,-15.1012],[-39.8997,-15.1011],[-39.9036,-15.0957],[-39.9057,-15.0983],[-39.9181,-15.0984],[-39.9193,-15.1034],[-39.9217,-15.1029],[-39.9264,-15.1119],[-39.9385,-15.1044],[-39.94,-15.1151],[-39.9443,-15.1198],[-39.9603,-15.1248],[-39.9723,-15.122],[-39.9793,-15.1129],[-39.9847,-15.115],[-39.9958,-15.1116],[-40.0093,-15.1143],[-40.0103,-15.1117],[-40.0193,-15.1134],[-40.0196,-15.1105],[-40.0236,-15.1099],[-40.0266,-15.1175],[-40.0365,-15.1191],[-40.0398,-15.1252],[-40.0505,-15.121],[-40.0615,-15.1253],[-40.0679,-15.1214],[-40.0682,-15.1213],[-40.0707,-15.1214],[-40.0758,-15.118],[-40.0822,-15.1165],[-40.0946,-15.1053],[-40.0984,-15.1026],[-40.1001,-15.0912],[-40.101,-15.0853],[-40.1103,-15.0551],[-40.1161,-15.0531],[-40.1189,-15.0472],[-40.1351,-15.0438],[-40.135,-15.0304],[-40.1347,-15.0016],[-40.1307,-15.004],[-40.1304,-15.0151],[-40.1193,-15.0306],[-40.1102,-15.0337],[-40.0984,-15.0318],[-40.0941,-15.0391],[-40.088,-15.0353],[-40.0833,-15.0292],[-40.0929,-15.015],[-40.0867,-15.0071],[-40.0798,-15.0087],[-40.0732,-15.0046],[-40.0581,-14.9833],[-40.0452,-14.9528],[-40.0368,-14.9581],[-40.0292,-14.9582],[-40.0279,-14.9588],[-40.0027,-14.95],[-39.981,-14.9507],[-39.9777,-14.9554]]]}},{"type":"Feature","properties":{"nome":"Ituaçu","cod":"2917201","uf":"BA"},"geometry":{"type":"Polygon","coordinates":[[[-41.3629,-13.6884],[-41.3025,-13.7061],[-41.2939,-13.7086],[-41.297,-13.6978],[-41.3011,-13.6964],[-41.302,-13.685],[-41.2984,-13.6831],[-41.2858,-13.6813],[-41.2818,-13.6858],[-41.2488,-13.7181],[-41.2486,-13.7144],[-41.2222,-13.6939],[-41.2171,-13.6999],[-41.2209,-13.7154],[-41.2162,-13.7342],[-41.2162,-13.7342],[-41.2204,-13.7621],[-41.2147,-13.7851],[-41.2224,-13.8138],[-41.2047,-13.8438],[-41.1978,-13.8556],[-41.1958,-13.859],[-41.1938,-13.8697],[-41.1978,-13.8785],[-41.2076,-13.8825],[-41.2115,-13.8894],[-41.2263,-13.8998],[-41.2401,-13.892],[-41.2495,-13.8999],[-41.2523,-13.8968],[-41.2667,-13.9019],[-41.277,-13.9178],[-41.278,-13.9185],[-41.2812,-13.9358],[-41.278,-13.9598],[-41.2839,-13.9755],[-41.2801,-13.9824],[-41.2818,-13.9856],[-41.2873,-13.9867],[-41.2978,-13.9989],[-41.2917,-14.0106],[-41.2941,-14.0236],[-41.2905,-14.0295],[-41.2868,-14.0306],[-41.2856,-14.0474],[-41.2915,-14.0458],[-41.2936,-14.0506],[-41.2882,-14.052],[-41.289,-14.0579],[-41.283,-14.0608],[-41.2848,-14.0726],[-41.2799,-14.0752],[-41.2846,-14.077],[-41.2841,-14.082],[-41.2935,-14.0917],[-41.3043,-14.0819],[-41.3145,-14.0875],[-41.3186,-14.0843],[-41.3213,-14.079],[-41.3282,-14.0787],[-41.3293,-14.0726],[-41.3439,-14.0692],[-41.3471,-14.0625],[-41.3606,-14.0515],[-41.3715,-14.0526],[-41.3803,-14.0437],[-41.39,-14.0501],[-41.388,-14.045],[-41.4024,-14.0383],[-41.4054,-14.038],[-41.4081,-14.0429],[-41.4177,-14.0338],[-41.4171,-14.0291],[-41.4265,-14.0268],[-41.4265,-14.0222],[-41.4399,-14.0235],[-41.4412,-14.0152],[-41.4499,-14.0135],[-41.4495,-14.0033],[-41.457,-14.0051],[-41.4638,-14.0012],[-41.4594,-13.9939],[-41.4678,-13.9891],[-41.4661,-13.984],[-41.4704,-13.9785],[-41.4675,-13.9738],[-41.4668,-13.9706],[-41.4743,-13.9716],[-41.4756,-13.9683],[-41.4718,-13.9677],[-41.4675,-13.961],[-41.478,-13.9583],[-41.4762,-13.9523],[-41.4829,-13.9498],[-41.474,-13.9426],[-41.4749,-13.9385],[-41.4816,-13.9396],[-41.4841,-13.9361],[-41.48,-13.9297],[-41.4868,-13.9308],[-41.4904,-13.9211],[-41.497,-13.9262],[-41.5016,-13.9254],[-41.5021,-13.9219],[-41.4923,-13.9133],[-41.4985,-13.9088],[-41.4981,-13.9034],[-41.508,-13.9028],[-41.5043,-13.8942],[-41.5108,-13.8773],[-41.5089,-13.8708],[-41.5195,-13.8677],[-41.5132,-13.8668],[-41.5176,-13.8588],[-41.5135,-13.8548],[-41.5212,-13.8486],[-41.5159,-13.8451],[-41.5169,-13.8356],[-41.5276,-13.8281],[-41.5226,-13.8244],[-41.5226,-13.8218],[-41.5264,-13.822],[-41.5228,-13.8146],[-41.5355,-13.8118],[-41.5422,-13.8009],[-41.5371,-13.792],[-41.5388,-13.7871],[-41.5304,-13.7814],[-41.5424,-13.779],[-41.5383,-13.772],[-41.5451,-13.7628],[-41.5571,-13.764],[-41.5768,-13.7528],[-41.5727,-13.7456],[-41.5787,-13.7323],[-41.5773,-13.7266],[-41.5902,-13.7251],[-41.5864,-13.7085],[-41.5953,-13.7139],[-41.5999,-13.7088],[-41.5913,-13.697],[-41.5964,-13.682],[-41.6058,-13.6719],[-41.6078,-13.6603],[-41.6078,-13.6597],[-41.5475,-13.6622],[-41.5474,-13.6622],[-41.5308,-13.6629],[-41.4831,-13.6649],[-41.4341,-13.667],[-41.4181,-13.6692],[-41.4122,-13.674],[-41.4121,-13.674],[-41.3629,-13.6884]]]}},{"type":"Feature","properties":{"nome":"Ituberá","cod":"2917300","uf":"BA"},"geometry":{"type":"Polygon","coordinates":[[[-39.0178,-13.7076],[-39.0034,-13.7157],[-38.9839,-13.6931],[-38.991,-13.7145],[-38.9878,-13.7145],[-38.9975,-13.7441],[-38.9998,-13.7831],[-38.9841,-13.8243],[-38.9691,-13.8425],[-38.977,-13.848],[-38.9894,-13.8491],[-39.007,-13.8473],[-39.0286,-13.8385],[-39.0452,-13.822],[-39.0565,-13.788],[-39.073,-13.7605],[-39.0867,-13.7543],[-39.104,-13.7481],[-39.111,-13.7293],[-39.1303,-13.7257],[-39.1361,-13.7333],[-39.1381,-13.743],[-39.1383,-13.748],[-39.1491,-13.7524],[-39.1454,-13.7651],[-39.1541,-13.774],[-39.1542,-13.774],[-39.1593,-13.7775],[-39.157,-13.7826],[-39.1631,-13.7816],[-39.1765,-13.7855],[-39.181,-13.8003],[-39.1854,-13.8004],[-39.1865,-13.7971],[-39.1922,-13.8022],[-39.2096,-13.8058],[-39.2095,-13.8024],[-39.2132,-13.8022],[-39.2156,-13.8095],[-39.2301,-13.8073],[-39.2337,-13.8129],[-39.248,-13.8159],[-39.2528,-13.8121],[-39.2597,-13.8331],[-39.2572,-13.8416],[-39.2635,-13.8394],[-39.2726,-13.8434],[-39.2782,-13.8449],[-39.2817,-13.8452],[-39.2963,-13.8415],[-39.3033,-13.8445],[-39.3191,-13.8395],[-39.3237,-13.841],[-39.3084,-13.8009],[-39.2978,-13.7733],[-39.2973,-13.7721],[-39.2702,-13.7015],[-39.2701,-13.7015],[-39.2319,-13.6897],[-39.2316,-13.6896],[-39.2002,-13.68],[-39.1161,-13.6542],[-39.1157,-13.654],[-39.0178,-13.7076]]]}},{"type":"Feature","properties":{"nome":"Iuiú","cod":"2917334","uf":"BA"},"geometry":{"type":"Polygon","coordinates":[[[-43.4594,-14.6061],[-43.531,-14.8148],[-43.5388,-14.8053],[-43.5365,-14.7901],[-43.5335,-14.7883],[-43.5368,-14.7831],[-43.5622,-14.7694],[-43.5734,-14.7647],[-43.5802,-14.7504],[-43.5884,-14.7504],[-43.5988,-14.7535],[-43.6108,-14.7601],[-43.6296,-14.7499],[-43.6566,-14.7453],[-43.666,-14.7367],[-43.6706,-14.7364],[-43.6728,-14.7259],[-43.6755,-14.7262],[-43.6734,-14.7291],[-43.6807,-14.7317],[-43.6837,-14.7276],[-43.6898,-14.7268],[-43.6862,-14.7212],[-43.6918,-14.7243],[-43.703,-14.7249],[-43.7093,-14.7299],[-43.7195,-14.7291],[-43.7192,-14.7205],[-43.7118,-14.7145],[-43.7177,-14.711],[-43.7229,-14.6991],[-43.7273,-14.698],[-43.7309,-14.6701],[-43.7302,-14.6667],[-43.7213,-14.6627],[-43.7117,-14.6453],[-43.7142,-14.6342],[-43.7088,-14.6247],[-43.711,-14.607],[-43.7086,-14.5949],[-43.7085,-14.5948],[-43.6787,-14.516],[-43.6705,-14.4944],[-43.6719,-14.4907],[-43.697,-14.4223],[-43.7044,-14.4211],[-43.7082,-14.4116],[-43.719,-14.4004],[-43.7188,-14.3967],[-43.7078,-14.3796],[-43.7085,-14.3738],[-43.6967,-14.3489],[-43.6628,-14.3277],[-43.5951,-14.2851],[-43.5749,-14.2834],[-43.4301,-14.2712],[-43.43,-14.2714],[-43.3752,-14.3621],[-43.4169,-14.4825],[-43.4251,-14.506],[-43.443,-14.5582],[-43.4431,-14.5586],[-43.4594,-14.6061]]]}},{"type":"Feature","properties":{"nome":"Jaborandi","cod":"2917359","uf":"BA"},"geometry":{"type":"Polygon","coordinates":[[[-44.3309,-13.3962],[-44.3279,-13.4011],[-44.325,-13.3998],[-44.3175,-13.3981],[-44.3082,-13.4055],[-44.3047,-13.4038],[-44.3034,-13.3967],[-44.2988,-13.396],[-44.2971,-13.4007],[-44.2885,-13.4001],[-44.2814,-13.4052],[-44.2789,-13.4097],[-44.2688,-13.413],[-44.2638,-13.4046],[-44.2621,-13.4093],[-44.256,-13.4117],[-44.2587,-13.4165],[-44.2546,-13.4194],[-44.2481,-13.4179],[-44.2457,-13.4126],[-44.2359,-13.4178],[-44.2313,-13.4269],[-44.2247,-13.4278],[-44.2322,-13.4317],[-44.2313,-13.4388],[-44.2346,-13.4414],[-44.2385,-13.4362],[-44.2441,-13.4362],[-44.2408,-13.4442],[-44.2425,-13.4525],[-44.2511,-13.4515],[-44.2507,-13.4557],[-44.2607,-13.4583],[-44.2579,-13.4658],[-44.2663,-13.4727],[-44.2621,-13.4812],[-44.2666,-13.4801],[-44.269,-13.4873],[-44.2659,-13.4901],[-44.263,-13.5123],[-44.2685,-13.5178],[-44.2721,-13.5172],[-44.2748,-13.5233],[-44.2786,-13.5212],[-44.278,-13.5269],[-44.2829,-13.5293],[-44.2793,-13.5347],[-44.2855,-13.535],[-44.2867,-13.5566],[-44.2944,-13.5623],[-44.2989,-13.5587],[-44.3022,-13.5602],[-44.3051,-13.5609],[-44.3107,-13.5593],[-44.3117,-13.5627],[-44.3119,-13.5669],[-44.3172,-13.5623],[-44.317,-13.5684],[-44.3249,-13.572],[-44.324,-13.5771],[-44.3291,-13.5833],[-44.3374,-13.5844],[-44.3426,-13.5911],[-44.3446,-13.5885],[-44.3503,-13.5903],[-44.3517,-13.6009],[-44.3707,-13.5965],[-44.383,-13.598],[-44.3986,-13.6055],[-44.4008,-13.6097],[-44.4196,-13.6169],[-44.4267,-13.6241],[-44.4341,-13.6213],[-44.4385,-13.6257],[-44.448,-13.6274],[-44.4603,-13.6326],[-44.4678,-13.6415],[-44.4684,-13.647],[-44.4966,-13.6582],[-44.5,-13.657],[-44.5023,-13.6663],[-44.531,-13.6698],[-44.5413,-13.6765],[-44.5512,-13.6746],[-44.5538,-13.673],[-44.5608,-13.671],[-44.5665,-13.6745],[-44.5704,-13.6732],[-44.5754,-13.6805],[-44.5803,-13.6877],[-44.588,-13.6841],[-44.5953,-13.703],[-44.6111,-13.7053],[-44.633,-13.7157],[-44.6387,-13.7128],[-44.6383,-13.7208],[-44.6442,-13.7276],[-44.6515,-13.7309],[-44.6497,-13.7263],[-44.6551,-13.7235],[-44.6581,-13.7273],[-44.6767,-13.7293],[-44.6704,-13.7342],[-44.68,-13.7372],[-44.6872,-13.7455],[-44.6897,-13.7436],[-44.695,-13.7463],[-44.6995,-13.7528],[-44.7144,-13.7505],[-44.7248,-13.767],[-44.743,-13.7757],[-44.7506,-13.776],[-44.7543,-13.78],[-44.7814,-13.7874],[-44.7986,-13.8],[-44.7995,-13.813],[-44.7948,-13.8261],[-44.8074,-13.8287],[-44.8222,-13.8509],[-44.8337,-13.8535],[-44.8438,-13.8769],[-44.842,-13.8812],[-44.8494,-13.8812],[-44.8581,-13.8865],[-44.8585,-13.8959],[-44.8675,-13.8932],[-44.8652,-13.9023],[-44.8685,-13.9069],[-44.8708,-13.9028],[-44.8785,-13.9096],[-44.8768,-13.9118],[-44.8851,-13.9142],[-44.887,-13.9216],[-44.9037,-13.9258],[-44.9043,-13.9303],[-44.8992,-13.9368],[-44.9036,-13.9433],[-44.9087,-13.9656],[-44.9071,-13.9841],[-44.9091,-13.9908],[-44.9131,-13.992],[-44.9152,-14.0041],[-44.9188,-14.0025],[-44.9221,-14.0063],[-44.9204,-14.0098],[-44.9242,-14.0143],[-44.9288,-14.015],[-44.9323,-14.0114],[-44.9356,-14.0155],[-44.9409,-14.0135],[-44.9462,-14.0157],[-44.9483,-14.02],[-44.9451,-14.0224],[-44.9502,-14.026],[-44.9512,-14.0326],[-44.9642,-14.0323],[-44.974,-14.038],[-45.0,-14.0425],[-45.0356,-14.0614],[-45.042,-14.0605],[-45.0484,-14.066],[-45.0459,-14.0685],[-45.0498,-14.0728],[-45.0595,-14.0714],[-45.0667,-14.0743],[-45.0729,-14.0743],[-45.09,-14.0856],[-45.1001,-14.098],[-45.1079,-14.1191],[-45.114,-14.1134],[-45.1198,-14.1133],[-45.1253,-14.1103],[-45.139,-14.1142],[-45.1406,-14.1173],[-45.152,-14.1173],[-45.1606,-14.1251],[-45.1691,-14.1209],[-45.1731,-14.1218],[-45.1735,-14.1256],[-45.1782,-14.1225],[-45.1926,-14.1272],[-45.2029,-14.1488],[-45.2218,-14.1538],[-45.2181,-14.1577],[-45.2219,-14.1622],[-45.2196,-14.1666],[-45.2274,-14.1665],[-45.2327,-14.1729],[-45.242,-14.1748],[-45.2491,-14.1859],[-45.2547,-14.1858],[-45.2584,-14.1938],[-45.2685,-14.2015],[-45.2722,-14.1998],[-45.2697,-14.1971],[-45.2763,-14.1987],[-45.2835,-14.2066],[-45.2873,-14.2052],[-45.2957,-14.2103],[-45.3026,-14.2086],[-45.3064,-14.2143],[-45.3033,-14.2213],[-45.3057,-14.2247],[-45.318,-14.2248],[-45.3339,-14.2451],[-45.3422,-14.2463],[-45.3513,-14.2536],[-45.3752,-14.2569],[-45.3911,-14.2759],[-45.3977,-14.2934],[-45.411,-14.2982],[-45.4172,-14.3134],[-45.4275,-14.3239],[-45.4246,-14.3292],[-45.429,-14.3281],[-45.4328,-14.3316],[-45.4406,-14.3279],[-45.4512,-14.329],[-45.4612,-14.3376],[-45.4825,-14.3471],[-45.4949,-14.3588],[-45.4953,-14.3755],[-45.5069,-14.3846],[-45.5099,-14.3942],[-45.5155,-14.3918],[-45.5203,-14.3993],[-45.53,-14.4038],[-45.5577,-14.4422],[-45.5802,-14.4521],[-45.6069,-14.4777],[-45.6213,-14.5042],[-45.6359,-14.5129],[-45.6711,-14.5177],[-45.6809,-14.5468],[-45.7067,-14.5616],[-45.7142,-14.5697],[-45.7235,-14.57],[-45.7243,-14.5734],[-45.7433,-14.5999],[-45.7529,-14.6042],[-45.7659,-14.6221],[-45.7763,-14.6285],[-45.7837,-14.6379],[-45.7934,-14.6403],[-45.7966,-14.6473],[-45.8127,-14.6566],[-45.8223,-14.6666],[-45.8318,-14.6725],[-45.8437,-14.6867],[-45.858,-14.6952],[-45.8621,-14.7053],[-45.8757,-14.7133],[-45.8841,-14.7283],[-45.8939,-14.7343],[-45.8963,-14.7409],[-45.9127,-14.7555],[-45.9356,-14.7719],[-45.9654,-14.8101],[-45.9824,-14.8197],[-45.9937,-14.8208],[-46.0014,-14.8277],[-46.0119,-14.8223],[-46.0198,-14.8104],[-46.0174,-14.8029],[-46.0076,-14.7936],[-46.0089,-14.7739],[-46.0126,-14.7689],[-46.0075,-14.7618],[-46.007,-14.7427],[-46.0125,-14.7334],[-46.0065,-14.7308],[-46.0014,-14.7198],[-46.0015,-14.7108],[-46.0061,-14.7062],[-46.0061,-14.7012],[-46.0223,-14.6918],[-46.0292,-14.683],[-46.0255,-14.6776],[-46.0221,-14.6705],[-46.0242,-14.6647],[-46.0206,-14.6629],[-46.0121,-14.6614],[-46.0079,-14.6571],[-46.0068,-14.663],[-45.9999,-14.6642],[-45.9893,-14.6587],[-45.9886,-14.6453],[-45.9948,-14.6388],[-45.985,-14.6261],[-45.9844,-14.6204],[-46.0006,-14.6012],[-45.9889,-14.5887],[-45.9849,-14.5731],[-45.9876,-14.5664],[-45.9954,-14.5657],[-45.9907,-14.5633],[-45.9892,-14.5561],[-45.9935,-14.5533],[-45.9887,-14.5499],[-45.9962,-14.5425],[-45.9898,-14.5415],[-45.9793,-14.5457],[-45.9767,-14.5384],[-45.9803,-14.53],[-46.0006,-14.5207],[-46.0038,-14.5154],[-45.9984,-14.5093],[-46.0009,-14.5039],[-45.9937,-14.5002],[-45.9932,-14.4949],[-45.9968,-14.487],[-46.0128,-14.4753],[-46.0131,-14.4748],[-46.016,-14.469],[-46.0145,-14.4604],[-46.0118,-14.4542],[-46.0011,-14.4483],[-46.0004,-14.4341],[-46.0097,-14.4271],[-46.0116,-14.4208],[-46.0169,-14.4203],[-46.0118,-14.4074],[-46.0071,-14.4069],[-46.0044,-14.4207],[-45.9984,-14.4289],[-45.9723,-14.4316],[-45.9574,-14.4254],[-45.9495,-14.4164],[-45.9349,-14.4149],[-45.9272,-14.4099],[-45.9257,-14.3858],[-45.9221,-14.3797],[-45.9117,-14.3745],[-45.9124,-14.3661],[-45.9065,-14.3576],[-45.9069,-14.3528],[-45.9132,-14.3468],[-45.9297,-14.3502],[-45.9422,-14.3433],[-45.946,-14.3299],[-45.9536,-14.3249],[-45.9558,-14.3145],[-45.9587,-14.3058],[-45.9628,-14.2855],[-45.9756,-14.2771],[-45.9949,-14.2785],[-45.9914,-14.2624],[-45.9956,-14.2568],[-46.007,-14.2556],[-46.0145,-14.2604],[-46.0215,-14.26],[-46.0261,-14.2559],[-46.0289,-14.2456],[-46.0459,-14.2441],[-46.0606,-14.2321],[-46.0522,-14.2044],[-46.0607,-14.1939],[-46.0766,-14.1951],[-46.091,-14.2052],[-46.098,-14.2019],[-46.1012,-14.1923],[-46.1157,-14.1874],[-46.1131,-14.1695],[-46.1177,-14.1599],[-46.1333,-14.1528],[-46.1509,-14.16],[-46.1852,-14.1514],[-46.1969,-14.1428],[-46.1974,-14.1261],[-46.2018,-14.1192],[-46.2164,-14.1196],[-46.236,-14.1068],[-46.2544,-14.1045],[-46.2654,-14.0975],[-46.2531,-14.0866],[-46.2473,-14.0934],[-46.2416,-14.0923],[-46.2248,-14.0692],[-46.2323,-14.0561],[-46.2424,-14.0595],[-46.248,-14.0561],[-46.2317,-14.0474],[-46.2102,-14.0189],[-46.2096,-14.0124],[-46.2184,-14.002],[-46.2159,-13.9794],[-46.191,-13.9732],[-46.1894,-13.9728],[-45.9912,-13.9228],[-45.4033,-13.7736],[-45.3922,-13.7708],[-45.2958,-13.7461],[-45.294,-13.7457],[-45.1906,-13.7192],[-45.095,-13.6946],[-44.8829,-13.64],[-44.7863,-13.6151],[-44.7403,-13.6032],[-44.642,-13.5778],[-44.5893,-13.5641],[-44.5679,-13.5586],[-44.534,-13.5498],[-44.5087,-13.5433],[-44.5033,-13.5357],[-44.5034,-13.5208],[-44.5107,-13.5106],[-44.5022,-13.4718],[-44.4987,-13.456],[-44.4934,-13.448],[-44.4901,-13.428],[-44.4841,-13.4269],[-44.4814,-13.4219],[-44.4665,-13.4258],[-44.4615,-13.4184],[-44.454,-13.4167],[-44.4413,-13.42],[-44.4403,-13.4235],[-44.4319,-13.4216],[-44.4316,-13.4312],[-44.4218,-13.4299],[-44.4163,-13.4247],[-44.4125,-13.4297],[-44.3989,-13.4258],[-44.3958,-13.4168],[-44.3902,-13.4181],[-44.3885,-13.4222],[-44.386,-13.415],[-44.3817,-13.4172],[-44.3817,-13.4086],[-44.3786,-13.4142],[-44.3709,-13.4109],[-44.3722,-13.416],[-44.3696,-13.4183],[-44.3656,-13.4075],[-44.3547,-13.4128],[-44.3554,-13.4184],[-44.3527,-13.4179],[-44.3517,-13.4105],[-44.3375,-13.4157],[-44.3345,-13.41],[-44.3292,-13.409],[-44.3309,-13.3962]]]}},{"type":"Feature","properties":{"nome":"Jacaraci","cod":"2917409","uf":"BA"},"geometry":{"type":"Polygon","coordinates":[[[-42.053,-14.6777],[-42.0558,-14.6987],[-42.0585,-14.7185],[-42.0598,-14.7269],[-42.0504,-14.7473],[-42.0551,-14.7803],[-42.0456,-14.8031],[-42.0511,-14.8345],[-42.0583,-14.8486],[-42.0643,-14.8495],[-42.0661,-14.8411],[-42.0755,-14.8345],[-42.0858,-14.8328],[-42.0885,-14.8249],[-42.0958,-14.819],[-42.1098,-14.8204],[-42.1223,-14.8187],[-42.1262,-14.8125],[-42.1342,-14.8105],[-42.138,-14.8154],[-42.1421,-14.812],[-42.1507,-14.8122],[-42.1526,-14.8088],[-42.1577,-14.8137],[-42.1693,-14.8171],[-42.2403,-14.8378],[-42.3072,-14.8573],[-42.3282,-14.8635],[-42.3458,-14.869],[-42.3539,-14.876],[-42.3562,-14.8893],[-42.3531,-14.9008],[-42.3639,-14.9166],[-42.3617,-14.9205],[-42.3671,-14.9238],[-42.3659,-14.9283],[-42.3697,-14.9359],[-42.3789,-14.9457],[-42.3972,-14.9505],[-42.3998,-14.9539],[-42.4071,-14.9536],[-42.409,-14.9564],[-42.4218,-14.949],[-42.4297,-14.9485],[-42.4308,-14.9555],[-42.4383,-14.9578],[-42.4467,-14.9541],[-42.4617,-14.9593],[-42.4616,-14.9536],[-42.47,-14.9523],[-42.48,-14.9335],[-42.4811,-14.9213],[-42.4701,-14.8917],[-42.4823,-14.8835],[-42.4861,-14.8825],[-42.5574,-14.9217],[-42.5844,-14.9365],[-42.5868,-14.9298],[-42.6021,-14.9242],[-42.613,-14.9373],[-42.625,-14.9446],[-42.6226,-14.9335],[-42.6139,-14.9214],[-42.6112,-14.9067],[-42.6133,-14.9001],[-42.6097,-14.8919],[-42.5974,-14.8822],[-42.5865,-14.865],[-42.5811,-14.8689],[-42.5814,-14.8742],[-42.5759,-14.8752],[-42.5713,-14.8672],[-42.5725,-14.8539],[-42.566,-14.8434],[-42.56,-14.8429],[-42.5541,-14.8364],[-42.5601,-14.8259],[-42.5607,-14.8159],[-42.5527,-14.8067],[-42.5428,-14.804],[-42.5343,-14.7969],[-42.5325,-14.7915],[-42.5336,-14.7876],[-42.5269,-14.7793],[-42.5282,-14.7654],[-42.5177,-14.7617],[-42.5132,-14.761],[-42.5115,-14.7556],[-42.492,-14.749],[-42.4899,-14.7384],[-42.4863,-14.7368],[-42.4646,-14.7419],[-42.4562,-14.748],[-42.4553,-14.7567],[-42.4391,-14.7602],[-42.4252,-14.7483],[-42.4216,-14.7499],[-42.4171,-14.7235],[-42.4044,-14.724],[-42.4012,-14.7181],[-42.3969,-14.72],[-42.394,-14.7176],[-42.3865,-14.7107],[-42.3796,-14.7118],[-42.3818,-14.7069],[-42.3784,-14.7062],[-42.3786,-14.6985],[-42.3744,-14.6948],[-42.3753,-14.6598],[-42.3754,-14.6387],[-42.3646,-14.6362],[-42.3488,-14.6325],[-42.2823,-14.6172],[-42.2731,-14.6151],[-42.248,-14.6092],[-42.2265,-14.616],[-42.1655,-14.6354],[-42.161,-14.6368],[-42.121,-14.6407],[-42.0492,-14.6475],[-42.053,-14.6777]]]}},{"type":"Feature","properties":{"nome":"Jacobina","cod":"2917508","uf":"BA"},"geometry":{"type":"Polygon","coordinates":[[[-40.4523,-11.1018],[-40.4694,-11.2047],[-40.4542,-11.2036],[-40.4507,-11.2026],[-40.4492,-11.1922],[-40.4411,-11.201],[-40.433,-11.2018],[-40.4311,-11.206],[-40.4271,-11.2076],[-40.4197,-11.2054],[-40.4119,-11.2163],[-40.398,-11.2215],[-40.3955,-11.2223],[-40.3937,-11.215],[-40.3871,-11.2105],[-40.3723,-11.212],[-40.3696,-11.2073],[-40.3544,-11.2223],[-40.3446,-11.2269],[-40.3404,-11.2225],[-40.3242,-11.2166],[-40.3151,-11.2168],[-40.3175,-11.2103],[-40.3067,-11.2094],[-40.2965,-11.2013],[-40.2877,-11.2043],[-40.2703,-11.2005],[-40.2599,-11.1893],[-40.2561,-11.1795],[-40.2422,-11.1855],[-40.2341,-11.1833],[-40.2287,-11.1904],[-40.224,-11.1823],[-40.2193,-11.1859],[-40.2096,-11.1846],[-40.2055,-11.1772],[-40.1961,-11.1869],[-40.1736,-11.1871],[-40.1641,-11.1911],[-40.1614,-11.1828],[-40.1518,-11.1861],[-40.1449,-11.1813],[-40.1337,-11.1784],[-40.1281,-11.1857],[-40.1119,-11.1855],[-40.1066,-11.1923],[-40.101,-11.1887],[-40.087,-11.1904],[-40.0843,-11.1865],[-40.0755,-11.1959],[-40.071,-11.1929],[-40.0643,-11.1942],[-40.05,-11.1853],[-40.0469,-11.1906],[-40.0467,-11.191],[-40.0281,-11.2223],[-40.0469,-11.2287],[-40.0522,-11.2268],[-40.0706,-11.2343],[-40.0956,-11.267],[-40.0972,-11.2873],[-40.1023,-11.2968],[-40.1085,-11.3033],[-40.1208,-11.3083],[-40.1267,-11.3156],[-40.1399,-11.3188],[-40.1438,-11.3247],[-40.1489,-11.3257],[-40.1494,-11.3259],[-40.1585,-11.3249],[-40.1681,-11.3365],[-40.1882,-11.3389],[-40.1763,-11.3258],[-40.1835,-11.325],[-40.1912,-11.3299],[-40.2057,-11.3297],[-40.2372,-11.3384],[-40.2709,-11.348],[-40.2713,-11.3481],[-40.2842,-11.3517],[-40.354,-11.3714],[-40.3925,-11.3824],[-40.3999,-11.3789],[-40.4474,-11.3577],[-40.4613,-11.3327],[-40.4663,-11.3299],[-40.4705,-11.333],[-40.4754,-11.3385],[-40.483,-11.3404],[-40.4855,-11.3411],[-40.4868,-11.3411],[-40.4878,-11.3414],[-40.4974,-11.3456],[-40.5067,-11.336],[-40.5115,-11.331],[-40.5289,-11.3131],[-40.5342,-11.3141],[-40.5421,-11.3206],[-40.5526,-11.3184],[-40.5641,-11.3101],[-40.583,-11.308],[-40.597,-11.2915],[-40.6122,-11.2737],[-40.6124,-11.2735],[-40.6149,-11.2715],[-40.6692,-11.2292],[-40.6895,-11.2134],[-40.7254,-11.2468],[-40.7303,-11.2411],[-40.7555,-11.2116],[-40.7699,-11.1947],[-40.8004,-11.159],[-40.8513,-11.0993],[-40.9124,-11.0276],[-40.9134,-11.0264],[-40.9167,-11.0225],[-40.9325,-11.0207],[-40.9351,-11.0086],[-40.9324,-10.9995],[-40.9129,-10.9789],[-40.8996,-10.9751],[-40.9054,-10.9431],[-40.8841,-10.92],[-40.8774,-10.9017],[-40.8773,-10.9015],[-40.8783,-10.8972],[-40.8848,-10.8933],[-40.8935,-10.869],[-40.9032,-10.8572],[-40.9077,-10.8428],[-40.9091,-10.8185],[-40.92,-10.8082],[-40.9316,-10.7802],[-40.8411,-10.7804],[-40.8318,-10.7804],[-40.8214,-10.8372],[-40.7901,-10.8735],[-40.7775,-10.8834],[-40.7715,-10.9003],[-40.7331,-10.9279],[-40.721,-10.9475],[-40.6976,-10.9567],[-40.6972,-10.9569],[-40.6147,-10.9806],[-40.585,-10.9898],[-40.5322,-11.0186],[-40.5105,-11.0305],[-40.4939,-11.0397],[-40.4463,-11.0654],[-40.4523,-11.1018]]]}},{"type":"Feature","properties":{"nome":"Jaguaquara","cod":"2917607","uf":"BA"},"geometry":{"type":"Polygon","coordinates":[[[-39.9498,-13.4831],[-39.9387,-13.4875],[-39.9128,-13.4807],[-39.8974,-13.4786],[-39.8631,-13.5564],[-39.8627,-13.5572],[-39.8332,-13.5714],[-39.8172,-13.5781],[-39.8169,-13.5781],[-39.8094,-13.5804],[-39.7966,-13.5774],[-39.7919,-13.5806],[-39.7985,-13.59],[-39.7928,-13.5963],[-39.7853,-13.5948],[-39.7781,-13.599],[-39.7771,-13.6068],[-39.7805,-13.6106],[-39.782,-13.6136],[-39.7824,-13.6176],[-39.7729,-13.6225],[-39.7658,-13.6338],[-39.7763,-13.6425],[-39.7708,-13.65],[-39.7575,-13.6568],[-39.7594,-13.6607],[-39.7398,-13.6959],[-39.7431,-13.6997],[-39.7416,-13.7049],[-39.727,-13.7277],[-39.7276,-13.7341],[-39.7279,-13.7348],[-39.7416,-13.7546],[-39.7546,-13.7482],[-39.7628,-13.7602],[-39.7752,-13.7531],[-39.7797,-13.7572],[-39.7933,-13.7776],[-39.8035,-13.7826],[-39.8057,-13.7631],[-39.8096,-13.7581],[-39.822,-13.7565],[-39.8273,-13.7476],[-39.84,-13.751],[-39.8471,-13.7439],[-39.8517,-13.7224],[-39.8496,-13.7024],[-39.8523,-13.7019],[-39.856,-13.6901],[-39.8524,-13.6793],[-39.8409,-13.6782],[-39.8458,-13.6676],[-39.848,-13.6625],[-39.8525,-13.6511],[-39.8501,-13.6443],[-39.8564,-13.6413],[-39.8605,-13.6439],[-39.8693,-13.6425],[-39.8793,-13.6537],[-39.8899,-13.6605],[-39.8995,-13.6743],[-39.913,-13.6827],[-39.925,-13.6758],[-39.9292,-13.6762],[-39.9461,-13.6659],[-39.9586,-13.6729],[-39.969,-13.6649],[-39.9735,-13.6534],[-39.981,-13.6496],[-39.9898,-13.6414],[-39.9946,-13.641],[-40.0036,-13.6347],[-40.0118,-13.6397],[-40.0149,-13.6468],[-40.0387,-13.6348],[-40.0481,-13.6382],[-40.0625,-13.636],[-40.0752,-13.6412],[-40.0877,-13.6411],[-40.0966,-13.6476],[-40.0942,-13.664],[-40.0975,-13.6712],[-40.0983,-13.6666],[-40.107,-13.6589],[-40.1128,-13.6409],[-40.1154,-13.6134],[-40.1113,-13.5994],[-40.1119,-13.585],[-40.1223,-13.5583],[-40.1153,-13.5276],[-40.1105,-13.524],[-40.1103,-13.5239],[-40.0721,-13.4959],[-40.0838,-13.4766],[-40.1084,-13.4362],[-40.1085,-13.4171],[-40.1087,-13.3342],[-40.1044,-13.3328],[-40.1041,-13.3268],[-40.1103,-13.3245],[-40.1129,-13.3005],[-40.1037,-13.2912],[-40.1165,-13.2872],[-40.1201,-13.2755],[-40.1169,-13.2766],[-40.0244,-13.3095],[-40.0186,-13.3115],[-39.9813,-13.3248],[-39.9832,-13.3414],[-39.9774,-13.3569],[-39.978,-13.3728],[-39.9882,-13.3884],[-39.9902,-13.4024],[-39.9874,-13.4066],[-39.993,-13.4203],[-39.9918,-13.4293],[-39.9962,-13.4318],[-39.9949,-13.4407],[-40.0023,-13.4476],[-40.003,-13.4604],[-39.9499,-13.483],[-39.9498,-13.4831]]]}},{"type":"Feature","properties":{"nome":"Jaguarari","cod":"2917706","uf":"BA"},"geometry":{"type":"Polygon","coordinates":[[[-39.856,-9.8628],[-39.7949,-9.939],[-39.8013,-9.9449],[-39.8059,-9.9393],[-39.8131,-9.9445],[-39.8017,-9.9595],[-39.7985,-9.9792],[-39.8042,-9.9766],[-39.8126,-9.983],[-39.8105,-9.9959],[-39.806,-10.0012],[-39.8245,-10.0104],[-39.8287,-10.0245],[-39.8269,-10.0397],[-39.8365,-10.0412],[-39.8416,-10.0461],[-39.8425,-10.0603],[-39.8489,-10.0706],[-39.8499,-10.081],[-39.8617,-10.0921],[-39.8623,-10.0957],[-39.8623,-10.0965],[-39.8626,-10.0987],[-39.8689,-10.1135],[-39.8674,-10.1261],[-39.8744,-10.145],[-39.8799,-10.147],[-39.8888,-10.1401],[-39.9154,-10.151],[-39.9307,-10.1382],[-39.938,-10.138],[-39.9489,-10.1436],[-39.9739,-10.1705],[-39.9851,-10.1743],[-40.0328,-10.2219],[-40.0782,-10.2671],[-40.0784,-10.2674],[-40.124,-10.3134],[-40.1242,-10.3137],[-40.1597,-10.3495],[-40.1683,-10.3577],[-40.1689,-10.3578],[-40.1776,-10.3562],[-40.1867,-10.3457],[-40.1997,-10.3434],[-40.2101,-10.3243],[-40.2419,-10.3606],[-40.2435,-10.3625],[-40.2439,-10.3616],[-40.2467,-10.3503],[-40.2351,-10.339],[-40.2278,-10.3077],[-40.2326,-10.2917],[-40.2415,-10.2803],[-40.2382,-10.2721],[-40.2409,-10.267],[-40.2456,-10.258],[-40.2442,-10.2515],[-40.2373,-10.23],[-40.2406,-10.2139],[-40.2451,-10.2108],[-40.2531,-10.1943],[-40.261,-10.191],[-40.2684,-10.1803],[-40.2746,-10.1609],[-40.2811,-10.1525],[-40.2817,-10.1425],[-40.289,-10.1347],[-40.3108,-10.1243],[-40.3294,-10.1218],[-40.34,-10.115],[-40.3596,-10.1097],[-40.3587,-10.1223],[-40.3644,-10.1389],[-40.3727,-10.1396],[-40.3829,-10.1358],[-40.397,-10.1223],[-40.4002,-10.1092],[-40.4109,-10.1059],[-40.4115,-10.0973],[-40.3949,-10.0713],[-40.3815,-10.0665],[-40.3776,-10.0551],[-40.3451,-10.0363],[-40.3338,-10.0252],[-40.3214,-9.9801],[-40.3301,-9.958],[-40.3159,-9.9374],[-40.3139,-9.9267],[-40.317,-9.9067],[-40.2766,-9.8929],[-40.2158,-9.8722],[-40.1244,-9.8411],[-40.1008,-9.8331],[-40.0483,-9.8236],[-40.0473,-9.8234],[-40.047,-9.8234],[-39.9078,-9.798],[-39.856,-9.8628]]]}},{"type":"Feature","properties":{"nome":"Jaguaripe","cod":"2917805","uf":"BA"},"geometry":{"type":"Polygon","coordinates":[[[-38.8261,-12.9163],[-38.8215,-12.9197],[-38.8127,-12.9161],[-38.8103,-12.9261],[-38.7996,-12.9382],[-38.7987,-12.9445],[-38.7915,-12.9472],[-38.787,-12.944],[-38.7754,-12.9478],[-38.7744,-12.9477],[-38.7527,-12.9646],[-38.7583,-12.9764],[-38.7806,-13.0019],[-38.7904,-13.0262],[-38.7904,-13.0407],[-38.7944,-13.0457],[-38.8028,-13.0599],[-38.8011,-13.0882],[-38.8012,-13.1029],[-38.8062,-13.1144],[-38.7988,-13.1355],[-38.7962,-13.1371],[-38.8053,-13.1463],[-38.8342,-13.1544],[-38.8528,-13.1665],[-38.868,-13.185],[-38.8853,-13.1923],[-38.9055,-13.2055],[-38.9095,-13.2116],[-38.9154,-13.2121],[-38.9217,-13.2118],[-38.9315,-13.2071],[-38.9398,-13.2046],[-38.9595,-13.2152],[-38.9594,-13.22],[-38.9686,-13.224],[-38.9683,-13.2276],[-38.964,-13.2282],[-38.9663,-13.235],[-38.9751,-13.2336],[-38.9835,-13.2411],[-38.9837,-13.2461],[-38.9904,-13.2478],[-38.9914,-13.253],[-38.9965,-13.2465],[-38.9995,-13.2496],[-39.0052,-13.2472],[-39.0028,-13.2315],[-39.0068,-13.2255],[-39.0115,-13.2277],[-39.022,-13.2428],[-39.0272,-13.2447],[-39.0406,-13.2412],[-39.0683,-13.2453],[-39.0749,-13.2437],[-39.075,-13.2515],[-39.0685,-13.255],[-39.0706,-13.2594],[-39.0805,-13.256],[-39.0851,-13.2485],[-39.092,-13.2475],[-39.1009,-13.2564],[-39.1044,-13.2561],[-39.1283,-13.2435],[-39.1446,-13.2311],[-39.1432,-13.224],[-39.1528,-13.2262],[-39.1626,-13.2361],[-39.17,-13.2343],[-39.1799,-13.228],[-39.1846,-13.2173],[-39.1978,-13.2083],[-39.2041,-13.1968],[-39.233,-13.2092],[-39.2447,-13.1971],[-39.2548,-13.2034],[-39.256,-13.1963],[-39.2499,-13.1903],[-39.2539,-13.1861],[-39.2559,-13.1879],[-39.26,-13.1845],[-39.2686,-13.1878],[-39.2741,-13.1814],[-39.2799,-13.1889],[-39.2844,-13.1829],[-39.2821,-13.1807],[-39.2895,-13.1752],[-39.2895,-13.1733],[-39.2882,-13.1481],[-39.2873,-13.1284],[-39.2713,-13.127],[-39.2426,-13.1245],[-39.1797,-13.1189],[-39.1191,-13.1136],[-39.1193,-13.1176],[-39.115,-13.1342],[-39.0961,-13.1417],[-39.0927,-13.1401],[-39.0929,-13.1437],[-39.0833,-13.1387],[-39.0832,-13.1387],[-39.082,-13.1392],[-39.0775,-13.136],[-39.0719,-13.1392],[-39.0657,-13.1328],[-39.0653,-13.1352],[-39.0567,-13.1344],[-39.0391,-13.13],[-39.0392,-13.1254],[-39.0449,-13.1257],[-39.0441,-13.1222],[-39.0385,-13.1225],[-39.0346,-13.1177],[-39.0269,-13.1193],[-39.0251,-13.1229],[-39.0183,-13.1211],[-39.0152,-13.1268],[-39.0086,-13.1269],[-39.0064,-13.1096],[-38.9984,-13.107],[-38.9891,-13.0966],[-38.9834,-13.0973],[-38.9805,-13.0927],[-38.9841,-13.092],[-38.9823,-13.0885],[-38.981,-13.0883],[-38.9702,-13.0893],[-38.9678,-13.0845],[-38.961,-13.0899],[-38.9581,-13.0872],[-38.9583,-13.0621],[-38.9574,-13.0585],[-38.9544,-13.0456],[-38.959,-13.0346],[-38.9583,-13.0195],[-38.9542,-13.0167],[-38.9538,-13.0115],[-38.9543,-13.0044],[-38.9607,-12.9994],[-38.9557,-12.9938],[-38.9235,-12.9811],[-38.9117,-12.9765],[-38.9203,-12.9669],[-38.9181,-12.9629],[-38.9125,-12.9628],[-38.9147,-12.9586],[-38.9088,-12.9538],[-38.9089,-12.9449],[-38.9123,-12.9413],[-38.9178,-12.9361],[-38.9169,-12.9296],[-38.9166,-12.9289],[-38.9008,-12.9331],[-38.8953,-12.9407],[-38.8862,-12.9435],[-38.8717,-12.9354],[-38.864,-12.9368],[-38.8562,-12.9437],[-38.8503,-12.9376],[-38.8402,-12.9428],[-38.8373,-12.954],[-38.8292,-12.9506],[-38.8249,-12.9444],[-38.8358,-12.9274],[-38.8335,-12.9205],[-38.8261,-12.9163]]]}},{"type":"Feature","properties":{"nome":"Jandaíra","cod":"2917904","uf":"BA"},"geometry":{"type":"Polygon","coordinates":[[[-37.3875,-11.5037],[-37.4119,-11.543],[-37.4899,-11.6968],[-37.5095,-11.7362],[-37.5153,-11.7421],[-37.5193,-11.7431],[-37.5221,-11.7545],[-37.531,-11.7689],[-37.5365,-11.7717],[-37.5408,-11.7721],[-37.5413,-11.7636],[-37.5441,-11.7637],[-37.5403,-11.7605],[-37.542,-11.7558],[-37.5378,-11.7486],[-37.5267,-11.7457],[-37.5245,-11.738],[-37.5272,-11.7403],[-37.5286,-11.7337],[-37.5258,-11.7344],[-37.5265,-11.7307],[-37.5224,-11.73],[-37.5244,-11.727],[-37.5209,-11.7259],[-37.5235,-11.7229],[-37.5207,-11.7119],[-37.5253,-11.7091],[-37.5345,-11.7099],[-37.5307,-11.7022],[-37.5347,-11.7002],[-37.5473,-11.7053],[-37.557,-11.7055],[-37.5715,-11.6969],[-37.5774,-11.6865],[-37.5812,-11.6862],[-37.586,-11.6913],[-37.611,-11.665],[-37.6418,-11.6603],[-37.651,-11.6707],[-37.6604,-11.6734],[-37.6722,-11.6711],[-37.6871,-11.6609],[-37.6951,-11.6542],[-37.7015,-11.6424],[-37.7105,-11.6379],[-37.7137,-11.6326],[-37.7274,-11.6339],[-37.7425,-11.6297],[-37.7495,-11.635],[-37.7489,-11.6486],[-37.753,-11.657],[-37.7591,-11.6477],[-37.7586,-11.6422],[-37.7641,-11.6374],[-37.7767,-11.6372],[-37.7904,-11.6253],[-37.7976,-11.615],[-37.8042,-11.6133],[-37.8013,-11.607],[-37.8033,-11.6034],[-37.8121,-11.5969],[-37.8221,-11.5973],[-37.8288,-11.5748],[-37.8423,-11.5586],[-37.83,-11.5585],[-37.8299,-11.5585],[-37.8208,-11.541],[-37.811,-11.5367],[-37.8041,-11.5229],[-37.8004,-11.52],[-37.7947,-11.5181],[-37.7908,-11.5233],[-37.7746,-11.524],[-37.7703,-11.531],[-37.7629,-11.528],[-37.763,-11.5242],[-37.7592,-11.5245],[-37.7482,-11.538],[-37.7307,-11.5371],[-37.7276,-11.5523],[-37.719,-11.5496],[-37.7119,-11.5522],[-37.7025,-11.5399],[-37.6962,-11.5446],[-37.6955,-11.549],[-37.7001,-11.5619],[-37.6878,-11.5658],[-37.6843,-11.5616],[-37.6732,-11.5682],[-37.6698,-11.5636],[-37.6722,-11.559],[-37.6615,-11.543],[-37.6646,-11.5328],[-37.6571,-11.5328],[-37.6535,-11.5288],[-37.6514,-11.5178],[-37.6435,-11.5238],[-37.6367,-11.5175],[-37.6316,-11.5183],[-37.6278,-11.5293],[-37.6163,-11.5376],[-37.6082,-11.5359],[-37.603,-11.5399],[-37.589,-11.5277],[-37.5811,-11.5307],[-37.5788,-11.5339],[-37.5853,-11.5419],[-37.5785,-11.5516],[-37.5722,-11.5483],[-37.5734,-11.5422],[-37.5685,-11.5394],[-37.5619,-11.5428],[-37.5582,-11.5504],[-37.5525,-11.5471],[-37.5195,-11.5484],[-37.5157,-11.5354],[-37.5093,-11.53],[-37.5032,-11.524],[-37.4633,-11.5231],[-37.4498,-11.5199],[-37.4116,-11.4947],[-37.4027,-11.488],[-37.3922,-11.4785],[-37.3729,-11.4542],[-37.3524,-11.442],[-37.3408,-11.4419],[-37.3469,-11.4473],[-37.3429,-11.4504],[-37.3458,-11.4618],[-37.3875,-11.5037]]]}},{"type":"Feature","properties":{"nome":"Jequié","cod":"2918001","uf":"BA"},"geometry":{"type":"Polygon","coordinates":[[[-40.0625,-13.636],[-40.0481,-13.6382],[-40.0387,-13.6348],[-40.0149,-13.6468],[-40.0118,-13.6397],[-40.0036,-13.6347],[-39.9946,-13.641],[-39.9898,-13.6414],[-39.981,-13.6496],[-39.9735,-13.6534],[-39.969,-13.6649],[-39.9586,-13.6729],[-39.9461,-13.6659],[-39.9292,-13.6762],[-39.925,-13.6758],[-39.913,-13.6827],[-39.8995,-13.6743],[-39.8899,-13.6605],[-39.8793,-13.6537],[-39.8693,-13.6425],[-39.8605,-13.6439],[-39.8564,-13.6413],[-39.8501,-13.6443],[-39.8525,-13.6511],[-39.848,-13.6625],[-39.8458,-13.6676],[-39.8409,-13.6782],[-39.8524,-13.6793],[-39.856,-13.6901],[-39.8523,-13.7019],[-39.8496,-13.7024],[-39.8517,-13.7224],[-39.8471,-13.7439],[-39.84,-13.751],[-39.8273,-13.7476],[-39.822,-13.7565],[-39.8096,-13.7581],[-39.8057,-13.7631],[-39.8035,-13.7826],[-39.8035,-13.7864],[-39.796,-13.79],[-39.7951,-13.8001],[-39.7814,-13.8175],[-39.7728,-13.8217],[-39.7678,-13.8347],[-39.7736,-13.8408],[-39.7804,-13.8426],[-39.7839,-13.8523],[-39.7778,-13.8565],[-39.7797,-13.8601],[-39.7735,-13.8663],[-39.7642,-13.8587],[-39.7587,-13.8646],[-39.7496,-13.8634],[-39.7471,-13.8663],[-39.7569,-13.8862],[-39.7532,-13.8923],[-39.7402,-13.8935],[-39.7469,-13.9016],[-39.7423,-13.9121],[-39.7343,-13.9057],[-39.7163,-13.9093],[-39.7011,-13.9079],[-39.7047,-13.9185],[-39.7096,-13.9145],[-39.7219,-13.9276],[-39.7363,-13.934],[-39.7368,-13.9381],[-39.742,-13.9441],[-39.7483,-13.9663],[-39.7538,-13.9731],[-39.7552,-13.9877],[-39.8082,-13.9324],[-39.8194,-13.9207],[-39.8386,-13.9006],[-39.8395,-13.8997],[-39.8484,-13.8904],[-39.8736,-13.8641],[-39.8736,-13.864],[-39.9042,-13.8321],[-39.9158,-13.82],[-39.9163,-13.8194],[-39.9547,-13.8592],[-39.9701,-13.8771],[-39.9761,-13.8774],[-39.9802,-13.8821],[-39.9898,-13.8854],[-39.9991,-13.9067],[-40.0121,-13.9088],[-39.9929,-13.9328],[-39.9774,-13.9441],[-39.9628,-13.9588],[-39.9579,-13.9639],[-39.956,-13.9739],[-39.939,-13.9853],[-39.9295,-13.997],[-39.9249,-14.0041],[-39.9153,-14.0166],[-39.9071,-14.0206],[-39.9069,-14.0248],[-39.9009,-14.0269],[-39.9011,-14.0413],[-39.9159,-14.0647],[-39.9249,-14.0701],[-39.9256,-14.0826],[-39.9381,-14.0775],[-39.9464,-14.0684],[-39.9519,-14.0665],[-39.9634,-14.0651],[-39.9725,-14.0596],[-39.9758,-14.0547],[-39.9851,-14.0514],[-39.9976,-14.0387],[-40.0117,-14.0343],[-40.0214,-14.0206],[-40.0397,-14.0188],[-40.0382,-13.9952],[-40.0448,-13.9921],[-40.047,-13.9955],[-40.0477,-13.9968],[-40.08,-14.1214],[-40.0804,-14.1229],[-40.0807,-14.1244],[-40.0964,-14.1855],[-40.0832,-14.2037],[-40.0815,-14.2151],[-40.0981,-14.2422],[-40.0989,-14.2585],[-40.0965,-14.2637],[-40.0929,-14.2638],[-40.0939,-14.2668],[-40.0988,-14.2662],[-40.1053,-14.2481],[-40.1061,-14.2318],[-40.1148,-14.2287],[-40.1207,-14.2357],[-40.1213,-14.2395],[-40.1255,-14.238],[-40.1321,-14.2425],[-40.1303,-14.253],[-40.1401,-14.2467],[-40.1562,-14.2504],[-40.1608,-14.2544],[-40.1707,-14.2482],[-40.1709,-14.2308],[-40.175,-14.2256],[-40.1798,-14.2244],[-40.1879,-14.2349],[-40.1903,-14.2274],[-40.1808,-14.2236],[-40.192,-14.2227],[-40.1862,-14.2166],[-40.1885,-14.2103],[-40.185,-14.2039],[-40.1887,-14.2003],[-40.1836,-14.1893],[-40.1835,-14.1781],[-40.1794,-14.1748],[-40.1815,-14.1668],[-40.1781,-14.1591],[-40.1752,-14.1345],[-40.1816,-14.123],[-40.1875,-14.1217],[-40.1938,-14.1276],[-40.2111,-14.1255],[-40.2217,-14.1053],[-40.2193,-14.0978],[-40.2214,-14.0958],[-40.2147,-14.0865],[-40.2206,-14.0775],[-40.2199,-14.0721],[-40.2154,-14.0694],[-40.2077,-14.0708],[-40.2051,-14.0527],[-40.2078,-14.0491],[-40.211,-14.0388],[-40.2263,-14.0304],[-40.2407,-14.0328],[-40.2478,-14.0423],[-40.2999,-14.0121],[-40.3179,-14.0057],[-40.3196,-14.0107],[-40.3256,-14.009],[-40.3286,-14.0154],[-40.3362,-14.0141],[-40.3366,-14.0175],[-40.3461,-14.024],[-40.3481,-14.0382],[-40.3545,-14.0434],[-40.3592,-14.0417],[-40.3636,-14.0476],[-40.3697,-14.0517],[-40.3757,-14.0503],[-40.3872,-14.0618],[-40.3903,-14.0615],[-40.3944,-14.0606],[-40.5128,-13.9479],[-40.514,-13.9414],[-40.5173,-13.9397],[-40.5153,-13.9225],[-40.522,-13.9197],[-40.5101,-13.9105],[-40.5107,-13.9028],[-40.5064,-13.9008],[-40.5046,-13.8901],[-40.504,-13.8844],[-40.4996,-13.8807],[-40.486,-13.8802],[-40.4397,-13.8656],[-40.4421,-13.8629],[-40.458,-13.8433],[-40.4937,-13.818],[-40.5099,-13.7926],[-40.5189,-13.7881],[-40.5277,-13.7644],[-40.5314,-13.7403],[-40.536,-13.7366],[-40.5378,-13.7289],[-40.5323,-13.7179],[-40.5231,-13.7178],[-40.5139,-13.7132],[-40.5031,-13.7135],[-40.4981,-13.7195],[-40.482,-13.7031],[-40.479,-13.6907],[-40.4145,-13.6876],[-40.4091,-13.6873],[-40.3776,-13.6858],[-40.2792,-13.681],[-40.279,-13.681],[-40.2199,-13.6781],[-40.1171,-13.6731],[-40.0975,-13.6712],[-40.0942,-13.664],[-40.0966,-13.6476],[-40.0877,-13.6411],[-40.0752,-13.6412],[-40.0625,-13.636]]]}},{"type":"Feature","properties":{"nome":"Jeremoabo","cod":"2918100","uf":"BA"},"geometry":{"type":"Polygon","coordinates":[[[-38.8441,-9.6264],[-38.7335,-9.6479],[-38.5969,-9.6742],[-38.5097,-9.6911],[-38.4884,-9.6953],[-38.4432,-9.704],[-38.3579,-9.7206],[-38.3568,-9.7208],[-38.3142,-9.771],[-38.3139,-9.7714],[-38.2611,-9.8335],[-38.2606,-9.8341],[-38.2452,-9.8492],[-38.1899,-9.8673],[-38.1662,-9.9277],[-38.1405,-9.9941],[-38.0914,-10.0893],[-38.0852,-10.1013],[-38.1499,-10.2135],[-38.1432,-10.1931],[-38.1554,-10.1907],[-38.1668,-10.1838],[-38.1819,-10.185],[-38.1921,-10.1802],[-38.1954,-10.1871],[-38.2013,-10.1888],[-38.205,-10.1965],[-38.2157,-10.2055],[-38.2197,-10.2196],[-38.2329,-10.223],[-38.2339,-10.2237],[-38.2485,-10.2345],[-38.2585,-10.248],[-38.2804,-10.247],[-38.303,-10.259],[-38.3456,-10.2524],[-38.3732,-10.2612],[-38.4042,-10.2796],[-38.4147,-10.2907],[-38.4215,-10.2924],[-38.4282,-10.3039],[-38.4355,-10.3085],[-38.4348,-10.3128],[-38.4362,-10.3209],[-38.4963,-10.2821],[-38.6107,-10.2082],[-38.6117,-10.2076],[-38.6161,-10.2036],[-38.8781,-9.9671],[-38.9315,-9.8744],[-38.9349,-9.8686],[-38.9462,-9.8455],[-38.9502,-9.8451],[-38.9715,-9.8252],[-38.9752,-9.8165],[-38.9758,-9.7985],[-38.9798,-9.7956],[-38.9755,-9.7869],[-38.9798,-9.7841],[-38.9848,-9.7801],[-38.9845,-9.7676],[-38.9958,-9.7707],[-38.9976,-9.7603],[-39.0038,-9.7604],[-39.0135,-9.7485],[-39.0216,-9.7481],[-39.0201,-9.7438],[-39.0247,-9.7361],[-39.0352,-9.7291],[-39.035,-9.7214],[-39.0405,-9.7118],[-39.0377,-9.7087],[-39.0442,-9.7025],[-39.0408,-9.7003],[-39.045,-9.6985],[-39.0449,-9.6881],[-39.0475,-9.6905],[-39.0507,-9.6858],[-39.0548,-9.6899],[-39.0614,-9.6888],[-39.0579,-9.6844],[-39.0668,-9.6822],[-39.0668,-9.6755],[-39.0817,-9.6648],[-39.0819,-9.6587],[-39.0914,-9.6571],[-39.0994,-9.6502],[-39.1072,-9.6461],[-39.1103,-9.6421],[-39.1176,-9.643],[-39.1217,-9.6445],[-39.1299,-9.6379],[-39.0061,-9.633],[-38.8826,-9.6279],[-38.8441,-9.6264]]]}},{"type":"Feature","properties":{"nome":"Jiquiriçá","cod":"2918209","uf":"BA"},"geometry":{"type":"Polygon","coordinates":[[[-39.5314,-13.1716],[-39.5254,-13.1806],[-39.5074,-13.1778],[-39.5097,-13.183],[-39.5231,-13.1887],[-39.5588,-13.2109],[-39.5645,-13.2145],[-39.5595,-13.2307],[-39.5531,-13.2377],[-39.5394,-13.243],[-39.5392,-13.2431],[-39.5317,-13.2737],[-39.5329,-13.2776],[-39.5377,-13.278],[-39.5363,-13.2853],[-39.5402,-13.2989],[-39.5425,-13.338],[-39.5487,-13.351],[-39.5536,-13.3646],[-39.5513,-13.374],[-39.5512,-13.3823],[-39.556,-13.4021],[-39.555,-13.4108],[-39.5589,-13.4214],[-39.5751,-13.425],[-39.5796,-13.4232],[-39.5872,-13.4386],[-39.5855,-13.4461],[-39.5986,-13.4531],[-39.5959,-13.4627],[-39.6019,-13.468],[-39.6017,-13.4754],[-39.6055,-13.4767],[-39.6274,-13.4823],[-39.6295,-13.4707],[-39.6367,-13.4662],[-39.6417,-13.4531],[-39.6478,-13.448],[-39.6296,-13.4277],[-39.6263,-13.3967],[-39.629,-13.3728],[-39.6378,-13.3587],[-39.6355,-13.3492],[-39.6295,-13.3419],[-39.6279,-13.3318],[-39.6346,-13.3176],[-39.6263,-13.2988],[-39.6251,-13.2819],[-39.633,-13.2755],[-39.6311,-13.2689],[-39.6312,-13.2643],[-39.6258,-13.2697],[-39.6226,-13.2684],[-39.6178,-13.2582],[-39.6001,-13.2624],[-39.5917,-13.2504],[-39.5856,-13.2523],[-39.5902,-13.2435],[-39.5919,-13.2265],[-39.586,-13.213],[-39.5985,-13.1965],[-39.5966,-13.1936],[-39.5843,-13.1931],[-39.5788,-13.196],[-39.5718,-13.1889],[-39.5648,-13.1877],[-39.5591,-13.1784],[-39.5528,-13.1818],[-39.5442,-13.1753],[-39.5382,-13.1759],[-39.5314,-13.1716]]]}},{"type":"Feature","properties":{"nome":"Jitaúna","cod":"2918308","uf":"BA"},"geometry":{"type":"Polygon","coordinates":[[[-39.8736,-13.8641],[-39.8484,-13.8904],[-39.8395,-13.8997],[-39.8386,-13.9006],[-39.8194,-13.9207],[-39.8082,-13.9324],[-39.7552,-13.9877],[-39.763,-13.9929],[-39.7698,-13.9968],[-39.772,-13.9975],[-39.7878,-14.0088],[-39.7891,-14.0092],[-39.7934,-14.0105],[-39.7958,-14.016],[-39.79,-14.0243],[-39.7906,-14.038],[-39.7966,-14.0427],[-39.8003,-14.0567],[-39.7998,-14.0589],[-39.8056,-14.0585],[-39.8131,-14.0466],[-39.8283,-14.038],[-39.834,-14.0243],[-39.8432,-14.0171],[-39.8545,-14.0176],[-39.8696,-14.011],[-39.8771,-14.012],[-39.8831,-14.0186],[-39.8972,-14.0261],[-39.9009,-14.0269],[-39.9069,-14.0248],[-39.9071,-14.0206],[-39.9153,-14.0166],[-39.9249,-14.0041],[-39.9295,-13.997],[-39.939,-13.9853],[-39.956,-13.9739],[-39.9579,-13.9639],[-39.9628,-13.9588],[-39.9774,-13.9441],[-39.9929,-13.9328],[-40.0121,-13.9088],[-39.9991,-13.9067],[-39.9898,-13.8854],[-39.9802,-13.8821],[-39.9761,-13.8774],[-39.9701,-13.8771],[-39.9547,-13.8592],[-39.9163,-13.8194],[-39.9158,-13.82],[-39.9042,-13.8321],[-39.8736,-13.864],[-39.8736,-13.8641]]]}},{"type":"Feature","properties":{"nome":"João Dourado","cod":"2918357","uf":"BA"},"geometry":{"type":"Polygon","coordinates":[[[-41.6681,-11.3969],[-41.7192,-11.4247],[-41.7515,-11.4074],[-41.7434,-11.3513],[-41.7421,-11.3369],[-41.7471,-11.2724],[-41.7499,-11.2363],[-41.7468,-11.218],[-41.6582,-11.1891],[-41.6527,-11.1864],[-41.5922,-11.1379],[-41.4947,-11.0599],[-41.4346,-11.0131],[-41.4363,-11.0243],[-41.4312,-11.0353],[-41.4246,-11.0407],[-41.4213,-11.0522],[-41.4081,-11.0693],[-41.3974,-11.0755],[-41.3979,-11.082],[-41.3929,-11.086],[-41.3949,-11.1045],[-41.3894,-11.1095],[-41.3859,-11.1188],[-41.3876,-11.1225],[-41.3811,-11.1338],[-41.3767,-11.1399],[-41.37,-11.1416],[-41.3695,-11.1454],[-41.3663,-11.1592],[-41.3697,-11.1686],[-41.3652,-11.1835],[-41.4227,-11.2265],[-41.4992,-11.2836],[-41.5979,-11.3572],[-41.5987,-11.3579],[-41.6,-11.3588],[-41.602,-11.3603],[-41.6055,-11.3628],[-41.6057,-11.3629],[-41.6676,-11.3966],[-41.6681,-11.3969]]]}},{"type":"Feature","properties":{"nome":"Juazeiro","cod":"2918407","uf":"BA"},"geometry":{"type":"Polygon","coordinates":[[[-40.1337,-9.1091],[-40.129,-9.1098],[-40.1195,-9.1017],[-40.1071,-9.0971],[-40.0921,-9.0855],[-40.0732,-9.0749],[-40.0652,-9.0626],[-40.0053,-9.0593],[-40.0053,-9.0593],[-39.9957,-9.0605],[-39.9789,-9.0546],[-39.9776,-9.0661],[-39.9852,-9.0778],[-39.9837,-9.0953],[-39.9696,-9.1194],[-39.9598,-9.1218],[-39.9399,-9.1105],[-39.9341,-9.1176],[-39.9225,-9.1116],[-39.9119,-9.1131],[-39.9126,-9.1224],[-39.903,-9.1291],[-39.9017,-9.1344],[-39.9077,-9.1573],[-39.8947,-9.166],[-39.8882,-9.1897],[-39.8663,-9.1996],[-39.8616,-9.2088],[-39.863,-9.2353],[-39.8706,-9.2425],[-39.8738,-9.251],[-39.8699,-9.2576],[-39.8797,-9.2693],[-39.8791,-9.3033],[-39.8865,-9.3306],[-39.8786,-9.3518],[-39.8774,-9.3654],[-39.8805,-9.3719],[-39.8722,-9.4048],[-39.8718,-9.4208],[-39.8652,-9.4342],[-39.8686,-9.4483],[-39.8657,-9.4538],[-39.8649,-9.4607],[-39.8708,-9.4694],[-39.8689,-9.4861],[-39.875,-9.5012],[-39.8683,-9.5266],[-39.8745,-9.5441],[-39.8815,-9.5522],[-39.8861,-9.5792],[-39.8868,-9.5811],[-39.8874,-9.5814],[-39.8975,-9.6271],[-39.8973,-9.6377],[-39.8897,-9.6532],[-39.8893,-9.6663],[-39.8932,-9.6926],[-39.8978,-9.7014],[-39.9023,-9.7349],[-39.8985,-9.741],[-39.8976,-9.7535],[-39.9018,-9.7642],[-39.9026,-9.7873],[-39.9078,-9.798],[-40.047,-9.8234],[-40.0473,-9.8234],[-40.0483,-9.8236],[-40.1008,-9.8331],[-40.1244,-9.8411],[-40.2158,-9.8722],[-40.2766,-9.8929],[-40.317,-9.9067],[-40.5499,-9.8913],[-40.5503,-9.8912],[-40.6282,-9.886],[-40.6431,-9.885],[-40.7166,-9.8986],[-40.8035,-9.9147],[-40.8143,-9.8952],[-40.8149,-9.879],[-40.8064,-9.8651],[-40.79,-9.8536],[-40.7734,-9.8351],[-40.772,-9.8256],[-40.7575,-9.7974],[-40.7646,-9.7914],[-40.7684,-9.7795],[-40.7623,-9.763],[-40.7642,-9.7501],[-40.7512,-9.7367],[-40.7418,-9.7181],[-40.7422,-9.7038],[-40.751,-9.6898],[-40.7511,-9.6895],[-40.7634,-9.6702],[-40.767,-9.6512],[-40.7699,-9.6494],[-40.7706,-9.6201],[-40.7659,-9.5848],[-40.7699,-9.5694],[-40.7449,-9.5215],[-40.7448,-9.5214],[-40.7457,-9.5126],[-40.7374,-9.4901],[-40.7377,-9.4809],[-40.7329,-9.4754],[-40.7315,-9.4588],[-40.7259,-9.4568],[-40.7222,-9.451],[-40.7131,-9.4503],[-40.6809,-9.4668],[-40.6564,-9.4725],[-40.6533,-9.4731],[-40.6228,-9.4825],[-40.5948,-9.467],[-40.5811,-9.4672],[-40.5648,-9.4636],[-40.548,-9.4486],[-40.5414,-9.4256],[-40.5378,-9.4202],[-40.5287,-9.4135],[-40.5104,-9.4068],[-40.5059,-9.408],[-40.4946,-9.4088],[-40.4775,-9.4189],[-40.4674,-9.4201],[-40.4553,-9.4055],[-40.4355,-9.3617],[-40.4205,-9.3522],[-40.4113,-9.3538],[-40.3909,-9.3717],[-40.371,-9.3783],[-40.356,-9.3766],[-40.3347,-9.3535],[-40.3357,-9.3268],[-40.3322,-9.3172],[-40.3187,-9.2869],[-40.3092,-9.2751],[-40.3049,-9.2596],[-40.3001,-9.2308],[-40.2897,-9.1952],[-40.2854,-9.1814],[-40.2936,-9.1517],[-40.2883,-9.127],[-40.2785,-9.0941],[-40.2705,-9.0787],[-40.2554,-9.0628],[-40.2386,-9.0539],[-40.2312,-9.0543],[-40.2085,-9.0634],[-40.1738,-9.0901],[-40.1646,-9.1061],[-40.1507,-9.1067],[-40.1337,-9.1091]]]}},{"type":"Feature","properties":{"nome":"Jucuruçu","cod":"2918456","uf":"BA"},"geometry":{"type":"Polygon","coordinates":[[[-40.2659,-16.6892],[-40.2668,-16.699],[-40.2609,-16.7094],[-40.2538,-16.7138],[-40.2454,-16.7151],[-40.2382,-16.7089],[-40.2233,-16.708],[-40.2191,-16.7049],[-40.2127,-16.7084],[-40.2022,-16.6936],[-40.1998,-16.6989],[-40.1996,-16.699],[-40.1982,-16.7077],[-40.1943,-16.708],[-40.1885,-16.7001],[-40.159,-16.6932],[-40.1539,-16.6989],[-40.1643,-16.7092],[-40.1553,-16.7171],[-40.1491,-16.7132],[-40.1382,-16.7143],[-40.1289,-16.6903],[-40.1309,-16.6824],[-40.1271,-16.6789],[-40.0989,-16.685],[-40.0902,-16.6821],[-40.0837,-16.6871],[-40.083,-16.6952],[-40.0761,-16.7045],[-40.0728,-16.7054],[-40.0719,-16.7109],[-40.0656,-16.7117],[-40.0608,-16.7171],[-40.0558,-16.7173],[-40.0471,-16.7067],[-40.0425,-16.7079],[-40.0318,-16.7005],[-40.0288,-16.7072],[-40.0215,-16.7123],[-40.0055,-16.7004],[-39.9966,-16.7119],[-39.9885,-16.7027],[-39.9647,-16.6962],[-39.9652,-16.7003],[-39.9744,-16.7045],[-39.9651,-16.7146],[-39.9608,-16.7153],[-39.9703,-16.7293],[-39.9594,-16.7251],[-39.9603,-16.7294],[-39.9527,-16.7349],[-39.9489,-16.732],[-39.939,-16.7328],[-39.9272,-16.7257],[-39.9184,-16.7368],[-39.9109,-16.7289],[-39.9014,-16.7306],[-39.8905,-16.7255],[-39.8856,-16.7319],[-39.8853,-16.7431],[-39.8787,-16.747],[-39.8542,-16.7515],[-39.8463,-16.7609],[-39.8362,-16.7574],[-39.816,-16.7629],[-39.7966,-16.7524],[-39.7904,-16.7618],[-39.7864,-16.7625],[-39.7858,-16.7741],[-39.7769,-16.7949],[-39.7832,-16.8099],[-39.7695,-16.828],[-39.7727,-16.8431],[-39.7665,-16.8667],[-39.7749,-16.8679],[-39.7767,-16.8607],[-39.7858,-16.8624],[-39.7883,-16.8534],[-39.795,-16.8564],[-39.7959,-16.8602],[-39.8024,-16.8521],[-39.8126,-16.8465],[-39.8276,-16.8501],[-39.8389,-16.8462],[-39.8379,-16.8404],[-39.8408,-16.8374],[-39.8423,-16.834],[-39.846,-16.839],[-39.8498,-16.8369],[-39.8541,-16.844],[-39.8601,-16.8436],[-39.8645,-16.8389],[-39.8749,-16.8396],[-39.8869,-16.8467],[-39.8886,-16.8516],[-39.9062,-16.8611],[-39.904,-16.8669],[-39.9067,-16.8679],[-39.9111,-16.8694],[-39.9115,-16.8732],[-39.912,-16.8741],[-39.9156,-16.8721],[-39.9172,-16.8756],[-39.9265,-16.8654],[-39.9311,-16.8662],[-39.9307,-16.8592],[-39.9342,-16.855],[-39.938,-16.856],[-39.9382,-16.8516],[-39.9465,-16.8461],[-39.9549,-16.8481],[-39.9569,-16.8535],[-39.9618,-16.8554],[-39.9678,-16.8722],[-39.984,-16.8676],[-39.9939,-16.871],[-39.9901,-16.8943],[-40.0005,-16.9118],[-39.9994,-16.9176],[-40.006,-16.9349],[-40.0115,-16.9404],[-40.0216,-16.9366],[-40.0275,-16.9358],[-40.0333,-16.9403],[-40.0276,-16.9454],[-40.0294,-16.9488],[-40.0406,-16.9497],[-40.0418,-16.9441],[-40.0469,-16.9427],[-40.0512,-16.9485],[-40.0437,-16.9601],[-40.048,-16.9671],[-40.0557,-16.9683],[-40.0602,-16.974],[-40.0659,-16.9872],[-40.063,-16.9864],[-40.0599,-16.9927],[-40.0609,-16.9977],[-40.0805,-17.0268],[-40.0766,-17.039],[-40.079,-17.0417],[-40.0778,-17.0536],[-40.0735,-17.0563],[-40.0736,-17.0634],[-40.0683,-17.0661],[-40.067,-17.0707],[-40.0691,-17.0751],[-40.076,-17.0738],[-40.0779,-17.0819],[-40.0859,-17.0795],[-40.0885,-17.062],[-40.1043,-17.0693],[-40.1088,-17.0748],[-40.1209,-17.0828],[-40.1252,-17.0776],[-40.1409,-17.0761],[-40.1518,-17.0795],[-40.1564,-17.0742],[-40.1552,-17.0708],[-40.1605,-17.0711],[-40.1651,-17.0691],[-40.1805,-17.0465],[-40.1831,-17.0158],[-40.1978,-17.0074],[-40.1987,-17.0014],[-40.1985,-16.9979],[-40.2094,-16.9967],[-40.2123,-16.9849],[-40.2333,-16.9721],[-40.2386,-16.9723],[-40.2415,-16.9722],[-40.2644,-16.963],[-40.2813,-16.9628],[-40.2931,-16.9622],[-40.2997,-16.9546],[-40.3106,-16.9532],[-40.3152,-16.956],[-40.3216,-16.9487],[-40.3535,-16.9491],[-40.3707,-16.9414],[-40.3967,-16.9429],[-40.4038,-16.9285],[-40.4012,-16.9227],[-40.404,-16.9088],[-40.4014,-16.8902],[-40.3932,-16.8862],[-40.3755,-16.8854],[-40.371,-16.8744],[-40.3661,-16.8737],[-40.3479,-16.8876],[-40.3484,-16.8988],[-40.3395,-16.898],[-40.3268,-16.9089],[-40.3225,-16.9036],[-40.3164,-16.9048],[-40.31,-16.8962],[-40.3024,-16.8918],[-40.2931,-16.9042],[-40.2813,-16.9007],[-40.275,-16.8861],[-40.2716,-16.8697],[-40.2646,-16.8646],[-40.2656,-16.8598],[-40.2522,-16.8597],[-40.2514,-16.8486],[-40.2465,-16.8453],[-40.251,-16.8384],[-40.2531,-16.8242],[-40.2581,-16.8203],[-40.2574,-16.8061],[-40.2687,-16.7953],[-40.2824,-16.8035],[-40.2943,-16.7962],[-40.3034,-16.7985],[-40.3232,-16.8008],[-40.3351,-16.7878],[-40.3451,-16.7868],[-40.3355,-16.7792],[-40.3197,-16.7458],[-40.3098,-16.7357],[-40.3102,-16.7188],[-40.302,-16.7077],[-40.3066,-16.6963],[-40.2985,-16.6993],[-40.2902,-16.6907],[-40.2942,-16.6832],[-40.2742,-16.6717],[-40.2708,-16.6773],[-40.261,-16.6829],[-40.2659,-16.6892]]]}},{"type":"Feature","properties":{"nome":"Jussara","cod":"2918506","uf":"BA"},"geometry":{"type":"Polygon","coordinates":[[[-41.7823,-10.9894],[-41.8415,-11.0787],[-41.866,-11.116],[-41.9008,-11.1664],[-41.9041,-11.1712],[-41.9079,-11.1766],[-41.9644,-11.1491],[-41.982,-11.1405],[-41.9914,-11.132],[-42.0231,-11.1036],[-42.0243,-11.1016],[-42.0487,-11.0617],[-42.0887,-11.0169],[-42.0788,-11.0175],[-42.0493,-11.0191],[-42.0053,-11.0216],[-42.0013,-11.0168],[-41.9683,-10.9771],[-41.8966,-10.8906],[-41.878,-10.8684],[-41.7703,-10.7377],[-41.6597,-10.806],[-41.6632,-10.8116],[-41.7382,-10.9218],[-41.7803,-10.9864],[-41.7823,-10.9894]]]}},{"type":"Feature","properties":{"nome":"Jussari","cod":"2918555","uf":"BA"},"geometry":{"type":"Polygon","coordinates":[[[-39.5813,-15.0186],[-39.5224,-15.0597],[-39.4474,-15.034],[-39.4413,-15.025],[-39.4369,-15.0242],[-39.4192,-15.0115],[-39.4164,-15.0223],[-39.4113,-15.0221],[-39.4169,-15.026],[-39.4131,-15.0325],[-39.4013,-15.0577],[-39.3878,-15.0865],[-39.3877,-15.0868],[-39.3987,-15.0868],[-39.4044,-15.1023],[-39.4037,-15.1305],[-39.4162,-15.1394],[-39.4224,-15.1547],[-39.4291,-15.1563],[-39.433,-15.1675],[-39.4398,-15.1721],[-39.4388,-15.1807],[-39.4444,-15.1811],[-39.4502,-15.1942],[-39.4589,-15.2022],[-39.4623,-15.2073],[-39.4812,-15.2063],[-39.4853,-15.2302],[-39.4907,-15.2536],[-39.5092,-15.2509],[-39.5114,-15.2421],[-39.5171,-15.2394],[-39.5367,-15.245],[-39.5373,-15.2408],[-39.545,-15.2398],[-39.5558,-15.2301],[-39.5526,-15.2265],[-39.5536,-15.221],[-39.5687,-15.2291],[-39.5704,-15.2342],[-39.5732,-15.2412],[-39.5706,-15.2466],[-39.5718,-15.2652],[-39.5752,-15.2723],[-39.573,-15.2799],[-39.5781,-15.2776],[-39.5841,-15.2653],[-39.5896,-15.2631],[-39.5919,-15.2416],[-39.5843,-15.2193],[-39.5751,-15.2132],[-39.5666,-15.1926],[-39.5701,-15.1828],[-39.5735,-15.173],[-39.5687,-15.1562],[-39.5678,-15.1473],[-39.5769,-15.1459],[-39.5782,-15.1416],[-39.5842,-15.1436],[-39.5867,-15.1334],[-39.5781,-15.1233],[-39.5798,-15.1166],[-39.5722,-15.1102],[-39.5741,-15.103],[-39.5661,-15.0872],[-39.5696,-15.0762],[-39.5704,-15.0399],[-39.5815,-15.0232],[-39.5813,-15.0186]]]}},{"type":"Feature","properties":{"nome":"Jussiape","cod":"2918605","uf":"BA"},"geometry":{"type":"Polygon","coordinates":[[[-41.725,-13.3569],[-41.7219,-13.3573],[-41.7171,-13.3499],[-41.7127,-13.3522],[-41.7075,-13.3697],[-41.6944,-13.3693],[-41.6909,-13.3635],[-41.6842,-13.3609],[-41.6836,-13.3564],[-41.6795,-13.357],[-41.6747,-13.3525],[-41.6678,-13.3599],[-41.6765,-13.365],[-41.6674,-13.3691],[-41.6637,-13.3701],[-41.6609,-13.3797],[-41.6508,-13.3915],[-41.6494,-13.3956],[-41.6456,-13.3922],[-41.6421,-13.3938],[-41.6358,-13.4014],[-41.6344,-13.4039],[-41.6377,-13.4056],[-41.6337,-13.4136],[-41.6229,-13.4157],[-41.6178,-13.4264],[-41.6113,-13.4279],[-41.6064,-13.4398],[-41.6018,-13.439],[-41.5968,-13.4464],[-41.5984,-13.4551],[-41.603,-13.4579],[-41.5987,-13.4654],[-41.6015,-13.4679],[-41.6002,-13.4745],[-41.5955,-13.4802],[-41.5776,-13.4711],[-41.5782,-13.4614],[-41.5699,-13.4512],[-41.5624,-13.452],[-41.5536,-13.4473],[-41.5389,-13.454],[-41.5336,-13.4431],[-41.5189,-13.4494],[-41.5114,-13.4495],[-41.5081,-13.4453],[-41.5052,-13.4477],[-41.4778,-13.5166],[-41.4764,-13.5201],[-41.4695,-13.5373],[-41.4828,-13.5439],[-41.4723,-13.6227],[-41.456,-13.6295],[-41.444,-13.6616],[-41.4341,-13.667],[-41.4831,-13.6649],[-41.5308,-13.6629],[-41.5474,-13.6622],[-41.5475,-13.6622],[-41.6078,-13.6597],[-41.6045,-13.6474],[-41.6131,-13.6443],[-41.6048,-13.6407],[-41.6079,-13.6308],[-41.6169,-13.6263],[-41.6044,-13.6267],[-41.6048,-13.6013],[-41.6142,-13.5946],[-41.6066,-13.5801],[-41.6097,-13.5702],[-41.6078,-13.5613],[-41.6138,-13.5462],[-41.6188,-13.5439],[-41.7054,-13.5828],[-41.7055,-13.4617],[-41.718,-13.4617],[-41.7245,-13.4519],[-41.7307,-13.4514],[-41.7438,-13.4398],[-41.7444,-13.4157],[-41.7463,-13.3248],[-41.7462,-13.3248],[-41.7325,-13.3375],[-41.725,-13.3569]]]}},{"type":"Feature","properties":{"nome":"Lafaiete Coutinho","cod":"2918704","uf":"BA"},"geometry":{"type":"Polygon","coordinates":[[[-40.1539,-13.6357],[-40.1171,-13.6731],[-40.2199,-13.6781],[-40.279,-13.681],[-40.2792,-13.681],[-40.3776,-13.6858],[-40.4091,-13.6873],[-40.4145,-13.6876],[-40.479,-13.6907],[-40.5371,-13.7069],[-40.537,-13.7067],[-40.4448,-13.6608],[-40.3974,-13.6356],[-40.3648,-13.6182],[-40.3647,-13.6181],[-40.2731,-13.5693],[-40.2449,-13.5543],[-40.2296,-13.5461],[-40.2055,-13.4843],[-40.2051,-13.4851],[-40.1684,-13.5672],[-40.1684,-13.5673],[-40.1688,-13.58],[-40.1644,-13.5841],[-40.166,-13.6084],[-40.1613,-13.6214],[-40.1539,-13.6357]]]}},{"type":"Feature","properties":{"nome":"Lagoa Real","cod":"2918753","uf":"BA"},"geometry":{"type":"Polygon","coordinates":[[[-42.0429,-14.1103],[-41.9811,-14.1856],[-42.0902,-14.1658],[-42.1243,-14.1594],[-42.1795,-14.1493],[-42.1832,-14.1485],[-42.186,-14.1536],[-42.1833,-14.1582],[-42.1854,-14.1622],[-42.1982,-14.161],[-42.1994,-14.1644],[-42.216,-14.1591],[-42.2237,-14.1666],[-42.223,-14.1706],[-42.2203,-14.1729],[-42.2245,-14.1816],[-42.2218,-14.1923],[-42.2339,-14.1993],[-42.2389,-14.1999],[-42.2409,-14.1965],[-42.2449,-14.1903],[-42.2495,-14.1952],[-42.2543,-14.1918],[-42.2576,-14.1948],[-42.2605,-14.184],[-42.2734,-14.1829],[-42.2834,-14.1795],[-42.2845,-14.176],[-42.29,-14.1776],[-42.2868,-14.1795],[-42.2887,-14.1843],[-42.2955,-14.1878],[-42.3017,-14.1837],[-42.3001,-14.1787],[-42.3032,-14.1736],[-42.3081,-14.1729],[-42.3085,-14.177],[-42.318,-14.1794],[-42.3252,-14.17],[-42.3278,-14.1796],[-42.3338,-14.1811],[-42.3342,-14.1844],[-42.3435,-14.1839],[-42.3464,-14.1943],[-42.3579,-14.1472],[-42.358,-14.1468],[-42.3772,-14.0679],[-42.3844,-14.0382],[-42.3949,-13.995],[-42.3993,-13.9765],[-42.4147,-13.9132],[-42.291,-13.8915],[-42.2713,-13.8881],[-42.2438,-13.8833],[-42.2128,-13.8778],[-42.1525,-13.8595],[-42.1488,-13.864],[-42.1473,-13.8769],[-42.1487,-13.8937],[-42.1542,-13.8997],[-42.1489,-13.9128],[-42.152,-13.9285],[-42.1329,-13.9603],[-42.1316,-13.9672],[-42.1352,-13.9745],[-42.131,-13.9802],[-42.1305,-13.9899],[-42.13,-13.9906],[-42.1192,-13.9967],[-42.1193,-14.0064],[-42.1064,-14.0166],[-42.1044,-14.0254],[-42.0965,-14.0468],[-42.0922,-14.0476],[-42.0865,-14.0566],[-42.0429,-14.1103]]]}},{"type":"Feature","properties":{"nome":"Laje","cod":"2918803","uf":"BA"},"geometry":{"type":"Polygon","coordinates":[[[-39.2463,-13.0944],[-39.2275,-13.0956],[-39.2201,-13.0832],[-39.2149,-13.0832],[-39.2145,-13.0827],[-39.207,-13.0836],[-39.2007,-13.0787],[-39.1958,-13.0844],[-39.1951,-13.1028],[-39.1883,-13.1093],[-39.176,-13.1036],[-39.174,-13.0982],[-39.1768,-13.0941],[-39.1695,-13.0833],[-39.1608,-13.0896],[-39.1594,-13.0963],[-39.1449,-13.0974],[-39.1403,-13.0934],[-39.1356,-13.0907],[-39.1284,-13.0957],[-39.121,-13.1094],[-39.1191,-13.1136],[-39.1797,-13.1189],[-39.2426,-13.1245],[-39.2713,-13.127],[-39.2873,-13.1284],[-39.2882,-13.1481],[-39.2895,-13.1733],[-39.2895,-13.1752],[-39.2821,-13.1807],[-39.2844,-13.1829],[-39.2799,-13.1889],[-39.2741,-13.1814],[-39.2686,-13.1878],[-39.26,-13.1845],[-39.2559,-13.1879],[-39.2539,-13.1861],[-39.2499,-13.1903],[-39.256,-13.1963],[-39.2548,-13.2034],[-39.2447,-13.1971],[-39.233,-13.2092],[-39.2041,-13.1968],[-39.1978,-13.2083],[-39.1846,-13.2173],[-39.1799,-13.228],[-39.17,-13.2343],[-39.1833,-13.2396],[-39.1924,-13.2391],[-39.1965,-13.2434],[-39.2123,-13.2395],[-39.2231,-13.2419],[-39.2242,-13.2514],[-39.2192,-13.2667],[-39.2132,-13.2654],[-39.208,-13.2716],[-39.2045,-13.288],[-39.2097,-13.2953],[-39.218,-13.2869],[-39.2282,-13.2937],[-39.233,-13.2918],[-39.2408,-13.2711],[-39.2466,-13.2666],[-39.2554,-13.2667],[-39.2682,-13.2644],[-39.2807,-13.2441],[-39.2859,-13.2428],[-39.2871,-13.2471],[-39.2892,-13.2482],[-39.2929,-13.2382],[-39.2919,-13.2299],[-39.2986,-13.2258],[-39.2977,-13.2171],[-39.3053,-13.2162],[-39.3145,-13.2073],[-39.3223,-13.2066],[-39.3282,-13.2239],[-39.3278,-13.2341],[-39.3412,-13.2373],[-39.3366,-13.2426],[-39.3387,-13.2544],[-39.3484,-13.253],[-39.3651,-13.2487],[-39.3774,-13.2371],[-39.3815,-13.2355],[-39.3966,-13.2409],[-39.4031,-13.2352],[-39.4034,-13.2293],[-39.4119,-13.2312],[-39.4119,-13.2315],[-39.4103,-13.2388],[-39.416,-13.2434],[-39.4219,-13.243],[-39.4268,-13.2381],[-39.4386,-13.237],[-39.4445,-13.2271],[-39.4417,-13.2167],[-39.436,-13.2113],[-39.4371,-13.2026],[-39.4445,-13.1912],[-39.4456,-13.1875],[-39.4602,-13.1898],[-39.4655,-13.2007],[-39.4752,-13.1948],[-39.4811,-13.1984],[-39.4877,-13.1961],[-39.4863,-13.2025],[-39.4796,-13.2045],[-39.4878,-13.2069],[-39.5006,-13.2024],[-39.5058,-13.194],[-39.5017,-13.1912],[-39.5041,-13.1829],[-39.5097,-13.183],[-39.5074,-13.1778],[-39.5254,-13.1806],[-39.5314,-13.1716],[-39.5382,-13.1759],[-39.5409,-13.1704],[-39.5368,-13.1704],[-39.5377,-13.1656],[-39.5446,-13.1624],[-39.5406,-13.1581],[-39.5484,-13.1533],[-39.538,-13.1424],[-39.5312,-13.1352],[-39.5106,-13.1136],[-39.5062,-13.1135],[-39.4689,-13.1176],[-39.4688,-13.1175],[-39.4355,-13.1088],[-39.4333,-13.1082],[-39.4085,-13.1017],[-39.3649,-13.0904],[-39.3408,-13.084],[-39.3132,-13.0768],[-39.2949,-13.072],[-39.2798,-13.0681],[-39.2758,-13.067],[-39.2596,-13.0628],[-39.254,-13.0673],[-39.2561,-13.0796],[-39.2463,-13.0944]]]}},{"type":"Feature","properties":{"nome":"Lajedão","cod":"2918902","uf":"BA"},"geometry":{"type":"Polygon","coordinates":[[[-40.2557,-17.4083],[-40.2375,-17.5456],[-40.2342,-17.5508],[-40.2152,-17.5619],[-40.2082,-17.5593],[-40.1909,-17.564],[-40.1793,-17.5758],[-40.1601,-17.5846],[-40.1406,-17.601],[-40.138,-17.6081],[-40.1214,-17.6262],[-40.1204,-17.6405],[-40.1294,-17.6382],[-40.133,-17.6332],[-40.1381,-17.6348],[-40.1446,-17.6318],[-40.1445,-17.6227],[-40.1511,-17.6258],[-40.1615,-17.6248],[-40.1695,-17.63],[-40.1785,-17.6294],[-40.1879,-17.6346],[-40.1968,-17.6339],[-40.2088,-17.6437],[-40.2151,-17.6538],[-40.2341,-17.6493],[-40.2529,-17.6714],[-40.2486,-17.6824],[-40.2431,-17.6855],[-40.2357,-17.6978],[-40.2369,-17.7044],[-40.2285,-17.7162],[-40.2316,-17.7242],[-40.2314,-17.7278],[-40.2239,-17.7305],[-40.2236,-17.7336],[-40.2363,-17.7352],[-40.2486,-17.7298],[-40.2488,-17.7296],[-40.2555,-17.7191],[-40.2699,-17.7266],[-40.28,-17.7223],[-40.2859,-17.7002],[-40.2951,-17.699],[-40.2977,-17.6958],[-40.2986,-17.6741],[-40.3073,-17.6652],[-40.3224,-17.6608],[-40.3255,-17.6521],[-40.3214,-17.6432],[-40.3337,-17.6317],[-40.3361,-17.6245],[-40.3435,-17.616],[-40.347,-17.6127],[-40.3501,-17.6161],[-40.3482,-17.6303],[-40.3543,-17.6438],[-40.3611,-17.6362],[-40.3716,-17.612],[-40.3796,-17.6108],[-40.3964,-17.6251],[-40.3994,-17.6194],[-40.4031,-17.611],[-40.4084,-17.6087],[-40.4141,-17.6096],[-40.4178,-17.5986],[-40.4156,-17.5859],[-40.4116,-17.5886],[-40.4101,-17.5866],[-40.4141,-17.5757],[-40.4115,-17.5673],[-40.4317,-17.5671],[-40.4447,-17.5783],[-40.46,-17.568],[-40.466,-17.5537],[-40.4748,-17.5333],[-40.4858,-17.5264],[-40.4887,-17.5193],[-40.4835,-17.5055],[-40.4826,-17.488],[-40.4709,-17.4941],[-40.4649,-17.4932],[-40.4509,-17.4932],[-40.4467,-17.4856],[-40.4398,-17.4832],[-40.4336,-17.4891],[-40.4292,-17.4888],[-40.423,-17.4859],[-40.415,-17.4693],[-40.4058,-17.4629],[-40.4015,-17.4654],[-40.3972,-17.4636],[-40.3917,-17.4541],[-40.3654,-17.4529],[-40.3557,-17.4515],[-40.3399,-17.4141],[-40.3282,-17.3984],[-40.3214,-17.3966],[-40.3203,-17.4095],[-40.3165,-17.4154],[-40.3071,-17.4147],[-40.2995,-17.419],[-40.2967,-17.408],[-40.2857,-17.4063],[-40.2796,-17.4017],[-40.2694,-17.3906],[-40.2557,-17.4083]]]}},{"type":"Feature","properties":{"nome":"Lajedinho","cod":"2919009","uf":"BA"},"geometry":{"type":"Polygon","coordinates":[[[-40.7607,-12.3783],[-40.74,-12.3967],[-40.685,-12.4457],[-40.7112,-12.4464],[-40.7742,-12.4475],[-40.7977,-12.448],[-40.8822,-12.4495],[-40.8822,-12.4495],[-40.9742,-12.4511],[-41.0486,-12.4687],[-41.0709,-12.474],[-41.1181,-12.4854],[-41.1554,-12.4944],[-41.2055,-12.5052],[-41.2062,-12.5053],[-41.2066,-12.5046],[-41.2051,-12.4967],[-41.1958,-12.4931],[-41.2001,-12.4886],[-41.1992,-12.4808],[-41.2045,-12.4761],[-41.1943,-12.4639],[-41.1877,-12.4649],[-41.1815,-12.455],[-41.176,-12.4555],[-41.1703,-12.4486],[-41.1652,-12.4479],[-41.1684,-12.4442],[-41.1639,-12.4325],[-41.1664,-12.4253],[-41.1602,-12.4264],[-41.1591,-12.4227],[-41.1622,-12.4174],[-41.1663,-12.4209],[-41.1674,-12.4181],[-41.1643,-12.4116],[-41.1612,-12.4152],[-41.1577,-12.4144],[-41.158,-12.4094],[-41.1478,-12.4063],[-41.1493,-12.4022],[-41.155,-12.4015],[-41.1492,-12.3993],[-41.1453,-12.3943],[-41.1588,-12.3893],[-41.1607,-12.3785],[-41.1577,-12.3694],[-41.1524,-12.3647],[-41.1246,-12.3407],[-41.0613,-12.285],[-41.0754,-12.2416],[-40.9783,-12.2702],[-40.975,-12.2712],[-40.8326,-12.3142],[-40.8322,-12.3144],[-40.7607,-12.3783]]]}},{"type":"Feature","properties":{"nome":"Lajedo do Tabocal","cod":"2919058","uf":"BA"},"geometry":{"type":"Polygon","coordinates":[[[-40.2507,-13.2821],[-40.2333,-13.2957],[-40.2255,-13.3133],[-40.2063,-13.3116],[-40.1921,-13.3217],[-40.1875,-13.3295],[-40.177,-13.3347],[-40.1412,-13.3402],[-40.1305,-13.3363],[-40.1266,-13.3379],[-40.1224,-13.3339],[-40.1087,-13.3342],[-40.1098,-13.3446],[-40.1173,-13.3557],[-40.1365,-13.3552],[-40.1688,-13.3703],[-40.195,-13.3826],[-40.2078,-13.3888],[-40.2237,-13.3809],[-40.2276,-13.3963],[-40.234,-13.4032],[-40.2328,-13.4056],[-40.2265,-13.4077],[-40.224,-13.4211],[-40.2154,-13.4294],[-40.2093,-13.4297],[-40.2138,-13.4438],[-40.2241,-13.4499],[-40.2268,-13.4577],[-40.2344,-13.4621],[-40.2332,-13.4665],[-40.2285,-13.472],[-40.2153,-13.4742],[-40.2141,-13.4771],[-40.2055,-13.4843],[-40.2296,-13.5461],[-40.2449,-13.5543],[-40.2731,-13.5693],[-40.3647,-13.6181],[-40.3648,-13.6182],[-40.3974,-13.6356],[-40.4448,-13.6608],[-40.3998,-13.5886],[-40.3672,-13.5363],[-40.3667,-13.5356],[-40.3257,-13.4714],[-40.3148,-13.4605],[-40.3135,-13.4583],[-40.3118,-13.4387],[-40.3035,-13.423],[-40.3018,-13.4205],[-40.2916,-13.3826],[-40.2876,-13.3788],[-40.2897,-13.3572],[-40.2765,-13.345],[-40.2764,-13.3438],[-40.2869,-13.3303],[-40.2852,-13.316],[-40.2735,-13.3023],[-40.2698,-13.2882],[-40.2618,-13.2832],[-40.2574,-13.2852],[-40.2507,-13.2821]]]}},{"type":"Feature","properties":{"nome":"Lamarão","cod":"2919108","uf":"BA"},"geometry":{"type":"Polygon","coordinates":[[[-38.8485,-11.7953],[-38.8636,-11.8],[-38.8662,-11.8057],[-38.8676,-11.8116],[-38.9106,-11.8892],[-38.915,-11.8972],[-38.9197,-11.8947],[-38.9227,-11.874],[-38.9278,-11.8672],[-38.9345,-11.837],[-38.9402,-11.8331],[-38.9512,-11.8249],[-38.9684,-11.8251],[-38.978,-11.8139],[-38.9781,-11.8138],[-38.997,-11.8059],[-38.9986,-11.8082],[-39.0106,-11.8149],[-39.0132,-11.821],[-39.0226,-11.8189],[-39.0393,-11.8259],[-39.0456,-11.8234],[-39.0569,-11.8286],[-39.076,-11.8284],[-39.0773,-11.8277],[-39.0776,-11.8112],[-39.0717,-11.798],[-39.0619,-11.7692],[-39.0641,-11.7603],[-39.0472,-11.7602],[-38.9863,-11.76],[-38.9855,-11.76],[-38.9613,-11.7599],[-38.9559,-11.7599],[-38.9075,-11.7637],[-38.8729,-11.7681],[-38.8728,-11.7681],[-38.8313,-11.7734],[-38.8381,-11.7785],[-38.8485,-11.7953]]]}},{"type":"Feature","properties":{"nome":"Lapão","cod":"2919157","uf":"BA"},"geometry":{"type":"Polygon","coordinates":[[[-41.6927,-11.4787],[-41.6222,-11.6108],[-41.6252,-11.611],[-41.633,-11.6093],[-41.6375,-11.613],[-41.6429,-11.6083],[-41.6653,-11.6163],[-41.6689,-11.6149],[-41.6709,-11.6251],[-41.68,-11.622],[-41.6922,-11.6301],[-41.6876,-11.6361],[-41.6985,-11.635],[-41.7,-11.6467],[-41.7057,-11.6394],[-41.7123,-11.6476],[-41.7148,-11.6441],[-41.7181,-11.6477],[-41.7199,-11.6439],[-41.7277,-11.6553],[-41.7343,-11.6515],[-41.7396,-11.6656],[-41.7475,-11.6689],[-41.757,-11.6678],[-41.7674,-11.6523],[-41.8078,-11.5912],[-41.8414,-11.5404],[-41.8695,-11.4979],[-41.8739,-11.4927],[-41.875,-11.4913],[-41.9142,-11.4444],[-41.9151,-11.4435],[-41.9382,-11.4156],[-41.9398,-11.4137],[-41.9782,-11.3683],[-41.8756,-11.3625],[-41.8406,-11.3605],[-41.8194,-11.3711],[-41.7684,-11.3984],[-41.7515,-11.4074],[-41.7192,-11.4247],[-41.6947,-11.4747],[-41.6939,-11.4763],[-41.6932,-11.4778],[-41.6927,-11.4787]]]}},{"type":"Feature","properties":{"nome":"Lauro de Freitas","cod":"2919207","uf":"BA"},"geometry":{"type":"Polygon","coordinates":[[[-38.3514,-12.8076],[-38.3341,-12.8101],[-38.3342,-12.8173],[-38.3281,-12.815],[-38.3267,-12.8173],[-38.33,-12.8297],[-38.3278,-12.8344],[-38.3124,-12.8395],[-38.3151,-12.8483],[-38.3094,-12.8498],[-38.3041,-12.8572],[-38.2935,-12.8539],[-38.2893,-12.8542],[-38.2922,-12.8678],[-38.2788,-12.8687],[-38.2783,-12.8761],[-38.2952,-12.8955],[-38.3157,-12.8994],[-38.3316,-12.8964],[-38.3378,-12.901],[-38.3471,-12.8984],[-38.3577,-12.8912],[-38.3542,-12.8503],[-38.3558,-12.8303],[-38.3807,-12.8211],[-38.3811,-12.8085],[-38.3712,-12.8121],[-38.3602,-12.8011],[-38.3551,-12.8017],[-38.3514,-12.8076]]]}},{"type":"Feature","properties":{"nome":"Lençóis","cod":"2919306","uf":"BA"},"geometry":{"type":"Polygon","coordinates":[[[-41.1859,-12.3718],[-41.1654,-12.3727],[-41.1577,-12.3694],[-41.1607,-12.3785],[-41.1588,-12.3893],[-41.1453,-12.3943],[-41.1492,-12.3993],[-41.155,-12.4015],[-41.1493,-12.4022],[-41.1478,-12.4063],[-41.158,-12.4094],[-41.1577,-12.4144],[-41.1612,-12.4152],[-41.1643,-12.4116],[-41.1674,-12.4181],[-41.1663,-12.4209],[-41.1622,-12.4174],[-41.1591,-12.4227],[-41.1602,-12.4264],[-41.1664,-12.4253],[-41.1639,-12.4325],[-41.1684,-12.4442],[-41.1652,-12.4479],[-41.1703,-12.4486],[-41.176,-12.4555],[-41.1815,-12.455],[-41.1877,-12.4649],[-41.1943,-12.4639],[-41.2045,-12.4761],[-41.1992,-12.4808],[-41.2001,-12.4886],[-41.1958,-12.4931],[-41.2051,-12.4967],[-41.2066,-12.5046],[-41.2062,-12.5053],[-41.2144,-12.5115],[-41.2082,-12.5168],[-41.2155,-12.5287],[-41.2327,-12.5384],[-41.2539,-12.5427],[-41.2592,-12.5518],[-41.2674,-12.5488],[-41.273,-12.5566],[-41.2785,-12.558],[-41.3067,-12.5499],[-41.31,-12.5564],[-41.3282,-12.5551],[-41.3453,-12.5646],[-41.347,-12.5749],[-41.3402,-12.5811],[-41.3361,-12.6013],[-41.3386,-12.6203],[-41.3323,-12.6321],[-41.3291,-12.6537],[-41.3239,-12.6606],[-41.3241,-12.6705],[-41.3334,-12.677],[-41.3372,-12.6792],[-41.3359,-12.6935],[-41.3435,-12.6868],[-41.3576,-12.688],[-41.366,-12.6611],[-41.3705,-12.6586],[-41.3758,-12.6694],[-41.4088,-12.6799],[-41.4281,-12.6755],[-41.4352,-12.6801],[-41.4514,-12.674],[-41.473,-12.6563],[-41.4792,-12.6458],[-41.4783,-12.633],[-41.4699,-12.6202],[-41.4789,-12.6091],[-41.4803,-12.6024],[-41.4774,-12.5985],[-41.463,-12.5954],[-41.4611,-12.5917],[-41.4706,-12.5696],[-41.4772,-12.5494],[-41.4752,-12.5413],[-41.4781,-12.5305],[-41.4713,-12.5219],[-41.4756,-12.5091],[-41.4584,-12.4978],[-41.456,-12.4737],[-41.4544,-12.4705],[-41.4542,-12.4698],[-41.4584,-12.4457],[-41.4434,-12.4359],[-41.4426,-12.4286],[-41.4475,-12.4216],[-41.4414,-12.4131],[-41.4326,-12.4082],[-41.4389,-12.3979],[-41.4244,-12.3818],[-41.4343,-12.3578],[-41.4273,-12.342],[-41.4348,-12.3356],[-41.438,-12.3241],[-41.4363,-12.3121],[-41.4421,-12.3098],[-41.4422,-12.3098],[-41.4407,-12.2827],[-41.434,-12.2636],[-41.4126,-12.2495],[-41.3937,-12.2229],[-41.3544,-12.1686],[-41.2749,-12.149],[-41.2747,-12.149],[-41.2752,-12.154],[-41.2642,-12.1675],[-41.2619,-12.1982],[-41.251,-12.2254],[-41.2481,-12.2384],[-41.2427,-12.2457],[-41.2357,-12.2639],[-41.2216,-12.2849],[-41.2074,-12.3419],[-41.2003,-12.3514],[-41.1997,-12.3601],[-41.1859,-12.3718]]]}},{"type":"Feature","properties":{"nome":"Licínio de Almeida","cod":"2919405","uf":"BA"},"geometry":{"type":"Polygon","coordinates":[[[-42.3411,-14.5761],[-42.3754,-14.6387],[-42.3753,-14.6598],[-42.3744,-14.6948],[-42.3786,-14.6985],[-42.3784,-14.7062],[-42.3818,-14.7069],[-42.3796,-14.7118],[-42.3865,-14.7107],[-42.394,-14.7176],[-42.3969,-14.72],[-42.4012,-14.7181],[-42.4044,-14.724],[-42.4171,-14.7235],[-42.4216,-14.7499],[-42.4252,-14.7483],[-42.4391,-14.7602],[-42.4553,-14.7567],[-42.4562,-14.748],[-42.4646,-14.7419],[-42.4863,-14.7368],[-42.4899,-14.7384],[-42.492,-14.749],[-42.5115,-14.7556],[-42.5132,-14.761],[-42.5177,-14.7617],[-42.5282,-14.7654],[-42.5269,-14.7793],[-42.5336,-14.7876],[-42.5325,-14.7915],[-42.5343,-14.7969],[-42.5428,-14.804],[-42.5527,-14.8067],[-42.5607,-14.8159],[-42.5668,-14.8145],[-42.5714,-14.8031],[-42.5739,-14.7866],[-42.5698,-14.7748],[-42.5737,-14.7704],[-42.5801,-14.77],[-42.5812,-14.7622],[-42.5734,-14.748],[-42.5736,-14.7349],[-42.5697,-14.7316],[-42.5688,-14.7194],[-42.5715,-14.715],[-42.5604,-14.7074],[-42.5659,-14.7031],[-42.5661,-14.6926],[-42.556,-14.6568],[-42.5523,-14.6379],[-42.554,-14.6301],[-42.5481,-14.6158],[-42.5517,-14.6127],[-42.565,-14.6144],[-42.5684,-14.6106],[-42.5743,-14.6123],[-42.5824,-14.588],[-42.5782,-14.5805],[-42.5829,-14.572],[-42.5789,-14.5648],[-42.5817,-14.5501],[-42.575,-14.5425],[-42.5633,-14.5418],[-42.5485,-14.5073],[-42.5474,-14.5049],[-42.5331,-14.4712],[-42.5244,-14.4506],[-42.5025,-14.399],[-42.4389,-14.4113],[-42.4374,-14.4116],[-42.4123,-14.4163],[-42.393,-14.42],[-42.391,-14.4234],[-42.3784,-14.4455],[-42.3709,-14.4586],[-42.3386,-14.553],[-42.3356,-14.5619],[-42.3411,-14.5761]]]}},{"type":"Feature","properties":{"nome":"Livramento de Nossa Senhora","cod":"2919504","uf":"BA"},"geometry":{"type":"Polygon","coordinates":[[[-41.9449,-13.5415],[-41.9277,-13.5533],[-41.916,-13.5507],[-41.9126,-13.547],[-41.8965,-13.5512],[-41.8784,-13.5616],[-41.8758,-13.5604],[-41.8713,-13.5666],[-41.8597,-13.5714],[-41.8549,-13.5786],[-41.8503,-13.5795],[-41.8504,-13.5864],[-41.8368,-13.6014],[-41.8191,-13.6125],[-41.8134,-13.6108],[-41.8129,-13.6055],[-41.8154,-13.5976],[-41.8074,-13.5961],[-41.7963,-13.598],[-41.7915,-13.6216],[-41.7946,-13.6247],[-41.7819,-13.6394],[-41.7616,-13.6613],[-41.7546,-13.6631],[-41.75,-13.6606],[-41.7467,-13.664],[-41.7503,-13.667],[-41.7462,-13.6782],[-41.7479,-13.6918],[-41.7509,-13.7036],[-41.7632,-13.7189],[-41.7754,-13.7255],[-41.7831,-13.7464],[-41.7897,-13.7518],[-41.7848,-13.7599],[-41.7847,-13.7603],[-41.7935,-13.7684],[-41.8412,-13.8116],[-41.8426,-13.8129],[-41.8503,-13.8214],[-41.8547,-13.8502],[-41.8618,-13.8606],[-41.8571,-13.8803],[-41.8435,-13.8846],[-41.8251,-13.8984],[-41.8212,-13.9012],[-41.7589,-13.9475],[-41.7187,-13.9773],[-41.7303,-13.9845],[-41.7531,-13.991],[-41.7677,-13.988],[-41.7678,-13.983],[-41.7679,-13.983],[-41.7836,-13.9933],[-41.7866,-13.9888],[-41.7934,-13.9874],[-41.7978,-13.9903],[-41.8053,-13.9877],[-41.8026,-13.9789],[-41.7999,-13.9789],[-41.8026,-13.9761],[-41.808,-13.9743],[-41.811,-13.978],[-41.8166,-13.9762],[-41.8211,-13.9786],[-41.836,-13.9738],[-41.8369,-13.9825],[-41.8455,-13.9856],[-41.8429,-13.9888],[-41.846,-13.9954],[-41.841,-13.9961],[-41.8398,-14.0042],[-41.8497,-14.0066],[-41.8553,-14.0031],[-41.8628,-14.0085],[-41.8792,-14.0274],[-41.8778,-14.0375],[-41.881,-14.0391],[-41.894,-14.0317],[-41.8977,-14.0354],[-41.896,-14.0444],[-41.8997,-14.0446],[-41.9001,-14.0538],[-41.9041,-14.0543],[-41.9097,-14.0518],[-41.9255,-14.0555],[-41.947,-14.0531],[-41.9636,-14.06],[-41.9733,-14.0573],[-41.9788,-14.0608],[-41.9814,-14.0719],[-41.9999,-14.0734],[-41.9941,-14.1083],[-41.9824,-14.1778],[-41.9811,-14.1856],[-42.0429,-14.1103],[-42.0865,-14.0566],[-42.0922,-14.0476],[-42.0965,-14.0468],[-42.1044,-14.0254],[-42.1064,-14.0166],[-42.1193,-14.0064],[-42.1192,-13.9967],[-42.13,-13.9906],[-42.1305,-13.9899],[-42.131,-13.9802],[-42.1352,-13.9745],[-42.1316,-13.9672],[-42.1329,-13.9603],[-42.152,-13.9285],[-42.1489,-13.9128],[-42.1542,-13.8997],[-42.1487,-13.8937],[-42.1473,-13.8769],[-42.1488,-13.864],[-42.1525,-13.8595],[-42.176,-13.8452],[-42.1857,-13.853],[-42.2094,-13.8523],[-42.2364,-13.8309],[-42.2481,-13.803],[-42.272,-13.8037],[-42.2749,-13.7986],[-42.275,-13.7984],[-42.2814,-13.7884],[-42.3013,-13.7778],[-42.3301,-13.7753],[-42.3403,-13.764],[-42.3372,-13.7483],[-42.3479,-13.7252],[-42.3368,-13.7073],[-42.3368,-13.7069],[-42.3511,-13.6888],[-42.3533,-13.6763],[-42.3487,-13.6664],[-42.3292,-13.6514],[-42.3169,-13.6465],[-42.3031,-13.6501],[-42.2914,-13.6589],[-42.286,-13.6675],[-42.2703,-13.6696],[-42.2494,-13.6481],[-42.2392,-13.6474],[-42.2297,-13.6481],[-42.2178,-13.6614],[-42.2062,-13.6594],[-42.1967,-13.6709],[-42.185,-13.6713],[-42.1775,-13.6676],[-42.1631,-13.6745],[-42.1394,-13.6595],[-42.1263,-13.6669],[-42.1133,-13.6672],[-42.1014,-13.6631],[-42.0889,-13.6714],[-42.0851,-13.6788],[-42.0786,-13.681],[-42.0654,-13.7004],[-42.053,-13.701],[-42.0568,-13.676],[-42.0584,-13.6689],[-42.0535,-13.6627],[-42.0515,-13.6429],[-42.0476,-13.6378],[-42.0424,-13.6375],[-42.0273,-13.6169],[-42.0212,-13.6301],[-42.0199,-13.6292],[-42.016,-13.6083],[-42.0199,-13.6038],[-42.0179,-13.5989],[-42.0205,-13.5902],[-42.0174,-13.5899],[-42.022,-13.5824],[-42.0209,-13.5745],[-42.022,-13.5634],[-42.007,-13.5676],[-42.0062,-13.5515],[-41.9887,-13.5547],[-41.9852,-13.5417],[-41.9697,-13.5271],[-41.9657,-13.5267],[-41.9463,-13.5357],[-41.9449,-13.5415]]]}},{"type":"Feature","properties":{"nome":"Luís Eduardo Magalhães","cod":"2919553","uf":"BA"},"geometry":{"type":"Polygon","coordinates":[[[-45.9015,-11.876],[-45.8917,-11.88],[-45.8742,-11.8745],[-45.8641,-11.8777],[-45.8564,-11.8752],[-45.8489,-11.8795],[-45.8422,-11.8765],[-45.835,-11.8802],[-45.8314,-11.8784],[-45.8235,-11.8863],[-45.8155,-11.8848],[-45.8123,-11.8783],[-45.8059,-11.8778],[-45.7938,-11.8669],[-45.7855,-11.8711],[-45.7786,-11.8704],[-45.7773,-11.8664],[-45.7695,-11.8704],[-45.7623,-11.8696],[-45.7593,-11.8747],[-45.7533,-11.8757],[-45.7505,-11.8721],[-45.7448,-11.8767],[-45.7268,-11.8815],[-45.699,-11.901],[-45.6833,-11.9001],[-45.6774,-11.909],[-45.6614,-11.9146],[-45.6616,-11.9155],[-45.6945,-12.0777],[-45.7022,-12.1152],[-45.7446,-12.3244],[-45.7646,-12.4159],[-45.776,-12.4132],[-45.8215,-12.4171],[-45.8489,-12.4113],[-45.8548,-12.4322],[-45.8644,-12.4389],[-45.8761,-12.4417],[-45.8781,-12.4422],[-45.8979,-12.4398],[-45.9066,-12.4427],[-45.9099,-12.4471],[-45.9091,-12.4659],[-45.916,-12.4618],[-45.9428,-12.4663],[-45.9718,-12.479],[-45.9864,-12.4892],[-45.9964,-12.5051],[-46.0281,-12.5307],[-46.0965,-12.5561],[-46.1286,-12.5581],[-46.152,-12.564],[-46.1927,-12.5555],[-46.2387,-12.555],[-46.256,-12.5467],[-46.2456,-12.5459],[-46.2266,-12.5359],[-46.2013,-12.5298],[-46.1602,-12.5281],[-46.1516,-12.5134],[-46.1616,-12.4951],[-46.1535,-12.4829],[-46.1593,-12.4741],[-46.1864,-12.4771],[-46.2274,-12.4979],[-46.2544,-12.4939],[-46.2532,-12.4598],[-46.2472,-12.4481],[-46.2474,-12.4385],[-46.256,-12.4239],[-46.2645,-12.4122],[-46.2734,-12.414],[-46.283,-12.4108],[-46.2924,-12.4172],[-46.3006,-12.4153],[-46.3043,-12.4051],[-46.2956,-12.3973],[-46.2939,-12.3843],[-46.2852,-12.3786],[-46.2956,-12.3671],[-46.3125,-12.3559],[-46.3243,-12.3557],[-46.3322,-12.3448],[-46.3326,-12.3441],[-46.3337,-12.3422],[-46.3401,-12.3365],[-46.352,-12.337],[-46.3526,-12.3303],[-46.3492,-12.3265],[-46.3511,-12.3204],[-46.3458,-12.3144],[-46.3247,-12.308],[-46.323,-12.3031],[-46.3289,-12.2977],[-46.35,-12.2969],[-46.3739,-12.2894],[-46.3664,-12.2754],[-46.3657,-12.2662],[-46.3782,-12.2539],[-46.3804,-12.247],[-46.366,-12.241],[-46.3594,-12.2236],[-46.3679,-12.2143],[-46.3682,-12.1994],[-46.3906,-12.1934],[-46.3803,-12.179],[-46.3826,-12.1736],[-46.3895,-12.1701],[-46.3893,-12.1665],[-46.3789,-12.1604],[-46.3749,-12.1527],[-46.3696,-12.1343],[-46.3708,-12.1221],[-46.3659,-12.1108],[-46.3677,-12.0978],[-46.3852,-12.092],[-46.3811,-12.0825],[-46.388,-12.0721],[-46.3781,-12.0594],[-46.3814,-12.0525],[-46.1492,-12.0306],[-46.1503,-12.025],[-46.1441,-12.0136],[-46.1131,-12.0027],[-46.0849,-11.982],[-45.9905,-11.9161],[-45.9473,-11.8647],[-45.9447,-11.8628],[-45.926,-11.8744],[-45.9015,-11.876]]]}},{"type":"Feature","properties":{"nome":"Macajuba","cod":"2919603","uf":"BA"},"geometry":{"type":"Polygon","coordinates":[[[-40.256,-12.0615],[-40.2558,-12.0615],[-40.25,-12.0599],[-40.2443,-12.0708],[-40.2368,-12.077],[-40.2336,-12.0734],[-40.2295,-12.0746],[-40.2275,-12.0795],[-40.2329,-12.0868],[-40.2221,-12.0976],[-40.2198,-12.0944],[-40.2156,-12.0974],[-40.2153,-12.0975],[-40.2152,-12.0976],[-40.1192,-12.1046],[-40.045,-12.1097],[-40.0285,-12.1108],[-40.0343,-12.1233],[-40.0314,-12.126],[-40.0315,-12.1448],[-40.0393,-12.1566],[-40.0512,-12.1675],[-40.0789,-12.1927],[-40.1393,-12.2478],[-40.1419,-12.2462],[-40.1447,-12.2517],[-40.1557,-12.2503],[-40.1564,-12.2374],[-40.1612,-12.236],[-40.1658,-12.2338],[-40.1728,-12.2199],[-40.181,-12.2234],[-40.1772,-12.2289],[-40.185,-12.2336],[-40.1874,-12.2308],[-40.1936,-12.2332],[-40.2042,-12.2148],[-40.2115,-12.2147],[-40.2097,-12.2196],[-40.2244,-12.2239],[-40.2645,-12.2187],[-40.2675,-12.2218],[-40.2701,-12.2203],[-40.2714,-12.2268],[-40.2808,-12.2231],[-40.2858,-12.2172],[-40.3029,-12.2212],[-40.3113,-12.216],[-40.3077,-12.2136],[-40.3105,-12.2047],[-40.3174,-12.1995],[-40.3201,-12.2025],[-40.3203,-12.2027],[-40.3446,-12.1902],[-40.3452,-12.1943],[-40.3624,-12.1927],[-40.3734,-12.1802],[-40.3942,-12.1725],[-40.4025,-12.1768],[-40.4033,-12.1772],[-40.4061,-12.1785],[-40.4167,-12.1687],[-40.4172,-12.1541],[-40.4242,-12.1588],[-40.4412,-12.1576],[-40.4422,-12.1468],[-40.4521,-12.1378],[-40.451,-12.1321],[-40.4451,-12.1289],[-40.4562,-12.1264],[-40.4546,-12.1186],[-40.4591,-12.1145],[-40.4563,-12.11],[-40.4469,-12.1051],[-40.4442,-12.0938],[-40.4485,-12.0885],[-40.447,-12.0816],[-40.4526,-12.0829],[-40.4565,-12.0794],[-40.4529,-12.077],[-40.4573,-12.0672],[-40.4544,-12.0476],[-40.4598,-12.0418],[-40.4539,-12.0392],[-40.3851,-12.0286],[-40.3807,-12.0246],[-40.3702,-12.0149],[-40.332,-11.9799],[-40.3305,-11.9785],[-40.332,-11.9822],[-40.3276,-11.9932],[-40.308,-12.0078],[-40.3038,-12.0148],[-40.2957,-12.0181],[-40.2909,-12.0258],[-40.2853,-12.0272],[-40.2751,-12.0418],[-40.2737,-12.0532],[-40.2669,-12.0529],[-40.2658,-12.0609],[-40.256,-12.0615]]]}},{"type":"Feature","properties":{"nome":"Macarani","cod":"2919702","uf":"BA"},"geometry":{"type":"Polygon","coordinates":[[[-40.3786,-15.3151],[-40.374,-15.3206],[-40.3624,-15.3196],[-40.3535,-15.3148],[-40.3485,-15.3279],[-40.3561,-15.3327],[-40.3613,-15.351],[-40.3574,-15.3558],[-40.3451,-15.354],[-40.3409,-15.3631],[-40.3482,-15.3715],[-40.35,-15.3794],[-40.3335,-15.3851],[-40.3297,-15.3956],[-40.3234,-15.3994],[-40.3169,-15.4012],[-40.3135,-15.4078],[-40.3168,-15.4246],[-40.3049,-15.4259],[-40.2965,-15.4234],[-40.295,-15.4113],[-40.2836,-15.4157],[-40.2702,-15.4099],[-40.2594,-15.4153],[-40.2536,-15.4013],[-40.2453,-15.4123],[-40.2299,-15.4121],[-40.2113,-15.4279],[-40.2065,-15.4274],[-40.1937,-15.412],[-40.1856,-15.4086],[-40.1775,-15.4034],[-40.1738,-15.386],[-40.1653,-15.3826],[-40.1576,-15.3981],[-40.1654,-15.4094],[-40.1702,-15.4091],[-40.1764,-15.4171],[-40.1773,-15.4307],[-40.1848,-15.4286],[-40.1933,-15.4328],[-40.1943,-15.4393],[-40.1991,-15.4418],[-40.1948,-15.4469],[-40.1952,-15.4524],[-40.1909,-15.4619],[-40.1828,-15.4647],[-40.1738,-15.4596],[-40.1585,-15.4604],[-40.1305,-15.5018],[-40.1362,-15.5077],[-40.1349,-15.5139],[-40.1387,-15.5187],[-40.1438,-15.5147],[-40.142,-15.5108],[-40.1478,-15.5106],[-40.1458,-15.5177],[-40.1653,-15.5283],[-40.1709,-15.5443],[-40.1871,-15.5476],[-40.1898,-15.5386],[-40.1932,-15.5379],[-40.2068,-15.5475],[-40.2121,-15.5496],[-40.2183,-15.5616],[-40.2184,-15.5814],[-40.2246,-15.5857],[-40.2257,-15.5922],[-40.2443,-15.5983],[-40.254,-15.6138],[-40.2642,-15.6155],[-40.2644,-15.6156],[-40.2713,-15.6212],[-40.2794,-15.6256],[-40.2808,-15.6307],[-40.2815,-15.6396],[-40.2857,-15.6415],[-40.284,-15.6464],[-40.2883,-15.6671],[-40.2827,-15.7023],[-40.2885,-15.7068],[-40.2945,-15.7074],[-40.3024,-15.7154],[-40.3076,-15.714],[-40.317,-15.7207],[-40.3237,-15.7162],[-40.3271,-15.7232],[-40.3489,-15.7295],[-40.4216,-15.7506],[-40.4512,-15.7592],[-40.461,-15.7528],[-40.4751,-15.7708],[-40.4837,-15.7753],[-40.4943,-15.7654],[-40.5059,-15.7664],[-40.5188,-15.7804],[-40.5179,-15.797],[-40.5385,-15.7944],[-40.5525,-15.8033],[-40.5631,-15.8024],[-40.5727,-15.7876],[-40.567,-15.7755],[-40.5833,-15.7724],[-40.5927,-15.7713],[-40.5922,-15.7619],[-40.6036,-15.7588],[-40.5994,-15.7506],[-40.6006,-15.7429],[-40.6062,-15.7363],[-40.6138,-15.7346],[-40.629,-15.7153],[-40.633,-15.7176],[-40.6371,-15.7298],[-40.6446,-15.7284],[-40.6608,-15.7067],[-40.6819,-15.6986],[-40.6815,-15.694],[-40.696,-15.6713],[-40.6826,-15.6809],[-40.677,-15.6945],[-40.6654,-15.7024],[-40.6546,-15.6982],[-40.6472,-15.7093],[-40.6387,-15.7039],[-40.6345,-15.6944],[-40.628,-15.6963],[-40.6267,-15.6966],[-40.619,-15.6988],[-40.6115,-15.6953],[-40.6019,-15.6966],[-40.5989,-15.6994],[-40.5933,-15.6958],[-40.5846,-15.6976],[-40.5872,-15.7026],[-40.582,-15.7081],[-40.5654,-15.701],[-40.5571,-15.6904],[-40.5439,-15.6886],[-40.5396,-15.6849],[-40.5192,-15.6865],[-40.5116,-15.677],[-40.508,-15.6656],[-40.4943,-15.6549],[-40.4913,-15.6418],[-40.4936,-15.6246],[-40.4883,-15.6108],[-40.4813,-15.6089],[-40.4807,-15.594],[-40.4855,-15.5565],[-40.4885,-15.5236],[-40.4984,-15.4162],[-40.4744,-15.3151],[-40.471,-15.3007],[-40.468,-15.2981],[-40.4602,-15.2995],[-40.4558,-15.3077],[-40.4406,-15.3073],[-40.4364,-15.3101],[-40.4355,-15.3166],[-40.429,-15.3192],[-40.4235,-15.3088],[-40.3909,-15.285],[-40.3832,-15.2739],[-40.3712,-15.2757],[-40.3632,-15.2829],[-40.3666,-15.2862],[-40.3704,-15.3104],[-40.3786,-15.3151]]]}},{"type":"Feature","properties":{"nome":"Macaúbas","cod":"2919801","uf":"BA"},"geometry":{"type":"Polygon","coordinates":[[[-42.4484,-12.9275],[-42.4496,-12.934],[-42.4578,-12.9414],[-42.4536,-12.9494],[-42.447,-12.9459],[-42.4406,-12.9489],[-42.438,-12.9541],[-42.4277,-12.9605],[-42.4272,-12.9655],[-42.4165,-12.9711],[-42.4138,-12.9819],[-42.4203,-12.984],[-42.4215,-12.9881],[-42.4161,-12.9938],[-42.4126,-13.015],[-42.4135,-13.0263],[-42.3936,-13.033],[-42.3905,-13.042],[-42.3808,-13.0487],[-42.3701,-13.0592],[-42.3697,-13.0629],[-42.3798,-13.0745],[-42.3878,-13.0757],[-42.3917,-13.0856],[-42.3873,-13.0946],[-42.3922,-13.1088],[-42.3923,-13.1089],[-42.4034,-13.1232],[-42.3992,-13.1507],[-42.4025,-13.155],[-42.4022,-13.1628],[-42.4124,-13.1673],[-42.4182,-13.1744],[-42.4226,-13.1728],[-42.4253,-13.1793],[-42.4441,-13.1843],[-42.5157,-13.2169],[-42.5844,-13.2384],[-42.6338,-13.253],[-42.6354,-13.2535],[-42.6438,-13.256],[-42.6803,-13.2668],[-42.6895,-13.286],[-42.6893,-13.3071],[-42.6883,-13.31],[-42.6805,-13.3239],[-42.6751,-13.3481],[-42.6819,-13.3608],[-42.677,-13.3742],[-42.6285,-13.4052],[-42.6504,-13.4358],[-42.6831,-13.4817],[-42.6858,-13.4781],[-42.6938,-13.4799],[-42.697,-13.4881],[-42.7024,-13.4896],[-42.7103,-13.5029],[-42.708,-13.5102],[-42.7114,-13.5225],[-42.7077,-13.5264],[-42.7165,-13.5313],[-42.7186,-13.538],[-42.7162,-13.5448],[-42.7214,-13.5663],[-42.7163,-13.5763],[-42.722,-13.5853],[-42.7203,-13.5911],[-42.7239,-13.6024],[-42.7131,-13.6191],[-42.7081,-13.6217],[-42.7097,-13.6278],[-42.7043,-13.6345],[-42.7282,-13.6426],[-42.7335,-13.6397],[-42.7332,-13.6355],[-42.7378,-13.6314],[-42.7525,-13.6337],[-42.7627,-13.6406],[-42.7705,-13.6554],[-42.7698,-13.6613],[-42.8371,-13.5643],[-42.8378,-13.5632],[-42.8845,-13.4958],[-42.9001,-13.4733],[-42.8989,-13.4433],[-42.8926,-13.4409],[-42.8916,-13.4363],[-42.8983,-13.41],[-42.9176,-13.3897],[-42.919,-13.3653],[-42.9153,-13.3631],[-42.9141,-13.3623],[-42.9115,-13.3565],[-42.9163,-13.3442],[-42.9078,-13.3275],[-42.9053,-13.3144],[-42.9129,-13.2946],[-42.9163,-13.2733],[-42.9142,-13.2657],[-42.921,-13.2483],[-42.9204,-13.225],[-42.9148,-13.2048],[-42.9219,-13.1839],[-42.9195,-13.1798],[-42.9081,-13.1783],[-42.9029,-13.1593],[-42.9075,-13.1453],[-42.9087,-13.139],[-42.9177,-13.1367],[-42.9262,-13.1274],[-42.9322,-13.0974],[-42.9378,-13.0902],[-42.9314,-13.0834],[-42.9432,-13.0677],[-42.9538,-13.0602],[-42.9533,-13.0536],[-42.9583,-13.0515],[-42.9744,-13.0273],[-42.9818,-12.9623],[-42.9675,-12.9527],[-42.9367,-12.9319],[-42.934,-12.9301],[-42.9183,-12.9347],[-42.9015,-12.9308],[-42.8821,-12.9311],[-42.869,-12.9366],[-42.8623,-12.9435],[-42.8423,-12.9364],[-42.8301,-12.95],[-42.8011,-12.9368],[-42.8005,-12.9365],[-42.7582,-12.9139],[-42.7558,-12.9135],[-42.7105,-12.9057],[-42.6826,-12.9009],[-42.6802,-12.9005],[-42.6301,-12.8918],[-42.6136,-12.889],[-42.5007,-12.8695],[-42.492,-12.8698],[-42.4922,-12.875],[-42.4947,-12.8825],[-42.4894,-12.8874],[-42.4894,-12.8885],[-42.4909,-12.897],[-42.4851,-12.9032],[-42.4613,-12.9142],[-42.458,-12.9263],[-42.4484,-12.9275]]]}},{"type":"Feature","properties":{"nome":"Macururé","cod":"2919900","uf":"BA"},"geometry":{"type":"Polygon","coordinates":[[[-38.8002,-9.5368],[-38.8441,-9.6264],[-38.8826,-9.6279],[-39.0061,-9.633],[-39.1299,-9.6379],[-39.1222,-9.6145],[-39.1265,-9.601],[-39.1249,-9.5949],[-39.1095,-9.5944],[-39.0994,-9.5939],[-39.0909,-9.5934],[-39.0862,-9.5866],[-39.0823,-9.5861],[-39.0757,-9.5678],[-39.0645,-9.562],[-39.0538,-9.5651],[-39.0504,-9.5713],[-39.0406,-9.5674],[-39.0358,-9.5618],[-39.0266,-9.5684],[-39.0159,-9.5649],[-39.0071,-9.5663],[-39.0039,-9.571],[-38.9897,-9.5488],[-38.9884,-9.5352],[-38.9837,-9.5304],[-38.9845,-9.51],[-38.98,-9.5013],[-38.9714,-9.4974],[-38.9685,-9.4805],[-38.9636,-9.4757],[-38.9575,-9.462],[-38.9581,-9.4557],[-38.9549,-9.4535],[-38.9589,-9.4405],[-38.9708,-9.4304],[-38.9699,-9.4182],[-38.9732,-9.4134],[-38.9851,-9.4047],[-38.9846,-9.3964],[-38.9966,-9.3776],[-39.0142,-9.3531],[-39.0239,-9.3527],[-39.0391,-9.3146],[-39.0463,-9.2994],[-39.0458,-9.2918],[-39.0536,-9.2807],[-39.0517,-9.268],[-39.0556,-9.2532],[-39.0632,-9.2455],[-39.0644,-9.2323],[-39.0759,-9.2294],[-39.0798,-9.225],[-39.0765,-9.2157],[-39.0822,-9.2032],[-39.0803,-9.1863],[-39.0668,-9.1724],[-39.0674,-9.1669],[-39.0722,-9.1636],[-39.066,-9.1321],[-39.0736,-9.1117],[-39.0751,-9.0957],[-39.1019,-9.0785],[-39.101,-9.07],[-39.1113,-9.061],[-39.1069,-9.049],[-39.1009,-9.0445],[-39.1031,-9.0276],[-39.0987,-9.0227],[-39.0978,-9.012],[-39.0881,-8.9976],[-39.0191,-8.9149],[-38.9821,-8.8705],[-38.8706,-9.0056],[-38.8454,-9.0352],[-38.829,-9.0601],[-38.7759,-9.1449],[-38.7394,-9.2029],[-38.6803,-9.297],[-38.683,-9.3023],[-38.6831,-9.3024],[-38.7141,-9.3643],[-38.7911,-9.5182],[-38.8002,-9.5368]]]}},{"type":"Feature","properties":{"nome":"Madre de Deus","cod":"2919926","uf":"BA"},"geometry":{"type":"Polygon","coordinates":[[[-38.6216,-12.7502],[-38.6258,-12.7528],[-38.6354,-12.7519],[-38.6488,-12.7435],[-38.6449,-12.7267],[-38.6366,-12.7248],[-38.6293,-12.726],[-38.6229,-12.7272],[-38.6153,-12.7268],[-38.6103,-12.7266],[-38.608,-12.7304],[-38.5998,-12.7343],[-38.5987,-12.7387],[-38.6115,-12.7414],[-38.6216,-12.7502]]]}},{"type":"Feature","properties":{"nome":"Maetinga","cod":"2919959","uf":"BA"},"geometry":{"type":"Polygon","coordinates":[[[-41.3696,-14.6327],[-41.3685,-14.6381],[-41.3728,-14.6354],[-41.3854,-14.6387],[-41.3902,-14.636],[-41.406,-14.6421],[-41.3962,-14.6503],[-41.3902,-14.677],[-41.3827,-14.68],[-41.3722,-14.6752],[-41.3719,-14.6703],[-41.3685,-14.6694],[-41.3559,-14.679],[-41.3551,-14.6892],[-41.346,-14.6985],[-41.3597,-14.71],[-41.4004,-14.7384],[-41.4045,-14.7412],[-41.4477,-14.7715],[-41.4629,-14.7821],[-41.5355,-14.8327],[-41.5676,-14.855],[-41.5671,-14.8131],[-41.5666,-14.7665],[-41.5852,-14.7641],[-41.5914,-14.7664],[-41.5979,-14.7624],[-41.6018,-14.7611],[-41.5995,-14.757],[-41.6036,-14.7486],[-41.617,-14.7444],[-41.6239,-14.7327],[-41.616,-14.7279],[-41.5963,-14.7002],[-41.5997,-14.6946],[-41.5998,-14.6943],[-41.6322,-14.6403],[-41.6569,-14.599],[-41.6538,-14.5971],[-41.6566,-14.5816],[-41.6548,-14.5711],[-41.6613,-14.5511],[-41.6482,-14.5326],[-41.6378,-14.5098],[-41.6342,-14.5093],[-41.4346,-14.5508],[-41.4344,-14.5512],[-41.432,-14.5595],[-41.4268,-14.5669],[-41.4339,-14.5719],[-41.4169,-14.5847],[-41.4143,-14.5936],[-41.3942,-14.6073],[-41.3891,-14.6171],[-41.382,-14.6178],[-41.3793,-14.6271],[-41.3696,-14.6327]]]}},{"type":"Feature","properties":{"nome":"Maiquinique","cod":"2920007","uf":"BA"},"geometry":{"type":"Polygon","coordinates":[[[-40.1438,-15.5147],[-40.1387,-15.5187],[-40.1349,-15.5139],[-40.1393,-15.5487],[-40.1339,-15.5583],[-40.1372,-15.5688],[-40.1345,-15.5977],[-40.1497,-15.623],[-40.1686,-15.6332],[-40.1659,-15.6399],[-40.1676,-15.6497],[-40.1915,-15.6936],[-40.1978,-15.7031],[-40.2089,-15.6949],[-40.2093,-15.7009],[-40.2214,-15.7141],[-40.2227,-15.7361],[-40.2321,-15.7493],[-40.2327,-15.7569],[-40.2359,-15.7763],[-40.2417,-15.7832],[-40.2356,-15.8032],[-40.2553,-15.8101],[-40.2622,-15.8084],[-40.2626,-15.8126],[-40.2685,-15.8123],[-40.2708,-15.8168],[-40.2752,-15.817],[-40.2823,-15.8075],[-40.294,-15.8161],[-40.3112,-15.8151],[-40.3139,-15.8184],[-40.3228,-15.8192],[-40.3237,-15.8193],[-40.3271,-15.8178],[-40.3357,-15.8239],[-40.3396,-15.8212],[-40.3388,-15.8163],[-40.3467,-15.8168],[-40.3563,-15.8126],[-40.366,-15.817],[-40.3711,-15.8139],[-40.3765,-15.8231],[-40.3821,-15.814],[-40.386,-15.8162],[-40.3919,-15.8194],[-40.397,-15.8134],[-40.401,-15.8125],[-40.4018,-15.8162],[-40.4142,-15.8061],[-40.4184,-15.808],[-40.4247,-15.8052],[-40.4321,-15.7782],[-40.4512,-15.7592],[-40.4216,-15.7506],[-40.3489,-15.7295],[-40.3271,-15.7232],[-40.3237,-15.7162],[-40.317,-15.7207],[-40.3076,-15.714],[-40.3024,-15.7154],[-40.2945,-15.7074],[-40.2885,-15.7068],[-40.2827,-15.7023],[-40.2883,-15.6671],[-40.284,-15.6464],[-40.2857,-15.6415],[-40.2815,-15.6396],[-40.2808,-15.6307],[-40.2794,-15.6256],[-40.2713,-15.6212],[-40.2644,-15.6156],[-40.2642,-15.6155],[-40.254,-15.6138],[-40.2443,-15.5983],[-40.2257,-15.5922],[-40.2246,-15.5857],[-40.2184,-15.5814],[-40.2183,-15.5616],[-40.2121,-15.5496],[-40.2068,-15.5475],[-40.1932,-15.5379],[-40.1898,-15.5386],[-40.1871,-15.5476],[-40.1709,-15.5443],[-40.1653,-15.5283],[-40.1458,-15.5177],[-40.1478,-15.5106],[-40.142,-15.5108],[-40.1438,-15.5147]]]}},{"type":"Feature","properties":{"nome":"Mairi","cod":"2920106","uf":"BA"},"geometry":{"type":"Polygon","coordinates":[[[-40.2268,-11.5654],[-40.2004,-11.637],[-40.1609,-11.6355],[-40.1379,-11.6346],[-40.1312,-11.6343],[-40.0854,-11.6721],[-40.0655,-11.6828],[-40.0443,-11.6941],[-40.0239,-11.705],[-40.0055,-11.7072],[-39.9572,-11.7133],[-39.9317,-11.6921],[-39.9203,-11.688],[-39.9202,-11.6881],[-39.9087,-11.7077],[-39.9093,-11.7204],[-39.9117,-11.734],[-39.9563,-11.7711],[-39.9822,-11.7927],[-39.9926,-11.8014],[-40.0278,-11.8286],[-40.0384,-11.8367],[-40.0495,-11.8452],[-40.1775,-11.8391],[-40.1776,-11.8391],[-40.3197,-11.8023],[-40.3509,-11.8335],[-40.3512,-11.8338],[-40.358,-11.7571],[-40.3657,-11.6707],[-40.3658,-11.6706],[-40.3666,-11.6608],[-40.3706,-11.6161],[-40.3702,-11.6161],[-40.3668,-11.6166],[-40.3674,-11.6122],[-40.3584,-11.6071],[-40.3485,-11.606],[-40.3406,-11.6011],[-40.3375,-11.5877],[-40.3264,-11.604],[-40.3264,-11.6107],[-40.3192,-11.6074],[-40.3135,-11.6097],[-40.3076,-11.6059],[-40.3028,-11.6111],[-40.2972,-11.6075],[-40.297,-11.6072],[-40.2843,-11.6085],[-40.2758,-11.6051],[-40.2675,-11.6088],[-40.2586,-11.6046],[-40.2557,-11.5972],[-40.2486,-11.6011],[-40.2447,-11.6103],[-40.2405,-11.612],[-40.2324,-11.6073],[-40.2347,-11.6002],[-40.2263,-11.5898],[-40.2291,-11.5857],[-40.2271,-11.5806],[-40.232,-11.5734],[-40.2268,-11.5654]]]}},{"type":"Feature","properties":{"nome":"Malhada","cod":"2920205","uf":"BA"},"geometry":{"type":"Polygon","coordinates":[[[-43.4754,-13.6257],[-43.4733,-13.6418],[-43.4759,-13.6418],[-43.4747,-13.6457],[-43.4816,-13.6508],[-43.4842,-13.658],[-43.482,-13.6619],[-43.487,-13.6714],[-43.4839,-13.6784],[-43.4911,-13.6877],[-43.4874,-13.6881],[-43.4886,-13.6956],[-43.4925,-13.697],[-43.4939,-13.7065],[-43.498,-13.7105],[-43.4954,-13.7201],[-43.499,-13.7344],[-43.5044,-13.7372],[-43.5053,-13.7434],[-43.5159,-13.746],[-43.5143,-13.7531],[-43.5244,-13.7606],[-43.5281,-13.7705],[-43.5316,-13.7703],[-43.5385,-13.7734],[-43.5453,-13.7936],[-43.5271,-13.7983],[-43.5168,-13.7926],[-43.5094,-13.8042],[-43.5109,-13.815],[-43.5001,-13.8164],[-43.4901,-13.8269],[-43.4802,-13.831],[-43.4831,-13.8481],[-43.4719,-13.8514],[-43.4714,-13.8575],[-43.5036,-13.9206],[-43.5661,-14.0448],[-43.565,-14.0466],[-43.4871,-14.1771],[-43.4439,-14.2485],[-43.4301,-14.2712],[-43.5749,-14.2834],[-43.5951,-14.2851],[-43.6628,-14.3277],[-43.6967,-14.3489],[-43.7085,-14.3738],[-43.7078,-14.3796],[-43.7188,-14.3967],[-43.719,-14.4004],[-43.7082,-14.4116],[-43.7044,-14.4211],[-43.697,-14.4223],[-43.6719,-14.4907],[-43.6705,-14.4944],[-43.6787,-14.516],[-43.7085,-14.5948],[-43.7086,-14.5949],[-43.711,-14.607],[-43.7088,-14.6247],[-43.7142,-14.6342],[-43.7117,-14.6453],[-43.7213,-14.6627],[-43.7302,-14.6667],[-43.7309,-14.6701],[-43.7273,-14.698],[-43.7551,-14.7004],[-43.7641,-14.6916],[-43.7758,-14.6917],[-43.7853,-14.6853],[-43.8001,-14.6869],[-43.8104,-14.6841],[-43.8316,-14.6746],[-43.8383,-14.6748],[-43.8465,-14.6717],[-43.8588,-14.6738],[-43.8629,-14.6619],[-43.8715,-14.6631],[-43.8729,-14.6531],[-43.8755,-14.6518],[-43.8787,-14.6576],[-43.8831,-14.6528],[-43.8789,-14.6456],[-43.8833,-14.6425],[-43.8767,-14.6399],[-43.8854,-14.635],[-43.8742,-14.6363],[-43.8813,-14.629],[-43.8706,-14.6217],[-43.874,-14.614],[-43.8697,-14.6124],[-43.8765,-14.6088],[-43.8741,-14.5942],[-43.8763,-14.5904],[-43.881,-14.5897],[-43.8826,-14.5987],[-43.8856,-14.5952],[-43.8822,-14.5863],[-43.8868,-14.5827],[-43.8768,-14.5629],[-43.8809,-14.5619],[-43.8744,-14.5241],[-43.8673,-14.5086],[-43.8414,-14.4621],[-43.8267,-14.4285],[-43.819,-14.3889],[-43.8139,-14.3804],[-43.8043,-14.3719],[-43.7828,-14.3388],[-43.7783,-14.3324],[-43.7664,-14.3153],[-43.7626,-14.3095],[-43.756,-14.2999],[-43.7455,-14.2833],[-43.7311,-14.2712],[-43.722,-14.2499],[-43.7015,-14.2194],[-43.6812,-14.163],[-43.6787,-14.135],[-43.6638,-14.0731],[-43.6586,-14.0442],[-43.6551,-14.0108],[-43.6273,-13.974],[-43.6286,-13.9552],[-43.6238,-13.9313],[-43.6235,-13.9252],[-43.6199,-13.9069],[-43.6117,-13.8992],[-43.6092,-13.8896],[-43.6174,-13.8439],[-43.6126,-13.8361],[-43.5928,-13.8223],[-43.5868,-13.8142],[-43.5939,-13.7778],[-43.5887,-13.759],[-43.5558,-13.7328],[-43.5492,-13.7184],[-43.5585,-13.6603],[-43.5551,-13.6488],[-43.5429,-13.6207],[-43.5109,-13.5753],[-43.4878,-13.5724],[-43.4728,-13.5653],[-43.4602,-13.5538],[-43.4477,-13.5316],[-43.4447,-13.542],[-43.4406,-13.5448],[-43.4437,-13.5501],[-43.4419,-13.5571],[-43.4524,-13.5681],[-43.4583,-13.5966],[-43.4635,-13.5995],[-43.468,-13.615],[-43.4754,-13.6257]]]}},{"type":"Feature","properties":{"nome":"Malhada de Pedras","cod":"2920304","uf":"BA"},"geometry":{"type":"Polygon","coordinates":[[[-41.9661,-14.2358],[-41.9559,-14.2365],[-41.9421,-14.2307],[-41.9242,-14.2283],[-41.9129,-14.234],[-41.91,-14.2338],[-41.9013,-14.234],[-41.8643,-14.2468],[-41.8418,-14.2541],[-41.7973,-14.262],[-41.7799,-14.2594],[-41.763,-14.2563],[-41.7571,-14.2831],[-41.734,-14.3873],[-41.7307,-14.4021],[-41.7306,-14.4024],[-41.715,-14.4726],[-41.7536,-14.4702],[-41.7538,-14.4702],[-41.7935,-14.4675],[-41.8131,-14.4662],[-41.8302,-14.4651],[-41.8573,-14.4543],[-41.8922,-14.4105],[-41.9039,-14.3877],[-41.9678,-14.263],[-41.9878,-14.2238],[-41.9661,-14.2358]]]}},{"type":"Feature","properties":{"nome":"Manoel Vitorino","cod":"2920403","uf":"BA"},"geometry":{"type":"Polygon","coordinates":[[[-40.7298,-13.8274],[-40.7229,-13.8409],[-40.7183,-13.8425],[-40.7079,-13.8365],[-40.6963,-13.8371],[-40.6786,-13.85],[-40.6682,-13.8427],[-40.6548,-13.8387],[-40.6456,-13.8359],[-40.6335,-13.8499],[-40.6252,-13.8531],[-40.6136,-13.8558],[-40.6092,-13.8657],[-40.605,-13.8666],[-40.5562,-13.8728],[-40.5313,-13.8655],[-40.5268,-13.8687],[-40.5273,-13.8814],[-40.5235,-13.8888],[-40.5177,-13.8906],[-40.5098,-13.8875],[-40.5046,-13.8901],[-40.5064,-13.9008],[-40.5107,-13.9028],[-40.5101,-13.9105],[-40.522,-13.9197],[-40.5153,-13.9225],[-40.5173,-13.9397],[-40.514,-13.9414],[-40.5128,-13.9479],[-40.3944,-14.0606],[-40.3903,-14.0615],[-40.3872,-14.0618],[-40.3757,-14.0503],[-40.3697,-14.0517],[-40.3636,-14.0476],[-40.3592,-14.0417],[-40.3545,-14.0434],[-40.3481,-14.0382],[-40.3461,-14.024],[-40.3366,-14.0175],[-40.3362,-14.0141],[-40.3286,-14.0154],[-40.3256,-14.009],[-40.3196,-14.0107],[-40.3179,-14.0057],[-40.2999,-14.0121],[-40.2478,-14.0423],[-40.2407,-14.0328],[-40.2263,-14.0304],[-40.211,-14.0388],[-40.2078,-14.0491],[-40.2051,-14.0527],[-40.2077,-14.0708],[-40.2154,-14.0694],[-40.2199,-14.0721],[-40.2206,-14.0775],[-40.2147,-14.0865],[-40.2214,-14.0958],[-40.2193,-14.0978],[-40.2217,-14.1053],[-40.2111,-14.1255],[-40.1938,-14.1276],[-40.1875,-14.1217],[-40.1816,-14.123],[-40.1752,-14.1345],[-40.1781,-14.1591],[-40.1815,-14.1668],[-40.1794,-14.1748],[-40.1835,-14.1781],[-40.1836,-14.1893],[-40.1887,-14.2003],[-40.185,-14.2039],[-40.1885,-14.2103],[-40.1862,-14.2166],[-40.192,-14.2227],[-40.1808,-14.2236],[-40.1903,-14.2274],[-40.1879,-14.2349],[-40.1924,-14.243],[-40.1979,-14.2448],[-40.2036,-14.2575],[-40.2088,-14.2569],[-40.2127,-14.261],[-40.2149,-14.2655],[-40.2065,-14.2723],[-40.207,-14.2849],[-40.2024,-14.2891],[-40.2029,-14.2979],[-40.2076,-14.3037],[-40.2023,-14.3094],[-40.1958,-14.3193],[-40.1958,-14.3262],[-40.1989,-14.3277],[-40.217,-14.3102],[-40.2174,-14.2946],[-40.229,-14.2834],[-40.2437,-14.2541],[-40.2847,-14.2562],[-40.3268,-14.2583],[-40.3572,-14.26],[-40.3613,-14.257],[-40.3693,-14.2623],[-40.376,-14.2607],[-40.3848,-14.2636],[-40.3911,-14.261],[-40.3926,-14.2604],[-40.4603,-14.233],[-40.5396,-14.2008],[-40.5631,-14.1912],[-40.6527,-14.1548],[-40.6975,-14.1354],[-40.8122,-14.071],[-40.9038,-14.0197],[-40.9785,-13.9778],[-40.9813,-13.9696],[-40.981,-13.9641],[-40.9753,-13.9584],[-40.9832,-13.9472],[-40.9767,-13.9412],[-40.9601,-13.9392],[-40.9594,-13.9309],[-40.9632,-13.9224],[-40.9503,-13.9065],[-40.9375,-13.91],[-40.9252,-13.9204],[-40.911,-13.9128],[-40.914,-13.9007],[-40.9273,-13.9048],[-40.9368,-13.8965],[-40.935,-13.893],[-40.9215,-13.891],[-40.9065,-13.8861],[-40.8941,-13.8733],[-40.8823,-13.8449],[-40.8783,-13.843],[-40.86,-13.8496],[-40.849,-13.8496],[-40.7937,-13.8342],[-40.7766,-13.8348],[-40.7686,-13.8355],[-40.7363,-13.8352],[-40.7298,-13.8274]]]}},{"type":"Feature","properties":{"nome":"Mansidão","cod":"2920452","uf":"BA"},"geometry":{"type":"Polygon","coordinates":[[[-44.0017,-10.6366],[-43.995,-10.6449],[-43.9938,-10.662],[-43.9608,-10.6858],[-43.9544,-10.6985],[-43.9543,-10.6986],[-43.9431,-10.7127],[-43.9202,-10.7774],[-43.9105,-10.7991],[-43.9149,-10.805],[-43.9193,-10.8318],[-43.9005,-10.8563],[-43.9222,-10.8771],[-43.9245,-10.9004],[-43.9428,-10.9083],[-43.9482,-10.9215],[-43.9576,-10.9277],[-43.9619,-10.9318],[-43.9868,-10.9266],[-43.9936,-10.9378],[-44.0075,-10.9365],[-44.015,-10.9397],[-44.024,-10.9512],[-44.0035,-10.9915],[-43.9848,-11.0127],[-43.965,-11.0442],[-43.927,-11.0799],[-43.9219,-11.0873],[-43.921,-11.0978],[-43.9151,-11.1047],[-43.9085,-11.1235],[-43.9084,-11.1391],[-43.9025,-11.1586],[-43.8793,-11.2155],[-43.8787,-11.2298],[-43.8707,-11.2405],[-43.8698,-11.2524],[-43.8507,-11.3041],[-43.8344,-11.3328],[-43.832,-11.3495],[-43.8316,-11.3504],[-43.8366,-11.3533],[-43.8387,-11.3574],[-43.8469,-11.3574],[-43.8505,-11.363],[-43.8572,-11.3652],[-43.8663,-11.3612],[-43.8697,-11.355],[-43.8781,-11.3538],[-43.8875,-11.3634],[-43.9072,-11.3596],[-43.9109,-11.3649],[-43.9137,-11.3513],[-43.9168,-11.346],[-43.9208,-11.3457],[-43.9256,-11.3703],[-43.9331,-11.3708],[-43.9368,-11.3636],[-43.9446,-11.3636],[-43.9559,-11.3765],[-43.9792,-11.3764],[-43.9859,-11.3819],[-43.9854,-11.3877],[-43.9768,-11.3875],[-43.9733,-11.3981],[-43.9784,-11.3992],[-43.9845,-11.3933],[-44.0003,-11.3965],[-43.9998,-11.4003],[-43.9889,-11.4096],[-43.9884,-11.4147],[-43.9951,-11.4226],[-44.0076,-11.4111],[-44.0175,-11.4144],[-44.0204,-11.4273],[-44.03,-11.4201],[-44.0342,-11.4212],[-44.036,-11.425],[-44.0298,-11.4407],[-44.0314,-11.4439],[-44.0464,-11.43],[-44.0548,-11.4289],[-44.061,-11.4375],[-44.0684,-11.4393],[-44.0769,-11.4227],[-44.0808,-11.4204],[-44.0832,-11.4258],[-44.0877,-11.4268],[-44.0889,-11.4209],[-44.0928,-11.4195],[-44.1059,-11.424],[-44.1219,-11.4197],[-44.1245,-11.4251],[-44.1167,-11.4314],[-44.1197,-11.4383],[-44.1485,-11.4304],[-44.1475,-11.4388],[-44.1546,-11.4389],[-44.1631,-11.4541],[-44.1725,-11.4558],[-44.1747,-11.4489],[-44.1831,-11.4567],[-44.1935,-11.4505],[-44.192,-11.4549],[-44.1954,-11.4607],[-44.2077,-11.4592],[-44.2114,-11.4689],[-44.2156,-11.4696],[-44.223,-11.4608],[-44.2233,-11.4525],[-44.226,-11.4523],[-44.2368,-11.4708],[-44.2438,-11.4713],[-44.2443,-11.4676],[-44.2448,-11.4612],[-44.2507,-11.4617],[-44.2608,-11.4699],[-44.2612,-11.4774],[-44.2656,-11.4786],[-44.2772,-11.4721],[-44.2841,-11.4826],[-44.2851,-11.4732],[-44.2883,-11.4713],[-44.2991,-11.485],[-44.306,-11.4779],[-44.3097,-11.4836],[-44.3172,-11.4825],[-44.321,-11.488],[-44.334,-11.4825],[-44.3378,-11.4857],[-44.3374,-11.4935],[-44.3403,-11.4929],[-44.3455,-11.4882],[-44.3497,-11.4771],[-44.3427,-11.4789],[-44.3444,-11.468],[-44.3415,-11.4644],[-44.35,-11.4577],[-44.3499,-11.4539],[-44.3459,-11.4542],[-44.3494,-11.448],[-44.3522,-11.4437],[-44.3561,-11.4466],[-44.3616,-11.444],[-44.3651,-11.4482],[-44.3768,-11.4434],[-44.372,-11.4386],[-44.3717,-11.4329],[-44.3767,-11.4346],[-44.3797,-11.427],[-44.3775,-11.4218],[-44.3825,-11.4199],[-44.3803,-11.4144],[-44.3873,-11.42],[-44.3919,-11.4184],[-44.3895,-11.4111],[-44.3906,-11.4057],[-44.3942,-11.4049],[-44.3922,-11.3961],[-44.4047,-11.3824],[-44.4106,-11.3814],[-44.4099,-11.3758],[-44.418,-11.3631],[-44.4254,-11.3674],[-44.4283,-11.3797],[-44.4312,-11.3779],[-44.4376,-11.3884],[-44.4483,-11.3869],[-44.4599,-11.3904],[-44.4637,-11.3882],[-44.4695,-11.3999],[-44.4754,-11.4018],[-44.474,-11.4071],[-44.4852,-11.4085],[-44.4958,-11.4028],[-44.4958,-11.4027],[-44.3513,-11.2281],[-44.3328,-11.2128],[-44.2966,-11.1837],[-44.2581,-11.1475],[-44.2449,-11.1299],[-44.2297,-11.1003],[-44.2257,-11.093],[-44.2189,-11.0858],[-44.2251,-11.0633],[-44.222,-11.0419],[-44.2157,-11.0345],[-44.218,-11.0277],[-44.2011,-11.0052],[-44.1993,-10.9971],[-44.1858,-10.9911],[-44.1752,-10.9674],[-44.1614,-10.9578],[-44.1634,-10.9481],[-44.1588,-10.9459],[-44.1569,-10.9372],[-44.1503,-10.9333],[-44.1506,-10.9267],[-44.1453,-10.922],[-44.1496,-10.9097],[-44.1491,-10.8958],[-44.1395,-10.8851],[-44.144,-10.8643],[-44.1371,-10.8443],[-44.1383,-10.8347],[-44.1343,-10.8289],[-44.1231,-10.828],[-44.1187,-10.8243],[-44.1198,-10.8132],[-44.1129,-10.809],[-44.1081,-10.8077],[-44.1239,-10.7542],[-44.1491,-10.6895],[-44.1628,-10.6524],[-44.1758,-10.6392],[-44.1779,-10.631],[-44.1651,-10.6425],[-44.1526,-10.6437],[-44.1309,-10.6345],[-44.1229,-10.6205],[-44.1102,-10.5968],[-44.1003,-10.5913],[-44.0819,-10.5884],[-44.0724,-10.5806],[-44.0575,-10.6083],[-44.0454,-10.6203],[-44.0195,-10.6237],[-44.0017,-10.6366]]]}},{"type":"Feature","properties":{"nome":"Maracás","cod":"2920502","uf":"BA"},"geometry":{"type":"Polygon","coordinates":[[[-40.3998,-13.5886],[-40.4448,-13.6608],[-40.537,-13.7067],[-40.5371,-13.7069],[-40.479,-13.6907],[-40.482,-13.7031],[-40.4981,-13.7195],[-40.5031,-13.7135],[-40.5139,-13.7132],[-40.5231,-13.7178],[-40.5323,-13.7179],[-40.5378,-13.7289],[-40.536,-13.7366],[-40.5314,-13.7403],[-40.5277,-13.7644],[-40.5189,-13.7881],[-40.5099,-13.7926],[-40.4937,-13.818],[-40.458,-13.8433],[-40.4421,-13.8629],[-40.4397,-13.8656],[-40.486,-13.8802],[-40.4996,-13.8807],[-40.504,-13.8844],[-40.5046,-13.8901],[-40.5098,-13.8875],[-40.5177,-13.8906],[-40.5235,-13.8888],[-40.5273,-13.8814],[-40.5268,-13.8687],[-40.5313,-13.8655],[-40.5562,-13.8728],[-40.605,-13.8666],[-40.6092,-13.8657],[-40.6136,-13.8558],[-40.6252,-13.8531],[-40.6335,-13.8499],[-40.6456,-13.8359],[-40.6548,-13.8387],[-40.6715,-13.8315],[-40.6871,-13.8115],[-40.6935,-13.8105],[-40.6997,-13.8043],[-40.7012,-13.7971],[-40.7044,-13.7962],[-40.7001,-13.7939],[-40.6974,-13.7819],[-40.7038,-13.7745],[-40.7028,-13.7645],[-40.7241,-13.7592],[-40.7278,-13.7521],[-40.7224,-13.7472],[-40.716,-13.7479],[-40.722,-13.7376],[-40.7214,-13.7334],[-40.7173,-13.7317],[-40.721,-13.7225],[-40.7262,-13.7216],[-40.7183,-13.7095],[-40.7252,-13.6993],[-40.7248,-13.692],[-40.7178,-13.6832],[-40.7074,-13.6825],[-40.709,-13.6777],[-40.7135,-13.6689],[-40.7022,-13.655],[-40.7015,-13.6456],[-40.7033,-13.6354],[-40.709,-13.6357],[-40.7068,-13.6319],[-40.7104,-13.6307],[-40.7026,-13.6268],[-40.6903,-13.6108],[-40.689,-13.6027],[-40.6937,-13.5917],[-40.6892,-13.5845],[-40.6841,-13.5839],[-40.6917,-13.5728],[-40.687,-13.5663],[-40.6863,-13.5573],[-40.6864,-13.5571],[-40.6908,-13.5548],[-40.6869,-13.548],[-40.6933,-13.5448],[-40.6963,-13.5338],[-40.695,-13.5148],[-40.6999,-13.5107],[-40.6965,-13.5071],[-40.7073,-13.4972],[-40.7115,-13.4868],[-40.7169,-13.4857],[-40.7226,-13.4809],[-40.7232,-13.475],[-40.7324,-13.4704],[-40.7396,-13.4579],[-40.7373,-13.4486],[-40.7318,-13.4459],[-40.7285,-13.4332],[-40.7305,-13.4262],[-40.7355,-13.426],[-40.7445,-13.4161],[-40.7546,-13.4135],[-40.7652,-13.4043],[-40.7653,-13.3998],[-40.7726,-13.3963],[-40.7706,-13.3921],[-40.776,-13.3869],[-40.7779,-13.3789],[-40.7754,-13.3739],[-40.745,-13.3132],[-40.7222,-13.2676],[-40.7146,-13.2616],[-40.6224,-13.1881],[-40.617,-13.1875],[-40.5844,-13.1839],[-40.5116,-13.1758],[-40.4908,-13.2028],[-40.4118,-13.302],[-40.4079,-13.3069],[-40.3705,-13.3174],[-40.2764,-13.3438],[-40.2765,-13.345],[-40.2897,-13.3572],[-40.2876,-13.3788],[-40.2916,-13.3826],[-40.3018,-13.4205],[-40.3035,-13.423],[-40.3118,-13.4387],[-40.3135,-13.4583],[-40.3148,-13.4605],[-40.3257,-13.4714],[-40.3667,-13.5356],[-40.3672,-13.5363],[-40.3998,-13.5886]]]}},{"type":"Feature","properties":{"nome":"Maragogipe","cod":"2920601","uf":"BA"},"geometry":{"type":"Polygon","coordinates":[[[-38.9617,-12.6943],[-38.956,-12.7007],[-38.9504,-12.697],[-38.9469,-12.6998],[-38.9402,-12.6974],[-38.9334,-12.7123],[-38.9321,-12.7182],[-38.9296,-12.7251],[-38.9036,-12.7367],[-38.8957,-12.7437],[-38.8895,-12.7491],[-38.8813,-12.7615],[-38.8752,-12.7763],[-38.8613,-12.7936],[-38.8603,-12.8032],[-38.8656,-12.8149],[-38.8638,-12.8224],[-38.8458,-12.8383],[-38.8383,-12.8464],[-38.8276,-12.8498],[-38.8168,-12.8476],[-38.8007,-12.8338],[-38.7978,-12.8767],[-38.8046,-12.8707],[-38.8149,-12.8693],[-38.8214,-12.8835],[-38.8213,-12.8904],[-38.8171,-12.8905],[-38.8203,-12.9047],[-38.8148,-12.9088],[-38.8127,-12.9161],[-38.8215,-12.9197],[-38.8261,-12.9163],[-38.8335,-12.9205],[-38.8358,-12.9274],[-38.8249,-12.9444],[-38.8292,-12.9506],[-38.8373,-12.954],[-38.8402,-12.9428],[-38.8503,-12.9376],[-38.8562,-12.9437],[-38.864,-12.9368],[-38.8717,-12.9354],[-38.8862,-12.9435],[-38.8953,-12.9407],[-38.9008,-12.9331],[-38.9166,-12.9289],[-38.9205,-12.9114],[-38.9252,-12.9126],[-38.9344,-12.9071],[-38.9368,-12.8994],[-38.9458,-12.9003],[-38.9485,-12.8963],[-38.9579,-12.8866],[-38.9583,-12.8764],[-38.9684,-12.8707],[-38.9664,-12.8641],[-38.9785,-12.8587],[-38.9778,-12.8436],[-38.9873,-12.8403],[-39.0118,-12.8389],[-39.0263,-12.8321],[-39.0301,-12.8336],[-39.0446,-12.8372],[-39.0426,-12.8643],[-39.0383,-12.9129],[-39.0398,-12.9026],[-39.0594,-12.8763],[-39.0687,-12.8713],[-39.0708,-12.8642],[-39.0752,-12.8403],[-39.0731,-12.8346],[-39.0691,-12.814],[-39.0627,-12.8068],[-39.0522,-12.7962],[-39.045,-12.7897],[-39.0451,-12.7672],[-39.0506,-12.7511],[-39.044,-12.7364],[-39.0293,-12.7334],[-39.0247,-12.7291],[-39.0143,-12.7306],[-39.0065,-12.7279],[-39.0068,-12.7054],[-38.9991,-12.705],[-38.9977,-12.7009],[-38.9867,-12.7012],[-38.9683,-12.6934],[-38.9617,-12.6943]]]}},{"type":"Feature","properties":{"nome":"Maraú","cod":"2920700","uf":"BA"},"geometry":{"type":"Polygon","coordinates":[[[-38.956,-14.0784],[-38.9767,-14.1392],[-38.9797,-14.1698],[-38.9892,-14.1874],[-38.9911,-14.2209],[-38.997,-14.2349],[-39.0015,-14.233],[-39.0076,-14.2358],[-39.0073,-14.2244],[-39.0144,-14.2291],[-39.0191,-14.2294],[-39.0276,-14.2473],[-39.0379,-14.2474],[-39.0444,-14.2522],[-39.0533,-14.2487],[-39.081,-14.2519],[-39.1374,-14.2583],[-39.1394,-14.2585],[-39.168,-14.2618],[-39.1708,-14.2621],[-39.1906,-14.2643],[-39.203,-14.2657],[-39.2368,-14.2695],[-39.2387,-14.2697],[-39.2733,-14.2736],[-39.2836,-14.2747],[-39.2886,-14.2757],[-39.2905,-14.2715],[-39.3009,-14.2678],[-39.3049,-14.2674],[-39.3085,-14.2752],[-39.3187,-14.2779],[-39.323,-14.257],[-39.3567,-14.2488],[-39.3574,-14.2486],[-39.3758,-14.2445],[-39.4104,-14.2368],[-39.4129,-14.2362],[-39.4423,-14.2409],[-39.4436,-14.2411],[-39.441,-14.2285],[-39.4451,-14.2275],[-39.4471,-14.2161],[-39.4443,-14.2026],[-39.4034,-14.1838],[-39.3984,-14.1814],[-39.3774,-14.1692],[-39.3653,-14.1611],[-39.3479,-14.1494],[-39.3461,-14.1482],[-39.3445,-14.148],[-39.3356,-14.1467],[-39.3311,-14.1461],[-39.3254,-14.1452],[-39.3027,-14.142],[-39.2691,-14.1357],[-39.2402,-14.122],[-39.2191,-14.1121],[-39.196,-14.1035],[-39.173,-14.1016],[-39.1655,-14.1022],[-39.1591,-14.0968],[-39.1359,-14.0916],[-39.1347,-14.0921],[-39.1051,-14.1058],[-39.1041,-14.1091],[-39.095,-14.1109],[-39.0816,-14.1064],[-39.0674,-14.1109],[-39.0666,-14.1102],[-39.0572,-14.103],[-39.0481,-14.1089],[-39.0353,-14.1021],[-39.0151,-14.0944],[-39.002,-14.0825],[-38.9873,-14.0795],[-38.9829,-14.0715],[-38.9824,-14.0515],[-38.9918,-14.0373],[-38.9986,-14.033],[-39.0053,-14.0304],[-39.0061,-14.0259],[-38.9926,-13.9941],[-38.9844,-13.9741],[-38.9863,-13.9626],[-38.9974,-13.9399],[-38.9979,-13.9312],[-38.9953,-13.9115],[-38.9859,-13.8955],[-38.9626,-13.8849],[-38.9513,-13.8715],[-38.9468,-13.8785],[-38.9356,-13.8861],[-38.9281,-13.9065],[-38.9296,-13.9333],[-38.9283,-13.9366],[-38.9448,-14.0015],[-38.9462,-14.0194],[-38.9464,-14.022],[-38.9566,-14.0664],[-38.956,-14.0784]]]}},{"type":"Feature","properties":{"nome":"Marcionílio Souza","cod":"2920809","uf":"BA"},"geometry":{"type":"Polygon","coordinates":[[[-40.4881,-12.9484],[-40.4774,-12.9805],[-40.4718,-12.9994],[-40.4567,-13.0146],[-40.4514,-13.0352],[-40.437,-13.046],[-40.4359,-13.0563],[-40.4274,-13.0617],[-40.4116,-13.095],[-40.4049,-13.1014],[-40.4022,-13.1204],[-40.3944,-13.1324],[-40.3946,-13.1378],[-40.3817,-13.1418],[-40.4142,-13.1506],[-40.4613,-13.1628],[-40.5116,-13.1758],[-40.5844,-13.1839],[-40.617,-13.1875],[-40.6224,-13.1881],[-40.7146,-13.2616],[-40.7222,-13.2676],[-40.745,-13.3132],[-40.7754,-13.3739],[-40.7779,-13.3789],[-40.7854,-13.372],[-40.7849,-13.3636],[-40.8016,-13.3472],[-40.7965,-13.3403],[-40.7979,-13.3353],[-40.8148,-13.3311],[-40.8362,-13.3145],[-40.8414,-13.3137],[-40.8419,-13.3179],[-40.8466,-13.3181],[-40.8496,-13.311],[-40.8557,-13.3204],[-40.8615,-13.3186],[-40.8762,-13.2922],[-40.8715,-13.2751],[-40.883,-13.2704],[-40.8912,-13.2629],[-40.8912,-13.2604],[-40.921,-13.227],[-40.9293,-13.2307],[-40.9136,-13.2142],[-40.7559,-13.048],[-40.7558,-13.0479],[-40.7458,-13.0374],[-40.7377,-13.0366],[-40.717,-13.0175],[-40.7046,-13.0158],[-40.6999,-13.0227],[-40.6827,-13.0229],[-40.6689,-13.0084],[-40.6571,-13.0013],[-40.6301,-12.9977],[-40.6251,-12.9999],[-40.6054,-12.9974],[-40.6002,-13.006],[-40.5866,-13.0015],[-40.5745,-13.0022],[-40.5541,-12.9928],[-40.5457,-12.9925],[-40.5391,-12.9831],[-40.5302,-12.9824],[-40.5329,-12.977],[-40.5308,-12.9721],[-40.5204,-12.9583],[-40.5085,-12.9663],[-40.5083,-12.9599],[-40.5133,-12.9541],[-40.5074,-12.9453],[-40.5041,-12.9449],[-40.5025,-12.9495],[-40.4963,-12.9527],[-40.4901,-12.9497],[-40.489,-12.9435],[-40.4827,-12.944],[-40.4877,-12.9453],[-40.4881,-12.9484]]]}},{"type":"Feature","properties":{"nome":"Mascote","cod":"2920908","uf":"BA"},"geometry":{"type":"Polygon","coordinates":[[[-39.3651,-15.4825],[-39.359,-15.4915],[-39.3506,-15.4899],[-39.3427,-15.4952],[-39.3403,-15.5014],[-39.3214,-15.5135],[-39.319,-15.5184],[-39.31,-15.5213],[-39.3113,-15.5267],[-39.3033,-15.5328],[-39.3034,-15.5377],[-39.308,-15.5403],[-39.3022,-15.5424],[-39.3047,-15.5479],[-39.3021,-15.5504],[-39.2782,-15.5571],[-39.2745,-15.5636],[-39.2844,-15.5658],[-39.2616,-15.6329],[-39.2616,-15.633],[-39.2744,-15.6393],[-39.2868,-15.6408],[-39.2908,-15.6384],[-39.318,-15.6563],[-39.3244,-15.6613],[-39.3324,-15.6772],[-39.3483,-15.6875],[-39.3518,-15.7058],[-39.3637,-15.7343],[-39.368,-15.7447],[-39.3909,-15.7994],[-39.3964,-15.7988],[-39.3993,-15.7935],[-39.4267,-15.8023],[-39.432,-15.7929],[-39.4385,-15.7927],[-39.4459,-15.7995],[-39.4448,-15.809],[-39.4549,-15.812],[-39.4632,-15.8241],[-39.4615,-15.8329],[-39.4852,-15.8379],[-39.485,-15.8288],[-39.4918,-15.8182],[-39.4999,-15.8186],[-39.5226,-15.8036],[-39.5483,-15.8067],[-39.5611,-15.8018],[-39.5723,-15.7894],[-39.5711,-15.7756],[-39.5745,-15.7688],[-39.5677,-15.7517],[-39.5566,-15.7499],[-39.5543,-15.743],[-39.545,-15.7422],[-39.5446,-15.7413],[-39.5438,-15.7372],[-39.5431,-15.7125],[-39.538,-15.7076],[-39.5392,-15.7004],[-39.5345,-15.6973],[-39.5341,-15.6879],[-39.5435,-15.6651],[-39.5434,-15.6531],[-39.5409,-15.6519],[-39.543,-15.6445],[-39.5374,-15.6375],[-39.5373,-15.6267],[-39.5325,-15.6188],[-39.5253,-15.6147],[-39.5208,-15.6139],[-39.5116,-15.6019],[-39.507,-15.5909],[-39.4996,-15.5677],[-39.4943,-15.5658],[-39.4884,-15.5573],[-39.474,-15.5513],[-39.4719,-15.5576],[-39.4793,-15.5606],[-39.4717,-15.5751],[-39.4669,-15.5788],[-39.4533,-15.5774],[-39.4462,-15.5813],[-39.4281,-15.5661],[-39.41,-15.5656],[-39.4045,-15.5558],[-39.4072,-15.5521],[-39.4154,-15.5505],[-39.4143,-15.5458],[-39.418,-15.5404],[-39.4297,-15.5386],[-39.4268,-15.5282],[-39.4333,-15.5236],[-39.4392,-15.5253],[-39.4364,-15.5178],[-39.4331,-15.515],[-39.436,-15.5076],[-39.4346,-15.4895],[-39.4331,-15.4866],[-39.4219,-15.4804],[-39.4097,-15.4842],[-39.4036,-15.4878],[-39.3943,-15.4934],[-39.3842,-15.4862],[-39.3632,-15.4704],[-39.3651,-15.4825]]]}},{"type":"Feature","properties":{"nome":"Mata de São João","cod":"2921005","uf":"BA"},"geometry":{"type":"Polygon","coordinates":[[[-38.1202,-12.3886],[-38.1221,-12.395],[-38.1149,-12.3924],[-38.1107,-12.3959],[-38.1041,-12.394],[-38.1054,-12.4114],[-38.0923,-12.4177],[-38.0892,-12.4254],[-38.0941,-12.4294],[-38.0982,-12.4353],[-38.0851,-12.4445],[-38.0643,-12.4325],[-38.0487,-12.4235],[-38.0046,-12.3981],[-37.9706,-12.3702],[-37.9654,-12.3722],[-37.9586,-12.369],[-37.9441,-12.3751],[-37.932,-12.3712],[-37.9239,-12.3831],[-37.9167,-12.3808],[-37.9048,-12.3855],[-37.8942,-12.3806],[-37.8913,-12.3912],[-37.8951,-12.3962],[-37.8947,-12.404],[-37.8967,-12.403],[-37.8965,-12.4082],[-37.9164,-12.4371],[-37.9439,-12.4716],[-37.9621,-12.5003],[-38.0037,-12.5769],[-38.0076,-12.579],[-38.0176,-12.5817],[-38.0325,-12.5947],[-38.0353,-12.5888],[-38.0412,-12.5864],[-38.0486,-12.5829],[-38.046,-12.5759],[-38.0433,-12.5695],[-38.0496,-12.5691],[-38.0455,-12.5613],[-38.0562,-12.5619],[-38.0713,-12.5342],[-38.0653,-12.5314],[-38.0647,-12.5269],[-38.0744,-12.5003],[-38.0657,-12.4947],[-38.0648,-12.4821],[-38.0716,-12.471],[-38.0692,-12.4662],[-38.0867,-12.4728],[-38.0889,-12.4767],[-38.1,-12.4783],[-38.1005,-12.4855],[-38.0956,-12.4924],[-38.0972,-12.5001],[-38.1061,-12.5028],[-38.11,-12.5081],[-38.1143,-12.5088],[-38.1152,-12.5042],[-38.1197,-12.5076],[-38.1253,-12.5067],[-38.1414,-12.4964],[-38.1572,-12.5016],[-38.1557,-12.4938],[-38.1611,-12.4944],[-38.1634,-12.4874],[-38.1703,-12.4894],[-38.1782,-12.4866],[-38.1828,-12.478],[-38.1731,-12.4671],[-38.1735,-12.4615],[-38.1876,-12.4604],[-38.1915,-12.4533],[-38.1959,-12.4519],[-38.201,-12.4566],[-38.2135,-12.458],[-38.2138,-12.4655],[-38.2261,-12.4755],[-38.244,-12.4685],[-38.2429,-12.4853],[-38.2487,-12.4963],[-38.2464,-12.4992],[-38.2462,-12.4994],[-38.2413,-12.5052],[-38.2405,-12.5145],[-38.2261,-12.5205],[-38.228,-12.5309],[-38.2242,-12.545],[-38.2164,-12.5531],[-38.2196,-12.562],[-38.2153,-12.5662],[-38.2192,-12.5687],[-38.2225,-12.5648],[-38.234,-12.5647],[-38.2365,-12.5702],[-38.2538,-12.5753],[-38.2575,-12.595],[-38.2544,-12.594],[-38.2543,-12.5978],[-38.2747,-12.6089],[-38.2825,-12.6077],[-38.2893,-12.5993],[-38.2974,-12.5978],[-38.3068,-12.594],[-38.3234,-12.5744],[-38.3334,-12.5781],[-38.3505,-12.5699],[-38.3484,-12.567],[-38.3514,-12.5534],[-38.345,-12.5474],[-38.3453,-12.5414],[-38.3527,-12.5357],[-38.3632,-12.5336],[-38.3803,-12.5374],[-38.3729,-12.526],[-38.3688,-12.5148],[-38.3714,-12.5104],[-38.3683,-12.5077],[-38.3749,-12.5077],[-38.3779,-12.4922],[-38.3859,-12.4814],[-38.3316,-12.4396],[-38.3281,-12.4347],[-38.322,-12.4329],[-38.3207,-12.4208],[-38.3184,-12.4213],[-38.3143,-12.4237],[-38.3065,-12.4211],[-38.3103,-12.4127],[-38.3011,-12.4078],[-38.2957,-12.4076],[-38.29,-12.4013],[-38.281,-12.401],[-38.2739,-12.4077],[-38.2682,-12.4074],[-38.2631,-12.4159],[-38.2302,-12.4148],[-38.2246,-12.4087],[-38.2075,-12.4096],[-38.2035,-12.4041],[-38.1968,-12.402],[-38.1909,-12.402],[-38.1878,-12.4109],[-38.1782,-12.4067],[-38.1776,-12.3995],[-38.1603,-12.3914],[-38.1596,-12.3826],[-38.1437,-12.3707],[-38.1341,-12.3751],[-38.1271,-12.3788],[-38.1251,-12.3865],[-38.1202,-12.3886]]]}},{"type":"Feature","properties":{"nome":"Matina","cod":"2921054","uf":"BA"},"geometry":{"type":"Polygon","coordinates":[[[-42.9646,-13.7237],[-42.9227,-13.7376],[-42.9226,-13.7376],[-42.92,-13.7386],[-42.8581,-13.7612],[-42.8441,-13.7663],[-42.8084,-13.7606],[-42.7613,-13.7529],[-42.7251,-13.7471],[-42.7309,-13.763],[-42.7489,-13.8129],[-42.7609,-13.8464],[-42.783,-13.9014],[-42.7921,-13.9239],[-42.7904,-13.9403],[-42.8039,-13.9682],[-42.8115,-13.9762],[-42.8445,-13.9657],[-42.8543,-13.9559],[-42.8633,-13.9525],[-42.8769,-13.9546],[-42.8796,-13.9504],[-42.8827,-13.9532],[-42.8859,-13.9482],[-42.8962,-13.945],[-42.8995,-13.9499],[-42.9171,-13.9568],[-42.9339,-13.9538],[-42.9427,-13.958],[-42.9511,-13.957],[-42.9514,-13.957],[-42.9573,-13.9547],[-42.9603,-13.9488],[-42.9696,-13.9464],[-42.9804,-13.9408],[-42.9939,-13.9432],[-42.9992,-13.939],[-43.0195,-13.9202],[-43.029,-13.9172],[-43.0504,-13.916],[-43.0551,-13.9221],[-43.0612,-13.9217],[-43.0657,-13.9264],[-43.0792,-13.9256],[-43.0869,-13.9287],[-43.0951,-13.9264],[-43.104,-13.9305],[-43.1067,-13.9214],[-43.133,-13.8871],[-43.1374,-13.8699],[-43.1344,-13.8606],[-43.1378,-13.8432],[-43.1263,-13.8312],[-43.1115,-13.829],[-43.0888,-13.8323],[-43.0804,-13.8389],[-43.0722,-13.8281],[-43.0719,-13.8182],[-43.0582,-13.8088],[-43.0457,-13.8075],[-43.039,-13.8004],[-43.0376,-13.7939],[-43.0086,-13.7335],[-42.9998,-13.7363],[-42.9916,-13.7347],[-42.9646,-13.7237]]]}},{"type":"Feature","properties":{"nome":"Medeiros Neto","cod":"2921104","uf":"BA"},"geometry":{"type":"Polygon","coordinates":[[[-40.2091,-17.2259],[-40.1637,-17.2486],[-40.1605,-17.2456],[-40.1418,-17.2483],[-40.1299,-17.2456],[-40.1063,-17.2584],[-40.101,-17.2568],[-40.0897,-17.2634],[-40.0746,-17.2745],[-40.0729,-17.2696],[-40.0773,-17.2606],[-40.0687,-17.2624],[-40.0659,-17.2662],[-40.0691,-17.2774],[-40.0677,-17.2894],[-40.06,-17.29],[-40.0537,-17.2945],[-40.0514,-17.3037],[-40.03,-17.3236],[-40.0155,-17.3272],[-40.0089,-17.3515],[-39.9975,-17.3686],[-39.9875,-17.3781],[-39.9726,-17.3805],[-39.9691,-17.3841],[-39.969,-17.3844],[-39.9479,-17.4152],[-39.9404,-17.4203],[-39.9337,-17.4342],[-39.9336,-17.4606],[-39.9678,-17.4592],[-39.9776,-17.4658],[-39.9864,-17.4602],[-40.0021,-17.4729],[-40.014,-17.4719],[-40.0208,-17.4783],[-40.0263,-17.4745],[-40.0382,-17.4782],[-40.0488,-17.4739],[-40.0575,-17.4534],[-40.0655,-17.4612],[-40.0869,-17.4563],[-40.0964,-17.4561],[-40.1027,-17.452],[-40.108,-17.4436],[-40.1132,-17.4484],[-40.1266,-17.4512],[-40.1504,-17.4487],[-40.1572,-17.4377],[-40.1807,-17.43],[-40.1999,-17.4397],[-40.2188,-17.4194],[-40.2218,-17.4087],[-40.226,-17.4061],[-40.2557,-17.4083],[-40.2694,-17.3906],[-40.2796,-17.4017],[-40.2857,-17.4063],[-40.2967,-17.408],[-40.2995,-17.419],[-40.3071,-17.4147],[-40.3165,-17.4154],[-40.3203,-17.4095],[-40.3214,-17.3966],[-40.3282,-17.3984],[-40.3399,-17.4141],[-40.3557,-17.4515],[-40.3654,-17.4529],[-40.3917,-17.4541],[-40.3972,-17.4636],[-40.4015,-17.4654],[-40.4058,-17.4629],[-40.415,-17.4693],[-40.423,-17.4859],[-40.4292,-17.4888],[-40.4336,-17.4891],[-40.4398,-17.4832],[-40.4467,-17.4856],[-40.4509,-17.4932],[-40.4649,-17.4932],[-40.4709,-17.4941],[-40.4826,-17.488],[-40.4881,-17.4882],[-40.4951,-17.4863],[-40.4975,-17.4787],[-40.5051,-17.4751],[-40.5206,-17.4579],[-40.5193,-17.4463],[-40.5538,-17.4351],[-40.5771,-17.4131],[-40.5957,-17.4201],[-40.6073,-17.4177],[-40.6231,-17.4055],[-40.5983,-17.3892],[-40.6012,-17.3821],[-40.5973,-17.3764],[-40.5986,-17.3641],[-40.6051,-17.3584],[-40.5923,-17.345],[-40.6026,-17.3402],[-40.6086,-17.3265],[-40.6044,-17.323],[-40.5945,-17.3231],[-40.5901,-17.3125],[-40.5818,-17.3106],[-40.5719,-17.2943],[-40.5475,-17.2834],[-40.5474,-17.2832],[-40.4343,-17.2709],[-40.4036,-17.2677],[-40.3823,-17.2663],[-40.3513,-17.2949],[-40.3272,-17.329],[-40.3197,-17.3142],[-40.3195,-17.3139],[-40.27,-17.2734],[-40.2384,-17.2477],[-40.2105,-17.2251],[-40.2091,-17.2259]]]}},{"type":"Feature","properties":{"nome":"Miguel Calmon","cod":"2921203","uf":"BA"},"geometry":{"type":"Polygon","coordinates":[[[-40.5526,-11.3184],[-40.5421,-11.3206],[-40.5342,-11.3141],[-40.5289,-11.3131],[-40.5115,-11.331],[-40.5067,-11.336],[-40.4974,-11.3456],[-40.4878,-11.3414],[-40.4868,-11.3411],[-40.4855,-11.3411],[-40.483,-11.3404],[-40.4754,-11.3385],[-40.4705,-11.333],[-40.4663,-11.3299],[-40.4613,-11.3327],[-40.4474,-11.3577],[-40.3999,-11.3789],[-40.3925,-11.3824],[-40.3148,-11.4264],[-40.3146,-11.4265],[-40.3081,-11.4302],[-40.3674,-11.4821],[-40.3852,-11.5037],[-40.3808,-11.5379],[-40.376,-11.5739],[-40.3702,-11.6161],[-40.3706,-11.6161],[-40.3868,-11.6027],[-40.3921,-11.6146],[-40.395,-11.6115],[-40.4013,-11.6132],[-40.4062,-11.6085],[-40.4112,-11.6138],[-40.4275,-11.6184],[-40.4461,-11.6169],[-40.4578,-11.6052],[-40.4668,-11.6033],[-40.4709,-11.6059],[-40.4899,-11.6145],[-40.4887,-11.6272],[-40.4913,-11.6307],[-40.5002,-11.6319],[-40.5147,-11.628],[-40.5228,-11.6304],[-40.5256,-11.6217],[-40.5261,-11.6172],[-40.5285,-11.6084],[-40.522,-11.6027],[-40.5239,-11.5947],[-40.5289,-11.5928],[-40.5255,-11.5837],[-40.5204,-11.5798],[-40.5243,-11.575],[-40.5298,-11.5777],[-40.5399,-11.5752],[-40.5567,-11.578],[-40.5684,-11.5655],[-40.5875,-11.5575],[-40.5954,-11.5535],[-40.5965,-11.5531],[-40.599,-11.5518],[-40.6033,-11.5574],[-40.5996,-11.5638],[-40.6046,-11.5659],[-40.6077,-11.5631],[-40.6169,-11.5634],[-40.6264,-11.5572],[-40.6363,-11.5618],[-40.6616,-11.5586],[-40.6662,-11.5625],[-40.6783,-11.5513],[-40.6895,-11.5503],[-40.6938,-11.5457],[-40.7028,-11.5482],[-40.7124,-11.54],[-40.7206,-11.5403],[-40.728,-11.5277],[-40.7365,-11.5053],[-40.7482,-11.4977],[-40.7621,-11.4957],[-40.7675,-11.4919],[-40.7675,-11.4919],[-40.7763,-11.4805],[-40.7816,-11.4638],[-40.8231,-11.4187],[-40.8524,-11.3868],[-40.8525,-11.3867],[-40.9101,-11.3239],[-40.9446,-11.2863],[-40.8547,-11.2701],[-40.8487,-11.269],[-40.7342,-11.2484],[-40.7254,-11.2468],[-40.6895,-11.2134],[-40.6692,-11.2292],[-40.6149,-11.2715],[-40.6124,-11.2735],[-40.6122,-11.2737],[-40.597,-11.2915],[-40.583,-11.308],[-40.5641,-11.3101],[-40.5526,-11.3184]]]}},{"type":"Feature","properties":{"nome":"Milagres","cod":"2921302","uf":"BA"},"geometry":{"type":"Polygon","coordinates":[[[-39.6318,-12.9187],[-39.6425,-12.9334],[-39.6681,-12.9683],[-39.6886,-12.9962],[-39.6889,-12.9966],[-39.7042,-12.9794],[-39.717,-12.9719],[-39.7232,-12.981],[-39.7363,-13.0005],[-39.7477,-13.0027],[-39.7555,-12.9999],[-39.7641,-12.9976],[-39.78,-12.9955],[-39.7837,-12.9924],[-39.7844,-12.9824],[-39.7944,-12.9864],[-39.8011,-12.9843],[-39.806,-12.9784],[-39.8155,-12.9807],[-39.817,-12.972],[-39.8394,-12.9667],[-39.8411,-12.9639],[-39.8489,-12.964],[-39.8561,-12.9567],[-39.8562,-12.9566],[-39.8768,-12.9366],[-39.886,-12.9428],[-39.8993,-12.9339],[-39.9035,-12.9245],[-39.9011,-12.9174],[-39.9045,-12.9014],[-39.9006,-12.8749],[-39.8787,-12.8621],[-39.8733,-12.859],[-39.8712,-12.8586],[-39.8516,-12.8612],[-39.7921,-12.869],[-39.6919,-12.8821],[-39.679,-12.8838],[-39.6794,-12.8866],[-39.6318,-12.9187]]]}},{"type":"Feature","properties":{"nome":"Mirangaba","cod":"2921401","uf":"BA"},"geometry":{"type":"Polygon","coordinates":[[[-40.4863,-10.9293],[-40.4463,-11.0654],[-40.4939,-11.0397],[-40.5105,-11.0305],[-40.5322,-11.0186],[-40.585,-10.9898],[-40.6147,-10.9806],[-40.6972,-10.9569],[-40.6976,-10.9567],[-40.721,-10.9475],[-40.7331,-10.9279],[-40.7715,-10.9003],[-40.7775,-10.8834],[-40.7901,-10.8735],[-40.8214,-10.8372],[-40.8318,-10.7804],[-40.8411,-10.7804],[-40.9316,-10.7802],[-41.0322,-10.7809],[-41.0324,-10.7809],[-41.1627,-10.7813],[-41.1954,-10.7826],[-41.2092,-10.7728],[-41.2055,-10.7575],[-41.2069,-10.7439],[-41.1991,-10.7325],[-41.1982,-10.721],[-41.1896,-10.7029],[-41.1049,-10.6689],[-41.0743,-10.6565],[-41.0742,-10.6565],[-40.9333,-10.6029],[-40.9035,-10.6086],[-40.8416,-10.6205],[-40.6933,-10.6488],[-40.6496,-10.6572],[-40.5588,-10.6745],[-40.4787,-10.6898],[-40.4778,-10.69],[-40.4745,-10.6999],[-40.4768,-10.7077],[-40.471,-10.7154],[-40.4774,-10.7251],[-40.4763,-10.7346],[-40.4807,-10.7439],[-40.4841,-10.7446],[-40.4831,-10.7469],[-40.4766,-10.7625],[-40.4717,-10.7634],[-40.4702,-10.7637],[-40.4692,-10.7639],[-40.4484,-10.774],[-40.4514,-10.7873],[-40.4549,-10.7895],[-40.4565,-10.8052],[-40.4611,-10.8118],[-40.4602,-10.8198],[-40.452,-10.8239],[-40.4534,-10.8432],[-40.4486,-10.8565],[-40.4755,-10.8695],[-40.4761,-10.8829],[-40.4908,-10.9142],[-40.4898,-10.9177],[-40.4863,-10.9293]]]}},{"type":"Feature","properties":{"nome":"Mirante","cod":"2921450","uf":"BA"},"geometry":{"type":"Polygon","coordinates":[[[-40.9038,-14.0197],[-40.8122,-14.071],[-40.6975,-14.1354],[-40.6527,-14.1548],[-40.5631,-14.1912],[-40.5396,-14.2008],[-40.4603,-14.233],[-40.3926,-14.2604],[-40.3911,-14.261],[-40.3851,-14.272],[-40.3932,-14.2738],[-40.3918,-14.2844],[-40.4063,-14.2807],[-40.4232,-14.286],[-40.4328,-14.2981],[-40.4391,-14.2925],[-40.4459,-14.2966],[-40.4465,-14.297],[-40.4545,-14.2999],[-40.4555,-14.3049],[-40.4608,-14.3051],[-40.4646,-14.3099],[-40.473,-14.3077],[-40.4796,-14.3171],[-40.4882,-14.3176],[-40.4901,-14.3239],[-40.5054,-14.338],[-40.5061,-14.3588],[-40.5447,-14.3425],[-40.5907,-14.3231],[-40.6099,-14.3151],[-40.6399,-14.296],[-40.7171,-14.2396],[-40.7165,-14.242],[-40.7133,-14.2541],[-40.7563,-14.256],[-40.7671,-14.2564],[-40.7785,-14.252],[-40.7976,-14.2445],[-40.8719,-14.2156],[-40.9288,-14.1933],[-40.9557,-14.1828],[-41.0046,-14.1642],[-41.0128,-14.1583],[-41.023,-14.1639],[-41.0355,-14.163],[-41.0407,-14.1584],[-41.0363,-14.15],[-41.0405,-14.1425],[-41.0241,-14.1421],[-41.0206,-14.138],[-41.0227,-14.1344],[-41.0152,-14.1302],[-41.016,-14.1244],[-41.0245,-14.1199],[-41.0223,-14.1099],[-41.0255,-14.0947],[-41.0147,-14.0886],[-41.0234,-14.0739],[-41.0224,-14.0707],[-41.0074,-14.0703],[-41.0012,-14.0671],[-41.0048,-14.0593],[-41.0153,-14.0556],[-41.0164,-14.0517],[-41.0028,-14.0455],[-40.9906,-14.0329],[-40.9824,-14.0304],[-40.9788,-14.0205],[-41.0028,-14.0086],[-40.9995,-14.0021],[-40.9856,-13.9917],[-40.9785,-13.9778],[-40.9038,-14.0197]]]}},{"type":"Feature","properties":{"nome":"Monte Santo","cod":"2921500","uf":"BA"},"geometry":{"type":"Polygon","coordinates":[[[-39.8059,-9.9393],[-39.8013,-9.9449],[-39.7949,-9.939],[-39.7868,-9.951],[-39.7536,-10.0],[-39.7028,-10.0561],[-39.7026,-10.0563],[-39.6268,-10.0953],[-39.5978,-10.1011],[-39.5977,-10.1011],[-39.5723,-10.1058],[-39.5446,-10.111],[-39.4922,-10.1207],[-39.4338,-10.1319],[-39.4148,-10.1448],[-39.3713,-10.1744],[-39.3712,-10.1744],[-39.3041,-10.2199],[-39.2796,-10.2366],[-39.2617,-10.2487],[-39.2553,-10.2452],[-39.2509,-10.2378],[-39.2386,-10.234],[-39.2327,-10.2337],[-39.2237,-10.226],[-39.2124,-10.2357],[-39.2027,-10.2368],[-39.196,-10.2485],[-39.1849,-10.2558],[-39.178,-10.2866],[-39.1669,-10.2989],[-39.1653,-10.3057],[-39.1684,-10.3143],[-39.172,-10.3294],[-39.1611,-10.3613],[-39.1485,-10.3848],[-39.1466,-10.3959],[-39.1455,-10.4004],[-39.1433,-10.408],[-39.1472,-10.4223],[-39.1537,-10.4296],[-39.152,-10.4383],[-39.1424,-10.448],[-39.1419,-10.4559],[-39.1322,-10.4621],[-39.1371,-10.4673],[-39.1386,-10.4796],[-39.1474,-10.484],[-39.1812,-10.5373],[-39.2474,-10.6412],[-39.2477,-10.6416],[-39.2705,-10.6775],[-39.2747,-10.6761],[-39.3614,-10.6474],[-39.3781,-10.6419],[-39.3997,-10.6348],[-39.445,-10.6198],[-39.4513,-10.6177],[-39.4604,-10.6147],[-39.4606,-10.6146],[-39.483,-10.6072],[-39.498,-10.6022],[-39.5045,-10.6001],[-39.5177,-10.5957],[-39.665,-10.547],[-39.6651,-10.5469],[-39.7031,-10.5343],[-39.765,-10.5138],[-39.7565,-10.5042],[-39.7626,-10.5001],[-39.764,-10.494],[-39.7639,-10.478],[-39.7572,-10.4735],[-39.7525,-10.4397],[-39.7409,-10.4336],[-39.7378,-10.4156],[-39.7323,-10.4084],[-39.7357,-10.3977],[-39.7355,-10.3865],[-39.7392,-10.3545],[-39.7372,-10.3429],[-39.7359,-10.3341],[-39.7466,-10.3037],[-39.7448,-10.2963],[-39.7482,-10.2925],[-39.7515,-10.2684],[-39.7584,-10.2519],[-39.7566,-10.2338],[-39.7625,-10.2209],[-39.7596,-10.1988],[-39.762,-10.1916],[-39.7635,-10.1852],[-39.7629,-10.1748],[-39.7686,-10.1647],[-39.7744,-10.1308],[-39.7748,-10.0995],[-39.7789,-10.0901],[-39.7748,-10.0628],[-39.7802,-10.049],[-39.7769,-10.0161],[-39.788,-9.9742],[-39.7868,-9.9544],[-39.7897,-9.9509],[-39.8033,-9.9522],[-39.8059,-9.9393]]]}},{"type":"Feature","properties":{"nome":"Morpará","cod":"2921609","uf":"BA"},"geometry":{"type":"Polygon","coordinates":[[[-43.0111,-11.6234],[-42.934,-11.645],[-42.8922,-11.6567],[-42.7474,-11.7305],[-42.7547,-11.7303],[-42.7537,-11.7344],[-42.7588,-11.7378],[-42.767,-11.7356],[-42.7881,-11.7387],[-42.7827,-11.7462],[-42.8077,-11.7619],[-42.8192,-11.7751],[-42.8347,-11.7772],[-42.8366,-11.7734],[-42.8412,-11.7801],[-42.8483,-11.788],[-42.8517,-11.7858],[-42.86,-11.7956],[-42.8433,-11.8474],[-42.8132,-11.9407],[-42.8889,-12.0217],[-42.9028,-12.0365],[-42.9209,-12.0241],[-43.0692,-11.9225],[-43.1663,-11.8558],[-43.1845,-11.8433],[-43.1907,-11.8376],[-43.1924,-11.8191],[-43.1933,-11.8049],[-43.2057,-11.8105],[-43.2136,-11.8103],[-43.215,-11.8021],[-43.2261,-11.7839],[-43.2418,-11.6585],[-43.2502,-11.6569],[-43.2543,-11.6639],[-43.2601,-11.663],[-43.26,-11.6583],[-43.2645,-11.6542],[-43.2679,-11.6585],[-43.2789,-11.6511],[-43.2825,-11.6546],[-43.2782,-11.6445],[-43.2796,-11.6386],[-43.276,-11.6356],[-43.2779,-11.621],[-43.2871,-11.6124],[-43.286,-11.6069],[-43.2919,-11.5894],[-43.2903,-11.5833],[-43.2858,-11.5808],[-43.2864,-11.5736],[-43.2837,-11.5732],[-43.2808,-11.5707],[-43.2816,-11.5629],[-43.2881,-11.5504],[-43.2857,-11.5456],[-43.2764,-11.5483],[-43.0935,-11.6001],[-43.0113,-11.6234],[-43.0111,-11.6234]]]}},{"type":"Feature","properties":{"nome":"Morro do Chapéu","cod":"2921708","uf":"BA"},"geometry":{"type":"Polygon","coordinates":[[[-41.6454,-10.8048],[-41.6357,-10.8203],[-41.6197,-10.8281],[-41.6103,-10.8525],[-41.5756,-10.8598],[-41.562,-10.8593],[-41.5455,-10.877],[-41.5329,-10.8789],[-41.5224,-10.8702],[-41.5172,-10.8709],[-41.509,-10.8919],[-41.4438,-10.8023],[-41.3828,-10.8471],[-41.3749,-10.8529],[-41.2779,-10.9241],[-41.2741,-10.9268],[-41.2328,-10.9571],[-41.234,-10.9769],[-41.2385,-10.9836],[-41.26,-10.991],[-41.2846,-10.9892],[-41.2969,-10.9938],[-41.3022,-11.0023],[-41.3,-11.0219],[-41.3047,-11.0325],[-41.312,-11.0388],[-41.3184,-11.0724],[-41.2959,-11.1076],[-41.2861,-11.1194],[-41.2813,-11.1428],[-41.1932,-11.143],[-41.142,-11.143],[-41.1286,-11.1522],[-41.0998,-11.1722],[-41.0555,-11.2027],[-41.039,-11.2141],[-40.964,-11.2666],[-40.9446,-11.2863],[-40.9101,-11.3239],[-40.8525,-11.3867],[-40.8524,-11.3868],[-40.8231,-11.4187],[-40.7816,-11.4638],[-40.7763,-11.4805],[-40.7675,-11.4919],[-40.7675,-11.4919],[-40.7621,-11.4957],[-40.7482,-11.4977],[-40.7365,-11.5053],[-40.728,-11.5277],[-40.7206,-11.5403],[-40.7124,-11.54],[-40.7028,-11.5482],[-40.7095,-11.5555],[-40.7165,-11.5563],[-40.7181,-11.5676],[-40.728,-11.5669],[-40.7298,-11.5713],[-40.7913,-11.6778],[-40.7999,-11.6926],[-40.847,-11.7736],[-40.85,-11.7763],[-40.9047,-11.8246],[-40.935,-11.8514],[-40.9766,-11.8881],[-40.9429,-11.9316],[-40.8972,-11.9903],[-40.9737,-11.9721],[-40.9738,-11.972],[-41.0437,-11.9605],[-41.0978,-11.9536],[-41.1255,-11.9393],[-41.2223,-11.8889],[-41.2569,-11.8648],[-41.2643,-11.8597],[-41.2729,-11.8537],[-41.3061,-11.8309],[-41.3,-11.8071],[-41.3232,-11.7619],[-41.3147,-11.7418],[-41.3194,-11.7252],[-41.3173,-11.7108],[-41.324,-11.7029],[-41.3251,-11.6948],[-41.3303,-11.6834],[-41.4322,-11.626],[-41.4323,-11.626],[-41.4521,-11.6149],[-41.5517,-11.5585],[-41.5395,-11.5542],[-41.5398,-11.547],[-41.5444,-11.5423],[-41.5311,-11.5339],[-41.522,-11.5377],[-41.5189,-11.527],[-41.5105,-11.5303],[-41.5116,-11.5253],[-41.5051,-11.5266],[-41.5057,-11.5215],[-41.5029,-11.5169],[-41.5,-11.5175],[-41.4957,-11.5037],[-41.4907,-11.508],[-41.4839,-11.5037],[-41.4787,-11.507],[-41.4777,-11.5019],[-41.4741,-11.5028],[-41.4774,-11.498],[-41.4723,-11.497],[-41.4754,-11.4931],[-41.4695,-11.4832],[-41.4602,-11.481],[-41.4546,-11.4677],[-41.4453,-11.4697],[-41.4396,-11.4585],[-41.4347,-11.4555],[-41.4302,-11.4491],[-41.4276,-11.451],[-41.4175,-11.4475],[-41.417,-11.4518],[-41.4138,-11.4456],[-41.4106,-11.4431],[-41.4031,-11.4454],[-41.4042,-11.4391],[-41.3934,-11.4276],[-41.3988,-11.422],[-41.392,-11.4164],[-41.3916,-11.3991],[-41.3963,-11.3946],[-41.3867,-11.3907],[-41.3845,-11.3861],[-41.3861,-11.3826],[-41.3894,-11.3837],[-41.3862,-11.3677],[-41.3883,-11.3617],[-41.3845,-11.3595],[-41.3774,-11.3516],[-41.3814,-11.3374],[-41.3741,-11.3328],[-41.3729,-11.3275],[-41.3736,-11.3226],[-41.3814,-11.3222],[-41.3737,-11.3118],[-41.3785,-11.3046],[-41.3776,-11.3004],[-41.3669,-11.291],[-41.364,-11.2813],[-41.364,-11.2712],[-41.3721,-11.2701],[-41.363,-11.2472],[-41.3674,-11.2395],[-41.3598,-11.2316],[-41.3572,-11.2268],[-41.3659,-11.2175],[-41.3644,-11.1981],[-41.3697,-11.1904],[-41.3628,-11.1875],[-41.3652,-11.1835],[-41.3697,-11.1686],[-41.3663,-11.1592],[-41.3695,-11.1454],[-41.37,-11.1416],[-41.3767,-11.1399],[-41.3811,-11.1338],[-41.3876,-11.1225],[-41.3859,-11.1188],[-41.3894,-11.1095],[-41.3949,-11.1045],[-41.3929,-11.086],[-41.3979,-11.082],[-41.3974,-11.0755],[-41.4081,-11.0693],[-41.4213,-11.0522],[-41.4246,-11.0407],[-41.4312,-11.0353],[-41.4363,-11.0243],[-41.4346,-11.0131],[-41.4282,-10.9936],[-41.4298,-10.9859],[-41.4353,-10.9839],[-41.4379,-10.9785],[-41.4491,-10.9746],[-41.459,-10.9759],[-41.4828,-10.9879],[-41.4869,-10.9819],[-41.4995,-10.9787],[-41.5035,-10.9808],[-41.5089,-10.9684],[-41.5128,-10.97],[-41.5184,-10.9671],[-41.5264,-10.97],[-41.5392,-10.9671],[-41.5426,-10.9578],[-41.5524,-10.9561],[-41.5538,-10.9516],[-41.5611,-10.9415],[-41.5625,-10.9213],[-41.5684,-10.9028],[-41.5956,-10.882],[-41.5973,-10.8801],[-41.6457,-10.8523],[-41.6576,-10.8365],[-41.6548,-10.8328],[-41.6557,-10.8252],[-41.6632,-10.8116],[-41.6597,-10.806],[-41.6545,-10.8063],[-41.6454,-10.8048]]]}},{"type":"Feature","properties":{"nome":"Mortugaba","cod":"2921807","uf":"BA"},"geometry":{"type":"Polygon","coordinates":[[[-42.1833,-14.8994],[-42.1972,-14.9459],[-42.2244,-15.0368],[-42.2267,-15.0445],[-42.2313,-15.0446],[-42.2498,-15.0454],[-42.2772,-15.0534],[-42.2811,-15.0686],[-42.2892,-15.074],[-42.2903,-15.0846],[-42.2818,-15.1082],[-42.2834,-15.1169],[-42.2986,-15.1055],[-42.3233,-15.0931],[-42.3308,-15.0795],[-42.3369,-15.08],[-42.3545,-15.0977],[-42.3693,-15.0779],[-42.3741,-15.0709],[-42.4007,-15.0768],[-42.4213,-15.0651],[-42.4425,-15.0609],[-42.4428,-15.0473],[-42.4419,-15.0349],[-42.4364,-15.0223],[-42.4755,-15.0166],[-42.4953,-14.9944],[-42.5121,-14.9845],[-42.5149,-14.9826],[-42.5312,-14.977],[-42.5345,-14.9661],[-42.5539,-14.9588],[-42.5603,-14.9618],[-42.5771,-14.9384],[-42.5841,-14.9369],[-42.5844,-14.9365],[-42.5574,-14.9217],[-42.4861,-14.8825],[-42.4823,-14.8835],[-42.4701,-14.8917],[-42.4811,-14.9213],[-42.48,-14.9335],[-42.47,-14.9523],[-42.4616,-14.9536],[-42.4617,-14.9593],[-42.4467,-14.9541],[-42.4383,-14.9578],[-42.4308,-14.9555],[-42.4297,-14.9485],[-42.4218,-14.949],[-42.409,-14.9564],[-42.4071,-14.9536],[-42.3998,-14.9539],[-42.3972,-14.9505],[-42.3789,-14.9457],[-42.3697,-14.9359],[-42.3659,-14.9283],[-42.3671,-14.9238],[-42.3617,-14.9205],[-42.3639,-14.9166],[-42.3531,-14.9008],[-42.3562,-14.8893],[-42.3539,-14.876],[-42.3458,-14.869],[-42.3282,-14.8635],[-42.3072,-14.8573],[-42.2403,-14.8378],[-42.1693,-14.8171],[-42.1577,-14.8137],[-42.1755,-14.8734],[-42.1833,-14.8994]]]}},{"type":"Feature","properties":{"nome":"Mucugê","cod":"2921906","uf":"BA"},"geometry":{"type":"Polygon","coordinates":[[[-41.4514,-12.674],[-41.4,-12.8088],[-41.3731,-12.8791],[-41.3672,-12.8756],[-41.356,-12.8812],[-41.3529,-12.8998],[-41.3416,-12.9199],[-41.3443,-12.931],[-41.3335,-12.9363],[-41.3286,-12.9468],[-41.3211,-12.9604],[-41.319,-12.983],[-41.3083,-13.0092],[-41.309,-13.0248],[-41.3017,-13.0382],[-41.3023,-13.0486],[-41.2917,-13.0592],[-41.2844,-13.057],[-41.2763,-13.0634],[-41.2731,-13.0729],[-41.2649,-13.0821],[-41.254,-13.0995],[-41.2537,-13.1096],[-41.2589,-13.1182],[-41.2607,-13.1323],[-41.2676,-13.1353],[-41.2797,-13.1339],[-41.2833,-13.1377],[-41.2802,-13.1531],[-41.264,-13.1727],[-41.257,-13.1579],[-41.2445,-13.1562],[-41.2347,-13.1606],[-41.215,-13.1816],[-41.2059,-13.1851],[-41.1999,-13.1986],[-41.1853,-13.2128],[-41.1811,-13.2362],[-41.1736,-13.2393],[-41.1672,-13.2483],[-41.1596,-13.2731],[-41.1907,-13.2848],[-41.2052,-13.2903],[-41.25,-13.307],[-41.2789,-13.3179],[-41.2905,-13.3223],[-41.3074,-13.3161],[-41.3225,-13.3009],[-41.3344,-13.2981],[-41.341,-13.2908],[-41.3491,-13.2811],[-41.3705,-13.2768],[-41.3826,-13.2712],[-41.3898,-13.2631],[-41.3991,-13.2247],[-41.4155,-13.2458],[-41.447,-13.2513],[-41.4538,-13.2624],[-41.4538,-13.2952],[-41.444,-13.3061],[-41.437,-13.3282],[-41.4393,-13.3572],[-41.4452,-13.3692],[-41.4458,-13.3822],[-41.4459,-13.3833],[-41.5152,-13.4122],[-41.5153,-13.4122],[-41.5475,-13.4255],[-41.5511,-13.4097],[-41.57,-13.4108],[-41.5915,-13.4179],[-41.5963,-13.4239],[-41.6053,-13.4248],[-41.6061,-13.4171],[-41.6025,-13.4152],[-41.606,-13.4102],[-41.6098,-13.3839],[-41.608,-13.3551],[-41.6106,-13.3542],[-41.6125,-13.3416],[-41.6075,-13.3379],[-41.6089,-13.3225],[-41.6045,-13.3209],[-41.6013,-13.3133],[-41.6047,-13.3096],[-41.5982,-13.308],[-41.6001,-13.3035],[-41.595,-13.2962],[-41.6,-13.2935],[-41.6024,-13.2833],[-41.6025,-13.2706],[-41.5989,-13.2698],[-41.5964,-13.2699],[-41.5899,-13.2679],[-41.5985,-13.2298],[-41.6091,-13.2141],[-41.6161,-13.2127],[-41.6362,-13.1896],[-41.6408,-13.1901],[-41.6436,-13.1864],[-41.6421,-13.1802],[-41.6501,-13.1756],[-41.6584,-13.1609],[-41.659,-13.1511],[-41.6651,-13.1513],[-41.6702,-13.1443],[-41.6718,-13.1381],[-41.6692,-13.1327],[-41.6757,-13.1299],[-41.6812,-13.1159],[-41.6862,-13.1127],[-41.6846,-13.1049],[-41.672,-13.0981],[-41.6796,-13.0677],[-41.6923,-13.0446],[-41.6884,-13.0333],[-41.6953,-13.022],[-41.6828,-12.9936],[-41.6725,-12.9704],[-41.6453,-12.9089],[-41.6405,-12.8964],[-41.6437,-12.883],[-41.6294,-12.8651],[-41.6279,-12.8429],[-41.6218,-12.8239],[-41.631,-12.8052],[-41.6372,-12.7838],[-41.6297,-12.7702],[-41.6216,-12.7683],[-41.615,-12.7578],[-41.612,-12.7392],[-41.6034,-12.7224],[-41.6042,-12.7115],[-41.5933,-12.707],[-41.5713,-12.7124],[-41.5495,-12.6874],[-41.5399,-12.6843],[-41.539,-12.6842],[-41.4514,-12.674]]]}},{"type":"Feature","properties":{"nome":"Mucuri","cod":"2922003","uf":"BA"},"geometry":{"type":"Polygon","coordinates":[[[-40.2001,-17.7364],[-40.1724,-17.7751],[-40.164,-17.774],[-40.1458,-17.7869],[-40.1219,-17.7879],[-40.122,-17.7927],[-40.1225,-17.7994],[-40.117,-17.8058],[-40.1049,-17.8092],[-40.0984,-17.8194],[-40.08,-17.8274],[-40.0676,-17.849],[-40.0656,-17.8915],[-40.0627,-17.9521],[-40.0576,-17.9598],[-40.0445,-17.9522],[-40.0305,-17.9566],[-40.0331,-17.9702],[-40.0204,-17.9697],[-40.0233,-17.9744],[-40.021,-17.983],[-40.013,-17.9818],[-40.0063,-17.9913],[-39.9371,-17.9913],[-39.8603,-17.9907],[-39.8335,-17.9904],[-39.7408,-17.9891],[-39.7069,-17.9976],[-39.6916,-17.9951],[-39.6784,-17.9992],[-39.6411,-18.0008],[-39.6071,-17.9867],[-39.5973,-17.9909],[-39.5886,-17.9899],[-39.5726,-17.9773],[-39.5553,-17.9799],[-39.5493,-17.9838],[-39.5229,-17.9845],[-39.5134,-17.9838],[-39.5112,-17.9776],[-39.5076,-17.9775],[-39.5083,-17.9852],[-39.4923,-17.9975],[-39.5209,-18.0403],[-39.5417,-18.0806],[-39.5495,-18.0953],[-39.5546,-18.0849],[-39.5599,-18.0867],[-39.572,-18.09],[-39.5736,-18.0802],[-39.5768,-18.0835],[-39.5823,-18.0829],[-39.5715,-18.0923],[-39.5608,-18.0898],[-39.5653,-18.0944],[-39.563,-18.1086],[-39.5538,-18.1027],[-39.5528,-18.0982],[-39.5509,-18.0998],[-39.5853,-18.1457],[-39.6359,-18.2346],[-39.6375,-18.2492],[-39.6527,-18.2876],[-39.6518,-18.2952],[-39.6597,-18.3174],[-39.6577,-18.3237],[-39.6688,-18.3489],[-39.6656,-18.3327],[-39.6693,-18.3308],[-39.6738,-18.3243],[-39.6886,-18.3204],[-39.7827,-18.2606],[-39.8334,-18.2283],[-39.8653,-18.2079],[-39.9185,-18.174],[-39.9467,-18.156],[-40.0197,-18.1092],[-40.0611,-18.0831],[-40.0688,-18.0783],[-40.2216,-17.9802],[-40.2264,-17.9578],[-40.2418,-17.9521],[-40.2642,-17.9334],[-40.2632,-17.9215],[-40.2123,-17.8953],[-40.2118,-17.8947],[-40.1747,-17.8522],[-40.174,-17.8514],[-40.1753,-17.8487],[-40.1767,-17.8465],[-40.186,-17.8321],[-40.1956,-17.8277],[-40.2038,-17.8286],[-40.2014,-17.8154],[-40.2041,-17.8049],[-40.2177,-17.7952],[-40.214,-17.7765],[-40.2171,-17.7638],[-40.2133,-17.7532],[-40.2236,-17.7336],[-40.2106,-17.7304],[-40.2001,-17.7364]]]}},{"type":"Feature","properties":{"nome":"Mulungu do Morro","cod":"2922052","uf":"BA"},"geometry":{"type":"Polygon","coordinates":[[[-41.3561,-12.1667],[-41.356,-12.1669],[-41.3707,-12.1566],[-41.4396,-12.1085],[-41.4534,-12.0989],[-41.5624,-12.0457],[-41.5628,-12.0455],[-41.6199,-12.0177],[-41.6496,-12.0034],[-41.6557,-12.0004],[-41.6923,-11.9825],[-41.6894,-11.9803],[-41.6664,-11.9628],[-41.6759,-11.9437],[-41.668,-11.9249],[-41.6527,-11.8884],[-41.6482,-11.888],[-41.6163,-11.8852],[-41.6138,-11.885],[-41.5872,-11.8826],[-41.5148,-11.8762],[-41.4329,-11.8689],[-41.4203,-11.8678],[-41.4232,-11.8945],[-41.4207,-11.9085],[-41.4303,-11.925],[-41.4252,-11.9337],[-41.4396,-11.9446],[-41.4464,-11.945],[-41.4492,-11.9504],[-41.4539,-11.9586],[-41.4551,-11.9708],[-41.4445,-11.9795],[-41.4444,-11.9857],[-41.4165,-11.9975],[-41.4117,-12.015],[-41.4158,-12.0215],[-41.4022,-12.0379],[-41.4076,-12.0478],[-41.3957,-12.0752],[-41.3716,-12.0789],[-41.3681,-12.0836],[-41.3717,-12.1176],[-41.3674,-12.1268],[-41.3656,-12.1456],[-41.3566,-12.1543],[-41.3561,-12.1667]]]}},{"type":"Feature","properties":{"nome":"Mundo Novo","cod":"2922102","uf":"BA"},"geometry":{"type":"Polygon","coordinates":[[[-40.3666,-11.6608],[-40.3658,-11.6706],[-40.3657,-11.6707],[-40.358,-11.7571],[-40.3512,-11.8338],[-40.3512,-11.8346],[-40.3527,-11.8545],[-40.3344,-11.8706],[-40.334,-11.8777],[-40.3276,-11.8848],[-40.3113,-11.8905],[-40.3006,-11.8907],[-40.2944,-11.8934],[-40.2889,-11.9026],[-40.274,-11.9076],[-40.3127,-11.9561],[-40.3305,-11.9785],[-40.332,-11.9799],[-40.3702,-12.0149],[-40.3807,-12.0246],[-40.3851,-12.0286],[-40.4539,-12.0392],[-40.4598,-12.0418],[-40.4544,-12.0476],[-40.4573,-12.0672],[-40.4529,-12.077],[-40.4565,-12.0794],[-40.4526,-12.0829],[-40.447,-12.0816],[-40.4485,-12.0885],[-40.4442,-12.0938],[-40.4469,-12.1051],[-40.4563,-12.11],[-40.4599,-12.1007],[-40.4612,-12.1049],[-40.4694,-12.1072],[-40.4774,-12.1015],[-40.4834,-12.1097],[-40.4869,-12.106],[-40.4951,-12.1056],[-40.5017,-12.1128],[-40.5047,-12.1085],[-40.5076,-12.1108],[-40.5087,-12.1055],[-40.5187,-12.1021],[-40.5172,-12.0964],[-40.5233,-12.091],[-40.5284,-12.0957],[-40.5338,-12.0919],[-40.5677,-12.0958],[-40.6355,-12.101],[-40.6876,-12.105],[-40.7747,-12.1119],[-40.7804,-12.1123],[-40.8673,-12.1192],[-40.8742,-12.1232],[-40.8863,-12.0528],[-40.8863,-12.0526],[-40.8972,-11.9903],[-40.883,-11.9803],[-40.8774,-11.9733],[-40.8737,-11.9729],[-40.8701,-11.9775],[-40.8659,-11.9762],[-40.864,-11.9699],[-40.8487,-11.9625],[-40.8443,-11.9641],[-40.8322,-11.9603],[-40.8237,-11.9653],[-40.8005,-11.964],[-40.7891,-11.96],[-40.7883,-11.9584],[-40.7852,-11.952],[-40.7846,-11.9584],[-40.776,-11.9649],[-40.769,-11.9762],[-40.7702,-11.9816],[-40.7646,-11.988],[-40.7505,-11.9938],[-40.7462,-12.001],[-40.7298,-11.9995],[-40.7302,-11.9932],[-40.7254,-11.9888],[-40.7037,-11.9753],[-40.6255,-11.9267],[-40.5992,-11.9103],[-40.5783,-11.8973],[-40.5993,-11.8844],[-40.6092,-11.8688],[-40.6127,-11.8534],[-40.6192,-11.8521],[-40.6228,-11.8466],[-40.629,-11.8455],[-40.6984,-11.7976],[-40.6324,-11.8101],[-40.6041,-11.8149],[-40.6036,-11.8149],[-40.4915,-11.8235],[-40.4883,-11.8237],[-40.4847,-11.824],[-40.4844,-11.8202],[-40.4892,-11.8158],[-40.4898,-11.805],[-40.4716,-11.8015],[-40.4596,-11.7856],[-40.4487,-11.7615],[-40.4402,-11.7598],[-40.4341,-11.7472],[-40.4392,-11.7219],[-40.4498,-11.7007],[-40.4386,-11.6923],[-40.4315,-11.6815],[-40.4278,-11.682],[-40.4176,-11.6708],[-40.4104,-11.6705],[-40.4096,-11.6621],[-40.3992,-11.6546],[-40.401,-11.6482],[-40.3839,-11.6435],[-40.386,-11.6352],[-40.383,-11.6334],[-40.3829,-11.626],[-40.3747,-11.6162],[-40.3706,-11.6161],[-40.3666,-11.6608]]]}},{"type":"Feature","properties":{"nome":"Muniz Ferreira","cod":"2922201","uf":"BA"},"geometry":{"type":"Polygon","coordinates":[[[-39.0375,-12.9569],[-39.0362,-12.97],[-39.0268,-12.9802],[-39.0461,-13.019],[-39.0612,-13.0479],[-39.0718,-13.0498],[-39.0923,-13.0403],[-39.0934,-13.04],[-39.1092,-13.0387],[-39.1185,-13.0421],[-39.1181,-13.0601],[-39.1228,-13.0602],[-39.1275,-13.0657],[-39.1388,-13.0563],[-39.1357,-13.0493],[-39.1418,-13.0452],[-39.1419,-13.0444],[-39.1485,-13.0138],[-39.1495,-13.0092],[-39.1521,-12.9973],[-39.1534,-12.9914],[-39.1487,-12.996],[-39.1381,-12.9926],[-39.133,-12.9872],[-39.1133,-12.9937],[-39.1089,-12.995],[-39.1086,-12.9857],[-39.1036,-12.9808],[-39.1049,-12.9744],[-39.1104,-12.9686],[-39.1148,-12.9692],[-39.114,-12.9609],[-39.1199,-12.9493],[-39.1048,-12.9329],[-39.0996,-12.9355],[-39.098,-12.9359],[-39.0622,-12.9445],[-39.0416,-12.9494],[-39.0375,-12.9569]]]}},{"type":"Feature","properties":{"nome":"Muquém de São Francisco","cod":"2922250","uf":"BA"},"geometry":{"type":"Polygon","coordinates":[[[-43.6561,-11.7321],[-43.6484,-11.7372],[-43.6446,-11.7351],[-43.637,-11.7441],[-43.6366,-11.7578],[-43.6323,-11.757],[-43.628,-11.7619],[-43.6296,-11.7687],[-43.6136,-11.7822],[-43.6105,-11.8038],[-43.6034,-11.8029],[-43.5981,-11.8114],[-43.5793,-11.8181],[-43.5386,-11.8081],[-43.5281,-11.8023],[-43.5247,-11.8078],[-43.5181,-11.8086],[-43.5192,-11.7987],[-43.5126,-11.7997],[-43.5084,-11.8054],[-43.4966,-11.8018],[-43.4919,-11.8048],[-43.4713,-11.804],[-43.4653,-11.808],[-43.4461,-11.8008],[-43.4414,-11.7951],[-43.432,-11.8016],[-43.4276,-11.7965],[-43.4214,-11.7972],[-43.4091,-11.7828],[-43.3925,-11.7876],[-43.3896,-11.7845],[-43.3736,-11.7863],[-43.3722,-11.7812],[-43.3507,-11.7785],[-43.346,-11.785],[-43.3433,-11.7783],[-43.3405,-11.7793],[-43.3339,-11.8205],[-43.3152,-11.8426],[-43.3169,-11.8535],[-43.314,-11.8614],[-43.3139,-11.8731],[-43.3294,-11.8869],[-43.3404,-11.8947],[-43.3566,-11.9302],[-43.359,-11.9684],[-43.3412,-12.0157],[-43.3289,-12.016],[-43.3216,-12.0333],[-43.305,-12.0475],[-43.2938,-12.0765],[-43.2912,-12.1073],[-43.2826,-12.1344],[-43.2736,-12.1458],[-43.2503,-12.1607],[-43.2453,-12.1645],[-43.2299,-12.1765],[-43.2256,-12.1871],[-43.227,-12.1928],[-43.239,-12.205],[-43.2543,-12.2115],[-43.2632,-12.2214],[-43.2642,-12.2283],[-43.2604,-12.2331],[-43.2804,-12.2678],[-43.2784,-12.2886],[-43.2853,-12.3131],[-43.2845,-12.3454],[-43.2812,-12.3521],[-43.261,-12.3621],[-43.2529,-12.3878],[-43.2603,-12.4238],[-43.2434,-12.4549],[-43.2229,-12.5154],[-43.2067,-12.541],[-43.2081,-12.5829],[-43.202,-12.5932],[-43.1898,-12.604],[-43.1879,-12.6215],[-43.1937,-12.6652],[-43.2081,-12.676],[-43.2154,-12.6888],[-43.2306,-12.6911],[-43.2304,-12.6885],[-43.2306,-12.6556],[-43.2376,-12.6274],[-43.239,-12.5944],[-43.2429,-12.5843],[-43.2492,-12.5745],[-43.2625,-12.564],[-43.3062,-12.5531],[-43.3188,-12.5267],[-43.3249,-12.5241],[-43.5599,-12.4233],[-43.6802,-12.3707],[-43.6813,-12.3665],[-43.6885,-12.364],[-43.7055,-12.3697],[-43.7093,-12.3681],[-43.7094,-12.3681],[-43.7209,-12.3567],[-43.7212,-12.3541],[-43.715,-12.3518],[-43.7242,-12.3355],[-43.7156,-12.3333],[-43.7079,-12.3215],[-43.7326,-12.3076],[-43.7308,-12.2944],[-43.7354,-12.2854],[-43.7689,-12.2762],[-43.8097,-12.2521],[-43.8349,-12.2489],[-43.8511,-12.2417],[-43.8785,-12.247],[-43.9245,-12.246],[-43.9342,-12.2452],[-43.9424,-12.2374],[-43.9256,-12.2329],[-43.9001,-12.2106],[-43.899,-12.2066],[-43.9079,-12.2047],[-43.9073,-12.2001],[-43.8927,-12.1923],[-43.8846,-12.1814],[-43.8866,-12.171],[-43.8742,-12.1653],[-43.8676,-12.1621],[-43.8445,-12.1638],[-43.8236,-12.1488],[-43.8207,-12.1409],[-43.8149,-12.1368],[-43.8184,-12.1305],[-43.8421,-12.1105],[-43.8499,-12.1087],[-43.8436,-12.0865],[-43.8188,-12.0695],[-43.802,-12.0653],[-43.7853,-12.054],[-43.7783,-12.0503],[-43.7806,-12.0425],[-43.7922,-12.036],[-43.7853,-12.0233],[-43.7729,-12.0139],[-43.7615,-12.0102],[-43.7608,-11.9943],[-43.7548,-11.9851],[-43.7422,-11.9731],[-43.7258,-11.9643],[-43.694,-11.9319],[-43.689,-11.9031],[-43.6823,-11.9007],[-43.6721,-11.9062],[-43.6433,-11.898],[-43.6574,-11.8693],[-43.6762,-11.7985],[-43.6984,-11.7513],[-43.6561,-11.7321]]]}},{"type":"Feature","properties":{"nome":"Muritiba","cod":"2922300","uf":"BA"},"geometry":{"type":"Polygon","coordinates":[[[-39.0633,-12.6257],[-39.056,-12.6311],[-39.0518,-12.6294],[-39.0129,-12.6158],[-39.0135,-12.6065],[-39.0137,-12.6037],[-39.0138,-12.6011],[-38.9848,-12.5935],[-38.9832,-12.596],[-38.9813,-12.5993],[-38.963,-12.6319],[-38.973,-12.6304],[-38.9787,-12.6316],[-38.9814,-12.6358],[-39.0035,-12.6379],[-39.0068,-12.6376],[-39.0069,-12.6375],[-39.0177,-12.6355],[-39.0311,-12.643],[-39.0432,-12.6441],[-39.0437,-12.6481],[-39.0526,-12.6462],[-39.069,-12.6531],[-39.076,-12.6474],[-39.0847,-12.6434],[-39.0988,-12.645],[-39.1139,-12.6373],[-39.1268,-12.645],[-39.1443,-12.6404],[-39.1608,-12.6355],[-39.1769,-12.6291],[-39.1812,-12.621],[-39.1858,-12.6122],[-39.1972,-12.5907],[-39.1987,-12.5879],[-39.1835,-12.588],[-39.1771,-12.5881],[-39.1683,-12.5916],[-39.1467,-12.5915],[-39.1237,-12.5923],[-39.1085,-12.5928],[-39.1022,-12.5969],[-39.0828,-12.6113],[-39.0828,-12.6113],[-39.0633,-12.6257]]]}},{"type":"Feature","properties":{"nome":"Mutuípe","cod":"2922409","uf":"BA"},"geometry":{"type":"Polygon","coordinates":[[[-39.5006,-13.2024],[-39.4878,-13.2069],[-39.4796,-13.2045],[-39.4863,-13.2025],[-39.4877,-13.1961],[-39.4811,-13.1984],[-39.4752,-13.1948],[-39.4655,-13.2007],[-39.4602,-13.1898],[-39.4456,-13.1875],[-39.4445,-13.1912],[-39.4371,-13.2026],[-39.436,-13.2113],[-39.4417,-13.2167],[-39.4445,-13.2271],[-39.4386,-13.237],[-39.438,-13.239],[-39.4288,-13.2586],[-39.4266,-13.2669],[-39.4328,-13.2727],[-39.4287,-13.2949],[-39.4326,-13.303],[-39.4459,-13.2885],[-39.4529,-13.2908],[-39.4499,-13.2994],[-39.4529,-13.3039],[-39.453,-13.3129],[-39.4566,-13.3168],[-39.4678,-13.3198],[-39.4679,-13.331],[-39.4858,-13.3326],[-39.4887,-13.3358],[-39.4889,-13.345],[-39.483,-13.3486],[-39.4781,-13.3475],[-39.4695,-13.3609],[-39.4643,-13.3692],[-39.4659,-13.3761],[-39.475,-13.3801],[-39.4818,-13.3793],[-39.4836,-13.3924],[-39.4894,-13.398],[-39.4861,-13.4011],[-39.4881,-13.4028],[-39.4933,-13.4094],[-39.4913,-13.4167],[-39.5032,-13.4194],[-39.5085,-13.4166],[-39.5138,-13.4239],[-39.5175,-13.4263],[-39.5173,-13.4332],[-39.5235,-13.4303],[-39.5326,-13.4377],[-39.5468,-13.4413],[-39.5451,-13.4469],[-39.5592,-13.4677],[-39.5655,-13.4649],[-39.5782,-13.4782],[-39.587,-13.4702],[-39.5911,-13.4744],[-39.5985,-13.4711],[-39.6017,-13.4754],[-39.6019,-13.468],[-39.5959,-13.4627],[-39.5986,-13.4531],[-39.5855,-13.4461],[-39.5872,-13.4386],[-39.5796,-13.4232],[-39.5751,-13.425],[-39.5589,-13.4214],[-39.555,-13.4108],[-39.556,-13.4021],[-39.5512,-13.3823],[-39.5513,-13.374],[-39.5536,-13.3646],[-39.5487,-13.351],[-39.5425,-13.338],[-39.5402,-13.2989],[-39.5363,-13.2853],[-39.5377,-13.278],[-39.5329,-13.2776],[-39.5317,-13.2737],[-39.5392,-13.2431],[-39.5394,-13.243],[-39.5531,-13.2377],[-39.5595,-13.2307],[-39.5645,-13.2145],[-39.5588,-13.2109],[-39.5231,-13.1887],[-39.5097,-13.183],[-39.5041,-13.1829],[-39.5017,-13.1912],[-39.5058,-13.194],[-39.5006,-13.2024]]]}},{"type":"Feature","properties":{"nome":"Nazaré","cod":"2922508","uf":"BA"},"geometry":{"type":"Polygon","coordinates":[[[-38.9485,-12.8963],[-38.9458,-12.9003],[-38.9368,-12.8994],[-38.9344,-12.9071],[-38.9252,-12.9126],[-38.9205,-12.9114],[-38.9166,-12.9289],[-38.9169,-12.9296],[-38.9178,-12.9361],[-38.9123,-12.9413],[-38.9089,-12.9449],[-38.9088,-12.9538],[-38.9147,-12.9586],[-38.9125,-12.9628],[-38.9181,-12.9629],[-38.9203,-12.9669],[-38.9117,-12.9765],[-38.9235,-12.9811],[-38.9557,-12.9938],[-38.9607,-12.9994],[-38.9543,-13.0044],[-38.9538,-13.0115],[-38.9542,-13.0167],[-38.9583,-13.0195],[-38.959,-13.0346],[-38.9544,-13.0456],[-38.9574,-13.0585],[-38.9583,-13.0621],[-38.961,-13.0568],[-38.9667,-13.044],[-38.978,-13.043],[-38.986,-13.0473],[-38.989,-13.0439],[-38.993,-13.05],[-39.0005,-13.0528],[-39.0294,-13.0517],[-39.0456,-13.0507],[-39.0502,-13.0475],[-39.0555,-13.0491],[-39.0612,-13.0479],[-39.0461,-13.019],[-39.0268,-12.9802],[-39.0362,-12.97],[-39.0375,-12.9569],[-39.0416,-12.9494],[-39.0569,-12.9381],[-39.0653,-12.9172],[-39.0387,-12.9134],[-39.0383,-12.9129],[-39.0426,-12.8643],[-39.0446,-12.8372],[-39.0301,-12.8336],[-39.0263,-12.8321],[-39.0118,-12.8389],[-38.9873,-12.8403],[-38.9778,-12.8436],[-38.9785,-12.8587],[-38.9664,-12.8641],[-38.9684,-12.8707],[-38.9583,-12.8764],[-38.9579,-12.8866],[-38.9485,-12.8963]]]}},{"type":"Feature","properties":{"nome":"Nilo Peçanha","cod":"2922607","uf":"BA"},"geometry":{"type":"Polygon","coordinates":[[[-39.0638,-13.567],[-39.0548,-13.5812],[-39.049,-13.5814],[-39.0475,-13.5775],[-39.0435,-13.577],[-39.0287,-13.5857],[-39.0204,-13.5751],[-39.0118,-13.5727],[-39.0111,-13.5727],[-39.0051,-13.5743],[-39.0039,-13.5795],[-39.0019,-13.5885],[-38.98,-13.611],[-38.9841,-13.6265],[-38.9708,-13.6395],[-38.9712,-13.6543],[-38.9709,-13.6612],[-38.9654,-13.6768],[-38.9651,-13.6868],[-38.9774,-13.6984],[-38.9878,-13.7145],[-38.991,-13.7145],[-38.9839,-13.6931],[-39.0034,-13.7157],[-39.0178,-13.7076],[-39.1157,-13.654],[-39.1161,-13.6542],[-39.2002,-13.68],[-39.2316,-13.6896],[-39.2319,-13.6897],[-39.2701,-13.7015],[-39.2702,-13.7015],[-39.3408,-13.7231],[-39.3623,-13.7297],[-39.3628,-13.7297],[-39.4386,-13.718],[-39.4585,-13.715],[-39.4578,-13.7028],[-39.4712,-13.6895],[-39.4687,-13.6693],[-39.458,-13.666],[-39.458,-13.6612],[-39.4492,-13.6649],[-39.4434,-13.6612],[-39.4364,-13.668],[-39.4277,-13.6637],[-39.4253,-13.6613],[-39.4305,-13.6558],[-39.4298,-13.6524],[-39.4241,-13.6546],[-39.4222,-13.6505],[-39.4168,-13.6497],[-39.4086,-13.6537],[-39.407,-13.6494],[-39.3936,-13.6553],[-39.3987,-13.6481],[-39.3912,-13.6461],[-39.3881,-13.6484],[-39.3845,-13.6465],[-39.3824,-13.6526],[-39.3697,-13.6581],[-39.3612,-13.6629],[-39.3575,-13.6696],[-39.355,-13.6687],[-39.3542,-13.669],[-39.3354,-13.6685],[-39.3276,-13.6713],[-39.3163,-13.6692],[-39.3082,-13.6739],[-39.2931,-13.6749],[-39.2873,-13.666],[-39.2846,-13.6712],[-39.2871,-13.6812],[-39.2705,-13.6905],[-39.2638,-13.6925],[-39.2627,-13.687],[-39.2589,-13.6867],[-39.2575,-13.6663],[-39.2515,-13.6592],[-39.2545,-13.6554],[-39.2479,-13.6532],[-39.2434,-13.6437],[-39.2448,-13.6376],[-39.2402,-13.6368],[-39.2322,-13.6526],[-39.215,-13.6554],[-39.2096,-13.6414],[-39.194,-13.6339],[-39.1916,-13.6289],[-39.1863,-13.6295],[-39.1836,-13.6245],[-39.1864,-13.62],[-39.1791,-13.6167],[-39.163,-13.6157],[-39.1596,-13.6117],[-39.1538,-13.6114],[-39.1503,-13.6045],[-39.1427,-13.6066],[-39.1386,-13.6037],[-39.1205,-13.5967],[-39.1161,-13.5956],[-39.1132,-13.5995],[-39.1054,-13.598],[-39.0864,-13.6003],[-39.0823,-13.5851],[-39.082,-13.5814],[-39.073,-13.5678],[-39.0688,-13.5701],[-39.0638,-13.567]]]}},{"type":"Feature","properties":{"nome":"Nordestina","cod":"2922656","uf":"BA"},"geometry":{"type":"Polygon","coordinates":[[[-39.3774,-10.766],[-39.3703,-10.7771],[-39.3648,-10.7843],[-39.3699,-10.7982],[-39.3642,-10.8209],[-39.368,-10.8398],[-39.3647,-10.8465],[-39.3706,-10.856],[-39.3757,-10.8801],[-39.3703,-10.9294],[-39.3761,-10.9345],[-39.3769,-10.9486],[-39.3504,-10.9488],[-39.3275,-10.9666],[-39.327,-10.9777],[-39.3362,-10.9797],[-39.343,-10.9763],[-39.3435,-10.9721],[-39.348,-10.9733],[-39.3562,-10.9897],[-39.3654,-10.9873],[-39.3656,-10.9973],[-39.3678,-10.9944],[-39.375,-10.9953],[-39.3822,-10.9981],[-39.384,-11.0021],[-39.414,-11.0072],[-39.4171,-11.0195],[-39.5172,-10.9458],[-39.5174,-10.9456],[-39.5218,-10.9338],[-39.5265,-10.9321],[-39.525,-10.9255],[-39.5284,-10.927],[-39.5299,-10.9216],[-39.5362,-10.9171],[-39.5313,-10.9099],[-39.5307,-10.8901],[-39.5399,-10.8822],[-39.54,-10.8819],[-39.5387,-10.8735],[-39.5426,-10.865],[-39.5418,-10.8615],[-39.538,-10.8633],[-39.539,-10.856],[-39.5458,-10.851],[-39.552,-10.8542],[-39.5512,-10.8454],[-39.5571,-10.8448],[-39.5582,-10.8379],[-39.5682,-10.8307],[-39.5734,-10.822],[-39.5801,-10.8198],[-39.5899,-10.8019],[-39.5909,-10.796],[-39.5851,-10.7868],[-39.5895,-10.7836],[-39.587,-10.7783],[-39.5615,-10.7784],[-39.5612,-10.7783],[-39.5243,-10.7784],[-39.5235,-10.7784],[-39.512,-10.7775],[-39.4445,-10.7718],[-39.4051,-10.7684],[-39.3774,-10.766]]]}},{"type":"Feature","properties":{"nome":"Nova Canaã","cod":"2922706","uf":"BA"},"geometry":{"type":"Polygon","coordinates":[[[-40.2061,-14.7118],[-40.21,-14.7204],[-40.2064,-14.7396],[-40.198,-14.7482],[-40.1856,-14.7507],[-40.1617,-14.7648],[-40.1216,-14.7822],[-40.1091,-14.786],[-40.1068,-14.7796],[-40.103,-14.781],[-40.0973,-14.7776],[-40.09,-14.7684],[-40.0847,-14.7681],[-40.0849,-14.7714],[-40.0333,-14.7988],[-40.0233,-14.8086],[-40.0251,-14.8205],[-40.0349,-14.828],[-40.0331,-14.8379],[-40.0431,-14.8627],[-40.0445,-14.8715],[-40.037,-14.8917],[-40.036,-14.9172],[-40.0391,-14.9236],[-40.0374,-14.9324],[-40.0452,-14.9528],[-40.0581,-14.9833],[-40.0732,-15.0046],[-40.0798,-15.0087],[-40.0867,-15.0071],[-40.0929,-15.015],[-40.0833,-15.0292],[-40.088,-15.0353],[-40.0941,-15.0391],[-40.0984,-15.0318],[-40.1102,-15.0337],[-40.1193,-15.0306],[-40.1304,-15.0151],[-40.1307,-15.004],[-40.1347,-15.0016],[-40.1494,-14.9822],[-40.1492,-14.978],[-40.1374,-14.9794],[-40.1259,-14.985],[-40.1232,-14.9737],[-40.1177,-14.9725],[-40.1084,-14.963],[-40.1091,-14.9566],[-40.1169,-14.9551],[-40.1605,-14.9463],[-40.1611,-14.9462],[-40.2097,-14.9365],[-40.2432,-14.9296],[-40.2915,-14.9196],[-40.2998,-14.9179],[-40.3111,-14.8962],[-40.3075,-14.8888],[-40.3113,-14.884],[-40.3257,-14.8855],[-40.3246,-14.8793],[-40.3318,-14.8658],[-40.33,-14.8593],[-40.3398,-14.8492],[-40.3472,-14.8278],[-40.3412,-14.8154],[-40.3347,-14.8142],[-40.3274,-14.8033],[-40.3213,-14.8023],[-40.3169,-14.7983],[-40.3146,-14.7884],[-40.3205,-14.7731],[-40.3177,-14.7592],[-40.3252,-14.7301],[-40.3318,-14.7279],[-40.3325,-14.7125],[-40.3274,-14.7041],[-40.3131,-14.7178],[-40.3047,-14.7191],[-40.3028,-14.7168],[-40.2978,-14.7131],[-40.2993,-14.6883],[-40.2943,-14.6845],[-40.2936,-14.6596],[-40.2898,-14.6563],[-40.2771,-14.6564],[-40.2771,-14.6564],[-40.2451,-14.6635],[-40.2199,-14.6738],[-40.2142,-14.6849],[-40.2149,-14.6977],[-40.2068,-14.7042],[-40.2061,-14.7118]]]}},{"type":"Feature","properties":{"nome":"Nova Fátima","cod":"2922730","uf":"BA"},"geometry":{"type":"Polygon","coordinates":[[[-39.6058,-11.5168],[-39.5975,-11.5303],[-39.5897,-11.5277],[-39.5782,-11.5333],[-39.5604,-11.5446],[-39.5565,-11.5438],[-39.5485,-11.5493],[-39.5464,-11.558],[-39.5366,-11.5618],[-39.5361,-11.5837],[-39.538,-11.5896],[-39.5602,-11.6525],[-39.5584,-11.6662],[-39.5577,-11.6751],[-39.558,-11.6754],[-39.5616,-11.6776],[-39.6242,-11.7168],[-39.6827,-11.7263],[-39.6966,-11.7285],[-39.6966,-11.7283],[-39.7009,-11.7144],[-39.7245,-11.636],[-39.7246,-11.6358],[-39.7283,-11.6234],[-39.765,-11.5906],[-39.7099,-11.5771],[-39.6811,-11.559],[-39.6345,-11.5215],[-39.6307,-11.5229],[-39.6174,-11.5082],[-39.6058,-11.5168]]]}},{"type":"Feature","properties":{"nome":"Nova Ibiá","cod":"2922755","uf":"BA"},"geometry":{"type":"Polygon","coordinates":[[[-39.5247,-13.846],[-39.5102,-13.8589],[-39.4895,-13.8771],[-39.4862,-13.88],[-39.4863,-13.88],[-39.4945,-13.8865],[-39.5044,-13.8779],[-39.508,-13.884],[-39.5227,-13.8825],[-39.5253,-13.8785],[-39.5323,-13.8709],[-39.5454,-13.8872],[-39.5477,-13.8989],[-39.5563,-13.894],[-39.56,-13.8933],[-39.5654,-13.8813],[-39.5734,-13.8892],[-39.5958,-13.8803],[-39.5917,-13.8713],[-39.5956,-13.8649],[-39.601,-13.8643],[-39.6026,-13.8628],[-39.6071,-13.8593],[-39.6132,-13.8615],[-39.6138,-13.8585],[-39.6224,-13.8573],[-39.6298,-13.868],[-39.6384,-13.8642],[-39.6451,-13.8668],[-39.6494,-13.874],[-39.6495,-13.8741],[-39.6646,-13.8734],[-39.6646,-13.8606],[-39.67,-13.8593],[-39.6469,-13.8104],[-39.6467,-13.81],[-39.6233,-13.7654],[-39.6165,-13.7529],[-39.5976,-13.7192],[-39.5975,-13.7189],[-39.5562,-13.728],[-39.5643,-13.7548],[-39.5394,-13.7791],[-39.5403,-13.7803],[-39.5388,-13.7846],[-39.5289,-13.7911],[-39.5251,-13.7993],[-39.5359,-13.8142],[-39.5444,-13.818],[-39.549,-13.8246],[-39.5247,-13.846]]]}},{"type":"Feature","properties":{"nome":"Nova Itarana","cod":"2922805","uf":"BA"},"geometry":{"type":"Polygon","coordinates":[[[-39.905,-12.9342],[-39.9426,-12.9837],[-39.9537,-12.9952],[-39.9566,-13.0088],[-39.9593,-13.0236],[-39.9675,-13.0366],[-39.9568,-13.0584],[-39.9604,-13.0666],[-39.9612,-13.0702],[-39.9618,-13.078],[-39.9621,-13.0792],[-39.9618,-13.0924],[-39.9388,-13.1194],[-39.9271,-13.1615],[-39.8949,-13.1886],[-39.8947,-13.1887],[-39.8949,-13.1887],[-39.9707,-13.1873],[-39.9838,-13.1683],[-39.9928,-13.1661],[-39.998,-13.1619],[-39.9988,-13.1567],[-40.0143,-13.1417],[-40.045,-13.1254],[-40.0566,-13.1135],[-40.0778,-13.1162],[-40.0872,-13.1211],[-40.0951,-13.1184],[-40.1101,-13.1171],[-40.1574,-13.1131],[-40.1699,-13.0238],[-40.1693,-13.0227],[-40.168,-13.0205],[-40.1449,-12.9823],[-40.1341,-12.9814],[-40.122,-12.9889],[-40.1113,-12.9882],[-40.0977,-12.9856],[-40.0661,-12.9902],[-40.0528,-12.9847],[-40.0422,-12.9862],[-40.0256,-12.9812],[-40.0079,-12.9673],[-39.9987,-12.9653],[-39.9954,-12.9597],[-39.9006,-12.8749],[-39.9045,-12.9014],[-39.9011,-12.9174],[-39.9035,-12.9245],[-39.8993,-12.9339],[-39.905,-12.9342]]]}},{"type":"Feature","properties":{"nome":"Nova Redenção","cod":"2922854","uf":"BA"},"geometry":{"type":"Polygon","coordinates":[[[-41.1449,-12.7621],[-41.0835,-12.7635],[-40.9724,-12.7672],[-40.9723,-12.7897],[-40.9722,-12.8359],[-40.972,-12.9242],[-40.972,-12.9276],[-40.9718,-12.9641],[-40.9733,-12.9664],[-40.9813,-12.9775],[-40.9937,-12.9731],[-40.9842,-12.9566],[-40.988,-12.945],[-40.9759,-12.9283],[-40.9821,-12.9214],[-40.9813,-12.9132],[-40.9845,-12.91],[-40.9953,-12.9204],[-41.0048,-12.9112],[-41.0099,-12.9098],[-41.0198,-12.914],[-41.0273,-12.9106],[-41.0358,-12.9175],[-41.0429,-12.9107],[-41.0476,-12.9221],[-41.0546,-12.9226],[-41.0566,-12.9224],[-41.1328,-12.9156],[-41.2108,-12.9086],[-41.2221,-12.898],[-41.2221,-12.8979],[-41.2219,-12.8898],[-41.2325,-12.8576],[-41.2366,-12.8553],[-41.2362,-12.8498],[-41.242,-12.8409],[-41.2408,-12.8342],[-41.2524,-12.8245],[-41.259,-12.809],[-41.2584,-12.8019],[-41.2763,-12.7945],[-41.2732,-12.7836],[-41.2756,-12.7748],[-41.276,-12.769],[-41.2852,-12.7707],[-41.2876,-12.7608],[-41.2827,-12.7589],[-41.1641,-12.7616],[-41.162,-12.7617],[-41.1449,-12.7621]]]}},{"type":"Feature","properties":{"nome":"Nova Soure","cod":"2922904","uf":"BA"},"geometry":{"type":"Polygon","coordinates":[[[-38.5068,-11.1586],[-38.4817,-11.1628],[-38.4703,-11.1593],[-38.4609,-11.1484],[-38.4477,-11.1546],[-38.4443,-11.1686],[-38.4434,-11.1753],[-38.4375,-11.1827],[-38.4322,-11.1822],[-38.4232,-11.1973],[-38.4187,-11.2108],[-38.3891,-11.2384],[-38.3814,-11.2454],[-38.3738,-11.2543],[-38.3727,-11.2637],[-38.3732,-11.2769],[-38.3802,-11.2767],[-38.3886,-11.286],[-38.3868,-11.2909],[-38.391,-11.2981],[-38.4047,-11.3045],[-38.4122,-11.3127],[-38.4095,-11.3246],[-38.4174,-11.3321],[-38.419,-11.339],[-38.4272,-11.3439],[-38.4254,-11.3545],[-38.4336,-11.3615],[-38.4363,-11.3712],[-38.4315,-11.3828],[-38.4326,-11.3951],[-38.4415,-11.4027],[-38.4492,-11.4192],[-38.4483,-11.434],[-38.4554,-11.4535],[-38.4656,-11.4694],[-38.49,-11.476],[-38.4978,-11.4845],[-38.4975,-11.4909],[-38.5058,-11.4731],[-38.5392,-11.4589],[-38.6283,-11.421],[-38.6284,-11.421],[-38.785,-11.3543],[-38.6963,-11.2593],[-38.6924,-11.255],[-38.6493,-11.2089],[-38.5896,-11.145],[-38.5895,-11.1448],[-38.5764,-11.147],[-38.5068,-11.1586]]]}},{"type":"Feature","properties":{"nome":"Nova Viçosa","cod":"2923001","uf":"BA"},"geometry":{"type":"Polygon","coordinates":[[[-39.7072,-17.7731],[-39.7011,-17.7798],[-39.695,-17.7799],[-39.6834,-17.7923],[-39.6708,-17.792],[-39.6564,-17.8014],[-39.6277,-17.7872],[-39.6105,-17.7934],[-39.6041,-17.7917],[-39.5994,-17.7965],[-39.587,-17.7965],[-39.5688,-17.8118],[-39.5646,-17.8105],[-39.5496,-17.8177],[-39.5447,-17.8176],[-39.5356,-17.8105],[-39.532,-17.8118],[-39.5234,-17.8117],[-39.5204,-17.8178],[-39.4993,-17.8224],[-39.4998,-17.8302],[-39.4967,-17.8328],[-39.4836,-17.8351],[-39.4837,-17.8279],[-39.4807,-17.8283],[-39.4707,-17.8352],[-39.4682,-17.8433],[-39.4613,-17.8434],[-39.459,-17.8373],[-39.4491,-17.8407],[-39.455,-17.8523],[-39.4469,-17.8584],[-39.4381,-17.8557],[-39.3506,-17.855],[-39.3086,-17.8533],[-39.3065,-17.8567],[-39.2924,-17.8603],[-39.2807,-17.8532],[-39.2752,-17.8534],[-39.2659,-17.8429],[-39.2715,-17.8552],[-39.2637,-17.8637],[-39.2709,-17.8713],[-39.3255,-17.8947],[-39.3371,-17.8966],[-39.3414,-17.8935],[-39.3593,-17.9009],[-39.3686,-17.9074],[-39.3983,-17.9174],[-39.4427,-17.9444],[-39.4705,-17.971],[-39.4923,-17.9975],[-39.5083,-17.9852],[-39.5076,-17.9775],[-39.5112,-17.9776],[-39.5134,-17.9838],[-39.5229,-17.9845],[-39.5493,-17.9838],[-39.5553,-17.9799],[-39.5726,-17.9773],[-39.5886,-17.9899],[-39.5973,-17.9909],[-39.6071,-17.9867],[-39.6411,-18.0008],[-39.6784,-17.9992],[-39.6916,-17.9951],[-39.7069,-17.9976],[-39.7408,-17.9891],[-39.8335,-17.9904],[-39.8603,-17.9907],[-39.9371,-17.9913],[-40.0063,-17.9913],[-40.013,-17.9818],[-40.021,-17.983],[-40.0233,-17.9744],[-40.0204,-17.9697],[-40.0331,-17.9702],[-40.0305,-17.9566],[-40.0445,-17.9522],[-40.0576,-17.9598],[-40.0627,-17.9521],[-40.0656,-17.8915],[-40.0676,-17.849],[-40.0485,-17.856],[-40.0419,-17.85],[-40.0288,-17.8492],[-40.0094,-17.834],[-40.0033,-17.8327],[-40.0022,-17.8321],[-39.9924,-17.8284],[-39.9834,-17.8334],[-39.9752,-17.8301],[-39.9641,-17.8347],[-39.9551,-17.8331],[-39.9431,-17.8463],[-39.9257,-17.8412],[-39.92,-17.8441],[-39.9007,-17.8429],[-39.8973,-17.8459],[-39.8882,-17.8482],[-39.8744,-17.8422],[-39.8545,-17.8242],[-39.8451,-17.8223],[-39.8239,-17.8266],[-39.7955,-17.8144],[-39.7869,-17.8118],[-39.7867,-17.8119],[-39.7762,-17.808],[-39.7728,-17.798],[-39.7499,-17.7837],[-39.735,-17.7766],[-39.7194,-17.7771],[-39.713,-17.773],[-39.7072,-17.7731]]]}},{"type":"Feature","properties":{"nome":"Novo Horizonte","cod":"2923035","uf":"BA"},"geometry":{"type":"Polygon","coordinates":[[[-42.0888,-12.7262],[-42.0628,-12.726],[-42.0186,-12.7236],[-42.019,-12.7371],[-42.0343,-12.7323],[-42.0364,-12.734],[-42.0298,-12.7553],[-42.0329,-12.7631],[-42.026,-12.7844],[-42.0274,-12.7926],[-42.0203,-12.8164],[-42.0159,-12.8536],[-42.0124,-12.8571],[-42.0264,-12.8811],[-42.0268,-12.8818],[-42.0631,-12.9459],[-42.0686,-12.9558],[-42.0944,-13.001],[-42.1058,-13.0039],[-42.1211,-13.0013],[-42.1257,-13.0154],[-42.1456,-13.0159],[-42.1616,-13.0001],[-42.1632,-12.9903],[-42.1718,-12.9883],[-42.1918,-12.9659],[-42.1926,-12.9644],[-42.1994,-12.9439],[-42.2072,-12.9399],[-42.2106,-12.9335],[-42.2083,-12.9212],[-42.2231,-12.8744],[-42.2222,-12.8649],[-42.2307,-12.8528],[-42.2358,-12.8374],[-42.2358,-12.8372],[-42.2417,-12.8239],[-42.2482,-12.8186],[-42.2478,-12.8135],[-42.2454,-12.8093],[-42.2448,-12.7998],[-42.2481,-12.788],[-42.2649,-12.7274],[-42.2524,-12.7273],[-42.2049,-12.727],[-42.1663,-12.7267],[-42.1212,-12.7264],[-42.0888,-12.7262]]]}},{"type":"Feature","properties":{"nome":"Novo Triunfo","cod":"2923050","uf":"BA"},"geometry":{"type":"Polygon","coordinates":[[[-38.5143,-10.4501],[-38.5469,-10.4538],[-38.4786,-10.3723],[-38.467,-10.3584],[-38.4516,-10.3399],[-38.442,-10.3285],[-38.4362,-10.3211],[-38.4362,-10.3209],[-38.4348,-10.3128],[-38.4355,-10.3085],[-38.4162,-10.3077],[-38.407,-10.3104],[-38.3553,-10.3259],[-38.3395,-10.3307],[-38.3408,-10.3688],[-38.3409,-10.3738],[-38.395,-10.3865],[-38.3771,-10.3981],[-38.3725,-10.4012],[-38.4155,-10.4369],[-38.4191,-10.4399],[-38.5033,-10.4489],[-38.5088,-10.4495],[-38.5143,-10.4501]]]}},{"type":"Feature","properties":{"nome":"Olindina","cod":"2923100","uf":"BA"},"geometry":{"type":"Polygon","coordinates":[[[-38.3727,-11.2637],[-38.3599,-11.2675],[-38.3444,-11.2632],[-38.314,-11.2951],[-38.3064,-11.3104],[-38.2989,-11.313],[-38.2932,-11.3109],[-38.2837,-11.3169],[-38.276,-11.3148],[-38.2544,-11.3214],[-38.2491,-11.3245],[-38.2484,-11.3288],[-38.2428,-11.3346],[-38.2119,-11.3505],[-38.22,-11.3568],[-38.2286,-11.363],[-38.2308,-11.3608],[-38.2393,-11.3629],[-38.2441,-11.3707],[-38.2628,-11.3833],[-38.2693,-11.4219],[-38.2693,-11.422],[-38.2828,-11.499],[-38.2917,-11.5496],[-38.2961,-11.5748],[-38.375,-11.542],[-38.3776,-11.5409],[-38.409,-11.5278],[-38.4338,-11.5175],[-38.4685,-11.503],[-38.4975,-11.4909],[-38.4978,-11.4845],[-38.49,-11.476],[-38.4656,-11.4694],[-38.4554,-11.4535],[-38.4483,-11.434],[-38.4492,-11.4192],[-38.4415,-11.4027],[-38.4326,-11.3951],[-38.4315,-11.3828],[-38.4363,-11.3712],[-38.4336,-11.3615],[-38.4254,-11.3545],[-38.4272,-11.3439],[-38.419,-11.339],[-38.4174,-11.3321],[-38.4095,-11.3246],[-38.4122,-11.3127],[-38.4047,-11.3045],[-38.391,-11.2981],[-38.3868,-11.2909],[-38.3886,-11.286],[-38.3802,-11.2767],[-38.3732,-11.2769],[-38.3727,-11.2637]]]}},{"type":"Feature","properties":{"nome":"Oliveira dos Brejinhos","cod":"2923209","uf":"BA"},"geometry":{"type":"Polygon","coordinates":[[[-42.9209,-12.0241],[-42.9028,-12.0365],[-42.8889,-12.0217],[-42.8132,-11.9407],[-42.8038,-11.9502],[-42.798,-11.9628],[-42.7905,-11.9647],[-42.7801,-11.9722],[-42.7668,-11.9618],[-42.7627,-11.9594],[-42.7553,-11.9672],[-42.7279,-11.9791],[-42.7033,-12.0028],[-42.6884,-12.01],[-42.6738,-12.0383],[-42.6736,-12.0386],[-42.6697,-12.0455],[-42.6718,-12.0586],[-42.6583,-12.0705],[-42.6478,-12.0688],[-42.6365,-12.076],[-42.6248,-12.0786],[-42.6172,-12.1051],[-42.6218,-12.1151],[-42.6198,-12.1334],[-42.6091,-12.1536],[-42.6142,-12.1596],[-42.6137,-12.1673],[-42.606,-12.1666],[-42.6006,-12.1718],[-42.5915,-12.1709],[-42.5854,-12.1749],[-42.5745,-12.1694],[-42.5684,-12.1834],[-42.5742,-12.1861],[-42.5779,-12.1986],[-42.5604,-12.2575],[-42.5211,-12.2529],[-42.395,-12.2369],[-42.3766,-12.2346],[-42.3739,-12.2632],[-42.3643,-12.281],[-42.3622,-12.295],[-42.3504,-12.3128],[-42.3484,-12.3325],[-42.3448,-12.338],[-42.336,-12.3369],[-42.3352,-12.3438],[-42.3406,-12.3483],[-42.3391,-12.3549],[-42.3294,-12.3815],[-42.3173,-12.3928],[-42.3166,-12.4026],[-42.3125,-12.4069],[-42.3328,-12.4069],[-42.3535,-12.4166],[-42.3701,-12.4579],[-42.3695,-12.4834],[-42.3727,-12.4802],[-42.388,-12.4822],[-42.3926,-12.4848],[-42.3944,-12.4909],[-42.4036,-12.4894],[-42.4116,-12.4944],[-42.4245,-12.4968],[-42.428,-12.5028],[-42.4419,-12.5058],[-42.4519,-12.5119],[-42.4535,-12.5179],[-42.4596,-12.5168],[-42.46,-12.5196],[-42.4689,-12.5222],[-42.4707,-12.5289],[-42.4772,-12.5308],[-42.484,-12.5411],[-42.5127,-12.5444],[-42.5138,-12.5406],[-42.5188,-12.5391],[-42.5296,-12.5444],[-42.5328,-12.5463],[-42.544,-12.5394],[-42.5607,-12.5335],[-42.5647,-12.5288],[-42.5803,-12.5284],[-42.5907,-12.5096],[-42.6062,-12.5129],[-42.6164,-12.5059],[-42.6265,-12.5028],[-42.6338,-12.5041],[-42.6393,-12.5004],[-42.7767,-12.5534],[-42.8834,-12.5422],[-42.9003,-12.5435],[-42.9195,-12.5272],[-42.9408,-12.4962],[-42.9413,-12.495],[-42.9505,-12.485],[-42.9473,-12.4738],[-42.9527,-12.4683],[-42.9517,-12.4633],[-42.9493,-12.4601],[-42.9381,-12.4632],[-42.9324,-12.4614],[-42.9235,-12.4477],[-42.9152,-12.4471],[-42.9096,-12.4382],[-42.9085,-12.4279],[-42.9014,-12.4194],[-42.9114,-12.4115],[-42.9163,-12.4082],[-42.9176,-12.4008],[-42.9124,-12.3877],[-42.9212,-12.3795],[-42.9193,-12.3549],[-42.916,-12.3508],[-42.9185,-12.3394],[-42.9252,-12.3316],[-42.9252,-12.3317],[-42.9315,-12.3318],[-42.9286,-12.3228],[-42.9301,-12.31],[-42.9393,-12.3142],[-42.945,-12.3082],[-42.9547,-12.3148],[-42.9659,-12.3101],[-42.9623,-12.2871],[-42.9635,-12.2701],[-42.9798,-12.2614],[-42.9754,-12.2415],[-42.9784,-12.237],[-42.9878,-12.2326],[-42.9987,-12.2349],[-42.9964,-12.2288],[-42.991,-12.2155],[-42.9962,-12.2126],[-43.0924,-12.0534],[-43.0925,-12.0533],[-43.1795,-11.9083],[-43.1861,-11.8902],[-43.1897,-11.8665],[-43.1864,-11.864],[-43.192,-11.8447],[-43.1845,-11.8433],[-43.1663,-11.8558],[-43.0692,-11.9225],[-42.9209,-12.0241]]]}},{"type":"Feature","properties":{"nome":"Ouriçangas","cod":"2923308","uf":"BA"},"geometry":{"type":"Polygon","coordinates":[[[-38.5899,-12.0369],[-38.5846,-12.0525],[-38.6075,-12.0527],[-38.6079,-12.0527],[-38.6385,-12.053],[-38.656,-12.0531],[-38.685,-12.0534],[-38.7,-12.0535],[-38.7005,-12.0533],[-38.7015,-12.0513],[-38.7063,-12.0422],[-38.7143,-12.0401],[-38.7238,-12.0278],[-38.7245,-12.0158],[-38.7251,-12.0124],[-38.7134,-11.9973],[-38.7154,-11.9933],[-38.7073,-11.9718],[-38.7099,-11.9601],[-38.7064,-11.9551],[-38.6986,-11.9547],[-38.6837,-11.9469],[-38.6591,-11.9455],[-38.6329,-11.9439],[-38.6063,-11.9614],[-38.6175,-11.9733],[-38.6072,-11.9927],[-38.6072,-12.0],[-38.6045,-12.0046],[-38.6064,-12.021],[-38.5899,-12.0369]]]}},{"type":"Feature","properties":{"nome":"Ourolândia","cod":"2923357","uf":"BA"},"geometry":{"type":"Polygon","coordinates":[[[-40.9351,-11.0086],[-40.9325,-11.0207],[-40.9985,-11.0155],[-41.1021,-11.0073],[-41.1264,-11.0003],[-41.2328,-10.9571],[-41.2741,-10.9268],[-41.2779,-10.9241],[-41.3749,-10.8529],[-41.3828,-10.8471],[-41.4438,-10.8023],[-41.3693,-10.773],[-41.3188,-10.7532],[-41.3024,-10.7467],[-41.2994,-10.727],[-41.2903,-10.666],[-41.2814,-10.6658],[-41.2105,-10.6636],[-41.1899,-10.6819],[-41.1941,-10.6916],[-41.1896,-10.7029],[-41.1982,-10.721],[-41.1991,-10.7325],[-41.2069,-10.7439],[-41.2055,-10.7575],[-41.2092,-10.7728],[-41.1954,-10.7826],[-41.1627,-10.7813],[-41.0324,-10.7809],[-41.0322,-10.7809],[-40.9316,-10.7802],[-40.92,-10.8082],[-40.9091,-10.8185],[-40.9077,-10.8428],[-40.9032,-10.8572],[-40.8935,-10.869],[-40.8848,-10.8933],[-40.8783,-10.8972],[-40.8773,-10.9015],[-40.8774,-10.9017],[-40.8841,-10.92],[-40.9054,-10.9431],[-40.8996,-10.9751],[-40.9129,-10.9789],[-40.9324,-10.9995],[-40.9351,-11.0086]]]}},{"type":"Feature","properties":{"nome":"Palmas de Monte Alto","cod":"2923407","uf":"BA"},"geometry":{"type":"Polygon","coordinates":[[[-43.4277,-13.9062],[-43.4268,-13.9127],[-43.4162,-13.9096],[-43.4138,-13.9133],[-43.4164,-13.922],[-43.4074,-13.9278],[-43.4077,-13.9377],[-43.3972,-13.9426],[-43.4025,-13.9456],[-43.3796,-13.9552],[-43.3761,-13.9617],[-43.3782,-13.972],[-43.3738,-13.9771],[-43.3696,-13.9792],[-43.3496,-13.9748],[-43.3436,-13.9782],[-43.3305,-13.9835],[-43.3275,-13.9892],[-43.3191,-13.9852],[-43.3092,-13.9903],[-43.3012,-13.9873],[-43.2969,-13.9913],[-43.2917,-13.9891],[-43.2745,-13.9928],[-43.2705,-13.9853],[-43.2576,-13.9958],[-43.2515,-13.9891],[-43.2462,-13.9886],[-43.2459,-13.9887],[-43.2343,-13.9899],[-43.2311,-13.9834],[-43.2243,-13.9852],[-43.2172,-13.9808],[-43.2131,-13.9825],[-43.2139,-13.9878],[-43.2015,-13.9829],[-43.1945,-13.9893],[-43.1885,-13.9803],[-43.1813,-13.9785],[-43.1625,-13.9741],[-43.15,-13.9813],[-43.1401,-13.9805],[-43.1311,-13.9842],[-43.128,-13.9814],[-43.1261,-13.9655],[-43.119,-13.9596],[-43.1144,-13.9586],[-43.1149,-13.9468],[-43.1055,-13.9377],[-43.104,-13.9305],[-43.0951,-13.9264],[-43.0869,-13.9287],[-43.0792,-13.9256],[-43.0657,-13.9264],[-43.0612,-13.9217],[-43.0551,-13.9221],[-43.0504,-13.916],[-43.029,-13.9172],[-43.0195,-13.9202],[-42.9992,-13.939],[-42.9939,-13.9432],[-42.9804,-13.9408],[-42.9696,-13.9464],[-42.9603,-13.9488],[-42.9573,-13.9547],[-42.9514,-13.957],[-42.9374,-14.0974],[-42.9369,-14.1021],[-42.9474,-14.1225],[-42.9658,-14.1583],[-42.9711,-14.1726],[-42.9625,-14.1817],[-42.9756,-14.1874],[-42.9856,-14.2016],[-43.0103,-14.2369],[-43.0121,-14.2394],[-43.0238,-14.2562],[-43.0501,-14.2938],[-43.0504,-14.2942],[-43.07,-14.3223],[-43.0855,-14.3445],[-43.138,-14.4198],[-43.1448,-14.4219],[-43.1496,-14.4234],[-43.1881,-14.4349],[-43.2628,-14.4574],[-43.3697,-14.4895],[-43.4251,-14.506],[-43.4169,-14.4825],[-43.3752,-14.3621],[-43.43,-14.2714],[-43.4301,-14.2712],[-43.4439,-14.2485],[-43.4871,-14.1771],[-43.565,-14.0466],[-43.5661,-14.0448],[-43.5036,-13.9206],[-43.4714,-13.8575],[-43.4583,-13.8717],[-43.4407,-13.8733],[-43.4388,-13.8852],[-43.4427,-13.893],[-43.4346,-13.8952],[-43.438,-13.9044],[-43.4277,-13.9062]]]}},{"type":"Feature","properties":{"nome":"Palmeiras","cod":"2923506","uf":"BA"},"geometry":{"type":"Polygon","coordinates":[[[-41.5329,-12.3546],[-41.528,-12.3606],[-41.5233,-12.3562],[-41.5203,-12.3643],[-41.5222,-12.37],[-41.5187,-12.3715],[-41.5185,-12.3716],[-41.5152,-12.375],[-41.5114,-12.3692],[-41.5078,-12.3746],[-41.4941,-12.3713],[-41.4904,-12.3753],[-41.48,-12.3704],[-41.4696,-12.3771],[-41.4577,-12.3796],[-41.4567,-12.3836],[-41.4526,-12.3824],[-41.4512,-12.3946],[-41.4467,-12.402],[-41.4481,-12.4063],[-41.4414,-12.4131],[-41.4475,-12.4216],[-41.4426,-12.4286],[-41.4434,-12.4359],[-41.4584,-12.4457],[-41.4542,-12.4698],[-41.4544,-12.4705],[-41.456,-12.4737],[-41.4584,-12.4978],[-41.4756,-12.5091],[-41.4713,-12.5219],[-41.4781,-12.5305],[-41.4752,-12.5413],[-41.4772,-12.5494],[-41.4706,-12.5696],[-41.4611,-12.5917],[-41.463,-12.5954],[-41.4774,-12.5985],[-41.4803,-12.6024],[-41.4789,-12.6091],[-41.4699,-12.6202],[-41.4783,-12.633],[-41.4792,-12.6458],[-41.473,-12.6563],[-41.4514,-12.674],[-41.539,-12.6842],[-41.5399,-12.6843],[-41.5495,-12.6874],[-41.5713,-12.7124],[-41.5933,-12.707],[-41.6042,-12.7115],[-41.6053,-12.7114],[-41.6339,-12.6931],[-41.6412,-12.6829],[-41.6514,-12.678],[-41.6625,-12.6653],[-41.6661,-12.6546],[-41.676,-12.6331],[-41.6785,-12.6265],[-41.6978,-12.6061],[-41.7016,-12.5964],[-41.704,-12.5913],[-41.6801,-12.5684],[-41.6632,-12.5521],[-41.671,-12.5526],[-41.684,-12.5374],[-41.6833,-12.5325],[-41.6758,-12.5277],[-41.6771,-12.524],[-41.66,-12.5341],[-41.6546,-12.5236],[-41.6405,-12.5221],[-41.6365,-12.5164],[-41.6386,-12.5043],[-41.6351,-12.4991],[-41.6241,-12.5021],[-41.605,-12.5],[-41.6099,-12.4698],[-41.6092,-12.4628],[-41.6023,-12.4535],[-41.5946,-12.4405],[-41.5819,-12.4301],[-41.5812,-12.4161],[-41.5864,-12.4089],[-41.5878,-12.3963],[-41.5816,-12.3918],[-41.5653,-12.3882],[-41.5641,-12.3716],[-41.5513,-12.363],[-41.5427,-12.3641],[-41.5402,-12.3566],[-41.5397,-12.3568],[-41.5351,-12.359],[-41.5329,-12.3546]]]}},{"type":"Feature","properties":{"nome":"Paramirim","cod":"2923605","uf":"BA"},"geometry":{"type":"Polygon","coordinates":[[[-42.1856,-13.2912],[-42.1881,-13.3235],[-42.1782,-13.338],[-42.1713,-13.3663],[-42.184,-13.3779],[-42.1889,-13.3878],[-42.1999,-13.3903],[-42.211,-13.3859],[-42.1832,-13.4277],[-42.1798,-13.4281],[-42.1742,-13.4269],[-42.1687,-13.4531],[-42.157,-13.4816],[-42.1496,-13.4858],[-42.1456,-13.4797],[-42.1426,-13.4809],[-42.1167,-13.5252],[-42.1098,-13.5327],[-42.1023,-13.5342],[-42.098,-13.5288],[-42.0967,-13.5166],[-42.093,-13.5184],[-42.0864,-13.5449],[-42.0761,-13.5613],[-42.068,-13.5723],[-42.0425,-13.5826],[-42.0273,-13.6169],[-42.0424,-13.6375],[-42.0476,-13.6378],[-42.0515,-13.6429],[-42.0535,-13.6627],[-42.0584,-13.6689],[-42.0568,-13.676],[-42.053,-13.701],[-42.0654,-13.7004],[-42.0786,-13.681],[-42.0851,-13.6788],[-42.0889,-13.6714],[-42.1014,-13.6631],[-42.1133,-13.6672],[-42.1263,-13.6669],[-42.1394,-13.6595],[-42.1631,-13.6745],[-42.1775,-13.6676],[-42.185,-13.6713],[-42.1967,-13.6709],[-42.2062,-13.6594],[-42.2178,-13.6614],[-42.2297,-13.6481],[-42.2392,-13.6474],[-42.2494,-13.6481],[-42.2703,-13.6696],[-42.286,-13.6675],[-42.2914,-13.6589],[-42.3031,-13.6501],[-42.3169,-13.6465],[-42.3292,-13.6514],[-42.3487,-13.6664],[-42.357,-13.6404],[-42.3602,-13.6295],[-42.3718,-13.6125],[-42.3702,-13.609],[-42.361,-13.6068],[-42.3625,-13.5972],[-42.3733,-13.5882],[-42.395,-13.5886],[-42.3997,-13.5842],[-42.4046,-13.5845],[-42.4094,-13.5852],[-42.4223,-13.5783],[-42.4527,-13.5445],[-42.4522,-13.5043],[-42.4385,-13.49],[-42.4504,-13.4704],[-42.4496,-13.4664],[-42.4515,-13.4478],[-42.4567,-13.4408],[-42.4653,-13.4369],[-42.4679,-13.4174],[-42.4276,-13.3993],[-42.4058,-13.3917],[-42.2691,-13.3701],[-42.2645,-13.3673],[-42.262,-13.3536],[-42.2662,-13.3392],[-42.2735,-13.335],[-42.2845,-13.3348],[-42.2877,-13.329],[-42.2943,-13.3192],[-42.2919,-13.3134],[-42.2837,-13.3093],[-42.277,-13.2998],[-42.2568,-13.2922],[-42.2524,-13.2939],[-42.2412,-13.2971],[-42.2349,-13.2951],[-42.2289,-13.2994],[-42.2261,-13.2946],[-42.2147,-13.2916],[-42.2067,-13.2842],[-42.19,-13.2686],[-42.1856,-13.2912]]]}},{"type":"Feature","properties":{"nome":"Paratinga","cod":"2923704","uf":"BA"},"geometry":{"type":"Polygon","coordinates":[[[-43.2128,-12.327],[-43.2116,-12.33],[-43.1965,-12.3282],[-43.1901,-12.3315],[-43.1724,-12.3386],[-43.1637,-12.3301],[-43.1514,-12.3352],[-43.1434,-12.3306],[-43.1239,-12.3272],[-43.1131,-12.327],[-43.1107,-12.3308],[-43.1022,-12.3314],[-43.0909,-12.3394],[-43.074,-12.3377],[-43.058,-12.3495],[-43.0368,-12.3311],[-43.0268,-12.3295],[-43.0207,-12.3341],[-42.9315,-12.3318],[-42.9252,-12.3317],[-42.9252,-12.3316],[-42.9185,-12.3394],[-42.916,-12.3508],[-42.9193,-12.3549],[-42.9212,-12.3795],[-42.9124,-12.3877],[-42.9176,-12.4008],[-42.9163,-12.4082],[-42.9114,-12.4115],[-42.9014,-12.4194],[-42.9085,-12.4279],[-42.9096,-12.4382],[-42.9152,-12.4471],[-42.9235,-12.4477],[-42.9324,-12.4614],[-42.9381,-12.4632],[-42.9493,-12.4601],[-42.9517,-12.4633],[-42.9527,-12.4683],[-42.9473,-12.4738],[-42.9505,-12.485],[-42.9413,-12.495],[-42.9408,-12.4962],[-42.9195,-12.5272],[-42.9003,-12.5435],[-42.8834,-12.5422],[-42.7767,-12.5534],[-42.804,-12.5639],[-42.885,-12.5951],[-42.8851,-12.6273],[-42.8851,-12.6312],[-42.8855,-12.6842],[-42.8858,-12.7313],[-42.8862,-12.8001],[-42.8865,-12.8474],[-42.8581,-12.8716],[-42.8845,-12.892],[-42.934,-12.9301],[-42.9367,-12.9319],[-42.9675,-12.9527],[-42.9818,-12.9623],[-42.9744,-13.0273],[-42.9583,-13.0515],[-42.9533,-13.0536],[-42.9538,-13.0602],[-42.9432,-13.0677],[-42.9314,-13.0834],[-42.9378,-13.0902],[-42.9322,-13.0974],[-42.9262,-13.1274],[-42.9177,-13.1367],[-42.9087,-13.139],[-42.9075,-13.1453],[-42.9029,-13.1593],[-42.9081,-13.1783],[-42.9118,-13.1734],[-42.9124,-13.1579],[-42.9169,-13.1521],[-42.9233,-13.1413],[-42.9448,-13.1269],[-42.9538,-13.1099],[-42.9706,-13.0951],[-42.9848,-13.0989],[-42.9921,-13.0975],[-43.0084,-13.0865],[-43.023,-13.0919],[-43.0325,-13.0903],[-43.0426,-13.0855],[-43.0503,-13.0811],[-43.054,-13.0692],[-43.058,-13.0672],[-43.0638,-13.0694],[-43.073,-13.0645],[-43.0913,-13.0348],[-43.0951,-13.027],[-43.1053,-13.0316],[-43.1195,-13.0244],[-43.1278,-13.01],[-43.1248,-13.0034],[-43.1512,-12.9761],[-43.1657,-12.9753],[-43.1681,-12.9717],[-43.1754,-12.9593],[-43.1762,-12.9482],[-43.1862,-12.9403],[-43.1909,-12.931],[-43.1905,-12.922],[-43.1951,-12.9166],[-43.2026,-12.9178],[-43.2038,-12.9093],[-43.2081,-12.9061],[-43.2144,-12.9056],[-43.2146,-12.894],[-43.2196,-12.8887],[-43.2262,-12.8877],[-43.2282,-12.8945],[-43.241,-12.8916],[-43.2457,-12.8859],[-43.2509,-12.8865],[-43.2499,-12.8753],[-43.259,-12.8752],[-43.2627,-12.872],[-43.2625,-12.8628],[-43.2711,-12.8597],[-43.2751,-12.8521],[-43.2776,-12.846],[-43.2861,-12.8413],[-43.2842,-12.8352],[-43.3423,-12.8097],[-43.3353,-12.7958],[-43.3078,-12.763],[-43.2839,-12.7445],[-43.2749,-12.7318],[-43.2734,-12.7229],[-43.2587,-12.7052],[-43.2306,-12.6911],[-43.2154,-12.6888],[-43.2081,-12.676],[-43.1937,-12.6652],[-43.1879,-12.6215],[-43.1898,-12.604],[-43.202,-12.5932],[-43.2081,-12.5829],[-43.2067,-12.541],[-43.2229,-12.5154],[-43.2434,-12.4549],[-43.2603,-12.4238],[-43.2529,-12.3878],[-43.2318,-12.3283],[-43.2247,-12.326],[-43.2128,-12.327]]]}},{"type":"Feature","properties":{"nome":"Paripiranga","cod":"2923803","uf":"BA"},"geometry":{"type":"Polygon","coordinates":[[[-37.8765,-10.4406],[-37.8553,-10.4435],[-37.849,-10.4427],[-37.8207,-10.4842],[-37.817,-10.5035],[-37.8127,-10.5081],[-37.8167,-10.5127],[-37.8153,-10.517],[-37.822,-10.5305],[-37.8192,-10.539],[-37.8234,-10.5381],[-37.8291,-10.5408],[-37.8276,-10.5472],[-37.8314,-10.5509],[-37.8402,-10.5491],[-37.8393,-10.5556],[-37.8328,-10.5602],[-37.835,-10.5707],[-37.8303,-10.5726],[-37.8312,-10.5785],[-37.8255,-10.5799],[-37.8301,-10.5843],[-37.8301,-10.5843],[-37.8208,-10.6441],[-37.8145,-10.6846],[-37.8136,-10.6906],[-37.8285,-10.6966],[-37.8442,-10.7028],[-37.8446,-10.703],[-37.8666,-10.7118],[-37.8818,-10.7179],[-37.8978,-10.7243],[-37.9007,-10.7255],[-37.9089,-10.7288],[-37.9199,-10.7331],[-37.9392,-10.7409],[-37.9723,-10.7541],[-37.9741,-10.7548],[-37.9848,-10.7586],[-37.9905,-10.7565],[-38.0123,-10.7348],[-38.0211,-10.7305],[-38.0337,-10.7121],[-38.0403,-10.7024],[-38.0417,-10.7004],[-38.0301,-10.6913],[-38.0007,-10.6684],[-37.9801,-10.6524],[-37.9401,-10.6055],[-37.9398,-10.6051],[-37.9248,-10.5872],[-37.9151,-10.5758],[-37.9201,-10.5748],[-37.9204,-10.5712],[-37.9136,-10.567],[-37.9104,-10.5553],[-37.9027,-10.5518],[-37.9162,-10.5441],[-37.9118,-10.5401],[-37.9152,-10.5333],[-37.9071,-10.5245],[-37.9138,-10.5198],[-37.908,-10.5144],[-37.9126,-10.509],[-37.9112,-10.5039],[-37.9295,-10.4974],[-37.9101,-10.4873],[-37.9105,-10.4837],[-37.9198,-10.4771],[-37.9178,-10.4701],[-37.91,-10.4651],[-37.9106,-10.4597],[-37.9055,-10.4545],[-37.9078,-10.4486],[-37.8765,-10.4406]]]}},{"type":"Feature","properties":{"nome":"Pau Brasil","cod":"2923902","uf":"BA"},"geometry":{"type":"Polygon","coordinates":[[[-39.6316,-15.3013],[-39.6312,-15.3156],[-39.623,-15.3378],[-39.6265,-15.3416],[-39.624,-15.3502],[-39.6236,-15.3508],[-39.6025,-15.3605],[-39.5984,-15.3744],[-39.5901,-15.3772],[-39.5924,-15.399],[-39.5861,-15.416],[-39.5994,-15.4264],[-39.6034,-15.4367],[-39.6223,-15.4591],[-39.6136,-15.4704],[-39.61,-15.4798],[-39.6018,-15.5269],[-39.5969,-15.5554],[-39.5893,-15.5998],[-39.6153,-15.6203],[-39.6329,-15.6196],[-39.6345,-15.6172],[-39.6341,-15.61],[-39.6412,-15.606],[-39.6446,-15.5956],[-39.6538,-15.5916],[-39.6614,-15.6062],[-39.6722,-15.6052],[-39.6668,-15.6105],[-39.6748,-15.6222],[-39.6758,-15.6376],[-39.6882,-15.6373],[-39.6955,-15.6306],[-39.6926,-15.6229],[-39.6834,-15.6218],[-39.6825,-15.6186],[-39.6951,-15.5998],[-39.7033,-15.5935],[-39.7131,-15.5915],[-39.7089,-15.5796],[-39.7153,-15.572],[-39.7133,-15.5647],[-39.7184,-15.5578],[-39.7212,-15.5608],[-39.7323,-15.5563],[-39.7521,-15.5556],[-39.7707,-15.5668],[-39.7727,-15.5662],[-39.7746,-15.5593],[-39.8094,-15.4403],[-39.823,-15.3932],[-39.8466,-15.3113],[-39.8383,-15.3128],[-39.8316,-15.3098],[-39.8305,-15.3193],[-39.824,-15.3177],[-39.8122,-15.3235],[-39.8069,-15.342],[-39.7971,-15.343],[-39.7903,-15.3599],[-39.7922,-15.3651],[-39.789,-15.3732],[-39.7772,-15.3744],[-39.7656,-15.3676],[-39.7655,-15.3676],[-39.762,-15.3676],[-39.7596,-15.373],[-39.7506,-15.3751],[-39.7395,-15.3857],[-39.733,-15.38],[-39.7345,-15.3734],[-39.7233,-15.3538],[-39.7155,-15.3529],[-39.7089,-15.3561],[-39.7024,-15.3535],[-39.6997,-15.3411],[-39.6841,-15.3341],[-39.6833,-15.3211],[-39.6896,-15.2981],[-39.6741,-15.3043],[-39.6641,-15.3057],[-39.6511,-15.2738],[-39.6418,-15.2832],[-39.6392,-15.2941],[-39.6316,-15.3013]]]}},{"type":"Feature","properties":{"nome":"Paulo Afonso","cod":"2924009","uf":"BA"},"geometry":{"type":"Polygon","coordinates":[[[-38.4512,-9.4044],[-38.4381,-9.4134],[-38.4323,-9.4092],[-38.4053,-9.4029],[-38.392,-9.4042],[-38.3637,-9.3814],[-38.3459,-9.3843],[-38.3415,-9.3901],[-38.3339,-9.3852],[-38.3268,-9.3806],[-38.3209,-9.3787],[-38.2987,-9.3873],[-38.2952,-9.3846],[-38.2819,-9.3845],[-38.2688,-9.3745],[-38.2288,-9.3543],[-38.2177,-9.3529],[-38.2092,-9.3582],[-38.1999,-9.379],[-38.1941,-9.3845],[-38.1952,-9.3917],[-38.1938,-9.394],[-38.2015,-9.4],[-38.2047,-9.4163],[-38.1966,-9.4209],[-38.1945,-9.4215],[-38.1773,-9.425],[-38.1546,-9.443],[-38.1416,-9.4373],[-38.121,-9.4412],[-38.1086,-9.4352],[-38.0794,-9.44],[-38.0699,-9.4476],[-38.0675,-9.4581],[-38.0572,-9.4588],[-38.0428,-9.4682],[-38.03,-9.4665],[-38.0218,-9.4696],[-38.0196,-9.4755],[-38.0106,-9.4783],[-37.9976,-9.4989],[-38.0029,-9.5146],[-38.0128,-9.5279],[-38.0135,-9.5345],[-38.0215,-9.5406],[-38.0227,-9.5486],[-38.0177,-9.552],[-38.0198,-9.5614],[-38.0264,-9.5745],[-38.0296,-9.574],[-38.0314,-9.5676],[-38.0399,-9.572],[-38.0408,-9.5758],[-38.0365,-9.5807],[-38.0387,-9.5831],[-38.051,-9.5886],[-38.0629,-9.5878],[-38.0731,-9.5957],[-38.0859,-9.5989],[-38.0862,-9.6041],[-38.0886,-9.6076],[-38.0898,-9.6113],[-38.0983,-9.6087],[-38.1042,-9.6149],[-38.1144,-9.6137],[-38.1221,-9.6198],[-38.1244,-9.645],[-38.1336,-9.648],[-38.1383,-9.6562],[-38.1436,-9.6585],[-38.1504,-9.661],[-38.1565,-9.6775],[-38.1672,-9.6729],[-38.1758,-9.6696],[-38.1902,-9.6768],[-38.2238,-9.6768],[-38.2239,-9.6768],[-38.2416,-9.6778],[-38.2726,-9.6557],[-38.2735,-9.6554],[-38.2749,-9.6552],[-38.2787,-9.6545],[-38.2877,-9.6636],[-38.302,-9.6644],[-38.3087,-9.67],[-38.3133,-9.6822],[-38.3216,-9.688],[-38.322,-9.7013],[-38.3252,-9.7059],[-38.3441,-9.7075],[-38.3525,-9.7131],[-38.3568,-9.7208],[-38.3579,-9.7206],[-38.4432,-9.704],[-38.4884,-9.6953],[-38.5097,-9.6911],[-38.5115,-9.5534],[-38.5115,-9.5513],[-38.5121,-9.4609],[-38.5121,-9.4597],[-38.5117,-9.3742],[-38.5117,-9.359],[-38.5047,-9.3645],[-38.4567,-9.4031],[-38.4512,-9.4044]]]}},{"type":"Feature","properties":{"nome":"Pé de Serra","cod":"2924058","uf":"BA"},"geometry":{"type":"Polygon","coordinates":[[[-39.5349,-11.8113],[-39.5338,-11.832],[-39.5189,-11.8244],[-39.5126,-11.8341],[-39.5047,-11.8348],[-39.492,-11.8472],[-39.4839,-11.8507],[-39.4766,-11.8621],[-39.4791,-11.8648],[-39.4795,-11.8652],[-39.6013,-12.0505],[-39.5999,-12.0429],[-39.6037,-12.0358],[-39.6129,-12.0206],[-39.6237,-12.0186],[-39.635,-11.9986],[-39.6442,-11.9704],[-39.6453,-11.9614],[-39.6434,-11.9502],[-39.652,-11.9455],[-39.6587,-11.9468],[-39.6654,-11.9337],[-39.6725,-11.9291],[-39.68,-11.9233],[-39.6925,-11.9236],[-39.7199,-11.9045],[-39.7331,-11.8928],[-39.7364,-11.885],[-39.7232,-11.8629],[-39.7197,-11.8544],[-39.707,-11.8458],[-39.6952,-11.8241],[-39.6907,-11.7876],[-39.6852,-11.785],[-39.6917,-11.7528],[-39.6966,-11.7285],[-39.6827,-11.7263],[-39.6242,-11.7168],[-39.5729,-11.7345],[-39.5541,-11.7409],[-39.5377,-11.7465],[-39.5349,-11.8113]]]}},{"type":"Feature","properties":{"nome":"Pedrão","cod":"2924108","uf":"BA"},"geometry":{"type":"Polygon","coordinates":[[[-38.5788,-12.1439],[-38.5812,-12.1584],[-38.5881,-12.1774],[-38.5853,-12.1908],[-38.5898,-12.1957],[-38.5913,-12.1964],[-38.593,-12.195],[-38.6145,-12.1781],[-38.61,-12.1629],[-38.6237,-12.1548],[-38.6338,-12.1735],[-38.6526,-12.1858],[-38.6575,-12.1928],[-38.7172,-12.1759],[-38.7347,-12.171],[-38.7012,-12.1208],[-38.6689,-12.0724],[-38.656,-12.0531],[-38.6385,-12.053],[-38.6079,-12.0527],[-38.6075,-12.0527],[-38.5846,-12.0525],[-38.5865,-12.0611],[-38.5754,-12.085],[-38.5756,-12.0973],[-38.5703,-12.1278],[-38.5788,-12.1439]]]}},{"type":"Feature","properties":{"nome":"Pedro Alexandre","cod":"2924207","uf":"BA"},"geometry":{"type":"Polygon","coordinates":[[[-37.9571,-9.9709],[-37.9492,-9.971],[-37.9363,-9.9656],[-37.927,-9.9652],[-37.9218,-9.9728],[-37.9152,-9.9754],[-37.8811,-9.9803],[-37.8751,-9.9783],[-37.8493,-9.9927],[-37.8329,-9.9979],[-37.823,-10.0152],[-37.8236,-10.0341],[-37.8235,-10.0354],[-37.8206,-10.0569],[-37.8094,-10.0825],[-37.7979,-10.1086],[-37.7808,-10.1277],[-37.7768,-10.1334],[-37.774,-10.1444],[-37.7826,-10.1802],[-37.7798,-10.1874],[-37.7654,-10.1958],[-37.7412,-10.3169],[-37.741,-10.3175],[-37.7345,-10.3324],[-37.7432,-10.3373],[-37.7827,-10.2935],[-37.8219,-10.25],[-37.8979,-10.1655],[-37.898,-10.1654],[-37.9141,-10.1477],[-37.9816,-10.1294],[-38.0152,-10.1203],[-38.0506,-10.1107],[-38.0852,-10.1013],[-38.0914,-10.0893],[-38.1405,-9.9941],[-38.1662,-9.9277],[-38.1899,-9.8673],[-38.1276,-9.8783],[-38.1008,-9.883],[-38.0324,-9.895],[-37.9915,-9.9022],[-37.9974,-9.9104],[-37.9973,-9.9163],[-37.9876,-9.9214],[-37.968,-9.9624],[-37.9571,-9.9709]]]}},{"type":"Feature","properties":{"nome":"Piatã","cod":"2924306","uf":"BA"},"geometry":{"type":"Polygon","coordinates":[[[-41.6868,-13.1132],[-41.7029,-13.1421],[-41.7161,-13.1659],[-41.7185,-13.1701],[-41.75,-13.2268],[-41.7818,-13.2856],[-41.7839,-13.2849],[-41.8062,-13.2641],[-41.8333,-13.2156],[-41.8434,-13.2074],[-41.8616,-13.2286],[-41.8621,-13.2292],[-41.882,-13.2524],[-41.8821,-13.2525],[-41.907,-13.2817],[-41.9134,-13.2707],[-41.9145,-13.2536],[-41.9372,-13.2287],[-41.9461,-13.1991],[-41.9637,-13.1647],[-41.9731,-13.1563],[-41.9893,-13.1521],[-42.0033,-13.1539],[-42.0183,-13.1333],[-42.0317,-13.1263],[-42.0364,-13.1142],[-42.058,-13.0821],[-42.0754,-13.0753],[-42.0829,-13.0468],[-42.0943,-13.0147],[-42.0944,-13.001],[-42.0686,-12.9558],[-42.0631,-12.9459],[-42.0268,-12.8818],[-42.0264,-12.8811],[-42.0124,-12.8571],[-41.9947,-12.8539],[-41.9576,-12.8457],[-41.9211,-12.8376],[-41.874,-12.8271],[-41.8287,-12.817],[-41.8061,-12.812],[-41.8018,-12.8111],[-41.7923,-12.8482],[-41.7675,-12.9039],[-41.7435,-12.9434],[-41.6953,-13.022],[-41.6884,-13.0333],[-41.6923,-13.0446],[-41.6796,-13.0677],[-41.672,-13.0981],[-41.6846,-13.1049],[-41.6862,-13.1127],[-41.6868,-13.1132]]]}},{"type":"Feature","properties":{"nome":"Pilão Arcado","cod":"2924405","uf":"BA"},"geometry":{"type":"Polygon","coordinates":[[[-42.6066,-9.755],[-42.5665,-9.7844],[-42.4457,-9.8729],[-42.3988,-9.9072],[-42.3721,-9.9267],[-42.3719,-9.9269],[-42.2282,-10.0319],[-42.2412,-10.0497],[-42.2849,-10.0597],[-42.304,-10.0566],[-42.3455,-10.0407],[-42.3597,-10.0393],[-42.3893,-10.0577],[-42.4109,-10.0871],[-42.4297,-10.1151],[-42.4363,-10.1359],[-42.4363,-10.1398],[-42.4308,-10.1558],[-42.414,-10.1721],[-42.4074,-10.1941],[-42.404,-10.2215],[-42.4053,-10.256],[-42.4184,-10.2742],[-42.4491,-10.296],[-42.4545,-10.3186],[-42.4512,-10.3436],[-42.452,-10.3634],[-42.4624,-10.3808],[-42.4946,-10.4101],[-42.5208,-10.4261],[-42.5492,-10.4543],[-42.5693,-10.4697],[-42.578,-10.503],[-42.6308,-10.5997],[-42.7904,-10.5056],[-42.9505,-10.4119],[-42.9574,-10.4078],[-43.1378,-10.3009],[-43.2097,-10.2581],[-43.2672,-10.2239],[-43.3844,-10.2357],[-43.4594,-10.2427],[-43.4579,-10.2483],[-43.4705,-10.254],[-43.4694,-10.2635],[-43.4881,-10.2738],[-43.4948,-10.2746],[-43.5064,-10.2973],[-43.5307,-10.3091],[-43.5466,-10.2975],[-43.5586,-10.2945],[-43.5619,-10.2899],[-43.5657,-10.289],[-43.5841,-10.2881],[-43.5971,-10.3019],[-43.5976,-10.3142],[-43.6031,-10.3231],[-43.6086,-10.326],[-43.6163,-10.3235],[-43.6304,-10.3256],[-43.6493,-10.3418],[-43.7239,-10.3424],[-43.765,-10.3427],[-43.8843,-10.3436],[-43.8713,-10.33],[-43.8473,-10.3159],[-43.8379,-10.3042],[-43.8336,-10.2772],[-43.8377,-10.2656],[-43.8342,-10.2456],[-43.8087,-10.221],[-43.7844,-10.1913],[-43.7745,-10.1679],[-43.7681,-10.143],[-43.7666,-10.1356],[-43.7656,-10.1203],[-43.7727,-10.0984],[-43.7682,-10.0852],[-43.7617,-10.0754],[-43.7455,-10.0724],[-43.7295,-10.0718],[-43.6925,-10.077],[-43.6923,-10.0598],[-43.6922,-10.0598],[-43.6899,-10.0442],[-43.6691,-10.0303],[-43.6619,-10.0036],[-43.6648,-9.9906],[-43.6691,-9.987],[-43.6843,-9.9823],[-43.7026,-9.9657],[-43.6892,-9.9386],[-43.6901,-9.9291],[-43.6924,-9.9251],[-43.7058,-9.9216],[-43.7086,-9.9128],[-43.7051,-9.906],[-43.696,-9.9008],[-43.6942,-9.8908],[-43.677,-9.8861],[-43.666,-9.8686],[-43.6649,-9.8555],[-43.6531,-9.8448],[-43.6528,-9.8386],[-43.6644,-9.8232],[-43.6825,-9.8153],[-43.6931,-9.8048],[-43.708,-9.8053],[-43.7174,-9.802],[-43.721,-9.7929],[-43.7612,-9.7775],[-43.7668,-9.7703],[-43.7845,-9.762],[-43.7973,-9.7273],[-43.7931,-9.7115],[-43.7991,-9.6921],[-43.7996,-9.6914],[-43.8264,-9.6491],[-43.8416,-9.637],[-43.8398,-9.6261],[-43.8339,-9.6222],[-43.8336,-9.6175],[-43.8423,-9.6123],[-43.8411,-9.5856],[-43.8522,-9.5617],[-43.8493,-9.5476],[-43.8206,-9.4995],[-43.8159,-9.4915],[-43.799,-9.4792],[-43.7858,-9.4572],[-43.7818,-9.4522],[-43.7693,-9.4416],[-43.751,-9.4337],[-43.6887,-9.4193],[-43.6212,-9.3711],[-43.6046,-9.3497],[-43.5724,-9.3158],[-43.5434,-9.3084],[-43.5432,-9.3484],[-43.5427,-9.4777],[-43.5401,-9.479],[-43.4927,-9.5028],[-43.4878,-9.5119],[-43.4424,-9.5959],[-43.4131,-9.6498],[-43.3729,-9.724],[-43.3631,-9.7244],[-43.3122,-9.7256],[-43.1869,-9.7281],[-43.066,-9.7306],[-43.0658,-9.7306],[-42.851,-9.7356],[-42.8192,-9.7364],[-42.7943,-9.7369],[-42.7724,-9.7374],[-42.77,-9.7375],[-42.6261,-9.7407],[-42.6066,-9.755]]]}},{"type":"Feature","properties":{"nome":"Pindaí","cod":"2924504","uf":"BA"},"geometry":{"type":"Polygon","coordinates":[[[-42.6485,-14.2934],[-42.6404,-14.2976],[-42.626,-14.2946],[-42.6188,-14.2965],[-42.5887,-14.3231],[-42.5503,-14.357],[-42.55,-14.3572],[-42.5025,-14.399],[-42.5244,-14.4506],[-42.5331,-14.4712],[-42.5474,-14.5049],[-42.5485,-14.5073],[-42.5633,-14.5418],[-42.5695,-14.5376],[-42.57,-14.5302],[-42.579,-14.5292],[-42.5858,-14.5366],[-42.6003,-14.5361],[-42.6068,-14.5442],[-42.6139,-14.5387],[-42.6222,-14.5439],[-42.6274,-14.54],[-42.6319,-14.5475],[-42.6369,-14.5543],[-42.6409,-14.5717],[-42.6548,-14.576],[-42.6565,-14.5854],[-42.6729,-14.5906],[-42.694,-14.5922],[-42.6987,-14.5872],[-42.7058,-14.5941],[-42.7231,-14.5927],[-42.7292,-14.5928],[-42.732,-14.6052],[-42.7392,-14.6129],[-42.7512,-14.6107],[-42.7639,-14.6125],[-42.7676,-14.6218],[-42.7743,-14.6266],[-42.7843,-14.6526],[-42.7898,-14.657],[-42.7969,-14.6558],[-42.8029,-14.6406],[-42.8305,-14.5709],[-42.8353,-14.5586],[-42.8202,-14.46],[-42.8161,-14.4351],[-42.8017,-14.4381],[-42.7587,-14.4527],[-42.7402,-14.4588],[-42.7352,-14.4525],[-42.6868,-14.3908],[-42.6867,-14.3904],[-42.6865,-14.3898],[-42.6629,-14.325],[-42.6672,-14.3104],[-42.6655,-14.3026],[-42.6485,-14.2934]]]}},{"type":"Feature","properties":{"nome":"Pindobaçu","cod":"2924603","uf":"BA"},"geometry":{"type":"Polygon","coordinates":[[[-40.2765,-10.6277],[-40.2707,-10.633],[-40.2751,-10.6351],[-40.2734,-10.6385],[-40.277,-10.647],[-40.2762,-10.6605],[-40.2822,-10.6716],[-40.2776,-10.6839],[-40.2695,-10.6845],[-40.268,-10.6886],[-40.2725,-10.6977],[-40.2616,-10.705],[-40.2631,-10.713],[-40.2535,-10.7413],[-40.239,-10.7376],[-40.2376,-10.7425],[-40.226,-10.7389],[-40.2251,-10.7521],[-40.2176,-10.7598],[-40.2223,-10.7698],[-40.2182,-10.773],[-40.22,-10.7764],[-40.2166,-10.7807],[-40.2153,-10.7866],[-40.2083,-10.7895],[-40.2087,-10.8003],[-40.2139,-10.8088],[-40.2049,-10.8114],[-40.2058,-10.8135],[-40.2057,-10.8136],[-40.2042,-10.8177],[-40.2037,-10.8246],[-40.2151,-10.8301],[-40.2161,-10.8373],[-40.2304,-10.8342],[-40.2317,-10.8428],[-40.2391,-10.8491],[-40.2535,-10.8416],[-40.2571,-10.8423],[-40.2594,-10.8532],[-40.2678,-10.8466],[-40.2691,-10.8404],[-40.2723,-10.8415],[-40.2777,-10.8367],[-40.2812,-10.8383],[-40.2879,-10.8342],[-40.2844,-10.8266],[-40.2857,-10.8143],[-40.2889,-10.8135],[-40.2955,-10.8191],[-40.3032,-10.8152],[-40.3139,-10.8237],[-40.3333,-10.8133],[-40.3376,-10.8288],[-40.3497,-10.8078],[-40.358,-10.8092],[-40.3803,-10.802],[-40.381,-10.8017],[-40.3873,-10.8028],[-40.4083,-10.795],[-40.4184,-10.7778],[-40.4456,-10.7523],[-40.456,-10.7592],[-40.4674,-10.757],[-40.4692,-10.7639],[-40.4702,-10.7637],[-40.4717,-10.7634],[-40.4766,-10.7625],[-40.4831,-10.7469],[-40.4841,-10.7446],[-40.4807,-10.7439],[-40.4763,-10.7346],[-40.4774,-10.7251],[-40.471,-10.7154],[-40.4768,-10.7077],[-40.4745,-10.6999],[-40.4778,-10.69],[-40.462,-10.6736],[-40.4522,-10.6716],[-40.4483,-10.6594],[-40.4419,-10.6514],[-40.4396,-10.6459],[-40.4246,-10.6363],[-40.4205,-10.6301],[-40.4097,-10.6256],[-40.4067,-10.6339],[-40.4026,-10.6133],[-40.3967,-10.5836],[-40.3913,-10.5565],[-40.3742,-10.5582],[-40.3645,-10.5681],[-40.358,-10.5941],[-40.3475,-10.5941],[-40.3471,-10.5968],[-40.2908,-10.6096],[-40.2903,-10.6097],[-40.2801,-10.6171],[-40.2765,-10.6277]]]}},{"type":"Feature","properties":{"nome":"Pintadas","cod":"2924652","uf":"BA"},"geometry":{"type":"Polygon","coordinates":[[[-39.8099,-11.8246],[-39.7933,-11.8393],[-39.7533,-11.8748],[-39.7331,-11.8928],[-39.7199,-11.9045],[-39.7611,-11.9051],[-39.7814,-11.9053],[-39.8457,-11.9517],[-39.8578,-11.9605],[-39.8584,-11.9609],[-39.9031,-11.9922],[-39.926,-11.9966],[-39.9315,-11.9928],[-39.9432,-11.9931],[-39.959,-11.975],[-39.9565,-11.9582],[-39.9827,-11.9489],[-39.9973,-11.9367],[-40.0038,-11.9372],[-40.0096,-11.9209],[-40.0232,-11.9094],[-40.0308,-11.8966],[-40.0429,-11.8769],[-40.0473,-11.8718],[-40.0393,-11.8623],[-40.0375,-11.8526],[-40.0417,-11.8477],[-40.0498,-11.8484],[-40.0495,-11.8452],[-40.0384,-11.8367],[-40.0278,-11.8286],[-39.9926,-11.8014],[-39.9822,-11.7927],[-39.9563,-11.7711],[-39.9117,-11.734],[-39.9111,-11.7345],[-39.8525,-11.7866],[-39.8109,-11.8237],[-39.8099,-11.8246]]]}},{"type":"Feature","properties":{"nome":"Piraí do Norte","cod":"2924678","uf":"BA"},"geometry":{"type":"Polygon","coordinates":[[[-39.2702,-13.7015],[-39.2973,-13.7721],[-39.2978,-13.7733],[-39.3084,-13.8009],[-39.3237,-13.841],[-39.3272,-13.8554],[-39.3391,-13.8608],[-39.3418,-13.8589],[-39.3459,-13.8639],[-39.3425,-13.8747],[-39.3509,-13.8783],[-39.3446,-13.8959],[-39.3436,-13.8994],[-39.3467,-13.9017],[-39.353,-13.9015],[-39.358,-13.9031],[-39.3684,-13.8987],[-39.3717,-13.9024],[-39.3723,-13.9026],[-39.3724,-13.9026],[-39.3774,-13.9017],[-39.3965,-13.9095],[-39.4032,-13.905],[-39.4045,-13.8918],[-39.4121,-13.8886],[-39.4212,-13.9058],[-39.4322,-13.9019],[-39.4353,-13.8933],[-39.4439,-13.8951],[-39.4482,-13.8925],[-39.4431,-13.8742],[-39.431,-13.8408],[-39.4333,-13.8334],[-39.4266,-13.8027],[-39.4251,-13.8005],[-39.4189,-13.7935],[-39.4119,-13.7828],[-39.3939,-13.7699],[-39.3887,-13.7497],[-39.3849,-13.749],[-39.3833,-13.7431],[-39.3791,-13.7305],[-39.3623,-13.7297],[-39.3408,-13.7231],[-39.2702,-13.7015]]]}},{"type":"Feature","properties":{"nome":"Piripá","cod":"2924702","uf":"BA"},"geometry":{"type":"Polygon","coordinates":[[[-41.7504,-14.8655],[-41.7497,-14.873],[-41.7437,-14.8662],[-41.7332,-14.8774],[-41.7305,-14.8752],[-41.7274,-14.8779],[-41.7188,-14.877],[-41.7247,-14.8834],[-41.7195,-14.8941],[-41.714,-14.8909],[-41.7096,-14.8979],[-41.7075,-14.8951],[-41.7003,-14.8992],[-41.6932,-14.8967],[-41.6948,-14.9049],[-41.6933,-14.9073],[-41.6895,-14.9053],[-41.6896,-14.9134],[-41.6821,-14.9087],[-41.6785,-14.9139],[-41.6651,-14.9107],[-41.6626,-14.9153],[-41.6552,-14.9164],[-41.641,-14.9302],[-41.6057,-14.9633],[-41.5971,-15.0133],[-41.5955,-15.0217],[-41.6122,-15.0335],[-41.6896,-15.0881],[-41.7274,-15.1148],[-41.7595,-15.1375],[-41.7951,-15.1054],[-41.8003,-15.1006],[-41.7951,-15.0863],[-41.7891,-15.0803],[-41.7724,-15.0735],[-41.7658,-15.054],[-41.7733,-15.0474],[-41.7844,-15.0467],[-41.7863,-15.0368],[-41.7775,-15.0172],[-41.783,-15.0045],[-41.7871,-14.9967],[-41.7822,-14.9614],[-41.7914,-14.9534],[-41.7922,-14.9466],[-41.7953,-14.9382],[-41.7946,-14.9244],[-41.8047,-14.9185],[-41.8115,-14.9203],[-41.8182,-14.9169],[-41.831,-14.9008],[-41.8312,-14.8922],[-41.8072,-14.8752],[-41.809,-14.871],[-41.8,-14.8706],[-41.7978,-14.8738],[-41.7931,-14.8684],[-41.7901,-14.8732],[-41.7957,-14.8781],[-41.7916,-14.8806],[-41.7849,-14.8773],[-41.7803,-14.8833],[-41.7746,-14.8795],[-41.7703,-14.883],[-41.7657,-14.8816],[-41.7673,-14.8764],[-41.7623,-14.8737],[-41.7638,-14.8696],[-41.7586,-14.8714],[-41.7504,-14.8655]]]}},{"type":"Feature","properties":{"nome":"Piritiba","cod":"2924801","uf":"BA"},"geometry":{"type":"Polygon","coordinates":[[[-40.6783,-11.5513],[-40.6662,-11.5625],[-40.6616,-11.5586],[-40.6363,-11.5618],[-40.6264,-11.5572],[-40.6169,-11.5634],[-40.6077,-11.5631],[-40.6046,-11.5659],[-40.5996,-11.5638],[-40.6033,-11.5574],[-40.599,-11.5518],[-40.5965,-11.5531],[-40.5954,-11.5535],[-40.5875,-11.5575],[-40.5684,-11.5655],[-40.5567,-11.578],[-40.5399,-11.5752],[-40.5298,-11.5777],[-40.5243,-11.575],[-40.5204,-11.5798],[-40.5255,-11.5837],[-40.5289,-11.5928],[-40.5239,-11.5947],[-40.522,-11.6027],[-40.5285,-11.6084],[-40.5261,-11.6172],[-40.5256,-11.6217],[-40.5228,-11.6304],[-40.5147,-11.628],[-40.5002,-11.6319],[-40.4913,-11.6307],[-40.4887,-11.6272],[-40.4899,-11.6145],[-40.4709,-11.6059],[-40.4668,-11.6033],[-40.4578,-11.6052],[-40.4461,-11.6169],[-40.4275,-11.6184],[-40.4112,-11.6138],[-40.4062,-11.6085],[-40.4013,-11.6132],[-40.395,-11.6115],[-40.3921,-11.6146],[-40.3868,-11.6027],[-40.3706,-11.6161],[-40.3747,-11.6162],[-40.3829,-11.626],[-40.383,-11.6334],[-40.386,-11.6352],[-40.3839,-11.6435],[-40.401,-11.6482],[-40.3992,-11.6546],[-40.4096,-11.6621],[-40.4104,-11.6705],[-40.4176,-11.6708],[-40.4278,-11.682],[-40.4315,-11.6815],[-40.4386,-11.6923],[-40.4498,-11.7007],[-40.4392,-11.7219],[-40.4341,-11.7472],[-40.4402,-11.7598],[-40.4487,-11.7615],[-40.4596,-11.7856],[-40.4716,-11.8015],[-40.4898,-11.805],[-40.4892,-11.8158],[-40.4844,-11.8202],[-40.4847,-11.824],[-40.4883,-11.8237],[-40.4915,-11.8235],[-40.6036,-11.8149],[-40.6041,-11.8149],[-40.6324,-11.8101],[-40.6984,-11.7976],[-40.6995,-11.7974],[-40.7388,-11.791],[-40.847,-11.7736],[-40.7999,-11.6926],[-40.7913,-11.6778],[-40.7298,-11.5713],[-40.728,-11.5669],[-40.7181,-11.5676],[-40.7165,-11.5563],[-40.7095,-11.5555],[-40.7028,-11.5482],[-40.6938,-11.5457],[-40.6895,-11.5503],[-40.6783,-11.5513]]]}},{"type":"Feature","properties":{"nome":"Planaltino","cod":"2924900","uf":"BA"},"geometry":{"type":"Polygon","coordinates":[[[-40.1345,-13.2128],[-40.1201,-13.2755],[-40.1165,-13.2872],[-40.1037,-13.2912],[-40.1129,-13.3005],[-40.1103,-13.3245],[-40.1041,-13.3268],[-40.1044,-13.3328],[-40.1087,-13.3342],[-40.1224,-13.3339],[-40.1266,-13.3379],[-40.1305,-13.3363],[-40.1412,-13.3402],[-40.177,-13.3347],[-40.1875,-13.3295],[-40.1921,-13.3217],[-40.2063,-13.3116],[-40.2255,-13.3133],[-40.2333,-13.2957],[-40.2507,-13.2821],[-40.2574,-13.2852],[-40.2618,-13.2832],[-40.2698,-13.2882],[-40.2735,-13.3023],[-40.2852,-13.316],[-40.2869,-13.3303],[-40.2764,-13.3438],[-40.3705,-13.3174],[-40.4079,-13.3069],[-40.4118,-13.302],[-40.4908,-13.2028],[-40.5116,-13.1758],[-40.4613,-13.1628],[-40.4142,-13.1506],[-40.3817,-13.1418],[-40.3946,-13.1378],[-40.3944,-13.1324],[-40.4022,-13.1204],[-40.4049,-13.1014],[-40.4116,-13.095],[-40.3681,-13.0822],[-40.2938,-13.0603],[-40.2738,-13.0544],[-40.1699,-13.0238],[-40.1574,-13.1131],[-40.1547,-13.1248],[-40.1345,-13.2127],[-40.1345,-13.2128]]]}},{"type":"Feature","properties":{"nome":"Planalto","cod":"2925006","uf":"BA"},"geometry":{"type":"Polygon","coordinates":[[[-40.3246,-14.8793],[-40.3257,-14.8855],[-40.3113,-14.884],[-40.3075,-14.8888],[-40.3111,-14.8962],[-40.2998,-14.9179],[-40.3004,-14.9296],[-40.2945,-14.9361],[-40.2936,-14.9456],[-40.2998,-14.9549],[-40.2974,-14.9568],[-40.2995,-14.9598],[-40.3292,-14.9508],[-40.3292,-14.9508],[-40.4041,-14.9281],[-40.4337,-14.9189],[-40.4374,-14.9123],[-40.4564,-14.8787],[-40.4742,-14.8469],[-40.4755,-14.8446],[-40.4988,-14.803],[-40.5278,-14.7535],[-40.5719,-14.7112],[-40.5837,-14.6999],[-40.5982,-14.6859],[-40.6107,-14.6739],[-40.6143,-14.6705],[-40.624,-14.6349],[-40.6418,-14.5698],[-40.6749,-14.4485],[-40.6707,-14.4584],[-40.6611,-14.4602],[-40.6601,-14.4629],[-40.6588,-14.4629],[-40.6121,-14.4885],[-40.5803,-14.5058],[-40.5338,-14.5312],[-40.4812,-14.5626],[-40.4812,-14.5627],[-40.4369,-14.5975],[-40.3682,-14.6514],[-40.3434,-14.6708],[-40.3331,-14.6789],[-40.3352,-14.6842],[-40.3299,-14.691],[-40.3332,-14.6977],[-40.3307,-14.7003],[-40.3325,-14.7125],[-40.3318,-14.7279],[-40.3252,-14.7301],[-40.3177,-14.7592],[-40.3205,-14.7731],[-40.3146,-14.7884],[-40.3169,-14.7983],[-40.3213,-14.8023],[-40.3274,-14.8033],[-40.3347,-14.8142],[-40.3412,-14.8154],[-40.3472,-14.8278],[-40.3398,-14.8492],[-40.33,-14.8593],[-40.3318,-14.8658],[-40.3246,-14.8793]]]}},{"type":"Feature","properties":{"nome":"Poções","cod":"2925105","uf":"BA"},"geometry":{"type":"Polygon","coordinates":[[[-40.2129,-14.4513],[-40.1917,-14.4615],[-40.1833,-14.4801],[-40.1761,-14.4831],[-40.1664,-14.4784],[-40.1658,-14.482],[-40.1742,-14.4904],[-40.1696,-14.4958],[-40.1714,-14.502],[-40.1726,-14.5054],[-40.1802,-14.5128],[-40.1881,-14.5113],[-40.1875,-14.5261],[-40.1901,-14.5395],[-40.1983,-14.5417],[-40.2022,-14.5522],[-40.1991,-14.5597],[-40.202,-14.5651],[-40.2018,-14.5654],[-40.2045,-14.5873],[-40.2141,-14.6017],[-40.2088,-14.6151],[-40.2117,-14.6207],[-40.2091,-14.6277],[-40.2151,-14.6365],[-40.2248,-14.6358],[-40.226,-14.6397],[-40.2283,-14.6497],[-40.2176,-14.6592],[-40.2199,-14.6738],[-40.2451,-14.6635],[-40.2771,-14.6564],[-40.2771,-14.6564],[-40.2898,-14.6563],[-40.2936,-14.6596],[-40.2943,-14.6845],[-40.2993,-14.6883],[-40.2978,-14.7131],[-40.3028,-14.7168],[-40.3047,-14.7191],[-40.3131,-14.7178],[-40.3274,-14.7041],[-40.3325,-14.7125],[-40.3307,-14.7003],[-40.3332,-14.6977],[-40.3299,-14.691],[-40.3352,-14.6842],[-40.3331,-14.6789],[-40.3434,-14.6708],[-40.3682,-14.6514],[-40.4369,-14.5975],[-40.4812,-14.5627],[-40.4812,-14.5626],[-40.5338,-14.5312],[-40.5803,-14.5058],[-40.6121,-14.4885],[-40.6588,-14.4629],[-40.6514,-14.4606],[-40.5874,-14.4514],[-40.5872,-14.4513],[-40.5105,-14.4403],[-40.495,-14.4447],[-40.4231,-14.4661],[-40.4229,-14.4661],[-40.4097,-14.4701],[-40.4113,-14.4641],[-40.4072,-14.4511],[-40.4027,-14.4508],[-40.3887,-14.4298],[-40.3888,-14.4146],[-40.3847,-14.4087],[-40.3521,-14.4216],[-40.3142,-14.4365],[-40.2913,-14.4399],[-40.2691,-14.4431],[-40.2129,-14.4513]]]}},{"type":"Feature","properties":{"nome":"Pojuca","cod":"2925204","uf":"BA"},"geometry":{"type":"Polygon","coordinates":[[[-38.1472,-12.2833],[-38.1451,-12.2888],[-38.1396,-12.2885],[-38.138,-12.2913],[-38.142,-12.298],[-38.1477,-12.2929],[-38.1593,-12.3004],[-38.151,-12.3053],[-38.1592,-12.31],[-38.1551,-12.3182],[-38.1595,-12.3173],[-38.1639,-12.326],[-38.159,-12.3312],[-38.1627,-12.3369],[-38.1581,-12.3403],[-38.1554,-12.3513],[-38.1524,-12.3605],[-38.1482,-12.3588],[-38.145,-12.3626],[-38.1471,-12.3682],[-38.1437,-12.3707],[-38.1596,-12.3826],[-38.1603,-12.3914],[-38.1776,-12.3995],[-38.1782,-12.4067],[-38.1878,-12.4109],[-38.1909,-12.402],[-38.1968,-12.402],[-38.2035,-12.4041],[-38.2075,-12.4096],[-38.2246,-12.4087],[-38.2302,-12.4148],[-38.2631,-12.4159],[-38.2682,-12.4074],[-38.2739,-12.4077],[-38.281,-12.401],[-38.29,-12.4013],[-38.2957,-12.4076],[-38.3011,-12.4078],[-38.3103,-12.4127],[-38.3065,-12.4211],[-38.3143,-12.4237],[-38.3184,-12.4213],[-38.3207,-12.4208],[-38.322,-12.4329],[-38.3281,-12.4347],[-38.3316,-12.4396],[-38.3398,-12.4355],[-38.3507,-12.4364],[-38.3536,-12.4436],[-38.3644,-12.4457],[-38.3743,-12.4345],[-38.3802,-12.4358],[-38.388,-12.4293],[-38.3891,-12.4217],[-38.3785,-12.4144],[-38.3761,-12.4072],[-38.3909,-12.4015],[-38.3555,-12.3776],[-38.3552,-12.3774],[-38.3281,-12.3498],[-38.315,-12.3361],[-38.3111,-12.342],[-38.2952,-12.3444],[-38.2843,-12.341],[-38.2796,-12.3247],[-38.2768,-12.3211],[-38.2739,-12.322],[-38.2741,-12.3095],[-38.279,-12.3027],[-38.2762,-12.2999],[-38.2736,-12.2941],[-38.2781,-12.2826],[-38.2741,-12.2774],[-38.2106,-12.2671],[-38.174,-12.2609],[-38.1739,-12.2608],[-38.1619,-12.2684],[-38.1659,-12.275],[-38.1629,-12.2801],[-38.1472,-12.2833]]]}},{"type":"Feature","properties":{"nome":"Ponto Novo","cod":"2925253","uf":"BA"},"geometry":{"type":"Polygon","coordinates":[[[-40.2006,-10.8164],[-40.195,-10.8218],[-40.1919,-10.8175],[-40.1884,-10.8192],[-40.1821,-10.8289],[-40.1888,-10.8323],[-40.1896,-10.8364],[-40.1742,-10.8463],[-40.1679,-10.8575],[-40.1609,-10.853],[-40.1546,-10.8586],[-40.1508,-10.8562],[-40.142,-10.8536],[-40.1366,-10.8599],[-40.1261,-10.8524],[-40.1218,-10.8425],[-40.1132,-10.8445],[-40.1078,-10.8427],[-40.1063,-10.8432],[-40.1019,-10.8521],[-40.0734,-10.8535],[-40.0642,-10.8592],[-40.0511,-10.9125],[-40.0378,-10.9668],[-40.0353,-10.977],[-40.0172,-11.0522],[-39.9909,-11.1613],[-40.0774,-11.0783],[-40.0775,-11.0783],[-40.0815,-11.0745],[-40.1492,-11.0088],[-40.1631,-10.9953],[-40.2098,-10.9509],[-40.2333,-10.9285],[-40.2463,-10.9313],[-40.279,-10.9384],[-40.2402,-10.8517],[-40.2391,-10.8491],[-40.2317,-10.8428],[-40.2304,-10.8342],[-40.2161,-10.8373],[-40.2151,-10.8301],[-40.2037,-10.8246],[-40.2042,-10.8177],[-40.2006,-10.8164]]]}},{"type":"Feature","properties":{"nome":"Porto Seguro","cod":"2925303","uf":"BA"},"geometry":{"type":"Polygon","coordinates":[[[-39.0059,-16.3398],[-39.0124,-16.3527],[-39.0081,-16.375],[-39.0252,-16.38],[-39.0388,-16.3939],[-39.0582,-16.4271],[-39.0601,-16.4483],[-39.064,-16.4551],[-39.0613,-16.4586],[-39.0587,-16.4575],[-39.0594,-16.4608],[-39.0607,-16.4731],[-39.0664,-16.4812],[-39.0668,-16.4923],[-39.0829,-16.5351],[-39.0863,-16.5631],[-39.0886,-16.5893],[-39.0939,-16.6079],[-39.0904,-16.6274],[-39.096,-16.6462],[-39.0937,-16.6526],[-39.103,-16.6673],[-39.1034,-16.6914],[-39.1072,-16.7094],[-39.1147,-16.7121],[-39.1157,-16.719],[-39.126,-16.7314],[-39.1281,-16.7473],[-39.1342,-16.7513],[-39.1376,-16.7497],[-39.141,-16.7564],[-39.144,-16.7986],[-39.1439,-16.7992],[-39.1419,-16.8669],[-39.1286,-16.8855],[-39.1116,-16.8952],[-39.1174,-16.8949],[-39.1311,-16.8912],[-39.1386,-16.8939],[-39.1415,-16.9096],[-39.1513,-16.9123],[-39.166,-16.9285],[-39.1873,-16.9187],[-39.1995,-16.9197],[-39.2204,-16.9154],[-39.2393,-16.9186],[-39.2726,-16.8942],[-39.2925,-16.8876],[-39.298,-16.8899],[-39.3093,-16.8882],[-39.3257,-16.8943],[-39.3402,-16.8942],[-39.382,-16.9125],[-39.406,-16.9145],[-39.4202,-16.9086],[-39.439,-16.9046],[-39.4621,-16.9181],[-39.4675,-16.9396],[-39.4609,-16.9527],[-39.4706,-16.9437],[-39.4696,-16.9218],[-39.4839,-16.9286],[-39.4901,-16.9261],[-39.4929,-16.9218],[-39.4891,-16.9166],[-39.4938,-16.9116],[-39.4898,-16.9036],[-39.498,-16.8994],[-39.4923,-16.8909],[-39.4949,-16.8819],[-39.5002,-16.8775],[-39.5115,-16.8771],[-39.4926,-16.8565],[-39.4864,-16.8413],[-39.4877,-16.8368],[-39.4841,-16.8334],[-39.4795,-16.8299],[-39.4803,-16.8097],[-39.4857,-16.7959],[-39.4714,-16.7787],[-39.47,-16.7638],[-39.461,-16.7595],[-39.4531,-16.7501],[-39.4391,-16.744],[-39.4163,-16.7465],[-39.4037,-16.7582],[-39.3926,-16.7592],[-39.3555,-16.7833],[-39.3373,-16.7843],[-39.3868,-16.7183],[-39.4686,-16.6103],[-39.4688,-16.6101],[-39.4939,-16.5769],[-39.5568,-16.4947],[-39.5758,-16.4709],[-39.5753,-16.4704],[-39.5227,-16.4157],[-39.4935,-16.3871],[-39.49,-16.396],[-39.4868,-16.3875],[-39.4826,-16.3862],[-39.4619,-16.3945],[-39.4437,-16.3857],[-39.435,-16.3853],[-39.4166,-16.3955],[-39.3991,-16.3907],[-39.3741,-16.3851],[-39.3513,-16.3896],[-39.3333,-16.3878],[-39.3254,-16.384],[-39.3139,-16.3719],[-39.3055,-16.3705],[-39.2949,-16.3749],[-39.2569,-16.3674],[-39.2407,-16.3707],[-39.2347,-16.3749],[-39.2325,-16.3771],[-39.2195,-16.3846],[-39.188,-16.3946],[-39.1786,-16.3897],[-39.1526,-16.3848],[-39.1495,-16.3786],[-39.1436,-16.3784],[-39.1136,-16.3615],[-39.1038,-16.3646],[-39.065,-16.3532],[-39.0358,-16.3486],[-39.0299,-16.3514],[-39.0183,-16.3479],[-39.015,-16.3393],[-39.0059,-16.3398]]]}},{"type":"Feature","properties":{"nome":"Potiraguá","cod":"2925402","uf":"BA"},"geometry":{"type":"Polygon","coordinates":[[[-39.7323,-15.5563],[-39.7212,-15.5608],[-39.7184,-15.5578],[-39.7133,-15.5647],[-39.7153,-15.572],[-39.7089,-15.5796],[-39.7131,-15.5915],[-39.7033,-15.5935],[-39.6951,-15.5998],[-39.6825,-15.6186],[-39.6834,-15.6218],[-39.6926,-15.6229],[-39.6955,-15.6306],[-39.6882,-15.6373],[-39.6758,-15.6376],[-39.6748,-15.6222],[-39.6668,-15.6105],[-39.6722,-15.6052],[-39.6614,-15.6062],[-39.6538,-15.5916],[-39.6446,-15.5956],[-39.6412,-15.606],[-39.6341,-15.61],[-39.6345,-15.6172],[-39.6329,-15.6196],[-39.6153,-15.6203],[-39.5893,-15.5998],[-39.5837,-15.5932],[-39.5787,-15.5932],[-39.5506,-15.6041],[-39.5436,-15.6118],[-39.5253,-15.6147],[-39.5325,-15.6188],[-39.5373,-15.6267],[-39.5374,-15.6375],[-39.543,-15.6445],[-39.5409,-15.6519],[-39.5434,-15.6531],[-39.5435,-15.6651],[-39.5341,-15.6879],[-39.5345,-15.6973],[-39.5392,-15.7004],[-39.538,-15.7076],[-39.5431,-15.7125],[-39.5438,-15.7372],[-39.5446,-15.7413],[-39.545,-15.7422],[-39.5543,-15.743],[-39.5566,-15.7499],[-39.5677,-15.7517],[-39.5745,-15.7688],[-39.5711,-15.7756],[-39.5739,-15.7756],[-39.5863,-15.7683],[-39.5917,-15.7736],[-39.5936,-15.7687],[-39.6087,-15.7584],[-39.6283,-15.7501],[-39.6324,-15.7427],[-39.6503,-15.745],[-39.6545,-15.7503],[-39.6565,-15.7544],[-39.6625,-15.751],[-39.6694,-15.7543],[-39.6729,-15.7512],[-39.6775,-15.7652],[-39.6853,-15.7659],[-39.6937,-15.7724],[-39.7119,-15.7787],[-39.7309,-15.7774],[-39.7377,-15.7888],[-39.7517,-15.8007],[-39.7636,-15.8015],[-39.781,-15.8151],[-39.7908,-15.8158],[-39.7936,-15.8237],[-39.7907,-15.836],[-39.795,-15.8388],[-39.8025,-15.838],[-39.815,-15.8453],[-39.8154,-15.8638],[-39.8258,-15.8697],[-39.836,-15.8709],[-39.8322,-15.8781],[-39.8338,-15.8836],[-39.8453,-15.8818],[-39.8497,-15.8744],[-39.859,-15.8755],[-39.8756,-15.8836],[-39.8824,-15.893],[-39.893,-15.877],[-39.9102,-15.8707],[-39.9115,-15.8537],[-39.9221,-15.8522],[-39.9192,-15.8441],[-39.9241,-15.83],[-39.9174,-15.8277],[-39.9205,-15.8211],[-39.9205,-15.801],[-39.913,-15.7904],[-39.9282,-15.7885],[-39.9423,-15.7754],[-39.9408,-15.7649],[-39.9449,-15.7612],[-39.9443,-15.7531],[-39.958,-15.7433],[-39.9524,-15.7424],[-39.9485,-15.7355],[-39.9571,-15.7276],[-39.9715,-15.7279],[-39.984,-15.7201],[-40.0159,-15.723],[-40.0235,-15.7127],[-40.0118,-15.7122],[-40.0045,-15.7172],[-39.9855,-15.7122],[-39.979,-15.7009],[-39.9704,-15.6977],[-39.9596,-15.686],[-39.9488,-15.6847],[-39.9176,-15.6648],[-39.9091,-15.6572],[-39.9035,-15.651],[-39.9015,-15.6408],[-39.8915,-15.6377],[-39.8701,-15.6206],[-39.8703,-15.6164],[-39.8818,-15.6162],[-39.8783,-15.597],[-39.8798,-15.5919],[-39.8755,-15.5899],[-39.8714,-15.5881],[-39.8662,-15.5845],[-39.8662,-15.5783],[-39.8572,-15.5713],[-39.8446,-15.5777],[-39.8373,-15.5745],[-39.8246,-15.5749],[-39.817,-15.5829],[-39.8147,-15.581],[-39.8091,-15.5858],[-39.8034,-15.5834],[-39.8002,-15.5768],[-39.774,-15.5747],[-39.7727,-15.5662],[-39.7707,-15.5668],[-39.7521,-15.5556],[-39.7323,-15.5563]]]}},{"type":"Feature","properties":{"nome":"Prado","cod":"2925501","uf":"BA"},"geometry":{"type":"Polygon","coordinates":[[[-39.3093,-16.8882],[-39.298,-16.8899],[-39.2925,-16.8876],[-39.2726,-16.8942],[-39.2393,-16.9186],[-39.2204,-16.9154],[-39.1995,-16.9197],[-39.1873,-16.9187],[-39.166,-16.9285],[-39.1513,-16.9123],[-39.1415,-16.9096],[-39.1386,-16.8939],[-39.1311,-16.8912],[-39.1174,-16.8949],[-39.1116,-16.8952],[-39.1174,-16.8985],[-39.141,-16.924],[-39.1523,-16.9418],[-39.1554,-16.9798],[-39.173,-17.0134],[-39.174,-17.0519],[-39.1655,-17.0624],[-39.1759,-17.0654],[-39.1797,-17.0807],[-39.1785,-17.0918],[-39.1808,-17.1089],[-39.1845,-17.1176],[-39.1978,-17.1279],[-39.205,-17.1407],[-39.2127,-17.1683],[-39.2119,-17.2386],[-39.2189,-17.2609],[-39.2195,-17.3112],[-39.2145,-17.3464],[-39.2037,-17.4047],[-39.1909,-17.4465],[-39.2073,-17.4353],[-39.2183,-17.4248],[-39.2279,-17.4215],[-39.2317,-17.4207],[-39.2542,-17.3954],[-39.2691,-17.3867],[-39.2809,-17.3686],[-39.3026,-17.3558],[-39.3158,-17.3589],[-39.3269,-17.3536],[-39.3399,-17.3373],[-39.3485,-17.3321],[-39.3519,-17.3303],[-39.3502,-17.3254],[-39.3537,-17.3214],[-39.3696,-17.3201],[-39.3944,-17.3033],[-39.4327,-17.2816],[-39.4462,-17.2779],[-39.4839,-17.2674],[-39.4998,-17.2663],[-39.5472,-17.2791],[-39.6127,-17.2989],[-39.6261,-17.3096],[-39.633,-17.31],[-39.6362,-17.2686],[-39.6312,-17.2537],[-39.6218,-17.2471],[-39.6179,-17.2322],[-39.6203,-17.2237],[-39.6153,-17.2236],[-39.6053,-17.2154],[-39.5885,-17.1873],[-39.5815,-17.1829],[-39.5788,-17.1659],[-39.5735,-17.1605],[-39.5767,-17.1551],[-39.5683,-17.1507],[-39.5703,-17.1334],[-39.5697,-17.1332],[-39.4773,-17.0996],[-39.4772,-17.0996],[-39.4658,-17.0953],[-39.4642,-17.0865],[-39.4549,-17.0721],[-39.4475,-17.0395],[-39.4556,-16.9994],[-39.4564,-16.9781],[-39.4606,-16.9677],[-39.4557,-16.9572],[-39.4609,-16.9527],[-39.4675,-16.9396],[-39.4621,-16.9181],[-39.439,-16.9046],[-39.4202,-16.9086],[-39.406,-16.9145],[-39.382,-16.9125],[-39.3402,-16.8942],[-39.3257,-16.8943],[-39.3093,-16.8882]]]}},{"type":"Feature","properties":{"nome":"Presidente Dutra","cod":"2925600","uf":"BA"},"geometry":{"type":"Polygon","coordinates":[[[-41.9079,-11.1766],[-41.9387,-11.2606],[-41.9422,-11.2703],[-41.9428,-11.2719],[-41.9434,-11.2734],[-41.971,-11.3487],[-41.971,-11.3488],[-41.9782,-11.3683],[-41.9826,-11.3804],[-41.9863,-11.3905],[-41.99,-11.4006],[-42.0008,-11.3839],[-42.0094,-11.3706],[-42.0141,-11.3633],[-42.03,-11.3386],[-42.0327,-11.3345],[-42.0342,-11.3322],[-42.0483,-11.3104],[-42.0497,-11.303],[-42.0506,-11.2751],[-42.0512,-11.2595],[-42.052,-11.2354],[-42.0436,-11.232],[-42.0384,-11.2344],[-42.0295,-11.2328],[-42.024,-11.2369],[-42.0173,-11.2347],[-42.0206,-11.2313],[-42.009,-11.232],[-42.0011,-11.2412],[-41.9974,-11.239],[-41.9961,-11.2421],[-41.994,-11.2396],[-41.9904,-11.243],[-41.9868,-11.2419],[-41.9805,-11.2417],[-41.9794,-11.2383],[-41.9784,-11.2416],[-41.9699,-11.2417],[-41.9647,-11.2476],[-41.9582,-11.2411],[-41.9587,-11.2378],[-41.9526,-11.2374],[-41.9492,-11.2257],[-41.9409,-11.2279],[-41.9079,-11.1766]]]}},{"type":"Feature","properties":{"nome":"Presidente Jânio Quadros","cod":"2925709","uf":"BA"},"geometry":{"type":"Polygon","coordinates":[[[-41.6661,-14.486],[-41.6605,-14.4917],[-41.6545,-14.4908],[-41.6378,-14.5098],[-41.6482,-14.5326],[-41.6613,-14.5511],[-41.6548,-14.5711],[-41.6566,-14.5816],[-41.6538,-14.5971],[-41.6569,-14.599],[-41.6322,-14.6403],[-41.5998,-14.6943],[-41.5997,-14.6946],[-41.5963,-14.7002],[-41.616,-14.7279],[-41.6239,-14.7327],[-41.617,-14.7444],[-41.6036,-14.7486],[-41.5995,-14.757],[-41.6018,-14.7611],[-41.5979,-14.7624],[-41.5914,-14.7664],[-41.5852,-14.7641],[-41.5666,-14.7665],[-41.5671,-14.8131],[-41.5676,-14.855],[-41.6552,-14.9164],[-41.6626,-14.9153],[-41.6651,-14.9107],[-41.6785,-14.9139],[-41.6821,-14.9087],[-41.6896,-14.9134],[-41.6895,-14.9053],[-41.6933,-14.9073],[-41.6948,-14.9049],[-41.6932,-14.8967],[-41.7003,-14.8992],[-41.7075,-14.8951],[-41.7096,-14.8979],[-41.714,-14.8909],[-41.7195,-14.8941],[-41.7247,-14.8834],[-41.7188,-14.877],[-41.7274,-14.8779],[-41.7305,-14.8752],[-41.7332,-14.8774],[-41.7437,-14.8662],[-41.7497,-14.873],[-41.7504,-14.8655],[-41.7586,-14.8714],[-41.7638,-14.8696],[-41.7623,-14.8737],[-41.7673,-14.8764],[-41.7657,-14.8816],[-41.7703,-14.883],[-41.7746,-14.8795],[-41.7803,-14.8833],[-41.7849,-14.8773],[-41.7916,-14.8806],[-41.7957,-14.8781],[-41.7901,-14.8732],[-41.7931,-14.8684],[-41.7978,-14.8738],[-41.8,-14.8706],[-41.809,-14.871],[-41.8072,-14.8752],[-41.8312,-14.8922],[-41.847,-14.8528],[-41.8586,-14.8375],[-41.8726,-14.8402],[-41.8836,-14.8299],[-41.8837,-14.8298],[-41.8864,-14.813],[-41.8783,-14.8052],[-41.8938,-14.789],[-41.8905,-14.7815],[-41.8953,-14.7746],[-41.8894,-14.7547],[-41.8964,-14.7503],[-41.8964,-14.7417],[-41.8874,-14.739],[-41.8808,-14.6918],[-41.869,-14.6088],[-41.8674,-14.598],[-41.8674,-14.5978],[-41.8618,-14.5587],[-41.8838,-14.5146],[-41.8923,-14.4977],[-41.9314,-14.4189],[-41.8573,-14.4543],[-41.8302,-14.4651],[-41.8131,-14.4662],[-41.7935,-14.4675],[-41.7538,-14.4702],[-41.7536,-14.4702],[-41.715,-14.4726],[-41.7145,-14.4751],[-41.6765,-14.4785],[-41.6675,-14.486],[-41.6661,-14.486]]]}},{"type":"Feature","properties":{"nome":"Presidente Tancredo Neves","cod":"2925758","uf":"BA"},"geometry":{"type":"Polygon","coordinates":[[[-39.4103,-13.327],[-39.3866,-13.3435],[-39.3514,-13.339],[-39.3605,-13.3552],[-39.355,-13.3648],[-39.3403,-13.3726],[-39.3208,-13.3761],[-39.3136,-13.3714],[-39.3121,-13.3736],[-39.2972,-13.375],[-39.2949,-13.383],[-39.3008,-13.3837],[-39.3113,-13.392],[-39.3223,-13.4292],[-39.3223,-13.4293],[-39.3237,-13.4426],[-39.3185,-13.4504],[-39.3286,-13.4723],[-39.3249,-13.4837],[-39.3331,-13.494],[-39.3432,-13.4995],[-39.3539,-13.5276],[-39.3603,-13.5297],[-39.3621,-13.5366],[-39.3584,-13.5432],[-39.348,-13.5421],[-39.3472,-13.5465],[-39.353,-13.5548],[-39.3626,-13.557],[-39.364,-13.5704],[-39.3789,-13.5879],[-39.3692,-13.5922],[-39.3695,-13.5956],[-39.3798,-13.5909],[-39.3827,-13.5866],[-39.3771,-13.5828],[-39.3755,-13.5706],[-39.3686,-13.5584],[-39.372,-13.5512],[-39.3686,-13.5458],[-39.3756,-13.5325],[-39.376,-13.5327],[-39.3874,-13.546],[-39.3925,-13.5435],[-39.3931,-13.5395],[-39.4069,-13.5292],[-39.4012,-13.5212],[-39.4088,-13.521],[-39.4172,-13.5147],[-39.4234,-13.5169],[-39.4423,-13.5112],[-39.4473,-13.5143],[-39.4474,-13.5144],[-39.4551,-13.5226],[-39.4652,-13.5231],[-39.4704,-13.5289],[-39.4832,-13.5267],[-39.4943,-13.5318],[-39.4965,-13.5278],[-39.5032,-13.5267],[-39.503,-13.5187],[-39.5063,-13.5113],[-39.5144,-13.5056],[-39.5287,-13.5155],[-39.5347,-13.5163],[-39.5458,-13.5089],[-39.5495,-13.496],[-39.5635,-13.4979],[-39.5673,-13.4941],[-39.5782,-13.4782],[-39.5655,-13.4649],[-39.5592,-13.4677],[-39.5451,-13.4469],[-39.5468,-13.4413],[-39.5326,-13.4377],[-39.5235,-13.4303],[-39.5173,-13.4332],[-39.5175,-13.4263],[-39.5138,-13.4239],[-39.5085,-13.4166],[-39.5032,-13.4194],[-39.4913,-13.4167],[-39.4933,-13.4094],[-39.4881,-13.4028],[-39.4861,-13.4011],[-39.4894,-13.398],[-39.4836,-13.3924],[-39.4818,-13.3793],[-39.475,-13.3801],[-39.4659,-13.3761],[-39.4643,-13.3692],[-39.4538,-13.3673],[-39.45,-13.3724],[-39.442,-13.3582],[-39.4381,-13.3582],[-39.4338,-13.3523],[-39.4334,-13.3451],[-39.4272,-13.3463],[-39.4307,-13.3322],[-39.4278,-13.3281],[-39.415,-13.3264],[-39.4103,-13.327]]]}},{"type":"Feature","properties":{"nome":"Queimadas","cod":"2925808","uf":"BA"},"geometry":{"type":"Polygon","coordinates":[[[-39.5512,-10.8454],[-39.552,-10.8542],[-39.5458,-10.851],[-39.539,-10.856],[-39.538,-10.8633],[-39.5418,-10.8615],[-39.5426,-10.865],[-39.5387,-10.8735],[-39.54,-10.8819],[-39.5399,-10.8822],[-39.5307,-10.8901],[-39.5313,-10.9099],[-39.5362,-10.9171],[-39.5299,-10.9216],[-39.5284,-10.927],[-39.525,-10.9255],[-39.5265,-10.9321],[-39.5218,-10.9338],[-39.5174,-10.9456],[-39.5172,-10.9458],[-39.4171,-11.0195],[-39.4107,-11.0277],[-39.4149,-11.0353],[-39.4196,-11.029],[-39.4258,-11.031],[-39.4434,-11.0431],[-39.4553,-11.0611],[-39.4569,-11.0646],[-39.465,-11.0621],[-39.4746,-11.0677],[-39.481,-11.0807],[-39.4938,-11.0945],[-39.5092,-11.0947],[-39.511,-11.1009],[-39.5167,-11.1048],[-39.541,-11.1151],[-39.549,-11.1236],[-39.573,-11.133],[-39.578,-11.1382],[-39.5896,-11.1484],[-39.6069,-11.1554],[-39.6078,-11.1613],[-39.6181,-11.1726],[-39.6323,-11.1781],[-39.6372,-11.1842],[-39.6492,-11.2003],[-39.6646,-11.213],[-39.7034,-11.2236],[-39.7093,-11.2295],[-39.7316,-11.2403],[-39.7555,-11.2578],[-39.7916,-11.2707],[-39.8018,-11.28],[-39.8139,-11.2834],[-39.8272,-11.292],[-39.8356,-11.3048],[-39.8536,-11.309],[-39.8562,-11.3101],[-39.8652,-11.3139],[-39.9229,-11.2661],[-39.9478,-11.2455],[-39.9659,-11.2304],[-39.9915,-11.1665],[-39.9911,-11.1628],[-39.9909,-11.1613],[-40.0172,-11.0522],[-40.0353,-10.977],[-40.0378,-10.9668],[-40.0511,-10.9125],[-40.0642,-10.8592],[-40.0532,-10.8579],[-40.0477,-10.8626],[-40.0262,-10.8629],[-40.0173,-10.8677],[-40.0223,-10.8768],[-40.0171,-10.8834],[-40.0122,-10.8848],[-39.9991,-10.8754],[-39.9967,-10.877],[-39.999,-10.8832],[-39.9837,-10.8898],[-39.9748,-10.8879],[-39.9689,-10.8965],[-39.9623,-10.8975],[-39.9519,-10.8924],[-39.9458,-10.9075],[-39.9384,-10.9081],[-39.9298,-10.9035],[-39.9246,-10.9163],[-39.9022,-10.9153],[-39.8948,-10.9093],[-39.8903,-10.8999],[-39.8857,-10.9005],[-39.8797,-10.9073],[-39.8653,-10.905],[-39.8617,-10.918],[-39.855,-10.9176],[-39.843,-10.9173],[-39.8407,-10.9216],[-39.8438,-10.9253],[-39.8371,-10.9314],[-39.8261,-10.9282],[-39.8256,-10.9397],[-39.8007,-10.9393],[-39.7845,-10.9516],[-39.774,-10.9586],[-39.7645,-10.9578],[-39.762,-10.962],[-39.7513,-10.9528],[-39.7361,-10.9516],[-39.7168,-10.968],[-39.7227,-10.977],[-39.7207,-10.98],[-39.7112,-10.9813],[-39.7014,-10.9752],[-39.6781,-10.9827],[-39.6513,-10.9471],[-39.6273,-10.9152],[-39.6301,-10.9108],[-39.6288,-10.9037],[-39.6316,-10.8965],[-39.6246,-10.8887],[-39.6256,-10.8779],[-39.6279,-10.8743],[-39.6351,-10.8739],[-39.6353,-10.8659],[-39.6447,-10.8558],[-39.6371,-10.8443],[-39.653,-10.8432],[-39.6659,-10.8379],[-39.6679,-10.8276],[-39.6622,-10.819],[-39.6653,-10.8071],[-39.6783,-10.8031],[-39.6815,-10.7859],[-39.6846,-10.7773],[-39.622,-10.7779],[-39.587,-10.7783],[-39.5895,-10.7836],[-39.5851,-10.7868],[-39.5909,-10.796],[-39.5899,-10.8019],[-39.5801,-10.8198],[-39.5734,-10.822],[-39.5682,-10.8307],[-39.5582,-10.8379],[-39.5571,-10.8448],[-39.5512,-10.8454]]]}},{"type":"Feature","properties":{"nome":"Quijingue","cod":"2925907","uf":"BA"},"geometry":{"type":"Polygon","coordinates":[[[-38.7056,-10.6186],[-38.7047,-10.6249],[-38.7025,-10.6411],[-38.6912,-10.6544],[-38.6695,-10.6657],[-38.6627,-10.6796],[-38.6534,-10.6886],[-38.656,-10.7034],[-38.6526,-10.7065],[-38.813,-10.6361],[-38.8264,-10.643],[-38.8272,-10.6615],[-38.8241,-10.6727],[-38.8258,-10.6898],[-38.8377,-10.6986],[-38.8396,-10.7287],[-38.8485,-10.7339],[-38.8836,-10.7457],[-38.888,-10.7551],[-38.9009,-10.7647],[-38.9126,-10.7762],[-38.9404,-10.7719],[-38.9422,-10.7766],[-38.9469,-10.7757],[-38.9618,-10.7846],[-38.9754,-10.7854],[-38.9754,-10.7855],[-38.9959,-10.8194],[-39.0225,-10.8645],[-39.0495,-10.9104],[-39.0867,-10.974],[-39.1148,-11.0182],[-39.1171,-11.0179],[-39.143,-11.0156],[-39.1607,-11.0097],[-39.1673,-11.0195],[-39.1762,-11.0161],[-39.2025,-11.0012],[-39.2109,-10.9983],[-39.2152,-10.9803],[-39.2136,-10.9712],[-39.2239,-10.9637],[-39.2276,-10.9515],[-39.2332,-10.9531],[-39.241,-10.926],[-39.2352,-10.9226],[-39.2364,-10.9069],[-39.2332,-10.9059],[-39.2265,-10.9127],[-39.2169,-10.913],[-39.2245,-10.8948],[-39.2346,-10.8398],[-39.2346,-10.8397],[-39.237,-10.8203],[-39.2447,-10.8123],[-39.2421,-10.8027],[-39.2538,-10.7539],[-39.2557,-10.7385],[-39.262,-10.724],[-39.2604,-10.7183],[-39.2654,-10.6964],[-39.2716,-10.6968],[-39.2709,-10.6926],[-39.2741,-10.6917],[-39.277,-10.6827],[-39.2705,-10.6775],[-39.2358,-10.6708],[-39.1837,-10.6606],[-39.1151,-10.6473],[-39.1149,-10.6473],[-39.0641,-10.6374],[-39.0473,-10.6341],[-39.0388,-10.6365],[-38.9906,-10.6309],[-38.9631,-10.6277],[-38.9629,-10.6276],[-38.9404,-10.625],[-38.9402,-10.625],[-38.9099,-10.6215],[-38.9038,-10.6208],[-38.847,-10.6142],[-38.7829,-10.6066],[-38.7373,-10.6013],[-38.7358,-10.6051],[-38.7191,-10.6085],[-38.7056,-10.6186]]]}},{"type":"Feature","properties":{"nome":"Quixabeira","cod":"2925931","uf":"BA"},"geometry":{"type":"Polygon","coordinates":[[[-40.028,-11.2224],[-40.0398,-11.2822],[-40.052,-11.3438],[-40.053,-11.3484],[-40.0557,-11.3621],[-40.056,-11.3638],[-40.0699,-11.4331],[-40.0704,-11.4373],[-40.0796,-11.528],[-40.084,-11.5312],[-40.0847,-11.5372],[-40.09,-11.5353],[-40.0953,-11.539],[-40.1043,-11.5363],[-40.1072,-11.5389],[-40.1102,-11.5333],[-40.1068,-11.5302],[-40.1157,-11.5301],[-40.1167,-11.5221],[-40.133,-11.515],[-40.1346,-11.5207],[-40.1438,-11.5228],[-40.1509,-11.5246],[-40.1642,-11.5148],[-40.1666,-11.5221],[-40.1773,-11.5186],[-40.1878,-11.5035],[-40.1956,-11.5001],[-40.198,-11.4931],[-40.198,-11.4927],[-40.1914,-11.4528],[-40.1946,-11.4442],[-40.1898,-11.4284],[-40.1901,-11.4283],[-40.198,-11.4255],[-40.2012,-11.4173],[-40.2036,-11.4074],[-40.2,-11.4004],[-40.2046,-11.3828],[-40.2003,-11.3659],[-40.1866,-11.3432],[-40.1882,-11.3391],[-40.1882,-11.3389],[-40.1681,-11.3365],[-40.1585,-11.3249],[-40.1494,-11.3259],[-40.1489,-11.3257],[-40.1438,-11.3247],[-40.1399,-11.3188],[-40.1267,-11.3156],[-40.1208,-11.3083],[-40.1085,-11.3033],[-40.1023,-11.2968],[-40.0972,-11.2873],[-40.0956,-11.267],[-40.0706,-11.2343],[-40.0522,-11.2268],[-40.0469,-11.2287],[-40.0281,-11.2223],[-40.028,-11.2224]]]}},{"type":"Feature","properties":{"nome":"Rafael Jambeiro","cod":"2925956","uf":"BA"},"geometry":{"type":"Polygon","coordinates":[[[-39.4214,-12.3381],[-39.4213,-12.3443],[-39.4174,-12.3433],[-39.4125,-12.3476],[-39.3971,-12.3471],[-39.3976,-12.3539],[-39.3908,-12.3543],[-39.3958,-12.3618],[-39.3955,-12.3714],[-39.3859,-12.3699],[-39.3945,-12.3811],[-39.394,-12.3851],[-39.3856,-12.3935],[-39.3824,-12.3897],[-39.3782,-12.3903],[-39.3756,-12.398],[-39.3759,-12.3985],[-39.3826,-12.4027],[-39.3797,-12.4065],[-39.3813,-12.4112],[-39.3785,-12.4272],[-39.3798,-12.4326],[-39.3731,-12.4324],[-39.3726,-12.4347],[-39.3793,-12.4392],[-39.3811,-12.4441],[-39.3781,-12.4488],[-39.381,-12.4522],[-39.3885,-12.456],[-39.3874,-12.4602],[-39.3819,-12.4581],[-39.3784,-12.4617],[-39.3868,-12.4681],[-39.3869,-12.4792],[-39.3808,-12.4851],[-39.3851,-12.4942],[-39.3922,-12.4955],[-39.3936,-12.5044],[-39.3833,-12.5053],[-39.386,-12.5109],[-39.3829,-12.5145],[-39.3821,-12.5151],[-39.3808,-12.5155],[-39.376,-12.5169],[-39.3707,-12.5357],[-39.3609,-12.5415],[-39.3569,-12.5406],[-39.358,-12.5345],[-39.3527,-12.5309],[-39.346,-12.5335],[-39.3439,-12.5297],[-39.3334,-12.5333],[-39.331,-12.5382],[-39.3201,-12.541],[-39.3164,-12.547],[-39.3292,-12.558],[-39.3398,-12.5597],[-39.3399,-12.5599],[-39.3455,-12.5702],[-39.3684,-12.5832],[-39.3759,-12.5836],[-39.3925,-12.5917],[-39.401,-12.6007],[-39.415,-12.6153],[-39.4395,-12.6141],[-39.4414,-12.6136],[-39.4575,-12.6112],[-39.4851,-12.5955],[-39.5181,-12.5867],[-39.5223,-12.5867],[-39.523,-12.5867],[-39.5232,-12.5867],[-39.5422,-12.5786],[-39.5518,-12.5572],[-39.5608,-12.5518],[-39.575,-12.5499],[-39.5795,-12.5511],[-39.5851,-12.5663],[-39.6028,-12.5729],[-39.6054,-12.5775],[-39.602,-12.5856],[-39.6121,-12.5982],[-39.6228,-12.5981],[-39.6308,-12.5848],[-39.6378,-12.5841],[-39.6407,-12.5811],[-39.6391,-12.5759],[-39.6522,-12.5601],[-39.6635,-12.5588],[-39.69,-12.5629],[-39.735,-12.5526],[-39.7494,-12.5658],[-39.7566,-12.561],[-39.7602,-12.5509],[-39.7656,-12.5484],[-39.7892,-12.5592],[-39.7925,-12.5594],[-39.7986,-12.5523],[-39.8049,-12.5354],[-39.8311,-12.5344],[-39.8516,-12.5128],[-39.8821,-12.5168],[-39.8956,-12.5242],[-39.9032,-12.5238],[-39.9088,-12.518],[-39.9281,-12.5224],[-39.9287,-12.5201],[-39.9145,-12.5072],[-39.8024,-12.4073],[-39.802,-12.4069],[-39.7355,-12.3889],[-39.6862,-12.3755],[-39.6724,-12.3718],[-39.624,-12.3586],[-39.5675,-12.3433],[-39.5673,-12.3432],[-39.5436,-12.3368],[-39.503,-12.3257],[-39.5028,-12.3257],[-39.4327,-12.3058],[-39.4319,-12.3056],[-39.4384,-12.3198],[-39.4307,-12.3271],[-39.4305,-12.3272],[-39.431,-12.3312],[-39.4222,-12.3343],[-39.4214,-12.3381]]]}},{"type":"Feature","properties":{"nome":"Remanso","cod":"2926004","uf":"BA"},"geometry":{"type":"Polygon","coordinates":[[[-41.8593,-9.2372],[-41.8762,-9.4347],[-41.8763,-9.4353],[-41.9031,-9.6984],[-41.9588,-9.6876],[-41.9797,-9.6736],[-42.0083,-9.6653],[-42.0229,-9.6645],[-42.0441,-9.6729],[-42.0476,-9.679],[-42.0562,-9.6908],[-42.0721,-9.7196],[-42.0801,-9.7289],[-42.0818,-9.7386],[-42.0781,-9.7572],[-42.0764,-9.8087],[-42.0903,-9.8268],[-42.1026,-9.864],[-42.1115,-9.8719],[-42.1177,-9.8857],[-42.1578,-9.9211],[-42.1623,-9.9305],[-42.1626,-9.9412],[-42.1821,-9.9681],[-42.1856,-9.9856],[-42.2053,-9.9981],[-42.2276,-10.0313],[-42.2282,-10.0319],[-42.3719,-9.9269],[-42.3721,-9.9267],[-42.3988,-9.9072],[-42.4457,-9.8729],[-42.5665,-9.7844],[-42.6066,-9.755],[-42.6261,-9.7407],[-42.77,-9.7375],[-42.7652,-9.7291],[-42.7675,-9.7258],[-42.7611,-9.7205],[-42.7612,-9.7146],[-42.7556,-9.712],[-42.7539,-9.7032],[-42.7489,-9.7016],[-42.7446,-9.6926],[-42.7297,-9.6857],[-42.7359,-9.6779],[-42.7262,-9.6672],[-42.7231,-9.6557],[-42.7168,-9.6514],[-42.7186,-9.6313],[-42.7152,-9.6293],[-42.7151,-9.6217],[-42.7157,-9.6165],[-42.7112,-9.6184],[-42.7109,-9.6154],[-42.7065,-9.6144],[-42.7067,-9.6078],[-42.7098,-9.6056],[-42.7071,-9.5949],[-42.7096,-9.5855],[-42.6887,-9.5649],[-42.6908,-9.545],[-42.6795,-9.5487],[-42.6669,-9.5477],[-42.6542,-9.541],[-42.6398,-9.5434],[-42.632,-9.538],[-42.6213,-9.5409],[-42.6025,-9.5164],[-42.5946,-9.5044],[-42.5861,-9.4964],[-42.5688,-9.5013],[-42.5488,-9.4955],[-42.5216,-9.5026],[-42.4907,-9.4927],[-42.4856,-9.4834],[-42.4908,-9.4692],[-42.4887,-9.4616],[-42.4706,-9.4584],[-42.4514,-9.4617],[-42.4402,-9.4558],[-42.4279,-9.4394],[-42.4248,-9.4167],[-42.3985,-9.3967],[-42.3638,-9.3812],[-42.3591,-9.3772],[-42.3547,-9.3495],[-42.3255,-9.333],[-42.32,-9.3206],[-42.3122,-9.3157],[-42.2896,-9.3091],[-42.2675,-9.3092],[-42.2612,-9.3043],[-42.2433,-9.2884],[-42.2257,-9.2829],[-42.206,-9.2924],[-42.1938,-9.2913],[-42.1791,-9.2849],[-42.1416,-9.2877],[-42.1208,-9.2835],[-42.0991,-9.2805],[-42.0688,-9.2571],[-42.0578,-9.2545],[-42.0346,-9.2557],[-42.0215,-9.2493],[-41.9995,-9.2656],[-41.9719,-9.2482],[-41.9579,-9.2617],[-41.9488,-9.2633],[-41.9371,-9.2669],[-41.9244,-9.2774],[-41.9175,-9.278],[-41.9092,-9.2734],[-41.9043,-9.2592],[-41.8845,-9.2531],[-41.8701,-9.237],[-41.8593,-9.2372]]]}},{"type":"Feature","properties":{"nome":"Retirolândia","cod":"2926103","uf":"BA"},"geometry":{"type":"Polygon","coordinates":[[[-39.3079,-11.42],[-39.3207,-11.4498],[-39.3443,-11.5045],[-39.3531,-11.5264],[-39.4007,-11.5355],[-39.4015,-11.5357],[-39.4479,-11.5445],[-39.486,-11.5518],[-39.5366,-11.5618],[-39.5325,-11.5567],[-39.4978,-11.5129],[-39.4765,-11.485],[-39.4506,-11.4529],[-39.4475,-11.4528],[-39.4023,-11.4513],[-39.4022,-11.4512],[-39.3842,-11.4379],[-39.3614,-11.421],[-39.3419,-11.4066],[-39.2834,-11.3633],[-39.3079,-11.42]]]}},{"type":"Feature","properties":{"nome":"Riachão das Neves","cod":"2926202","uf":"BA"},"geometry":{"type":"Polygon","coordinates":[[[-44.9174,-11.3504],[-44.9102,-11.3536],[-44.8998,-11.3489],[-44.8875,-11.3546],[-44.8727,-11.3465],[-44.8644,-11.3521],[-44.8563,-11.3582],[-44.8486,-11.3742],[-44.8375,-11.3852],[-44.8306,-11.3886],[-44.8189,-11.3841],[-44.8138,-11.3868],[-44.8011,-11.3992],[-44.792,-11.418],[-44.7709,-11.4222],[-44.7357,-11.4031],[-44.7174,-11.3986],[-44.7065,-11.3977],[-44.6933,-11.4101],[-44.6857,-11.4077],[-44.683,-11.4113],[-44.677,-11.4091],[-44.6719,-11.4125],[-44.6548,-11.4087],[-44.6562,-11.6179],[-44.657,-11.7488],[-44.6616,-11.7468],[-44.6607,-11.7547],[-44.67,-11.7616],[-44.6794,-11.7601],[-44.6797,-11.7647],[-44.6879,-11.7704],[-44.6814,-11.773],[-44.6821,-11.7758],[-44.687,-11.776],[-44.6893,-11.7852],[-44.6796,-11.7998],[-44.6864,-11.8031],[-44.6855,-11.8088],[-44.7008,-11.8068],[-44.704,-11.8178],[-44.7083,-11.8115],[-44.7165,-11.8086],[-44.7109,-11.8207],[-44.72,-11.8252],[-44.7242,-11.8264],[-44.7266,-11.8279],[-44.729,-11.8464],[-44.7372,-11.8487],[-44.7412,-11.855],[-44.748,-11.8545],[-44.7541,-11.8659],[-44.7595,-11.8646],[-44.7635,-11.8715],[-44.7682,-11.8727],[-44.7676,-11.8679],[-44.7758,-11.8718],[-44.7773,-11.8777],[-44.7814,-11.8702],[-44.7823,-11.8748],[-44.7971,-11.877],[-44.8003,-11.8749],[-44.8181,-11.8804],[-44.8202,-11.8818],[-44.8161,-11.8861],[-44.8301,-11.8921],[-44.8267,-11.8967],[-44.83,-11.9018],[-44.828,-11.9077],[-44.8296,-11.9095],[-44.8342,-11.9163],[-44.8292,-11.921],[-44.8303,-11.9235],[-44.8364,-11.9196],[-44.8417,-11.9208],[-44.838,-11.9265],[-44.8499,-11.9255],[-44.8471,-11.9341],[-44.8537,-11.9316],[-44.8531,-11.9395],[-44.8601,-11.9382],[-44.8715,-11.942],[-44.8641,-11.95],[-44.8698,-11.9471],[-44.8707,-11.9541],[-44.8777,-11.9548],[-44.8729,-11.9624],[-44.8753,-11.9694],[-44.8815,-11.9712],[-44.8779,-11.9734],[-44.8801,-11.9825],[-44.8827,-11.9819],[-44.884,-11.9874],[-44.888,-11.9872],[-44.891,-11.9975],[-44.897,-11.9975],[-44.8963,-12.001],[-44.9064,-12.0125],[-44.9183,-12.0027],[-44.9229,-12.0065],[-44.9294,-12.0065],[-44.9331,-12.0074],[-44.9355,-12.0018],[-44.9365,-12.0057],[-44.941,-12.0047],[-44.9387,-12.0066],[-44.9407,-12.0089],[-44.9471,-12.0019],[-44.953,-12.0004],[-44.9581,-12.0035],[-44.9661,-12.0008],[-44.9671,-11.9936],[-44.9695,-11.9844],[-44.9815,-11.981],[-44.9816,-11.9749],[-44.9936,-11.9632],[-44.991,-11.9581],[-45.0028,-11.9475],[-45.0026,-11.9406],[-45.0075,-11.9325],[-45.0141,-11.929],[-45.0134,-11.9236],[-45.0216,-11.9211],[-45.0184,-11.9182],[-45.0223,-11.9049],[-45.0284,-11.9017],[-45.0332,-11.9052],[-45.0361,-11.9008],[-45.0434,-11.9006],[-45.0418,-11.8965],[-45.049,-11.893],[-45.0542,-11.8801],[-45.0633,-11.8772],[-45.0711,-11.8712],[-45.0762,-11.8662],[-45.0868,-11.8661],[-45.0942,-11.8552],[-45.0983,-11.8579],[-45.1003,-11.8537],[-45.1074,-11.8586],[-45.1098,-11.8547],[-45.1235,-11.8555],[-45.1403,-11.8498],[-45.1464,-11.855],[-45.1558,-11.8504],[-45.1642,-11.8533],[-45.1688,-11.8424],[-45.1666,-11.8335],[-45.1687,-11.8271],[-45.174,-11.8262],[-45.1782,-11.8148],[-45.1831,-11.8134],[-45.1911,-11.8173],[-45.19,-11.8078],[-45.1941,-11.8024],[-45.2072,-11.8026],[-45.208,-11.793],[-45.2161,-11.7939],[-45.2194,-11.7912],[-45.2229,-11.7955],[-45.226,-11.7736],[-45.2289,-11.7753],[-45.2361,-11.7711],[-45.2394,-11.7748],[-45.2435,-11.768],[-45.2543,-11.773],[-45.2524,-11.7671],[-45.2553,-11.7657],[-45.2729,-11.7582],[-45.268,-11.7568],[-45.2678,-11.7485],[-45.275,-11.7471],[-45.2795,-11.7414],[-45.2862,-11.745],[-45.2893,-11.74],[-45.3007,-11.7423],[-45.3113,-11.7347],[-45.3201,-11.7356],[-45.3226,-11.7318],[-45.3421,-11.7354],[-45.3461,-11.7424],[-45.352,-11.7387],[-45.3608,-11.7479],[-45.3626,-11.7453],[-45.3695,-11.7513],[-45.3706,-11.7492],[-45.3761,-11.7514],[-45.381,-11.7626],[-45.4093,-11.7782],[-45.4336,-11.7805],[-45.4503,-11.7785],[-45.4722,-11.7675],[-45.4864,-11.767],[-45.5193,-11.7704],[-45.5373,-11.7789],[-45.5539,-11.778],[-45.5835,-11.7881],[-45.6081,-11.7886],[-45.6099,-11.7865],[-45.6187,-11.7846],[-45.6306,-11.7907],[-45.6315,-11.7882],[-45.6373,-11.7899],[-45.6403,-11.7781],[-45.6445,-11.7753],[-45.6632,-11.7759],[-45.6684,-11.7706],[-45.6746,-11.7533],[-45.6867,-11.7479],[-45.7002,-11.7361],[-45.7202,-11.7359],[-45.737,-11.7268],[-45.7791,-11.7018],[-45.8224,-11.6877],[-45.8316,-11.6661],[-45.8461,-11.6519],[-45.8598,-11.6457],[-45.8839,-11.6488],[-45.9229,-11.6348],[-45.9455,-11.6359],[-45.9632,-11.6271],[-46.0666,-11.6187],[-45.8834,-11.5294],[-45.644,-11.4821],[-45.6361,-11.4806],[-45.5228,-11.4585],[-45.284,-11.4127],[-45.1909,-11.3947],[-45.1874,-11.3941],[-45.0993,-11.3771],[-44.991,-11.3566],[-44.9765,-11.3545],[-44.9638,-11.3491],[-44.9593,-11.3529],[-44.9419,-11.3395],[-44.9399,-11.3411],[-44.9372,-11.3425],[-44.9359,-11.3425],[-44.9332,-11.3426],[-44.9174,-11.3504]]]}},{"type":"Feature","properties":{"nome":"Riachão do Jacuípe","cod":"2926301","uf":"BA"},"geometry":{"type":"Polygon","coordinates":[[[-39.2336,-11.7642],[-39.2408,-11.7739],[-39.2404,-11.7739],[-39.2508,-11.7803],[-39.264,-11.8085],[-39.2698,-11.8121],[-39.2798,-11.8297],[-39.2801,-11.8298],[-39.2767,-11.8489],[-39.2823,-11.8572],[-39.2733,-11.8719],[-39.278,-11.8809],[-39.2756,-11.886],[-39.2789,-11.8956],[-39.2792,-11.8958],[-39.2852,-11.9002],[-39.2956,-11.9172],[-39.2965,-11.9244],[-39.3039,-11.9285],[-39.307,-11.9413],[-39.2967,-11.9575],[-39.2857,-11.9676],[-39.2896,-11.9744],[-39.296,-11.9772],[-39.2941,-11.9822],[-39.2977,-11.9832],[-39.2977,-11.9865],[-39.2971,-11.9913],[-39.3637,-12.0013],[-39.3745,-12.0029],[-39.3807,-12.0038],[-39.4324,-12.0113],[-39.4801,-12.0182],[-39.4825,-12.0185],[-39.533,-12.0261],[-39.5724,-12.0402],[-39.5956,-12.0485],[-39.6013,-12.0505],[-39.4795,-11.8652],[-39.4791,-11.8648],[-39.4766,-11.8621],[-39.4839,-11.8507],[-39.492,-11.8472],[-39.5047,-11.8348],[-39.5126,-11.8341],[-39.5189,-11.8244],[-39.5338,-11.832],[-39.5349,-11.8113],[-39.5377,-11.7465],[-39.5541,-11.7409],[-39.5729,-11.7345],[-39.6242,-11.7168],[-39.5616,-11.6776],[-39.558,-11.6754],[-39.5577,-11.6751],[-39.5584,-11.6662],[-39.5602,-11.6525],[-39.538,-11.5896],[-39.5361,-11.5837],[-39.5366,-11.5618],[-39.4466,-11.6102],[-39.4222,-11.6232],[-39.3835,-11.6439],[-39.3662,-11.6578],[-39.3661,-11.6579],[-39.316,-11.6981],[-39.2979,-11.7126],[-39.2976,-11.7129],[-39.2344,-11.7635],[-39.2336,-11.7642]]]}},{"type":"Feature","properties":{"nome":"Riacho de Santana","cod":"2926400","uf":"BA"},"geometry":{"type":"Polygon","coordinates":[[[-42.7793,-13.7034],[-42.7251,-13.7471],[-42.7613,-13.7529],[-42.8084,-13.7606],[-42.8441,-13.7663],[-42.8581,-13.7612],[-42.92,-13.7386],[-42.9226,-13.7376],[-42.9227,-13.7376],[-42.9646,-13.7237],[-42.9916,-13.7347],[-42.9998,-13.7363],[-43.0086,-13.7335],[-43.0376,-13.7939],[-43.039,-13.8004],[-43.0457,-13.8075],[-43.0582,-13.8088],[-43.0719,-13.8182],[-43.0722,-13.8281],[-43.0804,-13.8389],[-43.0888,-13.8323],[-43.1115,-13.829],[-43.1263,-13.8312],[-43.1378,-13.8432],[-43.1344,-13.8606],[-43.1374,-13.8699],[-43.133,-13.8871],[-43.1067,-13.9214],[-43.104,-13.9305],[-43.1055,-13.9377],[-43.1149,-13.9468],[-43.1144,-13.9586],[-43.119,-13.9596],[-43.1261,-13.9655],[-43.128,-13.9814],[-43.1311,-13.9842],[-43.1401,-13.9805],[-43.15,-13.9813],[-43.1625,-13.9741],[-43.1813,-13.9785],[-43.1885,-13.9803],[-43.1945,-13.9893],[-43.2015,-13.9829],[-43.2139,-13.9878],[-43.2131,-13.9825],[-43.2172,-13.9808],[-43.2243,-13.9852],[-43.2311,-13.9834],[-43.2343,-13.9899],[-43.2459,-13.9887],[-43.2462,-13.9886],[-43.2515,-13.9891],[-43.2576,-13.9958],[-43.2705,-13.9853],[-43.2745,-13.9928],[-43.2917,-13.9891],[-43.2969,-13.9913],[-43.3012,-13.9873],[-43.3092,-13.9903],[-43.3191,-13.9852],[-43.3275,-13.9892],[-43.3305,-13.9835],[-43.3436,-13.9782],[-43.3496,-13.9748],[-43.3696,-13.9792],[-43.3738,-13.9771],[-43.3782,-13.972],[-43.3761,-13.9617],[-43.3796,-13.9552],[-43.4025,-13.9456],[-43.3972,-13.9426],[-43.4077,-13.9377],[-43.4074,-13.9278],[-43.4164,-13.922],[-43.4138,-13.9133],[-43.4162,-13.9096],[-43.4268,-13.9127],[-43.4277,-13.9062],[-43.438,-13.9044],[-43.4346,-13.8952],[-43.4427,-13.893],[-43.4388,-13.8852],[-43.4407,-13.8733],[-43.4583,-13.8717],[-43.4714,-13.8575],[-43.3715,-13.7496],[-43.3272,-13.7019],[-43.2947,-13.6667],[-43.2412,-13.609],[-43.2225,-13.5794],[-43.1754,-13.5047],[-43.1465,-13.4567],[-43.1457,-13.4553],[-43.1288,-13.4271],[-43.1264,-13.4083],[-43.1184,-13.3432],[-43.116,-13.3235],[-43.0505,-13.3362],[-42.9765,-13.3507],[-42.9153,-13.3631],[-42.919,-13.3653],[-42.9176,-13.3897],[-42.8983,-13.41],[-42.8916,-13.4363],[-42.8926,-13.4409],[-42.8989,-13.4433],[-42.9001,-13.4733],[-42.8845,-13.4958],[-42.8378,-13.5632],[-42.8371,-13.5643],[-42.7698,-13.6613],[-42.7697,-13.6617],[-42.7686,-13.6833],[-42.7793,-13.7034]]]}},{"type":"Feature","properties":{"nome":"Ribeira do Amparo","cod":"2926509","uf":"BA"},"geometry":{"type":"Polygon","coordinates":[[[-38.2447,-10.8225],[-38.2426,-10.8275],[-38.2392,-10.8259],[-38.2318,-10.8395],[-38.2374,-10.8591],[-38.2361,-10.8812],[-38.2363,-10.8815],[-38.2553,-10.9249],[-38.2922,-11.0094],[-38.308,-11.0455],[-38.3081,-11.0457],[-38.3225,-11.0718],[-38.3323,-11.0725],[-38.3535,-11.0849],[-38.367,-11.0865],[-38.388,-11.0952],[-38.4017,-11.0962],[-38.4132,-11.1075],[-38.4332,-11.1154],[-38.4358,-11.1193],[-38.4515,-11.1019],[-38.4693,-11.0963],[-38.4751,-11.0882],[-38.486,-11.0865],[-38.4909,-11.089],[-38.4931,-11.0831],[-38.5055,-11.0532],[-38.5581,-11.0538],[-38.5303,-10.96],[-38.5256,-10.9574],[-38.5215,-10.9551],[-38.491,-10.938],[-38.4421,-10.9104],[-38.4052,-10.8897],[-38.3778,-10.8743],[-38.377,-10.8739],[-38.3029,-10.8322],[-38.2997,-10.8304],[-38.2441,-10.7991],[-38.2327,-10.7927],[-38.236,-10.7958],[-38.2363,-10.8076],[-38.2346,-10.8117],[-38.2447,-10.8225]]]}},{"type":"Feature","properties":{"nome":"Ribeira do Pombal","cod":"2926608","uf":"BA"},"geometry":{"type":"Polygon","coordinates":[[[-38.4236,-10.6732],[-38.4182,-10.6794],[-38.4153,-10.6605],[-38.4068,-10.648],[-38.404,-10.6351],[-38.4002,-10.634],[-38.3697,-10.6402],[-38.3708,-10.6739],[-38.3723,-10.722],[-38.3739,-10.7729],[-38.3743,-10.7855],[-38.377,-10.8739],[-38.3778,-10.8743],[-38.4052,-10.8897],[-38.4421,-10.9104],[-38.491,-10.938],[-38.5215,-10.9551],[-38.5256,-10.9574],[-38.5303,-10.96],[-38.5607,-10.8974],[-38.5851,-10.847],[-38.6322,-10.7495],[-38.6511,-10.7104],[-38.6522,-10.7073],[-38.6043,-10.6853],[-38.5896,-10.6786],[-38.5863,-10.6815],[-38.582,-10.6851],[-38.5662,-10.6497],[-38.5646,-10.6278],[-38.5575,-10.6128],[-38.5609,-10.598],[-38.554,-10.5844],[-38.5529,-10.568],[-38.5476,-10.5612],[-38.5357,-10.563],[-38.5309,-10.5744],[-38.5184,-10.5791],[-38.5151,-10.5866],[-38.5094,-10.5866],[-38.5044,-10.5925],[-38.4984,-10.6052],[-38.4823,-10.6074],[-38.4803,-10.6181],[-38.472,-10.622],[-38.4724,-10.6319],[-38.4666,-10.6392],[-38.4679,-10.649],[-38.4576,-10.6613],[-38.4405,-10.6609],[-38.4322,-10.6665],[-38.4236,-10.6732]]]}},{"type":"Feature","properties":{"nome":"Ribeirão do Largo","cod":"2926657","uf":"BA"},"geometry":{"type":"Polygon","coordinates":[[[-40.7626,-15.2431],[-40.7481,-15.2487],[-40.7237,-15.2434],[-40.7157,-15.2452],[-40.7108,-15.2511],[-40.7043,-15.2508],[-40.6983,-15.2445],[-40.6836,-15.2393],[-40.6763,-15.2392],[-40.6772,-15.2456],[-40.6669,-15.2668],[-40.6537,-15.2676],[-40.6522,-15.2749],[-40.6465,-15.2733],[-40.6418,-15.2549],[-40.6334,-15.2501],[-40.6274,-15.251],[-40.6325,-15.2536],[-40.6337,-15.2605],[-40.6378,-15.269],[-40.6355,-15.2798],[-40.632,-15.2805],[-40.6272,-15.2748],[-40.6262,-15.2669],[-40.6221,-15.2652],[-40.6137,-15.2711],[-40.6073,-15.2837],[-40.6,-15.2803],[-40.5886,-15.2808],[-40.5935,-15.2712],[-40.5911,-15.263],[-40.5811,-15.2763],[-40.5716,-15.2785],[-40.5645,-15.2777],[-40.561,-15.2704],[-40.552,-15.2746],[-40.5464,-15.2687],[-40.5403,-15.2722],[-40.5461,-15.2774],[-40.5465,-15.2872],[-40.5329,-15.2832],[-40.522,-15.2747],[-40.5144,-15.2772],[-40.5113,-15.2826],[-40.5057,-15.2762],[-40.4947,-15.2775],[-40.4908,-15.279],[-40.4898,-15.2949],[-40.4853,-15.2952],[-40.4788,-15.2901],[-40.471,-15.3007],[-40.4744,-15.3151],[-40.4984,-15.4162],[-40.4885,-15.5236],[-40.4855,-15.5565],[-40.4807,-15.594],[-40.4813,-15.6089],[-40.4883,-15.6108],[-40.4936,-15.6246],[-40.4913,-15.6418],[-40.4943,-15.6549],[-40.508,-15.6656],[-40.5116,-15.677],[-40.5311,-15.6759],[-40.5401,-15.6675],[-40.549,-15.6668],[-40.5503,-15.6627],[-40.5625,-15.6632],[-40.5653,-15.6546],[-40.5831,-15.6387],[-40.6095,-15.6296],[-40.6276,-15.6167],[-40.6315,-15.6107],[-40.6264,-15.5839],[-40.6259,-15.5811],[-40.6195,-15.5475],[-40.6276,-15.5298],[-40.6334,-15.529],[-40.6389,-15.5207],[-40.6417,-15.5206],[-40.6489,-15.531],[-40.7009,-15.5412],[-40.7156,-15.548],[-40.7621,-15.5701],[-40.762,-15.5694],[-40.7561,-15.5571],[-40.7448,-15.5499],[-40.7375,-15.5367],[-40.7404,-15.5306],[-40.7388,-15.5134],[-40.7495,-15.4792],[-40.7757,-15.4876],[-40.7788,-15.4824],[-40.7967,-15.4774],[-40.8141,-15.4297],[-40.8144,-15.4141],[-40.8143,-15.3879],[-40.8143,-15.3878],[-40.8109,-15.3675],[-40.8148,-15.3672],[-40.8232,-15.3562],[-40.8325,-15.3389],[-40.8352,-15.3407],[-40.8368,-15.3355],[-40.8426,-15.3332],[-40.8424,-15.323],[-40.846,-15.3239],[-40.8554,-15.3183],[-40.8513,-15.3112],[-40.8542,-15.2956],[-40.8469,-15.2957],[-40.8425,-15.3033],[-40.837,-15.2973],[-40.8318,-15.2971],[-40.82,-15.304],[-40.8161,-15.2972],[-40.8248,-15.2911],[-40.8166,-15.2846],[-40.8027,-15.2779],[-40.7976,-15.2601],[-40.7896,-15.2468],[-40.7695,-15.2439],[-40.7626,-15.2431]]]}},{"type":"Feature","properties":{"nome":"Rio de Contas","cod":"2926707","uf":"BA"},"geometry":{"type":"Polygon","coordinates":[[[-41.8206,-13.4016],[-41.8082,-13.4131],[-41.8057,-13.4125],[-41.8043,-13.4187],[-41.7924,-13.4239],[-41.7945,-13.3927],[-41.7952,-13.3829],[-41.7915,-13.3792],[-41.7914,-13.373],[-41.7828,-13.367],[-41.7825,-13.3606],[-41.7654,-13.3538],[-41.7652,-13.3487],[-41.7463,-13.3248],[-41.7444,-13.4157],[-41.7438,-13.4398],[-41.7307,-13.4514],[-41.7245,-13.4519],[-41.718,-13.4617],[-41.7055,-13.4617],[-41.7054,-13.5828],[-41.6188,-13.5439],[-41.6138,-13.5462],[-41.6078,-13.5613],[-41.6097,-13.5702],[-41.6066,-13.5801],[-41.6142,-13.5946],[-41.6048,-13.6013],[-41.6044,-13.6267],[-41.6169,-13.6263],[-41.6079,-13.6308],[-41.6048,-13.6407],[-41.6131,-13.6443],[-41.6045,-13.6474],[-41.6078,-13.6597],[-41.6078,-13.6603],[-41.6058,-13.6719],[-41.5964,-13.682],[-41.5913,-13.697],[-41.5999,-13.7088],[-41.5953,-13.7139],[-41.5864,-13.7085],[-41.5902,-13.7251],[-41.5773,-13.7266],[-41.5787,-13.7323],[-41.5727,-13.7456],[-41.5768,-13.7528],[-41.5571,-13.764],[-41.5451,-13.7628],[-41.5383,-13.772],[-41.5424,-13.779],[-41.5304,-13.7814],[-41.5388,-13.7871],[-41.5371,-13.792],[-41.5422,-13.8009],[-41.5355,-13.8118],[-41.5228,-13.8146],[-41.5264,-13.822],[-41.5226,-13.8218],[-41.5226,-13.8244],[-41.5276,-13.8281],[-41.5169,-13.8356],[-41.5159,-13.8451],[-41.5212,-13.8486],[-41.5135,-13.8548],[-41.5176,-13.8588],[-41.5132,-13.8668],[-41.5195,-13.8677],[-41.5089,-13.8708],[-41.5108,-13.8773],[-41.5043,-13.8942],[-41.508,-13.9028],[-41.4981,-13.9034],[-41.4985,-13.9088],[-41.4923,-13.9133],[-41.5239,-13.929],[-41.5586,-13.9457],[-41.5655,-13.905],[-41.5788,-13.8656],[-41.5976,-13.8523],[-41.5996,-13.8416],[-41.6108,-13.8264],[-41.6137,-13.817],[-41.637,-13.7983],[-41.6395,-13.7952],[-41.6346,-13.7947],[-41.6432,-13.7798],[-41.6545,-13.769],[-41.6557,-13.7596],[-41.6748,-13.7501],[-41.6845,-13.7396],[-41.6882,-13.7357],[-41.6864,-13.7297],[-41.6908,-13.7156],[-41.7009,-13.7073],[-41.7039,-13.6988],[-41.7109,-13.6956],[-41.7109,-13.6952],[-41.7056,-13.6905],[-41.7159,-13.6858],[-41.7174,-13.6821],[-41.7258,-13.6809],[-41.733,-13.6721],[-41.7423,-13.6729],[-41.7467,-13.664],[-41.75,-13.6606],[-41.7546,-13.6631],[-41.7616,-13.6613],[-41.7819,-13.6394],[-41.7946,-13.6247],[-41.7915,-13.6216],[-41.7963,-13.598],[-41.8074,-13.5961],[-41.8154,-13.5976],[-41.8129,-13.6055],[-41.8134,-13.6108],[-41.8191,-13.6125],[-41.8368,-13.6014],[-41.8504,-13.5864],[-41.8503,-13.5795],[-41.8549,-13.5786],[-41.8597,-13.5714],[-41.8713,-13.5666],[-41.8758,-13.5604],[-41.8784,-13.5616],[-41.8965,-13.5512],[-41.9126,-13.547],[-41.916,-13.5507],[-41.9277,-13.5533],[-41.9449,-13.5415],[-41.9463,-13.5357],[-41.9657,-13.5267],[-41.9587,-13.4957],[-41.9496,-13.4621],[-41.9396,-13.4251],[-41.9088,-13.3109],[-41.9087,-13.3106],[-41.8906,-13.3237],[-41.8695,-13.3459],[-41.8729,-13.3544],[-41.8708,-13.3636],[-41.8409,-13.3834],[-41.8327,-13.3956],[-41.8206,-13.4016]]]}},{"type":"Feature","properties":{"nome":"Rio do Antônio","cod":"2926806","uf":"BA"},"geometry":{"type":"Polygon","coordinates":[[[-42.1795,-14.1493],[-42.1243,-14.1594],[-42.0902,-14.1658],[-41.9811,-14.1856],[-41.9877,-14.2227],[-41.9878,-14.2238],[-41.9678,-14.263],[-41.9039,-14.3877],[-41.8922,-14.4105],[-41.8573,-14.4543],[-41.9314,-14.4189],[-41.8923,-14.4977],[-41.8955,-14.5308],[-41.9105,-14.524],[-41.9648,-14.4989],[-42.0704,-14.4461],[-42.0782,-14.4492],[-42.1563,-14.4807],[-42.1595,-14.4647],[-42.1707,-14.4086],[-42.2186,-14.3831],[-42.2306,-14.3769],[-42.2097,-14.3236],[-42.1894,-14.2717],[-42.1861,-14.2634],[-42.2117,-14.2291],[-42.2339,-14.1993],[-42.2218,-14.1923],[-42.2245,-14.1816],[-42.2203,-14.1729],[-42.223,-14.1706],[-42.2237,-14.1666],[-42.216,-14.1591],[-42.1994,-14.1644],[-42.1982,-14.161],[-42.1854,-14.1622],[-42.1833,-14.1582],[-42.186,-14.1536],[-42.1832,-14.1485],[-42.1795,-14.1493]]]}},{"type":"Feature","properties":{"nome":"Rio do Pires","cod":"2926905","uf":"BA"},"geometry":{"type":"Polygon","coordinates":[[[-42.1918,-12.9659],[-42.1718,-12.9883],[-42.1632,-12.9903],[-42.1616,-13.0001],[-42.1456,-13.0159],[-42.1257,-13.0154],[-42.1211,-13.0013],[-42.1058,-13.0039],[-42.0944,-13.001],[-42.0943,-13.0147],[-42.0829,-13.0468],[-42.0754,-13.0753],[-42.058,-13.0821],[-42.0364,-13.1142],[-42.0317,-13.1263],[-42.0183,-13.1333],[-42.0033,-13.1539],[-41.9893,-13.1521],[-41.9731,-13.1563],[-41.9637,-13.1647],[-41.9461,-13.1991],[-41.9372,-13.2287],[-41.9145,-13.2536],[-41.9134,-13.2707],[-41.907,-13.2817],[-41.9047,-13.2905],[-41.9091,-13.2935],[-41.9001,-13.3045],[-41.9021,-13.3099],[-41.9087,-13.3106],[-41.9088,-13.3109],[-42.0024,-13.3209],[-42.0063,-13.3213],[-42.0976,-13.3311],[-42.108,-13.282],[-42.1191,-13.2646],[-42.1259,-13.259],[-42.131,-13.2579],[-42.1378,-13.2484],[-42.1448,-13.2453],[-42.1583,-13.2256],[-42.1706,-13.1842],[-42.1777,-13.1759],[-42.1858,-13.1724],[-42.1859,-13.1716],[-42.1795,-13.1644],[-42.1957,-13.1467],[-42.1952,-13.1409],[-42.2017,-13.1414],[-42.199,-13.1361],[-42.2038,-13.131],[-42.2022,-13.1257],[-42.2141,-13.1229],[-42.2262,-13.1152],[-42.233,-13.1183],[-42.239,-13.1166],[-42.2396,-13.1097],[-42.243,-13.1071],[-42.2642,-13.1218],[-42.2729,-13.1156],[-42.2765,-13.1163],[-42.2837,-13.1261],[-42.2912,-13.132],[-42.2962,-13.1359],[-42.2989,-13.1351],[-42.3078,-13.1284],[-42.3093,-13.1236],[-42.3224,-13.1196],[-42.3286,-13.1078],[-42.3367,-13.1018],[-42.3368,-13.0927],[-42.3426,-13.083],[-42.3404,-13.0742],[-42.3476,-13.069],[-42.3578,-13.072],[-42.3701,-13.0592],[-42.3808,-13.0487],[-42.3747,-13.0492],[-42.3692,-13.0396],[-42.3579,-13.0352],[-42.3512,-13.0341],[-42.337,-13.0425],[-42.3326,-13.0364],[-42.3167,-13.0361],[-42.3048,-13.0266],[-42.297,-13.0298],[-42.2923,-13.0282],[-42.289,-13.0337],[-42.2825,-13.0192],[-42.2655,-13.0053],[-42.2685,-12.9938],[-42.2579,-12.9892],[-42.2578,-12.983],[-42.2525,-12.9836],[-42.2515,-12.9784],[-42.2432,-12.9781],[-42.2318,-12.983],[-42.226,-12.9802],[-42.2238,-12.98],[-42.2124,-12.9834],[-42.2099,-12.9773],[-42.2039,-12.9656],[-42.1965,-12.9683],[-42.1926,-12.9644],[-42.1918,-12.9659]]]}},{"type":"Feature","properties":{"nome":"Rio Real","cod":"2927002","uf":"BA"},"geometry":{"type":"Polygon","coordinates":[[[-37.9784,-11.3653],[-37.9726,-11.3733],[-37.9694,-11.3725],[-37.9684,-11.3814],[-37.9807,-11.3849],[-37.9776,-11.3931],[-37.9675,-11.3901],[-37.9648,-11.3927],[-37.9652,-11.4023],[-37.9607,-11.4013],[-37.9576,-11.396],[-37.9522,-11.3954],[-37.9508,-11.404],[-37.9556,-11.4071],[-37.9456,-11.4128],[-37.9425,-11.4182],[-37.9448,-11.4226],[-37.9417,-11.4228],[-37.9363,-11.4221],[-37.9349,-11.4132],[-37.928,-11.4095],[-37.9287,-11.4015],[-37.9167,-11.4026],[-37.914,-11.4077],[-37.907,-11.4077],[-37.9048,-11.4099],[-37.9061,-11.4197],[-37.9036,-11.4226],[-37.9071,-11.4263],[-37.9019,-11.4276],[-37.9,-11.4366],[-37.8934,-11.4333],[-37.8916,-11.436],[-37.8828,-11.4244],[-37.8676,-11.4258],[-37.8657,-11.4282],[-37.8739,-11.4279],[-37.8807,-11.433],[-37.8698,-11.4354],[-37.8674,-11.442],[-37.8505,-11.4398],[-37.8481,-11.4436],[-37.8522,-11.4459],[-37.8531,-11.4515],[-37.8628,-11.4522],[-37.8633,-11.455],[-37.8628,-11.467],[-37.8481,-11.4695],[-37.8398,-11.4812],[-37.8327,-11.4826],[-37.8245,-11.4912],[-37.8159,-11.4916],[-37.8086,-11.4965],[-37.8128,-11.5009],[-37.8182,-11.4989],[-37.8192,-11.5012],[-37.812,-11.5156],[-37.8004,-11.52],[-37.8041,-11.5229],[-37.811,-11.5367],[-37.8208,-11.541],[-37.8299,-11.5585],[-37.83,-11.5585],[-37.8423,-11.5586],[-37.8288,-11.5748],[-37.8221,-11.5973],[-37.8121,-11.5969],[-37.8033,-11.6034],[-37.8013,-11.607],[-37.8042,-11.6133],[-37.7976,-11.615],[-37.7904,-11.6253],[-37.7767,-11.6372],[-37.7641,-11.6374],[-37.7586,-11.6422],[-37.7591,-11.6477],[-37.753,-11.657],[-37.7504,-11.6593],[-37.7734,-11.6903],[-37.7741,-11.7009],[-37.7836,-11.7217],[-37.7925,-11.73],[-37.8127,-11.7368],[-37.8159,-11.7344],[-37.8234,-11.7371],[-37.8317,-11.7328],[-37.8372,-11.7344],[-37.8411,-11.727],[-37.8449,-11.7291],[-37.852,-11.7249],[-37.8539,-11.7153],[-37.8606,-11.7126],[-37.8625,-11.7068],[-37.8586,-11.6946],[-37.8655,-11.6837],[-37.8715,-11.6833],[-37.8821,-11.6899],[-37.9023,-11.6886],[-37.9119,-11.6805],[-37.9183,-11.6684],[-37.9361,-11.6685],[-37.9453,-11.6508],[-37.948,-11.643],[-37.9462,-11.6355],[-37.9353,-11.6269],[-37.9313,-11.6182],[-37.9357,-11.6141],[-37.9497,-11.6154],[-37.9526,-11.6106],[-37.9678,-11.6056],[-37.9823,-11.5919],[-37.9955,-11.5848],[-38.0065,-11.5748],[-38.0126,-11.5639],[-38.0279,-11.5548],[-38.0433,-11.5451],[-38.0419,-11.5419],[-38.0457,-11.5358],[-38.0584,-11.5246],[-38.0517,-11.5034],[-38.0486,-11.4971],[-38.0527,-11.4898],[-38.063,-11.4762],[-38.0755,-11.4747],[-38.0766,-11.4715],[-38.0798,-11.4646],[-38.0793,-11.4406],[-38.0616,-11.4353],[-38.0459,-11.426],[-38.0269,-11.3968],[-38.0269,-11.3966],[-38.0098,-11.3713],[-37.9897,-11.3413],[-37.9821,-11.3477],[-37.9784,-11.3653]]]}},{"type":"Feature","properties":{"nome":"Rodelas","cod":"2927101","uf":"BA"},"geometry":{"type":"Polygon","coordinates":[[[-38.8037,-8.7888],[-38.7884,-8.7992],[-38.7563,-8.8308],[-38.7393,-8.8444],[-38.7167,-8.8527],[-38.7112,-8.858],[-38.7062,-8.8618],[-38.6957,-8.8901],[-38.6933,-8.9183],[-38.6934,-8.9315],[-38.6898,-8.9449],[-38.674,-8.9713],[-38.6654,-8.9777],[-38.6404,-8.9869],[-38.6303,-8.9847],[-38.6237,-8.9796],[-38.6089,-8.9547],[-38.6072,-8.8928],[-38.6035,-8.8802],[-38.5725,-8.8319],[-38.5547,-8.8229],[-38.5408,-8.8231],[-38.5061,-8.8328],[-38.4795,-8.8497],[-38.4695,-8.8653],[-38.4729,-8.8891],[-38.479,-8.9013],[-38.4892,-8.9106],[-38.5017,-8.9162],[-38.5164,-8.9328],[-38.5195,-8.9472],[-38.5137,-8.9596],[-38.5237,-8.962],[-38.53,-8.9579],[-38.5357,-8.9584],[-38.5477,-8.9762],[-38.5482,-8.9911],[-38.576,-9.0196],[-38.5863,-9.0438],[-38.606,-9.0491],[-38.6244,-9.0608],[-38.6327,-9.0717],[-38.6396,-9.1092],[-38.6379,-9.1126],[-38.6033,-9.18],[-38.5696,-9.2457],[-38.5515,-9.2811],[-38.5117,-9.359],[-38.5117,-9.3742],[-38.5121,-9.4597],[-38.5121,-9.4609],[-38.5115,-9.5513],[-38.5115,-9.5534],[-38.5097,-9.6911],[-38.5969,-9.6742],[-38.7335,-9.6479],[-38.8441,-9.6264],[-38.8002,-9.5368],[-38.7911,-9.5182],[-38.7141,-9.3643],[-38.6831,-9.3024],[-38.683,-9.3023],[-38.6803,-9.297],[-38.7394,-9.2029],[-38.7759,-9.1449],[-38.829,-9.0601],[-38.8454,-9.0352],[-38.8706,-9.0056],[-38.9821,-8.8705],[-38.9845,-8.8651],[-38.9828,-8.8551],[-38.9705,-8.8415],[-38.9645,-8.8267],[-38.9642,-8.8145],[-38.9536,-8.8036],[-38.9433,-8.8038],[-38.9246,-8.7943],[-38.8844,-8.7892],[-38.8677,-8.7834],[-38.8546,-8.7841],[-38.8037,-8.7888]]]}},{"type":"Feature","properties":{"nome":"Ruy Barbosa","cod":"2927200","uf":"BA"},"geometry":{"type":"Polygon","coordinates":[[[-40.9405,-12.1371],[-40.918,-12.1489],[-40.8742,-12.1232],[-40.8673,-12.1192],[-40.7804,-12.1123],[-40.7747,-12.1119],[-40.6876,-12.105],[-40.6355,-12.101],[-40.5677,-12.0958],[-40.5338,-12.0919],[-40.5284,-12.0957],[-40.5233,-12.091],[-40.5172,-12.0964],[-40.5187,-12.1021],[-40.5087,-12.1055],[-40.5076,-12.1108],[-40.5047,-12.1085],[-40.5017,-12.1128],[-40.4951,-12.1056],[-40.4869,-12.106],[-40.4834,-12.1097],[-40.4774,-12.1015],[-40.4694,-12.1072],[-40.4612,-12.1049],[-40.4599,-12.1007],[-40.4563,-12.11],[-40.4591,-12.1145],[-40.4546,-12.1186],[-40.4562,-12.1264],[-40.4451,-12.1289],[-40.451,-12.1321],[-40.4521,-12.1378],[-40.4422,-12.1468],[-40.4412,-12.1576],[-40.4242,-12.1588],[-40.4172,-12.1541],[-40.4167,-12.1687],[-40.4061,-12.1785],[-40.4033,-12.1772],[-40.4025,-12.1768],[-40.3942,-12.1725],[-40.3734,-12.1802],[-40.3624,-12.1927],[-40.3452,-12.1943],[-40.3446,-12.1902],[-40.3203,-12.2027],[-40.3201,-12.2025],[-40.3174,-12.1995],[-40.3105,-12.2047],[-40.3077,-12.2136],[-40.3113,-12.216],[-40.3029,-12.2212],[-40.2858,-12.2172],[-40.2808,-12.2231],[-40.2714,-12.2268],[-40.2701,-12.2203],[-40.2675,-12.2218],[-40.2645,-12.2187],[-40.2244,-12.2239],[-40.2097,-12.2196],[-40.2115,-12.2147],[-40.2042,-12.2148],[-40.1936,-12.2332],[-40.1874,-12.2308],[-40.185,-12.2336],[-40.1772,-12.2289],[-40.181,-12.2234],[-40.1728,-12.2199],[-40.1658,-12.2338],[-40.1612,-12.236],[-40.1564,-12.2374],[-40.1557,-12.2503],[-40.1447,-12.2517],[-40.1419,-12.2462],[-40.1393,-12.2478],[-40.1352,-12.254],[-40.1376,-12.2587],[-40.1355,-12.271],[-40.1304,-12.2752],[-40.1316,-12.2907],[-40.1326,-12.3027],[-40.1233,-12.3042],[-40.1243,-12.3143],[-40.1139,-12.3217],[-40.1165,-12.3245],[-40.1154,-12.33],[-40.1121,-12.3308],[-40.1196,-12.3372],[-40.1293,-12.3383],[-40.1289,-12.3485],[-40.1316,-12.3507],[-40.1394,-12.3465],[-40.1467,-12.3501],[-40.1524,-12.3471],[-40.153,-12.3518],[-40.169,-12.3536],[-40.175,-12.3383],[-40.1833,-12.3305],[-40.182,-12.3211],[-40.1888,-12.3147],[-40.1979,-12.3159],[-40.2022,-12.3051],[-40.2046,-12.2889],[-40.2089,-12.2892],[-40.2111,-12.283],[-40.2188,-12.2837],[-40.227,-12.279],[-40.2288,-12.2813],[-40.2496,-12.2705],[-40.2537,-12.2729],[-40.2615,-12.267],[-40.2692,-12.2675],[-40.2761,-12.2636],[-40.2898,-12.268],[-40.305,-12.2581],[-40.3134,-12.263],[-40.3233,-12.2638],[-40.3244,-12.2595],[-40.3295,-12.2607],[-40.3314,-12.2562],[-40.3383,-12.2639],[-40.3579,-12.2523],[-40.3585,-12.2559],[-40.3648,-12.2585],[-40.3627,-12.2612],[-40.3703,-12.2728],[-40.376,-12.2741],[-40.3831,-12.2722],[-40.391,-12.2619],[-40.405,-12.2751],[-40.417,-12.2807],[-40.4258,-12.27],[-40.4286,-12.2759],[-40.4357,-12.2801],[-40.4402,-12.2982],[-40.4465,-12.3015],[-40.4466,-12.3016],[-40.4653,-12.3025],[-40.4783,-12.3079],[-40.488,-12.3294],[-40.495,-12.3287],[-40.4999,-12.3335],[-40.5041,-12.3551],[-40.5259,-12.3949],[-40.5345,-12.4044],[-40.56,-12.4219],[-40.5617,-12.4341],[-40.5683,-12.4372],[-40.5743,-12.4413],[-40.5854,-12.4502],[-40.685,-12.4457],[-40.74,-12.3967],[-40.7607,-12.3783],[-40.8322,-12.3144],[-40.8326,-12.3142],[-40.975,-12.2712],[-40.9783,-12.2702],[-41.0754,-12.2416],[-41.1195,-12.1124],[-41.0614,-12.115],[-40.9908,-12.1182],[-40.9822,-12.1186],[-40.9753,-12.1189],[-40.9405,-12.1371]]]}},{"type":"Feature","properties":{"nome":"Salinas da Margarida","cod":"2927309","uf":"BA"},"geometry":{"type":"Polygon","coordinates":[[[-38.7067,-12.8693],[-38.7044,-12.8782],[-38.7085,-12.8965],[-38.7257,-12.9268],[-38.7335,-12.9454],[-38.7527,-12.9646],[-38.7744,-12.9477],[-38.7754,-12.9478],[-38.787,-12.944],[-38.7915,-12.9472],[-38.7987,-12.9445],[-38.7996,-12.9382],[-38.8103,-12.9261],[-38.8127,-12.9161],[-38.8148,-12.9088],[-38.8203,-12.9047],[-38.8171,-12.8905],[-38.8213,-12.8904],[-38.8214,-12.8835],[-38.8149,-12.8693],[-38.8046,-12.8707],[-38.7978,-12.8767],[-38.8007,-12.8338],[-38.7648,-12.8225],[-38.7407,-12.8131],[-38.6998,-12.7982],[-38.6968,-12.8137],[-38.7128,-12.8285],[-38.7219,-12.8419],[-38.7211,-12.8558],[-38.7067,-12.8693]]]}},{"type":"Feature","properties":{"nome":"Salvador","cod":"2927408","uf":"BA"},"geometry":{"type":"Polygon","coordinates":[[[-38.6354,-12.7519],[-38.6258,-12.7528],[-38.6216,-12.7502],[-38.6115,-12.7414],[-38.5987,-12.7387],[-38.5998,-12.7343],[-38.5993,-12.7341],[-38.5817,-12.7317],[-38.5688,-12.7353],[-38.5518,-12.7334],[-38.5345,-12.7368],[-38.5244,-12.7386],[-38.5117,-12.7465],[-38.5109,-12.7659],[-38.5022,-12.7802],[-38.4971,-12.7849],[-38.4911,-12.7899],[-38.4853,-12.7837],[-38.4765,-12.7823],[-38.4654,-12.7877],[-38.4629,-12.7921],[-38.4627,-12.7985],[-38.4675,-12.8103],[-38.4658,-12.8268],[-38.4533,-12.8298],[-38.4493,-12.8404],[-38.4406,-12.8397],[-38.43,-12.8462],[-38.431,-12.8565],[-38.4226,-12.8552],[-38.4169,-12.8649],[-38.4087,-12.8706],[-38.4031,-12.8703],[-38.4011,-12.858],[-38.3918,-12.8539],[-38.3932,-12.848],[-38.3945,-12.8435],[-38.3851,-12.8284],[-38.3847,-12.8278],[-38.3807,-12.8211],[-38.3558,-12.8303],[-38.3542,-12.8503],[-38.3577,-12.8912],[-38.3471,-12.8984],[-38.3378,-12.901],[-38.3316,-12.8964],[-38.3157,-12.8994],[-38.2952,-12.8955],[-38.3182,-12.9251],[-38.3467,-12.9503],[-38.357,-12.9548],[-38.3664,-12.9492],[-38.3794,-12.9505],[-38.3808,-12.9533],[-38.3953,-12.9568],[-38.4246,-12.9758],[-38.4569,-13.0043],[-38.4722,-13.0121],[-38.4886,-13.0142],[-38.4981,-13.0077],[-38.5017,-13.0098],[-38.5328,-13.0073],[-38.5829,-12.9993],[-38.5593,-12.9538],[-38.5582,-12.9322],[-38.5618,-12.9195],[-38.5856,-12.8938],[-38.6588,-12.8563],[-38.6795,-12.8417],[-38.6918,-12.826],[-38.6968,-12.8137],[-38.6998,-12.7982],[-38.6958,-12.7505],[-38.6902,-12.7291],[-38.6882,-12.7251],[-38.6366,-12.7248],[-38.6449,-12.7267],[-38.6488,-12.7435],[-38.6354,-12.7519]]]}},{"type":"Feature","properties":{"nome":"Santa Bárbara","cod":"2927507","uf":"BA"},"geometry":{"type":"Polygon","coordinates":[[[-38.978,-11.8139],[-38.9684,-11.8251],[-38.9512,-11.8249],[-38.9402,-11.8331],[-38.9345,-11.837],[-38.9278,-11.8672],[-38.9227,-11.874],[-38.9197,-11.8947],[-38.915,-11.8972],[-38.9067,-11.9223],[-38.9079,-11.9367],[-38.9088,-11.9426],[-38.8985,-11.9734],[-38.8973,-11.9819],[-38.9018,-11.9847],[-38.9034,-11.9947],[-38.8995,-12.0003],[-38.8993,-12.0092],[-38.9521,-12.0168],[-38.9631,-12.0184],[-38.9704,-12.0273],[-38.9839,-12.0439],[-38.9879,-12.0488],[-38.9882,-12.0491],[-38.9992,-12.0628],[-39.0081,-12.0624],[-39.0335,-12.0614],[-39.054,-12.0115],[-39.0562,-12.0061],[-39.0541,-12.0045],[-39.0595,-11.9974],[-39.0545,-11.9846],[-39.0589,-11.9765],[-39.0522,-11.962],[-39.0434,-11.9342],[-39.0332,-11.9272],[-39.0305,-11.9286],[-39.0139,-11.9115],[-39.0121,-11.8907],[-39.0237,-11.8831],[-39.0264,-11.8686],[-39.0328,-11.8617],[-39.0611,-11.8419],[-39.0612,-11.8371],[-39.076,-11.8284],[-39.0569,-11.8286],[-39.0456,-11.8234],[-39.0393,-11.8259],[-39.0226,-11.8189],[-39.0132,-11.821],[-39.0106,-11.8149],[-38.9986,-11.8082],[-38.997,-11.8059],[-38.9781,-11.8138],[-38.978,-11.8139]]]}},{"type":"Feature","properties":{"nome":"Santa Brígida","cod":"2927606","uf":"BA"},"geometry":{"type":"Polygon","coordinates":[[[-38.0387,-9.5831],[-38.0402,-9.6022],[-38.0349,-9.6122],[-38.0184,-9.6231],[-38.0156,-9.629],[-38.0084,-9.6314],[-38.0077,-9.636],[-37.9898,-9.6412],[-37.9875,-9.647],[-37.9902,-9.65],[-37.99,-9.6555],[-37.9927,-9.6564],[-37.9967,-9.65],[-38.0067,-9.6513],[-38.0218,-9.6664],[-38.0246,-9.6825],[-38.0396,-9.6862],[-38.0415,-9.691],[-38.043,-9.7118],[-38.0394,-9.7329],[-38.0387,-9.7341],[-38.0333,-9.7597],[-38.0295,-9.7651],[-38.0312,-9.7706],[-38.0279,-9.7757],[-38.0198,-9.7775],[-38.0168,-9.787],[-37.9974,-9.8029],[-37.973,-9.814],[-37.9663,-9.8156],[-37.9661,-9.8195],[-37.9743,-9.8296],[-37.9762,-9.8417],[-37.9726,-9.8477],[-37.9764,-9.8601],[-37.9822,-9.8684],[-37.9854,-9.8894],[-37.9915,-9.9022],[-38.0324,-9.895],[-38.1008,-9.883],[-38.1276,-9.8783],[-38.1899,-9.8673],[-38.2452,-9.8492],[-38.2606,-9.8341],[-38.2611,-9.8335],[-38.3139,-9.7714],[-38.3142,-9.771],[-38.3568,-9.7208],[-38.3525,-9.7131],[-38.3441,-9.7075],[-38.3252,-9.7059],[-38.322,-9.7013],[-38.3216,-9.688],[-38.3133,-9.6822],[-38.3087,-9.67],[-38.302,-9.6644],[-38.2877,-9.6636],[-38.2787,-9.6545],[-38.2749,-9.6552],[-38.2735,-9.6554],[-38.2726,-9.6557],[-38.2416,-9.6778],[-38.2239,-9.6768],[-38.2238,-9.6768],[-38.1902,-9.6768],[-38.1758,-9.6696],[-38.1672,-9.6729],[-38.1565,-9.6775],[-38.1504,-9.661],[-38.1436,-9.6585],[-38.1383,-9.6562],[-38.1336,-9.648],[-38.1244,-9.645],[-38.1221,-9.6198],[-38.1144,-9.6137],[-38.1042,-9.6149],[-38.0983,-9.6087],[-38.0898,-9.6113],[-38.0886,-9.6076],[-38.0862,-9.6041],[-38.0859,-9.5989],[-38.0731,-9.5957],[-38.0629,-9.5878],[-38.051,-9.5886],[-38.0387,-9.5831]]]}},{"type":"Feature","properties":{"nome":"Santa Cruz Cabrália","cod":"2927705","uf":"BA"},"geometry":{"type":"Polygon","coordinates":[[[-39.1558,-16.0571],[-38.9532,-16.0909],[-38.9485,-16.0917],[-38.9532,-16.098],[-38.9577,-16.1248],[-38.9556,-16.1404],[-38.9487,-16.1558],[-38.9566,-16.1647],[-38.9643,-16.1879],[-38.9691,-16.1888],[-38.9752,-16.2121],[-38.9915,-16.2207],[-39.0092,-16.2419],[-39.0111,-16.2489],[-39.0172,-16.2521],[-39.0209,-16.2598],[-39.0212,-16.2748],[-39.022,-16.2762],[-39.0218,-16.2828],[-39.0133,-16.2614],[-39.0234,-16.3021],[-39.0204,-16.3223],[-39.0134,-16.3293],[-39.0051,-16.332],[-39.0059,-16.3398],[-39.015,-16.3393],[-39.0183,-16.3479],[-39.0299,-16.3514],[-39.0358,-16.3486],[-39.065,-16.3532],[-39.1038,-16.3646],[-39.1136,-16.3615],[-39.1436,-16.3784],[-39.1495,-16.3786],[-39.1526,-16.3848],[-39.1786,-16.3897],[-39.188,-16.3946],[-39.2195,-16.3846],[-39.2325,-16.3771],[-39.2347,-16.3749],[-39.2407,-16.3707],[-39.2569,-16.3674],[-39.2949,-16.3749],[-39.3055,-16.3705],[-39.3139,-16.3719],[-39.3254,-16.384],[-39.3333,-16.3878],[-39.3513,-16.3896],[-39.3741,-16.3851],[-39.3991,-16.3907],[-39.4166,-16.3955],[-39.435,-16.3853],[-39.4437,-16.3857],[-39.4619,-16.3945],[-39.4826,-16.3862],[-39.4868,-16.3875],[-39.49,-16.396],[-39.4935,-16.3871],[-39.4905,-16.3835],[-39.4784,-16.3718],[-39.4487,-16.2649],[-39.4377,-16.2254],[-39.4286,-16.1928],[-39.4018,-16.097],[-39.3733,-16.1049],[-39.3481,-16.1206],[-39.2871,-16.1073],[-39.2751,-16.1072],[-39.2748,-16.1072],[-39.2658,-16.1063],[-39.2561,-16.1022],[-39.2306,-16.0812],[-39.1785,-16.0686],[-39.1777,-16.0625],[-39.1877,-16.0518],[-39.1558,-16.0571]]]}},{"type":"Feature","properties":{"nome":"Santa Cruz da Vitória","cod":"2927804","uf":"BA"},"geometry":{"type":"Polygon","coordinates":[[[-39.8387,-14.8103],[-39.8313,-14.8168],[-39.8313,-14.8285],[-39.8151,-14.8289],[-39.8122,-14.8389],[-39.8074,-14.8381],[-39.7993,-14.8432],[-39.795,-14.848],[-39.8012,-14.8596],[-39.7982,-14.8787],[-39.7886,-14.8878],[-39.7767,-14.8911],[-39.7737,-14.9071],[-39.7705,-14.9085],[-39.7633,-14.9033],[-39.7515,-14.9073],[-39.7488,-14.9131],[-39.7444,-14.9221],[-39.7379,-14.9144],[-39.7386,-14.9102],[-39.7322,-14.9138],[-39.7328,-14.9255],[-39.7175,-14.9233],[-39.7127,-14.9281],[-39.7006,-14.9315],[-39.7034,-14.9468],[-39.6967,-14.9518],[-39.6866,-14.9534],[-39.6856,-14.9612],[-39.6901,-14.9705],[-39.7013,-14.9753],[-39.7072,-14.9728],[-39.7271,-14.9845],[-39.7353,-14.9834],[-39.738,-14.975],[-39.7428,-14.9761],[-39.7472,-14.9761],[-39.7536,-14.9842],[-39.7593,-14.9851],[-39.775,-14.9901],[-39.779,-14.9845],[-39.8007,-14.9823],[-39.8085,-14.9734],[-39.8124,-14.9695],[-39.8168,-14.9695],[-39.8282,-14.982],[-39.8365,-15.0003],[-39.8551,-15.003],[-39.8607,-15.0117],[-39.869,-15.0126],[-39.8712,-15.0153],[-39.8845,-15.0127],[-39.8815,-15.0044],[-39.873,-15.0015],[-39.8685,-14.9803],[-39.8642,-14.9763],[-39.8684,-14.9504],[-39.8746,-14.9121],[-39.882,-14.8665],[-39.8821,-14.8658],[-39.8766,-14.8145],[-39.8748,-14.815],[-39.8683,-14.7886],[-39.8575,-14.7868],[-39.84,-14.7779],[-39.8369,-14.7795],[-39.8381,-14.7852],[-39.8523,-14.7955],[-39.8508,-14.8092],[-39.8387,-14.8103]]]}},{"type":"Feature","properties":{"nome":"Santa Inês","cod":"2927903","uf":"BA"},"geometry":{"type":"Polygon","coordinates":[[[-39.8183,-13.222],[-39.7985,-13.2366],[-39.7711,-13.2405],[-39.7645,-13.2459],[-39.7629,-13.2471],[-39.767,-13.2627],[-39.7664,-13.2832],[-39.7543,-13.3181],[-39.7545,-13.3351],[-39.749,-13.3546],[-39.7538,-13.3788],[-39.7518,-13.393],[-39.7598,-13.3993],[-39.8103,-13.3522],[-39.8103,-13.3522],[-39.8204,-13.3428],[-39.8914,-13.3852],[-39.8995,-13.39],[-39.9357,-13.3442],[-39.9515,-13.3242],[-39.9813,-13.3248],[-39.9158,-13.2607],[-39.914,-13.2486],[-39.9157,-13.2369],[-39.9211,-13.2377],[-39.9374,-13.2232],[-39.9707,-13.1873],[-39.8949,-13.1887],[-39.8947,-13.1887],[-39.8535,-13.1891],[-39.837,-13.1893],[-39.8372,-13.195],[-39.8265,-13.2147],[-39.8183,-13.222]]]}},{"type":"Feature","properties":{"nome":"Santaluz","cod":"2928000","uf":"BA"},"geometry":{"type":"Polygon","coordinates":[[[-39.343,-10.9763],[-39.3362,-10.9797],[-39.327,-10.9777],[-39.3251,-10.9824],[-39.3122,-10.9892],[-39.2918,-10.9849],[-39.2779,-10.9872],[-39.2825,-10.9906],[-39.2721,-10.9979],[-39.27,-11.0047],[-39.2769,-11.0127],[-39.2737,-11.0208],[-39.2886,-11.0298],[-39.2893,-11.0438],[-39.3003,-11.053],[-39.3046,-11.0632],[-39.3107,-11.0653],[-39.3006,-11.0869],[-39.2752,-11.1405],[-39.2749,-11.1411],[-39.2415,-11.2117],[-39.2409,-11.213],[-39.2407,-11.2133],[-39.2413,-11.2154],[-39.2621,-11.2883],[-39.2827,-11.3606],[-39.2834,-11.3633],[-39.3692,-11.335],[-39.4005,-11.3246],[-39.4426,-11.3107],[-39.4793,-11.2985],[-39.4866,-11.3023],[-39.5275,-11.3226],[-39.5327,-11.3252],[-39.6185,-11.3672],[-39.6901,-11.4023],[-39.7013,-11.3991],[-39.7035,-11.3999],[-39.7111,-11.4012],[-39.713,-11.3967],[-39.7194,-11.3947],[-39.7347,-11.4034],[-39.7388,-11.4164],[-39.7508,-11.4221],[-39.7576,-11.4206],[-39.7563,-11.4267],[-39.7652,-11.4292],[-39.8615,-11.3181],[-39.8621,-11.3175],[-39.8652,-11.3139],[-39.8562,-11.3101],[-39.8536,-11.309],[-39.8356,-11.3048],[-39.8272,-11.292],[-39.8139,-11.2834],[-39.8018,-11.28],[-39.7916,-11.2707],[-39.7555,-11.2578],[-39.7316,-11.2403],[-39.7093,-11.2295],[-39.7034,-11.2236],[-39.6646,-11.213],[-39.6492,-11.2003],[-39.6372,-11.1842],[-39.6323,-11.1781],[-39.6181,-11.1726],[-39.6078,-11.1613],[-39.6069,-11.1554],[-39.5896,-11.1484],[-39.578,-11.1382],[-39.573,-11.133],[-39.549,-11.1236],[-39.541,-11.1151],[-39.5167,-11.1048],[-39.511,-11.1009],[-39.5092,-11.0947],[-39.4938,-11.0945],[-39.481,-11.0807],[-39.4746,-11.0677],[-39.465,-11.0621],[-39.4569,-11.0646],[-39.4553,-11.0611],[-39.4434,-11.0431],[-39.4258,-11.031],[-39.4196,-11.029],[-39.4149,-11.0353],[-39.4107,-11.0277],[-39.4171,-11.0195],[-39.414,-11.0072],[-39.384,-11.0021],[-39.3822,-10.9981],[-39.375,-10.9953],[-39.3678,-10.9944],[-39.3656,-10.9973],[-39.3654,-10.9873],[-39.3562,-10.9897],[-39.348,-10.9733],[-39.3435,-10.9721],[-39.343,-10.9763]]]}},{"type":"Feature","properties":{"nome":"Santa Luzia","cod":"2928059","uf":"BA"},"geometry":{"type":"Polygon","coordinates":[[[-39.4382,-15.3118],[-39.4325,-15.3334],[-39.4209,-15.3345],[-39.4116,-15.3298],[-39.4057,-15.3306],[-39.4017,-15.3378],[-39.3983,-15.3446],[-39.3999,-15.3484],[-39.3881,-15.3469],[-39.3782,-15.3516],[-39.3729,-15.3499],[-39.3733,-15.3414],[-39.3668,-15.3372],[-39.3505,-15.3336],[-39.3449,-15.3369],[-39.3366,-15.3374],[-39.3272,-15.3326],[-39.3247,-15.3288],[-39.2979,-15.3328],[-39.2905,-15.3318],[-39.286,-15.3387],[-39.2771,-15.3435],[-39.274,-15.3502],[-39.2505,-15.3531],[-39.2048,-15.3587],[-39.204,-15.3588],[-39.1619,-15.3639],[-39.1062,-15.3707],[-39.0868,-15.3731],[-39.0603,-15.3763],[-39.01,-15.3824],[-39.0238,-15.4074],[-39.0198,-15.414],[-39.0254,-15.4259],[-39.0208,-15.4376],[-39.0447,-15.459],[-39.0899,-15.4696],[-39.1046,-15.4863],[-39.1142,-15.4869],[-39.1236,-15.4921],[-39.1434,-15.4938],[-39.1535,-15.4899],[-39.1663,-15.4955],[-39.1827,-15.4915],[-39.1985,-15.4944],[-39.2088,-15.5015],[-39.2103,-15.5067],[-39.2078,-15.5108],[-39.1949,-15.5316],[-39.1865,-15.5262],[-39.1823,-15.5317],[-39.1692,-15.5342],[-39.1696,-15.5369],[-39.1649,-15.5389],[-39.1673,-15.5566],[-39.1733,-15.5585],[-39.1747,-15.5717],[-39.1675,-15.5758],[-39.1534,-15.5738],[-39.1497,-15.5797],[-39.1517,-15.5891],[-39.1436,-15.588],[-39.1411,-15.5926],[-39.1573,-15.5999],[-39.1607,-15.6025],[-39.1736,-15.5963],[-39.1836,-15.5972],[-39.1882,-15.5924],[-39.209,-15.5945],[-39.2123,-15.6016],[-39.2231,-15.6051],[-39.2232,-15.6111],[-39.2293,-15.6141],[-39.2342,-15.6221],[-39.2579,-15.6278],[-39.2616,-15.633],[-39.2616,-15.6329],[-39.2844,-15.5658],[-39.2745,-15.5636],[-39.2782,-15.5571],[-39.3021,-15.5504],[-39.3047,-15.5479],[-39.3022,-15.5424],[-39.308,-15.5403],[-39.3034,-15.5377],[-39.3033,-15.5328],[-39.3113,-15.5267],[-39.31,-15.5213],[-39.319,-15.5184],[-39.3214,-15.5135],[-39.3403,-15.5014],[-39.3427,-15.4952],[-39.3506,-15.4899],[-39.359,-15.4915],[-39.3651,-15.4825],[-39.3632,-15.4704],[-39.3661,-15.4558],[-39.3699,-15.4523],[-39.369,-15.4461],[-39.3755,-15.439],[-39.3805,-15.4249],[-39.3833,-15.4219],[-39.3924,-15.4226],[-39.3986,-15.4178],[-39.4225,-15.411],[-39.4283,-15.4054],[-39.4225,-15.3876],[-39.431,-15.3825],[-39.4418,-15.3844],[-39.4431,-15.3993],[-39.4532,-15.4078],[-39.4581,-15.4085],[-39.4657,-15.4003],[-39.4589,-15.3882],[-39.46,-15.3628],[-39.4687,-15.3606],[-39.4741,-15.3505],[-39.4685,-15.3352],[-39.4614,-15.3301],[-39.4588,-15.3124],[-39.4485,-15.3139],[-39.443,-15.3106],[-39.4382,-15.3118]]]}},{"type":"Feature","properties":{"nome":"Santa Maria da Vitória","cod":"2928109","uf":"BA"},"geometry":{"type":"Polygon","coordinates":[[[-44.6012,-12.9597],[-44.5937,-12.9672],[-44.5859,-12.9679],[-44.5773,-12.9804],[-44.5528,-12.9945],[-44.485,-13.0369],[-44.3844,-13.0936],[-44.3501,-13.1128],[-44.3188,-13.1259],[-44.2883,-13.128],[-44.2775,-13.1383],[-44.2704,-13.1464],[-44.2672,-13.1485],[-44.2396,-13.1936],[-44.2341,-13.1971],[-44.2251,-13.2023],[-44.1931,-13.1984],[-44.1786,-13.2018],[-44.1754,-13.1974],[-44.1627,-13.1956],[-44.1515,-13.1956],[-44.1405,-13.2046],[-44.1327,-13.2146],[-44.1229,-13.2178],[-44.1157,-13.2271],[-44.117,-13.2303],[-44.0867,-13.2309],[-44.0726,-13.2266],[-44.0643,-13.2297],[-44.0569,-13.2329],[-44.023,-13.2691],[-44.0168,-13.2984],[-44.0193,-13.3033],[-44.0127,-13.3084],[-44.0093,-13.3111],[-44.0077,-13.3139],[-44.0317,-13.3169],[-44.0315,-13.3208],[-44.0249,-13.3256],[-44.028,-13.3362],[-44.0391,-13.3415],[-44.0449,-13.336],[-44.0518,-13.3403],[-44.0505,-13.3458],[-44.0541,-13.3476],[-44.0611,-13.3446],[-44.0718,-13.3575],[-44.0689,-13.3653],[-44.0729,-13.3613],[-44.0836,-13.3599],[-44.092,-13.3701],[-44.0983,-13.3653],[-44.1155,-13.3693],[-44.1196,-13.3759],[-44.1389,-13.3812],[-44.1399,-13.386],[-44.1501,-13.3944],[-44.1656,-13.388],[-44.1779,-13.395],[-44.1869,-13.3943],[-44.1896,-13.3939],[-44.195,-13.3939],[-44.1995,-13.4018],[-44.1998,-13.4117],[-44.2014,-13.4152],[-44.2084,-13.4222],[-44.2079,-13.4158],[-44.2133,-13.4142],[-44.2185,-13.4253],[-44.2247,-13.4278],[-44.2313,-13.4269],[-44.2359,-13.4178],[-44.2457,-13.4126],[-44.2481,-13.4179],[-44.2546,-13.4194],[-44.2587,-13.4165],[-44.256,-13.4117],[-44.2621,-13.4093],[-44.2638,-13.4046],[-44.2688,-13.413],[-44.2789,-13.4097],[-44.2814,-13.4052],[-44.2885,-13.4001],[-44.2971,-13.4007],[-44.2988,-13.396],[-44.3034,-13.3967],[-44.3047,-13.4038],[-44.3082,-13.4055],[-44.3175,-13.3981],[-44.325,-13.3998],[-44.3279,-13.4011],[-44.3309,-13.3962],[-44.3386,-13.3977],[-44.3376,-13.3923],[-44.3455,-13.393],[-44.3499,-13.3901],[-44.3714,-13.3967],[-44.3916,-13.3826],[-44.4057,-13.3882],[-44.4132,-13.3812],[-44.4215,-13.3846],[-44.4268,-13.3795],[-44.4254,-13.3734],[-44.4265,-13.3685],[-44.4306,-13.3697],[-44.4373,-13.3808],[-44.4464,-13.382],[-44.4511,-13.3864],[-44.453,-13.3792],[-44.4808,-13.3827],[-44.4898,-13.3793],[-44.492,-13.3708],[-44.5136,-13.3716],[-44.5199,-13.3639],[-44.5197,-13.3586],[-44.5296,-13.354],[-44.5461,-13.3488],[-44.5442,-13.3432],[-44.5487,-13.3399],[-44.5457,-13.3359],[-44.5574,-13.3318],[-44.5582,-13.3277],[-44.5521,-13.3225],[-44.5589,-13.3178],[-44.5564,-13.3064],[-44.5629,-13.3013],[-44.5631,-13.2934],[-44.5594,-13.2885],[-44.5641,-13.283],[-44.5604,-13.2748],[-44.5677,-13.2616],[-44.5723,-13.2637],[-44.576,-13.2574],[-44.5725,-13.2549],[-44.576,-13.2424],[-44.5793,-13.244],[-44.5845,-13.2402],[-44.5843,-13.2275],[-44.5964,-13.2256],[-44.5924,-13.2187],[-44.5969,-13.2151],[-44.5967,-13.2088],[-44.6071,-13.2067],[-44.604,-13.2013],[-44.6122,-13.1971],[-44.6114,-13.1938],[-44.6196,-13.1862],[-44.6209,-13.1849],[-44.6225,-13.1832],[-44.6234,-13.1773],[-44.6292,-13.1791],[-44.6285,-13.1736],[-44.6375,-13.1744],[-44.642,-13.1686],[-44.6538,-13.1666],[-44.6559,-13.1611],[-44.6608,-13.1503],[-44.6639,-13.1524],[-44.6671,-13.1469],[-44.6749,-13.148],[-44.6709,-13.1391],[-44.6781,-13.1305],[-44.687,-13.1284],[-44.6859,-13.1202],[-44.6895,-13.12],[-44.6951,-13.1111],[-44.6944,-13.1059],[-44.7014,-13.1022],[-44.7038,-13.0972],[-44.6977,-13.0942],[-44.7064,-13.0835],[-44.7123,-13.081],[-44.7142,-13.0734],[-44.713,-13.0724],[-44.6171,-12.9911],[-44.6189,-12.9769],[-44.6229,-12.9721],[-44.6172,-12.9674],[-44.6186,-12.9611],[-44.6136,-12.965],[-44.6113,-12.9598],[-44.6012,-12.9597]]]}},{"type":"Feature","properties":{"nome":"Santana","cod":"2928208","uf":"BA"},"geometry":{"type":"Polygon","coordinates":[[[-44.022,-12.8724],[-44.0215,-12.8726],[-43.9877,-12.8889],[-43.9295,-12.9173],[-43.8959,-12.9316],[-43.8833,-12.9507],[-43.8901,-12.9632],[-43.89,-12.966],[-43.8851,-12.9667],[-43.8256,-12.9857],[-43.8208,-12.9836],[-43.817,-12.9756],[-43.7998,-12.9719],[-43.7944,-12.9762],[-43.7787,-12.9712],[-43.752,-12.9539],[-43.7321,-12.9496],[-43.7265,-12.9417],[-43.7183,-12.939],[-43.7174,-12.9309],[-43.7057,-12.9428],[-43.6981,-12.9408],[-43.6906,-12.932],[-43.6791,-12.9367],[-43.6719,-12.932],[-43.6597,-12.9367],[-43.6504,-12.9303],[-43.6491,-12.9247],[-43.6388,-12.9283],[-43.6296,-12.9227],[-43.6161,-12.9249],[-43.5997,-12.9222],[-43.5951,-12.9279],[-43.5925,-12.9254],[-43.5859,-12.9265],[-43.6008,-12.9385],[-43.7229,-13.0362],[-43.7241,-13.0372],[-43.7464,-13.0546],[-43.7356,-13.0547],[-43.7315,-13.0578],[-43.7248,-13.0697],[-43.7244,-13.0795],[-43.7198,-13.0837],[-43.7133,-13.0831],[-43.7157,-13.0862],[-43.7119,-13.0847],[-43.7019,-13.0999],[-43.6988,-13.0975],[-43.699,-13.1039],[-43.6925,-13.1053],[-43.6915,-13.1145],[-43.6873,-13.1135],[-43.685,-13.1167],[-43.6819,-13.1133],[-43.6779,-13.1142],[-43.6828,-13.118],[-43.6781,-13.1241],[-43.6714,-13.1234],[-43.6727,-13.1263],[-43.6627,-13.1297],[-43.66,-13.1271],[-43.6563,-13.1323],[-43.6533,-13.1318],[-43.652,-13.1379],[-43.6464,-13.1376],[-43.6411,-13.1616],[-43.635,-13.1707],[-43.638,-13.1718],[-43.6408,-13.1844],[-43.6508,-13.1834],[-43.675,-13.1698],[-43.6829,-13.1693],[-43.6967,-13.1706],[-43.7052,-13.1876],[-43.7185,-13.1819],[-43.7256,-13.1843],[-43.7333,-13.1946],[-43.7284,-13.2019],[-43.7307,-13.2053],[-43.7585,-13.2071],[-43.7763,-13.2205],[-43.7957,-13.2228],[-43.8029,-13.219],[-43.8158,-13.2286],[-43.8391,-13.247],[-43.8508,-13.2603],[-43.8573,-13.2617],[-43.8657,-13.2637],[-43.8758,-13.2761],[-43.8815,-13.3024],[-43.9061,-13.3013],[-43.9109,-13.2938],[-43.9158,-13.2942],[-43.9182,-13.298],[-43.9411,-13.3031],[-43.9462,-13.3144],[-43.9555,-13.3186],[-43.9728,-13.307],[-43.9891,-13.3206],[-44.0077,-13.3139],[-44.0093,-13.3111],[-44.0127,-13.3084],[-44.0193,-13.3033],[-44.0168,-13.2984],[-44.023,-13.2691],[-44.0569,-13.2329],[-44.0643,-13.2297],[-44.0726,-13.2266],[-44.0867,-13.2309],[-44.117,-13.2303],[-44.1157,-13.2271],[-44.1229,-13.2178],[-44.1327,-13.2146],[-44.1405,-13.2046],[-44.1147,-13.1462],[-44.0983,-13.1091],[-44.0766,-13.06],[-44.0766,-13.0599],[-44.1255,-13.0316],[-44.1295,-13.0293],[-44.2072,-12.9876],[-44.2564,-12.9809],[-44.2639,-12.97],[-44.2666,-12.965],[-44.2794,-12.958],[-44.2567,-12.9307],[-44.2514,-12.9071],[-44.2565,-12.8891],[-44.2542,-12.881],[-44.2422,-12.8706],[-44.2323,-12.8681],[-44.2136,-12.8693],[-44.2044,-12.8758],[-44.19,-12.8787],[-44.1823,-12.8751],[-44.1712,-12.8517],[-44.1774,-12.8195],[-44.17,-12.8122],[-44.151,-12.8105],[-44.1237,-12.8236],[-44.1059,-12.8321],[-44.0651,-12.8517],[-44.022,-12.8724]]]}},{"type":"Feature","properties":{"nome":"Santanópolis","cod":"2928307","uf":"BA"},"geometry":{"type":"Polygon","coordinates":[[[-38.7994,-12.0119],[-38.7993,-12.0122],[-38.7963,-12.0201],[-38.8053,-12.0123],[-38.8076,-12.0192],[-38.819,-12.0536],[-38.8314,-12.0916],[-38.8415,-12.1232],[-38.8419,-12.1247],[-38.8513,-12.1264],[-38.8593,-12.1438],[-38.8661,-12.1445],[-38.8701,-12.1353],[-38.8806,-12.1344],[-38.8916,-12.1179],[-38.8802,-12.1081],[-38.874,-12.0964],[-38.8801,-12.0828],[-38.8815,-12.0652],[-38.8933,-12.0597],[-38.8982,-12.0499],[-38.8983,-12.0497],[-38.9043,-12.0315],[-38.9002,-12.0194],[-38.9023,-12.0115],[-38.8993,-12.0092],[-38.8995,-12.0003],[-38.9034,-11.9947],[-38.9018,-11.9847],[-38.8973,-11.9819],[-38.8985,-11.9734],[-38.9088,-11.9426],[-38.9079,-11.9367],[-38.9067,-11.9223],[-38.915,-11.8972],[-38.9106,-11.8892],[-38.8676,-11.8116],[-38.8337,-11.9157],[-38.8337,-11.9158],[-38.8235,-11.947],[-38.8131,-11.9749],[-38.7994,-12.0119]]]}},{"type":"Feature","properties":{"nome":"Santa Rita de Cássia","cod":"2928406","uf":"BA"},"geometry":{"type":"Polygon","coordinates":[[[-44.2825,-10.6067],[-44.2636,-10.6242],[-44.2411,-10.6269],[-44.2137,-10.614],[-44.2082,-10.6149],[-44.1926,-10.6282],[-44.1779,-10.631],[-44.1758,-10.6392],[-44.1628,-10.6524],[-44.1491,-10.6895],[-44.1239,-10.7542],[-44.1081,-10.8077],[-44.1129,-10.809],[-44.1198,-10.8132],[-44.1187,-10.8243],[-44.1231,-10.828],[-44.1343,-10.8289],[-44.1383,-10.8347],[-44.1371,-10.8443],[-44.144,-10.8643],[-44.1395,-10.8851],[-44.1491,-10.8958],[-44.1496,-10.9097],[-44.1453,-10.922],[-44.1506,-10.9267],[-44.1503,-10.9333],[-44.1569,-10.9372],[-44.1588,-10.9459],[-44.1634,-10.9481],[-44.1614,-10.9578],[-44.1752,-10.9674],[-44.1858,-10.9911],[-44.1993,-10.9971],[-44.2011,-11.0052],[-44.218,-11.0277],[-44.2157,-11.0345],[-44.222,-11.0419],[-44.2251,-11.0633],[-44.2189,-11.0858],[-44.2257,-11.093],[-44.2297,-11.1003],[-44.2449,-11.1299],[-44.2581,-11.1475],[-44.2966,-11.1837],[-44.3328,-11.2128],[-44.3513,-11.2281],[-44.4958,-11.4027],[-44.4974,-11.3991],[-44.5159,-11.4154],[-44.532,-11.4186],[-44.541,-11.4175],[-44.5437,-11.4106],[-44.5531,-11.4031],[-44.5951,-11.4049],[-44.6032,-11.4081],[-44.6225,-11.408],[-44.6242,-11.4045],[-44.6299,-11.4045],[-44.6387,-11.4089],[-44.6443,-11.4048],[-44.6548,-11.4087],[-44.6719,-11.4125],[-44.677,-11.4091],[-44.683,-11.4113],[-44.6857,-11.4077],[-44.6933,-11.4101],[-44.7065,-11.3977],[-44.7174,-11.3986],[-44.7357,-11.4031],[-44.7709,-11.4222],[-44.792,-11.418],[-44.8011,-11.3992],[-44.8138,-11.3868],[-44.8189,-11.3841],[-44.8306,-11.3886],[-44.8375,-11.3852],[-44.8486,-11.3742],[-44.8563,-11.3582],[-44.8644,-11.3521],[-44.8727,-11.3465],[-44.8875,-11.3546],[-44.8998,-11.3489],[-44.9102,-11.3536],[-44.9174,-11.3504],[-44.9332,-11.3426],[-44.9359,-11.3425],[-44.9372,-11.3425],[-44.9399,-11.3411],[-44.9419,-11.3395],[-44.9593,-11.3529],[-44.9638,-11.3491],[-44.9765,-11.3545],[-44.9841,-11.2545],[-44.9866,-11.2221],[-44.9769,-11.1867],[-44.9847,-11.1526],[-45.0073,-11.1262],[-45.0,-11.116],[-45.0016,-11.1135],[-44.9928,-11.111],[-44.9831,-11.1005],[-44.9837,-11.0976],[-44.9751,-11.0925],[-44.9721,-11.0828],[-44.9621,-11.0791],[-44.958,-11.0698],[-44.9662,-11.0519],[-44.9759,-11.0407],[-44.9724,-11.0169],[-44.9723,-11.0071],[-44.9723,-11.007],[-44.9735,-10.8911],[-44.968,-10.9001],[-44.9308,-10.9283],[-44.9096,-10.9115],[-44.9008,-10.9096],[-44.897,-10.9025],[-44.884,-10.9019],[-44.8634,-10.8848],[-44.8546,-10.8841],[-44.8503,-10.8984],[-44.8439,-10.8996],[-44.8218,-10.8747],[-44.8107,-10.87],[-44.8078,-10.8555],[-44.8099,-10.8462],[-44.7877,-10.8081],[-44.7778,-10.8036],[-44.7585,-10.8044],[-44.7579,-10.7886],[-44.7508,-10.7817],[-44.7235,-10.7673],[-44.7114,-10.7608],[-44.6847,-10.7686],[-44.6664,-10.7585],[-44.6624,-10.7501],[-44.6609,-10.7323],[-44.6692,-10.6917],[-44.6662,-10.6819],[-44.6548,-10.6763],[-44.6266,-10.6752],[-44.6086,-10.6622],[-44.5891,-10.632],[-44.5774,-10.6263],[-44.5507,-10.6282],[-44.5219,-10.6494],[-44.5041,-10.6503],[-44.4763,-10.6389],[-44.4632,-10.6148],[-44.4559,-10.6077],[-44.4433,-10.6062],[-44.4232,-10.6128],[-44.3982,-10.6058],[-44.344,-10.5492],[-44.3327,-10.5483],[-44.3141,-10.5569],[-44.3014,-10.5716],[-44.2825,-10.6067]]]}},{"type":"Feature","properties":{"nome":"Santa Teresinha","cod":"2928505","uf":"BA"},"geometry":{"type":"Polygon","coordinates":[[[-39.5181,-12.5867],[-39.4851,-12.5955],[-39.4575,-12.6112],[-39.4414,-12.6136],[-39.4395,-12.6141],[-39.4416,-12.6188],[-39.442,-12.6343],[-39.4353,-12.6483],[-39.4394,-12.6586],[-39.4354,-12.6627],[-39.4346,-12.6751],[-39.4433,-12.6857],[-39.4624,-12.6956],[-39.4631,-12.6992],[-39.4687,-12.7009],[-39.4699,-12.7163],[-39.4741,-12.7243],[-39.4842,-12.7229],[-39.483,-12.7271],[-39.4864,-12.7307],[-39.4939,-12.7595],[-39.5052,-12.8101],[-39.4918,-12.812],[-39.4829,-12.8261],[-39.4816,-12.83],[-39.4878,-12.8329],[-39.4823,-12.8426],[-39.4737,-12.8443],[-39.4744,-12.8514],[-39.5198,-12.8762],[-39.5201,-12.8764],[-39.532,-12.8821],[-39.5752,-12.8968],[-39.5957,-12.8942],[-39.5957,-12.8942],[-39.679,-12.8838],[-39.675,-12.7764],[-39.675,-12.7763],[-39.6742,-12.7543],[-39.6522,-12.7169],[-39.653,-12.7018],[-39.6605,-12.6885],[-39.654,-12.6825],[-39.6536,-12.6724],[-39.6536,-12.6722],[-39.6526,-12.6676],[-39.658,-12.6646],[-39.656,-12.6574],[-39.6647,-12.6523],[-39.6678,-12.646],[-39.6712,-12.634],[-39.6687,-12.6256],[-39.6404,-12.5865],[-39.6378,-12.5841],[-39.6308,-12.5848],[-39.6228,-12.5981],[-39.6121,-12.5982],[-39.602,-12.5856],[-39.6054,-12.5775],[-39.6028,-12.5729],[-39.5851,-12.5663],[-39.5795,-12.5511],[-39.575,-12.5499],[-39.5608,-12.5518],[-39.5518,-12.5572],[-39.5422,-12.5786],[-39.5232,-12.5867],[-39.523,-12.5867],[-39.5223,-12.5867],[-39.5181,-12.5867]]]}},{"type":"Feature","properties":{"nome":"Santo Amaro","cod":"2928604","uf":"BA"},"geometry":{"type":"Polygon","coordinates":[[[-38.7207,-12.4809],[-38.6553,-12.484],[-38.6529,-12.4794],[-38.6464,-12.4802],[-38.6376,-12.4763],[-38.634,-12.4793],[-38.6398,-12.5019],[-38.6501,-12.5418],[-38.6528,-12.5525],[-38.6635,-12.5477],[-38.6876,-12.5498],[-38.6893,-12.5533],[-38.6873,-12.5551],[-38.6933,-12.5611],[-38.6915,-12.5656],[-38.6986,-12.5901],[-38.7109,-12.5933],[-38.7123,-12.6072],[-38.7186,-12.6119],[-38.7185,-12.6422],[-38.6893,-12.68],[-38.6853,-12.6868],[-38.6852,-12.7076],[-38.6882,-12.7251],[-38.6902,-12.7291],[-38.7516,-12.7292],[-38.7598,-12.7244],[-38.7613,-12.7183],[-38.7682,-12.7147],[-38.7818,-12.7252],[-38.7895,-12.7256],[-38.8036,-12.7244],[-38.8097,-12.7185],[-38.8219,-12.7176],[-38.8394,-12.7255],[-38.8404,-12.7177],[-38.8432,-12.7175],[-38.8412,-12.7049],[-38.8438,-12.7016],[-38.8477,-12.6967],[-38.8478,-12.6879],[-38.8393,-12.6872],[-38.8367,-12.6826],[-38.8259,-12.6835],[-38.825,-12.6752],[-38.8127,-12.6614],[-38.8141,-12.6519],[-38.7976,-12.6484],[-38.7988,-12.6284],[-38.7947,-12.6264],[-38.7958,-12.6217],[-38.8028,-12.623],[-38.8021,-12.6147],[-38.806,-12.6118],[-38.8088,-12.5978],[-38.8001,-12.5869],[-38.7947,-12.5731],[-38.7973,-12.5663],[-38.8109,-12.5587],[-38.8177,-12.5591],[-38.8225,-12.5652],[-38.8371,-12.5538],[-38.8392,-12.543],[-38.846,-12.5376],[-38.8605,-12.5359],[-38.8607,-12.5351],[-38.8599,-12.5142],[-38.877,-12.5092],[-38.8587,-12.5114],[-38.8475,-12.5091],[-38.845,-12.5138],[-38.8405,-12.513],[-38.8346,-12.4933],[-38.8512,-12.4835],[-38.8489,-12.4709],[-38.8471,-12.4605],[-38.8379,-12.4091],[-38.8377,-12.408],[-38.8301,-12.4034],[-38.8274,-12.3965],[-38.8371,-12.3777],[-38.8391,-12.3694],[-38.8347,-12.3676],[-38.8333,-12.3677],[-38.7973,-12.3672],[-38.7972,-12.3672],[-38.79,-12.3751],[-38.7783,-12.3923],[-38.7772,-12.4049],[-38.7676,-12.4265],[-38.7734,-12.4297],[-38.7701,-12.4341],[-38.7632,-12.4436],[-38.7419,-12.4728],[-38.7315,-12.4768],[-38.7207,-12.4809]]]}},{"type":"Feature","properties":{"nome":"Santo Antônio de Jesus","cod":"2928703","uf":"BA"},"geometry":{"type":"Polygon","coordinates":[[[-39.2703,-12.9522],[-39.2615,-12.9534],[-39.2484,-12.9461],[-39.2418,-12.9405],[-39.2353,-12.9403],[-39.2209,-12.9416],[-39.2038,-12.9434],[-39.1944,-12.9491],[-39.1784,-12.9466],[-39.172,-12.9535],[-39.1642,-12.9637],[-39.1554,-12.9649],[-39.1515,-12.9799],[-39.1413,-12.9809],[-39.1442,-12.9729],[-39.1405,-12.9661],[-39.1352,-12.9622],[-39.1255,-12.9662],[-39.1199,-12.963],[-39.1181,-12.9696],[-39.1148,-12.9692],[-39.1104,-12.9686],[-39.1049,-12.9744],[-39.1036,-12.9808],[-39.1086,-12.9857],[-39.1089,-12.995],[-39.1133,-12.9937],[-39.133,-12.9872],[-39.1381,-12.9926],[-39.1487,-12.996],[-39.1534,-12.9914],[-39.1521,-12.9973],[-39.1495,-13.0092],[-39.1485,-13.0138],[-39.1419,-13.0444],[-39.1418,-13.0452],[-39.1619,-13.0557],[-39.1747,-13.0628],[-39.1928,-13.0731],[-39.2007,-13.0787],[-39.207,-13.0836],[-39.2145,-13.0827],[-39.2149,-13.0832],[-39.2201,-13.0832],[-39.2275,-13.0956],[-39.2463,-13.0944],[-39.2561,-13.0796],[-39.254,-13.0673],[-39.2596,-13.0628],[-39.2623,-13.0576],[-39.2759,-13.0617],[-39.2793,-13.0585],[-39.2839,-13.0583],[-39.2883,-13.0483],[-39.3004,-13.0497],[-39.3193,-13.0425],[-39.3222,-13.0204],[-39.3347,-13.0198],[-39.3341,-13.0113],[-39.3267,-13.0079],[-39.3157,-13.0144],[-39.3123,-13.0072],[-39.3138,-12.9945],[-39.3227,-12.9924],[-39.3225,-12.9837],[-39.3248,-12.9804],[-39.3266,-12.9778],[-39.3161,-12.945],[-39.2993,-12.943],[-39.2934,-12.9433],[-39.2809,-12.9514],[-39.2703,-12.9522]]]}},{"type":"Feature","properties":{"nome":"Santo Estêvão","cod":"2928802","uf":"BA"},"geometry":{"type":"Polygon","coordinates":[[[-39.2615,-12.3722],[-39.2428,-12.3873],[-39.2297,-12.3849],[-39.2171,-12.396],[-39.2066,-12.395],[-39.2053,-12.3902],[-39.1955,-12.3876],[-39.1874,-12.3979],[-39.1803,-12.4079],[-39.1799,-12.4083],[-39.1825,-12.4131],[-39.1806,-12.4172],[-39.1765,-12.417],[-39.1783,-12.4217],[-39.1741,-12.4273],[-39.1645,-12.4257],[-39.1602,-12.439],[-39.1574,-12.4482],[-39.1561,-12.4599],[-39.1528,-12.4596],[-39.1457,-12.4673],[-39.1496,-12.478],[-39.1463,-12.4841],[-39.1437,-12.4829],[-39.1434,-12.4828],[-39.134,-12.4881],[-39.1335,-12.4936],[-39.1271,-12.4978],[-39.1607,-12.5075],[-39.1695,-12.5048],[-39.1826,-12.5085],[-39.1893,-12.51],[-39.205,-12.5137],[-39.2153,-12.5253],[-39.218,-12.5404],[-39.2226,-12.5455],[-39.2499,-12.5487],[-39.2612,-12.5487],[-39.2745,-12.5371],[-39.2864,-12.5424],[-39.294,-12.541],[-39.3164,-12.547],[-39.3201,-12.541],[-39.331,-12.5382],[-39.3334,-12.5333],[-39.3439,-12.5297],[-39.346,-12.5335],[-39.3527,-12.5309],[-39.358,-12.5345],[-39.3569,-12.5406],[-39.3609,-12.5415],[-39.3707,-12.5357],[-39.376,-12.5169],[-39.3808,-12.5155],[-39.3821,-12.5151],[-39.3829,-12.5145],[-39.386,-12.5109],[-39.3833,-12.5053],[-39.3936,-12.5044],[-39.3922,-12.4955],[-39.3851,-12.4942],[-39.3808,-12.4851],[-39.3869,-12.4792],[-39.3868,-12.4681],[-39.3784,-12.4617],[-39.3819,-12.4581],[-39.3874,-12.4602],[-39.3885,-12.456],[-39.381,-12.4522],[-39.3781,-12.4488],[-39.3811,-12.4441],[-39.3793,-12.4392],[-39.3726,-12.4347],[-39.3731,-12.4324],[-39.3798,-12.4326],[-39.3785,-12.4272],[-39.3813,-12.4112],[-39.3221,-12.4118],[-39.322,-12.4118],[-39.3139,-12.4119],[-39.3088,-12.4081],[-39.2998,-12.4023],[-39.2839,-12.3954],[-39.2797,-12.3899],[-39.2757,-12.3802],[-39.2615,-12.3722]]]}},{"type":"Feature","properties":{"nome":"São Desidério","cod":"2928901","uf":"BA"},"geometry":{"type":"Polygon","coordinates":[[[-44.9267,-12.2902],[-44.8863,-12.3257],[-44.8606,-12.3482],[-44.7899,-12.4102],[-44.7698,-12.4098],[-44.7385,-12.4091],[-44.7454,-12.4133],[-44.7376,-12.4228],[-44.7416,-12.4364],[-44.734,-12.4419],[-44.7325,-12.4584],[-44.7207,-12.4752],[-44.7216,-12.482],[-44.7288,-12.4883],[-44.7292,-12.4965],[-44.7192,-12.5011],[-44.7141,-12.5189],[-44.709,-12.5217],[-44.7014,-12.5197],[-44.6943,-12.5285],[-44.69,-12.5482],[-44.6757,-12.5571],[-44.6738,-12.5627],[-44.658,-12.5649],[-44.65,-12.5693],[-44.634,-12.5666],[-44.6251,-12.5712],[-44.6067,-12.7294],[-44.6059,-12.7363],[-44.5773,-12.9802],[-44.5773,-12.9804],[-44.5859,-12.9679],[-44.5937,-12.9672],[-44.6012,-12.9597],[-44.6113,-12.9598],[-44.6136,-12.965],[-44.6186,-12.9611],[-44.6172,-12.9674],[-44.6229,-12.9721],[-44.6189,-12.9769],[-44.6171,-12.9911],[-44.713,-13.0724],[-44.7183,-13.0688],[-44.7205,-13.0504],[-44.7337,-13.0425],[-44.7417,-13.0414],[-44.7379,-13.0389],[-44.7467,-13.0339],[-44.7559,-13.0176],[-44.7617,-13.0188],[-44.7724,-13.012],[-44.7786,-13.012],[-44.7839,-12.9938],[-44.7916,-12.9892],[-44.8027,-12.9918],[-44.8044,-12.9956],[-44.8104,-12.995],[-44.811,-12.998],[-44.8253,-12.9948],[-44.84,-13.0031],[-44.8502,-13.0017],[-44.8647,-13.0067],[-44.867,-13.0103],[-44.8826,-13.0128],[-44.8852,-13.0157],[-44.8891,-13.011],[-44.9036,-13.0182],[-44.9123,-13.0171],[-44.9201,-13.0228],[-44.9237,-13.0198],[-44.9309,-13.021],[-44.9403,-13.0252],[-44.9448,-13.032],[-44.9565,-13.032],[-44.9572,-13.0367],[-44.9649,-13.0409],[-44.9708,-13.036],[-44.9812,-13.0453],[-45.0297,-13.0627],[-45.0335,-13.0607],[-45.0471,-13.0711],[-45.0665,-13.0763],[-45.0819,-13.0763],[-45.0863,-13.0802],[-45.1054,-13.085],[-45.1157,-13.0934],[-45.1293,-13.0926],[-45.1329,-13.0987],[-45.1425,-13.0993],[-45.1535,-13.1085],[-45.1734,-13.1115],[-45.184,-13.1183],[-45.1884,-13.1175],[-45.1934,-13.1245],[-45.2055,-13.1281],[-45.2314,-13.1286],[-45.2385,-13.1318],[-45.246,-13.1286],[-45.2641,-13.1309],[-45.2932,-13.1335],[-45.3164,-13.1414],[-45.324,-13.1494],[-45.3442,-13.1492],[-45.3506,-13.1521],[-45.3649,-13.1505],[-45.3934,-13.1652],[-45.3963,-13.1629],[-45.4085,-13.1689],[-45.426,-13.1565],[-45.4326,-13.1577],[-45.4448,-13.1531],[-45.471,-13.1577],[-45.483,-13.164],[-45.4974,-13.1657],[-45.5019,-13.1704],[-45.5596,-13.1934],[-45.5834,-13.1848],[-45.608,-13.1854],[-45.6327,-13.198],[-45.6574,-13.2026],[-45.668,-13.209],[-45.6914,-13.212],[-45.7299,-13.2346],[-45.7419,-13.2369],[-45.7477,-13.2337],[-45.7635,-13.2383],[-45.7689,-13.2432],[-45.8467,-13.2596],[-45.8694,-13.2746],[-45.9321,-13.2967],[-45.9357,-13.3022],[-46.0481,-13.3088],[-46.0408,-13.28],[-46.0407,-13.2772],[-46.0417,-13.2722],[-46.0489,-13.2708],[-46.0518,-13.264],[-46.0634,-13.2609],[-46.0792,-13.2694],[-46.0892,-13.2703],[-46.1122,-13.2838],[-46.1225,-13.282],[-46.1289,-13.2903],[-46.1719,-13.3118],[-46.2046,-13.3199],[-46.2178,-13.3168],[-46.2372,-13.3358],[-46.2661,-13.3479],[-46.2712,-13.345],[-46.279,-13.3475],[-46.2872,-13.3263],[-46.2882,-13.3142],[-46.2982,-13.313],[-46.3149,-13.3045],[-46.3134,-13.2977],[-46.2986,-13.2814],[-46.301,-13.2663],[-46.2975,-13.2554],[-46.3019,-13.2519],[-46.3163,-13.252],[-46.3297,-13.2524],[-46.3307,-13.2491],[-46.3207,-13.2389],[-46.3138,-13.2249],[-46.3118,-13.211],[-46.3041,-13.2051],[-46.3004,-13.1932],[-46.3026,-13.1818],[-46.3097,-13.1816],[-46.3141,-13.1776],[-46.3035,-13.1667],[-46.3094,-13.1575],[-46.2932,-13.1509],[-46.2912,-13.1432],[-46.2948,-13.1294],[-46.2983,-13.1255],[-46.3081,-13.1236],[-46.3135,-13.1081],[-46.3222,-13.0978],[-46.3012,-13.0757],[-46.2955,-13.0635],[-46.2915,-13.0534],[-46.2803,-13.043],[-46.2786,-13.037],[-46.2809,-13.0336],[-46.2752,-13.0279],[-46.273,-13.0145],[-46.2529,-13.0056],[-46.2451,-12.997],[-46.2399,-12.9994],[-46.2319,-12.9951],[-46.22,-13.0037],[-46.2085,-12.9985],[-46.1965,-12.9963],[-46.191,-12.9894],[-46.1737,-12.9831],[-46.1658,-12.9755],[-46.1542,-12.9761],[-46.1385,-12.965],[-46.1254,-12.961],[-46.1218,-12.957],[-46.122,-12.9471],[-46.1128,-12.933],[-46.1135,-12.9178],[-46.1253,-12.9095],[-46.1385,-12.909],[-46.184,-12.9234],[-46.1977,-12.9249],[-46.2201,-12.9401],[-46.2663,-12.9319],[-46.2752,-12.9348],[-46.2793,-12.9425],[-46.3044,-12.9494],[-46.292,-12.9191],[-46.2971,-12.9069],[-46.2858,-12.8948],[-46.2841,-12.878],[-46.2926,-12.8599],[-46.2874,-12.8558],[-46.2729,-12.8467],[-46.2619,-12.8312],[-46.2696,-12.8211],[-46.272,-12.8116],[-46.2804,-12.8055],[-46.2776,-12.7923],[-46.2828,-12.7831],[-46.2746,-12.7745],[-46.2759,-12.7588],[-46.2799,-12.7503],[-46.2671,-12.7388],[-46.2645,-12.7165],[-46.2762,-12.7054],[-46.2863,-12.7048],[-46.2858,-12.6981],[-46.2928,-12.6924],[-46.2843,-12.6789],[-46.2651,-12.6676],[-46.2557,-12.6547],[-46.261,-12.646],[-46.271,-12.6433],[-46.2732,-12.6376],[-46.2903,-12.6325],[-46.2728,-12.5935],[-46.2795,-12.5845],[-46.2659,-12.5719],[-46.2607,-12.5493],[-46.256,-12.5467],[-46.2387,-12.555],[-46.1927,-12.5555],[-46.152,-12.564],[-46.1286,-12.5581],[-46.0965,-12.5561],[-46.0281,-12.5307],[-45.9964,-12.5051],[-45.9864,-12.4892],[-45.9718,-12.479],[-45.9428,-12.4663],[-45.916,-12.4618],[-45.9091,-12.4659],[-45.9099,-12.4471],[-45.9066,-12.4427],[-45.8979,-12.4398],[-45.8781,-12.4422],[-45.8761,-12.4417],[-45.8644,-12.4389],[-45.8548,-12.4322],[-45.8489,-12.4113],[-45.8215,-12.4171],[-45.776,-12.4132],[-45.7646,-12.4159],[-45.7267,-12.4118],[-45.7067,-12.3984],[-45.6874,-12.3956],[-45.6811,-12.3984],[-45.6772,-12.3912],[-45.6684,-12.3882],[-45.6381,-12.3934],[-45.6127,-12.3836],[-45.5957,-12.4012],[-45.5762,-12.3845],[-45.5587,-12.3868],[-45.5359,-12.3856],[-45.522,-12.3781],[-45.5109,-12.3656],[-45.4999,-12.371],[-45.4769,-12.3737],[-45.4674,-12.3807],[-45.4598,-12.3824],[-45.4512,-12.3687],[-45.4459,-12.3666],[-45.4249,-12.3732],[-45.4051,-12.3687],[-45.3913,-12.38],[-45.3822,-12.378],[-45.3751,-12.3807],[-45.3705,-12.3883],[-45.351,-12.3859],[-45.349,-12.403],[-45.3314,-12.4017],[-45.292,-12.4166],[-45.279,-12.4253],[-45.2448,-12.422],[-45.2333,-12.4287],[-45.2162,-12.4191],[-45.2111,-12.4038],[-45.1897,-12.3811],[-45.1737,-12.3746],[-45.1675,-12.3686],[-45.1559,-12.3431],[-45.1361,-12.3222],[-45.1163,-12.3238],[-45.0961,-12.3367],[-45.0853,-12.3323],[-45.0707,-12.3326],[-45.0551,-12.3193],[-45.0422,-12.3168],[-45.0311,-12.322],[-45.0222,-12.3197],[-45.0187,-12.3188],[-44.9267,-12.2902]]]}},{"type":"Feature","properties":{"nome":"São Domingos","cod":"2928950","uf":"BA"},"geometry":{"type":"Polygon","coordinates":[[[-39.4978,-11.5129],[-39.5325,-11.5567],[-39.5366,-11.5618],[-39.5464,-11.558],[-39.5485,-11.5493],[-39.5565,-11.5438],[-39.5604,-11.5446],[-39.5782,-11.5333],[-39.5897,-11.5277],[-39.5975,-11.5303],[-39.6058,-11.5168],[-39.6174,-11.5082],[-39.6189,-11.505],[-39.6236,-11.4995],[-39.6324,-11.4974],[-39.642,-11.4809],[-39.6536,-11.4708],[-39.6647,-11.4486],[-39.6549,-11.4365],[-39.6646,-11.4181],[-39.6725,-11.4115],[-39.6864,-11.4087],[-39.6901,-11.4023],[-39.6185,-11.3672],[-39.5913,-11.3719],[-39.5814,-11.384],[-39.5813,-11.3841],[-39.5662,-11.4023],[-39.5469,-11.402],[-39.5024,-11.4428],[-39.4889,-11.4552],[-39.4868,-11.4626],[-39.4902,-11.4766],[-39.4765,-11.485],[-39.4978,-11.5129]]]}},{"type":"Feature","properties":{"nome":"São Félix","cod":"2929008","uf":"BA"},"geometry":{"type":"Polygon","coordinates":[[[-38.959,-12.6188],[-38.9547,-12.6444],[-38.95,-12.6492],[-38.944,-12.6556],[-38.9408,-12.6669],[-38.9404,-12.6814],[-38.9402,-12.6974],[-38.9469,-12.6998],[-38.9504,-12.697],[-38.956,-12.7007],[-38.9617,-12.6943],[-38.9683,-12.6934],[-38.9867,-12.7012],[-38.9977,-12.7009],[-38.9991,-12.705],[-39.0068,-12.7054],[-39.0065,-12.7279],[-39.0143,-12.7306],[-39.0247,-12.7291],[-39.0285,-12.7268],[-39.0432,-12.7242],[-39.0454,-12.7169],[-39.0495,-12.7153],[-39.0485,-12.6999],[-39.0533,-12.6875],[-39.0492,-12.6753],[-39.0496,-12.6737],[-39.0437,-12.6481],[-39.0432,-12.6441],[-39.0311,-12.643],[-39.0177,-12.6355],[-39.0069,-12.6375],[-39.0068,-12.6376],[-39.0035,-12.6379],[-38.9814,-12.6358],[-38.9787,-12.6316],[-38.973,-12.6304],[-38.963,-12.6319],[-38.9813,-12.5993],[-38.9832,-12.596],[-38.9724,-12.6023],[-38.9668,-12.6047],[-38.9621,-12.6126],[-38.959,-12.6188]]]}},{"type":"Feature","properties":{"nome":"São Félix do Coribe","cod":"2929057","uf":"BA"},"geometry":{"type":"Polygon","coordinates":[[[-43.8596,-13.2928],[-43.8569,-13.3009],[-43.862,-13.2992],[-43.8637,-13.3035],[-43.8604,-13.309],[-43.8676,-13.3117],[-43.8678,-13.3195],[-43.8709,-13.3218],[-43.8642,-13.3243],[-43.8659,-13.3274],[-43.8658,-13.3304],[-43.8776,-13.3313],[-43.8829,-13.3355],[-43.8825,-13.3439],[-43.8929,-13.3637],[-43.892,-13.3811],[-43.902,-13.4171],[-43.9299,-13.4311],[-43.9373,-13.4378],[-43.9432,-13.4502],[-43.9468,-13.4534],[-43.9485,-13.4656],[-43.9425,-13.4721],[-43.9416,-13.4933],[-43.9344,-13.5048],[-43.9431,-13.5117],[-43.9541,-13.5389],[-43.9598,-13.5399],[-43.9687,-13.5487],[-43.9889,-13.5745],[-43.9873,-13.5898],[-43.991,-13.5988],[-43.9843,-13.6185],[-43.9777,-13.626],[-43.9802,-13.6673],[-43.9854,-13.6705],[-43.988,-13.664],[-43.9941,-13.6634],[-44.0078,-13.6708],[-44.0128,-13.6856],[-44.0278,-13.6859],[-44.0347,-13.6925],[-44.0373,-13.6941],[-44.0972,-13.6097],[-44.1067,-13.5964],[-44.1647,-13.5145],[-44.1685,-13.5091],[-44.2247,-13.4278],[-44.2185,-13.4253],[-44.2133,-13.4142],[-44.2079,-13.4158],[-44.2084,-13.4222],[-44.2014,-13.4152],[-44.1998,-13.4117],[-44.1995,-13.4018],[-44.195,-13.3939],[-44.1896,-13.3939],[-44.1869,-13.3943],[-44.1779,-13.395],[-44.1656,-13.388],[-44.1501,-13.3944],[-44.1399,-13.386],[-44.1389,-13.3812],[-44.1196,-13.3759],[-44.1155,-13.3693],[-44.0983,-13.3653],[-44.092,-13.3701],[-44.0836,-13.3599],[-44.0729,-13.3613],[-44.0689,-13.3653],[-44.0718,-13.3575],[-44.0611,-13.3446],[-44.0541,-13.3476],[-44.0505,-13.3458],[-44.0518,-13.3403],[-44.0449,-13.336],[-44.0391,-13.3415],[-44.028,-13.3362],[-44.0249,-13.3256],[-44.0315,-13.3208],[-44.0317,-13.3169],[-44.0077,-13.3139],[-43.9891,-13.3206],[-43.9728,-13.307],[-43.9555,-13.3186],[-43.9462,-13.3144],[-43.9411,-13.3031],[-43.9182,-13.298],[-43.9158,-13.2942],[-43.9109,-13.2938],[-43.9061,-13.3013],[-43.8815,-13.3024],[-43.8758,-13.2761],[-43.8657,-13.2637],[-43.8573,-13.2617],[-43.8628,-13.2751],[-43.8564,-13.2782],[-43.8609,-13.2853],[-43.8572,-13.2894],[-43.8596,-13.2928]]]}},{"type":"Feature","properties":{"nome":"São Felipe","cod":"2929107","uf":"BA"},"geometry":{"type":"Polygon","coordinates":[[[-39.0293,-12.7334],[-39.044,-12.7364],[-39.0506,-12.7511],[-39.0451,-12.7672],[-39.045,-12.7897],[-39.0522,-12.7962],[-39.0627,-12.8068],[-39.0691,-12.814],[-39.0731,-12.8346],[-39.0752,-12.8403],[-39.0708,-12.8642],[-39.0687,-12.8713],[-39.0594,-12.8763],[-39.0398,-12.9026],[-39.0383,-12.9129],[-39.0387,-12.9134],[-39.0653,-12.9172],[-39.0569,-12.9381],[-39.0416,-12.9494],[-39.0622,-12.9445],[-39.098,-12.9359],[-39.0996,-12.9355],[-39.1048,-12.9329],[-39.1199,-12.9493],[-39.114,-12.9609],[-39.1148,-12.9692],[-39.1181,-12.9696],[-39.1199,-12.963],[-39.1201,-12.9587],[-39.1282,-12.9555],[-39.1269,-12.9487],[-39.1294,-12.9463],[-39.1235,-12.9402],[-39.131,-12.9369],[-39.1285,-12.9314],[-39.1316,-12.9238],[-39.1378,-12.923],[-39.1364,-12.9166],[-39.1367,-12.9062],[-39.1334,-12.905],[-39.1309,-12.8888],[-39.1308,-12.8858],[-39.1311,-12.8845],[-39.1319,-12.8825],[-39.1492,-12.8693],[-39.1533,-12.8611],[-39.1611,-12.8482],[-39.1392,-12.8313],[-39.135,-12.828],[-39.1273,-12.8221],[-39.127,-12.8219],[-39.1189,-12.8157],[-39.1219,-12.8122],[-39.1177,-12.7972],[-39.1269,-12.789],[-39.1378,-12.7761],[-39.1422,-12.7628],[-39.1393,-12.7562],[-39.133,-12.7572],[-39.1307,-12.7492],[-39.126,-12.7473],[-39.0874,-12.7318],[-39.0853,-12.732],[-39.0574,-12.7353],[-39.0659,-12.7297],[-39.0567,-12.724],[-39.0454,-12.7169],[-39.0432,-12.7242],[-39.0285,-12.7268],[-39.0247,-12.7291],[-39.0293,-12.7334]]]}},{"type":"Feature","properties":{"nome":"São Francisco do Conde","cod":"2929206","uf":"BA"},"geometry":{"type":"Polygon","coordinates":[[[-38.6479,-12.5669],[-38.6435,-12.5688],[-38.6213,-12.5522],[-38.621,-12.5527],[-38.5809,-12.63],[-38.5806,-12.6303],[-38.5671,-12.644],[-38.567,-12.6493],[-38.5609,-12.6529],[-38.5597,-12.6513],[-38.5546,-12.6519],[-38.5515,-12.6605],[-38.5596,-12.6737],[-38.5594,-12.6923],[-38.5582,-12.6978],[-38.5554,-12.6981],[-38.5572,-12.7036],[-38.5527,-12.7054],[-38.555,-12.7092],[-38.5524,-12.7076],[-38.5482,-12.7106],[-38.5346,-12.7243],[-38.5351,-12.7345],[-38.5345,-12.7368],[-38.5518,-12.7334],[-38.5688,-12.7353],[-38.5817,-12.7317],[-38.5993,-12.7341],[-38.5998,-12.7343],[-38.608,-12.7304],[-38.6103,-12.7266],[-38.6153,-12.7268],[-38.6229,-12.7272],[-38.6293,-12.726],[-38.6366,-12.7248],[-38.6882,-12.7251],[-38.6852,-12.7076],[-38.6853,-12.6868],[-38.6893,-12.68],[-38.7185,-12.6422],[-38.7186,-12.6119],[-38.7123,-12.6072],[-38.7109,-12.5933],[-38.6986,-12.5901],[-38.6915,-12.5656],[-38.6933,-12.5611],[-38.6873,-12.5551],[-38.6893,-12.5533],[-38.6876,-12.5498],[-38.6635,-12.5477],[-38.6528,-12.5525],[-38.6523,-12.5533],[-38.6469,-12.5575],[-38.6479,-12.5669]]]}},{"type":"Feature","properties":{"nome":"São Gabriel","cod":"2929255","uf":"BA"},"geometry":{"type":"Polygon","coordinates":[[[-41.5392,-10.9671],[-41.5264,-10.97],[-41.5184,-10.9671],[-41.5128,-10.97],[-41.5089,-10.9684],[-41.5035,-10.9808],[-41.4995,-10.9787],[-41.4869,-10.9819],[-41.4828,-10.9879],[-41.459,-10.9759],[-41.4491,-10.9746],[-41.4379,-10.9785],[-41.4353,-10.9839],[-41.4298,-10.9859],[-41.4282,-10.9936],[-41.4346,-11.0131],[-41.4947,-11.0599],[-41.5922,-11.1379],[-41.6527,-11.1864],[-41.6582,-11.1891],[-41.7468,-11.218],[-41.768,-11.2257],[-41.865,-11.2611],[-41.8899,-11.261],[-41.9109,-11.2608],[-41.9387,-11.2606],[-41.9079,-11.1766],[-41.9041,-11.1712],[-41.9008,-11.1664],[-41.866,-11.116],[-41.8415,-11.0787],[-41.7823,-10.9894],[-41.7803,-10.9864],[-41.7382,-10.9218],[-41.6632,-10.8116],[-41.6557,-10.8252],[-41.6548,-10.8328],[-41.6576,-10.8365],[-41.6457,-10.8523],[-41.5973,-10.8801],[-41.5956,-10.882],[-41.5684,-10.9028],[-41.5625,-10.9213],[-41.5611,-10.9415],[-41.5538,-10.9516],[-41.5524,-10.9561],[-41.5426,-10.9578],[-41.5392,-10.9671]]]}},{"type":"Feature","properties":{"nome":"São Gonçalo dos Campos","cod":"2929305","uf":"BA"},"geometry":{"type":"Polygon","coordinates":[[[-38.9342,-12.3386],[-38.917,-12.3691],[-38.9079,-12.3853],[-38.888,-12.3918],[-38.8572,-12.4017],[-38.8377,-12.408],[-38.8379,-12.4091],[-38.8471,-12.4605],[-38.8489,-12.4709],[-38.8512,-12.4835],[-38.8346,-12.4933],[-38.8405,-12.513],[-38.845,-12.5138],[-38.8475,-12.5091],[-38.8587,-12.5114],[-38.877,-12.5092],[-38.8786,-12.5092],[-38.9011,-12.5],[-38.9054,-12.4967],[-38.9035,-12.4947],[-38.8976,-12.4883],[-38.917,-12.4805],[-38.9223,-12.4917],[-38.9225,-12.4919],[-38.93,-12.492],[-38.9419,-12.4824],[-38.9483,-12.4847],[-38.9693,-12.4771],[-38.9973,-12.4669],[-39.0521,-12.447],[-39.0506,-12.4397],[-39.0618,-12.4228],[-39.0533,-12.41],[-39.0454,-12.4181],[-39.0378,-12.4182],[-39.0235,-12.4086],[-39.022,-12.3989],[-39.0167,-12.3969],[-39.0103,-12.3921],[-39.0145,-12.3872],[-39.012,-12.3723],[-39.0239,-12.3655],[-39.0243,-12.3528],[-39.0173,-12.3517],[-39.0119,-12.3468],[-39.0092,-12.349],[-39.0013,-12.341],[-39.005,-12.3341],[-38.9977,-12.3212],[-38.9939,-12.3192],[-38.9937,-12.3102],[-38.9727,-12.3049],[-38.9566,-12.3008],[-38.9499,-12.3107],[-38.9342,-12.3386]]]}},{"type":"Feature","properties":{"nome":"São José da Vitória","cod":"2929354","uf":"BA"},"geometry":{"type":"Polygon","coordinates":[[[-39.352,-15.1008],[-39.3595,-15.1034],[-39.3639,-15.1013],[-39.3687,-15.0966],[-39.3856,-15.0964],[-39.3877,-15.0868],[-39.3878,-15.0865],[-39.4013,-15.0577],[-39.4131,-15.0325],[-39.362,-15.0284],[-39.3423,-15.0268],[-39.3293,-15.0155],[-39.335,-15.0521],[-39.3294,-15.0601],[-39.33,-15.0747],[-39.3324,-15.0759],[-39.337,-15.0841],[-39.3415,-15.0874],[-39.3472,-15.0944],[-39.3535,-15.0958],[-39.352,-15.1008]]]}},{"type":"Feature","properties":{"nome":"São José do Jacuípe","cod":"2929370","uf":"BA"},"geometry":{"type":"Polygon","coordinates":[[[-39.8615,-11.3181],[-39.7652,-11.4292],[-39.7625,-11.4332],[-39.7667,-11.4413],[-39.7615,-11.447],[-39.7703,-11.4568],[-39.7713,-11.465],[-39.7744,-11.4675],[-39.7829,-11.4635],[-39.7844,-11.4673],[-39.7862,-11.4688],[-39.7919,-11.4787],[-39.8142,-11.493],[-39.8191,-11.5036],[-39.8249,-11.5003],[-39.8253,-11.4911],[-39.8376,-11.4953],[-39.8417,-11.4905],[-39.8458,-11.4907],[-39.8475,-11.4815],[-39.8507,-11.4824],[-39.861,-11.4917],[-39.8732,-11.4889],[-39.8847,-11.4814],[-39.8914,-11.4856],[-39.897,-11.4913],[-39.9037,-11.4903],[-39.9096,-11.495],[-39.9199,-11.4949],[-39.9249,-11.4993],[-39.9329,-11.4906],[-39.9363,-11.4783],[-39.9668,-11.4901],[-39.9835,-11.4928],[-39.993,-11.5036],[-40.0,-11.4987],[-40.0117,-11.5048],[-40.0173,-11.5045],[-40.0218,-11.5069],[-40.0288,-11.5119],[-40.0287,-11.5217],[-40.0544,-11.5222],[-40.0669,-11.5281],[-40.0796,-11.528],[-40.0704,-11.4373],[-40.0369,-11.4389],[-39.9842,-11.4299],[-39.9236,-11.4202],[-39.9124,-11.4165],[-39.9263,-11.3799],[-39.9182,-11.3725],[-39.9178,-11.3658],[-39.9131,-11.3565],[-39.9035,-11.3568],[-39.8952,-11.3484],[-39.8938,-11.3385],[-39.8838,-11.3233],[-39.8652,-11.3139],[-39.8621,-11.3175],[-39.8615,-11.3181]]]}},{"type":"Feature","properties":{"nome":"São Miguel das Matas","cod":"2929404","uf":"BA"},"geometry":{"type":"Polygon","coordinates":[[[-39.4409,-12.992],[-39.431,-12.9941],[-39.4192,-12.9898],[-39.411,-12.9968],[-39.4008,-12.9957],[-39.3964,-13.0056],[-39.3945,-13.0129],[-39.3819,-13.0273],[-39.3643,-13.0409],[-39.3549,-13.0416],[-39.3516,-13.0452],[-39.3515,-13.0457],[-39.3415,-13.0568],[-39.3421,-13.061],[-39.3333,-13.0631],[-39.3244,-13.0624],[-39.3233,-13.0593],[-39.317,-13.0572],[-39.2977,-13.0664],[-39.2839,-13.0583],[-39.2793,-13.0585],[-39.2759,-13.0617],[-39.2623,-13.0576],[-39.2596,-13.0628],[-39.2758,-13.067],[-39.2798,-13.0681],[-39.2949,-13.072],[-39.3132,-13.0768],[-39.3408,-13.084],[-39.3649,-13.0904],[-39.4085,-13.1017],[-39.4333,-13.1082],[-39.4355,-13.1088],[-39.4688,-13.1175],[-39.4689,-13.1176],[-39.475,-13.1156],[-39.4829,-13.1067],[-39.4805,-13.1012],[-39.4753,-13.1083],[-39.4718,-13.1054],[-39.4825,-13.0931],[-39.4812,-13.0874],[-39.4873,-13.0856],[-39.4935,-13.0782],[-39.4875,-13.0707],[-39.4964,-13.0685],[-39.5024,-13.0689],[-39.5109,-13.0689],[-39.5142,-13.062],[-39.5101,-13.0639],[-39.5087,-13.059],[-39.5135,-13.0527],[-39.5137,-13.0484],[-39.5224,-13.0477],[-39.5169,-13.0401],[-39.5316,-13.0207],[-39.5104,-13.0145],[-39.5031,-12.9957],[-39.483,-12.9954],[-39.4775,-12.9846],[-39.4733,-12.9832],[-39.4699,-12.9629],[-39.4626,-12.9517],[-39.4624,-12.9592],[-39.459,-12.9623],[-39.4584,-12.9705],[-39.4463,-12.9804],[-39.4409,-12.992]]]}},{"type":"Feature","properties":{"nome":"São Sebastião do Passé","cod":"2929503","uf":"BA"},"geometry":{"type":"Polygon","coordinates":[[[-38.4904,-12.411],[-38.4807,-12.4156],[-38.4755,-12.4144],[-38.4615,-12.4162],[-38.4597,-12.4213],[-38.4474,-12.4307],[-38.435,-12.43],[-38.4319,-12.4227],[-38.4268,-12.4226],[-38.4246,-12.4272],[-38.4185,-12.4259],[-38.4076,-12.4211],[-38.3955,-12.4295],[-38.388,-12.4293],[-38.3802,-12.4358],[-38.3743,-12.4345],[-38.3644,-12.4457],[-38.3536,-12.4436],[-38.3507,-12.4364],[-38.3398,-12.4355],[-38.3316,-12.4396],[-38.3859,-12.4814],[-38.3779,-12.4922],[-38.3749,-12.5077],[-38.3683,-12.5077],[-38.3714,-12.5104],[-38.3688,-12.5148],[-38.3729,-12.526],[-38.3803,-12.5374],[-38.3876,-12.5437],[-38.3945,-12.5429],[-38.4068,-12.5496],[-38.3885,-12.5554],[-38.387,-12.5642],[-38.3692,-12.5846],[-38.3734,-12.598],[-38.38,-12.597],[-38.3864,-12.6018],[-38.3939,-12.6034],[-38.3952,-12.6112],[-38.3987,-12.6008],[-38.4053,-12.5951],[-38.4307,-12.6077],[-38.4405,-12.6068],[-38.454,-12.6029],[-38.4554,-12.5997],[-38.4555,-12.5998],[-38.4668,-12.609],[-38.4728,-12.6073],[-38.4738,-12.5999],[-38.4845,-12.5932],[-38.4866,-12.5866],[-38.5098,-12.597],[-38.5417,-12.6116],[-38.5556,-12.6167],[-38.5623,-12.6283],[-38.5806,-12.6303],[-38.5809,-12.63],[-38.621,-12.5527],[-38.6213,-12.5522],[-38.6435,-12.5688],[-38.6479,-12.5669],[-38.6469,-12.5575],[-38.6523,-12.5533],[-38.6528,-12.5525],[-38.6501,-12.5418],[-38.6398,-12.5019],[-38.634,-12.4793],[-38.6307,-12.4808],[-38.6219,-12.4892],[-38.6119,-12.4979],[-38.6094,-12.494],[-38.5828,-12.4533],[-38.581,-12.4505],[-38.5626,-12.4223],[-38.557,-12.4222],[-38.5458,-12.4141],[-38.5361,-12.4216],[-38.5245,-12.415],[-38.5193,-12.4178],[-38.5137,-12.414],[-38.5092,-12.4212],[-38.5044,-12.4194],[-38.5017,-12.4273],[-38.4991,-12.4213],[-38.494,-12.4191],[-38.495,-12.4153],[-38.4951,-12.4121],[-38.4904,-12.411]]]}},{"type":"Feature","properties":{"nome":"Sapeaçu","cod":"2929602","uf":"BA"},"geometry":{"type":"Polygon","coordinates":[[[-39.2098,-12.6447],[-39.1951,-12.6662],[-39.1922,-12.6705],[-39.1813,-12.6864],[-39.1655,-12.7094],[-39.1654,-12.7095],[-39.146,-12.7378],[-39.1443,-12.7393],[-39.1791,-12.7496],[-39.1842,-12.7511],[-39.1859,-12.7516],[-39.1978,-12.7633],[-39.2161,-12.7909],[-39.2191,-12.7954],[-39.2112,-12.8164],[-39.2146,-12.82],[-39.2148,-12.82],[-39.2416,-12.7995],[-39.2493,-12.7841],[-39.2488,-12.7721],[-39.2488,-12.772],[-39.2583,-12.7672],[-39.2583,-12.7608],[-39.2653,-12.7548],[-39.27,-12.7516],[-39.276,-12.738],[-39.2705,-12.732],[-39.2704,-12.7218],[-39.2677,-12.7229],[-39.2518,-12.7022],[-39.2513,-12.7015],[-39.2491,-12.6987],[-39.2372,-12.6825],[-39.2337,-12.6713],[-39.2409,-12.6591],[-39.2242,-12.6514],[-39.2139,-12.6516],[-39.2098,-12.6447]]]}},{"type":"Feature","properties":{"nome":"Sátiro Dias","cod":"2929701","uf":"BA"},"geometry":{"type":"Polygon","coordinates":[[[-38.785,-11.3543],[-38.6284,-11.421],[-38.6283,-11.421],[-38.5392,-11.4589],[-38.5058,-11.4731],[-38.4975,-11.4909],[-38.4685,-11.503],[-38.4338,-11.5175],[-38.409,-11.5278],[-38.4102,-11.5369],[-38.4378,-11.5566],[-38.446,-11.5731],[-38.4287,-11.5898],[-38.4284,-11.5957],[-38.4343,-11.5974],[-38.4431,-11.6036],[-38.4446,-11.6157],[-38.4422,-11.6314],[-38.4385,-11.6337],[-38.4386,-11.6382],[-38.4308,-11.6413],[-38.43,-11.6502],[-38.4323,-11.6658],[-38.4294,-11.6907],[-38.4379,-11.7075],[-38.4361,-11.7207],[-38.4266,-11.7213],[-38.4337,-11.7288],[-38.4358,-11.7298],[-38.5156,-11.7474],[-38.543,-11.7534],[-38.5464,-11.7464],[-38.5554,-11.7457],[-38.5579,-11.7369],[-38.5702,-11.7396],[-38.5768,-11.7318],[-38.5843,-11.7302],[-38.6161,-11.7063],[-38.6234,-11.709],[-38.6306,-11.7057],[-38.6346,-11.7006],[-38.6445,-11.6939],[-38.6654,-11.6907],[-38.6731,-11.6913],[-38.6838,-11.6976],[-38.6904,-11.6942],[-38.694,-11.6813],[-38.7016,-11.6541],[-38.7195,-11.5899],[-38.7249,-11.5707],[-38.7249,-11.5706],[-38.744,-11.5021],[-38.7635,-11.432],[-38.785,-11.3543]]]}},{"type":"Feature","properties":{"nome":"Saubara","cod":"2929750","uf":"BA"},"geometry":{"type":"Polygon","coordinates":[[[-38.8404,-12.7177],[-38.8394,-12.7255],[-38.8219,-12.7176],[-38.8097,-12.7185],[-38.8036,-12.7244],[-38.7895,-12.7256],[-38.7818,-12.7252],[-38.7682,-12.7147],[-38.7613,-12.7183],[-38.7598,-12.7244],[-38.7516,-12.7292],[-38.6902,-12.7291],[-38.6958,-12.7505],[-38.6998,-12.7982],[-38.7407,-12.8131],[-38.7648,-12.8225],[-38.8007,-12.8338],[-38.8168,-12.8476],[-38.8276,-12.8498],[-38.8383,-12.8464],[-38.8458,-12.8383],[-38.8324,-12.8195],[-38.8338,-12.8103],[-38.8293,-12.803],[-38.8314,-12.7939],[-38.8184,-12.7751],[-38.8226,-12.7618],[-38.8259,-12.7617],[-38.8327,-12.7499],[-38.8343,-12.739],[-38.8446,-12.7271],[-38.8432,-12.7175],[-38.8404,-12.7177]]]}},{"type":"Feature","properties":{"nome":"Saúde","cod":"2929800","uf":"BA"},"geometry":{"type":"Polygon","coordinates":[[[-40.4456,-10.7523],[-40.4184,-10.7778],[-40.4083,-10.795],[-40.3873,-10.8028],[-40.381,-10.8017],[-40.3803,-10.802],[-40.358,-10.8092],[-40.3497,-10.8078],[-40.3376,-10.8288],[-40.3333,-10.8133],[-40.3139,-10.8237],[-40.3032,-10.8152],[-40.2955,-10.8191],[-40.2889,-10.8135],[-40.2857,-10.8143],[-40.2844,-10.8266],[-40.2879,-10.8342],[-40.2812,-10.8383],[-40.2777,-10.8367],[-40.2723,-10.8415],[-40.2691,-10.8404],[-40.2678,-10.8466],[-40.2594,-10.8532],[-40.2571,-10.8423],[-40.2535,-10.8416],[-40.2391,-10.8491],[-40.2402,-10.8517],[-40.279,-10.9384],[-40.2844,-10.9385],[-40.3307,-10.9392],[-40.3423,-10.9394],[-40.3511,-10.9881],[-40.3732,-11.059],[-40.4025,-11.0535],[-40.4123,-11.0485],[-40.4154,-11.0482],[-40.4148,-11.056],[-40.4215,-11.0592],[-40.4327,-11.0565],[-40.4463,-11.0654],[-40.4863,-10.9293],[-40.4898,-10.9177],[-40.4908,-10.9142],[-40.4761,-10.8829],[-40.4755,-10.8695],[-40.4486,-10.8565],[-40.4534,-10.8432],[-40.452,-10.8239],[-40.4602,-10.8198],[-40.4611,-10.8118],[-40.4565,-10.8052],[-40.4549,-10.7895],[-40.4514,-10.7873],[-40.4484,-10.774],[-40.4692,-10.7639],[-40.4674,-10.757],[-40.456,-10.7592],[-40.4456,-10.7523]]]}},{"type":"Feature","properties":{"nome":"Seabra","cod":"2929909","uf":"BA"},"geometry":{"type":"Polygon","coordinates":[[[-41.8994,-12.1087],[-41.8724,-12.1296],[-41.8661,-12.1099],[-41.861,-12.1082],[-41.856,-12.1176],[-41.8439,-12.1235],[-41.8377,-12.1313],[-41.8381,-12.1359],[-41.8181,-12.1432],[-41.81,-12.1531],[-41.7837,-12.1601],[-41.7784,-12.1709],[-41.7772,-12.1776],[-41.7771,-12.1784],[-41.7689,-12.195],[-41.7516,-12.2151],[-41.742,-12.2367],[-41.7519,-12.2762],[-41.7575,-12.2827],[-41.7619,-12.2832],[-41.7542,-12.303],[-41.7569,-12.3071],[-41.749,-12.321],[-41.7342,-12.3505],[-41.7354,-12.3613],[-41.7262,-12.3734],[-41.725,-12.3892],[-41.6783,-12.3813],[-41.6653,-12.379],[-41.6163,-12.3702],[-41.5507,-12.3585],[-41.5402,-12.3566],[-41.5427,-12.3641],[-41.5513,-12.363],[-41.5641,-12.3716],[-41.5653,-12.3882],[-41.5816,-12.3918],[-41.5878,-12.3963],[-41.5864,-12.4089],[-41.5812,-12.4161],[-41.5819,-12.4301],[-41.5946,-12.4405],[-41.6023,-12.4535],[-41.6092,-12.4628],[-41.6099,-12.4698],[-41.605,-12.5],[-41.6241,-12.5021],[-41.6351,-12.4991],[-41.6386,-12.5043],[-41.6365,-12.5164],[-41.6405,-12.5221],[-41.6546,-12.5236],[-41.66,-12.5341],[-41.6771,-12.524],[-41.6758,-12.5277],[-41.6833,-12.5325],[-41.684,-12.5374],[-41.671,-12.5526],[-41.6632,-12.5521],[-41.6801,-12.5684],[-41.704,-12.5913],[-41.7016,-12.5964],[-41.6978,-12.6061],[-41.6785,-12.6265],[-41.676,-12.6331],[-41.6661,-12.6546],[-41.6625,-12.6653],[-41.6514,-12.678],[-41.6412,-12.6829],[-41.6339,-12.6931],[-41.6053,-12.7114],[-41.7164,-12.6934],[-41.7758,-12.6838],[-41.7973,-12.6803],[-41.8451,-12.6742],[-41.8744,-12.6706],[-41.8895,-12.67],[-41.8937,-12.6698],[-41.9227,-12.6686],[-41.999,-12.6659],[-42.0004,-12.6815],[-42.0008,-12.6858],[-42.0159,-12.8536],[-42.0203,-12.8164],[-42.0274,-12.7926],[-42.026,-12.7844],[-42.0329,-12.7631],[-42.0298,-12.7553],[-42.0364,-12.734],[-42.0343,-12.7323],[-42.019,-12.7371],[-42.0186,-12.7236],[-42.0252,-12.6891],[-42.0306,-12.6845],[-42.027,-12.6619],[-42.0307,-12.6462],[-42.0301,-12.6113],[-42.0264,-12.5963],[-42.004,-12.5953],[-41.995,-12.5848],[-41.9975,-12.5764],[-42.0053,-12.5723],[-42.007,-12.5679],[-42.0071,-12.5347],[-42.0057,-12.5265],[-42.0094,-12.5152],[-42.0145,-12.5134],[-42.0153,-12.5015],[-42.0278,-12.4752],[-42.0413,-12.4525],[-42.0496,-12.4495],[-42.0548,-12.4356],[-42.0652,-12.4404],[-42.0806,-12.441],[-42.0795,-12.416],[-42.085,-12.4114],[-42.0982,-12.4087],[-42.107,-12.3987],[-42.109,-12.4002],[-42.1092,-12.4004],[-42.115,-12.4058],[-42.1143,-12.4144],[-42.1208,-12.4157],[-42.1262,-12.4135],[-42.1306,-12.4061],[-42.1418,-12.4065],[-42.1499,-12.3885],[-42.1598,-12.3895],[-42.1753,-12.3827],[-42.2183,-12.3866],[-42.2491,-12.3896],[-42.2589,-12.3441],[-42.2708,-12.337],[-42.124,-12.2777],[-42.1238,-12.2824],[-42.1246,-12.2875],[-42.1204,-12.2908],[-42.1147,-12.3059],[-42.1099,-12.3087],[-42.1094,-12.3157],[-42.0926,-12.3226],[-42.0892,-12.3277],[-42.0822,-12.3066],[-42.0599,-12.2402],[-42.0555,-12.2209],[-42.041,-12.2244],[-42.0289,-12.2345],[-42.0106,-12.2453],[-41.9673,-12.2691],[-41.9693,-12.2615],[-41.9787,-12.2545],[-41.9895,-12.2315],[-41.9868,-12.2249],[-41.9665,-12.2204],[-41.9716,-12.2029],[-41.966,-12.1776],[-41.976,-12.1515],[-41.9708,-12.1352],[-41.979,-12.1322],[-41.983,-12.1252],[-41.9748,-12.1217],[-41.9764,-12.1053],[-41.9698,-12.0924],[-41.9699,-12.0917],[-41.9716,-12.0819],[-41.9764,-12.0767],[-41.9745,-12.073],[-41.9788,-12.069],[-41.9758,-12.0565],[-41.9826,-12.0444],[-41.8995,-12.1086],[-41.8994,-12.1087]]]}},{"type":"Feature","properties":{"nome":"Sebastião Laranjeiras","cod":"2930006","uf":"BA"},"geometry":{"type":"Polygon","coordinates":[[[-42.8305,-14.5709],[-42.8029,-14.6406],[-42.7969,-14.6558],[-42.8098,-14.6816],[-42.8468,-14.7557],[-42.8518,-14.7657],[-42.8618,-14.7626],[-42.8654,-14.7653],[-42.8659,-14.7631],[-42.8717,-14.7642],[-42.8762,-14.7674],[-42.8804,-14.7688],[-42.8842,-14.7671],[-42.8877,-14.7664],[-42.8958,-14.7625],[-42.8996,-14.7554],[-42.9022,-14.7609],[-42.9055,-14.7606],[-42.9118,-14.744],[-42.9166,-14.747],[-42.9267,-14.7437],[-42.9246,-14.7334],[-42.937,-14.72],[-42.9385,-14.7076],[-42.9523,-14.708],[-42.9769,-14.6979],[-42.985,-14.7018],[-43.0024,-14.6958],[-43.0102,-14.7011],[-43.0264,-14.6931],[-43.0258,-14.6869],[-43.0363,-14.6826],[-43.0553,-14.6905],[-43.066,-14.6801],[-43.0719,-14.6884],[-43.0789,-14.6899],[-43.0833,-14.6977],[-43.0911,-14.6829],[-43.1007,-14.675],[-43.1076,-14.6727],[-43.1107,-14.6786],[-43.1159,-14.6784],[-43.1267,-14.6659],[-43.1326,-14.6676],[-43.1399,-14.6647],[-43.1511,-14.6659],[-43.1759,-14.6501],[-43.1774,-14.659],[-43.1809,-14.6605],[-43.1903,-14.6511],[-43.1983,-14.6492],[-43.2073,-14.6579],[-43.2285,-14.6601],[-43.2345,-14.6563],[-43.2447,-14.6561],[-43.261,-14.6629],[-43.2657,-14.661],[-43.2712,-14.6656],[-43.2803,-14.6658],[-43.2833,-14.6735],[-43.2879,-14.6757],[-43.2977,-14.6756],[-43.3108,-14.6693],[-43.3193,-14.6775],[-43.3301,-14.6797],[-43.3339,-14.6872],[-43.3461,-14.6956],[-43.3636,-14.6975],[-43.3986,-14.7098],[-43.4143,-14.7238],[-43.4249,-14.7195],[-43.4283,-14.7218],[-43.4278,-14.7259],[-43.4345,-14.7226],[-43.4342,-14.726],[-43.4401,-14.7279],[-43.4454,-14.7362],[-43.4558,-14.7397],[-43.4609,-14.7458],[-43.4559,-14.7573],[-43.4624,-14.7654],[-43.4749,-14.7618],[-43.4808,-14.7674],[-43.4794,-14.7721],[-43.4683,-14.779],[-43.4693,-14.7869],[-43.478,-14.7916],[-43.4831,-14.7889],[-43.4897,-14.7922],[-43.4939,-14.7903],[-43.4981,-14.7969],[-43.5108,-14.7961],[-43.5093,-14.8071],[-43.515,-14.8041],[-43.5208,-14.8055],[-43.5248,-14.8135],[-43.531,-14.8148],[-43.4594,-14.6061],[-43.4431,-14.5586],[-43.443,-14.5582],[-43.4251,-14.506],[-43.3697,-14.4895],[-43.2628,-14.4574],[-43.1881,-14.4349],[-43.1496,-14.4234],[-43.1448,-14.4219],[-43.138,-14.4198],[-43.0855,-14.3445],[-43.07,-14.3223],[-43.0078,-14.3483],[-43.0041,-14.3622],[-42.9986,-14.3653],[-42.9738,-14.3777],[-42.9745,-14.3886],[-42.9696,-14.3917],[-42.956,-14.3961],[-42.9467,-14.4092],[-42.9308,-14.4213],[-42.9292,-14.4369],[-42.9239,-14.4464],[-42.9042,-14.4835],[-42.8889,-14.5012],[-42.8808,-14.5068],[-42.8705,-14.5086],[-42.8353,-14.5586],[-42.8305,-14.5709]]]}},{"type":"Feature","properties":{"nome":"Senhor do Bonfim","cod":"2930105","uf":"BA"},"geometry":{"type":"Polygon","coordinates":[[[-40.0495,-10.3519],[-40.0499,-10.3535],[-40.0483,-10.3741],[-40.0379,-10.376],[-40.035,-10.3815],[-40.0324,-10.3831],[-40.0207,-10.3926],[-40.0181,-10.3986],[-40.0243,-10.4231],[-40.0156,-10.4301],[-40.0156,-10.4366],[-40.029,-10.4469],[-40.0273,-10.453],[-40.0207,-10.455],[-40.0159,-10.4603],[-40.0065,-10.4628],[-40.0085,-10.4695],[-40.0052,-10.4714],[-40.0114,-10.4849],[-40.0094,-10.4892],[-40.0016,-10.495],[-39.9937,-10.4964],[-39.9838,-10.5029],[-39.9739,-10.5087],[-39.9656,-10.5247],[-39.9495,-10.5388],[-39.9467,-10.5504],[-39.9778,-10.5823],[-40.0123,-10.6178],[-40.0154,-10.6209],[-40.016,-10.6216],[-40.1248,-10.6352],[-40.1302,-10.6359],[-40.1304,-10.6359],[-40.1427,-10.6374],[-40.1666,-10.6079],[-40.187,-10.582],[-40.1916,-10.5761],[-40.2061,-10.5578],[-40.2113,-10.5513],[-40.2352,-10.521],[-40.2483,-10.5043],[-40.2422,-10.4838],[-40.244,-10.4818],[-40.2326,-10.4617],[-40.2439,-10.4553],[-40.2438,-10.4429],[-40.2536,-10.4404],[-40.2437,-10.4292],[-40.2488,-10.4204],[-40.245,-10.4082],[-40.2403,-10.4046],[-40.2491,-10.4036],[-40.2508,-10.3899],[-40.2491,-10.3819],[-40.2411,-10.3827],[-40.2398,-10.3792],[-40.2435,-10.3625],[-40.2419,-10.3606],[-40.2101,-10.3243],[-40.1997,-10.3434],[-40.1867,-10.3457],[-40.1776,-10.3562],[-40.1689,-10.3578],[-40.1683,-10.3577],[-40.1597,-10.3495],[-40.1242,-10.3137],[-40.124,-10.3134],[-40.0784,-10.2674],[-40.0782,-10.2671],[-40.0659,-10.2819],[-40.0651,-10.2926],[-40.0562,-10.3051],[-40.0601,-10.321],[-40.0495,-10.3519]]]}},{"type":"Feature","properties":{"nome":"Serra do Ramalho","cod":"2930154","uf":"BA"},"geometry":{"type":"Polygon","coordinates":[[[-43.6829,-13.1693],[-43.683,-13.2179],[-43.6821,-13.2825],[-43.6405,-13.2694],[-43.5803,-13.2651],[-43.5764,-13.2648],[-43.5126,-13.2614],[-43.4908,-13.2604],[-43.4325,-13.2543],[-43.4298,-13.2535],[-43.4352,-13.2616],[-43.4623,-13.3247],[-43.4609,-13.3631],[-43.4548,-13.377],[-43.4386,-13.4023],[-43.4309,-13.4221],[-43.4319,-13.4608],[-43.438,-13.4945],[-43.4428,-13.5032],[-43.4477,-13.5316],[-43.4602,-13.5538],[-43.4728,-13.5653],[-43.4878,-13.5724],[-43.5109,-13.5753],[-43.5429,-13.6207],[-43.5551,-13.6488],[-43.5585,-13.6603],[-43.5492,-13.7184],[-43.5558,-13.7328],[-43.5887,-13.759],[-43.5939,-13.7778],[-43.6993,-13.7478],[-43.8738,-13.6978],[-43.9802,-13.6673],[-43.9777,-13.626],[-43.9843,-13.6185],[-43.991,-13.5988],[-43.9873,-13.5898],[-43.9889,-13.5745],[-43.9687,-13.5487],[-43.9598,-13.5399],[-43.9541,-13.5389],[-43.9431,-13.5117],[-43.9344,-13.5048],[-43.9416,-13.4933],[-43.9425,-13.4721],[-43.9485,-13.4656],[-43.9468,-13.4534],[-43.9432,-13.4502],[-43.9373,-13.4378],[-43.9299,-13.4311],[-43.902,-13.4171],[-43.892,-13.3811],[-43.8929,-13.3637],[-43.8825,-13.3439],[-43.8829,-13.3355],[-43.8776,-13.3313],[-43.8658,-13.3304],[-43.8659,-13.3274],[-43.8642,-13.3243],[-43.8709,-13.3218],[-43.8678,-13.3195],[-43.8676,-13.3117],[-43.8604,-13.309],[-43.8637,-13.3035],[-43.862,-13.2992],[-43.8569,-13.3009],[-43.8596,-13.2928],[-43.8572,-13.2894],[-43.8609,-13.2853],[-43.8564,-13.2782],[-43.8628,-13.2751],[-43.8573,-13.2617],[-43.8508,-13.2603],[-43.8391,-13.247],[-43.8158,-13.2286],[-43.8029,-13.219],[-43.7957,-13.2228],[-43.7763,-13.2205],[-43.7585,-13.2071],[-43.7307,-13.2053],[-43.7284,-13.2019],[-43.7333,-13.1946],[-43.7256,-13.1843],[-43.7185,-13.1819],[-43.7052,-13.1876],[-43.6967,-13.1706],[-43.6829,-13.1693]]]}},{"type":"Feature","properties":{"nome":"Sento Sé","cod":"2930204","uf":"BA"},"geometry":{"type":"Polygon","coordinates":[[[-40.9806,-9.3865],[-40.9547,-9.3983],[-40.9367,-9.3983],[-40.9325,-9.3986],[-40.9717,-9.5564],[-40.9718,-9.5568],[-41.0107,-9.7135],[-41.0113,-9.7158],[-41.0453,-9.8506],[-41.0551,-9.8895],[-41.0513,-9.9073],[-41.0615,-9.9224],[-41.0737,-9.9393],[-41.079,-9.942],[-41.0916,-9.9409],[-41.0988,-9.9461],[-41.1034,-9.9454],[-41.1074,-9.9378],[-41.1024,-9.9174],[-41.1104,-9.9103],[-41.124,-9.9248],[-41.1352,-9.9218],[-41.1494,-9.94],[-41.1667,-9.9452],[-41.1804,-9.9567],[-41.1981,-9.9542],[-41.2148,-9.9579],[-41.2173,-9.9382],[-41.2359,-9.9251],[-41.2373,-9.9454],[-41.2554,-9.9464],[-41.2496,-9.9602],[-41.2556,-9.9737],[-41.252,-9.9793],[-41.2083,-9.9931],[-41.193,-10.0072],[-41.1695,-10.0198],[-41.1692,-10.0257],[-41.1826,-10.0442],[-41.1819,-10.0507],[-41.1914,-10.0557],[-41.193,-10.0818],[-41.1899,-10.0887],[-41.1782,-10.0944],[-41.1805,-10.1053],[-41.1782,-10.1067],[-41.1665,-10.1046],[-41.1675,-10.1097],[-41.16,-10.1117],[-41.1588,-10.1148],[-41.1687,-10.1338],[-41.1605,-10.1437],[-41.163,-10.151],[-41.1574,-10.1551],[-41.1581,-10.1606],[-41.1659,-10.1753],[-41.1618,-10.1815],[-41.1677,-10.1893],[-41.1713,-10.196],[-41.1599,-10.2068],[-41.1578,-10.2151],[-41.1524,-10.2141],[-41.1447,-10.2214],[-41.1503,-10.2352],[-41.1561,-10.2383],[-41.1553,-10.247],[-41.1625,-10.2523],[-41.1686,-10.2521],[-41.1931,-10.2703],[-41.2062,-10.2735],[-41.2149,-10.2874],[-41.2314,-10.2952],[-41.2406,-10.3035],[-41.2427,-10.322],[-41.2661,-10.3333],[-41.2732,-10.3419],[-41.2792,-10.342],[-41.2869,-10.3361],[-41.3118,-10.3468],[-41.3154,-10.3445],[-41.3214,-10.3527],[-41.3286,-10.354],[-41.325,-10.3647],[-41.3309,-10.3728],[-41.3353,-10.3779],[-41.3489,-10.3688],[-41.3605,-10.3697],[-41.3658,-10.3812],[-41.3578,-10.391],[-41.3657,-10.3961],[-41.3767,-10.4159],[-41.3935,-10.4194],[-41.4067,-10.4293],[-41.429,-10.4356],[-41.4357,-10.4424],[-41.4467,-10.4427],[-41.4489,-10.4518],[-41.4559,-10.4568],[-41.4641,-10.46],[-41.4669,-10.4692],[-41.4558,-10.4877],[-41.4415,-10.489],[-41.4283,-10.4968],[-41.4122,-10.4992],[-41.3841,-10.5166],[-41.3815,-10.52],[-41.3841,-10.5272],[-41.3886,-10.5386],[-41.3974,-10.5469],[-41.3922,-10.5606],[-41.397,-10.5707],[-41.4261,-10.5761],[-41.4301,-10.589],[-41.459,-10.5996],[-41.4709,-10.6188],[-41.4744,-10.6315],[-41.4851,-10.6328],[-41.4966,-10.6147],[-41.5037,-10.6172],[-41.5035,-10.6386],[-41.4881,-10.6624],[-41.487,-10.6861],[-41.4784,-10.6974],[-41.4719,-10.7253],[-41.4875,-10.7523],[-41.4781,-10.7577],[-41.484,-10.7689],[-41.4949,-10.7741],[-41.5002,-10.7827],[-41.5074,-10.787],[-41.4438,-10.8023],[-41.509,-10.8919],[-41.5172,-10.8709],[-41.5224,-10.8702],[-41.5329,-10.8789],[-41.5455,-10.877],[-41.562,-10.8593],[-41.5756,-10.8598],[-41.6103,-10.8525],[-41.6197,-10.8281],[-41.6357,-10.8203],[-41.6454,-10.8048],[-41.6545,-10.8063],[-41.6597,-10.806],[-41.7703,-10.7377],[-41.878,-10.8684],[-41.8966,-10.8906],[-41.899,-10.8736],[-41.8909,-10.8526],[-41.8901,-10.8254],[-41.9096,-10.8003],[-41.9164,-10.7649],[-41.9245,-10.7459],[-41.9356,-10.7349],[-41.9426,-10.7194],[-41.9612,-10.7081],[-41.9684,-10.6943],[-41.9669,-10.6921],[-41.9722,-10.6929],[-41.9745,-10.6847],[-41.9793,-10.6814],[-41.9809,-10.6712],[-41.9894,-10.6681],[-41.9837,-10.6596],[-41.9841,-10.6546],[-41.9887,-10.654],[-42.0117,-10.6309],[-42.0162,-10.6252],[-42.0139,-10.6181],[-42.0203,-10.6116],[-42.0154,-10.6112],[-42.0151,-10.6059],[-42.0222,-10.5935],[-42.0294,-10.5922],[-42.0277,-10.5874],[-42.0346,-10.5847],[-42.0347,-10.5755],[-42.0423,-10.5681],[-42.0475,-10.5447],[-42.0662,-10.5278],[-42.0639,-10.5141],[-42.0717,-10.502],[-42.0686,-10.4939],[-42.0871,-10.4805],[-42.089,-10.475],[-42.0833,-10.4674],[-42.0798,-10.4536],[-42.0844,-10.4426],[-42.0854,-10.425],[-42.0985,-10.4133],[-42.094,-10.408],[-42.0913,-10.382],[-42.0972,-10.3741],[-42.123,-10.3569],[-42.1327,-10.3457],[-42.1349,-10.3395],[-42.131,-10.3374],[-42.1302,-10.3259],[-42.1364,-10.3002],[-42.1434,-10.2942],[-42.1422,-10.2902],[-42.1495,-10.2837],[-42.1491,-10.2805],[-42.1544,-10.2776],[-42.1545,-10.266],[-42.1592,-10.2574],[-42.1835,-10.2493],[-42.414,-10.1721],[-42.4308,-10.1558],[-42.4363,-10.1398],[-42.4363,-10.1359],[-42.4297,-10.1151],[-42.4109,-10.0871],[-42.3893,-10.0577],[-42.3597,-10.0393],[-42.3455,-10.0407],[-42.304,-10.0566],[-42.2849,-10.0597],[-42.2412,-10.0497],[-42.2282,-10.0319],[-42.2276,-10.0313],[-42.2053,-9.9981],[-42.1856,-9.9856],[-42.1821,-9.9681],[-42.1626,-9.9412],[-42.1623,-9.9305],[-42.1578,-9.9211],[-42.1177,-9.8857],[-42.1115,-9.8719],[-42.1026,-9.864],[-42.0903,-9.8268],[-42.0764,-9.8087],[-42.0781,-9.7572],[-42.0818,-9.7386],[-42.0801,-9.7289],[-42.0721,-9.7196],[-42.0562,-9.6908],[-42.0476,-9.679],[-42.0441,-9.6729],[-42.0229,-9.6645],[-42.0083,-9.6653],[-41.9797,-9.6736],[-41.9588,-9.6876],[-41.9031,-9.6984],[-41.8809,-9.7149],[-41.8586,-9.721],[-41.85,-9.7264],[-41.8417,-9.7313],[-41.7549,-9.7523],[-41.7406,-9.7578],[-41.7244,-9.7573],[-41.703,-9.7679],[-41.6869,-9.7689],[-41.6801,-9.7649],[-41.6359,-9.7108],[-41.6115,-9.6975],[-41.5908,-9.6923],[-41.5648,-9.6776],[-41.5031,-9.6689],[-41.4904,-9.6714],[-41.4533,-9.6905],[-41.4301,-9.6924],[-41.3924,-9.6856],[-41.3686,-9.6766],[-41.3504,-9.672],[-41.3106,-9.6704],[-41.2861,-9.6618],[-41.2561,-9.6449],[-41.2293,-9.6121],[-41.2035,-9.5772],[-41.1785,-9.5319],[-41.16,-9.5134],[-41.1335,-9.498],[-41.1294,-9.4735],[-41.1331,-9.4542],[-41.13,-9.4399],[-41.1249,-9.4151],[-41.1193,-9.4062],[-41.1018,-9.4022],[-41.082,-9.4068],[-41.0719,-9.4086],[-41.0579,-9.405],[-41.0273,-9.3893],[-41.0122,-9.3924],[-40.995,-9.3884],[-40.9806,-9.3865]]]}},{"type":"Feature","properties":{"nome":"Serra Dourada","cod":"2930303","uf":"BA"},"geometry":{"type":"Polygon","coordinates":[[[-43.5374,-12.6371],[-43.5556,-12.7456],[-43.5776,-12.8769],[-43.5779,-12.8785],[-43.5839,-12.9142],[-43.5859,-12.9265],[-43.5925,-12.9254],[-43.5951,-12.9279],[-43.5997,-12.9222],[-43.6161,-12.9249],[-43.6296,-12.9227],[-43.6388,-12.9283],[-43.6491,-12.9247],[-43.6504,-12.9303],[-43.6597,-12.9367],[-43.6719,-12.932],[-43.6791,-12.9367],[-43.6906,-12.932],[-43.6981,-12.9408],[-43.7057,-12.9428],[-43.7174,-12.9309],[-43.7183,-12.939],[-43.7265,-12.9417],[-43.7321,-12.9496],[-43.752,-12.9539],[-43.7787,-12.9712],[-43.7944,-12.9762],[-43.7998,-12.9719],[-43.817,-12.9756],[-43.8208,-12.9836],[-43.8256,-12.9857],[-43.8851,-12.9667],[-43.89,-12.966],[-43.8901,-12.9632],[-43.8833,-12.9507],[-43.8959,-12.9316],[-43.9295,-12.9173],[-43.9877,-12.8889],[-44.0215,-12.8726],[-44.022,-12.8724],[-44.0651,-12.8517],[-44.1059,-12.8321],[-44.1237,-12.8236],[-44.151,-12.8105],[-44.1465,-12.8045],[-44.1444,-12.7954],[-44.1712,-12.7683],[-44.1735,-12.7624],[-44.1715,-12.752],[-44.1787,-12.741],[-44.1449,-12.7507],[-44.0803,-12.7688],[-44.0784,-12.7681],[-44.0373,-12.7523],[-44.0078,-12.7409],[-43.9813,-12.7484],[-43.9612,-12.7434],[-43.7617,-12.6934],[-43.696,-12.6769],[-43.5374,-12.6371]]]}},{"type":"Feature","properties":{"nome":"Serra Preta","cod":"2930402","uf":"BA"},"geometry":{"type":"Polygon","coordinates":[[[-39.2759,-12.1743],[-39.2785,-12.1808],[-39.2753,-12.1854],[-39.2846,-12.1966],[-39.2877,-12.1957],[-39.2955,-12.1934],[-39.3297,-12.1833],[-39.352,-12.194],[-39.3627,-12.1992],[-39.3898,-12.2122],[-39.4235,-12.2283],[-39.4497,-12.1805],[-39.45,-12.1801],[-39.4627,-12.1568],[-39.4949,-12.098],[-39.4954,-12.0971],[-39.5209,-12.0491],[-39.533,-12.0261],[-39.4825,-12.0185],[-39.4801,-12.0182],[-39.4324,-12.0113],[-39.3807,-12.0038],[-39.3745,-12.0029],[-39.3637,-12.0013],[-39.2971,-11.9913],[-39.2885,-12.0004],[-39.2855,-12.0117],[-39.2877,-12.0179],[-39.288,-12.0225],[-39.2775,-12.0247],[-39.2692,-12.0335],[-39.2691,-12.0336],[-39.2282,-12.0794],[-39.2392,-12.0985],[-39.2559,-12.1274],[-39.2658,-12.1494],[-39.2759,-12.1743]]]}},{"type":"Feature","properties":{"nome":"Serrinha","cod":"2930501","uf":"BA"},"geometry":{"type":"Polygon","coordinates":[[[-38.8862,-11.5236],[-38.8607,-11.5419],[-38.8596,-11.5667],[-38.863,-11.5821],[-38.8573,-11.5887],[-38.8573,-11.5967],[-38.8519,-11.6064],[-38.8518,-11.6069],[-38.8502,-11.6211],[-38.8502,-11.6213],[-38.8446,-11.6639],[-38.831,-11.7737],[-38.8313,-11.7734],[-38.8728,-11.7681],[-38.8729,-11.7681],[-38.9075,-11.7637],[-38.9559,-11.7599],[-38.9613,-11.7599],[-38.9855,-11.76],[-38.9863,-11.76],[-39.0472,-11.7602],[-39.0641,-11.7603],[-39.0651,-11.7589],[-39.0795,-11.7394],[-39.0905,-11.7246],[-39.1038,-11.7065],[-39.1197,-11.6851],[-39.1345,-11.6651],[-39.1583,-11.6328],[-39.1583,-11.6327],[-39.1506,-11.6286],[-39.1346,-11.6293],[-39.1177,-11.6229],[-39.1167,-11.6189],[-39.1134,-11.6162],[-39.1,-11.6135],[-39.0944,-11.6177],[-39.0727,-11.6154],[-39.068,-11.6089],[-39.0556,-11.5912],[-39.0442,-11.5749],[-39.0284,-11.5525],[-39.0241,-11.5529],[-39.0221,-11.5531],[-39.0126,-11.5526],[-39.0011,-11.5503],[-38.9895,-11.553],[-38.9801,-11.5528],[-38.9677,-11.562],[-38.9465,-11.552],[-38.9431,-11.5528],[-38.9443,-11.5496],[-38.9377,-11.5464],[-38.9342,-11.5496],[-38.9302,-11.5438],[-38.9243,-11.5431],[-38.92,-11.5394],[-38.9137,-11.544],[-38.9063,-11.5393],[-38.9028,-11.543],[-38.9013,-11.5382],[-38.8862,-11.5236]]]}},{"type":"Feature","properties":{"nome":"Serrolândia","cod":"2930600","uf":"BA"},"geometry":{"type":"Polygon","coordinates":[[[-40.1763,-11.3258],[-40.1882,-11.3389],[-40.1882,-11.3391],[-40.1866,-11.3432],[-40.2003,-11.3659],[-40.2046,-11.3828],[-40.2,-11.4004],[-40.2036,-11.4074],[-40.2012,-11.4173],[-40.198,-11.4255],[-40.1901,-11.4283],[-40.1898,-11.4284],[-40.1946,-11.4442],[-40.1914,-11.4528],[-40.198,-11.4927],[-40.198,-11.4931],[-40.1956,-11.5001],[-40.1878,-11.5035],[-40.1773,-11.5186],[-40.1666,-11.5221],[-40.1698,-11.5282],[-40.1801,-11.5313],[-40.1875,-11.5384],[-40.1973,-11.5426],[-40.2004,-11.541],[-40.204,-11.5468],[-40.2091,-11.5458],[-40.2067,-11.5513],[-40.2192,-11.5552],[-40.2268,-11.5654],[-40.232,-11.5734],[-40.2722,-11.5247],[-40.2775,-11.5103],[-40.2784,-11.508],[-40.2927,-11.4925],[-40.2953,-11.4498],[-40.3081,-11.4302],[-40.3146,-11.4265],[-40.3148,-11.4264],[-40.3925,-11.3824],[-40.354,-11.3714],[-40.2842,-11.3517],[-40.2713,-11.3481],[-40.2709,-11.348],[-40.2372,-11.3384],[-40.2057,-11.3297],[-40.1912,-11.3299],[-40.1835,-11.325],[-40.1763,-11.3258]]]}},{"type":"Feature","properties":{"nome":"Simões Filho","cod":"2930709","uf":"BA"},"geometry":{"type":"Polygon","coordinates":[[[-38.332,-12.7959],[-38.3295,-12.8017],[-38.3341,-12.8101],[-38.3514,-12.8076],[-38.3551,-12.8017],[-38.3602,-12.8011],[-38.3712,-12.8121],[-38.3811,-12.8085],[-38.3807,-12.8211],[-38.3847,-12.8278],[-38.3851,-12.8284],[-38.3945,-12.8435],[-38.3932,-12.848],[-38.3918,-12.8539],[-38.4011,-12.858],[-38.4031,-12.8703],[-38.4087,-12.8706],[-38.4169,-12.8649],[-38.4226,-12.8552],[-38.431,-12.8565],[-38.43,-12.8462],[-38.4406,-12.8397],[-38.4493,-12.8404],[-38.4533,-12.8298],[-38.4658,-12.8268],[-38.4675,-12.8103],[-38.4627,-12.7985],[-38.4629,-12.7921],[-38.4532,-12.7733],[-38.4503,-12.7616],[-38.4527,-12.751],[-38.4475,-12.7436],[-38.4435,-12.7334],[-38.4143,-12.6604],[-38.414,-12.6598],[-38.4055,-12.6567],[-38.399,-12.6621],[-38.3887,-12.6651],[-38.3778,-12.6751],[-38.3729,-12.6807],[-38.3718,-12.704],[-38.3567,-12.7171],[-38.3549,-12.7311],[-38.349,-12.7367],[-38.3517,-12.7421],[-38.347,-12.7536],[-38.3479,-12.7595],[-38.344,-12.7626],[-38.345,-12.7685],[-38.3367,-12.774],[-38.3354,-12.7831],[-38.3297,-12.7933],[-38.332,-12.7959]]]}},{"type":"Feature","properties":{"nome":"Sítio do Mato","cod":"2930758","uf":"BA"},"geometry":{"type":"Polygon","coordinates":[[[-43.4649,-13.071],[-43.4638,-13.0785],[-43.4624,-13.0829],[-43.4608,-13.0894],[-43.4643,-13.1321],[-43.4905,-13.1366],[-43.4976,-13.1311],[-43.5185,-13.1283],[-43.5287,-13.1426],[-43.5445,-13.1504],[-43.5649,-13.1459],[-43.5692,-13.1497],[-43.5915,-13.1463],[-43.6101,-13.1517],[-43.6141,-13.1646],[-43.6218,-13.1778],[-43.6335,-13.1842],[-43.6408,-13.1844],[-43.638,-13.1718],[-43.635,-13.1707],[-43.6411,-13.1616],[-43.6464,-13.1376],[-43.652,-13.1379],[-43.6533,-13.1318],[-43.6563,-13.1323],[-43.66,-13.1271],[-43.6627,-13.1297],[-43.6727,-13.1263],[-43.6714,-13.1234],[-43.6781,-13.1241],[-43.6828,-13.118],[-43.6779,-13.1142],[-43.6819,-13.1133],[-43.685,-13.1167],[-43.6873,-13.1135],[-43.6915,-13.1145],[-43.6925,-13.1053],[-43.699,-13.1039],[-43.6988,-13.0975],[-43.7019,-13.0999],[-43.7119,-13.0847],[-43.7157,-13.0862],[-43.7133,-13.0831],[-43.7198,-13.0837],[-43.7244,-13.0795],[-43.7248,-13.0697],[-43.7315,-13.0578],[-43.7356,-13.0547],[-43.7464,-13.0546],[-43.7241,-13.0372],[-43.7229,-13.0362],[-43.6008,-12.9385],[-43.5859,-12.9265],[-43.5839,-12.9142],[-43.5779,-12.8785],[-43.5776,-12.8769],[-43.5556,-12.7456],[-43.5374,-12.6371],[-43.4391,-12.5872],[-43.4236,-12.5794],[-43.4234,-12.5793],[-43.3188,-12.5267],[-43.3062,-12.5531],[-43.2625,-12.564],[-43.2492,-12.5745],[-43.2429,-12.5843],[-43.239,-12.5944],[-43.2376,-12.6274],[-43.2306,-12.6556],[-43.2304,-12.6885],[-43.2306,-12.6911],[-43.2587,-12.7052],[-43.2734,-12.7229],[-43.2749,-12.7318],[-43.2839,-12.7445],[-43.3078,-12.763],[-43.3353,-12.7958],[-43.3423,-12.8097],[-43.3565,-12.8344],[-43.3605,-12.8639],[-43.3827,-12.8704],[-43.3856,-12.8705],[-43.3982,-12.8753],[-43.4041,-12.8822],[-43.408,-12.8935],[-43.406,-12.9054],[-43.4005,-12.932],[-43.4068,-12.9697],[-43.4076,-13.0],[-43.4223,-13.0159],[-43.4523,-13.039],[-43.4649,-13.071]]]}},{"type":"Feature","properties":{"nome":"Sítio do Quinto","cod":"2930766","uf":"BA"},"geometry":{"type":"Polygon","coordinates":[[[-38.1921,-10.1802],[-38.1819,-10.185],[-38.1668,-10.1838],[-38.1554,-10.1907],[-38.1432,-10.1931],[-38.1499,-10.2135],[-38.1409,-10.2243],[-38.1362,-10.2215],[-38.1268,-10.226],[-38.1204,-10.2228],[-38.121,-10.2175],[-38.1149,-10.2149],[-38.1064,-10.2149],[-38.1039,-10.2231],[-38.0881,-10.2273],[-38.089,-10.2314],[-38.0979,-10.2372],[-38.093,-10.2455],[-38.0858,-10.2379],[-38.0829,-10.2287],[-38.0649,-10.2341],[-38.0723,-10.2437],[-38.0611,-10.2609],[-38.0676,-10.2645],[-38.0703,-10.274],[-38.0648,-10.2794],[-38.0574,-10.2747],[-38.0546,-10.2773],[-38.0547,-10.2774],[-38.0539,-10.2852],[-38.0608,-10.2876],[-38.0509,-10.2941],[-38.0541,-10.3068],[-38.0586,-10.3104],[-38.0541,-10.3175],[-38.0549,-10.326],[-38.0465,-10.3293],[-38.0374,-10.3399],[-38.0367,-10.3473],[-38.0416,-10.3616],[-38.0387,-10.3708],[-38.0387,-10.3712],[-38.0381,-10.3774],[-38.0331,-10.3767],[-38.034,-10.3731],[-38.031,-10.3714],[-38.0229,-10.3774],[-38.0205,-10.3836],[-38.0171,-10.3761],[-38.0004,-10.3746],[-37.9822,-10.3999],[-37.9711,-10.3999],[-37.9654,-10.3944],[-37.954,-10.407],[-37.9517,-10.4057],[-37.953,-10.3981],[-37.9346,-10.3955],[-37.933,-10.4124],[-37.9273,-10.415],[-37.9193,-10.4136],[-37.9212,-10.4227],[-37.9061,-10.4343],[-37.9128,-10.4377],[-37.9139,-10.4425],[-37.9192,-10.4391],[-37.9234,-10.4439],[-37.9249,-10.4419],[-37.9364,-10.4476],[-37.9529,-10.4385],[-37.9623,-10.4389],[-37.9688,-10.4354],[-37.9742,-10.4379],[-37.978,-10.4351],[-37.982,-10.4404],[-37.9853,-10.4362],[-37.9898,-10.4379],[-37.9904,-10.4348],[-37.9956,-10.4334],[-37.9957,-10.4378],[-38.001,-10.438],[-38.0022,-10.4411],[-38.0128,-10.4405],[-38.0136,-10.4445],[-38.0162,-10.4432],[-38.023,-10.4488],[-38.0257,-10.4507],[-38.0328,-10.4478],[-38.0357,-10.4427],[-38.0395,-10.4449],[-38.0449,-10.44],[-38.0486,-10.4407],[-38.0585,-10.4352],[-38.0646,-10.4405],[-38.072,-10.4389],[-38.0711,-10.4358],[-38.0879,-10.4371],[-38.1013,-10.4459],[-38.0991,-10.4509],[-38.1064,-10.4538],[-38.1098,-10.4505],[-38.1226,-10.4489],[-38.1281,-10.4526],[-38.1299,-10.4527],[-38.1442,-10.4569],[-38.1443,-10.4569],[-38.1881,-10.421],[-38.2124,-10.401],[-38.2373,-10.3805],[-38.2394,-10.3747],[-38.2394,-10.3747],[-38.2415,-10.3688],[-38.2622,-10.3102],[-38.3109,-10.3092],[-38.3132,-10.3092],[-38.4162,-10.3077],[-38.4355,-10.3085],[-38.4282,-10.3039],[-38.4215,-10.2924],[-38.4147,-10.2907],[-38.4042,-10.2796],[-38.3732,-10.2612],[-38.3456,-10.2524],[-38.303,-10.259],[-38.2804,-10.247],[-38.2585,-10.248],[-38.2485,-10.2345],[-38.2339,-10.2237],[-38.2329,-10.223],[-38.2197,-10.2196],[-38.2157,-10.2055],[-38.205,-10.1965],[-38.2013,-10.1888],[-38.1954,-10.1871],[-38.1921,-10.1802]]]}},{"type":"Feature","properties":{"nome":"Sobradinho","cod":"2930774","uf":"BA"},"geometry":{"type":"Polygon","coordinates":[[[-40.9325,-9.3986],[-40.895,-9.4118],[-40.8823,-9.4037],[-40.8673,-9.3999],[-40.8404,-9.4221],[-40.8268,-9.4263],[-40.8087,-9.4377],[-40.7909,-9.4497],[-40.7764,-9.454],[-40.7449,-9.4429],[-40.7218,-9.4455],[-40.7133,-9.4501],[-40.7131,-9.4503],[-40.7222,-9.451],[-40.7259,-9.4568],[-40.7315,-9.4588],[-40.7329,-9.4754],[-40.7377,-9.4809],[-40.7374,-9.4901],[-40.7457,-9.5126],[-40.7448,-9.5214],[-40.7449,-9.5215],[-40.7699,-9.5694],[-40.7659,-9.5848],[-40.7706,-9.6201],[-40.7699,-9.6494],[-40.767,-9.6512],[-40.7634,-9.6702],[-40.7511,-9.6895],[-40.751,-9.6898],[-40.7422,-9.7038],[-40.7418,-9.7181],[-40.7512,-9.7367],[-40.7642,-9.7501],[-40.7623,-9.763],[-40.7684,-9.7795],[-40.7646,-9.7914],[-40.7575,-9.7974],[-40.772,-9.8256],[-40.7734,-9.8351],[-40.79,-9.8536],[-40.8064,-9.8651],[-40.8149,-9.879],[-40.8143,-9.8952],[-40.8035,-9.9147],[-40.9576,-9.9432],[-40.9698,-9.9454],[-41.0136,-9.9385],[-41.0129,-9.9303],[-41.0057,-9.924],[-41.0007,-9.9132],[-41.0071,-9.9065],[-41.028,-9.9103],[-41.0362,-9.916],[-41.0406,-9.9285],[-41.0488,-9.9182],[-41.0582,-9.9181],[-41.0615,-9.9224],[-41.0513,-9.9073],[-41.0551,-9.8895],[-41.0453,-9.8506],[-41.0113,-9.7158],[-41.0107,-9.7135],[-40.9718,-9.5568],[-40.9717,-9.5564],[-40.9325,-9.3986]]]}},{"type":"Feature","properties":{"nome":"Souto Soares","cod":"2930808","uf":"BA"},"geometry":{"type":"Polygon","coordinates":[[[-41.6199,-12.0177],[-41.5628,-12.0455],[-41.5624,-12.0457],[-41.4534,-12.0989],[-41.4932,-12.1102],[-41.6058,-12.1424],[-41.6143,-12.1421],[-41.6161,-12.142],[-41.6731,-12.1393],[-41.7117,-12.1374],[-41.7751,-12.1343],[-41.8377,-12.1313],[-41.8439,-12.1235],[-41.856,-12.1176],[-41.861,-12.1082],[-41.8661,-12.1099],[-41.8724,-12.1296],[-41.8994,-12.1087],[-41.8995,-12.1086],[-41.9826,-12.0444],[-41.9635,-12.0556],[-41.9731,-12.0414],[-41.9733,-12.0409],[-41.9768,-12.0359],[-41.9795,-12.0164],[-42.0052,-11.9852],[-42.0056,-11.9689],[-42.0201,-11.9421],[-41.9968,-11.9221],[-41.9962,-11.9065],[-42.0004,-11.9031],[-42.0075,-11.8991],[-42.0183,-11.8985],[-42.0258,-11.8908],[-42.0275,-11.8522],[-42.0421,-11.8338],[-42.0432,-11.8255],[-42.0488,-11.8191],[-42.0381,-11.8134],[-41.9605,-11.8506],[-41.8989,-11.881],[-41.8831,-11.8889],[-41.8392,-11.9105],[-41.8092,-11.9253],[-41.7902,-11.9346],[-41.7531,-11.9529],[-41.7528,-11.9531],[-41.6923,-11.9825],[-41.6557,-12.0004],[-41.6496,-12.0034],[-41.6199,-12.0177]]]}},{"type":"Feature","properties":{"nome":"Tabocas do Brejo Velho","cod":"2930907","uf":"BA"},"geometry":{"type":"Polygon","coordinates":[[[-43.9574,-12.2635],[-43.9614,-12.2724],[-43.9739,-12.2791],[-43.9851,-12.2922],[-43.9906,-12.3209],[-43.9868,-12.3366],[-43.992,-12.3427],[-44.0041,-12.3471],[-44.0093,-12.3598],[-44.0198,-12.3839],[-44.0234,-12.4132],[-44.0357,-12.4268],[-44.0485,-12.4532],[-44.0659,-12.4618],[-44.0745,-12.4732],[-44.095,-12.4772],[-44.0953,-12.4773],[-44.1152,-12.4831],[-44.1174,-12.4967],[-44.1129,-12.5033],[-44.1055,-12.5059],[-44.1012,-12.5204],[-44.0877,-12.5246],[-44.0895,-12.5412],[-44.0837,-12.5482],[-44.0819,-12.5583],[-44.0746,-12.5662],[-44.0735,-12.5908],[-44.0755,-12.5993],[-44.0711,-12.6058],[-44.0796,-12.6161],[-44.0786,-12.6257],[-44.0859,-12.6449],[-44.1008,-12.6647],[-44.1286,-12.6814],[-44.1022,-12.6807],[-44.0639,-12.6797],[-44.0317,-12.6788],[-43.9484,-12.677],[-43.9505,-12.6815],[-43.9813,-12.7484],[-44.0078,-12.7409],[-44.0373,-12.7523],[-44.0784,-12.7681],[-44.0803,-12.7688],[-44.1449,-12.7507],[-44.1787,-12.741],[-44.1846,-12.7346],[-44.2098,-12.7072],[-44.2653,-12.6467],[-44.2708,-12.639],[-44.2941,-12.5354],[-44.3111,-12.4589],[-44.312,-12.455],[-44.3309,-12.3619],[-44.3238,-12.3514],[-44.2967,-12.3112],[-44.3015,-12.3047],[-44.2945,-12.3049],[-44.2667,-12.2889],[-44.2509,-12.2709],[-44.2372,-12.2627],[-44.2313,-12.2593],[-44.2295,-12.2611],[-44.2231,-12.2637],[-44.1983,-12.2632],[-44.1519,-12.2507],[-44.1126,-12.251],[-44.0913,-12.2473],[-44.0865,-12.2437],[-44.0805,-12.2531],[-44.0624,-12.256],[-44.0541,-12.2709],[-44.0494,-12.2722],[-44.0241,-12.265],[-43.9514,-12.2354],[-43.9424,-12.2374],[-43.9445,-12.2443],[-43.9414,-12.256],[-43.9574,-12.2635]]]}},{"type":"Feature","properties":{"nome":"Tanhaçu","cod":"2931004","uf":"BA"},"geometry":{"type":"Polygon","coordinates":[[[-41.1958,-13.859],[-41.171,-13.9363],[-41.1678,-13.9464],[-41.1598,-13.9563],[-41.1596,-13.9669],[-41.1502,-13.9685],[-41.1363,-13.9902],[-41.1362,-13.9902],[-41.1245,-13.9901],[-41.1168,-13.9944],[-41.1081,-13.9932],[-41.0984,-14.0038],[-41.09,-13.995],[-41.0696,-13.9961],[-41.0591,-13.9818],[-41.0424,-13.9732],[-41.0317,-13.973],[-41.0218,-13.9816],[-41.0001,-13.9772],[-40.9872,-13.9799],[-40.9837,-13.9783],[-40.984,-13.9707],[-40.9813,-13.9696],[-40.9785,-13.9778],[-40.9856,-13.9917],[-40.9995,-14.0021],[-41.0028,-14.0086],[-40.9788,-14.0205],[-40.9824,-14.0304],[-40.9906,-14.0329],[-41.0028,-14.0455],[-41.0164,-14.0517],[-41.0153,-14.0556],[-41.0048,-14.0593],[-41.0012,-14.0671],[-41.0074,-14.0703],[-41.0224,-14.0707],[-41.0234,-14.0739],[-41.0147,-14.0886],[-41.0255,-14.0947],[-41.0223,-14.1099],[-41.0245,-14.1199],[-41.016,-14.1244],[-41.0152,-14.1302],[-41.0227,-14.1344],[-41.0206,-14.138],[-41.0241,-14.1421],[-41.0405,-14.1425],[-41.0363,-14.15],[-41.0407,-14.1584],[-41.0355,-14.163],[-41.023,-14.1639],[-41.0128,-14.1583],[-41.0046,-14.1642],[-41.0003,-14.1749],[-41.0044,-14.1781],[-41.0146,-14.1785],[-41.0145,-14.1858],[-41.0201,-14.1877],[-41.0191,-14.1927],[-41.0122,-14.1982],[-41.0085,-14.2115],[-41.0139,-14.222],[-41.032,-14.2183],[-41.047,-14.2268],[-41.0454,-14.2327],[-41.0365,-14.2374],[-41.0267,-14.2372],[-41.0248,-14.2425],[-41.0281,-14.2484],[-41.0357,-14.2444],[-41.0474,-14.2489],[-41.0508,-14.2515],[-41.0596,-14.2599],[-41.0633,-14.2588],[-41.0729,-14.2769],[-41.0923,-14.288],[-41.0943,-14.2972],[-41.0895,-14.3078],[-41.0965,-14.3172],[-41.1014,-14.3189],[-41.1043,-14.3281],[-41.0917,-14.335],[-41.0906,-14.3391],[-41.0924,-14.3439],[-41.1032,-14.3516],[-41.1082,-14.3674],[-41.1274,-14.3585],[-41.2098,-14.3204],[-41.2292,-14.3114],[-41.2684,-14.2963],[-41.2686,-14.2962],[-41.3487,-14.2743],[-41.3893,-14.2632],[-41.3853,-14.2531],[-41.3539,-14.1737],[-41.3386,-14.1352],[-41.3296,-14.1125],[-41.3371,-14.1008],[-41.3347,-14.0936],[-41.3186,-14.0843],[-41.3145,-14.0875],[-41.3043,-14.0819],[-41.2935,-14.0917],[-41.2841,-14.082],[-41.2846,-14.077],[-41.2799,-14.0752],[-41.2848,-14.0726],[-41.283,-14.0608],[-41.289,-14.0579],[-41.2882,-14.052],[-41.2936,-14.0506],[-41.2915,-14.0458],[-41.2856,-14.0474],[-41.2868,-14.0306],[-41.2905,-14.0295],[-41.2941,-14.0236],[-41.2917,-14.0106],[-41.2978,-13.9989],[-41.2873,-13.9867],[-41.2818,-13.9856],[-41.2801,-13.9824],[-41.2839,-13.9755],[-41.278,-13.9598],[-41.2812,-13.9358],[-41.278,-13.9185],[-41.277,-13.9178],[-41.2667,-13.9019],[-41.2523,-13.8968],[-41.2495,-13.8999],[-41.2401,-13.892],[-41.2263,-13.8998],[-41.2115,-13.8894],[-41.2076,-13.8825],[-41.1978,-13.8785],[-41.1938,-13.8697],[-41.1958,-13.859]]]}},{"type":"Feature","properties":{"nome":"Tanque Novo","cod":"2931053","uf":"BA"},"geometry":{"type":"Polygon","coordinates":[[[-42.547,-13.4539],[-42.5467,-13.4593],[-42.5292,-13.4499],[-42.5056,-13.4374],[-42.491,-13.4297],[-42.4679,-13.4174],[-42.4653,-13.4369],[-42.4567,-13.4408],[-42.4515,-13.4478],[-42.4496,-13.4664],[-42.4504,-13.4704],[-42.4385,-13.49],[-42.4522,-13.5043],[-42.4527,-13.5445],[-42.4223,-13.5783],[-42.4094,-13.5852],[-42.4046,-13.5845],[-42.3997,-13.5842],[-42.395,-13.5886],[-42.3733,-13.5882],[-42.3625,-13.5972],[-42.361,-13.6068],[-42.3702,-13.609],[-42.3718,-13.6125],[-42.3602,-13.6295],[-42.357,-13.6404],[-42.3487,-13.6664],[-42.3533,-13.6763],[-42.3631,-13.6965],[-42.3743,-13.7007],[-42.3841,-13.6963],[-42.4061,-13.6711],[-42.4212,-13.6671],[-42.4384,-13.6693],[-42.4514,-13.666],[-42.4515,-13.6659],[-42.459,-13.6654],[-42.4736,-13.6748],[-42.4816,-13.673],[-42.4995,-13.6783],[-42.5048,-13.6735],[-42.5198,-13.6746],[-42.5301,-13.6661],[-42.5348,-13.6547],[-42.5431,-13.6526],[-42.5479,-13.6458],[-42.5587,-13.6518],[-42.5655,-13.6376],[-42.5673,-13.6341],[-42.5684,-13.6315],[-42.5754,-13.6015],[-42.6507,-13.6242],[-42.704,-13.6402],[-42.7043,-13.6345],[-42.7097,-13.6278],[-42.7081,-13.6217],[-42.7131,-13.6191],[-42.7239,-13.6024],[-42.7203,-13.5911],[-42.722,-13.5853],[-42.7163,-13.5763],[-42.7214,-13.5663],[-42.7162,-13.5448],[-42.7186,-13.538],[-42.7165,-13.5313],[-42.7077,-13.5264],[-42.7114,-13.5225],[-42.708,-13.5102],[-42.7103,-13.5029],[-42.7024,-13.4896],[-42.697,-13.4881],[-42.6938,-13.4799],[-42.6858,-13.4781],[-42.6831,-13.4817],[-42.6504,-13.4358],[-42.6285,-13.4052],[-42.6264,-13.4021],[-42.6217,-13.406],[-42.5803,-13.4404],[-42.5567,-13.4458],[-42.547,-13.4539]]]}},{"type":"Feature","properties":{"nome":"Tanquinho","cod":"2931103","uf":"BA"},"geometry":{"type":"Polygon","coordinates":[[[-39.0139,-11.9115],[-39.0305,-11.9286],[-39.0332,-11.9272],[-39.0434,-11.9342],[-39.0522,-11.962],[-39.0589,-11.9765],[-39.0545,-11.9846],[-39.0595,-11.9974],[-39.0541,-12.0045],[-39.0562,-12.0061],[-39.0587,-12.0097],[-39.0635,-12.0188],[-39.0573,-12.0351],[-39.0574,-12.0398],[-39.0617,-12.0417],[-39.0599,-12.0593],[-39.0927,-12.0601],[-39.1138,-12.0604],[-39.1349,-12.0038],[-39.1397,-11.992],[-39.1722,-11.9958],[-39.1775,-11.9952],[-39.1748,-11.9812],[-39.1722,-11.9776],[-39.1738,-11.9648],[-39.1629,-11.9618],[-39.1647,-11.9581],[-39.1649,-11.9578],[-39.1641,-11.9514],[-39.1455,-11.9436],[-39.139,-11.9322],[-39.1325,-11.9279],[-39.1194,-11.9219],[-39.1131,-11.9034],[-39.1104,-11.8984],[-39.1085,-11.8889],[-39.0969,-11.8848],[-39.0839,-11.8586],[-39.0836,-11.8522],[-39.0878,-11.8482],[-39.0849,-11.836],[-39.0773,-11.8277],[-39.076,-11.8284],[-39.0612,-11.8371],[-39.0611,-11.8419],[-39.0328,-11.8617],[-39.0264,-11.8686],[-39.0237,-11.8831],[-39.0121,-11.8907],[-39.0139,-11.9115]]]}},{"type":"Feature","properties":{"nome":"Taperoá","cod":"2931202","uf":"BA"},"geometry":{"type":"Polygon","coordinates":[[[-39.1423,-13.4741],[-39.1302,-13.4825],[-39.1193,-13.4832],[-39.1155,-13.4843],[-39.1116,-13.4787],[-39.1068,-13.4825],[-39.1041,-13.4754],[-39.1003,-13.4746],[-39.0938,-13.4728],[-39.0924,-13.479],[-39.086,-13.4798],[-39.0844,-13.4856],[-39.0779,-13.4836],[-39.0702,-13.4874],[-39.0733,-13.4975],[-39.0832,-13.5062],[-39.0927,-13.5353],[-39.089,-13.5448],[-39.0873,-13.5512],[-39.0952,-13.5641],[-39.0899,-13.5746],[-39.082,-13.5814],[-39.0823,-13.5851],[-39.0864,-13.6003],[-39.1054,-13.598],[-39.1132,-13.5995],[-39.1161,-13.5956],[-39.1205,-13.5967],[-39.1386,-13.6037],[-39.1427,-13.6066],[-39.1503,-13.6045],[-39.1538,-13.6114],[-39.1596,-13.6117],[-39.163,-13.6157],[-39.1791,-13.6167],[-39.1864,-13.62],[-39.1836,-13.6245],[-39.1863,-13.6295],[-39.1916,-13.6289],[-39.194,-13.6339],[-39.2096,-13.6414],[-39.215,-13.6554],[-39.2322,-13.6526],[-39.2402,-13.6368],[-39.2448,-13.6376],[-39.2434,-13.6437],[-39.2479,-13.6532],[-39.2545,-13.6554],[-39.2515,-13.6592],[-39.2575,-13.6663],[-39.2589,-13.6867],[-39.2627,-13.687],[-39.2638,-13.6925],[-39.2705,-13.6905],[-39.2871,-13.6812],[-39.2846,-13.6712],[-39.2873,-13.666],[-39.2931,-13.6749],[-39.3082,-13.6739],[-39.3163,-13.6692],[-39.3276,-13.6713],[-39.3354,-13.6685],[-39.3542,-13.669],[-39.355,-13.6687],[-39.3538,-13.6556],[-39.3602,-13.6455],[-39.3565,-13.6422],[-39.3605,-13.6243],[-39.3583,-13.6203],[-39.3487,-13.5735],[-39.3515,-13.5692],[-39.3431,-13.564],[-39.3459,-13.5561],[-39.3403,-13.5493],[-39.3444,-13.5385],[-39.3338,-13.5486],[-39.3294,-13.5479],[-39.3251,-13.5484],[-39.315,-13.5486],[-39.3074,-13.5439],[-39.2999,-13.5464],[-39.2936,-13.5369],[-39.2917,-13.5436],[-39.285,-13.5465],[-39.2708,-13.5425],[-39.2693,-13.5411],[-39.2704,-13.5313],[-39.265,-13.5208],[-39.2513,-13.5269],[-39.243,-13.5219],[-39.2223,-13.5229],[-39.21,-13.5185],[-39.2101,-13.5182],[-39.2182,-13.5084],[-39.2155,-13.5028],[-39.2123,-13.5057],[-39.2101,-13.5008],[-39.1973,-13.5003],[-39.1945,-13.5032],[-39.1967,-13.5096],[-39.1815,-13.5132],[-39.178,-13.5067],[-39.1736,-13.506],[-39.1656,-13.4837],[-39.1568,-13.4839],[-39.1576,-13.4767],[-39.1512,-13.4777],[-39.1515,-13.4809],[-39.1482,-13.4773],[-39.1423,-13.4741]]]}},{"type":"Feature","properties":{"nome":"Tapiramutá","cod":"2931301","uf":"BA"},"geometry":{"type":"Polygon","coordinates":[[[-40.6255,-11.9267],[-40.7037,-11.9753],[-40.7254,-11.9888],[-40.7302,-11.9932],[-40.7298,-11.9995],[-40.7462,-12.001],[-40.7505,-11.9938],[-40.7646,-11.988],[-40.7702,-11.9816],[-40.769,-11.9762],[-40.776,-11.9649],[-40.7846,-11.9584],[-40.7852,-11.952],[-40.7883,-11.9584],[-40.7891,-11.96],[-40.8005,-11.964],[-40.8237,-11.9653],[-40.8322,-11.9603],[-40.8443,-11.9641],[-40.8487,-11.9625],[-40.864,-11.9699],[-40.8659,-11.9762],[-40.8701,-11.9775],[-40.8737,-11.9729],[-40.8774,-11.9733],[-40.883,-11.9803],[-40.8972,-11.9903],[-40.9429,-11.9316],[-40.9766,-11.8881],[-40.935,-11.8514],[-40.9047,-11.8246],[-40.85,-11.7763],[-40.847,-11.7736],[-40.7388,-11.791],[-40.6995,-11.7974],[-40.6984,-11.7976],[-40.629,-11.8455],[-40.6228,-11.8466],[-40.6192,-11.8521],[-40.6127,-11.8534],[-40.6092,-11.8688],[-40.5993,-11.8844],[-40.5783,-11.8973],[-40.5992,-11.9103],[-40.6255,-11.9267]]]}},{"type":"Feature","properties":{"nome":"Teixeira de Freitas","cod":"2931350","uf":"BA"},"geometry":{"type":"Polygon","coordinates":[[[-40.0069,-17.2325],[-39.9999,-17.2498],[-39.9916,-17.2435],[-39.9853,-17.2506],[-39.9727,-17.2526],[-39.9554,-17.2655],[-39.9495,-17.2665],[-39.9388,-17.2706],[-39.949,-17.2821],[-39.9501,-17.2906],[-39.9442,-17.2993],[-39.9497,-17.3026],[-39.9495,-17.3027],[-39.9435,-17.3252],[-39.9466,-17.3319],[-39.9413,-17.3486],[-39.9359,-17.3492],[-39.927,-17.3416],[-39.9145,-17.3459],[-39.9131,-17.3534],[-39.9074,-17.3564],[-39.9016,-17.3551],[-39.8991,-17.3585],[-39.8935,-17.3564],[-39.8895,-17.3643],[-39.8793,-17.359],[-39.8605,-17.3631],[-39.8577,-17.3439],[-39.8591,-17.3365],[-39.8386,-17.3311],[-39.8333,-17.3102],[-39.8289,-17.3043],[-39.8329,-17.2684],[-39.8377,-17.2631],[-39.8362,-17.2605],[-39.8104,-17.2593],[-39.7756,-17.2767],[-39.7606,-17.2729],[-39.7485,-17.2776],[-39.7227,-17.2794],[-39.7082,-17.286],[-39.685,-17.2857],[-39.6566,-17.3084],[-39.633,-17.31],[-39.6277,-17.3563],[-39.6091,-17.412],[-39.6056,-17.4911],[-39.605,-17.5069],[-39.6048,-17.5143],[-39.6035,-17.5556],[-39.6138,-17.56],[-39.712,-17.6019],[-39.7681,-17.6259],[-39.7681,-17.6258],[-39.8646,-17.5382],[-39.9337,-17.4749],[-39.9336,-17.4606],[-39.9337,-17.4342],[-39.9404,-17.4203],[-39.9479,-17.4152],[-39.969,-17.3844],[-39.9691,-17.3841],[-39.9726,-17.3805],[-39.9875,-17.3781],[-39.9975,-17.3686],[-40.0089,-17.3515],[-40.0155,-17.3272],[-40.03,-17.3236],[-40.0514,-17.3037],[-40.0537,-17.2945],[-40.06,-17.29],[-40.0677,-17.2894],[-40.0691,-17.2774],[-40.0659,-17.2662],[-40.0687,-17.2624],[-40.0621,-17.2628],[-40.0577,-17.2681],[-40.0482,-17.2657],[-40.0496,-17.2575],[-40.0361,-17.2537],[-40.0368,-17.2384],[-40.0251,-17.2346],[-40.0182,-17.2411],[-40.0069,-17.2325]]]}},{"type":"Feature","properties":{"nome":"Teodoro Sampaio","cod":"2931400","uf":"BA"},"geometry":{"type":"Polygon","coordinates":[[[-38.5247,-12.2687],[-38.529,-12.2804],[-38.53,-12.3258],[-38.5326,-12.3409],[-38.5323,-12.3416],[-38.5339,-12.3407],[-38.5548,-12.3366],[-38.5635,-12.3309],[-38.5679,-12.3079],[-38.5679,-12.3058],[-38.6178,-12.2825],[-38.6195,-12.2913],[-38.6286,-12.3306],[-38.627,-12.3345],[-38.6364,-12.3423],[-38.642,-12.3643],[-38.6569,-12.3606],[-38.6599,-12.354],[-38.6675,-12.3493],[-38.6735,-12.3354],[-38.6799,-12.333],[-38.6821,-12.3247],[-38.6769,-12.3168],[-38.6856,-12.3063],[-38.6891,-12.303],[-38.6961,-12.2819],[-38.703,-12.2505],[-38.6985,-12.2353],[-38.693,-12.2302],[-38.6862,-12.2201],[-38.6881,-12.2183],[-38.6824,-12.2136],[-38.6578,-12.1929],[-38.6575,-12.1928],[-38.6526,-12.1858],[-38.6338,-12.1735],[-38.6237,-12.1548],[-38.61,-12.1629],[-38.6145,-12.1781],[-38.593,-12.195],[-38.5913,-12.1964],[-38.6019,-12.2053],[-38.5761,-12.2265],[-38.5484,-12.2492],[-38.5247,-12.2687]]]}},{"type":"Feature","properties":{"nome":"Teofilândia","cod":"2931509","uf":"BA"},"geometry":{"type":"Polygon","coordinates":[[[-38.864,-11.3816],[-38.8604,-11.4494],[-38.8576,-11.5015],[-38.8576,-11.5016],[-38.8529,-11.5897],[-38.8519,-11.6064],[-38.8573,-11.5967],[-38.8573,-11.5887],[-38.863,-11.5821],[-38.8596,-11.5667],[-38.8607,-11.5419],[-38.8862,-11.5236],[-38.9013,-11.5382],[-38.9028,-11.543],[-38.9063,-11.5393],[-38.9137,-11.544],[-38.92,-11.5394],[-38.9243,-11.5431],[-38.9302,-11.5438],[-38.9342,-11.5496],[-38.9377,-11.5464],[-38.9443,-11.5496],[-38.9431,-11.5528],[-38.9465,-11.552],[-38.9677,-11.562],[-38.9801,-11.5528],[-38.9895,-11.553],[-39.0011,-11.5503],[-39.0126,-11.5526],[-39.0221,-11.5531],[-39.0241,-11.5529],[-39.0284,-11.5525],[-39.0495,-11.5223],[-39.0464,-11.5113],[-39.0499,-11.5069],[-39.0504,-11.5062],[-39.0652,-11.4877],[-39.0588,-11.4815],[-39.049,-11.4436],[-39.068,-11.4205],[-39.0543,-11.3997],[-39.0535,-11.3984],[-39.0204,-11.4092],[-39.005,-11.4119],[-38.9808,-11.423],[-38.9704,-11.4183],[-38.9257,-11.403],[-38.864,-11.3816]]]}},{"type":"Feature","properties":{"nome":"Teolândia","cod":"2931608","uf":"BA"},"geometry":{"type":"Polygon","coordinates":[[[-39.587,-13.4702],[-39.5782,-13.4782],[-39.5673,-13.4941],[-39.5635,-13.4979],[-39.5495,-13.496],[-39.5458,-13.5089],[-39.5347,-13.5163],[-39.5287,-13.5155],[-39.5144,-13.5056],[-39.5063,-13.5113],[-39.503,-13.5187],[-39.5032,-13.5267],[-39.4965,-13.5278],[-39.4943,-13.5318],[-39.4832,-13.5267],[-39.4704,-13.5289],[-39.4652,-13.5231],[-39.4551,-13.5226],[-39.4474,-13.5144],[-39.4473,-13.5143],[-39.4423,-13.5112],[-39.4234,-13.5169],[-39.4172,-13.5147],[-39.4088,-13.521],[-39.4012,-13.5212],[-39.4069,-13.5292],[-39.3931,-13.5395],[-39.3925,-13.5435],[-39.3874,-13.546],[-39.376,-13.5327],[-39.3756,-13.5325],[-39.3686,-13.5458],[-39.372,-13.5512],[-39.3686,-13.5584],[-39.3755,-13.5706],[-39.3771,-13.5828],[-39.3827,-13.5866],[-39.3798,-13.5909],[-39.3695,-13.5956],[-39.3669,-13.5861],[-39.3487,-13.5735],[-39.3583,-13.6203],[-39.3605,-13.6243],[-39.3565,-13.6422],[-39.3602,-13.6455],[-39.3538,-13.6556],[-39.355,-13.6687],[-39.3575,-13.6696],[-39.3612,-13.6629],[-39.3697,-13.6581],[-39.3824,-13.6526],[-39.3845,-13.6465],[-39.3881,-13.6484],[-39.3912,-13.6461],[-39.399,-13.6421],[-39.3973,-13.6297],[-39.3915,-13.6287],[-39.3937,-13.6238],[-39.4022,-13.6214],[-39.4011,-13.6187],[-39.417,-13.6033],[-39.425,-13.6037],[-39.4278,-13.5941],[-39.4415,-13.5993],[-39.4659,-13.6077],[-39.4716,-13.6154],[-39.4841,-13.6059],[-39.4908,-13.6057],[-39.4929,-13.6023],[-39.4966,-13.5997],[-39.4957,-13.5948],[-39.4969,-13.5874],[-39.5161,-13.5834],[-39.5256,-13.5791],[-39.536,-13.5809],[-39.5524,-13.5777],[-39.5573,-13.5763],[-39.575,-13.5705],[-39.5785,-13.5689],[-39.5919,-13.5677],[-39.6139,-13.5584],[-39.6205,-13.561],[-39.6395,-13.5511],[-39.6487,-13.5513],[-39.6586,-13.5408],[-39.6684,-13.5375],[-39.6409,-13.5059],[-39.6391,-13.499],[-39.6274,-13.4823],[-39.6055,-13.4767],[-39.6017,-13.4754],[-39.5985,-13.4711],[-39.5911,-13.4744],[-39.587,-13.4702]]]}},{"type":"Feature","properties":{"nome":"Terra Nova","cod":"2931707","uf":"BA"},"geometry":{"type":"Polygon","coordinates":[[[-38.5402,-12.4041],[-38.5245,-12.415],[-38.5361,-12.4216],[-38.5458,-12.4141],[-38.557,-12.4222],[-38.5626,-12.4223],[-38.581,-12.4505],[-38.5828,-12.4533],[-38.6094,-12.494],[-38.6119,-12.4979],[-38.6219,-12.4892],[-38.6307,-12.4808],[-38.634,-12.4793],[-38.6376,-12.4763],[-38.6392,-12.4667],[-38.6507,-12.4616],[-38.6517,-12.4549],[-38.6649,-12.4409],[-38.6644,-12.4395],[-38.6529,-12.4092],[-38.6416,-12.3796],[-38.6389,-12.3724],[-38.6379,-12.3669],[-38.642,-12.3643],[-38.6364,-12.3423],[-38.627,-12.3345],[-38.6286,-12.3306],[-38.6195,-12.2913],[-38.6178,-12.2825],[-38.5679,-12.3058],[-38.5679,-12.3079],[-38.5635,-12.3309],[-38.5548,-12.3366],[-38.5339,-12.3407],[-38.5323,-12.3416],[-38.5295,-12.3432],[-38.532,-12.35],[-38.5297,-12.3554],[-38.5331,-12.3611],[-38.5378,-12.3787],[-38.5351,-12.3826],[-38.5384,-12.3913],[-38.5351,-12.4021],[-38.5402,-12.4041]]]}},{"type":"Feature","properties":{"nome":"Tremedal","cod":"2931806","uf":"BA"},"geometry":{"type":"Polygon","coordinates":[[[-41.3297,-14.7749],[-41.3227,-14.7797],[-41.3157,-14.7783],[-41.285,-14.7968],[-41.2694,-14.7981],[-41.2629,-14.8089],[-41.2629,-14.8089],[-41.2584,-14.8314],[-41.2728,-14.8552],[-41.2667,-14.8606],[-41.2695,-14.8692],[-41.265,-14.8745],[-41.2682,-14.8785],[-41.2544,-14.8891],[-41.2618,-14.8933],[-41.2646,-14.9038],[-41.2616,-14.9053],[-41.2635,-14.9122],[-41.2573,-14.9174],[-41.2536,-14.9241],[-41.2393,-14.9316],[-41.2449,-14.937],[-41.2442,-14.9431],[-41.2367,-14.9399],[-41.2381,-14.9554],[-41.2328,-14.963],[-41.2242,-14.9659],[-41.221,-14.9766],[-41.2173,-15.0113],[-41.219,-15.0244],[-41.2241,-15.0266],[-41.2385,-15.02],[-41.2516,-15.0208],[-41.2644,-15.0306],[-41.272,-15.0277],[-41.2836,-15.0322],[-41.301,-15.0307],[-41.2976,-15.0422],[-41.2884,-15.0538],[-41.2887,-15.0706],[-41.2945,-15.0799],[-41.2783,-15.0849],[-41.2744,-15.0918],[-41.281,-15.1163],[-41.2892,-15.1213],[-41.2988,-15.122],[-41.3151,-15.1358],[-41.3219,-15.1329],[-41.3263,-15.1205],[-41.3382,-15.1198],[-41.3482,-15.1195],[-41.3505,-15.1259],[-41.361,-15.1336],[-41.3666,-15.1398],[-41.3699,-15.1466],[-41.4211,-15.1244],[-41.4031,-15.2117],[-41.395,-15.2515],[-41.3952,-15.2528],[-41.3967,-15.2524],[-41.441,-15.2383],[-41.4553,-15.2338],[-41.5614,-15.2005],[-41.6027,-15.1874],[-41.6115,-15.1846],[-41.7589,-15.1381],[-41.7595,-15.1375],[-41.7274,-15.1148],[-41.6896,-15.0881],[-41.6122,-15.0335],[-41.5955,-15.0217],[-41.5971,-15.0133],[-41.6057,-14.9633],[-41.641,-14.9302],[-41.6552,-14.9164],[-41.5676,-14.855],[-41.5355,-14.8327],[-41.4629,-14.7821],[-41.4526,-14.7881],[-41.4545,-14.7913],[-41.4483,-14.7957],[-41.4392,-14.7922],[-41.4408,-14.7871],[-41.4337,-14.7896],[-41.4307,-14.7943],[-41.4252,-14.7906],[-41.4146,-14.7952],[-41.4058,-14.8027],[-41.3918,-14.7985],[-41.3891,-14.8105],[-41.3934,-14.8129],[-41.39,-14.8181],[-41.3772,-14.8265],[-41.3734,-14.8159],[-41.3671,-14.8181],[-41.362,-14.815],[-41.3513,-14.8153],[-41.3399,-14.7966],[-41.3314,-14.7994],[-41.3312,-14.8043],[-41.3352,-14.8078],[-41.3299,-14.8085],[-41.3235,-14.8011],[-41.3246,-14.7929],[-41.3158,-14.7869],[-41.3298,-14.7827],[-41.331,-14.7798],[-41.3297,-14.7749]]]}},{"type":"Feature","properties":{"nome":"Tucano","cod":"2931905","uf":"BA"},"geometry":{"type":"Polygon","coordinates":[[[-38.6322,-10.7495],[-38.5851,-10.847],[-38.5607,-10.8974],[-38.5303,-10.96],[-38.5581,-11.0538],[-38.5595,-11.0585],[-38.5473,-11.0625],[-38.5689,-11.0967],[-38.5656,-11.115],[-38.5587,-11.1267],[-38.5742,-11.1415],[-38.5895,-11.1448],[-38.5896,-11.145],[-38.6493,-11.2089],[-38.6924,-11.255],[-38.6963,-11.2593],[-38.785,-11.3543],[-38.7861,-11.3545],[-38.8036,-11.347],[-38.818,-11.3473],[-38.8302,-11.3537],[-38.8581,-11.353],[-38.8722,-11.3449],[-38.9004,-11.2393],[-38.9211,-11.1617],[-38.9433,-11.0783],[-38.9431,-11.0781],[-38.9466,-11.0647],[-38.945,-11.0518],[-38.9493,-11.0481],[-38.961,-11.0521],[-38.9742,-11.0493],[-38.9945,-11.0526],[-39.0012,-11.0574],[-39.006,-11.0538],[-39.0162,-11.0319],[-39.0345,-11.0307],[-39.0406,-11.0248],[-39.0467,-11.0206],[-39.0549,-11.0255],[-39.0713,-11.0441],[-39.0789,-11.043],[-39.0908,-11.0377],[-39.0977,-11.0244],[-39.1148,-11.0182],[-39.0867,-10.974],[-39.0495,-10.9104],[-39.0225,-10.8645],[-38.9959,-10.8194],[-38.9754,-10.7855],[-38.9754,-10.7854],[-38.9618,-10.7846],[-38.9469,-10.7757],[-38.9422,-10.7766],[-38.9404,-10.7719],[-38.9126,-10.7762],[-38.9009,-10.7647],[-38.888,-10.7551],[-38.8836,-10.7457],[-38.8485,-10.7339],[-38.8396,-10.7287],[-38.8377,-10.6986],[-38.8258,-10.6898],[-38.8241,-10.6727],[-38.8272,-10.6615],[-38.8264,-10.643],[-38.813,-10.6361],[-38.6526,-10.7065],[-38.6522,-10.7073],[-38.6511,-10.7104],[-38.6322,-10.7495]]]}},{"type":"Feature","properties":{"nome":"Uauá","cod":"2932002","uf":"BA"},"geometry":{"type":"Polygon","coordinates":[[[-39.2874,-9.6323],[-39.2809,-9.6345],[-39.2698,-9.6302],[-39.2639,-9.6405],[-39.2606,-9.6367],[-39.2424,-9.6338],[-39.2222,-9.634],[-39.2117,-9.6463],[-39.1985,-9.639],[-39.1805,-9.6391],[-39.1752,-9.636],[-39.1657,-9.6457],[-39.154,-9.6458],[-39.1443,-9.6537],[-39.1358,-9.6463],[-39.1328,-9.6494],[-39.1394,-9.67],[-39.1442,-9.6754],[-39.1408,-9.6806],[-39.1524,-9.6953],[-39.1601,-9.6993],[-39.1884,-9.696],[-39.1982,-9.7008],[-39.1905,-9.7145],[-39.1922,-9.7201],[-39.1977,-9.7208],[-39.1994,-9.7255],[-39.1941,-9.7326],[-39.2007,-9.7336],[-39.1967,-9.7424],[-39.1995,-9.745],[-39.1975,-9.7509],[-39.2044,-9.7573],[-39.1985,-9.7589],[-39.1967,-9.7735],[-39.1995,-9.7803],[-39.1949,-9.7845],[-39.2029,-9.791],[-39.2011,-9.7968],[-39.2055,-9.8018],[-39.2066,-9.8102],[-39.2017,-9.8273],[-39.2036,-9.8333],[-39.1992,-9.8335],[-39.2069,-9.8528],[-39.2049,-9.8629],[-39.2048,-9.8632],[-39.2036,-9.9545],[-39.2037,-9.9547],[-39.2035,-9.9625],[-39.2044,-9.9696],[-39.2016,-9.9727],[-39.2066,-9.9801],[-39.2058,-9.9874],[-39.2153,-9.9984],[-39.2134,-10.0028],[-39.218,-10.0042],[-39.2161,-10.0091],[-39.2208,-10.0122],[-39.2203,-10.0248],[-39.2275,-10.0247],[-39.2301,-10.0321],[-39.2365,-10.0336],[-39.2357,-10.0384],[-39.2414,-10.0411],[-39.2408,-10.0463],[-39.2472,-10.0538],[-39.25,-10.066],[-39.2525,-10.0759],[-39.2629,-10.0862],[-39.2631,-10.0991],[-39.255,-10.1423],[-39.2597,-10.157],[-39.261,-10.1797],[-39.2673,-10.1944],[-39.2692,-10.2188],[-39.263,-10.2293],[-39.2617,-10.2487],[-39.2796,-10.2366],[-39.3041,-10.2199],[-39.3712,-10.1744],[-39.3713,-10.1744],[-39.4148,-10.1448],[-39.4338,-10.1319],[-39.4922,-10.1207],[-39.5446,-10.111],[-39.5723,-10.1058],[-39.5977,-10.1011],[-39.5978,-10.1011],[-39.6268,-10.0953],[-39.7026,-10.0563],[-39.7028,-10.0561],[-39.7536,-10.0],[-39.7868,-9.951],[-39.7949,-9.939],[-39.7181,-9.8322],[-39.718,-9.8321],[-39.6542,-9.7434],[-39.6541,-9.7432],[-39.6367,-9.7191],[-39.5711,-9.6953],[-39.5515,-9.6882],[-39.4354,-9.6462],[-39.4274,-9.6433],[-39.3483,-9.6146],[-39.3148,-9.6025],[-39.3114,-9.6041],[-39.3063,-9.6097],[-39.3071,-9.6134],[-39.3042,-9.6133],[-39.2874,-9.6323]]]}},{"type":"Feature","properties":{"nome":"Ubaíra","cod":"2932101","uf":"BA"},"geometry":{"type":"Polygon","coordinates":[[[-39.598,-13.0975],[-39.5834,-13.1189],[-39.557,-13.1434],[-39.5506,-13.1417],[-39.5484,-13.1533],[-39.5406,-13.1581],[-39.5446,-13.1624],[-39.5377,-13.1656],[-39.5368,-13.1704],[-39.5409,-13.1704],[-39.5382,-13.1759],[-39.5442,-13.1753],[-39.5528,-13.1818],[-39.5591,-13.1784],[-39.5648,-13.1877],[-39.5718,-13.1889],[-39.5788,-13.196],[-39.5843,-13.1931],[-39.5966,-13.1936],[-39.5985,-13.1965],[-39.586,-13.213],[-39.5919,-13.2265],[-39.5902,-13.2435],[-39.5856,-13.2523],[-39.5917,-13.2504],[-39.6001,-13.2624],[-39.6178,-13.2582],[-39.6226,-13.2684],[-39.6258,-13.2697],[-39.6312,-13.2643],[-39.6311,-13.2689],[-39.633,-13.2755],[-39.6251,-13.2819],[-39.6263,-13.2988],[-39.6346,-13.3176],[-39.6279,-13.3318],[-39.6295,-13.3419],[-39.6355,-13.3492],[-39.6378,-13.3587],[-39.629,-13.3728],[-39.6263,-13.3967],[-39.6296,-13.4277],[-39.6478,-13.448],[-39.6417,-13.4531],[-39.6367,-13.4662],[-39.6295,-13.4707],[-39.6274,-13.4823],[-39.6391,-13.499],[-39.6409,-13.5059],[-39.6684,-13.5375],[-39.6706,-13.5364],[-39.6898,-13.5224],[-39.6936,-13.516],[-39.6942,-13.5149],[-39.6954,-13.5131],[-39.6963,-13.5124],[-39.7086,-13.4979],[-39.7134,-13.4989],[-39.7399,-13.4842],[-39.7452,-13.4854],[-39.7522,-13.4744],[-39.7455,-13.4712],[-39.7502,-13.4579],[-39.7499,-13.4516],[-39.7409,-13.4495],[-39.7395,-13.4464],[-39.7535,-13.4344],[-39.7385,-13.4293],[-39.746,-13.4223],[-39.747,-13.4102],[-39.7617,-13.4041],[-39.7797,-13.4085],[-39.784,-13.4038],[-39.7598,-13.3993],[-39.7518,-13.393],[-39.7538,-13.3788],[-39.749,-13.3546],[-39.7545,-13.3351],[-39.7543,-13.3181],[-39.7664,-13.2832],[-39.767,-13.2627],[-39.7629,-13.2471],[-39.7645,-13.2459],[-39.7711,-13.2405],[-39.7985,-13.2366],[-39.8183,-13.222],[-39.8265,-13.2147],[-39.8372,-13.195],[-39.837,-13.1893],[-39.8286,-13.1854],[-39.8145,-13.1941],[-39.8083,-13.1915],[-39.8095,-13.1823],[-39.8017,-13.1754],[-39.8061,-13.1631],[-39.8048,-13.1501],[-39.7998,-13.1494],[-39.789,-13.1604],[-39.7792,-13.1631],[-39.7749,-13.1795],[-39.7664,-13.1892],[-39.7581,-13.1826],[-39.7449,-13.1911],[-39.7423,-13.1899],[-39.7441,-13.1698],[-39.7515,-13.1638],[-39.7544,-13.1534],[-39.7629,-13.1469],[-39.7626,-13.135],[-39.7509,-13.1245],[-39.7379,-13.119],[-39.7335,-13.1209],[-39.735,-13.099],[-39.7327,-13.0962],[-39.7236,-13.0982],[-39.7164,-13.0934],[-39.7109,-13.0944],[-39.6943,-13.0973],[-39.652,-13.1087],[-39.6562,-13.0943],[-39.652,-13.0872],[-39.644,-13.0859],[-39.6304,-13.0963],[-39.6143,-13.0969],[-39.598,-13.0975]]]}},{"type":"Feature","properties":{"nome":"Ubaitaba","cod":"2932200","uf":"BA"},"geometry":{"type":"Polygon","coordinates":[[[-39.5024,-14.2315],[-39.4951,-14.2389],[-39.4876,-14.24],[-39.4791,-14.2334],[-39.4657,-14.2289],[-39.4603,-14.2314],[-39.4436,-14.2411],[-39.4423,-14.2409],[-39.4129,-14.2362],[-39.4104,-14.2368],[-39.3758,-14.2445],[-39.3574,-14.2486],[-39.3567,-14.2488],[-39.323,-14.257],[-39.3187,-14.2779],[-39.3085,-14.2752],[-39.3049,-14.2674],[-39.3009,-14.2678],[-39.2905,-14.2715],[-39.2886,-14.2757],[-39.2836,-14.2747],[-39.2761,-14.2805],[-39.2708,-14.2888],[-39.2648,-14.2906],[-39.272,-14.301],[-39.2708,-14.3055],[-39.2847,-14.3061],[-39.2881,-14.3089],[-39.2908,-14.3119],[-39.2928,-14.3121],[-39.31,-14.3159],[-39.3109,-14.3161],[-39.3124,-14.3162],[-39.3253,-14.3157],[-39.329,-14.3127],[-39.3364,-14.3126],[-39.3452,-14.3138],[-39.3624,-14.3012],[-39.3647,-14.2968],[-39.3622,-14.2854],[-39.3663,-14.2787],[-39.3685,-14.2786],[-39.3781,-14.2927],[-39.3919,-14.2966],[-39.4083,-14.3102],[-39.4137,-14.3086],[-39.4145,-14.2973],[-39.4201,-14.294],[-39.4279,-14.2934],[-39.4413,-14.3009],[-39.4923,-14.2819],[-39.5284,-14.2683],[-39.575,-14.2509],[-39.5747,-14.2325],[-39.5654,-14.2399],[-39.5547,-14.2311],[-39.5456,-14.2092],[-39.5333,-14.2128],[-39.517,-14.2191],[-39.5147,-14.2195],[-39.5024,-14.2315]]]}},{"type":"Feature","properties":{"nome":"Ubatã","cod":"2932309","uf":"BA"},"geometry":{"type":"Polygon","coordinates":[[[-39.5227,-13.8825],[-39.508,-13.884],[-39.5044,-13.8779],[-39.4945,-13.8865],[-39.4863,-13.88],[-39.4859,-13.9299],[-39.4858,-13.9415],[-39.4854,-13.9882],[-39.4854,-13.9882],[-39.4852,-14.0462],[-39.4851,-14.0887],[-39.4778,-14.0935],[-39.4718,-14.1062],[-39.4696,-14.1095],[-39.4747,-14.1162],[-39.4853,-14.1212],[-39.4909,-14.1398],[-39.4901,-14.1543],[-39.4938,-14.1692],[-39.5016,-14.1763],[-39.5146,-14.2104],[-39.5147,-14.2195],[-39.517,-14.2191],[-39.5333,-14.2128],[-39.5456,-14.2092],[-39.5547,-14.2311],[-39.5654,-14.2399],[-39.5747,-14.2325],[-39.5726,-14.2241],[-39.5754,-14.2159],[-39.5752,-14.2057],[-39.5738,-14.1403],[-39.573,-14.0987],[-39.5729,-14.0922],[-39.5727,-14.0835],[-39.5712,-14.0129],[-39.5708,-13.9867],[-39.5708,-13.986],[-39.5701,-13.924],[-39.5603,-13.9084],[-39.5563,-13.894],[-39.5477,-13.8989],[-39.5454,-13.8872],[-39.5323,-13.8709],[-39.5253,-13.8785],[-39.5227,-13.8825]]]}},{"type":"Feature","properties":{"nome":"Uibaí","cod":"2932408","uf":"BA"},"geometry":{"type":"Polygon","coordinates":[[[-42.1074,-11.2215],[-42.0909,-11.226],[-42.0817,-11.2235],[-42.0723,-11.2316],[-42.0694,-11.2286],[-42.052,-11.2354],[-42.0512,-11.2595],[-42.0506,-11.2751],[-42.0497,-11.303],[-42.0483,-11.3104],[-42.0342,-11.3322],[-42.0327,-11.3345],[-42.03,-11.3386],[-42.0141,-11.3633],[-42.0094,-11.3706],[-42.0008,-11.3839],[-41.99,-11.4006],[-41.9965,-11.4185],[-42.0216,-11.4874],[-42.0442,-11.5496],[-42.0441,-11.5498],[-42.045,-11.5499],[-42.0797,-11.5547],[-42.08,-11.5444],[-42.0893,-11.5199],[-42.1244,-11.5033],[-42.1296,-11.4922],[-42.1641,-11.4783],[-42.1694,-11.4555],[-42.1606,-11.4518],[-42.1563,-11.4371],[-42.1592,-11.4078],[-42.1743,-11.4006],[-42.1758,-11.3917],[-42.176,-11.3853],[-42.1723,-11.3811],[-42.1834,-11.3632],[-42.1802,-11.347],[-42.1945,-11.3415],[-42.2007,-11.3307],[-42.2131,-11.314],[-42.2239,-11.3046],[-42.2292,-11.2827],[-42.2394,-11.2608],[-42.1688,-11.2443],[-42.1552,-11.2435],[-42.1511,-11.2369],[-42.1365,-11.2422],[-42.1368,-11.2453],[-42.1287,-11.2355],[-42.1216,-11.2324],[-42.1211,-11.2269],[-42.116,-11.2281],[-42.1159,-11.2245],[-42.1126,-11.2269],[-42.1074,-11.2215]]]}},{"type":"Feature","properties":{"nome":"Umburanas","cod":"2932457","uf":"BA"},"geometry":{"type":"Polygon","coordinates":[[[-41.2792,-10.342],[-41.278,-10.3471],[-41.2667,-10.3453],[-41.2603,-10.3514],[-41.2563,-10.3628],[-41.258,-10.383],[-41.2505,-10.3917],[-41.2504,-10.4014],[-41.2551,-10.4041],[-41.2559,-10.4142],[-41.2507,-10.4282],[-41.2328,-10.4362],[-41.23,-10.448],[-41.2252,-10.4535],[-41.2121,-10.4566],[-41.2,-10.4468],[-41.1924,-10.4421],[-41.1925,-10.4375],[-41.1822,-10.4311],[-41.1629,-10.4337],[-41.1531,-10.445],[-41.1462,-10.4494],[-41.1395,-10.4505],[-41.1066,-10.4665],[-41.1009,-10.465],[-41.1005,-10.4598],[-41.068,-10.4599],[-41.051,-10.452],[-41.0383,-10.4513],[-41.0295,-10.4439],[-41.0296,-10.4401],[-41.0269,-10.4348],[-41.0196,-10.4314],[-41.0095,-10.4358],[-41.0084,-10.4393],[-41.0038,-10.4503],[-40.9899,-10.452],[-40.9877,-10.4651],[-40.9831,-10.4693],[-40.9731,-10.4656],[-40.9667,-10.4703],[-40.9661,-10.4765],[-40.9461,-10.486],[-40.9422,-10.5087],[-40.9348,-10.5105],[-40.9336,-10.5067],[-40.9223,-10.5153],[-40.9135,-10.5127],[-40.9,-10.5172],[-40.8986,-10.5095],[-40.8926,-10.5097],[-40.8891,-10.5048],[-40.8909,-10.4991],[-40.8839,-10.4941],[-40.872,-10.5019],[-40.8784,-10.509],[-40.8776,-10.522],[-40.8823,-10.5247],[-40.8842,-10.5196],[-40.8874,-10.52],[-40.8823,-10.5285],[-40.8872,-10.5297],[-40.8819,-10.5335],[-40.8844,-10.5374],[-40.8886,-10.5358],[-40.896,-10.5398],[-40.8922,-10.5418],[-40.8952,-10.5506],[-40.9042,-10.5442],[-40.9047,-10.5519],[-40.913,-10.5496],[-40.9138,-10.5572],[-40.9169,-10.5584],[-40.9172,-10.5525],[-40.9225,-10.5583],[-40.923,-10.563],[-40.9196,-10.5624],[-40.9198,-10.5591],[-40.9159,-10.5629],[-40.9203,-10.5659],[-40.9237,-10.5866],[-40.9309,-10.587],[-40.9332,-10.597],[-40.9333,-10.6029],[-41.0742,-10.6565],[-41.0743,-10.6565],[-41.1049,-10.6689],[-41.1896,-10.7029],[-41.1941,-10.6916],[-41.1899,-10.6819],[-41.2105,-10.6636],[-41.2814,-10.6658],[-41.2903,-10.666],[-41.2994,-10.727],[-41.3024,-10.7467],[-41.3188,-10.7532],[-41.3693,-10.773],[-41.4438,-10.8023],[-41.5074,-10.787],[-41.5002,-10.7827],[-41.4949,-10.7741],[-41.484,-10.7689],[-41.4781,-10.7577],[-41.4875,-10.7523],[-41.4719,-10.7253],[-41.4784,-10.6974],[-41.487,-10.6861],[-41.4881,-10.6624],[-41.5035,-10.6386],[-41.5037,-10.6172],[-41.4966,-10.6147],[-41.4851,-10.6328],[-41.4744,-10.6315],[-41.4709,-10.6188],[-41.459,-10.5996],[-41.4301,-10.589],[-41.4261,-10.5761],[-41.397,-10.5707],[-41.3922,-10.5606],[-41.3974,-10.5469],[-41.3886,-10.5386],[-41.3841,-10.5272],[-41.3815,-10.52],[-41.3841,-10.5166],[-41.4122,-10.4992],[-41.4283,-10.4968],[-41.4415,-10.489],[-41.4558,-10.4877],[-41.4669,-10.4692],[-41.4641,-10.46],[-41.4559,-10.4568],[-41.4489,-10.4518],[-41.4467,-10.4427],[-41.4357,-10.4424],[-41.429,-10.4356],[-41.4067,-10.4293],[-41.3935,-10.4194],[-41.3767,-10.4159],[-41.3657,-10.3961],[-41.3578,-10.391],[-41.3658,-10.3812],[-41.3605,-10.3697],[-41.3489,-10.3688],[-41.3353,-10.3779],[-41.3309,-10.3728],[-41.325,-10.3647],[-41.3286,-10.354],[-41.3214,-10.3527],[-41.3154,-10.3445],[-41.3118,-10.3468],[-41.2869,-10.3361],[-41.2792,-10.342]]]}},{"type":"Feature","properties":{"nome":"Una","cod":"2932507","uf":"BA"},"geometry":{"type":"Polygon","coordinates":[[[-39.2096,-15.0447],[-39.1897,-15.0538],[-39.1778,-15.0505],[-39.1745,-15.0632],[-39.1681,-15.0672],[-39.1669,-15.0744],[-39.1452,-15.0842],[-39.1109,-15.0995],[-39.0937,-15.1072],[-39.0902,-15.1087],[-39.0864,-15.1056],[-39.0775,-15.1108],[-39.0736,-15.1054],[-39.0698,-15.1053],[-39.0676,-15.1116],[-39.0699,-15.1168],[-39.0641,-15.1202],[-39.0571,-15.1184],[-39.0545,-15.1136],[-39.0433,-15.1167],[-39.0377,-15.1068],[-39.0334,-15.1058],[-39.0207,-15.0916],[-39.0165,-15.0945],[-39.0156,-15.0916],[-39.012,-15.0928],[-39.0095,-15.0967],[-39.0002,-15.0842],[-38.9974,-15.0935],[-38.9985,-15.2276],[-38.9979,-15.2306],[-38.9908,-15.2901],[-38.9937,-15.2955],[-38.9868,-15.3032],[-38.9736,-15.3857],[-38.9882,-15.3839],[-39.0012,-15.3826],[-39.01,-15.3824],[-39.0603,-15.3763],[-39.0868,-15.3731],[-39.1062,-15.3707],[-39.1619,-15.3639],[-39.204,-15.3588],[-39.2048,-15.3587],[-39.2505,-15.3531],[-39.274,-15.3502],[-39.2771,-15.3435],[-39.286,-15.3387],[-39.2905,-15.3318],[-39.2979,-15.3328],[-39.3247,-15.3288],[-39.3288,-15.3279],[-39.3391,-15.32],[-39.3403,-15.3141],[-39.3502,-15.3031],[-39.3585,-15.3036],[-39.3645,-15.29],[-39.3671,-15.2767],[-39.3527,-15.2675],[-39.351,-15.2421],[-39.3526,-15.2345],[-39.3498,-15.2318],[-39.3438,-15.2308],[-39.3436,-15.2271],[-39.3489,-15.2258],[-39.35,-15.2207],[-39.3429,-15.2175],[-39.3431,-15.2211],[-39.3333,-15.2237],[-39.3305,-15.2201],[-39.3082,-15.2159],[-39.2996,-15.2123],[-39.301,-15.2052],[-39.2983,-15.2037],[-39.31,-15.1832],[-39.3137,-15.1675],[-39.3138,-15.1636],[-39.3207,-15.1557],[-39.3609,-15.1087],[-39.3595,-15.1034],[-39.352,-15.1008],[-39.3535,-15.0958],[-39.3472,-15.0944],[-39.3415,-15.0874],[-39.337,-15.0841],[-39.3324,-15.0759],[-39.33,-15.0747],[-39.3193,-15.0646],[-39.3093,-15.0664],[-39.3054,-15.0726],[-39.2957,-15.0722],[-39.2916,-15.0725],[-39.2779,-15.0644],[-39.2662,-15.066],[-39.2601,-15.0585],[-39.2501,-15.055],[-39.2499,-15.055],[-39.2479,-15.0542],[-39.2396,-15.0544],[-39.2363,-15.0481],[-39.2328,-15.0477],[-39.225,-15.0534],[-39.2096,-15.0447]]]}},{"type":"Feature","properties":{"nome":"Urandi","cod":"2932606","uf":"BA"},"geometry":{"type":"Polygon","coordinates":[[[-42.57,-14.5302],[-42.5695,-14.5376],[-42.5633,-14.5418],[-42.575,-14.5425],[-42.5817,-14.5501],[-42.5789,-14.5648],[-42.5829,-14.572],[-42.5782,-14.5805],[-42.5824,-14.588],[-42.5743,-14.6123],[-42.5684,-14.6106],[-42.565,-14.6144],[-42.5517,-14.6127],[-42.5481,-14.6158],[-42.554,-14.6301],[-42.5523,-14.6379],[-42.556,-14.6568],[-42.5661,-14.6926],[-42.5659,-14.7031],[-42.5604,-14.7074],[-42.5715,-14.715],[-42.5688,-14.7194],[-42.5697,-14.7316],[-42.5736,-14.7349],[-42.5734,-14.748],[-42.5812,-14.7622],[-42.5801,-14.77],[-42.5737,-14.7704],[-42.5698,-14.7748],[-42.5739,-14.7866],[-42.5714,-14.8031],[-42.5668,-14.8145],[-42.5607,-14.8159],[-42.5601,-14.8259],[-42.5541,-14.8364],[-42.56,-14.8429],[-42.566,-14.8434],[-42.5725,-14.8539],[-42.5713,-14.8672],[-42.5759,-14.8752],[-42.5814,-14.8742],[-42.5811,-14.8689],[-42.5865,-14.865],[-42.5974,-14.8822],[-42.6097,-14.8919],[-42.6133,-14.9001],[-42.6112,-14.9067],[-42.6139,-14.9214],[-42.6226,-14.9335],[-42.625,-14.9446],[-42.6345,-14.9345],[-42.6548,-14.9238],[-42.6522,-14.9203],[-42.6565,-14.9184],[-42.6593,-14.91],[-42.6623,-14.9101],[-42.6634,-14.9159],[-42.6795,-14.9029],[-42.6833,-14.9051],[-42.6924,-14.902],[-42.7,-14.8941],[-42.6984,-14.8899],[-42.7038,-14.8824],[-42.7145,-14.8796],[-42.7132,-14.8838],[-42.7173,-14.885],[-42.723,-14.8852],[-42.7253,-14.8788],[-42.7355,-14.877],[-42.7483,-14.8639],[-42.7483,-14.8638],[-42.7533,-14.8473],[-42.7589,-14.8455],[-42.7906,-14.8389],[-42.8065,-14.83],[-42.8083,-14.8269],[-42.8093,-14.8257],[-42.8361,-14.806],[-42.842,-14.7956],[-42.8494,-14.7946],[-42.8603,-14.7801],[-42.872,-14.7749],[-42.8714,-14.7712],[-42.8668,-14.7712],[-42.868,-14.7666],[-42.8717,-14.7642],[-42.8659,-14.7631],[-42.8654,-14.7653],[-42.8618,-14.7626],[-42.8518,-14.7657],[-42.8468,-14.7557],[-42.8098,-14.6816],[-42.7969,-14.6558],[-42.7898,-14.657],[-42.7843,-14.6526],[-42.7743,-14.6266],[-42.7676,-14.6218],[-42.7639,-14.6125],[-42.7512,-14.6107],[-42.7392,-14.6129],[-42.732,-14.6052],[-42.7292,-14.5928],[-42.7231,-14.5927],[-42.7058,-14.5941],[-42.6987,-14.5872],[-42.694,-14.5922],[-42.6729,-14.5906],[-42.6565,-14.5854],[-42.6548,-14.576],[-42.6409,-14.5717],[-42.6369,-14.5543],[-42.6319,-14.5475],[-42.6274,-14.54],[-42.6222,-14.5439],[-42.6139,-14.5387],[-42.6068,-14.5442],[-42.6003,-14.5361],[-42.5858,-14.5366],[-42.579,-14.5292],[-42.57,-14.5302]]]}},{"type":"Feature","properties":{"nome":"Uruçuca","cod":"2932705","uf":"BA"},"geometry":{"type":"Polygon","coordinates":[[[-39.0443,-14.3999],[-39.0424,-14.4201],[-39.0308,-14.415],[-39.0303,-14.4189],[-39.0234,-14.4146],[-39.0227,-14.4204],[-39.0157,-14.4187],[-39.016,-14.4215],[-39.0282,-14.4792],[-39.0352,-14.501],[-39.0415,-14.5019],[-39.0752,-14.5065],[-39.1034,-14.5104],[-39.1362,-14.5149],[-39.1581,-14.5179],[-39.1808,-14.521],[-39.1869,-14.5218],[-39.2139,-14.5255],[-39.2341,-14.5283],[-39.2707,-14.5333],[-39.2758,-14.5547],[-39.2711,-14.566],[-39.265,-14.5688],[-39.2635,-14.5743],[-39.253,-14.5775],[-39.2456,-14.5924],[-39.2659,-14.6097],[-39.2663,-14.6099],[-39.2687,-14.6105],[-39.3323,-14.6251],[-39.345,-14.628],[-39.3451,-14.628],[-39.3569,-14.6303],[-39.3576,-14.6126],[-39.3645,-14.6093],[-39.3621,-14.5896],[-39.3578,-14.5785],[-39.3719,-14.5633],[-39.365,-14.5214],[-39.3643,-14.5197],[-39.3593,-14.5173],[-39.3566,-14.5107],[-39.355,-14.5028],[-39.3516,-14.5103],[-39.3373,-14.5423],[-39.335,-14.5274],[-39.3321,-14.4936],[-39.3229,-14.4608],[-39.3226,-14.4581],[-39.3092,-14.4595],[-39.2565,-14.4682],[-39.2564,-14.4683],[-39.2389,-14.4712],[-39.2217,-14.474],[-39.2043,-14.4769],[-39.1749,-14.4817],[-39.1748,-14.4817],[-39.1592,-14.4843],[-39.1332,-14.4886],[-39.132,-14.4874],[-39.1316,-14.4821],[-39.1227,-14.4739],[-39.1229,-14.4643],[-39.1197,-14.4672],[-39.1124,-14.4644],[-39.1129,-14.458],[-39.1078,-14.4548],[-39.112,-14.4539],[-39.1071,-14.4527],[-39.1016,-14.452],[-39.1023,-14.4493],[-39.095,-14.4502],[-39.0949,-14.4434],[-39.0914,-14.4427],[-39.093,-14.4331],[-39.0813,-14.4255],[-39.0785,-14.4254],[-39.0792,-14.4292],[-39.0707,-14.4249],[-39.065,-14.418],[-39.0615,-14.4188],[-39.0572,-14.4089],[-39.0491,-14.4058],[-39.0443,-14.3999]]]}},{"type":"Feature","properties":{"nome":"Utinga","cod":"2932804","uf":"BA"},"geometry":{"type":"Polygon","coordinates":[[[-40.8863,-12.0528],[-40.8742,-12.1232],[-40.918,-12.1489],[-40.9405,-12.1371],[-40.9753,-12.1189],[-40.9822,-12.1186],[-40.9908,-12.1182],[-41.0614,-12.115],[-41.1195,-12.1124],[-41.1207,-12.1127],[-41.1213,-12.1128],[-41.1492,-12.1193],[-41.1694,-12.124],[-41.2293,-12.1379],[-41.2248,-12.1244],[-41.2302,-12.1162],[-41.2369,-12.1137],[-41.2229,-12.0963],[-41.2178,-12.0837],[-41.2294,-12.0777],[-41.2286,-12.048],[-41.2314,-12.0397],[-41.2474,-12.0373],[-41.2529,-12.0286],[-41.2261,-12.0179],[-41.2244,-12.0172],[-41.2154,-12.0125],[-41.2029,-12.0047],[-41.206,-11.9912],[-41.2041,-11.9673],[-41.2149,-11.9515],[-41.2173,-11.933],[-41.2229,-11.9241],[-41.2223,-11.8889],[-41.1255,-11.9393],[-41.0978,-11.9536],[-41.0437,-11.9605],[-40.9738,-11.972],[-40.9737,-11.9721],[-40.8972,-11.9903],[-40.8863,-12.0526],[-40.8863,-12.0528]]]}},{"type":"Feature","properties":{"nome":"Valença","cod":"2932903","uf":"BA"},"geometry":{"type":"Polygon","coordinates":[[[-39.2929,-13.2382],[-39.2892,-13.2482],[-39.2871,-13.2471],[-39.2859,-13.2428],[-39.2807,-13.2441],[-39.2682,-13.2644],[-39.2554,-13.2667],[-39.2466,-13.2666],[-39.2408,-13.2711],[-39.233,-13.2918],[-39.2282,-13.2937],[-39.218,-13.2869],[-39.2097,-13.2953],[-39.2045,-13.288],[-39.208,-13.2716],[-39.2132,-13.2654],[-39.2192,-13.2667],[-39.2242,-13.2514],[-39.2231,-13.2419],[-39.2123,-13.2395],[-39.1965,-13.2434],[-39.1924,-13.2391],[-39.1833,-13.2396],[-39.17,-13.2343],[-39.1626,-13.2361],[-39.1528,-13.2262],[-39.1432,-13.224],[-39.1446,-13.2311],[-39.1283,-13.2435],[-39.1044,-13.2561],[-39.1009,-13.2564],[-39.092,-13.2475],[-39.0851,-13.2485],[-39.0805,-13.256],[-39.0706,-13.2594],[-39.0685,-13.255],[-39.075,-13.2515],[-39.0749,-13.2437],[-39.0683,-13.2453],[-39.0406,-13.2412],[-39.0272,-13.2447],[-39.022,-13.2428],[-39.0115,-13.2277],[-39.0068,-13.2255],[-39.0028,-13.2315],[-39.0052,-13.2472],[-38.9995,-13.2496],[-38.9965,-13.2465],[-38.9914,-13.253],[-38.9904,-13.2478],[-38.9837,-13.2461],[-38.9835,-13.2411],[-38.9751,-13.2336],[-38.9663,-13.235],[-38.964,-13.2282],[-38.9683,-13.2276],[-38.9686,-13.224],[-38.9594,-13.22],[-38.9595,-13.2152],[-38.9398,-13.2046],[-38.9315,-13.2071],[-38.9217,-13.2118],[-38.9322,-13.2174],[-38.9466,-13.2375],[-38.964,-13.2804],[-38.9657,-13.289],[-38.9678,-13.344],[-38.9607,-13.367],[-38.9489,-13.3857],[-38.9539,-13.3888],[-38.9684,-13.3897],[-38.9754,-13.3886],[-38.9836,-13.3781],[-38.994,-13.3716],[-39.0052,-13.3717],[-39.038,-13.3884],[-39.0486,-13.4053],[-39.0592,-13.4689],[-39.0702,-13.4874],[-39.0779,-13.4836],[-39.0844,-13.4856],[-39.086,-13.4798],[-39.0924,-13.479],[-39.0938,-13.4728],[-39.1003,-13.4746],[-39.1041,-13.4754],[-39.1068,-13.4825],[-39.1116,-13.4787],[-39.1155,-13.4843],[-39.1193,-13.4832],[-39.1302,-13.4825],[-39.1423,-13.4741],[-39.1482,-13.4773],[-39.1515,-13.4809],[-39.1512,-13.4777],[-39.1576,-13.4767],[-39.1568,-13.4839],[-39.1656,-13.4837],[-39.1736,-13.506],[-39.178,-13.5067],[-39.1815,-13.5132],[-39.1967,-13.5096],[-39.1945,-13.5032],[-39.1973,-13.5003],[-39.2101,-13.5008],[-39.2123,-13.5057],[-39.2155,-13.5028],[-39.2182,-13.5084],[-39.2101,-13.5182],[-39.21,-13.5185],[-39.2223,-13.5229],[-39.243,-13.5219],[-39.2513,-13.5269],[-39.265,-13.5208],[-39.2704,-13.5313],[-39.2693,-13.5411],[-39.2708,-13.5425],[-39.285,-13.5465],[-39.2917,-13.5436],[-39.2936,-13.5369],[-39.2999,-13.5464],[-39.3074,-13.5439],[-39.315,-13.5486],[-39.3251,-13.5484],[-39.3294,-13.5479],[-39.3338,-13.5486],[-39.3444,-13.5385],[-39.3403,-13.5493],[-39.3459,-13.5561],[-39.3431,-13.564],[-39.3515,-13.5692],[-39.3487,-13.5735],[-39.3669,-13.5861],[-39.3695,-13.5956],[-39.3692,-13.5922],[-39.3789,-13.5879],[-39.364,-13.5704],[-39.3626,-13.557],[-39.353,-13.5548],[-39.3472,-13.5465],[-39.348,-13.5421],[-39.3584,-13.5432],[-39.3621,-13.5366],[-39.3603,-13.5297],[-39.3539,-13.5276],[-39.3432,-13.4995],[-39.3331,-13.494],[-39.3249,-13.4837],[-39.3286,-13.4723],[-39.3185,-13.4504],[-39.3237,-13.4426],[-39.3223,-13.4293],[-39.3223,-13.4292],[-39.3113,-13.392],[-39.3008,-13.3837],[-39.2949,-13.383],[-39.2972,-13.375],[-39.3121,-13.3736],[-39.3136,-13.3714],[-39.3208,-13.3761],[-39.3403,-13.3726],[-39.355,-13.3648],[-39.3605,-13.3552],[-39.3514,-13.339],[-39.3866,-13.3435],[-39.4103,-13.327],[-39.415,-13.3264],[-39.4278,-13.3281],[-39.4307,-13.3322],[-39.4272,-13.3463],[-39.4334,-13.3451],[-39.4338,-13.3523],[-39.4381,-13.3582],[-39.442,-13.3582],[-39.45,-13.3724],[-39.4538,-13.3673],[-39.4643,-13.3692],[-39.4695,-13.3609],[-39.4781,-13.3475],[-39.483,-13.3486],[-39.4889,-13.345],[-39.4887,-13.3358],[-39.4858,-13.3326],[-39.4679,-13.331],[-39.4678,-13.3198],[-39.4566,-13.3168],[-39.453,-13.3129],[-39.4529,-13.3039],[-39.4499,-13.2994],[-39.4529,-13.2908],[-39.4459,-13.2885],[-39.4326,-13.303],[-39.4287,-13.2949],[-39.4328,-13.2727],[-39.4266,-13.2669],[-39.4288,-13.2586],[-39.438,-13.239],[-39.4386,-13.237],[-39.4268,-13.2381],[-39.4219,-13.243],[-39.416,-13.2434],[-39.4103,-13.2388],[-39.4119,-13.2315],[-39.4119,-13.2312],[-39.4034,-13.2293],[-39.4031,-13.2352],[-39.3966,-13.2409],[-39.3815,-13.2355],[-39.3774,-13.2371],[-39.3651,-13.2487],[-39.3484,-13.253],[-39.3387,-13.2544],[-39.3366,-13.2426],[-39.3412,-13.2373],[-39.3278,-13.2341],[-39.3282,-13.2239],[-39.3223,-13.2066],[-39.3145,-13.2073],[-39.3053,-13.2162],[-39.2977,-13.2171],[-39.2986,-13.2258],[-39.2919,-13.2299],[-39.2929,-13.2382]]]}},{"type":"Feature","properties":{"nome":"Valente","cod":"2933000","uf":"BA"},"geometry":{"type":"Polygon","coordinates":[[[-39.3842,-11.4379],[-39.4022,-11.4512],[-39.4023,-11.4513],[-39.4475,-11.4528],[-39.4506,-11.4529],[-39.4765,-11.485],[-39.4902,-11.4766],[-39.4868,-11.4626],[-39.4889,-11.4552],[-39.5024,-11.4428],[-39.5469,-11.402],[-39.5662,-11.4023],[-39.5813,-11.3841],[-39.5814,-11.384],[-39.5913,-11.3719],[-39.6185,-11.3672],[-39.5327,-11.3252],[-39.5275,-11.3226],[-39.4866,-11.3023],[-39.4793,-11.2985],[-39.4426,-11.3107],[-39.4005,-11.3246],[-39.3692,-11.335],[-39.2834,-11.3633],[-39.3419,-11.4066],[-39.3614,-11.421],[-39.3842,-11.4379]]]}},{"type":"Feature","properties":{"nome":"Várzea da Roça","cod":"2933059","uf":"BA"},"geometry":{"type":"Polygon","coordinates":[[[-39.9249,-11.4993],[-39.9258,-11.5804],[-39.9262,-11.6098],[-39.9264,-11.6274],[-39.9265,-11.6372],[-39.9268,-11.6659],[-39.9203,-11.688],[-39.9317,-11.6921],[-39.9572,-11.7133],[-40.0055,-11.7072],[-40.0239,-11.705],[-40.0443,-11.6941],[-40.0655,-11.6828],[-40.0854,-11.6721],[-40.1312,-11.6343],[-40.1379,-11.6346],[-40.1609,-11.6355],[-40.2004,-11.637],[-40.2268,-11.5654],[-40.2192,-11.5552],[-40.2067,-11.5513],[-40.2091,-11.5458],[-40.204,-11.5468],[-40.2004,-11.541],[-40.1973,-11.5426],[-40.1875,-11.5384],[-40.1801,-11.5313],[-40.1698,-11.5282],[-40.1666,-11.5221],[-40.1642,-11.5148],[-40.1509,-11.5246],[-40.1438,-11.5228],[-40.1346,-11.5207],[-40.133,-11.515],[-40.1167,-11.5221],[-40.1157,-11.5301],[-40.1068,-11.5302],[-40.1102,-11.5333],[-40.1072,-11.5389],[-40.1043,-11.5363],[-40.0953,-11.539],[-40.09,-11.5353],[-40.0847,-11.5372],[-40.084,-11.5312],[-40.0796,-11.528],[-40.0669,-11.5281],[-40.0544,-11.5222],[-40.0287,-11.5217],[-40.0288,-11.5119],[-40.0218,-11.5069],[-40.0173,-11.5045],[-40.0117,-11.5048],[-40.0,-11.4987],[-39.993,-11.5036],[-39.9835,-11.4928],[-39.9668,-11.4901],[-39.9363,-11.4783],[-39.9329,-11.4906],[-39.9249,-11.4993]]]}},{"type":"Feature","properties":{"nome":"Várzea do Poço","cod":"2933109","uf":"BA"},"geometry":{"type":"Polygon","coordinates":[[[-40.2271,-11.5806],[-40.2291,-11.5857],[-40.2263,-11.5898],[-40.2347,-11.6002],[-40.2324,-11.6073],[-40.2405,-11.612],[-40.2447,-11.6103],[-40.2486,-11.6011],[-40.2557,-11.5972],[-40.2586,-11.6046],[-40.2675,-11.6088],[-40.2758,-11.6051],[-40.2843,-11.6085],[-40.297,-11.6072],[-40.2972,-11.6075],[-40.3028,-11.6111],[-40.3076,-11.6059],[-40.3135,-11.6097],[-40.3192,-11.6074],[-40.3264,-11.6107],[-40.3264,-11.604],[-40.3375,-11.5877],[-40.3406,-11.6011],[-40.3485,-11.606],[-40.3584,-11.6071],[-40.3674,-11.6122],[-40.3668,-11.6166],[-40.3702,-11.6161],[-40.376,-11.5739],[-40.3808,-11.5379],[-40.3852,-11.5037],[-40.3674,-11.4821],[-40.3081,-11.4302],[-40.2953,-11.4498],[-40.2927,-11.4925],[-40.2784,-11.508],[-40.2775,-11.5103],[-40.2722,-11.5247],[-40.232,-11.5734],[-40.2271,-11.5806]]]}},{"type":"Feature","properties":{"nome":"Várzea Nova","cod":"2933158","uf":"BA"},"geometry":{"type":"Polygon","coordinates":[[[-41.2328,-10.9571],[-41.1264,-11.0003],[-41.1021,-11.0073],[-40.9985,-11.0155],[-40.9325,-11.0207],[-40.9167,-11.0225],[-40.9134,-11.0264],[-40.9124,-11.0276],[-40.8513,-11.0993],[-40.8004,-11.159],[-40.7699,-11.1947],[-40.7555,-11.2116],[-40.7303,-11.2411],[-40.7254,-11.2468],[-40.7342,-11.2484],[-40.8487,-11.269],[-40.8547,-11.2701],[-40.9446,-11.2863],[-40.964,-11.2666],[-41.039,-11.2141],[-41.0555,-11.2027],[-41.0998,-11.1722],[-41.1286,-11.1522],[-41.142,-11.143],[-41.1932,-11.143],[-41.2813,-11.1428],[-41.2861,-11.1194],[-41.2959,-11.1076],[-41.3184,-11.0724],[-41.312,-11.0388],[-41.3047,-11.0325],[-41.3,-11.0219],[-41.3022,-11.0023],[-41.2969,-10.9938],[-41.2846,-10.9892],[-41.26,-10.991],[-41.2385,-10.9836],[-41.234,-10.9769],[-41.2328,-10.9571]]]}},{"type":"Feature","properties":{"nome":"Varzedo","cod":"2933174","uf":"BA"},"geometry":{"type":"Polygon","coordinates":[[[-39.4534,-12.9133],[-39.4354,-12.9186],[-39.4261,-12.9133],[-39.4183,-12.9121],[-39.4105,-12.9153],[-39.4081,-12.9171],[-39.3637,-12.9211],[-39.3544,-12.9217],[-39.336,-12.923],[-39.3279,-12.9571],[-39.327,-12.9608],[-39.3256,-12.9665],[-39.3305,-12.9736],[-39.3266,-12.9778],[-39.3248,-12.9804],[-39.3225,-12.9837],[-39.3227,-12.9924],[-39.3138,-12.9945],[-39.3123,-13.0072],[-39.3157,-13.0144],[-39.3267,-13.0079],[-39.3341,-13.0113],[-39.3347,-13.0198],[-39.3222,-13.0204],[-39.3193,-13.0425],[-39.3004,-13.0497],[-39.2883,-13.0483],[-39.2839,-13.0583],[-39.2977,-13.0664],[-39.317,-13.0572],[-39.3233,-13.0593],[-39.3244,-13.0624],[-39.3333,-13.0631],[-39.3421,-13.061],[-39.3415,-13.0568],[-39.3515,-13.0457],[-39.3516,-13.0452],[-39.3549,-13.0416],[-39.3643,-13.0409],[-39.3819,-13.0273],[-39.3945,-13.0129],[-39.3964,-13.0056],[-39.4008,-12.9957],[-39.411,-12.9968],[-39.4192,-12.9898],[-39.431,-12.9941],[-39.4409,-12.992],[-39.4463,-12.9804],[-39.4584,-12.9705],[-39.459,-12.9623],[-39.4624,-12.9592],[-39.4626,-12.9517],[-39.4576,-12.9463],[-39.46,-12.9385],[-39.4542,-12.932],[-39.4636,-12.9228],[-39.4653,-12.8924],[-39.4605,-12.8954],[-39.4534,-12.9133]]]}},{"type":"Feature","properties":{"nome":"Vera Cruz","cod":"2933208","uf":"BA"},"geometry":{"type":"Polygon","coordinates":[[[-38.6303,-12.9289],[-38.6235,-12.9342],[-38.6159,-12.9308],[-38.6055,-12.9586],[-38.6156,-12.9784],[-38.6154,-12.9831],[-38.6199,-12.9833],[-38.6359,-13.0023],[-38.6413,-13.0092],[-38.6461,-13.0163],[-38.655,-13.029],[-38.6658,-13.0364],[-38.673,-13.0368],[-38.6981,-13.0551],[-38.7141,-13.0598],[-38.7265,-13.0715],[-38.7305,-13.0807],[-38.7365,-13.0878],[-38.7437,-13.0882],[-38.7504,-13.0943],[-38.7631,-13.1178],[-38.7676,-13.1203],[-38.7893,-13.1302],[-38.7988,-13.1355],[-38.8062,-13.1144],[-38.8012,-13.1029],[-38.8011,-13.0882],[-38.8028,-13.0599],[-38.7944,-13.0457],[-38.7904,-13.0407],[-38.7904,-13.0262],[-38.7806,-13.0019],[-38.7583,-12.9764],[-38.7527,-12.9646],[-38.7335,-12.9454],[-38.7257,-12.9268],[-38.6938,-12.9276],[-38.6694,-12.9308],[-38.6303,-12.9289]]]}},{"type":"Feature","properties":{"nome":"Vereda","cod":"2933257","uf":"BA"},"geometry":{"type":"Polygon","coordinates":[[[-40.3216,-16.9487],[-40.3152,-16.956],[-40.3106,-16.9532],[-40.2997,-16.9546],[-40.2931,-16.9622],[-40.2813,-16.9628],[-40.2644,-16.963],[-40.2415,-16.9722],[-40.2386,-16.9723],[-40.2333,-16.9721],[-40.2123,-16.9849],[-40.2094,-16.9967],[-40.1985,-16.9979],[-40.1987,-17.0014],[-40.1978,-17.0074],[-40.1831,-17.0158],[-40.1805,-17.0465],[-40.1651,-17.0691],[-40.1605,-17.0711],[-40.1552,-17.0708],[-40.1564,-17.0742],[-40.1518,-17.0795],[-40.1409,-17.0761],[-40.1252,-17.0776],[-40.1209,-17.0828],[-40.1088,-17.0748],[-40.1043,-17.0693],[-40.0885,-17.062],[-40.0859,-17.0795],[-40.0779,-17.0819],[-40.073,-17.0914],[-40.0686,-17.0893],[-40.0659,-17.1031],[-40.0573,-17.1135],[-40.0421,-17.1196],[-40.0296,-17.1299],[-40.0246,-17.1288],[-40.0163,-17.1317],[-40.0191,-17.136],[-40.0119,-17.1444],[-40.0126,-17.1488],[-39.998,-17.1567],[-39.9929,-17.1545],[-39.9906,-17.1565],[-39.9878,-17.1663],[-39.9935,-17.1726],[-39.9823,-17.1867],[-39.9777,-17.188],[-39.9647,-17.1942],[-39.9652,-17.2],[-39.9578,-17.208],[-39.9501,-17.2085],[-39.936,-17.2007],[-39.9309,-17.2044],[-39.9315,-17.2086],[-39.9181,-17.2084],[-39.9062,-17.2125],[-39.9073,-17.2215],[-39.8989,-17.2307],[-39.8882,-17.2331],[-39.8835,-17.2259],[-39.8789,-17.2321],[-39.8614,-17.2377],[-39.8582,-17.2416],[-39.8544,-17.2402],[-39.847,-17.2349],[-39.8469,-17.2349],[-39.811,-17.2217],[-39.7939,-17.2154],[-39.7254,-17.1903],[-39.6456,-17.161],[-39.5703,-17.1334],[-39.5683,-17.1507],[-39.5767,-17.1551],[-39.5735,-17.1605],[-39.5788,-17.1659],[-39.5815,-17.1829],[-39.5885,-17.1873],[-39.6053,-17.2154],[-39.6153,-17.2236],[-39.6203,-17.2237],[-39.6179,-17.2322],[-39.6218,-17.2471],[-39.6312,-17.2537],[-39.6362,-17.2686],[-39.633,-17.31],[-39.6566,-17.3084],[-39.685,-17.2857],[-39.7082,-17.286],[-39.7227,-17.2794],[-39.7485,-17.2776],[-39.7606,-17.2729],[-39.7756,-17.2767],[-39.8104,-17.2593],[-39.8362,-17.2605],[-39.8377,-17.2631],[-39.8329,-17.2684],[-39.8289,-17.3043],[-39.8333,-17.3102],[-39.8386,-17.3311],[-39.8591,-17.3365],[-39.8577,-17.3439],[-39.8605,-17.3631],[-39.8793,-17.359],[-39.8895,-17.3643],[-39.8935,-17.3564],[-39.8991,-17.3585],[-39.9016,-17.3551],[-39.9074,-17.3564],[-39.9131,-17.3534],[-39.9145,-17.3459],[-39.927,-17.3416],[-39.9359,-17.3492],[-39.9413,-17.3486],[-39.9466,-17.3319],[-39.9435,-17.3252],[-39.9495,-17.3027],[-39.9497,-17.3026],[-39.9442,-17.2993],[-39.9501,-17.2906],[-39.949,-17.2821],[-39.9388,-17.2706],[-39.9495,-17.2665],[-39.9554,-17.2655],[-39.9727,-17.2526],[-39.9853,-17.2506],[-39.9916,-17.2435],[-39.9999,-17.2498],[-40.0069,-17.2325],[-40.0182,-17.2411],[-40.0251,-17.2346],[-40.0368,-17.2384],[-40.0361,-17.2537],[-40.0496,-17.2575],[-40.0482,-17.2657],[-40.0577,-17.2681],[-40.0621,-17.2628],[-40.0687,-17.2624],[-40.0773,-17.2606],[-40.0729,-17.2696],[-40.0746,-17.2745],[-40.0897,-17.2634],[-40.101,-17.2568],[-40.1063,-17.2584],[-40.1299,-17.2456],[-40.139,-17.2327],[-40.1333,-17.2261],[-40.1356,-17.2215],[-40.1307,-17.214],[-40.1345,-17.207],[-40.1262,-17.1887],[-40.1358,-17.1773],[-40.1393,-17.1779],[-40.1412,-17.1794],[-40.147,-17.181],[-40.1526,-17.1715],[-40.1526,-17.1683],[-40.144,-17.1629],[-40.1431,-17.1552],[-40.1489,-17.1508],[-40.1461,-17.1436],[-40.1509,-17.1354],[-40.1359,-17.1246],[-40.1324,-17.1145],[-40.121,-17.1113],[-40.1257,-17.106],[-40.1185,-17.0986],[-40.1242,-17.0956],[-40.1313,-17.1024],[-40.143,-17.0974],[-40.1452,-17.0925],[-40.1619,-17.1083],[-40.166,-17.0944],[-40.1624,-17.088],[-40.164,-17.0837],[-40.1646,-17.076],[-40.1701,-17.0709],[-40.1794,-17.0781],[-40.1871,-17.0743],[-40.2172,-17.0417],[-40.2236,-17.0367],[-40.2251,-17.0223],[-40.2334,-17.0249],[-40.2356,-17.0194],[-40.2528,-17.0159],[-40.2523,-17.0089],[-40.2577,-17.0039],[-40.2695,-17.0043],[-40.2712,-16.9979],[-40.2758,-16.9947],[-40.2848,-17.0038],[-40.2936,-17.0075],[-40.3089,-16.9977],[-40.3205,-17.0019],[-40.3269,-16.9977],[-40.3276,-16.9901],[-40.335,-16.9811],[-40.3515,-16.9869],[-40.3561,-16.9841],[-40.357,-16.9748],[-40.367,-16.9647],[-40.3917,-16.9601],[-40.3961,-16.9481],[-40.418,-16.9264],[-40.4072,-16.8982],[-40.4014,-16.8902],[-40.404,-16.9088],[-40.4012,-16.9227],[-40.4038,-16.9285],[-40.3967,-16.9429],[-40.3707,-16.9414],[-40.3535,-16.9491],[-40.3216,-16.9487]]]}},{"type":"Feature","properties":{"nome":"Vitória da Conquista","cod":"2933307","uf":"BA"},"geometry":{"type":"Polygon","coordinates":[[[-40.6975,-15.069],[-40.7014,-15.0703],[-40.7028,-15.076],[-40.7089,-15.076],[-40.7751,-15.077],[-40.7752,-15.077],[-40.8295,-15.0779],[-40.8422,-15.0781],[-40.8469,-15.0782],[-40.8473,-15.0884],[-40.8475,-15.0933],[-40.8485,-15.2262],[-40.8478,-15.2553],[-40.8475,-15.2691],[-40.8238,-15.2783],[-40.8166,-15.2846],[-40.8248,-15.2911],[-40.8161,-15.2972],[-40.82,-15.304],[-40.8318,-15.2971],[-40.837,-15.2973],[-40.8425,-15.3033],[-40.8469,-15.2957],[-40.8542,-15.2956],[-40.8823,-15.2932],[-40.8858,-15.2972],[-40.8953,-15.2991],[-40.9043,-15.3057],[-40.9061,-15.3199],[-40.9325,-15.3362],[-40.9336,-15.3474],[-40.9338,-15.3476],[-40.9343,-15.3485],[-40.9417,-15.359],[-40.9335,-15.3713],[-40.9348,-15.3823],[-40.9271,-15.3909],[-40.9336,-15.3947],[-40.9267,-15.4072],[-40.9316,-15.409],[-40.934,-15.4193],[-40.9265,-15.4223],[-40.9363,-15.4377],[-40.9358,-15.4441],[-40.9489,-15.4488],[-40.9508,-15.4534],[-40.957,-15.4657],[-40.9699,-15.4695],[-40.978,-15.4765],[-40.9887,-15.4778],[-40.994,-15.474],[-41.0005,-15.4773],[-41.0106,-15.476],[-41.0208,-15.4696],[-41.0348,-15.4725],[-41.0417,-15.4745],[-41.0475,-15.4652],[-41.0567,-15.4596],[-41.0805,-15.4589],[-41.0919,-15.4395],[-41.09,-15.4333],[-41.0966,-15.4234],[-41.1079,-15.4207],[-41.131,-15.404],[-41.1401,-15.4023],[-41.1437,-15.3854],[-41.1336,-15.3724],[-41.1377,-15.3623],[-41.1368,-15.3548],[-41.1507,-15.3384],[-41.1584,-15.3388],[-41.1596,-15.335],[-41.1784,-15.3205],[-41.1804,-15.3118],[-41.1804,-15.3116],[-41.1846,-15.3118],[-41.1353,-15.1969],[-41.094,-15.1007],[-41.0948,-15.0994],[-41.0948,-15.0994],[-41.0962,-15.0937],[-41.0878,-15.0751],[-41.087,-15.0558],[-41.0877,-15.0551],[-41.1056,-15.0444],[-41.1238,-15.0397],[-41.1401,-15.0291],[-41.1485,-15.0134],[-41.1485,-14.9969],[-41.1486,-14.9961],[-41.1614,-14.9276],[-41.1762,-14.848],[-41.1676,-14.8456],[-41.0617,-14.8157],[-41.0463,-14.8114],[-40.9777,-14.7924],[-40.9644,-14.7889],[-40.9643,-14.7859],[-40.961,-14.6966],[-40.96,-14.6703],[-40.9598,-14.6664],[-40.8876,-14.6677],[-40.8579,-14.6682],[-40.85,-14.6684],[-40.8041,-14.6692],[-40.7761,-14.6697],[-40.7677,-14.6699],[-40.7254,-14.6706],[-40.712,-14.6708],[-40.6805,-14.6714],[-40.6267,-14.6723],[-40.6107,-14.6739],[-40.5982,-14.6859],[-40.5837,-14.6999],[-40.5719,-14.7112],[-40.6434,-14.7961],[-40.6697,-14.8275],[-40.6699,-14.8277],[-40.6789,-14.8689],[-40.6789,-14.869],[-40.6804,-14.8762],[-40.6825,-14.8858],[-40.6875,-14.9081],[-40.7108,-15.0134],[-40.7055,-15.0142],[-40.7012,-15.0221],[-40.701,-15.0272],[-40.711,-15.0371],[-40.7115,-15.0457],[-40.7009,-15.0648],[-40.6975,-15.069]]]}},{"type":"Feature","properties":{"nome":"Wagner","cod":"2933406","uf":"BA"},"geometry":{"type":"Polygon","coordinates":[[[-41.1577,-12.3694],[-41.1654,-12.3727],[-41.1859,-12.3718],[-41.1997,-12.3601],[-41.2003,-12.3514],[-41.2074,-12.3419],[-41.2216,-12.2849],[-41.2357,-12.2639],[-41.2427,-12.2457],[-41.2481,-12.2384],[-41.251,-12.2254],[-41.2619,-12.1982],[-41.2642,-12.1675],[-41.2752,-12.154],[-41.2747,-12.149],[-41.2346,-12.1392],[-41.2344,-12.1392],[-41.2293,-12.1379],[-41.1694,-12.124],[-41.1492,-12.1193],[-41.1213,-12.1128],[-41.1207,-12.1127],[-41.1195,-12.1124],[-41.0754,-12.2416],[-41.0613,-12.285],[-41.1246,-12.3407],[-41.1524,-12.3647],[-41.1577,-12.3694]]]}},{"type":"Feature","properties":{"nome":"Wanderley","cod":"2933455","uf":"BA"},"geometry":{"type":"Polygon","coordinates":[[[-43.8054,-11.4437],[-43.795,-11.4652],[-43.7871,-11.5112],[-43.7748,-11.5511],[-43.7751,-11.5671],[-43.7706,-11.5857],[-43.7491,-11.6398],[-43.7365,-11.6797],[-43.7064,-11.729],[-43.6984,-11.7513],[-43.6762,-11.7985],[-43.6574,-11.8693],[-43.6433,-11.898],[-43.6721,-11.9062],[-43.6823,-11.9007],[-43.689,-11.9031],[-43.694,-11.9319],[-43.7258,-11.9643],[-43.7422,-11.9731],[-43.7548,-11.9851],[-43.7608,-11.9943],[-43.7615,-12.0102],[-43.7729,-12.0139],[-43.7853,-12.0233],[-43.7922,-12.036],[-43.7806,-12.0425],[-43.7783,-12.0503],[-43.7853,-12.054],[-43.802,-12.0653],[-43.8188,-12.0695],[-43.8436,-12.0865],[-43.8499,-12.1087],[-43.8421,-12.1105],[-43.8184,-12.1305],[-43.8149,-12.1368],[-43.8207,-12.1409],[-43.8236,-12.1488],[-43.8445,-12.1638],[-43.8676,-12.1621],[-43.8742,-12.1653],[-43.8866,-12.171],[-43.8846,-12.1814],[-43.8927,-12.1923],[-43.9073,-12.2001],[-43.9079,-12.2047],[-43.899,-12.2066],[-43.9001,-12.2106],[-43.9256,-12.2329],[-43.9424,-12.2374],[-43.9514,-12.2354],[-43.9706,-12.2302],[-43.9722,-12.2265],[-43.9695,-12.2216],[-43.9729,-12.2095],[-43.9641,-12.1988],[-43.9616,-12.1888],[-43.9704,-12.1859],[-43.9951,-12.1907],[-44.0,-12.1877],[-44.0058,-12.1765],[-44.0083,-12.1741],[-44.0411,-12.1831],[-44.0459,-12.1797],[-44.0532,-12.1637],[-44.0734,-12.1646],[-44.0803,-12.1564],[-44.0769,-12.1326],[-44.0614,-12.111],[-44.0599,-12.0975],[-44.0486,-12.0853],[-44.0474,-12.0792],[-44.0651,-12.0786],[-44.0844,-12.0607],[-44.1035,-12.0611],[-44.1132,-12.05],[-44.1126,-12.0465],[-44.0977,-12.0277],[-44.0817,-12.0223],[-44.0656,-12.0119],[-44.0652,-12.0079],[-44.0493,-11.9922],[-44.0525,-11.9818],[-44.0523,-11.9816],[-44.0528,-11.9724],[-44.0434,-11.9535],[-44.0473,-11.9408],[-44.0462,-11.9276],[-44.051,-11.9231],[-44.0475,-11.9099],[-44.0543,-11.8941],[-44.0527,-11.8885],[-44.0642,-11.8766],[-44.0741,-11.8805],[-44.0855,-11.8744],[-44.0883,-11.8655],[-44.102,-11.8482],[-44.1081,-11.8316],[-44.1027,-11.8102],[-44.106,-11.8032],[-44.1036,-11.7923],[-44.1133,-11.7776],[-44.1174,-11.7778],[-44.1247,-11.7712],[-44.1351,-11.7707],[-44.1344,-11.7633],[-44.143,-11.757],[-44.1486,-11.7375],[-44.1507,-11.7232],[-44.1559,-11.7236],[-44.1486,-11.7192],[-44.1521,-11.7132],[-44.1489,-11.7015],[-44.1534,-11.6988],[-44.1519,-11.7063],[-44.1571,-11.7029],[-44.1604,-11.7089],[-44.1632,-11.7058],[-44.1616,-11.7024],[-44.1649,-11.6989],[-44.1589,-11.6963],[-44.1621,-11.6902],[-44.1587,-11.6886],[-44.1561,-11.6917],[-44.1547,-11.6881],[-44.1622,-11.6847],[-44.1669,-11.6875],[-44.1627,-11.6754],[-44.1676,-11.6722],[-44.1662,-11.6624],[-44.1698,-11.6513],[-44.1552,-11.6233],[-44.1563,-11.6109],[-44.1544,-11.6083],[-44.1442,-11.607],[-44.1374,-11.5973],[-44.1372,-11.6061],[-44.1331,-11.6076],[-44.1333,-11.5973],[-44.1225,-11.5937],[-44.1194,-11.5847],[-44.1165,-11.5853],[-44.1164,-11.596],[-44.1111,-11.5965],[-44.1092,-11.59],[-44.1061,-11.5933],[-44.1128,-11.6009],[-44.1053,-11.6097],[-44.1073,-11.6154],[-44.0926,-11.6139],[-44.0848,-11.6004],[-44.0863,-11.5911],[-44.0825,-11.5899],[-44.095,-11.5841],[-44.0957,-11.579],[-44.0929,-11.5722],[-44.0863,-11.5713],[-44.0906,-11.5644],[-44.0841,-11.5692],[-44.0801,-11.5685],[-44.0844,-11.5628],[-44.0831,-11.559],[-44.0754,-11.5614],[-44.0709,-11.5585],[-44.0633,-11.5596],[-44.0526,-11.5533],[-44.0445,-11.5568],[-44.0386,-11.5549],[-44.0364,-11.5476],[-44.0311,-11.5439],[-44.0306,-11.5369],[-44.0369,-11.534],[-44.0298,-11.5292],[-44.0297,-11.5229],[-44.0296,-11.5182],[-44.0363,-11.5093],[-44.0247,-11.4987],[-44.0152,-11.5061],[-44.0051,-11.5035],[-44.0012,-11.5107],[-43.9897,-11.5072],[-43.9938,-11.4973],[-43.9854,-11.4901],[-43.986,-11.4783],[-43.9796,-11.4776],[-43.9582,-11.4545],[-43.9517,-11.4521],[-43.9573,-11.4481],[-43.9566,-11.4453],[-43.9421,-11.4385],[-43.9266,-11.4383],[-43.92,-11.446],[-43.9111,-11.4428],[-43.9071,-11.4463],[-43.9014,-11.4441],[-43.8964,-11.4471],[-43.8836,-11.4442],[-43.8775,-11.4494],[-43.8702,-11.4437],[-43.8672,-11.4229],[-43.8719,-11.4163],[-43.8694,-11.4108],[-43.8713,-11.3997],[-43.8623,-11.3967],[-43.8546,-11.3902],[-43.8544,-11.3843],[-43.8481,-11.3829],[-43.8472,-11.3781],[-43.8407,-11.376],[-43.8387,-11.3574],[-43.8366,-11.3533],[-43.8316,-11.3504],[-43.8257,-11.3577],[-43.819,-11.3837],[-43.8132,-11.3935],[-43.8154,-11.4029],[-43.8054,-11.4437]]]}},{"type":"Feature","properties":{"nome":"Wenceslau Guimarães","cod":"2933505","uf":"BA"},"geometry":{"type":"Polygon","coordinates":[[[-39.727,-13.5043],[-39.7068,-13.5196],[-39.6954,-13.5131],[-39.6942,-13.5149],[-39.6936,-13.516],[-39.6898,-13.5224],[-39.6706,-13.5364],[-39.6684,-13.5375],[-39.6586,-13.5408],[-39.6487,-13.5513],[-39.6395,-13.5511],[-39.6205,-13.561],[-39.6139,-13.5584],[-39.5919,-13.5677],[-39.5785,-13.5689],[-39.575,-13.5705],[-39.5573,-13.5763],[-39.5524,-13.5777],[-39.536,-13.5809],[-39.5256,-13.5791],[-39.5161,-13.5834],[-39.4969,-13.5874],[-39.4957,-13.5948],[-39.4966,-13.5997],[-39.4929,-13.6023],[-39.4908,-13.6057],[-39.4841,-13.6059],[-39.4716,-13.6154],[-39.4659,-13.6077],[-39.4415,-13.5993],[-39.4278,-13.5941],[-39.425,-13.6037],[-39.417,-13.6033],[-39.4011,-13.6187],[-39.4022,-13.6214],[-39.3937,-13.6238],[-39.3915,-13.6287],[-39.3973,-13.6297],[-39.399,-13.6421],[-39.3912,-13.6461],[-39.3987,-13.6481],[-39.3936,-13.6553],[-39.407,-13.6494],[-39.4086,-13.6537],[-39.4168,-13.6497],[-39.4222,-13.6505],[-39.4241,-13.6546],[-39.4298,-13.6524],[-39.4305,-13.6558],[-39.4253,-13.6613],[-39.4277,-13.6637],[-39.4364,-13.668],[-39.4434,-13.6612],[-39.4492,-13.6649],[-39.458,-13.6612],[-39.458,-13.666],[-39.4687,-13.6693],[-39.4712,-13.6895],[-39.4578,-13.7028],[-39.4585,-13.715],[-39.4785,-13.7108],[-39.4795,-13.7106],[-39.4824,-13.711],[-39.5537,-13.7275],[-39.5548,-13.7277],[-39.5562,-13.728],[-39.5975,-13.7189],[-39.6353,-13.7041],[-39.6361,-13.7038],[-39.6532,-13.6971],[-39.6534,-13.697],[-39.6616,-13.695],[-39.6614,-13.6982],[-39.6784,-13.7123],[-39.6888,-13.7253],[-39.6913,-13.7468],[-39.6999,-13.7637],[-39.7131,-13.7636],[-39.7173,-13.7729],[-39.7242,-13.7479],[-39.7279,-13.7348],[-39.7276,-13.7341],[-39.727,-13.7277],[-39.7416,-13.7049],[-39.7431,-13.6997],[-39.7398,-13.6959],[-39.7594,-13.6607],[-39.7575,-13.6568],[-39.7708,-13.65],[-39.7763,-13.6425],[-39.7658,-13.6338],[-39.7729,-13.6225],[-39.7824,-13.6176],[-39.782,-13.6136],[-39.7805,-13.6106],[-39.7771,-13.6068],[-39.7781,-13.599],[-39.7853,-13.5948],[-39.7928,-13.5963],[-39.7985,-13.59],[-39.7919,-13.5806],[-39.7966,-13.5774],[-39.8094,-13.5804],[-39.8169,-13.5781],[-39.8172,-13.5781],[-39.8125,-13.5609],[-39.791,-13.5374],[-39.7907,-13.5297],[-39.7435,-13.5036],[-39.727,-13.5043]]]}},{"type":"Feature","properties":{"nome":"Xique-Xique","cod":"2933604","uf":"BA"},"geometry":{"type":"Polygon","coordinates":[[[-42.3635,-10.7715],[-42.3689,-10.7748],[-42.3737,-10.7767],[-42.3782,-10.7723],[-42.384,-10.7735],[-42.5217,-10.9037],[-42.4908,-11.0421],[-42.5526,-11.0651],[-42.613,-11.0874],[-42.608,-11.0816],[-42.6064,-11.0687],[-42.6092,-11.0629],[-42.629,-11.0527],[-42.6366,-11.0371],[-42.6454,-11.0335],[-42.6512,-11.0354],[-42.6585,-11.0312],[-42.6749,-11.0129],[-42.6921,-11.0071],[-42.7123,-11.0057],[-42.7125,-11.0056],[-42.7231,-11.003],[-42.7505,-11.0109],[-42.7542,-11.0095],[-42.7559,-11.0016],[-42.761,-11.0016],[-42.7632,-11.0047],[-42.7581,-11.0088],[-42.7619,-11.01],[-42.7618,-11.0152],[-42.7546,-11.0248],[-42.7547,-11.0409],[-42.7899,-11.0589],[-42.7821,-11.0695],[-42.7701,-11.0775],[-42.7661,-11.0914],[-42.7726,-11.0953],[-42.7708,-11.1009],[-42.7741,-11.1055],[-42.787,-11.1103],[-42.7865,-11.1195],[-42.8015,-11.1238],[-42.7992,-11.1346],[-42.8044,-11.1415],[-42.8215,-11.1405],[-42.8386,-11.156],[-42.8357,-11.1876],[-42.8369,-11.1922],[-42.8322,-11.1999],[-42.8435,-11.2184],[-42.8374,-11.2255],[-42.8405,-11.2316],[-42.8349,-11.2351],[-42.8423,-11.2502],[-42.8353,-11.2519],[-42.8363,-11.2756],[-42.8264,-11.2851],[-42.8278,-11.2897],[-42.8189,-11.3083],[-42.8125,-11.3113],[-42.9125,-11.2771],[-42.9123,-11.2777],[-42.8172,-11.5402],[-42.8172,-11.5404],[-42.7697,-11.6698],[-42.7474,-11.7305],[-42.8922,-11.6567],[-42.934,-11.645],[-43.0111,-11.6234],[-43.0113,-11.6234],[-43.0935,-11.6001],[-43.2764,-11.5483],[-43.2857,-11.5456],[-43.2798,-11.5151],[-43.2652,-11.4933],[-43.2644,-11.4795],[-43.2426,-11.4339],[-43.2335,-11.4257],[-43.2327,-11.4158],[-43.2354,-11.4006],[-43.211,-11.3527],[-43.2044,-11.3422],[-43.1868,-11.333],[-43.1722,-11.3177],[-43.1858,-11.2868],[-43.1847,-11.2738],[-43.1961,-11.2575],[-43.1987,-11.2462],[-43.1839,-11.1959],[-43.1448,-11.1515],[-43.1448,-11.1271],[-43.1418,-11.1141],[-43.1288,-11.0916],[-43.1216,-11.0771],[-43.101,-11.0633],[-43.0973,-11.0515],[-43.0992,-11.0382],[-43.0944,-11.0263],[-43.0816,-11.0161],[-43.0553,-11.0095],[-43.0468,-11.0023],[-43.0453,-10.9984],[-43.0419,-10.9714],[-43.0369,-10.9658],[-43.0005,-10.9464],[-42.995,-10.9367],[-42.9899,-10.9127],[-42.9791,-10.901],[-42.9501,-10.8615],[-42.9259,-10.847],[-42.8986,-10.8413],[-42.8821,-10.8321],[-42.846,-10.806],[-42.8204,-10.8008],[-42.8028,-10.7936],[-42.7589,-10.7948],[-42.7502,-10.7868],[-42.7318,-10.759],[-42.7011,-10.6885],[-42.683,-10.6604],[-42.6534,-10.6194],[-42.6308,-10.5997],[-42.578,-10.503],[-42.5693,-10.4697],[-42.5492,-10.4543],[-42.5208,-10.4261],[-42.4946,-10.4101],[-42.4624,-10.3808],[-42.452,-10.3634],[-42.4512,-10.3436],[-42.4545,-10.3186],[-42.4491,-10.296],[-42.4184,-10.2742],[-42.4053,-10.256],[-42.404,-10.2215],[-42.4074,-10.1941],[-42.414,-10.1721],[-42.4052,-10.1856],[-42.3883,-10.1976],[-42.385,-10.2251],[-42.3741,-10.2373],[-42.3652,-10.2648],[-42.3738,-10.2874],[-42.3944,-10.304],[-42.3963,-10.3137],[-42.3909,-10.3202],[-42.3817,-10.323],[-42.3783,-10.3309],[-42.3629,-10.3374],[-42.3616,-10.346],[-42.366,-10.3612],[-42.3583,-10.3661],[-42.3441,-10.3671],[-42.3501,-10.3822],[-42.3454,-10.3874],[-42.3297,-10.3926],[-42.3318,-10.4001],[-42.3281,-10.4106],[-42.3343,-10.4209],[-42.3327,-10.4303],[-42.3152,-10.4397],[-42.3134,-10.4438],[-42.3288,-10.4694],[-42.3483,-10.4875],[-42.3578,-10.5118],[-42.3558,-10.5306],[-42.3463,-10.5465],[-42.3392,-10.5491],[-42.3432,-10.5594],[-42.3368,-10.5664],[-42.3377,-10.5729],[-42.3289,-10.585],[-42.329,-10.6013],[-42.3341,-10.6076],[-42.3245,-10.6163],[-42.3272,-10.6452],[-42.3275,-10.6456],[-42.3307,-10.6514],[-42.3217,-10.6597],[-42.327,-10.6743],[-42.342,-10.684],[-42.3422,-10.7252],[-42.3517,-10.7384],[-42.3601,-10.7627],[-42.3644,-10.765],[-42.3635,-10.7715]]]}}]}