{"type":"FeatureCollection","metadata":{"fonte":"IBGE, via github.com/tbrugz/geodata-br"},"features":[{"type":"Feature","properties":{"nome":"Afonso Cláudio","cod":"3200102","uf":"ES"},"geometry":{"type":"Polygon","coordinates":[[[-41.1872,-19.8912],[-41.1747,-19.907],[-41.1554,-19.8915],[-41.1446,-19.8913],[-41.1308,-19.9092],[-41.1267,-19.9154],[-41.1246,-19.9358],[-41.1153,-19.9412],[-41.1118,-19.9492],[-41.1097,-19.9544],[-41.1155,-19.9585],[-41.1151,-19.9632],[-41.1206,-19.9658],[-41.1116,-19.9727],[-41.103,-19.9636],[-41.0947,-19.9702],[-41.0868,-19.9708],[-41.0748,-19.9777],[-41.0648,-19.9869],[-41.0549,-19.9863],[-41.0458,-19.9768],[-41.0371,-19.9772],[-41.0186,-19.9709],[-41.0138,-19.9699],[-41.0079,-19.9611],[-41.004,-19.9611],[-40.9946,-19.96],[-40.9946,-19.9682],[-40.9852,-19.972],[-40.9843,-19.973],[-40.9794,-19.9785],[-40.9691,-19.9757],[-40.9697,-19.9895],[-40.9703,-20.0007],[-40.9696,-20.0226],[-40.9659,-20.0252],[-40.9626,-20.0288],[-40.9658,-20.0293],[-40.9649,-20.0347],[-40.968,-20.0374],[-40.9673,-20.0462],[-40.9573,-20.0575],[-40.9562,-20.0626],[-40.9599,-20.0639],[-40.9528,-20.0691],[-40.9554,-20.071],[-40.9477,-20.0743],[-40.9474,-20.0884],[-40.9501,-20.086],[-40.9543,-20.0896],[-40.9625,-20.0913],[-40.9656,-20.1025],[-40.9734,-20.1039],[-40.9734,-20.1113],[-40.9817,-20.1111],[-40.9862,-20.121],[-40.9962,-20.1259],[-40.9996,-20.1223],[-41.0006,-20.1097],[-41.0084,-20.1125],[-41.0116,-20.1097],[-41.0114,-20.1127],[-41.0154,-20.1137],[-41.016,-20.1179],[-41.0252,-20.119],[-41.0364,-20.1325],[-41.0366,-20.1369],[-41.0297,-20.1423],[-41.0229,-20.1424],[-41.0218,-20.1484],[-41.0177,-20.1497],[-41.0187,-20.1654],[-41.0217,-20.1718],[-41.0138,-20.1749],[-41.015,-20.1881],[-41.0199,-20.1927],[-41.0096,-20.1944],[-41.0051,-20.199],[-41.0077,-20.2023],[-40.9987,-20.2071],[-41.0016,-20.2138],[-41.0254,-20.2125],[-41.0254,-20.2304],[-41.0291,-20.2305],[-41.0374,-20.2274],[-41.0503,-20.2358],[-41.0564,-20.2322],[-41.0586,-20.2209],[-41.068,-20.2207],[-41.066,-20.2279],[-41.0709,-20.2294],[-41.0662,-20.2345],[-41.0702,-20.2449],[-41.0718,-20.251],[-41.0787,-20.2543],[-41.079,-20.2592],[-41.0915,-20.2691],[-41.1006,-20.2656],[-41.1014,-20.2747],[-41.1143,-20.2666],[-41.1218,-20.2686],[-41.1251,-20.2655],[-41.1289,-20.2694],[-41.1318,-20.2833],[-41.1371,-20.2878],[-41.1488,-20.2816],[-41.1577,-20.2822],[-41.1686,-20.2668],[-41.1857,-20.2597],[-41.1927,-20.2654],[-41.193,-20.2695],[-41.2049,-20.2676],[-41.2125,-20.2748],[-41.2162,-20.2741],[-41.2228,-20.2831],[-41.2368,-20.2761],[-41.2422,-20.2644],[-41.2318,-20.2584],[-41.2365,-20.2412],[-41.2354,-20.2281],[-41.2435,-20.217],[-41.2565,-20.2125],[-41.2541,-20.2065],[-41.241,-20.2083],[-41.2421,-20.1985],[-41.2515,-20.1836],[-41.2464,-20.1761],[-41.2454,-20.1613],[-41.2411,-20.1566],[-41.2309,-20.163],[-41.2298,-20.1606],[-41.2287,-20.1416],[-41.2314,-20.1358],[-41.23,-20.1308],[-41.2247,-20.1294],[-41.2257,-20.1219],[-41.2382,-20.1133],[-41.2518,-20.081],[-41.241,-20.0696],[-41.2333,-20.0515],[-41.2395,-20.0472],[-41.2454,-20.0341],[-41.2521,-20.0276],[-41.2518,-20.0217],[-41.2687,-20.0161],[-41.2696,-20.0059],[-41.2745,-19.9998],[-41.2624,-19.9627],[-41.2644,-19.957],[-41.2737,-19.9558],[-41.2749,-19.9492],[-41.271,-19.9417],[-41.2542,-19.9317],[-41.2485,-19.9375],[-41.2431,-19.9362],[-41.2322,-19.9185],[-41.2285,-19.9053],[-41.211,-19.9007],[-41.2047,-19.9026],[-41.1872,-19.8912]]]}},{"type":"Feature","properties":{"nome":"Águia Branca","cod":"3200136","uf":"ES"},"geometry":{"type":"Polygon","coordinates":[[[-40.8041,-18.845],[-40.7902,-18.8586],[-40.7762,-18.8585],[-40.7631,-18.8498],[-40.7528,-18.8431],[-40.7493,-18.8451],[-40.7444,-18.8428],[-40.7379,-18.8546],[-40.7326,-18.854],[-40.7285,-18.8592],[-40.7179,-18.857],[-40.712,-18.8691],[-40.7142,-18.8739],[-40.7227,-18.8755],[-40.7255,-18.8803],[-40.7368,-18.8787],[-40.7388,-18.8972],[-40.7388,-18.9069],[-40.7372,-18.9135],[-40.7417,-18.919],[-40.739,-18.9253],[-40.7412,-18.9288],[-40.7399,-18.9346],[-40.7343,-18.9375],[-40.7193,-18.9338],[-40.7112,-18.9403],[-40.7018,-18.9412],[-40.6988,-18.9304],[-40.677,-18.9337],[-40.6726,-18.9371],[-40.6736,-18.9446],[-40.668,-18.9477],[-40.6565,-18.9462],[-40.6438,-18.9649],[-40.6522,-18.9834],[-40.6412,-18.9805],[-40.6409,-18.9864],[-40.6341,-18.987],[-40.634,-18.9872],[-40.6453,-19.0123],[-40.6385,-19.0156],[-40.6351,-19.0284],[-40.6317,-19.0219],[-40.6216,-19.0211],[-40.6187,-19.0325],[-40.6156,-19.0411],[-40.609,-19.04],[-40.602,-19.0477],[-40.5836,-19.0477],[-40.573,-19.0527],[-40.5619,-19.0413],[-40.5555,-19.0453],[-40.5607,-19.0474],[-40.5776,-19.0678],[-40.5974,-19.0623],[-40.6164,-19.081],[-40.6386,-19.0863],[-40.6437,-19.0843],[-40.6479,-19.0882],[-40.6544,-19.0907],[-40.6591,-19.0994],[-40.6723,-19.0974],[-40.6835,-19.1042],[-40.6792,-19.1247],[-40.6891,-19.1313],[-40.6897,-19.1488],[-40.6905,-19.1382],[-40.7001,-19.1363],[-40.6885,-19.1274],[-40.6843,-19.1092],[-40.7091,-19.1084],[-40.7174,-19.0969],[-40.7151,-19.0802],[-40.7074,-19.0727],[-40.7012,-19.0787],[-40.7013,-19.0672],[-40.701,-19.0643],[-40.7089,-19.0576],[-40.7184,-19.0566],[-40.7252,-19.0509],[-40.7284,-19.0397],[-40.7285,-19.0392],[-40.7344,-19.0311],[-40.7414,-19.0301],[-40.7402,-19.0237],[-40.7513,-19.0121],[-40.7565,-18.9993],[-40.7615,-18.9956],[-40.7707,-18.9952],[-40.7832,-19.0099],[-40.7839,-19.021],[-40.7893,-19.0259],[-40.7955,-19.0258],[-40.8159,-19.0173],[-40.8266,-19.0174],[-40.8345,-19.0241],[-40.8518,-19.0224],[-40.8581,-19.0185],[-40.8572,-18.9606],[-40.8571,-18.9599],[-40.8567,-18.9399],[-40.8907,-18.9394],[-40.9045,-18.9391],[-40.8976,-18.9002],[-40.8973,-18.8954],[-40.8929,-18.9003],[-40.8835,-18.8953],[-40.8804,-18.8926],[-40.8599,-18.8959],[-40.8558,-18.875],[-40.8614,-18.8622],[-40.8561,-18.8585],[-40.8327,-18.857],[-40.8241,-18.8469],[-40.8129,-18.8421],[-40.8041,-18.845]]]}},{"type":"Feature","properties":{"nome":"Água Doce do Norte","cod":"3200169","uf":"ES"},"geometry":{"type":"Polygon","coordinates":[[[-41.0533,-18.3427],[-41.0414,-18.3607],[-41.0326,-18.3654],[-41.0389,-18.3728],[-41.0358,-18.3798],[-41.0402,-18.3821],[-41.0341,-18.3889],[-41.0266,-18.3862],[-41.0254,-18.3905],[-41.021,-18.3904],[-41.0102,-18.3793],[-41.0038,-18.3964],[-40.9981,-18.3919],[-40.9847,-18.4109],[-40.9763,-18.3976],[-40.9828,-18.3919],[-40.9663,-18.391],[-40.9575,-18.3827],[-40.9524,-18.3862],[-40.9433,-18.3906],[-40.9514,-18.3954],[-40.95,-18.4007],[-40.9424,-18.4049],[-40.9333,-18.396],[-40.9282,-18.407],[-40.924,-18.4156],[-40.9344,-18.4191],[-40.9353,-18.4225],[-40.9266,-18.4287],[-40.9295,-18.4321],[-40.9246,-18.4387],[-40.9194,-18.4552],[-40.9254,-18.4662],[-40.9232,-18.4823],[-40.9231,-18.4825],[-40.9155,-18.4925],[-40.9148,-18.5056],[-40.919,-18.5142],[-40.9171,-18.5218],[-40.9034,-18.5233],[-40.9015,-18.5298],[-40.9053,-18.5325],[-40.905,-18.5376],[-40.8957,-18.5383],[-40.9002,-18.5511],[-40.9095,-18.5471],[-40.9142,-18.5554],[-40.9199,-18.5581],[-40.919,-18.5615],[-40.9191,-18.563],[-40.9301,-18.5792],[-40.9256,-18.5919],[-40.912,-18.5983],[-40.9047,-18.6104],[-40.909,-18.6669],[-40.9033,-18.6698],[-40.9058,-18.6747],[-40.9029,-18.677],[-40.8987,-18.6889],[-40.9061,-18.6893],[-40.9151,-18.6842],[-40.9244,-18.6914],[-40.9268,-18.717],[-40.9332,-18.7219],[-40.9384,-18.7328],[-40.9399,-18.7351],[-40.9411,-18.6888],[-40.9517,-18.6804],[-40.9874,-18.6777],[-40.9885,-18.6727],[-40.9939,-18.6707],[-41.0048,-18.6668],[-41.0198,-18.6545],[-41.0318,-18.6522],[-41.0284,-18.6463],[-41.032,-18.6441],[-41.044,-18.6478],[-41.0412,-18.6393],[-41.0505,-18.6337],[-41.0527,-18.6282],[-41.0436,-18.6262],[-41.039,-18.6194],[-41.0326,-18.6183],[-41.0326,-18.6151],[-41.0333,-18.6061],[-41.0416,-18.6049],[-41.0301,-18.5495],[-41.0296,-18.5473],[-41.0256,-18.5277],[-41.0168,-18.4836],[-41.0155,-18.4763],[-41.0153,-18.4735],[-41.0153,-18.4719],[-41.0199,-18.4589],[-41.02,-18.4586],[-41.0235,-18.4567],[-41.0634,-18.4529],[-41.0886,-18.4504],[-41.1739,-18.4442],[-41.1817,-18.4388],[-41.1804,-18.4353],[-41.1663,-18.4147],[-41.1544,-18.4139],[-41.1468,-18.411],[-41.1439,-18.4048],[-41.1408,-18.4012],[-41.1224,-18.4082],[-41.1155,-18.4078],[-41.1135,-18.4021],[-41.0988,-18.4004],[-41.0953,-18.3895],[-41.0893,-18.3879],[-41.0864,-18.3812],[-41.0865,-18.3742],[-41.0777,-18.3732],[-41.0677,-18.3646],[-41.0677,-18.356],[-41.0622,-18.3523],[-41.056,-18.3531],[-41.0533,-18.3427]]]}},{"type":"Feature","properties":{"nome":"Alegre","cod":"3200201","uf":"ES"},"geometry":{"type":"Polygon","coordinates":[[[-41.5847,-20.5601],[-41.5806,-20.5692],[-41.572,-20.575],[-41.5632,-20.5748],[-41.5485,-20.565],[-41.5328,-20.562],[-41.526,-20.5491],[-41.519,-20.5463],[-41.4977,-20.5482],[-41.4948,-20.5514],[-41.5015,-20.554],[-41.4994,-20.5701],[-41.5026,-20.5729],[-41.496,-20.5948],[-41.4918,-20.5984],[-41.488,-20.599],[-41.4876,-20.6059],[-41.4753,-20.6062],[-41.4727,-20.5991],[-41.4766,-20.5983],[-41.4698,-20.5827],[-41.4617,-20.5802],[-41.4581,-20.5839],[-41.4502,-20.5796],[-41.4489,-20.5715],[-41.4379,-20.5614],[-41.4235,-20.5658],[-41.4145,-20.5728],[-41.4053,-20.5755],[-41.4056,-20.5824],[-41.3975,-20.5907],[-41.3993,-20.6038],[-41.3947,-20.6084],[-41.3912,-20.6104],[-41.3951,-20.6145],[-41.3906,-20.6239],[-41.38,-20.623],[-41.3739,-20.6288],[-41.3798,-20.6351],[-41.3721,-20.6478],[-41.384,-20.6589],[-41.3884,-20.6718],[-41.3829,-20.6857],[-41.3701,-20.6937],[-41.3601,-20.695],[-41.3619,-20.7013],[-41.3497,-20.7062],[-41.3535,-20.7092],[-41.3553,-20.7188],[-41.3614,-20.7208],[-41.3616,-20.7209],[-41.3704,-20.7206],[-41.3754,-20.73],[-41.3823,-20.7253],[-41.3841,-20.7365],[-41.3981,-20.7344],[-41.3991,-20.7344],[-41.4163,-20.7801],[-41.4272,-20.7836],[-41.4289,-20.79],[-41.4432,-20.796],[-41.445,-20.8013],[-41.4528,-20.8051],[-41.4548,-20.8125],[-41.4506,-20.8186],[-41.4549,-20.8204],[-41.4511,-20.8278],[-41.4537,-20.8337],[-41.459,-20.8374],[-41.4573,-20.8462],[-41.4608,-20.8508],[-41.4581,-20.856],[-41.4632,-20.8663],[-41.4566,-20.8707],[-41.4592,-20.8805],[-41.4526,-20.8914],[-41.4552,-20.8932],[-41.4625,-20.8942],[-41.4608,-20.9014],[-41.4704,-20.8967],[-41.4736,-20.8835],[-41.4857,-20.8845],[-41.4904,-20.8952],[-41.4985,-20.8959],[-41.5011,-20.9079],[-41.5153,-20.8982],[-41.5141,-20.8888],[-41.5209,-20.8837],[-41.5255,-20.8863],[-41.531,-20.8842],[-41.5386,-20.8832],[-41.547,-20.8896],[-41.56,-20.8908],[-41.5708,-20.9023],[-41.5747,-20.9101],[-41.5811,-20.9112],[-41.5868,-20.8977],[-41.5986,-20.8896],[-41.6024,-20.9004],[-41.6114,-20.9014],[-41.6157,-20.8975],[-41.6112,-20.8881],[-41.6279,-20.8618],[-41.624,-20.8577],[-41.6249,-20.8513],[-41.6178,-20.8434],[-41.6237,-20.8211],[-41.6216,-20.8133],[-41.6148,-20.8073],[-41.6163,-20.8018],[-41.6258,-20.8021],[-41.623,-20.7912],[-41.628,-20.7823],[-41.6304,-20.7764],[-41.6224,-20.7672],[-41.6179,-20.7629],[-41.618,-20.7533],[-41.6099,-20.75],[-41.6114,-20.7458],[-41.604,-20.7287],[-41.5952,-20.7274],[-41.5959,-20.7195],[-41.6035,-20.7068],[-41.612,-20.7047],[-41.6089,-20.6875],[-41.5993,-20.6835],[-41.5956,-20.677],[-41.6013,-20.6728],[-41.6,-20.6644],[-41.5973,-20.6626],[-41.6006,-20.6525],[-41.6102,-20.6458],[-41.6114,-20.6326],[-41.6073,-20.632],[-41.6034,-20.6311],[-41.6074,-20.6231],[-41.6144,-20.6198],[-41.618,-20.6253],[-41.6257,-20.6214],[-41.6242,-20.6159],[-41.6198,-20.6159],[-41.6241,-20.6082],[-41.6185,-20.6002],[-41.6303,-20.597],[-41.6378,-20.5883],[-41.634,-20.5802],[-41.6396,-20.572],[-41.6333,-20.5637],[-41.6188,-20.5653],[-41.6083,-20.5558],[-41.6072,-20.5484],[-41.6015,-20.5456],[-41.5975,-20.5491],[-41.5986,-20.5531],[-41.5913,-20.555],[-41.5921,-20.5605],[-41.5847,-20.5601]]]}},{"type":"Feature","properties":{"nome":"Alfredo Chaves","cod":"3200300","uf":"ES"},"geometry":{"type":"Polygon","coordinates":[[[-40.9616,-20.4298],[-40.9449,-20.4401],[-40.9385,-20.4367],[-40.9294,-20.437],[-40.9257,-20.4419],[-40.9194,-20.4426],[-40.919,-20.447],[-40.9118,-20.4492],[-40.904,-20.4581],[-40.9048,-20.4621],[-40.8699,-20.4649],[-40.8656,-20.4799],[-40.861,-20.4883],[-40.8552,-20.4916],[-40.8423,-20.4853],[-40.8356,-20.4879],[-40.831,-20.4843],[-40.8183,-20.4886],[-40.8135,-20.4821],[-40.8071,-20.4918],[-40.8102,-20.5017],[-40.8218,-20.5173],[-40.8157,-20.5233],[-40.7981,-20.5141],[-40.793,-20.5075],[-40.7868,-20.5096],[-40.7755,-20.4964],[-40.7695,-20.497],[-40.764,-20.4972],[-40.761,-20.5041],[-40.7483,-20.4929],[-40.7518,-20.4884],[-40.7408,-20.4808],[-40.7437,-20.4752],[-40.7369,-20.4743],[-40.7361,-20.4666],[-40.7288,-20.4625],[-40.7273,-20.4616],[-40.7235,-20.4577],[-40.7199,-20.4604],[-40.7099,-20.4595],[-40.711,-20.4504],[-40.7079,-20.4475],[-40.7154,-20.4413],[-40.7027,-20.4324],[-40.689,-20.4337],[-40.6837,-20.441],[-40.674,-20.4494],[-40.6607,-20.4491],[-40.658,-20.4601],[-40.6586,-20.4654],[-40.6638,-20.4624],[-40.6691,-20.4662],[-40.6754,-20.4653],[-40.6798,-20.474],[-40.6738,-20.4799],[-40.678,-20.4816],[-40.6768,-20.4848],[-40.6772,-20.4888],[-40.6825,-20.4875],[-40.6849,-20.4996],[-40.6912,-20.4985],[-40.6951,-20.5045],[-40.6925,-20.5115],[-40.6956,-20.5204],[-40.6913,-20.5245],[-40.7012,-20.5252],[-40.7025,-20.5362],[-40.6727,-20.5444],[-40.6705,-20.5512],[-40.6729,-20.5573],[-40.6759,-20.5541],[-40.681,-20.5565],[-40.6844,-20.5662],[-40.6815,-20.5785],[-40.6724,-20.5755],[-40.6691,-20.5945],[-40.6779,-20.5955],[-40.6892,-20.6052],[-40.6965,-20.6069],[-40.7043,-20.6135],[-40.7083,-20.6122],[-40.7145,-20.6222],[-40.7273,-20.6321],[-40.7262,-20.6462],[-40.7341,-20.6449],[-40.7386,-20.6477],[-40.741,-20.6447],[-40.7471,-20.6516],[-40.7459,-20.6573],[-40.7472,-20.658],[-40.7582,-20.6572],[-40.7702,-20.677],[-40.7679,-20.6998],[-40.7709,-20.7051],[-40.7844,-20.7027],[-40.8392,-20.6777],[-40.8427,-20.6791],[-40.8431,-20.6824],[-40.8387,-20.6876],[-40.8437,-20.6871],[-40.8567,-20.6854],[-40.881,-20.6712],[-40.8969,-20.6775],[-40.9067,-20.6871],[-40.9296,-20.6784],[-40.9341,-20.674],[-40.9306,-20.6697],[-40.9338,-20.6639],[-40.9255,-20.6476],[-40.9161,-20.6438],[-40.9141,-20.6371],[-40.9107,-20.6296],[-40.9093,-20.6225],[-40.9138,-20.6137],[-40.9332,-20.6009],[-40.9364,-20.5997],[-40.9439,-20.6063],[-40.9521,-20.6013],[-40.958,-20.6037],[-40.9621,-20.6017],[-40.9568,-20.5912],[-40.9683,-20.5763],[-40.9648,-20.5628],[-40.9579,-20.5624],[-40.9563,-20.5578],[-40.9588,-20.5547],[-40.9566,-20.5517],[-40.9644,-20.5442],[-40.9592,-20.5283],[-40.962,-20.5121],[-40.9583,-20.5096],[-40.9593,-20.4976],[-40.9673,-20.4934],[-40.9659,-20.4837],[-40.9725,-20.4793],[-40.9735,-20.4742],[-40.9696,-20.4736],[-40.9673,-20.4624],[-40.978,-20.4556],[-40.985,-20.4581],[-40.9856,-20.4473],[-40.9952,-20.441],[-40.9878,-20.4368],[-40.9808,-20.4337],[-40.961,-20.4355],[-40.9616,-20.4298]]]}},{"type":"Feature","properties":{"nome":"Alto Rio Novo","cod":"3200359","uf":"ES"},"geometry":{"type":"Polygon","coordinates":[[[-40.9045,-18.9391],[-40.9278,-18.9442],[-40.9467,-18.9438],[-40.9493,-18.9463],[-40.9445,-18.959],[-40.9503,-18.9903],[-40.9514,-19.0057],[-40.9394,-18.9983],[-40.9283,-18.9978],[-40.9181,-19.0098],[-40.9073,-19.0061],[-40.901,-19.0076],[-40.8951,-19.0038],[-40.8998,-19.0502],[-40.9029,-19.0524],[-40.9063,-19.0559],[-40.9107,-19.063],[-40.9207,-19.0653],[-40.9484,-19.079],[-40.9462,-19.088],[-40.9384,-19.0868],[-40.9377,-19.0915],[-40.9524,-19.1018],[-40.96,-19.1002],[-40.9643,-19.1104],[-40.9625,-19.1211],[-40.9692,-19.1224],[-40.9731,-19.115],[-40.9843,-19.1074],[-40.9844,-19.1002],[-40.9986,-19.1005],[-41.0093,-19.0974],[-41.0041,-19.0832],[-41.0146,-19.0913],[-41.0122,-19.0753],[-41.0189,-19.0749],[-41.025,-19.0795],[-41.0351,-19.0711],[-41.0535,-19.0684],[-41.0528,-19.0587],[-41.0605,-19.0556],[-41.0652,-19.0509],[-41.0627,-19.0388],[-41.0714,-19.0234],[-41.0655,-19.0159],[-41.0663,-19.006],[-41.0525,-19.0001],[-41.0318,-18.9904],[-41.0218,-18.9819],[-41.0169,-18.9788],[-41.0176,-18.973],[-41.0307,-18.9743],[-41.0336,-18.9793],[-41.0402,-18.9802],[-41.0514,-18.9736],[-41.051,-18.9657],[-41.0611,-18.9672],[-41.0645,-18.9506],[-41.0645,-18.9446],[-41.0577,-18.9443],[-40.9989,-18.9423],[-40.9251,-18.9398],[-40.9045,-18.9391]]]}},{"type":"Feature","properties":{"nome":"Anchieta","cod":"3200409","uf":"ES"},"geometry":{"type":"Polygon","coordinates":[[[-40.6428,-20.5588],[-40.6445,-20.5849],[-40.6449,-20.5856],[-40.647,-20.6171],[-40.6476,-20.6277],[-40.6358,-20.6508],[-40.5846,-20.7416],[-40.5758,-20.7569],[-40.5706,-20.7659],[-40.577,-20.7783],[-40.577,-20.7905],[-40.5828,-20.7989],[-40.581,-20.8025],[-40.5864,-20.8064],[-40.5895,-20.802],[-40.6073,-20.8053],[-40.62,-20.8324],[-40.6278,-20.8413],[-40.6312,-20.8407],[-40.6333,-20.8289],[-40.6285,-20.819],[-40.6355,-20.8123],[-40.6489,-20.8069],[-40.6656,-20.812],[-40.6659,-20.8162],[-40.6713,-20.8175],[-40.6724,-20.8211],[-40.6828,-20.8226],[-40.6826,-20.8263],[-40.6904,-20.8278],[-40.6932,-20.8343],[-40.7008,-20.8342],[-40.7071,-20.8309],[-40.7091,-20.8279],[-40.7104,-20.8205],[-40.7213,-20.818],[-40.7296,-20.8055],[-40.7352,-20.8069],[-40.7417,-20.8032],[-40.7481,-20.7985],[-40.7509,-20.7874],[-40.7696,-20.788],[-40.7752,-20.7729],[-40.7708,-20.769],[-40.7738,-20.7639],[-40.7799,-20.7634],[-40.7759,-20.7563],[-40.7837,-20.7485],[-40.8045,-20.7553],[-40.8103,-20.7503],[-40.8069,-20.7414],[-40.8071,-20.7364],[-40.7945,-20.7245],[-40.7927,-20.7153],[-40.7965,-20.7127],[-40.8057,-20.7164],[-40.8275,-20.6906],[-40.8334,-20.6914],[-40.8387,-20.6876],[-40.8431,-20.6824],[-40.8427,-20.6791],[-40.8392,-20.6777],[-40.7844,-20.7027],[-40.7709,-20.7051],[-40.7679,-20.6998],[-40.7702,-20.677],[-40.7582,-20.6572],[-40.7472,-20.658],[-40.7459,-20.6573],[-40.7471,-20.6516],[-40.741,-20.6447],[-40.7386,-20.6477],[-40.7341,-20.6449],[-40.7262,-20.6462],[-40.7273,-20.6321],[-40.7145,-20.6222],[-40.7083,-20.6122],[-40.7043,-20.6135],[-40.6965,-20.6069],[-40.6892,-20.6052],[-40.6779,-20.5955],[-40.6691,-20.5945],[-40.6724,-20.5755],[-40.6815,-20.5785],[-40.6725,-20.5738],[-40.677,-20.5661],[-40.6668,-20.558],[-40.6472,-20.5462],[-40.6395,-20.5468],[-40.6377,-20.5506],[-40.6428,-20.5588]]]}},{"type":"Feature","properties":{"nome":"Apiacá","cod":"3200508","uf":"ES"},"geometry":{"type":"Polygon","coordinates":[[[-41.5716,-20.9572],[-41.545,-20.9668],[-41.5405,-20.9652],[-41.5232,-20.9633],[-41.5207,-20.9701],[-41.5215,-20.9817],[-41.5134,-20.9862],[-41.5092,-20.9853],[-41.5069,-20.9907],[-41.4996,-20.9895],[-41.4966,-20.9973],[-41.5039,-21.0035],[-41.5049,-21.017],[-41.5106,-21.0227],[-41.5077,-21.0478],[-41.5153,-21.057],[-41.5152,-21.0643],[-41.5058,-21.0703],[-41.5032,-21.0781],[-41.5118,-21.0879],[-41.507,-21.0935],[-41.5126,-21.1058],[-41.5071,-21.109],[-41.4949,-21.1087],[-41.4955,-21.1264],[-41.5055,-21.1409],[-41.5009,-21.1453],[-41.5047,-21.1478],[-41.5222,-21.1456],[-41.5451,-21.1479],[-41.5486,-21.1552],[-41.5539,-21.156],[-41.5608,-21.1626],[-41.5582,-21.1724],[-41.5653,-21.1822],[-41.5695,-21.1791],[-41.5703,-21.1708],[-41.582,-21.1661],[-41.5869,-21.1491],[-41.592,-21.1489],[-41.6056,-21.1541],[-41.6075,-21.1545],[-41.6131,-21.1551],[-41.6159,-21.1509],[-41.6285,-21.144],[-41.6385,-21.1459],[-41.6455,-21.1431],[-41.6253,-21.1174],[-41.6108,-21.1071],[-41.6033,-21.1075],[-41.5908,-21.0934],[-41.5892,-21.0867],[-41.5715,-21.0763],[-41.5744,-21.0697],[-41.5846,-21.065],[-41.583,-21.061],[-41.5872,-21.0556],[-41.5739,-21.0395],[-41.5717,-21.0234],[-41.5851,-21.0151],[-41.5878,-21.0077],[-41.5923,-21.0078],[-41.582,-20.99],[-41.5818,-20.978],[-41.5839,-20.9695],[-41.5799,-20.9613],[-41.5716,-20.9572]]]}},{"type":"Feature","properties":{"nome":"Aracruz","cod":"3200607","uf":"ES"},"geometry":{"type":"Polygon","coordinates":[[[-40.1664,-19.5529],[-40.145,-19.5564],[-40.1406,-19.5555],[-40.1384,-19.5509],[-40.1236,-19.5506],[-40.1114,-19.5528],[-40.0861,-19.5645],[-40.0752,-19.5783],[-40.0648,-19.5848],[-40.0492,-19.5841],[-40.0312,-19.6058],[-39.9351,-19.6705],[-39.9156,-19.6836],[-39.9113,-19.6865],[-39.9301,-19.6987],[-39.973,-19.7306],[-40.0039,-19.7574],[-40.0458,-19.802],[-40.0558,-19.8174],[-40.0574,-19.8332],[-40.0631,-19.8525],[-40.0786,-19.8735],[-40.0858,-19.8826],[-40.0869,-19.893],[-40.0915,-19.8945],[-40.09,-19.9003],[-40.0972,-19.9044],[-40.0987,-19.9184],[-40.118,-19.9315],[-40.1308,-19.9358],[-40.1393,-19.9487],[-40.1393,-19.9556],[-40.1301,-19.9686],[-40.1365,-19.9697],[-40.1415,-19.9855],[-40.1467,-19.9897],[-40.1474,-20.0064],[-40.1537,-20.0132],[-40.1642,-20.0091],[-40.1697,-20.0151],[-40.1775,-20.0134],[-40.1881,-20.012],[-40.2194,-20.0032],[-40.2385,-20.0092],[-40.2513,-20.0009],[-40.2594,-20.0096],[-40.2658,-20.0097],[-40.2661,-20.0036],[-40.2691,-20.0025],[-40.268,-19.9944],[-40.2711,-19.9904],[-40.2774,-19.9899],[-40.2811,-19.9768],[-40.3029,-19.9709],[-40.3045,-19.9621],[-40.3086,-19.9592],[-40.3094,-19.9509],[-40.3154,-19.9483],[-40.3123,-19.943],[-40.3214,-19.9432],[-40.3312,-19.9327],[-40.332,-19.9057],[-40.3375,-19.9028],[-40.3456,-19.9068],[-40.3463,-19.8519],[-40.3467,-19.8197],[-40.3467,-19.815],[-40.3469,-19.802],[-40.3471,-19.7826],[-40.3473,-19.7791],[-40.3477,-19.7564],[-40.348,-19.7307],[-40.3482,-19.7179],[-40.3483,-19.706],[-40.3414,-19.7049],[-40.3483,-19.7012],[-40.3523,-19.6939],[-40.3498,-19.6748],[-40.3487,-19.6664],[-40.3442,-19.6521],[-40.3329,-19.6417],[-40.3043,-19.6613],[-40.3086,-19.6479],[-40.2881,-19.6348],[-40.2894,-19.6242],[-40.2724,-19.6227],[-40.2667,-19.6098],[-40.2578,-19.6058],[-40.2552,-19.5977],[-40.2391,-19.5935],[-40.2271,-19.5839],[-40.2149,-19.5836],[-40.2089,-19.5851],[-40.2004,-19.5772],[-40.1988,-19.5711],[-40.192,-19.5704],[-40.1911,-19.566],[-40.1841,-19.5615],[-40.1756,-19.56],[-40.1693,-19.5581],[-40.1664,-19.5529]]]}},{"type":"Feature","properties":{"nome":"Atilio Vivacqua","cod":"3200706","uf":"ES"},"geometry":{"type":"Polygon","coordinates":[[[-41.2411,-20.8793],[-41.233,-20.8841],[-41.222,-20.8812],[-41.2213,-20.8876],[-41.214,-20.8897],[-41.2028,-20.8826],[-41.2005,-20.88],[-41.1957,-20.8829],[-41.1926,-20.8958],[-41.1891,-20.891],[-41.1829,-20.8959],[-41.1757,-20.8957],[-41.1648,-20.8998],[-41.1581,-20.8925],[-41.158,-20.8924],[-41.1504,-20.8931],[-41.1445,-20.8992],[-41.1452,-20.9049],[-41.137,-20.9081],[-41.1329,-20.9296],[-41.121,-20.9317],[-41.1238,-20.939],[-41.1182,-20.9437],[-41.1249,-20.9554],[-41.1177,-20.9617],[-41.1191,-20.9665],[-41.1111,-20.9687],[-41.112,-20.9753],[-41.1074,-20.9736],[-41.1025,-20.9789],[-41.1082,-20.9827],[-41.1111,-20.9935],[-41.1002,-21.0054],[-41.1018,-21.0134],[-41.1132,-21.0151],[-41.1165,-21.0132],[-41.1264,-21.0134],[-41.1314,-21.0297],[-41.1407,-21.0331],[-41.1433,-21.038],[-41.1503,-21.0389],[-41.153,-21.0452],[-41.1488,-21.0495],[-41.1547,-21.0512],[-41.1533,-21.0552],[-41.1591,-21.0598],[-41.1761,-21.0628],[-41.1856,-21.0687],[-41.1939,-21.0612],[-41.197,-21.0511],[-41.2034,-21.0482],[-41.2225,-21.019],[-41.2282,-21.0062],[-41.22,-20.9869],[-41.2235,-20.9852],[-41.223,-20.9745],[-41.2281,-20.967],[-41.2517,-20.9587],[-41.2572,-20.9535],[-41.2692,-20.9521],[-41.2772,-20.9576],[-41.2861,-20.95],[-41.2767,-20.9432],[-41.278,-20.9324],[-41.2775,-20.9278],[-41.2724,-20.9251],[-41.2654,-20.903],[-41.2579,-20.8983],[-41.264,-20.892],[-41.2645,-20.8865],[-41.2588,-20.8771],[-41.2449,-20.868],[-41.2411,-20.8793]]]}},{"type":"Feature","properties":{"nome":"Baixo Guandu","cod":"3200805","uf":"ES"},"geometry":{"type":"Polygon","coordinates":[[[-40.935,-19.2222],[-40.9096,-19.2359],[-40.8763,-19.2333],[-40.875,-19.239],[-40.8809,-19.2427],[-40.8887,-19.2411],[-40.8905,-19.2503],[-40.8715,-19.2609],[-40.8622,-19.2734],[-40.8578,-19.2852],[-40.8658,-19.2933],[-40.8618,-19.3059],[-40.8724,-19.3112],[-40.8814,-19.3289],[-40.882,-19.332],[-40.8764,-19.3343],[-40.8639,-19.3302],[-40.8573,-19.322],[-40.8501,-19.3335],[-40.8299,-19.3373],[-40.8263,-19.3544],[-40.8195,-19.3573],[-40.8214,-19.3718],[-40.8465,-19.3784],[-40.8506,-19.3955],[-40.8575,-19.3982],[-40.8563,-19.4091],[-40.8596,-19.4213],[-40.8707,-19.4247],[-40.8675,-19.4326],[-40.8849,-19.4483],[-40.877,-19.4565],[-40.878,-19.4629],[-40.8737,-19.4641],[-40.8771,-19.4662],[-40.8762,-19.4761],[-40.8697,-19.4782],[-40.8627,-19.4756],[-40.8434,-19.4763],[-40.8392,-19.4793],[-40.836,-19.4925],[-40.8416,-19.5001],[-40.8551,-19.5077],[-40.8543,-19.5103],[-40.8249,-19.5234],[-40.8192,-19.5305],[-40.8256,-19.5331],[-40.8298,-19.5474],[-40.828,-19.5607],[-40.8331,-19.5674],[-40.8441,-19.5669],[-40.8455,-19.5648],[-40.8408,-19.5605],[-40.8495,-19.5583],[-40.8657,-19.5712],[-40.8759,-19.5737],[-40.8828,-19.5909],[-40.8916,-19.5929],[-40.8983,-19.5986],[-40.9119,-19.5988],[-40.9213,-19.603],[-40.9211,-19.6068],[-40.929,-19.6111],[-40.9301,-19.6166],[-40.9381,-19.617],[-40.932,-19.6216],[-40.934,-19.6257],[-40.9277,-19.6313],[-40.9363,-19.6409],[-40.9347,-19.6526],[-40.9286,-19.6719],[-40.925,-19.6761],[-40.9266,-19.6879],[-40.9208,-19.6948],[-40.9292,-19.6952],[-40.9362,-19.7068],[-40.9432,-19.71],[-40.9461,-19.7283],[-40.9596,-19.7292],[-40.9688,-19.7248],[-40.9741,-19.7275],[-40.9803,-19.7348],[-40.9801,-19.7442],[-40.9815,-19.7558],[-40.9908,-19.7592],[-40.9928,-19.7856],[-40.9966,-19.7897],[-40.9923,-19.8034],[-41.0106,-19.8044],[-41.0173,-19.7852],[-41.0221,-19.7813],[-41.036,-19.7913],[-41.0457,-19.7771],[-41.0544,-19.7758],[-41.0525,-19.7688],[-41.0472,-19.7688],[-41.0423,-19.7631],[-41.0537,-19.7615],[-41.0539,-19.7616],[-41.0686,-19.7758],[-41.0741,-19.7732],[-41.0963,-19.7866],[-41.1014,-19.7827],[-41.1101,-19.7848],[-41.1114,-19.7932],[-41.1152,-19.794],[-41.1246,-19.7881],[-41.1222,-19.7796],[-41.1264,-19.7715],[-41.1342,-19.7732],[-41.1483,-19.7664],[-41.1545,-19.7591],[-41.1589,-19.764],[-41.1667,-19.7624],[-41.1735,-19.762],[-41.1745,-19.7666],[-41.1874,-19.7576],[-41.1905,-19.7464],[-41.1791,-19.7396],[-41.1816,-19.7317],[-41.1786,-19.7195],[-41.1739,-19.7152],[-41.1773,-19.7028],[-41.1713,-19.6924],[-41.1735,-19.6876],[-41.1681,-19.6717],[-41.1586,-19.6609],[-41.1486,-19.6634],[-41.1382,-19.6582],[-41.1291,-19.6423],[-41.1236,-19.6398],[-41.1192,-19.6391],[-41.1141,-19.6414],[-41.1082,-19.639],[-41.0989,-19.6037],[-41.0923,-19.6014],[-41.0905,-19.5959],[-41.0787,-19.5978],[-41.0729,-19.5975],[-41.0715,-19.5839],[-41.0559,-19.5843],[-41.0571,-19.5778],[-41.0359,-19.568],[-41.0362,-19.5562],[-41.0446,-19.5381],[-41.0408,-19.5242],[-41.0405,-19.5154],[-41.0493,-19.5025],[-41.0454,-19.4874],[-41.028,-19.4982],[-41.0199,-19.5036],[-41.009,-19.5068],[-41.0047,-19.507],[-41.0046,-19.507],[-40.9879,-19.5075],[-40.9709,-19.5033],[-40.9708,-19.4941],[-40.9629,-19.4828],[-40.9532,-19.473],[-40.9489,-19.4727],[-40.951,-19.4652],[-40.9445,-19.4596],[-40.9574,-19.4494],[-40.9584,-19.4395],[-40.9676,-19.4249],[-40.9601,-19.4188],[-40.9618,-19.4079],[-40.9568,-19.3984],[-40.9281,-19.3814],[-40.9314,-19.3729],[-40.9277,-19.3682],[-40.9392,-19.3582],[-40.9385,-19.3477],[-40.9281,-19.3293],[-40.9217,-19.3285],[-40.9199,-19.3187],[-40.9143,-19.3177],[-40.9079,-19.306],[-40.9141,-19.3003],[-40.9242,-19.302],[-40.9309,-19.2994],[-40.9324,-19.2956],[-40.9277,-19.2856],[-40.938,-19.2859],[-40.9441,-19.2791],[-40.9345,-19.2713],[-40.9196,-19.2709],[-40.9168,-19.2564],[-40.9198,-19.2513],[-40.9307,-19.2507],[-40.9383,-19.2489],[-40.9326,-19.2421],[-40.9418,-19.2333],[-40.9412,-19.2296],[-40.935,-19.2222]]]}},{"type":"Feature","properties":{"nome":"Barra de São Francisco","cod":"3200904","uf":"ES"},"geometry":{"type":"Polygon","coordinates":[[[-40.885,-18.4317],[-40.8768,-18.4316],[-40.8726,-18.4277],[-40.8621,-18.4319],[-40.8553,-18.4339],[-40.8493,-18.4337],[-40.8528,-18.4469],[-40.8485,-18.4496],[-40.8484,-18.4551],[-40.8545,-18.4594],[-40.8462,-18.4824],[-40.8474,-18.4938],[-40.8426,-18.4926],[-40.8422,-18.4972],[-40.8306,-18.4998],[-40.8128,-18.4967],[-40.8041,-18.4937],[-40.7876,-18.4918],[-40.7914,-18.4821],[-40.7891,-18.4797],[-40.7691,-18.4848],[-40.7662,-18.4869],[-40.7571,-18.4931],[-40.751,-18.468],[-40.7301,-18.4646],[-40.723,-18.4678],[-40.7207,-18.477],[-40.7141,-18.481],[-40.7104,-18.4913],[-40.6987,-18.5062],[-40.6922,-18.5035],[-40.6785,-18.5117],[-40.6729,-18.5084],[-40.6677,-18.5118],[-40.6521,-18.511],[-40.652,-18.5126],[-40.6539,-18.5169],[-40.66,-18.518],[-40.6727,-18.5244],[-40.6692,-18.5293],[-40.6804,-18.5319],[-40.6901,-18.5466],[-40.7037,-18.5568],[-40.7048,-18.5623],[-40.7141,-18.5655],[-40.719,-18.5625],[-40.7283,-18.5689],[-40.7378,-18.5689],[-40.7501,-18.5762],[-40.7597,-18.5765],[-40.7655,-18.5813],[-40.7699,-18.5939],[-40.7798,-18.5973],[-40.7875,-18.5959],[-40.7967,-18.5866],[-40.8006,-18.583],[-40.8036,-18.586],[-40.8026,-18.5913],[-40.794,-18.5968],[-40.7969,-18.6049],[-40.7895,-18.6203],[-40.78,-18.6198],[-40.7745,-18.6132],[-40.7656,-18.6126],[-40.7607,-18.6085],[-40.7647,-18.6053],[-40.7644,-18.5932],[-40.746,-18.6011],[-40.747,-18.5946],[-40.7379,-18.5876],[-40.7307,-18.5891],[-40.7273,-18.6006],[-40.7216,-18.602],[-40.7219,-18.6085],[-40.7218,-18.626],[-40.7294,-18.6593],[-40.7231,-18.6774],[-40.7146,-18.6783],[-40.7152,-18.6817],[-40.7083,-18.6839],[-40.702,-18.6809],[-40.6864,-18.6835],[-40.6836,-18.6867],[-40.7072,-18.6887],[-40.7098,-18.695],[-40.7058,-18.7033],[-40.7195,-18.7022],[-40.7235,-18.705],[-40.7076,-18.7147],[-40.7188,-18.7234],[-40.7139,-18.7358],[-40.7182,-18.7402],[-40.7192,-18.7566],[-40.7323,-18.771],[-40.7389,-18.7682],[-40.7483,-18.7702],[-40.7536,-18.7752],[-40.7579,-18.7927],[-40.772,-18.7947],[-40.7742,-18.8019],[-40.7661,-18.8185],[-40.769,-18.821],[-40.7751,-18.8175],[-40.7762,-18.8293],[-40.7727,-18.8324],[-40.7677,-18.8347],[-40.7567,-18.8321],[-40.7631,-18.8498],[-40.7762,-18.8585],[-40.7902,-18.8586],[-40.8041,-18.845],[-40.8129,-18.8421],[-40.8241,-18.8469],[-40.8327,-18.857],[-40.8561,-18.8585],[-40.8614,-18.8622],[-40.8558,-18.875],[-40.8599,-18.8959],[-40.8804,-18.8926],[-40.8835,-18.8953],[-40.8929,-18.9003],[-40.8973,-18.8954],[-40.8976,-18.9002],[-40.9555,-18.8714],[-40.989,-18.8547],[-41.025,-18.8367],[-41.0187,-18.8368],[-40.9635,-18.8407],[-40.9627,-18.8357],[-40.9507,-18.8342],[-40.9466,-18.8255],[-40.9415,-18.8256],[-40.9376,-18.8312],[-40.9299,-18.824],[-40.9275,-18.8192],[-40.9164,-18.8151],[-40.9163,-18.8095],[-40.9216,-18.7968],[-40.9282,-18.7925],[-40.9262,-18.7877],[-40.9382,-18.772],[-40.9396,-18.7698],[-40.9399,-18.7351],[-40.9384,-18.7328],[-40.9332,-18.7219],[-40.9268,-18.717],[-40.9244,-18.6914],[-40.9151,-18.6842],[-40.9061,-18.6893],[-40.8987,-18.6889],[-40.9029,-18.677],[-40.9058,-18.6747],[-40.9033,-18.6698],[-40.909,-18.6669],[-40.9047,-18.6104],[-40.912,-18.5983],[-40.9256,-18.5919],[-40.9301,-18.5792],[-40.9191,-18.563],[-40.919,-18.5615],[-40.9199,-18.5581],[-40.9142,-18.5554],[-40.9095,-18.5471],[-40.9002,-18.5511],[-40.8957,-18.5383],[-40.905,-18.5376],[-40.9053,-18.5325],[-40.9015,-18.5298],[-40.9034,-18.5233],[-40.9171,-18.5218],[-40.919,-18.5142],[-40.9148,-18.5056],[-40.9155,-18.4925],[-40.9231,-18.4825],[-40.9232,-18.4823],[-40.9254,-18.4662],[-40.9194,-18.4552],[-40.9246,-18.4387],[-40.9042,-18.425],[-40.8995,-18.4323],[-40.885,-18.4317]]]}},{"type":"Feature","properties":{"nome":"Boa Esperança","cod":"3201001","uf":"ES"},"geometry":{"type":"Polygon","coordinates":[[[-40.4856,-18.3658],[-40.4727,-18.3746],[-40.4639,-18.3726],[-40.4555,-18.3753],[-40.4425,-18.3623],[-40.4305,-18.3619],[-40.4303,-18.362],[-40.4011,-18.3855],[-40.3952,-18.3813],[-40.3811,-18.3818],[-40.3691,-18.3766],[-40.3542,-18.379],[-40.3318,-18.3981],[-40.3213,-18.4237],[-40.3193,-18.4362],[-40.3055,-18.4458],[-40.3073,-18.456],[-40.2945,-18.471],[-40.2896,-18.4831],[-40.2828,-18.4837],[-40.269,-18.4944],[-40.2585,-18.4947],[-40.2509,-18.495],[-40.2351,-18.4947],[-40.2179,-18.4901],[-40.2007,-18.4846],[-40.1849,-18.4722],[-40.1744,-18.4704],[-40.1585,-18.4733],[-40.1372,-18.4842],[-40.1232,-18.4873],[-40.1499,-18.5085],[-40.1578,-18.5096],[-40.1648,-18.5178],[-40.1619,-18.5354],[-40.1649,-18.5435],[-40.2096,-18.5719],[-40.2111,-18.5819],[-40.2185,-18.5772],[-40.221,-18.5851],[-40.2248,-18.5793],[-40.2317,-18.5819],[-40.24,-18.5801],[-40.2387,-18.5764],[-40.2461,-18.5683],[-40.2546,-18.5661],[-40.2655,-18.5705],[-40.2628,-18.5758],[-40.2743,-18.5771],[-40.2774,-18.5738],[-40.284,-18.5766],[-40.2906,-18.5735],[-40.2983,-18.5749],[-40.3007,-18.5723],[-40.3067,-18.5766],[-40.3156,-18.5745],[-40.331,-18.5805],[-40.3379,-18.5695],[-40.3317,-18.5599],[-40.3349,-18.5592],[-40.3392,-18.5562],[-40.3479,-18.5477],[-40.3523,-18.5492],[-40.3575,-18.5454],[-40.3693,-18.5514],[-40.3699,-18.545],[-40.3831,-18.5385],[-40.3901,-18.544],[-40.4203,-18.5411],[-40.426,-18.525],[-40.4152,-18.5156],[-40.4268,-18.5038],[-40.4325,-18.4986],[-40.4406,-18.5011],[-40.4493,-18.4944],[-40.4492,-18.4888],[-40.4564,-18.4852],[-40.4525,-18.475],[-40.4534,-18.4663],[-40.4605,-18.4604],[-40.4579,-18.456],[-40.4503,-18.454],[-40.4654,-18.4343],[-40.4481,-18.4196],[-40.4507,-18.4135],[-40.4514,-18.4054],[-40.4985,-18.3551],[-40.4885,-18.353],[-40.4856,-18.3658]]]}},{"type":"Feature","properties":{"nome":"Bom Jesus do Norte","cod":"3201100","uf":"ES"},"geometry":{"type":"Polygon","coordinates":[[[-41.5851,-21.0151],[-41.5717,-21.0234],[-41.5739,-21.0395],[-41.5872,-21.0556],[-41.583,-21.061],[-41.5846,-21.065],[-41.5744,-21.0697],[-41.5715,-21.0763],[-41.5892,-21.0867],[-41.5908,-21.0934],[-41.6033,-21.1075],[-41.6108,-21.1071],[-41.6253,-21.1174],[-41.6455,-21.1431],[-41.6537,-21.1425],[-41.6531,-21.1369],[-41.6645,-21.1322],[-41.6623,-21.1246],[-41.6712,-21.1265],[-41.676,-21.1332],[-41.6788,-21.1314],[-41.6775,-21.1252],[-41.6818,-21.1206],[-41.6879,-21.1214],[-41.6908,-21.1162],[-41.6953,-21.1149],[-41.7053,-21.1203],[-41.7042,-21.1267],[-41.7181,-21.1232],[-41.7175,-21.1158],[-41.7048,-21.1107],[-41.7075,-21.1067],[-41.7167,-21.105],[-41.7093,-21.0908],[-41.7021,-21.0926],[-41.6923,-21.0864],[-41.6817,-21.0908],[-41.6698,-21.0705],[-41.6532,-21.0851],[-41.6384,-21.0738],[-41.6326,-21.0731],[-41.6292,-21.0571],[-41.6218,-21.0546],[-41.6162,-21.0388],[-41.6181,-21.0359],[-41.6132,-21.0327],[-41.6085,-21.0241],[-41.6067,-21.0192],[-41.5974,-21.0197],[-41.5923,-21.0078],[-41.5878,-21.0077],[-41.5851,-21.0151]]]}},{"type":"Feature","properties":{"nome":"Brejetuba","cod":"3201159","uf":"ES"},"geometry":{"type":"Polygon","coordinates":[[[-41.2287,-20.1416],[-41.2298,-20.1606],[-41.2309,-20.163],[-41.2411,-20.1566],[-41.2454,-20.1613],[-41.2464,-20.1761],[-41.2515,-20.1836],[-41.2421,-20.1985],[-41.241,-20.2083],[-41.2541,-20.2065],[-41.2565,-20.2125],[-41.2435,-20.217],[-41.2354,-20.2281],[-41.2365,-20.2412],[-41.2318,-20.2584],[-41.2422,-20.2644],[-41.2368,-20.2761],[-41.2391,-20.2776],[-41.2493,-20.2789],[-41.2517,-20.2731],[-41.2563,-20.2739],[-41.2642,-20.2687],[-41.2661,-20.2645],[-41.2566,-20.2637],[-41.257,-20.255],[-41.2673,-20.2497],[-41.2676,-20.2411],[-41.273,-20.2335],[-41.2796,-20.2344],[-41.2811,-20.2415],[-41.2865,-20.2426],[-41.2922,-20.2386],[-41.2894,-20.2338],[-41.3013,-20.2293],[-41.3088,-20.2423],[-41.2948,-20.2516],[-41.298,-20.2551],[-41.2948,-20.2584],[-41.3013,-20.2618],[-41.3047,-20.27],[-41.312,-20.2671],[-41.3236,-20.2498],[-41.3297,-20.2474],[-41.3344,-20.2434],[-41.3476,-20.243],[-41.3507,-20.2355],[-41.3451,-20.2276],[-41.3381,-20.2247],[-41.3435,-20.2212],[-41.3397,-20.2151],[-41.348,-20.2053],[-41.3443,-20.2004],[-41.3492,-20.1986],[-41.3544,-20.1984],[-41.3756,-20.2042],[-41.3758,-20.2174],[-41.3809,-20.223],[-41.3958,-20.2207],[-41.3926,-20.2263],[-41.3992,-20.2343],[-41.4103,-20.2302],[-41.4161,-20.2168],[-41.4146,-20.2085],[-41.4107,-20.2069],[-41.4109,-20.1998],[-41.4073,-20.1969],[-41.4013,-20.1987],[-41.3817,-20.1883],[-41.377,-20.1752],[-41.3737,-20.1677],[-41.3755,-20.1615],[-41.3674,-20.1564],[-41.3615,-20.1416],[-41.3554,-20.1386],[-41.3561,-20.133],[-41.3471,-20.1234],[-41.3505,-20.1187],[-41.3487,-20.1126],[-41.3436,-20.0996],[-41.3448,-20.0896],[-41.3371,-20.0865],[-41.3352,-20.065],[-41.3315,-20.0627],[-41.3332,-20.0584],[-41.3238,-20.0519],[-41.3195,-20.0439],[-41.3195,-20.0438],[-41.3169,-20.0265],[-41.3087,-20.0159],[-41.3073,-20.0082],[-41.3084,-19.9966],[-41.3134,-19.9894],[-41.3195,-19.9781],[-41.3112,-19.9712],[-41.3075,-19.9479],[-41.299,-19.9366],[-41.271,-19.9417],[-41.2749,-19.9492],[-41.2737,-19.9558],[-41.2644,-19.957],[-41.2624,-19.9627],[-41.2745,-19.9998],[-41.2696,-20.0059],[-41.2687,-20.0161],[-41.2518,-20.0217],[-41.2521,-20.0276],[-41.2454,-20.0341],[-41.2395,-20.0472],[-41.2333,-20.0515],[-41.241,-20.0696],[-41.2518,-20.081],[-41.2382,-20.1133],[-41.2257,-20.1219],[-41.2247,-20.1294],[-41.23,-20.1308],[-41.2314,-20.1358],[-41.2287,-20.1416]]]}},{"type":"Feature","properties":{"nome":"Cachoeiro de Itapemirim","cod":"3201209","uf":"ES"},"geometry":{"type":"Polygon","coordinates":[[[-41.3233,-20.619],[-41.32,-20.6356],[-41.3046,-20.6514],[-41.2959,-20.6495],[-41.2914,-20.6422],[-41.2843,-20.649],[-41.2785,-20.6499],[-41.2755,-20.6538],[-41.2659,-20.655],[-41.2542,-20.6621],[-41.2497,-20.6626],[-41.2049,-20.6711],[-41.1956,-20.6726],[-41.1848,-20.6686],[-41.1806,-20.666],[-41.1792,-20.6566],[-41.1758,-20.6523],[-41.171,-20.6515],[-41.1658,-20.6444],[-41.1501,-20.6425],[-41.1463,-20.6372],[-41.134,-20.6286],[-41.1319,-20.6149],[-41.1238,-20.615],[-41.115,-20.6173],[-41.0957,-20.6093],[-41.0852,-20.6161],[-41.0691,-20.6238],[-41.0547,-20.6287],[-41.0549,-20.6313],[-41.0608,-20.6399],[-41.0652,-20.6408],[-41.0661,-20.6484],[-41.0685,-20.6579],[-41.0834,-20.6812],[-41.0876,-20.6957],[-41.0838,-20.7044],[-41.0835,-20.7081],[-41.0807,-20.7149],[-41.0671,-20.7122],[-41.0651,-20.7204],[-41.0687,-20.7243],[-41.0716,-20.7258],[-41.0623,-20.7331],[-41.0513,-20.7515],[-41.0371,-20.7541],[-41.0323,-20.7577],[-41.0361,-20.7667],[-41.0394,-20.7673],[-41.0455,-20.7871],[-41.043,-20.7961],[-41.0383,-20.7877],[-41.019,-20.7885],[-41.0169,-20.7947],[-41.0229,-20.8155],[-41.0157,-20.8232],[-41.0328,-20.852],[-41.0258,-20.8577],[-41.0167,-20.8587],[-41.0118,-20.8655],[-40.9908,-20.869],[-41.0233,-20.8689],[-41.0251,-20.8689],[-41.0295,-20.8689],[-41.0395,-20.8688],[-41.0514,-20.8755],[-41.0575,-20.8924],[-41.0549,-20.8978],[-41.0527,-20.9025],[-41.0643,-20.9061],[-41.0715,-20.9192],[-41.0781,-20.9181],[-41.0784,-20.9259],[-41.0799,-20.9314],[-41.0814,-20.936],[-41.0858,-20.941],[-41.0862,-20.9412],[-41.0908,-20.9523],[-41.0977,-20.9572],[-41.1177,-20.9617],[-41.1249,-20.9554],[-41.1182,-20.9437],[-41.1238,-20.939],[-41.121,-20.9317],[-41.1329,-20.9296],[-41.137,-20.9081],[-41.1452,-20.9049],[-41.1445,-20.8992],[-41.1504,-20.8931],[-41.158,-20.8924],[-41.1581,-20.8925],[-41.1648,-20.8998],[-41.1757,-20.8957],[-41.1829,-20.8959],[-41.1891,-20.891],[-41.1926,-20.8958],[-41.1957,-20.8829],[-41.2005,-20.88],[-41.2028,-20.8826],[-41.214,-20.8897],[-41.2213,-20.8876],[-41.222,-20.8812],[-41.233,-20.8841],[-41.2411,-20.8793],[-41.2449,-20.868],[-41.2419,-20.8601],[-41.2321,-20.8532],[-41.2377,-20.8521],[-41.238,-20.8475],[-41.2487,-20.8462],[-41.2551,-20.8472],[-41.2553,-20.8504],[-41.2594,-20.8526],[-41.2689,-20.8487],[-41.2787,-20.855],[-41.2869,-20.8558],[-41.2869,-20.8491],[-41.2952,-20.8404],[-41.3001,-20.8573],[-41.3068,-20.8577],[-41.3157,-20.8504],[-41.3209,-20.8522],[-41.3232,-20.8579],[-41.3294,-20.8578],[-41.3301,-20.8611],[-41.3373,-20.863],[-41.3339,-20.8548],[-41.3433,-20.8487],[-41.3406,-20.8327],[-41.3443,-20.8238],[-41.3418,-20.8181],[-41.3478,-20.8104],[-41.3456,-20.7978],[-41.3455,-20.7977],[-41.3447,-20.7949],[-41.3479,-20.7866],[-41.354,-20.7825],[-41.3411,-20.7762],[-41.3446,-20.7685],[-41.3367,-20.7613],[-41.3377,-20.7571],[-41.3316,-20.7545],[-41.3397,-20.7473],[-41.3215,-20.7334],[-41.328,-20.7295],[-41.3399,-20.7239],[-41.3516,-20.7298],[-41.3616,-20.7209],[-41.3614,-20.7208],[-41.3553,-20.7188],[-41.3535,-20.7092],[-41.3497,-20.7062],[-41.3619,-20.7013],[-41.3601,-20.695],[-41.3701,-20.6937],[-41.3829,-20.6857],[-41.3884,-20.6718],[-41.384,-20.6589],[-41.3721,-20.6478],[-41.3798,-20.6351],[-41.3739,-20.6288],[-41.3687,-20.627],[-41.3661,-20.62],[-41.3589,-20.6257],[-41.3501,-20.6227],[-41.3517,-20.6129],[-41.339,-20.6071],[-41.3295,-20.6111],[-41.3233,-20.619]]]}},{"type":"Feature","properties":{"nome":"Cariacica","cod":"3201308","uf":"ES"},"geometry":{"type":"Polygon","coordinates":[[[-40.4406,-20.225],[-40.4352,-20.229],[-40.4301,-20.2268],[-40.413,-20.2285],[-40.4086,-20.2312],[-40.3852,-20.223],[-40.374,-20.2143],[-40.3698,-20.2157],[-40.3695,-20.2158],[-40.3576,-20.2375],[-40.3397,-20.2489],[-40.3395,-20.2598],[-40.3279,-20.2573],[-40.3314,-20.2631],[-40.3441,-20.2796],[-40.3501,-20.2846],[-40.3548,-20.2964],[-40.3633,-20.3052],[-40.3634,-20.3153],[-40.3554,-20.3264],[-40.3579,-20.3491],[-40.3654,-20.3702],[-40.3659,-20.3947],[-40.3707,-20.3992],[-40.3847,-20.3938],[-40.3943,-20.3959],[-40.3948,-20.3908],[-40.4057,-20.3788],[-40.4043,-20.3583],[-40.4196,-20.3408],[-40.4286,-20.3404],[-40.4355,-20.3346],[-40.4387,-20.3324],[-40.4526,-20.3396],[-40.4581,-20.3316],[-40.4803,-20.3435],[-40.4856,-20.3471],[-40.5149,-20.3469],[-40.5212,-20.3246],[-40.5213,-20.2908],[-40.5318,-20.2921],[-40.5332,-20.2908],[-40.5487,-20.3018],[-40.5601,-20.301],[-40.5638,-20.3038],[-40.5678,-20.2992],[-40.5665,-20.2915],[-40.573,-20.2861],[-40.5719,-20.2798],[-40.5762,-20.2787],[-40.5823,-20.292],[-40.5851,-20.293],[-40.6,-20.2782],[-40.6041,-20.2673],[-40.6058,-20.2518],[-40.5947,-20.245],[-40.5916,-20.2519],[-40.5959,-20.2618],[-40.5934,-20.2714],[-40.5842,-20.2682],[-40.5587,-20.27],[-40.5309,-20.2534],[-40.5263,-20.2455],[-40.5003,-20.2277],[-40.4967,-20.2364],[-40.4952,-20.2379],[-40.492,-20.2392],[-40.4887,-20.2329],[-40.4813,-20.2338],[-40.4647,-20.2188],[-40.4619,-20.2217],[-40.4406,-20.225]]]}},{"type":"Feature","properties":{"nome":"Castelo","cod":"3201407","uf":"ES"},"geometry":{"type":"Polygon","coordinates":[[[-41.1033,-20.4218],[-41.0995,-20.4261],[-41.1016,-20.4302],[-41.0886,-20.4411],[-41.0757,-20.4442],[-41.0758,-20.4501],[-41.071,-20.4508],[-41.0669,-20.4596],[-41.0525,-20.4596],[-41.0556,-20.468],[-41.051,-20.4807],[-41.0453,-20.4761],[-41.0393,-20.4837],[-41.0408,-20.4868],[-41.034,-20.4911],[-41.0361,-20.4963],[-41.0283,-20.4955],[-41.0263,-20.5146],[-41.0322,-20.5175],[-41.0377,-20.5145],[-41.0443,-20.5232],[-41.0493,-20.5159],[-41.0543,-20.5184],[-41.0548,-20.5287],[-41.0435,-20.5366],[-41.0319,-20.5366],[-41.0229,-20.5321],[-41.0184,-20.5341],[-41.0178,-20.545],[-41.0289,-20.5534],[-41.0335,-20.5663],[-41.0396,-20.5716],[-41.047,-20.5661],[-41.0572,-20.5673],[-41.0631,-20.5813],[-41.0744,-20.58],[-41.0756,-20.5842],[-41.0803,-20.5946],[-41.0657,-20.5953],[-41.064,-20.6],[-41.0703,-20.6125],[-41.0852,-20.6161],[-41.0957,-20.6093],[-41.115,-20.6173],[-41.1238,-20.615],[-41.1319,-20.6149],[-41.134,-20.6286],[-41.1463,-20.6372],[-41.1501,-20.6425],[-41.1658,-20.6444],[-41.171,-20.6515],[-41.1758,-20.6523],[-41.1792,-20.6566],[-41.1806,-20.666],[-41.1848,-20.6686],[-41.1956,-20.6726],[-41.2049,-20.6711],[-41.2497,-20.6626],[-41.2542,-20.6621],[-41.2659,-20.655],[-41.2755,-20.6538],[-41.2785,-20.6499],[-41.2843,-20.649],[-41.2914,-20.6422],[-41.2959,-20.6495],[-41.3046,-20.6514],[-41.32,-20.6356],[-41.3233,-20.619],[-41.3295,-20.6111],[-41.339,-20.6071],[-41.3517,-20.6129],[-41.3501,-20.6227],[-41.3589,-20.6257],[-41.3661,-20.62],[-41.3687,-20.627],[-41.3739,-20.6288],[-41.38,-20.623],[-41.3906,-20.6239],[-41.3951,-20.6145],[-41.3912,-20.6104],[-41.3947,-20.6084],[-41.3993,-20.6038],[-41.3975,-20.5907],[-41.4056,-20.5824],[-41.4053,-20.5755],[-41.4145,-20.5728],[-41.4063,-20.5609],[-41.4072,-20.5526],[-41.4042,-20.5475],[-41.3952,-20.549],[-41.3926,-20.5569],[-41.3891,-20.553],[-41.3856,-20.5545],[-41.3888,-20.548],[-41.3871,-20.5409],[-41.3711,-20.5356],[-41.3744,-20.5286],[-41.3789,-20.5268],[-41.3772,-20.5091],[-41.3593,-20.5114],[-41.3552,-20.5071],[-41.3451,-20.5132],[-41.3283,-20.514],[-41.32,-20.5058],[-41.3225,-20.4999],[-41.3286,-20.497],[-41.3201,-20.4968],[-41.3107,-20.5145],[-41.3004,-20.5214],[-41.2867,-20.5118],[-41.2863,-20.506],[-41.2799,-20.5076],[-41.2827,-20.4884],[-41.2763,-20.4864],[-41.2708,-20.4923],[-41.2626,-20.4865],[-41.259,-20.4904],[-41.2535,-20.4884],[-41.2494,-20.4908],[-41.2478,-20.4982],[-41.242,-20.4998],[-41.2361,-20.4877],[-41.2257,-20.4903],[-41.2205,-20.4866],[-41.209,-20.4872],[-41.2069,-20.4814],[-41.2245,-20.4612],[-41.2222,-20.4513],[-41.2176,-20.4432],[-41.2128,-20.4429],[-41.2081,-20.4467],[-41.2056,-20.4561],[-41.2018,-20.456],[-41.192,-20.4446],[-41.1717,-20.447],[-41.1715,-20.4469],[-41.1652,-20.4439],[-41.1663,-20.4289],[-41.1615,-20.4226],[-41.1414,-20.431],[-41.1277,-20.4249],[-41.1193,-20.4246],[-41.1198,-20.4217],[-41.11,-20.4094],[-41.1107,-20.4047],[-41.1054,-20.4028],[-41.0977,-20.4104],[-41.1033,-20.4218]]]}},{"type":"Feature","properties":{"nome":"Colatina","cod":"3201506","uf":"ES"},"geometry":{"type":"Polygon","coordinates":[[[-40.6526,-19.2331],[-40.649,-19.2424],[-40.6405,-19.2371],[-40.6345,-19.2401],[-40.6344,-19.2402],[-40.6224,-19.266],[-40.619,-19.2675],[-40.6183,-19.279],[-40.6123,-19.2751],[-40.5994,-19.2658],[-40.5846,-19.2811],[-40.5627,-19.277],[-40.5619,-19.2724],[-40.5571,-19.2721],[-40.5485,-19.2809],[-40.5423,-19.2822],[-40.5333,-19.2852],[-40.5336,-19.296],[-40.5398,-19.3015],[-40.5439,-19.3138],[-40.5271,-19.3232],[-40.5315,-19.3301],[-40.5479,-19.3419],[-40.5501,-19.348],[-40.5671,-19.3656],[-40.5861,-19.3566],[-40.6063,-19.3536],[-40.6249,-19.3481],[-40.6335,-19.3672],[-40.6424,-19.3742],[-40.6352,-19.3785],[-40.6368,-19.383],[-40.6433,-19.3828],[-40.6425,-19.4047],[-40.6332,-19.4362],[-40.6288,-19.438],[-40.6262,-19.448],[-40.6238,-19.4471],[-40.6188,-19.4462],[-40.6141,-19.4387],[-40.5997,-19.4387],[-40.5969,-19.4314],[-40.5845,-19.4326],[-40.5761,-19.4286],[-40.5737,-19.436],[-40.5672,-19.4397],[-40.5665,-19.4537],[-40.5601,-19.4725],[-40.5521,-19.4826],[-40.5334,-19.4914],[-40.5337,-19.4998],[-40.5189,-19.5028],[-40.5092,-19.5122],[-40.5057,-19.5151],[-40.4982,-19.5177],[-40.4816,-19.5348],[-40.4733,-19.5363],[-40.4331,-19.5331],[-40.3896,-19.5434],[-40.373,-19.5353],[-40.3719,-19.5456],[-40.3679,-19.5497],[-40.3707,-19.5554],[-40.3887,-19.5641],[-40.387,-19.5767],[-40.3716,-19.5944],[-40.3747,-19.5982],[-40.3698,-19.6169],[-40.3751,-19.6185],[-40.3757,-19.6223],[-40.4211,-19.6405],[-40.4632,-19.6308],[-40.4695,-19.6322],[-40.4753,-19.6413],[-40.4855,-19.64],[-40.4895,-19.6447],[-40.4886,-19.6498],[-40.4971,-19.653],[-40.4977,-19.6589],[-40.5024,-19.6584],[-40.5109,-19.6692],[-40.527,-19.7151],[-40.5385,-19.7093],[-40.5471,-19.7132],[-40.5523,-19.7117],[-40.5572,-19.7061],[-40.5579,-19.6955],[-40.5677,-19.684],[-40.5785,-19.6863],[-40.5817,-19.6835],[-40.5873,-19.6644],[-40.5967,-19.6644],[-40.5971,-19.6686],[-40.6031,-19.6726],[-40.6033,-19.6726],[-40.6528,-19.6427],[-40.6547,-19.6413],[-40.6712,-19.6303],[-40.6719,-19.6221],[-40.6793,-19.6264],[-40.6911,-19.6233],[-40.7056,-19.6282],[-40.7122,-19.6242],[-40.7221,-19.6241],[-40.7255,-19.642],[-40.7389,-19.6429],[-40.7565,-19.6525],[-40.7703,-19.6504],[-40.7681,-19.6352],[-40.7798,-19.6345],[-40.7735,-19.6141],[-40.7869,-19.5952],[-40.7844,-19.5865],[-40.7776,-19.5828],[-40.7835,-19.5793],[-40.7894,-19.5801],[-40.8068,-19.5977],[-40.8162,-19.5945],[-40.8254,-19.5972],[-40.8249,-19.6053],[-40.8349,-19.6159],[-40.8508,-19.6162],[-40.8545,-19.6097],[-40.8605,-19.6031],[-40.8517,-19.597],[-40.8559,-19.5875],[-40.8525,-19.5776],[-40.8331,-19.5674],[-40.828,-19.5607],[-40.8298,-19.5474],[-40.8256,-19.5331],[-40.8192,-19.5305],[-40.8249,-19.5234],[-40.8543,-19.5103],[-40.8551,-19.5077],[-40.8416,-19.5001],[-40.836,-19.4925],[-40.8392,-19.4793],[-40.8434,-19.4763],[-40.8627,-19.4756],[-40.8697,-19.4782],[-40.8762,-19.4761],[-40.8771,-19.4662],[-40.8737,-19.4641],[-40.878,-19.4629],[-40.877,-19.4565],[-40.8849,-19.4483],[-40.8675,-19.4326],[-40.8707,-19.4247],[-40.8596,-19.4213],[-40.8563,-19.4091],[-40.8575,-19.3982],[-40.8506,-19.3955],[-40.8465,-19.3784],[-40.8214,-19.3718],[-40.8195,-19.3573],[-40.8131,-19.3339],[-40.8168,-19.3251],[-40.8099,-19.3159],[-40.8081,-19.3028],[-40.7929,-19.2999],[-40.7804,-19.2926],[-40.778,-19.2938],[-40.7527,-19.2964],[-40.7284,-19.2877],[-40.7345,-19.2645],[-40.721,-19.2581],[-40.7193,-19.2645],[-40.7092,-19.2654],[-40.7044,-19.2565],[-40.6948,-19.2556],[-40.6988,-19.2454],[-40.7031,-19.2433],[-40.7011,-19.2403],[-40.6864,-19.2359],[-40.6827,-19.2394],[-40.6739,-19.2398],[-40.6704,-19.2293],[-40.6643,-19.2298],[-40.6526,-19.2331]]]}},{"type":"Feature","properties":{"nome":"Conceição da Barra","cod":"3201605","uf":"ES"},"geometry":{"type":"Polygon","coordinates":[[[-39.7827,-18.2606],[-39.6886,-18.3204],[-39.6738,-18.3243],[-39.6693,-18.3308],[-39.6656,-18.3327],[-39.6711,-18.3479],[-39.6689,-18.3502],[-39.6996,-18.4147],[-39.702,-18.4265],[-39.7282,-18.4999],[-39.728,-18.5515],[-39.7316,-18.5551],[-39.7281,-18.5589],[-39.7283,-18.5856],[-39.7239,-18.5995],[-39.7364,-18.6438],[-39.7466,-18.7057],[-39.7757,-18.7055],[-39.783,-18.7041],[-39.7953,-18.7117],[-39.8017,-18.7206],[-39.8077,-18.7214],[-39.8132,-18.7192],[-39.8107,-18.7102],[-39.8176,-18.7045],[-39.8079,-18.7006],[-39.8067,-18.6955],[-39.8162,-18.6934],[-39.813,-18.6877],[-39.8152,-18.6819],[-39.8069,-18.6751],[-39.8305,-18.6718],[-39.837,-18.6802],[-39.8473,-18.6677],[-39.9083,-18.5938],[-39.9414,-18.5535],[-39.9951,-18.4873],[-40.0296,-18.4443],[-40.015,-18.434],[-40.0019,-18.4324],[-39.9903,-18.437],[-39.9754,-18.4377],[-39.964,-18.4342],[-39.9502,-18.4268],[-39.938,-18.4133],[-39.9389,-18.4059],[-39.9423,-18.3925],[-39.9425,-18.3918],[-39.9449,-18.3837],[-39.9584,-18.3467],[-39.9586,-18.324],[-39.9511,-18.3147],[-39.9557,-18.311],[-39.9303,-18.3139],[-39.9175,-18.3119],[-39.935,-18.296],[-39.9375,-18.2845],[-39.9275,-18.2584],[-39.9425,-18.2427],[-39.9386,-18.2376],[-39.9285,-18.2347],[-39.9133,-18.2132],[-39.905,-18.2104],[-39.9013,-18.2022],[-39.9031,-18.191],[-39.915,-18.1821],[-39.9117,-18.1784],[-39.8653,-18.2079],[-39.8334,-18.2283],[-39.7827,-18.2606]]]}},{"type":"Feature","properties":{"nome":"Conceição do Castelo","cod":"3201704","uf":"ES"},"geometry":{"type":"Polygon","coordinates":[[[-41.2922,-20.2386],[-41.2865,-20.2426],[-41.2811,-20.2415],[-41.2796,-20.2344],[-41.273,-20.2335],[-41.2676,-20.2411],[-41.2673,-20.2497],[-41.257,-20.255],[-41.2566,-20.2637],[-41.2661,-20.2645],[-41.2642,-20.2687],[-41.2563,-20.2739],[-41.2517,-20.2731],[-41.2493,-20.2789],[-41.2391,-20.2776],[-41.2368,-20.2761],[-41.2228,-20.2831],[-41.2162,-20.2741],[-41.2125,-20.2748],[-41.2049,-20.2676],[-41.193,-20.2695],[-41.1927,-20.2654],[-41.1857,-20.2597],[-41.1686,-20.2668],[-41.1577,-20.2822],[-41.1646,-20.2995],[-41.1721,-20.3047],[-41.1712,-20.3097],[-41.1775,-20.3108],[-41.18,-20.3117],[-41.19,-20.3068],[-41.2007,-20.3153],[-41.207,-20.3158],[-41.2153,-20.326],[-41.215,-20.3303],[-41.2105,-20.3355],[-41.2105,-20.342],[-41.2175,-20.3492],[-41.2179,-20.3563],[-41.2028,-20.3641],[-41.201,-20.3839],[-41.1925,-20.3905],[-41.1779,-20.3918],[-41.1772,-20.4006],[-41.1814,-20.4082],[-41.1926,-20.4162],[-41.1987,-20.4163],[-41.1993,-20.4224],[-41.1941,-20.4289],[-41.1972,-20.4402],[-41.192,-20.4446],[-41.2018,-20.456],[-41.2056,-20.4561],[-41.2081,-20.4467],[-41.2128,-20.4429],[-41.2176,-20.4432],[-41.2222,-20.4513],[-41.2245,-20.4612],[-41.2069,-20.4814],[-41.209,-20.4872],[-41.2205,-20.4866],[-41.2257,-20.4903],[-41.2361,-20.4877],[-41.242,-20.4998],[-41.2478,-20.4982],[-41.2494,-20.4908],[-41.2535,-20.4884],[-41.259,-20.4904],[-41.2626,-20.4865],[-41.2708,-20.4923],[-41.2763,-20.4864],[-41.2827,-20.4884],[-41.2799,-20.5076],[-41.2863,-20.506],[-41.2867,-20.5118],[-41.3004,-20.5214],[-41.3107,-20.5145],[-41.3201,-20.4968],[-41.3286,-20.497],[-41.3173,-20.4903],[-41.3235,-20.4782],[-41.3203,-20.4743],[-41.3165,-20.4581],[-41.3191,-20.4517],[-41.3143,-20.4399],[-41.3158,-20.429],[-41.3108,-20.4253],[-41.3195,-20.4182],[-41.3203,-20.4113],[-41.3171,-20.4089],[-41.3202,-20.4001],[-41.3368,-20.3848],[-41.3439,-20.3913],[-41.3457,-20.3756],[-41.3502,-20.3738],[-41.3497,-20.3634],[-41.353,-20.3609],[-41.3535,-20.3502],[-41.3574,-20.3487],[-41.3572,-20.3328],[-41.3594,-20.3258],[-41.3627,-20.3264],[-41.3612,-20.3209],[-41.3556,-20.3154],[-41.3536,-20.3045],[-41.3396,-20.2966],[-41.3322,-20.3023],[-41.3239,-20.3008],[-41.3175,-20.3003],[-41.3141,-20.2956],[-41.3161,-20.2875],[-41.3201,-20.2865],[-41.3166,-20.2818],[-41.3198,-20.2733],[-41.3047,-20.27],[-41.3013,-20.2618],[-41.2948,-20.2584],[-41.298,-20.2551],[-41.2948,-20.2516],[-41.3088,-20.2423],[-41.3013,-20.2293],[-41.2894,-20.2338],[-41.2922,-20.2386]]]}},{"type":"Feature","properties":{"nome":"Divino de São Lourenço","cod":"3201803","uf":"ES"},"geometry":{"type":"Polygon","coordinates":[[[-41.7409,-20.5151],[-41.738,-20.5171],[-41.7239,-20.5134],[-41.7138,-20.5182],[-41.7151,-20.5215],[-41.7134,-20.5275],[-41.6938,-20.5294],[-41.6904,-20.5429],[-41.6807,-20.5523],[-41.6757,-20.5545],[-41.6687,-20.5686],[-41.669,-20.5774],[-41.6626,-20.5875],[-41.6671,-20.5918],[-41.6688,-20.6086],[-41.6593,-20.6101],[-41.6622,-20.6305],[-41.659,-20.6372],[-41.6662,-20.6484],[-41.6611,-20.6541],[-41.6557,-20.6498],[-41.6526,-20.6511],[-41.658,-20.662],[-41.6708,-20.6684],[-41.6831,-20.6644],[-41.6836,-20.6692],[-41.6919,-20.668],[-41.698,-20.6643],[-41.7072,-20.6712],[-41.7138,-20.6585],[-41.7289,-20.6578],[-41.7297,-20.6485],[-41.7383,-20.6392],[-41.7526,-20.6379],[-41.7537,-20.6292],[-41.7607,-20.6246],[-41.7687,-20.6264],[-41.7725,-20.618],[-41.7702,-20.6144],[-41.767,-20.6151],[-41.7658,-20.6082],[-41.7725,-20.6041],[-41.7778,-20.6052],[-41.7901,-20.5941],[-41.7905,-20.5941],[-41.7945,-20.5967],[-41.8021,-20.587],[-41.8006,-20.5827],[-41.7844,-20.5586],[-41.7746,-20.5243],[-41.7823,-20.5172],[-41.7829,-20.5039],[-41.7508,-20.5025],[-41.7459,-20.5046],[-41.7427,-20.5114],[-41.7409,-20.5151]]]}},{"type":"Feature","properties":{"nome":"Domingos Martins","cod":"3201902","uf":"ES"},"geometry":{"type":"Polygon","coordinates":[[[-40.7627,-20.1565],[-40.7667,-20.167],[-40.7599,-20.1678],[-40.7534,-20.1759],[-40.7512,-20.1797],[-40.7422,-20.1893],[-40.7225,-20.183],[-40.6923,-20.1884],[-40.6808,-20.189],[-40.6707,-20.2022],[-40.6603,-20.2065],[-40.6636,-20.2109],[-40.663,-20.2187],[-40.6578,-20.2163],[-40.6558,-20.2195],[-40.6516,-20.2149],[-40.6369,-20.219],[-40.6337,-20.2173],[-40.6343,-20.2231],[-40.6245,-20.2292],[-40.6266,-20.2362],[-40.6155,-20.2415],[-40.6158,-20.2464],[-40.6102,-20.253],[-40.5963,-20.243],[-40.5947,-20.245],[-40.6058,-20.2518],[-40.6041,-20.2673],[-40.6,-20.2782],[-40.5851,-20.293],[-40.5823,-20.292],[-40.5825,-20.3046],[-40.5795,-20.3219],[-40.5847,-20.3337],[-40.5853,-20.3414],[-40.5822,-20.3431],[-40.5884,-20.3491],[-40.5945,-20.3622],[-40.5925,-20.3667],[-40.5857,-20.3673],[-40.5796,-20.3621],[-40.5801,-20.3686],[-40.5719,-20.3722],[-40.5698,-20.3776],[-40.5594,-20.3721],[-40.5631,-20.3857],[-40.5611,-20.3882],[-40.5526,-20.3886],[-40.5442,-20.3843],[-40.5339,-20.3893],[-40.5478,-20.3991],[-40.5434,-20.4024],[-40.5501,-20.404],[-40.5576,-20.4085],[-40.5876,-20.415],[-40.6148,-20.4134],[-40.616,-20.4213],[-40.6252,-20.4241],[-40.6345,-20.4182],[-40.6412,-20.4051],[-40.6469,-20.3993],[-40.6435,-20.3911],[-40.6462,-20.386],[-40.665,-20.3836],[-40.6683,-20.3871],[-40.6684,-20.3871],[-40.6873,-20.3873],[-40.6898,-20.3914],[-40.6956,-20.391],[-40.7061,-20.3856],[-40.7087,-20.3782],[-40.7143,-20.3774],[-40.7212,-20.3883],[-40.7214,-20.3882],[-40.7241,-20.3859],[-40.7318,-20.389],[-40.7347,-20.3844],[-40.7408,-20.3851],[-40.7406,-20.3775],[-40.7351,-20.3691],[-40.7387,-20.3646],[-40.7348,-20.3581],[-40.7312,-20.3465],[-40.734,-20.3456],[-40.7472,-20.344],[-40.7601,-20.3469],[-40.7675,-20.3598],[-40.778,-20.3647],[-40.782,-20.3727],[-40.7803,-20.3787],[-40.7874,-20.3831],[-40.7858,-20.3963],[-40.7893,-20.4059],[-40.803,-20.3966],[-40.8207,-20.3926],[-40.8333,-20.3777],[-40.8329,-20.3737],[-40.8565,-20.3849],[-40.8594,-20.3807],[-40.8695,-20.3819],[-40.8865,-20.3966],[-40.8948,-20.3978],[-40.8874,-20.4068],[-40.8876,-20.4194],[-40.8991,-20.4233],[-40.8981,-20.4337],[-40.9036,-20.4377],[-40.9004,-20.4478],[-40.9086,-20.4459],[-40.9118,-20.4492],[-40.919,-20.447],[-40.9194,-20.4426],[-40.9257,-20.4419],[-40.9294,-20.437],[-40.9385,-20.4367],[-40.9449,-20.4401],[-40.9616,-20.4298],[-40.961,-20.4355],[-40.9808,-20.4337],[-40.9878,-20.4368],[-40.9934,-20.4287],[-40.9962,-20.4272],[-41.0001,-20.4255],[-41.0092,-20.4331],[-41.0087,-20.4388],[-41.007,-20.4497],[-41.0104,-20.4571],[-41.0063,-20.4652],[-41.0059,-20.4702],[-41.0194,-20.4781],[-41.0184,-20.4835],[-41.0393,-20.4837],[-41.0453,-20.4761],[-41.051,-20.4807],[-41.0556,-20.468],[-41.0525,-20.4596],[-41.0457,-20.458],[-41.0514,-20.4532],[-41.0528,-20.4386],[-41.0601,-20.4224],[-41.0649,-20.4219],[-41.0681,-20.4224],[-41.0637,-20.4101],[-41.0742,-20.4042],[-41.0717,-20.3931],[-41.0676,-20.3906],[-41.0702,-20.3836],[-41.0726,-20.3748],[-41.0904,-20.3691],[-41.0909,-20.3674],[-41.0885,-20.3548],[-41.0872,-20.3531],[-41.0993,-20.3431],[-41.0918,-20.3346],[-41.0982,-20.325],[-41.1046,-20.3223],[-41.1038,-20.308],[-41.107,-20.3022],[-41.1125,-20.2971],[-41.1286,-20.295],[-41.1371,-20.2878],[-41.1318,-20.2833],[-41.1289,-20.2694],[-41.1251,-20.2655],[-41.1218,-20.2686],[-41.1143,-20.2666],[-41.1014,-20.2747],[-41.1006,-20.2656],[-41.0915,-20.2691],[-41.079,-20.2592],[-41.0787,-20.2543],[-41.0718,-20.251],[-41.0702,-20.2449],[-41.0662,-20.2345],[-41.0709,-20.2294],[-41.066,-20.2279],[-41.068,-20.2207],[-41.0586,-20.2209],[-41.0564,-20.2322],[-41.0503,-20.2358],[-41.0374,-20.2274],[-41.0291,-20.2305],[-41.0254,-20.2304],[-41.0254,-20.2125],[-41.0016,-20.2138],[-40.9917,-20.2209],[-40.9879,-20.2162],[-40.9815,-20.2273],[-40.9742,-20.2202],[-40.9684,-20.2117],[-40.9696,-20.2034],[-40.9737,-20.2002],[-40.9697,-20.192],[-40.9694,-20.1919],[-40.9587,-20.1884],[-40.9396,-20.1995],[-40.9271,-20.1963],[-40.9213,-20.2036],[-40.9034,-20.1974],[-40.8967,-20.2027],[-40.8935,-20.1966],[-40.8861,-20.1951],[-40.885,-20.1922],[-40.874,-20.193],[-40.8717,-20.1882],[-40.8621,-20.1918],[-40.8531,-20.1844],[-40.8336,-20.1766],[-40.8355,-20.1708],[-40.8206,-20.1636],[-40.8119,-20.1739],[-40.8047,-20.1725],[-40.8011,-20.1641],[-40.7887,-20.1641],[-40.7866,-20.1598],[-40.7828,-20.1621],[-40.7704,-20.1604],[-40.766,-20.1523],[-40.7627,-20.1565]]]}},{"type":"Feature","properties":{"nome":"Dores do Rio Preto","cod":"3202009","uf":"ES"},"geometry":{"type":"Polygon","coordinates":[[[-41.8021,-20.587],[-41.7945,-20.5967],[-41.7905,-20.5941],[-41.7901,-20.5941],[-41.7778,-20.6052],[-41.7725,-20.6041],[-41.7658,-20.6082],[-41.767,-20.6151],[-41.7702,-20.6144],[-41.7725,-20.618],[-41.7687,-20.6264],[-41.7607,-20.6246],[-41.7537,-20.6292],[-41.7526,-20.6379],[-41.7608,-20.6413],[-41.7661,-20.6482],[-41.7772,-20.6472],[-41.7792,-20.6522],[-41.7706,-20.6573],[-41.7804,-20.6648],[-41.7847,-20.6743],[-41.7932,-20.6792],[-41.7898,-20.6874],[-41.7853,-20.6998],[-41.7856,-20.7043],[-41.7797,-20.7072],[-41.7787,-20.7165],[-41.7953,-20.7218],[-41.7962,-20.7321],[-41.8027,-20.7421],[-41.8103,-20.7394],[-41.8147,-20.733],[-41.8239,-20.737],[-41.8256,-20.743],[-41.8332,-20.7464],[-41.8382,-20.7392],[-41.8487,-20.7369],[-41.8486,-20.7566],[-41.8374,-20.7802],[-41.8477,-20.7747],[-41.8534,-20.7637],[-41.8612,-20.7635],[-41.8746,-20.766],[-41.8794,-20.7591],[-41.8737,-20.7437],[-41.8631,-20.7415],[-41.8592,-20.7483],[-41.8562,-20.7472],[-41.8599,-20.7292],[-41.865,-20.7215],[-41.8609,-20.7221],[-41.8558,-20.7138],[-41.8623,-20.7118],[-41.8606,-20.7063],[-41.8542,-20.705],[-41.8515,-20.6966],[-41.8504,-20.6949],[-41.8464,-20.6856],[-41.839,-20.683],[-41.8329,-20.6704],[-41.8238,-20.6625],[-41.8272,-20.6559],[-41.8191,-20.6573],[-41.8128,-20.6528],[-41.816,-20.6466],[-41.8084,-20.6437],[-41.811,-20.6371],[-41.8143,-20.6402],[-41.8208,-20.6366],[-41.817,-20.6241],[-41.8287,-20.6243],[-41.8388,-20.6243],[-41.8526,-20.6182],[-41.856,-20.6167],[-41.8527,-20.6071],[-41.8453,-20.6063],[-41.8409,-20.6],[-41.8404,-20.586],[-41.8349,-20.5704],[-41.828,-20.5568],[-41.8192,-20.5538],[-41.8165,-20.552],[-41.8079,-20.5501],[-41.8045,-20.5442],[-41.8039,-20.5379],[-41.8118,-20.5187],[-41.8091,-20.5121],[-41.8092,-20.5112],[-41.8073,-20.494],[-41.7992,-20.4771],[-41.7943,-20.4792],[-41.7896,-20.4979],[-41.7829,-20.5039],[-41.7823,-20.5172],[-41.7746,-20.5243],[-41.7844,-20.5586],[-41.8006,-20.5827],[-41.8021,-20.587]]]}},{"type":"Feature","properties":{"nome":"Ecoporanga","cod":"3202108","uf":"ES"},"geometry":{"type":"Polygon","coordinates":[[[-40.8089,-17.9518],[-40.8022,-17.958],[-40.7981,-17.9565],[-40.7915,-17.971],[-40.7946,-17.9813],[-40.7817,-17.9748],[-40.7778,-17.9757],[-40.7773,-17.9818],[-40.7708,-17.9806],[-40.7745,-17.9961],[-40.7714,-18.0029],[-40.7599,-18.0035],[-40.7504,-18.0094],[-40.7353,-18.0037],[-40.7254,-18.0007],[-40.7205,-18.0025],[-40.7158,-18.0041],[-40.7092,-18.0205],[-40.7033,-18.0233],[-40.6838,-18.0097],[-40.6774,-18.0128],[-40.6728,-18.0106],[-40.6614,-18.0124],[-40.6588,-18.0248],[-40.6477,-18.0325],[-40.6385,-18.0346],[-40.6302,-18.0529],[-40.6276,-18.0723],[-40.6132,-18.0917],[-40.6125,-18.107],[-40.6051,-18.0995],[-40.6012,-18.0994],[-40.5958,-18.1012],[-40.5915,-18.108],[-40.579,-18.0974],[-40.571,-18.1003],[-40.5578,-18.1142],[-40.5616,-18.1306],[-40.5592,-18.1389],[-40.5632,-18.1549],[-40.5565,-18.1581],[-40.5568,-18.1641],[-40.5525,-18.1653],[-40.555,-18.1779],[-40.551,-18.1877],[-40.5455,-18.2038],[-40.553,-18.2213],[-40.5512,-18.2286],[-40.5584,-18.2305],[-40.5891,-18.2594],[-40.6185,-18.2871],[-40.6092,-18.3019],[-40.6119,-18.3176],[-40.6014,-18.3431],[-40.5963,-18.3389],[-40.5838,-18.3391],[-40.5747,-18.3436],[-40.5747,-18.3482],[-40.5821,-18.3519],[-40.5827,-18.3669],[-40.6073,-18.4161],[-40.5974,-18.4243],[-40.5932,-18.4343],[-40.5796,-18.4398],[-40.5724,-18.4352],[-40.5564,-18.4512],[-40.548,-18.455],[-40.5434,-18.4536],[-40.5426,-18.4592],[-40.5229,-18.4725],[-40.5229,-18.4801],[-40.515,-18.4802],[-40.5153,-18.485],[-40.5156,-18.4853],[-40.5222,-18.4863],[-40.5285,-18.4853],[-40.5344,-18.49],[-40.5503,-18.4928],[-40.5627,-18.4863],[-40.5931,-18.4904],[-40.6188,-18.498],[-40.6206,-18.5046],[-40.6333,-18.5086],[-40.6378,-18.5158],[-40.6505,-18.5159],[-40.652,-18.5126],[-40.6521,-18.511],[-40.6677,-18.5118],[-40.6729,-18.5084],[-40.6785,-18.5117],[-40.6922,-18.5035],[-40.6987,-18.5062],[-40.7104,-18.4913],[-40.7141,-18.481],[-40.7207,-18.477],[-40.723,-18.4678],[-40.7301,-18.4646],[-40.751,-18.468],[-40.7571,-18.4931],[-40.7662,-18.4869],[-40.7691,-18.4848],[-40.7891,-18.4797],[-40.7914,-18.4821],[-40.7876,-18.4918],[-40.8041,-18.4937],[-40.8128,-18.4967],[-40.8306,-18.4998],[-40.8422,-18.4972],[-40.8426,-18.4926],[-40.8474,-18.4938],[-40.8462,-18.4824],[-40.8545,-18.4594],[-40.8484,-18.4551],[-40.8485,-18.4496],[-40.8528,-18.4469],[-40.8493,-18.4337],[-40.8553,-18.4339],[-40.8621,-18.4319],[-40.8726,-18.4277],[-40.8768,-18.4316],[-40.885,-18.4317],[-40.8995,-18.4323],[-40.9042,-18.425],[-40.9246,-18.4387],[-40.9295,-18.4321],[-40.9266,-18.4287],[-40.9353,-18.4225],[-40.9344,-18.4191],[-40.924,-18.4156],[-40.9282,-18.407],[-40.9333,-18.396],[-40.9424,-18.4049],[-40.95,-18.4007],[-40.9514,-18.3954],[-40.9433,-18.3906],[-40.9524,-18.3862],[-40.9575,-18.3827],[-40.9663,-18.391],[-40.9828,-18.3919],[-40.9763,-18.3976],[-40.9847,-18.4109],[-40.9981,-18.3919],[-41.0038,-18.3964],[-41.0102,-18.3793],[-41.021,-18.3904],[-41.0254,-18.3905],[-41.0266,-18.3862],[-41.0341,-18.3889],[-41.0402,-18.3821],[-41.0358,-18.3798],[-41.0389,-18.3728],[-41.0326,-18.3654],[-41.0414,-18.3607],[-41.0533,-18.3427],[-41.056,-18.3531],[-41.0622,-18.3523],[-41.0677,-18.356],[-41.0677,-18.3646],[-41.0777,-18.3732],[-41.0865,-18.3742],[-41.0864,-18.3812],[-41.0893,-18.3879],[-41.0953,-18.3895],[-41.0988,-18.4004],[-41.1135,-18.4021],[-41.1155,-18.4078],[-41.1224,-18.4082],[-41.1408,-18.4012],[-41.1439,-18.4048],[-41.1601,-18.4023],[-41.1621,-18.3903],[-41.1592,-18.381],[-41.1477,-18.3787],[-41.1455,-18.3734],[-41.149,-18.3603],[-41.1498,-18.3359],[-41.1543,-18.3342],[-41.1584,-18.3083],[-41.146,-18.299],[-41.1425,-18.2977],[-41.1408,-18.2933],[-41.1409,-18.2928],[-41.1271,-18.2764],[-41.0961,-18.2551],[-41.1004,-18.2433],[-41.0987,-18.2386],[-41.1024,-18.2365],[-41.0988,-18.2319],[-41.0916,-18.2308],[-41.0913,-18.2276],[-41.1018,-18.2187],[-41.1041,-18.2128],[-41.0937,-18.2082],[-41.0924,-18.1951],[-41.0923,-18.1949],[-41.0665,-18.1806],[-41.0561,-18.1784],[-41.0531,-18.1722],[-41.0557,-18.1661],[-41.0518,-18.1648],[-41.0349,-18.1623],[-41.0377,-18.1706],[-41.0334,-18.1716],[-41.0277,-18.1572],[-41.0142,-18.1571],[-41.0102,-18.1669],[-41.0052,-18.1671],[-40.9928,-18.1658],[-40.988,-18.1693],[-40.9884,-18.1525],[-40.9866,-18.1463],[-40.9805,-18.1442],[-40.9799,-18.1409],[-40.9764,-18.1409],[-40.9671,-18.1447],[-40.9618,-18.1537],[-40.9541,-18.154],[-40.9485,-18.1452],[-40.9512,-18.142],[-40.9496,-18.1288],[-40.9437,-18.1299],[-40.9401,-18.136],[-40.9318,-18.136],[-40.9169,-18.1203],[-40.9089,-18.1144],[-40.9042,-18.1155],[-40.9038,-18.1097],[-40.8986,-18.112],[-40.8927,-18.1074],[-40.8935,-18.1184],[-40.8886,-18.1235],[-40.8803,-18.1237],[-40.8772,-18.119],[-40.866,-18.1294],[-40.8629,-18.1387],[-40.8556,-18.1393],[-40.8519,-18.1458],[-40.8492,-18.1463],[-40.8447,-18.1493],[-40.8435,-18.1461],[-40.8321,-18.1507],[-40.8238,-18.1488],[-40.8048,-18.1525],[-40.7933,-18.1597],[-40.7864,-18.1582],[-40.7711,-18.1554],[-40.7729,-18.1071],[-40.9024,-17.9868],[-40.8967,-17.9813],[-40.8908,-17.9826],[-40.8823,-17.9701],[-40.8775,-17.9813],[-40.8725,-17.9803],[-40.8699,-17.9856],[-40.8627,-17.9878],[-40.8586,-17.9789],[-40.8526,-17.9769],[-40.8367,-17.9567],[-40.8302,-17.9537],[-40.8292,-17.9571],[-40.8246,-17.9632],[-40.8138,-17.9584],[-40.8089,-17.9518]]]}},{"type":"Feature","properties":{"nome":"Fundão","cod":"3202207","uf":"ES"},"geometry":{"type":"Polygon","coordinates":[[[-40.4674,-19.8677],[-40.4544,-19.8812],[-40.453,-19.865],[-40.4478,-19.8631],[-40.4471,-19.8587],[-40.4417,-19.8586],[-40.435,-19.8834],[-40.425,-19.8927],[-40.4246,-19.9068],[-40.4132,-19.9067],[-40.4027,-19.9065],[-40.3732,-19.9059],[-40.3566,-19.9121],[-40.3491,-19.905],[-40.3456,-19.9068],[-40.3375,-19.9028],[-40.332,-19.9057],[-40.3312,-19.9327],[-40.3214,-19.9432],[-40.3123,-19.943],[-40.3154,-19.9483],[-40.3094,-19.9509],[-40.3086,-19.9592],[-40.3045,-19.9621],[-40.3029,-19.9709],[-40.2811,-19.9768],[-40.2774,-19.9899],[-40.2711,-19.9904],[-40.268,-19.9944],[-40.2691,-20.0025],[-40.2661,-20.0036],[-40.2658,-20.0097],[-40.2594,-20.0096],[-40.2513,-20.0009],[-40.2385,-20.0092],[-40.2194,-20.0032],[-40.1881,-20.012],[-40.1775,-20.0134],[-40.1697,-20.0151],[-40.1642,-20.0091],[-40.1537,-20.0132],[-40.1586,-20.0381],[-40.1816,-20.0414],[-40.1903,-20.0561],[-40.1948,-20.0539],[-40.1901,-20.0447],[-40.1951,-20.0358],[-40.2001,-20.0356],[-40.204,-20.0308],[-40.2166,-20.0266],[-40.2478,-20.0375],[-40.2534,-20.032],[-40.2575,-20.0407],[-40.2638,-20.0308],[-40.2724,-20.037],[-40.2746,-20.0354],[-40.2716,-20.0299],[-40.2775,-20.0287],[-40.2806,-20.0315],[-40.2904,-20.023],[-40.2932,-20.025],[-40.3032,-20.0208],[-40.3021,-20.0249],[-40.3184,-20.0296],[-40.3264,-20.0288],[-40.3335,-20.0343],[-40.3435,-20.0363],[-40.3494,-20.0468],[-40.3563,-20.0486],[-40.3607,-20.0421],[-40.3672,-20.0395],[-40.3736,-20.0233],[-40.3793,-20.0237],[-40.3848,-20.014],[-40.3984,-20.0149],[-40.409,-20.0172],[-40.4162,-20.0165],[-40.4174,-20.0127],[-40.4252,-20.0094],[-40.4469,-19.994],[-40.4508,-19.9708],[-40.4486,-19.9544],[-40.4521,-19.9452],[-40.4525,-19.936],[-40.4561,-19.9355],[-40.4678,-19.9334],[-40.4752,-19.9369],[-40.4748,-19.9053],[-40.4893,-19.8918],[-40.4911,-19.8897],[-40.4989,-19.8798],[-40.5045,-19.8803],[-40.5046,-19.8536],[-40.493,-19.8506],[-40.4848,-19.8542],[-40.4822,-19.855],[-40.481,-19.8654],[-40.4781,-19.8684],[-40.4674,-19.8677]]]}},{"type":"Feature","properties":{"nome":"Governador Lindenberg","cod":"3202256","uf":"ES"},"geometry":{"type":"Polygon","coordinates":[[[-40.3635,-19.0946],[-40.3871,-19.1136],[-40.4011,-19.1352],[-40.4132,-19.1402],[-40.4093,-19.1488],[-40.3964,-19.1487],[-40.3955,-19.1585],[-40.4045,-19.1616],[-40.4052,-19.17],[-40.4121,-19.1803],[-40.4121,-19.1882],[-40.4039,-19.194],[-40.4094,-19.2079],[-40.4148,-19.2126],[-40.4192,-19.2106],[-40.423,-19.2156],[-40.4186,-19.2177],[-40.4224,-19.2279],[-40.421,-19.2384],[-40.4281,-19.2479],[-40.4346,-19.2533],[-40.4312,-19.2588],[-40.4394,-19.2713],[-40.4345,-19.2806],[-40.4422,-19.2908],[-40.45,-19.2911],[-40.4538,-19.28],[-40.4605,-19.2783],[-40.4651,-19.2871],[-40.4787,-19.2923],[-40.4825,-19.2872],[-40.4889,-19.2864],[-40.4901,-19.2971],[-40.5075,-19.3065],[-40.5078,-19.3099],[-40.5271,-19.3232],[-40.5439,-19.3138],[-40.5398,-19.3015],[-40.5336,-19.296],[-40.5333,-19.2852],[-40.5423,-19.2822],[-40.5485,-19.2809],[-40.5571,-19.2721],[-40.5619,-19.2724],[-40.5627,-19.277],[-40.5846,-19.2811],[-40.5994,-19.2658],[-40.6123,-19.2751],[-40.6123,-19.2619],[-40.6182,-19.2561],[-40.6197,-19.2464],[-40.6145,-19.2347],[-40.6188,-19.2119],[-40.6117,-19.2029],[-40.6018,-19.1974],[-40.6061,-19.1911],[-40.5828,-19.1797],[-40.5804,-19.173],[-40.5682,-19.168],[-40.5735,-19.1552],[-40.5642,-19.1442],[-40.5507,-19.1385],[-40.5137,-19.1528],[-40.5089,-19.1604],[-40.5045,-19.1452],[-40.5055,-19.1222],[-40.4988,-19.1177],[-40.4952,-19.113],[-40.4737,-19.1087],[-40.4635,-19.1103],[-40.4543,-19.1069],[-40.4477,-19.0992],[-40.4298,-19.1074],[-40.4125,-19.1085],[-40.4036,-19.1068],[-40.3923,-19.0993],[-40.3871,-19.1026],[-40.38,-19.0927],[-40.3731,-19.0914],[-40.3707,-19.0855],[-40.3748,-19.0806],[-40.3668,-19.0844],[-40.3635,-19.0946]]]}},{"type":"Feature","properties":{"nome":"Guaçuí","cod":"3202306","uf":"ES"},"geometry":{"type":"Polygon","coordinates":[[[-41.7383,-20.6392],[-41.7297,-20.6485],[-41.7289,-20.6578],[-41.7138,-20.6585],[-41.7072,-20.6712],[-41.698,-20.6643],[-41.6919,-20.668],[-41.6836,-20.6692],[-41.6831,-20.6644],[-41.6708,-20.6684],[-41.658,-20.662],[-41.6526,-20.6511],[-41.6557,-20.6498],[-41.6611,-20.6541],[-41.6662,-20.6484],[-41.659,-20.6372],[-41.6516,-20.6421],[-41.6473,-20.638],[-41.6402,-20.6402],[-41.6447,-20.6533],[-41.6386,-20.6554],[-41.6349,-20.6518],[-41.6201,-20.6458],[-41.6028,-20.6559],[-41.6,-20.6644],[-41.6013,-20.6728],[-41.5956,-20.677],[-41.5993,-20.6835],[-41.6089,-20.6875],[-41.612,-20.7047],[-41.6035,-20.7068],[-41.5959,-20.7195],[-41.5952,-20.7274],[-41.604,-20.7287],[-41.6114,-20.7458],[-41.6099,-20.75],[-41.618,-20.7533],[-41.6179,-20.7629],[-41.6224,-20.7672],[-41.6304,-20.7764],[-41.628,-20.7823],[-41.623,-20.7912],[-41.6258,-20.8021],[-41.6163,-20.8018],[-41.6148,-20.8073],[-41.6216,-20.8133],[-41.6237,-20.8211],[-41.6178,-20.8434],[-41.6249,-20.8513],[-41.624,-20.8577],[-41.6279,-20.8618],[-41.6372,-20.8442],[-41.6376,-20.8503],[-41.6445,-20.8521],[-41.6445,-20.8697],[-41.6498,-20.8768],[-41.6523,-20.8917],[-41.6594,-20.8949],[-41.6628,-20.8881],[-41.6688,-20.8892],[-41.6735,-20.9013],[-41.6824,-20.9098],[-41.6877,-20.9298],[-41.6911,-20.9285],[-41.6921,-20.9219],[-41.6963,-20.9203],[-41.7005,-20.9239],[-41.7047,-20.9212],[-41.713,-20.9312],[-41.7153,-20.9294],[-41.7226,-20.9347],[-41.7232,-20.9422],[-41.7296,-20.94],[-41.7334,-20.9434],[-41.7372,-20.9304],[-41.7371,-20.9273],[-41.7227,-20.9223],[-41.7193,-20.8967],[-41.7249,-20.8968],[-41.7267,-20.8924],[-41.7186,-20.875],[-41.712,-20.8711],[-41.7267,-20.8644],[-41.7288,-20.8696],[-41.7415,-20.8723],[-41.7398,-20.8656],[-41.7428,-20.8587],[-41.7452,-20.8528],[-41.737,-20.8361],[-41.7407,-20.8296],[-41.7389,-20.8273],[-41.7426,-20.8252],[-41.7405,-20.8178],[-41.7478,-20.8129],[-41.75,-20.8176],[-41.7553,-20.8071],[-41.7635,-20.8066],[-41.7671,-20.8015],[-41.775,-20.7994],[-41.7818,-20.7978],[-41.7941,-20.7985],[-41.8008,-20.8051],[-41.8135,-20.8046],[-41.8067,-20.7972],[-41.8165,-20.8005],[-41.8281,-20.7961],[-41.8252,-20.7881],[-41.8374,-20.7802],[-41.8486,-20.7566],[-41.8487,-20.7369],[-41.8382,-20.7392],[-41.8332,-20.7464],[-41.8256,-20.743],[-41.8239,-20.737],[-41.8147,-20.733],[-41.8103,-20.7394],[-41.8027,-20.7421],[-41.7962,-20.7321],[-41.7953,-20.7218],[-41.7787,-20.7165],[-41.7797,-20.7072],[-41.7856,-20.7043],[-41.7853,-20.6998],[-41.7898,-20.6874],[-41.7932,-20.6792],[-41.7847,-20.6743],[-41.7804,-20.6648],[-41.7706,-20.6573],[-41.7792,-20.6522],[-41.7772,-20.6472],[-41.7661,-20.6482],[-41.7608,-20.6413],[-41.7526,-20.6379],[-41.7383,-20.6392]]]}},{"type":"Feature","properties":{"nome":"Guarapari","cod":"3202405","uf":"ES"},"geometry":{"type":"Polygon","coordinates":[[[-40.3953,-20.6213],[-40.3952,-20.6217],[-40.3961,-20.6217],[-40.3961,-20.6214],[-40.3953,-20.6213]],[[-40.3793,-20.6144],[-40.3825,-20.6151],[-40.3823,-20.6132],[-40.3798,-20.6128],[-40.3793,-20.6144]],[[-40.3751,-20.6136],[-40.3777,-20.6139],[-40.3776,-20.612],[-40.3755,-20.6118],[-40.3751,-20.6136]],[[-40.3725,-20.6127],[-40.3742,-20.6129],[-40.3746,-20.6117],[-40.3725,-20.6115],[-40.3725,-20.6127]],[[-40.3803,-20.6123],[-40.3821,-20.6125],[-40.3825,-20.6115],[-40.3808,-20.611],[-40.3803,-20.6123]],[[-40.3871,-20.6103],[-40.3882,-20.6104],[-40.3883,-20.6098],[-40.3872,-20.6097],[-40.3871,-20.6103]],[[-40.3735,-20.6081],[-40.3732,-20.6113],[-40.3755,-20.6105],[-40.3735,-20.6081]],[[-40.3903,-20.5969],[-40.3901,-20.5978],[-40.3918,-20.5979],[-40.3917,-20.597],[-40.3903,-20.5969]],[[-40.6506,-20.4584],[-40.6443,-20.4666],[-40.6347,-20.4675],[-40.6336,-20.4714],[-40.6258,-20.4678],[-40.6048,-20.4869],[-40.5993,-20.482],[-40.5912,-20.4828],[-40.5814,-20.477],[-40.5749,-20.4786],[-40.5517,-20.4736],[-40.5465,-20.4758],[-40.5377,-20.4725],[-40.4842,-20.5053],[-40.4746,-20.5066],[-40.4555,-20.509],[-40.3905,-20.5173],[-40.3798,-20.5186],[-40.379,-20.5254],[-40.3745,-20.5287],[-40.3763,-20.5364],[-40.4002,-20.5763],[-40.4034,-20.5986],[-40.42,-20.6213],[-40.4259,-20.6335],[-40.4225,-20.6349],[-40.4244,-20.6374],[-40.4277,-20.6351],[-40.4329,-20.6423],[-40.4375,-20.634],[-40.4497,-20.6378],[-40.4451,-20.6313],[-40.4482,-20.6265],[-40.4637,-20.6237],[-40.4641,-20.6302],[-40.4697,-20.6337],[-40.4658,-20.6356],[-40.4698,-20.6385],[-40.4637,-20.6461],[-40.4678,-20.6457],[-40.4721,-20.6505],[-40.4713,-20.6533],[-40.4647,-20.6521],[-40.4676,-20.6599],[-40.4751,-20.6611],[-40.4735,-20.6551],[-40.483,-20.6533],[-40.4941,-20.6603],[-40.4969,-20.6659],[-40.5028,-20.6669],[-40.5046,-20.6681],[-40.5055,-20.667],[-40.5045,-20.6664],[-40.52,-20.662],[-40.5247,-20.6635],[-40.5266,-20.6551],[-40.5293,-20.6767],[-40.5365,-20.6742],[-40.5397,-20.6765],[-40.5407,-20.6726],[-40.5443,-20.6731],[-40.5388,-20.678],[-40.5349,-20.6758],[-40.5293,-20.6779],[-40.5368,-20.6852],[-40.5223,-20.6909],[-40.5165,-20.6852],[-40.5308,-20.6842],[-40.5272,-20.679],[-40.5271,-20.6685],[-40.523,-20.6673],[-40.5264,-20.6667],[-40.5175,-20.6649],[-40.5049,-20.6707],[-40.4931,-20.6641],[-40.4908,-20.6673],[-40.4961,-20.6714],[-40.4957,-20.6767],[-40.5014,-20.6763],[-40.5113,-20.6926],[-40.5236,-20.7231],[-40.5206,-20.7302],[-40.5265,-20.7287],[-40.5256,-20.7343],[-40.5336,-20.7355],[-40.5326,-20.7404],[-40.5372,-20.745],[-40.5372,-20.7389],[-40.5494,-20.7406],[-40.5706,-20.7658],[-40.5758,-20.7569],[-40.5846,-20.7416],[-40.6358,-20.6508],[-40.6476,-20.6277],[-40.647,-20.6171],[-40.6449,-20.5856],[-40.6445,-20.5849],[-40.6428,-20.5588],[-40.6377,-20.5506],[-40.6395,-20.5468],[-40.6472,-20.5462],[-40.6668,-20.558],[-40.677,-20.5661],[-40.6725,-20.5738],[-40.6815,-20.5785],[-40.6844,-20.5662],[-40.681,-20.5565],[-40.6759,-20.5541],[-40.6729,-20.5573],[-40.6705,-20.5512],[-40.6727,-20.5444],[-40.7025,-20.5362],[-40.7012,-20.5252],[-40.6913,-20.5245],[-40.6956,-20.5204],[-40.6925,-20.5115],[-40.6951,-20.5045],[-40.6912,-20.4985],[-40.6849,-20.4996],[-40.6825,-20.4875],[-40.6772,-20.4888],[-40.6768,-20.4848],[-40.678,-20.4816],[-40.6738,-20.4799],[-40.6798,-20.474],[-40.6754,-20.4653],[-40.6691,-20.4662],[-40.6638,-20.4624],[-40.6586,-20.4654],[-40.658,-20.4601],[-40.6506,-20.4584]]]}},{"type":"Feature","properties":{"nome":"Ibatiba","cod":"3202454","uf":"ES"},"geometry":{"type":"Polygon","coordinates":[[[-41.4126,-20.2325],[-41.4159,-20.2392],[-41.4218,-20.2387],[-41.4248,-20.2465],[-41.4314,-20.2499],[-41.4442,-20.2651],[-41.4485,-20.2757],[-41.4395,-20.2821],[-41.4398,-20.2852],[-41.4434,-20.2962],[-41.4526,-20.3061],[-41.4578,-20.3076],[-41.4754,-20.3267],[-41.4823,-20.3227],[-41.4784,-20.3142],[-41.4896,-20.3012],[-41.4904,-20.2894],[-41.4959,-20.2794],[-41.5034,-20.2777],[-41.5137,-20.2835],[-41.5227,-20.2944],[-41.5284,-20.2873],[-41.5372,-20.2861],[-41.5386,-20.2902],[-41.5535,-20.2986],[-41.5586,-20.2815],[-41.5645,-20.2752],[-41.5649,-20.2726],[-41.5693,-20.2641],[-41.5944,-20.2672],[-41.5972,-20.2644],[-41.6075,-20.2698],[-41.6163,-20.2677],[-41.621,-20.2709],[-41.6211,-20.2709],[-41.6287,-20.2893],[-41.6372,-20.2934],[-41.6589,-20.3149],[-41.6799,-20.322],[-41.6872,-20.337],[-41.6869,-20.3282],[-41.6907,-20.3253],[-41.6809,-20.3197],[-41.6774,-20.3078],[-41.6799,-20.3009],[-41.6846,-20.3013],[-41.686,-20.2968],[-41.6842,-20.2888],[-41.6738,-20.2852],[-41.6775,-20.2798],[-41.6664,-20.2583],[-41.6765,-20.2642],[-41.6838,-20.2643],[-41.6816,-20.2561],[-41.6746,-20.2517],[-41.6754,-20.2419],[-41.668,-20.2283],[-41.6715,-20.2177],[-41.6656,-20.2062],[-41.6599,-20.2062],[-41.6019,-20.2064],[-41.5968,-20.2064],[-41.596,-20.2064],[-41.5767,-20.2065],[-41.5321,-20.2066],[-41.4722,-20.2068],[-41.4512,-20.2068],[-41.4107,-20.2069],[-41.4146,-20.2085],[-41.4161,-20.2168],[-41.4103,-20.2302],[-41.4126,-20.2325]]]}},{"type":"Feature","properties":{"nome":"Ibiraçu","cod":"3202504","uf":"ES"},"geometry":{"type":"Polygon","coordinates":[[[-40.3725,-19.7599],[-40.3733,-19.7601],[-40.3733,-19.7597],[-40.3726,-19.7596],[-40.3725,-19.7599]],[[-40.4309,-19.7864],[-40.4295,-19.7946],[-40.4156,-19.7927],[-40.4115,-19.785],[-40.4061,-19.7823],[-40.3883,-19.7875],[-40.3785,-19.7845],[-40.3699,-19.7861],[-40.369,-19.7691],[-40.3768,-19.7594],[-40.3698,-19.7629],[-40.3624,-19.7638],[-40.3632,-19.7692],[-40.3608,-19.7679],[-40.3591,-19.7757],[-40.3473,-19.7791],[-40.3471,-19.7826],[-40.3469,-19.802],[-40.3467,-19.815],[-40.3467,-19.8197],[-40.3463,-19.8519],[-40.3456,-19.9068],[-40.3491,-19.905],[-40.3566,-19.9121],[-40.3732,-19.9059],[-40.4027,-19.9065],[-40.4132,-19.9067],[-40.4246,-19.9068],[-40.425,-19.8927],[-40.435,-19.8834],[-40.4417,-19.8586],[-40.4471,-19.8587],[-40.4478,-19.8631],[-40.453,-19.865],[-40.4544,-19.8812],[-40.4674,-19.8677],[-40.4781,-19.8684],[-40.481,-19.8654],[-40.4822,-19.855],[-40.4848,-19.8542],[-40.493,-19.8506],[-40.5046,-19.8536],[-40.5121,-19.8379],[-40.5132,-19.8261],[-40.5037,-19.8016],[-40.4906,-19.7958],[-40.4854,-19.7882],[-40.4859,-19.7769],[-40.4762,-19.7735],[-40.4533,-19.7452],[-40.4482,-19.763],[-40.4406,-19.7752],[-40.439,-19.7852],[-40.4309,-19.7864]]]}},{"type":"Feature","properties":{"nome":"Ibitirama","cod":"3202553","uf":"ES"},"geometry":{"type":"Polygon","coordinates":[[[-41.6833,-20.4238],[-41.6832,-20.4239],[-41.6791,-20.4221],[-41.6779,-20.4151],[-41.6742,-20.4142],[-41.6726,-20.3969],[-41.663,-20.3961],[-41.6588,-20.391],[-41.6604,-20.3813],[-41.654,-20.382],[-41.6489,-20.3876],[-41.6515,-20.3951],[-41.6464,-20.4049],[-41.6412,-20.4072],[-41.636,-20.402],[-41.6316,-20.4113],[-41.6418,-20.4258],[-41.6414,-20.4369],[-41.6219,-20.4435],[-41.622,-20.4491],[-41.6321,-20.4597],[-41.6191,-20.464],[-41.6199,-20.4689],[-41.6155,-20.4745],[-41.604,-20.4789],[-41.599,-20.4762],[-41.5921,-20.4845],[-41.5981,-20.4998],[-41.5965,-20.5036],[-41.6026,-20.5123],[-41.6044,-20.5238],[-41.6018,-20.5298],[-41.6051,-20.5342],[-41.6015,-20.5381],[-41.6015,-20.5456],[-41.6072,-20.5484],[-41.6083,-20.5558],[-41.6188,-20.5653],[-41.6333,-20.5637],[-41.6396,-20.572],[-41.634,-20.5802],[-41.6378,-20.5883],[-41.6303,-20.597],[-41.6185,-20.6002],[-41.6241,-20.6082],[-41.6198,-20.6159],[-41.6242,-20.6159],[-41.6257,-20.6214],[-41.618,-20.6253],[-41.6144,-20.6198],[-41.6074,-20.6231],[-41.6034,-20.6311],[-41.6073,-20.632],[-41.6114,-20.6326],[-41.6102,-20.6458],[-41.6006,-20.6525],[-41.5973,-20.6626],[-41.6,-20.6644],[-41.6028,-20.6559],[-41.6201,-20.6458],[-41.6349,-20.6518],[-41.6386,-20.6554],[-41.6447,-20.6533],[-41.6402,-20.6402],[-41.6473,-20.638],[-41.6516,-20.6421],[-41.659,-20.6372],[-41.6622,-20.6305],[-41.6593,-20.6101],[-41.6688,-20.6086],[-41.6671,-20.5918],[-41.6626,-20.5875],[-41.669,-20.5774],[-41.6687,-20.5686],[-41.6757,-20.5545],[-41.6807,-20.5523],[-41.6904,-20.5429],[-41.6938,-20.5294],[-41.7134,-20.5275],[-41.7151,-20.5215],[-41.7138,-20.5182],[-41.7239,-20.5134],[-41.738,-20.5171],[-41.7409,-20.5151],[-41.7427,-20.5114],[-41.7459,-20.5046],[-41.7508,-20.5025],[-41.7829,-20.5039],[-41.7896,-20.4979],[-41.7943,-20.4792],[-41.7992,-20.4771],[-41.799,-20.4768],[-41.8025,-20.4425],[-41.7978,-20.4345],[-41.8032,-20.429],[-41.803,-20.4218],[-41.8036,-20.4162],[-41.791,-20.3957],[-41.7926,-20.3912],[-41.7885,-20.3843],[-41.7923,-20.3752],[-41.7675,-20.3733],[-41.7503,-20.3814],[-41.7391,-20.3813],[-41.7328,-20.3863],[-41.7294,-20.3897],[-41.7162,-20.3981],[-41.7039,-20.4131],[-41.6898,-20.4159],[-41.6833,-20.4238]]]}},{"type":"Feature","properties":{"nome":"Iconha","cod":"3202603","uf":"ES"},"geometry":{"type":"Polygon","coordinates":[[[-40.8387,-20.6876],[-40.8334,-20.6914],[-40.8275,-20.6906],[-40.8057,-20.7164],[-40.7965,-20.7127],[-40.7927,-20.7153],[-40.7945,-20.7245],[-40.8071,-20.7364],[-40.8069,-20.7414],[-40.8103,-20.7503],[-40.8045,-20.7553],[-40.7837,-20.7485],[-40.7759,-20.7563],[-40.7799,-20.7634],[-40.7738,-20.7639],[-40.7708,-20.769],[-40.7752,-20.7729],[-40.7696,-20.788],[-40.7976,-20.8194],[-40.8279,-20.8522],[-40.8279,-20.8083],[-40.8322,-20.8071],[-40.8405,-20.8136],[-40.842,-20.8086],[-40.8524,-20.8101],[-40.8561,-20.8144],[-40.8655,-20.8057],[-40.8779,-20.8151],[-40.8886,-20.8181],[-40.8965,-20.8153],[-40.8958,-20.8118],[-40.8958,-20.8117],[-40.8961,-20.8116],[-40.9066,-20.8064],[-40.9231,-20.787],[-40.935,-20.776],[-40.9384,-20.7772],[-40.9472,-20.7718],[-40.9444,-20.7652],[-40.9316,-20.7534],[-40.9312,-20.7471],[-40.9271,-20.7452],[-40.9232,-20.7487],[-40.9193,-20.7476],[-40.9223,-20.7474],[-40.9322,-20.7315],[-40.927,-20.7245],[-40.9261,-20.7155],[-40.9188,-20.7091],[-40.9151,-20.6938],[-40.9067,-20.6871],[-40.8969,-20.6775],[-40.881,-20.6712],[-40.8567,-20.6854],[-40.8437,-20.6871],[-40.8387,-20.6876]]]}},{"type":"Feature","properties":{"nome":"Irupi","cod":"3202652","uf":"ES"},"geometry":{"type":"Polygon","coordinates":[[[-41.6664,-20.2583],[-41.6775,-20.2798],[-41.6738,-20.2852],[-41.6842,-20.2888],[-41.686,-20.2968],[-41.6846,-20.3013],[-41.6799,-20.3009],[-41.6774,-20.3078],[-41.6809,-20.3197],[-41.6907,-20.3253],[-41.6869,-20.3282],[-41.6872,-20.337],[-41.6799,-20.322],[-41.6589,-20.3149],[-41.6372,-20.2934],[-41.6287,-20.2893],[-41.6211,-20.2709],[-41.621,-20.2709],[-41.6163,-20.2677],[-41.6075,-20.2698],[-41.5972,-20.2644],[-41.5944,-20.2672],[-41.5693,-20.2641],[-41.5649,-20.2726],[-41.5645,-20.2752],[-41.5586,-20.2815],[-41.5535,-20.2986],[-41.5475,-20.3041],[-41.5444,-20.3145],[-41.5394,-20.3164],[-41.539,-20.3227],[-41.546,-20.3255],[-41.5461,-20.3256],[-41.5596,-20.3365],[-41.558,-20.3426],[-41.5643,-20.3473],[-41.5741,-20.3465],[-41.5997,-20.36],[-41.5941,-20.364],[-41.5854,-20.3842],[-41.5946,-20.3883],[-41.6022,-20.3995],[-41.6044,-20.4029],[-41.6109,-20.4026],[-41.6127,-20.4145],[-41.6154,-20.4146],[-41.6268,-20.4114],[-41.6334,-20.3951],[-41.6364,-20.3931],[-41.6421,-20.3956],[-41.6549,-20.3721],[-41.6593,-20.3746],[-41.6635,-20.3705],[-41.669,-20.3784],[-41.6722,-20.3769],[-41.683,-20.3764],[-41.6877,-20.3848],[-41.698,-20.386],[-41.6993,-20.3693],[-41.7124,-20.3531],[-41.7173,-20.3401],[-41.7284,-20.3325],[-41.7355,-20.3216],[-41.745,-20.3206],[-41.7526,-20.3309],[-41.7774,-20.3412],[-41.7868,-20.3529],[-41.7957,-20.3486],[-41.7959,-20.341],[-41.7708,-20.3323],[-41.7661,-20.3309],[-41.7461,-20.3147],[-41.7345,-20.3172],[-41.7296,-20.3216],[-41.7209,-20.3184],[-41.7163,-20.3245],[-41.715,-20.3198],[-41.7183,-20.3173],[-41.7092,-20.3121],[-41.7172,-20.3046],[-41.7037,-20.2995],[-41.7087,-20.2931],[-41.695,-20.279],[-41.6972,-20.2707],[-41.6838,-20.2643],[-41.6765,-20.2642],[-41.6664,-20.2583]]]}},{"type":"Feature","properties":{"nome":"Itaguaçu","cod":"3202702","uf":"ES"},"geometry":{"type":"Polygon","coordinates":[[[-40.8559,-19.5875],[-40.8517,-19.597],[-40.8605,-19.6031],[-40.8545,-19.6097],[-40.8508,-19.6162],[-40.8349,-19.6159],[-40.8249,-19.6053],[-40.8254,-19.5972],[-40.8162,-19.5945],[-40.8068,-19.5977],[-40.7894,-19.5801],[-40.7835,-19.5793],[-40.7776,-19.5828],[-40.7844,-19.5865],[-40.7869,-19.5952],[-40.7735,-19.6141],[-40.7798,-19.6345],[-40.7681,-19.6352],[-40.7703,-19.6504],[-40.7565,-19.6525],[-40.7594,-19.669],[-40.7655,-19.6805],[-40.7728,-19.6968],[-40.7714,-19.7076],[-40.7758,-19.7123],[-40.7728,-19.7394],[-40.781,-19.7601],[-40.7762,-19.7725],[-40.7775,-19.7802],[-40.7732,-19.7873],[-40.7764,-19.7966],[-40.7713,-19.8037],[-40.7743,-19.8128],[-40.783,-19.818],[-40.781,-19.8303],[-40.7933,-19.8335],[-40.7967,-19.8376],[-40.8022,-19.8369],[-40.8138,-19.8455],[-40.8282,-19.8676],[-40.825,-19.8771],[-40.8172,-19.8846],[-40.8244,-19.8888],[-40.8392,-19.875],[-40.8811,-19.8358],[-40.8821,-19.8348],[-40.8844,-19.8327],[-40.8943,-19.8412],[-40.9023,-19.8392],[-40.9098,-19.8467],[-40.9167,-19.8435],[-40.9354,-19.8564],[-40.9488,-19.8608],[-40.9544,-19.8597],[-40.9589,-19.8516],[-40.9487,-19.8421],[-40.9574,-19.8317],[-40.9646,-19.8308],[-40.938,-19.8208],[-40.9426,-19.8061],[-40.9429,-19.8057],[-40.9586,-19.8044],[-40.9743,-19.7982],[-40.9865,-19.8055],[-40.9923,-19.8034],[-40.9966,-19.7897],[-40.9928,-19.7856],[-40.9908,-19.7592],[-40.9815,-19.7558],[-40.9801,-19.7442],[-40.9803,-19.7348],[-40.9741,-19.7275],[-40.9688,-19.7248],[-40.9596,-19.7292],[-40.9461,-19.7283],[-40.9432,-19.71],[-40.9362,-19.7068],[-40.9292,-19.6952],[-40.9208,-19.6948],[-40.9266,-19.6879],[-40.925,-19.6761],[-40.9286,-19.6719],[-40.9347,-19.6526],[-40.9363,-19.6409],[-40.9277,-19.6313],[-40.934,-19.6257],[-40.932,-19.6216],[-40.9381,-19.617],[-40.9301,-19.6166],[-40.929,-19.6111],[-40.9211,-19.6068],[-40.9213,-19.603],[-40.9119,-19.5988],[-40.8983,-19.5986],[-40.8916,-19.5929],[-40.8828,-19.5909],[-40.8759,-19.5737],[-40.8657,-19.5712],[-40.8495,-19.5583],[-40.8408,-19.5605],[-40.8455,-19.5648],[-40.8441,-19.5669],[-40.8331,-19.5674],[-40.8525,-19.5776],[-40.8559,-19.5875]]]}},{"type":"Feature","properties":{"nome":"Itapemirim","cod":"3202801","uf":"ES"},"geometry":{"type":"Polygon","coordinates":[[[-40.8723,-20.8919],[-40.8654,-20.8929],[-40.851,-20.886],[-40.828,-20.8904],[-40.8279,-20.8905],[-40.7811,-20.8726],[-40.7775,-20.8713],[-40.7752,-20.8704],[-40.7586,-20.8641],[-40.7618,-20.8762],[-40.7584,-20.8791],[-40.7647,-20.8891],[-40.7723,-20.8915],[-40.7761,-20.9047],[-40.7953,-20.9258],[-40.8038,-20.9432],[-40.8098,-20.9669],[-40.8103,-20.9945],[-40.8279,-21.018],[-40.8479,-21.0446],[-40.849,-21.0455],[-40.8744,-21.0579],[-40.8834,-21.0525],[-40.892,-21.0536],[-40.9016,-21.0485],[-40.9107,-21.0387],[-40.9183,-21.0452],[-40.9292,-21.0474],[-40.939,-21.0585],[-40.9336,-21.0648],[-40.9352,-21.0703],[-40.9337,-21.082],[-40.9461,-21.1137],[-40.9595,-21.0771],[-40.9717,-21.0767],[-40.9764,-21.0722],[-40.9823,-21.0669],[-40.9839,-21.0603],[-40.9933,-21.0566],[-41.0001,-21.0646],[-41.0181,-21.0629],[-41.0247,-21.0561],[-41.0235,-21.0504],[-41.0335,-21.0508],[-41.0406,-21.0448],[-41.0439,-21.0456],[-41.0417,-21.0421],[-41.0369,-21.0357],[-41.0433,-21.0182],[-41.0528,-21.0249],[-41.0635,-21.0265],[-41.0688,-21.0232],[-41.0777,-21.0238],[-41.092,-21.0176],[-41.0931,-21.0143],[-41.0975,-21.0112],[-41.1018,-21.0134],[-41.1002,-21.0054],[-41.1111,-20.9935],[-41.1082,-20.9827],[-41.1025,-20.9789],[-41.1074,-20.9736],[-41.112,-20.9753],[-41.1111,-20.9687],[-41.1191,-20.9665],[-41.1177,-20.9617],[-41.0977,-20.9572],[-41.0908,-20.9523],[-41.0862,-20.9412],[-41.0858,-20.941],[-41.0814,-20.936],[-41.0799,-20.9314],[-41.0784,-20.9259],[-41.0781,-20.9181],[-41.0715,-20.9192],[-41.0643,-20.9061],[-41.0527,-20.9025],[-41.0549,-20.8978],[-41.0575,-20.8924],[-41.0514,-20.8755],[-41.0395,-20.8688],[-41.0295,-20.8689],[-41.0251,-20.8689],[-41.0233,-20.8689],[-40.9908,-20.869],[-40.9797,-20.8689],[-40.9632,-20.8755],[-40.9451,-20.8858],[-40.9253,-20.8911],[-40.901,-20.89],[-40.9001,-20.89],[-40.8723,-20.8919]]]}},{"type":"Feature","properties":{"nome":"Itarana","cod":"3202900","uf":"ES"},"geometry":{"type":"Polygon","coordinates":[[[-40.8811,-19.8358],[-40.8392,-19.875],[-40.8244,-19.8888],[-40.8172,-19.8846],[-40.8134,-19.8906],[-40.8158,-19.9084],[-40.7952,-19.9109],[-40.7862,-19.9267],[-40.774,-19.9343],[-40.776,-19.9424],[-40.7849,-19.9621],[-40.7958,-19.966],[-40.8038,-19.9761],[-40.8127,-19.9794],[-40.8262,-19.9863],[-40.8317,-19.9862],[-40.8389,-19.9803],[-40.8504,-19.9845],[-40.8594,-19.9932],[-40.8622,-20.0026],[-40.8686,-20.0136],[-40.8677,-20.0221],[-40.8717,-20.0252],[-40.8801,-20.0318],[-40.8866,-20.0291],[-40.8935,-20.0417],[-40.903,-20.0447],[-40.9114,-20.0558],[-40.9212,-20.0551],[-40.9358,-20.0629],[-40.9444,-20.0623],[-40.9477,-20.0743],[-40.9554,-20.071],[-40.9528,-20.0691],[-40.9599,-20.0639],[-40.9562,-20.0626],[-40.9573,-20.0575],[-40.9673,-20.0462],[-40.968,-20.0374],[-40.9649,-20.0347],[-40.9658,-20.0293],[-40.9626,-20.0288],[-40.9659,-20.0252],[-40.9696,-20.0226],[-40.9703,-20.0007],[-40.9697,-19.9895],[-40.9691,-19.9757],[-40.9565,-19.9643],[-40.9583,-19.9529],[-40.9446,-19.9332],[-40.9466,-19.929],[-40.9482,-19.9164],[-40.9453,-19.9069],[-40.9438,-19.9031],[-40.9244,-19.9017],[-40.9334,-19.8948],[-40.9334,-19.8745],[-40.9408,-19.8715],[-40.9479,-19.8622],[-40.9488,-19.8608],[-40.9354,-19.8564],[-40.9167,-19.8435],[-40.9098,-19.8467],[-40.9023,-19.8392],[-40.8943,-19.8412],[-40.8844,-19.8327],[-40.8821,-19.8348],[-40.8811,-19.8358]]]}},{"type":"Feature","properties":{"nome":"Iúna","cod":"3203007","uf":"ES"},"geometry":{"type":"Polygon","coordinates":[[[-41.6656,-20.2062],[-41.6715,-20.2177],[-41.668,-20.2283],[-41.6754,-20.2419],[-41.6746,-20.2517],[-41.6816,-20.2561],[-41.6838,-20.2643],[-41.6972,-20.2707],[-41.695,-20.279],[-41.7087,-20.2931],[-41.7037,-20.2995],[-41.7172,-20.3046],[-41.7092,-20.3121],[-41.7183,-20.3173],[-41.715,-20.3198],[-41.7163,-20.3245],[-41.7209,-20.3184],[-41.7296,-20.3216],[-41.7345,-20.3172],[-41.7461,-20.3147],[-41.7661,-20.3309],[-41.7708,-20.3323],[-41.7959,-20.341],[-41.7957,-20.3486],[-41.7868,-20.3529],[-41.7774,-20.3412],[-41.7526,-20.3309],[-41.745,-20.3206],[-41.7355,-20.3216],[-41.7284,-20.3325],[-41.7173,-20.3401],[-41.7124,-20.3531],[-41.6993,-20.3693],[-41.698,-20.386],[-41.6877,-20.3848],[-41.683,-20.3764],[-41.6722,-20.3769],[-41.669,-20.3784],[-41.6635,-20.3705],[-41.6593,-20.3746],[-41.6549,-20.3721],[-41.6421,-20.3956],[-41.6364,-20.3931],[-41.6334,-20.3951],[-41.6268,-20.4114],[-41.6154,-20.4146],[-41.6127,-20.4145],[-41.6109,-20.4026],[-41.6044,-20.4029],[-41.6022,-20.3995],[-41.5946,-20.3883],[-41.5854,-20.3842],[-41.5941,-20.364],[-41.5997,-20.36],[-41.5741,-20.3465],[-41.5643,-20.3473],[-41.558,-20.3426],[-41.5596,-20.3365],[-41.5461,-20.3256],[-41.546,-20.3255],[-41.539,-20.3227],[-41.5394,-20.3164],[-41.5444,-20.3145],[-41.5475,-20.3041],[-41.5535,-20.2986],[-41.5386,-20.2902],[-41.5372,-20.2861],[-41.5284,-20.2873],[-41.5227,-20.2944],[-41.5137,-20.2835],[-41.5034,-20.2777],[-41.4959,-20.2794],[-41.4904,-20.2894],[-41.4896,-20.3012],[-41.4784,-20.3142],[-41.4823,-20.3227],[-41.4754,-20.3267],[-41.4742,-20.3306],[-41.4644,-20.3344],[-41.4681,-20.3444],[-41.4647,-20.3457],[-41.4621,-20.35],[-41.4708,-20.3622],[-41.4674,-20.3864],[-41.4714,-20.3917],[-41.4741,-20.4064],[-41.4795,-20.4138],[-41.503,-20.4321],[-41.5224,-20.4392],[-41.5345,-20.4391],[-41.5398,-20.4312],[-41.5554,-20.4345],[-41.5619,-20.4328],[-41.5641,-20.427],[-41.5776,-20.4287],[-41.5722,-20.4458],[-41.5844,-20.4613],[-41.5838,-20.4651],[-41.5767,-20.4672],[-41.5785,-20.4778],[-41.5736,-20.4936],[-41.5775,-20.4986],[-41.5965,-20.5036],[-41.5981,-20.4998],[-41.5921,-20.4845],[-41.599,-20.4762],[-41.604,-20.4789],[-41.6155,-20.4745],[-41.6199,-20.4689],[-41.6191,-20.464],[-41.6321,-20.4597],[-41.622,-20.4491],[-41.6219,-20.4435],[-41.6414,-20.4369],[-41.6418,-20.4258],[-41.6316,-20.4113],[-41.636,-20.402],[-41.6412,-20.4072],[-41.6464,-20.4049],[-41.6515,-20.3951],[-41.6489,-20.3876],[-41.654,-20.382],[-41.6604,-20.3813],[-41.6588,-20.391],[-41.663,-20.3961],[-41.6726,-20.3969],[-41.6742,-20.4142],[-41.6779,-20.4151],[-41.6791,-20.4221],[-41.6832,-20.4239],[-41.6833,-20.4238],[-41.6898,-20.4159],[-41.7039,-20.4131],[-41.7162,-20.3981],[-41.7294,-20.3897],[-41.7328,-20.3863],[-41.7391,-20.3813],[-41.7503,-20.3814],[-41.7675,-20.3733],[-41.7923,-20.3752],[-41.7885,-20.3843],[-41.7926,-20.3912],[-41.791,-20.3957],[-41.8036,-20.4162],[-41.803,-20.4218],[-41.8361,-20.4088],[-41.8453,-20.3815],[-41.8474,-20.3746],[-41.8586,-20.3732],[-41.8521,-20.3563],[-41.8522,-20.3477],[-41.844,-20.3404],[-41.8435,-20.3336],[-41.848,-20.3297],[-41.8415,-20.3261],[-41.8361,-20.3295],[-41.834,-20.3252],[-41.8253,-20.3194],[-41.8224,-20.3106],[-41.8183,-20.3101],[-41.8065,-20.307],[-41.8027,-20.2987],[-41.797,-20.296],[-41.7817,-20.294],[-41.7774,-20.2881],[-41.7787,-20.2777],[-41.7773,-20.2708],[-41.7755,-20.2626],[-41.7744,-20.2593],[-41.7709,-20.2565],[-41.7667,-20.2288],[-41.7636,-20.2273],[-41.7654,-20.2234],[-41.7595,-20.2129],[-41.7567,-20.2134],[-41.7564,-20.2064],[-41.6656,-20.2062]]]}},{"type":"Feature","properties":{"nome":"Jaguaré","cod":"3203056","uf":"ES"},"geometry":{"type":"Polygon","coordinates":[[[-40.1001,-18.7922],[-40.0855,-18.8025],[-40.0742,-18.801],[-40.0605,-18.8042],[-40.0526,-18.8099],[-40.0267,-18.8072],[-40.0166,-18.814],[-40.0074,-18.8135],[-40.0076,-18.8974],[-40.0069,-18.8929],[-39.9882,-18.8769],[-39.9652,-18.8816],[-39.9578,-18.8995],[-39.9536,-18.9028],[-39.9299,-18.9288],[-39.9184,-18.9333],[-39.9014,-18.9583],[-39.8752,-18.9785],[-39.8351,-19.0295],[-39.7416,-19.1491],[-39.752,-19.1584],[-39.7737,-19.16],[-39.7768,-19.1506],[-39.8029,-19.1487],[-39.8258,-19.1388],[-39.8355,-19.1392],[-39.8355,-19.1304],[-39.8391,-19.129],[-39.8416,-19.12],[-39.8486,-19.125],[-39.8729,-19.1108],[-39.8762,-19.1036],[-39.8706,-19.0992],[-39.8833,-19.0968],[-39.8848,-19.0889],[-39.8826,-19.0829],[-39.8766,-19.0861],[-39.8703,-19.0797],[-39.8718,-19.0684],[-39.8808,-19.0621],[-39.8767,-19.049],[-39.8821,-19.0465],[-39.8938,-19.0555],[-39.8995,-19.0508],[-39.9122,-19.0555],[-39.9262,-19.0602],[-39.9303,-19.0583],[-39.9297,-19.0518],[-39.947,-19.0459],[-39.9638,-19.0257],[-39.9714,-19.0232],[-39.982,-19.0072],[-39.9992,-18.9956],[-40.0002,-18.9952],[-40.0028,-18.9955],[-40.0214,-18.9893],[-40.0237,-18.9878],[-40.0378,-18.9858],[-40.0636,-18.9805],[-40.0714,-18.9831],[-40.0838,-18.9811],[-40.1049,-18.9699],[-40.1269,-18.9642],[-40.1361,-18.9642],[-40.1488,-18.955],[-40.1546,-18.9557],[-40.1741,-18.9478],[-40.1786,-18.9493],[-40.1782,-18.9429],[-40.1846,-18.9372],[-40.183,-18.9303],[-40.1902,-18.9228],[-40.1949,-18.9227],[-40.1942,-18.9159],[-40.1978,-18.9106],[-40.2028,-18.9106],[-40.2071,-18.9048],[-40.2048,-18.8979],[-40.2071,-18.8833],[-40.2084,-18.8815],[-40.182,-18.8504],[-40.1705,-18.8367],[-40.1494,-18.8114],[-40.1177,-18.7742],[-40.1001,-18.7922]]]}},{"type":"Feature","properties":{"nome":"Jerônimo Monteiro","cod":"3203106","uf":"ES"},"geometry":{"type":"Polygon","coordinates":[[[-41.3616,-20.7209],[-41.3516,-20.7298],[-41.3399,-20.7239],[-41.328,-20.7295],[-41.3215,-20.7334],[-41.3397,-20.7473],[-41.3316,-20.7545],[-41.3377,-20.7571],[-41.3367,-20.7613],[-41.3446,-20.7685],[-41.3411,-20.7762],[-41.354,-20.7825],[-41.3479,-20.7866],[-41.3447,-20.7949],[-41.3455,-20.7977],[-41.3456,-20.7978],[-41.3478,-20.8104],[-41.3418,-20.8181],[-41.3443,-20.8238],[-41.3406,-20.8327],[-41.3433,-20.8487],[-41.3339,-20.8548],[-41.3373,-20.863],[-41.3405,-20.8739],[-41.3708,-20.8735],[-41.3883,-20.8631],[-41.4001,-20.8559],[-41.4146,-20.8522],[-41.4154,-20.8534],[-41.4196,-20.8611],[-41.4157,-20.8654],[-41.4228,-20.8674],[-41.4252,-20.8723],[-41.4232,-20.8784],[-41.429,-20.9021],[-41.4347,-20.9074],[-41.4452,-20.9092],[-41.4552,-20.8932],[-41.4526,-20.8914],[-41.4592,-20.8805],[-41.4566,-20.8707],[-41.4632,-20.8663],[-41.4581,-20.856],[-41.4608,-20.8508],[-41.4573,-20.8462],[-41.459,-20.8374],[-41.4537,-20.8337],[-41.4511,-20.8278],[-41.4549,-20.8204],[-41.4506,-20.8186],[-41.4548,-20.8125],[-41.4528,-20.8051],[-41.445,-20.8013],[-41.4432,-20.796],[-41.4289,-20.79],[-41.4272,-20.7836],[-41.4163,-20.7801],[-41.3991,-20.7344],[-41.3981,-20.7344],[-41.3841,-20.7365],[-41.3823,-20.7253],[-41.3754,-20.73],[-41.3704,-20.7206],[-41.3616,-20.7209]]]}},{"type":"Feature","properties":{"nome":"João Neiva","cod":"3203130","uf":"ES"},"geometry":{"type":"Polygon","coordinates":[[[-40.3702,-19.6237],[-40.3735,-19.6419],[-40.3699,-19.653],[-40.3639,-19.6564],[-40.3571,-19.6706],[-40.3487,-19.6664],[-40.3498,-19.6748],[-40.3523,-19.6939],[-40.3483,-19.7012],[-40.3414,-19.7049],[-40.3483,-19.706],[-40.3482,-19.7179],[-40.348,-19.7307],[-40.3477,-19.7564],[-40.3473,-19.7791],[-40.3591,-19.7757],[-40.3608,-19.7679],[-40.3632,-19.7692],[-40.3624,-19.7638],[-40.3698,-19.7629],[-40.3768,-19.7594],[-40.369,-19.7691],[-40.3699,-19.7861],[-40.3785,-19.7845],[-40.3883,-19.7875],[-40.4061,-19.7823],[-40.4115,-19.785],[-40.4156,-19.7927],[-40.4295,-19.7946],[-40.4309,-19.7864],[-40.439,-19.7852],[-40.4406,-19.7752],[-40.4482,-19.763],[-40.4533,-19.7452],[-40.4762,-19.7735],[-40.4859,-19.7769],[-40.4854,-19.7882],[-40.4906,-19.7958],[-40.5037,-19.8016],[-40.5109,-19.7823],[-40.5225,-19.7724],[-40.5183,-19.7452],[-40.5195,-19.7271],[-40.527,-19.7151],[-40.5109,-19.6692],[-40.5024,-19.6584],[-40.4977,-19.6589],[-40.4971,-19.653],[-40.4886,-19.6498],[-40.4895,-19.6447],[-40.4855,-19.64],[-40.4753,-19.6413],[-40.4695,-19.6322],[-40.4632,-19.6308],[-40.4211,-19.6405],[-40.3757,-19.6223],[-40.3702,-19.6237]],[[-40.3733,-19.7597],[-40.3733,-19.7601],[-40.3725,-19.7599],[-40.3726,-19.7596],[-40.3733,-19.7597]]]}},{"type":"Feature","properties":{"nome":"Laranja da Terra","cod":"3203163","uf":"ES"},"geometry":{"type":"Polygon","coordinates":[[[-41.1545,-19.7591],[-41.1483,-19.7664],[-41.1342,-19.7732],[-41.1264,-19.7715],[-41.1222,-19.7796],[-41.1246,-19.7881],[-41.1152,-19.794],[-41.1114,-19.7932],[-41.1101,-19.7848],[-41.1014,-19.7827],[-41.0963,-19.7866],[-41.0741,-19.7732],[-41.0686,-19.7758],[-41.0539,-19.7616],[-41.0537,-19.7615],[-41.0423,-19.7631],[-41.0472,-19.7688],[-41.0525,-19.7688],[-41.0544,-19.7758],[-41.0457,-19.7771],[-41.036,-19.7913],[-41.0221,-19.7813],[-41.0173,-19.7852],[-41.0106,-19.8044],[-40.9923,-19.8034],[-40.9865,-19.8055],[-40.9743,-19.7982],[-40.9586,-19.8044],[-40.9429,-19.8057],[-40.9426,-19.8061],[-40.938,-19.8208],[-40.9646,-19.8308],[-40.9574,-19.8317],[-40.9487,-19.8421],[-40.9589,-19.8516],[-40.9544,-19.8597],[-40.9488,-19.8608],[-40.9479,-19.8622],[-40.9408,-19.8715],[-40.9334,-19.8745],[-40.9334,-19.8948],[-40.9244,-19.9017],[-40.9438,-19.9031],[-40.9453,-19.9069],[-40.9482,-19.9164],[-40.9466,-19.929],[-40.9446,-19.9332],[-40.9583,-19.9529],[-40.9565,-19.9643],[-40.9691,-19.9757],[-40.9794,-19.9785],[-40.9843,-19.973],[-40.9852,-19.972],[-40.9946,-19.9682],[-40.9946,-19.96],[-41.004,-19.9611],[-41.0079,-19.9611],[-41.0138,-19.9699],[-41.0186,-19.9709],[-41.0371,-19.9772],[-41.0458,-19.9768],[-41.0549,-19.9863],[-41.0648,-19.9869],[-41.0748,-19.9777],[-41.0868,-19.9708],[-41.0947,-19.9702],[-41.103,-19.9636],[-41.1116,-19.9727],[-41.1206,-19.9658],[-41.1151,-19.9632],[-41.1155,-19.9585],[-41.1097,-19.9544],[-41.1118,-19.9492],[-41.1153,-19.9412],[-41.1246,-19.9358],[-41.1267,-19.9154],[-41.1308,-19.9092],[-41.1446,-19.8913],[-41.1554,-19.8915],[-41.1747,-19.907],[-41.1872,-19.8912],[-41.1845,-19.8885],[-41.1836,-19.8483],[-41.1787,-19.8465],[-41.1753,-19.8389],[-41.1859,-19.8272],[-41.1751,-19.8253],[-41.1658,-19.8101],[-41.1656,-19.792],[-41.1737,-19.7835],[-41.1713,-19.7779],[-41.1745,-19.7666],[-41.1735,-19.762],[-41.1667,-19.7624],[-41.1589,-19.764],[-41.1545,-19.7591]]]}},{"type":"Feature","properties":{"nome":"Linhares","cod":"3203205","uf":"ES"},"geometry":{"type":"Polygon","coordinates":[[[-39.9638,-19.0257],[-39.947,-19.0459],[-39.9297,-19.0518],[-39.9303,-19.0583],[-39.9262,-19.0602],[-39.9122,-19.0555],[-39.8995,-19.0508],[-39.8938,-19.0555],[-39.8821,-19.0465],[-39.8767,-19.049],[-39.8808,-19.0621],[-39.8718,-19.0684],[-39.8703,-19.0797],[-39.8766,-19.0861],[-39.8826,-19.0829],[-39.8848,-19.0889],[-39.8833,-19.0968],[-39.8706,-19.0992],[-39.8762,-19.1036],[-39.8729,-19.1108],[-39.8486,-19.125],[-39.8416,-19.12],[-39.8391,-19.129],[-39.8355,-19.1304],[-39.8355,-19.1392],[-39.8258,-19.1388],[-39.8029,-19.1487],[-39.7768,-19.1506],[-39.7737,-19.16],[-39.752,-19.1584],[-39.7416,-19.1491],[-39.7358,-19.1406],[-39.7322,-19.125],[-39.7377,-19.1032],[-39.7316,-19.0969],[-39.7186,-19.0965],[-39.7079,-19.1797],[-39.7029,-19.211],[-39.6971,-19.2429],[-39.6887,-19.2958],[-39.6961,-19.3672],[-39.7291,-19.4654],[-39.7708,-19.5598],[-39.8063,-19.631],[-39.807,-19.6477],[-39.8123,-19.6517],[-39.8164,-19.6546],[-39.8251,-19.6531],[-39.8364,-19.656],[-39.8414,-19.6576],[-39.8734,-19.6681],[-39.9113,-19.6865],[-39.9156,-19.6836],[-39.9351,-19.6705],[-40.0312,-19.6058],[-40.0492,-19.5841],[-40.0648,-19.5848],[-40.0752,-19.5783],[-40.0861,-19.5645],[-40.1114,-19.5528],[-40.1236,-19.5506],[-40.1384,-19.5509],[-40.1406,-19.5555],[-40.145,-19.5564],[-40.1664,-19.5529],[-40.1693,-19.5581],[-40.1756,-19.56],[-40.1841,-19.5615],[-40.1911,-19.566],[-40.192,-19.5704],[-40.1988,-19.5711],[-40.2004,-19.5772],[-40.2089,-19.5851],[-40.2149,-19.5836],[-40.2271,-19.5839],[-40.2391,-19.5935],[-40.2552,-19.5977],[-40.2578,-19.6058],[-40.2667,-19.6098],[-40.2724,-19.6227],[-40.2894,-19.6242],[-40.2881,-19.6348],[-40.3086,-19.6479],[-40.3043,-19.6613],[-40.3329,-19.6417],[-40.3442,-19.6521],[-40.3487,-19.6664],[-40.3571,-19.6706],[-40.3639,-19.6564],[-40.3699,-19.653],[-40.3735,-19.6419],[-40.3702,-19.6237],[-40.3757,-19.6223],[-40.3751,-19.6185],[-40.3698,-19.6169],[-40.3747,-19.5982],[-40.3716,-19.5944],[-40.387,-19.5767],[-40.3887,-19.5641],[-40.3707,-19.5554],[-40.3679,-19.5497],[-40.3719,-19.5456],[-40.373,-19.5353],[-40.3731,-19.5347],[-40.3922,-19.5099],[-40.4066,-19.5098],[-40.4202,-19.5021],[-40.4315,-19.4915],[-40.4356,-19.4635],[-40.4394,-19.4601],[-40.4478,-19.4607],[-40.4426,-19.4522],[-40.4458,-19.4502],[-40.4411,-19.4391],[-40.4333,-19.435],[-40.443,-19.4262],[-40.4475,-19.4259],[-40.4567,-19.4162],[-40.4533,-19.401],[-40.4775,-19.3829],[-40.4789,-19.3647],[-40.4925,-19.3709],[-40.4957,-19.3656],[-40.4936,-19.3627],[-40.5001,-19.3566],[-40.5145,-19.3434],[-40.5244,-19.3458],[-40.5301,-19.3424],[-40.5245,-19.3312],[-40.5136,-19.3239],[-40.5078,-19.3099],[-40.5075,-19.3065],[-40.4901,-19.2971],[-40.4889,-19.2864],[-40.4825,-19.2872],[-40.4787,-19.2923],[-40.4651,-19.2871],[-40.4605,-19.2783],[-40.4538,-19.28],[-40.45,-19.2911],[-40.4422,-19.2908],[-40.4345,-19.2806],[-40.4394,-19.2713],[-40.4312,-19.2588],[-40.4279,-19.2581],[-40.4276,-19.2714],[-40.4196,-19.2657],[-40.4089,-19.2654],[-40.4174,-19.272],[-40.4141,-19.2777],[-40.4211,-19.2992],[-40.4307,-19.3077],[-40.4342,-19.3161],[-40.431,-19.3224],[-40.416,-19.3246],[-40.4045,-19.3478],[-40.4006,-19.3462],[-40.3975,-19.3472],[-40.3979,-19.3649],[-40.3945,-19.3677],[-40.3812,-19.3695],[-40.378,-19.3639],[-40.3809,-19.3605],[-40.3724,-19.3614],[-40.3657,-19.3523],[-40.3534,-19.3568],[-40.3495,-19.3525],[-40.3375,-19.3561],[-40.3349,-19.3609],[-40.3367,-19.3665],[-40.3252,-19.3763],[-40.3114,-19.3412],[-40.3021,-19.3177],[-40.2978,-19.3554],[-40.2845,-19.3638],[-40.2742,-19.362],[-40.2729,-19.3684],[-40.2369,-19.3549],[-40.2034,-19.3424],[-40.1923,-19.2902],[-40.1921,-19.2895],[-40.1819,-19.2338],[-40.1887,-19.2257],[-40.1908,-19.2165],[-40.1917,-19.1917],[-40.1567,-19.1934],[-40.1477,-19.2168],[-40.1175,-19.229],[-40.1146,-19.2208],[-40.1208,-19.2112],[-40.1041,-19.2084],[-40.0969,-19.2219],[-40.0837,-19.2253],[-40.084,-19.2349],[-40.0368,-19.1846],[-40.0399,-19.186],[-40.0528,-19.1745],[-40.0699,-19.1691],[-40.0877,-19.1686],[-40.0846,-19.1624],[-40.0756,-19.1442],[-40.0749,-19.1428],[-40.0729,-19.1387],[-40.0719,-19.1368],[-40.0454,-19.0832],[-40.0345,-19.0613],[-40.0316,-19.0585],[-40.0197,-19.0515],[-40.0145,-19.0534],[-40.0046,-19.0482],[-39.9891,-19.0465],[-39.9977,-19.0414],[-40.008,-19.0455],[-40.0229,-19.0374],[-40.0028,-18.9955],[-40.0002,-18.9952],[-39.9992,-18.9956],[-39.982,-19.0072],[-39.9714,-19.0232],[-39.9638,-19.0257]]]}},{"type":"Feature","properties":{"nome":"Mantenópolis","cod":"3203304","uf":"ES"},"geometry":{"type":"Polygon","coordinates":[[[-41.1568,-18.797],[-41.1486,-18.797],[-41.1337,-18.7956],[-41.1296,-18.807],[-41.1188,-18.8096],[-41.1196,-18.8172],[-41.1101,-18.8385],[-41.0971,-18.8418],[-41.0833,-18.8361],[-41.0699,-18.8359],[-41.0488,-18.8363],[-41.0474,-18.8363],[-41.025,-18.8367],[-40.989,-18.8547],[-40.9555,-18.8714],[-40.8976,-18.9002],[-40.9045,-18.9391],[-40.9251,-18.9398],[-40.9989,-18.9423],[-41.0577,-18.9443],[-41.0645,-18.9446],[-41.0697,-18.9412],[-41.0782,-18.9472],[-41.0788,-18.9381],[-41.0918,-18.934],[-41.1033,-18.9336],[-41.1032,-18.9299],[-41.1095,-18.9277],[-41.1124,-18.9221],[-41.1178,-18.9213],[-41.114,-18.9122],[-41.1201,-18.9075],[-41.1192,-18.903],[-41.1265,-18.894],[-41.1309,-18.8939],[-41.1434,-18.8844],[-41.1487,-18.8853],[-41.1526,-18.8861],[-41.1553,-18.8755],[-41.1588,-18.8639],[-41.1657,-18.8579],[-41.189,-18.8637],[-41.1986,-18.8629],[-41.208,-18.8546],[-41.2119,-18.8684],[-41.2094,-18.874],[-41.2144,-18.8772],[-41.2297,-18.8579],[-41.239,-18.8582],[-41.2426,-18.8541],[-41.2393,-18.8464],[-41.2435,-18.8431],[-41.2374,-18.8343],[-41.2451,-18.8215],[-41.2322,-18.7968],[-41.1672,-18.797],[-41.1568,-18.797]]]}},{"type":"Feature","properties":{"nome":"Marataízes","cod":"3203320","uf":"ES"},"geometry":{"type":"Polygon","coordinates":[[[-40.8103,-20.9945],[-40.8054,-21.0041],[-40.8003,-21.0033],[-40.8063,-21.0072],[-40.8104,-21.0209],[-40.813,-21.0356],[-40.8278,-21.0465],[-40.856,-21.1276],[-40.8805,-21.1434],[-40.8908,-21.157],[-40.9077,-21.1673],[-40.9256,-21.1912],[-40.9282,-21.1868],[-40.9375,-21.1854],[-40.9461,-21.1745],[-40.9488,-21.1639],[-40.9497,-21.1305],[-40.9461,-21.1137],[-40.9337,-21.082],[-40.9352,-21.0703],[-40.9336,-21.0648],[-40.939,-21.0585],[-40.9292,-21.0474],[-40.9183,-21.0452],[-40.9107,-21.0387],[-40.9016,-21.0485],[-40.892,-21.0536],[-40.8834,-21.0525],[-40.8744,-21.0579],[-40.849,-21.0455],[-40.8479,-21.0446],[-40.8279,-21.018],[-40.8103,-20.9945]]]}},{"type":"Feature","properties":{"nome":"Marechal Floriano","cod":"3203346","uf":"ES"},"geometry":{"type":"Polygon","coordinates":[[[-40.7406,-20.3775],[-40.7408,-20.3851],[-40.7347,-20.3844],[-40.7318,-20.389],[-40.7241,-20.3859],[-40.7214,-20.3882],[-40.7212,-20.3883],[-40.7143,-20.3774],[-40.7087,-20.3782],[-40.7061,-20.3856],[-40.6956,-20.391],[-40.6898,-20.3914],[-40.6873,-20.3873],[-40.6684,-20.3871],[-40.6683,-20.3871],[-40.665,-20.3836],[-40.6462,-20.386],[-40.6435,-20.3911],[-40.6469,-20.3993],[-40.6412,-20.4051],[-40.6345,-20.4182],[-40.6252,-20.4241],[-40.6218,-20.4353],[-40.6324,-20.4619],[-40.6258,-20.4678],[-40.6336,-20.4714],[-40.6347,-20.4675],[-40.6443,-20.4666],[-40.6506,-20.4584],[-40.658,-20.4601],[-40.6607,-20.4491],[-40.674,-20.4494],[-40.6837,-20.441],[-40.689,-20.4337],[-40.7027,-20.4324],[-40.7154,-20.4413],[-40.7079,-20.4475],[-40.711,-20.4504],[-40.7099,-20.4595],[-40.7199,-20.4604],[-40.7235,-20.4577],[-40.7273,-20.4616],[-40.7288,-20.4625],[-40.7361,-20.4666],[-40.7369,-20.4743],[-40.7437,-20.4752],[-40.7408,-20.4808],[-40.7518,-20.4884],[-40.7483,-20.4929],[-40.761,-20.5041],[-40.764,-20.4972],[-40.7695,-20.497],[-40.7755,-20.4964],[-40.7868,-20.5096],[-40.793,-20.5075],[-40.7981,-20.5141],[-40.8157,-20.5233],[-40.8218,-20.5173],[-40.8102,-20.5017],[-40.8071,-20.4918],[-40.8135,-20.4821],[-40.8183,-20.4886],[-40.831,-20.4843],[-40.8356,-20.4879],[-40.8423,-20.4853],[-40.8552,-20.4916],[-40.861,-20.4883],[-40.8656,-20.4799],[-40.8699,-20.4649],[-40.9048,-20.4621],[-40.904,-20.4581],[-40.9118,-20.4492],[-40.9086,-20.4459],[-40.9004,-20.4478],[-40.9036,-20.4377],[-40.8981,-20.4337],[-40.8991,-20.4233],[-40.8876,-20.4194],[-40.8874,-20.4068],[-40.8948,-20.3978],[-40.8865,-20.3966],[-40.8695,-20.3819],[-40.8594,-20.3807],[-40.8565,-20.3849],[-40.8329,-20.3737],[-40.8333,-20.3777],[-40.8207,-20.3926],[-40.803,-20.3966],[-40.7893,-20.4059],[-40.7858,-20.3963],[-40.7874,-20.3831],[-40.7803,-20.3787],[-40.782,-20.3727],[-40.778,-20.3647],[-40.7675,-20.3598],[-40.7601,-20.3469],[-40.7472,-20.344],[-40.734,-20.3456],[-40.7312,-20.3465],[-40.7348,-20.3581],[-40.7387,-20.3646],[-40.7351,-20.3691],[-40.7406,-20.3775]]]}},{"type":"Feature","properties":{"nome":"Marilândia","cod":"3203353","uf":"ES"},"geometry":{"type":"Polygon","coordinates":[[[-40.5301,-19.3424],[-40.5244,-19.3458],[-40.5145,-19.3434],[-40.5001,-19.3566],[-40.4936,-19.3627],[-40.4957,-19.3656],[-40.4925,-19.3709],[-40.4789,-19.3647],[-40.4775,-19.3829],[-40.4533,-19.401],[-40.4567,-19.4162],[-40.4475,-19.4259],[-40.443,-19.4262],[-40.4333,-19.435],[-40.4411,-19.4391],[-40.4458,-19.4502],[-40.4426,-19.4522],[-40.4478,-19.4607],[-40.4394,-19.4601],[-40.4356,-19.4635],[-40.4315,-19.4915],[-40.4202,-19.5021],[-40.4066,-19.5098],[-40.3922,-19.5099],[-40.3731,-19.5347],[-40.373,-19.5353],[-40.3896,-19.5434],[-40.4331,-19.5331],[-40.4733,-19.5363],[-40.4816,-19.5348],[-40.4982,-19.5177],[-40.5057,-19.5151],[-40.5092,-19.5122],[-40.5189,-19.5028],[-40.5337,-19.4998],[-40.5334,-19.4914],[-40.5521,-19.4826],[-40.5601,-19.4725],[-40.5665,-19.4537],[-40.5672,-19.4397],[-40.5737,-19.436],[-40.5761,-19.4286],[-40.5845,-19.4326],[-40.5969,-19.4314],[-40.5997,-19.4387],[-40.6141,-19.4387],[-40.6188,-19.4462],[-40.6238,-19.4471],[-40.6262,-19.448],[-40.6288,-19.438],[-40.6332,-19.4362],[-40.6425,-19.4047],[-40.6433,-19.3828],[-40.6368,-19.383],[-40.6352,-19.3785],[-40.6424,-19.3742],[-40.6335,-19.3672],[-40.6249,-19.3481],[-40.6063,-19.3536],[-40.5861,-19.3566],[-40.5671,-19.3656],[-40.5501,-19.348],[-40.5479,-19.3419],[-40.5315,-19.3301],[-40.5271,-19.3232],[-40.5078,-19.3099],[-40.5136,-19.3239],[-40.5245,-19.3312],[-40.5301,-19.3424]]]}},{"type":"Feature","properties":{"nome":"Mimoso do Sul","cod":"3203403","uf":"ES"},"geometry":{"type":"Polygon","coordinates":[[[-41.531,-20.8842],[-41.5255,-20.8863],[-41.5209,-20.8837],[-41.5141,-20.8888],[-41.5153,-20.8982],[-41.5011,-20.9079],[-41.4985,-20.8959],[-41.4904,-20.8952],[-41.4857,-20.8845],[-41.4736,-20.8835],[-41.4704,-20.8967],[-41.4608,-20.9014],[-41.4625,-20.8942],[-41.4552,-20.8932],[-41.4452,-20.9092],[-41.4415,-20.9228],[-41.4576,-20.9585],[-41.4723,-20.991],[-41.4163,-21.0072],[-41.3763,-21.0095],[-41.3656,-21.0054],[-41.3593,-20.9958],[-41.3503,-20.996],[-41.3464,-20.9901],[-41.3433,-20.9914],[-41.3192,-21.0051],[-41.3107,-21.0054],[-41.3043,-20.9983],[-41.2907,-21.0043],[-41.2783,-21.002],[-41.258,-21.0262],[-41.2455,-21.0251],[-41.2403,-21.0132],[-41.2282,-21.0062],[-41.2225,-21.019],[-41.2034,-21.0482],[-41.197,-21.0511],[-41.1939,-21.0612],[-41.2094,-21.0677],[-41.2144,-21.0651],[-41.2291,-21.0735],[-41.2333,-21.0785],[-41.231,-21.0845],[-41.2203,-21.0941],[-41.2228,-21.1115],[-41.2058,-21.1425],[-41.205,-21.1456],[-41.1907,-21.1758],[-41.1919,-21.194],[-41.1875,-21.2195],[-41.1824,-21.2295],[-41.1583,-21.2306],[-41.1371,-21.2275],[-41.141,-21.2382],[-41.1558,-21.2397],[-41.1555,-21.2446],[-41.1578,-21.2407],[-41.1606,-21.2455],[-41.1636,-21.2427],[-41.1764,-21.2444],[-41.1741,-21.2406],[-41.1806,-21.2414],[-41.1775,-21.2387],[-41.1808,-21.2394],[-41.1825,-21.2358],[-41.1858,-21.2409],[-41.1831,-21.244],[-41.1878,-21.243],[-41.1905,-21.248],[-41.1926,-21.2413],[-41.1932,-21.2438],[-41.1992,-21.2437],[-41.2037,-21.2394],[-41.2049,-21.2434],[-41.2118,-21.2354],[-41.2213,-21.2329],[-41.2203,-21.2295],[-41.2245,-21.2302],[-41.2239,-21.2268],[-41.2272,-21.2305],[-41.228,-21.2255],[-41.2409,-21.2207],[-41.2465,-21.2207],[-41.2493,-21.2217],[-41.2569,-21.2253],[-41.2617,-21.2363],[-41.2653,-21.2326],[-41.2719,-21.2329],[-41.2714,-21.2368],[-41.2754,-21.2359],[-41.2767,-21.2398],[-41.2835,-21.2345],[-41.2856,-21.2373],[-41.2884,-21.2337],[-41.2974,-21.234],[-41.311,-21.2188],[-41.3173,-21.2211],[-41.3167,-21.2133],[-41.3257,-21.2126],[-41.3258,-21.218],[-41.3322,-21.2145],[-41.3336,-21.2094],[-41.3378,-21.2069],[-41.3433,-21.2085],[-41.3632,-21.2024],[-41.3707,-21.204],[-41.3767,-21.2008],[-41.3771,-21.1953],[-41.381,-21.1959],[-41.3819,-21.1998],[-41.3879,-21.1989],[-41.3928,-21.2022],[-41.395,-21.2011],[-41.403,-21.1984],[-41.4064,-21.2023],[-41.4103,-21.1986],[-41.4128,-21.2012],[-41.4169,-21.1994],[-41.4352,-21.2155],[-41.4475,-21.2136],[-41.4537,-21.2079],[-41.4599,-21.2069],[-41.4665,-21.2041],[-41.4697,-21.2022],[-41.4795,-21.1934],[-41.4793,-21.1817],[-41.4822,-21.1833],[-41.488,-21.1798],[-41.4982,-21.1848],[-41.5053,-21.1757],[-41.5121,-21.1752],[-41.5168,-21.1865],[-41.5208,-21.1867],[-41.5305,-21.1793],[-41.5377,-21.1807],[-41.548,-21.1824],[-41.5517,-21.1756],[-41.5582,-21.1724],[-41.5608,-21.1626],[-41.5539,-21.156],[-41.5486,-21.1552],[-41.5451,-21.1479],[-41.5222,-21.1456],[-41.5047,-21.1478],[-41.5009,-21.1453],[-41.5055,-21.1409],[-41.4955,-21.1264],[-41.4949,-21.1087],[-41.5071,-21.109],[-41.5126,-21.1058],[-41.507,-21.0935],[-41.5118,-21.0879],[-41.5032,-21.0781],[-41.5058,-21.0703],[-41.5152,-21.0643],[-41.5153,-21.057],[-41.5077,-21.0478],[-41.5106,-21.0227],[-41.5049,-21.017],[-41.5039,-21.0035],[-41.4966,-20.9973],[-41.4996,-20.9895],[-41.5069,-20.9907],[-41.5092,-20.9853],[-41.5134,-20.9862],[-41.5215,-20.9817],[-41.5207,-20.9701],[-41.5232,-20.9633],[-41.5405,-20.9652],[-41.545,-20.9668],[-41.5716,-20.9572],[-41.5734,-20.9493],[-41.5828,-20.9471],[-41.5826,-20.94],[-41.5874,-20.9365],[-41.5897,-20.9249],[-41.584,-20.9259],[-41.5839,-20.9214],[-41.5778,-20.9215],[-41.5811,-20.9112],[-41.5747,-20.9101],[-41.5708,-20.9023],[-41.56,-20.8908],[-41.547,-20.8896],[-41.5386,-20.8832],[-41.531,-20.8842]]]}},{"type":"Feature","properties":{"nome":"Montanha","cod":"3203502","uf":"ES"},"geometry":{"type":"Polygon","coordinates":[[[-40.3674,-17.9222],[-40.3552,-17.93],[-40.3473,-17.9231],[-40.3336,-17.9269],[-40.3231,-17.9385],[-40.3119,-17.9392],[-40.3058,-17.9469],[-40.2907,-17.9464],[-40.2906,-17.9514],[-40.2753,-17.9621],[-40.2659,-17.9615],[-40.255,-17.9713],[-40.2216,-17.9802],[-40.2098,-18.0202],[-40.2042,-18.0259],[-40.1825,-18.0352],[-40.1756,-18.0525],[-40.1668,-18.0603],[-40.1608,-18.0658],[-40.1529,-18.0657],[-40.148,-18.0735],[-40.1292,-18.0827],[-40.1284,-18.0883],[-40.1116,-18.0922],[-40.1057,-18.0945],[-40.0956,-18.1065],[-40.1002,-18.1304],[-40.1079,-18.1383],[-40.1071,-18.148],[-40.0911,-18.1655],[-40.0918,-18.1701],[-40.0906,-18.1803],[-40.1025,-18.2086],[-40.1294,-18.2738],[-40.1323,-18.2757],[-40.1477,-18.2853],[-40.1568,-18.2856],[-40.1708,-18.2929],[-40.1761,-18.2914],[-40.1792,-18.2945],[-40.197,-18.2962],[-40.2065,-18.2897],[-40.2136,-18.291],[-40.2224,-18.2983],[-40.2216,-18.3084],[-40.225,-18.3132],[-40.2414,-18.3101],[-40.2495,-18.3188],[-40.2643,-18.3155],[-40.277,-18.3065],[-40.2944,-18.3114],[-40.309,-18.3093],[-40.338,-18.2962],[-40.3435,-18.2824],[-40.3462,-18.2788],[-40.3624,-18.278],[-40.3691,-18.2722],[-40.3896,-18.2731],[-40.3986,-18.2552],[-40.4261,-18.2558],[-40.4235,-18.2238],[-40.4244,-18.2169],[-40.4209,-18.2104],[-40.4248,-18.1926],[-40.4205,-18.1789],[-40.4297,-18.1689],[-40.4292,-18.165],[-40.4437,-18.1527],[-40.4463,-18.1381],[-40.4396,-18.1276],[-40.4433,-18.1234],[-40.4224,-18.1081],[-40.4217,-18.0881],[-40.3935,-18.0364],[-40.391,-18.0295],[-40.4001,-18.0049],[-40.3961,-17.982],[-40.3936,-17.9693],[-40.3902,-17.962],[-40.3825,-17.9552],[-40.3783,-17.9323],[-40.3728,-17.9272],[-40.3674,-17.9222]]]}},{"type":"Feature","properties":{"nome":"Mucurici","cod":"3203601","uf":"ES"},"geometry":{"type":"Polygon","coordinates":[[[-40.5177,-17.8935],[-40.5029,-17.9102],[-40.4837,-17.9082],[-40.4638,-17.9277],[-40.4589,-17.92],[-40.4535,-17.9183],[-40.4322,-17.9209],[-40.417,-17.9266],[-40.4029,-17.9231],[-40.3916,-17.9236],[-40.3861,-17.928],[-40.3728,-17.9272],[-40.3783,-17.9323],[-40.3825,-17.9552],[-40.3902,-17.962],[-40.3936,-17.9693],[-40.3961,-17.982],[-40.4001,-18.0049],[-40.391,-18.0295],[-40.3935,-18.0364],[-40.4217,-18.0881],[-40.4224,-18.1081],[-40.4433,-18.1234],[-40.461,-18.1207],[-40.4796,-18.1323],[-40.5077,-18.1328],[-40.5272,-18.1148],[-40.5372,-18.1126],[-40.5413,-18.1014],[-40.5426,-18.1179],[-40.5462,-18.1251],[-40.5536,-18.129],[-40.555,-18.1377],[-40.5592,-18.1389],[-40.5616,-18.1306],[-40.5578,-18.1142],[-40.571,-18.1003],[-40.579,-18.0974],[-40.5915,-18.108],[-40.5958,-18.1012],[-40.6012,-18.0994],[-40.6051,-18.0995],[-40.6125,-18.107],[-40.6132,-18.0917],[-40.6276,-18.0723],[-40.6302,-18.0529],[-40.6385,-18.0346],[-40.6477,-18.0325],[-40.6588,-18.0248],[-40.6614,-18.0124],[-40.6511,-18.0064],[-40.6456,-17.9931],[-40.6244,-17.9886],[-40.6239,-17.9754],[-40.6139,-17.967],[-40.6215,-17.9601],[-40.6168,-17.9549],[-40.6122,-17.949],[-40.6131,-17.9393],[-40.5968,-17.9356],[-40.5868,-17.9385],[-40.584,-17.9353],[-40.5843,-17.9177],[-40.5675,-17.9156],[-40.5474,-17.907],[-40.5386,-17.9003],[-40.5267,-17.8915],[-40.5177,-17.8935]]]}},{"type":"Feature","properties":{"nome":"Muniz Freire","cod":"3203700","uf":"ES"},"geometry":{"type":"Polygon","coordinates":[[[-41.3397,-20.2151],[-41.3435,-20.2212],[-41.3381,-20.2247],[-41.3451,-20.2276],[-41.3507,-20.2355],[-41.3476,-20.243],[-41.3344,-20.2434],[-41.3297,-20.2474],[-41.3236,-20.2498],[-41.312,-20.2671],[-41.3047,-20.27],[-41.3198,-20.2733],[-41.3166,-20.2818],[-41.3201,-20.2865],[-41.3161,-20.2875],[-41.3141,-20.2956],[-41.3175,-20.3003],[-41.3239,-20.3008],[-41.3322,-20.3023],[-41.3396,-20.2966],[-41.3536,-20.3045],[-41.3556,-20.3154],[-41.3612,-20.3209],[-41.3627,-20.3264],[-41.3594,-20.3258],[-41.3572,-20.3328],[-41.3574,-20.3487],[-41.3535,-20.3502],[-41.353,-20.3609],[-41.3497,-20.3634],[-41.3502,-20.3738],[-41.3457,-20.3756],[-41.3439,-20.3913],[-41.3368,-20.3848],[-41.3202,-20.4001],[-41.3171,-20.4089],[-41.3203,-20.4113],[-41.3195,-20.4182],[-41.3108,-20.4253],[-41.3158,-20.429],[-41.3143,-20.4399],[-41.3191,-20.4517],[-41.3165,-20.4581],[-41.3203,-20.4743],[-41.3235,-20.4782],[-41.3173,-20.4903],[-41.3286,-20.497],[-41.3225,-20.4999],[-41.32,-20.5058],[-41.3283,-20.514],[-41.3451,-20.5132],[-41.3552,-20.5071],[-41.3593,-20.5114],[-41.3772,-20.5091],[-41.3789,-20.5268],[-41.3744,-20.5286],[-41.3711,-20.5356],[-41.3871,-20.5409],[-41.3888,-20.548],[-41.3856,-20.5545],[-41.3891,-20.553],[-41.3926,-20.5569],[-41.3952,-20.549],[-41.4042,-20.5475],[-41.4072,-20.5526],[-41.4063,-20.5609],[-41.4145,-20.5728],[-41.4235,-20.5658],[-41.4379,-20.5614],[-41.4489,-20.5715],[-41.4502,-20.5796],[-41.4581,-20.5839],[-41.4617,-20.5802],[-41.4698,-20.5827],[-41.4766,-20.5983],[-41.4727,-20.5991],[-41.4753,-20.6062],[-41.4876,-20.6059],[-41.488,-20.599],[-41.4918,-20.5984],[-41.496,-20.5948],[-41.5026,-20.5729],[-41.4994,-20.5701],[-41.5015,-20.554],[-41.4948,-20.5514],[-41.4977,-20.5482],[-41.519,-20.5463],[-41.526,-20.5491],[-41.5328,-20.562],[-41.5485,-20.565],[-41.5632,-20.5748],[-41.572,-20.575],[-41.5806,-20.5692],[-41.5847,-20.5601],[-41.5921,-20.5605],[-41.5913,-20.555],[-41.5986,-20.5531],[-41.5975,-20.5491],[-41.6015,-20.5456],[-41.6015,-20.5381],[-41.6051,-20.5342],[-41.6018,-20.5298],[-41.6044,-20.5238],[-41.6026,-20.5123],[-41.5965,-20.5036],[-41.5775,-20.4986],[-41.5736,-20.4936],[-41.5785,-20.4778],[-41.5767,-20.4672],[-41.5838,-20.4651],[-41.5844,-20.4613],[-41.5722,-20.4458],[-41.5776,-20.4287],[-41.5641,-20.427],[-41.5619,-20.4328],[-41.5554,-20.4345],[-41.5398,-20.4312],[-41.5345,-20.4391],[-41.5224,-20.4392],[-41.503,-20.4321],[-41.4795,-20.4138],[-41.4741,-20.4064],[-41.4714,-20.3917],[-41.4674,-20.3864],[-41.4708,-20.3622],[-41.4621,-20.35],[-41.4647,-20.3457],[-41.4681,-20.3444],[-41.4644,-20.3344],[-41.4742,-20.3306],[-41.4754,-20.3267],[-41.4578,-20.3076],[-41.4526,-20.3061],[-41.4434,-20.2962],[-41.4398,-20.2852],[-41.4395,-20.2821],[-41.4485,-20.2757],[-41.4442,-20.2651],[-41.4314,-20.2499],[-41.4248,-20.2465],[-41.4218,-20.2387],[-41.4159,-20.2392],[-41.4126,-20.2325],[-41.4103,-20.2302],[-41.3992,-20.2343],[-41.3926,-20.2263],[-41.3958,-20.2207],[-41.3809,-20.223],[-41.3758,-20.2174],[-41.3756,-20.2042],[-41.3544,-20.1984],[-41.3492,-20.1986],[-41.3443,-20.2004],[-41.348,-20.2053],[-41.3397,-20.2151]]]}},{"type":"Feature","properties":{"nome":"Muqui","cod":"3203809","uf":"ES"},"geometry":{"type":"Polygon","coordinates":[[[-41.2869,-20.8491],[-41.2869,-20.8558],[-41.2787,-20.855],[-41.2689,-20.8487],[-41.2594,-20.8526],[-41.2553,-20.8504],[-41.2551,-20.8472],[-41.2487,-20.8462],[-41.238,-20.8475],[-41.2377,-20.8521],[-41.2321,-20.8532],[-41.2419,-20.8601],[-41.2449,-20.868],[-41.2588,-20.8771],[-41.2645,-20.8865],[-41.264,-20.892],[-41.2579,-20.8983],[-41.2654,-20.903],[-41.2724,-20.9251],[-41.2775,-20.9278],[-41.278,-20.9324],[-41.2767,-20.9432],[-41.2861,-20.95],[-41.2772,-20.9576],[-41.2692,-20.9521],[-41.2572,-20.9535],[-41.2517,-20.9587],[-41.2281,-20.967],[-41.223,-20.9745],[-41.2235,-20.9852],[-41.22,-20.9869],[-41.2282,-21.0062],[-41.2403,-21.0132],[-41.2455,-21.0251],[-41.258,-21.0262],[-41.2783,-21.002],[-41.2907,-21.0043],[-41.3043,-20.9983],[-41.3107,-21.0054],[-41.3192,-21.0051],[-41.3433,-20.9914],[-41.3464,-20.9901],[-41.3503,-20.996],[-41.3593,-20.9958],[-41.3656,-21.0054],[-41.3763,-21.0095],[-41.4163,-21.0072],[-41.4723,-20.991],[-41.4576,-20.9585],[-41.4415,-20.9228],[-41.4452,-20.9092],[-41.4347,-20.9074],[-41.429,-20.9021],[-41.4232,-20.8784],[-41.4252,-20.8723],[-41.4228,-20.8674],[-41.4157,-20.8654],[-41.4196,-20.8611],[-41.4154,-20.8534],[-41.4146,-20.8522],[-41.4001,-20.8559],[-41.3883,-20.8631],[-41.3708,-20.8735],[-41.3405,-20.8739],[-41.3373,-20.863],[-41.3301,-20.8611],[-41.3294,-20.8578],[-41.3232,-20.8579],[-41.3209,-20.8522],[-41.3157,-20.8504],[-41.3068,-20.8577],[-41.3001,-20.8573],[-41.2952,-20.8404],[-41.2869,-20.8491]]]}},{"type":"Feature","properties":{"nome":"Nova Venécia","cod":"3203908","uf":"ES"},"geometry":{"type":"Polygon","coordinates":[[[-40.5709,-18.3594],[-40.561,-18.3629],[-40.5539,-18.3594],[-40.549,-18.3622],[-40.5477,-18.3588],[-40.5374,-18.3595],[-40.5412,-18.363],[-40.5385,-18.3676],[-40.5272,-18.3646],[-40.5091,-18.3898],[-40.4957,-18.3927],[-40.4903,-18.4105],[-40.4841,-18.4131],[-40.4697,-18.4105],[-40.4507,-18.4135],[-40.4481,-18.4196],[-40.4654,-18.4343],[-40.4503,-18.454],[-40.4579,-18.456],[-40.4605,-18.4604],[-40.4534,-18.4663],[-40.4525,-18.475],[-40.4564,-18.4852],[-40.4492,-18.4888],[-40.4493,-18.4944],[-40.4406,-18.5011],[-40.4325,-18.4986],[-40.4268,-18.5038],[-40.4152,-18.5156],[-40.426,-18.525],[-40.4203,-18.5411],[-40.3901,-18.544],[-40.3831,-18.5385],[-40.3699,-18.545],[-40.3693,-18.5514],[-40.3575,-18.5454],[-40.3523,-18.5492],[-40.3479,-18.5477],[-40.3392,-18.5562],[-40.3349,-18.5592],[-40.3317,-18.5599],[-40.3379,-18.5695],[-40.331,-18.5805],[-40.3156,-18.5745],[-40.3067,-18.5766],[-40.3007,-18.5723],[-40.2983,-18.5749],[-40.2906,-18.5735],[-40.284,-18.5766],[-40.284,-18.5767],[-40.3359,-18.7257],[-40.3346,-18.7278],[-40.3436,-18.7325],[-40.3511,-18.747],[-40.3543,-18.749],[-40.3926,-18.7814],[-40.3921,-18.8179],[-40.4022,-18.8259],[-40.4041,-18.8328],[-40.401,-18.8501],[-40.4218,-18.8544],[-40.4406,-18.8523],[-40.458,-18.855],[-40.4797,-18.854],[-40.4861,-18.8559],[-40.5013,-18.8605],[-40.5039,-18.8663],[-40.5119,-18.8698],[-40.5157,-18.8755],[-40.5194,-18.8731],[-40.5262,-18.8701],[-40.5353,-18.8712],[-40.558,-18.8874],[-40.5669,-18.8875],[-40.579,-18.9026],[-40.5918,-18.927],[-40.5951,-18.9363],[-40.5987,-18.9367],[-40.6041,-18.946],[-40.6145,-18.954],[-40.6318,-18.9465],[-40.6315,-18.9354],[-40.6441,-18.9431],[-40.6501,-18.9393],[-40.6565,-18.9462],[-40.668,-18.9477],[-40.6736,-18.9446],[-40.6726,-18.9371],[-40.677,-18.9337],[-40.6988,-18.9304],[-40.7018,-18.9412],[-40.7112,-18.9403],[-40.7193,-18.9338],[-40.7343,-18.9375],[-40.7399,-18.9346],[-40.7412,-18.9288],[-40.739,-18.9253],[-40.7417,-18.919],[-40.7372,-18.9135],[-40.7388,-18.9069],[-40.7388,-18.8972],[-40.7368,-18.8787],[-40.7255,-18.8803],[-40.7227,-18.8755],[-40.7142,-18.8739],[-40.712,-18.8691],[-40.7179,-18.857],[-40.7285,-18.8592],[-40.7326,-18.854],[-40.7379,-18.8546],[-40.7444,-18.8428],[-40.7493,-18.8451],[-40.7528,-18.8431],[-40.7631,-18.8498],[-40.7567,-18.8321],[-40.7677,-18.8347],[-40.7727,-18.8324],[-40.7762,-18.8293],[-40.7751,-18.8175],[-40.769,-18.821],[-40.7661,-18.8185],[-40.7742,-18.8019],[-40.772,-18.7947],[-40.7579,-18.7927],[-40.7536,-18.7752],[-40.7483,-18.7702],[-40.7389,-18.7682],[-40.7323,-18.771],[-40.7192,-18.7566],[-40.7182,-18.7402],[-40.7139,-18.7358],[-40.7188,-18.7234],[-40.7076,-18.7147],[-40.7235,-18.705],[-40.7195,-18.7022],[-40.7058,-18.7033],[-40.7098,-18.695],[-40.7072,-18.6887],[-40.6836,-18.6867],[-40.6821,-18.6907],[-40.6859,-18.6946],[-40.6998,-18.6954],[-40.6961,-18.7055],[-40.6806,-18.703],[-40.6767,-18.706],[-40.6687,-18.7017],[-40.6519,-18.7066],[-40.6409,-18.7246],[-40.6267,-18.7239],[-40.6262,-18.7264],[-40.6214,-18.7249],[-40.61,-18.7199],[-40.5942,-18.7195],[-40.5698,-18.7005],[-40.5425,-18.686],[-40.518,-18.6649],[-40.5119,-18.6632],[-40.5041,-18.6662],[-40.496,-18.6601],[-40.4828,-18.6573],[-40.496,-18.6502],[-40.4916,-18.6336],[-40.5,-18.6206],[-40.5181,-18.6231],[-40.5328,-18.6088],[-40.5367,-18.5992],[-40.536,-18.5887],[-40.5502,-18.5822],[-40.5551,-18.5708],[-40.5638,-18.5647],[-40.5664,-18.5508],[-40.5616,-18.5311],[-40.5644,-18.523],[-40.5644,-18.5228],[-40.5652,-18.5121],[-40.5503,-18.4928],[-40.5344,-18.49],[-40.5285,-18.4853],[-40.5222,-18.4863],[-40.5156,-18.4853],[-40.5153,-18.485],[-40.515,-18.4802],[-40.5229,-18.4801],[-40.5229,-18.4725],[-40.5426,-18.4592],[-40.5434,-18.4536],[-40.548,-18.455],[-40.5564,-18.4512],[-40.5724,-18.4352],[-40.5796,-18.4398],[-40.5932,-18.4343],[-40.5974,-18.4243],[-40.6073,-18.4161],[-40.5827,-18.3669],[-40.5808,-18.3698],[-40.5709,-18.3594]]]}},{"type":"Feature","properties":{"nome":"Pancas","cod":"3204005","uf":"ES"},"geometry":{"type":"Polygon","coordinates":[[[-40.8907,-18.9394],[-40.8567,-18.9399],[-40.8571,-18.9599],[-40.8572,-18.9606],[-40.8581,-19.0185],[-40.8518,-19.0224],[-40.8345,-19.0241],[-40.8266,-19.0174],[-40.8159,-19.0173],[-40.7955,-19.0258],[-40.7893,-19.0259],[-40.7839,-19.021],[-40.7832,-19.0099],[-40.7707,-18.9952],[-40.7615,-18.9956],[-40.7565,-18.9993],[-40.7513,-19.0121],[-40.7402,-19.0237],[-40.7414,-19.0301],[-40.7344,-19.0311],[-40.7285,-19.0392],[-40.7284,-19.0397],[-40.7252,-19.0509],[-40.7184,-19.0566],[-40.7089,-19.0576],[-40.701,-19.0643],[-40.7013,-19.0672],[-40.7012,-19.0787],[-40.7074,-19.0727],[-40.7151,-19.0802],[-40.7174,-19.0969],[-40.7091,-19.1084],[-40.6843,-19.1092],[-40.6885,-19.1274],[-40.7001,-19.1363],[-40.6905,-19.1382],[-40.6897,-19.1488],[-40.6882,-19.1509],[-40.6848,-19.1444],[-40.679,-19.1443],[-40.6782,-19.1573],[-40.6731,-19.1594],[-40.6665,-19.1559],[-40.6664,-19.166],[-40.6559,-19.168],[-40.6581,-19.1737],[-40.6558,-19.1796],[-40.6701,-19.201],[-40.6592,-19.2023],[-40.6643,-19.2298],[-40.6704,-19.2293],[-40.6739,-19.2398],[-40.6827,-19.2394],[-40.6864,-19.2359],[-40.7011,-19.2403],[-40.7031,-19.2433],[-40.6988,-19.2454],[-40.6948,-19.2556],[-40.7044,-19.2565],[-40.7092,-19.2654],[-40.7193,-19.2645],[-40.721,-19.2581],[-40.7345,-19.2645],[-40.7284,-19.2877],[-40.7527,-19.2964],[-40.778,-19.2938],[-40.7804,-19.2926],[-40.7929,-19.2999],[-40.8081,-19.3028],[-40.8099,-19.3159],[-40.8168,-19.3251],[-40.8131,-19.3339],[-40.8195,-19.3573],[-40.8263,-19.3544],[-40.8299,-19.3373],[-40.8501,-19.3335],[-40.8573,-19.322],[-40.8639,-19.3302],[-40.8764,-19.3343],[-40.882,-19.332],[-40.8814,-19.3289],[-40.8724,-19.3112],[-40.8618,-19.3059],[-40.8658,-19.2933],[-40.8578,-19.2852],[-40.8622,-19.2734],[-40.8715,-19.2609],[-40.8905,-19.2503],[-40.8887,-19.2411],[-40.8809,-19.2427],[-40.875,-19.239],[-40.8763,-19.2333],[-40.9096,-19.2359],[-40.935,-19.2222],[-40.9306,-19.2219],[-40.9272,-19.2084],[-40.9223,-19.2036],[-40.9292,-19.1974],[-40.9261,-19.1881],[-40.9322,-19.1858],[-40.9333,-19.18],[-40.938,-19.1829],[-40.9407,-19.1801],[-40.9407,-19.1678],[-40.9425,-19.1582],[-40.9485,-19.1528],[-40.9436,-19.1435],[-40.9477,-19.1411],[-40.9578,-19.1454],[-40.9616,-19.1436],[-40.9557,-19.1286],[-40.9625,-19.1211],[-40.9643,-19.1104],[-40.96,-19.1002],[-40.9524,-19.1018],[-40.9377,-19.0915],[-40.9384,-19.0868],[-40.9462,-19.088],[-40.9484,-19.079],[-40.9207,-19.0653],[-40.9107,-19.063],[-40.9063,-19.0559],[-40.9029,-19.0524],[-40.8998,-19.0502],[-40.8951,-19.0038],[-40.901,-19.0076],[-40.9073,-19.0061],[-40.9181,-19.0098],[-40.9283,-18.9978],[-40.9394,-18.9983],[-40.9514,-19.0057],[-40.9503,-18.9903],[-40.9445,-18.959],[-40.9493,-18.9463],[-40.9467,-18.9438],[-40.9278,-18.9442],[-40.9045,-18.9391],[-40.8907,-18.9394]]]}},{"type":"Feature","properties":{"nome":"Pedro Canário","cod":"3204054","uf":"ES"},"geometry":{"type":"Polygon","coordinates":[[[-39.9275,-18.2584],[-39.9375,-18.2845],[-39.935,-18.296],[-39.9175,-18.3119],[-39.9303,-18.3139],[-39.9557,-18.311],[-39.9614,-18.2994],[-39.9775,-18.2925],[-39.983,-18.2933],[-39.9885,-18.2849],[-39.9947,-18.2869],[-40.0212,-18.2874],[-40.0359,-18.2935],[-40.0379,-18.2899],[-40.047,-18.289],[-40.0697,-18.2786],[-40.0916,-18.2777],[-40.0964,-18.2807],[-40.1095,-18.277],[-40.124,-18.2772],[-40.1294,-18.2738],[-40.1025,-18.2086],[-40.0906,-18.1803],[-40.0918,-18.1701],[-40.0911,-18.1655],[-40.1071,-18.148],[-40.1079,-18.1383],[-40.1002,-18.1304],[-40.0956,-18.1065],[-40.1057,-18.0945],[-40.1116,-18.0922],[-40.1284,-18.0883],[-40.1292,-18.0827],[-40.148,-18.0735],[-40.1529,-18.0657],[-40.1608,-18.0658],[-40.1668,-18.0603],[-40.1756,-18.0525],[-40.1825,-18.0352],[-40.2042,-18.0259],[-40.2098,-18.0202],[-40.2216,-17.9802],[-40.0688,-18.0783],[-40.0611,-18.0831],[-40.0197,-18.1092],[-39.9467,-18.156],[-39.9185,-18.174],[-39.9117,-18.1784],[-39.915,-18.1821],[-39.9031,-18.191],[-39.9013,-18.2022],[-39.905,-18.2104],[-39.9133,-18.2132],[-39.9285,-18.2347],[-39.9386,-18.2376],[-39.9425,-18.2427],[-39.9275,-18.2584]]]}},{"type":"Feature","properties":{"nome":"Pinheiros","cod":"3204104","uf":"ES"},"geometry":{"type":"Polygon","coordinates":[[[-40.4597,-18.2473],[-40.4474,-18.2532],[-40.441,-18.2504],[-40.4261,-18.2558],[-40.3986,-18.2552],[-40.3896,-18.2731],[-40.3691,-18.2722],[-40.3624,-18.278],[-40.3462,-18.2788],[-40.3435,-18.2824],[-40.338,-18.2962],[-40.309,-18.3093],[-40.2944,-18.3114],[-40.277,-18.3065],[-40.2643,-18.3155],[-40.2495,-18.3188],[-40.2414,-18.3101],[-40.225,-18.3132],[-40.2216,-18.3084],[-40.2224,-18.2983],[-40.2136,-18.291],[-40.2065,-18.2897],[-40.197,-18.2962],[-40.1792,-18.2945],[-40.1761,-18.2914],[-40.1708,-18.2929],[-40.1568,-18.2856],[-40.1477,-18.2853],[-40.1323,-18.2757],[-40.1294,-18.2738],[-40.124,-18.2772],[-40.1095,-18.277],[-40.0964,-18.2807],[-40.0916,-18.2777],[-40.0697,-18.2786],[-40.047,-18.289],[-40.0379,-18.2899],[-40.0359,-18.2935],[-40.0212,-18.2874],[-39.9947,-18.2869],[-39.9885,-18.2849],[-39.983,-18.2933],[-39.9775,-18.2925],[-39.9614,-18.2994],[-39.9557,-18.311],[-39.9511,-18.3147],[-39.9586,-18.324],[-39.9584,-18.3467],[-39.9449,-18.3837],[-39.9425,-18.3918],[-39.9423,-18.3925],[-39.9389,-18.4059],[-39.938,-18.4133],[-39.9502,-18.4268],[-39.964,-18.4342],[-39.9754,-18.4377],[-39.9903,-18.437],[-40.0019,-18.4324],[-40.015,-18.434],[-40.0296,-18.4443],[-40.0446,-18.4456],[-40.0596,-18.4632],[-40.0802,-18.4791],[-40.0884,-18.485],[-40.0946,-18.486],[-40.1003,-18.4859],[-40.1232,-18.4873],[-40.1372,-18.4842],[-40.1585,-18.4733],[-40.1744,-18.4704],[-40.1849,-18.4722],[-40.2007,-18.4846],[-40.2179,-18.4901],[-40.2351,-18.4947],[-40.2509,-18.495],[-40.2585,-18.4947],[-40.269,-18.4944],[-40.2828,-18.4837],[-40.2896,-18.4831],[-40.2945,-18.471],[-40.3073,-18.456],[-40.3055,-18.4458],[-40.3193,-18.4362],[-40.3213,-18.4237],[-40.3318,-18.3981],[-40.3542,-18.379],[-40.3691,-18.3766],[-40.3811,-18.3818],[-40.3952,-18.3813],[-40.4011,-18.3855],[-40.4303,-18.362],[-40.4305,-18.3619],[-40.4425,-18.3623],[-40.4555,-18.3753],[-40.4639,-18.3726],[-40.4727,-18.3746],[-40.4856,-18.3658],[-40.4885,-18.353],[-40.4985,-18.3551],[-40.4769,-18.2546],[-40.4681,-18.2483],[-40.4597,-18.2473]]]}},{"type":"Feature","properties":{"nome":"Piúma","cod":"3204203","uf":"ES"},"geometry":{"type":"Polygon","coordinates":[[[-40.7417,-20.8032],[-40.7352,-20.8069],[-40.7296,-20.8055],[-40.7213,-20.818],[-40.7104,-20.8205],[-40.7091,-20.8279],[-40.7071,-20.8309],[-40.7008,-20.8342],[-40.7149,-20.8432],[-40.72,-20.8417],[-40.7196,-20.8366],[-40.7276,-20.836],[-40.7286,-20.8381],[-40.7201,-20.8388],[-40.7231,-20.8419],[-40.719,-20.8464],[-40.7247,-20.8467],[-40.724,-20.8427],[-40.729,-20.8424],[-40.7441,-20.8481],[-40.7488,-20.8534],[-40.7584,-20.8636],[-40.7586,-20.8641],[-40.7752,-20.8704],[-40.7775,-20.8713],[-40.7811,-20.8726],[-40.8279,-20.8905],[-40.828,-20.8904],[-40.8279,-20.8522],[-40.7976,-20.8194],[-40.7696,-20.788],[-40.7509,-20.7874],[-40.7481,-20.7985],[-40.7417,-20.8032]]]}},{"type":"Feature","properties":{"nome":"Ponto Belo","cod":"3204252","uf":"ES"},"geometry":{"type":"Polygon","coordinates":[[[-40.5077,-18.1328],[-40.4796,-18.1323],[-40.461,-18.1207],[-40.4433,-18.1234],[-40.4396,-18.1276],[-40.4463,-18.1381],[-40.4437,-18.1527],[-40.4292,-18.165],[-40.4297,-18.1689],[-40.4205,-18.1789],[-40.4248,-18.1926],[-40.4209,-18.2104],[-40.4244,-18.2169],[-40.4235,-18.2238],[-40.4261,-18.2558],[-40.441,-18.2504],[-40.4474,-18.2532],[-40.4597,-18.2473],[-40.4681,-18.2483],[-40.4769,-18.2546],[-40.4985,-18.3551],[-40.4514,-18.4054],[-40.4507,-18.4135],[-40.4697,-18.4105],[-40.4841,-18.4131],[-40.4903,-18.4105],[-40.4957,-18.3927],[-40.5091,-18.3898],[-40.5272,-18.3646],[-40.5385,-18.3676],[-40.5412,-18.363],[-40.5374,-18.3595],[-40.5477,-18.3588],[-40.549,-18.3622],[-40.5539,-18.3594],[-40.561,-18.3629],[-40.5709,-18.3594],[-40.5808,-18.3698],[-40.5827,-18.3669],[-40.5821,-18.3519],[-40.5747,-18.3482],[-40.5747,-18.3436],[-40.5838,-18.3391],[-40.5963,-18.3389],[-40.6014,-18.3431],[-40.6119,-18.3176],[-40.6092,-18.3019],[-40.6185,-18.2871],[-40.5891,-18.2594],[-40.5584,-18.2305],[-40.5512,-18.2286],[-40.553,-18.2213],[-40.5455,-18.2038],[-40.551,-18.1877],[-40.555,-18.1779],[-40.5525,-18.1653],[-40.5568,-18.1641],[-40.5565,-18.1581],[-40.5632,-18.1549],[-40.5592,-18.1389],[-40.555,-18.1377],[-40.5536,-18.129],[-40.5462,-18.1251],[-40.5426,-18.1179],[-40.5413,-18.1014],[-40.5372,-18.1126],[-40.5272,-18.1148],[-40.5077,-18.1328]]]}},{"type":"Feature","properties":{"nome":"Presidente Kennedy","cod":"3204302","uf":"ES"},"geometry":{"type":"Polygon","coordinates":[[[-41.0975,-21.0112],[-41.0931,-21.0143],[-41.092,-21.0176],[-41.0777,-21.0238],[-41.0688,-21.0232],[-41.0635,-21.0265],[-41.0528,-21.0249],[-41.0433,-21.0182],[-41.0369,-21.0357],[-41.0417,-21.0421],[-41.0439,-21.0456],[-41.0406,-21.0448],[-41.0335,-21.0508],[-41.0235,-21.0504],[-41.0247,-21.0561],[-41.0181,-21.0629],[-41.0001,-21.0646],[-40.9933,-21.0566],[-40.9839,-21.0603],[-40.9823,-21.0669],[-40.9764,-21.0722],[-40.9717,-21.0767],[-40.9595,-21.0771],[-40.9461,-21.1137],[-40.9497,-21.1305],[-40.9488,-21.1639],[-40.9461,-21.1745],[-40.9375,-21.1854],[-40.9282,-21.1868],[-40.9256,-21.1912],[-40.9341,-21.204],[-40.9534,-21.2375],[-40.9602,-21.2574],[-40.9619,-21.2696],[-40.9617,-21.279],[-40.9575,-21.3013],[-40.9651,-21.2992],[-40.9655,-21.2952],[-40.9724,-21.2936],[-40.9753,-21.2886],[-40.9803,-21.2883],[-40.9761,-21.2865],[-40.9776,-21.2806],[-40.9852,-21.2865],[-40.9943,-21.2858],[-40.9989,-21.278],[-40.9981,-21.2657],[-41.0063,-21.2516],[-41.0119,-21.2506],[-41.0248,-21.2458],[-41.041,-21.2547],[-41.0555,-21.2377],[-41.0702,-21.2282],[-41.0729,-21.2305],[-41.081,-21.2215],[-41.0882,-21.2199],[-41.0907,-21.2212],[-41.092,-21.2182],[-41.1023,-21.2217],[-41.1039,-21.2193],[-41.1188,-21.2299],[-41.134,-21.2262],[-41.1371,-21.2275],[-41.1583,-21.2306],[-41.1824,-21.2295],[-41.1875,-21.2195],[-41.1919,-21.194],[-41.1907,-21.1758],[-41.205,-21.1456],[-41.2058,-21.1425],[-41.2228,-21.1115],[-41.2203,-21.0941],[-41.231,-21.0845],[-41.2333,-21.0785],[-41.2291,-21.0735],[-41.2144,-21.0651],[-41.2094,-21.0677],[-41.1939,-21.0612],[-41.1856,-21.0687],[-41.1761,-21.0628],[-41.1591,-21.0598],[-41.1533,-21.0552],[-41.1547,-21.0512],[-41.1488,-21.0495],[-41.153,-21.0452],[-41.1503,-21.0389],[-41.1433,-21.038],[-41.1407,-21.0331],[-41.1314,-21.0297],[-41.1264,-21.0134],[-41.1165,-21.0132],[-41.1132,-21.0151],[-41.1018,-21.0134],[-41.0975,-21.0112]]]}},{"type":"Feature","properties":{"nome":"Rio Bananal","cod":"3204351","uf":"ES"},"geometry":{"type":"Polygon","coordinates":[[[-40.3521,-19.0812],[-40.3489,-19.084],[-40.3427,-19.0776],[-40.3366,-19.079],[-40.3253,-19.0756],[-40.3212,-19.0806],[-40.3046,-19.0833],[-40.2887,-19.0748],[-40.2859,-19.0749],[-40.2864,-19.0787],[-40.2671,-19.0863],[-40.2632,-19.0901],[-40.2623,-19.0987],[-40.2512,-19.0997],[-40.2527,-19.1045],[-40.2428,-19.1181],[-40.2383,-19.1193],[-40.2406,-19.1255],[-40.2441,-19.1326],[-40.2371,-19.1352],[-40.2395,-19.1403],[-40.2354,-19.1439],[-40.2395,-19.1477],[-40.2368,-19.1492],[-40.2336,-19.1504],[-40.2351,-19.1549],[-40.2259,-19.1543],[-40.2241,-19.1624],[-40.2183,-19.1568],[-40.2134,-19.16],[-40.2098,-19.1683],[-40.209,-19.1643],[-40.2035,-19.167],[-40.1984,-19.1641],[-40.1959,-19.17],[-40.1917,-19.1917],[-40.1908,-19.2165],[-40.1887,-19.2257],[-40.1819,-19.2338],[-40.1921,-19.2895],[-40.1923,-19.2902],[-40.2034,-19.3424],[-40.2369,-19.3549],[-40.2729,-19.3684],[-40.2742,-19.362],[-40.2845,-19.3638],[-40.2978,-19.3554],[-40.3021,-19.3177],[-40.3114,-19.3412],[-40.3252,-19.3763],[-40.3367,-19.3665],[-40.3349,-19.3609],[-40.3375,-19.3561],[-40.3495,-19.3525],[-40.3534,-19.3568],[-40.3657,-19.3523],[-40.3724,-19.3614],[-40.3809,-19.3605],[-40.378,-19.3639],[-40.3812,-19.3695],[-40.3945,-19.3677],[-40.3979,-19.3649],[-40.3975,-19.3472],[-40.4006,-19.3462],[-40.4045,-19.3478],[-40.416,-19.3246],[-40.431,-19.3224],[-40.4342,-19.3161],[-40.4307,-19.3077],[-40.4211,-19.2992],[-40.4141,-19.2777],[-40.4174,-19.272],[-40.4089,-19.2654],[-40.4196,-19.2657],[-40.4276,-19.2714],[-40.4279,-19.2581],[-40.4312,-19.2588],[-40.4346,-19.2533],[-40.4281,-19.2479],[-40.421,-19.2384],[-40.4224,-19.2279],[-40.4186,-19.2177],[-40.423,-19.2156],[-40.4192,-19.2106],[-40.4148,-19.2126],[-40.4094,-19.2079],[-40.4039,-19.194],[-40.4121,-19.1882],[-40.4121,-19.1803],[-40.4052,-19.17],[-40.4045,-19.1616],[-40.3955,-19.1585],[-40.3964,-19.1487],[-40.4093,-19.1488],[-40.4132,-19.1402],[-40.4011,-19.1352],[-40.3871,-19.1136],[-40.3635,-19.0946],[-40.3668,-19.0844],[-40.3748,-19.0806],[-40.3748,-19.0799],[-40.3746,-19.0797],[-40.3643,-19.0663],[-40.3524,-19.0735],[-40.3521,-19.0812]]]}},{"type":"Feature","properties":{"nome":"Rio Novo do Sul","cod":"3204401","uf":"ES"},"geometry":{"type":"Polygon","coordinates":[[[-40.9067,-20.6871],[-40.9151,-20.6938],[-40.9188,-20.7091],[-40.9261,-20.7155],[-40.927,-20.7245],[-40.9322,-20.7315],[-40.9223,-20.7474],[-40.9193,-20.7476],[-40.9232,-20.7487],[-40.9271,-20.7452],[-40.9312,-20.7471],[-40.9316,-20.7534],[-40.9444,-20.7652],[-40.9472,-20.7718],[-40.9384,-20.7772],[-40.935,-20.776],[-40.9231,-20.787],[-40.9066,-20.8064],[-40.8961,-20.8116],[-40.8958,-20.8117],[-40.8958,-20.8118],[-40.8965,-20.8153],[-40.8886,-20.8181],[-40.8779,-20.8151],[-40.8655,-20.8057],[-40.8561,-20.8144],[-40.8524,-20.8101],[-40.842,-20.8086],[-40.8405,-20.8136],[-40.8322,-20.8071],[-40.8279,-20.8083],[-40.8279,-20.8522],[-40.828,-20.8904],[-40.851,-20.886],[-40.8654,-20.8929],[-40.8723,-20.8919],[-40.9001,-20.89],[-40.901,-20.89],[-40.9253,-20.8911],[-40.9451,-20.8858],[-40.9632,-20.8755],[-40.9797,-20.8689],[-40.978,-20.8654],[-40.9866,-20.8614],[-40.9854,-20.8455],[-40.9912,-20.8368],[-40.9875,-20.8308],[-40.9805,-20.8289],[-40.9774,-20.8226],[-40.9867,-20.8084],[-40.9847,-20.8008],[-40.9954,-20.7924],[-40.9903,-20.7881],[-40.9911,-20.785],[-40.9939,-20.7789],[-40.9794,-20.7674],[-40.9809,-20.7651],[-40.9756,-20.7635],[-40.9658,-20.7478],[-40.9645,-20.7296],[-40.9564,-20.7187],[-40.9565,-20.7141],[-40.9628,-20.7101],[-40.9558,-20.6915],[-40.9514,-20.6959],[-40.9472,-20.6944],[-40.945,-20.6884],[-40.9318,-20.6851],[-40.9296,-20.6784],[-40.9067,-20.6871]]]}},{"type":"Feature","properties":{"nome":"Santa Leopoldina","cod":"3204500","uf":"ES"},"geometry":{"type":"Polygon","coordinates":[[[-40.4486,-19.9544],[-40.4508,-19.9708],[-40.4469,-19.994],[-40.4252,-20.0094],[-40.4174,-20.0127],[-40.4162,-20.0165],[-40.4225,-20.0432],[-40.4352,-20.0969],[-40.4359,-20.1359],[-40.4293,-20.1512],[-40.4235,-20.1552],[-40.4239,-20.1596],[-40.4153,-20.1622],[-40.4115,-20.1696],[-40.4017,-20.1675],[-40.3992,-20.1716],[-40.393,-20.1722],[-40.382,-20.191],[-40.3836,-20.1985],[-40.3787,-20.2097],[-40.374,-20.2143],[-40.3852,-20.223],[-40.4086,-20.2312],[-40.413,-20.2285],[-40.4301,-20.2268],[-40.4352,-20.229],[-40.4406,-20.225],[-40.4619,-20.2217],[-40.4647,-20.2188],[-40.4813,-20.2338],[-40.4887,-20.2329],[-40.492,-20.2392],[-40.4952,-20.2379],[-40.4967,-20.2364],[-40.5003,-20.2277],[-40.5263,-20.2455],[-40.5309,-20.2534],[-40.5587,-20.27],[-40.5842,-20.2682],[-40.5934,-20.2714],[-40.5959,-20.2618],[-40.5916,-20.2519],[-40.5947,-20.245],[-40.5963,-20.243],[-40.6102,-20.253],[-40.6158,-20.2464],[-40.6155,-20.2415],[-40.6266,-20.2362],[-40.6245,-20.2292],[-40.6343,-20.2231],[-40.6337,-20.2173],[-40.6369,-20.219],[-40.6516,-20.2149],[-40.6558,-20.2195],[-40.6578,-20.2163],[-40.663,-20.2187],[-40.6636,-20.2109],[-40.6603,-20.2065],[-40.6707,-20.2022],[-40.6808,-20.189],[-40.6923,-20.1884],[-40.7225,-20.183],[-40.7422,-20.1893],[-40.7512,-20.1797],[-40.7534,-20.1759],[-40.7451,-20.1777],[-40.728,-20.1605],[-40.7172,-20.1558],[-40.7126,-20.1452],[-40.7098,-20.1464],[-40.7075,-20.1425],[-40.6954,-20.1449],[-40.6834,-20.138],[-40.6835,-20.131],[-40.6786,-20.1255],[-40.6801,-20.1193],[-40.6749,-20.1176],[-40.6783,-20.1065],[-40.6737,-20.1023],[-40.6749,-20.0982],[-40.6737,-20.0933],[-40.663,-20.0861],[-40.6574,-20.0908],[-40.6491,-20.0899],[-40.6433,-20.0918],[-40.6379,-20.1094],[-40.6323,-20.1093],[-40.6314,-20.1013],[-40.6245,-20.1066],[-40.6162,-20.1014],[-40.6096,-20.0917],[-40.6056,-20.0938],[-40.5951,-20.084],[-40.6035,-20.0813],[-40.6036,-20.0705],[-40.6152,-20.0666],[-40.6201,-20.05],[-40.6257,-20.0477],[-40.6217,-20.0424],[-40.6178,-20.0339],[-40.6103,-20.029],[-40.6001,-20.009],[-40.6055,-20.0025],[-40.5973,-19.9922],[-40.6059,-19.9663],[-40.5981,-19.9597],[-40.5984,-19.9691],[-40.5865,-19.9822],[-40.5796,-19.9873],[-40.5738,-19.9891],[-40.5684,-19.9859],[-40.5588,-19.9911],[-40.5549,-19.9875],[-40.5446,-19.9901],[-40.5384,-19.997],[-40.5343,-19.9968],[-40.5371,-19.9918],[-40.5317,-19.9862],[-40.5322,-19.9802],[-40.5151,-19.9875],[-40.5108,-19.9605],[-40.4901,-19.9554],[-40.486,-19.962],[-40.481,-19.9613],[-40.4646,-19.9522],[-40.4646,-19.9444],[-40.4521,-19.9452],[-40.4486,-19.9544]]]}},{"type":"Feature","properties":{"nome":"Santa Maria de Jetibá","cod":"3204559","uf":"ES"},"geometry":{"type":"Polygon","coordinates":[[[-40.646,-19.9692],[-40.6443,-19.977],[-40.6381,-19.9764],[-40.6321,-19.9653],[-40.6254,-19.9641],[-40.6249,-19.97],[-40.6061,-19.9594],[-40.5981,-19.9597],[-40.6059,-19.9663],[-40.5973,-19.9922],[-40.6055,-20.0025],[-40.6001,-20.009],[-40.6103,-20.029],[-40.6178,-20.0339],[-40.6217,-20.0424],[-40.6257,-20.0477],[-40.6201,-20.05],[-40.6152,-20.0666],[-40.6036,-20.0705],[-40.6035,-20.0813],[-40.5951,-20.084],[-40.6056,-20.0938],[-40.6096,-20.0917],[-40.6162,-20.1014],[-40.6245,-20.1066],[-40.6314,-20.1013],[-40.6323,-20.1093],[-40.6379,-20.1094],[-40.6433,-20.0918],[-40.6491,-20.0899],[-40.6574,-20.0908],[-40.663,-20.0861],[-40.6737,-20.0933],[-40.6749,-20.0982],[-40.6737,-20.1023],[-40.6783,-20.1065],[-40.6749,-20.1176],[-40.6801,-20.1193],[-40.6786,-20.1255],[-40.6835,-20.131],[-40.6834,-20.138],[-40.6954,-20.1449],[-40.7075,-20.1425],[-40.7098,-20.1464],[-40.7126,-20.1452],[-40.7172,-20.1558],[-40.728,-20.1605],[-40.7451,-20.1777],[-40.7534,-20.1759],[-40.7599,-20.1678],[-40.7667,-20.167],[-40.7627,-20.1565],[-40.766,-20.1523],[-40.7704,-20.1604],[-40.7828,-20.1621],[-40.7866,-20.1598],[-40.7887,-20.1641],[-40.8011,-20.1641],[-40.8047,-20.1725],[-40.8119,-20.1739],[-40.8206,-20.1636],[-40.8355,-20.1708],[-40.8336,-20.1766],[-40.8531,-20.1844],[-40.8621,-20.1918],[-40.8717,-20.1882],[-40.874,-20.193],[-40.885,-20.1922],[-40.8861,-20.1951],[-40.8935,-20.1966],[-40.8967,-20.2027],[-40.9034,-20.1974],[-40.9213,-20.2036],[-40.9271,-20.1963],[-40.9396,-20.1995],[-40.9587,-20.1884],[-40.9694,-20.1919],[-40.9697,-20.192],[-40.9737,-20.2002],[-40.9696,-20.2034],[-40.9684,-20.2117],[-40.9742,-20.2202],[-40.9815,-20.2273],[-40.9879,-20.2162],[-40.9917,-20.2209],[-41.0016,-20.2138],[-40.9987,-20.2071],[-41.0077,-20.2023],[-41.0051,-20.199],[-41.0096,-20.1944],[-41.0199,-20.1927],[-41.015,-20.1881],[-41.0138,-20.1749],[-41.0217,-20.1718],[-41.0187,-20.1654],[-41.0177,-20.1497],[-41.0218,-20.1484],[-41.0229,-20.1424],[-41.0297,-20.1423],[-41.0366,-20.1369],[-41.0364,-20.1325],[-41.0252,-20.119],[-41.016,-20.1179],[-41.0154,-20.1137],[-41.0114,-20.1127],[-41.0116,-20.1097],[-41.0084,-20.1125],[-41.0006,-20.1097],[-40.9996,-20.1223],[-40.9962,-20.1259],[-40.9862,-20.121],[-40.9817,-20.1111],[-40.9734,-20.1113],[-40.9734,-20.1039],[-40.9656,-20.1025],[-40.9625,-20.0913],[-40.9543,-20.0896],[-40.9501,-20.086],[-40.9474,-20.0884],[-40.9477,-20.0743],[-40.9444,-20.0623],[-40.9358,-20.0629],[-40.9212,-20.0551],[-40.9114,-20.0558],[-40.903,-20.0447],[-40.8935,-20.0417],[-40.8866,-20.0291],[-40.8801,-20.0318],[-40.8717,-20.0252],[-40.8677,-20.0221],[-40.8686,-20.0136],[-40.8622,-20.0026],[-40.8594,-19.9932],[-40.8504,-19.9845],[-40.8389,-19.9803],[-40.8317,-19.9862],[-40.8262,-19.9863],[-40.8127,-19.9794],[-40.8038,-19.9761],[-40.7958,-19.966],[-40.7849,-19.9621],[-40.7811,-19.9645],[-40.7757,-19.9611],[-40.7679,-19.9664],[-40.7819,-19.9748],[-40.7807,-19.9786],[-40.7745,-19.981],[-40.7796,-19.9919],[-40.7457,-19.9825],[-40.7378,-19.9851],[-40.73,-19.9789],[-40.7217,-19.9778],[-40.7171,-19.9819],[-40.7157,-19.9838],[-40.704,-19.9737],[-40.6925,-19.9802],[-40.6838,-19.9743],[-40.6853,-19.9699],[-40.6824,-19.9671],[-40.6731,-19.9626],[-40.6647,-19.9708],[-40.659,-19.9566],[-40.6444,-19.9462],[-40.6422,-19.9463],[-40.6398,-19.9471],[-40.6438,-19.9525],[-40.6415,-19.9612],[-40.646,-19.9692]]]}},{"type":"Feature","properties":{"nome":"Santa Teresa","cod":"3204609","uf":"ES"},"geometry":{"type":"Polygon","coordinates":[[[-40.5514,-19.7332],[-40.5449,-19.7411],[-40.5353,-19.7387],[-40.5268,-19.7446],[-40.5183,-19.7452],[-40.5225,-19.7724],[-40.5109,-19.7823],[-40.5037,-19.8016],[-40.5132,-19.8261],[-40.5121,-19.8379],[-40.5046,-19.8536],[-40.5045,-19.8803],[-40.4989,-19.8798],[-40.4911,-19.8897],[-40.4893,-19.8918],[-40.4748,-19.9053],[-40.4752,-19.9369],[-40.4678,-19.9334],[-40.4561,-19.9355],[-40.4525,-19.936],[-40.4521,-19.9452],[-40.4646,-19.9444],[-40.4646,-19.9522],[-40.481,-19.9613],[-40.486,-19.962],[-40.4901,-19.9554],[-40.5108,-19.9605],[-40.5151,-19.9875],[-40.5322,-19.9802],[-40.5317,-19.9862],[-40.5371,-19.9918],[-40.5343,-19.9968],[-40.5384,-19.997],[-40.5446,-19.9901],[-40.5549,-19.9875],[-40.5588,-19.9911],[-40.5684,-19.9859],[-40.5738,-19.9891],[-40.5796,-19.9873],[-40.5865,-19.9822],[-40.5984,-19.9691],[-40.5981,-19.9597],[-40.6061,-19.9594],[-40.6249,-19.97],[-40.6254,-19.9641],[-40.6321,-19.9653],[-40.6381,-19.9764],[-40.6443,-19.977],[-40.646,-19.9692],[-40.6415,-19.9612],[-40.6438,-19.9525],[-40.6398,-19.9471],[-40.6422,-19.9463],[-40.6444,-19.9462],[-40.659,-19.9566],[-40.6647,-19.9708],[-40.6731,-19.9626],[-40.6824,-19.9671],[-40.6853,-19.9699],[-40.6838,-19.9743],[-40.6925,-19.9802],[-40.704,-19.9737],[-40.7157,-19.9838],[-40.7171,-19.9819],[-40.7217,-19.9778],[-40.73,-19.9789],[-40.7378,-19.9851],[-40.7457,-19.9825],[-40.7796,-19.9919],[-40.7745,-19.981],[-40.7807,-19.9786],[-40.7819,-19.9748],[-40.7679,-19.9664],[-40.7757,-19.9611],[-40.7811,-19.9645],[-40.7849,-19.9621],[-40.776,-19.9424],[-40.774,-19.9343],[-40.7862,-19.9267],[-40.7952,-19.9109],[-40.8158,-19.9084],[-40.8134,-19.8906],[-40.8172,-19.8846],[-40.825,-19.8771],[-40.8282,-19.8676],[-40.8138,-19.8455],[-40.8022,-19.8369],[-40.7967,-19.8376],[-40.7933,-19.8335],[-40.781,-19.8303],[-40.783,-19.818],[-40.7743,-19.8128],[-40.7636,-19.8297],[-40.7574,-19.8242],[-40.7473,-19.8295],[-40.7403,-19.8266],[-40.7307,-19.8292],[-40.7272,-19.8264],[-40.707,-19.8147],[-40.71,-19.7886],[-40.6954,-19.7828],[-40.6937,-19.7725],[-40.6895,-19.7709],[-40.6817,-19.7699],[-40.6769,-19.7759],[-40.6584,-19.7719],[-40.633,-19.7738],[-40.6324,-19.7736],[-40.6102,-19.7585],[-40.5838,-19.7495],[-40.5723,-19.7406],[-40.5604,-19.7417],[-40.5556,-19.7336],[-40.5514,-19.7332]]]}},{"type":"Feature","properties":{"nome":"São Domingos do Norte","cod":"3204658","uf":"ES"},"geometry":{"type":"Polygon","coordinates":[[[-40.5493,-19.0426],[-40.548,-19.0486],[-40.5433,-19.0473],[-40.54,-19.0443],[-40.5369,-19.0466],[-40.5356,-19.0507],[-40.5314,-19.0471],[-40.5324,-19.0513],[-40.5143,-19.0596],[-40.5005,-19.0538],[-40.4962,-19.0547],[-40.4864,-19.0464],[-40.4828,-19.0498],[-40.4662,-19.0435],[-40.4574,-19.0457],[-40.4553,-19.0528],[-40.4497,-19.0503],[-40.4439,-19.0524],[-40.4247,-19.0759],[-40.4024,-19.0763],[-40.3947,-19.0798],[-40.3949,-19.0853],[-40.3912,-19.0831],[-40.3778,-19.0846],[-40.3748,-19.0799],[-40.3748,-19.0806],[-40.3707,-19.0855],[-40.3731,-19.0914],[-40.38,-19.0927],[-40.3871,-19.1026],[-40.3923,-19.0993],[-40.4036,-19.1068],[-40.4125,-19.1085],[-40.4298,-19.1074],[-40.4477,-19.0992],[-40.4543,-19.1069],[-40.4635,-19.1103],[-40.4737,-19.1087],[-40.4952,-19.113],[-40.4988,-19.1177],[-40.5055,-19.1222],[-40.5045,-19.1452],[-40.5089,-19.1604],[-40.5137,-19.1528],[-40.5507,-19.1385],[-40.5642,-19.1442],[-40.5735,-19.1552],[-40.5682,-19.168],[-40.5804,-19.173],[-40.5828,-19.1797],[-40.6061,-19.1911],[-40.6018,-19.1974],[-40.6117,-19.2029],[-40.6188,-19.2119],[-40.6145,-19.2347],[-40.6197,-19.2464],[-40.6182,-19.2561],[-40.6123,-19.2619],[-40.6123,-19.2751],[-40.6183,-19.279],[-40.619,-19.2675],[-40.6224,-19.266],[-40.6344,-19.2402],[-40.6345,-19.2401],[-40.6405,-19.2371],[-40.649,-19.2424],[-40.6526,-19.2331],[-40.6643,-19.2298],[-40.6592,-19.2023],[-40.6701,-19.201],[-40.6558,-19.1796],[-40.6581,-19.1737],[-40.6559,-19.168],[-40.6664,-19.166],[-40.6665,-19.1559],[-40.6731,-19.1594],[-40.6782,-19.1573],[-40.679,-19.1443],[-40.6848,-19.1444],[-40.6882,-19.1509],[-40.6897,-19.1488],[-40.6891,-19.1313],[-40.6792,-19.1247],[-40.6835,-19.1042],[-40.6723,-19.0974],[-40.6591,-19.0994],[-40.6544,-19.0907],[-40.6479,-19.0882],[-40.6437,-19.0843],[-40.6386,-19.0863],[-40.6164,-19.081],[-40.5974,-19.0623],[-40.5776,-19.0678],[-40.5607,-19.0474],[-40.5555,-19.0453],[-40.5521,-19.0471],[-40.5493,-19.0426]]]}},{"type":"Feature","properties":{"nome":"São Gabriel da Palha","cod":"3204708","uf":"ES"},"geometry":{"type":"Polygon","coordinates":[[[-40.4797,-18.854],[-40.458,-18.855],[-40.4406,-18.8523],[-40.4218,-18.8544],[-40.401,-18.8501],[-40.3725,-18.8481],[-40.3729,-18.8765],[-40.373,-18.8891],[-40.3735,-18.9345],[-40.3737,-18.9474],[-40.3827,-18.9418],[-40.3936,-18.9463],[-40.4046,-18.9462],[-40.4071,-18.9531],[-40.4177,-18.9605],[-40.4197,-18.9569],[-40.4157,-18.9502],[-40.4203,-18.9459],[-40.4298,-18.946],[-40.4493,-18.9561],[-40.4652,-18.9642],[-40.4589,-18.9834],[-40.4643,-18.9928],[-40.446,-18.9888],[-40.4474,-19.0065],[-40.4354,-19.0136],[-40.4336,-19.0188],[-40.4513,-19.0432],[-40.4574,-19.0457],[-40.4662,-19.0435],[-40.4828,-19.0498],[-40.4864,-19.0464],[-40.4962,-19.0547],[-40.5005,-19.0538],[-40.5143,-19.0596],[-40.5324,-19.0513],[-40.5314,-19.0471],[-40.5356,-19.0507],[-40.5369,-19.0466],[-40.54,-19.0443],[-40.5433,-19.0473],[-40.548,-19.0486],[-40.5493,-19.0426],[-40.5521,-19.0471],[-40.5555,-19.0453],[-40.5619,-19.0413],[-40.573,-19.0527],[-40.5836,-19.0477],[-40.602,-19.0477],[-40.609,-19.04],[-40.6156,-19.0411],[-40.6187,-19.0325],[-40.6216,-19.0211],[-40.6317,-19.0219],[-40.6351,-19.0284],[-40.6385,-19.0156],[-40.6453,-19.0123],[-40.634,-18.9872],[-40.6341,-18.987],[-40.6409,-18.9864],[-40.6412,-18.9805],[-40.6522,-18.9834],[-40.6438,-18.9649],[-40.6565,-18.9462],[-40.6501,-18.9393],[-40.6441,-18.9431],[-40.6315,-18.9354],[-40.6318,-18.9465],[-40.6145,-18.954],[-40.6041,-18.946],[-40.5987,-18.9367],[-40.5951,-18.9363],[-40.5918,-18.927],[-40.579,-18.9026],[-40.5669,-18.8875],[-40.558,-18.8874],[-40.5353,-18.8712],[-40.5262,-18.8701],[-40.5194,-18.8731],[-40.5157,-18.8755],[-40.5119,-18.8698],[-40.5039,-18.8663],[-40.5013,-18.8605],[-40.4861,-18.8559],[-40.4797,-18.854]]]}},{"type":"Feature","properties":{"nome":"São José do Calçado","cod":"3204807","uf":"ES"},"geometry":{"type":"Polygon","coordinates":[[[-41.6112,-20.8881],[-41.6157,-20.8975],[-41.6114,-20.9014],[-41.6024,-20.9004],[-41.5986,-20.8896],[-41.5868,-20.8977],[-41.5811,-20.9112],[-41.5778,-20.9215],[-41.5839,-20.9214],[-41.584,-20.9259],[-41.5897,-20.9249],[-41.5874,-20.9365],[-41.5826,-20.94],[-41.5828,-20.9471],[-41.5734,-20.9493],[-41.5716,-20.9572],[-41.5799,-20.9613],[-41.5839,-20.9695],[-41.5818,-20.978],[-41.582,-20.99],[-41.5923,-21.0078],[-41.5974,-21.0197],[-41.6067,-21.0192],[-41.6085,-21.0241],[-41.6132,-21.0327],[-41.6181,-21.0359],[-41.6162,-21.0388],[-41.6218,-21.0546],[-41.6292,-21.0571],[-41.6326,-21.0731],[-41.6384,-21.0738],[-41.6532,-21.0851],[-41.6698,-21.0705],[-41.6817,-21.0908],[-41.6923,-21.0864],[-41.7021,-21.0926],[-41.7093,-21.0908],[-41.7167,-21.105],[-41.7222,-21.103],[-41.7286,-21.1063],[-41.7352,-21.1029],[-41.7347,-21.0985],[-41.731,-21.0869],[-41.7213,-21.0731],[-41.7232,-21.0671],[-41.732,-21.0663],[-41.7288,-21.0499],[-41.7239,-21.0559],[-41.72,-21.0547],[-41.7162,-21.0466],[-41.7209,-21.0446],[-41.7259,-21.0321],[-41.7233,-21.0247],[-41.7156,-21.0224],[-41.7151,-21.0162],[-41.7224,-21.0107],[-41.7157,-20.9916],[-41.7104,-20.9892],[-41.7115,-20.9806],[-41.7157,-20.9755],[-41.7173,-20.9546],[-41.7334,-20.9434],[-41.7296,-20.94],[-41.7232,-20.9422],[-41.7226,-20.9347],[-41.7153,-20.9294],[-41.713,-20.9312],[-41.7047,-20.9212],[-41.7005,-20.9239],[-41.6963,-20.9203],[-41.6921,-20.9219],[-41.6911,-20.9285],[-41.6877,-20.9298],[-41.6824,-20.9098],[-41.6735,-20.9013],[-41.6688,-20.8892],[-41.6628,-20.8881],[-41.6594,-20.8949],[-41.6523,-20.8917],[-41.6498,-20.8768],[-41.6445,-20.8697],[-41.6445,-20.8521],[-41.6376,-20.8503],[-41.6372,-20.8442],[-41.6279,-20.8618],[-41.6112,-20.8881]]]}},{"type":"Feature","properties":{"nome":"São Mateus","cod":"3204906","uf":"ES"},"geometry":{"type":"Polygon","coordinates":[[[-40.0296,-18.4443],[-39.9951,-18.4873],[-39.9414,-18.5535],[-39.9083,-18.5938],[-39.8473,-18.6677],[-39.837,-18.6802],[-39.8305,-18.6718],[-39.8069,-18.6751],[-39.8152,-18.6819],[-39.813,-18.6877],[-39.8162,-18.6934],[-39.8067,-18.6955],[-39.8079,-18.7006],[-39.8176,-18.7045],[-39.8107,-18.7102],[-39.8132,-18.7192],[-39.8077,-18.7214],[-39.8017,-18.7206],[-39.7953,-18.7117],[-39.783,-18.7041],[-39.7757,-18.7055],[-39.7466,-18.7057],[-39.7481,-18.7859],[-39.7499,-18.8412],[-39.7386,-18.9515],[-39.7367,-18.9681],[-39.7186,-19.0965],[-39.7316,-19.0969],[-39.7377,-19.1032],[-39.7322,-19.125],[-39.7358,-19.1406],[-39.7416,-19.1491],[-39.8351,-19.0295],[-39.8752,-18.9785],[-39.9014,-18.9583],[-39.9184,-18.9333],[-39.9299,-18.9288],[-39.9536,-18.9028],[-39.9578,-18.8995],[-39.9652,-18.8816],[-39.9882,-18.8769],[-40.0069,-18.8929],[-40.0076,-18.8974],[-40.0074,-18.8135],[-40.0166,-18.814],[-40.0267,-18.8072],[-40.0526,-18.8099],[-40.0605,-18.8042],[-40.0742,-18.801],[-40.0855,-18.8025],[-40.1001,-18.7922],[-40.1177,-18.7742],[-40.1494,-18.8114],[-40.1705,-18.8367],[-40.182,-18.8504],[-40.2084,-18.8815],[-40.216,-18.8767],[-40.2256,-18.8772],[-40.2437,-18.8621],[-40.249,-18.8638],[-40.2588,-18.8422],[-40.2665,-18.84],[-40.2789,-18.8419],[-40.294,-18.8421],[-40.3018,-18.8474],[-40.3114,-18.8469],[-40.319,-18.8503],[-40.3308,-18.8478],[-40.3365,-18.8506],[-40.3392,-18.8484],[-40.3411,-18.8489],[-40.3542,-18.8455],[-40.3614,-18.8488],[-40.3725,-18.8481],[-40.401,-18.8501],[-40.4041,-18.8328],[-40.4022,-18.8259],[-40.3921,-18.8179],[-40.3926,-18.7814],[-40.3543,-18.749],[-40.3511,-18.747],[-40.3436,-18.7325],[-40.3346,-18.7278],[-40.3359,-18.7257],[-40.284,-18.5767],[-40.284,-18.5766],[-40.2774,-18.5738],[-40.2743,-18.5771],[-40.2628,-18.5758],[-40.2655,-18.5705],[-40.2546,-18.5661],[-40.2461,-18.5683],[-40.2387,-18.5764],[-40.24,-18.5801],[-40.2317,-18.5819],[-40.2248,-18.5793],[-40.221,-18.5851],[-40.2185,-18.5772],[-40.2111,-18.5819],[-40.2096,-18.5719],[-40.1649,-18.5435],[-40.1619,-18.5354],[-40.1648,-18.5178],[-40.1578,-18.5096],[-40.1499,-18.5085],[-40.1232,-18.4873],[-40.1003,-18.4859],[-40.0946,-18.486],[-40.0884,-18.485],[-40.0802,-18.4791],[-40.0596,-18.4632],[-40.0446,-18.4456],[-40.0296,-18.4443]]]}},{"type":"Feature","properties":{"nome":"São Roque do Canaã","cod":"3204955","uf":"ES"},"geometry":{"type":"Polygon","coordinates":[[[-40.7122,-19.6242],[-40.7056,-19.6282],[-40.6911,-19.6233],[-40.6793,-19.6264],[-40.6719,-19.6221],[-40.6712,-19.6303],[-40.6547,-19.6413],[-40.6528,-19.6427],[-40.6033,-19.6726],[-40.6031,-19.6726],[-40.5971,-19.6686],[-40.5967,-19.6644],[-40.5873,-19.6644],[-40.5817,-19.6835],[-40.5785,-19.6863],[-40.5677,-19.684],[-40.5579,-19.6955],[-40.5572,-19.7061],[-40.5523,-19.7117],[-40.5471,-19.7132],[-40.5385,-19.7093],[-40.527,-19.7151],[-40.5195,-19.7271],[-40.5183,-19.7452],[-40.5268,-19.7446],[-40.5353,-19.7387],[-40.5449,-19.7411],[-40.5514,-19.7332],[-40.5556,-19.7336],[-40.5604,-19.7417],[-40.5723,-19.7406],[-40.5838,-19.7495],[-40.6102,-19.7585],[-40.6324,-19.7736],[-40.633,-19.7738],[-40.6584,-19.7719],[-40.6769,-19.7759],[-40.6817,-19.7699],[-40.6895,-19.7709],[-40.6937,-19.7725],[-40.6954,-19.7828],[-40.71,-19.7886],[-40.707,-19.8147],[-40.7272,-19.8264],[-40.7307,-19.8292],[-40.7403,-19.8266],[-40.7473,-19.8295],[-40.7574,-19.8242],[-40.7636,-19.8297],[-40.7743,-19.8128],[-40.7713,-19.8037],[-40.7764,-19.7966],[-40.7732,-19.7873],[-40.7775,-19.7802],[-40.7762,-19.7725],[-40.781,-19.7601],[-40.7728,-19.7394],[-40.7758,-19.7123],[-40.7714,-19.7076],[-40.7728,-19.6968],[-40.7655,-19.6805],[-40.7594,-19.669],[-40.7565,-19.6525],[-40.7389,-19.6429],[-40.7255,-19.642],[-40.7221,-19.6241],[-40.7122,-19.6242]]]}},{"type":"Feature","properties":{"nome":"Serra","cod":"3205002","uf":"ES"},"geometry":{"type":"Polygon","coordinates":[[[-40.3848,-20.014],[-40.3793,-20.0237],[-40.3736,-20.0233],[-40.3672,-20.0395],[-40.3607,-20.0421],[-40.3563,-20.0486],[-40.3494,-20.0468],[-40.3435,-20.0363],[-40.3335,-20.0343],[-40.3264,-20.0288],[-40.3184,-20.0296],[-40.3021,-20.0249],[-40.3032,-20.0208],[-40.2932,-20.025],[-40.2904,-20.023],[-40.2806,-20.0315],[-40.2775,-20.0287],[-40.2716,-20.0299],[-40.2746,-20.0354],[-40.2724,-20.037],[-40.2638,-20.0308],[-40.2575,-20.0407],[-40.2534,-20.032],[-40.2478,-20.0375],[-40.2166,-20.0266],[-40.204,-20.0308],[-40.2001,-20.0356],[-40.1951,-20.0358],[-40.1901,-20.0447],[-40.1948,-20.0539],[-40.1903,-20.0561],[-40.179,-20.066],[-40.1724,-20.0743],[-40.1716,-20.1029],[-40.171,-20.1099],[-40.1836,-20.1542],[-40.1843,-20.1744],[-40.1901,-20.1836],[-40.1924,-20.2018],[-40.1974,-20.2164],[-40.2128,-20.2393],[-40.2224,-20.2394],[-40.261,-20.2396],[-40.2614,-20.2396],[-40.2925,-20.2397],[-40.2936,-20.2397],[-40.3292,-20.2395],[-40.3267,-20.2485],[-40.3279,-20.2573],[-40.3395,-20.2598],[-40.3397,-20.2489],[-40.3576,-20.2375],[-40.3695,-20.2158],[-40.3698,-20.2157],[-40.374,-20.2143],[-40.3787,-20.2097],[-40.3836,-20.1985],[-40.382,-20.191],[-40.393,-20.1722],[-40.3992,-20.1716],[-40.4017,-20.1675],[-40.4115,-20.1696],[-40.4153,-20.1622],[-40.4239,-20.1596],[-40.4235,-20.1552],[-40.4293,-20.1512],[-40.4359,-20.1359],[-40.4352,-20.0969],[-40.4225,-20.0432],[-40.4162,-20.0165],[-40.409,-20.0172],[-40.3984,-20.0149],[-40.3848,-20.014]]]}},{"type":"Feature","properties":{"nome":"Sooretama","cod":"3205010","uf":"ES"},"geometry":{"type":"Polygon","coordinates":[[[-40.1782,-18.9429],[-40.1786,-18.9493],[-40.1741,-18.9478],[-40.1546,-18.9557],[-40.1488,-18.955],[-40.1361,-18.9642],[-40.1269,-18.9642],[-40.1049,-18.9699],[-40.0838,-18.9811],[-40.0714,-18.9831],[-40.0636,-18.9805],[-40.0378,-18.9858],[-40.0237,-18.9878],[-40.0214,-18.9893],[-40.0028,-18.9955],[-40.0229,-19.0374],[-40.008,-19.0455],[-39.9977,-19.0414],[-39.9891,-19.0465],[-40.0046,-19.0482],[-40.0145,-19.0534],[-40.0197,-19.0515],[-40.0316,-19.0585],[-40.0345,-19.0613],[-40.0454,-19.0832],[-40.0719,-19.1368],[-40.0729,-19.1387],[-40.0749,-19.1428],[-40.0756,-19.1442],[-40.0846,-19.1624],[-40.0877,-19.1686],[-40.0699,-19.1691],[-40.0528,-19.1745],[-40.0399,-19.186],[-40.0368,-19.1846],[-40.084,-19.2349],[-40.0837,-19.2253],[-40.0969,-19.2219],[-40.1041,-19.2084],[-40.1208,-19.2112],[-40.1146,-19.2208],[-40.1175,-19.229],[-40.1477,-19.2168],[-40.1567,-19.1934],[-40.1917,-19.1917],[-40.1959,-19.17],[-40.1984,-19.1641],[-40.2035,-19.167],[-40.209,-19.1643],[-40.2098,-19.1683],[-40.2134,-19.16],[-40.2183,-19.1568],[-40.2241,-19.1624],[-40.2259,-19.1543],[-40.2351,-19.1549],[-40.2336,-19.1504],[-40.2368,-19.1492],[-40.2395,-19.1477],[-40.2354,-19.1439],[-40.2395,-19.1403],[-40.2371,-19.1352],[-40.2441,-19.1326],[-40.2406,-19.1255],[-40.2383,-19.1193],[-40.2428,-19.1181],[-40.2527,-19.1045],[-40.2512,-19.0997],[-40.2623,-19.0987],[-40.2632,-19.0901],[-40.2671,-19.0863],[-40.2864,-19.0787],[-40.2859,-19.0749],[-40.2887,-19.0748],[-40.2691,-19.0341],[-40.2455,-18.9849],[-40.2213,-18.9344],[-40.2145,-18.9203],[-40.2143,-18.9197],[-40.2071,-18.9048],[-40.2028,-18.9106],[-40.1978,-18.9106],[-40.1942,-18.9159],[-40.1949,-18.9227],[-40.1902,-18.9228],[-40.183,-18.9303],[-40.1846,-18.9372],[-40.1782,-18.9429]]]}},{"type":"Feature","properties":{"nome":"Vargem Alta","cod":"3205036","uf":"ES"},"geometry":{"type":"Polygon","coordinates":[[[-40.9856,-20.4473],[-40.985,-20.4581],[-40.978,-20.4556],[-40.9673,-20.4624],[-40.9696,-20.4736],[-40.9735,-20.4742],[-40.9725,-20.4793],[-40.9659,-20.4837],[-40.9673,-20.4934],[-40.9593,-20.4976],[-40.9583,-20.5096],[-40.962,-20.5121],[-40.9592,-20.5283],[-40.9644,-20.5442],[-40.9566,-20.5517],[-40.9588,-20.5547],[-40.9563,-20.5578],[-40.9579,-20.5624],[-40.9648,-20.5628],[-40.9683,-20.5763],[-40.9568,-20.5912],[-40.9621,-20.6017],[-40.958,-20.6037],[-40.9521,-20.6013],[-40.9439,-20.6063],[-40.9364,-20.5997],[-40.9332,-20.6009],[-40.9138,-20.6137],[-40.9093,-20.6225],[-40.9107,-20.6296],[-40.9141,-20.6371],[-40.9161,-20.6438],[-40.9255,-20.6476],[-40.9338,-20.6639],[-40.9306,-20.6697],[-40.9341,-20.674],[-40.9296,-20.6784],[-40.9318,-20.6851],[-40.945,-20.6884],[-40.9472,-20.6944],[-40.9514,-20.6959],[-40.9558,-20.6915],[-40.9628,-20.7101],[-40.9565,-20.7141],[-40.9564,-20.7187],[-40.9645,-20.7296],[-40.9658,-20.7478],[-40.9756,-20.7635],[-40.9809,-20.7651],[-40.9794,-20.7674],[-40.9939,-20.7789],[-40.9911,-20.785],[-40.9903,-20.7881],[-40.9954,-20.7924],[-40.9847,-20.8008],[-40.9867,-20.8084],[-40.9774,-20.8226],[-40.9805,-20.8289],[-40.9875,-20.8308],[-40.9912,-20.8368],[-40.9854,-20.8455],[-40.9866,-20.8614],[-40.978,-20.8654],[-40.9797,-20.8689],[-40.9908,-20.869],[-41.0118,-20.8655],[-41.0167,-20.8587],[-41.0258,-20.8577],[-41.0328,-20.852],[-41.0157,-20.8232],[-41.0229,-20.8155],[-41.0169,-20.7947],[-41.019,-20.7885],[-41.0383,-20.7877],[-41.043,-20.7961],[-41.0455,-20.7871],[-41.0394,-20.7673],[-41.0361,-20.7667],[-41.0323,-20.7577],[-41.0371,-20.7541],[-41.0513,-20.7515],[-41.0623,-20.7331],[-41.0716,-20.7258],[-41.0687,-20.7243],[-41.0651,-20.7204],[-41.0671,-20.7122],[-41.0807,-20.7149],[-41.0835,-20.7081],[-41.0838,-20.7044],[-41.0876,-20.6957],[-41.0834,-20.6812],[-41.0685,-20.6579],[-41.0661,-20.6484],[-41.0652,-20.6408],[-41.0608,-20.6399],[-41.0549,-20.6313],[-41.0547,-20.6287],[-41.0691,-20.6238],[-41.0852,-20.6161],[-41.0703,-20.6125],[-41.064,-20.6],[-41.0657,-20.5953],[-41.0803,-20.5946],[-41.0756,-20.5842],[-41.0744,-20.58],[-41.0631,-20.5813],[-41.0572,-20.5673],[-41.047,-20.5661],[-41.0396,-20.5716],[-41.0335,-20.5663],[-41.0289,-20.5534],[-41.0178,-20.545],[-41.0184,-20.5341],[-41.0229,-20.5321],[-41.0319,-20.5366],[-41.0435,-20.5366],[-41.0548,-20.5287],[-41.0543,-20.5184],[-41.0493,-20.5159],[-41.0443,-20.5232],[-41.0377,-20.5145],[-41.0322,-20.5175],[-41.0263,-20.5146],[-41.0283,-20.4955],[-41.0361,-20.4963],[-41.034,-20.4911],[-41.0408,-20.4868],[-41.0393,-20.4837],[-41.0184,-20.4835],[-41.0194,-20.4781],[-41.0059,-20.4702],[-41.0063,-20.4652],[-41.0104,-20.4571],[-41.007,-20.4497],[-41.0087,-20.4388],[-41.0092,-20.4331],[-41.0001,-20.4255],[-40.9962,-20.4272],[-40.9934,-20.4287],[-40.9878,-20.4368],[-40.9952,-20.441],[-40.9856,-20.4473]]]}},{"type":"Feature","properties":{"nome":"Venda Nova do Imigrante","cod":"3205069","uf":"ES"},"geometry":{"type":"Polygon","coordinates":[[[-41.107,-20.3022],[-41.1038,-20.308],[-41.1046,-20.3223],[-41.0982,-20.325],[-41.0918,-20.3346],[-41.0993,-20.3431],[-41.0872,-20.3531],[-41.0885,-20.3548],[-41.0909,-20.3674],[-41.0904,-20.3691],[-41.0726,-20.3748],[-41.0702,-20.3836],[-41.0676,-20.3906],[-41.0717,-20.3931],[-41.0742,-20.4042],[-41.0637,-20.4101],[-41.0681,-20.4224],[-41.0649,-20.4219],[-41.0601,-20.4224],[-41.0528,-20.4386],[-41.0514,-20.4532],[-41.0457,-20.458],[-41.0525,-20.4596],[-41.0669,-20.4596],[-41.071,-20.4508],[-41.0758,-20.4501],[-41.0757,-20.4442],[-41.0886,-20.4411],[-41.1016,-20.4302],[-41.0995,-20.4261],[-41.1033,-20.4218],[-41.0977,-20.4104],[-41.1054,-20.4028],[-41.1107,-20.4047],[-41.11,-20.4094],[-41.1198,-20.4217],[-41.1193,-20.4246],[-41.1277,-20.4249],[-41.1414,-20.431],[-41.1615,-20.4226],[-41.1663,-20.4289],[-41.1652,-20.4439],[-41.1715,-20.4469],[-41.1717,-20.447],[-41.192,-20.4446],[-41.1972,-20.4402],[-41.1941,-20.4289],[-41.1993,-20.4224],[-41.1987,-20.4163],[-41.1926,-20.4162],[-41.1814,-20.4082],[-41.1772,-20.4006],[-41.1779,-20.3918],[-41.1925,-20.3905],[-41.201,-20.3839],[-41.2028,-20.3641],[-41.2179,-20.3563],[-41.2175,-20.3492],[-41.2105,-20.342],[-41.2105,-20.3355],[-41.215,-20.3303],[-41.2153,-20.326],[-41.207,-20.3158],[-41.2007,-20.3153],[-41.19,-20.3068],[-41.18,-20.3117],[-41.1775,-20.3108],[-41.1712,-20.3097],[-41.1721,-20.3047],[-41.1646,-20.2995],[-41.1577,-20.2822],[-41.1488,-20.2816],[-41.1371,-20.2878],[-41.1286,-20.295],[-41.1125,-20.2971],[-41.107,-20.3022]]]}},{"type":"Feature","properties":{"nome":"Viana","cod":"3205101","uf":"ES"},"geometry":{"type":"Polygon","coordinates":[[[-40.5678,-20.2992],[-40.5638,-20.3038],[-40.5601,-20.301],[-40.5487,-20.3018],[-40.5332,-20.2908],[-40.5318,-20.2921],[-40.5213,-20.2908],[-40.5212,-20.3246],[-40.5149,-20.3469],[-40.4856,-20.3471],[-40.4803,-20.3435],[-40.4581,-20.3316],[-40.4526,-20.3396],[-40.4387,-20.3324],[-40.4355,-20.3346],[-40.4286,-20.3404],[-40.4196,-20.3408],[-40.4043,-20.3583],[-40.4057,-20.3788],[-40.3948,-20.3908],[-40.3943,-20.3959],[-40.3847,-20.3938],[-40.3707,-20.3992],[-40.374,-20.402],[-40.3901,-20.4085],[-40.3908,-20.4134],[-40.3908,-20.419],[-40.3963,-20.4227],[-40.4275,-20.4255],[-40.4373,-20.4326],[-40.4591,-20.4322],[-40.4638,-20.4321],[-40.472,-20.4617],[-40.4842,-20.5053],[-40.5377,-20.4725],[-40.5465,-20.4758],[-40.5517,-20.4736],[-40.5749,-20.4786],[-40.5814,-20.477],[-40.5912,-20.4828],[-40.5993,-20.482],[-40.6048,-20.4869],[-40.6258,-20.4678],[-40.6324,-20.4619],[-40.6218,-20.4353],[-40.6252,-20.4241],[-40.616,-20.4213],[-40.6148,-20.4134],[-40.5876,-20.415],[-40.5576,-20.4085],[-40.5501,-20.404],[-40.5434,-20.4024],[-40.5478,-20.3991],[-40.5339,-20.3893],[-40.5442,-20.3843],[-40.5526,-20.3886],[-40.5611,-20.3882],[-40.5631,-20.3857],[-40.5594,-20.3721],[-40.5698,-20.3776],[-40.5719,-20.3722],[-40.5801,-20.3686],[-40.5796,-20.3621],[-40.5857,-20.3673],[-40.5925,-20.3667],[-40.5945,-20.3622],[-40.5884,-20.3491],[-40.5822,-20.3431],[-40.5853,-20.3414],[-40.5847,-20.3337],[-40.5795,-20.3219],[-40.5825,-20.3046],[-40.5823,-20.292],[-40.5762,-20.2787],[-40.5719,-20.2798],[-40.573,-20.2861],[-40.5665,-20.2915],[-40.5678,-20.2992]]]}},{"type":"Feature","properties":{"nome":"Vila Pavão","cod":"3205150","uf":"ES"},"geometry":{"type":"Polygon","coordinates":[[[-40.5503,-18.4928],[-40.5652,-18.5121],[-40.5644,-18.5228],[-40.5644,-18.523],[-40.5616,-18.5311],[-40.5664,-18.5508],[-40.5638,-18.5647],[-40.5551,-18.5708],[-40.5502,-18.5822],[-40.536,-18.5887],[-40.5367,-18.5992],[-40.5328,-18.6088],[-40.5181,-18.6231],[-40.5,-18.6206],[-40.4916,-18.6336],[-40.496,-18.6502],[-40.4828,-18.6573],[-40.496,-18.6601],[-40.5041,-18.6662],[-40.5119,-18.6632],[-40.518,-18.6649],[-40.5425,-18.686],[-40.5698,-18.7005],[-40.5942,-18.7195],[-40.61,-18.7199],[-40.6214,-18.7249],[-40.6262,-18.7264],[-40.6267,-18.7239],[-40.6409,-18.7246],[-40.6519,-18.7066],[-40.6687,-18.7017],[-40.6767,-18.706],[-40.6806,-18.703],[-40.6961,-18.7055],[-40.6998,-18.6954],[-40.6859,-18.6946],[-40.6821,-18.6907],[-40.6836,-18.6867],[-40.6864,-18.6835],[-40.702,-18.6809],[-40.7083,-18.6839],[-40.7152,-18.6817],[-40.7146,-18.6783],[-40.7231,-18.6774],[-40.7294,-18.6593],[-40.7218,-18.626],[-40.7219,-18.6085],[-40.7216,-18.602],[-40.7273,-18.6006],[-40.7307,-18.5891],[-40.7379,-18.5876],[-40.747,-18.5946],[-40.746,-18.6011],[-40.7644,-18.5932],[-40.7647,-18.6053],[-40.7607,-18.6085],[-40.7656,-18.6126],[-40.7745,-18.6132],[-40.78,-18.6198],[-40.7895,-18.6203],[-40.7969,-18.6049],[-40.794,-18.5968],[-40.8026,-18.5913],[-40.8036,-18.586],[-40.8006,-18.583],[-40.7967,-18.5866],[-40.7875,-18.5959],[-40.7798,-18.5973],[-40.7699,-18.5939],[-40.7655,-18.5813],[-40.7597,-18.5765],[-40.7501,-18.5762],[-40.7378,-18.5689],[-40.7283,-18.5689],[-40.719,-18.5625],[-40.7141,-18.5655],[-40.7048,-18.5623],[-40.7037,-18.5568],[-40.6901,-18.5466],[-40.6804,-18.5319],[-40.6692,-18.5293],[-40.6727,-18.5244],[-40.66,-18.518],[-40.6539,-18.5169],[-40.652,-18.5126],[-40.6505,-18.5159],[-40.6378,-18.5158],[-40.6333,-18.5086],[-40.6206,-18.5046],[-40.6188,-18.498],[-40.5931,-18.4904],[-40.5627,-18.4863],[-40.5503,-18.4928]]]}},{"type":"Feature","properties":{"nome":"Vila Valério","cod":"3205176","uf":"ES"},"geometry":{"type":"Polygon","coordinates":[[[-40.3542,-18.8455],[-40.3411,-18.8489],[-40.3392,-18.8484],[-40.3365,-18.8506],[-40.3308,-18.8478],[-40.319,-18.8503],[-40.3114,-18.8469],[-40.3018,-18.8474],[-40.294,-18.8421],[-40.2789,-18.8419],[-40.2665,-18.84],[-40.2588,-18.8422],[-40.249,-18.8638],[-40.2437,-18.8621],[-40.2256,-18.8772],[-40.216,-18.8767],[-40.2084,-18.8815],[-40.2071,-18.8833],[-40.2048,-18.8979],[-40.2071,-18.9048],[-40.2143,-18.9197],[-40.2145,-18.9203],[-40.2213,-18.9344],[-40.2455,-18.9849],[-40.2691,-19.0341],[-40.2887,-19.0748],[-40.3046,-19.0833],[-40.3212,-19.0806],[-40.3253,-19.0756],[-40.3366,-19.079],[-40.3427,-19.0776],[-40.3489,-19.084],[-40.3521,-19.0812],[-40.3524,-19.0735],[-40.3643,-19.0663],[-40.3746,-19.0797],[-40.3748,-19.0799],[-40.3778,-19.0846],[-40.3912,-19.0831],[-40.3949,-19.0853],[-40.3947,-19.0798],[-40.4024,-19.0763],[-40.4247,-19.0759],[-40.4439,-19.0524],[-40.4497,-19.0503],[-40.4553,-19.0528],[-40.4574,-19.0457],[-40.4513,-19.0432],[-40.4336,-19.0188],[-40.4354,-19.0136],[-40.4474,-19.0065],[-40.446,-18.9888],[-40.4643,-18.9928],[-40.4589,-18.9834],[-40.4652,-18.9642],[-40.4493,-18.9561],[-40.4298,-18.946],[-40.4203,-18.9459],[-40.4157,-18.9502],[-40.4197,-18.9569],[-40.4177,-18.9605],[-40.4071,-18.9531],[-40.4046,-18.9462],[-40.3936,-18.9463],[-40.3827,-18.9418],[-40.3737,-18.9474],[-40.3735,-18.9345],[-40.373,-18.8891],[-40.3729,-18.8765],[-40.3725,-18.8481],[-40.3614,-18.8488],[-40.3542,-18.8455]]]}},{"type":"Feature","properties":{"nome":"Vila Velha","cod":"3205200","uf":"ES"},"geometry":{"type":"Polygon","coordinates":[[[-40.3564,-20.5236],[-40.3565,-20.5241],[-40.3575,-20.5242],[-40.3577,-20.5237],[-40.3564,-20.5236]],[[-40.31,-20.421],[-40.3119,-20.4212],[-40.3118,-20.4203],[-40.3102,-20.4202],[-40.31,-20.421]],[[-40.295,-20.381],[-40.2979,-20.3814],[-40.297,-20.3795],[-40.2953,-20.3798],[-40.295,-20.381]],[[-40.2774,-20.3647],[-40.279,-20.3648],[-40.2793,-20.3637],[-40.2775,-20.3636],[-40.2774,-20.3647]],[[-40.2791,-20.3629],[-40.2804,-20.3631],[-40.2808,-20.3621],[-40.2793,-20.3621],[-40.2791,-20.3629]],[[-40.2525,-20.3531],[-40.2537,-20.3535],[-40.2542,-20.3524],[-40.2528,-20.3522],[-40.2525,-20.3531]],[[-40.2801,-20.3543],[-40.2818,-20.3544],[-40.2816,-20.3534],[-40.2804,-20.3533],[-40.2801,-20.3543]],[[-40.2709,-20.3342],[-40.2721,-20.3352],[-40.2724,-20.3337],[-40.2712,-20.3334],[-40.2709,-20.3342]],[[-40.2702,-20.3325],[-40.2711,-20.3329],[-40.2718,-20.3321],[-40.271,-20.3317],[-40.2702,-20.3325]],[[-40.2675,-20.3319],[-40.2692,-20.3322],[-40.2694,-20.3308],[-40.2678,-20.3305],[-40.2675,-20.3319]],[[-40.2708,-20.3218],[-40.2723,-20.3219],[-40.2728,-20.3203],[-40.271,-20.3199],[-40.2708,-20.3218]],[[-40.2682,-20.3203],[-40.2694,-20.3213],[-40.2702,-20.3201],[-40.2687,-20.3194],[-40.2682,-20.3203]],[[-40.3253,-20.322],[-40.3219,-20.3254],[-40.3208,-20.3255],[-40.3175,-20.3238],[-40.3116,-20.3296],[-40.303,-20.3227],[-40.2928,-20.3264],[-40.2937,-20.3288],[-40.2892,-20.3233],[-40.2836,-20.3246],[-40.2759,-20.3198],[-40.2737,-20.3249],[-40.2687,-20.3245],[-40.2705,-20.3299],[-40.2749,-20.3299],[-40.2745,-20.3338],[-40.277,-20.3322],[-40.2819,-20.3359],[-40.2848,-20.3523],[-40.2963,-20.3607],[-40.3095,-20.381],[-40.3223,-20.4101],[-40.3231,-20.4221],[-40.3202,-20.4261],[-40.3486,-20.4767],[-40.3564,-20.498],[-40.3583,-20.5185],[-40.3658,-20.5204],[-40.3763,-20.5364],[-40.3745,-20.5287],[-40.379,-20.5254],[-40.3798,-20.5186],[-40.3905,-20.5173],[-40.4555,-20.509],[-40.4746,-20.5066],[-40.4842,-20.5053],[-40.472,-20.4617],[-40.4638,-20.4321],[-40.4591,-20.4322],[-40.4373,-20.4326],[-40.4275,-20.4255],[-40.3963,-20.4227],[-40.3908,-20.419],[-40.3908,-20.4134],[-40.3901,-20.4085],[-40.374,-20.402],[-40.3707,-20.3992],[-40.3659,-20.3947],[-40.3654,-20.3702],[-40.3579,-20.3491],[-40.3554,-20.3264],[-40.3514,-20.3269],[-40.3452,-20.326],[-40.3253,-20.322]]]}},{"type":"Feature","properties":{"nome":"Vitória","cod":"3205309","uf":"ES"},"geometry":{"type":"Polygon","coordinates":[[[-40.2502,-20.3517],[-40.2519,-20.352],[-40.2517,-20.3509],[-40.2503,-20.3508],[-40.2502,-20.3517]],[[-40.2418,-20.2939],[-40.242,-20.2946],[-40.2429,-20.2945],[-40.2427,-20.2939],[-40.2418,-20.2939]],[[-40.2294,-20.2582],[-40.2385,-20.2802],[-40.2371,-20.289],[-40.2501,-20.2946],[-40.2536,-20.289],[-40.2505,-20.2795],[-40.2561,-20.2679],[-40.2613,-20.2659],[-40.2855,-20.2769],[-40.2916,-20.2853],[-40.2892,-20.2935],[-40.2842,-20.294],[-40.2913,-20.3013],[-40.2787,-20.2981],[-40.2769,-20.3003],[-40.2829,-20.3047],[-40.2918,-20.3054],[-40.2909,-20.308],[-40.2799,-20.3069],[-40.2768,-20.3105],[-40.2883,-20.3138],[-40.2892,-20.3233],[-40.2937,-20.3288],[-40.2928,-20.3264],[-40.303,-20.3227],[-40.3116,-20.3296],[-40.3175,-20.3238],[-40.3208,-20.3255],[-40.3219,-20.3254],[-40.3253,-20.322],[-40.3452,-20.326],[-40.3514,-20.3269],[-40.3554,-20.3264],[-40.3634,-20.3153],[-40.3633,-20.3052],[-40.3548,-20.2964],[-40.3501,-20.2846],[-40.3441,-20.2796],[-40.3314,-20.2631],[-40.3279,-20.2573],[-40.3267,-20.2485],[-40.3292,-20.2395],[-40.2936,-20.2397],[-40.2925,-20.2397],[-40.2614,-20.2396],[-40.261,-20.2396],[-40.2224,-20.2394],[-40.2128,-20.2393],[-40.2294,-20.2582]]]}}]}