{"type":"FeatureCollection","metadata":{"fonte":"IBGE, via github.com/tbrugz/geodata-br"},"features":[{"type":"Feature","properties":{"nome":"Abaetetuba","cod":"1500107","uf":"PA"},"geometry":{"type":"Polygon","coordinates":[[[-48.8125,-1.6017],[-48.804,-1.6078],[-48.7913,-1.605],[-48.7913,-1.6011],[-48.7811,-1.6047],[-48.7663,-1.6013],[-48.7542,-1.6113],[-48.7459,-1.6111],[-48.746,-1.6145],[-48.7422,-1.6135],[-48.7402,-1.6163],[-48.7318,-1.6272],[-48.7293,-1.6451],[-48.7194,-1.6488],[-48.71,-1.6596],[-48.7017,-1.6803],[-48.6834,-1.6886],[-48.6758,-1.6856],[-48.6602,-1.6917],[-48.6601,-1.6917],[-48.6599,-1.692],[-48.5648,-1.6971],[-48.53,-1.699],[-48.5573,-1.7177],[-48.6368,-1.7722],[-48.6713,-1.7958],[-48.7509,-1.8503],[-48.7515,-1.8508],[-48.7841,-1.8731],[-48.821,-1.8984],[-48.9053,-1.9562],[-48.9195,-1.9466],[-48.9431,-1.9258],[-48.9558,-1.922],[-48.9698,-1.9098],[-48.9795,-1.8971],[-48.9746,-1.8823],[-48.9746,-1.8752],[-48.9798,-1.8663],[-48.9886,-1.8597],[-48.9985,-1.8442],[-48.9982,-1.8279],[-48.9893,-1.8167],[-48.9917,-1.8117],[-48.9995,-1.8086],[-49.0189,-1.828],[-49.0311,-1.8304],[-49.0334,-1.8285],[-49.0317,-1.8223],[-49.0429,-1.8202],[-49.0454,-1.8146],[-49.0497,-1.8153],[-49.0518,-1.8197],[-49.0593,-1.8129],[-49.0658,-1.8109],[-49.0678,-1.814],[-49.0711,-1.8141],[-49.0763,-1.8223],[-49.0798,-1.808],[-49.0846,-1.8064],[-49.0959,-1.8115],[-49.1127,-1.8015],[-49.1159,-1.7917],[-49.1093,-1.7902],[-49.102,-1.7765],[-49.101,-1.7616],[-49.1476,-1.712],[-49.1541,-1.7014],[-49.1344,-1.6869],[-49.1257,-1.6799],[-49.1015,-1.6537],[-49.0793,-1.627],[-49.0747,-1.6222],[-49.0653,-1.6129],[-49.0564,-1.606],[-49.0491,-1.6032],[-49.0401,-1.5988],[-49.0265,-1.5829],[-49.0074,-1.5707],[-48.9472,-1.5506],[-48.9216,-1.5419],[-48.8662,-1.5305],[-48.837,-1.5211],[-48.8324,-1.5595],[-48.8237,-1.5821],[-48.8125,-1.6017]]]}},{"type":"Feature","properties":{"nome":"Abel Figueiredo","cod":"1500131","uf":"PA"},"geometry":{"type":"Polygon","coordinates":[[[-48.5706,-4.8244],[-48.5487,-4.8285],[-48.5091,-4.8216],[-48.4952,-4.8404],[-48.493,-4.8587],[-48.4779,-4.873],[-48.4679,-4.8766],[-48.4644,-4.8841],[-48.4575,-4.8921],[-48.4486,-4.8902],[-48.4259,-4.8621],[-48.4153,-4.8565],[-48.3978,-4.869],[-48.3773,-4.8808],[-48.3769,-4.8919],[-48.3717,-4.8957],[-48.3541,-4.8862],[-48.3383,-4.8844],[-48.3273,-4.8943],[-48.3245,-4.9003],[-48.3262,-4.9066],[-48.3221,-4.9151],[-48.3183,-4.9164],[-48.3052,-4.9092],[-48.2824,-4.921],[-48.2699,-4.9232],[-48.2595,-4.9139],[-48.2301,-4.9149],[-48.2191,-4.9024],[-48.2112,-4.9056],[-48.1942,-4.9106],[-48.2119,-4.9246],[-48.3958,-5.07],[-48.4186,-5.0853],[-48.4213,-5.0829],[-48.4269,-5.0749],[-48.4311,-5.0741],[-48.4364,-5.0783],[-48.4337,-5.0959],[-48.4515,-5.1119],[-48.4636,-5.0989],[-48.482,-5.0951],[-48.4927,-5.0746],[-48.5044,-5.0654],[-48.5173,-5.0382],[-48.5186,-5.0295],[-48.5138,-5.0228],[-48.5235,-5.0167],[-48.5236,-5.0167],[-48.5322,-5.0028],[-48.5267,-4.9924],[-48.5327,-4.9771],[-48.5248,-4.9527],[-48.5267,-4.9371],[-48.524,-4.9265],[-48.5376,-4.9083],[-48.6125,-4.8134],[-48.5797,-4.8179],[-48.5706,-4.8244]]]}},{"type":"Feature","properties":{"nome":"Acará","cod":"1500206","uf":"PA"},"geometry":{"type":"Polygon","coordinates":[[[-48.3233,-1.4664],[-48.3065,-1.4708],[-48.2926,-1.4702],[-48.2893,-1.4829],[-48.2974,-1.4882],[-48.2994,-1.4944],[-48.2879,-1.5286],[-48.2764,-1.5368],[-48.2751,-1.541],[-48.2908,-1.5693],[-48.271,-1.5791],[-48.2624,-1.5944],[-48.2522,-1.6169],[-48.2407,-1.6242],[-48.233,-1.6273],[-48.2303,-1.6368],[-48.2333,-1.6532],[-48.2361,-1.6565],[-48.2334,-1.6807],[-48.2265,-1.6942],[-48.2003,-1.6935],[-48.1943,-1.6977],[-48.19,-1.7141],[-48.1781,-1.73],[-48.176,-1.7699],[-48.1741,-1.7739],[-48.166,-1.7771],[-48.1594,-1.7789],[-48.1456,-1.7724],[-48.1362,-1.7726],[-48.1238,-1.7797],[-48.1124,-1.7994],[-48.1087,-1.8178],[-48.0876,-1.8277],[-48.0807,-1.8395],[-48.0747,-1.841],[-48.0624,-1.8685],[-48.051,-1.8783],[-48.0541,-1.9057],[-48.0427,-1.9202],[-48.0415,-1.9265],[-48.0505,-1.948],[-48.0496,-1.9595],[-48.0594,-1.9864],[-48.0629,-1.9964],[-48.0625,-2.0053],[-48.0713,-2.0148],[-48.0759,-2.0419],[-48.071,-2.0469],[-48.0604,-2.0563],[-48.0534,-2.0841],[-48.0705,-2.0833],[-48.0862,-2.0952],[-48.1008,-2.0962],[-48.1214,-2.1213],[-48.1355,-2.1204],[-48.1451,-2.1311],[-48.1561,-2.1302],[-48.158,-2.1288],[-48.1635,-2.1263],[-48.1669,-2.1287],[-48.18,-2.1611],[-48.1971,-2.1764],[-48.2067,-2.1707],[-48.2169,-2.1699],[-48.2417,-2.1853],[-48.2504,-2.1953],[-48.2579,-2.2125],[-48.2699,-2.2188],[-48.2833,-2.2221],[-48.2876,-2.2184],[-48.2892,-2.2096],[-48.2851,-2.1941],[-48.2878,-2.1874],[-48.3089,-2.1715],[-48.3324,-2.1789],[-48.3393,-2.1867],[-48.3516,-2.2132],[-48.3698,-2.2317],[-48.3825,-2.2661],[-48.4028,-2.2769],[-48.413,-2.2896],[-48.427,-2.2901],[-48.4432,-2.2973],[-48.451,-2.3198],[-48.4572,-2.3228],[-48.4559,-2.3293],[-48.4514,-2.3478],[-48.4566,-2.3866],[-48.4765,-2.4055],[-48.4886,-2.4176],[-48.4962,-2.4471],[-48.4982,-2.4558],[-48.4945,-2.4865],[-48.4969,-2.4999],[-48.4967,-2.508],[-48.5063,-2.5109],[-48.5124,-2.5228],[-48.5089,-2.5319],[-48.497,-2.5416],[-48.4949,-2.5586],[-48.5066,-2.5531],[-48.5108,-2.5471],[-48.5121,-2.5343],[-48.5293,-2.5285],[-48.5386,-2.5112],[-48.5622,-2.4863],[-48.567,-2.4828],[-48.5966,-2.4809],[-48.6049,-2.4748],[-48.6099,-2.4623],[-48.6229,-2.4538],[-48.6279,-2.4509],[-48.6331,-2.4557],[-48.6609,-2.4648],[-48.6805,-2.4599],[-48.694,-2.4671],[-48.7017,-2.4602],[-48.7004,-2.4473],[-48.6925,-2.4417],[-48.6931,-2.4318],[-48.6864,-2.43],[-48.6924,-2.4112],[-48.6924,-2.3999],[-48.6987,-2.3988],[-48.7023,-2.4074],[-48.7143,-2.4176],[-48.7354,-2.4297],[-48.7431,-2.4302],[-48.7568,-2.4329],[-48.766,-2.4495],[-48.793,-2.4762],[-48.7956,-2.4937],[-48.808,-2.5001],[-48.8199,-2.5193],[-48.8242,-2.5353],[-48.8151,-2.5638],[-48.8175,-2.581],[-48.8278,-2.6012],[-48.8472,-2.5862],[-48.8588,-2.5727],[-48.8599,-2.5342],[-48.878,-2.4995],[-48.8743,-2.4853],[-48.8707,-2.4768],[-48.868,-2.4691],[-48.8689,-2.4397],[-48.8564,-2.3873],[-48.8385,-2.3793],[-48.8189,-2.3883],[-48.8094,-2.3877],[-48.7998,-2.3682],[-48.7896,-2.3305],[-48.783,-2.3165],[-48.7749,-2.3094],[-48.7609,-2.3059],[-48.7495,-2.2945],[-48.7473,-2.2871],[-48.7493,-2.2705],[-48.7461,-2.2611],[-48.7376,-2.2575],[-48.724,-2.2586],[-48.7093,-2.2364],[-48.7062,-2.2186],[-48.713,-2.2076],[-48.7124,-2.1988],[-48.6973,-2.1928],[-48.6845,-2.1944],[-48.6733,-2.1862],[-48.6611,-2.1681],[-48.6281,-2.1536],[-48.6233,-2.1421],[-48.6238,-2.1249],[-48.6157,-2.111],[-48.5967,-2.0999],[-48.5887,-2.0892],[-48.5848,-2.076],[-48.591,-2.0647],[-48.5849,-2.0461],[-48.573,-2.0421],[-48.5578,-2.0287],[-48.5423,-2.0214],[-48.5296,-1.9926],[-48.5106,-1.9776],[-48.5078,-1.9704],[-48.5096,-1.9585],[-48.5096,-1.9582],[-48.511,-1.9511],[-48.5029,-1.9287],[-48.4896,-1.9068],[-48.4716,-1.893],[-48.4645,-1.8753],[-48.4708,-1.8315],[-48.4667,-1.8205],[-48.4526,-1.8011],[-48.4515,-1.772],[-48.4372,-1.744],[-48.4431,-1.7124],[-48.4441,-1.6777],[-48.4378,-1.6619],[-48.4411,-1.6555],[-48.4394,-1.6491],[-48.4543,-1.6229],[-48.4562,-1.6202],[-48.4815,-1.568],[-48.4998,-1.5446],[-48.5075,-1.5302],[-48.5058,-1.5262],[-48.4999,-1.5178],[-48.4993,-1.5044],[-48.4962,-1.5029],[-48.4781,-1.5174],[-48.4641,-1.5222],[-48.4532,-1.52],[-48.4349,-1.5098],[-48.4165,-1.5099],[-48.4029,-1.5052],[-48.3878,-1.4937],[-48.3724,-1.4896],[-48.3627,-1.4758],[-48.3546,-1.4703],[-48.334,-1.4707],[-48.3313,-1.4666],[-48.3233,-1.4664]]]}},{"type":"Feature","properties":{"nome":"Afuá","cod":"1500305","uf":"PA"},"geometry":{"type":"Polygon","coordinates":[[[-50.1937,-0.2184],[-50.113,-0.4526],[-50.1068,-0.4705],[-50.2332,-0.3124],[-50.2379,-0.3128],[-50.2526,-0.3327],[-50.2689,-0.3432],[-50.2648,-0.3507],[-50.2731,-0.355],[-50.2719,-0.3978],[-50.2876,-0.4323],[-50.2893,-0.4717],[-50.3076,-0.473],[-50.32,-0.4903],[-50.3236,-0.497],[-50.3207,-0.5057],[-50.3265,-0.5219],[-50.3207,-0.5382],[-50.3283,-0.5449],[-50.3343,-0.5671],[-50.3233,-0.5761],[-50.3196,-0.5849],[-50.3251,-0.6031],[-50.3196,-0.6157],[-50.3255,-0.6238],[-50.3282,-0.6355],[-50.3367,-0.639],[-50.3536,-0.63],[-50.3578,-0.6323],[-50.3597,-0.6419],[-50.3878,-0.6428],[-50.4,-0.6506],[-50.4065,-0.6646],[-50.4064,-0.7033],[-50.4162,-0.7071],[-50.4356,-0.7039],[-50.4475,-0.6904],[-50.4616,-0.689],[-50.4661,-0.7091],[-50.4755,-0.7267],[-50.4966,-0.7097],[-50.5074,-0.7041],[-50.5171,-0.6907],[-50.5258,-0.6809],[-50.5431,-0.674],[-50.6048,-0.6704],[-50.6206,-0.6483],[-50.6704,-0.6312],[-50.6838,-0.6186],[-50.6899,-0.5956],[-50.6991,-0.5783],[-50.7366,-0.5254],[-50.7502,-0.5125],[-50.7638,-0.5067],[-50.7922,-0.5215],[-50.8422,-0.5316],[-50.8679,-0.5417],[-50.9131,-0.5551],[-50.9577,-0.5741],[-50.9878,-0.5993],[-51.0219,-0.6411],[-51.0546,-0.6563],[-51.079,-0.6615],[-51.094,-0.6612],[-51.1196,-0.6466],[-51.1231,-0.6354],[-51.1177,-0.6179],[-51.0987,-0.5814],[-51.0981,-0.5636],[-51.1058,-0.5524],[-51.1318,-0.5556],[-51.1483,-0.5505],[-51.1804,-0.5234],[-51.1783,-0.5088],[-51.1531,-0.4856],[-51.1522,-0.4713],[-51.1449,-0.4505],[-51.152,-0.4186],[-51.1587,-0.4167],[-51.1815,-0.4262],[-51.2365,-0.434],[-51.2636,-0.4312],[-51.2815,-0.4338],[-51.3278,-0.4489],[-51.3778,-0.4693],[-51.4274,-0.4761],[-51.432,-0.473],[-51.4203,-0.4286],[-51.4068,-0.417],[-51.3621,-0.3678],[-51.3614,-0.3579],[-51.3543,-0.3207],[-51.3455,-0.2958],[-51.3276,-0.2686],[-51.3017,-0.2513],[-51.2891,-0.2277],[-51.2653,-0.1951],[-51.2159,-0.1183],[-51.1744,-0.1042],[-51.1429,-0.1009],[-51.1179,-0.0972],[-51.0966,-0.088],[-51.0845,-0.0872],[-51.0652,-0.0759],[-51.0291,-0.0279],[-51.007,0.0],[-51.0,0.0],[-50.9965,0.0038],[-50.9847,0.0298],[-50.9744,0.0421],[-50.9337,0.07],[-50.9106,0.0791],[-50.9076,0.0798],[-50.8031,0.1067],[-50.7515,0.1265],[-50.7071,0.1563],[-50.6752,0.1795],[-50.6444,0.2091],[-50.6232,0.2321],[-50.5992,0.2497],[-50.5797,0.2275],[-50.5301,0.1923],[-50.4704,0.1779],[-50.4528,0.1687],[-50.4324,0.1499],[-50.415,0.1179],[-50.3953,0.0508],[-50.3798,0.0261],[-50.3699,0.0169],[-50.3314,-0.0128],[-50.3219,-0.0264],[-50.2993,-0.0657],[-50.2989,-0.0666],[-50.2982,-0.1012],[-50.2892,-0.1111],[-50.1955,-0.2132],[-50.1937,-0.2184]]]}},{"type":"Feature","properties":{"nome":"Água Azul do Norte","cod":"1500347","uf":"PA"},"geometry":{"type":"Polygon","coordinates":[[[-50.8192,-6.271],[-50.7987,-6.2846],[-50.8021,-6.3],[-50.7986,-6.3024],[-50.8104,-6.3129],[-50.817,-6.3245],[-50.8216,-6.321],[-50.8251,-6.3406],[-50.8111,-6.3512],[-50.8087,-6.3653],[-50.8262,-6.3755],[-50.825,-6.3878],[-50.81,-6.4067],[-50.7925,-6.4025],[-50.7879,-6.4158],[-50.781,-6.4215],[-50.7812,-6.4251],[-50.7912,-6.4263],[-50.7908,-6.4348],[-50.7761,-6.4375],[-50.7632,-6.4596],[-50.7664,-6.4874],[-50.7621,-6.4938],[-50.7507,-6.4982],[-50.7237,-6.4935],[-50.7232,-6.4993],[-50.7299,-6.5075],[-50.7287,-6.5121],[-50.7183,-6.5187],[-50.7155,-6.5415],[-50.6938,-6.5387],[-50.6673,-6.5434],[-50.6467,-6.5422],[-50.6404,-6.5346],[-50.6307,-6.5361],[-50.6276,-6.5422],[-50.6192,-6.5276],[-50.6023,-6.5356],[-50.5859,-6.5203],[-50.5785,-6.5213],[-50.5738,-6.528],[-50.5683,-6.5244],[-50.5568,-6.5239],[-50.5421,-6.5312],[-50.522,-6.508],[-50.5111,-6.5123],[-50.5029,-6.508],[-50.4983,-6.516],[-50.4913,-6.5101],[-50.4841,-6.5144],[-50.482,-6.5134],[-50.4742,-6.5074],[-50.4569,-6.5044],[-50.4192,-6.5099],[-50.4097,-6.49],[-50.4123,-6.4812],[-50.4053,-6.4779],[-50.3914,-6.4788],[-50.3855,-6.4849],[-50.3704,-6.4795],[-50.3622,-6.4812],[-50.3529,-6.4931],[-50.3535,-6.4996],[-50.3606,-6.5046],[-50.3572,-6.5161],[-50.3446,-6.52],[-50.3536,-6.5352],[-50.3314,-6.5499],[-50.328,-6.5673],[-50.314,-6.5784],[-50.3,-6.6291],[-50.2894,-6.6163],[-50.2813,-6.6125],[-50.2689,-6.5958],[-50.2554,-6.6018],[-50.2413,-6.5857],[-50.2352,-6.5885],[-50.2324,-6.5763],[-50.2233,-6.585],[-50.2192,-6.5809],[-50.2076,-6.5889],[-50.207,-6.5822],[-50.2024,-6.5784],[-50.19,-6.5823],[-50.1658,-6.5793],[-50.1663,-6.5682],[-50.1584,-6.5661],[-50.1355,-6.5796],[-50.1299,-6.5715],[-50.1103,-6.563],[-50.1071,-6.5492],[-50.091,-6.5498],[-50.0736,-6.5376],[-50.049,-6.5409],[-50.0448,-6.5398],[-50.0293,-6.5458],[-50.0218,-6.5542],[-50.0085,-6.5534],[-50.0003,-6.5487],[-49.9932,-6.5544],[-49.9897,-6.5634],[-49.983,-6.5652],[-49.9797,-6.5722],[-49.9727,-6.5722],[-49.9573,-6.5902],[-49.9457,-6.5948],[-49.9319,-6.607],[-49.9264,-6.6064],[-49.9184,-6.6165],[-49.9094,-6.6143],[-49.9032,-6.6279],[-49.8764,-6.6356],[-49.8724,-6.6375],[-49.8567,-6.647],[-49.8433,-6.6581],[-49.8157,-6.6605],[-49.81,-6.6536],[-49.7906,-6.6419],[-49.7827,-6.6415],[-49.7778,-6.6597],[-49.7726,-6.6577],[-49.7657,-6.6619],[-49.7518,-6.6622],[-49.7384,-6.6729],[-49.7446,-6.7123],[-49.7293,-6.7143],[-49.7326,-6.7171],[-49.7899,-6.7653],[-49.9496,-6.8984],[-49.9867,-6.929],[-50.1146,-7.0362],[-50.248,-7.1466],[-50.3759,-7.2524],[-50.3828,-7.2298],[-50.3878,-7.2247],[-50.4052,-7.2216],[-50.4168,-7.2399],[-50.427,-7.2301],[-50.4578,-7.22],[-50.4599,-7.2091],[-50.4721,-7.2002],[-50.4765,-7.2039],[-50.4923,-7.1928],[-50.5087,-7.1926],[-50.5084,-7.1753],[-50.5223,-7.1609],[-50.5195,-7.1494],[-50.5306,-7.1419],[-50.5253,-7.1289],[-50.5284,-7.1236],[-50.5403,-7.1106],[-50.5379,-7.0973],[-50.5496,-7.0907],[-50.5538,-7.0806],[-50.5592,-7.0766],[-50.5771,-7.0754],[-50.5849,-7.0826],[-50.5969,-7.0639],[-50.6475,-7.0561],[-50.6504,-7.0416],[-50.6727,-7.0296],[-50.6798,-7.0279],[-50.6823,-7.0218],[-50.6915,-7.0157],[-50.7054,-7.0162],[-50.7159,-7.0067],[-50.7209,-7.0067],[-50.7299,-7.0116],[-50.7345,-6.9986],[-50.7476,-6.9947],[-50.7526,-6.9963],[-50.7609,-7.0041],[-50.7721,-7.004],[-50.7642,-7.001],[-50.7641,-6.9929],[-50.7562,-6.9786],[-50.7596,-6.9611],[-50.7531,-6.9332],[-50.7517,-6.8883],[-50.7464,-6.8809],[-50.7474,-6.874],[-50.7794,-6.8603],[-50.7822,-6.855],[-50.7892,-6.8533],[-50.7931,-6.8425],[-50.8151,-6.8342],[-50.8159,-6.8273],[-50.82,-6.8297],[-50.8273,-6.8274],[-50.8293,-6.8158],[-50.8352,-6.8118],[-50.8427,-6.7963],[-50.8405,-6.7921],[-50.8443,-6.7832],[-50.848,-6.7838],[-50.8555,-6.7749],[-50.8567,-6.7652],[-50.8619,-6.7639],[-50.8697,-6.763],[-50.8735,-6.7558],[-50.88,-6.7561],[-50.8868,-6.747],[-50.8967,-6.7469],[-50.901,-6.7249],[-50.8974,-6.7214],[-50.9009,-6.7098],[-50.9334,-6.698],[-50.9382,-6.7016],[-50.944,-6.6997],[-50.9498,-6.6879],[-50.9715,-6.6768],[-50.994,-6.6662],[-50.9953,-6.6572],[-51.0046,-6.6498],[-51.0071,-6.638],[-51.0134,-6.6348],[-51.0142,-6.6285],[-51.0095,-6.6182],[-51.0118,-6.6053],[-51.0074,-6.6047],[-51.0108,-6.5974],[-51.0095,-6.5894],[-51.0385,-6.56],[-51.0485,-6.5548],[-51.0524,-6.5457],[-51.0503,-6.5407],[-51.0576,-6.5339],[-51.0618,-6.5236],[-51.054,-6.5227],[-51.0517,-6.5098],[-51.0436,-6.5061],[-51.0459,-6.501],[-51.0333,-6.4678],[-51.0322,-6.4634],[-51.0257,-6.461],[-51.0254,-6.4568],[-50.9886,-6.4404],[-50.9866,-6.4357],[-50.9631,-6.431],[-50.959,-6.4278],[-50.9592,-6.4216],[-50.9489,-6.4205],[-50.9358,-6.4056],[-50.9383,-6.3987],[-50.9423,-6.3978],[-50.9378,-6.3938],[-50.9414,-6.3912],[-50.9406,-6.386],[-50.9384,-6.3883],[-50.9342,-6.3821],[-50.942,-6.3798],[-50.9396,-6.3761],[-50.9438,-6.3766],[-50.9472,-6.3655],[-50.9429,-6.3628],[-50.9447,-6.3551],[-50.9365,-6.3529],[-50.9393,-6.3435],[-50.937,-6.3381],[-50.9431,-6.328],[-50.9386,-6.3288],[-50.9235,-6.3142],[-50.9201,-6.316],[-50.9073,-6.3124],[-50.9008,-6.3058],[-50.8956,-6.3063],[-50.8927,-6.3],[-50.8812,-6.2963],[-50.875,-6.2995],[-50.8684,-6.2979],[-50.8603,-6.2866],[-50.8586,-6.2944],[-50.8489,-6.3027],[-50.8494,-6.2915],[-50.8433,-6.2914],[-50.8411,-6.2862],[-50.8274,-6.28],[-50.8254,-6.2752],[-50.8203,-6.2756],[-50.8192,-6.271]]]}},{"type":"Feature","properties":{"nome":"Alenquer","cod":"1500404","uf":"PA"},"geometry":{"type":"Polygon","coordinates":[[[-55.3629,1.4852],[-55.3542,1.4828],[-55.3331,1.4862],[-55.3303,1.477],[-55.3346,1.4619],[-55.3421,1.4522],[-55.3406,1.4433],[-55.3336,1.4361],[-55.3281,1.4214],[-55.318,1.3867],[-55.3122,1.3811],[-55.2843,1.3715],[-55.2572,1.3452],[-55.2465,1.3292],[-55.2526,1.3114],[-55.2483,1.2981],[-55.2489,1.2774],[-55.2429,1.2656],[-55.2619,1.2509],[-55.2651,1.2425],[-55.2604,1.2321],[-55.2199,1.2152],[-55.203,1.1981],[-55.21,1.1277],[-55.2286,1.0959],[-55.2229,1.0787],[-55.2058,1.0705],[-55.1694,1.0646],[-55.1448,1.0541],[-55.1201,1.067],[-55.102,1.0635],[-55.0707,1.0199],[-55.0644,1.0023],[-55.0909,0.9437],[-55.0885,0.9267],[-55.068,0.9104],[-55.0508,0.901],[-55.0325,0.8914],[-55.0222,0.8763],[-55.0208,0.8587],[-55.0243,0.8391],[-55.0342,0.8157],[-55.0225,0.7948],[-55.0225,0.7854],[-55.0344,0.73],[-55.0581,0.7176],[-55.0605,0.713],[-55.0607,0.7037],[-55.0493,0.6813],[-55.0666,0.6492],[-55.0561,0.6281],[-55.0342,0.6103],[-54.9822,0.5951],[-54.9772,0.5866],[-54.9759,0.5746],[-55.0021,0.5234],[-55.01,0.4891],[-55.0069,0.4837],[-55.0007,0.4825],[-54.9361,0.504],[-54.8955,0.4906],[-54.8874,0.485],[-54.8683,0.483],[-54.8598,0.4768],[-54.8468,0.4336],[-54.857,0.3919],[-54.8639,0.38],[-54.8616,0.3729],[-54.8726,0.3508],[-54.9044,0.3286],[-54.9075,0.3184],[-54.9004,0.284],[-54.8996,0.2503],[-54.9085,0.2114],[-54.9029,0.1764],[-54.9252,0.1421],[-54.9311,0.1246],[-54.9183,0.1191],[-54.9029,0.0975],[-54.8898,0.0495],[-54.8797,0.0344],[-54.8674,0.0276],[-54.8518,0.0278],[-54.851,0.0215],[-54.8591,-0.0031],[-54.8691,-0.0169],[-54.8694,-0.0534],[-54.887,-0.0799],[-54.8953,-0.0862],[-54.8993,-0.0975],[-54.91,-0.0977],[-54.9148,-0.1387],[-54.9238,-0.1657],[-54.9216,-0.204],[-54.9164,-0.2108],[-54.9149,-0.2224],[-54.9252,-0.2537],[-54.9169,-0.283],[-54.9104,-0.2852],[-54.8949,-0.2832],[-54.8886,-0.3096],[-54.8718,-0.3253],[-54.8647,-0.3625],[-54.8573,-0.3736],[-54.8514,-0.3736],[-54.8415,-0.3657],[-54.8332,-0.3667],[-54.8174,-0.3828],[-54.8143,-0.4048],[-54.8304,-0.4478],[-54.8264,-0.4485],[-54.8194,-0.4415],[-54.8151,-0.4418],[-54.8107,-0.4583],[-54.7991,-0.4795],[-54.7973,-0.5094],[-54.7926,-0.5192],[-54.7545,-0.5655],[-54.7338,-0.5796],[-54.7255,-0.5815],[-54.7162,-0.594],[-54.6933,-0.6031],[-54.6767,-0.6211],[-54.6754,-0.6338],[-54.6817,-0.6458],[-54.6881,-0.687],[-54.6956,-0.706],[-54.6823,-0.7011],[-54.6799,-0.7045],[-54.6854,-0.7342],[-54.6764,-0.7635],[-54.6618,-0.7764],[-54.6458,-0.7805],[-54.6472,-0.7892],[-54.6567,-0.7991],[-54.6482,-0.8202],[-54.6467,-0.8578],[-54.6416,-0.86],[-54.6283,-0.8574],[-54.6202,-0.8605],[-54.6048,-0.8814],[-54.6011,-0.9475],[-54.6168,-0.991],[-54.6233,-0.9999],[-54.6151,-1.0085],[-54.6178,-1.0157],[-54.6255,-1.0219],[-54.6318,-1.0166],[-54.6427,-1.0211],[-54.6447,-1.0092],[-54.648,-1.0077],[-54.6536,-1.0201],[-54.659,-1.0171],[-54.6681,-1.0284],[-54.6625,-1.0394],[-54.67,-1.0477],[-54.6759,-1.0454],[-54.6754,-1.0556],[-54.6764,-1.0605],[-54.665,-1.0588],[-54.6625,-1.0641],[-54.67,-1.0782],[-54.6753,-1.0789],[-54.6965,-1.0683],[-54.7003,-1.0744],[-54.7019,-1.0865],[-54.6905,-1.0892],[-54.6878,-1.0934],[-54.6901,-1.1115],[-54.6973,-1.1206],[-54.6918,-1.1254],[-54.6813,-1.1218],[-54.6773,-1.1246],[-54.6841,-1.1343],[-54.6855,-1.1561],[-54.6861,-1.1573],[-54.6982,-1.1784],[-54.6915,-1.1942],[-54.6947,-1.2011],[-54.6919,-1.2117],[-54.6938,-1.2184],[-54.6882,-1.2221],[-54.6852,-1.2378],[-54.6822,-1.2407],[-54.6772,-1.2385],[-54.6753,-1.2471],[-54.6707,-1.2493],[-54.6471,-1.2403],[-54.6358,-1.2452],[-54.6245,-1.2359],[-54.6248,-1.2246],[-54.6139,-1.2176],[-54.6093,-1.2185],[-54.6069,-1.2278],[-54.6179,-1.2333],[-54.6115,-1.2466],[-54.6152,-1.2522],[-54.6236,-1.2559],[-54.6256,-1.2645],[-54.6247,-1.2812],[-54.6347,-1.2965],[-54.6296,-1.303],[-54.6303,-1.3078],[-54.6345,-1.3108],[-54.6411,-1.3297],[-54.638,-1.3344],[-54.6268,-1.3323],[-54.6237,-1.3367],[-54.6357,-1.3607],[-54.6361,-1.3845],[-54.6454,-1.3951],[-54.6298,-1.4019],[-54.6448,-1.4291],[-54.6404,-1.4422],[-54.6277,-1.4423],[-54.6115,-1.4735],[-54.5932,-1.4839],[-54.5868,-1.4788],[-54.5773,-1.4808],[-54.5718,-1.4951],[-54.5628,-1.5018],[-54.5537,-1.5205],[-54.5596,-1.5276],[-54.5644,-1.5534],[-54.5761,-1.5662],[-54.5576,-1.5862],[-54.5607,-1.5924],[-54.5659,-1.5941],[-54.5894,-1.6102],[-54.6097,-1.6169],[-54.6203,-1.6124],[-54.6419,-1.623],[-54.6552,-1.6191],[-54.6525,-1.6308],[-54.6676,-1.6371],[-54.6945,-1.6412],[-54.6936,-1.6501],[-54.699,-1.659],[-54.6991,-1.6655],[-54.6964,-1.6692],[-54.6885,-1.6705],[-54.6854,-1.6761],[-54.6863,-1.681],[-54.6954,-1.6843],[-54.7086,-1.6877],[-54.7086,-1.7008],[-54.7468,-1.6982],[-54.7562,-1.7081],[-54.7556,-1.7132],[-54.7338,-1.7281],[-54.7311,-1.7333],[-54.7336,-1.7453],[-54.7443,-1.7485],[-54.7507,-1.7549],[-54.751,-1.7625],[-54.7418,-1.7823],[-54.7574,-1.8042],[-54.7452,-1.8195],[-54.7256,-1.8258],[-54.7145,-1.8435],[-54.6986,-1.8431],[-54.6936,-1.8459],[-54.6865,-1.8455],[-54.6761,-1.8334],[-54.6726,-1.8337],[-54.6663,-1.8416],[-54.6647,-1.8585],[-54.6602,-1.8604],[-54.6432,-1.8524],[-54.6367,-1.8535],[-54.6216,-1.8885],[-54.6104,-1.8819],[-54.5979,-1.889],[-54.5868,-1.8845],[-54.5792,-1.8862],[-54.5629,-1.8831],[-54.5475,-1.8873],[-54.5543,-1.9014],[-54.5267,-1.9321],[-54.5094,-1.9344],[-54.4924,-1.952],[-54.4779,-1.9499],[-54.4758,-1.9575],[-54.4722,-1.9633],[-54.4834,-1.9982],[-54.494,-2.0169],[-54.512,-2.0257],[-54.5166,-2.0367],[-54.5321,-2.0478],[-54.5346,-2.0587],[-54.5232,-2.0683],[-54.5088,-2.074],[-54.4875,-2.1092],[-54.4986,-2.1162],[-54.5044,-2.1157],[-54.5118,-2.109],[-54.5148,-2.1089],[-54.5514,-2.0881],[-54.6051,-2.0779],[-54.7009,-2.0823],[-54.719,-2.0801],[-54.7383,-2.0712],[-54.7404,-2.0727],[-54.7545,-2.0974],[-54.764,-2.1068],[-54.787,-2.1184],[-54.8116,-2.1241],[-54.8273,-2.1397],[-54.8424,-2.1412],[-54.8876,-2.1287],[-54.914,-2.1274],[-54.9391,-2.132],[-54.9883,-2.1613],[-55.0944,-2.1666],[-55.0635,-2.1402],[-55.0513,-2.1187],[-55.029,-2.0594],[-55.0164,-2.0421],[-55.004,-2.0334],[-54.9329,-2.0108],[-54.907,-1.9938],[-54.8797,-1.9924],[-54.8565,-1.9956],[-54.85,-1.9805],[-54.8516,-1.9721],[-54.8693,-1.9757],[-54.8746,-1.9652],[-54.8862,-1.9683],[-54.9016,-1.9629],[-54.9089,-1.971],[-54.9188,-1.9665],[-54.922,-1.9691],[-54.9228,-1.9797],[-54.9262,-1.9811],[-54.9303,-1.9791],[-54.94,-1.9629],[-54.9646,-1.9639],[-54.9666,-1.9579],[-54.9771,-1.921],[-54.984,-1.9106],[-55.004,-1.9194],[-55.0118,-1.9168],[-55.0164,-1.9202],[-55.0237,-1.9186],[-55.0249,-1.9223],[-55.0325,-1.9197],[-55.037,-1.9253],[-55.0351,-1.9315],[-55.039,-1.9322],[-55.0476,-1.9265],[-55.0472,-1.9221],[-55.0381,-1.918],[-55.0467,-1.9142],[-55.0444,-1.9047],[-54.9504,-1.9024],[-54.9411,-1.8936],[-54.9337,-1.8622],[-54.9175,-1.8439],[-54.9233,-1.8392],[-54.9272,-1.8416],[-54.9355,-1.8233],[-54.9431,-1.825],[-54.9491,-1.8137],[-54.9579,-1.8096],[-54.967,-1.8148],[-54.9749,-1.8108],[-54.9836,-1.8135],[-54.9834,-1.7994],[-54.9913,-1.798],[-55.0008,-1.7952],[-55.0012,-1.7919],[-55.004,-1.7881],[-55.011,-1.7909],[-55.0164,-1.7932],[-55.0262,-1.7853],[-55.0309,-1.7913],[-55.039,-1.7913],[-55.0406,-1.7871],[-55.0372,-1.7819],[-55.0406,-1.7756],[-55.0502,-1.7735],[-55.0528,-1.7671],[-55.0656,-1.7716],[-55.0743,-1.7583],[-55.0651,-1.7576],[-55.0635,-1.7537],[-55.0725,-1.7502],[-55.061,-1.7456],[-55.0639,-1.7397],[-55.0699,-1.7401],[-55.0722,-1.7346],[-55.059,-1.7263],[-55.0671,-1.7238],[-55.0588,-1.7173],[-55.0665,-1.7111],[-55.0575,-1.7128],[-55.0537,-1.7067],[-55.0559,-1.6944],[-55.0608,-1.6931],[-55.0586,-1.69],[-55.0619,-1.68],[-55.0668,-1.6832],[-55.0691,-1.6725],[-55.074,-1.6715],[-55.0767,-1.677],[-55.0804,-1.6709],[-55.072,-1.6628],[-55.0803,-1.6538],[-55.0769,-1.6551],[-55.0734,-1.6503],[-55.0754,-1.6484],[-55.0787,-1.651],[-55.0832,-1.6474],[-55.078,-1.6384],[-55.0841,-1.633],[-55.1011,-1.632],[-55.1011,-1.6292],[-55.0957,-1.628],[-55.0952,-1.6236],[-55.1007,-1.6127],[-55.1044,-1.6145],[-55.1083,-1.6067],[-55.1135,-1.6083],[-55.1105,-1.6045],[-55.1113,-1.5977],[-55.1176,-1.5974],[-55.1136,-1.5945],[-55.1139,-1.5906],[-55.1195,-1.592],[-55.122,-1.5865],[-55.1172,-1.5828],[-55.1235,-1.5771],[-55.1245,-1.571],[-55.1343,-1.5687],[-55.1393,-1.5602],[-55.1437,-1.5605],[-55.1466,-1.5666],[-55.1465,-1.5624],[-55.1507,-1.5625],[-55.1578,-1.5524],[-55.1653,-1.5482],[-55.1644,-1.5431],[-55.1647,-1.5429],[-55.1761,-1.5353],[-55.1793,-1.54],[-55.1751,-1.5294],[-55.178,-1.5237],[-55.1842,-1.5217],[-55.1791,-1.5153],[-55.1845,-1.508],[-55.1839,-1.5004],[-55.1892,-1.4938],[-55.1896,-1.4964],[-55.1946,-1.4958],[-55.1983,-1.4854],[-55.204,-1.4843],[-55.2105,-1.4926],[-55.2194,-1.4913],[-55.2219,-1.496],[-55.2423,-1.4909],[-55.2451,-1.487],[-55.2422,-1.4828],[-55.2441,-1.4782],[-55.2491,-1.4801],[-55.2524,-1.4753],[-55.2636,-1.4727],[-55.261,-1.4685],[-55.2657,-1.4629],[-55.2843,-1.4697],[-55.2903,-1.4646],[-55.2961,-1.4668],[-55.2972,-1.4607],[-55.3024,-1.4612],[-55.3058,-1.4478],[-55.3087,-1.4501],[-55.3165,-1.443],[-55.3194,-1.4446],[-55.3225,-1.4419],[-55.3366,-1.4452],[-55.3509,-1.4354],[-55.3859,-1.4235],[-55.3958,-1.4183],[-55.4012,-1.4084],[-55.4129,-1.3987],[-55.4132,-0.9373],[-55.4131,-0.9196],[-55.413,0.79],[-55.413,0.7905],[-55.4132,1.546],[-55.3771,1.5506],[-55.3607,1.5461],[-55.3553,1.5412],[-55.3526,1.5254],[-55.3663,1.4968],[-55.3629,1.4852]]]}},{"type":"Feature","properties":{"nome":"Almeirim","cod":"1500503","uf":"PA"},"geometry":{"type":"Polygon","coordinates":[[[-54.9538,2.584],[-54.9349,2.5189],[-54.9191,2.5],[-54.8718,2.4341],[-54.8758,2.427],[-54.8742,2.4157],[-54.8672,2.4093],[-54.8656,2.4032],[-54.8071,2.342],[-54.8046,2.3296],[-54.7938,2.3131],[-54.8016,2.3081],[-54.8067,2.2982],[-54.8024,2.2904],[-54.8086,2.2868],[-54.8109,2.2667],[-54.7985,2.2459],[-54.7811,2.2237],[-54.7746,2.2207],[-54.7702,2.2088],[-54.7626,2.2027],[-54.7624,2.1928],[-54.769,2.1879],[-54.7674,2.1812],[-54.7827,2.1745],[-54.781,2.1675],[-54.7909,2.1617],[-54.7892,2.1565],[-54.7981,2.1505],[-54.8005,2.1429],[-54.8058,2.1393],[-54.8031,2.1326],[-54.8087,2.1231],[-54.8042,2.1082],[-54.8134,2.1011],[-54.8057,2.0767],[-54.8116,2.0714],[-54.8124,2.0631],[-54.8055,2.054],[-54.8109,2.0398],[-54.8068,2.0377],[-54.8033,2.0262],[-54.7945,2.0171],[-54.7905,2.0076],[-54.7804,1.9999],[-54.7686,1.9965],[-54.7717,1.9787],[-54.7635,1.9791],[-54.754,1.9709],[-54.7554,1.9606],[-54.7597,1.9605],[-54.7579,1.9575],[-54.7646,1.9443],[-54.7711,1.9408],[-54.7654,1.908],[-54.7614,1.9059],[-54.7631,1.8928],[-54.7586,1.8905],[-54.7526,1.8761],[-54.7527,1.8513],[-54.7494,1.8463],[-54.748,1.8427],[-54.7393,1.8396],[-54.7401,1.8324],[-54.7336,1.8323],[-54.7502,1.8146],[-54.7464,1.8061],[-54.7539,1.7981],[-54.7522,1.791],[-54.746,1.7868],[-54.7443,1.7761],[-54.7181,1.7714],[-54.7018,1.7726],[-54.7,1.776],[-54.6917,1.7682],[-54.6786,1.7692],[-54.6707,1.766],[-54.6511,1.772],[-54.6432,1.7689],[-54.6254,1.781],[-54.6112,1.7797],[-54.6014,1.7849],[-54.5806,1.778],[-54.5704,1.7848],[-54.5706,1.7779],[-54.5365,1.7706],[-54.5276,1.7653],[-54.5235,1.7563],[-54.5119,1.7537],[-54.5081,1.7486],[-54.5014,1.7514],[-54.4955,1.7473],[-54.4851,1.7516],[-54.4842,1.7558],[-54.4708,1.7518],[-54.4701,1.7561],[-54.4643,1.7595],[-54.4341,1.7544],[-54.4242,1.7608],[-54.4174,1.7569],[-54.4035,1.7601],[-54.387,1.7455],[-54.3772,1.764],[-54.3512,1.7544],[-54.3504,1.7477],[-54.3437,1.747],[-54.3442,1.741],[-54.3291,1.7442],[-54.323,1.7378],[-54.3164,1.7371],[-54.3088,1.7414],[-54.3053,1.7372],[-54.3129,1.7338],[-54.3093,1.7297],[-54.3048,1.7297],[-54.3,1.7242],[-54.2927,1.7263],[-54.2894,1.7209],[-54.2812,1.7242],[-54.2825,1.7166],[-54.2919,1.7091],[-54.2796,1.708],[-54.274,1.7108],[-54.2663,1.7084],[-54.2691,1.7051],[-54.2652,1.6961],[-54.2688,1.6946],[-54.2623,1.6887],[-54.2632,1.6805],[-54.2489,1.6841],[-54.244,1.6765],[-54.2297,1.6763],[-54.2279,1.6657],[-54.2025,1.6493],[-54.197,1.6321],[-54.1906,1.6252],[-54.1869,1.6283],[-54.1859,1.6448],[-54.1817,1.6584],[-54.1779,1.6578],[-54.1757,1.6483],[-54.1684,1.6443],[-54.152,1.6397],[-54.1464,1.6441],[-54.1432,1.6409],[-54.1419,1.6288],[-54.1293,1.6243],[-54.133,1.6175],[-54.1226,1.6077],[-54.1221,1.6021],[-54.1309,1.5972],[-54.1279,1.5916],[-54.1224,1.5912],[-54.1181,1.5818],[-54.1015,1.591],[-54.1015,1.5846],[-54.1099,1.5753],[-54.1171,1.5585],[-54.1141,1.5516],[-54.0983,1.5509],[-54.0841,1.5267],[-54.0886,1.514],[-54.0847,1.5058],[-54.0883,1.4923],[-54.086,1.4886],[-54.0775,1.486],[-54.079,1.4952],[-54.0687,1.5013],[-54.062,1.4951],[-54.0555,1.4938],[-54.0395,1.5065],[-54.0241,1.5002],[-54.0207,1.5072],[-54.0271,1.5172],[-54.0198,1.5161],[-54.0086,1.52],[-53.9991,1.5051],[-54.003,1.4897],[-53.997,1.4761],[-53.9857,1.4794],[-53.9757,1.4726],[-53.9666,1.4847],[-53.9554,1.4802],[-53.9536,1.4683],[-53.9431,1.4717],[-53.9347,1.4671],[-53.9283,1.4695],[-53.9254,1.4658],[-53.9301,1.458],[-53.9299,1.4503],[-53.94,1.4437],[-53.9378,1.4358],[-53.922,1.4426],[-53.9171,1.4572],[-53.8955,1.4555],[-53.8928,1.4437],[-53.8803,1.4406],[-53.8763,1.4358],[-53.8873,1.4081],[-53.8824,1.4011],[-53.8758,1.4079],[-53.8545,1.4019],[-53.8438,1.4066],[-53.8411,1.4024],[-53.8506,1.3989],[-53.8524,1.3941],[-53.8499,1.3922],[-53.8303,1.3942],[-53.8231,1.39],[-53.8066,1.3921],[-53.8046,1.3976],[-53.807,1.4023],[-53.8223,1.4142],[-53.82,1.4196],[-53.8035,1.4239],[-53.7912,1.417],[-53.7833,1.4032],[-53.7741,1.3972],[-53.7676,1.3963],[-53.762,1.4087],[-53.7546,1.3949],[-53.7319,1.3866],[-53.7309,1.3961],[-53.7149,1.4057],[-53.7156,1.4183],[-53.7236,1.4286],[-53.7167,1.4321],[-53.6964,1.4233],[-53.6953,1.4185],[-53.713,1.3968],[-53.711,1.3843],[-53.701,1.3783],[-53.687,1.3861],[-53.6826,1.3847],[-53.68,1.3729],[-53.6701,1.3723],[-53.6644,1.3756],[-53.6599,1.4002],[-53.6548,1.407],[-53.6464,1.408],[-53.6408,1.3995],[-53.6405,1.3888],[-53.6447,1.3806],[-53.6431,1.3642],[-53.6486,1.3574],[-53.6626,1.3498],[-53.6505,1.3366],[-53.6414,1.3353],[-53.6328,1.3477],[-53.5948,1.3585],[-53.5702,1.3376],[-53.565,1.3401],[-53.5634,1.35],[-53.548,1.3489],[-53.5417,1.3452],[-53.5329,1.3228],[-53.5397,1.3173],[-53.5608,1.3112],[-53.5622,1.3069],[-53.5562,1.2851],[-53.5522,1.2806],[-53.5301,1.274],[-53.5229,1.2617],[-53.5301,1.2457],[-53.5459,1.2288],[-53.5385,1.2128],[-53.5334,1.2105],[-53.4926,1.227],[-53.4733,1.2397],[-53.4383,1.2325],[-53.4333,1.2348],[-53.4301,1.2436],[-53.4261,1.2431],[-53.4248,1.2218],[-53.417,1.2031],[-53.4025,1.1943],[-53.3956,1.1796],[-53.3994,1.1587],[-53.4039,1.1515],[-53.4208,1.1477],[-53.4393,1.154],[-53.4529,1.144],[-53.4587,1.134],[-53.4554,1.0777],[-53.4522,1.0716],[-53.4355,1.0599],[-53.4342,1.0483],[-53.427,1.0437],[-53.4219,1.0341],[-53.4209,1.0293],[-53.4295,1.0202],[-53.4278,1.012],[-53.4264,0.9928],[-53.417,0.9896],[-53.4103,0.9824],[-53.4102,0.957],[-53.4133,0.9478],[-53.411,0.9297],[-53.3609,0.8965],[-53.3545,0.8886],[-53.3018,0.8593],[-53.287,0.8461],[-53.2744,0.8253],[-53.2547,0.8096],[-53.2139,0.7861],[-53.2065,0.7737],[-53.202,0.7761],[-53.1898,0.7687],[-53.1841,0.7478],[-53.1569,0.7294],[-53.1506,0.7197],[-53.1465,0.7001],[-53.1394,0.6934],[-53.1237,0.6977],[-53.1165,0.6919],[-53.1058,0.6843],[-53.1053,0.6798],[-53.1155,0.6569],[-53.1151,0.6487],[-53.1222,0.6304],[-53.1469,0.6007],[-53.1544,0.5637],[-53.1477,0.5524],[-53.1479,0.542],[-53.1516,0.5322],[-53.1623,0.5228],[-53.1592,0.5142],[-53.1693,0.4941],[-53.1591,0.4886],[-53.1547,0.4805],[-53.1673,0.4461],[-53.1588,0.4207],[-53.1595,0.4033],[-53.1748,0.3821],[-53.1736,0.3746],[-53.1598,0.3567],[-53.1508,0.3522],[-53.1383,0.3308],[-53.1339,0.3005],[-53.1115,0.2869],[-53.0944,0.2626],[-53.1059,0.2321],[-53.0938,0.1957],[-53.0829,0.189],[-53.0696,0.1699],[-53.0517,0.1577],[-53.0391,0.1363],[-53.0361,0.1202],[-53.0288,0.1051],[-53.0107,0.0954],[-53.0145,0.06],[-53.0032,0.0442],[-52.9848,0.036],[-52.9768,0.0241],[-52.9763,-0.0073],[-52.9706,-0.0428],[-52.9596,-0.0629],[-52.9323,-0.142],[-52.9036,-0.1546],[-52.8971,-0.1541],[-52.8764,-0.1424],[-52.8551,-0.1477],[-52.8443,-0.1594],[-52.8356,-0.1858],[-52.758,-0.2393],[-52.754,-0.2618],[-52.7398,-0.2763],[-52.7158,-0.2923],[-52.7004,-0.2925],[-52.6884,-0.3038],[-52.6837,-0.314],[-52.6814,-0.3396],[-52.6955,-0.3717],[-52.6981,-0.3868],[-52.6806,-0.4147],[-52.6787,-0.4233],[-52.6843,-0.4343],[-52.6926,-0.4418],[-52.7022,-0.4589],[-52.6906,-0.4768],[-52.695,-0.4961],[-52.6813,-0.5161],[-52.6732,-0.519],[-52.6668,-0.5248],[-52.6694,-0.5378],[-52.6673,-0.5438],[-52.6395,-0.5846],[-52.6287,-0.5935],[-52.6125,-0.5945],[-52.5926,-0.5813],[-52.5693,-0.5756],[-52.5347,-0.5737],[-52.5227,-0.5887],[-52.5127,-0.6193],[-52.5108,-0.6395],[-52.5106,-0.6565],[-52.5154,-0.6632],[-52.5121,-0.6648],[-52.5099,-0.6788],[-52.5013,-0.6924],[-52.4969,-0.7109],[-52.4974,-0.7304],[-52.5014,-0.7464],[-52.5212,-0.7849],[-52.5223,-0.7913],[-52.5207,-0.8008],[-52.5094,-0.8131],[-52.5173,-0.8214],[-52.5346,-0.8417],[-52.5382,-0.8545],[-52.5283,-0.8588],[-52.5165,-0.8583],[-52.4964,-0.8492],[-52.4679,-0.8407],[-52.4551,-0.8299],[-52.4439,-0.8338],[-52.4194,-0.8543],[-52.4027,-0.8768],[-52.4008,-0.8872],[-52.4044,-0.9131],[-52.41,-0.9172],[-52.4135,-0.9186],[-52.4289,-0.92],[-52.439,-0.9352],[-52.4362,-0.9479],[-52.4195,-0.9656],[-52.4178,-0.9987],[-52.414,-1.0089],[-52.4163,-1.0253],[-52.4288,-1.0423],[-52.4266,-1.0504],[-52.4196,-1.0523],[-52.3997,-1.0433],[-52.3827,-1.0536],[-52.3577,-1.0622],[-52.3516,-1.0694],[-52.3325,-1.1155],[-52.3005,-1.1156],[-52.2729,-1.1282],[-52.2382,-1.1259],[-52.2217,-1.1342],[-52.1731,-1.1298],[-52.1619,-1.1337],[-52.1463,-1.1484],[-52.1198,-1.1458],[-52.1162,-1.1496],[-52.1063,-1.1827],[-52.1103,-1.2043],[-52.1094,-1.2178],[-52.1016,-1.2256],[-52.07,-1.2356],[-52.0542,-1.2339],[-52.0466,-1.219],[-52.0471,-1.2139],[-52.0625,-1.1925],[-52.0635,-1.1856],[-52.0546,-1.1766],[-52.0404,-1.1698],[-52.0109,-1.1672],[-51.9907,-1.1715],[-51.9866,-1.1565],[-51.9932,-1.1316],[-51.986,-1.1216],[-51.9745,-1.1203],[-51.9651,-1.1255],[-51.9615,-1.1341],[-51.9655,-1.1592],[-51.9611,-1.167],[-51.9554,-1.1693],[-51.9464,-1.1657],[-51.9329,-1.1371],[-51.9255,-1.132],[-51.8967,-1.1617],[-51.8816,-1.166],[-51.8086,-1.1567],[-51.7779,-1.1401],[-51.7778,-1.154],[-51.7825,-1.1835],[-51.7902,-1.1983],[-51.8159,-1.2168],[-51.8597,-1.2398],[-51.8753,-1.2632],[-51.8869,-1.2719],[-51.8905,-1.3091],[-51.904,-1.3452],[-51.9554,-1.4056],[-51.9709,-1.4182],[-51.9907,-1.4347],[-52.0614,-1.4493],[-52.1111,-1.4698],[-52.2298,-1.4857],[-52.2514,-1.5037],[-52.2863,-1.5231],[-52.3528,-1.54],[-52.3704,-1.5506],[-52.397,-1.5592],[-52.415,-1.5628],[-52.4757,-1.5656],[-52.4793,-1.5669],[-52.5078,-1.565],[-52.6013,-1.5769],[-52.6266,-1.5831],[-52.6456,-1.5783],[-52.6823,-1.5839],[-52.717,-1.5954],[-52.7499,-1.6124],[-52.7999,-1.6249],[-52.8104,-1.6307],[-52.9169,-1.6512],[-52.9387,-1.656],[-52.9515,-1.6666],[-52.9929,-1.7371],[-52.9993,-1.743],[-53.0181,-1.7571],[-53.0468,-1.7685],[-53.1176,-1.7808],[-53.1388,-1.7749],[-53.1563,-1.7746],[-53.2157,-1.7582],[-53.2424,-1.7571],[-53.2903,-1.769],[-53.305,-1.7696],[-53.3104,-1.7684],[-53.3233,-1.7458],[-53.3366,-1.7424],[-53.3581,-1.7489],[-53.359,-1.7424],[-53.3552,-1.7349],[-53.3614,-1.7018],[-53.3607,-1.6876],[-53.3826,-1.6254],[-53.3972,-1.6004],[-53.4015,-1.5805],[-53.41,-1.5678],[-53.4124,-1.5561],[-53.4261,-1.5275],[-53.4444,-1.5136],[-53.4449,-1.494],[-53.4616,-1.4565],[-53.4731,-1.4489],[-53.4842,-1.4354],[-53.4765,-1.4193],[-53.4839,-1.4022],[-53.4868,-1.3864],[-53.4851,-1.378],[-53.4947,-1.3414],[-53.5122,-1.3134],[-53.5218,-1.3049],[-53.5309,-1.2838],[-53.5558,-1.2515],[-53.5625,-1.2283],[-53.5667,-1.2185],[-53.5741,-1.2141],[-53.6018,-1.2046],[-53.6127,-1.2044],[-53.6324,-1.1878],[-53.6359,-1.1736],[-53.6278,-1.1531],[-53.6331,-1.1397],[-53.6503,-1.1305],[-53.6749,-1.0911],[-53.6779,-1.0491],[-53.685,-1.0373],[-53.6834,-1.0232],[-53.6872,-1.0078],[-53.7055,-0.9805],[-53.7267,-0.9791],[-53.7451,-0.9732],[-53.7706,-0.9585],[-53.7958,-0.9497],[-53.8088,-0.9492],[-53.8245,-0.9537],[-53.9081,-0.995],[-53.9436,-0.9982],[-53.9589,-0.9942],[-54.0031,-0.944],[-54.0141,-0.9227],[-54.0242,-0.9111],[-54.0397,-0.8984],[-54.0775,-0.8892],[-54.084,-0.8722],[-54.0887,-0.8693],[-54.1029,-0.871],[-54.1209,-0.8488],[-54.1242,-0.8343],[-54.1212,-0.8247],[-54.1039,-0.8114],[-54.1048,-0.8044],[-54.0883,-0.7979],[-54.0687,-0.7798],[-54.0592,-0.7572],[-54.056,-0.7291],[-54.0474,-0.7223],[-54.0469,-0.7073],[-54.0379,-0.6895],[-54.0342,-0.6698],[-54.0288,-0.6618],[-54.0251,-0.6292],[-54.0456,-0.6249],[-54.0663,-0.6287],[-54.0755,-0.6132],[-54.0876,-0.6082],[-54.1293,-0.6176],[-54.1354,-0.6128],[-54.1225,-0.5938],[-54.1233,-0.5852],[-54.1544,-0.5818],[-54.1677,-0.5957],[-54.176,-0.5993],[-54.1807,-0.5887],[-54.1773,-0.5511],[-54.1829,-0.5347],[-54.2134,-0.5181],[-54.2183,-0.4884],[-54.2327,-0.4777],[-54.2507,-0.4813],[-54.2708,-0.4905],[-54.3194,-0.4704],[-54.3462,-0.4703],[-54.3464,-0.4522],[-54.3432,-0.445],[-54.3306,-0.4373],[-54.3206,-0.4235],[-54.3233,-0.419],[-54.3203,-0.4042],[-54.3282,-0.3954],[-54.3186,-0.3573],[-54.324,-0.336],[-54.3307,-0.3265],[-54.3469,-0.321],[-54.3507,-0.3128],[-54.3496,-0.2983],[-54.3594,-0.2829],[-54.3671,-0.2803],[-54.3742,-0.2681],[-54.3904,-0.256],[-54.3786,-0.2336],[-54.368,-0.223],[-54.3666,-0.2148],[-54.3757,-0.1803],[-54.3819,-0.1699],[-54.3914,-0.1667],[-54.4011,-0.146],[-54.4308,-0.1396],[-54.4326,-0.1346],[-54.4231,-0.1113],[-54.4307,-0.1049],[-54.4261,-0.0958],[-54.4332,-0.0811],[-54.4328,-0.0666],[-54.4141,-0.075],[-54.3974,-0.0692],[-54.39,-0.0518],[-54.3874,-0.0076],[-54.3949,0.019],[-54.4039,0.0342],[-54.4219,0.0451],[-54.442,0.0514],[-54.4443,0.0602],[-54.4443,0.0646],[-54.4311,0.0772],[-54.4345,0.0842],[-54.4997,0.0878],[-54.5276,0.0874],[-54.5303,0.0848],[-54.5481,0.1015],[-54.5591,0.1033],[-54.5706,0.1116],[-54.6017,0.1386],[-54.6101,0.1378],[-54.6221,0.129],[-54.6402,0.134],[-54.6533,0.1581],[-54.6609,0.192],[-54.6808,0.2112],[-54.6838,0.2452],[-54.6882,0.2503],[-54.7052,0.2624],[-54.7447,0.3047],[-54.7786,0.3263],[-54.7964,0.3299],[-54.8016,0.3507],[-54.8133,0.358],[-54.8333,0.3557],[-54.8392,0.3598],[-54.8453,0.3552],[-54.8539,0.3595],[-54.8616,0.3729],[-54.8639,0.38],[-54.857,0.3919],[-54.8468,0.4336],[-54.8598,0.4768],[-54.8683,0.483],[-54.8874,0.485],[-54.8955,0.4906],[-54.9361,0.504],[-55.0007,0.4825],[-55.0069,0.4837],[-55.01,0.4891],[-55.0021,0.5234],[-54.9759,0.5746],[-54.9772,0.5866],[-54.9822,0.5951],[-55.0342,0.6103],[-55.0561,0.6281],[-55.0666,0.6492],[-55.0493,0.6813],[-55.0607,0.7037],[-55.0605,0.713],[-55.0581,0.7176],[-55.0344,0.73],[-55.0225,0.7854],[-55.0225,0.7948],[-55.0342,0.8157],[-55.0243,0.8391],[-55.0208,0.8587],[-55.0222,0.8763],[-55.0325,0.8914],[-55.0508,0.901],[-55.068,0.9104],[-55.0885,0.9267],[-55.0909,0.9437],[-55.0644,1.0023],[-55.0707,1.0199],[-55.102,1.0635],[-55.1201,1.067],[-55.1448,1.0541],[-55.1694,1.0646],[-55.2058,1.0705],[-55.2229,1.0787],[-55.2286,1.0959],[-55.21,1.1277],[-55.203,1.1981],[-55.2199,1.2152],[-55.2604,1.2321],[-55.2651,1.2425],[-55.2619,1.2509],[-55.2429,1.2656],[-55.2489,1.2774],[-55.2483,1.2981],[-55.2526,1.3114],[-55.2465,1.3292],[-55.2572,1.3452],[-55.2843,1.3715],[-55.3122,1.3811],[-55.318,1.3867],[-55.3281,1.4214],[-55.3336,1.4361],[-55.3406,1.4433],[-55.3421,1.4522],[-55.3346,1.4619],[-55.3303,1.477],[-55.3331,1.4862],[-55.3542,1.4828],[-55.3629,1.4852],[-55.3663,1.4968],[-55.3526,1.5254],[-55.3553,1.5412],[-55.3607,1.5461],[-55.3771,1.5506],[-55.4132,1.546],[-55.4449,1.5531],[-55.4639,1.5712],[-55.4694,1.5854],[-55.4614,1.6033],[-55.438,1.6317],[-55.427,1.6607],[-55.4271,1.6689],[-55.4382,1.6975],[-55.4567,1.7288],[-55.4556,1.7456],[-55.4412,1.7621],[-55.4375,1.7722],[-55.4504,1.8143],[-55.4614,1.8284],[-55.4915,1.8469],[-55.5226,1.8534],[-55.5509,1.867],[-55.5803,1.8917],[-55.5908,1.9203],[-55.5901,1.9425],[-55.5831,1.9599],[-55.5653,1.978],[-55.5404,1.9959],[-55.5165,2.0234],[-55.5113,2.0348],[-55.5119,2.0572],[-55.5244,2.0658],[-55.5494,2.0741],[-55.5569,2.0887],[-55.5557,2.1027],[-55.589,2.1129],[-55.6047,2.1238],[-55.6145,2.1359],[-55.6177,2.1435],[-55.6162,2.15],[-55.6049,2.171],[-55.6091,2.1777],[-55.6221,2.1858],[-55.6269,2.2229],[-55.6391,2.2434],[-55.6584,2.266],[-55.6695,2.291],[-55.6894,2.3406],[-55.7017,2.394],[-55.7072,2.4035],[-55.6979,2.422],[-55.6736,2.414],[-55.6568,2.421],[-55.6418,2.4164],[-55.6312,2.4173],[-55.6167,2.4203],[-55.6122,2.4266],[-55.6039,2.4305],[-55.5931,2.4337],[-55.5893,2.4317],[-55.5742,2.4382],[-55.5702,2.4239],[-55.551,2.4299],[-55.5275,2.429],[-55.5243,2.4363],[-55.5038,2.4398],[-55.4993,2.4437],[-55.4818,2.439],[-55.429,2.4393],[-55.3849,2.4188],[-55.3452,2.4484],[-55.3557,2.476],[-55.3198,2.5158],[-55.2769,2.5128],[-55.2343,2.5038],[-55.2071,2.5232],[-55.1724,2.5598],[-55.123,2.568],[-55.1026,2.5261],[-55.0558,2.5536],[-55.0082,2.5878],[-55.0033,2.5914],[-54.9538,2.584]]]}},{"type":"Feature","properties":{"nome":"Altamira","cod":"1500602","uf":"PA"},"geometry":{"type":"Polygon","coordinates":[[[-52.2314,-2.9941],[-52.2247,-3.0064],[-52.2258,-3.0413],[-52.2196,-3.0655],[-52.2096,-3.0734],[-52.2025,-3.0744],[-52.183,-3.0903],[-52.1831,-3.0903],[-52.1777,-3.1015],[-52.1624,-3.1162],[-52.1677,-3.1383],[-52.1667,-3.1496],[-52.1585,-3.1535],[-52.1456,-3.1692],[-52.1384,-3.1745],[-52.1295,-3.1757],[-52.1278,-3.1851],[-52.1193,-3.1976],[-52.1082,-3.1946],[-52.1079,-3.2017],[-52.1162,-3.2124],[-52.1154,-3.2197],[-52.0909,-3.2403],[-52.0818,-3.2569],[-52.0583,-3.2662],[-52.0537,-3.2781],[-52.0391,-3.2997],[-52.0319,-3.302],[-52.0243,-3.3107],[-51.998,-3.3612],[-51.9864,-3.367],[-51.9799,-3.3848],[-51.965,-3.3971],[-51.9508,-3.4135],[-51.9467,-3.4293],[-51.959,-3.4448],[-51.9577,-3.4767],[-51.9625,-3.4818],[-51.963,-3.4887],[-51.978,-3.4921],[-51.9791,-3.4992],[-52.0295,-3.5003],[-52.0358,-3.4972],[-52.0679,-3.5339],[-52.0772,-3.5358],[-52.0862,-3.5328],[-52.087,-3.5357],[-52.0962,-3.5492],[-52.1103,-3.5593],[-52.1127,-3.5561],[-52.1317,-3.5604],[-52.1342,-3.5634],[-52.1405,-3.5631],[-52.1491,-3.5584],[-52.1668,-3.5629],[-52.1696,-3.5768],[-52.1852,-3.5994],[-52.185,-3.6105],[-52.1923,-3.6219],[-52.1913,-3.634],[-52.206,-3.6449],[-52.2063,-3.6584],[-52.2094,-3.6705],[-52.2126,-3.671],[-52.2119,-3.68],[-52.2198,-3.6853],[-52.2234,-3.6997],[-52.2321,-3.7014],[-52.2376,-3.6962],[-52.2571,-3.7036],[-52.2643,-3.7199],[-52.2821,-3.7301],[-52.287,-3.7269],[-52.2923,-3.7297],[-52.2994,-3.7403],[-52.2987,-3.7472],[-52.3022,-3.7501],[-52.2984,-3.7598],[-52.3027,-3.7697],[-52.2961,-3.8081],[-52.2991,-3.8174],[-52.2903,-3.8259],[-52.2884,-3.8355],[-52.2936,-3.8381],[-52.2982,-3.8476],[-52.2921,-3.8647],[-52.279,-3.8775],[-52.2762,-3.8893],[-52.2781,-3.9015],[-52.2856,-3.9069],[-52.2833,-3.9342],[-52.2777,-3.9516],[-52.2927,-3.9732],[-52.2957,-3.9751],[-52.3002,-3.9723],[-52.3144,-3.9814],[-52.3277,-3.9792],[-52.3403,-3.9897],[-52.3531,-3.9848],[-52.3525,-3.9953],[-52.3358,-3.9982],[-52.3281,-4.0109],[-52.2969,-4.017],[-52.2886,-4.0268],[-52.2763,-4.0316],[-52.2471,-4.0342],[-52.2261,-4.0469],[-52.1996,-4.0526],[-52.1904,-4.049],[-52.1872,-4.0535],[-52.1744,-4.0536],[-52.1626,-4.0608],[-52.1559,-4.0809],[-52.1469,-4.09],[-52.1406,-4.0916],[-52.1318,-4.0895],[-52.122,-4.0656],[-52.1099,-4.0673],[-52.0937,-4.0626],[-52.083,-4.0713],[-52.0761,-4.0651],[-52.0668,-4.0744],[-52.0659,-4.0843],[-52.0586,-4.0905],[-52.0627,-4.0974],[-52.0576,-4.1017],[-52.0565,-4.124],[-52.0495,-4.1338],[-52.0382,-4.139],[-52.0344,-4.1549],[-52.0228,-4.1499],[-52.012,-4.151],[-52.0097,-4.1768],[-52.0006,-4.1843],[-51.983,-4.1847],[-51.9865,-4.1902],[-51.9839,-4.1966],[-51.9753,-4.1919],[-51.9617,-4.204],[-51.9495,-4.2038],[-51.946,-4.1991],[-51.9401,-4.2009],[-51.9283,-4.2121],[-51.9307,-4.2215],[-51.9259,-4.2313],[-51.92,-4.2345],[-51.9215,-4.2382],[-51.9154,-4.2526],[-51.9202,-4.265],[-51.9154,-4.2634],[-51.9089,-4.2703],[-51.8922,-4.277],[-51.889,-4.275],[-51.8831,-4.25],[-51.8783,-4.2467],[-51.875,-4.2364],[-51.8654,-4.2284],[-51.8564,-4.2261],[-51.8512,-4.2113],[-51.8466,-4.217],[-51.8366,-4.2149],[-51.8317,-4.2224],[-51.8162,-4.2325],[-51.8231,-4.2486],[-51.8286,-4.2515],[-51.8293,-4.2637],[-51.8257,-4.2721],[-51.8313,-4.2762],[-51.8329,-4.2853],[-51.8218,-4.2969],[-51.8181,-4.2961],[-51.8136,-4.2867],[-51.8072,-4.2872],[-51.8023,-4.2987],[-51.8091,-4.3106],[-51.8016,-4.3218],[-51.8053,-4.3283],[-51.8006,-4.3357],[-51.7897,-4.3383],[-51.7856,-4.3465],[-51.7724,-4.3416],[-51.7731,-4.3271],[-51.7641,-4.3285],[-51.7566,-4.3222],[-51.7507,-4.3236],[-51.7403,-4.3366],[-51.7318,-4.3322],[-51.7229,-4.3353],[-51.7043,-4.328],[-51.702,-4.3372],[-51.7054,-4.3533],[-51.7007,-4.3717],[-51.6927,-4.3763],[-51.6878,-4.3654],[-51.6716,-4.37],[-51.6655,-4.3969],[-51.6579,-4.3918],[-51.6471,-4.4036],[-51.6538,-4.4117],[-51.6587,-4.4068],[-51.6618,-4.4085],[-51.6736,-4.4259],[-51.6785,-4.4245],[-51.6915,-4.4296],[-51.7013,-4.4399],[-51.7015,-4.4461],[-51.7079,-4.4457],[-51.7175,-4.4549],[-51.741,-4.4553],[-51.7592,-4.463],[-51.762,-4.4689],[-51.7723,-4.4735],[-51.7869,-4.4595],[-51.7949,-4.4546],[-51.8043,-4.4547],[-51.8319,-4.4342],[-51.8496,-4.4345],[-51.8632,-4.4281],[-51.8648,-4.4315],[-51.8747,-4.4318],[-51.8776,-4.434],[-51.8765,-4.4517],[-51.8801,-4.4609],[-51.8985,-4.4768],[-51.904,-4.4928],[-51.9149,-4.5052],[-51.924,-4.5104],[-51.9356,-4.5364],[-51.9452,-4.5447],[-51.9441,-4.5536],[-51.9519,-4.5584],[-51.9582,-4.5804],[-51.9684,-4.5824],[-52.011,-4.6249],[-52.0146,-4.6272],[-52.0207,-4.6303],[-52.0498,-4.6362],[-52.0519,-4.6544],[-52.0671,-4.6624],[-52.0687,-4.6707],[-52.081,-4.6801],[-52.0752,-4.6937],[-52.0824,-4.7082],[-52.0848,-4.7313],[-52.0889,-4.7403],[-52.0961,-4.7451],[-52.0872,-4.7483],[-52.0899,-4.7546],[-52.0846,-4.7585],[-52.089,-4.763],[-52.0862,-4.7675],[-52.0856,-4.768],[-52.0838,-4.7719],[-52.0881,-4.776],[-52.092,-4.7918],[-52.0845,-4.8017],[-52.0841,-4.8089],[-52.0937,-4.8265],[-52.0983,-4.8483],[-52.1033,-4.8558],[-52.1045,-4.8718],[-52.1154,-4.8923],[-52.1092,-4.8989],[-52.0821,-4.9106],[-52.0694,-4.9094],[-52.0673,-4.9232],[-52.0695,-4.9279],[-52.0678,-4.9466],[-52.0622,-4.9537],[-52.0583,-4.9695],[-52.0639,-4.9875],[-52.0558,-4.9931],[-52.053,-5.0098],[-52.0404,-5.0091],[-52.0484,-5.0308],[-52.0598,-5.0489],[-52.0553,-5.0645],[-52.0565,-5.0728],[-52.0623,-5.0872],[-52.0724,-5.0963],[-52.0731,-5.1197],[-52.0782,-5.1278],[-52.0729,-5.1364],[-52.0692,-5.1356],[-52.0595,-5.1474],[-52.0506,-5.151],[-52.0579,-5.1721],[-52.0577,-5.184],[-52.0679,-5.1915],[-52.0704,-5.2067],[-52.0756,-5.2153],[-52.067,-5.2235],[-52.0696,-5.2462],[-52.0777,-5.257],[-52.0903,-5.2604],[-52.1048,-5.271],[-52.1082,-5.2845],[-52.1133,-5.2911],[-52.1133,-5.3044],[-52.1191,-5.3138],[-52.1163,-5.3307],[-52.1069,-5.3427],[-52.1088,-5.3523],[-52.1226,-5.3396],[-52.136,-5.3332],[-52.1365,-5.3256],[-52.1419,-5.3186],[-52.1617,-5.3145],[-52.1791,-5.2998],[-52.2013,-5.3035],[-52.213,-5.2908],[-52.2253,-5.2885],[-52.2356,-5.2773],[-52.2496,-5.2741],[-52.2544,-5.2695],[-52.2582,-5.2692],[-52.2701,-5.279],[-52.2788,-5.2745],[-52.2782,-5.2675],[-52.2836,-5.2573],[-52.2733,-5.2256],[-52.2949,-5.194],[-52.3048,-5.1957],[-52.3131,-5.1896],[-52.3429,-5.1789],[-52.3743,-5.2042],[-52.393,-5.1964],[-52.3989,-5.1846],[-52.4055,-5.1857],[-52.41,-5.1659],[-52.4259,-5.1536],[-52.4447,-5.1668],[-52.4496,-5.1846],[-52.4669,-5.1945],[-52.4737,-5.2042],[-52.4881,-5.1979],[-52.4939,-5.2178],[-52.507,-5.2193],[-52.514,-5.2254],[-52.5269,-5.2295],[-52.5503,-5.2284],[-52.5604,-5.2168],[-52.5714,-5.225],[-52.5765,-5.2347],[-52.5938,-5.2386],[-52.6026,-5.2458],[-52.6118,-5.2427],[-52.6266,-5.2525],[-52.635,-5.2717],[-52.6576,-5.2974],[-52.6594,-5.308],[-52.6539,-5.3198],[-52.6547,-5.3341],[-52.6417,-5.3553],[-52.6501,-5.3707],[-52.6412,-5.3808],[-52.6455,-5.4002],[-52.661,-5.4127],[-52.6637,-5.4271],[-52.6726,-5.4296],[-52.6659,-5.4461],[-52.6759,-5.4847],[-52.6834,-5.4947],[-52.6818,-5.5016],[-52.6819,-5.5048],[-52.6883,-5.5072],[-52.6914,-5.5159],[-52.6851,-5.5247],[-52.6864,-5.5428],[-52.6823,-5.5816],[-52.6995,-5.6115],[-52.7003,-5.6149],[-52.6912,-5.6561],[-52.7021,-5.6673],[-52.7231,-5.6705],[-52.7326,-5.68],[-52.7422,-5.6836],[-52.7458,-5.682],[-52.7446,-5.6899],[-52.7391,-5.6915],[-52.7403,-5.6956],[-52.747,-5.6981],[-52.7527,-5.711],[-52.7639,-5.7123],[-52.7711,-5.7219],[-52.776,-5.724],[-52.7839,-5.7218],[-52.791,-5.714],[-52.8018,-5.7153],[-52.814,-5.7062],[-52.8159,-5.7],[-52.8317,-5.6896],[-52.8378,-5.6974],[-52.8357,-5.7032],[-52.8491,-5.7035],[-52.8509,-5.7097],[-52.8565,-5.7123],[-52.8647,-5.7022],[-52.8704,-5.7021],[-52.8701,-5.6978],[-52.8958,-5.7053],[-52.9175,-5.7236],[-52.9212,-5.7367],[-52.9389,-5.7436],[-52.9397,-5.7523],[-52.9306,-5.7566],[-52.9272,-5.7673],[-52.9309,-5.7749],[-52.9314,-5.7908],[-52.9518,-5.7982],[-52.9625,-5.8156],[-52.9631,-5.829],[-52.9754,-5.8447],[-53.0093,-5.8515],[-53.019,-5.8566],[-53.0291,-5.8742],[-53.0535,-5.8766],[-53.0587,-5.8857],[-53.0746,-5.8821],[-53.0775,-5.879],[-53.077,-5.8687],[-53.0846,-5.8627],[-53.0937,-5.8716],[-53.1089,-5.8716],[-53.1125,-5.8757],[-53.112,-5.8819],[-53.1275,-5.9005],[-53.1401,-5.9006],[-53.1383,-5.9217],[-53.1486,-5.9374],[-53.1577,-5.9338],[-53.1669,-5.9448],[-53.1852,-5.9551],[-53.2019,-5.9582],[-53.2211,-5.9425],[-53.2352,-5.9506],[-53.2414,-5.9497],[-53.2422,-5.9592],[-53.2479,-5.9679],[-53.2632,-5.9678],[-53.2788,-5.9814],[-53.2737,-5.9965],[-53.2759,-6.0126],[-53.2705,-6.0194],[-53.2819,-6.0274],[-53.3114,-6.0338],[-53.3223,-6.0518],[-53.3343,-6.0471],[-53.3416,-6.0498],[-53.3447,-6.0474],[-53.3685,-6.0576],[-53.3878,-6.0958],[-53.3876,-6.0997],[-53.3785,-6.0987],[-53.3736,-6.1035],[-53.3707,-6.1173],[-53.3539,-6.1164],[-53.3531,-6.1264],[-53.3404,-6.1315],[-53.3403,-6.1391],[-53.3479,-6.1476],[-53.3467,-6.161],[-53.3509,-6.1715],[-53.345,-6.1803],[-53.3249,-6.1664],[-53.3159,-6.1691],[-53.3065,-6.1653],[-53.2986,-6.1767],[-53.2872,-6.2093],[-53.2889,-6.2204],[-53.2886,-6.2239],[-53.2851,-6.2243],[-53.2857,-6.234],[-53.2667,-6.2539],[-53.2681,-6.2646],[-53.2545,-6.2666],[-53.2534,-6.2698],[-53.2608,-6.278],[-53.2597,-6.2889],[-53.2565,-6.291],[-53.2465,-6.2888],[-53.2423,-6.2947],[-53.2287,-6.2933],[-53.2234,-6.2978],[-53.2317,-6.3104],[-53.2229,-6.312],[-53.2345,-6.3232],[-53.2364,-6.3372],[-53.2106,-6.3375],[-53.2057,-6.3472],[-53.21,-6.3587],[-53.1939,-6.3711],[-53.1907,-6.4002],[-53.2045,-6.4082],[-53.2126,-6.424],[-53.2017,-6.44],[-53.1919,-6.4412],[-53.1813,-6.4583],[-53.1926,-6.4761],[-53.2141,-6.4691],[-53.2177,-6.4739],[-53.2148,-6.4838],[-53.2305,-6.4869],[-53.2263,-6.4938],[-53.227,-6.5001],[-53.231,-6.5022],[-53.2449,-6.4922],[-53.2481,-6.4806],[-53.2555,-6.4774],[-53.2569,-6.4647],[-53.2779,-6.4607],[-53.2808,-6.467],[-53.2878,-6.4693],[-53.2963,-6.458],[-53.3028,-6.4566],[-53.3132,-6.463],[-53.3251,-6.4763],[-53.3191,-6.4944],[-53.3138,-6.4992],[-53.3287,-6.5219],[-53.3311,-6.5307],[-53.3369,-6.5335],[-53.3477,-6.5618],[-53.3641,-6.5781],[-53.3734,-6.5936],[-53.3929,-6.5812],[-53.4068,-6.5614],[-53.4168,-6.5621],[-53.4206,-6.5559],[-53.4279,-6.5523],[-53.4396,-6.5587],[-53.4429,-6.5649],[-53.4626,-6.5987],[-53.4692,-6.6001],[-53.4664,-6.6099],[-53.4555,-6.619],[-53.4681,-6.6343],[-53.4625,-6.6394],[-53.4633,-6.651],[-53.4567,-6.6651],[-53.4641,-6.6764],[-53.4624,-6.6798],[-53.4456,-6.6862],[-53.4309,-6.6751],[-53.4236,-6.6746],[-53.4049,-6.694],[-53.3944,-6.7172],[-53.3786,-6.7237],[-53.368,-6.7229],[-53.3437,-6.749],[-53.3336,-6.7533],[-53.3243,-6.7499],[-53.2971,-6.7629],[-53.2736,-6.7671],[-53.2508,-6.7804],[-53.2468,-6.7865],[-53.2494,-6.7966],[-53.2428,-6.8126],[-53.235,-6.8198],[-53.2368,-6.8226],[-53.2434,-6.822],[-53.2475,-6.8311],[-53.2649,-6.8476],[-53.2815,-6.8577],[-53.2884,-6.8646],[-53.292,-6.8827],[-53.296,-6.8876],[-53.3154,-6.8909],[-53.3191,-6.8961],[-53.319,-6.9004],[-53.3084,-6.9038],[-53.3112,-6.9157],[-53.2821,-6.9366],[-53.2767,-6.9494],[-53.2783,-6.9653],[-53.3017,-6.9957],[-53.3032,-7.0058],[-53.317,-7.0271],[-53.3174,-7.0377],[-53.3114,-7.0547],[-53.2989,-7.0683],[-53.3071,-7.0742],[-53.3053,-7.0771],[-53.2931,-7.0846],[-53.2883,-7.0958],[-53.2852,-7.0951],[-53.2804,-7.1019],[-53.2614,-7.1044],[-53.2533,-7.1142],[-53.2526,-7.1208],[-53.258,-7.1287],[-53.2556,-7.1368],[-53.2658,-7.144],[-53.2712,-7.159],[-53.2808,-7.1599],[-53.2831,-7.1667],[-53.2863,-7.1671],[-53.2861,-7.1755],[-53.2931,-7.1811],[-53.3003,-7.1816],[-53.3065,-7.1949],[-53.3137,-7.1979],[-53.3147,-7.1996],[-53.3131,-7.2135],[-53.3002,-7.2173],[-53.3025,-7.2282],[-53.2993,-7.2305],[-53.2873,-7.2285],[-53.281,-7.2323],[-53.2581,-7.263],[-53.2566,-7.2743],[-53.2396,-7.287],[-53.2342,-7.2929],[-53.2344,-7.2981],[-53.2219,-7.3032],[-53.2077,-7.3134],[-53.188,-7.3345],[-53.1733,-7.3415],[-53.1651,-7.3597],[-53.1686,-7.3674],[-53.1761,-7.3708],[-53.1779,-7.38],[-53.1724,-7.3839],[-53.1622,-7.3832],[-53.1595,-7.3923],[-53.1509,-7.398],[-53.1303,-7.389],[-53.1196,-7.3951],[-53.1229,-7.449],[-53.0937,-7.4749],[-53.0906,-7.4853],[-53.0921,-7.4889],[-53.1053,-7.4923],[-53.1087,-7.507],[-53.1285,-7.5247],[-53.1379,-7.5461],[-53.1449,-7.5511],[-53.1676,-7.5536],[-53.1686,-7.5565],[-53.1606,-7.5631],[-53.1611,-7.5703],[-53.1471,-7.5758],[-53.1528,-7.5932],[-53.1458,-7.5978],[-53.1476,-7.6034],[-53.1414,-7.6062],[-53.1428,-7.6139],[-53.1403,-7.6154],[-53.1301,-7.6041],[-53.1258,-7.6055],[-53.1237,-7.613],[-53.1124,-7.6241],[-53.1177,-7.6449],[-53.1243,-7.6519],[-53.1232,-7.6556],[-53.1123,-7.6549],[-53.108,-7.671],[-53.1019,-7.6744],[-53.0996,-7.6817],[-53.0656,-7.6813],[-53.0452,-7.7033],[-53.0402,-7.7181],[-53.028,-7.7233],[-53.0285,-7.745],[-53.0314,-7.7514],[-53.0222,-7.7679],[-53.0356,-7.779],[-53.0277,-7.784],[-53.0197,-7.7824],[-52.9954,-7.7963],[-52.9916,-7.8273],[-53.0005,-7.8319],[-53.0039,-7.8436],[-53.0074,-7.8452],[-53.0151,-7.8418],[-53.0294,-7.856],[-53.0301,-7.8597],[-53.0167,-7.8706],[-53.0172,-7.8812],[-53.027,-7.881],[-53.0399,-7.8907],[-53.0567,-7.8933],[-53.0666,-7.9182],[-53.0577,-7.9255],[-53.0371,-7.9301],[-53.0307,-7.941],[-53.0178,-7.9414],[-53.029,-7.9609],[-53.0195,-7.979],[-53.0199,-7.9854],[-53.015,-7.989],[-53.0143,-7.9976],[-52.9995,-7.9911],[-52.9929,-7.9927],[-52.9834,-7.9886],[-52.9835,-8.0084],[-52.9695,-8.0144],[-52.9651,-8.0233],[-52.9674,-8.0258],[-52.9811,-8.0245],[-52.9852,-8.03],[-52.9557,-8.0707],[-52.9534,-8.0811],[-52.9542,-8.0872],[-52.9629,-8.0921],[-52.9583,-8.1029],[-52.9644,-8.1082],[-52.965,-8.1212],[-52.9418,-8.1437],[-52.932,-8.1482],[-52.9248,-8.1622],[-52.9314,-8.1718],[-52.934,-8.1914],[-52.9398,-8.2009],[-52.9391,-8.2055],[-52.9286,-8.2149],[-52.9292,-8.2224],[-52.9626,-8.2361],[-52.9703,-8.2427],[-52.9724,-8.2718],[-52.9849,-8.2834],[-53.0076,-8.2949],[-53.0078,-8.2984],[-52.9902,-8.3071],[-52.9906,-8.3178],[-52.9821,-8.3229],[-52.9791,-8.3375],[-52.9717,-8.3445],[-52.9642,-8.3465],[-52.9506,-8.3421],[-52.9407,-8.3463],[-52.9416,-8.3904],[-52.9324,-8.3944],[-52.928,-8.4055],[-52.9177,-8.4104],[-52.9168,-8.422],[-52.8989,-8.4294],[-52.8975,-8.4326],[-52.9084,-8.4395],[-52.9235,-8.4325],[-52.9429,-8.4319],[-52.9511,-8.4354],[-52.9547,-8.4409],[-52.9484,-8.4567],[-52.9483,-8.4835],[-52.9201,-8.4954],[-52.9047,-8.5167],[-52.9063,-8.5242],[-52.9142,-8.5313],[-52.9144,-8.5378],[-52.8875,-8.5724],[-52.8879,-8.5829],[-52.8987,-8.5963],[-52.9,-8.6136],[-52.8963,-8.6272],[-52.9054,-8.6325],[-52.9211,-8.6256],[-52.9477,-8.6489],[-52.9468,-8.6525],[-52.933,-8.6583],[-52.931,-8.6649],[-52.9402,-8.6718],[-52.9434,-8.6813],[-52.9489,-8.6845],[-52.9314,-8.6933],[-52.9236,-8.7044],[-52.9314,-8.7296],[-52.9419,-8.7302],[-52.9529,-8.7218],[-52.963,-8.721],[-52.9733,-8.7124],[-52.9898,-8.7134],[-53.0058,-8.7044],[-53.0213,-8.7125],[-53.0365,-8.7282],[-53.0347,-8.7514],[-53.0147,-8.7751],[-53.0165,-8.7815],[-53.0236,-8.7847],[-53.0229,-8.7913],[-53.0171,-8.7933],[-53.006,-8.7896],[-52.9986,-8.8039],[-52.9976,-8.8202],[-52.9913,-8.8352],[-52.993,-8.8547],[-53.0048,-8.8682],[-53.0155,-8.9196],[-53.0548,-8.9536],[-53.0495,-8.9611],[-53.0417,-8.964],[-53.0396,-8.9747],[-53.0464,-8.9883],[-53.0456,-8.9945],[-53.0515,-9.0025],[-53.0459,-9.0117],[-53.0461,-9.0287],[-53.0328,-9.0485],[-53.0233,-9.0536],[-53.0156,-9.064],[-53.0251,-9.0738],[-53.0316,-9.0701],[-53.0374,-9.0781],[-53.0361,-9.0867],[-53.0409,-9.0919],[-53.0497,-9.0885],[-53.0624,-9.0983],[-53.0523,-9.1039],[-53.0553,-9.1065],[-53.0843,-9.1157],[-53.0808,-9.143],[-53.0699,-9.1473],[-53.0595,-9.1468],[-53.0412,-9.1565],[-53.0225,-9.1563],[-53.0138,-9.169],[-53.0052,-9.1747],[-53.0043,-9.1829],[-52.9865,-9.2024],[-52.9717,-9.2098],[-52.9624,-9.2334],[-52.9665,-9.2384],[-52.9741,-9.2402],[-52.9654,-9.2776],[-52.9554,-9.2857],[-52.9438,-9.3291],[-52.9354,-9.3432],[-52.9335,-9.3559],[-52.9212,-9.3832],[-52.9268,-9.3901],[-52.9326,-9.4141],[-52.9391,-9.421],[-52.9334,-9.4438],[-52.9254,-9.45],[-52.9268,-9.453],[-52.9496,-9.4583],[-52.9659,-9.4491],[-52.9726,-9.4515],[-52.9767,-9.4614],[-52.9946,-9.4749],[-53.0082,-9.4749],[-53.0213,-9.4805],[-53.0347,-9.4747],[-53.042,-9.4769],[-53.046,-9.4874],[-53.0507,-9.491],[-53.0462,-9.4999],[-53.0548,-9.5137],[-53.0533,-9.5238],[-53.0563,-9.5301],[-53.0966,-9.5441],[-53.1019,-9.552],[-53.1121,-9.552],[-53.1211,-9.5631],[-53.1237,-9.5722],[-53.1202,-9.5964],[-53.1328,-9.6347],[-53.1329,-9.6449],[-53.4511,-9.621],[-53.588,-9.6106],[-53.8398,-9.5919],[-53.9147,-9.5862],[-54.1061,-9.5715],[-54.2941,-9.5582],[-54.613,-9.5354],[-54.6192,-9.517],[-54.632,-9.5025],[-54.6539,-9.5044],[-54.6662,-9.488],[-54.682,-9.4683],[-54.6803,-9.4615],[-54.6861,-9.429],[-54.6835,-9.4045],[-54.6946,-9.3884],[-54.7076,-9.381],[-54.7203,-9.3666],[-54.7215,-9.3629],[-54.7203,-9.3465],[-54.7308,-9.3322],[-54.7318,-9.3161],[-54.7522,-9.3086],[-54.7586,-9.3026],[-54.7719,-9.2997],[-54.7758,-9.2952],[-54.7549,-9.2877],[-54.7447,-9.2676],[-54.7259,-9.2552],[-54.7275,-9.247],[-54.738,-9.236],[-54.7362,-9.2335],[-54.7195,-9.2391],[-54.7101,-9.2387],[-54.6969,-9.2252],[-54.6968,-9.2221],[-54.7085,-9.2137],[-54.7093,-9.2064],[-54.6893,-9.2015],[-54.6731,-9.1822],[-54.6731,-9.1597],[-54.6808,-9.1525],[-54.6853,-9.1527],[-54.7064,-9.157],[-54.7238,-9.1525],[-54.7426,-9.1332],[-54.7532,-9.107],[-54.7645,-9.1062],[-54.7779,-9.095],[-54.7963,-9.0958],[-54.8042,-9.0908],[-54.8104,-9.0914],[-54.8212,-9.0785],[-54.8377,-9.0818],[-54.8664,-9.0632],[-54.8736,-9.063],[-54.8921,-9.0945],[-54.8971,-9.0867],[-54.8972,-9.0619],[-54.903,-9.0541],[-54.9133,-9.0531],[-54.9439,-9.0507],[-54.9713,-9.0721],[-54.9831,-9.0525],[-55.013,-9.0496],[-55.0188,-9.0464],[-55.0237,-9.0301],[-55.0352,-9.0251],[-55.0414,-9.0265],[-55.0477,-9.0406],[-55.0574,-9.045],[-55.0737,-9.046],[-55.0879,-9.0402],[-55.1111,-9.0377],[-55.1192,-9.0227],[-55.1214,-9.0025],[-55.1159,-8.9926],[-55.118,-8.9863],[-55.1342,-8.9871],[-55.144,-8.9743],[-55.1624,-8.9798],[-55.1714,-8.9695],[-55.1693,-8.9447],[-55.1614,-8.9371],[-55.1648,-8.9311],[-55.1607,-8.9141],[-55.1702,-8.9056],[-55.1764,-8.8927],[-55.1736,-8.8797],[-55.1822,-8.8647],[-55.1786,-8.8385],[-55.1831,-8.8343],[-55.1871,-8.835],[-55.1948,-8.8423],[-55.2073,-8.8425],[-55.2189,-8.8482],[-55.2224,-8.8366],[-55.2414,-8.8265],[-55.2457,-8.813],[-55.2335,-8.8003],[-55.2334,-8.7875],[-55.237,-8.7776],[-55.249,-8.7641],[-55.2532,-8.7526],[-55.2704,-8.7374],[-55.2583,-8.7208],[-55.2583,-8.7009],[-55.2543,-8.692],[-55.2482,-8.6946],[-55.2387,-8.7203],[-55.2231,-8.7213],[-55.2079,-8.7319],[-55.1886,-8.7163],[-55.1847,-8.7008],[-55.1763,-8.7009],[-55.1683,-8.7168],[-55.1568,-8.7252],[-55.1533,-8.7393],[-55.1438,-8.745],[-55.1324,-8.7621],[-55.1184,-8.7728],[-55.0853,-8.7738],[-55.0765,-8.752],[-55.0655,-8.7472],[-55.0776,-8.7361],[-55.0746,-8.7315],[-55.0682,-8.7321],[-55.0681,-8.7178],[-55.0823,-8.6926],[-55.1067,-8.6797],[-55.1193,-8.6593],[-55.1369,-8.6472],[-55.1707,-8.632],[-55.1747,-8.6198],[-55.1832,-8.6169],[-55.1828,-8.6129],[-55.1698,-8.6111],[-55.1604,-8.6012],[-55.1593,-8.5976],[-55.1649,-8.5883],[-55.1608,-8.5708],[-55.1659,-8.5661],[-55.1643,-8.5559],[-55.1704,-8.5405],[-55.1666,-8.5323],[-55.1763,-8.5262],[-55.1769,-8.5144],[-55.1907,-8.5155],[-55.1954,-8.5001],[-55.1931,-8.4899],[-55.2075,-8.4746],[-55.2065,-8.4677],[-55.193,-8.4538],[-55.1945,-8.4469],[-55.2043,-8.4404],[-55.2042,-8.4374],[-55.1896,-8.4206],[-55.192,-8.4074],[-55.201,-8.3955],[-55.2013,-8.3887],[-55.2078,-8.3879],[-55.2139,-8.3812],[-55.2029,-8.3661],[-55.2094,-8.3543],[-55.2042,-8.3489],[-55.1944,-8.3467],[-55.2008,-8.3345],[-55.2002,-8.3253],[-55.2076,-8.3164],[-55.2066,-8.3122],[-55.2151,-8.3065],[-55.213,-8.2992],[-55.1996,-8.2825],[-55.2007,-8.2794],[-55.2113,-8.2724],[-55.2126,-8.26],[-55.2287,-8.2522],[-55.2363,-8.2407],[-55.2372,-8.2323],[-55.2133,-8.2142],[-55.2166,-8.2081],[-55.2235,-8.205],[-55.2115,-8.1807],[-55.2019,-8.1714],[-55.2104,-8.1543],[-55.2125,-8.1422],[-55.1992,-8.1369],[-55.1967,-8.1309],[-55.1718,-8.1134],[-55.1476,-8.1137],[-55.1453,-8.1112],[-55.1503,-8.0873],[-55.1369,-8.0789],[-55.1337,-8.0685],[-55.1271,-8.0614],[-55.1341,-8.0424],[-55.1402,-8.0444],[-55.1413,-8.0373],[-55.1456,-8.0358],[-55.146,-8.0323],[-55.1354,-8.0203],[-55.1452,-8.0082],[-55.1438,-8.0041],[-55.1314,-7.9971],[-55.1345,-7.9861],[-55.1278,-7.9787],[-55.1136,-7.9702],[-55.0812,-7.9646],[-55.0687,-7.9545],[-55.0635,-7.9331],[-55.0697,-7.9248],[-55.0701,-7.9115],[-55.0799,-7.9087],[-55.0735,-7.8984],[-55.0859,-7.8844],[-55.0871,-7.8767],[-55.0719,-7.86],[-55.0548,-7.8539],[-55.0446,-7.8339],[-55.0065,-7.8168],[-55.0152,-7.7964],[-55.0089,-7.7861],[-55.0148,-7.7699],[-55.0148,-7.7516],[-55.0286,-7.7405],[-55.0786,-7.728],[-55.0927,-7.7081],[-55.1064,-7.7012],[-55.1117,-7.695],[-55.1108,-7.6771],[-55.1139,-7.6629],[-55.1105,-7.6603],[-55.0945,-7.6739],[-55.0916,-7.673],[-55.0885,-7.6616],[-55.0791,-7.6536],[-55.0894,-7.6304],[-55.0876,-7.6239],[-55.084,-7.6247],[-55.0775,-7.636],[-55.0707,-7.6361],[-55.0694,-7.6295],[-55.075,-7.621],[-55.0656,-7.6109],[-55.0817,-7.5926],[-55.0797,-7.5896],[-55.0636,-7.5874],[-55.0702,-7.5513],[-55.0642,-7.5254],[-55.0679,-7.5221],[-55.0861,-7.5196],[-55.0911,-7.5147],[-55.0947,-7.4957],[-55.0996,-7.4895],[-55.108,-7.4871],[-55.1378,-7.4931],[-55.1467,-7.4903],[-55.1624,-7.4783],[-55.1766,-7.454],[-55.173,-7.451],[-55.151,-7.4535],[-55.1476,-7.4514],[-55.1514,-7.4383],[-55.1727,-7.4169],[-55.1918,-7.4108],[-55.2099,-7.3979],[-55.1932,-7.3717],[-55.1909,-7.356],[-55.2098,-7.3303],[-55.2083,-7.3094],[-55.1969,-7.2984],[-55.1987,-7.2679],[-55.2032,-7.2614],[-55.1974,-7.2496],[-55.1991,-7.2449],[-55.2111,-7.2362],[-55.2088,-7.2258],[-55.2134,-7.2197],[-55.232,-7.2222],[-55.2447,-7.2181],[-55.235,-7.1944],[-55.2349,-7.1861],[-55.2387,-7.1759],[-55.2524,-7.1623],[-55.2392,-7.1121],[-55.2489,-7.0989],[-55.243,-7.0604],[-55.2246,-7.0493],[-55.2226,-7.0437],[-55.2229,-7.0398],[-55.2379,-7.0361],[-55.2447,-7.0267],[-55.2507,-7.0033],[-55.2462,-6.9903],[-55.2513,-6.9787],[-55.2496,-6.9744],[-55.2257,-6.9715],[-55.2263,-6.9559],[-55.2313,-6.9496],[-55.2354,-6.9281],[-55.2294,-6.9235],[-55.2222,-6.9049],[-55.2014,-6.8987],[-55.2044,-6.8918],[-55.2014,-6.8903],[-55.1934,-6.8907],[-55.1977,-6.8773],[-55.209,-6.8683],[-55.2202,-6.8472],[-55.2083,-6.8467],[-55.2029,-6.8394],[-55.2061,-6.8083],[-55.2025,-6.7932],[-55.2072,-6.7885],[-55.2094,-6.7766],[-55.2036,-6.7733],[-55.1902,-6.7719],[-55.1871,-6.7601],[-55.1777,-6.7526],[-55.1737,-6.742],[-55.1677,-6.7366],[-55.167,-6.7327],[-55.1736,-6.7278],[-55.174,-6.7149],[-55.1669,-6.685],[-55.1807,-6.6726],[-55.1877,-6.6583],[-55.177,-6.6449],[-55.1747,-6.6264],[-55.1836,-6.6158],[-55.1803,-6.6097],[-55.1834,-6.6053],[-55.1896,-6.6083],[-55.1951,-6.6029],[-55.1937,-6.593],[-55.1982,-6.5795],[-55.1914,-6.5689],[-55.1915,-6.5481],[-55.1971,-6.5442],[-55.1989,-6.5332],[-55.204,-6.5255],[-55.2143,-6.5262],[-55.2107,-6.514],[-55.2166,-6.5],[-55.2229,-6.4913],[-55.2347,-6.4881],[-55.2374,-6.4824],[-55.235,-6.4784],[-55.2464,-6.4606],[-55.2485,-6.4517],[-55.2549,-6.4515],[-55.2548,-6.4414],[-55.2377,-6.4209],[-55.2454,-6.4117],[-55.2475,-6.4031],[-55.2441,-6.3945],[-55.2513,-6.3886],[-55.2458,-6.3772],[-55.2442,-6.3604],[-55.2437,-6.3593],[-55.2421,-6.3551],[-55.2523,-6.3539],[-55.2534,-6.3442],[-55.2631,-6.3365],[-55.2782,-6.3341],[-55.3019,-6.3131],[-55.3033,-6.2891],[-55.3219,-6.2816],[-55.3291,-6.2632],[-55.3348,-6.2488],[-55.3372,-6.2088],[-55.3313,-6.1973],[-55.3124,-6.1824],[-55.3111,-6.1773],[-55.2948,-6.1741],[-55.2976,-6.1658],[-55.2932,-6.157],[-55.2973,-6.1461],[-55.3031,-6.1498],[-55.3057,-6.1437],[-55.3129,-6.142],[-55.3153,-6.1374],[-55.3219,-6.139],[-55.3252,-6.1341],[-55.3217,-6.1291],[-55.3239,-6.1198],[-55.3336,-6.108],[-55.3385,-6.0961],[-55.3374,-6.0836],[-55.3274,-6.0666],[-55.3265,-6.0526],[-55.3209,-6.0411],[-55.3091,-6.0316],[-55.3051,-6.0223],[-55.2959,-6.0229],[-55.2923,-6.0183],[-55.2889,-6.022],[-55.2905,-6.0352],[-55.2845,-6.0414],[-55.2858,-6.0564],[-55.2686,-6.0652],[-55.2719,-6.0711],[-55.2639,-6.0773],[-55.26,-6.0741],[-55.2496,-6.0792],[-55.2322,-6.0774],[-55.2183,-6.0804],[-55.2208,-6.0931],[-55.2088,-6.0885],[-55.1993,-6.097],[-55.179,-6.0913],[-55.1643,-6.0945],[-55.1619,-6.085],[-55.166,-6.0799],[-55.1571,-6.0621],[-55.1586,-6.0588],[-55.1355,-6.0499],[-55.1328,-6.0388],[-55.1205,-6.033],[-55.1021,-6.0301],[-55.1008,-6.0248],[-55.0701,-6.0084],[-55.0538,-6.0116],[-55.0548,-6.0212],[-55.0471,-6.022],[-55.0435,-6.0108],[-55.03,-6.0],[-55.0346,-5.9768],[-55.03,-5.9727],[-55.0276,-5.9548],[-55.0304,-5.9461],[-55.0231,-5.9302],[-55.0296,-5.9304],[-55.0396,-5.9231],[-55.0503,-5.9217],[-55.0588,-5.9027],[-55.0753,-5.886],[-55.0785,-5.8769],[-55.0747,-5.872],[-55.0849,-5.8485],[-55.0924,-5.841],[-55.0883,-5.8362],[-55.0892,-5.8247],[-55.0935,-5.827],[-55.0982,-5.821],[-55.1128,-5.8247],[-55.1417,-5.7942],[-55.1502,-5.7965],[-55.1564,-5.7933],[-55.1599,-5.7664],[-55.1806,-5.764],[-55.185,-5.7573],[-55.1965,-5.7549],[-55.2064,-5.7592],[-55.2086,-5.7498],[-55.2002,-5.7449],[-55.2128,-5.7336],[-55.213,-5.7098],[-55.2092,-5.7049],[-55.2129,-5.6966],[-55.2206,-5.7009],[-55.2293,-5.6837],[-55.2396,-5.6825],[-55.2436,-5.6614],[-55.2608,-5.6401],[-55.2561,-5.6358],[-55.2644,-5.6206],[-55.2823,-5.6046],[-55.2806,-5.5989],[-55.273,-5.6055],[-55.2693,-5.6069],[-55.2682,-5.6034],[-55.2737,-5.5818],[-55.2814,-5.5801],[-55.2871,-5.5689],[-55.2775,-5.5667],[-55.2714,-5.5522],[-55.2794,-5.5152],[-55.2818,-5.5088],[-55.2745,-5.5],[-55.2899,-5.4953],[-55.2881,-5.4829],[-55.294,-5.4801],[-55.2999,-5.4816],[-55.3083,-5.4715],[-55.3021,-5.4656],[-55.3011,-5.4595],[-55.3063,-5.4552],[-55.3189,-5.4535],[-55.3201,-5.4504],[-55.3131,-5.431],[-55.3272,-5.4299],[-55.3263,-5.4163],[-55.3405,-5.4072],[-55.3415,-5.4023],[-55.3482,-5.3826],[-55.3643,-5.3878],[-55.3841,-5.3855],[-55.3899,-5.3882],[-55.3942,-5.4028],[-55.4003,-5.4065],[-55.4003,-5.4097],[-55.3914,-5.4112],[-55.3858,-5.4259],[-55.4078,-5.4307],[-55.4123,-5.4215],[-55.4225,-5.4187],[-55.4391,-5.4036],[-55.4508,-5.3994],[-55.4564,-5.391],[-55.4744,-5.3825],[-55.4824,-5.3732],[-55.489,-5.371],[-55.4888,-5.3645],[-55.4787,-5.346],[-55.4863,-5.3398],[-55.4855,-5.3257],[-55.4892,-5.3162],[-55.4976,-5.3115],[-55.503,-5.2973],[-55.5479,-5.2846],[-55.5818,-5.2963],[-55.5991,-5.295],[-55.5978,-5.2889],[-55.6025,-5.2774],[-55.6191,-5.2639],[-55.6234,-5.2519],[-55.6171,-5.2402],[-55.6181,-5.2363],[-55.6133,-5.2315],[-55.6039,-5.2294],[-55.5735,-5.2317],[-55.5808,-5.2211],[-55.5812,-5.2146],[-55.5954,-5.2041],[-55.5969,-5.1985],[-55.593,-5.1958],[-55.5637,-5.19],[-55.5505,-5.2012],[-55.5412,-5.2021],[-55.5266,-5.1963],[-55.5192,-5.1879],[-55.4999,-5.1807],[-55.4879,-5.1833],[-55.4764,-5.1772],[-55.4497,-5.1776],[-55.4478,-5.1639],[-55.4544,-5.1488],[-55.4414,-5.1561],[-55.431,-5.1434],[-55.4239,-5.1409],[-55.4238,-5.1235],[-55.4023,-5.1088],[-55.3924,-5.1111],[-55.3889,-5.1167],[-55.3863,-5.1153],[-55.3924,-5.0991],[-55.3887,-5.0933],[-55.3858,-5.073],[-55.38,-5.0645],[-55.3568,-5.0532],[-55.351,-5.0463],[-55.3532,-5.0401],[-55.3652,-5.0345],[-55.3619,-5.024],[-55.3629,-5.0137],[-55.3749,-5.0105],[-55.3705,-5.0001],[-55.3867,-4.98],[-55.4069,-4.9462],[-55.4316,-4.9291],[-55.4383,-4.9185],[-55.4421,-4.9029],[-55.4344,-4.8995],[-55.4331,-4.8953],[-55.4433,-4.864],[-55.4424,-4.8443],[-55.4633,-4.8375],[-55.4639,-4.8287],[-55.4766,-4.8273],[-55.4761,-4.8193],[-55.4813,-4.8155],[-55.4897,-4.8151],[-55.4925,-4.8154],[-55.4948,-4.8086],[-55.5,-4.8049],[-55.5075,-4.8079],[-55.5125,-4.8001],[-55.5286,-4.7967],[-55.5268,-4.7842],[-55.5203,-4.7842],[-55.5091,-4.7752],[-55.5122,-4.7701],[-55.4946,-4.7657],[-55.4878,-4.7601],[-55.4896,-4.7551],[-55.4957,-4.7562],[-55.4967,-4.7452],[-55.4945,-4.7361],[-55.4823,-4.7353],[-55.4706,-4.7172],[-55.475,-4.7009],[-55.4671,-4.6961],[-55.465,-4.6905],[-55.4814,-4.6653],[-55.4785,-4.6624],[-55.4791,-4.6552],[-55.4924,-4.6497],[-55.4973,-4.62],[-55.4972,-4.62],[-55.4603,-4.6086],[-55.4524,-4.6105],[-55.4467,-4.6164],[-55.4434,-4.6297],[-55.4355,-4.6327],[-55.4267,-4.6153],[-55.4071,-4.6242],[-55.3901,-4.6487],[-55.3824,-4.6532],[-55.3758,-4.6372],[-55.358,-4.6418],[-55.3476,-4.6328],[-55.3438,-4.6339],[-55.3379,-4.6299],[-55.3175,-4.6582],[-55.3094,-4.6648],[-55.2957,-4.6678],[-55.2964,-4.678],[-55.2906,-4.6777],[-55.286,-4.6757],[-55.2808,-4.6656],[-55.2682,-4.6667],[-55.259,-4.6731],[-55.2567,-4.6575],[-55.2337,-4.6503],[-55.2219,-4.6425],[-55.205,-4.6441],[-55.1938,-4.6376],[-55.1843,-4.6374],[-55.1728,-4.6437],[-55.1548,-4.6413],[-55.15,-4.6285],[-55.1371,-4.6154],[-55.1319,-4.6016],[-55.1204,-4.6125],[-55.0952,-4.6022],[-55.0803,-4.6094],[-55.0767,-4.6004],[-55.0573,-4.5987],[-55.0465,-4.5882],[-55.0435,-4.5847],[-55.0275,-4.5852],[-55.0203,-4.5787],[-55.0131,-4.5828],[-55.0043,-4.5778],[-54.9919,-4.5853],[-54.9919,-4.5905],[-54.9849,-4.5921],[-54.9804,-4.5912],[-54.9777,-4.5842],[-54.9613,-4.5867],[-54.957,-4.5784],[-54.9502,-4.5642],[-54.9332,-4.5545],[-54.9168,-4.5288],[-54.9151,-4.5125],[-54.9228,-4.5064],[-54.929,-4.4928],[-54.9215,-4.4761],[-54.9305,-4.4645],[-54.9294,-4.4562],[-54.9224,-4.4539],[-54.8983,-4.4624],[-54.8902,-4.4597],[-54.8815,-4.4479],[-54.8554,-4.4397],[-54.8455,-4.4234],[-54.8515,-4.411],[-54.8484,-4.41],[-54.8414,-4.4099],[-54.838,-4.4171],[-54.8266,-4.4214],[-54.8234,-4.4219],[-54.8097,-4.4323],[-54.7963,-4.4633],[-54.7882,-4.4631],[-54.7764,-4.455],[-54.7636,-4.4594],[-54.7562,-4.4582],[-54.7416,-4.4682],[-54.733,-4.4635],[-54.7314,-4.4599],[-54.752,-4.4307],[-54.7351,-4.4242],[-54.7308,-4.4156],[-54.7396,-4.4113],[-54.7335,-4.4061],[-54.736,-4.4027],[-54.749,-4.3977],[-54.7528,-4.392],[-54.7499,-4.3762],[-54.744,-4.3803],[-54.7233,-4.3837],[-54.7204,-4.3754],[-54.71,-4.3657],[-54.6955,-4.3436],[-54.6847,-4.3499],[-54.6816,-4.347],[-54.6892,-4.3291],[-54.6742,-4.3156],[-54.6425,-4.3263],[-54.6317,-4.3236],[-54.632,-4.334],[-54.6088,-4.3558],[-54.6084,-4.3761],[-54.6058,-4.3798],[-54.5875,-4.3839],[-54.5815,-4.3929],[-54.5695,-4.3823],[-54.5643,-4.3717],[-54.5607,-4.3724],[-54.5573,-4.3772],[-54.5558,-4.3939],[-54.552,-4.3953],[-54.5402,-4.3829],[-54.5368,-4.3702],[-54.5244,-4.3754],[-54.5154,-4.3621],[-54.5026,-4.3581],[-54.503,-4.3482],[-54.4935,-4.3446],[-54.4973,-4.3375],[-54.5164,-4.3291],[-54.5338,-4.3329],[-54.5347,-4.328],[-54.5204,-4.3025],[-54.5159,-4.2799],[-54.51,-4.2751],[-54.5102,-4.2681],[-54.5001,-4.2638],[-54.4893,-4.251],[-54.4755,-4.2481],[-54.4625,-4.2524],[-54.4613,-4.2484],[-54.4505,-4.243],[-54.4366,-4.2665],[-54.4335,-4.2685],[-54.4222,-4.2625],[-54.419,-4.2641],[-54.4132,-4.279],[-54.4128,-4.2907],[-54.4026,-4.287],[-54.4049,-4.2926],[-54.4,-4.2964],[-54.3907,-4.2949],[-54.3704,-4.2662],[-54.3625,-4.2637],[-54.3338,-4.271],[-54.3284,-4.2833],[-54.3043,-4.2801],[-54.2999,-4.3152],[-54.2794,-4.3161],[-54.2654,-4.306],[-54.2415,-4.304],[-54.2321,-4.3135],[-54.2253,-4.304],[-54.2424,-4.292],[-54.2433,-4.2846],[-54.2113,-4.2645],[-54.2171,-4.258],[-54.2166,-4.2467],[-54.2041,-4.239],[-54.2036,-4.2349],[-54.2101,-4.2266],[-54.2019,-4.2135],[-54.1997,-4.2024],[-54.1925,-4.2013],[-54.1911,-4.1963],[-54.1969,-4.1744],[-54.1924,-4.1633],[-54.189,-4.1783],[-54.1675,-4.1928],[-54.1585,-4.2072],[-54.1373,-4.2007],[-54.1301,-4.2035],[-54.138,-4.2168],[-54.1349,-4.2283],[-54.1315,-4.2294],[-54.1205,-4.2229],[-54.1102,-4.2306],[-54.0996,-4.2315],[-54.0895,-4.2408],[-54.0811,-4.2395],[-54.0712,-4.2327],[-54.0654,-4.2187],[-54.0458,-4.2172],[-54.0426,-4.2188],[-54.042,-4.2299],[-54.0501,-4.247],[-54.0344,-4.2549],[-54.0234,-4.2665],[-54.0157,-4.2638],[-54.0126,-4.2552],[-53.9969,-4.2543],[-53.9864,-4.2423],[-53.9968,-4.222],[-53.9862,-4.2149],[-53.9794,-4.215],[-53.9722,-4.2209],[-53.9626,-4.2164],[-53.9576,-4.2113],[-53.9497,-4.2177],[-53.9423,-4.2183],[-53.9318,-4.2104],[-53.9209,-4.1942],[-53.9133,-4.1884],[-53.9066,-4.1886],[-53.9051,-4.1828],[-53.8788,-4.1888],[-53.8729,-4.201],[-53.8611,-4.1963],[-53.8543,-4.1985],[-53.8511,-4.1793],[-53.8434,-4.1669],[-53.8457,-4.1549],[-53.8395,-4.1474],[-53.8261,-4.1372],[-53.8268,-4.1276],[-53.8232,-4.1264],[-53.8083,-4.1384],[-53.7968,-4.1324],[-53.7828,-4.1296],[-53.7748,-4.1341],[-53.7637,-4.1215],[-53.7536,-4.1175],[-53.7319,-4.1161],[-53.7133,-4.1033],[-53.7041,-4.1001],[-53.6947,-4.1094],[-53.6791,-4.1075],[-53.6686,-4.1003],[-53.6659,-4.0975],[-53.66,-4.0996],[-53.6491,-4.0932],[-53.6427,-4.094],[-53.6377,-4.0999],[-53.6367,-4.1131],[-53.633,-4.114],[-53.6157,-4.1113],[-53.6098,-4.1067],[-53.6018,-4.0989],[-53.5983,-4.1085],[-53.5872,-4.1107],[-53.578,-4.122],[-53.5729,-4.1138],[-53.5758,-4.1046],[-53.5688,-4.0972],[-53.5621,-4.0961],[-53.5612,-4.0929],[-53.5706,-4.0828],[-53.5656,-4.0785],[-53.5581,-4.0777],[-53.5359,-4.0645],[-53.5059,-4.0552],[-53.5039,-4.0383],[-53.4948,-4.0317],[-53.4964,-4.0267],[-53.5139,-4.0224],[-53.5334,-4.0302],[-53.5199,-4.0045],[-53.5257,-4.0],[-53.5278,-3.9837],[-53.5185,-3.9712],[-53.5187,-3.9649],[-53.5041,-3.9633],[-53.4966,-3.9677],[-53.4914,-3.9613],[-53.4827,-3.9615],[-53.4809,-3.972],[-53.4636,-3.9782],[-53.4545,-3.9725],[-53.4493,-3.9756],[-53.4466,-3.9713],[-53.4359,-3.976],[-53.4287,-3.9724],[-53.4268,-3.9631],[-53.4184,-3.9546],[-53.4162,-3.9475],[-53.4181,-3.9435],[-53.4256,-3.9411],[-53.4304,-3.9269],[-53.4165,-3.9184],[-53.4077,-3.9009],[-53.4005,-3.897],[-53.4001,-3.897],[-53.3757,-3.8915],[-53.3594,-3.8763],[-53.3519,-3.8795],[-53.3344,-3.8721],[-53.3322,-3.857],[-53.3238,-3.8448],[-53.3306,-3.8281],[-53.3271,-3.8209],[-53.3077,-3.8192],[-53.2961,-3.8301],[-53.2674,-3.822],[-53.2537,-3.8012],[-53.2475,-3.804],[-53.246,-3.7943],[-53.2359,-3.7894],[-53.2478,-3.7578],[-53.2452,-3.7352],[-53.2237,-3.7227],[-53.2161,-3.7061],[-53.2048,-3.6952],[-53.1818,-3.6879],[-53.1786,-3.6734],[-53.1703,-3.6935],[-53.1754,-3.7067],[-53.1708,-3.7145],[-53.1961,-3.7285],[-53.1948,-3.7364],[-53.2085,-3.7449],[-53.2067,-3.7538],[-53.2094,-3.7576],[-53.2047,-3.763],[-53.2027,-3.7752],[-53.2071,-3.7875],[-53.2031,-3.794],[-53.1925,-3.7916],[-53.182,-3.8048],[-53.1695,-3.8055],[-53.163,-3.8175],[-53.16,-3.8174],[-53.1633,-3.8293],[-53.1612,-3.8346],[-53.1657,-3.8443],[-53.1631,-3.8582],[-53.1564,-3.8671],[-53.146,-3.8732],[-53.1216,-3.8642],[-53.1113,-3.8708],[-53.1074,-3.8836],[-53.0999,-3.8934],[-53.0891,-3.8958],[-53.0704,-3.8975],[-53.0576,-3.9054],[-53.0449,-3.9253],[-53.0305,-3.9264],[-53.0194,-3.934],[-53.0039,-3.9358],[-52.9896,-3.9211],[-52.9658,-3.9235],[-52.9409,-3.9117],[-52.932,-3.8937],[-52.934,-3.8835],[-52.9279,-3.8711],[-52.9133,-3.8641],[-52.8897,-3.8435],[-52.8887,-3.8387],[-52.8926,-3.84],[-52.8903,-3.8354],[-52.8804,-3.8239],[-52.8737,-3.8215],[-52.862,-3.8204],[-52.8527,-3.8277],[-52.8524,-3.8335],[-52.8357,-3.8512],[-52.8242,-3.8529],[-52.8117,-3.8599],[-52.7848,-3.8569],[-52.7678,-3.8494],[-52.7564,-3.84],[-52.7269,-3.8406],[-52.7205,-3.8304],[-52.6979,-3.8186],[-52.6781,-3.8201],[-52.6676,-3.8167],[-52.6543,-3.8196],[-52.6497,-3.8215],[-52.6245,-3.8024],[-52.6151,-3.7922],[-52.6135,-3.786],[-52.6089,-3.7787],[-52.5952,-3.7705],[-52.5829,-3.7577],[-52.5657,-3.7499],[-52.5598,-3.7505],[-52.5623,-3.7438],[-52.5523,-3.7216],[-52.5291,-3.7152],[-52.5243,-3.7197],[-52.519,-3.715],[-52.5216,-3.7083],[-52.511,-3.6959],[-52.5001,-3.6918],[-52.4856,-3.6985],[-52.4822,-3.6881],[-52.4768,-3.6888],[-52.4664,-3.6718],[-52.4631,-3.6693],[-52.4558,-3.6719],[-52.4515,-3.6624],[-52.4523,-3.6549],[-52.4491,-3.6531],[-52.4548,-3.6425],[-52.4487,-3.6173],[-52.4431,-3.6117],[-52.4356,-3.6113],[-52.4379,-3.6094],[-52.4362,-3.601],[-52.4271,-3.5935],[-52.4248,-3.5727],[-52.414,-3.5647],[-52.4044,-3.5504],[-52.3927,-3.545],[-52.3805,-3.5327],[-52.3613,-3.5352],[-52.3602,-3.5107],[-52.3528,-3.5004],[-52.3591,-3.494],[-52.3761,-3.4883],[-52.3784,-3.4725],[-52.383,-3.4679],[-52.3843,-3.46],[-52.4067,-3.432],[-52.439,-3.4174],[-52.4689,-3.4112],[-52.4724,-3.4153],[-52.4772,-3.4138],[-52.4905,-3.4162],[-52.498,-3.4242],[-52.5064,-3.4257],[-52.5113,-3.4306],[-52.5181,-3.4283],[-52.5238,-3.4325],[-52.5304,-3.4315],[-52.5351,-3.4366],[-52.5405,-3.4334],[-52.5384,-3.4247],[-52.5263,-3.4191],[-52.5197,-3.4059],[-52.5118,-3.4015],[-52.4931,-3.3899],[-52.489,-3.3848],[-52.4902,-3.3778],[-52.4972,-3.3732],[-52.4987,-3.3658],[-52.4943,-3.3546],[-52.497,-3.3467],[-52.4963,-3.3187],[-52.482,-3.2998],[-52.4816,-3.2953],[-52.4899,-3.2914],[-52.4887,-3.2819],[-52.4833,-3.2758],[-52.49,-3.2703],[-52.4964,-3.2633],[-52.497,-3.2532],[-52.4868,-3.2422],[-52.4825,-3.2238],[-52.4657,-3.222],[-52.4603,-3.2087],[-52.4651,-3.1974],[-52.4503,-3.1824],[-52.4432,-3.1638],[-52.4372,-3.1632],[-52.4141,-3.1654],[-52.3993,-3.1608],[-52.3993,-3.1487],[-52.3938,-3.1369],[-52.3963,-3.1328],[-52.3838,-3.1306],[-52.369,-3.118],[-52.3591,-3.0947],[-52.3588,-3.0751],[-52.3568,-3.0679],[-52.3501,-3.0653],[-52.344,-3.0543],[-52.3194,-3.0471],[-52.2977,-3.0333],[-52.2792,-3.0001],[-52.2728,-3.0002],[-52.265,-2.9913],[-52.2439,-2.9884],[-52.2314,-2.9941]]]}},{"type":"Feature","properties":{"nome":"Anajás","cod":"1500701","uf":"PA"},"geometry":{"type":"Polygon","coordinates":[[[-50.2332,-0.3124],[-50.1068,-0.4705],[-50.0815,-0.4685],[-50.0798,-0.4801],[-50.0759,-0.4829],[-50.0587,-0.4791],[-50.0063,-0.479],[-49.9648,-0.4931],[-49.9018,-0.5307],[-49.8509,-0.58],[-49.8349,-0.587],[-49.8201,-0.6],[-49.7749,-0.6044],[-49.7304,-0.5899],[-49.6699,-0.5541],[-49.6518,-0.5559],[-49.6334,-0.574],[-49.6037,-0.5953],[-49.58,-0.6019],[-49.5372,-0.6243],[-49.5,-0.6491],[-49.4919,-0.6643],[-49.4888,-0.6667],[-49.4858,-0.6684],[-49.484,-0.6753],[-49.4862,-0.6785],[-49.4801,-0.693],[-49.487,-0.7049],[-49.4821,-0.7126],[-49.4867,-0.7312],[-49.4993,-0.7367],[-49.4973,-0.7428],[-49.5436,-0.8756],[-49.5399,-0.8862],[-49.5413,-0.8952],[-49.5299,-0.9291],[-49.5328,-0.9365],[-49.522,-0.9478],[-49.5206,-0.9557],[-49.5258,-0.9666],[-49.5323,-0.9667],[-49.5304,-0.9699],[-49.5338,-0.976],[-49.5369,-0.976],[-49.5379,-0.9883],[-49.5439,-0.9873],[-49.5498,-0.9955],[-49.5461,-1.0122],[-49.5331,-1.0048],[-49.5205,-1.0121],[-49.5011,-1.0116],[-49.4934,-1.0211],[-49.4813,-1.0276],[-49.4818,-1.0429],[-49.4667,-1.0501],[-49.4695,-1.0534],[-49.4848,-1.0607],[-49.4997,-1.0634],[-49.5058,-1.0683],[-49.5101,-1.0857],[-49.5067,-1.1133],[-49.5144,-1.1343],[-49.5262,-1.1877],[-49.5653,-1.2107],[-49.58,-1.243],[-49.5997,-1.2668],[-49.6156,-1.2706],[-49.6545,-1.2681],[-49.67,-1.2657],[-49.6817,-1.2622],[-49.6955,-1.2405],[-49.7077,-1.2325],[-49.714,-1.2329],[-49.7348,-1.2475],[-49.7688,-1.2621],[-49.7756,-1.2606],[-49.8185,-1.2337],[-49.8399,-1.1986],[-49.8731,-1.1675],[-49.8762,-1.1613],[-49.88,-1.1076],[-49.8849,-1.0997],[-49.9008,-1.0882],[-49.9102,-1.0827],[-49.9176,-1.0835],[-49.9316,-1.0953],[-50.149,-1.0776],[-50.1933,-1.0739],[-50.2019,-1.0649],[-50.2083,-1.0661],[-50.22,-1.0615],[-50.2153,-1.0429],[-50.2211,-1.038],[-50.2254,-1.0186],[-50.235,-1.0097],[-50.2341,-1.0028],[-50.2407,-0.9952],[-50.2464,-0.9805],[-50.2657,-0.9768],[-50.2961,-0.9788],[-50.3005,-0.9754],[-50.2995,-0.9699],[-50.3028,-0.967],[-50.3213,-0.9676],[-50.3701,-0.9716],[-50.3867,-0.981],[-50.3999,-0.974],[-50.4109,-0.9772],[-50.4211,-0.9868],[-50.4213,-1.0033],[-50.4376,-1.0245],[-50.4536,-1.0122],[-50.4577,-1.0121],[-50.466,-1.0232],[-50.4722,-1.0265],[-50.484,-1.0217],[-50.5,-1.0228],[-50.5126,-1.0116],[-50.5218,-1.0119],[-50.5303,-1.0094],[-50.5336,-1.0037],[-50.5341,-0.9951],[-50.5287,-0.9803],[-50.5326,-0.9662],[-50.5251,-0.9627],[-50.5129,-0.9775],[-50.4992,-0.9801],[-50.4895,-0.9757],[-50.4829,-0.9575],[-50.472,-0.9483],[-50.4716,-0.9433],[-50.478,-0.9354],[-50.4717,-0.923],[-50.4758,-0.8939],[-50.4778,-0.8896],[-50.4876,-0.8877],[-50.4907,-0.8757],[-50.5009,-0.8741],[-50.5032,-0.8694],[-50.497,-0.8609],[-50.5003,-0.8536],[-50.4979,-0.8376],[-50.5053,-0.8316],[-50.5084,-0.824],[-50.4975,-0.7949],[-50.4838,-0.7975],[-50.4758,-0.7774],[-50.4687,-0.7567],[-50.4755,-0.7267],[-50.4661,-0.7091],[-50.4616,-0.689],[-50.4475,-0.6904],[-50.4356,-0.7039],[-50.4162,-0.7071],[-50.4064,-0.7033],[-50.4065,-0.6646],[-50.4,-0.6506],[-50.3878,-0.6428],[-50.3597,-0.6419],[-50.3578,-0.6323],[-50.3536,-0.63],[-50.3367,-0.639],[-50.3282,-0.6355],[-50.3255,-0.6238],[-50.3196,-0.6157],[-50.3251,-0.6031],[-50.3196,-0.5849],[-50.3233,-0.5761],[-50.3343,-0.5671],[-50.3283,-0.5449],[-50.3207,-0.5382],[-50.3265,-0.5219],[-50.3207,-0.5057],[-50.3236,-0.497],[-50.32,-0.4903],[-50.3076,-0.473],[-50.2893,-0.4717],[-50.2876,-0.4323],[-50.2719,-0.3978],[-50.2731,-0.355],[-50.2648,-0.3507],[-50.2689,-0.3432],[-50.2526,-0.3327],[-50.2379,-0.3128],[-50.2332,-0.3124]]]}},{"type":"Feature","properties":{"nome":"Ananindeua","cod":"1500800","uf":"PA"},"geometry":{"type":"Polygon","coordinates":[[[-48.3342,-1.2395],[-48.3354,-1.25],[-48.353,-1.2637],[-48.3387,-1.2676],[-48.3414,-1.2731],[-48.3516,-1.2787],[-48.3407,-1.2915],[-48.3494,-1.2954],[-48.3459,-1.3035],[-48.3527,-1.3098],[-48.3483,-1.3168],[-48.3396,-1.3287],[-48.3439,-1.346],[-48.362,-1.3603],[-48.3663,-1.3682],[-48.3624,-1.3789],[-48.363,-1.398],[-48.3632,-1.4064],[-48.3404,-1.4079],[-48.3326,-1.419],[-48.3325,-1.4307],[-48.3394,-1.4387],[-48.3487,-1.4391],[-48.345,-1.4509],[-48.3499,-1.4566],[-48.3624,-1.4619],[-48.3848,-1.4652],[-48.3996,-1.4645],[-48.3986,-1.4557],[-48.3999,-1.451],[-48.3842,-1.4441],[-48.3784,-1.4279],[-48.3717,-1.4247],[-48.3734,-1.4029],[-48.3833,-1.4087],[-48.3894,-1.4066],[-48.394,-1.3906],[-48.3978,-1.392],[-48.3975,-1.3995],[-48.41,-1.407],[-48.4102,-1.3933],[-48.4242,-1.4065],[-48.4246,-1.3983],[-48.4299,-1.4042],[-48.4296,-1.3888],[-48.4351,-1.3846],[-48.4213,-1.3693],[-48.4347,-1.3456],[-48.4397,-1.3439],[-48.4342,-1.3414],[-48.4287,-1.3286],[-48.4255,-1.3154],[-48.4223,-1.3136],[-48.4237,-1.3032],[-48.428,-1.2842],[-48.4131,-1.2658],[-48.4112,-1.2597],[-48.3978,-1.25],[-48.4068,-1.2307],[-48.4056,-1.226],[-48.3907,-1.2253],[-48.3809,-1.2389],[-48.374,-1.243],[-48.3651,-1.2295],[-48.3526,-1.2207],[-48.3485,-1.2323],[-48.3342,-1.2395]]]}},{"type":"Feature","properties":{"nome":"Anapu","cod":"1500859","uf":"PA"},"geometry":{"type":"Polygon","coordinates":[[[-51.4721,-2.7608],[-51.4581,-2.7719],[-51.4437,-2.7709],[-51.4401,-2.7896],[-51.4412,-2.8046],[-51.44,-2.8075],[-51.4346,-2.8064],[-51.4307,-2.8209],[-51.4164,-2.838],[-51.4078,-2.8639],[-51.4103,-2.8725],[-51.3974,-2.8769],[-51.3986,-2.8856],[-51.394,-2.8916],[-51.3624,-2.9108],[-51.3508,-2.9146],[-51.3243,-2.9447],[-51.3181,-2.9434],[-51.3165,-2.9339],[-51.3046,-2.9316],[-51.275,-2.9589],[-51.2667,-2.9607],[-51.2486,-2.9727],[-51.2368,-2.9744],[-51.2099,-2.9991],[-51.1509,-3.0219],[-51.1547,-3.0261],[-51.1549,-3.0417],[-51.1663,-3.0515],[-51.1654,-3.0596],[-51.1697,-3.0653],[-51.1863,-3.0688],[-51.1924,-3.0647],[-51.1973,-3.0682],[-51.1462,-3.1157],[-51.1425,-3.1233],[-51.1461,-3.1322],[-51.1578,-3.1414],[-51.1676,-3.141],[-51.1741,-3.158],[-51.1877,-3.1598],[-51.1903,-3.1545],[-51.1975,-3.1521],[-51.2028,-3.1582],[-51.2089,-3.1557],[-51.2126,-3.1654],[-51.2285,-3.1742],[-51.2269,-3.1806],[-51.2385,-3.1999],[-51.2381,-3.2077],[-51.2442,-3.2145],[-51.2445,-3.224],[-51.2536,-3.2264],[-51.2562,-3.2307],[-51.2551,-3.2378],[-51.2455,-3.2446],[-51.2531,-3.2595],[-51.2534,-3.2687],[-51.2605,-3.2709],[-51.2661,-3.3056],[-51.2637,-3.3201],[-51.2619,-3.3285],[-51.2468,-3.3501],[-51.2498,-3.3662],[-51.2375,-3.3725],[-51.2306,-3.3847],[-51.2323,-3.3941],[-51.2281,-3.4066],[-51.2239,-3.4128],[-51.2097,-3.4209],[-51.2108,-3.4295],[-51.2074,-3.4341],[-51.2002,-3.4446],[-51.1795,-3.4525],[-51.1669,-3.4483],[-51.1667,-3.5181],[-51.1663,-3.6565],[-51.1663,-3.6667],[-51.2008,-3.6665],[-51.2037,-3.6699],[-51.201,-3.6761],[-51.2033,-3.6932],[-51.212,-3.6974],[-51.2147,-3.7066],[-51.2117,-3.7283],[-51.2146,-3.7278],[-51.2167,-3.7342],[-51.2222,-3.7365],[-51.2289,-3.7428],[-51.2284,-3.7618],[-51.2343,-3.7692],[-51.2286,-3.7813],[-51.2391,-3.7926],[-51.2349,-3.8013],[-51.2362,-3.8122],[-51.2435,-3.8208],[-51.2494,-3.8366],[-51.2465,-3.8409],[-51.2485,-3.8501],[-51.253,-3.8598],[-51.2593,-3.8634],[-51.2564,-3.8717],[-51.2726,-3.8802],[-51.2769,-3.8936],[-51.2856,-3.8961],[-51.2975,-3.9107],[-51.2945,-3.9144],[-51.2962,-3.9241],[-51.2904,-3.9272],[-51.2906,-3.9321],[-51.2869,-3.9347],[-51.2886,-3.9376],[-51.2837,-3.9432],[-51.2818,-3.9551],[-51.2645,-3.9636],[-51.2654,-3.9687],[-51.2555,-3.9722],[-51.2541,-3.9805],[-51.2478,-3.9845],[-51.2498,-3.9914],[-51.2441,-3.9946],[-51.2473,-3.996],[-51.2447,-4.0141],[-51.2514,-4.022],[-51.2484,-4.0261],[-51.2502,-4.0299],[-51.2404,-4.0289],[-51.2394,-4.0312],[-51.2322,-4.0275],[-51.2273,-4.0304],[-51.2213,-4.038],[-51.2243,-4.0427],[-51.2099,-4.0605],[-51.2064,-4.0786],[-51.1981,-4.0762],[-51.1906,-4.0828],[-51.1828,-4.0788],[-51.1691,-4.0774],[-51.1604,-4.0723],[-51.1468,-4.0817],[-51.1327,-4.08],[-51.1309,-4.0831],[-51.1287,-4.0805],[-51.1256,-4.0849],[-51.1157,-4.0815],[-51.1076,-4.0962],[-51.1069,-4.1158],[-51.091,-4.1426],[-51.0861,-4.1618],[-51.0718,-4.1669],[-51.0729,-4.1855],[-51.0696,-4.1993],[-51.0488,-4.23],[-51.0371,-4.232],[-51.0184,-4.2106],[-51.0097,-4.2137],[-51.0066,-4.2193],[-51.0001,-4.211],[-50.9966,-4.2128],[-50.9841,-4.2439],[-50.9943,-4.2622],[-50.9933,-4.2709],[-50.9857,-4.2731],[-50.9883,-4.2809],[-50.9817,-4.2899],[-50.9845,-4.3046],[-50.9815,-4.3155],[-50.9848,-4.3318],[-50.9957,-4.3463],[-50.9945,-4.3603],[-50.978,-4.3614],[-50.9784,-4.3758],[-50.9734,-4.3846],[-50.9628,-4.375],[-50.9539,-4.3723],[-50.9414,-4.3779],[-50.9295,-4.3877],[-50.9225,-4.3998],[-50.9181,-4.4009],[-50.9176,-4.4055],[-50.9,-4.412],[-50.8961,-4.4298],[-50.8793,-4.4472],[-50.8854,-4.4658],[-50.9027,-4.4701],[-50.9087,-4.4829],[-50.9063,-4.4955],[-50.9022,-4.498],[-50.8945,-4.4932],[-50.8895,-4.5],[-50.9009,-4.517],[-50.8983,-4.5439],[-50.9044,-4.5621],[-50.8997,-4.5658],[-50.9001,-4.5726],[-50.8942,-4.5816],[-50.9115,-4.6192],[-50.9197,-4.6256],[-50.9186,-4.6325],[-50.9143,-4.6415],[-50.9168,-4.656],[-50.909,-4.6688],[-50.9032,-4.6717],[-50.9059,-4.6743],[-50.9051,-4.6874],[-50.9109,-4.6878],[-50.9223,-4.6775],[-50.9299,-4.6836],[-50.9322,-4.7133],[-50.9231,-4.7117],[-50.9111,-4.7203],[-50.9063,-4.7314],[-50.9164,-4.7377],[-50.9161,-4.7493],[-50.9323,-4.753],[-50.9448,-4.752],[-50.9472,-4.7548],[-50.9258,-4.7783],[-50.9261,-4.7842],[-50.9336,-4.7907],[-50.9267,-4.8022],[-50.9276,-4.8114],[-50.9202,-4.8165],[-50.9234,-4.829],[-50.9177,-4.8383],[-50.9118,-4.8643],[-50.8966,-4.8684],[-50.8958,-4.8747],[-50.8929,-4.8753],[-50.8842,-4.8704],[-50.8796,-4.8609],[-50.858,-4.8685],[-50.8593,-4.8996],[-50.8467,-4.909],[-50.8496,-4.9232],[-50.8527,-4.9334],[-50.8548,-4.9406],[-50.8507,-4.9555],[-50.8519,-4.9661],[-50.8578,-4.9745],[-50.8671,-4.9784],[-50.8691,-4.9849],[-50.8601,-4.9931],[-50.8596,-5.0],[-50.8778,-5.037],[-50.8846,-5.037],[-50.8882,-5.0431],[-50.8871,-5.049],[-50.8838,-5.0503],[-50.8841,-5.0628],[-50.8894,-5.0665],[-50.8902,-5.0803],[-50.9015,-5.0917],[-50.8949,-5.1123],[-50.8986,-5.1182],[-50.9113,-5.1186],[-50.9201,-5.1272],[-50.9319,-5.1442],[-50.9297,-5.1502],[-51.0,-5.1502],[-51.0005,-5.1502],[-51.4474,-5.1498],[-51.4345,-5.1413],[-51.4343,-5.1364],[-51.4224,-5.1351],[-51.4125,-5.1253],[-51.4111,-5.103],[-51.4041,-5.0939],[-51.4124,-5.0918],[-51.4135,-5.0734],[-51.4267,-5.0679],[-51.431,-5.0549],[-51.4317,-5.029],[-51.4394,-5.0145],[-51.4531,-5.006],[-51.4569,-4.9939],[-51.4578,-4.982],[-51.4624,-4.98],[-51.4657,-4.9731],[-51.4559,-4.9462],[-51.4486,-4.9452],[-51.4433,-4.9258],[-51.4417,-4.9208],[-51.4204,-4.913],[-51.4071,-4.8985],[-51.3979,-4.8818],[-51.3957,-4.8738],[-51.3988,-4.8671],[-51.3957,-4.8585],[-51.3628,-4.8192],[-51.3497,-4.7922],[-51.3513,-4.7802],[-51.3442,-4.7697],[-51.3363,-4.7399],[-51.3226,-4.7361],[-51.3115,-4.7156],[-51.3165,-4.6639],[-51.3213,-4.6562],[-51.3364,-4.6483],[-51.341,-4.642],[-51.3512,-4.6314],[-51.3433,-4.6156],[-51.345,-4.6018],[-51.3551,-4.5893],[-51.3585,-4.5795],[-51.384,-4.5489],[-51.3921,-4.5454],[-51.3911,-4.5265],[-51.3853,-4.517],[-51.3796,-4.5149],[-51.3752,-4.5175],[-51.3708,-4.5281],[-51.3583,-4.5248],[-51.3639,-4.5002],[-51.3624,-4.4901],[-51.3595,-4.4848],[-51.3419,-4.4756],[-51.3359,-4.4662],[-51.3371,-4.4572],[-51.3445,-4.4514],[-51.348,-4.4512],[-51.3581,-4.4614],[-51.3663,-4.4636],[-51.3783,-4.4583],[-51.3829,-4.4541],[-51.3811,-4.4457],[-51.3651,-4.4277],[-51.3482,-4.4314],[-51.3285,-4.42],[-51.3211,-4.4086],[-51.3293,-4.4001],[-51.3326,-4.3883],[-51.3381,-4.3823],[-51.3329,-4.3668],[-51.3473,-4.3565],[-51.3557,-4.3352],[-51.3431,-4.3059],[-51.3602,-4.2888],[-51.3644,-4.2722],[-51.377,-4.2472],[-51.3709,-4.2432],[-51.3643,-4.2496],[-51.3586,-4.2449],[-51.3737,-4.2215],[-51.3706,-4.1916],[-51.3798,-4.1733],[-51.3843,-4.1534],[-51.395,-4.1471],[-51.3988,-4.1246],[-51.3952,-4.1151],[-51.3995,-4.1036],[-51.4106,-4.0956],[-51.4171,-4.0828],[-51.4111,-4.0747],[-51.4068,-4.0604],[-51.3896,-4.0488],[-51.3836,-4.0302],[-51.3955,-4.0047],[-51.3883,-3.986],[-51.3929,-3.9738],[-51.4122,-3.9737],[-51.422,-3.9613],[-51.4224,-3.9473],[-51.418,-3.9395],[-51.41,-3.9387],[-51.41,-3.9268],[-51.4063,-3.9182],[-51.4131,-3.9029],[-51.4061,-3.8927],[-51.4088,-3.8886],[-51.4126,-3.889],[-51.4218,-3.8909],[-51.4347,-3.8836],[-51.4606,-3.8838],[-51.5003,-3.8608],[-51.5088,-3.8665],[-51.5259,-3.8648],[-51.5268,-3.8591],[-51.5178,-3.8415],[-51.5234,-3.8212],[-51.5087,-3.8068],[-51.5089,-3.7963],[-51.505,-3.7899],[-51.5066,-3.7835],[-51.5189,-3.7688],[-51.5226,-3.7759],[-51.5336,-3.7793],[-51.5468,-3.7903],[-51.564,-3.7981],[-51.5843,-3.7836],[-51.5906,-3.7828],[-51.6003,-3.7696],[-51.6003,-3.7603],[-51.5964,-3.7572],[-51.5842,-3.7607],[-51.5721,-3.7301],[-51.5637,-3.7247],[-51.5578,-3.7101],[-51.5478,-3.6978],[-51.5449,-3.6844],[-51.5525,-3.6624],[-51.5757,-3.6508],[-51.5742,-3.6376],[-51.5847,-3.5859],[-51.6125,-3.5614],[-51.6221,-3.5792],[-51.6363,-3.5785],[-51.6592,-3.5712],[-51.6742,-3.5594],[-51.681,-3.5471],[-51.6934,-3.5418],[-51.6967,-3.5337],[-51.7114,-3.5363],[-51.7093,-3.5255],[-51.7135,-3.5044],[-51.7433,-3.5043],[-51.7472,-3.5043],[-51.8025,-3.5023],[-51.8024,-3.4977],[-51.8084,-3.4941],[-51.8073,-3.4894],[-51.7942,-3.4831],[-51.7676,-3.4879],[-51.759,-3.4797],[-51.7225,-3.4867],[-51.7231,-3.4766],[-51.7122,-3.466],[-51.7179,-3.4514],[-51.7298,-3.4381],[-51.7294,-3.4437],[-51.7366,-3.4308],[-51.751,-3.423],[-51.7478,-3.4038],[-51.7518,-3.3923],[-51.7464,-3.3754],[-51.7395,-3.3731],[-51.7374,-3.3663],[-51.7403,-3.3601],[-51.7371,-3.3513],[-51.7577,-3.3425],[-51.7667,-3.3351],[-51.7662,-3.3314],[-51.7363,-3.3218],[-51.7315,-3.3121],[-51.7285,-3.312],[-51.7301,-3.3067],[-51.7159,-3.301],[-51.7206,-3.2912],[-51.7139,-3.2892],[-51.7129,-3.284],[-51.7152,-3.2843],[-51.7084,-3.2809],[-51.7151,-3.2691],[-51.7122,-3.2633],[-51.7026,-3.2625],[-51.699,-3.2572],[-51.7015,-3.2475],[-51.6933,-3.2431],[-51.6894,-3.2406],[-51.6852,-3.2434],[-51.687,-3.2463],[-51.6699,-3.2564],[-51.6573,-3.2574],[-51.6526,-3.2506],[-51.6467,-3.2535],[-51.6309,-3.252],[-51.6181,-3.1889],[-51.6092,-3.1506],[-51.6406,-3.155],[-51.6593,-3.1542],[-51.6676,-3.1584],[-51.6744,-3.1583],[-51.6665,-3.157],[-51.67,-3.1549],[-51.6843,-3.1566],[-51.6863,-3.1504],[-51.6762,-3.1482],[-51.6791,-3.1473],[-51.6775,-3.1428],[-51.6766,-3.1459],[-51.671,-3.1408],[-51.6699,-3.132],[-51.6918,-3.1271],[-51.6953,-3.1263],[-51.7029,-3.1248],[-51.703,-3.1248],[-51.7181,-3.1253],[-51.7167,-3.1232],[-51.7236,-3.1171],[-51.7238,-3.1102],[-51.7314,-3.1056],[-51.7431,-3.1031],[-51.7509,-3.1073],[-51.7455,-3.0972],[-51.7304,-3.0852],[-51.726,-3.0864],[-51.7207,-3.0824],[-51.7262,-3.0796],[-51.7261,-3.0764],[-51.7106,-3.0502],[-51.6952,-3.0268],[-51.6876,-3.0247],[-51.6782,-3.0102],[-51.6682,-3.0088],[-51.6622,-3.0131],[-51.6451,-3.0154],[-51.6369,-3.0145],[-51.6328,-3.0099],[-51.6204,-3.0227],[-51.6094,-3.0177],[-51.6235,-3.0063],[-51.6266,-2.9956],[-51.6259,-2.9834],[-51.6317,-2.9696],[-51.6519,-2.9569],[-51.683,-2.9135],[-51.688,-2.8996],[-51.6934,-2.8586],[-51.7044,-2.8548],[-51.7317,-2.8562],[-51.7437,-2.8516],[-51.7478,-2.8451],[-51.7339,-2.8137],[-51.7194,-2.7959],[-51.7137,-2.7928],[-51.6989,-2.794],[-51.6845,-2.7792],[-51.662,-2.7811],[-51.6441,-2.7692],[-51.6353,-2.767],[-51.5716,-2.7651],[-51.5513,-2.7522],[-51.5275,-2.744],[-51.5035,-2.746],[-51.4721,-2.7608]]]}},{"type":"Feature","properties":{"nome":"Augusto Corrêa","cod":"1500909","uf":"PA"},"geometry":{"type":"Polygon","coordinates":[[[-46.4357,-1.0093],[-46.4461,-1.01],[-46.4505,-1.0091],[-46.4373,-1.0011],[-46.435,-1.0033],[-46.4357,-1.0093]],[[-46.3749,-1.0111],[-46.3808,-1.013],[-46.3844,-1.0],[-46.3829,-0.994],[-46.3741,-0.9872],[-46.3704,-0.9911],[-46.3753,-0.996],[-46.3749,-1.0111]],[[-46.468,-0.964],[-46.475,-0.9642],[-46.4688,-0.9577],[-46.4651,-0.9595],[-46.468,-0.964]],[[-46.3621,-0.9601],[-46.3666,-0.9614],[-46.3661,-0.9501],[-46.3609,-0.9511],[-46.3658,-0.9563],[-46.3621,-0.9601]],[[-46.3959,-0.943],[-46.4046,-0.9572],[-46.4072,-0.9556],[-46.4118,-0.9706],[-46.4371,-0.9862],[-46.436,-0.9784],[-46.4333,-0.9667],[-46.414,-0.9446],[-46.416,-0.9322],[-46.408,-0.9297],[-46.4021,-0.9326],[-46.3959,-0.943]],[[-46.4266,-0.8576],[-46.4179,-0.8711],[-46.4185,-0.8822],[-46.4229,-0.8911],[-46.4393,-0.9051],[-46.4471,-0.9041],[-46.4488,-0.8975],[-46.4563,-0.8993],[-46.4683,-0.913],[-46.4679,-0.9202],[-46.4791,-0.9244],[-46.4834,-0.9307],[-46.4814,-0.933],[-46.4731,-0.928],[-46.4684,-0.9351],[-46.4725,-0.9391],[-46.4652,-0.9425],[-46.4717,-0.9482],[-46.4804,-0.9433],[-46.4739,-0.9559],[-46.4825,-0.9615],[-46.4926,-0.9604],[-46.4908,-0.964],[-46.4999,-0.973],[-46.4704,-0.9705],[-46.464,-0.9757],[-46.4641,-0.9994],[-46.4718,-1.0041],[-46.4772,-0.9976],[-46.4863,-1.0],[-46.4779,-1.0099],[-46.4798,-1.0199],[-46.473,-1.0165],[-46.4715,-1.0226],[-46.4753,-1.0332],[-46.4826,-1.0374],[-46.476,-1.0429],[-46.4702,-1.051],[-46.4683,-1.053],[-46.4703,-1.0388],[-46.465,-1.0292],[-46.4536,-1.0318],[-46.4514,-1.0279],[-46.4606,-1.024],[-46.4608,-1.0172],[-46.4445,-1.0204],[-46.4267,-1.0135],[-46.4125,-1.0194],[-46.4122,-1.0395],[-46.416,-1.0494],[-46.425,-1.047],[-46.4298,-1.0528],[-46.4283,-1.065],[-46.4254,-1.0648],[-46.4238,-1.0645],[-46.426,-1.0541],[-46.4204,-1.0519],[-46.4083,-1.0615],[-46.4107,-1.0563],[-46.4062,-1.0437],[-46.4075,-1.0264],[-46.4099,-1.0174],[-46.4237,-1.006],[-46.4185,-1.0047],[-46.4188,-0.9961],[-46.4097,-0.9957],[-46.4024,-0.989],[-46.3985,-0.9908],[-46.39,-0.9868],[-46.3924,-1.0168],[-46.3818,-1.0336],[-46.3822,-1.0416],[-46.3807,-1.0447],[-46.3749,-1.0519],[-46.3721,-1.0505],[-46.3771,-1.037],[-46.3772,-1.0187],[-46.373,-1.0241],[-46.3574,-0.9982],[-46.3494,-0.9949],[-46.3443,-0.9962],[-46.3461,-1.0],[-46.3364,-1.0154],[-46.3334,-1.0418],[-46.3475,-1.063],[-46.3482,-1.0713],[-46.3431,-1.0748],[-46.3468,-1.0864],[-46.3428,-1.1029],[-46.353,-1.1311],[-46.3512,-1.1356],[-46.358,-1.1399],[-46.3604,-1.147],[-46.3605,-1.1533],[-46.3707,-1.1586],[-46.3783,-1.1751],[-46.3859,-1.1936],[-46.388,-1.2087],[-46.3846,-1.2118],[-46.4,-1.2234],[-46.4091,-1.2303],[-46.4633,-1.2712],[-46.4857,-1.2881],[-46.548,-1.3351],[-46.5728,-1.304],[-46.6013,-1.2682],[-46.6342,-1.2268],[-46.6345,-1.2257],[-46.6276,-1.2215],[-46.6266,-1.2108],[-46.6204,-1.2025],[-46.6153,-1.1851],[-46.626,-1.1496],[-46.6514,-1.1098],[-46.6526,-1.0892],[-46.6533,-1.0779],[-46.654,-1.0665],[-46.6577,-1.0333],[-46.6614,-1.0316],[-46.6593,-1.0259],[-46.6457,-1.0109],[-46.6488,-1.0012],[-46.6392,-0.9863],[-46.6374,-0.965],[-46.6159,-0.9541],[-46.6064,-0.9542],[-46.6014,-0.951],[-46.597,-0.9705],[-46.5927,-0.9745],[-46.5847,-0.9763],[-46.5805,-0.9737],[-46.5681,-0.9473],[-46.5646,-0.9478],[-46.5641,-0.9389],[-46.5565,-0.9322],[-46.5606,-0.928],[-46.5596,-0.9186],[-46.5599,-0.9077],[-46.5506,-0.9036],[-46.5421,-0.9173],[-46.5465,-0.9254],[-46.5435,-0.9292],[-46.5428,-0.9579],[-46.5383,-0.9721],[-46.5405,-0.9786],[-46.5367,-0.9773],[-46.5306,-0.9573],[-46.5356,-0.9586],[-46.5357,-0.948],[-46.5249,-0.9468],[-46.5285,-0.9535],[-46.5178,-0.945],[-46.5313,-0.9305],[-46.5229,-0.9181],[-46.5217,-0.9222],[-46.5185,-0.9194],[-46.5208,-0.9054],[-46.5127,-0.8964],[-46.507,-0.8964],[-46.5084,-0.8898],[-46.5119,-0.8885],[-46.5106,-0.8839],[-46.4998,-0.8741],[-46.4962,-0.8762],[-46.4842,-0.8728],[-46.4744,-0.8809],[-46.4705,-0.8864],[-46.4714,-0.891],[-46.4664,-0.8948],[-46.4546,-0.874],[-46.4497,-0.8699],[-46.4411,-0.8699],[-46.4412,-0.8657],[-46.4493,-0.8621],[-46.4266,-0.8576]]]}},{"type":"Feature","properties":{"nome":"Aurora do Pará","cod":"1500958","uf":"PA"},"geometry":{"type":"Polygon","coordinates":[[[-47.582,-2.1072],[-47.5696,-2.1119],[-47.5599,-2.1033],[-47.5587,-2.1028],[-47.5545,-2.101],[-47.5458,-2.1064],[-47.5361,-2.1288],[-47.5282,-2.131],[-47.5159,-2.1242],[-47.5106,-2.1296],[-47.5102,-2.146],[-47.5152,-2.159],[-47.5172,-2.1693],[-47.5143,-2.1841],[-47.5039,-2.192],[-47.494,-2.2062],[-47.4572,-2.2156],[-47.4484,-2.2265],[-47.4287,-2.2361],[-47.4234,-2.2483],[-47.4221,-2.2653],[-47.429,-2.2786],[-47.4284,-2.2944],[-47.4481,-2.3249],[-47.4562,-2.3289],[-47.4394,-2.3584],[-47.437,-2.3701],[-47.445,-2.39],[-47.4388,-2.4071],[-47.4447,-2.4082],[-47.4522,-2.4017],[-47.4628,-2.3868],[-47.4626,-2.3789],[-47.4676,-2.3697],[-47.4818,-2.3679],[-47.4885,-2.3618],[-47.4971,-2.3669],[-47.5106,-2.3602],[-47.5143,-2.3703],[-47.5198,-2.3731],[-47.531,-2.3734],[-47.5388,-2.3667],[-47.5499,-2.373],[-47.5511,-2.3702],[-47.5498,-2.3579],[-47.5551,-2.3459],[-47.5653,-2.3444],[-47.6059,-2.3561],[-47.6208,-2.374],[-47.6273,-2.3748],[-47.6357,-2.3681],[-47.6473,-2.3646],[-47.6501,-2.361],[-47.6489,-2.35],[-47.6543,-2.3453],[-47.6689,-2.3407],[-47.6875,-2.326],[-47.699,-2.3199],[-47.7041,-2.3163],[-47.7041,-2.307],[-47.709,-2.3008],[-47.7173,-2.3017],[-47.7248,-2.3069],[-47.7306,-2.3058],[-47.7349,-2.3093],[-47.7368,-2.3227],[-47.7458,-2.3263],[-47.7624,-2.3317],[-47.7702,-2.3395],[-47.78,-2.3408],[-47.7896,-2.348],[-47.7933,-2.3476],[-47.793,-2.3442],[-47.7921,-2.3372],[-47.7975,-2.3312],[-47.8208,-2.3266],[-47.8271,-2.3227],[-47.8283,-2.3081],[-47.8358,-2.3003],[-47.8385,-2.2994],[-47.8425,-2.313],[-47.857,-2.3209],[-47.8863,-2.3205],[-47.932,-2.3271],[-47.9437,-2.3319],[-47.9493,-2.3383],[-47.9628,-2.3916],[-47.9864,-2.4158],[-47.9844,-2.4223],[-47.9596,-2.4408],[-47.9551,-2.4476],[-47.9535,-2.4677],[-47.9457,-2.4888],[-47.9516,-2.5167],[-47.9587,-2.5171],[-47.981,-2.5056],[-47.9899,-2.5089],[-47.9962,-2.5182],[-48.0041,-2.5202],[-48.0188,-2.5004],[-48.0226,-2.4943],[-48.0446,-2.4978],[-48.0486,-2.4935],[-48.0463,-2.473],[-48.0301,-2.4433],[-48.0312,-2.4399],[-48.0494,-2.4308],[-48.0489,-2.4276],[-48.0391,-2.4224],[-48.0313,-2.4075],[-48.0236,-2.4077],[-48.0213,-2.4047],[-48.0218,-2.4017],[-48.0368,-2.3933],[-48.0541,-2.3629],[-48.051,-2.35],[-48.053,-2.34],[-48.0473,-2.3276],[-48.0396,-2.32],[-48.0257,-2.3148],[-48.0237,-2.3123],[-48.0266,-2.3022],[-48.0272,-2.2929],[-48.0201,-2.293],[-48.012,-2.2903],[-48.0035,-2.2645],[-47.9883,-2.2589],[-47.9856,-2.2534],[-47.9907,-2.2372],[-47.9967,-2.2294],[-47.9944,-2.2234],[-47.9667,-2.2214],[-47.9585,-2.2216],[-47.952,-2.2257],[-47.9425,-2.2257],[-47.9424,-2.2148],[-47.9358,-2.1956],[-47.9318,-2.1903],[-47.9222,-2.1871],[-47.8924,-2.1809],[-47.8774,-2.1736],[-47.8493,-2.1718],[-47.8408,-2.1538],[-47.836,-2.123],[-47.8284,-2.1096],[-47.8118,-2.0937],[-47.8027,-2.066],[-47.8051,-2.0562],[-47.7936,-2.0388],[-47.7885,-2.0376],[-47.7737,-2.0352],[-47.7555,-2.0199],[-47.7454,-2.0005],[-47.5866,-1.9999],[-47.5864,-2.0059],[-47.5796,-2.0071],[-47.5775,-2.0109],[-47.5773,-2.0158],[-47.5823,-2.0174],[-47.5831,-2.0215],[-47.5789,-2.0666],[-47.582,-2.1072]]]}},{"type":"Feature","properties":{"nome":"Aveiro","cod":"1501006","uf":"PA"},"geometry":{"type":"Polygon","coordinates":[[[-55.3353,-3.2212],[-55.3281,-3.2269],[-55.3158,-3.2262],[-55.2955,-3.2395],[-55.2334,-3.2416],[-55.1757,-3.2432],[-55.1372,-3.249],[-55.054,-3.232],[-55.0444,-3.2365],[-55.0369,-3.2544],[-55.0462,-3.2692],[-55.0556,-3.3101],[-55.0872,-3.3287],[-55.0856,-3.3369],[-55.0776,-3.3481],[-55.0804,-3.3509],[-55.0793,-3.3631],[-55.0872,-3.3998],[-55.1215,-3.4304],[-55.1255,-3.4397],[-55.1198,-3.4582],[-55.1013,-3.4762],[-55.1037,-3.482],[-55.1136,-3.489],[-55.1134,-3.4928],[-55.0935,-3.5053],[-55.0917,-3.5098],[-55.1034,-3.5245],[-55.0955,-3.5314],[-55.1151,-3.5421],[-55.1173,-3.5594],[-55.1153,-3.5732],[-55.1273,-3.5878],[-55.1376,-3.5886],[-55.1429,-3.6202],[-55.1608,-3.6305],[-55.1617,-3.6413],[-55.172,-3.6475],[-55.172,-3.6507],[-55.1503,-3.6709],[-55.1738,-3.6964],[-55.1647,-3.702],[-55.1607,-3.7123],[-55.1379,-3.733],[-55.1361,-3.74],[-55.1258,-3.7528],[-55.1174,-3.7842],[-55.1506,-3.811],[-55.1502,-3.828],[-55.1548,-3.8441],[-55.154,-3.8513],[-55.1451,-3.8411],[-55.1425,-3.8428],[-55.1478,-3.8558],[-55.1461,-3.8657],[-55.1746,-3.879],[-55.1838,-3.8766],[-55.1921,-3.8832],[-55.2027,-3.8819],[-55.2186,-3.8948],[-55.2363,-3.8899],[-55.2504,-3.8905],[-55.2617,-3.907],[-55.2783,-3.9209],[-55.3141,-3.9157],[-55.3186,-3.9221],[-55.3253,-3.9248],[-55.3198,-3.9326],[-55.3237,-3.9408],[-55.3206,-3.9582],[-55.3103,-3.9557],[-55.3083,-3.9622],[-55.3104,-3.9755],[-55.3151,-3.9796],[-55.3141,-3.9827],[-55.3048,-3.9823],[-55.3046,-3.9851],[-55.3133,-3.9901],[-55.2989,-4.0001],[-55.3092,-4.0185],[-55.3083,-4.0283],[-55.3187,-4.0305],[-55.3151,-4.0434],[-55.3232,-4.044],[-55.3255,-4.0488],[-55.3206,-4.0488],[-55.315,-4.0545],[-55.3003,-4.0552],[-55.2972,-4.0611],[-55.2848,-4.0586],[-55.2862,-4.0636],[-55.3004,-4.0697],[-55.3008,-4.0731],[-55.3056,-4.0803],[-55.3114,-4.0726],[-55.3159,-4.0726],[-55.3166,-4.0773],[-55.4535,-4.1264],[-55.53,-4.1534],[-55.5571,-4.1477],[-55.5643,-4.141],[-55.5595,-4.1174],[-55.5643,-4.0779],[-55.5584,-4.0622],[-55.5581,-4.0513],[-55.561,-4.0478],[-55.5572,-4.0249],[-55.5579,-4.0198],[-55.5645,-4.0178],[-55.5742,-4.005],[-55.5744,-4.0],[-55.5687,-3.9943],[-55.5744,-3.9936],[-55.5814,-4.0058],[-55.6032,-4.0219],[-55.6229,-4.0596],[-55.6538,-4.0904],[-55.6699,-4.0852],[-55.6715,-4.0732],[-55.6979,-4.0553],[-55.7066,-4.0557],[-55.7209,-4.05],[-55.7262,-4.0438],[-55.7251,-4.032],[-55.7405,-4.0144],[-55.7429,-4.0031],[-55.7462,-4.001],[-55.7503,-4.0045],[-55.7567,-4.0032],[-55.7615,-4.0059],[-55.7686,-4.0029],[-55.7759,-4.0095],[-55.7897,-4.0051],[-55.8018,-4.0113],[-55.8111,-4.0109],[-55.8263,-4.017],[-55.8378,-4.0144],[-55.8403,-4.0017],[-55.8463,-3.999],[-55.8456,-3.992],[-55.8426,-3.9828],[-55.8462,-3.9728],[-55.8401,-3.9657],[-55.834,-3.9638],[-55.8401,-3.951],[-55.8513,-3.9467],[-55.8536,-3.9281],[-55.8639,-3.9288],[-55.8657,-3.9199],[-55.8747,-3.9076],[-55.8844,-3.9039],[-55.8969,-3.9347],[-55.9034,-3.9316],[-55.9062,-3.9245],[-55.9157,-3.9408],[-55.9221,-3.9423],[-55.9246,-3.9404],[-55.9173,-3.9295],[-55.9189,-3.9259],[-55.9292,-3.9246],[-55.9217,-3.9191],[-55.9265,-3.9107],[-55.9288,-3.9078],[-55.9232,-3.8961],[-55.9259,-3.8938],[-55.9399,-3.9015],[-55.9467,-3.8994],[-55.9542,-3.8879],[-55.9539,-3.8769],[-55.9583,-3.8714],[-55.9794,-3.8709],[-55.984,-3.862],[-55.9917,-3.8622],[-55.9943,-3.8656],[-56.0042,-3.8628],[-56.0108,-3.8544],[-56.0273,-3.8554],[-56.0259,-3.8803],[-56.0316,-3.8888],[-56.0371,-3.9098],[-56.059,-3.9186],[-56.0705,-3.9398],[-56.0796,-3.9425],[-56.0855,-3.9408],[-56.0874,-3.9467],[-56.113,-3.9619],[-56.1333,-3.9676],[-56.1334,-3.974],[-56.1547,-3.9831],[-56.1554,-3.9892],[-56.1526,-3.9913],[-56.1432,-3.9884],[-56.1412,-3.9944],[-56.1374,-3.9935],[-56.1368,-3.9964],[-56.1431,-4.0043],[-56.1556,-4.0089],[-56.1664,-4.0225],[-56.1719,-4.017],[-56.1776,-4.0268],[-56.1719,-4.0293],[-56.1748,-4.0349],[-56.1894,-4.045],[-56.1992,-4.0691],[-56.1984,-4.0722],[-56.1847,-4.0776],[-56.1916,-4.0869],[-56.1899,-4.0996],[-56.203,-4.1055],[-56.2064,-4.112],[-56.219,-4.114],[-56.2247,-4.1104],[-56.2356,-4.118],[-56.2355,-4.1241],[-56.2414,-4.128],[-56.2413,-4.1314],[-56.232,-4.1435],[-56.2374,-4.1553],[-56.2524,-4.1584],[-56.2575,-4.1627],[-56.2579,-4.1762],[-56.2621,-4.1775],[-56.2689,-4.17],[-56.2686,-4.1601],[-56.2833,-4.1594],[-56.2963,-4.1692],[-56.3069,-4.1726],[-56.3205,-4.162],[-56.3277,-4.1585],[-56.335,-4.153],[-56.3414,-4.1555],[-56.3459,-4.1425],[-56.3523,-4.1421],[-56.353,-4.1356],[-56.3601,-4.1332],[-56.3856,-4.1361],[-56.3937,-4.1309],[-56.4008,-4.1305],[-56.4049,-4.1355],[-56.4135,-4.1316],[-56.426,-4.134],[-56.4267,-4.1398],[-56.4333,-4.1467],[-56.4436,-4.1394],[-56.4463,-4.145],[-56.4556,-4.1427],[-56.4713,-4.1276],[-56.4768,-4.1308],[-56.4752,-4.1404],[-56.4799,-4.1528],[-56.4892,-4.1498],[-56.4881,-4.1407],[-56.5176,-4.1511],[-56.5161,-4.1585],[-56.5276,-4.1661],[-56.5281,-4.1737],[-56.5323,-4.1753],[-56.526,-4.1932],[-56.5295,-4.1986],[-56.5188,-4.2046],[-56.5194,-4.2081],[-56.5278,-4.2068],[-56.5265,-4.2335],[-56.5322,-4.241],[-56.5474,-4.2437],[-56.555,-4.2534],[-56.5509,-4.2999],[-56.5542,-4.3],[-56.561,-4.2879],[-56.5676,-4.2925],[-56.5802,-4.2928],[-56.5907,-4.3047],[-56.6073,-4.3039],[-56.618,-4.2981],[-56.628,-4.3011],[-56.6442,-4.2689],[-56.648,-4.2683],[-56.6543,-4.2564],[-56.6518,-4.2497],[-56.6537,-4.2462],[-56.661,-4.2425],[-56.6716,-4.2456],[-56.6698,-4.2354],[-56.6788,-4.2324],[-56.7032,-4.247],[-56.7084,-4.2457],[-56.7104,-4.2409],[-56.7126,-4.2279],[-56.7157,-4.2261],[-56.7157,-4.2019],[-56.7252,-4.1864],[-56.7224,-4.1751],[-56.7273,-4.1707],[-56.726,-4.1631],[-56.7318,-4.1574],[-56.7329,-4.1463],[-56.7312,-4.1337],[-56.7243,-4.1305],[-56.7257,-4.1137],[-56.7206,-4.1049],[-56.7268,-4.0992],[-56.7278,-4.0923],[-56.7209,-4.0829],[-56.7357,-4.0624],[-56.7489,-4.0608],[-56.7424,-4.0464],[-56.7518,-4.0244],[-56.7614,-4.0204],[-56.7659,-4.0143],[-56.776,-4.0092],[-56.7868,-4.0123],[-56.7978,-4.0105],[-56.8043,-4.0128],[-56.8147,-4.0097],[-56.8225,-4.012],[-56.8276,-3.9999],[-56.8229,-3.9832],[-56.8257,-3.9709],[-56.8234,-3.9544],[-56.8333,-3.9516],[-56.8409,-3.9307],[-56.8549,-3.9319],[-56.877,-3.9187],[-56.8766,-3.8936],[-56.8803,-3.8821],[-56.877,-3.867],[-56.881,-3.855],[-56.8725,-3.8241],[-56.8951,-3.8159],[-56.8971,-3.8072],[-56.8944,-3.7928],[-56.9013,-3.7836],[-56.9021,-3.7738],[-56.9069,-3.7694],[-56.9035,-3.7629],[-56.9057,-3.745],[-56.8939,-3.7291],[-56.8871,-3.7044],[-56.8972,-3.6881],[-56.948,-3.6665],[-56.9556,-3.6583],[-56.9551,-3.6572],[-56.9133,-3.5619],[-56.8868,-3.4987],[-56.8319,-3.3817],[-56.8318,-3.3814],[-56.8096,-3.3326],[-56.7674,-3.2425],[-56.7611,-3.2514],[-56.7327,-3.3263],[-56.7329,-3.333],[-56.7244,-3.3432],[-56.7019,-3.3571],[-56.6973,-3.356],[-56.6751,-3.3504],[-56.3441,-3.2644],[-55.8852,-3.251],[-55.3747,-3.2359],[-55.3576,-3.2347],[-55.3436,-3.2208],[-55.3353,-3.2212]]]}},{"type":"Feature","properties":{"nome":"Bagre","cod":"1501105","uf":"PA"},"geometry":{"type":"Polygon","coordinates":[[[-50.3,-1.8052],[-50.2921,-1.806],[-50.2533,-1.8057],[-50.2174,-1.8066],[-50.204,-1.8114],[-50.196,-1.8241],[-50.1846,-1.8302],[-50.1486,-1.8204],[-50.1311,-1.8146],[-50.1276,-1.8253],[-50.1149,-1.8425],[-50.11,-1.858],[-50.0876,-1.861],[-50.0851,-1.8702],[-50.0886,-1.8786],[-50.0861,-1.8818],[-50.0742,-1.882],[-50.0702,-1.9017],[-50.0565,-1.9081],[-50.0559,-1.9203],[-50.0618,-1.9251],[-50.0572,-1.9347],[-50.0704,-1.9477],[-50.0699,-1.9594],[-50.0611,-1.9733],[-50.0685,-1.986],[-50.0727,-1.9859],[-50.0749,-1.9901],[-50.0783,-2.019],[-50.0693,-2.0339],[-50.0767,-2.0626],[-50.0745,-2.0691],[-50.0615,-2.0783],[-50.0563,-2.095],[-50.0687,-2.1104],[-50.1149,-2.1393],[-50.1144,-2.1468],[-50.1015,-2.1689],[-50.1036,-2.1825],[-50.1091,-2.2012],[-50.1016,-2.2107],[-50.0858,-2.224],[-50.0788,-2.2483],[-50.084,-2.2864],[-50.1036,-2.3162],[-50.1073,-2.3348],[-50.1112,-2.365],[-50.1091,-2.4103],[-50.1042,-2.4213],[-50.077,-2.4555],[-50.0724,-2.4719],[-50.0725,-2.4865],[-50.059,-2.5044],[-50.0579,-2.5105],[-50.0537,-2.5159],[-50.0482,-2.5161],[-50.0194,-2.5081],[-50.0005,-2.508],[-49.9831,-2.5185],[-49.97,-2.5408],[-49.966,-2.5743],[-49.9749,-2.6211],[-49.9739,-2.6345],[-49.9678,-2.6483],[-49.9453,-2.6694],[-49.9432,-2.6759],[-49.9404,-2.7084],[-49.9425,-2.75],[-49.9356,-2.7745],[-49.9139,-2.8081],[-49.8858,-2.8364],[-49.8525,-2.849],[-49.849,-2.8573],[-49.8471,-2.9307],[-49.8709,-2.9639],[-49.8963,-2.9885],[-49.8952,-2.9978],[-49.8987,-3.0033],[-49.9071,-3.0064],[-49.9025,-3.0151],[-49.9086,-3.0378],[-49.9056,-3.0528],[-49.9005,-3.059],[-49.9017,-3.0645],[-49.9107,-3.0741],[-49.9083,-3.0866],[-49.9151,-3.0948],[-49.9307,-3.0974],[-49.9426,-3.12],[-49.969,-3.1399],[-49.974,-3.1551],[-49.9704,-3.1622],[-49.9829,-3.1576],[-49.9835,-3.1445],[-49.9944,-3.1319],[-50.0064,-3.127],[-50.0031,-3.1095],[-50.0064,-3.0964],[-50.0206,-3.0741],[-50.0689,-3.0359],[-50.0775,-3.0353],[-50.0855,-3.032],[-50.11,-3.0002],[-50.1104,-2.9937],[-50.1047,-2.9857],[-50.0879,-2.9724],[-50.0842,-2.9645],[-50.0853,-2.961],[-50.103,-2.9565],[-50.1153,-2.9474],[-50.1075,-2.9262],[-50.095,-2.9195],[-50.0946,-2.9121],[-50.1014,-2.9039],[-50.0943,-2.8966],[-50.0934,-2.885],[-50.1099,-2.8796],[-50.1182,-2.8718],[-50.1243,-2.8505],[-50.1412,-2.8236],[-50.1478,-2.6807],[-50.1464,-2.6722],[-50.1385,-2.6681],[-50.1363,-2.6633],[-50.1404,-2.6531],[-50.1307,-2.6524],[-50.132,-2.6452],[-50.1444,-2.626],[-50.1529,-2.6192],[-50.1598,-2.5925],[-50.1814,-2.5699],[-50.189,-2.5467],[-50.1963,-2.5349],[-50.2137,-2.5229],[-50.2755,-2.5052],[-50.2849,-2.4942],[-50.2915,-2.475],[-50.314,-2.4524],[-50.3252,-2.4185],[-50.3494,-2.3839],[-50.3644,-2.3355],[-50.3769,-2.3176],[-50.3888,-2.3094],[-50.3956,-2.2929],[-50.4059,-2.2802],[-50.4127,-2.2576],[-50.4334,-2.24],[-50.4502,-2.2174],[-50.4618,-2.2103],[-50.4853,-2.2042],[-50.5085,-2.188],[-50.5203,-2.1419],[-50.519,-2.1251],[-50.5298,-2.1031],[-50.534,-2.0841],[-50.5332,-2.0688],[-50.5413,-2.0642],[-50.5478,-2.0487],[-50.5557,-2.0401],[-50.5573,-2.0304],[-50.5638,-2.0275],[-50.5629,-2.02],[-50.5709,-2.016],[-50.5592,-1.9884],[-50.5578,-1.9854],[-50.5447,-1.9753],[-50.542,-1.9688],[-50.5255,-1.9707],[-50.5185,-1.9611],[-50.4849,-1.9647],[-50.4836,-1.9597],[-50.467,-1.947],[-50.454,-1.9316],[-50.4387,-1.9317],[-50.4308,-1.9352],[-50.4092,-1.9327],[-50.3827,-1.9126],[-50.2908,-1.8495],[-50.2853,-1.8377],[-50.2853,-1.828],[-50.2896,-1.8169],[-50.3,-1.8052]]]}},{"type":"Feature","properties":{"nome":"Baião","cod":"1501204","uf":"PA"},"geometry":{"type":"Polygon","coordinates":[[[-49.3861,-2.6825],[-49.3924,-2.6883],[-49.3918,-2.7026],[-49.3991,-2.7146],[-49.4251,-2.7121],[-49.4369,-2.7143],[-49.4609,-2.7347],[-49.4676,-2.7459],[-49.4691,-2.7875],[-49.4613,-2.7987],[-49.4668,-2.8174],[-49.4649,-2.8573],[-49.4492,-2.8697],[-49.4532,-2.8911],[-49.473,-2.9013],[-49.4876,-2.9215],[-49.4954,-2.9261],[-49.5337,-2.9312],[-49.5621,-2.9391],[-49.5876,-2.9675],[-49.6068,-2.9794],[-49.6097,-2.988],[-49.623,-3.0005],[-49.6237,-3.0269],[-49.629,-3.0491],[-49.6158,-3.0884],[-49.5634,-3.1203],[-49.5577,-3.1281],[-49.5476,-3.1591],[-49.542,-3.1653],[-49.5251,-3.1706],[-49.5319,-3.1961],[-49.5236,-3.2517],[-49.5228,-3.2601],[-49.5056,-3.2891],[-49.5061,-3.3051],[-49.4906,-3.3245],[-49.484,-3.3521],[-49.4812,-3.3558],[-49.4652,-3.3597],[-49.46,-3.3673],[-49.4644,-3.3823],[-49.463,-3.3898],[-49.4721,-3.4149],[-49.4833,-3.4149],[-49.5862,-3.4148],[-49.5894,-3.4148],[-49.5904,-3.4148],[-49.6025,-3.4174],[-49.6098,-3.4265],[-49.6125,-3.4456],[-49.6105,-3.4538],[-49.6086,-3.4726],[-49.5972,-3.5127],[-49.6011,-3.5193],[-49.6107,-3.5204],[-49.6171,-3.5134],[-49.6206,-3.5139],[-49.6267,-3.5174],[-49.6285,-3.5213],[-49.6261,-3.5232],[-49.6369,-3.5295],[-49.6375,-3.5249],[-49.6569,-3.5289],[-49.6624,-3.5348],[-49.6686,-3.5542],[-49.6667,-3.5647],[-49.6719,-3.5827],[-49.685,-3.5913],[-49.6949,-3.5941],[-49.701,-3.5909],[-49.7137,-3.5923],[-49.7264,-3.5991],[-49.747,-3.5939],[-49.7601,-3.6029],[-49.7627,-3.6117],[-49.7704,-3.6198],[-49.782,-3.6257],[-49.8038,-3.6251],[-49.8181,-3.6321],[-49.8295,-3.6321],[-49.83,-3.6325],[-49.8436,-3.6457],[-49.8546,-3.6429],[-49.8605,-3.6451],[-49.8661,-3.6567],[-49.8749,-3.6654],[-49.8905,-3.6597],[-49.9091,-3.6599],[-49.9267,-3.6684],[-49.9394,-3.666],[-49.9537,-3.6732],[-49.9563,-3.666],[-49.9651,-3.6606],[-49.9361,-3.6503],[-49.9403,-3.6413],[-49.9337,-3.6336],[-49.9261,-3.6324],[-49.9286,-3.6171],[-49.9154,-3.6068],[-49.9008,-3.5922],[-49.8913,-3.5885],[-49.8858,-3.5896],[-49.88,-3.599],[-49.8759,-3.5981],[-49.8749,-3.5788],[-49.8696,-3.576],[-49.8584,-3.579],[-49.8469,-3.5753],[-49.8257,-3.558],[-49.8055,-3.5327],[-49.8085,-3.5185],[-49.8187,-3.5155],[-49.8174,-3.509],[-49.8028,-3.5],[-49.803,-3.4894],[-49.8078,-3.4807],[-49.8163,-3.476],[-49.8157,-3.4679],[-49.8236,-3.4545],[-49.8362,-3.4469],[-49.8386,-3.421],[-49.8351,-3.4159],[-49.834,-3.4037],[-49.848,-3.3947],[-49.8529,-3.3919],[-49.8662,-3.3934],[-49.8719,-3.3852],[-49.9026,-3.3674],[-49.908,-3.353],[-49.9081,-3.3253],[-49.9224,-3.3044],[-49.9213,-3.2811],[-49.9336,-3.2588],[-49.9359,-3.2483],[-49.9302,-3.2279],[-49.9344,-3.22],[-49.9485,-3.2098],[-49.9654,-3.2103],[-49.9718,-3.2],[-49.9727,-3.191],[-49.9671,-3.1666],[-49.9704,-3.1622],[-49.974,-3.1551],[-49.969,-3.1399],[-49.9426,-3.12],[-49.9307,-3.0974],[-49.9151,-3.0948],[-49.9083,-3.0866],[-49.9107,-3.0741],[-49.9017,-3.0645],[-49.9005,-3.059],[-49.9056,-3.0528],[-49.9086,-3.0378],[-49.9025,-3.0151],[-49.9071,-3.0064],[-49.8987,-3.0033],[-49.8952,-2.9978],[-49.8963,-2.9885],[-49.8462,-2.9774],[-49.8132,-2.9625],[-49.8047,-2.9523],[-49.7967,-2.9247],[-49.7864,-2.8744],[-49.7823,-2.8322],[-49.7789,-2.8089],[-49.7701,-2.7882],[-49.7869,-2.7589],[-49.789,-2.7405],[-49.7839,-2.7319],[-49.7704,-2.7215],[-49.7648,-2.7099],[-49.7389,-2.7069],[-49.7383,-2.6912],[-49.7381,-2.6799],[-49.733,-2.6658],[-49.6833,-2.6656],[-49.6869,-2.6717],[-49.6764,-2.686],[-49.6785,-2.6658],[-49.6762,-2.6631],[-49.5867,-2.6627],[-49.5864,-2.6626],[-49.5067,-2.6626],[-49.486,-2.6628],[-49.3861,-2.6636],[-49.3861,-2.6825]]]}},{"type":"Feature","properties":{"nome":"Bannach","cod":"1501253","uf":"PA"},"geometry":{"type":"Polygon","coordinates":[[[-50.4923,-7.1928],[-50.4765,-7.2039],[-50.4721,-7.2002],[-50.4599,-7.2091],[-50.4578,-7.22],[-50.427,-7.2301],[-50.4168,-7.2399],[-50.4052,-7.2216],[-50.3878,-7.2247],[-50.3828,-7.2298],[-50.3759,-7.2524],[-50.3747,-7.2685],[-50.3832,-7.2828],[-50.3782,-7.2876],[-50.3906,-7.3047],[-50.3976,-7.3059],[-50.4036,-7.3184],[-50.3986,-7.3373],[-50.3977,-7.3425],[-50.3848,-7.344],[-50.3836,-7.3522],[-50.3811,-7.3658],[-50.3888,-7.377],[-50.3889,-7.3868],[-50.3821,-7.3979],[-50.3856,-7.4048],[-50.3921,-7.4069],[-50.3883,-7.4145],[-50.3907,-7.4248],[-50.3881,-7.4329],[-50.3727,-7.4366],[-50.3647,-7.4425],[-50.3702,-7.4469],[-50.3681,-7.4493],[-50.3584,-7.452],[-50.3618,-7.4721],[-50.3675,-7.4799],[-50.3473,-7.484],[-50.346,-7.5],[-50.3492,-7.5057],[-50.3576,-7.5089],[-50.354,-7.5173],[-50.3603,-7.5201],[-50.3661,-7.5319],[-50.3784,-7.5329],[-50.3851,-7.5419],[-50.3816,-7.5456],[-50.3724,-7.5431],[-50.3661,-7.5505],[-50.3679,-7.5751],[-50.3626,-7.5755],[-50.3579,-7.5824],[-50.3489,-7.5865],[-50.3409,-7.6005],[-50.3418,-7.6338],[-50.3525,-7.6411],[-50.3449,-7.6441],[-50.3448,-7.653],[-50.3409,-7.6579],[-50.3743,-7.6529],[-50.3866,-7.6451],[-50.3928,-7.6508],[-50.3905,-7.6676],[-50.3938,-7.6746],[-50.4171,-7.6953],[-50.4383,-7.6971],[-50.4497,-7.7145],[-50.4682,-7.7233],[-50.4745,-7.7379],[-50.4811,-7.7449],[-50.5089,-7.7557],[-50.5112,-7.7655],[-50.5252,-7.7522],[-50.5356,-7.7535],[-50.5406,-7.7472],[-50.5583,-7.747],[-50.5639,-7.7385],[-50.5799,-7.7289],[-50.5916,-7.7279],[-50.6184,-7.7092],[-50.6254,-7.7145],[-50.6325,-7.7061],[-50.6349,-7.7004],[-50.6454,-7.7133],[-50.663,-7.7123],[-50.6711,-7.7255],[-50.6794,-7.728],[-50.6852,-7.7362],[-50.6981,-7.7307],[-50.7156,-7.7301],[-50.7268,-7.7433],[-50.7356,-7.7434],[-50.7362,-7.7368],[-50.7469,-7.7207],[-50.7435,-7.7003],[-50.7516,-7.6968],[-50.7579,-7.6986],[-50.7704,-7.6802],[-50.7668,-7.6682],[-50.7675,-7.6565],[-50.7776,-7.6359],[-50.7947,-7.6426],[-50.8016,-7.6521],[-50.808,-7.6532],[-50.817,-7.6424],[-50.8297,-7.638],[-50.8257,-7.6269],[-50.8318,-7.6121],[-50.8539,-7.6128],[-50.863,-7.6056],[-50.876,-7.6059],[-50.8838,-7.586],[-50.8916,-7.5889],[-50.8986,-7.5968],[-50.9127,-7.5958],[-50.9173,-7.6039],[-50.9284,-7.5985],[-50.9355,-7.6107],[-50.9393,-7.6146],[-50.9432,-7.606],[-50.9418,-7.5885],[-50.9568,-7.5819],[-50.9626,-7.5818],[-50.9639,-7.5537],[-50.9694,-7.5503],[-50.9687,-7.5408],[-50.976,-7.5393],[-50.9788,-7.5257],[-50.9858,-7.5183],[-50.9845,-7.5106],[-50.985,-7.5057],[-50.996,-7.4923],[-50.9896,-7.4804],[-50.9849,-7.4511],[-50.9936,-7.4374],[-50.9937,-7.4209],[-50.9843,-7.4054],[-50.9739,-7.3996],[-50.9716,-7.3731],[-50.9661,-7.37],[-50.953,-7.3742],[-50.9458,-7.3705],[-50.9437,-7.3674],[-50.9483,-7.3611],[-50.9455,-7.3552],[-50.9364,-7.3475],[-50.9307,-7.3508],[-50.9326,-7.3537],[-50.9296,-7.3532],[-50.9255,-7.3424],[-50.9282,-7.3352],[-50.9219,-7.3316],[-50.8929,-7.3376],[-50.8726,-7.3298],[-50.8657,-7.3309],[-50.8649,-7.3274],[-50.8511,-7.3205],[-50.8394,-7.3211],[-50.8368,-7.3216],[-50.8267,-7.3231],[-50.8196,-7.3157],[-50.8115,-7.3176],[-50.8017,-7.3279],[-50.7895,-7.3321],[-50.7829,-7.3401],[-50.7641,-7.35],[-50.7577,-7.3462],[-50.7484,-7.347],[-50.7462,-7.3416],[-50.7408,-7.3418],[-50.7379,-7.3483],[-50.7321,-7.3476],[-50.7229,-7.3401],[-50.7215,-7.3271],[-50.7126,-7.3316],[-50.706,-7.327],[-50.6984,-7.3283],[-50.6988,-7.3222],[-50.683,-7.3241],[-50.6737,-7.3215],[-50.6738,-7.3132],[-50.661,-7.3122],[-50.6606,-7.3027],[-50.6571,-7.2978],[-50.6509,-7.2966],[-50.6447,-7.286],[-50.6385,-7.2726],[-50.6188,-7.2499],[-50.6121,-7.2468],[-50.6138,-7.2382],[-50.6104,-7.2298],[-50.6029,-7.2335],[-50.5982,-7.23],[-50.5871,-7.233],[-50.5828,-7.2292],[-50.5757,-7.2364],[-50.5671,-7.2321],[-50.5621,-7.2333],[-50.554,-7.2181],[-50.542,-7.2087],[-50.534,-7.2043],[-50.528,-7.2059],[-50.5204,-7.197],[-50.5087,-7.1926],[-50.4923,-7.1928]]]}},{"type":"Feature","properties":{"nome":"Barcarena","cod":"1501303","uf":"PA"},"geometry":{"type":"Polygon","coordinates":[[[-48.4815,-1.568],[-48.4562,-1.6202],[-48.4543,-1.6229],[-48.4394,-1.6491],[-48.4411,-1.6555],[-48.4467,-1.6591],[-48.4713,-1.6628],[-48.4895,-1.6763],[-48.5158,-1.6732],[-48.5224,-1.6751],[-48.5316,-1.6862],[-48.53,-1.699],[-48.5648,-1.6971],[-48.6599,-1.692],[-48.6601,-1.6917],[-48.6602,-1.6917],[-48.6758,-1.6856],[-48.6834,-1.6886],[-48.7017,-1.6803],[-48.71,-1.6596],[-48.7194,-1.6488],[-48.7293,-1.6451],[-48.7318,-1.6272],[-48.7402,-1.6163],[-48.7422,-1.6135],[-48.746,-1.6145],[-48.7459,-1.6111],[-48.7542,-1.6113],[-48.7663,-1.6013],[-48.7811,-1.6047],[-48.7913,-1.6011],[-48.7913,-1.605],[-48.804,-1.6078],[-48.8125,-1.6017],[-48.8237,-1.5821],[-48.8324,-1.5595],[-48.837,-1.5211],[-48.8172,-1.5078],[-48.768,-1.4655],[-48.7626,-1.4563],[-48.7382,-1.3968],[-48.7019,-1.322],[-48.6935,-1.3089],[-48.6705,-1.267],[-48.6512,-1.2317],[-48.624,-1.1918],[-48.6114,-1.2245],[-48.5946,-1.2548],[-48.5678,-1.2923],[-48.5537,-1.3135],[-48.5452,-1.3528],[-48.5227,-1.3816],[-48.5148,-1.394],[-48.5117,-1.4082],[-48.5109,-1.4201],[-48.5157,-1.4424],[-48.5178,-1.4682],[-48.513,-1.4826],[-48.5088,-1.4933],[-48.5106,-1.5182],[-48.5091,-1.5258],[-48.5058,-1.5262],[-48.5075,-1.5302],[-48.4998,-1.5446],[-48.4815,-1.568]]]}},{"type":"Feature","properties":{"nome":"Belém","cod":"1501402","uf":"PA"},"geometry":{"type":"Polygon","coordinates":[[[-48.3526,-1.2207],[-48.3651,-1.2295],[-48.374,-1.243],[-48.3809,-1.2389],[-48.3907,-1.2253],[-48.4056,-1.226],[-48.4068,-1.2307],[-48.3978,-1.25],[-48.4112,-1.2597],[-48.4131,-1.2658],[-48.428,-1.2842],[-48.4237,-1.3032],[-48.4223,-1.3136],[-48.4255,-1.3154],[-48.4287,-1.3286],[-48.4342,-1.3414],[-48.4397,-1.3439],[-48.4347,-1.3456],[-48.4213,-1.3693],[-48.4351,-1.3846],[-48.4296,-1.3888],[-48.4299,-1.4042],[-48.4246,-1.3983],[-48.4242,-1.4065],[-48.4102,-1.3933],[-48.41,-1.407],[-48.3975,-1.3995],[-48.3978,-1.392],[-48.394,-1.3906],[-48.3894,-1.4066],[-48.3833,-1.4087],[-48.3734,-1.4029],[-48.3717,-1.4247],[-48.3784,-1.4279],[-48.3842,-1.4441],[-48.3999,-1.451],[-48.3986,-1.4557],[-48.3996,-1.4645],[-48.3848,-1.4652],[-48.3624,-1.4619],[-48.3499,-1.4566],[-48.345,-1.4509],[-48.3433,-1.4555],[-48.3315,-1.4625],[-48.3313,-1.4666],[-48.334,-1.4707],[-48.3546,-1.4703],[-48.3627,-1.4758],[-48.3724,-1.4896],[-48.3878,-1.4937],[-48.4029,-1.5052],[-48.4165,-1.5099],[-48.4349,-1.5098],[-48.4532,-1.52],[-48.4641,-1.5222],[-48.4781,-1.5174],[-48.4962,-1.5029],[-48.4993,-1.5044],[-48.4999,-1.5178],[-48.5058,-1.5262],[-48.5091,-1.5258],[-48.5106,-1.5182],[-48.5088,-1.4933],[-48.513,-1.4826],[-48.5178,-1.4682],[-48.5157,-1.4424],[-48.5109,-1.4201],[-48.5117,-1.4082],[-48.5148,-1.394],[-48.5227,-1.3816],[-48.5452,-1.3528],[-48.5537,-1.3135],[-48.5678,-1.2923],[-48.5946,-1.2548],[-48.6114,-1.2245],[-48.624,-1.1918],[-48.6071,-1.1718],[-48.5971,-1.1619],[-48.5862,-1.151],[-48.5476,-1.111],[-48.5135,-1.0664],[-48.4999,-1.0488],[-48.4926,-1.0381],[-48.4691,-1.0191],[-48.3233,-1.0593],[-48.3155,-1.082],[-48.3014,-1.106],[-48.2959,-1.1241],[-48.2987,-1.1438],[-48.3018,-1.1561],[-48.322,-1.1811],[-48.3338,-1.1971],[-48.3445,-1.2049],[-48.3526,-1.2207]]]}},{"type":"Feature","properties":{"nome":"Belterra","cod":"1501451","uf":"PA"},"geometry":{"type":"Polygon","coordinates":[[[-54.9547,-2.5501],[-54.9579,-2.5703],[-54.8824,-2.5703],[-54.8424,-2.5702],[-54.8296,-2.5702],[-54.8297,-2.5937],[-54.8132,-2.6064],[-54.8065,-2.6215],[-54.8088,-2.6398],[-54.7991,-2.645],[-54.832,-2.6547],[-54.832,-2.68],[-54.8322,-2.7752],[-54.8322,-2.7793],[-54.8325,-2.9231],[-54.8325,-2.929],[-54.8326,-2.9528],[-54.8327,-2.9802],[-54.8338,-3.2825],[-54.8336,-3.378],[-54.8333,-3.5558],[-54.8684,-3.5608],[-54.8686,-3.5608],[-54.8945,-3.5629],[-54.908,-3.5763],[-54.9126,-3.5861],[-54.9164,-3.6],[-54.9049,-3.6536],[-54.9092,-3.6792],[-54.9219,-3.6992],[-54.9524,-3.7261],[-54.9512,-3.7488],[-54.9442,-3.7737],[-54.947,-3.7962],[-54.9434,-3.8088],[-54.9624,-3.8155],[-54.9651,-3.8259],[-54.9778,-3.8341],[-54.9745,-3.8429],[-54.9803,-3.8473],[-55.0029,-3.8527],[-55.0172,-3.8614],[-55.0179,-3.8649],[-55.0081,-3.873],[-55.0073,-3.8841],[-55.002,-3.8918],[-55.0123,-3.9058],[-55.0175,-3.921],[-55.0162,-3.9382],[-55.0196,-3.9469],[-55.0256,-3.9456],[-55.0243,-3.9302],[-55.028,-3.9231],[-55.0346,-3.926],[-55.0398,-3.924],[-55.0493,-3.93],[-55.055,-3.9217],[-55.0717,-3.9197],[-55.0727,-3.926],[-55.0656,-3.9301],[-55.0629,-3.936],[-55.0729,-3.9372],[-55.0801,-3.9324],[-55.0846,-3.9189],[-55.0933,-3.9121],[-55.0877,-3.8853],[-55.0955,-3.8756],[-55.0928,-3.8723],[-55.1072,-3.8673],[-55.1236,-3.8713],[-55.1256,-3.8637],[-55.1292,-3.863],[-55.1461,-3.8657],[-55.1478,-3.8558],[-55.1425,-3.8428],[-55.1451,-3.8411],[-55.154,-3.8513],[-55.1548,-3.8441],[-55.1502,-3.828],[-55.1506,-3.811],[-55.1174,-3.7842],[-55.1258,-3.7528],[-55.1361,-3.74],[-55.1379,-3.733],[-55.1607,-3.7123],[-55.1647,-3.702],[-55.1738,-3.6964],[-55.1503,-3.6709],[-55.172,-3.6507],[-55.172,-3.6475],[-55.1617,-3.6413],[-55.1608,-3.6305],[-55.1429,-3.6202],[-55.1376,-3.5886],[-55.1273,-3.5878],[-55.1153,-3.5732],[-55.1173,-3.5594],[-55.1151,-3.5421],[-55.0955,-3.5314],[-55.1034,-3.5245],[-55.0917,-3.5098],[-55.0935,-3.5053],[-55.1134,-3.4928],[-55.1136,-3.489],[-55.1037,-3.482],[-55.1013,-3.4762],[-55.1198,-3.4582],[-55.1255,-3.4397],[-55.1215,-3.4304],[-55.0872,-3.3998],[-55.0793,-3.3631],[-55.0804,-3.3509],[-55.0776,-3.3481],[-55.0856,-3.3369],[-55.0872,-3.3287],[-55.0556,-3.3101],[-55.0462,-3.2692],[-55.0369,-3.2544],[-55.0444,-3.2365],[-55.054,-3.232],[-55.1372,-3.249],[-55.1757,-3.2432],[-55.2334,-3.2416],[-55.2056,-3.1571],[-55.1861,-3.0903],[-55.1698,-3.0061],[-55.1452,-2.9427],[-55.1266,-2.9005],[-55.1008,-2.8125],[-55.0932,-2.7489],[-55.0871,-2.7195],[-55.0595,-2.5583],[-55.0579,-2.549],[-54.9743,-2.5471],[-54.9547,-2.5501]]]}},{"type":"Feature","properties":{"nome":"Benevides","cod":"1501501","uf":"PA"},"geometry":{"type":"Polygon","coordinates":[[[-48.3354,-1.25],[-48.3312,-1.2562],[-48.328,-1.2562],[-48.3216,-1.251],[-48.3094,-1.2514],[-48.3055,-1.2609],[-48.2983,-1.2575],[-48.2971,-1.2639],[-48.2872,-1.263],[-48.2595,-1.2729],[-48.2578,-1.2808],[-48.2497,-1.2859],[-48.2432,-1.2943],[-48.2302,-1.295],[-48.2228,-1.277],[-48.2245,-1.2635],[-48.2178,-1.255],[-48.207,-1.2568],[-48.2174,-1.3076],[-48.2254,-1.3467],[-48.2255,-1.3475],[-48.2303,-1.3807],[-48.245,-1.3989],[-48.2308,-1.4137],[-48.231,-1.4199],[-48.2369,-1.432],[-48.2548,-1.4453],[-48.2599,-1.4664],[-48.2926,-1.4702],[-48.2846,-1.4362],[-48.2869,-1.4256],[-48.2842,-1.4175],[-48.2885,-1.4089],[-48.2769,-1.3938],[-48.2879,-1.372],[-48.2964,-1.3636],[-48.293,-1.3522],[-48.3015,-1.3355],[-48.3194,-1.3237],[-48.3238,-1.3233],[-48.3293,-1.3279],[-48.3396,-1.3287],[-48.3483,-1.3168],[-48.3527,-1.3098],[-48.3459,-1.3035],[-48.3494,-1.2954],[-48.3407,-1.2915],[-48.3516,-1.2787],[-48.3414,-1.2731],[-48.3387,-1.2676],[-48.353,-1.2637],[-48.3354,-1.25]]]}},{"type":"Feature","properties":{"nome":"Bom Jesus do Tocantins","cod":"1501576","uf":"PA"},"geometry":{"type":"Polygon","coordinates":[[[-48.7606,-4.7439],[-48.7561,-4.7474],[-48.7362,-4.7447],[-48.7342,-4.7539],[-48.7128,-4.7664],[-48.7095,-4.7725],[-48.6985,-4.7801],[-48.6894,-4.7797],[-48.6746,-4.7698],[-48.6526,-4.8035],[-48.6318,-4.8071],[-48.6125,-4.8134],[-48.5376,-4.9083],[-48.524,-4.9265],[-48.5267,-4.9371],[-48.5248,-4.9527],[-48.5327,-4.9771],[-48.5267,-4.9924],[-48.5322,-5.0028],[-48.5236,-5.0167],[-48.5235,-5.0167],[-48.5138,-5.0228],[-48.5186,-5.0295],[-48.5173,-5.0382],[-48.5044,-5.0654],[-48.4927,-5.0746],[-48.482,-5.0951],[-48.4636,-5.0989],[-48.4515,-5.1119],[-48.4626,-5.1199],[-48.5487,-5.188],[-48.5829,-5.2146],[-48.7547,-5.3488],[-48.8325,-5.3428],[-48.8688,-5.3392],[-48.8804,-5.3339],[-48.9255,-5.3007],[-48.9512,-5.2879],[-48.9704,-5.2842],[-48.9914,-5.2863],[-48.9922,-5.2829],[-48.9902,-5.2803],[-48.9902,-5.2764],[-48.9829,-5.2692],[-48.9939,-5.2618],[-48.9927,-5.2541],[-48.9946,-5.2414],[-49.0002,-5.2357],[-49.0087,-5.2081],[-49.0159,-5.2014],[-49.0217,-5.1761],[-49.0172,-5.1498],[-49.0031,-5.126],[-48.9999,-5.1078],[-49.0059,-5.067],[-49.027,-5.0416],[-49.0234,-5.0203],[-49.018,-5.0128],[-49.0166,-4.9962],[-49.0138,-4.9865],[-48.9968,-4.9725],[-48.9809,-4.9705],[-48.9669,-4.9771],[-48.9537,-4.9737],[-48.9348,-4.9704],[-48.929,-4.9641],[-48.92,-4.9642],[-48.9185,-4.9609],[-48.9311,-4.9458],[-48.9251,-4.9206],[-48.9194,-4.9113],[-48.9103,-4.8973],[-48.9036,-4.8698],[-48.9007,-4.8395],[-48.8976,-4.8357],[-48.8837,-4.8318],[-48.8707,-4.8199],[-48.8698,-4.813],[-48.8728,-4.8111],[-48.868,-4.8029],[-48.8661,-4.7856],[-48.8689,-4.7794],[-48.8576,-4.7576],[-48.8605,-4.7487],[-48.8481,-4.736],[-48.8458,-4.7311],[-48.8262,-4.7158],[-48.8075,-4.7142],[-48.7911,-4.7072],[-48.7892,-4.7141],[-48.7768,-4.7271],[-48.7755,-4.7343],[-48.7609,-4.7358],[-48.7606,-4.7439]]]}},{"type":"Feature","properties":{"nome":"Bonito","cod":"1501600","uf":"PA"},"geometry":{"type":"Polygon","coordinates":[[[-47.1888,-1.3961],[-47.2317,-1.4641],[-47.2457,-1.4863],[-47.2863,-1.5371],[-47.3166,-1.5533],[-47.3241,-1.564],[-47.3421,-1.543],[-47.3419,-1.537],[-47.331,-1.5248],[-47.2985,-1.5168],[-47.2906,-1.5034],[-47.2915,-1.4938],[-47.2855,-1.4858],[-47.3079,-1.4756],[-47.3136,-1.4831],[-47.3256,-1.4876],[-47.3327,-1.5024],[-47.3423,-1.5042],[-47.3496,-1.5007],[-47.3528,-1.4848],[-47.3531,-1.4787],[-47.3622,-1.4629],[-47.4182,-1.495],[-47.4166,-1.4755],[-47.4267,-1.4671],[-47.4359,-1.4462],[-47.433,-1.4211],[-47.4374,-1.4013],[-47.4266,-1.3825],[-47.4271,-1.3697],[-47.4013,-1.3444],[-47.3676,-1.3113],[-47.3426,-1.2867],[-47.2922,-1.2784],[-47.2688,-1.2632],[-47.2679,-1.2626],[-47.2051,-1.223],[-47.2052,-1.2301],[-47.2135,-1.2496],[-47.2115,-1.2551],[-47.1936,-1.2617],[-47.1933,-1.2832],[-47.187,-1.389],[-47.1872,-1.3936],[-47.1888,-1.3961]]]}},{"type":"Feature","properties":{"nome":"Bragança","cod":"1501709","uf":"PA"},"geometry":{"type":"Polygon","coordinates":[[[-46.6013,-0.8543],[-46.6013,-0.8594],[-46.6082,-0.8589],[-46.6065,-0.8533],[-46.6013,-0.8543]],[[-46.6009,-0.8262],[-46.6009,-0.8313],[-46.6078,-0.8308],[-46.6061,-0.8252],[-46.6009,-0.8262]],[[-46.6377,-0.7879],[-46.6431,-0.798],[-46.6461,-0.7951],[-46.6481,-0.7976],[-46.6396,-0.8109],[-46.6246,-0.8124],[-46.6151,-0.8258],[-46.6186,-0.8286],[-46.6111,-0.8338],[-46.6101,-0.8493],[-46.6177,-0.854],[-46.6221,-0.8473],[-46.6291,-0.8472],[-46.6234,-0.8607],[-46.6274,-0.8623],[-46.6259,-0.8718],[-46.633,-0.8761],[-46.6406,-0.8682],[-46.6448,-0.8685],[-46.6315,-0.8875],[-46.6519,-0.8933],[-46.6466,-0.9045],[-46.6427,-0.9041],[-46.6323,-0.9129],[-46.6343,-0.9282],[-46.6427,-0.9396],[-46.6519,-0.9443],[-46.6624,-0.9406],[-46.6662,-0.9449],[-46.6619,-0.9471],[-46.6643,-0.9495],[-46.6781,-0.9553],[-46.6833,-0.9519],[-46.6874,-0.9617],[-46.6749,-0.9759],[-46.6708,-0.9729],[-46.6736,-0.9697],[-46.6564,-0.9659],[-46.6472,-0.9582],[-46.6554,-0.9701],[-46.6414,-0.9671],[-46.6374,-0.965],[-46.6392,-0.9863],[-46.6488,-1.0012],[-46.6457,-1.0109],[-46.6593,-1.0259],[-46.6614,-1.0316],[-46.6577,-1.0333],[-46.654,-1.0665],[-46.6533,-1.0779],[-46.6526,-1.0892],[-46.6514,-1.1098],[-46.626,-1.1496],[-46.6153,-1.1851],[-46.6204,-1.2025],[-46.6266,-1.2108],[-46.6276,-1.2215],[-46.6345,-1.2257],[-46.6342,-1.2268],[-46.6013,-1.2682],[-46.5728,-1.304],[-46.548,-1.3351],[-46.6073,-1.3797],[-46.6902,-1.4422],[-46.8237,-1.5429],[-46.8179,-1.5473],[-46.8307,-1.5465],[-46.8583,-1.5674],[-46.8739,-1.5793],[-46.8748,-1.58],[-46.8778,-1.5604],[-46.8732,-1.556],[-46.861,-1.5277],[-46.8612,-1.5219],[-46.8568,-1.5178],[-46.8606,-1.5104],[-46.8446,-1.4684],[-46.8494,-1.4642],[-46.8506,-1.4552],[-46.8603,-1.4416],[-46.8984,-1.4288],[-46.907,-1.4274],[-46.9148,-1.4138],[-46.9201,-1.38],[-46.924,-1.3589],[-46.9292,-1.3508],[-46.9295,-1.3316],[-46.9375,-1.3115],[-46.9397,-1.2964],[-46.9424,-1.2941],[-46.9564,-1.3033],[-46.9786,-1.3115],[-46.9847,-1.3067],[-46.9904,-1.3111],[-46.9969,-1.3081],[-47.0016,-1.2932],[-47.0033,-1.269],[-47.0007,-1.2549],[-47.0258,-1.2052],[-47.008,-1.209],[-46.9834,-1.2143],[-46.9641,-1.2478],[-46.9589,-1.2569],[-46.9263,-1.2034],[-46.8878,-1.1403],[-46.8857,-1.137],[-46.8574,-1.0882],[-46.8635,-1.0756],[-46.8525,-1.0662],[-46.8481,-1.0437],[-46.8469,-1.0368],[-46.8426,-1.015],[-46.8392,-0.9977],[-46.8425,-0.9899],[-46.8407,-0.9814],[-46.8446,-0.9582],[-46.8443,-0.9576],[-46.8377,-0.9476],[-46.8351,-0.9343],[-46.8214,-0.9322],[-46.8169,-0.9315],[-46.8126,-0.9258],[-46.8061,-0.9273],[-46.8063,-0.9135],[-46.814,-0.9062],[-46.8159,-0.8899],[-46.8041,-0.8785],[-46.8014,-0.8619],[-46.7866,-0.8807],[-46.7971,-0.8878],[-46.7938,-0.8976],[-46.7885,-0.9],[-46.7911,-0.8888],[-46.782,-0.8856],[-46.7819,-0.8824],[-46.785,-0.8718],[-46.7886,-0.8701],[-46.7888,-0.865],[-46.7848,-0.864],[-46.7911,-0.8606],[-46.7939,-0.8447],[-46.7832,-0.8337],[-46.7728,-0.8376],[-46.7654,-0.8511],[-46.7635,-0.8484],[-46.7685,-0.8303],[-46.766,-0.8171],[-46.7572,-0.8246],[-46.7466,-0.8282],[-46.7399,-0.8625],[-46.7417,-0.8656],[-46.733,-0.894],[-46.7328,-0.9016],[-46.7453,-0.9133],[-46.7459,-0.9201],[-46.7423,-0.9206],[-46.7399,-0.9143],[-46.7266,-0.9043],[-46.7215,-0.8957],[-46.7213,-0.8842],[-46.7285,-0.8633],[-46.7212,-0.8267],[-46.7033,-0.8213],[-46.6976,-0.8275],[-46.6893,-0.8482],[-46.6771,-0.8551],[-46.6808,-0.8601],[-46.6736,-0.8613],[-46.673,-0.8511],[-46.6679,-0.8522],[-46.6658,-0.8566],[-46.6641,-0.8493],[-46.6677,-0.8454],[-46.6784,-0.8435],[-46.6875,-0.8172],[-46.6853,-0.8065],[-46.678,-0.8055],[-46.6703,-0.8142],[-46.6628,-0.8142],[-46.6611,-0.8107],[-46.6719,-0.7971],[-46.6618,-0.7895],[-46.6638,-0.7866],[-46.6517,-0.7826],[-46.6377,-0.7879]]]}},{"type":"Feature","properties":{"nome":"Brasil Novo","cod":"1501725","uf":"PA"},"geometry":{"type":"Polygon","coordinates":[[[-52.9924,-2.6781],[-52.9744,-2.6896],[-52.9565,-2.6883],[-52.9056,-2.7137],[-52.8374,-2.7583],[-52.8222,-2.7629],[-52.8009,-2.7628],[-52.7625,-2.7435],[-52.7378,-2.7355],[-52.6835,-2.7225],[-52.6378,-2.7166],[-52.6188,-2.7163],[-52.5565,-2.7246],[-52.5338,-2.7401],[-52.5008,-2.7733],[-52.4827,-2.7728],[-52.4781,-2.7722],[-52.433,-2.7684],[-52.3897,-2.7697],[-52.3324,-2.7819],[-52.2936,-2.8042],[-52.2771,-2.827],[-52.276,-2.8299],[-52.2738,-2.8484],[-52.2795,-2.8697],[-52.2895,-2.8836],[-52.3186,-2.8968],[-52.3232,-2.906],[-52.3161,-2.9369],[-52.317,-2.9719],[-52.3243,-2.9855],[-52.3485,-3.006],[-52.365,-3.0374],[-52.3691,-3.0559],[-52.365,-3.0716],[-52.3588,-3.0751],[-52.3591,-3.0947],[-52.369,-3.118],[-52.3838,-3.1306],[-52.3963,-3.1328],[-52.3938,-3.1369],[-52.3993,-3.1487],[-52.3993,-3.1608],[-52.4141,-3.1654],[-52.4372,-3.1632],[-52.4432,-3.1638],[-52.4503,-3.1824],[-52.4651,-3.1974],[-52.4603,-3.2087],[-52.4657,-3.222],[-52.4825,-3.2238],[-52.4868,-3.2422],[-52.497,-3.2532],[-52.4964,-3.2633],[-52.49,-3.2703],[-52.4833,-3.2758],[-52.4887,-3.2819],[-52.4899,-3.2914],[-52.4816,-3.2953],[-52.482,-3.2998],[-52.4963,-3.3187],[-52.497,-3.3467],[-52.4943,-3.3546],[-52.4987,-3.3658],[-52.4972,-3.3732],[-52.4902,-3.3778],[-52.489,-3.3848],[-52.4931,-3.3899],[-52.5118,-3.4015],[-52.5197,-3.4059],[-52.5263,-3.4191],[-52.5384,-3.4247],[-52.5405,-3.4334],[-52.5351,-3.4366],[-52.5304,-3.4315],[-52.5238,-3.4325],[-52.5181,-3.4283],[-52.5113,-3.4306],[-52.5064,-3.4257],[-52.498,-3.4242],[-52.4905,-3.4162],[-52.4772,-3.4138],[-52.4724,-3.4153],[-52.4689,-3.4112],[-52.439,-3.4174],[-52.4067,-3.432],[-52.3843,-3.46],[-52.383,-3.4679],[-52.3784,-3.4725],[-52.3761,-3.4883],[-52.3591,-3.494],[-52.3528,-3.5004],[-52.3602,-3.5107],[-52.3613,-3.5352],[-52.3805,-3.5327],[-52.3927,-3.545],[-52.4044,-3.5504],[-52.414,-3.5647],[-52.4248,-3.5727],[-52.4271,-3.5935],[-52.4362,-3.601],[-52.4379,-3.6094],[-52.4356,-3.6113],[-52.4431,-3.6117],[-52.4487,-3.6173],[-52.4548,-3.6425],[-52.4491,-3.6531],[-52.4523,-3.6549],[-52.4515,-3.6624],[-52.4558,-3.6719],[-52.4631,-3.6693],[-52.4664,-3.6718],[-52.4768,-3.6888],[-52.4822,-3.6881],[-52.4856,-3.6985],[-52.5001,-3.6918],[-52.511,-3.6959],[-52.5216,-3.7083],[-52.519,-3.715],[-52.5243,-3.7197],[-52.5291,-3.7152],[-52.5523,-3.7216],[-52.5623,-3.7438],[-52.5598,-3.7505],[-52.5657,-3.7499],[-52.5829,-3.7577],[-52.5952,-3.7705],[-52.6089,-3.7787],[-52.6135,-3.786],[-52.6151,-3.7922],[-52.6245,-3.8024],[-52.6497,-3.8215],[-52.6543,-3.8196],[-52.6676,-3.8167],[-52.6781,-3.8201],[-52.6979,-3.8186],[-52.7205,-3.8304],[-52.7269,-3.8406],[-52.7564,-3.84],[-52.7678,-3.8494],[-52.7848,-3.8569],[-52.8117,-3.8599],[-52.8242,-3.8529],[-52.8357,-3.8512],[-52.8524,-3.8335],[-52.8527,-3.8277],[-52.862,-3.8204],[-52.8737,-3.8215],[-52.8804,-3.8239],[-52.8903,-3.8354],[-52.8926,-3.84],[-52.8887,-3.8387],[-52.8897,-3.8435],[-52.9133,-3.8641],[-52.9279,-3.8711],[-52.934,-3.8835],[-52.932,-3.8937],[-52.9409,-3.9117],[-52.9658,-3.9235],[-52.9896,-3.9211],[-53.0039,-3.9358],[-53.0194,-3.934],[-53.0305,-3.9264],[-53.0449,-3.9253],[-53.0576,-3.9054],[-53.0704,-3.8975],[-53.0891,-3.8958],[-53.0999,-3.8934],[-53.1074,-3.8836],[-53.1113,-3.8708],[-53.1216,-3.8642],[-53.146,-3.8732],[-53.1564,-3.8671],[-53.1631,-3.8582],[-53.1657,-3.8443],[-53.1612,-3.8346],[-53.1633,-3.8293],[-53.16,-3.8174],[-53.163,-3.8175],[-53.1695,-3.8055],[-53.182,-3.8048],[-53.1925,-3.7916],[-53.2031,-3.794],[-53.2071,-3.7875],[-53.2027,-3.7752],[-53.2047,-3.763],[-53.2094,-3.7576],[-53.2067,-3.7538],[-53.2085,-3.7449],[-53.1948,-3.7364],[-53.1961,-3.7285],[-53.1708,-3.7145],[-53.1754,-3.7067],[-53.1703,-3.6935],[-53.1786,-3.6734],[-53.1711,-3.6676],[-53.1561,-3.6646],[-53.1386,-3.6453],[-53.1168,-3.6283],[-53.1034,-3.638],[-53.0929,-3.6371],[-53.0514,-3.6566],[-53.0332,-3.6494],[-53.0333,-3.6214],[-53.0267,-3.6196],[-53.0246,-3.6125],[-53.0161,-3.6051],[-53.0133,-3.6177],[-53.0052,-3.6309],[-52.9966,-3.6302],[-52.9908,-3.6226],[-52.9784,-3.6172],[-52.9752,-3.6124],[-52.9631,-3.6189],[-52.9445,-3.6176],[-52.9226,-3.6229],[-52.8976,-3.6329],[-52.8712,-3.6284],[-52.8521,-3.6173],[-52.8183,-3.6264],[-52.8057,-3.6148],[-52.8058,-3.601],[-52.7957,-3.5829],[-52.7868,-3.5777],[-52.7717,-3.5778],[-52.7634,-3.5776],[-52.7589,-3.5635],[-52.7598,-3.5553],[-52.7503,-3.5484],[-52.7466,-3.529],[-52.7405,-3.5273],[-52.7348,-3.5312],[-52.7303,-3.5321],[-52.725,-3.5271],[-52.728,-3.5096],[-52.7184,-3.4914],[-52.7095,-3.4943],[-52.7111,-3.5058],[-52.6965,-3.5024],[-52.6693,-3.4655],[-52.6681,-3.4535],[-52.6781,-3.4294],[-52.6812,-3.4074],[-52.6938,-3.3957],[-52.6923,-3.3877],[-52.693,-3.3859],[-52.6988,-3.3755],[-52.7009,-3.3571],[-52.698,-3.3504],[-52.717,-3.3323],[-52.7241,-3.3201],[-52.7228,-3.3163],[-52.7323,-3.3077],[-52.7548,-3.2638],[-52.7684,-3.2545],[-52.7686,-3.2513],[-52.7711,-3.2435],[-52.7772,-3.2411],[-52.784,-3.2329],[-52.7847,-3.2239],[-52.7908,-3.226],[-52.7905,-3.2182],[-52.7968,-3.2139],[-52.8014,-3.2152],[-52.801,-3.2107],[-52.8053,-3.2079],[-52.8038,-3.204],[-52.8101,-3.2004],[-52.8167,-3.1949],[-52.8181,-3.1865],[-52.8265,-3.1852],[-52.8307,-3.1724],[-52.8426,-3.1668],[-52.8458,-3.1557],[-52.8509,-3.1532],[-52.8614,-3.135],[-52.8642,-3.123],[-52.871,-3.1135],[-52.8702,-3.1058],[-52.877,-3.1004],[-52.8763,-3.0895],[-52.8818,-3.0821],[-52.8849,-3.06],[-52.8808,-3.055],[-52.8829,-3.0484],[-52.8787,-3.0365],[-52.8819,-3.0323],[-52.8789,-3.0212],[-52.8829,-3.0047],[-52.8778,-2.9951],[-52.8808,-2.9865],[-52.8756,-2.9743],[-52.881,-2.9659],[-52.8856,-2.9644],[-52.8895,-2.9573],[-52.8887,-2.952],[-52.881,-2.914],[-52.8848,-2.8987],[-52.881,-2.8902],[-52.881,-2.8605],[-52.8759,-2.8475],[-52.8721,-2.8203],[-52.8688,-2.8178],[-52.8719,-2.8144],[-52.8735,-2.8043],[-52.8784,-2.8091],[-52.8859,-2.8047],[-52.8857,-2.7959],[-52.8916,-2.8003],[-52.9075,-2.7937],[-52.9215,-2.7961],[-52.9241,-2.7892],[-52.9342,-2.783],[-52.9344,-2.7789],[-52.9513,-2.776],[-52.952,-2.7734],[-52.9484,-2.7722],[-52.9549,-2.7682],[-52.9515,-2.7607],[-52.9531,-2.7529],[-52.9577,-2.7518],[-52.9592,-2.7403],[-52.9787,-2.7087],[-52.9814,-2.6954],[-52.9908,-2.693],[-52.9917,-2.6874],[-52.9993,-2.6819],[-53.0009,-2.6714],[-52.9924,-2.6781]]]}},{"type":"Feature","properties":{"nome":"Brejo Grande do Araguaia","cod":"1501758","uf":"PA"},"geometry":{"type":"Polygon","coordinates":[[[-48.3003,-5.5226],[-48.2908,-5.5296],[-48.2783,-5.54],[-48.2611,-5.5477],[-48.2376,-5.5524],[-48.2281,-5.5507],[-48.2122,-5.5539],[-48.1817,-5.5729],[-48.1377,-5.6023],[-48.1318,-5.6177],[-48.135,-5.6373],[-48.1388,-5.6465],[-48.1732,-5.7096],[-48.1805,-5.7022],[-48.1809,-5.7019],[-48.2095,-5.6841],[-48.2385,-5.6727],[-48.2747,-5.6812],[-48.2879,-5.6801],[-48.2961,-5.6856],[-48.3548,-5.6995],[-48.3611,-5.6995],[-48.4504,-5.866],[-48.4767,-5.9152],[-48.4847,-5.9255],[-48.5031,-5.9323],[-48.5043,-5.9464],[-48.4976,-5.9602],[-48.4971,-5.9683],[-48.5111,-5.9719],[-48.5192,-5.9924],[-48.5314,-6.009],[-48.5342,-6.0158],[-48.529,-6.0238],[-48.5301,-6.0341],[-48.5484,-6.0276],[-48.5501,-6.0234],[-48.5612,-6.0186],[-48.5619,-6.0112],[-48.5757,-6.0045],[-48.5832,-5.9918],[-48.5996,-5.9969],[-48.6337,-5.9959],[-48.6452,-5.9965],[-48.6575,-5.9886],[-48.6605,-5.9798],[-48.6559,-5.9612],[-48.6394,-5.9427],[-48.635,-5.9334],[-48.6357,-5.9108],[-48.6305,-5.9021],[-48.6277,-5.8995],[-48.6228,-5.8871],[-48.6118,-5.8752],[-48.62,-5.8625],[-48.6184,-5.85],[-48.6298,-5.8436],[-48.6324,-5.8268],[-48.6279,-5.8189],[-48.6206,-5.8057],[-48.6073,-5.8014],[-48.6054,-5.7966],[-48.6085,-5.7869],[-48.5978,-5.7786],[-48.6012,-5.7655],[-48.599,-5.727],[-48.5988,-5.7266],[-48.5881,-5.7093],[-48.5861,-5.7],[-48.5718,-5.6914],[-48.5639,-5.6822],[-48.536,-5.6657],[-48.5242,-5.6511],[-48.5035,-5.6465],[-48.4959,-5.6366],[-48.4899,-5.6341],[-48.4908,-5.6238],[-48.462,-5.6047],[-48.4613,-5.6008],[-48.4612,-5.6005],[-48.4383,-5.5779],[-48.4281,-5.5742],[-48.4211,-5.5755],[-48.4144,-5.5639],[-48.4081,-5.5656],[-48.3966,-5.5592],[-48.3875,-5.5583],[-48.3699,-5.5361],[-48.3626,-5.5214],[-48.3552,-5.5248],[-48.352,-5.5142],[-48.3343,-5.5051],[-48.3277,-5.4962],[-48.3251,-5.4934],[-48.3187,-5.4999],[-48.3003,-5.5226]]]}},{"type":"Feature","properties":{"nome":"Breu Branco","cod":"1501782","uf":"PA"},"geometry":{"type":"Polygon","coordinates":[[[-49.4833,-3.4149],[-49.4721,-3.4149],[-49.407,-3.4145],[-49.1687,-3.4129],[-49.1659,-3.4129],[-48.9637,-3.4122],[-48.9252,-3.4126],[-48.9231,-3.4238],[-48.9273,-3.4327],[-48.9635,-3.4508],[-48.9784,-3.4612],[-49.0189,-3.5041],[-49.0278,-3.5164],[-49.0355,-3.5379],[-49.0337,-3.5515],[-49.0296,-3.5519],[-49.0248,-3.547],[-49.0274,-3.5388],[-49.019,-3.5362],[-49.0194,-3.5442],[-49.0176,-3.5571],[-49.032,-3.5695],[-49.0377,-3.5899],[-49.0458,-3.5922],[-49.0581,-3.5874],[-49.0677,-3.5922],[-49.1008,-3.5774],[-49.1158,-3.5508],[-49.1318,-3.5374],[-49.1556,-3.5395],[-49.1714,-3.5362],[-49.1791,-3.5443],[-49.1724,-3.5619],[-49.1761,-3.5687],[-49.1811,-3.5697],[-49.1916,-3.5799],[-49.1926,-3.5876],[-49.2004,-3.5994],[-49.2085,-3.5972],[-49.2265,-3.6061],[-49.2324,-3.62],[-49.2421,-3.6283],[-49.2526,-3.6289],[-49.2567,-3.6348],[-49.2566,-3.6602],[-49.2615,-3.681],[-49.274,-3.7059],[-49.2728,-3.7264],[-49.2684,-3.7388],[-49.2789,-3.7582],[-49.2762,-3.7672],[-49.2688,-3.7811],[-49.2606,-3.7864],[-49.2503,-3.7873],[-49.2486,-3.7827],[-49.241,-3.7826],[-49.2328,-3.7848],[-49.2272,-3.7935],[-49.2172,-3.7987],[-49.2073,-3.7987],[-49.2013,-3.793],[-49.1873,-3.7965],[-49.1793,-3.8315],[-49.1688,-3.8342],[-49.1614,-3.8302],[-49.1546,-3.8343],[-49.1411,-3.8318],[-49.1359,-3.8363],[-49.1332,-3.8421],[-49.1378,-3.8494],[-49.1407,-3.8651],[-49.1486,-3.8784],[-49.1398,-3.8998],[-49.1414,-3.9067],[-49.136,-3.911],[-49.1309,-3.9281],[-49.1331,-3.9358],[-49.1299,-3.9405],[-49.1203,-3.9394],[-49.1138,-3.944],[-49.1149,-3.9511],[-49.1098,-3.9556],[-49.1121,-3.9638],[-49.107,-3.9678],[-49.107,-3.9747],[-49.0926,-3.9839],[-49.0952,-3.9924],[-49.0794,-3.9919],[-49.0726,-3.9958],[-49.0761,-4.0197],[-49.0751,-4.0251],[-49.0676,-4.0249],[-49.0668,-4.0339],[-49.0754,-4.0467],[-49.0653,-4.0683],[-49.0598,-4.0689],[-49.0511,-4.0834],[-49.049,-4.097],[-49.0534,-4.0986],[-49.0668,-4.0948],[-49.0794,-4.1016],[-49.0836,-4.1001],[-49.1001,-4.0806],[-49.1137,-4.0729],[-49.1207,-4.0503],[-49.1322,-4.0323],[-49.1488,-4.0206],[-49.1711,-4.0257],[-49.1841,-4.0292],[-49.2126,-4.063],[-49.2314,-4.0679],[-49.2384,-4.0759],[-49.4611,-4.0743],[-49.5127,-4.0733],[-49.6064,-4.0726],[-49.6164,-4.0509],[-49.6093,-4.0075],[-49.6133,-3.9772],[-49.6139,-3.9446],[-49.61,-3.9325],[-49.6145,-3.8727],[-49.6333,-3.8492],[-49.6407,-3.832],[-49.6389,-3.8019],[-49.6578,-3.7547],[-49.6607,-3.7343],[-49.6607,-3.7311],[-49.6599,-3.6844],[-49.6353,-3.6257],[-49.6181,-3.5677],[-49.6058,-3.5446],[-49.6031,-3.5405],[-49.5954,-3.525],[-49.5972,-3.5127],[-49.6086,-3.4726],[-49.6105,-3.4538],[-49.6125,-3.4456],[-49.6098,-3.4265],[-49.6025,-3.4174],[-49.5904,-3.4148],[-49.5894,-3.4148],[-49.5862,-3.4148],[-49.4833,-3.4149]]]}},{"type":"Feature","properties":{"nome":"Breves","cod":"1501808","uf":"PA"},"geometry":{"type":"Polygon","coordinates":[[[-50.6206,-0.6483],[-50.6048,-0.6704],[-50.5431,-0.674],[-50.5258,-0.6809],[-50.5171,-0.6907],[-50.5074,-0.7041],[-50.4966,-0.7097],[-50.4755,-0.7267],[-50.4687,-0.7567],[-50.4758,-0.7774],[-50.4838,-0.7975],[-50.4975,-0.7949],[-50.5084,-0.824],[-50.5053,-0.8316],[-50.4979,-0.8376],[-50.5003,-0.8536],[-50.497,-0.8609],[-50.5032,-0.8694],[-50.5009,-0.8741],[-50.4907,-0.8757],[-50.4876,-0.8877],[-50.4778,-0.8896],[-50.4758,-0.8939],[-50.4717,-0.923],[-50.478,-0.9354],[-50.4716,-0.9433],[-50.472,-0.9483],[-50.4829,-0.9575],[-50.4895,-0.9757],[-50.4992,-0.9801],[-50.5129,-0.9775],[-50.5251,-0.9627],[-50.5326,-0.9662],[-50.5287,-0.9803],[-50.5341,-0.9951],[-50.5336,-1.0037],[-50.5303,-1.0094],[-50.5218,-1.0119],[-50.5126,-1.0116],[-50.5,-1.0228],[-50.484,-1.0217],[-50.4722,-1.0265],[-50.466,-1.0232],[-50.4577,-1.0121],[-50.4536,-1.0122],[-50.4376,-1.0245],[-50.4213,-1.0033],[-50.4211,-0.9868],[-50.4109,-0.9772],[-50.3999,-0.974],[-50.3867,-0.981],[-50.3701,-0.9716],[-50.3213,-0.9676],[-50.3028,-0.967],[-50.2995,-0.9699],[-50.3005,-0.9754],[-50.2961,-0.9788],[-50.2657,-0.9768],[-50.2464,-0.9805],[-50.2407,-0.9952],[-50.2341,-1.0028],[-50.235,-1.0097],[-50.2254,-1.0186],[-50.2211,-1.038],[-50.2153,-1.0429],[-50.22,-1.0615],[-50.2083,-1.0661],[-50.2019,-1.0649],[-50.1933,-1.0739],[-50.149,-1.0776],[-49.9316,-1.0953],[-49.9335,-1.1043],[-49.9296,-1.1147],[-49.9426,-1.125],[-49.9696,-1.1354],[-49.9725,-1.1422],[-49.9859,-1.1541],[-49.9904,-1.1675],[-49.999,-1.1739],[-49.9878,-1.1795],[-49.9834,-1.2975],[-49.9747,-1.3003],[-49.9729,-1.3178],[-49.9943,-1.3363],[-50.0068,-1.3415],[-50.0094,-1.3554],[-50.0174,-1.3696],[-50.0288,-1.3708],[-50.0393,-1.346],[-50.0537,-1.3366],[-50.0636,-1.3379],[-50.0805,-1.3493],[-50.088,-1.3494],[-50.1004,-1.3447],[-50.1236,-1.3228],[-50.1394,-1.3202],[-50.197,-1.3352],[-50.2472,-1.3602],[-50.2419,-1.3754],[-50.2486,-1.3865],[-50.2544,-1.3846],[-50.2584,-1.3893],[-50.2818,-1.3981],[-50.2864,-1.4043],[-50.2915,-1.4306],[-50.2866,-1.4773],[-50.279,-1.4899],[-50.2834,-1.5041],[-50.2824,-1.5129],[-50.2905,-1.5309],[-50.4056,-1.5818],[-50.4353,-1.5949],[-50.4264,-1.6075],[-50.403,-1.5957],[-50.3961,-1.5994],[-50.3902,-1.5985],[-50.3689,-1.6097],[-50.3468,-1.6148],[-50.3336,-1.6141],[-50.3303,-1.6302],[-50.3029,-1.6646],[-50.299,-1.6856],[-50.3053,-1.7151],[-50.2907,-1.7301],[-50.2659,-1.7811],[-50.2528,-1.7906],[-50.2533,-1.8057],[-50.2921,-1.806],[-50.3,-1.8052],[-50.3379,-1.806],[-50.4212,-1.7881],[-50.4376,-1.7808],[-50.4515,-1.7844],[-50.4597,-1.7831],[-50.4762,-1.7738],[-50.5024,-1.7485],[-50.5124,-1.7457],[-50.5274,-1.7493],[-50.5507,-1.7272],[-50.576,-1.7183],[-50.5851,-1.701],[-50.6073,-1.6581],[-50.658,-1.6161],[-50.6933,-1.5869],[-50.7277,-1.5612],[-50.7366,-1.5506],[-50.7433,-1.5371],[-50.7504,-1.5034],[-50.765,-1.4887],[-50.7971,-1.4318],[-50.8097,-1.4326],[-50.8229,-1.4393],[-50.8394,-1.4245],[-50.8552,-1.4429],[-50.8577,-1.4566],[-50.8739,-1.4484],[-50.8829,-1.4171],[-50.8965,-1.3967],[-50.8922,-1.3785],[-50.8678,-1.3489],[-50.8564,-1.3217],[-50.8412,-1.2971],[-50.8107,-1.2746],[-50.8042,-1.2738],[-50.8004,-1.2419],[-50.8066,-1.219],[-50.8166,-1.2007],[-50.8333,-1.1989],[-50.8485,-1.1763],[-50.8841,-1.1604],[-50.9334,-1.1211],[-50.9513,-1.1159],[-50.986,-1.1192],[-51.0106,-1.1172],[-51.067,-1.1507],[-51.1329,-1.1704],[-51.1656,-1.1505],[-51.1901,-1.1174],[-51.2017,-1.1104],[-51.2164,-1.1076],[-51.207,-1.073],[-51.1919,-1.0392],[-51.1904,-1.0252],[-51.1842,-1.0124],[-51.1849,-1.0004],[-51.1771,-0.977],[-51.1781,-0.9669],[-51.1699,-0.9287],[-51.1686,-0.8995],[-51.1753,-0.8633],[-51.1861,-0.8295],[-51.1914,-0.788],[-51.1891,-0.742],[-51.185,-0.7259],[-51.1609,-0.6934],[-51.1466,-0.6804],[-51.094,-0.6612],[-51.079,-0.6615],[-51.0546,-0.6563],[-51.0219,-0.6411],[-50.9878,-0.5993],[-50.9577,-0.5741],[-50.9131,-0.5551],[-50.8679,-0.5417],[-50.8422,-0.5316],[-50.7922,-0.5215],[-50.7638,-0.5067],[-50.7502,-0.5125],[-50.7366,-0.5254],[-50.6991,-0.5783],[-50.6899,-0.5956],[-50.6838,-0.6186],[-50.6704,-0.6312],[-50.6206,-0.6483]]]}},{"type":"Feature","properties":{"nome":"Bujaru","cod":"1501907","uf":"PA"},"geometry":{"type":"Polygon","coordinates":[[[-48.1367,-1.5458],[-48.1236,-1.5466],[-48.1088,-1.542],[-48.1011,-1.5394],[-48.0716,-1.5404],[-48.0654,-1.5381],[-48.0558,-1.5263],[-48.0523,-1.5011],[-48.0388,-1.4801],[-48.0192,-1.4729],[-48.0124,-1.4747],[-47.9971,-1.4877],[-47.9872,-1.5004],[-47.9871,-1.5075],[-47.9923,-1.5236],[-48.003,-1.539],[-48.0017,-1.5697],[-47.9905,-1.5849],[-47.9786,-1.5917],[-47.967,-1.5926],[-47.951,-1.5843],[-47.9436,-1.5783],[-47.9169,-1.5668],[-47.8941,-1.5737],[-47.8734,-1.5929],[-47.8573,-1.6289],[-47.8666,-1.638],[-47.8805,-1.6616],[-47.8808,-1.6822],[-47.8681,-1.7032],[-47.8696,-1.7233],[-47.8779,-1.7326],[-47.871,-1.7392],[-47.8753,-1.7438],[-47.8848,-1.7529],[-47.889,-1.7694],[-47.8924,-1.7677],[-47.8879,-1.7461],[-47.8914,-1.7258],[-47.8891,-1.7102],[-47.8839,-1.699],[-47.8866,-1.6877],[-47.8959,-1.6745],[-47.9084,-1.6693],[-47.9354,-1.6743],[-47.9456,-1.6667],[-47.9554,-1.6729],[-47.9629,-1.6932],[-47.9629,-1.7],[-47.9638,-1.7129],[-47.9788,-1.7176],[-47.9783,-1.7314],[-47.9911,-1.7367],[-48.0057,-1.7672],[-48.0194,-1.7735],[-48.0388,-1.7756],[-48.0452,-1.7835],[-48.0494,-1.7843],[-48.053,-1.7872],[-48.0545,-1.8008],[-48.0656,-1.8033],[-48.0806,-1.8151],[-48.0747,-1.841],[-48.0807,-1.8395],[-48.0876,-1.8277],[-48.1087,-1.8178],[-48.1124,-1.7994],[-48.1238,-1.7797],[-48.1362,-1.7726],[-48.1456,-1.7724],[-48.1594,-1.7789],[-48.166,-1.7771],[-48.1741,-1.7739],[-48.176,-1.7699],[-48.1781,-1.73],[-48.19,-1.7141],[-48.1943,-1.6977],[-48.2003,-1.6935],[-48.2265,-1.6942],[-48.2334,-1.6807],[-48.2361,-1.6565],[-48.2333,-1.6532],[-48.2303,-1.6368],[-48.233,-1.6273],[-48.2407,-1.6242],[-48.2522,-1.6169],[-48.2624,-1.5944],[-48.271,-1.5791],[-48.2908,-1.5693],[-48.2751,-1.541],[-48.2764,-1.5368],[-48.2879,-1.5286],[-48.2994,-1.4944],[-48.2974,-1.4882],[-48.2893,-1.4829],[-48.2926,-1.4702],[-48.2599,-1.4664],[-48.2325,-1.4748],[-48.2042,-1.4915],[-48.1972,-1.5005],[-48.1847,-1.5236],[-48.1771,-1.5308],[-48.1558,-1.5413],[-48.1367,-1.5458]]]}},{"type":"Feature","properties":{"nome":"Cachoeira do Piriá","cod":"1501956","uf":"PA"},"geometry":{"type":"Polygon","coordinates":[[[-46.508,-1.664],[-46.4709,-1.6788],[-46.4486,-1.7014],[-46.4213,-1.6983],[-46.4059,-1.7081],[-46.4045,-1.7081],[-46.3973,-1.7115],[-46.3904,-1.7209],[-46.3492,-1.7292],[-46.319,-1.7404],[-46.3143,-1.7413],[-46.3236,-1.7652],[-46.3189,-1.7903],[-46.3152,-1.7985],[-46.3147,-1.7996],[-46.3107,-1.8035],[-46.3066,-1.8039],[-46.2975,-1.7943],[-46.2825,-1.7986],[-46.2688,-1.7937],[-46.2513,-1.7937],[-46.2289,-1.8002],[-46.2154,-1.8166],[-46.2082,-1.8305],[-46.2149,-1.8445],[-46.2268,-1.8553],[-46.2429,-1.8775],[-46.2422,-1.8834],[-46.2383,-1.8857],[-46.2298,-1.8834],[-46.2272,-1.8859],[-46.22,-1.9145],[-46.2303,-1.9329],[-46.2362,-1.9709],[-46.2474,-1.9924],[-46.2398,-2.0018],[-46.2389,-2.0111],[-46.2491,-2.0394],[-46.2494,-2.05],[-46.2623,-2.056],[-46.2628,-2.0703],[-46.2672,-2.0805],[-46.2595,-2.0934],[-46.2591,-2.1014],[-46.2626,-2.1211],[-46.2924,-2.1483],[-46.2853,-2.1537],[-46.275,-2.1558],[-46.2755,-2.1583],[-46.288,-2.1692],[-46.3119,-2.1804],[-46.3294,-2.1979],[-46.3363,-2.2113],[-46.3418,-2.2268],[-46.3613,-2.2335],[-46.3708,-2.2476],[-46.3774,-2.2531],[-46.3899,-2.2522],[-46.4065,-2.2319],[-46.4278,-2.2394],[-46.4258,-2.2498],[-46.4163,-2.2579],[-46.4136,-2.2646],[-46.4137,-2.2801],[-46.4188,-2.2911],[-46.4303,-2.3026],[-46.4291,-2.3313],[-46.4605,-2.3596],[-46.4655,-2.369],[-46.4654,-2.3733],[-46.4556,-2.3837],[-46.4438,-2.3796],[-46.4255,-2.3605],[-46.4113,-2.3609],[-46.4071,-2.3683],[-46.4195,-2.3826],[-46.4266,-2.3992],[-46.4397,-2.4124],[-46.5,-2.3812],[-46.5848,-2.2533],[-46.5849,-2.2533],[-46.6051,-2.2228],[-46.6153,-2.1909],[-46.6112,-2.1851],[-46.5927,-2.1743],[-46.5888,-2.1515],[-46.5939,-2.1033],[-46.5914,-2.0508],[-46.5805,-2.0011],[-46.5804,-1.9904],[-46.5808,-1.9436],[-46.5756,-1.9012],[-46.584,-1.8968],[-46.5889,-1.8786],[-46.604,-1.8637],[-46.6115,-1.8605],[-46.6239,-1.8444],[-46.6283,-1.8341],[-46.6327,-1.771],[-46.6268,-1.7571],[-46.619,-1.7534],[-46.616,-1.7442],[-46.6119,-1.7436],[-46.6065,-1.7521],[-46.5939,-1.7514],[-46.5887,-1.7382],[-46.5884,-1.7365],[-46.5888,-1.7292],[-46.6035,-1.7115],[-46.6015,-1.7059],[-46.5875,-1.7107],[-46.5765,-1.7011],[-46.5661,-1.7],[-46.5575,-1.6927],[-46.5749,-1.6832],[-46.5752,-1.6704],[-46.5721,-1.6672],[-46.5585,-1.6759],[-46.5583,-1.66],[-46.5633,-1.6541],[-46.5538,-1.6387],[-46.5445,-1.6331],[-46.5481,-1.6313],[-46.5488,-1.6209],[-46.5399,-1.6181],[-46.5358,-1.609],[-46.5191,-1.6418],[-46.5183,-1.6488],[-46.508,-1.664]]]}},{"type":"Feature","properties":{"nome":"Cachoeira do Arari","cod":"1502004","uf":"PA"},"geometry":{"type":"Polygon","coordinates":[[[-49.0061,-0.445],[-48.9974,-0.5003],[-48.9735,-0.6008],[-48.9616,-0.6511],[-48.9534,-0.6551],[-48.7565,-0.7507],[-48.7508,-0.7631],[-48.7539,-0.7713],[-48.7496,-0.7822],[-48.7401,-0.7951],[-48.7307,-0.8],[-48.7306,-0.8005],[-48.7125,-0.8374],[-48.7046,-0.8458],[-48.707,-0.8521],[-48.6991,-0.8602],[-48.6924,-0.8765],[-48.6888,-0.8782],[-48.6751,-0.8776],[-48.6641,-0.8837],[-48.66,-0.8912],[-48.6494,-0.8898],[-48.6377,-0.8956],[-48.6349,-0.9056],[-48.6229,-0.916],[-48.6301,-0.9176],[-48.6301,-0.9307],[-48.6276,-0.9332],[-48.6202,-0.9298],[-48.6168,-0.9345],[-48.6172,-0.9379],[-48.6258,-0.9432],[-48.6248,-0.9525],[-48.6093,-0.944],[-48.6012,-0.9444],[-48.5951,-0.951],[-48.5756,-0.9512],[-48.5608,-0.9605],[-48.553,-0.9648],[-48.5252,-0.9734],[-48.4626,-0.9702],[-48.4432,-0.9744],[-48.4391,-0.9785],[-48.4389,-0.9821],[-48.45,-0.9998],[-48.4691,-1.0191],[-48.4926,-1.0381],[-48.4999,-1.0488],[-48.5135,-1.0664],[-48.5476,-1.111],[-48.5862,-1.151],[-48.5971,-1.1619],[-48.6071,-1.1718],[-48.6731,-1.1742],[-48.7055,-1.186],[-48.7284,-1.1876],[-48.7515,-1.1897],[-48.8011,-1.2127],[-48.8192,-1.2129],[-48.8688,-1.2013],[-48.8794,-1.1902],[-48.8819,-1.1798],[-48.8914,-1.1738],[-48.8944,-1.1677],[-48.8923,-1.1577],[-48.8978,-1.1504],[-48.9097,-1.1415],[-48.9151,-1.143],[-48.9178,-1.1396],[-48.9187,-1.1308],[-48.9142,-1.1181],[-48.913,-1.1066],[-48.9169,-1.0951],[-48.9136,-1.0889],[-48.9216,-1.0787],[-48.9234,-1.0684],[-48.9136,-1.0511],[-48.9163,-1.0448],[-48.9338,-1.0395],[-48.9509,-1.0433],[-48.9662,-1.0334],[-48.9661,-1.0248],[-48.9643,-1.0068],[-48.9646,-1.0063],[-48.9694,-0.9969],[-48.964,-0.9881],[-48.9575,-0.9846],[-48.9677,-0.972],[-48.9719,-0.9727],[-48.9771,-0.9811],[-48.99,-0.9732],[-48.9952,-0.9775],[-49.0046,-0.976],[-49.0067,-0.9701],[-49.0293,-0.9584],[-49.0397,-0.9487],[-49.0386,-0.9371],[-49.0491,-0.9008],[-49.0473,-0.8957],[-49.0584,-0.8909],[-49.0658,-0.8934],[-49.0662,-0.89],[-49.0843,-0.8896],[-49.0852,-0.8865],[-49.0911,-0.8853],[-49.0899,-0.8822],[-49.0947,-0.8749],[-49.1039,-0.8745],[-49.1101,-0.8704],[-49.1098,-0.867],[-49.1243,-0.8571],[-49.1358,-0.8422],[-49.1424,-0.8404],[-49.1497,-0.825],[-49.1494,-0.8186],[-49.1567,-0.8221],[-49.1745,-0.8217],[-49.1787,-0.8265],[-49.19,-0.8195],[-49.1873,-0.8138],[-49.1894,-0.8072],[-49.1854,-0.8006],[-49.1913,-0.785],[-49.1857,-0.7741],[-49.1879,-0.7675],[-49.1857,-0.7605],[-49.1914,-0.7401],[-49.189,-0.7157],[-49.1845,-0.7183],[-49.1789,-0.7149],[-49.1771,-0.718],[-49.1634,-0.7162],[-49.1483,-0.6911],[-49.1444,-0.6757],[-49.1372,-0.6539],[-49.1391,-0.6258],[-49.1471,-0.6088],[-49.1672,-0.5998],[-49.1771,-0.5849],[-49.1859,-0.5779],[-49.1918,-0.5643],[-49.1935,-0.55],[-49.2064,-0.5348],[-49.2049,-0.5164],[-49.2076,-0.5096],[-49.1916,-0.5039],[-49.1712,-0.4741],[-49.1658,-0.4707],[-49.1604,-0.472],[-49.1443,-0.4888],[-49.1374,-0.4897],[-49.129,-0.4853],[-49.1185,-0.473],[-49.1058,-0.4435],[-49.0968,-0.4358],[-49.0857,-0.4384],[-49.0771,-0.4529],[-49.0618,-0.4547],[-49.0202,-0.4205],[-49.0051,-0.4139],[-48.9999,-0.4179],[-49.0061,-0.445]]]}},{"type":"Feature","properties":{"nome":"Cametá","cod":"1502103","uf":"PA"},"geometry":{"type":"Polygon","coordinates":[[[-49.3893,-1.9278],[-49.3831,-1.9295],[-49.379,-1.9243],[-49.3726,-1.9277],[-49.366,-1.9279],[-49.3666,-1.9388],[-49.3832,-1.9752],[-49.3844,-2.0032],[-49.3902,-2.0187],[-49.3867,-2.0293],[-49.3806,-2.0275],[-49.365,-2.0016],[-49.3295,-2.0006],[-49.3196,-1.9952],[-49.3177,-1.9942],[-49.3081,-2.0181],[-49.315,-2.0531],[-49.313,-2.0629],[-49.3038,-2.0608],[-49.2857,-2.0372],[-49.2763,-2.0279],[-49.2649,-2.025],[-49.2509,-2.029],[-49.2498,-2.036],[-49.238,-2.0491],[-49.2312,-2.0566],[-49.1891,-2.1033],[-49.208,-2.1188],[-49.2133,-2.1275],[-49.2136,-2.1373],[-49.2262,-2.1469],[-49.2239,-2.1566],[-49.2275,-2.1762],[-49.2361,-2.1728],[-49.2461,-2.1888],[-49.2451,-2.1984],[-49.2519,-2.2122],[-49.2548,-2.2136],[-49.2542,-2.2202],[-49.2638,-2.2241],[-49.2645,-2.2271],[-49.2679,-2.226],[-49.2684,-2.2313],[-49.2735,-2.234],[-49.2771,-2.2418],[-49.2916,-2.2523],[-49.2939,-2.2605],[-49.3,-2.2706],[-49.2978,-2.2758],[-49.3088,-2.2876],[-49.3115,-2.3058],[-49.3168,-2.3104],[-49.3226,-2.3081],[-49.3305,-2.3157],[-49.3382,-2.3241],[-49.3398,-2.3325],[-49.3464,-2.3372],[-49.3569,-2.3593],[-49.2776,-2.3945],[-49.2798,-2.4205],[-49.2849,-2.4244],[-49.2874,-2.4343],[-49.2993,-2.4433],[-49.2971,-2.4503],[-49.3164,-2.4626],[-49.3224,-2.4573],[-49.3258,-2.4655],[-49.337,-2.4713],[-49.3434,-2.4603],[-49.3501,-2.4602],[-49.3713,-2.4956],[-49.3713,-2.5132],[-49.379,-2.5216],[-49.3882,-2.5262],[-49.3921,-2.5365],[-49.3983,-2.5392],[-49.4103,-2.5322],[-49.4273,-2.5315],[-49.4467,-2.5429],[-49.4612,-2.5623],[-49.4621,-2.5668],[-49.4783,-2.5342],[-49.5069,-2.5522],[-49.5139,-2.5528],[-49.5203,-2.5474],[-49.518,-2.5365],[-49.527,-2.5236],[-49.5339,-2.5136],[-49.5373,-2.5136],[-49.54,-2.5149],[-49.553,-2.5054],[-49.551,-2.4914],[-49.555,-2.4702],[-49.5593,-2.4634],[-49.5646,-2.4666],[-49.5663,-2.4766],[-49.5796,-2.4911],[-49.5841,-2.5123],[-49.589,-2.5161],[-49.6006,-2.5259],[-49.6096,-2.527],[-49.6172,-2.5435],[-49.6205,-2.5487],[-49.634,-2.5494],[-49.6381,-2.5562],[-49.6557,-2.5683],[-49.6624,-2.5787],[-49.6724,-2.5845],[-49.678,-2.6047],[-49.6856,-2.6142],[-49.7024,-2.6379],[-49.7045,-2.6337],[-49.7014,-2.6101],[-49.6923,-2.5762],[-49.696,-2.5496],[-49.7,-2.5443],[-49.7269,-2.5445],[-49.7444,-2.535],[-49.7408,-2.5214],[-49.7419,-2.5032],[-49.7348,-2.4973],[-49.7307,-2.4674],[-49.7245,-2.4575],[-49.7289,-2.45],[-49.7278,-2.4422],[-49.7287,-2.4375],[-49.7335,-2.4279],[-49.7343,-2.4266],[-49.7398,-2.4115],[-49.7382,-2.3959],[-49.7426,-2.3797],[-49.7386,-2.3758],[-49.7412,-2.3697],[-49.7346,-2.3474],[-49.7389,-2.3395],[-49.7311,-2.3337],[-49.7227,-2.3139],[-49.7228,-2.3015],[-49.7229,-2.3013],[-49.7339,-2.2934],[-49.7346,-2.2899],[-49.7281,-2.2827],[-49.7343,-2.2499],[-49.7469,-2.247],[-49.7507,-2.2287],[-49.7606,-2.2295],[-49.7781,-2.221],[-49.7834,-2.2238],[-49.788,-2.2325],[-49.7943,-2.2333],[-49.8061,-2.2276],[-49.8105,-2.2137],[-49.8196,-2.2066],[-49.8205,-2.1817],[-49.8294,-2.1723],[-49.8287,-2.1478],[-49.8196,-2.1399],[-49.8159,-2.1523],[-49.7988,-2.1581],[-49.7943,-2.164],[-49.706,-2.0687],[-49.6924,-2.054],[-49.6516,-2.0099],[-49.6287,-2.0002],[-49.6103,-1.9924],[-49.6059,-1.9764],[-49.5963,-1.973],[-49.5248,-1.9869],[-49.5092,-1.9903],[-49.4663,-1.9994],[-49.4464,-1.9774],[-49.4337,-1.9713],[-49.4169,-1.9553],[-49.4034,-1.9237],[-49.3903,-1.9246],[-49.3893,-1.9278]]]}},{"type":"Feature","properties":{"nome":"Canaã dos Carajás","cod":"1502152","uf":"PA"},"geometry":{"type":"Polygon","coordinates":[[[-49.7856,-6.3215],[-49.7929,-6.3386],[-49.7869,-6.3467],[-49.7788,-6.3567],[-49.7711,-6.354],[-49.7625,-6.3578],[-49.7606,-6.3693],[-49.7439,-6.3707],[-49.7313,-6.3802],[-49.734,-6.3816],[-49.729,-6.3944],[-49.7219,-6.3996],[-49.7361,-6.4162],[-49.7357,-6.4235],[-49.7299,-6.4264],[-49.7212,-6.4223],[-49.7091,-6.4363],[-49.7154,-6.4542],[-49.7254,-6.4626],[-49.7249,-6.4696],[-49.7203,-6.4744],[-49.7115,-6.4745],[-49.6953,-6.4849],[-49.6896,-6.4938],[-49.6901,-6.5],[-49.6735,-6.5063],[-49.6672,-6.5099],[-49.6539,-6.5104],[-49.6503,-6.5168],[-49.6677,-6.5228],[-49.6637,-6.5373],[-49.6729,-6.554],[-49.6882,-6.5661],[-49.6939,-6.5829],[-49.7056,-6.5968],[-49.7021,-6.6188],[-49.6962,-6.624],[-49.7154,-6.6474],[-49.7082,-6.6525],[-49.7062,-6.658],[-49.7145,-6.6714],[-49.7293,-6.7143],[-49.7446,-6.7123],[-49.7384,-6.6729],[-49.7518,-6.6622],[-49.7657,-6.6619],[-49.7726,-6.6577],[-49.7778,-6.6597],[-49.7827,-6.6415],[-49.7906,-6.6419],[-49.81,-6.6536],[-49.8157,-6.6605],[-49.8433,-6.6581],[-49.8567,-6.647],[-49.8724,-6.6375],[-49.8764,-6.6356],[-49.9032,-6.6279],[-49.9094,-6.6143],[-49.9184,-6.6165],[-49.9264,-6.6064],[-49.9319,-6.607],[-49.9457,-6.5948],[-49.9573,-6.5902],[-49.9727,-6.5722],[-49.9797,-6.5722],[-49.983,-6.5652],[-49.9897,-6.5634],[-49.9932,-6.5544],[-50.0003,-6.5487],[-50.0085,-6.5534],[-50.0218,-6.5542],[-50.0293,-6.5458],[-50.0448,-6.5398],[-50.049,-6.5409],[-50.0736,-6.5376],[-50.091,-6.5498],[-50.1071,-6.5492],[-50.1103,-6.563],[-50.1299,-6.5715],[-50.1355,-6.5796],[-50.1584,-6.5661],[-50.1663,-6.5682],[-50.1658,-6.5793],[-50.19,-6.5823],[-50.2024,-6.5784],[-50.207,-6.5822],[-50.2076,-6.5889],[-50.2192,-6.5809],[-50.2233,-6.585],[-50.2324,-6.5763],[-50.2352,-6.5885],[-50.2413,-6.5857],[-50.2554,-6.6018],[-50.2689,-6.5958],[-50.2813,-6.6125],[-50.2894,-6.6163],[-50.3,-6.6291],[-50.314,-6.5784],[-50.328,-6.5673],[-50.3314,-6.5499],[-50.3536,-6.5352],[-50.3446,-6.52],[-50.3572,-6.5161],[-50.3606,-6.5046],[-50.3535,-6.4996],[-50.3529,-6.4931],[-50.3622,-6.4812],[-50.3704,-6.4795],[-50.3855,-6.4849],[-50.3914,-6.4788],[-50.4053,-6.4779],[-50.4123,-6.4812],[-50.4097,-6.49],[-50.4192,-6.5099],[-50.4569,-6.5044],[-50.4742,-6.5074],[-50.482,-6.5134],[-50.4861,-6.5001],[-50.4964,-6.4962],[-50.4876,-6.4953],[-50.4775,-6.4888],[-50.4787,-6.4845],[-50.4837,-6.4857],[-50.4932,-6.4813],[-50.4934,-6.4646],[-50.4871,-6.4636],[-50.4832,-6.4548],[-50.4784,-6.4534],[-50.4788,-6.446],[-50.484,-6.4414],[-50.4864,-6.4323],[-50.5031,-6.4323],[-50.5062,-6.4272],[-50.4962,-6.4001],[-50.5075,-6.3963],[-50.5097,-6.3888],[-50.5074,-6.3775],[-50.4976,-6.3731],[-50.4878,-6.3494],[-50.4918,-6.3493],[-50.4928,-6.3384],[-50.4995,-6.3411],[-50.4989,-6.345],[-50.5033,-6.3436],[-50.5095,-6.3473],[-50.5215,-6.3391],[-50.5295,-6.3145],[-50.5444,-6.3098],[-50.5376,-6.2886],[-50.5419,-6.2656],[-50.5553,-6.2544],[-50.5613,-6.2542],[-50.5674,-6.2491],[-49.9744,-6.2487],[-49.8228,-6.2483],[-49.8027,-6.2642],[-49.7875,-6.2794],[-49.7836,-6.3048],[-49.7895,-6.3121],[-49.7856,-6.3215]]]}},{"type":"Feature","properties":{"nome":"Capanema","cod":"1502202","uf":"PA"},"geometry":{"type":"Polygon","coordinates":[[[-47.1296,-0.9999],[-47.1158,-1.0145],[-47.1119,-1.0239],[-47.0937,-1.0404],[-47.0868,-1.0381],[-47.077,-1.0414],[-47.0447,-1.0341],[-47.0281,-1.0265],[-47.0121,-1.013],[-47.0016,-1.0113],[-46.9958,-1.0137],[-46.9824,-1.0253],[-46.9751,-1.0315],[-46.9753,-1.0418],[-46.9857,-1.0661],[-46.9856,-1.0755],[-46.9799,-1.0832],[-46.9759,-1.0908],[-46.9754,-1.0924],[-46.9767,-1.0983],[-46.9915,-1.1207],[-47.0,-1.1228],[-47.014,-1.1381],[-47.0268,-1.141],[-47.0325,-1.1428],[-47.0447,-1.1551],[-47.0531,-1.156],[-47.0548,-1.1658],[-47.064,-1.1823],[-47.0632,-1.1884],[-47.0584,-1.1923],[-47.0597,-1.2009],[-47.0958,-1.253],[-47.115,-1.2825],[-47.1821,-1.3858],[-47.187,-1.389],[-47.1933,-1.2832],[-47.1936,-1.2617],[-47.2115,-1.2551],[-47.2135,-1.2496],[-47.2052,-1.2301],[-47.2051,-1.223],[-47.1995,-1.2073],[-47.2117,-1.1896],[-47.2028,-1.1873],[-47.1915,-1.1899],[-47.1927,-1.1806],[-47.2052,-1.0808],[-47.2152,-1.0004],[-47.2116,-1.0005],[-47.2113,-1.0005],[-47.1986,-1.0018],[-47.1574,-0.9921],[-47.1448,-0.9869],[-47.139,-0.9896],[-47.1378,-0.9972],[-47.1296,-0.9999]]]}},{"type":"Feature","properties":{"nome":"Capitão Poço","cod":"1502301","uf":"PA"},"geometry":{"type":"Polygon","coordinates":[[[-47.043,-1.5499],[-47.0311,-1.5666],[-47.0269,-1.5754],[-47.0234,-1.5764],[-47.0171,-1.5745],[-47.0158,-1.5777],[-47.0118,-1.5774],[-47.008,-1.5722],[-47.0048,-1.5727],[-47.0022,-1.5751],[-47.0058,-1.5843],[-47.0035,-1.5909],[-46.9923,-1.5878],[-46.9778,-1.5928],[-46.9789,-1.6006],[-46.9743,-1.6055],[-46.9776,-1.6116],[-46.9852,-1.6101],[-46.983,-1.6225],[-46.9709,-1.6313],[-46.9651,-1.6318],[-46.9578,-1.6399],[-46.9524,-1.6481],[-46.9511,-1.6587],[-46.9352,-1.6648],[-46.9289,-1.6708],[-46.942,-1.6837],[-46.9561,-1.6824],[-46.9595,-1.697],[-46.957,-1.7004],[-46.948,-1.7023],[-46.9453,-1.7082],[-46.9451,-1.7117],[-46.9514,-1.716],[-46.9527,-1.7246],[-46.9457,-1.728],[-46.9454,-1.732],[-46.9575,-1.7549],[-46.9678,-1.7478],[-46.9719,-1.7493],[-46.9623,-1.7609],[-46.9626,-1.7814],[-46.98,-1.7871],[-46.9853,-1.7979],[-46.9813,-1.8039],[-46.9838,-1.8151],[-46.9905,-1.8283],[-46.9877,-1.8369],[-46.9825,-1.8393],[-46.9828,-1.8438],[-46.9938,-1.845],[-46.9874,-1.8519],[-47.0032,-1.8572],[-47.0014,-1.8442],[-47.0126,-1.8514],[-47.0147,-1.8579],[-47.0348,-1.8607],[-47.0487,-1.8497],[-47.0506,-1.8533],[-47.0472,-1.8599],[-47.0535,-1.8611],[-47.0558,-1.8707],[-47.0642,-1.8747],[-47.0678,-1.8749],[-47.0699,-1.8804],[-47.078,-1.8826],[-47.0817,-1.8846],[-47.0957,-1.8768],[-47.0966,-1.88],[-47.1129,-1.8876],[-47.1239,-1.8853],[-47.1273,-1.8997],[-47.1342,-1.9032],[-47.1367,-1.9153],[-47.1501,-1.9236],[-47.1541,-1.9276],[-47.1602,-1.9268],[-47.1609,-1.9375],[-47.1643,-1.9406],[-47.1582,-1.9441],[-47.1575,-1.9561],[-47.1512,-1.9577],[-47.1489,-1.9682],[-47.1435,-1.9714],[-47.1488,-1.9809],[-47.1413,-1.9831],[-47.1399,-1.9865],[-47.1476,-1.9963],[-47.1466,-2.0056],[-47.1533,-2.0125],[-47.1553,-2.024],[-47.1516,-2.0296],[-47.1643,-2.0562],[-47.1676,-2.0688],[-47.1711,-2.0714],[-47.1672,-2.0765],[-47.1688,-2.081],[-47.1653,-2.093],[-47.1681,-2.0978],[-47.1734,-2.0934],[-47.178,-2.0946],[-47.1759,-2.1057],[-47.1761,-2.1141],[-47.1779,-2.1276],[-47.1874,-2.1426],[-47.1883,-2.1651],[-47.1927,-2.1704],[-47.1908,-2.184],[-47.193,-2.1891],[-47.2013,-2.186],[-47.2081,-2.1893],[-47.2206,-2.2068],[-47.2287,-2.2068],[-47.2267,-2.2046],[-47.2328,-2.2058],[-47.2373,-2.2027],[-47.2426,-2.2062],[-47.2374,-2.2259],[-47.2312,-2.2328],[-47.2316,-2.2397],[-47.2355,-2.2678],[-47.2296,-2.282],[-47.2242,-2.2865],[-47.2245,-2.2953],[-47.2145,-2.3238],[-47.2092,-2.3331],[-47.1989,-2.3825],[-47.1914,-2.3942],[-47.1917,-2.3969],[-47.2037,-2.4018],[-47.2116,-2.4135],[-47.2075,-2.4192],[-47.2076,-2.4276],[-47.2029,-2.4307],[-47.1994,-2.4466],[-47.1931,-2.4503],[-47.19,-2.463],[-47.1835,-2.4678],[-47.1805,-2.4759],[-47.1778,-2.4806],[-47.1623,-2.4928],[-47.1673,-2.5227],[-47.1795,-2.5593],[-47.2019,-2.568],[-47.2139,-2.5773],[-47.2175,-2.5814],[-47.2134,-2.5929],[-47.2242,-2.5881],[-47.238,-2.5882],[-47.2501,-2.5773],[-47.2528,-2.5624],[-47.2593,-2.5574],[-47.2701,-2.5683],[-47.2841,-2.5636],[-47.2979,-2.5731],[-47.3152,-2.5735],[-47.3235,-2.5705],[-47.3369,-2.576],[-47.3472,-2.5793],[-47.3552,-2.5569],[-47.3936,-2.5356],[-47.4057,-2.5216],[-47.405,-2.5076],[-47.396,-2.4923],[-47.3904,-2.471],[-47.3934,-2.4675],[-47.4054,-2.4657],[-47.4211,-2.44],[-47.4299,-2.4162],[-47.4388,-2.4071],[-47.445,-2.39],[-47.437,-2.3701],[-47.4394,-2.3584],[-47.4562,-2.3289],[-47.4481,-2.3249],[-47.4284,-2.2944],[-47.429,-2.2786],[-47.4221,-2.2653],[-47.4234,-2.2483],[-47.4287,-2.2361],[-47.4484,-2.2265],[-47.4572,-2.2156],[-47.494,-2.2062],[-47.5039,-2.192],[-47.5143,-2.1841],[-47.5172,-2.1693],[-47.5152,-2.159],[-47.5102,-2.146],[-47.5106,-2.1296],[-47.4962,-2.1228],[-47.494,-2.1112],[-47.4847,-2.106],[-47.4715,-2.0893],[-47.4705,-2.0879],[-47.4495,-2.0786],[-47.3987,-2.0783],[-47.356,-2.0749],[-47.3469,-2.0642],[-47.3252,-2.0509],[-47.3136,-2.0277],[-47.2966,-2.0166],[-47.2936,-2.0049],[-47.2876,-1.9956],[-47.2596,-1.9901],[-47.2519,-1.9778],[-47.2401,-1.9703],[-47.2357,-1.9566],[-47.2214,-1.9457],[-47.2218,-1.9296],[-47.2165,-1.9104],[-47.219,-1.8967],[-47.2299,-1.8816],[-47.2275,-1.8719],[-47.2211,-1.8641],[-47.2024,-1.8547],[-47.2035,-1.8488],[-47.2123,-1.8387],[-47.2125,-1.8324],[-47.1951,-1.8217],[-47.1925,-1.8136],[-47.2035,-1.8047],[-47.2026,-1.7945],[-47.2193,-1.7935],[-47.2308,-1.8008],[-47.2528,-1.8042],[-47.261,-1.7944],[-47.2655,-1.7782],[-47.2844,-1.7668],[-47.2847,-1.7581],[-47.2952,-1.7359],[-47.2948,-1.7221],[-47.3089,-1.7091],[-47.3092,-1.6835],[-47.3159,-1.6759],[-47.3149,-1.6632],[-47.3035,-1.6395],[-47.3022,-1.6296],[-47.3061,-1.6116],[-47.3068,-1.6073],[-47.3083,-1.604],[-47.305,-1.6024],[-47.2892,-1.6001],[-47.2876,-1.5903],[-47.2804,-1.5859],[-47.2638,-1.5887],[-47.2514,-1.5847],[-47.24,-1.5937],[-47.2404,-1.5974],[-47.2369,-1.5989],[-47.2266,-1.5911],[-47.2205,-1.5922],[-47.2161,-1.5843],[-47.1998,-1.5854],[-47.1914,-1.5756],[-47.1844,-1.5758],[-47.177,-1.5711],[-47.1704,-1.5713],[-47.1692,-1.575],[-47.1589,-1.573],[-47.1475,-1.5731],[-47.1386,-1.5633],[-47.1354,-1.5555],[-47.1209,-1.5598],[-47.1139,-1.5541],[-47.1126,-1.5534],[-47.1106,-1.5557],[-47.1037,-1.5612],[-47.0874,-1.5574],[-47.0819,-1.5538],[-47.0835,-1.541],[-47.0802,-1.5394],[-47.0566,-1.5422],[-47.043,-1.5499]]]}},{"type":"Feature","properties":{"nome":"Castanhal","cod":"1502400","uf":"PA"},"geometry":{"type":"Polygon","coordinates":[[[-47.8706,-1.0605],[-47.8532,-1.0644],[-47.8235,-1.0643],[-47.8106,-1.0653],[-47.8121,-1.0867],[-47.8379,-1.1309],[-47.8353,-1.1576],[-47.818,-1.1897],[-47.818,-1.1898],[-47.8076,-1.2076],[-47.8166,-1.2203],[-47.8224,-1.2298],[-47.83,-1.2292],[-47.8333,-1.2555],[-47.8417,-1.2654],[-47.8395,-1.2723],[-47.8451,-1.2863],[-47.8397,-1.2883],[-47.8167,-1.2977],[-47.8017,-1.3034],[-47.7786,-1.3048],[-47.7739,-1.307],[-47.638,-1.3744],[-47.6447,-1.3868],[-47.6401,-1.3942],[-47.6425,-1.4061],[-47.6556,-1.4183],[-47.6526,-1.4308],[-47.6619,-1.4339],[-47.6575,-1.4469],[-47.6668,-1.4494],[-47.6629,-1.4606],[-47.6691,-1.4628],[-47.6666,-1.4698],[-47.6967,-1.4827],[-47.6957,-1.489],[-47.7041,-1.4921],[-47.71,-1.4758],[-47.7294,-1.4845],[-47.7331,-1.474],[-47.7394,-1.4769],[-47.7473,-1.4806],[-47.7596,-1.4522],[-47.7555,-1.4497],[-47.758,-1.4454],[-47.7864,-1.4003],[-47.8194,-1.3992],[-47.8232,-1.4028],[-47.8449,-1.3965],[-47.8535,-1.3977],[-47.8571,-1.3618],[-47.8617,-1.3557],[-47.8809,-1.3469],[-47.8822,-1.3433],[-47.8748,-1.3346],[-47.8767,-1.321],[-47.8762,-1.3178],[-47.9848,-1.421],[-47.9857,-1.4219],[-48.0059,-1.4246],[-48.019,-1.4194],[-48.0225,-1.4141],[-48.0266,-1.4088],[-48.0297,-1.389],[-48.0288,-1.3625],[-48.031,-1.3074],[-48.031,-1.3073],[-48.0338,-1.2393],[-48.0356,-1.2081],[-47.9714,-1.2025],[-47.9687,-1.2022],[-47.9881,-1.1767],[-48.0021,-1.1584],[-48.0058,-1.1535],[-48.0207,-1.1339],[-48.0211,-1.1335],[-48.0133,-1.1223],[-47.9922,-1.1035],[-47.9834,-1.0887],[-47.9808,-1.0721],[-47.9745,-1.062],[-47.9505,-1.0408],[-47.9426,-1.0384],[-47.9131,-1.044],[-47.9088,-1.045],[-47.9069,-1.0454],[-47.8816,-1.0504],[-47.8706,-1.0605]]]}},{"type":"Feature","properties":{"nome":"Chaves","cod":"1502509","uf":"PA"},"geometry":{"type":"Polygon","coordinates":[[[-50.0146,0.3336],[-49.9844,0.3236],[-49.9777,0.3247],[-49.9722,0.3193],[-49.9668,0.3209],[-49.9577,0.3316],[-49.9457,0.3216],[-49.9353,0.3186],[-49.93,0.3207],[-49.9157,0.3128],[-49.9029,0.3113],[-49.8473,0.3347],[-49.8411,0.3402],[-49.8374,0.34],[-49.8276,0.3267],[-49.8139,0.3342],[-49.7957,0.3374],[-49.7826,0.3359],[-49.7627,0.3494],[-49.7523,0.3377],[-49.7535,0.3325],[-49.7385,0.3229],[-49.7333,0.3271],[-49.7453,0.3414],[-49.7417,0.3499],[-49.7339,0.3528],[-49.734,0.349],[-49.7296,0.3492],[-49.7236,0.356],[-49.7133,0.355],[-49.7082,0.3598],[-49.6772,0.3663],[-49.6658,0.354],[-49.66,0.3527],[-49.6666,0.3452],[-49.662,0.3442],[-49.654,0.3496],[-49.6496,0.3429],[-49.6419,0.3423],[-49.6334,0.3328],[-49.6341,0.3295],[-49.6153,0.3134],[-49.6011,0.267],[-49.5892,0.2496],[-49.5619,0.2033],[-49.5187,0.1434],[-49.4818,0.0875],[-49.4576,0.0653],[-49.4484,0.0706],[-49.4349,0.0681],[-49.4293,0.0611],[-49.4252,0.062],[-49.4178,0.0574],[-49.4163,0.0529],[-49.3906,0.0462],[-49.383,0.033],[-49.3887,0.0231],[-49.3979,0.0209],[-49.3965,0.0161],[-49.3784,0.0128],[-49.3672,0.0],[-49.2233,-0.0641],[-49.1746,-0.0858],[-49.0845,-0.1259],[-49.0078,-0.1601],[-48.9996,-0.1816],[-48.9725,-0.1977],[-48.954,-0.2062],[-48.9303,-0.2256],[-48.9156,-0.2312],[-48.9196,-0.2391],[-48.9181,-0.245],[-48.9268,-0.2564],[-48.9206,-0.2802],[-48.9224,-0.2911],[-48.9455,-0.3403],[-48.9609,-0.3597],[-48.9725,-0.3815],[-48.99,-0.4109],[-48.9963,-0.4361],[-49.0061,-0.445],[-48.9999,-0.4179],[-49.0051,-0.4139],[-49.0202,-0.4205],[-49.0618,-0.4547],[-49.0771,-0.4529],[-49.0857,-0.4384],[-49.0968,-0.4358],[-49.1058,-0.4435],[-49.1185,-0.473],[-49.129,-0.4853],[-49.1374,-0.4897],[-49.1443,-0.4888],[-49.1604,-0.472],[-49.1658,-0.4707],[-49.1712,-0.4741],[-49.1916,-0.5039],[-49.2076,-0.5096],[-49.2187,-0.4831],[-49.2377,-0.4789],[-49.2504,-0.4592],[-49.2709,-0.4495],[-49.2873,-0.4189],[-49.2945,-0.3952],[-49.3097,-0.3632],[-49.3312,-0.3368],[-49.34,-0.3405],[-49.367,-0.3516],[-49.3933,-0.3771],[-49.4083,-0.406],[-49.407,-0.4174],[-49.4044,-0.4268],[-49.4174,-0.5015],[-49.435,-0.5093],[-49.4422,-0.5164],[-49.4489,-0.5289],[-49.4522,-0.5498],[-49.4547,-0.5518],[-49.4535,-0.5657],[-49.4569,-0.5709],[-49.4485,-0.5876],[-49.4536,-0.6047],[-49.4709,-0.6231],[-49.4713,-0.6429],[-49.4888,-0.6667],[-49.4919,-0.6643],[-49.5,-0.6491],[-49.5372,-0.6243],[-49.58,-0.6019],[-49.6037,-0.5953],[-49.6334,-0.574],[-49.6518,-0.5559],[-49.6699,-0.5541],[-49.7304,-0.5899],[-49.7749,-0.6044],[-49.8201,-0.6],[-49.8349,-0.587],[-49.8509,-0.58],[-49.9018,-0.5307],[-49.9648,-0.4931],[-50.0063,-0.479],[-50.0587,-0.4791],[-50.0759,-0.4829],[-50.0798,-0.4801],[-50.0815,-0.4685],[-50.1068,-0.4705],[-50.113,-0.4526],[-50.1937,-0.2184],[-50.1955,-0.2132],[-50.2892,-0.1111],[-50.2982,-0.1012],[-50.2989,-0.0666],[-50.2993,-0.0657],[-50.3219,-0.0264],[-50.3314,-0.0128],[-50.3699,0.0169],[-50.3798,0.0261],[-50.3953,0.0508],[-50.415,0.1179],[-50.4324,0.1499],[-50.4528,0.1687],[-50.4704,0.1779],[-50.5301,0.1923],[-50.5797,0.2275],[-50.5992,0.2497],[-50.5557,0.3071],[-50.5234,0.3727],[-50.5036,0.4354],[-50.4855,0.4592],[-50.4758,0.4818],[-50.4668,0.5313],[-50.4519,0.5713],[-50.4361,0.6004],[-50.4094,0.6237],[-50.3468,0.6672],[-50.3142,0.6784],[-50.2474,0.6922],[-50.1976,0.7012],[-50.1565,0.7055],[-50.0935,0.7024],[-50.0916,0.6475],[-50.059,0.6168],[-50.0404,0.5739],[-50.0351,0.5092],[-50.0431,0.4865],[-50.0501,0.4001],[-50.0521,0.3726],[-50.0608,0.3388],[-50.0146,0.3336]]]}},{"type":"Feature","properties":{"nome":"Colares","cod":"1502608","uf":"PA"},"geometry":{"type":"Polygon","coordinates":[[[-48.1732,-0.947],[-48.1752,-0.9495],[-48.1926,-0.9478],[-48.1945,-0.9714],[-48.2004,-0.9768],[-48.2042,-0.9773],[-48.2053,-0.9816],[-48.1923,-0.9907],[-48.1986,-1.005],[-48.2134,-1.0065],[-48.2193,-1.0095],[-48.2223,-1.0169],[-48.2257,-1.0208],[-48.2364,-1.0135],[-48.2416,-1.0146],[-48.2461,-1.0157],[-48.2616,-1.0154],[-48.2741,-1.0203],[-48.2908,-1.0166],[-48.3068,-1.0187],[-48.4389,-0.9821],[-48.4391,-0.9785],[-48.4372,-0.9764],[-48.4186,-0.9225],[-48.4155,-0.9167],[-48.3942,-0.8888],[-48.3723,-0.8537],[-48.3624,-0.8341],[-48.3448,-0.8009],[-48.3275,-0.7774],[-48.2969,-0.7743],[-48.2845,-0.7774],[-48.2662,-0.7889],[-48.2211,-0.7906],[-48.2076,-0.7944],[-48.1575,-0.8259],[-48.1482,-0.8374],[-48.1464,-0.8451],[-48.1512,-0.857],[-48.1591,-0.8769],[-48.1501,-0.8965],[-48.1533,-0.9046],[-48.1664,-0.9107],[-48.1691,-0.9243],[-48.1693,-0.9286],[-48.171,-0.9368],[-48.1732,-0.947]]]}},{"type":"Feature","properties":{"nome":"Conceição do Araguaia","cod":"1502707","uf":"PA"},"geometry":{"type":"Polygon","coordinates":[[[-49.2961,-7.696],[-49.2635,-7.7231],[-49.2396,-7.7403],[-49.2207,-7.7612],[-49.2027,-7.7741],[-49.1574,-7.7934],[-49.1501,-7.8018],[-49.148,-7.8069],[-49.1582,-7.8242],[-49.1645,-7.8325],[-49.1664,-7.8491],[-49.1673,-7.8539],[-49.1659,-7.8799],[-49.1623,-7.9001],[-49.1628,-7.9209],[-49.1692,-7.9544],[-49.1816,-7.9766],[-49.1752,-8.0088],[-49.1728,-8.0206],[-49.1744,-8.0502],[-49.1797,-8.0672],[-49.1927,-8.0761],[-49.1989,-8.0872],[-49.2012,-8.108],[-49.2069,-8.1221],[-49.2034,-8.1396],[-49.2091,-8.1751],[-49.2217,-8.2051],[-49.2359,-8.2321],[-49.2482,-8.255],[-49.2556,-8.2866],[-49.2647,-8.3228],[-49.2696,-8.3429],[-49.2758,-8.3633],[-49.2829,-8.3792],[-49.29,-8.388],[-49.3129,-8.4025],[-49.3376,-8.4103],[-49.349,-8.418],[-49.3735,-8.4508],[-49.3911,-8.4894],[-49.3992,-8.5467],[-49.4025,-8.5631],[-49.4094,-8.5796],[-49.451,-8.6121],[-49.4634,-8.639],[-49.4709,-8.6477],[-49.4813,-8.6733],[-49.4862,-8.6752],[-49.49,-8.6841],[-49.5087,-8.6915],[-49.5149,-8.6902],[-49.5213,-8.6983],[-49.5392,-8.7031],[-49.5422,-8.722],[-49.5541,-8.7417],[-49.5575,-8.7418],[-49.5613,-8.7548],[-49.5666,-8.7603],[-49.5746,-8.7657],[-49.5836,-8.7875],[-49.6019,-8.7989],[-49.6087,-8.79],[-49.6311,-8.7943],[-49.6366,-8.7882],[-49.6432,-8.7869],[-49.6479,-8.7762],[-49.6574,-8.7706],[-49.6699,-8.7738],[-49.6807,-8.7616],[-49.7021,-8.7605],[-49.707,-8.7533],[-49.7155,-8.7437],[-49.7146,-8.7368],[-49.721,-8.7382],[-49.7331,-8.7253],[-49.7357,-8.7113],[-49.7315,-8.7064],[-49.7402,-8.6901],[-49.7506,-8.678],[-49.7565,-8.6762],[-49.759,-8.6655],[-49.7657,-8.6575],[-49.7622,-8.6263],[-49.7671,-8.6181],[-49.7671,-8.6031],[-49.7771,-8.5727],[-49.7657,-8.5541],[-49.7538,-8.5504],[-49.7396,-8.536],[-49.7321,-8.5332],[-49.7254,-8.5273],[-49.7238,-8.5204],[-49.7089,-8.5129],[-49.7015,-8.5023],[-49.6744,-8.5079],[-49.6589,-8.5001],[-49.6587,-8.3756],[-49.6587,-8.3683],[-49.6587,-8.367],[-49.6586,-8.2856],[-49.6706,-8.2783],[-49.6799,-8.2824],[-49.6835,-8.279],[-49.6963,-8.2828],[-49.7149,-8.2933],[-49.7164,-8.303],[-49.7227,-8.311],[-49.7279,-8.3058],[-49.7341,-8.3055],[-49.7324,-8.3163],[-49.7393,-8.3342],[-49.7521,-8.3349],[-49.7593,-8.3423],[-49.7624,-8.3368],[-49.7765,-8.3294],[-49.7831,-8.3286],[-49.7941,-8.3374],[-49.8019,-8.3359],[-49.8102,-8.3345],[-49.8125,-8.3278],[-49.8263,-8.3314],[-49.8456,-8.3082],[-49.8567,-8.2742],[-49.8564,-8.2664],[-49.8726,-8.2451],[-49.8746,-8.2364],[-49.8686,-8.2261],[-49.8729,-8.2175],[-49.8733,-8.2052],[-49.8654,-8.1816],[-49.8689,-8.157],[-49.8731,-8.1447],[-49.8834,-8.1375],[-49.8875,-8.1385],[-49.8901,-8.1325],[-49.8993,-8.1302],[-49.9,-8.1287],[-49.9055,-8.1174],[-49.9062,-8.1069],[-49.9136,-8.0962],[-49.9081,-8.0732],[-49.909,-8.0643],[-49.8934,-8.042],[-49.8771,-8.0295],[-49.8593,-8.0023],[-49.8452,-7.9919],[-49.8317,-7.9868],[-49.8265,-7.9676],[-49.8166,-7.961],[-49.8117,-7.9475],[-49.8049,-7.9497],[-49.8022,-7.9424],[-49.785,-7.935],[-49.7844,-7.9287],[-49.7807,-7.9257],[-49.7706,-7.9222],[-49.7685,-7.9271],[-49.7597,-7.9153],[-49.7529,-7.9099],[-49.7461,-7.9098],[-49.7426,-7.9051],[-49.7269,-7.9107],[-49.7229,-7.9077],[-49.7179,-7.9036],[-49.7099,-7.9058],[-49.6944,-7.9013],[-49.6858,-7.9087],[-49.679,-7.9079],[-49.6781,-7.9159],[-49.6675,-7.9192],[-49.6573,-7.917],[-49.6462,-7.9058],[-49.6381,-7.9138],[-49.6297,-7.9147],[-49.6297,-7.8946],[-49.6168,-7.889],[-49.6156,-7.8794],[-49.6044,-7.8724],[-49.6031,-7.8656],[-49.6105,-7.8536],[-49.6104,-7.8474],[-49.596,-7.844],[-49.5925,-7.8398],[-49.5841,-7.84],[-49.5816,-7.8312],[-49.5785,-7.8315],[-49.58,-7.826],[-49.5765,-7.8255],[-49.5718,-7.8172],[-49.5587,-7.8251],[-49.5575,-7.8287],[-49.5613,-7.8289],[-49.5637,-7.834],[-49.5499,-7.8307],[-49.5515,-7.8412],[-49.5451,-7.841],[-49.5369,-7.8348],[-49.5184,-7.8438],[-49.5106,-7.8362],[-49.5168,-7.8349],[-49.5205,-7.8289],[-49.518,-7.825],[-49.5029,-7.8239],[-49.4994,-7.8285],[-49.4967,-7.8273],[-49.5045,-7.8157],[-49.5112,-7.8148],[-49.5087,-7.8043],[-49.4904,-7.8056],[-49.4756,-7.7927],[-49.4783,-7.7867],[-49.4859,-7.7891],[-49.4928,-7.785],[-49.4969,-7.7727],[-49.4836,-7.7695],[-49.4744,-7.758],[-49.4563,-7.7503],[-49.4361,-7.7404],[-49.434,-7.7338],[-49.4268,-7.7342],[-49.4234,-7.7296],[-49.4207,-7.7257],[-49.4175,-7.7217],[-49.4263,-7.7134],[-49.4279,-7.7045],[-49.4395,-7.6959],[-49.4364,-7.6928],[-49.4227,-7.6994],[-49.4168,-7.6964],[-49.4049,-7.6973],[-49.4036,-7.6811],[-49.4173,-7.6742],[-49.4137,-7.6528],[-49.381,-7.6362],[-49.3605,-7.6145],[-49.3412,-7.6569],[-49.3367,-7.665],[-49.3276,-7.6774],[-49.2961,-7.696]]]}},{"type":"Feature","properties":{"nome":"Concórdia do Pará","cod":"1502756","uf":"PA"},"geometry":{"type":"Polygon","coordinates":[[[-47.9456,-1.6667],[-47.9354,-1.6743],[-47.9084,-1.6693],[-47.8959,-1.6745],[-47.8866,-1.6877],[-47.8839,-1.699],[-47.8891,-1.7102],[-47.8914,-1.7258],[-47.8879,-1.7461],[-47.8924,-1.7677],[-47.889,-1.7694],[-47.8941,-1.7878],[-47.8782,-1.7858],[-47.8722,-1.7926],[-47.876,-1.7992],[-47.8836,-1.8118],[-47.8783,-1.842],[-47.8837,-1.8541],[-47.8853,-1.8663],[-47.8984,-1.8772],[-47.9009,-1.8864],[-47.9052,-1.9341],[-47.8998,-1.9343],[-47.8943,-1.9336],[-47.8941,-1.943],[-47.8988,-1.952],[-47.9112,-1.962],[-47.9071,-1.9662],[-47.8911,-1.968],[-47.8893,-1.983],[-47.9088,-1.9956],[-47.9256,-2.0064],[-47.9275,-2.023],[-47.9509,-2.0317],[-47.9759,-2.0644],[-47.9808,-2.0699],[-47.9864,-2.0901],[-48.0437,-2.0854],[-48.0534,-2.0841],[-48.0604,-2.0563],[-48.071,-2.0469],[-48.0759,-2.0419],[-48.0713,-2.0148],[-48.0625,-2.0053],[-48.0629,-1.9964],[-48.0594,-1.9864],[-48.0496,-1.9595],[-48.0505,-1.948],[-48.0415,-1.9265],[-48.0427,-1.9202],[-48.0541,-1.9057],[-48.051,-1.8783],[-48.0624,-1.8685],[-48.0747,-1.841],[-48.0806,-1.8151],[-48.0656,-1.8033],[-48.0545,-1.8008],[-48.053,-1.7872],[-48.0494,-1.7843],[-48.0452,-1.7835],[-48.0388,-1.7756],[-48.0194,-1.7735],[-48.0057,-1.7672],[-47.9911,-1.7367],[-47.9783,-1.7314],[-47.9788,-1.7176],[-47.9638,-1.7129],[-47.9629,-1.7],[-47.9629,-1.6932],[-47.9554,-1.6729],[-47.9456,-1.6667]]]}},{"type":"Feature","properties":{"nome":"Cumaru do Norte","cod":"1502764","uf":"PA"},"geometry":{"type":"Polygon","coordinates":[[[-51.0363,-7.3442],[-51.0396,-7.3491],[-51.0259,-7.3499],[-51.0283,-7.3526],[-51.025,-7.3592],[-51.0025,-7.3615],[-51.0024,-7.3665],[-50.9984,-7.3672],[-51.0018,-7.3707],[-50.9995,-7.373],[-50.9958,-7.3715],[-50.9872,-7.3761],[-50.9842,-7.374],[-50.9822,-7.3781],[-50.9716,-7.3731],[-50.9739,-7.3996],[-50.9843,-7.4054],[-50.9937,-7.4209],[-50.9936,-7.4374],[-50.9849,-7.4511],[-50.9896,-7.4804],[-50.996,-7.4923],[-50.985,-7.5057],[-50.9845,-7.5106],[-50.9858,-7.5183],[-50.9788,-7.5257],[-50.976,-7.5393],[-50.9687,-7.5408],[-50.9694,-7.5503],[-50.9639,-7.5537],[-50.9626,-7.5818],[-50.9568,-7.5819],[-50.9418,-7.5885],[-50.9432,-7.606],[-50.9393,-7.6146],[-50.9355,-7.6107],[-50.9284,-7.5985],[-50.9173,-7.6039],[-50.9127,-7.5958],[-50.8986,-7.5968],[-50.8916,-7.5889],[-50.8838,-7.586],[-50.876,-7.6059],[-50.863,-7.6056],[-50.8539,-7.6128],[-50.8318,-7.6121],[-50.8257,-7.6269],[-50.8297,-7.638],[-50.817,-7.6424],[-50.808,-7.6532],[-50.8016,-7.6521],[-50.7947,-7.6426],[-50.7776,-7.6359],[-50.7675,-7.6565],[-50.7668,-7.6682],[-50.7704,-7.6802],[-50.7579,-7.6986],[-50.7516,-7.6968],[-50.7435,-7.7003],[-50.7469,-7.7207],[-50.7362,-7.7368],[-50.7356,-7.7434],[-50.7268,-7.7433],[-50.7156,-7.7301],[-50.6981,-7.7307],[-50.6852,-7.7362],[-50.6794,-7.728],[-50.6711,-7.7255],[-50.663,-7.7123],[-50.6454,-7.7133],[-50.6349,-7.7004],[-50.6325,-7.7061],[-50.6254,-7.7145],[-50.6184,-7.7092],[-50.5916,-7.7279],[-50.5799,-7.7289],[-50.5639,-7.7385],[-50.5583,-7.747],[-50.5406,-7.7472],[-50.5356,-7.7535],[-50.5252,-7.7522],[-50.5112,-7.7655],[-50.5127,-7.7677],[-50.508,-7.774],[-50.51,-7.7763],[-50.5207,-7.7805],[-50.5275,-7.7892],[-50.5405,-7.7961],[-50.5505,-7.8278],[-50.5686,-7.8451],[-50.5696,-7.8488],[-50.5628,-7.8519],[-50.5618,-7.8589],[-50.5713,-7.8621],[-50.5738,-7.8652],[-50.572,-7.8681],[-50.5996,-7.888],[-50.6077,-7.8907],[-50.6121,-7.8972],[-50.6092,-7.8998],[-50.5953,-7.8991],[-50.5812,-7.8921],[-50.5626,-7.9019],[-50.5507,-7.898],[-50.5398,-7.9339],[-50.536,-7.959],[-50.5294,-7.9596],[-50.5169,-7.9539],[-50.5116,-7.963],[-50.5106,-7.9699],[-50.5261,-7.9836],[-50.5144,-7.9876],[-50.5128,-7.9939],[-50.533,-8.0081],[-50.5271,-8.0195],[-50.5068,-8.0185],[-50.5051,-8.0226],[-50.5171,-8.0523],[-50.5226,-8.0539],[-50.5251,-8.0977],[-50.5591,-8.1029],[-50.5579,-8.126],[-50.556,-8.129],[-50.5495,-8.1286],[-50.5518,-8.1441],[-50.5686,-8.156],[-50.5807,-8.1604],[-50.5809,-8.1675],[-50.5992,-8.1909],[-50.6092,-8.1854],[-50.628,-8.2006],[-50.6335,-8.1978],[-50.6329,-8.2143],[-50.6396,-8.223],[-50.6528,-8.2291],[-50.6519,-8.2352],[-50.6512,-8.2399],[-50.6612,-8.2461],[-50.6799,-8.2477],[-50.6854,-8.2516],[-50.7036,-8.2456],[-50.7184,-8.2497],[-50.7199,-8.2595],[-50.7455,-8.2639],[-50.745,-8.2749],[-50.7397,-8.2887],[-50.7339,-8.2943],[-50.7501,-8.3039],[-50.7567,-8.3007],[-50.766,-8.3192],[-50.758,-8.3387],[-50.7655,-8.3397],[-50.7749,-8.3309],[-50.7744,-8.3207],[-50.7811,-8.3157],[-50.7773,-8.3048],[-50.7868,-8.3079],[-50.7965,-8.3051],[-50.8065,-8.2972],[-50.8172,-8.2959],[-50.8373,-8.3045],[-50.8349,-8.3125],[-50.8276,-8.3118],[-50.8274,-8.3234],[-50.833,-8.3252],[-50.8521,-8.3474],[-50.8543,-8.3369],[-50.8595,-8.3309],[-50.8669,-8.3363],[-50.8769,-8.3551],[-50.8856,-8.3554],[-50.8825,-8.3728],[-50.8876,-8.3786],[-50.8856,-8.3873],[-50.8854,-8.3924],[-50.8698,-8.404],[-50.8692,-8.4122],[-50.8947,-8.4368],[-50.909,-8.4459],[-50.9075,-8.4635],[-50.9208,-8.4741],[-50.9291,-8.5056],[-50.9316,-8.5082],[-50.9478,-8.5034],[-50.9511,-8.5064],[-50.938,-8.5167],[-50.9381,-8.5244],[-50.9456,-8.5308],[-50.9449,-8.5409],[-50.9346,-8.5669],[-50.9427,-8.5833],[-50.9744,-8.612],[-50.9781,-8.6228],[-50.9879,-8.6253],[-50.9927,-8.6309],[-51.007,-8.6331],[-51.0109,-8.6393],[-51.0204,-8.6402],[-51.0209,-8.6479],[-51.0293,-8.6566],[-51.0419,-8.6629],[-51.0469,-8.6733],[-51.0319,-8.7071],[-51.031,-8.7255],[-51.0266,-8.7312],[-51.0303,-8.748],[-51.0232,-8.7698],[-51.0296,-8.7795],[-51.0305,-8.8077],[-51.0394,-8.8299],[-51.0329,-8.8426],[-51.0342,-8.8504],[-51.0534,-8.8699],[-51.0627,-8.8837],[-51.0678,-8.8994],[-51.0749,-8.9016],[-51.0879,-8.891],[-51.0956,-8.8916],[-51.1027,-8.8989],[-51.1109,-8.9202],[-51.1086,-8.9311],[-51.0831,-8.937],[-51.0815,-8.9511],[-51.0765,-8.9616],[-51.0507,-8.9868],[-51.058,-9.0001],[-51.0865,-9.0093],[-51.0888,-9.0199],[-51.1008,-9.0382],[-51.092,-9.0495],[-51.0901,-9.07],[-51.1007,-9.093],[-51.1236,-9.1234],[-51.1163,-9.1335],[-51.1055,-9.1314],[-51.1043,-9.1446],[-51.0896,-9.1556],[-51.0799,-9.1709],[-51.0736,-9.1738],[-51.0648,-9.1697],[-51.0625,-9.1721],[-51.0651,-9.1789],[-51.0552,-9.1882],[-51.052,-9.2073],[-51.0627,-9.2188],[-51.0589,-9.2283],[-51.0634,-9.2488],[-51.0774,-9.2531],[-51.0832,-9.2612],[-51.0707,-9.2923],[-51.0741,-9.3024],[-51.0729,-9.3109],[-51.0766,-9.338],[-51.0731,-9.3401],[-51.0743,-9.3468],[-51.0657,-9.3519],[-51.0588,-9.3657],[-51.0604,-9.3859],[-51.0675,-9.4066],[-51.0664,-9.4221],[-51.0692,-9.4451],[-51.0814,-9.4459],[-51.0851,-9.4512],[-51.0774,-9.4557],[-51.0787,-9.4737],[-51.0901,-9.4849],[-51.1075,-9.4855],[-51.1186,-9.4925],[-51.1295,-9.5116],[-51.1248,-9.5315],[-51.1306,-9.5348],[-51.1286,-9.5414],[-51.1396,-9.5591],[-51.143,-9.5607],[-51.1478,-9.5558],[-51.1599,-9.5475],[-51.1629,-9.5313],[-51.1704,-9.5315],[-51.1858,-9.5236],[-51.1951,-9.538],[-51.2146,-9.544],[-51.2292,-9.5562],[-51.2389,-9.5544],[-51.2454,-9.5663],[-51.2637,-9.5773],[-51.2596,-9.5827],[-51.2664,-9.5958],[-51.2643,-9.599],[-51.2667,-9.6106],[-51.2595,-9.617],[-51.2593,-9.626],[-51.2661,-9.6272],[-51.2685,-9.6421],[-51.2663,-9.6568],[-51.2773,-9.6669],[-51.2767,-9.6863],[-51.2849,-9.6985],[-51.2911,-9.6968],[-51.297,-9.6847],[-51.3061,-9.6876],[-51.3166,-9.6802],[-51.3163,-9.6606],[-51.3205,-9.6546],[-51.3169,-9.6498],[-51.3246,-9.6427],[-51.319,-9.6168],[-51.3202,-9.6102],[-51.3167,-9.6046],[-51.3262,-9.5995],[-51.3225,-9.592],[-51.3465,-9.5762],[-51.3519,-9.5772],[-51.354,-9.5653],[-51.3665,-9.5665],[-51.3686,-9.5631],[-51.3826,-9.5589],[-51.38,-9.5523],[-51.3667,-9.5517],[-51.3626,-9.5465],[-51.3715,-9.5405],[-51.374,-9.5322],[-51.3682,-9.5166],[-51.3886,-9.512],[-51.4,-9.5028],[-51.4067,-9.5028],[-51.4119,-9.499],[-51.4157,-9.4883],[-51.4237,-9.4867],[-51.4351,-9.47],[-51.4368,-9.4569],[-51.4289,-9.4514],[-51.4301,-9.448],[-51.4374,-9.4397],[-51.4478,-9.4416],[-51.4546,-9.4348],[-51.4568,-9.4296],[-51.4528,-9.4199],[-51.4546,-9.4135],[-51.4624,-9.4078],[-51.4717,-9.4094],[-51.4872,-9.387],[-51.4883,-9.3808],[-51.4786,-9.3717],[-51.4727,-9.3502],[-51.4666,-9.3475],[-51.4634,-9.3401],[-51.4641,-9.3256],[-51.4766,-9.3244],[-51.4864,-9.3094],[-51.4812,-9.2993],[-51.4851,-9.2873],[-51.4819,-9.2792],[-51.4834,-9.2628],[-51.4788,-9.2475],[-51.4927,-9.2466],[-51.4931,-9.2376],[-51.5003,-9.2271],[-51.506,-9.2245],[-51.5088,-9.2085],[-51.5178,-9.1939],[-51.5245,-9.1914],[-51.5316,-9.2001],[-51.5463,-9.2065],[-51.5364,-9.1902],[-51.5433,-9.1839],[-51.5435,-9.1674],[-51.5607,-9.1567],[-51.5753,-9.1364],[-51.5592,-9.0952],[-51.5635,-9.0815],[-51.5944,-9.0883],[-51.6181,-9.0711],[-51.6274,-9.07],[-51.6329,-9.062],[-51.6521,-9.0676],[-51.6557,-9.0615],[-51.6719,-9.0559],[-51.6729,-9.0522],[-51.6674,-9.0473],[-51.6672,-9.0413],[-51.6829,-9.0407],[-51.6956,-9.0317],[-51.7012,-9.0227],[-51.7015,-9.0108],[-51.7166,-9.0044],[-51.7287,-8.9941],[-51.7351,-8.9834],[-51.7447,-8.979],[-51.7407,-8.9632],[-51.7275,-8.9493],[-51.7274,-8.9307],[-51.7338,-8.9219],[-51.7315,-8.9001],[-51.7415,-8.8869],[-51.7636,-8.8864],[-51.7839,-8.8823],[-51.8022,-8.8854],[-51.8187,-8.8958],[-51.8538,-8.9052],[-51.8646,-8.9043],[-51.8805,-8.897],[-51.8923,-8.8738],[-51.9176,-8.8581],[-51.9224,-8.8492],[-51.9195,-8.8152],[-51.8828,-8.7901],[-51.8526,-8.78],[-51.8298,-8.7673],[-51.8131,-8.7508],[-51.7806,-8.7272],[-51.7803,-8.7116],[-51.7952,-8.7091],[-51.7844,-8.6937],[-51.7847,-8.6873],[-51.7846,-8.6853],[-51.7855,-8.6791],[-51.7748,-8.6712],[-51.7784,-8.6483],[-51.7774,-8.6351],[-51.7708,-8.6274],[-51.7707,-8.6061],[-51.7757,-8.5959],[-51.7821,-8.5908],[-51.7976,-8.587],[-51.7981,-8.5829],[-51.7898,-8.5768],[-51.7942,-8.5711],[-51.8058,-8.5658],[-51.8117,-8.5506],[-51.8053,-8.5443],[-51.7825,-8.456],[-51.764,-8.4313],[-51.7653,-8.4234],[-51.7719,-8.4148],[-51.7764,-8.3868],[-51.7813,-8.3793],[-51.7798,-8.3726],[-51.7937,-8.3656],[-51.7947,-8.353],[-51.805,-8.3479],[-51.8061,-8.3383],[-51.8144,-8.3449],[-51.8346,-8.3326],[-51.8532,-8.3367],[-51.8694,-8.3094],[-51.8768,-8.3069],[-51.8873,-8.3091],[-51.891,-8.3057],[-51.892,-8.2863],[-51.9088,-8.2703],[-51.9103,-8.2485],[-51.9047,-8.2374],[-51.8964,-8.2345],[-51.8826,-8.2184],[-51.8796,-8.2187],[-51.8639,-8.2455],[-51.8407,-8.2539],[-51.8215,-8.2548],[-51.8062,-8.2605],[-51.7938,-8.2696],[-51.7751,-8.2735],[-51.7707,-8.2706],[-51.7673,-8.261],[-51.7686,-8.25],[-51.7574,-8.2407],[-51.7532,-8.2298],[-51.7333,-8.2395],[-51.7237,-8.2357],[-51.7223,-8.2283],[-51.7182,-8.2265],[-51.7153,-8.2318],[-51.7118,-8.2296],[-51.7004,-8.2352],[-51.6917,-8.2347],[-51.6814,-8.2441],[-51.6764,-8.2442],[-51.6678,-8.2349],[-51.6624,-8.2362],[-51.6626,-8.2413],[-51.6578,-8.2464],[-51.6533,-8.2402],[-51.6428,-8.2461],[-51.6367,-8.2453],[-51.6438,-8.2333],[-51.6266,-8.2175],[-51.6272,-8.2108],[-51.6205,-8.2036],[-51.6052,-8.194],[-51.5992,-8.195],[-51.5996,-8.1911],[-51.5876,-8.19],[-51.5749,-8.1951],[-51.5741,-8.1991],[-51.5706,-8.1932],[-51.5681,-8.196],[-51.5618,-8.1914],[-51.5516,-8.2052],[-51.5431,-8.2065],[-51.5422,-8.2029],[-51.5341,-8.1999],[-51.5293,-8.1866],[-51.5132,-8.1848],[-51.5139,-8.1707],[-51.5036,-8.1661],[-51.5062,-8.1623],[-51.5023,-8.164],[-51.489,-8.1509],[-51.4882,-8.1454],[-51.4841,-8.1439],[-51.481,-8.1292],[-51.4697,-8.1169],[-51.4653,-8.1056],[-51.4566,-8.1112],[-51.4548,-8.0946],[-51.4449,-8.0905],[-51.4467,-8.078],[-51.4351,-8.0763],[-51.4319,-8.0727],[-51.4354,-8.0663],[-51.4352,-8.0451],[-51.4417,-8.0279],[-51.4244,-8.0056],[-51.4156,-8.006],[-51.4136,-8.0116],[-51.4024,-8.0166],[-51.3952,-8.0136],[-51.3846,-8.0157],[-51.3637,-8.0069],[-51.3494,-8.0063],[-51.3421,-8.0001],[-51.351,-7.9917],[-51.3502,-7.9883],[-51.341,-7.9856],[-51.3385,-7.9766],[-51.3327,-7.9721],[-51.3256,-7.9696],[-51.3215,-7.9755],[-51.3057,-7.9765],[-51.2919,-7.9667],[-51.2714,-7.9583],[-51.2498,-7.9553],[-51.2368,-7.9314],[-51.231,-7.9049],[-51.2253,-7.8992],[-51.2124,-7.8963],[-51.1769,-7.8752],[-51.1689,-7.8463],[-51.1539,-7.8221],[-51.1463,-7.7965],[-51.147,-7.7888],[-51.1358,-7.7687],[-51.1879,-7.7263],[-51.186,-7.715],[-51.1981,-7.6875],[-51.2069,-7.6841],[-51.2129,-7.6767],[-51.2104,-7.659],[-51.2152,-7.6463],[-51.2149,-7.6299],[-51.2392,-7.6107],[-51.2407,-7.6001],[-51.2361,-7.5878],[-51.1931,-7.566],[-51.1856,-7.5576],[-51.1851,-7.5298],[-51.1883,-7.5239],[-51.1985,-7.5203],[-51.1995,-7.512],[-51.1997,-7.473],[-51.2127,-7.4476],[-51.2112,-7.4281],[-51.2189,-7.4134],[-51.2298,-7.4035],[-51.2269,-7.3841],[-51.2199,-7.3809],[-51.2123,-7.3711],[-51.206,-7.3484],[-51.2044,-7.3281],[-51.1957,-7.3262],[-51.1954,-7.3311],[-51.1923,-7.3297],[-51.1881,-7.3464],[-51.1834,-7.3453],[-51.183,-7.3532],[-51.177,-7.352],[-51.1765,-7.3467],[-51.1709,-7.343],[-51.1688,-7.3458],[-51.1654,-7.3431],[-51.1552,-7.3473],[-51.1481,-7.3577],[-51.1451,-7.3555],[-51.1417,-7.3601],[-51.1347,-7.3598],[-51.1345,-7.3534],[-51.1312,-7.3543],[-51.1311,-7.3508],[-51.1216,-7.3432],[-51.1101,-7.3402],[-51.1119,-7.3482],[-51.1022,-7.3489],[-51.0894,-7.332],[-51.0778,-7.3277],[-51.0694,-7.319],[-51.0631,-7.3201],[-51.0585,-7.3307],[-51.0391,-7.3372],[-51.0363,-7.3442]]]}},{"type":"Feature","properties":{"nome":"Curionópolis","cod":"1502772","uf":"PA"},"geometry":{"type":"Polygon","coordinates":[[[-49.7798,-5.8351],[-49.7627,-5.8467],[-49.7681,-5.8878],[-49.7608,-5.9026],[-49.7614,-5.9143],[-49.755,-5.9303],[-49.7443,-5.9268],[-49.7343,-5.9286],[-49.7216,-5.9406],[-49.7193,-5.9504],[-49.713,-5.9505],[-49.7085,-5.9503],[-49.7106,-5.9406],[-49.7077,-5.9365],[-49.6978,-5.9415],[-49.685,-5.9326],[-49.6686,-5.9314],[-49.6658,-5.927],[-49.659,-5.92],[-49.6366,-5.9138],[-49.6327,-5.9101],[-49.6326,-5.9044],[-49.6244,-5.9084],[-49.6208,-5.9058],[-49.6136,-5.9072],[-49.6063,-5.9113],[-49.5837,-5.8961],[-49.5611,-5.8948],[-49.5491,-5.8829],[-49.5432,-5.8837],[-49.5409,-5.8889],[-49.5299,-5.886],[-49.5241,-5.8894],[-49.5108,-5.8825],[-49.5078,-5.889],[-49.4932,-5.8927],[-49.4759,-5.8892],[-49.468,-5.8917],[-49.457,-5.9012],[-49.4697,-5.9973],[-49.4594,-6.012],[-49.46,-6.0216],[-49.4692,-6.035],[-49.4737,-6.0613],[-49.4807,-6.0712],[-49.4815,-6.0784],[-49.4728,-6.0887],[-49.4754,-6.1006],[-49.5573,-6.2119],[-49.5569,-6.2196],[-49.5619,-6.2234],[-49.5572,-6.2361],[-49.5585,-6.2423],[-49.5729,-6.2593],[-49.5724,-6.2696],[-49.5617,-6.2858],[-49.5522,-6.2833],[-49.5491,-6.2915],[-49.5393,-6.2945],[-49.5365,-6.2909],[-49.5316,-6.2962],[-49.5273,-6.2957],[-49.5279,-6.3075],[-49.5164,-6.3134],[-49.5148,-6.3177],[-49.5192,-6.3322],[-49.5054,-6.3309],[-49.5001,-6.3273],[-49.4872,-6.3301],[-49.4638,-6.3284],[-49.4471,-6.3333],[-49.432,-6.3304],[-49.4297,-6.3359],[-49.4241,-6.3362],[-49.421,-6.347],[-49.4162,-6.3478],[-49.4148,-6.3545],[-49.4023,-6.3567],[-49.4024,-6.3593],[-49.4143,-6.3617],[-49.4176,-6.3689],[-49.4239,-6.3671],[-49.4252,-6.3714],[-49.4203,-6.3734],[-49.4228,-6.3799],[-49.4168,-6.3856],[-49.421,-6.3947],[-49.4195,-6.4197],[-49.425,-6.4272],[-49.4189,-6.4321],[-49.4153,-6.444],[-49.4108,-6.4449],[-49.6374,-6.6366],[-49.7293,-6.7143],[-49.7145,-6.6714],[-49.7062,-6.658],[-49.7082,-6.6525],[-49.7154,-6.6474],[-49.6962,-6.624],[-49.7021,-6.6188],[-49.7056,-6.5968],[-49.6939,-6.5829],[-49.6882,-6.5661],[-49.6729,-6.554],[-49.6637,-6.5373],[-49.6677,-6.5228],[-49.6503,-6.5168],[-49.6539,-6.5104],[-49.6672,-6.5099],[-49.6735,-6.5063],[-49.6901,-6.5],[-49.6896,-6.4938],[-49.6953,-6.4849],[-49.7115,-6.4745],[-49.7203,-6.4744],[-49.7249,-6.4696],[-49.7254,-6.4626],[-49.7154,-6.4542],[-49.7091,-6.4363],[-49.7212,-6.4223],[-49.7299,-6.4264],[-49.7357,-6.4235],[-49.7361,-6.4162],[-49.7219,-6.3996],[-49.729,-6.3944],[-49.734,-6.3816],[-49.7313,-6.3802],[-49.7439,-6.3707],[-49.7606,-6.3693],[-49.7625,-6.3578],[-49.7711,-6.354],[-49.7788,-6.3567],[-49.7869,-6.3467],[-49.7929,-6.3386],[-49.7856,-6.3215],[-49.7895,-6.3121],[-49.7836,-6.3048],[-49.7875,-6.2794],[-49.8027,-6.2642],[-49.8228,-6.2483],[-49.8281,-6.2178],[-49.8108,-6.218],[-49.8041,-6.2114],[-49.8004,-6.2158],[-49.7818,-6.2213],[-49.7665,-6.2142],[-49.7563,-6.217],[-49.7333,-6.2043],[-49.7356,-6.1805],[-49.7415,-6.1747],[-49.7531,-6.1742],[-49.7552,-6.1717],[-49.7513,-6.165],[-49.7529,-6.1609],[-49.7614,-6.161],[-49.7595,-6.1528],[-49.764,-6.1394],[-49.7696,-6.1322],[-49.7778,-6.1286],[-49.7814,-6.1101],[-49.7755,-6.0972],[-49.7784,-6.0764],[-49.7678,-6.0551],[-49.7691,-6.0462],[-49.7724,-6.041],[-49.7846,-6.0346],[-49.7908,-6.0213],[-49.7818,-6.0127],[-49.7796,-6.0048],[-49.7909,-5.9826],[-49.7932,-5.9641],[-49.8005,-5.9544],[-49.7966,-5.9385],[-49.8071,-5.9264],[-49.8036,-5.9175],[-49.8048,-5.9033],[-49.7965,-5.8995],[-49.7906,-5.8899],[-49.7938,-5.8816],[-49.803,-5.8763],[-49.8011,-5.8667],[-49.8091,-5.8646],[-49.8135,-5.8545],[-49.8164,-5.8607],[-49.8199,-5.8611],[-49.8255,-5.8553],[-49.8314,-5.8358],[-49.8404,-5.828],[-49.8348,-5.8237],[-49.8321,-5.8273],[-49.8234,-5.8261],[-49.8231,-5.8307],[-49.8146,-5.8341],[-49.8089,-5.8357],[-49.8046,-5.8323],[-49.8004,-5.827],[-49.8084,-5.804],[-49.7927,-5.786],[-49.7801,-5.8216],[-49.7798,-5.8351]]]}},{"type":"Feature","properties":{"nome":"Curralinho","cod":"1502806","uf":"PA"},"geometry":{"type":"Polygon","coordinates":[[[-49.9747,-1.3003],[-49.8484,-1.3399],[-49.8456,-1.3334],[-49.8305,-1.3203],[-49.8196,-1.3177],[-49.8134,-1.3205],[-49.7932,-1.3371],[-49.7716,-1.3612],[-49.7383,-1.3598],[-49.7263,-1.3652],[-49.717,-1.4014],[-49.7066,-1.4366],[-49.7065,-1.484],[-49.7068,-1.5035],[-49.7116,-1.5138],[-49.7201,-1.5362],[-49.7156,-1.5577],[-49.7161,-1.5768],[-49.7101,-1.6014],[-49.6972,-1.6204],[-49.6892,-1.6264],[-49.6844,-1.6404],[-49.673,-1.6514],[-49.6363,-1.6782],[-49.6241,-1.6782],[-49.6227,-1.6746],[-49.6154,-1.6739],[-49.6158,-1.6803],[-49.6116,-1.6857],[-49.6048,-1.6773],[-49.5841,-1.6797],[-49.5744,-1.6845],[-49.5783,-1.6948],[-49.5921,-1.7055],[-49.589,-1.7142],[-49.5891,-1.7387],[-49.5967,-1.7514],[-49.6073,-1.76],[-49.6216,-1.7645],[-49.6457,-1.7797],[-49.689,-1.812],[-49.7079,-1.8234],[-49.7178,-1.8352],[-49.731,-1.823],[-49.7451,-1.8157],[-49.7542,-1.8147],[-49.7985,-1.828],[-49.8367,-1.8328],[-49.8674,-1.83],[-49.9672,-1.7874],[-49.9865,-1.7832],[-50.0047,-1.7836],[-50.0439,-1.7888],[-50.1046,-1.8029],[-50.1311,-1.8146],[-50.1486,-1.8204],[-50.1846,-1.8302],[-50.196,-1.8241],[-50.204,-1.8114],[-50.2174,-1.8066],[-50.2533,-1.8057],[-50.2528,-1.7906],[-50.2659,-1.7811],[-50.2907,-1.7301],[-50.3053,-1.7151],[-50.299,-1.6856],[-50.3029,-1.6646],[-50.3303,-1.6302],[-50.3336,-1.6141],[-50.3468,-1.6148],[-50.3689,-1.6097],[-50.3902,-1.5985],[-50.3961,-1.5994],[-50.403,-1.5957],[-50.4264,-1.6075],[-50.4353,-1.5949],[-50.4056,-1.5818],[-50.2905,-1.5309],[-50.2824,-1.5129],[-50.2834,-1.5041],[-50.279,-1.4899],[-50.2866,-1.4773],[-50.2915,-1.4306],[-50.2864,-1.4043],[-50.2818,-1.3981],[-50.2584,-1.3893],[-50.2544,-1.3846],[-50.2486,-1.3865],[-50.2419,-1.3754],[-50.2472,-1.3602],[-50.197,-1.3352],[-50.1394,-1.3202],[-50.1236,-1.3228],[-50.1004,-1.3447],[-50.088,-1.3494],[-50.0805,-1.3493],[-50.0636,-1.3379],[-50.0537,-1.3366],[-50.0393,-1.346],[-50.0288,-1.3708],[-50.0174,-1.3696],[-50.0094,-1.3554],[-50.0068,-1.3415],[-49.9943,-1.3363],[-49.9729,-1.3178],[-49.9747,-1.3003]]]}},{"type":"Feature","properties":{"nome":"Curuá","cod":"1502855","uf":"PA"},"geometry":{"type":"Polygon","coordinates":[[[-55.3509,-1.4354],[-55.3366,-1.4452],[-55.3225,-1.4419],[-55.3194,-1.4446],[-55.3165,-1.443],[-55.3087,-1.4501],[-55.3058,-1.4478],[-55.3024,-1.4612],[-55.2972,-1.4607],[-55.2961,-1.4668],[-55.2903,-1.4646],[-55.2843,-1.4697],[-55.2657,-1.4629],[-55.261,-1.4685],[-55.2636,-1.4727],[-55.2524,-1.4753],[-55.2491,-1.4801],[-55.2441,-1.4782],[-55.2422,-1.4828],[-55.2451,-1.487],[-55.2423,-1.4909],[-55.2219,-1.496],[-55.2194,-1.4913],[-55.2105,-1.4926],[-55.204,-1.4843],[-55.1983,-1.4854],[-55.1946,-1.4958],[-55.1896,-1.4964],[-55.1892,-1.4938],[-55.1839,-1.5004],[-55.1845,-1.508],[-55.1791,-1.5153],[-55.1842,-1.5217],[-55.178,-1.5237],[-55.1751,-1.5294],[-55.1793,-1.54],[-55.1761,-1.5353],[-55.1647,-1.5429],[-55.1644,-1.5431],[-55.1653,-1.5482],[-55.1578,-1.5524],[-55.1507,-1.5625],[-55.1465,-1.5624],[-55.1466,-1.5666],[-55.1437,-1.5605],[-55.1393,-1.5602],[-55.1343,-1.5687],[-55.1245,-1.571],[-55.1235,-1.5771],[-55.1172,-1.5828],[-55.122,-1.5865],[-55.1195,-1.592],[-55.1139,-1.5906],[-55.1136,-1.5945],[-55.1176,-1.5974],[-55.1113,-1.5977],[-55.1105,-1.6045],[-55.1135,-1.6083],[-55.1083,-1.6067],[-55.1044,-1.6145],[-55.1007,-1.6127],[-55.0952,-1.6236],[-55.0957,-1.628],[-55.1011,-1.6292],[-55.1011,-1.632],[-55.0841,-1.633],[-55.078,-1.6384],[-55.0832,-1.6474],[-55.0787,-1.651],[-55.0754,-1.6484],[-55.0734,-1.6503],[-55.0769,-1.6551],[-55.0803,-1.6538],[-55.072,-1.6628],[-55.0804,-1.6709],[-55.0767,-1.677],[-55.074,-1.6715],[-55.0691,-1.6725],[-55.0668,-1.6832],[-55.0619,-1.68],[-55.0586,-1.69],[-55.0608,-1.6931],[-55.0559,-1.6944],[-55.0537,-1.7067],[-55.0575,-1.7128],[-55.0665,-1.7111],[-55.0588,-1.7173],[-55.0671,-1.7238],[-55.059,-1.7263],[-55.0722,-1.7346],[-55.0699,-1.7401],[-55.0639,-1.7397],[-55.061,-1.7456],[-55.0725,-1.7502],[-55.0635,-1.7537],[-55.0651,-1.7576],[-55.0743,-1.7583],[-55.0656,-1.7716],[-55.0528,-1.7671],[-55.0502,-1.7735],[-55.0406,-1.7756],[-55.0372,-1.7819],[-55.0406,-1.7871],[-55.039,-1.7913],[-55.0309,-1.7913],[-55.0262,-1.7853],[-55.0164,-1.7932],[-55.011,-1.7909],[-55.004,-1.7881],[-55.0012,-1.7919],[-55.0008,-1.7952],[-54.9913,-1.798],[-54.9834,-1.7994],[-54.9836,-1.8135],[-54.9749,-1.8108],[-54.967,-1.8148],[-54.9579,-1.8096],[-54.9491,-1.8137],[-54.9431,-1.825],[-54.9355,-1.8233],[-54.9272,-1.8416],[-54.9233,-1.8392],[-54.9175,-1.8439],[-54.9337,-1.8622],[-54.9411,-1.8936],[-54.9504,-1.9024],[-55.0444,-1.9047],[-55.0467,-1.9142],[-55.0381,-1.918],[-55.0472,-1.9221],[-55.0476,-1.9265],[-55.039,-1.9322],[-55.0351,-1.9315],[-55.037,-1.9253],[-55.0325,-1.9197],[-55.0249,-1.9223],[-55.0237,-1.9186],[-55.0164,-1.9202],[-55.0118,-1.9168],[-55.004,-1.9194],[-54.984,-1.9106],[-54.9771,-1.921],[-54.9666,-1.9579],[-54.9646,-1.9639],[-54.94,-1.9629],[-54.9303,-1.9791],[-54.9262,-1.9811],[-54.9228,-1.9797],[-54.922,-1.9691],[-54.9188,-1.9665],[-54.9089,-1.971],[-54.9016,-1.9629],[-54.8862,-1.9683],[-54.8746,-1.9652],[-54.8693,-1.9757],[-54.8516,-1.9721],[-54.85,-1.9805],[-54.8565,-1.9956],[-54.8797,-1.9924],[-54.907,-1.9938],[-54.9329,-2.0108],[-55.004,-2.0334],[-55.0164,-2.0421],[-55.029,-2.0594],[-55.0513,-2.1187],[-55.0635,-2.1402],[-55.0944,-2.1666],[-55.1198,-2.1673],[-55.1559,-2.1618],[-55.2559,-2.1272],[-55.2659,-2.1081],[-55.2085,-2.1036],[-55.205,-2.0952],[-55.1843,-2.0466],[-55.184,-2.0193],[-55.1854,-1.9903],[-55.174,-1.9778],[-55.1788,-1.9685],[-55.1698,-1.9656],[-55.1647,-1.9715],[-55.1591,-1.9606],[-55.1648,-1.9501],[-55.1532,-1.9554],[-55.1521,-1.9522],[-55.1571,-1.9433],[-55.1662,-1.9377],[-55.1697,-1.9286],[-55.1762,-1.9218],[-55.166,-1.7309],[-55.1707,-1.6986],[-55.1735,-1.6789],[-55.2659,-1.5711],[-55.4129,-1.3988],[-55.4129,-1.3987],[-55.4012,-1.4084],[-55.3958,-1.4183],[-55.3859,-1.4235],[-55.3509,-1.4354]]]}},{"type":"Feature","properties":{"nome":"Curuçá","cod":"1502905","uf":"PA"},"geometry":{"type":"Polygon","coordinates":[[[-47.8369,-0.6664],[-47.8403,-0.6687],[-47.8424,-0.6662],[-47.8413,-0.6577],[-47.8331,-0.6538],[-47.8313,-0.6589],[-47.8365,-0.6612],[-47.8369,-0.6664]],[[-47.8019,-0.5862],[-47.7988,-0.5888],[-47.7939,-0.5838],[-47.7744,-0.5801],[-47.7677,-0.5849],[-47.7723,-0.5909],[-47.7625,-0.6174],[-47.7691,-0.6361],[-47.7661,-0.6379],[-47.7581,-0.6304],[-47.7587,-0.6423],[-47.7661,-0.6618],[-47.7644,-0.6671],[-47.761,-0.672],[-47.7548,-0.6732],[-47.7544,-0.6782],[-47.7617,-0.7048],[-47.7632,-0.7104],[-47.7911,-0.8089],[-47.8079,-0.8687],[-47.8147,-0.8925],[-47.8176,-0.9004],[-47.8143,-0.9217],[-47.8292,-0.9328],[-47.8405,-0.9488],[-47.8522,-0.9483],[-47.8598,-0.9522],[-47.8625,-0.9357],[-47.8817,-0.9294],[-47.9005,-0.9311],[-47.9083,-0.9234],[-47.9205,-0.9189],[-47.9244,-0.9125],[-47.9285,-0.9104],[-47.9321,-0.9029],[-47.9286,-0.8995],[-47.9344,-0.8958],[-47.9286,-0.8927],[-47.9281,-0.8885],[-47.9278,-0.8862],[-47.9266,-0.8789],[-47.9311,-0.8723],[-47.9179,-0.8734],[-47.9149,-0.87],[-47.9201,-0.8613],[-47.9067,-0.8513],[-47.9072,-0.8473],[-47.9205,-0.8439],[-47.9239,-0.828],[-47.9368,-0.8268],[-47.9404,-0.8236],[-47.9407,-0.8038],[-47.9463,-0.7972],[-47.955,-0.7966],[-47.9585,-0.7918],[-47.9508,-0.7831],[-47.9515,-0.7764],[-47.9564,-0.7664],[-47.9577,-0.751],[-47.9611,-0.6985],[-47.9687,-0.6893],[-47.9757,-0.6864],[-47.9735,-0.6749],[-47.9622,-0.6624],[-47.9644,-0.6498],[-47.9618,-0.6363],[-47.9522,-0.628],[-47.9388,-0.6314],[-47.9261,-0.6214],[-47.9191,-0.629],[-47.9104,-0.6127],[-47.9118,-0.6003],[-47.9021,-0.6023],[-47.9003,-0.5955],[-47.9079,-0.5878],[-47.9048,-0.5801],[-47.8961,-0.572],[-47.8978,-0.5686],[-47.9046,-0.5708],[-47.9037,-0.5598],[-47.8972,-0.5525],[-47.8863,-0.5509],[-47.8643,-0.5563],[-47.8542,-0.5731],[-47.857,-0.5812],[-47.8551,-0.5852],[-47.8417,-0.5863],[-47.8459,-0.5911],[-47.8447,-0.597],[-47.8475,-0.6012],[-47.8419,-0.6222],[-47.8489,-0.6305],[-47.8474,-0.6338],[-47.8511,-0.6349],[-47.8534,-0.6518],[-47.8634,-0.6568],[-47.8649,-0.6674],[-47.8708,-0.6771],[-47.8619,-0.6814],[-47.8544,-0.6701],[-47.8483,-0.6669],[-47.8406,-0.6799],[-47.8363,-0.6788],[-47.8218,-0.6647],[-47.8241,-0.6456],[-47.822,-0.6391],[-47.8187,-0.6419],[-47.8161,-0.634],[-47.8246,-0.6134],[-47.8222,-0.6026],[-47.8081,-0.5932],[-47.8144,-0.5891],[-47.8076,-0.5741],[-47.8145,-0.5607],[-47.8082,-0.5525],[-47.7997,-0.55],[-47.7904,-0.5535],[-47.7868,-0.5609],[-47.7872,-0.5655],[-47.8011,-0.5772],[-47.8019,-0.5862]]]}},{"type":"Feature","properties":{"nome":"Dom Eliseu","cod":"1502939","uf":"PA"},"geometry":{"type":"Polygon","coordinates":[[[-48.0987,-3.7942],[-48.0939,-3.7987],[-48.0943,-3.8018],[-48.0885,-3.8015],[-48.0888,-3.7977],[-48.085,-3.7967],[-48.0779,-3.8064],[-48.0644,-3.8076],[-48.0606,-3.8126],[-48.0513,-3.8165],[-48.0484,-3.8148],[-48.0444,-3.8198],[-48.0421,-3.8168],[-48.0319,-3.8219],[-48.0277,-3.8189],[-48.0261,-3.8243],[-48.0209,-3.8231],[-48.0091,-3.8297],[-48.0114,-3.8321],[-48.0062,-3.8402],[-47.9968,-3.8456],[-47.9989,-3.8479],[-47.9907,-3.8567],[-47.9842,-3.877],[-47.9851,-3.8843],[-47.9803,-3.8879],[-47.9798,-3.8942],[-47.9838,-3.9064],[-47.982,-3.9088],[-47.976,-3.9068],[-47.9769,-3.9187],[-47.9663,-3.919],[-47.9683,-3.9249],[-47.9644,-3.9352],[-47.9561,-3.94],[-47.9554,-3.9461],[-47.947,-3.9509],[-47.9376,-3.951],[-47.9347,-3.9574],[-47.9287,-3.9584],[-47.9279,-3.9647],[-47.915,-3.9693],[-47.907,-3.9819],[-47.9038,-3.9824],[-47.9048,-3.9856],[-47.8986,-3.9866],[-47.8989,-3.9927],[-47.8936,-3.9958],[-47.8989,-4.0129],[-47.8952,-4.0189],[-47.8921,-4.0184],[-47.8858,-4.0161],[-47.8805,-4.0195],[-47.87,-4.0359],[-47.8519,-4.0463],[-47.8367,-4.0445],[-47.821,-4.0549],[-47.8079,-4.0523],[-47.8031,-4.0576],[-47.797,-4.0564],[-47.7912,-4.0596],[-47.7846,-4.0575],[-47.7826,-4.0598],[-47.7717,-4.0478],[-47.7551,-4.0381],[-47.7486,-4.041],[-47.7438,-4.0365],[-47.7226,-4.0318],[-47.7208,-4.0288],[-47.7069,-4.0347],[-47.7049,-4.0325],[-47.696,-4.0399],[-47.679,-4.0682],[-47.6639,-4.0731],[-47.6512,-4.0719],[-47.6444,-4.0775],[-47.6274,-4.0783],[-47.6197,-4.0824],[-47.5687,-4.0925],[-47.5539,-4.1061],[-47.547,-4.1074],[-47.5459,-4.1111],[-47.5456,-4.1111],[-47.5449,-4.1112],[-47.5387,-4.1169],[-47.5325,-4.1165],[-47.5103,-4.1287],[-47.505,-4.138],[-47.4634,-4.1553],[-47.4551,-4.1499],[-47.4496,-4.1549],[-47.4397,-4.1448],[-47.4264,-4.1435],[-47.4259,-4.1392],[-47.4169,-4.14],[-47.417,-4.136],[-47.4098,-4.1328],[-47.4097,-4.1286],[-47.3977,-4.1254],[-47.3967,-4.1187],[-47.3946,-4.1226],[-47.3892,-4.1181],[-47.3858,-4.1197],[-47.3831,-4.1167],[-47.3846,-4.1104],[-47.3604,-4.1099],[-47.3585,-4.1131],[-47.3509,-4.1049],[-47.3467,-4.1083],[-47.3502,-4.1149],[-47.343,-4.1273],[-47.3493,-4.1415],[-47.3421,-4.1477],[-47.3468,-4.1569],[-47.3433,-4.1677],[-47.3398,-4.1767],[-47.3468,-4.1834],[-47.3527,-4.1764],[-47.3654,-4.1803],[-47.3598,-4.191],[-47.3675,-4.1938],[-47.365,-4.2054],[-47.3688,-4.2062],[-47.3677,-4.2095],[-47.3731,-4.2144],[-47.3699,-4.2188],[-47.3739,-4.2172],[-47.3787,-4.2208],[-47.3758,-4.2295],[-47.3714,-4.2319],[-47.3741,-4.2345],[-47.3713,-4.2452],[-47.3785,-4.2446],[-47.3882,-4.2495],[-47.4007,-4.2674],[-47.411,-4.2701],[-47.4171,-4.278],[-47.4292,-4.2758],[-47.4288,-4.2865],[-47.4292,-4.2863],[-47.4328,-4.2839],[-47.4416,-4.287],[-47.4554,-4.3051],[-47.4743,-4.3147],[-47.4713,-4.3203],[-47.4791,-4.3281],[-47.476,-4.3406],[-47.4823,-4.3478],[-47.4759,-4.3561],[-47.4877,-4.3668],[-47.4877,-4.3763],[-47.4985,-4.3878],[-47.5024,-4.4033],[-47.5184,-4.427],[-47.5307,-4.4435],[-47.534,-4.4478],[-47.5633,-4.4742],[-47.5811,-4.5196],[-47.6075,-4.5483],[-47.6115,-4.557],[-47.6373,-4.571],[-47.6626,-4.5968],[-47.6795,-4.6082],[-47.7011,-4.6044],[-47.7115,-4.6059],[-47.7113,-4.6029],[-47.7149,-4.6027],[-47.7244,-4.606],[-47.7418,-4.5982],[-47.7504,-4.6001],[-47.7536,-4.5904],[-47.7704,-4.5929],[-47.7859,-4.5857],[-47.7921,-4.586],[-47.8047,-4.597],[-47.8157,-4.6143],[-47.8467,-4.5772],[-47.848,-4.5756],[-47.9113,-4.4998],[-48.1605,-4.2006],[-48.1681,-4.2017],[-48.174,-4.2087],[-48.2017,-4.2153],[-48.2123,-4.2219],[-48.2364,-4.2228],[-48.2606,-4.215],[-48.2663,-4.2159],[-48.2744,-4.2108],[-48.2828,-4.1975],[-48.2828,-4.186],[-48.3054,-4.1593],[-48.3029,-4.1569],[-48.3289,-4.1328],[-48.3377,-4.1294],[-48.3402,-4.1196],[-48.3534,-4.1126],[-48.3527,-4.104],[-48.3688,-4.0892],[-48.3721,-4.0618],[-48.3875,-4.017],[-48.3808,-3.998],[-48.3838,-3.9855],[-48.3802,-3.9791],[-48.3846,-3.966],[-48.3823,-3.9461],[-48.3727,-3.9383],[-48.3693,-3.9278],[-48.3734,-3.8985],[-48.3686,-3.8799],[-48.3732,-3.879],[-48.3759,-3.8605],[-48.3796,-3.851],[-48.3825,-3.8515],[-48.39,-3.8416],[-48.3883,-3.8369],[-48.3859,-3.8249],[-48.3706,-3.8225],[-48.3719,-3.8193],[-48.369,-3.8179],[-48.3618,-3.8247],[-48.352,-3.8223],[-48.3538,-3.8282],[-48.3406,-3.8316],[-48.3383,-3.8265],[-48.3344,-3.8262],[-48.3333,-3.8195],[-48.3287,-3.823],[-48.3236,-3.8207],[-48.3189,-3.8087],[-48.3155,-3.8143],[-48.3078,-3.8092],[-48.2894,-3.8135],[-48.2827,-3.802],[-48.2766,-3.8034],[-48.2684,-3.7948],[-48.2622,-3.7965],[-48.2598,-3.794],[-48.2555,-3.8043],[-48.2528,-3.8032],[-48.254,-3.797],[-48.2432,-3.7965],[-48.2324,-3.7879],[-48.228,-3.7927],[-48.2195,-3.7939],[-48.2184,-3.7971],[-48.2107,-3.7947],[-48.2067,-3.8023],[-48.1982,-3.7982],[-48.1901,-3.8034],[-48.1853,-3.8001],[-48.1798,-3.8036],[-48.1728,-3.8006],[-48.1715,-3.8035],[-48.1615,-3.8017],[-48.1594,-3.8042],[-48.1445,-3.8007],[-48.1357,-3.7919],[-48.1334,-3.795],[-48.1161,-3.7957],[-48.1125,-3.7868],[-48.109,-3.7865],[-48.1043,-3.7885],[-48.1048,-3.7941],[-48.0987,-3.7942]]]}},{"type":"Feature","properties":{"nome":"Eldorado dos Carajás","cod":"1502954","uf":"PA"},"geometry":{"type":"Polygon","coordinates":[[[-49.1806,-5.8075],[-49.0506,-5.8376],[-49.0333,-5.8304],[-49.0062,-5.8368],[-48.997,-5.8352],[-48.9887,-5.8391],[-48.983,-5.8472],[-48.9741,-5.8464],[-48.9636,-5.8555],[-48.9578,-5.8554],[-48.9462,-5.8682],[-48.9352,-5.8729],[-48.9292,-5.8804],[-48.9218,-5.8783],[-48.9164,-5.8813],[-48.9134,-5.8914],[-48.9084,-5.8913],[-48.9052,-5.8965],[-48.8982,-5.8985],[-48.8931,-5.9042],[-48.8952,-5.9118],[-48.8898,-5.9293],[-48.8797,-5.934],[-48.8742,-5.9459],[-48.8699,-5.9488],[-48.8637,-5.9474],[-48.8518,-5.9648],[-48.8521,-5.965],[-48.9332,-6.0351],[-48.9789,-6.0744],[-49.09,-6.1703],[-49.1036,-6.182],[-49.1117,-6.189],[-49.127,-6.2023],[-49.1987,-6.2638],[-49.2002,-6.2617],[-49.203,-6.264],[-49.2305,-6.2879],[-49.4093,-6.4436],[-49.4108,-6.4449],[-49.4153,-6.444],[-49.4189,-6.4321],[-49.425,-6.4272],[-49.4195,-6.4197],[-49.421,-6.3947],[-49.4168,-6.3856],[-49.4228,-6.3799],[-49.4203,-6.3734],[-49.4252,-6.3714],[-49.4239,-6.3671],[-49.4176,-6.3689],[-49.4143,-6.3617],[-49.4024,-6.3593],[-49.4023,-6.3567],[-49.4148,-6.3545],[-49.4162,-6.3478],[-49.421,-6.347],[-49.4241,-6.3362],[-49.4297,-6.3359],[-49.432,-6.3304],[-49.4471,-6.3333],[-49.4638,-6.3284],[-49.4872,-6.3301],[-49.5001,-6.3273],[-49.5054,-6.3309],[-49.5192,-6.3322],[-49.5148,-6.3177],[-49.5164,-6.3134],[-49.5279,-6.3075],[-49.5273,-6.2957],[-49.5316,-6.2962],[-49.5365,-6.2909],[-49.5393,-6.2945],[-49.5491,-6.2915],[-49.5522,-6.2833],[-49.5617,-6.2858],[-49.5724,-6.2696],[-49.5729,-6.2593],[-49.5585,-6.2423],[-49.5572,-6.2361],[-49.5619,-6.2234],[-49.5569,-6.2196],[-49.5573,-6.2119],[-49.4754,-6.1006],[-49.4728,-6.0887],[-49.4815,-6.0784],[-49.4807,-6.0712],[-49.4737,-6.0613],[-49.4692,-6.035],[-49.46,-6.0216],[-49.4594,-6.012],[-49.4697,-5.9973],[-49.457,-5.9012],[-49.4146,-5.8985],[-49.4085,-5.8898],[-49.3744,-5.8633],[-49.3353,-5.8501],[-49.2989,-5.8246],[-49.2679,-5.8199],[-49.2495,-5.8037],[-49.2365,-5.8005],[-49.2328,-5.7953],[-49.2308,-5.7958],[-49.1873,-5.806],[-49.1806,-5.8075]]]}},{"type":"Feature","properties":{"nome":"Faro","cod":"1503002","uf":"PA"},"geometry":{"type":"Polygon","coordinates":[[[-58.8617,-0.0231],[-58.8498,-0.0315],[-58.8409,-0.0191],[-58.8327,-0.0266],[-58.8252,-0.0272],[-58.8231,-0.033],[-58.8272,-0.041],[-58.8226,-0.0421],[-58.8238,-0.049],[-58.8335,-0.0536],[-58.8439,-0.066],[-58.8364,-0.068],[-58.8366,-0.0752],[-58.8239,-0.0768],[-58.8219,-0.0715],[-58.8111,-0.0748],[-58.8028,-0.0703],[-58.7946,-0.0741],[-58.7898,-0.0687],[-58.7833,-0.0712],[-58.7759,-0.0678],[-58.774,-0.0579],[-58.7702,-0.0565],[-58.7589,-0.0673],[-58.7554,-0.0582],[-58.7451,-0.0609],[-58.7416,-0.0534],[-58.7384,-0.0543],[-58.7362,-0.0645],[-58.7146,-0.0657],[-58.7109,-0.0601],[-58.7075,-0.0619],[-58.7097,-0.0698],[-58.7018,-0.0721],[-58.7029,-0.0768],[-58.7178,-0.0807],[-58.7196,-0.0877],[-58.715,-0.0894],[-58.706,-0.1058],[-58.7141,-0.1221],[-58.7056,-0.126],[-58.6994,-0.1339],[-58.7032,-0.1398],[-58.7003,-0.1528],[-58.6792,-0.1484],[-58.6764,-0.1628],[-58.6668,-0.1617],[-58.6629,-0.1672],[-58.6646,-0.1757],[-58.6627,-0.1788],[-58.6575,-0.1772],[-58.6475,-0.1913],[-58.646,-0.2039],[-58.6385,-0.2081],[-58.6308,-0.2417],[-58.6186,-0.2403],[-58.5978,-0.2653],[-58.5914,-0.2637],[-58.588,-0.2668],[-58.5882,-0.2715],[-58.5788,-0.2697],[-58.554,-0.2738],[-58.5562,-0.2816],[-58.55,-0.2862],[-58.5429,-0.2844],[-58.5323,-0.2703],[-58.5285,-0.2717],[-58.5283,-0.2848],[-58.523,-0.2863],[-58.5177,-0.2789],[-58.5129,-0.2818],[-58.4865,-0.2799],[-58.4816,-0.2896],[-58.4597,-0.2795],[-58.4457,-0.2843],[-58.4406,-0.2942],[-58.4529,-0.3057],[-58.4507,-0.3206],[-58.4636,-0.3208],[-58.4734,-0.3318],[-58.4682,-0.338],[-58.4612,-0.3403],[-58.4505,-0.3544],[-58.4477,-0.3604],[-58.4504,-0.3635],[-58.4661,-0.373],[-58.4846,-0.3784],[-58.5128,-0.3768],[-58.517,-0.3739],[-58.5196,-0.3754],[-58.5199,-0.3834],[-58.537,-0.3809],[-58.5425,-0.3829],[-58.5417,-0.3886],[-58.5126,-0.4065],[-58.5214,-0.433],[-58.5201,-0.4404],[-58.5089,-0.4499],[-58.485,-0.4497],[-58.4716,-0.4401],[-58.4562,-0.4437],[-58.44,-0.4388],[-58.4128,-0.4465],[-58.4085,-0.4633],[-58.3977,-0.4745],[-58.3791,-0.4766],[-58.3671,-0.4838],[-58.3415,-0.4825],[-58.3383,-0.5228],[-58.3364,-0.5266],[-58.3267,-0.5293],[-58.3256,-0.5354],[-58.3218,-0.5463],[-58.3328,-0.575],[-58.3308,-0.5794],[-58.3222,-0.5695],[-58.3169,-0.5688],[-58.3126,-0.5729],[-58.3121,-0.5805],[-58.3177,-0.5881],[-58.319,-0.6117],[-58.2854,-0.6499],[-58.2825,-0.6609],[-58.2657,-0.6864],[-58.2506,-0.6977],[-58.2468,-0.7224],[-58.2337,-0.7202],[-58.2302,-0.7237],[-58.2227,-0.7384],[-58.223,-0.7574],[-58.2339,-0.7698],[-58.2264,-0.7837],[-58.2128,-0.7853],[-58.21,-0.793],[-58.2126,-0.8036],[-58.2024,-0.8072],[-58.1831,-0.7883],[-58.1751,-0.7944],[-58.1615,-0.7933],[-58.1574,-0.7983],[-58.1459,-0.7924],[-58.1219,-0.8083],[-58.1114,-0.8052],[-58.0907,-0.8123],[-58.0768,-0.807],[-58.0712,-0.793],[-58.0549,-0.7857],[-58.0503,-0.7752],[-58.0427,-0.7836],[-58.0445,-0.7917],[-57.9995,-0.7917],[-57.986,-0.8031],[-57.9837,-0.8059],[-57.9927,-0.8314],[-57.989,-0.8386],[-57.9819,-0.8422],[-57.9698,-0.8419],[-57.9525,-0.8367],[-57.951,-0.8476],[-57.9448,-0.8519],[-57.9376,-0.8505],[-57.914,-0.8594],[-57.9117,-0.8656],[-57.8814,-0.8769],[-57.8826,-0.8811],[-57.8758,-0.8878],[-57.875,-0.8967],[-57.8541,-0.9239],[-57.8569,-0.9323],[-57.8557,-0.9425],[-57.8501,-0.9404],[-57.8373,-0.923],[-57.8216,-0.9259],[-57.8152,-0.9217],[-57.812,-0.9284],[-57.8081,-0.9362],[-57.7692,-0.9491],[-57.7644,-0.973],[-57.7572,-0.9884],[-57.7524,-0.9917],[-57.7484,-0.9876],[-57.7382,-0.9872],[-57.7335,-0.9942],[-57.7267,-0.9938],[-57.7151,-0.9883],[-57.7115,-1.0001],[-57.7186,-1.0058],[-57.7128,-1.0165],[-57.7156,-1.0231],[-57.708,-1.0322],[-57.7007,-1.0329],[-57.6981,-1.0405],[-57.6788,-1.0505],[-57.6777,-1.0704],[-57.6818,-1.0774],[-57.6777,-1.0812],[-57.6819,-1.0913],[-57.6715,-1.0898],[-57.6517,-1.0949],[-57.6417,-1.0887],[-57.6311,-1.0871],[-57.6199,-1.097],[-57.6018,-1.0983],[-57.598,-1.0959],[-57.5907,-1.0986],[-57.5804,-1.1237],[-57.5679,-1.1303],[-57.5529,-1.126],[-57.549,-1.1288],[-57.5403,-1.1645],[-57.528,-1.1724],[-57.5263,-1.1923],[-57.5203,-1.2101],[-57.5076,-1.2315],[-57.4997,-1.2379],[-57.4914,-1.2587],[-57.477,-1.2651],[-57.4762,-1.2798],[-57.4661,-1.288],[-57.4656,-1.3096],[-57.459,-1.3082],[-57.4511,-1.3221],[-57.4578,-1.3384],[-57.4541,-1.3422],[-57.4399,-1.3361],[-57.4281,-1.3473],[-57.4186,-1.3359],[-57.4131,-1.3371],[-57.4107,-1.3476],[-57.405,-1.3498],[-57.3773,-1.3311],[-57.371,-1.3314],[-57.3641,-1.3366],[-57.3547,-1.3318],[-57.3481,-1.3323],[-57.3451,-1.3394],[-57.3283,-1.3392],[-57.3135,-1.3521],[-57.31,-1.3679],[-57.2951,-1.3633],[-57.2927,-1.3684],[-57.3061,-1.3899],[-57.2995,-1.3902],[-57.2827,-1.3785],[-57.2752,-1.3791],[-57.2793,-1.3984],[-57.2756,-1.4049],[-57.2407,-1.4341],[-57.2367,-1.4329],[-57.2314,-1.4195],[-57.2155,-1.4108],[-57.2126,-1.4191],[-57.1987,-1.4243],[-57.1933,-1.438],[-57.1897,-1.4393],[-57.1786,-1.417],[-57.1716,-1.424],[-57.1599,-1.4165],[-57.1469,-1.4176],[-57.1431,-1.4228],[-57.1479,-1.4586],[-57.1609,-1.489],[-57.1591,-1.4962],[-57.1429,-1.4981],[-57.1349,-1.5054],[-57.1326,-1.5128],[-57.1262,-1.5156],[-57.1144,-1.5137],[-57.1075,-1.5184],[-57.0882,-1.5204],[-57.064,-1.5081],[-57.0599,-1.522],[-57.0389,-1.5374],[-57.0245,-1.5375],[-57.0243,-1.5427],[-57.0208,-1.5434],[-57.0083,-1.5355],[-57.0046,-1.5378],[-57.0078,-1.5457],[-56.9976,-1.5538],[-56.9974,-1.5636],[-56.9924,-1.5697],[-56.9945,-1.5805],[-56.9892,-1.5892],[-56.9784,-1.5912],[-56.9742,-1.5856],[-56.9631,-1.5807],[-56.9585,-1.5846],[-56.9582,-1.5927],[-56.9458,-1.6032],[-56.943,-1.6123],[-56.9604,-1.6249],[-56.9588,-1.6282],[-56.9326,-1.628],[-56.9268,-1.6315],[-56.9176,-1.6473],[-56.9075,-1.6462],[-56.8769,-1.6553],[-56.8587,-1.6462],[-56.8462,-1.6504],[-56.8329,-1.6331],[-56.8199,-1.6262],[-56.8145,-1.6283],[-56.8069,-1.6182],[-56.8026,-1.6025],[-56.7929,-1.5992],[-56.7696,-1.5996],[-56.7481,-1.6076],[-56.7554,-1.6241],[-56.7512,-1.6517],[-56.7485,-1.6516],[-56.7481,-1.6661],[-56.7397,-1.669],[-56.7358,-1.6762],[-56.7272,-1.675],[-56.7239,-1.6784],[-56.732,-1.7031],[-56.7249,-1.7047],[-56.729,-1.7158],[-56.7265,-1.7269],[-56.7072,-1.7398],[-56.6912,-1.742],[-56.6731,-1.7577],[-56.6719,-1.7687],[-56.6807,-1.7852],[-56.6815,-1.8036],[-56.6743,-1.8137],[-56.6647,-1.82],[-56.659,-1.8448],[-56.6427,-1.8512],[-56.6371,-1.858],[-56.6295,-1.8553],[-56.6251,-1.8587],[-56.6151,-1.859],[-56.6084,-1.8691],[-56.5987,-1.8741],[-56.597,-1.8842],[-56.5971,-1.8903],[-56.6044,-1.9006],[-56.5917,-1.9156],[-56.5987,-1.9339],[-56.596,-1.9492],[-56.6107,-1.9577],[-56.6162,-1.97],[-56.6255,-1.9792],[-56.6491,-1.9857],[-56.6589,-2.0007],[-56.6413,-2.0115],[-56.6388,-2.0186],[-56.6453,-2.0376],[-56.6279,-2.055],[-56.6187,-2.0707],[-56.6188,-2.0837],[-56.6311,-2.1193],[-56.6323,-2.155],[-56.6235,-2.1648],[-56.6005,-2.1668],[-56.5973,-2.1746],[-56.599,-2.1772],[-56.607,-2.2046],[-56.6124,-2.2098],[-56.6239,-2.2041],[-56.6349,-2.2032],[-56.6575,-2.2102],[-56.6786,-2.2122],[-56.7023,-2.2009],[-56.7073,-2.1835],[-56.7272,-2.1764],[-56.743,-2.1781],[-56.7605,-2.1737],[-56.7681,-2.1654],[-56.7689,-2.1403],[-56.7507,-2.1091],[-56.7323,-2.0914],[-56.7264,-2.081],[-56.7209,-2.0588],[-56.7261,-2.0306],[-56.7331,-2.0224],[-56.7474,-2.0111],[-56.7665,-2.0083],[-56.7927,-2.0206],[-56.8163,-2.0226],[-56.8495,-2.0198],[-56.8586,-2.0156],[-56.8741,-1.9946],[-56.8856,-1.9833],[-56.9232,-1.964],[-56.9441,-1.9635],[-56.9523,-1.9599],[-56.9612,-1.9511],[-56.9658,-1.9346],[-56.9797,-1.9233],[-56.9879,-1.9068],[-57.0261,-1.9147],[-57.0367,-1.9112],[-57.0556,-1.8644],[-57.0676,-1.8523],[-57.0731,-1.8313],[-57.06,-1.8154],[-57.0634,-1.8081],[-57.07,-1.8023],[-57.0789,-1.8008],[-57.084,-1.7935],[-57.0848,-1.7817],[-57.0974,-1.7747],[-57.1153,-1.7914],[-57.1289,-1.7638],[-57.1487,-1.762],[-57.1627,-1.7682],[-57.1608,-1.7557],[-57.1713,-1.7494],[-57.1613,-1.7287],[-57.1644,-1.7205],[-57.1785,-1.7298],[-57.1871,-1.7219],[-57.194,-1.7274],[-57.2007,-1.7236],[-57.2033,-1.7106],[-57.2152,-1.7157],[-57.2217,-1.7235],[-57.2303,-1.7256],[-57.2444,-1.7201],[-57.2487,-1.7122],[-57.2432,-1.7039],[-57.2534,-1.6959],[-57.2617,-1.6966],[-57.2585,-1.7067],[-57.264,-1.7165],[-57.272,-1.7183],[-57.2739,-1.7094],[-57.2971,-1.7111],[-57.305,-1.7299],[-57.3275,-1.7155],[-57.3466,-1.7137],[-57.3435,-1.7228],[-57.352,-1.7324],[-57.3726,-1.7138],[-57.3922,-1.7227],[-57.4006,-1.7123],[-57.3905,-1.7063],[-57.3875,-1.6949],[-57.3971,-1.6913],[-57.4037,-1.6836],[-57.403,-1.6752],[-57.4114,-1.6729],[-57.4271,-1.6914],[-57.4394,-1.6881],[-57.4349,-1.6755],[-57.4382,-1.6661],[-57.4747,-1.6776],[-57.4818,-1.6641],[-57.4801,-1.6551],[-57.4932,-1.6566],[-57.5012,-1.652],[-57.5067,-1.6409],[-57.5283,-1.6524],[-57.5247,-1.6264],[-57.5387,-1.6235],[-57.5452,-1.6102],[-57.553,-1.6049],[-57.5636,-1.6048],[-57.5854,-1.5959],[-57.5929,-1.5993],[-57.5952,-1.5891],[-57.5896,-1.5797],[-57.6021,-1.5699],[-57.6097,-1.5746],[-57.611,-1.5825],[-57.6214,-1.5857],[-57.6299,-1.5831],[-57.6532,-1.5883],[-57.6566,-1.5805],[-57.6782,-1.594],[-57.6937,-1.5759],[-57.7064,-1.5756],[-57.7021,-1.5612],[-57.7047,-1.5466],[-57.7119,-1.5353],[-57.7127,-1.5038],[-57.7294,-1.5096],[-57.7443,-1.501],[-57.75,-1.5064],[-57.7606,-1.502],[-57.7728,-1.5084],[-57.7832,-1.5077],[-57.7806,-1.4996],[-57.7834,-1.4877],[-57.7908,-1.4903],[-57.7968,-1.4854],[-57.8012,-1.4739],[-57.8094,-1.4698],[-57.8122,-1.452],[-57.8207,-1.4502],[-57.8235,-1.4394],[-57.8413,-1.436],[-57.8458,-1.4292],[-57.8641,-1.425],[-57.8794,-1.4229],[-57.8937,-1.4332],[-57.9035,-1.4257],[-57.9099,-1.4277],[-57.918,-1.4195],[-57.91,-1.4099],[-57.9202,-1.4025],[-57.9371,-1.398],[-57.9512,-1.4055],[-57.9599,-1.4012],[-57.955,-1.3827],[-57.9766,-1.3747],[-57.9761,-1.3659],[-57.9704,-1.3588],[-57.9836,-1.3558],[-57.9959,-1.344],[-58.0004,-1.3298],[-57.9975,-1.3201],[-57.9904,-1.3127],[-57.9902,-1.2917],[-57.9741,-1.2323],[-57.9639,-1.2229],[-57.965,-1.2057],[-57.9785,-1.1927],[-57.9704,-1.1732],[-57.9715,-1.1622],[-57.9787,-1.154],[-58.0067,-1.1454],[-58.0153,-1.1287],[-58.0093,-1.1187],[-58.017,-1.1058],[-58.0321,-1.101],[-58.0418,-1.103],[-58.0814,-1.1261],[-58.0837,-1.1366],[-58.0815,-1.1472],[-58.0938,-1.1602],[-58.1232,-1.1642],[-58.1188,-1.186],[-58.1273,-1.1897],[-58.1554,-1.2255],[-58.1621,-1.2293],[-58.1806,-1.2057],[-58.1941,-1.1994],[-58.2148,-1.1653],[-58.2429,-1.1562],[-58.2543,-1.1322],[-58.2679,-1.1316],[-58.2733,-1.1387],[-58.3228,-1.1429],[-58.3194,-1.134],[-58.3358,-1.1233],[-58.3439,-1.1082],[-58.3517,-1.1119],[-58.3608,-1.1047],[-58.3552,-1.0966],[-58.3623,-1.0934],[-58.368,-1.0657],[-58.3882,-1.0501],[-58.3922,-1.0395],[-58.3994,-1.0437],[-58.4058,-1.0385],[-58.4112,-1.0439],[-58.4296,-1.0268],[-58.419,-1.0098],[-58.4246,-0.9999],[-58.423,-0.9911],[-58.4103,-0.981],[-58.4147,-0.9746],[-58.4143,-0.9667],[-58.4271,-0.9625],[-58.4295,-0.9515],[-58.4503,-0.9257],[-58.4481,-0.9066],[-58.4526,-0.8978],[-58.4334,-0.8916],[-58.4356,-0.8831],[-58.4585,-0.8636],[-58.4666,-0.8639],[-58.4677,-0.8728],[-58.4757,-0.8672],[-58.4796,-0.8592],[-58.487,-0.8594],[-58.4933,-0.8458],[-58.4915,-0.8314],[-58.5005,-0.836],[-58.5079,-0.833],[-58.5117,-0.8394],[-58.5188,-0.8355],[-58.5202,-0.8276],[-58.5601,-0.8043],[-58.5608,-0.7965],[-58.5674,-0.7924],[-58.5709,-0.7853],[-58.5904,-0.7734],[-58.5921,-0.7649],[-58.5998,-0.7642],[-58.6133,-0.7551],[-58.6319,-0.7225],[-58.6363,-0.7177],[-58.6562,-0.7157],[-58.6635,-0.7128],[-58.666,-0.705],[-58.6831,-0.6869],[-58.7047,-0.6786],[-58.7034,-0.671],[-58.7091,-0.6481],[-58.7165,-0.6455],[-58.7181,-0.6373],[-58.7315,-0.627],[-58.7335,-0.6113],[-58.7267,-0.6075],[-58.7276,-0.5839],[-58.7315,-0.5769],[-58.7287,-0.5618],[-58.7211,-0.5589],[-58.7104,-0.5467],[-58.7097,-0.5382],[-58.7102,-0.5211],[-58.7162,-0.5069],[-58.7224,-0.5017],[-58.7349,-0.4712],[-58.7247,-0.4419],[-58.7293,-0.4349],[-58.7365,-0.4321],[-58.7435,-0.4171],[-58.7655,-0.4087],[-58.7816,-0.3894],[-58.7903,-0.385],[-58.7976,-0.388],[-58.8016,-0.381],[-58.8173,-0.3793],[-58.8235,-0.3736],[-58.8461,-0.3647],[-58.8716,-0.3426],[-58.8745,-0.2955],[-58.8702,-0.2802],[-58.865,-0.2737],[-58.8649,-0.2652],[-58.8713,-0.2607],[-58.8788,-0.229],[-58.8805,-0.1962],[-58.8626,-0.1606],[-58.8626,-0.1444],[-58.8663,-0.1375],[-58.8634,-0.0777],[-58.8716,-0.0641],[-58.8801,-0.0642],[-58.8861,-0.0588],[-58.8862,-0.034],[-58.8971,-0.0169],[-58.8945,-0.0106],[-58.8848,-0.0052],[-58.8729,-0.0073],[-58.8631,-0.0164],[-58.8617,-0.0231]]]}},{"type":"Feature","properties":{"nome":"Floresta do Araguaia","cod":"1503044","uf":"PA"},"geometry":{"type":"Polygon","coordinates":[[[-49.1934,-7.1294],[-49.1873,-7.1873],[-49.1872,-7.1877],[-49.1868,-7.1921],[-49.1828,-7.2142],[-49.1848,-7.2348],[-49.2063,-7.2703],[-49.2155,-7.2973],[-49.231,-7.3254],[-49.2539,-7.349],[-49.2654,-7.3667],[-49.2839,-7.3877],[-49.3193,-7.4309],[-49.3468,-7.4612],[-49.3775,-7.4966],[-49.3835,-7.5458],[-49.3816,-7.5657],[-49.3605,-7.6145],[-49.381,-7.6362],[-49.4137,-7.6528],[-49.4173,-7.6742],[-49.4036,-7.6811],[-49.4049,-7.6973],[-49.4168,-7.6964],[-49.4227,-7.6994],[-49.4364,-7.6928],[-49.4395,-7.6959],[-49.4279,-7.7045],[-49.4263,-7.7134],[-49.4175,-7.7217],[-49.4207,-7.7257],[-49.4234,-7.7296],[-49.4268,-7.7342],[-49.434,-7.7338],[-49.4361,-7.7404],[-49.4563,-7.7503],[-49.4744,-7.758],[-49.4836,-7.7695],[-49.4969,-7.7727],[-49.4928,-7.785],[-49.4859,-7.7891],[-49.4783,-7.7867],[-49.4756,-7.7927],[-49.4904,-7.8056],[-49.5087,-7.8043],[-49.5112,-7.8148],[-49.5045,-7.8157],[-49.4967,-7.8273],[-49.4994,-7.8285],[-49.5029,-7.8239],[-49.518,-7.825],[-49.5205,-7.8289],[-49.5168,-7.8349],[-49.5106,-7.8362],[-49.5184,-7.8438],[-49.5369,-7.8348],[-49.5451,-7.841],[-49.5515,-7.8412],[-49.5499,-7.8307],[-49.5637,-7.834],[-49.5613,-7.8289],[-49.5575,-7.8287],[-49.5587,-7.8251],[-49.5718,-7.8172],[-49.5765,-7.8255],[-49.58,-7.826],[-49.5785,-7.8315],[-49.5816,-7.8312],[-49.5841,-7.84],[-49.5925,-7.8398],[-49.596,-7.844],[-49.6104,-7.8474],[-49.6105,-7.8536],[-49.6031,-7.8656],[-49.6044,-7.8724],[-49.6156,-7.8794],[-49.6168,-7.889],[-49.6297,-7.8946],[-49.6297,-7.9147],[-49.6381,-7.9138],[-49.6462,-7.9058],[-49.6573,-7.917],[-49.6675,-7.9192],[-49.6781,-7.9159],[-49.679,-7.9079],[-49.6858,-7.9087],[-49.6944,-7.9013],[-49.7099,-7.9058],[-49.7179,-7.9036],[-49.7229,-7.9077],[-49.7269,-7.9107],[-49.7426,-7.9051],[-49.7461,-7.9098],[-49.7529,-7.9099],[-49.7597,-7.9153],[-49.7685,-7.9271],[-49.7706,-7.9222],[-49.7807,-7.9257],[-49.7844,-7.9287],[-49.785,-7.935],[-49.8022,-7.9424],[-49.8049,-7.9497],[-49.8117,-7.9475],[-49.8166,-7.961],[-49.8265,-7.9676],[-49.837,-7.9746],[-49.8434,-7.9717],[-49.8493,-7.9755],[-49.856,-7.9723],[-49.8518,-7.9333],[-49.839,-7.8149],[-49.8369,-7.7961],[-49.8277,-7.7162],[-49.8255,-7.7086],[-49.8277,-7.6997],[-49.8279,-7.5723],[-49.8279,-7.5717],[-49.8279,-7.5011],[-49.8278,-7.4685],[-49.8275,-7.3712],[-49.8178,-7.3647],[-49.8096,-7.3432],[-49.8005,-7.3351],[-49.7922,-7.3326],[-49.7848,-7.3352],[-49.7802,-7.3449],[-49.7741,-7.3483],[-49.7489,-7.3381],[-49.7413,-7.338],[-49.7284,-7.3439],[-49.7139,-7.337],[-49.6882,-7.3388],[-49.6641,-7.323],[-49.6467,-7.3245],[-49.6329,-7.3186],[-49.6264,-7.3221],[-49.6139,-7.3202],[-49.6011,-7.3036],[-49.5788,-7.2954],[-49.5588,-7.2925],[-49.5511,-7.2973],[-49.5436,-7.2942],[-49.5319,-7.3037],[-49.522,-7.3037],[-49.5191,-7.3097],[-49.513,-7.3082],[-49.5064,-7.3041],[-49.4963,-7.3039],[-49.4958,-7.3069],[-49.4882,-7.3041],[-49.4844,-7.2787],[-49.4809,-7.2788],[-49.4705,-7.2836],[-49.4534,-7.2733],[-49.4476,-7.2758],[-49.4297,-7.257],[-49.4277,-7.2669],[-49.4222,-7.2745],[-49.4183,-7.2742],[-49.4093,-7.262],[-49.4087,-7.2561],[-49.3959,-7.2443],[-49.4057,-7.2323],[-49.394,-7.2232],[-49.3865,-7.2293],[-49.3772,-7.2305],[-49.375,-7.2153],[-49.354,-7.2119],[-49.3416,-7.2048],[-49.3436,-7.1947],[-49.3345,-7.1875],[-49.328,-7.1757],[-49.3084,-7.184],[-49.3049,-7.19],[-49.2976,-7.189],[-49.2979,-7.1854],[-49.2927,-7.1825],[-49.2862,-7.189],[-49.2808,-7.1812],[-49.2745,-7.1829],[-49.2661,-7.1766],[-49.2521,-7.1857],[-49.2497,-7.1914],[-49.2394,-7.1877],[-49.2361,-7.1816],[-49.2276,-7.1853],[-49.2219,-7.1827],[-49.2122,-7.1745],[-49.2113,-7.16],[-49.2014,-7.1552],[-49.2029,-7.1416],[-49.1934,-7.1294]]]}},{"type":"Feature","properties":{"nome":"Garrafão do Norte","cod":"1503077","uf":"PA"},"geometry":{"type":"Polygon","coordinates":[[[-47.0487,-1.8497],[-47.0348,-1.8607],[-47.0147,-1.8579],[-47.0146,-1.8696],[-46.9994,-1.894],[-46.9935,-1.8963],[-46.9823,-1.9122],[-46.9743,-1.9172],[-46.9683,-1.9273],[-46.9571,-1.9319],[-46.9467,-1.9427],[-46.9406,-1.947],[-46.9301,-1.955],[-46.9221,-1.9697],[-46.9123,-1.9733],[-46.8998,-1.9989],[-46.9033,-2.027],[-46.909,-2.0299],[-46.9119,-2.0312],[-46.9107,-2.0364],[-46.9158,-2.0469],[-46.9249,-2.0539],[-46.9341,-2.0713],[-46.9327,-2.0842],[-46.922,-2.0955],[-46.9106,-2.1127],[-46.9115,-2.1176],[-46.9117,-2.1454],[-46.9219,-2.1537],[-46.9054,-2.1562],[-46.9043,-2.1561],[-46.8951,-2.1662],[-46.8944,-2.1721],[-46.8971,-2.178],[-46.8888,-2.1882],[-46.8872,-2.2062],[-46.8943,-2.2138],[-46.8991,-2.2138],[-46.9078,-2.2061],[-46.9169,-2.2203],[-46.9241,-2.218],[-46.9328,-2.222],[-46.9519,-2.2478],[-46.9639,-2.2433],[-46.9745,-2.2413],[-46.9773,-2.2468],[-46.9756,-2.2557],[-47.0008,-2.2789],[-47.0327,-2.2897],[-47.0396,-2.3078],[-47.0468,-2.3042],[-47.052,-2.3127],[-47.0676,-2.3191],[-47.0775,-2.3232],[-47.0821,-2.3354],[-47.0734,-2.3413],[-47.0705,-2.3483],[-47.0775,-2.3525],[-47.0914,-2.3509],[-47.1022,-2.3572],[-47.1003,-2.38],[-47.1111,-2.4015],[-47.1074,-2.4116],[-47.113,-2.4262],[-47.1124,-2.4337],[-47.1058,-2.4526],[-47.0895,-2.4729],[-47.0868,-2.4946],[-47.0874,-2.5043],[-47.1025,-2.527],[-47.0994,-2.5357],[-47.0928,-2.5415],[-47.0941,-2.5446],[-47.1097,-2.5534],[-47.1451,-2.554],[-47.1565,-2.5724],[-47.1755,-2.5763],[-47.1907,-2.5894],[-47.2134,-2.5929],[-47.2175,-2.5814],[-47.2139,-2.5773],[-47.2019,-2.568],[-47.1795,-2.5593],[-47.1673,-2.5227],[-47.1623,-2.4928],[-47.1778,-2.4806],[-47.1805,-2.4759],[-47.1835,-2.4678],[-47.19,-2.463],[-47.1931,-2.4503],[-47.1994,-2.4466],[-47.2029,-2.4307],[-47.2076,-2.4276],[-47.2075,-2.4192],[-47.2116,-2.4135],[-47.2037,-2.4018],[-47.1917,-2.3969],[-47.1914,-2.3942],[-47.1989,-2.3825],[-47.2092,-2.3331],[-47.2145,-2.3238],[-47.2245,-2.2953],[-47.2242,-2.2865],[-47.2296,-2.282],[-47.2355,-2.2678],[-47.2316,-2.2397],[-47.2312,-2.2328],[-47.2374,-2.2259],[-47.2426,-2.2062],[-47.2373,-2.2027],[-47.2328,-2.2058],[-47.2267,-2.2046],[-47.2287,-2.2068],[-47.2206,-2.2068],[-47.2081,-2.1893],[-47.2013,-2.186],[-47.193,-2.1891],[-47.1908,-2.184],[-47.1927,-2.1704],[-47.1883,-2.1651],[-47.1874,-2.1426],[-47.1779,-2.1276],[-47.1761,-2.1141],[-47.1759,-2.1057],[-47.178,-2.0946],[-47.1734,-2.0934],[-47.1681,-2.0978],[-47.1653,-2.093],[-47.1688,-2.081],[-47.1672,-2.0765],[-47.1711,-2.0714],[-47.1676,-2.0688],[-47.1643,-2.0562],[-47.1516,-2.0296],[-47.1553,-2.024],[-47.1533,-2.0125],[-47.1466,-2.0056],[-47.1476,-1.9963],[-47.1399,-1.9865],[-47.1413,-1.9831],[-47.1488,-1.9809],[-47.1435,-1.9714],[-47.1489,-1.9682],[-47.1512,-1.9577],[-47.1575,-1.9561],[-47.1582,-1.9441],[-47.1643,-1.9406],[-47.1609,-1.9375],[-47.1602,-1.9268],[-47.1541,-1.9276],[-47.1501,-1.9236],[-47.1367,-1.9153],[-47.1342,-1.9032],[-47.1273,-1.8997],[-47.1239,-1.8853],[-47.1129,-1.8876],[-47.0966,-1.88],[-47.0957,-1.8768],[-47.0817,-1.8846],[-47.078,-1.8826],[-47.0699,-1.8804],[-47.0678,-1.8749],[-47.0642,-1.8747],[-47.0558,-1.8707],[-47.0535,-1.8611],[-47.0472,-1.8599],[-47.0506,-1.8533],[-47.0487,-1.8497]]]}},{"type":"Feature","properties":{"nome":"Goianésia do Pará","cod":"1503093","uf":"PA"},"geometry":{"type":"Polygon","coordinates":[[[-49.1714,-3.5362],[-49.1556,-3.5395],[-49.1318,-3.5374],[-49.1158,-3.5508],[-49.1008,-3.5774],[-49.0677,-3.5922],[-49.0581,-3.5874],[-49.0458,-3.5922],[-49.0377,-3.5899],[-49.032,-3.5695],[-49.0176,-3.5571],[-49.0194,-3.5442],[-49.0073,-3.5415],[-48.9788,-3.5427],[-48.963,-3.549],[-48.9454,-3.5674],[-48.9369,-3.5645],[-48.9172,-3.5665],[-48.8977,-3.5748],[-48.8835,-3.5676],[-48.8695,-3.5834],[-48.8865,-3.5938],[-48.8785,-3.6052],[-48.8822,-3.6181],[-48.8754,-3.6194],[-48.8723,-3.6271],[-48.8741,-3.6314],[-48.8793,-3.6292],[-48.8898,-3.6363],[-48.8895,-3.6441],[-48.8859,-3.6471],[-48.8706,-3.6468],[-48.8667,-3.6322],[-48.8602,-3.6478],[-48.8705,-3.661],[-48.8706,-3.6711],[-48.8651,-3.6759],[-48.8551,-3.6716],[-48.8461,-3.6726],[-48.8391,-3.6761],[-48.8393,-3.6797],[-48.8442,-3.685],[-48.8371,-3.6897],[-48.8192,-3.6873],[-48.8211,-3.697],[-48.8122,-3.7018],[-48.8227,-3.7065],[-48.8205,-3.7111],[-48.7974,-3.7087],[-48.7948,-3.7148],[-48.7812,-3.7127],[-48.7837,-3.7205],[-48.7656,-3.7219],[-48.7663,-3.7317],[-48.7634,-3.7318],[-48.7608,-3.721],[-48.7467,-3.7209],[-48.7381,-3.7285],[-48.7316,-3.7266],[-48.7305,-3.7226],[-48.7244,-3.7375],[-48.7199,-3.7313],[-48.7134,-3.7346],[-48.7142,-3.7389],[-48.7006,-3.7405],[-48.7058,-3.744],[-48.7092,-3.7549],[-48.6983,-3.7487],[-48.6915,-3.7526],[-48.6869,-3.7504],[-48.6852,-3.7588],[-48.6811,-3.7586],[-48.6756,-3.7557],[-48.6776,-3.7531],[-48.6749,-3.7503],[-48.6635,-3.7491],[-48.6614,-3.7514],[-48.6639,-3.7579],[-48.6607,-3.7637],[-48.6572,-3.7644],[-48.6534,-3.7593],[-48.6467,-3.7607],[-48.6504,-3.7672],[-48.6436,-3.7683],[-48.6415,-3.7724],[-48.6441,-3.781],[-48.6348,-3.777],[-48.6216,-3.7766],[-48.6117,-3.7863],[-48.6033,-3.7851],[-48.6058,-3.7882],[-48.5982,-3.793],[-48.5945,-3.7996],[-48.5975,-3.8005],[-48.5967,-3.8034],[-48.5894,-3.8087],[-48.5811,-3.8087],[-48.5779,-3.8141],[-48.5757,-3.8109],[-48.5702,-3.8113],[-48.5711,-3.8082],[-48.552,-3.8036],[-48.5472,-3.8091],[-48.541,-3.8068],[-48.5352,-3.8145],[-48.5316,-3.8128],[-48.5339,-3.8059],[-48.5312,-3.8034],[-48.5285,-3.8072],[-48.5161,-3.8078],[-48.513,-3.8156],[-48.4946,-3.8154],[-48.4931,-3.8182],[-48.4988,-3.8219],[-48.4953,-3.8238],[-48.4865,-3.8212],[-48.4876,-3.8135],[-48.481,-3.8195],[-48.4774,-3.8178],[-48.4729,-3.8158],[-48.4719,-3.8095],[-48.4685,-3.8095],[-48.4674,-3.816],[-48.4562,-3.8127],[-48.4577,-3.81],[-48.4646,-3.8112],[-48.4579,-3.804],[-48.453,-3.8077],[-48.4426,-3.8046],[-48.4478,-3.8083],[-48.4292,-3.8161],[-48.4236,-3.8135],[-48.4187,-3.8218],[-48.4014,-3.8193],[-48.4033,-3.8298],[-48.3982,-3.827],[-48.3883,-3.8369],[-48.39,-3.8416],[-48.3825,-3.8515],[-48.3796,-3.851],[-48.3759,-3.8605],[-48.3732,-3.879],[-48.3686,-3.8799],[-48.3734,-3.8985],[-48.3693,-3.9278],[-48.3727,-3.9383],[-48.3823,-3.9461],[-48.3846,-3.966],[-48.3802,-3.9791],[-48.3838,-3.9855],[-48.3808,-3.998],[-48.3875,-4.017],[-48.4098,-4.033],[-48.4219,-4.0562],[-48.4399,-4.0775],[-48.4479,-4.0714],[-48.4649,-4.0701],[-48.4731,-4.0753],[-48.494,-4.0775],[-48.5063,-4.0832],[-48.5139,-4.082],[-48.5493,-4.1019],[-48.5743,-4.1212],[-48.5908,-4.1283],[-48.6043,-4.1291],[-48.6089,-4.1365],[-48.6134,-4.1379],[-48.6222,-4.1309],[-48.6262,-4.1186],[-48.6303,-4.1194],[-48.6329,-4.1269],[-48.6409,-4.1201],[-48.6466,-4.132],[-48.6546,-4.1278],[-48.6579,-4.12],[-48.6665,-4.1192],[-48.6756,-4.1119],[-48.6794,-4.1231],[-48.6893,-4.1164],[-48.7005,-4.1136],[-48.6993,-4.1092],[-48.7099,-4.1051],[-48.7087,-4.0981],[-48.7128,-4.0929],[-48.721,-4.0931],[-48.7167,-4.102],[-48.7169,-4.1113],[-48.7343,-4.1377],[-48.7454,-4.1452],[-48.7472,-4.1714],[-48.7565,-4.1854],[-48.7619,-4.2299],[-48.7717,-4.239],[-48.7737,-4.2525],[-48.8012,-4.2602],[-48.808,-4.2651],[-48.8453,-4.3072],[-48.8709,-4.3077],[-48.8959,-4.323],[-48.8987,-4.3282],[-48.9211,-4.3389],[-48.926,-4.3478],[-48.9339,-4.3467],[-48.9581,-4.3531],[-48.9768,-4.3628],[-48.9864,-4.3595],[-48.9922,-4.3682],[-49.0166,-4.3679],[-49.0193,-4.3557],[-49.0163,-4.3349],[-49.0189,-4.332],[-49.0432,-4.3192],[-49.0572,-4.3196],[-49.0657,-4.3242],[-49.0786,-4.3221],[-49.0876,-4.323],[-49.0931,-4.3196],[-49.0979,-4.323],[-49.108,-4.3225],[-49.1136,-4.334],[-49.1203,-4.336],[-49.1319,-4.3538],[-49.1526,-4.3648],[-49.1644,-4.3652],[-49.1882,-4.3839],[-49.1881,-4.3877],[-49.1749,-4.3934],[-49.1728,-4.3999],[-49.1809,-4.4011],[-49.1952,-4.424],[-49.205,-4.4086],[-49.2246,-4.405],[-49.2299,-4.4077],[-49.2399,-4.4258],[-49.2551,-4.4349],[-49.2648,-4.4346],[-49.2733,-4.4432],[-49.2872,-4.4591],[-49.2926,-4.4719],[-49.3062,-4.4856],[-49.3177,-4.492],[-49.3222,-4.5003],[-49.4963,-4.5],[-49.4951,-4.488],[-49.4945,-4.4649],[-49.5108,-4.4079],[-49.5035,-4.3914],[-49.5078,-4.379],[-49.519,-4.3572],[-49.5189,-4.338],[-49.5253,-4.3191],[-49.5586,-4.2568],[-49.566,-4.2336],[-49.5858,-4.175],[-49.5976,-4.1352],[-49.6064,-4.0726],[-49.5127,-4.0733],[-49.4611,-4.0743],[-49.2384,-4.0759],[-49.2314,-4.0679],[-49.2126,-4.063],[-49.1841,-4.0292],[-49.1711,-4.0257],[-49.1488,-4.0206],[-49.1322,-4.0323],[-49.1207,-4.0503],[-49.1137,-4.0729],[-49.1001,-4.0806],[-49.0836,-4.1001],[-49.0794,-4.1016],[-49.0668,-4.0948],[-49.0534,-4.0986],[-49.049,-4.097],[-49.0511,-4.0834],[-49.0598,-4.0689],[-49.0653,-4.0683],[-49.0754,-4.0467],[-49.0668,-4.0339],[-49.0676,-4.0249],[-49.0751,-4.0251],[-49.0761,-4.0197],[-49.0726,-3.9958],[-49.0794,-3.9919],[-49.0952,-3.9924],[-49.0926,-3.9839],[-49.107,-3.9747],[-49.107,-3.9678],[-49.1121,-3.9638],[-49.1098,-3.9556],[-49.1149,-3.9511],[-49.1138,-3.944],[-49.1203,-3.9394],[-49.1299,-3.9405],[-49.1331,-3.9358],[-49.1309,-3.9281],[-49.136,-3.911],[-49.1414,-3.9067],[-49.1398,-3.8998],[-49.1486,-3.8784],[-49.1407,-3.8651],[-49.1378,-3.8494],[-49.1332,-3.8421],[-49.1359,-3.8363],[-49.1411,-3.8318],[-49.1546,-3.8343],[-49.1614,-3.8302],[-49.1688,-3.8342],[-49.1793,-3.8315],[-49.1873,-3.7965],[-49.2013,-3.793],[-49.2073,-3.7987],[-49.2172,-3.7987],[-49.2272,-3.7935],[-49.2328,-3.7848],[-49.241,-3.7826],[-49.2486,-3.7827],[-49.2503,-3.7873],[-49.2606,-3.7864],[-49.2688,-3.7811],[-49.2762,-3.7672],[-49.2789,-3.7582],[-49.2684,-3.7388],[-49.2728,-3.7264],[-49.274,-3.7059],[-49.2615,-3.681],[-49.2566,-3.6602],[-49.2567,-3.6348],[-49.2526,-3.6289],[-49.2421,-3.6283],[-49.2324,-3.62],[-49.2265,-3.6061],[-49.2085,-3.5972],[-49.2004,-3.5994],[-49.1926,-3.5876],[-49.1916,-3.5799],[-49.1811,-3.5697],[-49.1761,-3.5687],[-49.1724,-3.5619],[-49.1791,-3.5443],[-49.1714,-3.5362]]]}},{"type":"Feature","properties":{"nome":"Gurupá","cod":"1503101","uf":"PA"},"geometry":{"type":"Polygon","coordinates":[[[-51.152,-0.4186],[-51.1449,-0.4505],[-51.1522,-0.4713],[-51.1531,-0.4856],[-51.1783,-0.5088],[-51.1804,-0.5234],[-51.1483,-0.5505],[-51.1318,-0.5556],[-51.1058,-0.5524],[-51.0981,-0.5636],[-51.0987,-0.5814],[-51.1177,-0.6179],[-51.1231,-0.6354],[-51.1196,-0.6466],[-51.094,-0.6612],[-51.1466,-0.6804],[-51.1609,-0.6934],[-51.185,-0.7259],[-51.1891,-0.742],[-51.1914,-0.788],[-51.1861,-0.8295],[-51.1753,-0.8633],[-51.1686,-0.8995],[-51.1699,-0.9287],[-51.1781,-0.9669],[-51.1771,-0.977],[-51.1849,-1.0004],[-51.1842,-1.0124],[-51.1904,-1.0252],[-51.1919,-1.0392],[-51.207,-1.073],[-51.2164,-1.1076],[-51.2374,-1.1683],[-51.256,-1.2005],[-51.2736,-1.2167],[-51.2759,-1.2206],[-51.2714,-1.2241],[-51.2366,-1.2374],[-51.2177,-1.2272],[-51.2086,-1.2263],[-51.2112,-1.2306],[-51.3211,-1.4142],[-51.3254,-1.4213],[-51.4575,-1.6421],[-51.4779,-1.6399],[-51.4998,-1.6386],[-51.5158,-1.6451],[-51.5322,-1.6605],[-51.5468,-1.6822],[-51.5656,-1.693],[-51.7176,-1.7165],[-51.7606,-1.7228],[-51.8542,-1.7579],[-51.8679,-1.7523],[-51.8764,-1.7309],[-51.8894,-1.7299],[-51.924,-1.7619],[-51.935,-1.7801],[-51.9517,-1.7977],[-51.9631,-1.8252],[-51.9663,-1.8253],[-51.978,-1.8031],[-51.9853,-1.7789],[-51.9896,-1.7426],[-51.9836,-1.7256],[-51.9856,-1.7006],[-51.9632,-1.6751],[-51.9604,-1.6583],[-51.9516,-1.6462],[-51.9576,-1.639],[-51.9578,-1.6281],[-51.9699,-1.6199],[-51.9704,-1.615],[-51.9665,-1.6054],[-51.9558,-1.597],[-51.9563,-1.5914],[-51.969,-1.5903],[-51.9931,-1.5985],[-52.0151,-1.5979],[-52.0247,-1.5963],[-52.0547,-1.6008],[-52.092,-1.6065],[-52.1045,-1.6045],[-52.1388,-1.6078],[-52.2012,-1.6031],[-52.2103,-1.597],[-52.2393,-1.5468],[-52.2514,-1.5037],[-52.2298,-1.4857],[-52.1111,-1.4698],[-52.0614,-1.4493],[-51.9907,-1.4347],[-51.9709,-1.4182],[-51.9554,-1.4056],[-51.904,-1.3452],[-51.8905,-1.3091],[-51.8869,-1.2719],[-51.8753,-1.2632],[-51.8597,-1.2398],[-51.8159,-1.2168],[-51.7902,-1.1983],[-51.7825,-1.1835],[-51.7778,-1.154],[-51.7779,-1.1401],[-51.7789,-1.1372],[-51.7475,-1.1069],[-51.7,-1.0629],[-51.6868,-1.0357],[-51.6852,-1.0125],[-51.6893,-0.9972],[-51.6951,-0.9244],[-51.6919,-0.8998],[-51.6878,-0.8229],[-51.6831,-0.7971],[-51.665,-0.7615],[-51.5951,-0.6501],[-51.5115,-0.5636],[-51.5026,-0.5556],[-51.4863,-0.5453],[-51.4573,-0.5129],[-51.432,-0.473],[-51.4274,-0.4761],[-51.3778,-0.4693],[-51.3278,-0.4489],[-51.2815,-0.4338],[-51.2636,-0.4312],[-51.2365,-0.434],[-51.1815,-0.4262],[-51.1587,-0.4167],[-51.152,-0.4186]]]}},{"type":"Feature","properties":{"nome":"Igarapé-Açu","cod":"1503200","uf":"PA"},"geometry":{"type":"Polygon","coordinates":[[[-47.412,-1.0034],[-47.4104,-1.0066],[-47.4047,-1.0044],[-47.4008,-1.0126],[-47.4047,-1.0243],[-47.4002,-1.0284],[-47.4007,-1.0322],[-47.4051,-1.0345],[-47.409,-1.0292],[-47.4118,-1.0304],[-47.4108,-1.0379],[-47.4193,-1.0415],[-47.42,-1.0444],[-47.4126,-1.0454],[-47.4086,-1.0494],[-47.4151,-1.0561],[-47.4118,-1.0642],[-47.4213,-1.0656],[-47.4166,-1.0763],[-47.4193,-1.0788],[-47.4254,-1.072],[-47.4277,-1.0738],[-47.4242,-1.0794],[-47.4291,-1.0821],[-47.4308,-1.086],[-47.4269,-1.0904],[-47.4433,-1.1074],[-47.439,-1.1115],[-47.4454,-1.1138],[-47.4429,-1.1202],[-47.4487,-1.1225],[-47.4492,-1.132],[-47.4556,-1.132],[-47.4569,-1.1386],[-47.4519,-1.1498],[-47.4524,-1.1536],[-47.4557,-1.1533],[-47.455,-1.1592],[-47.4615,-1.1584],[-47.4663,-1.1618],[-47.4649,-1.1629],[-47.4616,-1.1665],[-47.4689,-1.1704],[-47.468,-1.1763],[-47.4765,-1.1859],[-47.4721,-1.1901],[-47.4753,-1.2027],[-47.4804,-1.1998],[-47.486,-1.2103],[-47.4898,-1.221],[-47.4929,-1.2214],[-47.493,-1.2245],[-47.4892,-1.2254],[-47.4924,-1.2309],[-47.4962,-1.2307],[-47.4955,-1.2365],[-47.5052,-1.2417],[-47.5079,-1.2483],[-47.5104,-1.2467],[-47.5149,-1.252],[-47.5201,-1.25],[-47.5212,-1.255],[-47.54,-1.27],[-47.5517,-1.2783],[-47.5658,-1.2928],[-47.5789,-1.3018],[-47.585,-1.3071],[-47.5964,-1.3088],[-47.6009,-1.3229],[-47.6094,-1.3343],[-47.6179,-1.341],[-47.6301,-1.3598],[-47.638,-1.3743],[-47.6488,-1.2895],[-47.6522,-1.2599],[-47.6545,-1.2401],[-47.7084,-1.2579],[-47.7181,-1.252],[-47.7212,-1.2532],[-47.7302,-1.2448],[-47.7261,-1.2373],[-47.7056,-1.2227],[-47.7017,-1.2165],[-47.6917,-1.2119],[-47.6804,-1.1899],[-47.6805,-1.1793],[-47.6886,-1.1676],[-47.6946,-1.1471],[-47.6932,-1.1233],[-47.6932,-1.1216],[-47.6931,-1.1212],[-47.6908,-1.1108],[-47.7028,-1.0808],[-47.7061,-1.057],[-47.6195,-1.066],[-47.61,-1.0312],[-47.5616,-1.0185],[-47.5339,-1.0113],[-47.5332,-1.0111],[-47.5015,-1.0028],[-47.4254,-0.9826],[-47.4125,-0.9763],[-47.406,-0.9741],[-47.4025,-0.9768],[-47.4082,-0.9886],[-47.4082,-1.0006],[-47.412,-1.0034]]]}},{"type":"Feature","properties":{"nome":"Igarapé-Miri","cod":"1503309","uf":"PA"},"geometry":{"type":"Polygon","coordinates":[[[-49.1127,-1.8015],[-49.0959,-1.8115],[-49.0846,-1.8064],[-49.0798,-1.808],[-49.0763,-1.8223],[-49.0711,-1.8141],[-49.0678,-1.814],[-49.0658,-1.8109],[-49.0593,-1.8129],[-49.0518,-1.8197],[-49.0497,-1.8153],[-49.0454,-1.8146],[-49.0429,-1.8202],[-49.0317,-1.8223],[-49.0334,-1.8285],[-49.0311,-1.8304],[-49.0189,-1.828],[-48.9995,-1.8086],[-48.9917,-1.8117],[-48.9893,-1.8167],[-48.9982,-1.8279],[-48.9985,-1.8442],[-48.9886,-1.8597],[-48.9798,-1.8663],[-48.9746,-1.8752],[-48.9746,-1.8823],[-48.9795,-1.8971],[-48.9698,-1.9098],[-48.9558,-1.922],[-48.9431,-1.9258],[-48.9195,-1.9466],[-48.9053,-1.9562],[-48.8958,-1.9605],[-48.8847,-1.9719],[-48.8743,-1.9938],[-48.8801,-1.997],[-48.9013,-2.0059],[-48.9253,-2.0212],[-48.9639,-2.0645],[-48.9602,-2.0801],[-48.9486,-2.098],[-48.9512,-2.141],[-48.9557,-2.1515],[-48.969,-2.164],[-48.9879,-2.1839],[-49.0123,-2.198],[-49.0258,-2.2164],[-49.0491,-2.2161],[-49.0902,-2.2406],[-49.1033,-2.2627],[-49.1019,-2.273],[-49.1084,-2.3011],[-49.1179,-2.3137],[-49.136,-2.317],[-49.1469,-2.3318],[-49.1577,-2.3477],[-49.1593,-2.3686],[-49.1663,-2.3707],[-49.1713,-2.3767],[-49.1843,-2.3773],[-49.189,-2.3837],[-49.2289,-2.4112],[-49.2314,-2.413],[-49.2971,-2.4503],[-49.2993,-2.4433],[-49.2874,-2.4343],[-49.2849,-2.4244],[-49.2798,-2.4205],[-49.2776,-2.3945],[-49.3569,-2.3593],[-49.3464,-2.3372],[-49.3398,-2.3325],[-49.3382,-2.3241],[-49.3305,-2.3157],[-49.3226,-2.3081],[-49.3168,-2.3104],[-49.3115,-2.3058],[-49.3088,-2.2876],[-49.2978,-2.2758],[-49.3,-2.2706],[-49.2939,-2.2605],[-49.2916,-2.2523],[-49.2771,-2.2418],[-49.2735,-2.234],[-49.2684,-2.2313],[-49.2679,-2.226],[-49.2645,-2.2271],[-49.2638,-2.2241],[-49.2542,-2.2202],[-49.2548,-2.2136],[-49.2519,-2.2122],[-49.2451,-2.1984],[-49.2461,-2.1888],[-49.2361,-2.1728],[-49.2275,-2.1762],[-49.2239,-2.1566],[-49.2262,-2.1469],[-49.2136,-2.1373],[-49.2133,-2.1275],[-49.208,-2.1188],[-49.1891,-2.1033],[-49.2312,-2.0566],[-49.238,-2.0491],[-49.2498,-2.036],[-49.2509,-2.029],[-49.2649,-2.025],[-49.2763,-2.0279],[-49.2857,-2.0372],[-49.3038,-2.0608],[-49.313,-2.0629],[-49.315,-2.0531],[-49.3081,-2.0181],[-49.3177,-1.9942],[-49.2963,-1.965],[-49.2641,-1.945],[-49.2546,-1.8939],[-49.2534,-1.8887],[-49.2442,-1.862],[-49.2288,-1.8323],[-49.2061,-1.784],[-49.2036,-1.7715],[-49.1997,-1.7526],[-49.1935,-1.7399],[-49.1713,-1.7158],[-49.1541,-1.7014],[-49.1476,-1.712],[-49.101,-1.7616],[-49.102,-1.7765],[-49.1093,-1.7902],[-49.1159,-1.7917],[-49.1127,-1.8015]]]}},{"type":"Feature","properties":{"nome":"Inhangapi","cod":"1503408","uf":"PA"},"geometry":{"type":"Polygon","coordinates":[[[-47.8571,-1.3618],[-47.8535,-1.3977],[-47.8449,-1.3965],[-47.8232,-1.4028],[-47.8194,-1.3992],[-47.7864,-1.4003],[-47.758,-1.4454],[-47.7555,-1.4497],[-47.7596,-1.4522],[-47.809,-1.4829],[-47.8402,-1.5022],[-47.9491,-1.5698],[-47.9436,-1.5783],[-47.951,-1.5843],[-47.967,-1.5926],[-47.9786,-1.5917],[-47.9905,-1.5849],[-48.0017,-1.5697],[-48.003,-1.539],[-47.9923,-1.5236],[-47.9871,-1.5075],[-47.9872,-1.5004],[-47.9971,-1.4877],[-48.0124,-1.4747],[-48.0192,-1.4729],[-48.0388,-1.4801],[-48.0523,-1.5011],[-48.0558,-1.5263],[-48.0654,-1.5381],[-48.0716,-1.5404],[-48.1011,-1.5394],[-48.1118,-1.5257],[-48.1339,-1.5148],[-48.0331,-1.4553],[-48.013,-1.4434],[-47.9857,-1.4219],[-47.9848,-1.421],[-47.8762,-1.3178],[-47.8767,-1.321],[-47.8748,-1.3346],[-47.8822,-1.3433],[-47.8809,-1.3469],[-47.8617,-1.3557],[-47.8571,-1.3618]]]}},{"type":"Feature","properties":{"nome":"Ipixuna do Pará","cod":"1503457","uf":"PA"},"geometry":{"type":"Polygon","coordinates":[[[-47.8283,-2.3081],[-47.8271,-2.3227],[-47.8208,-2.3266],[-47.7975,-2.3312],[-47.7921,-2.3372],[-47.793,-2.3442],[-47.7933,-2.3476],[-47.7896,-2.348],[-47.78,-2.3408],[-47.7702,-2.3395],[-47.7624,-2.3317],[-47.7458,-2.3263],[-47.7368,-2.3227],[-47.7349,-2.3093],[-47.7306,-2.3058],[-47.7248,-2.3069],[-47.7173,-2.3017],[-47.709,-2.3008],[-47.7041,-2.307],[-47.7041,-2.3163],[-47.699,-2.3199],[-47.6875,-2.326],[-47.6689,-2.3407],[-47.6543,-2.3453],[-47.6489,-2.35],[-47.6501,-2.361],[-47.6473,-2.3646],[-47.6357,-2.3681],[-47.6273,-2.3748],[-47.6208,-2.374],[-47.6059,-2.3561],[-47.5653,-2.3444],[-47.5551,-2.3459],[-47.5498,-2.3579],[-47.5511,-2.3702],[-47.5499,-2.373],[-47.5388,-2.3667],[-47.531,-2.3734],[-47.5198,-2.3731],[-47.5143,-2.3703],[-47.5106,-2.3602],[-47.4971,-2.3669],[-47.4885,-2.3618],[-47.4818,-2.3679],[-47.4676,-2.3697],[-47.4626,-2.3789],[-47.4628,-2.3868],[-47.4522,-2.4017],[-47.4447,-2.4082],[-47.4388,-2.4071],[-47.4299,-2.4162],[-47.4211,-2.44],[-47.4054,-2.4657],[-47.3934,-2.4675],[-47.3904,-2.471],[-47.396,-2.4923],[-47.405,-2.5076],[-47.4057,-2.5216],[-47.3936,-2.5356],[-47.3552,-2.5569],[-47.3472,-2.5793],[-47.3369,-2.576],[-47.3291,-2.5787],[-47.3289,-2.5855],[-47.3363,-2.5953],[-47.3383,-2.6137],[-47.3174,-2.6384],[-47.3105,-2.6527],[-47.3179,-2.6611],[-47.3453,-2.6633],[-47.3542,-2.6736],[-47.3631,-2.6757],[-47.3692,-2.6859],[-47.3662,-2.6933],[-47.3672,-2.705],[-47.3904,-2.7488],[-47.3905,-2.7676],[-47.4,-2.7873],[-47.3987,-2.7911],[-47.3834,-2.7989],[-47.3856,-2.8106],[-47.3889,-2.8139],[-47.3938,-2.8084],[-47.3987,-2.8097],[-47.4064,-2.8271],[-47.3909,-2.8701],[-47.3915,-2.8894],[-47.4109,-2.896],[-47.4239,-2.8865],[-47.4342,-2.8851],[-47.4348,-2.8849],[-47.4645,-2.8752],[-47.4983,-2.874],[-47.5183,-2.8608],[-47.5293,-2.8598],[-47.5385,-2.8505],[-47.5656,-2.8433],[-47.5802,-2.8275],[-47.6118,-2.8057],[-47.6304,-2.7969],[-47.6371,-2.7775],[-47.6448,-2.7749],[-47.6621,-2.7563],[-47.6635,-2.7445],[-47.6672,-2.7409],[-47.6819,-2.7369],[-47.6859,-2.7221],[-47.6889,-2.7194],[-47.6817,-2.7164],[-47.6821,-2.7011],[-47.6795,-2.6994],[-47.6804,-2.6758],[-47.6732,-2.6719],[-47.6735,-2.6626],[-47.6769,-2.663],[-47.6838,-2.6521],[-47.6838,-2.6462],[-47.6913,-2.6398],[-47.6887,-2.6353],[-47.693,-2.6287],[-47.6906,-2.6251],[-47.7011,-2.609],[-47.7003,-2.6017],[-47.7034,-2.6025],[-47.7092,-2.59],[-47.7055,-2.5774],[-47.7111,-2.5764],[-47.7124,-2.5701],[-47.7132,-2.5661],[-47.7205,-2.5674],[-47.7238,-2.5622],[-47.7284,-2.5622],[-47.731,-2.5544],[-47.7272,-2.5513],[-47.729,-2.544],[-47.7381,-2.5461],[-47.7407,-2.5438],[-47.7404,-2.5352],[-47.7374,-2.5328],[-47.7403,-2.5299],[-47.7371,-2.525],[-47.7489,-2.5213],[-47.7642,-2.5223],[-47.7634,-2.5384],[-47.7559,-2.537],[-47.7562,-2.5396],[-47.7735,-2.5548],[-47.7955,-2.5527],[-47.8018,-2.557],[-47.8031,-2.5633],[-47.8005,-2.5658],[-47.7862,-2.5673],[-47.7783,-2.5756],[-47.7795,-2.582],[-47.7902,-2.5933],[-47.7946,-2.5945],[-47.7947,-2.5864],[-47.8007,-2.584],[-47.8097,-2.5869],[-47.8268,-2.5853],[-47.8302,-2.5899],[-47.8252,-2.5977],[-47.8227,-2.619],[-47.8362,-2.622],[-47.8517,-2.6138],[-47.871,-2.6114],[-47.8643,-2.6454],[-47.8729,-2.6504],[-47.8792,-2.6622],[-47.899,-2.6697],[-47.8941,-2.6845],[-47.8879,-2.6831],[-47.8944,-2.6983],[-47.8817,-2.7025],[-47.9029,-2.7291],[-47.9067,-2.7373],[-47.9044,-2.7401],[-47.8829,-2.7471],[-47.88,-2.7515],[-47.8898,-2.7668],[-47.8866,-2.7741],[-47.8723,-2.7794],[-47.8496,-2.7718],[-47.8406,-2.7793],[-47.842,-2.7868],[-47.8501,-2.7946],[-47.851,-2.8143],[-47.8657,-2.8356],[-47.864,-2.8475],[-47.8605,-2.8477],[-47.8532,-2.8385],[-47.844,-2.8583],[-47.821,-2.8464],[-47.7998,-2.8433],[-47.7968,-2.8463],[-47.7954,-2.8556],[-47.8039,-2.8579],[-47.8048,-2.8623],[-47.7971,-2.8692],[-47.7964,-2.8857],[-47.775,-2.9129],[-47.7946,-2.9142],[-47.8107,-2.9274],[-47.8159,-2.9365],[-47.8156,-2.9433],[-47.8106,-2.9463],[-47.8004,-2.9376],[-47.802,-2.9494],[-47.7906,-2.9583],[-47.7876,-2.971],[-47.7983,-2.9785],[-47.8099,-2.9786],[-47.8106,-2.9692],[-47.816,-2.9653],[-47.8214,-2.9704],[-47.8201,-2.9817],[-47.8209,-2.9902],[-47.8298,-3.0004],[-47.849,-3.0098],[-47.8727,-2.998],[-47.8771,-2.9992],[-47.8816,-3.0099],[-47.8754,-3.0189],[-47.8742,-3.029],[-47.8867,-3.0296],[-47.8892,-3.0183],[-47.8978,-3.0186],[-47.9019,-3.0057],[-47.9058,-3.0048],[-47.9098,-3.0096],[-47.9075,-3.0224],[-47.9041,-3.0306],[-47.9203,-3.0368],[-47.9159,-3.0571],[-47.9173,-3.0703],[-47.9386,-3.0814],[-47.953,-3.0849],[-47.9561,-3.0816],[-47.9552,-3.0768],[-47.949,-3.0723],[-47.9544,-3.0687],[-47.9651,-3.0774],[-47.9861,-3.0694],[-47.9912,-3.0911],[-48.0077,-3.0917],[-48.0215,-3.1007],[-48.0198,-3.1029],[-48.0093,-3.0989],[-48.0035,-3.1013],[-48.0009,-3.1123],[-48.0063,-3.1226],[-48.0128,-3.1151],[-48.0243,-3.1137],[-48.0359,-3.0991],[-48.0432,-3.0983],[-48.0553,-3.1049],[-48.0567,-3.1201],[-48.0628,-3.1324],[-48.0684,-3.1324],[-48.0686,-3.1413],[-48.0712,-3.1431],[-48.0788,-3.1365],[-48.0963,-3.1463],[-48.0987,-3.1534],[-48.0946,-3.1615],[-48.0824,-3.1678],[-48.0706,-3.1819],[-48.0756,-3.1922],[-48.086,-3.1816],[-48.0897,-3.1801],[-48.0916,-3.1834],[-48.095,-3.185],[-48.1015,-3.1818],[-48.0976,-3.1954],[-48.1118,-3.2085],[-48.1154,-3.2072],[-48.1216,-3.1946],[-48.1372,-3.1887],[-48.1501,-3.2011],[-48.1675,-3.2064],[-48.1622,-3.21],[-48.1578,-3.2206],[-48.1608,-3.2392],[-48.18,-3.2194],[-48.1994,-3.2247],[-48.199,-3.2143],[-48.2037,-3.2038],[-48.2214,-3.194],[-48.226,-3.1967],[-48.2225,-3.2224],[-48.2308,-3.2348],[-48.2454,-3.2322],[-48.2406,-3.2164],[-48.2509,-3.2078],[-48.2649,-3.2133],[-48.2694,-3.2297],[-48.2922,-3.2187],[-48.2964,-3.2278],[-48.294,-3.2377],[-48.2984,-3.2453],[-48.3081,-3.2507],[-48.3174,-3.2493],[-48.322,-3.2411],[-48.3173,-3.236],[-48.3154,-3.224],[-48.3359,-3.2293],[-48.3466,-3.2251],[-48.3519,-3.2319],[-48.3422,-3.2368],[-48.3595,-3.2503],[-48.364,-3.2467],[-48.359,-3.2399],[-48.3594,-3.2325],[-48.3645,-3.2253],[-48.3713,-3.2247],[-48.3764,-3.2317],[-48.3717,-3.2387],[-48.3746,-3.2608],[-48.3826,-3.2528],[-48.3865,-3.2623],[-48.3906,-3.2594],[-48.3942,-3.2614],[-48.3949,-3.272],[-48.4047,-3.2796],[-48.4163,-3.2723],[-48.4176,-3.2687],[-48.4101,-3.2624],[-48.4139,-3.2539],[-48.4239,-3.2618],[-48.428,-3.2602],[-48.4286,-3.254],[-48.4362,-3.255],[-48.4402,-3.2588],[-48.4407,-3.2655],[-48.4326,-3.2618],[-48.4304,-3.267],[-48.4393,-3.2734],[-48.4446,-3.2732],[-48.4515,-3.2671],[-48.4608,-3.27],[-48.4623,-3.2767],[-48.4738,-3.2755],[-48.4894,-3.2599],[-48.4965,-3.2575],[-48.5024,-3.2593],[-48.5183,-3.2808],[-48.5438,-3.2778],[-48.5693,-3.2867],[-48.5758,-3.2913],[-48.575,-3.2941],[-48.5643,-3.2945],[-48.5597,-3.2971],[-48.5583,-3.3025],[-48.5598,-3.3194],[-48.5658,-3.3262],[-48.5712,-3.3249],[-48.5702,-3.3157],[-48.5733,-3.3091],[-48.5812,-3.3048],[-48.5831,-3.3084],[-48.5911,-3.3074],[-48.5968,-3.3123],[-48.6043,-3.3133],[-48.5978,-3.3186],[-48.6041,-3.3193],[-48.6051,-3.3315],[-48.6097,-3.3346],[-48.6127,-3.3325],[-48.6099,-3.3111],[-48.6142,-3.3147],[-48.6252,-3.3074],[-48.6326,-3.3231],[-48.6226,-3.3566],[-48.6322,-3.3526],[-48.6379,-3.3388],[-48.6529,-3.3545],[-48.6668,-3.3625],[-48.6642,-3.3524],[-48.6763,-3.3461],[-48.6848,-3.3355],[-48.6993,-3.3347],[-48.7018,-3.3429],[-48.6961,-3.3593],[-48.7039,-3.3702],[-48.6973,-3.3753],[-48.6863,-3.3775],[-48.6864,-3.3839],[-48.6986,-3.3864],[-48.7103,-3.3725],[-48.719,-3.3846],[-48.7298,-3.3781],[-48.7344,-3.3805],[-48.7375,-3.3943],[-48.7422,-3.3975],[-48.7525,-3.3922],[-48.7605,-3.3949],[-48.7718,-3.4055],[-48.7762,-3.426],[-48.7792,-3.4237],[-48.7888,-3.4255],[-48.7986,-3.4465],[-48.805,-3.4445],[-48.8099,-3.4374],[-48.8156,-3.4392],[-48.8118,-3.4522],[-48.8175,-3.4684],[-48.8212,-3.4684],[-48.8307,-3.4575],[-48.8469,-3.4572],[-48.85,-3.4632],[-48.8412,-3.4641],[-48.8364,-3.4682],[-48.8305,-3.4877],[-48.8465,-3.4873],[-48.8424,-3.4968],[-48.8401,-3.5207],[-48.8462,-3.5262],[-48.8565,-3.5211],[-48.8588,-3.5231],[-48.8588,-3.5272],[-48.847,-3.5332],[-48.8463,-3.5373],[-48.8544,-3.5362],[-48.8722,-3.5404],[-48.8678,-3.5466],[-48.8575,-3.5467],[-48.8518,-3.5502],[-48.8504,-3.5623],[-48.8609,-3.5696],[-48.8788,-3.5606],[-48.8835,-3.5676],[-48.8977,-3.5748],[-48.9172,-3.5665],[-48.9369,-3.5645],[-48.9454,-3.5674],[-48.963,-3.549],[-48.9788,-3.5427],[-49.0073,-3.5415],[-49.0194,-3.5442],[-49.019,-3.5362],[-49.0274,-3.5388],[-49.0248,-3.547],[-49.0296,-3.5519],[-49.0337,-3.5515],[-49.0355,-3.5379],[-49.0278,-3.5164],[-49.0189,-3.5041],[-48.9784,-3.4612],[-48.9635,-3.4508],[-48.9273,-3.4327],[-48.9231,-3.4238],[-48.9252,-3.4126],[-48.9255,-3.4067],[-48.923,-3.4009],[-48.907,-3.3951],[-48.894,-3.3752],[-48.8741,-3.389],[-48.8648,-3.3898],[-48.8386,-3.3866],[-48.8191,-3.3797],[-48.7991,-3.359],[-48.7566,-3.3432],[-48.7297,-3.3236],[-48.7055,-3.2995],[-48.6896,-3.2928],[-48.6671,-3.2537],[-48.6539,-3.241],[-48.6324,-3.2292],[-48.6111,-3.2296],[-48.5902,-3.2252],[-48.5453,-3.194],[-48.5301,-3.1953],[-48.5053,-3.2181],[-48.4858,-3.2333],[-48.4593,-3.2335],[-48.4479,-3.2373],[-48.4095,-3.1975],[-48.4054,-3.1994],[-48.3986,-3.217],[-48.3803,-3.2113],[-48.3616,-3.1982],[-48.3446,-3.1968],[-48.3368,-3.2],[-48.3287,-3.1934],[-48.3084,-3.1641],[-48.3193,-3.144],[-48.3092,-3.1263],[-48.3049,-3.1004],[-48.2853,-3.0933],[-48.2827,-3.0997],[-48.2665,-3.12],[-48.2614,-3.1219],[-48.2527,-3.1165],[-48.2496,-3.0793],[-48.2369,-3.0536],[-48.2311,-3.0332],[-48.2143,-3.0119],[-48.1992,-2.9644],[-48.193,-2.9561],[-48.1808,-2.9491],[-48.1563,-2.9456],[-48.1283,-2.9469],[-48.1023,-2.9216],[-48.0906,-2.8995],[-48.0921,-2.8849],[-48.0882,-2.8787],[-48.0909,-2.8716],[-48.0851,-2.8575],[-48.0881,-2.841],[-48.0733,-2.7747],[-48.0594,-2.7536],[-48.0347,-2.6986],[-48.0461,-2.6565],[-48.0457,-2.6433],[-48.0282,-2.6242],[-47.9788,-2.5974],[-47.9583,-2.5749],[-47.9506,-2.5581],[-47.9315,-2.5428],[-47.9256,-2.5202],[-47.9288,-2.4985],[-47.9386,-2.496],[-47.9464,-2.5127],[-47.9516,-2.5167],[-47.9457,-2.4888],[-47.9535,-2.4677],[-47.9551,-2.4476],[-47.9596,-2.4408],[-47.9844,-2.4223],[-47.9864,-2.4158],[-47.9628,-2.3916],[-47.9493,-2.3383],[-47.9437,-2.3319],[-47.932,-2.3271],[-47.8863,-2.3205],[-47.857,-2.3209],[-47.8425,-2.313],[-47.8385,-2.2994],[-47.8358,-2.3003],[-47.8283,-2.3081]]]}},{"type":"Feature","properties":{"nome":"Irituia","cod":"1503507","uf":"PA"},"geometry":{"type":"Polygon","coordinates":[[[-47.3266,-1.605],[-47.3098,-1.6104],[-47.3068,-1.6073],[-47.3061,-1.6116],[-47.3022,-1.6296],[-47.3035,-1.6395],[-47.3149,-1.6632],[-47.3159,-1.6759],[-47.3092,-1.6835],[-47.3089,-1.7091],[-47.2948,-1.7221],[-47.2952,-1.7359],[-47.2847,-1.7581],[-47.2844,-1.7668],[-47.2655,-1.7782],[-47.261,-1.7944],[-47.2528,-1.8042],[-47.2308,-1.8008],[-47.2193,-1.7935],[-47.2026,-1.7945],[-47.2035,-1.8047],[-47.1925,-1.8136],[-47.1951,-1.8217],[-47.2125,-1.8324],[-47.2123,-1.8387],[-47.2035,-1.8488],[-47.2024,-1.8547],[-47.2211,-1.8641],[-47.2275,-1.8719],[-47.2299,-1.8816],[-47.219,-1.8967],[-47.2165,-1.9104],[-47.2218,-1.9296],[-47.2214,-1.9457],[-47.2357,-1.9566],[-47.2401,-1.9703],[-47.2519,-1.9778],[-47.2596,-1.9901],[-47.2876,-1.9956],[-47.2936,-2.0049],[-47.2966,-2.0166],[-47.3136,-2.0277],[-47.3252,-2.0509],[-47.3469,-2.0642],[-47.356,-2.0749],[-47.3987,-2.0783],[-47.3982,-2.0674],[-47.4033,-2.0598],[-47.4059,-2.0375],[-47.4091,-2.0353],[-47.4237,-1.9906],[-47.4318,-1.9837],[-47.4331,-1.979],[-47.4395,-1.9614],[-47.4361,-1.9413],[-47.4325,-1.9372],[-47.4318,-1.9245],[-47.4331,-1.918],[-47.4427,-1.9065],[-47.4469,-1.9065],[-47.4526,-1.9143],[-47.4658,-1.9139],[-47.4769,-1.8956],[-47.4692,-1.8877],[-47.4703,-1.8791],[-47.4846,-1.8719],[-47.4896,-1.8644],[-47.5004,-1.8706],[-47.5042,-1.8657],[-47.5129,-1.8678],[-47.5149,-1.8486],[-47.5197,-1.8483],[-47.5356,-1.8554],[-47.5494,-1.8714],[-47.5589,-1.8682],[-47.5627,-1.8635],[-47.5686,-1.8633],[-47.5898,-1.8822],[-47.5878,-1.8697],[-47.5786,-1.857],[-47.5853,-1.8361],[-47.5861,-1.8209],[-47.5872,-1.8142],[-47.5775,-1.7942],[-47.5628,-1.7887],[-47.5609,-1.7701],[-47.5678,-1.7596],[-47.5703,-1.7245],[-47.5678,-1.715],[-47.5712,-1.7075],[-47.5834,-1.6885],[-47.601,-1.6772],[-47.6019,-1.6659],[-47.6043,-1.6464],[-47.615,-1.6402],[-47.6154,-1.6339],[-47.6194,-1.632],[-47.6245,-1.6284],[-47.6246,-1.6236],[-47.6182,-1.61],[-47.6109,-1.6087],[-47.6027,-1.6075],[-47.5982,-1.6097],[-47.5978,-1.6148],[-47.5875,-1.6162],[-47.5845,-1.6252],[-47.5774,-1.6141],[-47.5681,-1.6231],[-47.5607,-1.6226],[-47.5557,-1.6211],[-47.5659,-1.608],[-47.5577,-1.6078],[-47.5517,-1.6011],[-47.5322,-1.6153],[-47.5311,-1.6181],[-47.539,-1.6246],[-47.5207,-1.6306],[-47.5154,-1.6244],[-47.5092,-1.6331],[-47.5007,-1.632],[-47.4991,-1.6199],[-47.4918,-1.6256],[-47.4846,-1.6252],[-47.4826,-1.6293],[-47.4815,-1.631],[-47.4818,-1.6402],[-47.4791,-1.6375],[-47.4705,-1.6302],[-47.4649,-1.6417],[-47.4592,-1.6336],[-47.4598,-1.6265],[-47.4526,-1.6259],[-47.4502,-1.6199],[-47.4453,-1.6232],[-47.4445,-1.6286],[-47.4354,-1.6195],[-47.4347,-1.6264],[-47.4318,-1.6279],[-47.4291,-1.6239],[-47.4255,-1.6239],[-47.4283,-1.6294],[-47.4248,-1.6341],[-47.4203,-1.6303],[-47.4156,-1.6349],[-47.4096,-1.6344],[-47.3987,-1.6303],[-47.4017,-1.6235],[-47.3992,-1.6219],[-47.3943,-1.6256],[-47.3884,-1.6227],[-47.3907,-1.6301],[-47.388,-1.6311],[-47.3728,-1.6297],[-47.367,-1.6216],[-47.358,-1.622],[-47.3514,-1.6126],[-47.3512,-1.6125],[-47.3471,-1.5987],[-47.3393,-1.5935],[-47.3361,-1.5932],[-47.3354,-1.6],[-47.3266,-1.605]]]}},{"type":"Feature","properties":{"nome":"Itaituba","cod":"1503606","uf":"PA"},"geometry":{"type":"Polygon","coordinates":[[[-56.877,-3.9187],[-56.8549,-3.9319],[-56.8409,-3.9307],[-56.8333,-3.9516],[-56.8234,-3.9544],[-56.8257,-3.9709],[-56.8229,-3.9832],[-56.8276,-3.9999],[-56.8225,-4.012],[-56.8147,-4.0097],[-56.8043,-4.0128],[-56.7978,-4.0105],[-56.7868,-4.0123],[-56.776,-4.0092],[-56.7659,-4.0143],[-56.7614,-4.0204],[-56.7518,-4.0244],[-56.7424,-4.0464],[-56.7489,-4.0608],[-56.7357,-4.0624],[-56.7209,-4.0829],[-56.7278,-4.0923],[-56.7268,-4.0992],[-56.7206,-4.1049],[-56.7257,-4.1137],[-56.7243,-4.1305],[-56.7312,-4.1337],[-56.7329,-4.1463],[-56.7318,-4.1574],[-56.726,-4.1631],[-56.7273,-4.1707],[-56.7224,-4.1751],[-56.7252,-4.1864],[-56.7157,-4.2019],[-56.7157,-4.2261],[-56.7126,-4.2279],[-56.7104,-4.2409],[-56.7084,-4.2457],[-56.7032,-4.247],[-56.6788,-4.2324],[-56.6698,-4.2354],[-56.6716,-4.2456],[-56.661,-4.2425],[-56.6537,-4.2462],[-56.6518,-4.2497],[-56.6543,-4.2564],[-56.648,-4.2683],[-56.6442,-4.2689],[-56.628,-4.3011],[-56.618,-4.2981],[-56.6073,-4.3039],[-56.5907,-4.3047],[-56.5802,-4.2928],[-56.5676,-4.2925],[-56.561,-4.2879],[-56.5542,-4.3],[-56.5509,-4.2999],[-56.555,-4.2534],[-56.5474,-4.2437],[-56.5322,-4.241],[-56.5265,-4.2335],[-56.5278,-4.2068],[-56.5194,-4.2081],[-56.5188,-4.2046],[-56.5295,-4.1986],[-56.526,-4.1932],[-56.5323,-4.1753],[-56.5281,-4.1737],[-56.5276,-4.1661],[-56.5161,-4.1585],[-56.5176,-4.1511],[-56.4881,-4.1407],[-56.4892,-4.1498],[-56.4799,-4.1528],[-56.4752,-4.1404],[-56.4768,-4.1308],[-56.4713,-4.1276],[-56.4556,-4.1427],[-56.4463,-4.145],[-56.4436,-4.1394],[-56.4333,-4.1467],[-56.4267,-4.1398],[-56.426,-4.134],[-56.4135,-4.1316],[-56.4049,-4.1355],[-56.4008,-4.1305],[-56.3937,-4.1309],[-56.3856,-4.1361],[-56.3601,-4.1332],[-56.353,-4.1356],[-56.3523,-4.1421],[-56.3459,-4.1425],[-56.3414,-4.1555],[-56.335,-4.153],[-56.3277,-4.1585],[-56.3205,-4.162],[-56.3069,-4.1726],[-56.2963,-4.1692],[-56.2833,-4.1594],[-56.2686,-4.1601],[-56.2689,-4.17],[-56.2621,-4.1775],[-56.2579,-4.1762],[-56.2575,-4.1627],[-56.2524,-4.1584],[-56.2374,-4.1553],[-56.232,-4.1435],[-56.2413,-4.1314],[-56.2414,-4.128],[-56.2355,-4.1241],[-56.2356,-4.118],[-56.2247,-4.1104],[-56.219,-4.114],[-56.2064,-4.112],[-56.203,-4.1055],[-56.1899,-4.0996],[-56.1916,-4.0869],[-56.1847,-4.0776],[-56.1984,-4.0722],[-56.1992,-4.0691],[-56.1894,-4.045],[-56.1748,-4.0349],[-56.1719,-4.0293],[-56.1776,-4.0268],[-56.1719,-4.017],[-56.1664,-4.0225],[-56.1556,-4.0089],[-56.1431,-4.0043],[-56.1368,-3.9964],[-56.1374,-3.9935],[-56.1412,-3.9944],[-56.1432,-3.9884],[-56.1526,-3.9913],[-56.1554,-3.9892],[-56.1547,-3.9831],[-56.1334,-3.974],[-56.1333,-3.9676],[-56.113,-3.9619],[-56.0874,-3.9467],[-56.0855,-3.9408],[-56.0796,-3.9425],[-56.0705,-3.9398],[-56.059,-3.9186],[-56.0371,-3.9098],[-56.0316,-3.8888],[-56.0259,-3.8803],[-56.0273,-3.8554],[-56.0108,-3.8544],[-56.0042,-3.8628],[-55.9943,-3.8656],[-55.9917,-3.8622],[-55.984,-3.862],[-55.9794,-3.8709],[-55.9583,-3.8714],[-55.9539,-3.8769],[-55.9542,-3.8879],[-55.9467,-3.8994],[-55.9399,-3.9015],[-55.9259,-3.8938],[-55.9232,-3.8961],[-55.9288,-3.9078],[-55.9265,-3.9107],[-55.9217,-3.9191],[-55.9292,-3.9246],[-55.9189,-3.9259],[-55.9173,-3.9295],[-55.9246,-3.9404],[-55.9221,-3.9423],[-55.9157,-3.9408],[-55.9062,-3.9245],[-55.9034,-3.9316],[-55.8969,-3.9347],[-55.8844,-3.9039],[-55.8747,-3.9076],[-55.8657,-3.9199],[-55.8639,-3.9288],[-55.8536,-3.9281],[-55.8513,-3.9467],[-55.8401,-3.951],[-55.834,-3.9638],[-55.8401,-3.9657],[-55.8462,-3.9728],[-55.8426,-3.9828],[-55.8456,-3.992],[-55.8463,-3.999],[-55.8403,-4.0017],[-55.8378,-4.0144],[-55.8263,-4.017],[-55.8111,-4.0109],[-55.8018,-4.0113],[-55.7897,-4.0051],[-55.7759,-4.0095],[-55.7686,-4.0029],[-55.7615,-4.0059],[-55.7567,-4.0032],[-55.7503,-4.0045],[-55.7462,-4.001],[-55.7429,-4.0031],[-55.7405,-4.0144],[-55.7251,-4.032],[-55.7262,-4.0438],[-55.7209,-4.05],[-55.7066,-4.0557],[-55.6979,-4.0553],[-55.6715,-4.0732],[-55.6699,-4.0852],[-55.6538,-4.0904],[-55.6794,-4.107],[-55.7277,-4.1252],[-55.7567,-4.1442],[-55.7747,-4.1521],[-55.8792,-4.2199],[-55.8964,-4.2343],[-55.8932,-4.2437],[-55.8789,-4.2501],[-55.8628,-4.2483],[-55.8478,-4.2586],[-55.8458,-4.27],[-55.8288,-4.2794],[-55.8083,-4.2851],[-55.8036,-4.2905],[-55.7864,-4.2756],[-55.7866,-4.2713],[-55.778,-4.2736],[-55.7701,-4.2713],[-55.7627,-4.2842],[-55.7584,-4.283],[-55.7616,-4.2757],[-55.7589,-4.2576],[-55.7496,-4.2566],[-55.7324,-4.24],[-55.723,-4.2403],[-55.7192,-4.2465],[-55.7225,-4.2541],[-55.7124,-4.2609],[-55.7191,-4.2726],[-55.7123,-4.2797],[-55.708,-4.2796],[-55.7057,-4.2741],[-55.7013,-4.2783],[-55.701,-4.2792],[-55.6891,-4.2866],[-55.6795,-4.3029],[-55.6724,-4.3019],[-55.663,-4.3079],[-55.6564,-4.3057],[-55.645,-4.3222],[-55.6417,-4.3224],[-55.6429,-4.3301],[-55.6402,-4.3333],[-55.6455,-4.337],[-55.6478,-4.351],[-55.6419,-4.3549],[-55.6193,-4.352],[-55.6256,-4.3721],[-55.6186,-4.3747],[-55.6166,-4.3822],[-55.6228,-4.3867],[-55.6196,-4.3932],[-55.6233,-4.3973],[-55.624,-4.409],[-55.6297,-4.4135],[-55.6378,-4.4144],[-55.6427,-4.4196],[-55.6419,-4.4309],[-55.6533,-4.4314],[-55.6592,-4.438],[-55.655,-4.4468],[-55.6595,-4.4543],[-55.6688,-4.4549],[-55.6701,-4.4585],[-55.6659,-4.4619],[-55.67,-4.465],[-55.6658,-4.4703],[-55.6714,-4.4729],[-55.6639,-4.486],[-55.6695,-4.4902],[-55.6759,-4.5127],[-55.6737,-4.5144],[-55.6591,-4.5132],[-55.6506,-4.518],[-55.6375,-4.5144],[-55.6354,-4.5083],[-55.6218,-4.5054],[-55.6085,-4.5075],[-55.6058,-4.5051],[-55.5928,-4.5234],[-55.5744,-4.5355],[-55.5703,-4.5372],[-55.5527,-4.532],[-55.5384,-4.5601],[-55.533,-4.5873],[-55.5259,-4.6039],[-55.508,-4.6176],[-55.4973,-4.62],[-55.4924,-4.6497],[-55.4791,-4.6552],[-55.4785,-4.6624],[-55.4814,-4.6653],[-55.465,-4.6905],[-55.4671,-4.6961],[-55.475,-4.7009],[-55.4706,-4.7172],[-55.4823,-4.7353],[-55.4885,-4.7272],[-55.5083,-4.7185],[-55.5144,-4.7011],[-55.5241,-4.6956],[-55.5461,-4.6971],[-55.5511,-4.7015],[-55.5583,-4.7022],[-55.5672,-4.6995],[-55.573,-4.6926],[-55.5787,-4.6947],[-55.6094,-4.6907],[-55.6157,-4.6954],[-55.6355,-4.6894],[-55.6654,-4.6878],[-55.671,-4.6822],[-55.6846,-4.6815],[-55.7091,-4.6741],[-55.7119,-4.6598],[-55.7189,-4.6576],[-55.718,-4.6511],[-55.7375,-4.6454],[-55.7438,-4.6339],[-55.7649,-4.6283],[-55.7713,-4.6285],[-55.774,-4.6323],[-55.7838,-4.6276],[-55.7857,-4.6302],[-55.7923,-4.629],[-55.7946,-4.6258],[-55.8068,-4.6171],[-55.8147,-4.6207],[-55.84,-4.6154],[-55.8403,-4.6128],[-55.8527,-4.6099],[-55.8651,-4.6016],[-55.8692,-4.6028],[-55.8734,-4.5934],[-55.8785,-4.5982],[-55.8816,-4.5938],[-55.8806,-4.5825],[-55.8859,-4.5748],[-55.8901,-4.5797],[-55.896,-4.5776],[-55.8986,-4.5801],[-55.9035,-4.573],[-55.9015,-4.5716],[-55.9108,-4.5707],[-55.9247,-4.5594],[-55.9264,-4.5572],[-55.9419,-4.5489],[-55.9516,-4.5375],[-55.9693,-4.5341],[-55.9765,-4.5401],[-55.9872,-4.5637],[-55.9935,-4.5644],[-55.9974,-4.5614],[-55.9975,-4.5501],[-56.0138,-4.5541],[-56.0161,-4.5574],[-56.0084,-4.5707],[-56.0231,-4.5732],[-56.0225,-4.5855],[-56.0302,-4.5879],[-56.0384,-4.5969],[-56.0471,-4.596],[-56.0598,-4.6005],[-56.0672,-4.6075],[-56.0854,-4.6074],[-56.0879,-4.6103],[-56.0871,-4.6165],[-56.091,-4.6203],[-56.0873,-4.6384],[-56.0783,-4.6526],[-56.0783,-4.6616],[-56.0693,-4.6662],[-56.0723,-4.6719],[-56.0669,-4.6856],[-56.0593,-4.688],[-56.0585,-4.6912],[-56.0574,-4.7069],[-56.0691,-4.7261],[-56.0607,-4.7355],[-56.0608,-4.7451],[-56.0596,-4.7473],[-56.053,-4.7534],[-56.0479,-4.7668],[-56.0386,-4.7688],[-56.0346,-4.7761],[-56.0279,-4.7775],[-56.0238,-4.7843],[-56.0393,-4.809],[-56.0304,-4.8324],[-56.0454,-4.8497],[-56.058,-4.8467],[-56.0632,-4.8377],[-56.0624,-4.8294],[-56.0812,-4.8191],[-56.0917,-4.8259],[-56.1059,-4.8254],[-56.1232,-4.8438],[-56.1357,-4.834],[-56.156,-4.8334],[-56.1613,-4.8297],[-56.1658,-4.7989],[-56.1734,-4.7953],[-56.1729,-4.7887],[-56.1783,-4.7842],[-56.1699,-4.7629],[-56.156,-4.7491],[-56.1561,-4.7434],[-56.1638,-4.7375],[-56.1639,-4.7374],[-56.1733,-4.7196],[-56.1804,-4.7155],[-56.1792,-4.7009],[-56.1716,-4.6937],[-56.167,-4.6891],[-56.1675,-4.6839],[-56.1572,-4.6734],[-56.1696,-4.66],[-56.1654,-4.6354],[-56.1671,-4.625],[-56.1738,-4.6183],[-56.1708,-4.6101],[-56.1742,-4.6019],[-56.1821,-4.606],[-56.1854,-4.5993],[-56.1915,-4.5961],[-56.1994,-4.6029],[-56.2038,-4.598],[-56.2141,-4.6031],[-56.2206,-4.5912],[-56.2604,-4.5667],[-56.2677,-4.5665],[-56.2766,-4.5705],[-56.2778,-4.5896],[-56.2825,-4.6026],[-56.2955,-4.6152],[-56.3114,-4.6234],[-56.3306,-4.642],[-56.3509,-4.6501],[-56.3873,-4.6784],[-56.3982,-4.6917],[-56.4019,-4.7055],[-56.4077,-4.7244],[-56.4136,-4.7316],[-56.4395,-4.7615],[-56.4434,-4.7705],[-56.4464,-4.7939],[-56.4438,-4.8059],[-56.4476,-4.8119],[-56.4433,-4.8265],[-56.4566,-4.8465],[-56.4523,-4.8624],[-56.4553,-4.8734],[-56.449,-4.8843],[-56.4573,-4.8937],[-56.4512,-4.9017],[-56.468,-4.9104],[-56.4861,-4.9081],[-56.4969,-4.9193],[-56.4978,-4.926],[-56.497,-4.9466],[-56.4905,-4.9611],[-56.4907,-4.9721],[-56.4729,-4.982],[-56.4499,-5.0047],[-56.454,-5.0231],[-56.4453,-5.0366],[-56.4436,-5.0482],[-56.4643,-5.0693],[-56.4674,-5.0799],[-56.4742,-5.0866],[-56.4801,-5.1173],[-56.5015,-5.1292],[-56.5074,-5.1454],[-56.5121,-5.1468],[-56.5256,-5.1407],[-56.5344,-5.1423],[-56.5404,-5.1484],[-56.5482,-5.1856],[-56.5582,-5.196],[-56.5596,-5.2037],[-56.5785,-5.2097],[-56.5984,-5.2093],[-56.6185,-5.2207],[-56.6179,-5.2398],[-56.64,-5.2479],[-56.6544,-5.2757],[-56.6649,-5.2843],[-56.6636,-5.2891],[-56.6534,-5.2938],[-56.6569,-5.3168],[-56.6467,-5.3345],[-56.6501,-5.3447],[-56.6244,-5.3428],[-56.6247,-5.3549],[-56.6203,-5.3573],[-56.6178,-5.3523],[-56.614,-5.354],[-56.6133,-5.3578],[-56.6188,-5.3639],[-56.6146,-5.3697],[-56.6151,-5.3833],[-56.6029,-5.3797],[-56.5995,-5.3834],[-56.6006,-5.392],[-56.6096,-5.3968],[-56.6181,-5.397],[-56.6352,-5.3978],[-56.634,-5.4123],[-56.6265,-5.421],[-56.6296,-5.4343],[-56.6094,-5.4313],[-56.608,-5.4448],[-56.6125,-5.4515],[-56.6125,-5.4644],[-56.6038,-5.485],[-56.6088,-5.4989],[-56.5956,-5.5035],[-56.5976,-5.5138],[-56.5929,-5.5253],[-56.5944,-5.5444],[-56.5788,-5.544],[-56.5542,-5.5527],[-56.5377,-5.5449],[-56.5327,-5.5548],[-56.5385,-5.5625],[-56.5383,-5.5672],[-56.5317,-5.5746],[-56.5237,-5.576],[-56.5192,-5.5829],[-56.522,-5.5866],[-56.5201,-5.5887],[-56.4833,-5.5829],[-56.4864,-5.6016],[-56.4736,-5.6063],[-56.4717,-5.6264],[-56.4534,-5.6302],[-56.4488,-5.6437],[-56.4378,-5.6439],[-56.432,-5.6393],[-56.4118,-5.646],[-56.4076,-5.6417],[-56.4076,-5.6173],[-56.4014,-5.604],[-56.3954,-5.6013],[-56.3824,-5.6068],[-56.3764,-5.6025],[-56.3678,-5.5853],[-56.3608,-5.5864],[-56.3484,-5.6031],[-56.3423,-5.6045],[-56.3332,-5.5981],[-56.3173,-5.6007],[-56.3166,-5.6123],[-56.2981,-5.6052],[-56.2878,-5.6118],[-56.2639,-5.6083],[-56.2543,-5.6139],[-56.2468,-5.6133],[-56.2227,-5.6226],[-56.2101,-5.6128],[-56.2052,-5.6212],[-56.1922,-5.614],[-56.1778,-5.622],[-56.1652,-5.6237],[-56.1397,-5.6385],[-56.1336,-5.6411],[-56.1296,-5.6428],[-56.1209,-5.6362],[-56.1226,-5.6205],[-56.1202,-5.6189],[-56.0981,-5.625],[-56.0872,-5.639],[-56.0818,-5.6381],[-56.0566,-5.6515],[-56.0549,-5.6557],[-56.0605,-5.6602],[-56.0626,-5.6697],[-56.0412,-5.6783],[-56.0368,-5.6738],[-56.0101,-5.6738],[-56.0092,-5.6645],[-55.9986,-5.6626],[-55.9983,-5.6561],[-56.0178,-5.6351],[-56.024,-5.6211],[-56.0208,-5.6155],[-56.0097,-5.6108],[-56.0026,-5.6199],[-55.9968,-5.6154],[-55.9894,-5.6182],[-55.9771,-5.6158],[-55.985,-5.6059],[-55.9792,-5.6021],[-55.9567,-5.6063],[-55.9606,-5.5985],[-55.9469,-5.5878],[-55.9372,-5.5856],[-55.9357,-5.5677],[-55.9428,-5.5324],[-55.9357,-5.5274],[-55.9271,-5.5112],[-55.9268,-5.5077],[-55.9389,-5.5025],[-55.9366,-5.4899],[-55.9421,-5.4749],[-55.927,-5.4406],[-55.9485,-5.4219],[-55.9466,-5.4126],[-55.9576,-5.4125],[-55.9736,-5.3941],[-55.9854,-5.392],[-55.9857,-5.3829],[-55.9819,-5.3768],[-55.9652,-5.3715],[-55.9544,-5.3622],[-55.9388,-5.3622],[-55.9302,-5.3676],[-55.9221,-5.3886],[-55.9127,-5.3881],[-55.9115,-5.3936],[-55.8968,-5.408],[-55.89,-5.4022],[-55.8724,-5.3972],[-55.8604,-5.4042],[-55.8496,-5.3967],[-55.8381,-5.3989],[-55.8422,-5.4006],[-55.8524,-5.4188],[-55.8491,-5.427],[-55.8408,-5.4243],[-55.8434,-5.4296],[-55.8397,-5.4333],[-55.8421,-5.4413],[-55.8372,-5.4464],[-55.8278,-5.4476],[-55.8287,-5.4519],[-55.8218,-5.4609],[-55.816,-5.4532],[-55.8032,-5.4594],[-55.8037,-5.4663],[-55.798,-5.4746],[-55.7893,-5.4755],[-55.7874,-5.4828],[-55.7744,-5.486],[-55.7663,-5.4783],[-55.7605,-5.4857],[-55.749,-5.4882],[-55.7328,-5.5004],[-55.7309,-5.5249],[-55.7232,-5.5282],[-55.7208,-5.536],[-55.7136,-5.5405],[-55.7104,-5.5646],[-55.7121,-5.573],[-55.7036,-5.582],[-55.6831,-5.5791],[-55.6776,-5.5726],[-55.6595,-5.5678],[-55.6553,-5.5598],[-55.641,-5.553],[-55.6449,-5.5511],[-55.644,-5.5477],[-55.6318,-5.5462],[-55.6186,-5.5318],[-55.5975,-5.5188],[-55.5955,-5.5137],[-55.5792,-5.5095],[-55.5656,-5.514],[-55.481,-5.5146],[-55.2794,-5.5152],[-55.2714,-5.5522],[-55.2775,-5.5667],[-55.2871,-5.5689],[-55.2814,-5.5801],[-55.2737,-5.5818],[-55.2682,-5.6034],[-55.2693,-5.6069],[-55.273,-5.6055],[-55.2806,-5.5989],[-55.2823,-5.6046],[-55.2644,-5.6206],[-55.2561,-5.6358],[-55.2608,-5.6401],[-55.2436,-5.6614],[-55.2396,-5.6825],[-55.2293,-5.6837],[-55.2206,-5.7009],[-55.2129,-5.6966],[-55.2092,-5.7049],[-55.213,-5.7098],[-55.2128,-5.7336],[-55.2002,-5.7449],[-55.2086,-5.7498],[-55.2064,-5.7592],[-55.1965,-5.7549],[-55.185,-5.7573],[-55.1806,-5.764],[-55.1599,-5.7664],[-55.1564,-5.7933],[-55.1502,-5.7965],[-55.1417,-5.7942],[-55.1128,-5.8247],[-55.0982,-5.821],[-55.0935,-5.827],[-55.0892,-5.8247],[-55.0883,-5.8362],[-55.0924,-5.841],[-55.0849,-5.8485],[-55.0747,-5.872],[-55.0785,-5.8769],[-55.0753,-5.886],[-55.0588,-5.9027],[-55.0503,-5.9217],[-55.0396,-5.9231],[-55.0296,-5.9304],[-55.0231,-5.9302],[-55.0304,-5.9461],[-55.0276,-5.9548],[-55.03,-5.9727],[-55.0346,-5.9768],[-55.03,-6.0],[-55.0435,-6.0108],[-55.0471,-6.022],[-55.0548,-6.0212],[-55.0538,-6.0116],[-55.0701,-6.0084],[-55.1008,-6.0248],[-55.1021,-6.0301],[-55.1205,-6.033],[-55.1328,-6.0388],[-55.1355,-6.0499],[-55.1586,-6.0588],[-55.1571,-6.0621],[-55.166,-6.0799],[-55.1619,-6.085],[-55.1643,-6.0945],[-55.179,-6.0913],[-55.1993,-6.097],[-55.2088,-6.0885],[-55.2208,-6.0931],[-55.2183,-6.0804],[-55.2322,-6.0774],[-55.2496,-6.0792],[-55.26,-6.0741],[-55.2639,-6.0773],[-55.2719,-6.0711],[-55.2686,-6.0652],[-55.2858,-6.0564],[-55.2845,-6.0414],[-55.2905,-6.0352],[-55.2889,-6.022],[-55.2923,-6.0183],[-55.2959,-6.0229],[-55.3051,-6.0223],[-55.3091,-6.0316],[-55.3209,-6.0411],[-55.3265,-6.0526],[-55.3274,-6.0666],[-55.3374,-6.0836],[-55.3385,-6.0961],[-55.3336,-6.108],[-55.3239,-6.1198],[-55.3217,-6.1291],[-55.3252,-6.1341],[-55.3219,-6.139],[-55.3153,-6.1374],[-55.3129,-6.142],[-55.3057,-6.1437],[-55.3031,-6.1498],[-55.2973,-6.1461],[-55.2932,-6.157],[-55.2976,-6.1658],[-55.2948,-6.1741],[-55.3111,-6.1773],[-55.3124,-6.1824],[-55.3313,-6.1973],[-55.3372,-6.2088],[-55.3348,-6.2488],[-55.3291,-6.2632],[-55.3219,-6.2816],[-55.3033,-6.2891],[-55.3019,-6.3131],[-55.2782,-6.3341],[-55.2631,-6.3365],[-55.2534,-6.3442],[-55.2523,-6.3539],[-55.2421,-6.3551],[-55.2437,-6.3593],[-55.2442,-6.3604],[-55.2458,-6.3772],[-55.2513,-6.3886],[-55.2441,-6.3945],[-55.2475,-6.4031],[-55.2454,-6.4117],[-55.2377,-6.4209],[-55.2548,-6.4414],[-55.2549,-6.4515],[-55.2485,-6.4517],[-55.2464,-6.4606],[-55.235,-6.4784],[-55.2374,-6.4824],[-55.2347,-6.4881],[-55.2229,-6.4913],[-55.2166,-6.5],[-55.2107,-6.514],[-55.2143,-6.5262],[-55.204,-6.5255],[-55.1989,-6.5332],[-55.1971,-6.5442],[-55.1915,-6.5481],[-55.1914,-6.5689],[-55.1982,-6.5795],[-55.1937,-6.593],[-55.1951,-6.6029],[-55.1896,-6.6083],[-55.1834,-6.6053],[-55.1803,-6.6097],[-55.1836,-6.6158],[-55.1747,-6.6264],[-55.177,-6.6449],[-55.1877,-6.6583],[-55.1807,-6.6726],[-55.1669,-6.685],[-55.174,-6.7149],[-55.1736,-6.7278],[-55.167,-6.7327],[-55.1677,-6.7366],[-55.1737,-6.742],[-55.1777,-6.7526],[-55.1871,-6.7601],[-55.1902,-6.7719],[-55.2036,-6.7733],[-55.1954,-6.7573],[-55.1966,-6.7461],[-55.1905,-6.7193],[-55.1898,-6.6945],[-55.2056,-6.6865],[-55.2131,-6.642],[-55.2255,-6.6403],[-55.231,-6.6434],[-55.2394,-6.6421],[-55.2498,-6.6479],[-55.2533,-6.6459],[-55.2575,-6.6422],[-55.2613,-6.6297],[-55.2757,-6.6183],[-55.2826,-6.5818],[-55.2991,-6.5771],[-55.3113,-6.5531],[-55.3213,-6.5493],[-55.3305,-6.5354],[-55.3469,-6.5222],[-55.359,-6.5189],[-55.3732,-6.5062],[-55.3755,-6.497],[-55.3874,-6.4946],[-55.4062,-6.4833],[-55.4145,-6.4712],[-55.4248,-6.4658],[-55.4421,-6.4636],[-55.4461,-6.4661],[-55.4526,-6.4598],[-55.4841,-6.4549],[-55.4895,-6.4513],[-55.4874,-6.4418],[-55.4919,-6.4294],[-55.4983,-6.4214],[-55.5011,-6.4275],[-55.5035,-6.4253],[-55.5116,-6.4067],[-55.5214,-6.4034],[-55.5289,-6.409],[-55.5359,-6.4034],[-55.5435,-6.404],[-55.5696,-6.3918],[-55.5787,-6.39],[-55.5929,-6.386],[-55.6167,-6.3919],[-55.6174,-6.386],[-55.6239,-6.3833],[-55.6329,-6.3885],[-55.6585,-6.3786],[-55.6715,-6.3628],[-55.6958,-6.3454],[-55.7146,-6.3182],[-55.7154,-6.3149],[-55.7045,-6.3074],[-55.7088,-6.3014],[-55.7304,-6.2895],[-55.7581,-6.2806],[-55.7579,-6.2937],[-55.7476,-6.309],[-55.7397,-6.3127],[-55.7389,-6.3219],[-55.7411,-6.3283],[-55.7589,-6.3274],[-55.762,-6.3392],[-55.7702,-6.3493],[-55.78,-6.3525],[-55.7681,-6.3932],[-55.7651,-6.4203],[-55.7878,-6.4404],[-55.8019,-6.4455],[-55.812,-6.4656],[-55.8293,-6.4812],[-55.8528,-6.4842],[-55.8753,-6.519],[-55.8774,-6.5275],[-55.8868,-6.5311],[-55.8904,-6.5362],[-55.8978,-6.5353],[-55.9138,-6.5253],[-55.9234,-6.5386],[-55.9458,-6.5475],[-55.9483,-6.5619],[-55.9955,-6.5683],[-56.0004,-6.5952],[-56.0105,-6.6006],[-56.0258,-6.5935],[-56.0465,-6.5898],[-56.0583,-6.5936],[-56.0567,-6.5995],[-56.0689,-6.6053],[-56.0741,-6.622],[-56.0628,-6.6525],[-56.0668,-6.6627],[-56.0863,-6.6845],[-56.0918,-6.6848],[-56.0928,-6.6739],[-56.096,-6.6709],[-56.1008,-6.6718],[-56.1154,-6.7003],[-56.1088,-6.7121],[-56.1132,-6.7163],[-56.1307,-6.7121],[-56.1429,-6.7166],[-56.1471,-6.7263],[-56.146,-6.7406],[-56.1426,-6.75],[-56.1287,-6.7669],[-56.1413,-6.7881],[-56.151,-6.7915],[-56.1539,-6.8001],[-56.1409,-6.8258],[-56.1381,-6.868],[-56.1553,-6.8767],[-56.1573,-6.8908],[-56.1684,-6.8988],[-56.163,-6.9181],[-56.1671,-6.9296],[-56.2099,-6.9392],[-56.2138,-6.9618],[-56.2053,-6.9964],[-56.2147,-7.0093],[-56.2133,-7.0222],[-56.2261,-7.0255],[-56.2279,-7.0417],[-56.2327,-7.0446],[-56.2279,-7.0583],[-56.2104,-7.0783],[-56.213,-7.0894],[-56.2105,-7.1025],[-56.224,-7.1039],[-56.2216,-7.1095],[-56.2105,-7.1158],[-56.2112,-7.1246],[-56.2167,-7.1263],[-56.2168,-7.1301],[-56.2099,-7.1376],[-56.2024,-7.1371],[-56.1934,-7.1443],[-56.2079,-7.1572],[-56.2175,-7.1557],[-56.2301,-7.1708],[-56.2327,-7.1794],[-56.2106,-7.202],[-56.2172,-7.2207],[-56.2309,-7.2374],[-56.2328,-7.2534],[-56.2236,-7.2679],[-56.2113,-7.2596],[-56.2058,-7.2601],[-56.2052,-7.2717],[-56.2181,-7.2915],[-56.2157,-7.3026],[-56.23,-7.3031],[-56.2492,-7.3166],[-56.2532,-7.3235],[-56.2399,-7.3305],[-56.2454,-7.3406],[-56.2471,-7.3621],[-56.2356,-7.3688],[-56.2372,-7.383],[-56.2324,-7.3884],[-56.2351,-7.393],[-56.2267,-7.4021],[-56.2267,-7.406],[-56.2329,-7.4094],[-56.229,-7.4207],[-56.2216,-7.4264],[-56.2136,-7.4273],[-56.2167,-7.4321],[-56.2112,-7.4337],[-56.2109,-7.4315],[-56.2075,-7.4377],[-56.2018,-7.4319],[-56.1909,-7.4332],[-56.1947,-7.4424],[-56.1863,-7.4487],[-56.189,-7.4519],[-56.1867,-7.4539],[-56.191,-7.455],[-56.1813,-7.4584],[-56.1772,-7.4646],[-56.1811,-7.4829],[-56.1747,-7.4838],[-56.1678,-7.4928],[-56.1653,-7.5068],[-56.1719,-7.5091],[-56.1721,-7.5155],[-56.171,-7.5254],[-56.1656,-7.5348],[-56.1616,-7.5343],[-56.1678,-7.544],[-56.1663,-7.5553],[-56.1761,-7.5574],[-56.1747,-7.5701],[-56.1709,-7.5728],[-56.1718,-7.5827],[-56.1672,-7.5845],[-56.1708,-7.6058],[-56.1645,-7.6074],[-56.1725,-7.6548],[-56.1695,-7.6647],[-56.1661,-7.6621],[-56.1641,-7.664],[-56.1665,-7.6737],[-56.162,-7.6793],[-56.1637,-7.6843],[-56.1588,-7.6906],[-56.1563,-7.689],[-56.1484,-7.6942],[-56.1423,-7.7092],[-56.1434,-7.7129],[-56.1484,-7.712],[-56.1455,-7.7175],[-56.1508,-7.7175],[-56.1516,-7.728],[-56.1578,-7.7272],[-56.1597,-7.7385],[-56.1574,-7.7359],[-56.1537,-7.7421],[-56.1549,-7.7613],[-56.1498,-7.7614],[-56.1464,-7.7683],[-56.1498,-7.7811],[-56.1474,-7.7919],[-56.1385,-7.8029],[-56.1388,-7.8091],[-56.1274,-7.8054],[-56.1225,-7.8108],[-56.1277,-7.8128],[-56.1274,-7.8234],[-56.119,-7.8254],[-56.1213,-7.8312],[-56.1121,-7.8405],[-56.1063,-7.8576],[-56.1082,-7.8647],[-56.1021,-7.8681],[-56.1071,-7.8839],[-56.1134,-7.8868],[-56.1104,-7.9057],[-56.1166,-7.9181],[-56.1112,-7.9282],[-56.1007,-7.9366],[-56.0843,-7.9256],[-56.0772,-7.9282],[-56.0744,-7.9234],[-56.069,-7.9266],[-56.0717,-7.9291],[-56.0664,-7.936],[-56.0583,-7.9377],[-56.0579,-7.9469],[-56.0623,-7.9488],[-56.0574,-7.9614],[-56.0617,-7.9733],[-56.0574,-7.9919],[-56.0638,-8.0046],[-56.0642,-8.0136],[-56.0811,-8.0359],[-56.0759,-8.0612],[-56.0811,-8.0648],[-56.0797,-8.0734],[-56.0868,-8.0932],[-56.1043,-8.1003],[-56.115,-8.1207],[-56.1292,-8.1278],[-56.1362,-8.1488],[-56.1332,-8.1591],[-56.1267,-8.1668],[-56.1306,-8.1761],[-56.1441,-8.1881],[-56.1413,-8.1949],[-56.1425,-8.2047],[-56.1501,-8.2279],[-56.1588,-8.2418],[-56.1591,-8.4052],[-56.1664,-8.403],[-56.1759,-8.3823],[-56.1918,-8.3736],[-56.1973,-8.3589],[-56.1907,-8.339],[-56.199,-8.3194],[-56.2227,-8.331],[-56.2296,-8.3277],[-56.2344,-8.313],[-56.2409,-8.3113],[-56.2517,-8.3128],[-56.2802,-8.3081],[-56.2901,-8.3148],[-56.296,-8.2903],[-56.3109,-8.2722],[-56.3125,-8.2653],[-56.3394,-8.2435],[-56.3673,-8.2443],[-56.3715,-8.2488],[-56.3727,-8.2605],[-56.3814,-8.2677],[-56.3869,-8.29],[-56.4036,-8.3037],[-56.4207,-8.3127],[-56.4336,-8.315],[-56.4404,-8.3123],[-56.4669,-8.2861],[-56.4795,-8.284],[-56.4779,-8.2746],[-56.4801,-8.273],[-56.5045,-8.2637],[-56.5207,-8.2656],[-56.5264,-8.2602],[-56.5325,-8.2603],[-56.5435,-8.2696],[-56.5664,-8.2625],[-56.5919,-8.2666],[-56.5981,-8.2641],[-56.602,-8.2576],[-56.6317,-8.2512],[-56.634,-8.2483],[-56.6304,-8.2065],[-56.6364,-8.2],[-56.65,-8.1937],[-56.6667,-8.1909],[-56.6668,-8.191],[-56.6771,-8.2042],[-56.6908,-8.2006],[-56.6991,-8.1718],[-56.7153,-8.1591],[-56.7277,-8.1416],[-56.7439,-8.129],[-56.7637,-8.1237],[-56.7787,-8.1156],[-56.7959,-8.1021],[-56.8262,-8.0702],[-56.8341,-8.0578],[-56.87,-8.0472],[-56.8943,-8.024],[-56.8988,-8.0033],[-56.8947,-7.9956],[-56.8967,-7.9591],[-56.9024,-7.9461],[-56.9256,-7.9261],[-56.9357,-7.9117],[-56.9429,-7.8749],[-56.9184,-7.8426],[-56.9142,-7.8207],[-56.9081,-7.8196],[-56.8928,-7.8248],[-56.8872,-7.8225],[-56.8833,-7.8013],[-56.9037,-7.7776],[-56.9089,-7.7565],[-56.9222,-7.7472],[-56.9286,-7.7207],[-56.939,-7.7141],[-56.9457,-7.7254],[-56.9523,-7.7221],[-56.963,-7.6846],[-56.984,-7.6557],[-57.0002,-7.6519],[-56.9998,-7.661],[-57.0055,-7.6632],[-57.0386,-7.6438],[-57.041,-7.6384],[-57.0359,-7.6208],[-57.0436,-7.6028],[-57.0373,-7.5929],[-57.0456,-7.5855],[-57.0467,-7.5749],[-57.0557,-7.5699],[-57.0647,-7.5546],[-57.077,-7.5513],[-57.0873,-7.5554],[-57.1161,-7.5373],[-57.1459,-7.5272],[-57.1487,-7.5288],[-57.1656,-7.5095],[-57.1688,-7.5062],[-57.1873,-7.5028],[-57.1889,-7.4984],[-57.1947,-7.4957],[-57.1984,-7.4893],[-57.1959,-7.4829],[-57.1977,-7.4702],[-57.191,-7.4627],[-57.1948,-7.4489],[-57.1931,-7.4347],[-57.2024,-7.4229],[-57.1995,-7.3981],[-57.1912,-7.3801],[-57.192,-7.3731],[-57.1878,-7.3623],[-57.1814,-7.3591],[-57.1819,-7.3542],[-57.1767,-7.353],[-57.1786,-7.3429],[-57.1749,-7.3351],[-57.1673,-7.3371],[-57.1681,-7.3281],[-57.1617,-7.3297],[-57.1552,-7.3236],[-57.1559,-7.3159],[-57.1602,-7.3112],[-57.1448,-7.2997],[-57.1442,-7.2826],[-57.133,-7.2855],[-57.1385,-7.2776],[-57.1327,-7.2653],[-57.1364,-7.2605],[-57.124,-7.2494],[-57.1177,-7.2488],[-57.1086,-7.2364],[-57.0939,-7.2421],[-57.0906,-7.2398],[-57.0913,-7.2359],[-57.0826,-7.2335],[-57.0714,-7.2271],[-57.0649,-7.2321],[-57.0679,-7.2235],[-57.062,-7.2209],[-57.0647,-7.2078],[-57.0608,-7.2071],[-57.0594,-7.1981],[-57.0529,-7.201],[-57.0478,-7.1941],[-57.0446,-7.1872],[-57.047,-7.1807],[-57.0398,-7.1806],[-57.0352,-7.1577],[-57.0275,-7.1542],[-57.0331,-7.1536],[-57.0327,-7.1469],[-57.0381,-7.1473],[-57.0412,-7.1421],[-57.0266,-7.1345],[-57.0292,-7.1273],[-57.0154,-7.1294],[-57.0167,-7.1224],[-57.0135,-7.1212],[-57.0109,-7.112],[-57.001,-7.1126],[-57.0,-7.0994],[-56.9945,-7.0952],[-56.9957,-7.0883],[-56.9818,-7.0878],[-56.9679,-7.0699],[-56.9676,-7.0744],[-56.961,-7.0707],[-56.9596,-7.0726],[-56.9524,-7.0636],[-56.9473,-7.0687],[-56.9476,-7.0483],[-56.9345,-7.0443],[-56.9336,-7.0429],[-56.9307,-7.0466],[-56.9306,-7.0351],[-56.9167,-7.0278],[-56.9169,-7.0234],[-56.9115,-7.0238],[-56.9086,-7.0023],[-56.9066,-7.001],[-56.9061,-7.0078],[-56.9035,-7.0066],[-56.8953,-6.9987],[-56.897,-6.9929],[-56.892,-6.9905],[-56.8945,-6.987],[-56.8906,-6.9848],[-56.8997,-6.9797],[-56.9061,-6.9597],[-56.9013,-6.9546],[-56.8868,-6.9568],[-56.8927,-6.945],[-56.8827,-6.9253],[-56.8868,-6.9222],[-56.8792,-6.9138],[-56.8864,-6.9078],[-56.8847,-6.8974],[-56.8819,-6.8923],[-56.8734,-6.8935],[-56.8604,-6.8874],[-56.8622,-6.883],[-56.8508,-6.8721],[-56.8455,-6.8559],[-56.8436,-6.8496],[-56.8467,-6.8338],[-56.8503,-6.8237],[-56.8496,-6.8131],[-56.8483,-6.8046],[-56.8609,-6.7902],[-56.8615,-6.7766],[-56.8653,-6.7757],[-56.8609,-6.7504],[-56.8671,-6.7434],[-56.8661,-6.7322],[-56.8751,-6.7173],[-56.8926,-6.7001],[-56.8852,-6.7004],[-56.8791,-6.6962],[-56.8767,-6.6895],[-56.8819,-6.6804],[-56.8837,-6.6682],[-56.8747,-6.6646],[-56.8652,-6.6663],[-56.8653,-6.6519],[-56.8534,-6.6444],[-56.8476,-6.6195],[-56.8451,-6.6195],[-56.8404,-6.6209],[-56.8343,-6.616],[-56.8439,-6.5996],[-56.8538,-6.5936],[-56.8564,-6.5775],[-56.8503,-6.5514],[-56.8438,-6.5392],[-56.849,-6.5372],[-56.8506,-6.527],[-56.8477,-6.5222],[-56.8409,-6.5237],[-56.8322,-6.5065],[-56.8386,-6.5019],[-56.8401,-6.4956],[-56.8361,-6.4868],[-56.8215,-6.476],[-56.8208,-6.4731],[-56.8273,-6.4669],[-56.8232,-6.4574],[-56.8076,-6.4562],[-56.8078,-6.4473],[-56.8004,-6.4367],[-56.8003,-6.4151],[-56.7859,-6.406],[-56.7908,-6.3952],[-56.7902,-6.3905],[-56.7836,-6.3887],[-56.7829,-6.3732],[-56.7683,-6.3646],[-56.7535,-6.3353],[-56.7426,-6.3286],[-56.7399,-6.3123],[-56.729,-6.3065],[-56.7209,-6.2939],[-56.7179,-6.2801],[-56.7279,-6.2791],[-56.7266,-6.2663],[-56.7348,-6.2629],[-56.7399,-6.2343],[-56.7361,-6.2297],[-56.7409,-6.2238],[-56.7388,-6.2147],[-56.7411,-6.2076],[-56.7257,-6.1898],[-56.7261,-6.186],[-56.7402,-6.1732],[-56.754,-6.1532],[-56.7468,-6.1289],[-56.7282,-6.1123],[-56.7212,-6.0838],[-56.7235,-6.0723],[-56.7141,-6.0689],[-56.7118,-6.071],[-56.702,-6.0613],[-56.694,-6.0675],[-56.6868,-6.066],[-56.6774,-6.0613],[-56.6626,-6.0433],[-56.651,-6.0476],[-56.635,-6.038],[-56.6288,-6.034],[-56.6279,-6.0205],[-56.6249,-6.0185],[-56.612,-6.0214],[-56.6028,-6.0198],[-56.5979,-6.0121],[-56.5971,-5.9984],[-56.6294,-5.994],[-56.6358,-5.9876],[-56.6725,-5.9777],[-56.6911,-5.9686],[-56.7272,-5.9653],[-56.7417,-5.973],[-56.763,-5.9725],[-56.7825,-5.9802],[-56.8281,-5.981],[-56.8344,-6.0],[-56.8407,-6.0041],[-56.9144,-6.0124],[-56.9304,-6.0028],[-56.9363,-5.9922],[-56.9419,-5.9893],[-56.9706,-5.9901],[-56.9636,-5.9538],[-56.9567,-5.9437],[-56.9649,-5.932],[-56.9936,-5.9286],[-57.0057,-5.9161],[-57.0204,-5.915],[-57.0246,-5.9126],[-57.0256,-5.8982],[-57.0296,-5.8969],[-57.0467,-5.8987],[-57.0652,-5.9055],[-57.0896,-5.8906],[-57.097,-5.879],[-57.1124,-5.8826],[-57.1258,-5.8736],[-57.1506,-5.8706],[-57.1667,-5.8644],[-57.1864,-5.8647],[-57.1939,-5.8618],[-57.1975,-5.8514],[-57.2202,-5.835],[-57.2476,-5.8248],[-57.2524,-5.8111],[-57.2687,-5.8129],[-57.2867,-5.7746],[-57.2889,-5.7577],[-57.3146,-5.738],[-57.3193,-5.7287],[-57.3187,-5.7158],[-57.3104,-5.6921],[-57.3006,-5.6767],[-57.2854,-5.6634],[-57.282,-5.6442],[-57.2784,-5.6243],[-57.3166,-5.6174],[-57.3642,-5.6172],[-57.3892,-5.5999],[-57.4237,-5.5862],[-57.4405,-5.5604],[-57.4732,-5.5443],[-57.4804,-5.548],[-57.5044,-5.5454],[-57.5119,-5.5516],[-57.5207,-5.545],[-57.5438,-5.5599],[-57.5567,-5.56],[-57.5937,-5.5761],[-57.6086,-5.5899],[-57.624,-5.614],[-57.638,-5.6242],[-57.6489,-5.6511],[-57.6528,-5.6306],[-57.6582,-5.6256],[-57.701,-5.6353],[-57.723,-5.6303],[-57.7247,-5.622],[-57.7116,-5.6],[-57.7084,-5.5822],[-57.699,-5.5723],[-57.7015,-5.5581],[-57.7139,-5.5471],[-57.7395,-5.5579],[-57.7479,-5.5722],[-57.757,-5.5808],[-57.7652,-5.5829],[-57.7741,-5.5791],[-57.7807,-5.5612],[-57.8204,-5.5576],[-57.8381,-5.578],[-57.8458,-5.5931],[-57.8601,-5.6003],[-57.7035,-5.2589],[-57.6594,-5.1628],[-57.4762,-4.77],[-57.3497,-4.5016],[-57.2518,-4.2936],[-57.249,-4.2876],[-57.2131,-4.2113],[-57.2102,-4.2052],[-57.1303,-4.0353],[-57.0,-3.7588],[-56.9556,-3.6583],[-56.948,-3.6665],[-56.8972,-3.6881],[-56.8871,-3.7044],[-56.8939,-3.7291],[-56.9057,-3.745],[-56.9035,-3.7629],[-56.9069,-3.7694],[-56.9021,-3.7738],[-56.9013,-3.7836],[-56.8944,-3.7928],[-56.8971,-3.8072],[-56.8951,-3.8159],[-56.8725,-3.8241],[-56.881,-3.855],[-56.877,-3.867],[-56.8803,-3.8821],[-56.8766,-3.8936],[-56.877,-3.9187]]]}},{"type":"Feature","properties":{"nome":"Itupiranga","cod":"1503705","uf":"PA"},"geometry":{"type":"Polygon","coordinates":[[[-49.3662,-4.9146],[-49.3298,-4.9699],[-49.3197,-4.9825],[-49.3278,-5.0006],[-49.3279,-5.0079],[-49.3275,-5.0401],[-49.3186,-5.0801],[-49.3206,-5.0987],[-49.318,-5.1219],[-49.3182,-5.1362],[-49.3179,-5.1636],[-49.311,-5.1929],[-49.3322,-5.1679],[-49.3314,-5.2005],[-49.3389,-5.2144],[-49.3316,-5.2383],[-49.3344,-5.2499],[-49.3308,-5.2638],[-49.3467,-5.2756],[-49.3442,-5.2786],[-49.3547,-5.2818],[-49.3609,-5.2875],[-49.3537,-5.3126],[-49.3571,-5.3223],[-49.3716,-5.3285],[-49.3817,-5.3377],[-49.3861,-5.3484],[-49.3813,-5.3626],[-49.3842,-5.3733],[-49.4029,-5.3765],[-49.4038,-5.3968],[-49.392,-5.4116],[-49.3841,-5.4145],[-49.3833,-5.4185],[-49.4018,-5.4303],[-49.4087,-5.44],[-49.4203,-5.4455],[-49.4208,-5.4495],[-49.4317,-5.4483],[-49.4414,-5.4538],[-49.456,-5.4527],[-49.4667,-5.4568],[-49.4736,-5.455],[-49.4791,-5.4627],[-49.4867,-5.4666],[-49.5031,-5.4601],[-49.5065,-5.4501],[-49.5204,-5.4486],[-49.5228,-5.4424],[-49.5329,-5.4369],[-49.537,-5.436],[-49.5513,-5.4467],[-49.5758,-5.438],[-49.5778,-5.4356],[-49.5732,-5.428],[-49.5969,-5.4195],[-49.6049,-5.4133],[-49.6245,-5.4139],[-49.6269,-5.4225],[-49.634,-5.4306],[-49.6491,-5.425],[-49.6548,-5.4263],[-49.6684,-5.4172],[-49.6781,-5.4212],[-49.6859,-5.4166],[-49.6895,-5.4054],[-49.6946,-5.4084],[-49.6972,-5.412],[-49.6951,-5.4192],[-49.7032,-5.4323],[-49.7104,-5.4284],[-49.7185,-5.4356],[-49.7332,-5.4375],[-49.7551,-5.4499],[-49.7727,-5.4524],[-49.7879,-5.4497],[-49.7978,-5.4426],[-49.8125,-5.4389],[-49.8171,-5.4286],[-49.8273,-5.42],[-49.8256,-5.4028],[-49.8533,-5.3921],[-49.8579,-5.3988],[-49.8746,-5.4007],[-49.8818,-5.4086],[-49.9023,-5.4116],[-49.9079,-5.4155],[-49.9116,-5.4274],[-49.932,-5.4243],[-49.9397,-5.4299],[-49.948,-5.4254],[-49.953,-5.4172],[-49.9688,-5.4243],[-49.9782,-5.4248],[-49.9883,-5.4411],[-49.9931,-5.4374],[-50.0,-5.427],[-50.0153,-5.4232],[-50.017,-5.4179],[-50.0273,-5.4128],[-50.0563,-5.429],[-50.0654,-5.4266],[-50.077,-5.4106],[-50.0925,-5.4114],[-50.0954,-5.3974],[-50.1139,-5.3963],[-50.1184,-5.3933],[-50.1333,-5.395],[-50.143,-5.3916],[-50.1471,-5.3782],[-50.1598,-5.3728],[-50.1668,-5.3736],[-50.1731,-5.3816],[-50.1772,-5.3811],[-50.1994,-5.3689],[-50.2108,-5.3689],[-50.2153,-5.3743],[-50.2283,-5.3659],[-50.2321,-5.3706],[-50.2359,-5.3701],[-50.2404,-5.3609],[-50.2518,-5.3583],[-50.2664,-5.3584],[-50.2754,-5.3514],[-50.2763,-5.3453],[-50.2853,-5.3392],[-50.2927,-5.3281],[-50.3037,-5.3301],[-50.3093,-5.332],[-50.3278,-5.3189],[-50.3449,-5.3138],[-50.3524,-5.3042],[-50.3762,-5.3056],[-50.3812,-5.3008],[-50.394,-5.2999],[-50.4058,-5.2947],[-50.4088,-5.2887],[-50.4066,-5.2766],[-50.4212,-5.2756],[-50.4248,-5.2707],[-50.4476,-5.2716],[-50.464,-5.2767],[-50.4709,-5.2723],[-50.4764,-5.2765],[-50.4815,-5.2552],[-50.4973,-5.2465],[-50.504,-5.2381],[-50.5068,-5.2125],[-50.5023,-5.1946],[-50.5053,-5.1783],[-50.5152,-5.178],[-50.5127,-5.1636],[-50.5057,-5.1554],[-50.5115,-5.1488],[-50.5005,-5.1285],[-50.5013,-5.1218],[-50.5096,-5.1133],[-50.5019,-5.106],[-50.4982,-5.0963],[-50.4845,-5.0976],[-50.4777,-5.0813],[-50.4813,-5.052],[-50.4779,-5.0368],[-50.4716,-5.0317],[-50.4821,-5.0133],[-50.4816,-5.0096],[-50.4724,-5.0028],[-50.4809,-4.9994],[-50.4788,-4.9643],[-50.4586,-4.9665],[-50.4566,-4.9496],[-50.4378,-4.963],[-50.4269,-4.9576],[-50.4243,-4.9582],[-50.4208,-4.9621],[-50.4131,-4.9616],[-50.4089,-4.9668],[-50.4035,-4.9596],[-50.3958,-4.9596],[-50.3754,-4.9765],[-50.372,-4.9717],[-50.3802,-4.9496],[-50.3783,-4.9437],[-50.372,-4.9395],[-50.3538,-4.934],[-50.3339,-4.9383],[-50.3215,-4.9456],[-50.3063,-4.9469],[-50.2829,-4.9349],[-50.2886,-4.9268],[-50.313,-4.9205],[-50.3249,-4.9156],[-50.3271,-4.9046],[-50.3117,-4.9039],[-50.3016,-4.896],[-50.2868,-4.872],[-50.2856,-4.8646],[-50.2871,-4.8611],[-50.2997,-4.8595],[-50.3084,-4.8526],[-50.3154,-4.8392],[-50.3151,-4.8271],[-50.0602,-4.8199],[-49.9666,-4.8173],[-49.9506,-4.8169],[-49.816,-4.8135],[-49.7715,-4.8124],[-49.6726,-4.8018],[-49.5745,-4.7913],[-49.5036,-4.7837],[-49.4722,-4.7803],[-49.465,-4.7668],[-49.4582,-4.7634],[-49.4352,-4.7077],[-49.4251,-4.6962],[-49.4176,-4.6868],[-49.4243,-4.7248],[-49.4258,-4.7852],[-49.4123,-4.821],[-49.4061,-4.8493],[-49.4089,-4.8752],[-49.4061,-4.9016],[-49.3662,-4.9146]]]}},{"type":"Feature","properties":{"nome":"Jacareacanga","cod":"1503754","uf":"PA"},"geometry":{"type":"Polygon","coordinates":[[[-57.4732,-5.5443],[-57.4405,-5.5604],[-57.4237,-5.5862],[-57.3892,-5.5999],[-57.3642,-5.6172],[-57.3166,-5.6174],[-57.2784,-5.6243],[-57.282,-5.6442],[-57.2854,-5.6634],[-57.3006,-5.6767],[-57.3104,-5.6921],[-57.3187,-5.7158],[-57.3193,-5.7287],[-57.3146,-5.738],[-57.2889,-5.7577],[-57.2867,-5.7746],[-57.2687,-5.8129],[-57.2524,-5.8111],[-57.2476,-5.8248],[-57.2202,-5.835],[-57.1975,-5.8514],[-57.1939,-5.8618],[-57.1864,-5.8647],[-57.1667,-5.8644],[-57.1506,-5.8706],[-57.1258,-5.8736],[-57.1124,-5.8826],[-57.097,-5.879],[-57.0896,-5.8906],[-57.0652,-5.9055],[-57.0467,-5.8987],[-57.0296,-5.8969],[-57.0256,-5.8982],[-57.0246,-5.9126],[-57.0204,-5.915],[-57.0057,-5.9161],[-56.9936,-5.9286],[-56.9649,-5.932],[-56.9567,-5.9437],[-56.9636,-5.9538],[-56.9706,-5.9901],[-56.9419,-5.9893],[-56.9363,-5.9922],[-56.9304,-6.0028],[-56.9144,-6.0124],[-56.8407,-6.0041],[-56.8344,-6.0],[-56.8281,-5.981],[-56.7825,-5.9802],[-56.763,-5.9725],[-56.7417,-5.973],[-56.7272,-5.9653],[-56.6911,-5.9686],[-56.6725,-5.9777],[-56.6358,-5.9876],[-56.6294,-5.994],[-56.5971,-5.9984],[-56.5979,-6.0121],[-56.6028,-6.0198],[-56.612,-6.0214],[-56.6249,-6.0185],[-56.6279,-6.0205],[-56.6288,-6.034],[-56.635,-6.038],[-56.651,-6.0476],[-56.6626,-6.0433],[-56.6774,-6.0613],[-56.6868,-6.066],[-56.694,-6.0675],[-56.702,-6.0613],[-56.7118,-6.071],[-56.7141,-6.0689],[-56.7235,-6.0723],[-56.7212,-6.0838],[-56.7282,-6.1123],[-56.7468,-6.1289],[-56.754,-6.1532],[-56.7402,-6.1732],[-56.7261,-6.186],[-56.7257,-6.1898],[-56.7411,-6.2076],[-56.7388,-6.2147],[-56.7409,-6.2238],[-56.7361,-6.2297],[-56.7399,-6.2343],[-56.7348,-6.2629],[-56.7266,-6.2663],[-56.7279,-6.2791],[-56.7179,-6.2801],[-56.7209,-6.2939],[-56.729,-6.3065],[-56.7399,-6.3123],[-56.7426,-6.3286],[-56.7535,-6.3353],[-56.7683,-6.3646],[-56.7829,-6.3732],[-56.7836,-6.3887],[-56.7902,-6.3905],[-56.7908,-6.3952],[-56.7859,-6.406],[-56.8003,-6.4151],[-56.8004,-6.4367],[-56.8078,-6.4473],[-56.8076,-6.4562],[-56.8232,-6.4574],[-56.8273,-6.4669],[-56.8208,-6.4731],[-56.8215,-6.476],[-56.8361,-6.4868],[-56.8401,-6.4956],[-56.8386,-6.5019],[-56.8322,-6.5065],[-56.8409,-6.5237],[-56.8477,-6.5222],[-56.8506,-6.527],[-56.849,-6.5372],[-56.8438,-6.5392],[-56.8503,-6.5514],[-56.8564,-6.5775],[-56.8538,-6.5936],[-56.8439,-6.5996],[-56.8343,-6.616],[-56.8404,-6.6209],[-56.8451,-6.6195],[-56.8476,-6.6195],[-56.8534,-6.6444],[-56.8653,-6.6519],[-56.8652,-6.6663],[-56.8747,-6.6646],[-56.8837,-6.6682],[-56.8819,-6.6804],[-56.8767,-6.6895],[-56.8791,-6.6962],[-56.8852,-6.7004],[-56.8926,-6.7001],[-56.8751,-6.7173],[-56.8661,-6.7322],[-56.8671,-6.7434],[-56.8609,-6.7504],[-56.8653,-6.7757],[-56.8615,-6.7766],[-56.8609,-6.7902],[-56.8483,-6.8046],[-56.8496,-6.8131],[-56.8503,-6.8237],[-56.8467,-6.8338],[-56.8436,-6.8496],[-56.8455,-6.8559],[-56.8508,-6.8721],[-56.8622,-6.883],[-56.8604,-6.8874],[-56.8734,-6.8935],[-56.8819,-6.8923],[-56.8847,-6.8974],[-56.8864,-6.9078],[-56.8792,-6.9138],[-56.8868,-6.9222],[-56.8827,-6.9253],[-56.8927,-6.945],[-56.8868,-6.9568],[-56.9013,-6.9546],[-56.9061,-6.9597],[-56.8997,-6.9797],[-56.8906,-6.9848],[-56.8945,-6.987],[-56.892,-6.9905],[-56.897,-6.9929],[-56.8953,-6.9987],[-56.9035,-7.0066],[-56.9061,-7.0078],[-56.9066,-7.001],[-56.9086,-7.0023],[-56.9115,-7.0238],[-56.9169,-7.0234],[-56.9167,-7.0278],[-56.9306,-7.0351],[-56.9307,-7.0466],[-56.9336,-7.0429],[-56.9345,-7.0443],[-56.9476,-7.0483],[-56.9473,-7.0687],[-56.9524,-7.0636],[-56.9596,-7.0726],[-56.961,-7.0707],[-56.9676,-7.0744],[-56.9679,-7.0699],[-56.9818,-7.0878],[-56.9957,-7.0883],[-56.9945,-7.0952],[-57.0,-7.0994],[-57.001,-7.1126],[-57.0109,-7.112],[-57.0135,-7.1212],[-57.0167,-7.1224],[-57.0154,-7.1294],[-57.0292,-7.1273],[-57.0266,-7.1345],[-57.0412,-7.1421],[-57.0381,-7.1473],[-57.0327,-7.1469],[-57.0331,-7.1536],[-57.0275,-7.1542],[-57.0352,-7.1577],[-57.0398,-7.1806],[-57.047,-7.1807],[-57.0446,-7.1872],[-57.0478,-7.1941],[-57.0529,-7.201],[-57.0594,-7.1981],[-57.0608,-7.2071],[-57.0647,-7.2078],[-57.062,-7.2209],[-57.0679,-7.2235],[-57.0649,-7.2321],[-57.0714,-7.2271],[-57.0826,-7.2335],[-57.0913,-7.2359],[-57.0906,-7.2398],[-57.0939,-7.2421],[-57.1086,-7.2364],[-57.1177,-7.2488],[-57.124,-7.2494],[-57.1364,-7.2605],[-57.1327,-7.2653],[-57.1385,-7.2776],[-57.133,-7.2855],[-57.1442,-7.2826],[-57.1448,-7.2997],[-57.1602,-7.3112],[-57.1559,-7.3159],[-57.1552,-7.3236],[-57.1617,-7.3297],[-57.1681,-7.3281],[-57.1673,-7.3371],[-57.1749,-7.3351],[-57.1786,-7.3429],[-57.1767,-7.353],[-57.1819,-7.3542],[-57.1814,-7.3591],[-57.1878,-7.3623],[-57.192,-7.3731],[-57.1912,-7.3801],[-57.1995,-7.3981],[-57.2024,-7.4229],[-57.1931,-7.4347],[-57.1948,-7.4489],[-57.191,-7.4627],[-57.1977,-7.4702],[-57.1959,-7.4829],[-57.1984,-7.4893],[-57.1947,-7.4957],[-57.1889,-7.4984],[-57.1873,-7.5028],[-57.1688,-7.5062],[-57.1656,-7.5095],[-57.1487,-7.5288],[-57.1459,-7.5272],[-57.1161,-7.5373],[-57.0873,-7.5554],[-57.077,-7.5513],[-57.0647,-7.5546],[-57.0557,-7.5699],[-57.0467,-7.5749],[-57.0456,-7.5855],[-57.0373,-7.5929],[-57.0436,-7.6028],[-57.0359,-7.6208],[-57.041,-7.6384],[-57.0386,-7.6438],[-57.0055,-7.6632],[-56.9998,-7.661],[-57.0002,-7.6519],[-56.984,-7.6557],[-56.963,-7.6846],[-56.9523,-7.7221],[-56.9457,-7.7254],[-56.939,-7.7141],[-56.9286,-7.7207],[-56.9222,-7.7472],[-56.9089,-7.7565],[-56.9037,-7.7776],[-56.8833,-7.8013],[-56.8872,-7.8225],[-56.8928,-7.8248],[-56.9081,-7.8196],[-56.9142,-7.8207],[-56.9184,-7.8426],[-56.9429,-7.8749],[-56.9357,-7.9117],[-56.9256,-7.9261],[-56.9024,-7.9461],[-56.8967,-7.9591],[-56.8947,-7.9956],[-56.8988,-8.0033],[-56.8943,-8.024],[-56.87,-8.0472],[-56.8341,-8.0578],[-56.8262,-8.0702],[-56.7959,-8.1021],[-56.7787,-8.1156],[-56.7637,-8.1237],[-56.7439,-8.129],[-56.7277,-8.1416],[-56.7153,-8.1591],[-56.6991,-8.1718],[-56.6908,-8.2006],[-56.6771,-8.2042],[-56.6668,-8.191],[-56.6667,-8.1909],[-56.65,-8.1937],[-56.6364,-8.2],[-56.6304,-8.2065],[-56.634,-8.2483],[-56.6317,-8.2512],[-56.602,-8.2576],[-56.5981,-8.2641],[-56.5919,-8.2666],[-56.5664,-8.2625],[-56.5435,-8.2696],[-56.5325,-8.2603],[-56.5264,-8.2602],[-56.5207,-8.2656],[-56.5045,-8.2637],[-56.4801,-8.273],[-56.4779,-8.2746],[-56.4795,-8.284],[-56.4669,-8.2861],[-56.4404,-8.3123],[-56.4336,-8.315],[-56.4207,-8.3127],[-56.4036,-8.3037],[-56.3869,-8.29],[-56.3814,-8.2677],[-56.3727,-8.2605],[-56.3715,-8.2488],[-56.3673,-8.2443],[-56.3394,-8.2435],[-56.3125,-8.2653],[-56.3109,-8.2722],[-56.296,-8.2903],[-56.2901,-8.3148],[-56.2802,-8.3081],[-56.2517,-8.3128],[-56.2409,-8.3113],[-56.2344,-8.313],[-56.2296,-8.3277],[-56.2227,-8.331],[-56.199,-8.3194],[-56.1907,-8.339],[-56.1973,-8.3589],[-56.1918,-8.3736],[-56.1759,-8.3823],[-56.1664,-8.403],[-56.1591,-8.4052],[-56.156,-9.4101],[-56.2733,-9.4003],[-56.6714,-9.367],[-56.6974,-9.3737],[-56.7108,-9.3739],[-56.7178,-9.3835],[-56.736,-9.3957],[-56.7538,-9.406],[-56.7606,-9.4046],[-56.7718,-9.3906],[-56.7691,-9.3784],[-56.7753,-9.3644],[-56.775,-9.3291],[-56.7787,-9.3168],[-56.7847,-9.3162],[-56.8029,-9.2671],[-56.8196,-9.2459],[-56.8437,-9.2404],[-56.8598,-9.2312],[-56.8719,-9.2388],[-56.8791,-9.2393],[-56.9377,-9.23],[-56.9518,-9.2227],[-56.9951,-9.2334],[-57.0077,-9.2229],[-57.0221,-9.2193],[-57.0336,-9.2093],[-57.0388,-9.1966],[-57.0468,-9.1939],[-57.0596,-9.1816],[-57.0581,-9.1692],[-57.0519,-9.1581],[-57.0599,-9.1367],[-57.041,-9.1147],[-57.0387,-9.0979],[-57.0458,-9.0886],[-57.0628,-9.0782],[-57.0591,-9.0639],[-57.0833,-9.0462],[-57.0895,-9.0378],[-57.0941,-9.0167],[-57.1378,-8.9942],[-57.1618,-8.9687],[-57.1884,-8.9328],[-57.2033,-8.9204],[-57.2158,-8.9137],[-57.245,-8.9057],[-57.2619,-8.9074],[-57.2857,-8.9151],[-57.2991,-8.9136],[-57.3055,-8.9095],[-57.31,-8.8924],[-57.3174,-8.8853],[-57.3839,-8.8792],[-57.4029,-8.8621],[-57.4157,-8.8586],[-57.4194,-8.8526],[-57.4192,-8.8421],[-57.4128,-8.8258],[-57.4156,-8.7955],[-57.4271,-8.7828],[-57.452,-8.7862],[-57.463,-8.7843],[-57.4844,-8.769],[-57.5299,-8.7478],[-57.5619,-8.7609],[-57.5858,-8.759],[-57.5924,-8.7561],[-57.6006,-8.7408],[-57.5931,-8.707],[-57.5963,-8.6913],[-57.6021,-8.6803],[-57.6048,-8.6624],[-57.6201,-8.6474],[-57.6242,-8.6384],[-57.6217,-8.5908],[-57.6304,-8.585],[-57.6443,-8.5816],[-57.6481,-8.576],[-57.65,-8.553],[-57.6383,-8.5402],[-57.6329,-8.5264],[-57.6336,-8.5185],[-57.6371,-8.5132],[-57.6586,-8.5],[-57.66,-8.4924],[-57.6513,-8.4785],[-57.6509,-8.4706],[-57.6811,-8.4327],[-57.6864,-8.4159],[-57.6861,-8.4066],[-57.6697,-8.3789],[-57.6675,-8.3665],[-57.6786,-8.3331],[-57.6794,-8.3186],[-57.6643,-8.2945],[-57.6626,-8.2681],[-57.6435,-8.2307],[-57.6427,-8.2118],[-57.6667,-8.1761],[-57.6767,-8.171],[-57.7041,-8.1676],[-57.7146,-8.1576],[-57.7194,-8.1462],[-57.7279,-8.0938],[-57.776,-8.0518],[-57.8035,-8.003],[-57.8283,-7.9725],[-57.8314,-7.9611],[-57.8344,-7.8818],[-57.8405,-7.8611],[-57.8733,-7.8008],[-57.8985,-7.6715],[-57.9157,-7.657],[-57.9339,-7.6564],[-57.9391,-7.6527],[-57.9446,-7.6018],[-57.9721,-7.5342],[-58.0017,-7.4877],[-58.0346,-7.4538],[-58.0599,-7.3966],[-58.1181,-7.3527],[-58.1379,-7.3486],[-58.1366,-7.3557],[-58.1469,-7.3429],[-58.1695,-7.3128],[-58.1743,-7.271],[-58.1676,-7.2309],[-58.1818,-7.1794],[-58.2082,-7.136],[-58.2223,-7.1239],[-58.2394,-7.0951],[-58.2523,-7.083],[-58.2681,-7.0791],[-58.2878,-7.0613],[-58.3349,-6.986],[-58.3551,-6.9713],[-58.3797,-6.9701],[-58.3861,-6.9649],[-58.3936,-6.9497],[-58.4065,-6.94],[-58.4341,-6.9084],[-58.4624,-6.8369],[-58.4702,-6.8032],[-58.4796,-6.7848],[-58.478,-6.6992],[-58.4647,-6.6697],[-58.4492,-6.6532],[-58.4213,-6.6103],[-58.3801,-6.5801],[-58.3494,-6.562],[-58.3318,-6.5326],[-58.3251,-6.4989],[-58.3195,-6.4946],[-58.2926,-6.4935],[-58.2662,-6.4752],[-58.2548,-6.4537],[-58.0331,-5.9777],[-57.8735,-5.6295],[-57.8601,-5.6003],[-57.8458,-5.5931],[-57.8381,-5.578],[-57.8204,-5.5576],[-57.7807,-5.5612],[-57.7741,-5.5791],[-57.7652,-5.5829],[-57.757,-5.5808],[-57.7479,-5.5722],[-57.7395,-5.5579],[-57.7139,-5.5471],[-57.7015,-5.5581],[-57.699,-5.5723],[-57.7084,-5.5822],[-57.7116,-5.6],[-57.7247,-5.622],[-57.723,-5.6303],[-57.701,-5.6353],[-57.6582,-5.6256],[-57.6528,-5.6306],[-57.6489,-5.6511],[-57.638,-5.6242],[-57.624,-5.614],[-57.6086,-5.5899],[-57.5937,-5.5761],[-57.5567,-5.56],[-57.5438,-5.5599],[-57.5207,-5.545],[-57.5119,-5.5516],[-57.5044,-5.5454],[-57.4804,-5.548],[-57.4732,-5.5443]]]}},{"type":"Feature","properties":{"nome":"Jacundá","cod":"1503804","uf":"PA"},"geometry":{"type":"Polygon","coordinates":[[[-49.0432,-4.3192],[-49.0189,-4.332],[-49.0163,-4.3349],[-49.0193,-4.3557],[-49.0166,-4.3679],[-49.0153,-4.379],[-49.0178,-4.385],[-49.0132,-4.394],[-49.0043,-4.3982],[-49.0,-4.4089],[-49.0,-4.5003],[-49.0,-4.5836],[-49.0,-4.8326],[-49.021,-4.8395],[-49.038,-4.8532],[-49.053,-4.8543],[-49.0746,-4.847],[-49.1277,-4.8443],[-49.1471,-4.8333],[-49.1616,-4.8367],[-49.1794,-4.8337],[-49.1946,-4.8477],[-49.2049,-4.8633],[-49.2237,-4.8659],[-49.2295,-4.8617],[-49.2148,-4.8591],[-49.2023,-4.8455],[-49.2068,-4.8371],[-49.229,-4.8215],[-49.2378,-4.7793],[-49.2514,-4.7474],[-49.2693,-4.7206],[-49.2802,-4.7079],[-49.299,-4.7049],[-49.3073,-4.7079],[-49.3239,-4.7065],[-49.3376,-4.7215],[-49.3747,-4.7423],[-49.3904,-4.7369],[-49.3968,-4.7403],[-49.4047,-4.7335],[-49.3968,-4.7146],[-49.4088,-4.7068],[-49.41,-4.6935],[-49.4176,-4.6868],[-49.4251,-4.6962],[-49.438,-4.6615],[-49.4069,-4.6266],[-49.4062,-4.6067],[-49.4216,-4.5894],[-49.4592,-4.5631],[-49.4687,-4.5574],[-49.4771,-4.5462],[-49.4908,-4.5196],[-49.4963,-4.5],[-49.3222,-4.5003],[-49.3177,-4.492],[-49.3062,-4.4856],[-49.2926,-4.4719],[-49.2872,-4.4591],[-49.2733,-4.4432],[-49.2648,-4.4346],[-49.2551,-4.4349],[-49.2399,-4.4258],[-49.2299,-4.4077],[-49.2246,-4.405],[-49.205,-4.4086],[-49.1952,-4.424],[-49.1809,-4.4011],[-49.1728,-4.3999],[-49.1749,-4.3934],[-49.1881,-4.3877],[-49.1882,-4.3839],[-49.1644,-4.3652],[-49.1526,-4.3648],[-49.1319,-4.3538],[-49.1203,-4.336],[-49.1136,-4.334],[-49.108,-4.3225],[-49.0979,-4.323],[-49.0931,-4.3196],[-49.0876,-4.323],[-49.0786,-4.3221],[-49.0657,-4.3242],[-49.0572,-4.3196],[-49.0432,-4.3192]]]}},{"type":"Feature","properties":{"nome":"Juruti","cod":"1503903","uf":"PA"},"geometry":{"type":"Polygon","coordinates":[[[-55.8781,-2.004],[-55.8201,-2.0069],[-55.7684,-2.0021],[-55.7462,-1.9932],[-55.7374,-2.0081],[-55.7377,-2.0191],[-55.7025,-2.0415],[-55.7016,-2.0495],[-55.6876,-2.0511],[-55.6742,-2.0667],[-55.6422,-2.0786],[-55.6315,-2.0879],[-55.6239,-2.0983],[-55.6184,-2.1162],[-55.6212,-2.1579],[-55.6183,-2.1827],[-55.6207,-2.1902],[-55.6317,-2.1945],[-55.6473,-2.1938],[-55.6592,-2.1968],[-55.6654,-2.2213],[-55.6724,-2.2321],[-55.6863,-2.2422],[-55.6918,-2.262],[-55.701,-2.2686],[-55.7131,-2.2698],[-55.7193,-2.2772],[-55.7368,-2.2836],[-55.7463,-2.2972],[-55.7554,-2.2917],[-55.7735,-2.2972],[-55.788,-2.3198],[-55.7939,-2.325],[-55.811,-2.3298],[-55.8137,-2.339],[-55.8181,-2.3683],[-55.8186,-2.3762],[-55.8306,-2.3966],[-55.8588,-2.4443],[-55.865,-2.4547],[-55.9463,-2.5918],[-55.9894,-2.664],[-56.3441,-3.2644],[-56.6751,-3.3504],[-56.6973,-3.356],[-56.7019,-3.3571],[-56.7244,-3.3432],[-56.7329,-3.333],[-56.7327,-3.3263],[-56.7611,-3.2514],[-56.7674,-3.2425],[-56.7624,-3.2318],[-56.723,-3.1462],[-56.6473,-2.981],[-56.5755,-2.8237],[-56.5582,-2.7863],[-56.537,-2.7403],[-56.5359,-2.738],[-56.4871,-2.6325],[-56.4617,-2.5782],[-56.4327,-2.516],[-56.4017,-2.4563],[-56.4074,-2.4498],[-56.4249,-2.4488],[-56.437,-2.4399],[-56.4548,-2.4359],[-56.4567,-2.4351],[-56.464,-2.4312],[-56.4651,-2.4228],[-56.4203,-2.3598],[-56.4123,-2.3214],[-56.3888,-2.2782],[-56.3838,-2.2701],[-56.3637,-2.2589],[-56.3312,-2.251],[-56.263,-2.2207],[-56.2198,-2.1955],[-56.1916,-2.1711],[-56.1414,-2.0999],[-56.1019,-2.0477],[-56.0971,-2.0368],[-56.0982,-2.0266],[-56.0948,-1.9971],[-56.0887,-1.978],[-56.0751,-1.9595],[-56.0529,-1.9419],[-56.0377,-1.9384],[-55.9884,-1.9555],[-55.956,-1.968],[-55.9278,-1.9862],[-55.9021,-1.9983],[-55.8976,-2.0],[-55.8781,-2.004]]]}},{"type":"Feature","properties":{"nome":"Limoeiro do Ajuru","cod":"1504000","uf":"PA"},"geometry":{"type":"Polygon","coordinates":[[[-49.2036,-1.7715],[-49.2061,-1.784],[-49.2288,-1.8323],[-49.2442,-1.862],[-49.2534,-1.8887],[-49.2546,-1.8939],[-49.2641,-1.945],[-49.2963,-1.965],[-49.3177,-1.9942],[-49.3196,-1.9952],[-49.3295,-2.0006],[-49.365,-2.0016],[-49.3806,-2.0275],[-49.3867,-2.0293],[-49.3902,-2.0187],[-49.3844,-2.0032],[-49.3832,-1.9752],[-49.3666,-1.9388],[-49.366,-1.9279],[-49.3726,-1.9277],[-49.379,-1.9243],[-49.3831,-1.9295],[-49.3893,-1.9278],[-49.3903,-1.9246],[-49.4034,-1.9237],[-49.4169,-1.9553],[-49.4337,-1.9713],[-49.4464,-1.9774],[-49.4663,-1.9994],[-49.5092,-1.9903],[-49.5248,-1.9869],[-49.5963,-1.973],[-49.6059,-1.9764],[-49.6103,-1.9924],[-49.6287,-2.0002],[-49.6516,-2.0099],[-49.6924,-2.054],[-49.706,-2.0687],[-49.7381,-2.0318],[-49.7322,-2.0236],[-49.7358,-2.0144],[-49.7324,-2.0077],[-49.7336,-2.0],[-49.7415,-1.9895],[-49.74,-1.9794],[-49.7224,-1.9723],[-49.7217,-1.9589],[-49.712,-1.9576],[-49.7094,-1.9533],[-49.7166,-1.9476],[-49.7147,-1.9382],[-49.7369,-1.9328],[-49.737,-1.9218],[-49.7464,-1.8937],[-49.7333,-1.8799],[-49.7249,-1.8492],[-49.7178,-1.8352],[-49.7079,-1.8234],[-49.689,-1.812],[-49.6457,-1.7797],[-49.6216,-1.7645],[-49.6073,-1.76],[-49.5986,-1.7736],[-49.5856,-1.7793],[-49.5349,-1.7784],[-49.5133,-1.759],[-49.4956,-1.7554],[-49.4924,-1.7544],[-49.4667,-1.7396],[-49.4288,-1.7265],[-49.4154,-1.7185],[-49.3849,-1.713],[-49.3542,-1.7073],[-49.3008,-1.7026],[-49.2437,-1.7056],[-49.2159,-1.7058],[-49.1795,-1.7133],[-49.1713,-1.7158],[-49.1935,-1.7399],[-49.1997,-1.7526],[-49.2036,-1.7715]]]}},{"type":"Feature","properties":{"nome":"Mãe do Rio","cod":"1504059","uf":"PA"},"geometry":{"type":"Polygon","coordinates":[[[-47.5149,-1.8486],[-47.5129,-1.8678],[-47.5042,-1.8657],[-47.5004,-1.8706],[-47.4896,-1.8644],[-47.4846,-1.8719],[-47.4703,-1.8791],[-47.4692,-1.8877],[-47.4769,-1.8956],[-47.4658,-1.9139],[-47.4526,-1.9143],[-47.4469,-1.9065],[-47.4427,-1.9065],[-47.4331,-1.918],[-47.4318,-1.9245],[-47.4325,-1.9372],[-47.4361,-1.9413],[-47.4395,-1.9614],[-47.4331,-1.979],[-47.4318,-1.9837],[-47.4237,-1.9906],[-47.4091,-2.0353],[-47.4059,-2.0375],[-47.4033,-2.0598],[-47.3982,-2.0674],[-47.3987,-2.0783],[-47.4495,-2.0786],[-47.4705,-2.0879],[-47.4715,-2.0893],[-47.4847,-2.106],[-47.494,-2.1112],[-47.4962,-2.1228],[-47.5106,-2.1296],[-47.5159,-2.1242],[-47.5282,-2.131],[-47.5361,-2.1288],[-47.5458,-2.1064],[-47.5545,-2.101],[-47.5587,-2.1028],[-47.5599,-2.1033],[-47.5696,-2.1119],[-47.582,-2.1072],[-47.5789,-2.0666],[-47.5831,-2.0215],[-47.5823,-2.0174],[-47.5773,-2.0158],[-47.5775,-2.0109],[-47.5796,-2.0071],[-47.5864,-2.0059],[-47.5866,-1.9999],[-47.5886,-1.9895],[-47.603,-1.9752],[-47.5938,-1.9741],[-47.5927,-1.9704],[-47.5985,-1.9654],[-47.6026,-1.9535],[-47.604,-1.9449],[-47.6149,-1.9303],[-47.6149,-1.9236],[-47.6026,-1.9119],[-47.5898,-1.8822],[-47.5686,-1.8633],[-47.5627,-1.8635],[-47.5589,-1.8682],[-47.5494,-1.8714],[-47.5356,-1.8554],[-47.5197,-1.8483],[-47.5149,-1.8486]]]}},{"type":"Feature","properties":{"nome":"Magalhães Barata","cod":"1504109","uf":"PA"},"geometry":{"type":"Polygon","coordinates":[[[-47.5812,-0.7674],[-47.5801,-0.777],[-47.5768,-0.7769],[-47.5682,-0.791],[-47.5659,-0.7916],[-47.5629,-0.7939],[-47.5484,-0.8286],[-47.5584,-0.8389],[-47.5664,-0.8449],[-47.5662,-0.8508],[-47.5578,-0.8584],[-47.5654,-0.8651],[-47.5725,-0.8715],[-47.572,-0.8782],[-47.5648,-0.8846],[-47.5709,-0.8978],[-47.5676,-0.9107],[-47.5596,-0.9165],[-47.5583,-0.9222],[-47.5706,-0.9296],[-47.5853,-0.9478],[-47.5854,-0.948],[-47.5869,-0.9466],[-47.6216,-0.9074],[-47.6425,-0.8849],[-47.6468,-0.8803],[-47.6479,-0.8793],[-47.6636,-0.8758],[-47.6721,-0.8776],[-47.675,-0.8709],[-47.6663,-0.8737],[-47.6647,-0.8673],[-47.673,-0.8637],[-47.6827,-0.8648],[-47.6808,-0.8534],[-47.6903,-0.8426],[-47.695,-0.8475],[-47.6886,-0.8632],[-47.6902,-0.8668],[-47.6948,-0.8684],[-47.699,-0.862],[-47.7074,-0.8622],[-47.7114,-0.8615],[-47.7043,-0.8379],[-47.7064,-0.8329],[-47.7213,-0.8311],[-47.7278,-0.8226],[-47.7285,-0.8174],[-47.721,-0.8056],[-47.7205,-0.7988],[-47.7271,-0.7587],[-47.7195,-0.7443],[-47.6884,-0.7225],[-47.6612,-0.7203],[-47.6454,-0.7158],[-47.626,-0.7011],[-47.6199,-0.6941],[-47.6088,-0.697],[-47.5908,-0.7062],[-47.5842,-0.7159],[-47.5958,-0.7264],[-47.5948,-0.7311],[-47.5832,-0.7413],[-47.582,-0.7509],[-47.5867,-0.755],[-47.5972,-0.7559],[-47.6014,-0.7615],[-47.599,-0.7652],[-47.5812,-0.7674]]]}},{"type":"Feature","properties":{"nome":"Marabá","cod":"1504208","uf":"PA"},"geometry":{"type":"Polygon","coordinates":[[[-48.9185,-4.9609],[-48.92,-4.9642],[-48.929,-4.9641],[-48.9348,-4.9704],[-48.9537,-4.9737],[-48.9669,-4.9771],[-48.9809,-4.9705],[-48.9968,-4.9725],[-49.0138,-4.9865],[-49.0166,-4.9962],[-49.018,-5.0128],[-49.0234,-5.0203],[-49.027,-5.0416],[-49.0059,-5.067],[-48.9999,-5.1078],[-49.0031,-5.126],[-49.0172,-5.1498],[-49.0217,-5.1761],[-49.0159,-5.2014],[-49.0087,-5.2081],[-49.0002,-5.2357],[-48.9946,-5.2414],[-48.9927,-5.2541],[-48.9939,-5.2618],[-48.9829,-5.2692],[-48.9902,-5.2764],[-48.9902,-5.2803],[-48.9922,-5.2829],[-48.9986,-5.2923],[-49.0,-5.2966],[-49.0187,-5.321],[-49.0386,-5.3312],[-49.0342,-5.3391],[-49.0331,-5.3518],[-49.0078,-5.3706],[-49.014,-5.3762],[-49.0159,-5.3883],[-49.0081,-5.3932],[-49.013,-5.3986],[-49.0077,-5.4025],[-49.0096,-5.4059],[-49.0051,-5.4098],[-49.0111,-5.4136],[-49.0068,-5.422],[-49.0123,-5.43],[-49.0079,-5.4348],[-49.0115,-5.4466],[-49.009,-5.4556],[-49.0149,-5.4597],[-48.9883,-5.4842],[-48.9839,-5.4959],[-48.976,-5.5004],[-48.9689,-5.4979],[-48.9549,-5.5138],[-48.9493,-5.5151],[-48.9405,-5.5192],[-48.9446,-5.5303],[-48.9392,-5.5357],[-48.9442,-5.5525],[-48.9407,-5.5617],[-48.9446,-5.5747],[-48.9416,-5.5953],[-48.9449,-5.6012],[-48.9392,-5.6073],[-48.9391,-5.6086],[-48.9431,-5.6154],[-48.9434,-5.6299],[-48.9331,-5.6534],[-48.8899,-5.6884],[-48.8892,-5.6989],[-48.877,-5.7153],[-48.8776,-5.7208],[-48.8183,-5.8036],[-48.7652,-5.8375],[-48.7507,-5.8414],[-48.7461,-5.847],[-48.7295,-5.8461],[-48.7306,-5.8584],[-48.7308,-5.8597],[-48.785,-5.9072],[-48.8518,-5.9648],[-48.8637,-5.9474],[-48.8699,-5.9488],[-48.8742,-5.9459],[-48.8797,-5.934],[-48.8898,-5.9293],[-48.8952,-5.9118],[-48.8931,-5.9042],[-48.8982,-5.8985],[-48.9052,-5.8965],[-48.9084,-5.8913],[-48.9134,-5.8914],[-48.9164,-5.8813],[-48.9218,-5.8783],[-48.9292,-5.8804],[-48.9352,-5.8729],[-48.9462,-5.8682],[-48.9578,-5.8554],[-48.9636,-5.8555],[-48.9741,-5.8464],[-48.983,-5.8472],[-48.9887,-5.8391],[-48.997,-5.8352],[-49.0062,-5.8368],[-49.0333,-5.8304],[-49.0506,-5.8376],[-49.1806,-5.8075],[-49.1873,-5.806],[-49.2308,-5.7958],[-49.2328,-5.7953],[-49.2365,-5.8005],[-49.2495,-5.8037],[-49.2679,-5.8199],[-49.2989,-5.8246],[-49.3353,-5.8501],[-49.3744,-5.8633],[-49.4085,-5.8898],[-49.4146,-5.8985],[-49.457,-5.9012],[-49.468,-5.8917],[-49.4759,-5.8892],[-49.4932,-5.8927],[-49.5078,-5.889],[-49.5108,-5.8825],[-49.5241,-5.8894],[-49.5299,-5.886],[-49.5409,-5.8889],[-49.5432,-5.8837],[-49.5491,-5.8829],[-49.5611,-5.8948],[-49.5837,-5.8961],[-49.6063,-5.9113],[-49.6136,-5.9072],[-49.6208,-5.9058],[-49.6244,-5.9084],[-49.6326,-5.9044],[-49.6327,-5.9101],[-49.6366,-5.9138],[-49.659,-5.92],[-49.6658,-5.927],[-49.6686,-5.9314],[-49.685,-5.9326],[-49.6978,-5.9415],[-49.7077,-5.9365],[-49.7106,-5.9406],[-49.7085,-5.9503],[-49.713,-5.9505],[-49.7193,-5.9504],[-49.7216,-5.9406],[-49.7343,-5.9286],[-49.7443,-5.9268],[-49.755,-5.9303],[-49.7614,-5.9143],[-49.7608,-5.9026],[-49.7681,-5.8878],[-49.7627,-5.8467],[-49.7798,-5.8351],[-49.7801,-5.8216],[-49.7927,-5.786],[-49.8084,-5.804],[-49.8004,-5.827],[-49.8046,-5.8323],[-49.8089,-5.8357],[-49.8146,-5.8341],[-49.8231,-5.8307],[-49.8234,-5.8261],[-49.8321,-5.8273],[-49.8348,-5.8237],[-49.8404,-5.828],[-49.8314,-5.8358],[-49.8255,-5.8553],[-49.826,-5.8552],[-49.8347,-5.8531],[-49.8489,-5.8572],[-49.8733,-5.8746],[-49.8786,-5.8747],[-49.8788,-5.8636],[-49.8834,-5.8609],[-49.9049,-5.8548],[-49.9196,-5.8572],[-49.9322,-5.8592],[-49.9363,-5.8711],[-49.9532,-5.8759],[-49.9602,-5.8885],[-49.9591,-5.9016],[-49.9668,-5.9059],[-49.9707,-5.9178],[-49.9806,-5.9197],[-49.9965,-5.907],[-50.0152,-5.9085],[-50.022,-5.9155],[-50.0228,-5.9223],[-50.0125,-5.936],[-50.017,-5.945],[-50.0462,-5.9453],[-50.0585,-5.9412],[-50.063,-5.9367],[-50.0577,-5.931],[-50.0559,-5.9053],[-50.0592,-5.9006],[-50.0667,-5.8991],[-50.0705,-5.8918],[-50.0819,-5.8958],[-50.0809,-5.9023],[-50.0861,-5.9065],[-50.085,-5.9101],[-50.1001,-5.9235],[-50.1189,-5.919],[-50.1231,-5.9139],[-50.1316,-5.9152],[-50.1451,-5.9059],[-50.1488,-5.91],[-50.1685,-5.9096],[-50.1748,-5.9058],[-50.1918,-5.8871],[-50.195,-5.8824],[-50.2063,-5.8831],[-50.2143,-5.9012],[-50.2219,-5.9045],[-50.229,-5.9007],[-50.2465,-5.9169],[-50.2671,-5.9121],[-50.2775,-5.9058],[-50.284,-5.9073],[-50.2985,-5.9022],[-50.3033,-5.8935],[-50.3132,-5.8884],[-50.3149,-5.8799],[-50.3257,-5.8782],[-50.3293,-5.8689],[-50.3346,-5.8657],[-50.3434,-5.8639],[-50.3595,-5.8764],[-50.3707,-5.8734],[-50.3855,-5.8773],[-50.3935,-5.875],[-50.3993,-5.8657],[-50.4038,-5.8659],[-50.4158,-5.8552],[-50.432,-5.8623],[-50.4544,-5.8558],[-50.4588,-5.8582],[-50.4654,-5.8653],[-50.4649,-5.8724],[-50.4782,-5.8727],[-50.4867,-5.8701],[-50.4962,-5.8776],[-50.5118,-5.8755],[-50.5181,-5.8837],[-50.5308,-5.8809],[-50.5338,-5.8901],[-50.5439,-5.892],[-50.555,-5.9034],[-50.5566,-5.9132],[-50.5667,-5.9086],[-50.5753,-5.9182],[-50.5819,-5.9198],[-50.6566,-5.909],[-50.6691,-5.9114],[-50.6814,-5.9186],[-50.6981,-5.9016],[-50.7053,-5.8985],[-50.7151,-5.9069],[-50.7206,-5.9423],[-50.7262,-5.9607],[-50.7317,-5.9587],[-50.75,-5.9775],[-50.78,-5.9869],[-50.7876,-5.9843],[-50.8011,-5.9715],[-50.816,-5.9781],[-50.8208,-5.9719],[-50.8291,-5.9766],[-50.8416,-5.9733],[-50.8479,-5.9799],[-50.8664,-5.9845],[-50.8928,-5.9807],[-50.8967,-5.9865],[-50.901,-5.9867],[-50.9158,-5.9828],[-50.922,-5.9727],[-50.9246,-5.9695],[-50.932,-5.9693],[-50.9434,-5.9771],[-50.9478,-5.9715],[-50.9908,-5.997],[-50.9919,-6.0],[-50.9846,-6.0122],[-50.9883,-6.0143],[-50.9872,-6.0188],[-51.0029,-6.0211],[-51.0023,-6.0345],[-50.9982,-6.04],[-51.0053,-6.0455],[-51.0152,-6.0471],[-51.0173,-6.0527],[-51.0219,-6.054],[-51.0512,-6.094],[-51.0631,-6.1164],[-51.0711,-6.1212],[-51.0916,-6.1251],[-51.0988,-6.1423],[-51.1193,-6.1709],[-51.1266,-6.1993],[-51.1309,-6.2028],[-51.1363,-6.2079],[-51.1417,-6.2174],[-51.1483,-6.2163],[-51.1466,-6.2066],[-51.1608,-6.2001],[-51.1666,-6.1875],[-51.177,-6.19],[-51.1826,-6.1803],[-51.2035,-6.171],[-51.2093,-6.1809],[-51.2188,-6.1838],[-51.2235,-6.1678],[-51.2453,-6.172],[-51.248,-6.1699],[-51.254,-6.1617],[-51.2505,-6.1548],[-51.2592,-6.1456],[-51.2616,-6.1306],[-51.2682,-6.1269],[-51.2695,-6.1187],[-51.2805,-6.1023],[-51.2968,-6.0964],[-51.2998,-6.0868],[-51.3101,-6.087],[-51.3139,-6.0817],[-51.3107,-6.0783],[-51.3202,-6.0737],[-51.3334,-6.0686],[-51.3382,-6.0597],[-51.3476,-6.055],[-51.3618,-6.0557],[-51.3681,-6.0457],[-51.3797,-6.0555],[-51.3911,-6.0545],[-51.3993,-6.0487],[-51.3991,-6.0421],[-51.3941,-6.0377],[-51.3975,-6.0291],[-51.3923,-6.0181],[-51.3781,-5.9905],[-51.3716,-5.9848],[-51.3626,-5.9844],[-51.357,-5.9665],[-51.3451,-5.9635],[-51.3222,-5.9648],[-51.3081,-5.9746],[-51.3058,-5.9801],[-51.2917,-5.979],[-51.2807,-5.9905],[-51.2697,-5.9901],[-51.2632,-5.9946],[-51.2513,-5.9892],[-51.2459,-5.9966],[-51.2415,-5.9968],[-51.2313,-5.9928],[-51.2297,-5.9899],[-51.2372,-5.9783],[-51.2259,-5.973],[-51.2215,-5.9631],[-51.1982,-5.9667],[-51.1953,-5.9597],[-51.1909,-5.9596],[-51.1835,-5.9654],[-51.1772,-5.9654],[-51.1607,-5.9498],[-51.1638,-5.9276],[-51.1609,-5.924],[-51.1527,-5.9195],[-51.1435,-5.9245],[-51.1366,-5.9178],[-51.1256,-5.9184],[-51.1228,-5.9048],[-51.1127,-5.8898],[-51.1094,-5.8749],[-51.1114,-5.8688],[-51.1183,-5.8685],[-51.1054,-5.8498],[-51.1164,-5.8349],[-51.116,-5.8273],[-51.1006,-5.8009],[-51.0908,-5.7947],[-51.086,-5.7806],[-51.0619,-5.7804],[-51.0621,-5.7714],[-51.0547,-5.7643],[-51.0373,-5.7653],[-51.0311,-5.7691],[-51.0326,-5.7743],[-51.0356,-5.777],[-51.0318,-5.7833],[-51.0215,-5.7866],[-51.0,-5.7834],[-50.9857,-5.7939],[-50.9724,-5.793],[-50.962,-5.7838],[-50.9517,-5.7919],[-50.9457,-5.8034],[-50.9388,-5.8019],[-50.9199,-5.7923],[-50.9133,-5.7808],[-50.9174,-5.7747],[-50.9282,-5.7696],[-50.9148,-5.7533],[-50.9198,-5.7474],[-50.9201,-5.74],[-50.9152,-5.7351],[-50.9107,-5.7362],[-50.9104,-5.7269],[-50.9038,-5.7256],[-50.9036,-5.718],[-50.8983,-5.7129],[-50.9061,-5.6932],[-50.8986,-5.6939],[-50.8764,-5.7072],[-50.8702,-5.7053],[-50.8582,-5.7099],[-50.8487,-5.7095],[-50.8467,-5.706],[-50.8509,-5.697],[-50.8558,-5.6883],[-50.8561,-5.6803],[-50.865,-5.6706],[-50.8702,-5.6419],[-50.8742,-5.6406],[-50.8777,-5.6321],[-50.898,-5.6325],[-50.9123,-5.6278],[-50.924,-5.6303],[-50.9348,-5.6258],[-50.9374,-5.6247],[-50.9417,-5.6181],[-50.9524,-5.614],[-50.9456,-5.603],[-50.9447,-5.5868],[-50.9512,-5.5799],[-50.9454,-5.5642],[-50.9559,-5.5402],[-50.9547,-5.5362],[-50.9483,-5.5327],[-50.945,-5.5229],[-50.9153,-5.5132],[-50.896,-5.5023],[-50.8914,-5.4962],[-50.8739,-5.4912],[-50.8814,-5.4559],[-50.8789,-5.4486],[-50.8877,-5.4427],[-50.8852,-5.4356],[-50.8658,-5.4305],[-50.8613,-5.4247],[-50.8631,-5.4221],[-50.847,-5.4148],[-50.8448,-5.4089],[-50.8352,-5.412],[-50.8234,-5.4082],[-50.8089,-5.411],[-50.7864,-5.3993],[-50.7852,-5.3903],[-50.7903,-5.3826],[-50.7894,-5.3723],[-50.7983,-5.3617],[-50.7944,-5.3525],[-50.7941,-5.3385],[-50.8002,-5.3274],[-50.7913,-5.3146],[-50.7731,-5.305],[-50.7566,-5.3129],[-50.7542,-5.3111],[-50.7616,-5.2808],[-50.7605,-5.2644],[-50.7648,-5.2559],[-50.7652,-5.2443],[-50.7709,-5.2369],[-50.7637,-5.2217],[-50.7352,-5.217],[-50.7245,-5.22],[-50.7264,-5.2094],[-50.7256,-5.2018],[-50.7192,-5.1934],[-50.7198,-5.1743],[-50.7041,-5.1691],[-50.6864,-5.1769],[-50.6722,-5.1752],[-50.6599,-5.19],[-50.6251,-5.1822],[-50.598,-5.1867],[-50.5897,-5.1925],[-50.5733,-5.1965],[-50.5638,-5.1921],[-50.5556,-5.1937],[-50.5492,-5.1856],[-50.5349,-5.1904],[-50.5311,-5.1861],[-50.5152,-5.178],[-50.5053,-5.1783],[-50.5023,-5.1946],[-50.5068,-5.2125],[-50.504,-5.2381],[-50.4973,-5.2465],[-50.4815,-5.2552],[-50.4764,-5.2765],[-50.4709,-5.2723],[-50.464,-5.2767],[-50.4476,-5.2716],[-50.4248,-5.2707],[-50.4212,-5.2756],[-50.4066,-5.2766],[-50.4088,-5.2887],[-50.4058,-5.2947],[-50.394,-5.2999],[-50.3812,-5.3008],[-50.3762,-5.3056],[-50.3524,-5.3042],[-50.3449,-5.3138],[-50.3278,-5.3189],[-50.3093,-5.332],[-50.3037,-5.3301],[-50.2927,-5.3281],[-50.2853,-5.3392],[-50.2763,-5.3453],[-50.2754,-5.3514],[-50.2664,-5.3584],[-50.2518,-5.3583],[-50.2404,-5.3609],[-50.2359,-5.3701],[-50.2321,-5.3706],[-50.2283,-5.3659],[-50.2153,-5.3743],[-50.2108,-5.3689],[-50.1994,-5.3689],[-50.1772,-5.3811],[-50.1731,-5.3816],[-50.1668,-5.3736],[-50.1598,-5.3728],[-50.1471,-5.3782],[-50.143,-5.3916],[-50.1333,-5.395],[-50.1184,-5.3933],[-50.1139,-5.3963],[-50.0954,-5.3974],[-50.0925,-5.4114],[-50.077,-5.4106],[-50.0654,-5.4266],[-50.0563,-5.429],[-50.0273,-5.4128],[-50.017,-5.4179],[-50.0153,-5.4232],[-50.0,-5.427],[-49.9931,-5.4374],[-49.9883,-5.4411],[-49.9782,-5.4248],[-49.9688,-5.4243],[-49.953,-5.4172],[-49.948,-5.4254],[-49.9397,-5.4299],[-49.932,-5.4243],[-49.9116,-5.4274],[-49.9079,-5.4155],[-49.9023,-5.4116],[-49.8818,-5.4086],[-49.8746,-5.4007],[-49.8579,-5.3988],[-49.8533,-5.3921],[-49.8256,-5.4028],[-49.8273,-5.42],[-49.8171,-5.4286],[-49.8125,-5.4389],[-49.7978,-5.4426],[-49.7879,-5.4497],[-49.7727,-5.4524],[-49.7551,-5.4499],[-49.7332,-5.4375],[-49.7185,-5.4356],[-49.7104,-5.4284],[-49.7032,-5.4323],[-49.6951,-5.4192],[-49.6972,-5.412],[-49.6946,-5.4084],[-49.6895,-5.4054],[-49.6859,-5.4166],[-49.6781,-5.4212],[-49.6684,-5.4172],[-49.6548,-5.4263],[-49.6491,-5.425],[-49.634,-5.4306],[-49.6269,-5.4225],[-49.6245,-5.4139],[-49.6049,-5.4133],[-49.5969,-5.4195],[-49.5732,-5.428],[-49.5778,-5.4356],[-49.5758,-5.438],[-49.5513,-5.4467],[-49.537,-5.436],[-49.5329,-5.4369],[-49.5228,-5.4424],[-49.5204,-5.4486],[-49.5065,-5.4501],[-49.5031,-5.4601],[-49.4867,-5.4666],[-49.4791,-5.4627],[-49.4736,-5.455],[-49.4667,-5.4568],[-49.456,-5.4527],[-49.4414,-5.4538],[-49.4317,-5.4483],[-49.4208,-5.4495],[-49.4203,-5.4455],[-49.4087,-5.44],[-49.4018,-5.4303],[-49.3833,-5.4185],[-49.3841,-5.4145],[-49.392,-5.4116],[-49.4038,-5.3968],[-49.4029,-5.3765],[-49.3842,-5.3733],[-49.3813,-5.3626],[-49.3861,-5.3484],[-49.3817,-5.3377],[-49.3716,-5.3285],[-49.3571,-5.3223],[-49.3537,-5.3126],[-49.3609,-5.2875],[-49.3547,-5.2818],[-49.3442,-5.2786],[-49.3467,-5.2756],[-49.3308,-5.2638],[-49.3344,-5.2499],[-49.3316,-5.2383],[-49.3389,-5.2144],[-49.3314,-5.2005],[-49.3322,-5.1679],[-49.311,-5.1929],[-49.2394,-5.2899],[-49.2226,-5.2976],[-49.2044,-5.3116],[-49.1826,-5.3363],[-49.1714,-5.3385],[-49.1672,-5.3345],[-49.1618,-5.3179],[-49.1454,-5.3114],[-49.1328,-5.293],[-49.1283,-5.2843],[-49.1284,-5.2749],[-49.1316,-5.2722],[-49.1476,-5.2748],[-49.1572,-5.2685],[-49.1642,-5.2569],[-49.1472,-5.2181],[-49.1501,-5.1986],[-49.1471,-5.1874],[-49.152,-5.1793],[-49.1434,-5.1559],[-49.1458,-5.1428],[-49.1416,-5.1339],[-49.1341,-5.1289],[-49.1394,-5.1083],[-49.136,-5.1003],[-49.1418,-5.081],[-49.1391,-5.0753],[-49.1156,-5.0578],[-49.1104,-5.0492],[-49.1085,-5.0353],[-49.103,-5.031],[-49.1025,-5.0284],[-49.1011,-5.0231],[-49.0817,-5.0121],[-49.081,-4.9923],[-49.0761,-4.9916],[-49.0753,-4.9923],[-49.0653,-4.995],[-49.0574,-4.9855],[-49.0538,-4.9772],[-49.0576,-4.9599],[-49.051,-4.9444],[-49.0399,-4.94],[-49.0326,-4.9189],[-49.0191,-4.9121],[-48.9999,-4.9066],[-49.0,-4.8327],[-48.9541,-4.9176],[-48.9311,-4.9458],[-48.9185,-4.9609]]]}},{"type":"Feature","properties":{"nome":"Maracanã","cod":"1504307","uf":"PA"},"geometry":{"type":"Polygon","coordinates":[[[-47.5289,-0.6239],[-47.525,-0.6253],[-47.4894,-0.6029],[-47.47,-0.5935],[-47.4439,-0.5889],[-47.4188,-0.5917],[-47.4143,-0.6018],[-47.4213,-0.6275],[-47.4195,-0.6312],[-47.4291,-0.647],[-47.4287,-0.6535],[-47.4252,-0.6551],[-47.4192,-0.6856],[-47.4097,-0.6961],[-47.4046,-0.7082],[-47.3988,-0.7139],[-47.3976,-0.72],[-47.3865,-0.7338],[-47.4279,-0.7328],[-47.4314,-0.7328],[-47.4237,-0.7543],[-47.4094,-0.7559],[-47.4003,-0.7647],[-47.4013,-0.809],[-47.3961,-0.8151],[-47.3768,-0.8222],[-47.3807,-0.8362],[-47.3931,-0.8262],[-47.399,-0.8289],[-47.4001,-0.8507],[-47.3963,-0.8542],[-47.3783,-0.8578],[-47.3789,-0.8638],[-47.3836,-0.8713],[-47.4071,-0.885],[-47.4152,-0.888],[-47.4246,-0.8994],[-47.4193,-0.9044],[-47.4074,-0.9039],[-47.4056,-0.9064],[-47.4106,-0.9166],[-47.4025,-0.9298],[-47.4032,-0.934],[-47.4223,-0.9374],[-47.418,-0.9491],[-47.4015,-0.9517],[-47.3936,-0.9575],[-47.3939,-0.9618],[-47.4001,-0.9659],[-47.4102,-0.9657],[-47.4139,-0.9723],[-47.4125,-0.9763],[-47.4254,-0.9826],[-47.5015,-1.0028],[-47.5332,-1.0111],[-47.5339,-1.0113],[-47.5616,-1.0185],[-47.61,-1.0312],[-47.6034,-1.0088],[-47.5854,-0.948],[-47.5853,-0.9478],[-47.5706,-0.9296],[-47.5583,-0.9222],[-47.5596,-0.9165],[-47.5676,-0.9107],[-47.5709,-0.8978],[-47.5648,-0.8846],[-47.572,-0.8782],[-47.5725,-0.8715],[-47.5654,-0.8651],[-47.5578,-0.8584],[-47.5662,-0.8508],[-47.5664,-0.8449],[-47.5584,-0.8389],[-47.5484,-0.8286],[-47.5629,-0.7939],[-47.5659,-0.7916],[-47.5682,-0.791],[-47.5768,-0.7769],[-47.5801,-0.777],[-47.5812,-0.7674],[-47.599,-0.7652],[-47.6014,-0.7615],[-47.5972,-0.7559],[-47.5867,-0.755],[-47.582,-0.7509],[-47.5832,-0.7413],[-47.5948,-0.7311],[-47.5958,-0.7264],[-47.5842,-0.7159],[-47.5908,-0.7062],[-47.6088,-0.697],[-47.6004,-0.6798],[-47.5801,-0.6378],[-47.5818,-0.6224],[-47.5774,-0.6093],[-47.5837,-0.594],[-47.5828,-0.5923],[-47.5781,-0.5876],[-47.579,-0.581],[-47.5595,-0.5872],[-47.5562,-0.5969],[-47.542,-0.6043],[-47.5289,-0.6239]]]}},{"type":"Feature","properties":{"nome":"Marapanim","cod":"1504406","uf":"PA"},"geometry":{"type":"Polygon","coordinates":[[[-47.6983,-0.5488],[-47.6897,-0.5728],[-47.6958,-0.5764],[-47.6983,-0.5927],[-47.6862,-0.5979],[-47.6856,-0.5958],[-47.6791,-0.5919],[-47.6623,-0.5802],[-47.6479,-0.5857],[-47.6361,-0.6034],[-47.6325,-0.6178],[-47.6268,-0.6258],[-47.6271,-0.6313],[-47.6319,-0.6357],[-47.6318,-0.6478],[-47.6407,-0.6544],[-47.6304,-0.6593],[-47.631,-0.6679],[-47.6333,-0.6733],[-47.6397,-0.6889],[-47.6305,-0.6886],[-47.626,-0.7011],[-47.6454,-0.7158],[-47.6612,-0.7203],[-47.6884,-0.7225],[-47.7195,-0.7443],[-47.7271,-0.7587],[-47.7205,-0.7988],[-47.721,-0.8056],[-47.7285,-0.8174],[-47.7278,-0.8226],[-47.7213,-0.8311],[-47.7064,-0.8329],[-47.7043,-0.8379],[-47.7114,-0.8615],[-47.7074,-0.8622],[-47.699,-0.862],[-47.6948,-0.8684],[-47.6902,-0.8668],[-47.6886,-0.8632],[-47.695,-0.8475],[-47.6903,-0.8426],[-47.6808,-0.8534],[-47.6827,-0.8648],[-47.673,-0.8637],[-47.6647,-0.8673],[-47.6663,-0.8737],[-47.675,-0.8709],[-47.6721,-0.8776],[-47.6636,-0.8758],[-47.6479,-0.8793],[-47.6468,-0.8803],[-47.6425,-0.8849],[-47.6216,-0.9074],[-47.5869,-0.9466],[-47.5854,-0.948],[-47.6034,-1.0088],[-47.61,-1.0312],[-47.6195,-1.066],[-47.7061,-1.057],[-47.7109,-1.0502],[-47.7216,-1.0408],[-47.7257,-1.0415],[-47.731,-1.0514],[-47.739,-1.0598],[-47.7437,-1.0605],[-47.7521,-1.0641],[-47.7592,-1.0623],[-47.7578,-1.0577],[-47.7775,-1.0603],[-47.7685,-0.9736],[-47.7881,-0.965],[-47.7943,-0.9558],[-47.8037,-0.9582],[-47.8084,-0.9551],[-47.8143,-0.9217],[-47.8176,-0.9004],[-47.8147,-0.8925],[-47.8079,-0.8687],[-47.7911,-0.8089],[-47.7632,-0.7104],[-47.7617,-0.7048],[-47.7544,-0.6782],[-47.7548,-0.6732],[-47.761,-0.672],[-47.7644,-0.6671],[-47.7661,-0.6618],[-47.7587,-0.6423],[-47.7581,-0.6304],[-47.7573,-0.6292],[-47.753,-0.6216],[-47.7555,-0.608],[-47.7502,-0.6021],[-47.749,-0.5936],[-47.7576,-0.5829],[-47.7607,-0.5757],[-47.7633,-0.5651],[-47.761,-0.5622],[-47.7379,-0.5638],[-47.731,-0.5537],[-47.7326,-0.5488],[-47.7211,-0.5424],[-47.7188,-0.5368],[-47.7035,-0.5349],[-47.6936,-0.5424],[-47.6983,-0.5488]]]}},{"type":"Feature","properties":{"nome":"Marituba","cod":"1504422","uf":"PA"},"geometry":{"type":"Polygon","coordinates":[[[-48.2846,-1.4362],[-48.2926,-1.4702],[-48.3065,-1.4708],[-48.3233,-1.4664],[-48.3313,-1.4666],[-48.3315,-1.4625],[-48.3433,-1.4555],[-48.345,-1.4509],[-48.3487,-1.4391],[-48.3394,-1.4387],[-48.3325,-1.4307],[-48.3326,-1.419],[-48.3404,-1.4079],[-48.3632,-1.4064],[-48.363,-1.398],[-48.3624,-1.3789],[-48.3663,-1.3682],[-48.362,-1.3603],[-48.3439,-1.346],[-48.3396,-1.3287],[-48.3293,-1.3279],[-48.3238,-1.3233],[-48.3194,-1.3237],[-48.3015,-1.3355],[-48.293,-1.3522],[-48.2964,-1.3636],[-48.2879,-1.372],[-48.2769,-1.3938],[-48.2885,-1.4089],[-48.2842,-1.4175],[-48.2869,-1.4256],[-48.2846,-1.4362]]]}},{"type":"Feature","properties":{"nome":"Medicilândia","cod":"1504455","uf":"PA"},"geometry":{"type":"Polygon","coordinates":[[[-53.1126,-2.68],[-53.1106,-2.6854],[-53.0992,-2.6809],[-53.0949,-2.6841],[-53.0844,-2.6819],[-53.0757,-2.6879],[-53.0688,-2.6862],[-53.0634,-2.6802],[-53.0561,-2.6818],[-53.0508,-2.6775],[-53.0465,-2.6824],[-53.0344,-2.6774],[-53.0283,-2.6816],[-53.0181,-2.6799],[-53.0146,-2.6757],[-53.0086,-2.6765],[-53.0011,-2.6713],[-53.0009,-2.6714],[-52.9993,-2.6819],[-52.9917,-2.6874],[-52.9908,-2.693],[-52.9814,-2.6954],[-52.9787,-2.7087],[-52.9592,-2.7403],[-52.9577,-2.7518],[-52.9531,-2.7529],[-52.9515,-2.7607],[-52.9549,-2.7682],[-52.9484,-2.7722],[-52.952,-2.7734],[-52.9513,-2.776],[-52.9344,-2.7789],[-52.9342,-2.783],[-52.9241,-2.7892],[-52.9215,-2.7961],[-52.9075,-2.7937],[-52.8916,-2.8003],[-52.8857,-2.7959],[-52.8859,-2.8047],[-52.8784,-2.8091],[-52.8735,-2.8043],[-52.8719,-2.8144],[-52.8688,-2.8178],[-52.8721,-2.8203],[-52.8759,-2.8475],[-52.881,-2.8605],[-52.881,-2.8902],[-52.8848,-2.8987],[-52.881,-2.914],[-52.8887,-2.952],[-52.8895,-2.9573],[-52.8856,-2.9644],[-52.881,-2.9659],[-52.8756,-2.9743],[-52.8808,-2.9865],[-52.8778,-2.9951],[-52.8829,-3.0047],[-52.8789,-3.0212],[-52.8819,-3.0323],[-52.8787,-3.0365],[-52.8829,-3.0484],[-52.8808,-3.055],[-52.8849,-3.06],[-52.8818,-3.0821],[-52.8763,-3.0895],[-52.877,-3.1004],[-52.8702,-3.1058],[-52.871,-3.1135],[-52.8642,-3.123],[-52.8614,-3.135],[-52.8509,-3.1532],[-52.8458,-3.1557],[-52.8426,-3.1668],[-52.8307,-3.1724],[-52.8265,-3.1852],[-52.8181,-3.1865],[-52.8167,-3.1949],[-52.8101,-3.2004],[-52.8038,-3.204],[-52.8053,-3.2079],[-52.801,-3.2107],[-52.8014,-3.2152],[-52.7968,-3.2139],[-52.7905,-3.2182],[-52.7908,-3.226],[-52.7847,-3.2239],[-52.784,-3.2329],[-52.7772,-3.2411],[-52.7711,-3.2435],[-52.7686,-3.2513],[-52.7684,-3.2545],[-52.7548,-3.2638],[-52.7323,-3.3077],[-52.7228,-3.3163],[-52.7241,-3.3201],[-52.717,-3.3323],[-52.698,-3.3504],[-52.7009,-3.3571],[-52.6988,-3.3755],[-52.693,-3.3859],[-52.6923,-3.3877],[-52.6938,-3.3957],[-52.6812,-3.4074],[-52.6781,-3.4294],[-52.6681,-3.4535],[-52.6693,-3.4655],[-52.6965,-3.5024],[-52.7111,-3.5058],[-52.7095,-3.4943],[-52.7184,-3.4914],[-52.728,-3.5096],[-52.725,-3.5271],[-52.7303,-3.5321],[-52.7348,-3.5312],[-52.7405,-3.5273],[-52.7466,-3.529],[-52.7503,-3.5484],[-52.7598,-3.5553],[-52.7589,-3.5635],[-52.7634,-3.5776],[-52.7717,-3.5778],[-52.7868,-3.5777],[-52.7957,-3.5829],[-52.8058,-3.601],[-52.8057,-3.6148],[-52.8183,-3.6264],[-52.8521,-3.6173],[-52.8712,-3.6284],[-52.8976,-3.6329],[-52.9226,-3.6229],[-52.9445,-3.6176],[-52.9631,-3.6189],[-52.9752,-3.6124],[-52.9784,-3.6172],[-52.9908,-3.6226],[-52.9966,-3.6302],[-53.0052,-3.6309],[-53.0133,-3.6177],[-53.0161,-3.6051],[-53.0246,-3.6125],[-53.0267,-3.6196],[-53.0333,-3.6214],[-53.0332,-3.6494],[-53.0514,-3.6566],[-53.0929,-3.6371],[-53.1034,-3.638],[-53.1168,-3.6283],[-53.1386,-3.6453],[-53.1561,-3.6646],[-53.1556,-3.6548],[-53.166,-3.6471],[-53.1871,-3.6406],[-53.1962,-3.6286],[-53.2013,-3.628],[-53.2045,-3.6158],[-53.219,-3.6004],[-53.2244,-3.5998],[-53.2259,-3.5872],[-53.2266,-3.5841],[-53.2254,-3.5702],[-53.2404,-3.5592],[-53.2397,-3.5453],[-53.2449,-3.5361],[-53.2436,-3.5278],[-53.2486,-3.5253],[-53.2567,-3.5011],[-53.2635,-3.4958],[-53.2699,-3.4966],[-53.2731,-3.5027],[-53.2797,-3.4961],[-53.2818,-3.4985],[-53.2871,-3.4946],[-53.294,-3.5033],[-53.297,-3.5019],[-53.3029,-3.4975],[-53.3087,-3.4973],[-53.3111,-3.5055],[-53.3183,-3.5022],[-53.3195,-3.5055],[-53.3295,-3.5071],[-53.3309,-3.5107],[-53.337,-3.503],[-53.3371,-3.5102],[-53.3446,-3.5098],[-53.3467,-3.5011],[-53.3516,-3.5122],[-53.3583,-3.5089],[-53.3652,-3.5142],[-53.3663,-3.51],[-53.3704,-3.5119],[-53.3794,-3.5128],[-53.3837,-3.507],[-53.3948,-3.5106],[-53.4034,-3.5237],[-53.4184,-3.5295],[-53.4332,-3.5361],[-53.4349,-3.5436],[-53.4596,-3.5387],[-53.4689,-3.5323],[-53.473,-3.5337],[-53.4735,-3.5415],[-53.4861,-3.5318],[-53.4913,-3.5347],[-53.4965,-3.5203],[-53.4982,-3.5155],[-53.4941,-3.5135],[-53.4887,-3.497],[-53.4777,-3.4855],[-53.4766,-3.4657],[-53.4802,-3.4605],[-53.4863,-3.4603],[-53.4871,-3.4496],[-53.503,-3.438],[-53.4915,-3.4318],[-53.4875,-3.4174],[-53.4943,-3.4123],[-53.4884,-3.4049],[-53.4831,-3.4057],[-53.4866,-3.3993],[-53.4983,-3.3989],[-53.501,-3.395],[-53.4987,-3.3837],[-53.5011,-3.38],[-53.4959,-3.3701],[-53.5011,-3.3535],[-53.4989,-3.3394],[-53.5036,-3.3236],[-53.501,-3.3184],[-53.5045,-3.3122],[-53.5002,-3.2931],[-53.4967,-3.2855],[-53.5022,-3.2773],[-53.5084,-3.278],[-53.5104,-3.2752],[-53.5179,-3.2545],[-53.5241,-3.2421],[-53.5251,-3.2292],[-53.5306,-3.225],[-53.5382,-3.2254],[-53.5424,-3.2125],[-53.5497,-3.2155],[-53.5572,-3.21],[-53.5532,-3.1978],[-53.5571,-3.1888],[-53.5858,-3.1742],[-53.597,-3.1554],[-53.5998,-3.1573],[-53.6046,-3.1529],[-53.6087,-3.1538],[-53.6237,-3.1438],[-53.6167,-3.1277],[-53.6358,-3.1195],[-53.6399,-3.1136],[-53.6347,-3.0982],[-53.6409,-3.0973],[-53.6441,-3.091],[-53.6376,-3.0906],[-53.6357,-3.0874],[-53.6452,-3.0798],[-53.6428,-3.0731],[-53.6481,-3.0555],[-53.6586,-3.0629],[-53.6614,-3.0606],[-53.6643,-3.0414],[-53.6738,-3.0411],[-53.6807,-3.0464],[-53.6854,-3.042],[-53.6838,-3.0274],[-53.6924,-3.0304],[-53.7104,-3.0299],[-53.7074,-3.0187],[-53.7145,-3.0153],[-53.7275,-3.0262],[-53.7312,-3.0165],[-53.7592,-3.0155],[-53.7778,-3.0196],[-53.7891,-3.0134],[-53.794,-3.0201],[-53.7993,-3.0169],[-53.8136,-3.0037],[-53.821,-2.9885],[-53.8199,-2.9809],[-53.8336,-2.9705],[-53.8343,-2.9676],[-53.8289,-2.9678],[-53.8284,-2.9629],[-53.8392,-2.9241],[-53.8319,-2.9213],[-53.8303,-2.9164],[-53.8383,-2.9094],[-53.8401,-2.901],[-53.8541,-2.8933],[-53.8549,-2.8871],[-53.8547,-2.8871],[-53.6079,-2.8648],[-53.6078,-2.853],[-53.5989,-2.8421],[-53.592,-2.826],[-53.5938,-2.8127],[-53.5644,-2.7914],[-53.5447,-2.7907],[-53.5231,-2.7748],[-53.5077,-2.7831],[-53.5023,-2.7825],[-53.5012,-2.7712],[-53.4867,-2.7645],[-53.4782,-2.7721],[-53.4539,-2.7761],[-53.4272,-2.7621],[-53.4167,-2.7655],[-53.412,-2.7625],[-53.4081,-2.7495],[-53.3901,-2.7378],[-53.3862,-2.7421],[-53.3701,-2.7386],[-53.361,-2.7409],[-53.3576,-2.737],[-53.3358,-2.737],[-53.3293,-2.7427],[-53.3093,-2.743],[-53.2887,-2.7545],[-53.284,-2.7556],[-53.2829,-2.7618],[-53.2711,-2.7708],[-53.2591,-2.7691],[-53.2553,-2.7749],[-53.2525,-2.7739],[-53.2465,-2.7693],[-53.2416,-2.7587],[-53.2379,-2.7601],[-53.2326,-2.7531],[-53.2351,-2.7477],[-53.2117,-2.7295],[-53.2074,-2.7203],[-53.2022,-2.7145],[-53.1984,-2.7155],[-53.1946,-2.7079],[-53.1696,-2.6948],[-53.1701,-2.684],[-53.1649,-2.6768],[-53.1459,-2.6649],[-53.1264,-2.6694],[-53.1192,-2.6777],[-53.1126,-2.68]]]}},{"type":"Feature","properties":{"nome":"Melgaço","cod":"1504505","uf":"PA"},"geometry":{"type":"Polygon","coordinates":[[[-51.1656,-1.1505],[-51.1329,-1.1704],[-51.067,-1.1507],[-51.0106,-1.1172],[-50.986,-1.1192],[-50.9513,-1.1159],[-50.9334,-1.1211],[-50.8841,-1.1604],[-50.8485,-1.1763],[-50.8333,-1.1989],[-50.8166,-1.2007],[-50.8066,-1.219],[-50.8004,-1.2419],[-50.8042,-1.2738],[-50.8107,-1.2746],[-50.8412,-1.2971],[-50.8564,-1.3217],[-50.8678,-1.3489],[-50.8922,-1.3785],[-50.8965,-1.3967],[-50.8829,-1.4171],[-50.8739,-1.4484],[-50.8577,-1.4566],[-50.8552,-1.4429],[-50.8394,-1.4245],[-50.8229,-1.4393],[-50.8097,-1.4326],[-50.7971,-1.4318],[-50.765,-1.4887],[-50.7504,-1.5034],[-50.7433,-1.5371],[-50.7366,-1.5506],[-50.7277,-1.5612],[-50.6933,-1.5869],[-50.658,-1.6161],[-50.6073,-1.6581],[-50.5851,-1.701],[-50.576,-1.7183],[-50.5507,-1.7272],[-50.5274,-1.7493],[-50.5124,-1.7457],[-50.5024,-1.7485],[-50.4762,-1.7738],[-50.4597,-1.7831],[-50.4515,-1.7844],[-50.4376,-1.7808],[-50.4212,-1.7881],[-50.3379,-1.806],[-50.3,-1.8052],[-50.2896,-1.8169],[-50.2853,-1.828],[-50.2853,-1.8377],[-50.2908,-1.8495],[-50.3827,-1.9126],[-50.4092,-1.9327],[-50.4308,-1.9352],[-50.4387,-1.9317],[-50.454,-1.9316],[-50.4555,-1.9217],[-50.529,-1.9216],[-50.5801,-1.8608],[-50.5883,-1.8427],[-50.6061,-1.8207],[-50.6126,-1.8044],[-50.6314,-1.7921],[-50.639,-1.7907],[-50.6514,-1.7958],[-50.6735,-1.795],[-50.6908,-1.8097],[-50.6999,-1.8235],[-50.7352,-1.8657],[-50.7348,-1.8804],[-50.7391,-1.8891],[-50.7544,-1.8997],[-50.7978,-1.9127],[-50.8171,-1.9071],[-50.8504,-1.8884],[-50.875,-1.8679],[-50.8856,-1.8696],[-50.9026,-1.8833],[-50.9186,-1.8855],[-50.9354,-1.871],[-50.9431,-1.8561],[-50.9594,-1.846],[-50.9863,-1.8403],[-51.03,-1.8456],[-51.0449,-1.8369],[-51.0551,-1.8212],[-51.0789,-1.818],[-51.0894,-1.817],[-51.1105,-1.825],[-51.158,-1.8094],[-51.2262,-1.7959],[-51.2405,-1.7867],[-51.2567,-1.7693],[-51.2777,-1.7531],[-51.3007,-1.7472],[-51.3154,-1.7524],[-51.3452,-1.7764],[-51.3767,-1.7804],[-51.3827,-1.7814],[-51.4339,-1.798],[-51.4547,-1.8184],[-51.4794,-1.8354],[-51.4909,-1.8397],[-51.522,-1.8436],[-51.554,-1.8666],[-51.5865,-1.8779],[-51.6029,-1.8801],[-51.6315,-1.8756],[-51.6725,-1.8577],[-51.6925,-1.8622],[-51.7311,-1.8909],[-51.7567,-1.9403],[-51.773,-1.9442],[-51.8062,-1.961],[-51.8213,-1.9631],[-51.8469,-1.9602],[-51.8676,-1.9528],[-51.8742,-1.9442],[-51.8759,-1.9324],[-51.8819,-1.9261],[-51.9111,-1.9169],[-51.9427,-1.8896],[-51.9629,-1.8805],[-51.9669,-1.8537],[-51.9638,-1.8285],[-51.9631,-1.8252],[-51.9517,-1.7977],[-51.935,-1.7801],[-51.924,-1.7619],[-51.8894,-1.7299],[-51.8764,-1.7309],[-51.8679,-1.7523],[-51.8542,-1.7579],[-51.7606,-1.7228],[-51.7176,-1.7165],[-51.5656,-1.693],[-51.5468,-1.6822],[-51.5322,-1.6605],[-51.5158,-1.6451],[-51.4998,-1.6386],[-51.4779,-1.6399],[-51.4575,-1.6421],[-51.3254,-1.4213],[-51.3211,-1.4142],[-51.2112,-1.2306],[-51.2086,-1.2263],[-51.2177,-1.2272],[-51.2366,-1.2374],[-51.2714,-1.2241],[-51.2759,-1.2206],[-51.2736,-1.2167],[-51.256,-1.2005],[-51.2374,-1.1683],[-51.2164,-1.1076],[-51.2017,-1.1104],[-51.1901,-1.1174],[-51.1656,-1.1505]]]}},{"type":"Feature","properties":{"nome":"Mocajuba","cod":"1504604","uf":"PA"},"geometry":{"type":"Polygon","coordinates":[[[-49.2314,-2.413],[-49.2017,-2.4627],[-49.2045,-2.4754],[-49.2021,-2.4824],[-49.2187,-2.4903],[-49.2248,-2.5091],[-49.2435,-2.5229],[-49.2444,-2.524],[-49.2517,-2.5269],[-49.2609,-2.5221],[-49.2651,-2.5277],[-49.255,-2.5394],[-49.2658,-2.5426],[-49.2667,-2.5458],[-49.2603,-2.5524],[-49.2593,-2.5565],[-49.2647,-2.5597],[-49.2602,-2.5689],[-49.268,-2.5771],[-49.2698,-2.5846],[-49.2795,-2.5893],[-49.2804,-2.6085],[-49.2908,-2.6117],[-49.2918,-2.6243],[-49.3028,-2.6228],[-49.3015,-2.6346],[-49.3044,-2.6378],[-49.3096,-2.6341],[-49.3144,-2.6426],[-49.3108,-2.6681],[-49.3237,-2.6727],[-49.3328,-2.662],[-49.3406,-2.6628],[-49.3428,-2.6598],[-49.3381,-2.6449],[-49.3431,-2.6424],[-49.3468,-2.6418],[-49.3496,-2.6485],[-49.3471,-2.6566],[-49.3505,-2.6596],[-49.3572,-2.6566],[-49.36,-2.6594],[-49.3583,-2.6725],[-49.361,-2.6759],[-49.3652,-2.6745],[-49.3648,-2.6638],[-49.3861,-2.6636],[-49.486,-2.6628],[-49.5067,-2.6626],[-49.5864,-2.6626],[-49.5867,-2.6627],[-49.6762,-2.6631],[-49.6785,-2.6658],[-49.6764,-2.686],[-49.6869,-2.6717],[-49.6833,-2.6656],[-49.733,-2.6658],[-49.7379,-2.6658],[-49.7428,-2.654],[-49.7473,-2.6521],[-49.7526,-2.6347],[-49.7497,-2.6107],[-49.7417,-2.5964],[-49.7448,-2.5597],[-49.7444,-2.535],[-49.7269,-2.5445],[-49.7,-2.5443],[-49.696,-2.5496],[-49.6923,-2.5762],[-49.7014,-2.6101],[-49.7045,-2.6337],[-49.7024,-2.6379],[-49.6856,-2.6142],[-49.678,-2.6047],[-49.6724,-2.5845],[-49.6624,-2.5787],[-49.6557,-2.5683],[-49.6381,-2.5562],[-49.634,-2.5494],[-49.6205,-2.5487],[-49.6172,-2.5435],[-49.6096,-2.527],[-49.6006,-2.5259],[-49.589,-2.5161],[-49.5841,-2.5123],[-49.5796,-2.4911],[-49.5663,-2.4766],[-49.5646,-2.4666],[-49.5593,-2.4634],[-49.555,-2.4702],[-49.551,-2.4914],[-49.553,-2.5054],[-49.54,-2.5149],[-49.5373,-2.5136],[-49.5339,-2.5136],[-49.527,-2.5236],[-49.518,-2.5365],[-49.5203,-2.5474],[-49.5139,-2.5528],[-49.5069,-2.5522],[-49.4783,-2.5342],[-49.4621,-2.5668],[-49.4612,-2.5623],[-49.4467,-2.5429],[-49.4273,-2.5315],[-49.4103,-2.5322],[-49.3983,-2.5392],[-49.3921,-2.5365],[-49.3882,-2.5262],[-49.379,-2.5216],[-49.3713,-2.5132],[-49.3713,-2.4956],[-49.3501,-2.4602],[-49.3434,-2.4603],[-49.337,-2.4713],[-49.3258,-2.4655],[-49.3224,-2.4573],[-49.3164,-2.4626],[-49.2971,-2.4503],[-49.2314,-2.413]]]}},{"type":"Feature","properties":{"nome":"Moju","cod":"1504703","uf":"PA"},"geometry":{"type":"Polygon","coordinates":[[[-48.4378,-1.6619],[-48.4441,-1.6777],[-48.4431,-1.7124],[-48.4372,-1.744],[-48.4515,-1.772],[-48.4526,-1.8011],[-48.4667,-1.8205],[-48.4708,-1.8315],[-48.4645,-1.8753],[-48.4716,-1.893],[-48.4896,-1.9068],[-48.5029,-1.9287],[-48.511,-1.9511],[-48.5096,-1.9582],[-48.5096,-1.9585],[-48.5078,-1.9704],[-48.5106,-1.9776],[-48.5296,-1.9926],[-48.5423,-2.0214],[-48.5578,-2.0287],[-48.573,-2.0421],[-48.5849,-2.0461],[-48.591,-2.0647],[-48.5848,-2.076],[-48.5887,-2.0892],[-48.5967,-2.0999],[-48.6157,-2.111],[-48.6238,-2.1249],[-48.6233,-2.1421],[-48.6281,-2.1536],[-48.6611,-2.1681],[-48.6733,-2.1862],[-48.6845,-2.1944],[-48.6973,-2.1928],[-48.7124,-2.1988],[-48.713,-2.2076],[-48.7062,-2.2186],[-48.7093,-2.2364],[-48.724,-2.2586],[-48.7376,-2.2575],[-48.7461,-2.2611],[-48.7493,-2.2705],[-48.7473,-2.2871],[-48.7495,-2.2945],[-48.7609,-2.3059],[-48.7749,-2.3094],[-48.783,-2.3165],[-48.7896,-2.3305],[-48.7998,-2.3682],[-48.8094,-2.3877],[-48.8189,-2.3883],[-48.8385,-2.3793],[-48.8564,-2.3873],[-48.8689,-2.4397],[-48.868,-2.4691],[-48.8707,-2.4768],[-48.8743,-2.4853],[-48.878,-2.4995],[-48.8599,-2.5342],[-48.8588,-2.5727],[-48.8472,-2.5862],[-48.8278,-2.6012],[-48.824,-2.6172],[-48.8323,-2.6358],[-48.8531,-2.6442],[-48.862,-2.6669],[-48.8877,-2.6793],[-48.8999,-2.6921],[-48.915,-2.712],[-48.9392,-2.7298],[-48.948,-2.7583],[-48.9667,-2.7748],[-48.9766,-2.7869],[-48.9922,-2.7985],[-48.9863,-2.8092],[-48.9759,-2.8117],[-48.9742,-2.815],[-48.9778,-2.8254],[-48.9798,-2.8317],[-48.9877,-2.8377],[-49.0124,-2.8492],[-49.0244,-2.8511],[-49.0318,-2.8573],[-49.0304,-2.8861],[-49.037,-2.8995],[-49.0368,-2.9095],[-49.0247,-2.9123],[-49.0345,-2.9268],[-49.0256,-2.9352],[-49.0227,-2.945],[-49.0073,-2.9467],[-49.0038,-2.9505],[-49.0032,-2.9607],[-48.9915,-2.9772],[-48.9964,-3.0198],[-48.9901,-3.0629],[-48.9813,-3.07],[-48.9693,-3.0682],[-48.9653,-3.0771],[-48.9635,-3.0804],[-48.9469,-3.0856],[-48.9381,-3.1069],[-48.9189,-3.1077],[-48.9208,-3.1267],[-48.9117,-3.1441],[-48.9114,-3.1509],[-48.9647,-3.2118],[-48.9647,-3.2199],[-48.9622,-3.2242],[-48.9583,-3.2419],[-48.9567,-3.2821],[-48.9504,-3.2907],[-48.9527,-3.312],[-48.947,-3.3213],[-48.9463,-3.3407],[-48.9469,-3.3522],[-48.9405,-3.3671],[-48.9427,-3.3814],[-48.9379,-3.3856],[-48.9347,-3.4054],[-48.9329,-3.408],[-48.9255,-3.4067],[-48.9252,-3.4126],[-48.9637,-3.4122],[-49.1659,-3.4129],[-49.1687,-3.4129],[-49.407,-3.4145],[-49.4721,-3.4149],[-49.463,-3.3898],[-49.4644,-3.3823],[-49.46,-3.3673],[-49.4652,-3.3597],[-49.4812,-3.3558],[-49.484,-3.3521],[-49.4906,-3.3245],[-49.5061,-3.3051],[-49.5056,-3.2891],[-49.5228,-3.2601],[-49.5236,-3.2517],[-49.5319,-3.1961],[-49.5251,-3.1706],[-49.542,-3.1653],[-49.5476,-3.1591],[-49.5577,-3.1281],[-49.5634,-3.1203],[-49.6158,-3.0884],[-49.629,-3.0491],[-49.6237,-3.0269],[-49.623,-3.0005],[-49.6097,-2.988],[-49.6068,-2.9794],[-49.5876,-2.9675],[-49.5621,-2.9391],[-49.5337,-2.9312],[-49.4954,-2.9261],[-49.4876,-2.9215],[-49.473,-2.9013],[-49.4532,-2.8911],[-49.4492,-2.8697],[-49.4649,-2.8573],[-49.4668,-2.8174],[-49.4613,-2.7987],[-49.4691,-2.7875],[-49.4676,-2.7459],[-49.4609,-2.7347],[-49.4369,-2.7143],[-49.4251,-2.7121],[-49.3991,-2.7146],[-49.3918,-2.7026],[-49.3924,-2.6883],[-49.3861,-2.6825],[-49.3861,-2.6636],[-49.3648,-2.6638],[-49.3652,-2.6745],[-49.361,-2.6759],[-49.3583,-2.6725],[-49.36,-2.6594],[-49.3572,-2.6566],[-49.3505,-2.6596],[-49.3471,-2.6566],[-49.3496,-2.6485],[-49.3468,-2.6418],[-49.3431,-2.6424],[-49.3381,-2.6449],[-49.3428,-2.6598],[-49.3406,-2.6628],[-49.3328,-2.662],[-49.3237,-2.6727],[-49.3108,-2.6681],[-49.3144,-2.6426],[-49.3096,-2.6341],[-49.3044,-2.6378],[-49.3015,-2.6346],[-49.3028,-2.6228],[-49.2918,-2.6243],[-49.2908,-2.6117],[-49.2804,-2.6085],[-49.2795,-2.5893],[-49.2698,-2.5846],[-49.268,-2.5771],[-49.2602,-2.5689],[-49.2647,-2.5597],[-49.2593,-2.5565],[-49.2603,-2.5524],[-49.2667,-2.5458],[-49.2658,-2.5426],[-49.255,-2.5394],[-49.2651,-2.5277],[-49.2609,-2.5221],[-49.2517,-2.5269],[-49.2444,-2.524],[-49.2435,-2.5229],[-49.2248,-2.5091],[-49.2187,-2.4903],[-49.2021,-2.4824],[-49.2045,-2.4754],[-49.2017,-2.4627],[-49.2314,-2.413],[-49.2289,-2.4112],[-49.189,-2.3837],[-49.1843,-2.3773],[-49.1713,-2.3767],[-49.1663,-2.3707],[-49.1593,-2.3686],[-49.1577,-2.3477],[-49.1469,-2.3318],[-49.136,-2.317],[-49.1179,-2.3137],[-49.1084,-2.3011],[-49.1019,-2.273],[-49.1033,-2.2627],[-49.0902,-2.2406],[-49.0491,-2.2161],[-49.0258,-2.2164],[-49.0123,-2.198],[-48.9879,-2.1839],[-48.969,-2.164],[-48.9557,-2.1515],[-48.9512,-2.141],[-48.9486,-2.098],[-48.9602,-2.0801],[-48.9639,-2.0645],[-48.9253,-2.0212],[-48.9013,-2.0059],[-48.8801,-1.997],[-48.8743,-1.9938],[-48.8847,-1.9719],[-48.8958,-1.9605],[-48.9053,-1.9562],[-48.821,-1.8984],[-48.7841,-1.8731],[-48.7515,-1.8508],[-48.7509,-1.8503],[-48.6713,-1.7958],[-48.6368,-1.7722],[-48.5573,-1.7177],[-48.53,-1.699],[-48.5316,-1.6862],[-48.5224,-1.6751],[-48.5158,-1.6732],[-48.4895,-1.6763],[-48.4713,-1.6628],[-48.4467,-1.6591],[-48.4411,-1.6555],[-48.4378,-1.6619]]]}},{"type":"Feature","properties":{"nome":"Monte Alegre","cod":"1504802","uf":"PA"},"geometry":{"type":"Polygon","coordinates":[[[-54.8539,0.3595],[-54.8453,0.3552],[-54.8392,0.3598],[-54.8333,0.3557],[-54.8133,0.358],[-54.8016,0.3507],[-54.7964,0.3299],[-54.7786,0.3263],[-54.7447,0.3047],[-54.7052,0.2624],[-54.6882,0.2503],[-54.6838,0.2452],[-54.6808,0.2112],[-54.6609,0.192],[-54.6533,0.1581],[-54.6402,0.134],[-54.6221,0.129],[-54.6101,0.1378],[-54.6017,0.1386],[-54.5706,0.1116],[-54.5591,0.1033],[-54.5481,0.1015],[-54.5303,0.0848],[-54.5276,0.0874],[-54.4997,0.0878],[-54.4345,0.0842],[-54.4311,0.0772],[-54.4443,0.0646],[-54.4443,0.0602],[-54.442,0.0514],[-54.4219,0.0451],[-54.4039,0.0342],[-54.3949,0.019],[-54.3874,-0.0076],[-54.39,-0.0518],[-54.3974,-0.0692],[-54.4141,-0.075],[-54.4328,-0.0666],[-54.4332,-0.0811],[-54.4261,-0.0958],[-54.4307,-0.1049],[-54.4231,-0.1113],[-54.4326,-0.1346],[-54.4308,-0.1396],[-54.4011,-0.146],[-54.3914,-0.1667],[-54.3819,-0.1699],[-54.3757,-0.1803],[-54.3666,-0.2148],[-54.368,-0.223],[-54.3786,-0.2336],[-54.3904,-0.256],[-54.3742,-0.2681],[-54.3671,-0.2803],[-54.3594,-0.2829],[-54.3496,-0.2983],[-54.3507,-0.3128],[-54.3469,-0.321],[-54.3307,-0.3265],[-54.324,-0.336],[-54.3186,-0.3573],[-54.3282,-0.3954],[-54.3203,-0.4042],[-54.3233,-0.419],[-54.3206,-0.4235],[-54.3306,-0.4373],[-54.3432,-0.445],[-54.3464,-0.4522],[-54.3462,-0.4703],[-54.3194,-0.4704],[-54.2708,-0.4905],[-54.2507,-0.4813],[-54.2327,-0.4777],[-54.2183,-0.4884],[-54.2134,-0.5181],[-54.1829,-0.5347],[-54.1773,-0.5511],[-54.1807,-0.5887],[-54.176,-0.5993],[-54.1677,-0.5957],[-54.1544,-0.5818],[-54.1233,-0.5852],[-54.1225,-0.5938],[-54.1354,-0.6128],[-54.1293,-0.6176],[-54.0876,-0.6082],[-54.0755,-0.6132],[-54.0663,-0.6287],[-54.0456,-0.6249],[-54.0251,-0.6292],[-54.0288,-0.6618],[-54.0342,-0.6698],[-54.0379,-0.6895],[-54.0469,-0.7073],[-54.0474,-0.7223],[-54.056,-0.7291],[-54.0592,-0.7572],[-54.0687,-0.7798],[-54.0883,-0.7979],[-54.1048,-0.8044],[-54.1039,-0.8114],[-54.1212,-0.8247],[-54.1242,-0.8343],[-54.1209,-0.8488],[-54.1029,-0.871],[-54.0887,-0.8693],[-54.084,-0.8722],[-54.0775,-0.8892],[-54.0397,-0.8984],[-54.0242,-0.9111],[-54.0141,-0.9227],[-54.0031,-0.944],[-53.9589,-0.9942],[-53.9436,-1.0361],[-53.902,-1.048],[-53.8954,-1.0539],[-53.8923,-1.0716],[-53.903,-1.0926],[-53.8989,-1.1242],[-53.8905,-1.1523],[-53.8924,-1.165],[-53.8786,-1.2046],[-53.8543,-1.2436],[-53.8577,-1.2631],[-53.8794,-1.2847],[-53.8812,-1.2923],[-53.8756,-1.3051],[-53.8296,-1.3403],[-53.8206,-1.3601],[-53.8162,-1.3787],[-53.8276,-1.4381],[-53.8467,-1.4537],[-53.8548,-1.4705],[-53.8846,-1.5071],[-53.8845,-1.5551],[-53.8769,-1.5773],[-53.8702,-1.5813],[-53.8635,-1.59],[-53.8635,-1.611],[-53.8917,-1.6261],[-53.898,-1.6383],[-53.9262,-1.6439],[-53.9249,-1.6702],[-53.9034,-1.6866],[-53.885,-1.6813],[-53.8741,-1.6855],[-53.867,-1.6928],[-53.8608,-1.6941],[-53.8479,-1.69],[-53.8325,-1.695],[-53.8138,-1.7039],[-53.8124,-1.7094],[-53.7954,-1.714],[-53.7906,-1.724],[-53.8641,-1.8305],[-53.8646,-1.8312],[-53.9179,-1.9092],[-53.8967,-1.8975],[-53.8643,-1.896],[-53.8336,-1.8846],[-53.8021,-1.8825],[-53.7931,-1.8838],[-53.7887,-1.8883],[-53.7858,-1.8946],[-53.7867,-1.9124],[-53.7999,-1.9337],[-53.846,-1.9632],[-53.9115,-1.9964],[-53.9578,-2.0267],[-53.9985,-2.0699],[-54.0164,-2.0809],[-54.0357,-2.1122],[-54.0354,-2.1665],[-54.0386,-2.2037],[-54.0487,-2.2331],[-54.0696,-2.2719],[-54.0928,-2.3071],[-54.1148,-2.3334],[-54.1218,-2.3402],[-54.1674,-2.3704],[-54.2654,-2.4151],[-54.2897,-2.4061],[-54.3281,-2.3988],[-54.3643,-2.3402],[-54.369,-2.3329],[-54.435,-2.23],[-54.471,-2.1741],[-54.5118,-2.109],[-54.5044,-2.1157],[-54.4986,-2.1162],[-54.4875,-2.1092],[-54.5088,-2.074],[-54.5232,-2.0683],[-54.5346,-2.0587],[-54.5321,-2.0478],[-54.5166,-2.0367],[-54.512,-2.0257],[-54.494,-2.0169],[-54.4834,-1.9982],[-54.4722,-1.9633],[-54.4758,-1.9575],[-54.4779,-1.9499],[-54.4924,-1.952],[-54.5094,-1.9344],[-54.5267,-1.9321],[-54.5543,-1.9014],[-54.5475,-1.8873],[-54.5629,-1.8831],[-54.5792,-1.8862],[-54.5868,-1.8845],[-54.5979,-1.889],[-54.6104,-1.8819],[-54.6216,-1.8885],[-54.6367,-1.8535],[-54.6432,-1.8524],[-54.6602,-1.8604],[-54.6647,-1.8585],[-54.6663,-1.8416],[-54.6726,-1.8337],[-54.6761,-1.8334],[-54.6865,-1.8455],[-54.6936,-1.8459],[-54.6986,-1.8431],[-54.7145,-1.8435],[-54.7256,-1.8258],[-54.7452,-1.8195],[-54.7574,-1.8042],[-54.7418,-1.7823],[-54.751,-1.7625],[-54.7507,-1.7549],[-54.7443,-1.7485],[-54.7336,-1.7453],[-54.7311,-1.7333],[-54.7338,-1.7281],[-54.7556,-1.7132],[-54.7562,-1.7081],[-54.7468,-1.6982],[-54.7086,-1.7008],[-54.7086,-1.6877],[-54.6954,-1.6843],[-54.6863,-1.681],[-54.6854,-1.6761],[-54.6885,-1.6705],[-54.6964,-1.6692],[-54.6991,-1.6655],[-54.699,-1.659],[-54.6936,-1.6501],[-54.6945,-1.6412],[-54.6676,-1.6371],[-54.6525,-1.6308],[-54.6552,-1.6191],[-54.6419,-1.623],[-54.6203,-1.6124],[-54.6097,-1.6169],[-54.5894,-1.6102],[-54.5659,-1.5941],[-54.5607,-1.5924],[-54.5576,-1.5862],[-54.5761,-1.5662],[-54.5644,-1.5534],[-54.5596,-1.5276],[-54.5537,-1.5205],[-54.5628,-1.5018],[-54.5718,-1.4951],[-54.5773,-1.4808],[-54.5868,-1.4788],[-54.5932,-1.4839],[-54.6115,-1.4735],[-54.6277,-1.4423],[-54.6404,-1.4422],[-54.6448,-1.4291],[-54.6298,-1.4019],[-54.6454,-1.3951],[-54.6361,-1.3845],[-54.6357,-1.3607],[-54.6237,-1.3367],[-54.6268,-1.3323],[-54.638,-1.3344],[-54.6411,-1.3297],[-54.6345,-1.3108],[-54.6303,-1.3078],[-54.6296,-1.303],[-54.6347,-1.2965],[-54.6247,-1.2812],[-54.6256,-1.2645],[-54.6236,-1.2559],[-54.6152,-1.2522],[-54.6115,-1.2466],[-54.6179,-1.2333],[-54.6069,-1.2278],[-54.6093,-1.2185],[-54.6139,-1.2176],[-54.6248,-1.2246],[-54.6245,-1.2359],[-54.6358,-1.2452],[-54.6471,-1.2403],[-54.6707,-1.2493],[-54.6753,-1.2471],[-54.6772,-1.2385],[-54.6822,-1.2407],[-54.6852,-1.2378],[-54.6882,-1.2221],[-54.6938,-1.2184],[-54.6919,-1.2117],[-54.6947,-1.2011],[-54.6915,-1.1942],[-54.6982,-1.1784],[-54.6861,-1.1573],[-54.6855,-1.1561],[-54.6841,-1.1343],[-54.6773,-1.1246],[-54.6813,-1.1218],[-54.6918,-1.1254],[-54.6973,-1.1206],[-54.6901,-1.1115],[-54.6878,-1.0934],[-54.6905,-1.0892],[-54.7019,-1.0865],[-54.7003,-1.0744],[-54.6965,-1.0683],[-54.6753,-1.0789],[-54.67,-1.0782],[-54.6625,-1.0641],[-54.665,-1.0588],[-54.6764,-1.0605],[-54.6754,-1.0556],[-54.6759,-1.0454],[-54.67,-1.0477],[-54.6625,-1.0394],[-54.6681,-1.0284],[-54.659,-1.0171],[-54.6536,-1.0201],[-54.648,-1.0077],[-54.6447,-1.0092],[-54.6427,-1.0211],[-54.6318,-1.0166],[-54.6255,-1.0219],[-54.6178,-1.0157],[-54.6151,-1.0085],[-54.6233,-0.9999],[-54.6168,-0.991],[-54.6011,-0.9475],[-54.6048,-0.8814],[-54.6202,-0.8605],[-54.6283,-0.8574],[-54.6416,-0.86],[-54.6467,-0.8578],[-54.6482,-0.8202],[-54.6567,-0.7991],[-54.6472,-0.7892],[-54.6458,-0.7805],[-54.6618,-0.7764],[-54.6764,-0.7635],[-54.6854,-0.7342],[-54.6799,-0.7045],[-54.6823,-0.7011],[-54.6956,-0.706],[-54.6881,-0.687],[-54.6817,-0.6458],[-54.6754,-0.6338],[-54.6767,-0.6211],[-54.6933,-0.6031],[-54.7162,-0.594],[-54.7255,-0.5815],[-54.7338,-0.5796],[-54.7545,-0.5655],[-54.7926,-0.5192],[-54.7973,-0.5094],[-54.7991,-0.4795],[-54.8107,-0.4583],[-54.8151,-0.4418],[-54.8194,-0.4415],[-54.8264,-0.4485],[-54.8304,-0.4478],[-54.8143,-0.4048],[-54.8174,-0.3828],[-54.8332,-0.3667],[-54.8415,-0.3657],[-54.8514,-0.3736],[-54.8573,-0.3736],[-54.8647,-0.3625],[-54.8718,-0.3253],[-54.8886,-0.3096],[-54.8949,-0.2832],[-54.9104,-0.2852],[-54.9169,-0.283],[-54.9252,-0.2537],[-54.9149,-0.2224],[-54.9164,-0.2108],[-54.9216,-0.204],[-54.9238,-0.1657],[-54.9148,-0.1387],[-54.91,-0.0977],[-54.8993,-0.0975],[-54.8953,-0.0862],[-54.887,-0.0799],[-54.8694,-0.0534],[-54.8691,-0.0169],[-54.8591,-0.0031],[-54.851,0.0215],[-54.8518,0.0278],[-54.8674,0.0276],[-54.8797,0.0344],[-54.8898,0.0495],[-54.9029,0.0975],[-54.9183,0.1191],[-54.9311,0.1246],[-54.9252,0.1421],[-54.9029,0.1764],[-54.9085,0.2114],[-54.8996,0.2503],[-54.9004,0.284],[-54.9075,0.3184],[-54.9044,0.3286],[-54.8726,0.3508],[-54.8616,0.3729],[-54.8539,0.3595]]]}},{"type":"Feature","properties":{"nome":"Muaná","cod":"1504901","uf":"PA"},"geometry":{"type":"Polygon","coordinates":[[[-49.4171,-0.914],[-49.4144,-0.9195],[-49.3936,-0.9319],[-49.3571,-0.9283],[-49.3372,-0.9319],[-49.3284,-0.9373],[-49.3268,-0.942],[-49.3262,-0.9713],[-49.2785,-0.9842],[-49.2196,-1.0],[-49.2146,-1.0169],[-49.1983,-1.0259],[-49.1996,-1.0485],[-49.1764,-1.0625],[-49.1823,-1.073],[-49.185,-1.0717],[-49.1907,-1.0928],[-49.1992,-1.0936],[-49.2068,-1.1],[-49.2124,-1.107],[-49.2132,-1.1166],[-49.1949,-1.1325],[-49.1988,-1.1443],[-49.1936,-1.156],[-49.181,-1.1592],[-49.1684,-1.1547],[-49.1653,-1.156],[-49.1502,-1.1699],[-49.1461,-1.19],[-49.136,-1.2001],[-49.1291,-1.2005],[-49.1242,-1.2073],[-49.1143,-1.2401],[-49.1028,-1.2369],[-49.1011,-1.2399],[-49.104,-1.2458],[-49.0947,-1.253],[-49.0942,-1.257],[-49.1014,-1.2714],[-49.0962,-1.2782],[-49.0904,-1.2773],[-49.0885,-1.2801],[-49.0952,-1.2903],[-49.0973,-1.3029],[-49.1089,-1.3111],[-49.1047,-1.3174],[-49.1074,-1.3204],[-49.1056,-1.3234],[-49.1009,-1.3243],[-49.1059,-1.3288],[-49.1058,-1.3408],[-49.1097,-1.3457],[-49.1043,-1.3531],[-49.0955,-1.3565],[-49.0954,-1.3603],[-49.1043,-1.3673],[-49.1093,-1.3768],[-49.1433,-1.3896],[-49.1425,-1.4037],[-49.1501,-1.4079],[-49.1509,-1.4118],[-49.1417,-1.4142],[-49.1284,-1.4018],[-49.1146,-1.3999],[-49.1023,-1.383],[-49.1,-1.3948],[-49.102,-1.4036],[-48.9984,-1.4789],[-48.9901,-1.4838],[-48.9799,-1.486],[-48.9773,-1.4838],[-48.9709,-1.4874],[-48.9636,-1.5238],[-48.9472,-1.5506],[-49.0074,-1.5707],[-49.0265,-1.5829],[-49.0401,-1.5988],[-49.0491,-1.6032],[-49.0564,-1.606],[-49.0653,-1.6129],[-49.0747,-1.6222],[-49.0793,-1.627],[-49.1015,-1.6537],[-49.1257,-1.6799],[-49.1344,-1.6869],[-49.1541,-1.7014],[-49.1713,-1.7158],[-49.1795,-1.7133],[-49.2159,-1.7058],[-49.2437,-1.7056],[-49.3008,-1.7026],[-49.3542,-1.7073],[-49.3849,-1.713],[-49.4154,-1.7185],[-49.4298,-1.6894],[-49.4371,-1.6817],[-49.4484,-1.6536],[-49.4637,-1.6407],[-49.4977,-1.6143],[-49.5015,-1.6065],[-49.4967,-1.5899],[-49.501,-1.5706],[-49.5012,-1.5488],[-49.5014,-1.5443],[-49.5041,-1.5243],[-49.5042,-1.5196],[-49.4965,-1.5095],[-49.4963,-1.5],[-49.5038,-1.4946],[-49.5201,-1.4946],[-49.519,-1.4844],[-49.5229,-1.4735],[-49.5179,-1.4659],[-49.5194,-1.4554],[-49.4999,-1.4317],[-49.5009,-1.428],[-49.4959,-1.4208],[-49.5011,-1.4015],[-49.5101,-1.397],[-49.527,-1.4017],[-49.5385,-1.3923],[-49.544,-1.3794],[-49.5553,-1.3759],[-49.5665,-1.3794],[-49.57,-1.3754],[-49.5841,-1.366],[-49.6002,-1.3678],[-49.6021,-1.359],[-49.6141,-1.3595],[-49.6229,-1.3459],[-49.6178,-1.3336],[-49.5897,-1.3319],[-49.5873,-1.3265],[-49.5262,-1.1877],[-49.5144,-1.1343],[-49.5067,-1.1133],[-49.5101,-1.0857],[-49.5058,-1.0683],[-49.4997,-1.0634],[-49.4848,-1.0607],[-49.4695,-1.0534],[-49.4667,-1.0501],[-49.4818,-1.0429],[-49.4813,-1.0276],[-49.4934,-1.0211],[-49.5011,-1.0116],[-49.5205,-1.0121],[-49.5331,-1.0048],[-49.5461,-1.0122],[-49.5498,-0.9955],[-49.5439,-0.9873],[-49.5379,-0.9883],[-49.5369,-0.976],[-49.5338,-0.976],[-49.5304,-0.9699],[-49.5323,-0.9667],[-49.5258,-0.9666],[-49.5161,-0.9781],[-49.5043,-0.9834],[-49.4896,-0.9849],[-49.4849,-0.9896],[-49.4788,-0.9891],[-49.4721,-0.9714],[-49.4518,-0.9684],[-49.448,-0.9645],[-49.4447,-0.9556],[-49.4485,-0.9561],[-49.4463,-0.949],[-49.4521,-0.9473],[-49.4494,-0.9416],[-49.4517,-0.9353],[-49.4428,-0.9246],[-49.4452,-0.9228],[-49.436,-0.9132],[-49.4299,-0.915],[-49.4216,-0.9102],[-49.4171,-0.914]]]}},{"type":"Feature","properties":{"nome":"Nova Esperança do Piriá","cod":"1504950","uf":"PA"},"geometry":{"type":"Polygon","coordinates":[[[-46.7025,-2.1005],[-46.6065,-2.2369],[-46.6051,-2.2228],[-46.5849,-2.2533],[-46.5848,-2.2533],[-46.5,-2.3812],[-46.4397,-2.4124],[-46.4375,-2.4412],[-46.4393,-2.448],[-46.4363,-2.4588],[-46.4315,-2.4599],[-46.4361,-2.4703],[-46.4444,-2.4636],[-46.4526,-2.4632],[-46.4793,-2.4812],[-46.4866,-2.5046],[-46.4894,-2.5056],[-46.4943,-2.4947],[-46.5032,-2.4948],[-46.5141,-2.5062],[-46.5211,-2.5073],[-46.5307,-2.4977],[-46.5349,-2.5028],[-46.541,-2.5039],[-46.5403,-2.4973],[-46.5441,-2.4961],[-46.5707,-2.4957],[-46.5861,-2.4866],[-46.5888,-2.4894],[-46.5957,-2.4878],[-46.6007,-2.478],[-46.612,-2.4801],[-46.6285,-2.4724],[-46.6339,-2.4744],[-46.6405,-2.4686],[-46.6374,-2.4671],[-46.6405,-2.4611],[-46.6493,-2.4611],[-46.6679,-2.4492],[-46.6722,-2.4401],[-46.6759,-2.4416],[-46.6912,-2.4345],[-46.7141,-2.4309],[-46.7306,-2.4163],[-46.7469,-2.4129],[-46.7742,-2.4102],[-46.8279,-2.4175],[-46.8298,-2.4182],[-46.8388,-2.4232],[-46.8596,-2.4168],[-46.8647,-2.4194],[-46.8865,-2.4171],[-46.9088,-2.4219],[-46.975,-2.4748],[-47.0045,-2.4873],[-47.0106,-2.4871],[-47.0267,-2.4967],[-47.0427,-2.5284],[-47.0497,-2.5316],[-47.0476,-2.5456],[-47.0506,-2.554],[-47.0448,-2.5734],[-47.0554,-2.6043],[-47.0569,-2.6185],[-47.3915,-2.8894],[-47.3909,-2.8701],[-47.4064,-2.8271],[-47.3987,-2.8097],[-47.3938,-2.8084],[-47.3889,-2.8139],[-47.3856,-2.8106],[-47.3834,-2.7989],[-47.3987,-2.7911],[-47.4,-2.7873],[-47.3905,-2.7676],[-47.3904,-2.7488],[-47.3672,-2.705],[-47.3662,-2.6933],[-47.3692,-2.6859],[-47.3631,-2.6757],[-47.3542,-2.6736],[-47.3453,-2.6633],[-47.3179,-2.6611],[-47.3105,-2.6527],[-47.3174,-2.6384],[-47.3383,-2.6137],[-47.3363,-2.5953],[-47.3289,-2.5855],[-47.3291,-2.5787],[-47.3369,-2.576],[-47.3235,-2.5705],[-47.3152,-2.5735],[-47.2979,-2.5731],[-47.2841,-2.5636],[-47.2701,-2.5683],[-47.2593,-2.5574],[-47.2528,-2.5624],[-47.2501,-2.5773],[-47.238,-2.5882],[-47.2242,-2.5881],[-47.2134,-2.5929],[-47.1907,-2.5894],[-47.1755,-2.5763],[-47.1565,-2.5724],[-47.1451,-2.554],[-47.1097,-2.5534],[-47.0941,-2.5446],[-47.0928,-2.5415],[-47.0994,-2.5357],[-47.1025,-2.527],[-47.0874,-2.5043],[-47.0868,-2.4946],[-47.0895,-2.4729],[-47.1058,-2.4526],[-47.1124,-2.4337],[-47.113,-2.4262],[-47.1074,-2.4116],[-47.1111,-2.4015],[-47.1003,-2.38],[-47.1022,-2.3572],[-47.0914,-2.3509],[-47.0775,-2.3525],[-47.0705,-2.3483],[-47.0734,-2.3413],[-47.0821,-2.3354],[-47.0775,-2.3232],[-47.0676,-2.3191],[-47.052,-2.3127],[-47.0468,-2.3042],[-47.0396,-2.3078],[-47.0327,-2.2897],[-47.0008,-2.2789],[-46.9756,-2.2557],[-46.9773,-2.2468],[-46.9745,-2.2413],[-46.9639,-2.2433],[-46.9519,-2.2478],[-46.9328,-2.222],[-46.9241,-2.218],[-46.9169,-2.2203],[-46.9078,-2.2061],[-46.8991,-2.2138],[-46.8943,-2.2138],[-46.8872,-2.2062],[-46.8888,-2.1882],[-46.8971,-2.178],[-46.8944,-2.1721],[-46.8951,-2.1662],[-46.9043,-2.1561],[-46.8899,-2.155],[-46.8717,-2.133],[-46.8657,-2.1199],[-46.8691,-2.1011],[-46.8653,-2.0833],[-46.8504,-2.0633],[-46.8479,-2.0171],[-46.8516,-1.9688],[-46.8479,-1.9423],[-46.8563,-1.9316],[-46.8586,-1.9221],[-46.8574,-1.9139],[-46.8459,-1.9022],[-46.844,-1.8994],[-46.8299,-1.9195],[-46.7029,-2.1],[-46.7025,-2.1005]]]}},{"type":"Feature","properties":{"nome":"Nova Ipixuna","cod":"1504976","uf":"PA"},"geometry":{"type":"Polygon","coordinates":[[[-49.4047,-4.7335],[-49.3968,-4.7403],[-49.3904,-4.7369],[-49.3747,-4.7423],[-49.3376,-4.7215],[-49.3239,-4.7065],[-49.3073,-4.7079],[-49.299,-4.7049],[-49.2802,-4.7079],[-49.2693,-4.7206],[-49.2514,-4.7474],[-49.2378,-4.7793],[-49.229,-4.8215],[-49.2068,-4.8371],[-49.2023,-4.8455],[-49.2148,-4.8591],[-49.2295,-4.8617],[-49.2237,-4.8659],[-49.2049,-4.8633],[-49.1946,-4.8477],[-49.1794,-4.8337],[-49.1616,-4.8367],[-49.1471,-4.8333],[-49.1277,-4.8443],[-49.0746,-4.847],[-49.053,-4.8543],[-49.038,-4.8532],[-49.021,-4.8395],[-49.0,-4.8326],[-49.0,-4.8327],[-48.9999,-4.9066],[-49.0191,-4.9121],[-49.0326,-4.9189],[-49.0399,-4.94],[-49.051,-4.9444],[-49.0576,-4.9599],[-49.0538,-4.9772],[-49.0574,-4.9855],[-49.0653,-4.995],[-49.0753,-4.9923],[-49.0761,-4.9916],[-49.081,-4.9923],[-49.0817,-5.0121],[-49.1011,-5.0231],[-49.1025,-5.0284],[-49.103,-5.031],[-49.1085,-5.0353],[-49.1104,-5.0492],[-49.1156,-5.0578],[-49.1391,-5.0753],[-49.1418,-5.081],[-49.136,-5.1003],[-49.1394,-5.1083],[-49.1341,-5.1289],[-49.1416,-5.1339],[-49.1458,-5.1428],[-49.1434,-5.1559],[-49.152,-5.1793],[-49.1471,-5.1874],[-49.1501,-5.1986],[-49.1472,-5.2181],[-49.1642,-5.2569],[-49.1572,-5.2685],[-49.1476,-5.2748],[-49.1316,-5.2722],[-49.1284,-5.2749],[-49.1283,-5.2843],[-49.1328,-5.293],[-49.1454,-5.3114],[-49.1618,-5.3179],[-49.1672,-5.3345],[-49.1714,-5.3385],[-49.1826,-5.3363],[-49.2044,-5.3116],[-49.2226,-5.2976],[-49.2394,-5.2899],[-49.311,-5.1929],[-49.3179,-5.1636],[-49.3182,-5.1362],[-49.318,-5.1219],[-49.3206,-5.0987],[-49.3186,-5.0801],[-49.3275,-5.0401],[-49.3279,-5.0079],[-49.3278,-5.0006],[-49.3197,-4.9825],[-49.3298,-4.9699],[-49.3662,-4.9146],[-49.4061,-4.9016],[-49.4089,-4.8752],[-49.4061,-4.8493],[-49.4123,-4.821],[-49.4258,-4.7852],[-49.4243,-4.7248],[-49.4176,-4.6868],[-49.41,-4.6935],[-49.4088,-4.7068],[-49.3968,-4.7146],[-49.4047,-4.7335]]]}},{"type":"Feature","properties":{"nome":"Nova Timboteua","cod":"1505007","uf":"PA"},"geometry":{"type":"Polygon","coordinates":[[[-47.2852,-0.9866],[-47.2996,-1.0081],[-47.3009,-1.0207],[-47.3202,-1.0302],[-47.3233,-1.0399],[-47.322,-1.05],[-47.3219,-1.0533],[-47.3191,-1.0667],[-47.3372,-1.0892],[-47.3448,-1.1069],[-47.3437,-1.1958],[-47.3437,-1.1962],[-47.3426,-1.2867],[-47.3676,-1.3113],[-47.4013,-1.3444],[-47.4271,-1.3697],[-47.4299,-1.3454],[-47.4229,-1.3165],[-47.423,-1.3138],[-47.4238,-1.3098],[-47.4262,-1.3032],[-47.4377,-1.2921],[-47.4537,-1.2859],[-47.4608,-1.2783],[-47.4609,-1.2781],[-47.4806,-1.2638],[-47.4821,-1.2543],[-47.4955,-1.2365],[-47.4962,-1.2307],[-47.4924,-1.2309],[-47.4892,-1.2254],[-47.493,-1.2245],[-47.4929,-1.2214],[-47.4898,-1.221],[-47.486,-1.2103],[-47.4804,-1.1998],[-47.4753,-1.2027],[-47.4721,-1.1901],[-47.4765,-1.1859],[-47.468,-1.1763],[-47.4689,-1.1704],[-47.4616,-1.1665],[-47.4649,-1.1629],[-47.4663,-1.1618],[-47.4615,-1.1584],[-47.455,-1.1592],[-47.4557,-1.1533],[-47.4524,-1.1536],[-47.4519,-1.1498],[-47.4569,-1.1386],[-47.4556,-1.132],[-47.4492,-1.132],[-47.4487,-1.1225],[-47.4429,-1.1202],[-47.4454,-1.1138],[-47.439,-1.1115],[-47.4433,-1.1074],[-47.4269,-1.0904],[-47.4308,-1.086],[-47.4291,-1.0821],[-47.4242,-1.0794],[-47.4277,-1.0738],[-47.4254,-1.072],[-47.4193,-1.0788],[-47.4166,-1.0763],[-47.4213,-1.0656],[-47.4118,-1.0642],[-47.4151,-1.0561],[-47.4086,-1.0494],[-47.4126,-1.0454],[-47.42,-1.0444],[-47.4193,-1.0415],[-47.4108,-1.0379],[-47.4118,-1.0304],[-47.409,-1.0292],[-47.4051,-1.0345],[-47.4007,-1.0322],[-47.4002,-1.0284],[-47.4047,-1.0243],[-47.4008,-1.0126],[-47.4047,-1.0044],[-47.4104,-1.0066],[-47.412,-1.0034],[-47.4082,-1.0006],[-47.4082,-0.9886],[-47.4025,-0.9768],[-47.3925,-0.9761],[-47.3104,-0.9699],[-47.294,-0.9687],[-47.2845,-0.9782],[-47.2852,-0.9866]]]}},{"type":"Feature","properties":{"nome":"Novo Progresso","cod":"1505031","uf":"PA"},"geometry":{"type":"Polygon","coordinates":[[[-55.7146,-6.3182],[-55.6958,-6.3454],[-55.6715,-6.3628],[-55.6585,-6.3786],[-55.6329,-6.3885],[-55.6239,-6.3833],[-55.6174,-6.386],[-55.6167,-6.3919],[-55.5929,-6.386],[-55.5787,-6.39],[-55.5696,-6.3918],[-55.5435,-6.404],[-55.5359,-6.4034],[-55.5289,-6.409],[-55.5214,-6.4034],[-55.5116,-6.4067],[-55.5035,-6.4253],[-55.5011,-6.4275],[-55.4983,-6.4214],[-55.4919,-6.4294],[-55.4874,-6.4418],[-55.4895,-6.4513],[-55.4841,-6.4549],[-55.4526,-6.4598],[-55.4461,-6.4661],[-55.4421,-6.4636],[-55.4248,-6.4658],[-55.4145,-6.4712],[-55.4062,-6.4833],[-55.3874,-6.4946],[-55.3755,-6.497],[-55.3732,-6.5062],[-55.359,-6.5189],[-55.3469,-6.5222],[-55.3305,-6.5354],[-55.3213,-6.5493],[-55.3113,-6.5531],[-55.2991,-6.5771],[-55.2826,-6.5818],[-55.2757,-6.6183],[-55.2613,-6.6297],[-55.2575,-6.6422],[-55.2533,-6.6459],[-55.2498,-6.6479],[-55.2394,-6.6421],[-55.231,-6.6434],[-55.2255,-6.6403],[-55.2131,-6.642],[-55.2056,-6.6865],[-55.1898,-6.6945],[-55.1905,-6.7193],[-55.1966,-6.7461],[-55.1954,-6.7573],[-55.2036,-6.7733],[-55.2094,-6.7766],[-55.2072,-6.7885],[-55.2025,-6.7932],[-55.2061,-6.8083],[-55.2029,-6.8394],[-55.2083,-6.8467],[-55.2202,-6.8472],[-55.209,-6.8683],[-55.1977,-6.8773],[-55.1934,-6.8907],[-55.2014,-6.8903],[-55.2044,-6.8918],[-55.2014,-6.8987],[-55.2222,-6.9049],[-55.2294,-6.9235],[-55.2354,-6.9281],[-55.2313,-6.9496],[-55.2263,-6.9559],[-55.2257,-6.9715],[-55.2496,-6.9744],[-55.2513,-6.9787],[-55.2462,-6.9903],[-55.2507,-7.0033],[-55.2447,-7.0267],[-55.2379,-7.0361],[-55.2229,-7.0398],[-55.2226,-7.0437],[-55.2246,-7.0493],[-55.243,-7.0604],[-55.2489,-7.0989],[-55.2392,-7.1121],[-55.2524,-7.1623],[-55.2387,-7.1759],[-55.2349,-7.1861],[-55.235,-7.1944],[-55.2447,-7.2181],[-55.232,-7.2222],[-55.2134,-7.2197],[-55.2088,-7.2258],[-55.2111,-7.2362],[-55.1991,-7.2449],[-55.1974,-7.2496],[-55.2032,-7.2614],[-55.1987,-7.2679],[-55.1969,-7.2984],[-55.2083,-7.3094],[-55.2098,-7.3303],[-55.1909,-7.356],[-55.1932,-7.3717],[-55.2099,-7.3979],[-55.1918,-7.4108],[-55.1727,-7.4169],[-55.1514,-7.4383],[-55.1476,-7.4514],[-55.151,-7.4535],[-55.173,-7.451],[-55.1766,-7.454],[-55.1624,-7.4783],[-55.1467,-7.4903],[-55.1378,-7.4931],[-55.108,-7.4871],[-55.0996,-7.4895],[-55.0947,-7.4957],[-55.0911,-7.5147],[-55.0861,-7.5196],[-55.0679,-7.5221],[-55.0642,-7.5254],[-55.0702,-7.5513],[-55.0636,-7.5874],[-55.0797,-7.5896],[-55.0817,-7.5926],[-55.0656,-7.6109],[-55.075,-7.621],[-55.0694,-7.6295],[-55.0707,-7.6361],[-55.0775,-7.636],[-55.084,-7.6247],[-55.0876,-7.6239],[-55.0894,-7.6304],[-55.0791,-7.6536],[-55.0885,-7.6616],[-55.0916,-7.673],[-55.0945,-7.6739],[-55.1105,-7.6603],[-55.1139,-7.6629],[-55.1108,-7.6771],[-55.1117,-7.695],[-55.1064,-7.7012],[-55.0927,-7.7081],[-55.0786,-7.728],[-55.0286,-7.7405],[-55.0148,-7.7516],[-55.0148,-7.7699],[-55.0089,-7.7861],[-55.0152,-7.7964],[-55.0065,-7.8168],[-55.0446,-7.8339],[-55.0548,-7.8539],[-55.0719,-7.86],[-55.0871,-7.8767],[-55.0859,-7.8844],[-55.0735,-7.8984],[-55.0799,-7.9087],[-55.0701,-7.9115],[-55.0697,-7.9248],[-55.0635,-7.9331],[-55.0687,-7.9545],[-55.0812,-7.9646],[-55.1136,-7.9702],[-55.1278,-7.9787],[-55.1345,-7.9861],[-55.1314,-7.9971],[-55.1438,-8.0041],[-55.1452,-8.0082],[-55.1354,-8.0203],[-55.146,-8.0323],[-55.1456,-8.0358],[-55.1413,-8.0373],[-55.1402,-8.0444],[-55.1341,-8.0424],[-55.1271,-8.0614],[-55.1337,-8.0685],[-55.1369,-8.0789],[-55.1503,-8.0873],[-55.1453,-8.1112],[-55.1476,-8.1137],[-55.1718,-8.1134],[-55.1967,-8.1309],[-55.1992,-8.1369],[-55.2125,-8.1422],[-55.2104,-8.1543],[-55.2019,-8.1714],[-55.2115,-8.1807],[-55.2235,-8.205],[-55.2166,-8.2081],[-55.2133,-8.2142],[-55.2372,-8.2323],[-55.2363,-8.2407],[-55.2287,-8.2522],[-55.2126,-8.26],[-55.2113,-8.2724],[-55.2007,-8.2794],[-55.1996,-8.2825],[-55.213,-8.2992],[-55.2151,-8.3065],[-55.2066,-8.3122],[-55.2076,-8.3164],[-55.2002,-8.3253],[-55.2008,-8.3345],[-55.1944,-8.3467],[-55.2042,-8.3489],[-55.2094,-8.3543],[-55.2029,-8.3661],[-55.2139,-8.3812],[-55.2078,-8.3879],[-55.2013,-8.3887],[-55.201,-8.3955],[-55.192,-8.4074],[-55.1896,-8.4206],[-55.2042,-8.4374],[-55.2043,-8.4404],[-55.1945,-8.4469],[-55.193,-8.4538],[-55.2065,-8.4677],[-55.2075,-8.4746],[-55.1931,-8.4899],[-55.1954,-8.5001],[-55.1907,-8.5155],[-55.1769,-8.5144],[-55.1763,-8.5262],[-55.1666,-8.5323],[-55.1704,-8.5405],[-55.1643,-8.5559],[-55.1659,-8.5661],[-55.1608,-8.5708],[-55.1649,-8.5883],[-55.1593,-8.5976],[-55.1604,-8.6012],[-55.1698,-8.6111],[-55.1828,-8.6129],[-55.1832,-8.6169],[-55.1747,-8.6198],[-55.1707,-8.632],[-55.1369,-8.6472],[-55.1193,-8.6593],[-55.1067,-8.6797],[-55.0823,-8.6926],[-55.0681,-8.7178],[-55.0682,-8.7321],[-55.0746,-8.7315],[-55.0776,-8.7361],[-55.0655,-8.7472],[-55.0765,-8.752],[-55.0853,-8.7738],[-55.1184,-8.7728],[-55.1324,-8.7621],[-55.1438,-8.745],[-55.1533,-8.7393],[-55.1568,-8.7252],[-55.1683,-8.7168],[-55.1763,-8.7009],[-55.1847,-8.7008],[-55.1886,-8.7163],[-55.2079,-8.7319],[-55.2231,-8.7213],[-55.2387,-8.7203],[-55.2482,-8.6946],[-55.2543,-8.692],[-55.2583,-8.7009],[-55.2583,-8.7208],[-55.2704,-8.7374],[-55.2532,-8.7526],[-55.249,-8.7641],[-55.237,-8.7776],[-55.2334,-8.7875],[-55.2335,-8.8003],[-55.2457,-8.813],[-55.2414,-8.8265],[-55.2224,-8.8366],[-55.2189,-8.8482],[-55.2073,-8.8425],[-55.1948,-8.8423],[-55.1871,-8.835],[-55.1831,-8.8343],[-55.1786,-8.8385],[-55.1822,-8.8647],[-55.1736,-8.8797],[-55.1764,-8.8927],[-55.1702,-8.9056],[-55.1607,-8.9141],[-55.1648,-8.9311],[-55.1614,-8.9371],[-55.1693,-8.9447],[-55.1714,-8.9695],[-55.1624,-8.9798],[-55.144,-8.9743],[-55.1342,-8.9871],[-55.118,-8.9863],[-55.1159,-8.9926],[-55.1214,-9.0025],[-55.1192,-9.0227],[-55.1111,-9.0377],[-55.0879,-9.0402],[-55.0737,-9.046],[-55.0574,-9.045],[-55.0477,-9.0406],[-55.0414,-9.0265],[-55.0352,-9.0251],[-55.0237,-9.0301],[-55.0188,-9.0464],[-55.013,-9.0496],[-54.9831,-9.0525],[-54.9713,-9.0721],[-54.9439,-9.0507],[-54.9133,-9.0531],[-54.903,-9.0541],[-54.8972,-9.0619],[-54.8971,-9.0867],[-54.8921,-9.0945],[-54.8736,-9.063],[-54.8664,-9.0632],[-54.8377,-9.0818],[-54.8212,-9.0785],[-54.8104,-9.0914],[-54.8042,-9.0908],[-54.7963,-9.0958],[-54.7779,-9.095],[-54.7645,-9.1062],[-54.7532,-9.107],[-54.7426,-9.1332],[-54.7238,-9.1525],[-54.7064,-9.157],[-54.6853,-9.1527],[-54.6808,-9.1525],[-54.6731,-9.1597],[-54.6731,-9.1822],[-54.6893,-9.2015],[-54.7093,-9.2064],[-54.7085,-9.2137],[-54.6968,-9.2221],[-54.6969,-9.2252],[-54.7101,-9.2387],[-54.7195,-9.2391],[-54.7362,-9.2335],[-54.738,-9.236],[-54.7275,-9.247],[-54.7259,-9.2552],[-54.7447,-9.2676],[-54.7549,-9.2877],[-54.7758,-9.2952],[-54.7719,-9.2997],[-54.7586,-9.3026],[-54.7522,-9.3086],[-54.7318,-9.3161],[-54.7308,-9.3322],[-54.7203,-9.3465],[-54.7215,-9.3629],[-54.7203,-9.3666],[-54.7076,-9.381],[-54.6946,-9.3884],[-54.6835,-9.4045],[-54.6861,-9.429],[-54.6803,-9.4615],[-54.682,-9.4683],[-54.6662,-9.488],[-54.6539,-9.5044],[-54.632,-9.5025],[-54.6192,-9.517],[-54.613,-9.5354],[-54.7319,-9.526],[-54.859,-9.5158],[-54.9951,-9.5049],[-55.1517,-9.4923],[-55.6036,-9.4555],[-55.7914,-9.4401],[-56.156,-9.4101],[-56.1591,-8.4052],[-56.1588,-8.2418],[-56.1501,-8.2279],[-56.1425,-8.2047],[-56.1413,-8.1949],[-56.1441,-8.1881],[-56.1306,-8.1761],[-56.1267,-8.1668],[-56.1332,-8.1591],[-56.1362,-8.1488],[-56.1292,-8.1278],[-56.115,-8.1207],[-56.1043,-8.1003],[-56.0868,-8.0932],[-56.0797,-8.0734],[-56.0811,-8.0648],[-56.0759,-8.0612],[-56.0811,-8.0359],[-56.0642,-8.0136],[-56.0638,-8.0046],[-56.0574,-7.9919],[-56.0617,-7.9733],[-56.0574,-7.9614],[-56.0623,-7.9488],[-56.0579,-7.9469],[-56.0583,-7.9377],[-56.0664,-7.936],[-56.0717,-7.9291],[-56.069,-7.9266],[-56.0744,-7.9234],[-56.0772,-7.9282],[-56.0843,-7.9256],[-56.1007,-7.9366],[-56.1112,-7.9282],[-56.1166,-7.9181],[-56.1104,-7.9057],[-56.1134,-7.8868],[-56.1071,-7.8839],[-56.1021,-7.8681],[-56.1082,-7.8647],[-56.1063,-7.8576],[-56.1121,-7.8405],[-56.1213,-7.8312],[-56.119,-7.8254],[-56.1274,-7.8234],[-56.1277,-7.8128],[-56.1225,-7.8108],[-56.1274,-7.8054],[-56.1388,-7.8091],[-56.1385,-7.8029],[-56.1474,-7.7919],[-56.1498,-7.7811],[-56.1464,-7.7683],[-56.1498,-7.7614],[-56.1549,-7.7613],[-56.1537,-7.7421],[-56.1574,-7.7359],[-56.1597,-7.7385],[-56.1578,-7.7272],[-56.1516,-7.728],[-56.1508,-7.7175],[-56.1455,-7.7175],[-56.1484,-7.712],[-56.1434,-7.7129],[-56.1423,-7.7092],[-56.1484,-7.6942],[-56.1563,-7.689],[-56.1588,-7.6906],[-56.1637,-7.6843],[-56.162,-7.6793],[-56.1665,-7.6737],[-56.1641,-7.664],[-56.1661,-7.6621],[-56.1695,-7.6647],[-56.1725,-7.6548],[-56.1645,-7.6074],[-56.1708,-7.6058],[-56.1672,-7.5845],[-56.1718,-7.5827],[-56.1709,-7.5728],[-56.1747,-7.5701],[-56.1761,-7.5574],[-56.1663,-7.5553],[-56.1678,-7.544],[-56.1616,-7.5343],[-56.1656,-7.5348],[-56.171,-7.5254],[-56.1721,-7.5155],[-56.1719,-7.5091],[-56.1653,-7.5068],[-56.1678,-7.4928],[-56.1747,-7.4838],[-56.1811,-7.4829],[-56.1772,-7.4646],[-56.1813,-7.4584],[-56.191,-7.455],[-56.1867,-7.4539],[-56.189,-7.4519],[-56.1863,-7.4487],[-56.1947,-7.4424],[-56.1909,-7.4332],[-56.2018,-7.4319],[-56.2075,-7.4377],[-56.2109,-7.4315],[-56.2112,-7.4337],[-56.2167,-7.4321],[-56.2136,-7.4273],[-56.2216,-7.4264],[-56.229,-7.4207],[-56.2329,-7.4094],[-56.2267,-7.406],[-56.2267,-7.4021],[-56.2351,-7.393],[-56.2324,-7.3884],[-56.2372,-7.383],[-56.2356,-7.3688],[-56.2471,-7.3621],[-56.2454,-7.3406],[-56.2399,-7.3305],[-56.2532,-7.3235],[-56.2492,-7.3166],[-56.23,-7.3031],[-56.2157,-7.3026],[-56.2181,-7.2915],[-56.2052,-7.2717],[-56.2058,-7.2601],[-56.2113,-7.2596],[-56.2236,-7.2679],[-56.2328,-7.2534],[-56.2309,-7.2374],[-56.2172,-7.2207],[-56.2106,-7.202],[-56.2327,-7.1794],[-56.2301,-7.1708],[-56.2175,-7.1557],[-56.2079,-7.1572],[-56.1934,-7.1443],[-56.2024,-7.1371],[-56.2099,-7.1376],[-56.2168,-7.1301],[-56.2167,-7.1263],[-56.2112,-7.1246],[-56.2105,-7.1158],[-56.2216,-7.1095],[-56.224,-7.1039],[-56.2105,-7.1025],[-56.213,-7.0894],[-56.2104,-7.0783],[-56.2279,-7.0583],[-56.2327,-7.0446],[-56.2279,-7.0417],[-56.2261,-7.0255],[-56.2133,-7.0222],[-56.2147,-7.0093],[-56.2053,-6.9964],[-56.2138,-6.9618],[-56.2099,-6.9392],[-56.1671,-6.9296],[-56.163,-6.9181],[-56.1684,-6.8988],[-56.1573,-6.8908],[-56.1553,-6.8767],[-56.1381,-6.868],[-56.1409,-6.8258],[-56.1539,-6.8001],[-56.151,-6.7915],[-56.1413,-6.7881],[-56.1287,-6.7669],[-56.1426,-6.75],[-56.146,-6.7406],[-56.1471,-6.7263],[-56.1429,-6.7166],[-56.1307,-6.7121],[-56.1132,-6.7163],[-56.1088,-6.7121],[-56.1154,-6.7003],[-56.1008,-6.6718],[-56.096,-6.6709],[-56.0928,-6.6739],[-56.0918,-6.6848],[-56.0863,-6.6845],[-56.0668,-6.6627],[-56.0628,-6.6525],[-56.0741,-6.622],[-56.0689,-6.6053],[-56.0567,-6.5995],[-56.0583,-6.5936],[-56.0465,-6.5898],[-56.0258,-6.5935],[-56.0105,-6.6006],[-56.0004,-6.5952],[-55.9955,-6.5683],[-55.9483,-6.5619],[-55.9458,-6.5475],[-55.9234,-6.5386],[-55.9138,-6.5253],[-55.8978,-6.5353],[-55.8904,-6.5362],[-55.8868,-6.5311],[-55.8774,-6.5275],[-55.8753,-6.519],[-55.8528,-6.4842],[-55.8293,-6.4812],[-55.812,-6.4656],[-55.8019,-6.4455],[-55.7878,-6.4404],[-55.7651,-6.4203],[-55.7681,-6.3932],[-55.78,-6.3525],[-55.7702,-6.3493],[-55.762,-6.3392],[-55.7589,-6.3274],[-55.7411,-6.3283],[-55.7389,-6.3219],[-55.7397,-6.3127],[-55.7476,-6.309],[-55.7579,-6.2937],[-55.7581,-6.2806],[-55.7304,-6.2895],[-55.7088,-6.3014],[-55.7045,-6.3074],[-55.7154,-6.3149],[-55.7146,-6.3182]]]}},{"type":"Feature","properties":{"nome":"Novo Repartimento","cod":"1505064","uf":"PA"},"geometry":{"type":"Polygon","coordinates":[[[-50.1081,-4.0776],[-50.0973,-4.0818],[-50.0704,-4.0747],[-50.0439,-4.0747],[-50.0348,-4.0688],[-50.0224,-4.0695],[-50.0124,-4.0603],[-49.9853,-4.0527],[-49.9663,-4.0552],[-49.9605,-4.0611],[-49.9329,-4.0713],[-49.9262,-4.0672],[-49.9129,-4.0507],[-49.9204,-4.0325],[-49.9135,-4.032],[-49.8975,-4.022],[-49.8917,-4.0147],[-49.8921,-4.0097],[-49.8816,-4.0049],[-49.8811,-4.0002],[-49.8729,-3.9975],[-49.8479,-3.9674],[-49.836,-3.958],[-49.8321,-3.9597],[-49.8267,-3.9954],[-49.8189,-4.0123],[-49.8192,-4.0184],[-49.8091,-4.0364],[-49.8102,-4.0634],[-49.8059,-4.0708],[-49.6064,-4.0726],[-49.5976,-4.1352],[-49.5858,-4.175],[-49.566,-4.2336],[-49.5586,-4.2568],[-49.5253,-4.3191],[-49.5189,-4.338],[-49.519,-4.3572],[-49.5078,-4.379],[-49.5035,-4.3914],[-49.5108,-4.4079],[-49.4945,-4.4649],[-49.4951,-4.488],[-49.4963,-4.5],[-49.4908,-4.5196],[-49.4771,-4.5462],[-49.4687,-4.5574],[-49.4592,-4.5631],[-49.4216,-4.5894],[-49.4062,-4.6067],[-49.4069,-4.6266],[-49.438,-4.6615],[-49.4251,-4.6962],[-49.4352,-4.7077],[-49.4582,-4.7634],[-49.465,-4.7668],[-49.4722,-4.7803],[-49.5036,-4.7837],[-49.5745,-4.7913],[-49.6726,-4.8018],[-49.7715,-4.8124],[-49.816,-4.8135],[-49.9506,-4.8169],[-49.9666,-4.8173],[-50.0602,-4.8199],[-50.3151,-4.8271],[-50.3154,-4.8392],[-50.3084,-4.8526],[-50.2997,-4.8595],[-50.2871,-4.8611],[-50.2856,-4.8646],[-50.2868,-4.872],[-50.3016,-4.896],[-50.3117,-4.9039],[-50.3271,-4.9046],[-50.3249,-4.9156],[-50.313,-4.9205],[-50.2886,-4.9268],[-50.2829,-4.9349],[-50.3063,-4.9469],[-50.3215,-4.9456],[-50.3339,-4.9383],[-50.3538,-4.934],[-50.372,-4.9395],[-50.3783,-4.9437],[-50.3802,-4.9496],[-50.372,-4.9717],[-50.3754,-4.9765],[-50.3958,-4.9596],[-50.4035,-4.9596],[-50.4089,-4.9668],[-50.4131,-4.9616],[-50.4208,-4.9621],[-50.4243,-4.9582],[-50.4269,-4.9576],[-50.4378,-4.963],[-50.4566,-4.9496],[-50.4586,-4.9665],[-50.4788,-4.9643],[-50.4809,-4.9994],[-50.4724,-5.0028],[-50.4816,-5.0096],[-50.4821,-5.0133],[-50.4716,-5.0317],[-50.4779,-5.0368],[-50.4813,-5.052],[-50.4777,-5.0813],[-50.4845,-5.0976],[-50.4982,-5.0963],[-50.5019,-5.106],[-50.5096,-5.1133],[-50.5013,-5.1218],[-50.5005,-5.1285],[-50.5115,-5.1488],[-50.5057,-5.1554],[-50.5127,-5.1636],[-50.5152,-5.178],[-50.5311,-5.1861],[-50.5349,-5.1904],[-50.5492,-5.1856],[-50.5556,-5.1937],[-50.5638,-5.1921],[-50.5733,-5.1965],[-50.5897,-5.1925],[-50.598,-5.1867],[-50.6251,-5.1822],[-50.6599,-5.19],[-50.6722,-5.1752],[-50.6864,-5.1769],[-50.7041,-5.1691],[-50.7198,-5.1743],[-50.7528,-5.1755],[-50.7649,-5.1684],[-50.767,-5.162],[-50.7791,-5.1665],[-50.7838,-5.1629],[-50.7892,-5.1638],[-50.7952,-5.1563],[-50.8047,-5.1574],[-50.8127,-5.1518],[-50.8189,-5.1553],[-50.8242,-5.1648],[-50.8495,-5.1663],[-50.8569,-5.1772],[-50.867,-5.1737],[-50.8753,-5.1638],[-50.8868,-5.1685],[-50.8987,-5.1569],[-50.9071,-5.1636],[-50.9186,-5.1503],[-50.9297,-5.1502],[-50.9319,-5.1442],[-50.9201,-5.1272],[-50.9113,-5.1186],[-50.8986,-5.1182],[-50.8949,-5.1123],[-50.9015,-5.0917],[-50.8902,-5.0803],[-50.8894,-5.0665],[-50.8841,-5.0628],[-50.8838,-5.0503],[-50.8871,-5.049],[-50.8882,-5.0431],[-50.8846,-5.037],[-50.8778,-5.037],[-50.8596,-5.0],[-50.8601,-4.9931],[-50.8691,-4.9849],[-50.8671,-4.9784],[-50.8578,-4.9745],[-50.8519,-4.9661],[-50.8507,-4.9555],[-50.8548,-4.9406],[-50.8527,-4.9334],[-50.8496,-4.9232],[-50.8467,-4.909],[-50.8593,-4.8996],[-50.858,-4.8685],[-50.8796,-4.8609],[-50.8842,-4.8704],[-50.8929,-4.8753],[-50.8958,-4.8747],[-50.8966,-4.8684],[-50.9118,-4.8643],[-50.9177,-4.8383],[-50.9234,-4.829],[-50.9202,-4.8165],[-50.9276,-4.8114],[-50.9267,-4.8022],[-50.9336,-4.7907],[-50.9261,-4.7842],[-50.9258,-4.7783],[-50.9472,-4.7548],[-50.9448,-4.752],[-50.9323,-4.753],[-50.9161,-4.7493],[-50.9164,-4.7377],[-50.9063,-4.7314],[-50.9111,-4.7203],[-50.9231,-4.7117],[-50.9322,-4.7133],[-50.9299,-4.6836],[-50.9223,-4.6775],[-50.9109,-4.6878],[-50.9051,-4.6874],[-50.9059,-4.6743],[-50.9032,-4.6717],[-50.909,-4.6688],[-50.9168,-4.656],[-50.9143,-4.6415],[-50.9186,-4.6325],[-50.9197,-4.6256],[-50.9115,-4.6192],[-50.8942,-4.5816],[-50.9001,-4.5726],[-50.8997,-4.5658],[-50.9044,-4.5621],[-50.8983,-4.5439],[-50.9009,-4.517],[-50.8895,-4.5],[-50.8945,-4.4932],[-50.9022,-4.498],[-50.9063,-4.4955],[-50.9087,-4.4829],[-50.9027,-4.4701],[-50.8854,-4.4658],[-50.8793,-4.4472],[-50.8961,-4.4298],[-50.9,-4.412],[-50.9176,-4.4055],[-50.9181,-4.4009],[-50.9225,-4.3998],[-50.9295,-4.3877],[-50.9414,-4.3779],[-50.9539,-4.3723],[-50.9628,-4.375],[-50.9734,-4.3846],[-50.9784,-4.3758],[-50.978,-4.3614],[-50.9945,-4.3603],[-50.9957,-4.3463],[-50.9848,-4.3318],[-50.9815,-4.3155],[-50.9845,-4.3046],[-50.9817,-4.2899],[-50.9883,-4.2809],[-50.9857,-4.2731],[-50.9933,-4.2709],[-50.9899,-4.2633],[-50.9733,-4.2549],[-50.9652,-4.266],[-50.9381,-4.2699],[-50.9253,-4.2756],[-50.9185,-4.2721],[-50.9093,-4.2819],[-50.894,-4.2869],[-50.8665,-4.2863],[-50.839,-4.2932],[-50.8202,-4.2904],[-50.818,-4.2946],[-50.8037,-4.284],[-50.8008,-4.2765],[-50.7694,-4.2533],[-50.7313,-4.2423],[-50.7152,-4.2417],[-50.6984,-4.2252],[-50.6813,-4.2192],[-50.6819,-4.2095],[-50.6758,-4.2077],[-50.6737,-4.2068],[-50.8085,-3.9747],[-50.881,-3.8532],[-50.7037,-3.9045],[-50.6698,-3.9143],[-50.4461,-3.979],[-50.4443,-3.9795],[-50.2857,-4.0258],[-50.1234,-4.0731],[-50.1081,-4.0776]]]}},{"type":"Feature","properties":{"nome":"Óbidos","cod":"1505106","uf":"PA"},"geometry":{"type":"Polygon","coordinates":[[[-55.7851,2.3939],[-55.7595,2.3911],[-55.7175,2.4024],[-55.7072,2.4035],[-55.7017,2.394],[-55.6894,2.3406],[-55.6695,2.291],[-55.6584,2.266],[-55.6391,2.2434],[-55.6269,2.2229],[-55.6221,2.1858],[-55.6091,2.1777],[-55.6049,2.171],[-55.6162,2.15],[-55.6177,2.1435],[-55.6145,2.1359],[-55.6047,2.1238],[-55.589,2.1129],[-55.5557,2.1027],[-55.5569,2.0887],[-55.5494,2.0741],[-55.5244,2.0658],[-55.5119,2.0572],[-55.5113,2.0348],[-55.5165,2.0234],[-55.5404,1.9959],[-55.5653,1.978],[-55.5831,1.9599],[-55.5901,1.9425],[-55.5908,1.9203],[-55.5803,1.8917],[-55.5509,1.867],[-55.5226,1.8534],[-55.4915,1.8469],[-55.4614,1.8284],[-55.4504,1.8143],[-55.4375,1.7722],[-55.4412,1.7621],[-55.4556,1.7456],[-55.4567,1.7288],[-55.4382,1.6975],[-55.4271,1.6689],[-55.427,1.6607],[-55.438,1.6317],[-55.4614,1.6033],[-55.4694,1.5854],[-55.4639,1.5712],[-55.4449,1.5531],[-55.4132,1.546],[-55.413,0.7905],[-55.413,0.79],[-55.4131,-0.9196],[-55.4132,-0.9373],[-55.4129,-1.3987],[-55.4129,-1.3988],[-55.2659,-1.5711],[-55.1735,-1.6789],[-55.1707,-1.6986],[-55.166,-1.7309],[-55.1762,-1.9218],[-55.1697,-1.9286],[-55.1662,-1.9377],[-55.1571,-1.9433],[-55.1521,-1.9522],[-55.1532,-1.9554],[-55.1648,-1.9501],[-55.1591,-1.9606],[-55.1647,-1.9715],[-55.1698,-1.9656],[-55.1788,-1.9685],[-55.174,-1.9778],[-55.1854,-1.9903],[-55.184,-2.0193],[-55.1843,-2.0466],[-55.205,-2.0952],[-55.2085,-2.1036],[-55.2659,-2.1081],[-55.2559,-2.1272],[-55.1559,-2.1618],[-55.1198,-2.1673],[-55.0944,-2.1666],[-55.0928,-2.1802],[-55.074,-2.2143],[-55.0694,-2.2309],[-55.0813,-2.2443],[-55.0821,-2.2448],[-55.1091,-2.2587],[-55.1313,-2.2631],[-55.1477,-2.2605],[-55.1758,-2.246],[-55.1852,-2.2346],[-55.1973,-2.2265],[-55.2412,-2.2165],[-55.2878,-2.2148],[-55.3106,-2.2041],[-55.3205,-2.1925],[-55.3587,-2.1737],[-55.3608,-2.1668],[-55.3585,-2.1565],[-55.3678,-2.14],[-55.3731,-2.1352],[-55.3904,-2.1307],[-55.4684,-2.1314],[-55.4868,-2.1341],[-55.5,-2.1384],[-55.5232,-2.1548],[-55.5411,-2.1621],[-55.5698,-2.1664],[-55.5761,-2.17],[-55.5867,-2.1682],[-55.5894,-2.1652],[-55.5887,-2.1555],[-55.5936,-2.1535],[-55.6212,-2.1579],[-55.6184,-2.1162],[-55.6239,-2.0983],[-55.6315,-2.0879],[-55.6422,-2.0786],[-55.6742,-2.0667],[-55.6876,-2.0511],[-55.7016,-2.0495],[-55.7025,-2.0415],[-55.7377,-2.0191],[-55.7374,-2.0081],[-55.7462,-1.9932],[-55.7684,-2.0021],[-55.8201,-2.0069],[-55.8781,-2.004],[-55.8976,-2.0],[-55.9021,-1.9983],[-55.8875,-1.9814],[-55.8686,-1.9673],[-55.8496,-1.9677],[-55.8454,-1.9552],[-55.8349,-1.9423],[-55.8349,-1.9351],[-55.8284,-1.9307],[-55.8195,-1.9152],[-55.8017,-1.9266],[-55.7833,-1.9053],[-55.7657,-1.9001],[-55.7565,-1.8855],[-55.7443,-1.8819],[-55.7363,-1.8907],[-55.7298,-1.8858],[-55.708,-1.8815],[-55.7029,-1.8771],[-55.6963,-1.8783],[-55.6769,-1.8695],[-55.7054,-1.8595],[-55.7227,-1.8562],[-55.7341,-1.8438],[-55.7518,-1.8367],[-55.7512,-1.8306],[-55.7436,-1.821],[-55.7126,-1.8147],[-55.6904,-1.7988],[-55.681,-1.7973],[-55.6713,-1.7843],[-55.6768,-1.6749],[-55.6812,-1.5876],[-55.6814,-1.5833],[-55.6845,-1.5302],[-55.6912,-1.5302],[-55.6933,-1.5271],[-55.6937,-1.4971],[-55.7177,-1.4827],[-55.7259,-1.4546],[-55.7357,-1.4388],[-55.7306,-1.4205],[-55.7314,-1.4077],[-55.722,-1.3948],[-55.7187,-1.3806],[-55.6991,-1.3557],[-55.6989,-1.3392],[-55.7099,-1.3269],[-55.7171,-1.3263],[-55.7302,-1.3174],[-55.73,-1.308],[-55.7377,-1.3159],[-55.7541,-1.3158],[-55.7573,-1.3216],[-55.7638,-1.3187],[-55.7684,-1.3103],[-55.7717,-1.3125],[-55.7749,-1.3082],[-55.7925,-1.3059],[-55.8018,-1.2961],[-55.7987,-1.2875],[-55.8019,-1.2822],[-55.8152,-1.2792],[-55.8201,-1.2839],[-55.8237,-1.2776],[-55.8357,-1.283],[-55.8396,-1.2775],[-55.8463,-1.2873],[-55.8493,-1.2886],[-55.847,-1.2912],[-55.8493,-1.2956],[-55.8606,-1.2894],[-55.8632,-1.296],[-55.8705,-1.2978],[-55.8855,-1.2973],[-55.8891,-1.2891],[-55.8965,-1.2927],[-55.8988,-1.2905],[-55.9102,-1.3097],[-55.9231,-1.3056],[-55.9243,-1.2986],[-55.9326,-1.2944],[-55.9373,-1.2987],[-55.9399,-1.2909],[-55.9544,-1.3008],[-55.9671,-1.2939],[-55.9877,-1.2972],[-55.998,-1.2941],[-56.0,-1.2848],[-56.0103,-1.2874],[-56.0158,-1.2746],[-56.0279,-1.2686],[-56.0351,-1.2609],[-56.0427,-1.2204],[-56.0683,-1.2083],[-56.072,-1.1998],[-56.0719,-1.1929],[-56.0591,-1.1623],[-56.0529,-1.109],[-56.041,-1.1011],[-56.0432,-1.0948],[-56.0406,-1.0806],[-56.0464,-1.0585],[-56.0548,-1.0494],[-56.0698,-1.0491],[-56.0812,-1.027],[-56.0782,-1.0034],[-56.0805,-0.9905],[-56.0786,-0.9791],[-56.0731,-0.9703],[-56.0885,-0.9561],[-56.0983,-0.9318],[-56.1079,-0.9189],[-56.1186,-0.9009],[-56.1272,-0.8919],[-56.1403,-0.8862],[-56.1456,-0.8785],[-56.1469,-0.8719],[-56.1421,-0.8635],[-56.1435,-0.8563],[-56.1505,-0.8509],[-56.1731,-0.8439],[-56.1923,-0.8556],[-56.2084,-0.8401],[-56.212,-0.8401],[-56.2217,-0.8592],[-56.2278,-0.8562],[-56.2503,-0.7992],[-56.2537,-0.7721],[-56.2695,-0.7611],[-56.2716,-0.7525],[-56.2612,-0.7303],[-56.2456,-0.722],[-56.2426,-0.6925],[-56.2301,-0.6863],[-56.2158,-0.6735],[-56.213,-0.6638],[-56.2149,-0.6473],[-56.2073,-0.6427],[-56.2109,-0.6373],[-56.2112,-0.6275],[-56.2078,-0.6103],[-56.2016,-0.6023],[-56.2009,-0.5962],[-56.2124,-0.5934],[-56.214,-0.5902],[-56.2132,-0.5793],[-56.2072,-0.5673],[-56.2086,-0.5632],[-56.1989,-0.545],[-56.1845,-0.5397],[-56.1771,-0.5328],[-56.1756,-0.5197],[-56.1636,-0.518],[-56.1544,-0.5023],[-56.1468,-0.5],[-56.1428,-0.502],[-56.1399,-0.5151],[-56.1363,-0.5167],[-56.1238,-0.5145],[-56.1216,-0.5068],[-56.1104,-0.4965],[-56.1088,-0.4739],[-56.1037,-0.4655],[-56.0961,-0.4647],[-56.0912,-0.4595],[-56.0949,-0.4446],[-56.0907,-0.433],[-56.0829,-0.4275],[-56.073,-0.4319],[-56.0665,-0.4294],[-56.0612,-0.4171],[-56.0458,-0.4089],[-56.0422,-0.4025],[-56.0519,-0.3777],[-56.0514,-0.3494],[-56.0453,-0.3353],[-56.0365,-0.3286],[-56.0472,-0.319],[-56.0543,-0.2996],[-56.0534,-0.2756],[-56.0512,-0.2665],[-56.0403,-0.2499],[-56.0361,-0.2329],[-56.0269,-0.2321],[-56.0223,-0.2194],[-56.0288,-0.1968],[-56.0219,-0.1807],[-56.0247,-0.1187],[-56.0267,-0.1051],[-56.037,-0.0939],[-56.0299,-0.0927],[-56.0276,-0.0866],[-56.0448,-0.031],[-56.0488,-0.029],[-56.0529,-0.0173],[-56.0597,-0.0126],[-56.0668,0.0031],[-56.0781,0.0024],[-56.0846,0.0137],[-56.0896,0.0161],[-56.0927,0.0288],[-56.0891,0.0543],[-56.1134,0.082],[-56.1272,0.1095],[-56.1388,0.1179],[-56.1477,0.1384],[-56.1475,0.1529],[-56.1609,0.1728],[-56.1706,0.1807],[-56.1743,0.2054],[-56.1617,0.2297],[-56.1558,0.2501],[-56.1497,0.263],[-56.1508,0.2791],[-56.1542,0.2912],[-56.1627,0.3012],[-56.1608,0.3176],[-56.1401,0.3374],[-56.1253,0.3705],[-56.1013,0.3998],[-56.0502,0.3859],[-56.0372,0.3788],[-56.0226,0.379],[-56.0151,0.3697],[-56.0158,0.3598],[-56.006,0.3579],[-55.9982,0.3508],[-55.9873,0.3505],[-55.9821,0.3509],[-55.979,0.3471],[-55.9554,0.3458],[-55.9217,0.3575],[-55.9109,0.3565],[-55.9008,0.361],[-55.8943,0.3686],[-55.9015,0.3884],[-55.8951,0.4003],[-55.9011,0.4189],[-55.9037,0.4256],[-55.9169,0.4357],[-55.9228,0.4458],[-55.9166,0.4606],[-55.9148,0.4809],[-55.9167,0.5186],[-55.919,0.5274],[-55.9341,0.537],[-55.9342,0.5458],[-55.9532,0.5356],[-55.9644,0.5391],[-55.9732,0.5483],[-55.9765,0.5582],[-55.9634,0.5884],[-55.9677,0.5991],[-55.9689,0.6035],[-55.9724,0.6083],[-55.9729,0.619],[-55.9696,0.6302],[-55.9566,0.6461],[-55.9519,0.6443],[-55.9506,0.6478],[-55.951,0.6537],[-55.962,0.6626],[-55.9621,0.67],[-55.9466,0.7086],[-55.946,0.7216],[-55.9292,0.7237],[-55.9261,0.7314],[-55.9303,0.7319],[-55.9317,0.7359],[-55.9195,0.7353],[-55.9164,0.7279],[-55.9122,0.7265],[-55.9029,0.7297],[-55.8943,0.7386],[-55.8923,0.7535],[-55.8946,0.7596],[-55.8866,0.7826],[-55.8754,0.7901],[-55.8679,0.7842],[-55.8599,0.788],[-55.8427,0.8169],[-55.8249,0.8186],[-55.8171,0.8094],[-55.8113,0.8182],[-55.7974,0.8137],[-55.7944,0.8206],[-55.8049,0.8295],[-55.7877,0.8418],[-55.7723,0.8754],[-55.7544,0.8708],[-55.7483,0.8751],[-55.7459,0.8901],[-55.7578,0.9177],[-55.7473,0.961],[-55.7297,0.9863],[-55.7395,1.0233],[-55.7327,1.0373],[-55.7345,1.0416],[-55.7263,1.0495],[-55.7301,1.0694],[-55.7267,1.0764],[-55.7178,1.0821],[-55.7181,1.0876],[-55.726,1.0935],[-55.7039,1.1191],[-55.7004,1.1199],[-55.6915,1.1133],[-55.6761,1.1198],[-55.6712,1.1112],[-55.6629,1.1154],[-55.6564,1.1277],[-55.6599,1.1363],[-55.6572,1.1531],[-55.6441,1.1572],[-55.64,1.1662],[-55.6418,1.1697],[-55.6342,1.1713],[-55.6276,1.1773],[-55.633,1.1963],[-55.6248,1.2088],[-55.6132,1.2186],[-55.5998,1.2234],[-55.5997,1.2271],[-55.6096,1.2353],[-55.6016,1.244],[-55.607,1.2506],[-55.6048,1.2632],[-55.6097,1.2624],[-55.62,1.2717],[-55.6044,1.2763],[-55.6053,1.2878],[-55.5881,1.2973],[-55.5871,1.3085],[-55.5901,1.3087],[-55.5936,1.3178],[-55.59,1.3316],[-55.5999,1.3414],[-55.5999,1.3594],[-55.6081,1.3563],[-55.6116,1.3593],[-55.6153,1.3853],[-55.6224,1.3976],[-55.6204,1.4009],[-55.6297,1.4044],[-55.6325,1.4162],[-55.66,1.4348],[-55.661,1.4424],[-55.6809,1.4531],[-55.6859,1.4483],[-55.6966,1.451],[-55.7126,1.4612],[-55.7156,1.4573],[-55.719,1.4581],[-55.7259,1.4673],[-55.7315,1.4657],[-55.7324,1.4695],[-55.7292,1.4718],[-55.7378,1.4805],[-55.7378,1.4954],[-55.7414,1.5057],[-55.7343,1.5108],[-55.7358,1.5147],[-55.7476,1.5163],[-55.7496,1.5198],[-55.7449,1.5265],[-55.7401,1.5235],[-55.7367,1.526],[-55.7463,1.5356],[-55.7458,1.5392],[-55.7577,1.5473],[-55.7519,1.5527],[-55.7535,1.5568],[-55.7667,1.5543],[-55.7649,1.5652],[-55.769,1.5721],[-55.7773,1.5759],[-55.7767,1.5805],[-55.7841,1.5922],[-55.7933,1.598],[-55.7921,1.6015],[-55.7975,1.6058],[-55.7963,1.6207],[-55.8002,1.6237],[-55.8063,1.6216],[-55.8115,1.6289],[-55.8087,1.6312],[-55.81,1.6359],[-55.8171,1.641],[-55.807,1.6437],[-55.8089,1.6636],[-55.8197,1.6969],[-55.8168,1.706],[-55.8243,1.7221],[-55.8215,1.7262],[-55.8386,1.7624],[-55.8369,1.7724],[-55.8281,1.7799],[-55.8309,1.7821],[-55.8239,1.7912],[-55.8234,1.7982],[-55.8157,1.7987],[-55.8109,1.8053],[-55.8145,1.81],[-55.8111,1.8137],[-55.8109,1.8305],[-55.817,1.8408],[-55.8144,1.8429],[-55.8204,1.8437],[-55.8173,1.8532],[-55.8239,1.866],[-55.8237,1.8831],[-55.8289,1.8883],[-55.8217,1.899],[-55.8295,1.9109],[-55.8207,1.9155],[-55.8215,1.9208],[-55.8327,1.9279],[-55.835,1.942],[-55.8316,1.945],[-55.8356,1.9586],[-55.8444,1.9719],[-55.8521,1.9735],[-55.8476,1.9906],[-55.8557,1.9962],[-55.8589,2.0135],[-55.8677,2.0244],[-55.8677,2.035],[-55.8808,2.0376],[-55.8719,2.0594],[-55.8709,2.0775],[-55.8749,2.0777],[-55.8852,2.0902],[-55.8814,2.0939],[-55.8864,2.1015],[-55.8983,2.108],[-55.898,2.1283],[-55.9017,2.1282],[-55.9067,2.1455],[-55.9136,2.1433],[-55.9155,2.1587],[-55.9249,2.1725],[-55.9434,2.1796],[-55.9425,2.1887],[-55.952,2.1954],[-55.9489,2.2041],[-55.9528,2.2084],[-55.9493,2.2172],[-55.9564,2.2363],[-55.9484,2.2841],[-55.9436,2.2945],[-55.9474,2.3007],[-55.9427,2.3123],[-55.9458,2.3162],[-55.9462,2.3318],[-55.9414,2.3472],[-55.9238,2.3681],[-55.9172,2.369],[-55.9019,2.384],[-55.8676,2.3999],[-55.8331,2.4095],[-55.7851,2.3939]]]}},{"type":"Feature","properties":{"nome":"Oeiras do Pará","cod":"1505205","uf":"PA"},"geometry":{"type":"Polygon","coordinates":[[[-49.8674,-1.83],[-49.8367,-1.8328],[-49.7985,-1.828],[-49.7542,-1.8147],[-49.7451,-1.8157],[-49.731,-1.823],[-49.7178,-1.8352],[-49.7249,-1.8492],[-49.7333,-1.8799],[-49.7464,-1.8937],[-49.737,-1.9218],[-49.7369,-1.9328],[-49.7147,-1.9382],[-49.7166,-1.9476],[-49.7094,-1.9533],[-49.712,-1.9576],[-49.7217,-1.9589],[-49.7224,-1.9723],[-49.74,-1.9794],[-49.7415,-1.9895],[-49.7336,-2.0],[-49.7324,-2.0077],[-49.7358,-2.0144],[-49.7322,-2.0236],[-49.7381,-2.0318],[-49.706,-2.0687],[-49.7943,-2.164],[-49.7988,-2.1581],[-49.8159,-2.1523],[-49.8196,-2.1399],[-49.8287,-2.1478],[-49.8294,-2.1723],[-49.8205,-2.1817],[-49.8196,-2.2066],[-49.8105,-2.2137],[-49.8061,-2.2276],[-49.7943,-2.2333],[-49.788,-2.2325],[-49.7834,-2.2238],[-49.7781,-2.221],[-49.7606,-2.2295],[-49.7507,-2.2287],[-49.7469,-2.247],[-49.7343,-2.2499],[-49.7281,-2.2827],[-49.7346,-2.2899],[-49.7339,-2.2934],[-49.7229,-2.3013],[-49.7228,-2.3015],[-49.7227,-2.3139],[-49.7311,-2.3337],[-49.7389,-2.3395],[-49.7346,-2.3474],[-49.7412,-2.3697],[-49.7386,-2.3758],[-49.7426,-2.3797],[-49.7382,-2.3959],[-49.7398,-2.4115],[-49.7343,-2.4266],[-49.7335,-2.4279],[-49.7287,-2.4375],[-49.7278,-2.4422],[-49.7289,-2.45],[-49.7245,-2.4575],[-49.7307,-2.4674],[-49.7348,-2.4973],[-49.7419,-2.5032],[-49.7408,-2.5214],[-49.7444,-2.535],[-49.7448,-2.5597],[-49.7417,-2.5964],[-49.7497,-2.6107],[-49.7526,-2.6347],[-49.7473,-2.6521],[-49.7428,-2.654],[-49.7379,-2.6658],[-49.733,-2.6658],[-49.7381,-2.6799],[-49.7383,-2.6912],[-49.7389,-2.7069],[-49.7648,-2.7099],[-49.7704,-2.7215],[-49.7839,-2.7319],[-49.789,-2.7405],[-49.7869,-2.7589],[-49.7701,-2.7882],[-49.7789,-2.8089],[-49.7823,-2.8322],[-49.7864,-2.8744],[-49.7967,-2.9247],[-49.8047,-2.9523],[-49.8132,-2.9625],[-49.8462,-2.9774],[-49.8963,-2.9885],[-49.8709,-2.9639],[-49.8471,-2.9307],[-49.849,-2.8573],[-49.8525,-2.849],[-49.8858,-2.8364],[-49.9139,-2.8081],[-49.9356,-2.7745],[-49.9425,-2.75],[-49.9404,-2.7084],[-49.9432,-2.6759],[-49.9453,-2.6694],[-49.9678,-2.6483],[-49.9739,-2.6345],[-49.9749,-2.6211],[-49.966,-2.5743],[-49.97,-2.5408],[-49.9831,-2.5185],[-50.0005,-2.508],[-50.0194,-2.5081],[-50.0482,-2.5161],[-50.0537,-2.5159],[-50.0579,-2.5105],[-50.059,-2.5044],[-50.0725,-2.4865],[-50.0724,-2.4719],[-50.077,-2.4555],[-50.1042,-2.4213],[-50.1091,-2.4103],[-50.1112,-2.365],[-50.1073,-2.3348],[-50.1036,-2.3162],[-50.084,-2.2864],[-50.0788,-2.2483],[-50.0858,-2.224],[-50.1016,-2.2107],[-50.1091,-2.2012],[-50.1036,-2.1825],[-50.1015,-2.1689],[-50.1144,-2.1468],[-50.1149,-2.1393],[-50.0687,-2.1104],[-50.0563,-2.095],[-50.0615,-2.0783],[-50.0745,-2.0691],[-50.0767,-2.0626],[-50.0693,-2.0339],[-50.0783,-2.019],[-50.0749,-1.9901],[-50.0727,-1.9859],[-50.0685,-1.986],[-50.0611,-1.9733],[-50.0699,-1.9594],[-50.0704,-1.9477],[-50.0572,-1.9347],[-50.0618,-1.9251],[-50.0559,-1.9203],[-50.0565,-1.9081],[-50.0702,-1.9017],[-50.0742,-1.882],[-50.0861,-1.8818],[-50.0886,-1.8786],[-50.0851,-1.8702],[-50.0876,-1.861],[-50.11,-1.858],[-50.1149,-1.8425],[-50.1276,-1.8253],[-50.1311,-1.8146],[-50.1046,-1.8029],[-50.0439,-1.7888],[-50.0047,-1.7836],[-49.9865,-1.7832],[-49.9672,-1.7874],[-49.8674,-1.83]]]}},{"type":"Feature","properties":{"nome":"Oriximiná","cod":"1505304","uf":"PA"},"geometry":{"type":"Polygon","coordinates":[[[-55.9238,2.531],[-55.9215,2.5233],[-55.924,2.519],[-55.9098,2.5205],[-55.9012,2.5176],[-55.8971,2.506],[-55.8859,2.5039],[-55.8804,2.4893],[-55.8734,2.4883],[-55.8657,2.4818],[-55.8541,2.481],[-55.8503,2.4695],[-55.8384,2.4626],[-55.8298,2.4595],[-55.7835,2.4569],[-55.781,2.4621],[-55.7662,2.4557],[-55.7611,2.4409],[-55.7671,2.4383],[-55.7563,2.4303],[-55.7466,2.4109],[-55.7175,2.4024],[-55.7595,2.3911],[-55.7851,2.3939],[-55.8331,2.4095],[-55.8676,2.3999],[-55.9019,2.384],[-55.9172,2.369],[-55.9238,2.3681],[-55.9414,2.3472],[-55.9462,2.3318],[-55.9458,2.3162],[-55.9427,2.3123],[-55.9474,2.3007],[-55.9436,2.2945],[-55.9484,2.2841],[-55.9564,2.2363],[-55.9493,2.2172],[-55.9528,2.2084],[-55.9489,2.2041],[-55.952,2.1954],[-55.9425,2.1887],[-55.9434,2.1796],[-55.9249,2.1725],[-55.9155,2.1587],[-55.9136,2.1433],[-55.9067,2.1455],[-55.9017,2.1282],[-55.898,2.1283],[-55.8983,2.108],[-55.8864,2.1015],[-55.8814,2.0939],[-55.8852,2.0902],[-55.8749,2.0777],[-55.8709,2.0775],[-55.8719,2.0594],[-55.8808,2.0376],[-55.8677,2.035],[-55.8677,2.0244],[-55.8589,2.0135],[-55.8557,1.9962],[-55.8476,1.9906],[-55.8521,1.9735],[-55.8444,1.9719],[-55.8356,1.9586],[-55.8316,1.945],[-55.835,1.942],[-55.8327,1.9279],[-55.8215,1.9208],[-55.8207,1.9155],[-55.8295,1.9109],[-55.8217,1.899],[-55.8289,1.8883],[-55.8237,1.8831],[-55.8239,1.866],[-55.8173,1.8532],[-55.8204,1.8437],[-55.8144,1.8429],[-55.817,1.8408],[-55.8109,1.8305],[-55.8111,1.8137],[-55.8145,1.81],[-55.8109,1.8053],[-55.8157,1.7987],[-55.8234,1.7982],[-55.8239,1.7912],[-55.8309,1.7821],[-55.8281,1.7799],[-55.8369,1.7724],[-55.8386,1.7624],[-55.8215,1.7262],[-55.8243,1.7221],[-55.8168,1.706],[-55.8197,1.6969],[-55.8089,1.6636],[-55.807,1.6437],[-55.8171,1.641],[-55.81,1.6359],[-55.8087,1.6312],[-55.8115,1.6289],[-55.8063,1.6216],[-55.8002,1.6237],[-55.7963,1.6207],[-55.7975,1.6058],[-55.7921,1.6015],[-55.7933,1.598],[-55.7841,1.5922],[-55.7767,1.5805],[-55.7773,1.5759],[-55.769,1.5721],[-55.7649,1.5652],[-55.7667,1.5543],[-55.7535,1.5568],[-55.7519,1.5527],[-55.7577,1.5473],[-55.7458,1.5392],[-55.7463,1.5356],[-55.7367,1.526],[-55.7401,1.5235],[-55.7449,1.5265],[-55.7496,1.5198],[-55.7476,1.5163],[-55.7358,1.5147],[-55.7343,1.5108],[-55.7414,1.5057],[-55.7378,1.4954],[-55.7378,1.4805],[-55.7292,1.4718],[-55.7324,1.4695],[-55.7315,1.4657],[-55.7259,1.4673],[-55.719,1.4581],[-55.7156,1.4573],[-55.7126,1.4612],[-55.6966,1.451],[-55.6859,1.4483],[-55.6809,1.4531],[-55.661,1.4424],[-55.66,1.4348],[-55.6325,1.4162],[-55.6297,1.4044],[-55.6204,1.4009],[-55.6224,1.3976],[-55.6153,1.3853],[-55.6116,1.3593],[-55.6081,1.3563],[-55.5999,1.3594],[-55.5999,1.3414],[-55.59,1.3316],[-55.5936,1.3178],[-55.5901,1.3087],[-55.5871,1.3085],[-55.5881,1.2973],[-55.6053,1.2878],[-55.6044,1.2763],[-55.62,1.2717],[-55.6097,1.2624],[-55.6048,1.2632],[-55.607,1.2506],[-55.6016,1.244],[-55.6096,1.2353],[-55.5997,1.2271],[-55.5998,1.2234],[-55.6132,1.2186],[-55.6248,1.2088],[-55.633,1.1963],[-55.6276,1.1773],[-55.6342,1.1713],[-55.6418,1.1697],[-55.64,1.1662],[-55.6441,1.1572],[-55.6572,1.1531],[-55.6599,1.1363],[-55.6564,1.1277],[-55.6629,1.1154],[-55.6712,1.1112],[-55.6761,1.1198],[-55.6915,1.1133],[-55.7004,1.1199],[-55.7039,1.1191],[-55.726,1.0935],[-55.7181,1.0876],[-55.7178,1.0821],[-55.7267,1.0764],[-55.7301,1.0694],[-55.7263,1.0495],[-55.7345,1.0416],[-55.7327,1.0373],[-55.7395,1.0233],[-55.7297,0.9863],[-55.7473,0.961],[-55.7578,0.9177],[-55.7459,0.8901],[-55.7483,0.8751],[-55.7544,0.8708],[-55.7723,0.8754],[-55.7877,0.8418],[-55.8049,0.8295],[-55.7944,0.8206],[-55.7974,0.8137],[-55.8113,0.8182],[-55.8171,0.8094],[-55.8249,0.8186],[-55.8427,0.8169],[-55.8599,0.788],[-55.8679,0.7842],[-55.8754,0.7901],[-55.8866,0.7826],[-55.8946,0.7596],[-55.8923,0.7535],[-55.8943,0.7386],[-55.9029,0.7297],[-55.9122,0.7265],[-55.9164,0.7279],[-55.9195,0.7353],[-55.9317,0.7359],[-55.9303,0.7319],[-55.9261,0.7314],[-55.9292,0.7237],[-55.946,0.7216],[-55.9466,0.7086],[-55.9621,0.67],[-55.962,0.6626],[-55.951,0.6537],[-55.9506,0.6478],[-55.9519,0.6443],[-55.9566,0.6461],[-55.9696,0.6302],[-55.9729,0.619],[-55.9724,0.6083],[-55.9689,0.6035],[-55.9677,0.5991],[-55.9634,0.5884],[-55.9765,0.5582],[-55.9732,0.5483],[-55.9644,0.5391],[-55.9532,0.5356],[-55.9342,0.5458],[-55.9341,0.537],[-55.919,0.5274],[-55.9167,0.5186],[-55.9148,0.4809],[-55.9166,0.4606],[-55.9228,0.4458],[-55.9169,0.4357],[-55.9037,0.4256],[-55.9011,0.4189],[-55.8951,0.4003],[-55.9015,0.3884],[-55.8943,0.3686],[-55.9008,0.361],[-55.9109,0.3565],[-55.9217,0.3575],[-55.9554,0.3458],[-55.979,0.3471],[-55.9821,0.3509],[-55.9873,0.3505],[-55.9982,0.3508],[-56.006,0.3579],[-56.0158,0.3598],[-56.0151,0.3697],[-56.0226,0.379],[-56.0372,0.3788],[-56.0502,0.3859],[-56.1013,0.3998],[-56.1253,0.3705],[-56.1401,0.3374],[-56.1608,0.3176],[-56.1627,0.3012],[-56.1542,0.2912],[-56.1508,0.2791],[-56.1497,0.263],[-56.1558,0.2501],[-56.1617,0.2297],[-56.1743,0.2054],[-56.1706,0.1807],[-56.1609,0.1728],[-56.1475,0.1529],[-56.1477,0.1384],[-56.1388,0.1179],[-56.1272,0.1095],[-56.1134,0.082],[-56.0891,0.0543],[-56.0927,0.0288],[-56.0896,0.0161],[-56.0846,0.0137],[-56.0781,0.0024],[-56.0668,0.0031],[-56.0597,-0.0126],[-56.0529,-0.0173],[-56.0488,-0.029],[-56.0448,-0.031],[-56.0276,-0.0866],[-56.0299,-0.0927],[-56.037,-0.0939],[-56.0267,-0.1051],[-56.0247,-0.1187],[-56.0219,-0.1807],[-56.0288,-0.1968],[-56.0223,-0.2194],[-56.0269,-0.2321],[-56.0361,-0.2329],[-56.0403,-0.2499],[-56.0512,-0.2665],[-56.0534,-0.2756],[-56.0543,-0.2996],[-56.0472,-0.319],[-56.0365,-0.3286],[-56.0453,-0.3353],[-56.0514,-0.3494],[-56.0519,-0.3777],[-56.0422,-0.4025],[-56.0458,-0.4089],[-56.0612,-0.4171],[-56.0665,-0.4294],[-56.073,-0.4319],[-56.0829,-0.4275],[-56.0907,-0.433],[-56.0949,-0.4446],[-56.0912,-0.4595],[-56.0961,-0.4647],[-56.1037,-0.4655],[-56.1088,-0.4739],[-56.1104,-0.4965],[-56.1216,-0.5068],[-56.1238,-0.5145],[-56.1363,-0.5167],[-56.1399,-0.5151],[-56.1428,-0.502],[-56.1468,-0.5],[-56.1544,-0.5023],[-56.1636,-0.518],[-56.1756,-0.5197],[-56.1771,-0.5328],[-56.1845,-0.5397],[-56.1989,-0.545],[-56.2086,-0.5632],[-56.2072,-0.5673],[-56.2132,-0.5793],[-56.214,-0.5902],[-56.2124,-0.5934],[-56.2009,-0.5962],[-56.2016,-0.6023],[-56.2078,-0.6103],[-56.2112,-0.6275],[-56.2109,-0.6373],[-56.2073,-0.6427],[-56.2149,-0.6473],[-56.213,-0.6638],[-56.2158,-0.6735],[-56.2301,-0.6863],[-56.2426,-0.6925],[-56.2456,-0.722],[-56.2612,-0.7303],[-56.2716,-0.7525],[-56.2695,-0.7611],[-56.2537,-0.7721],[-56.2503,-0.7992],[-56.2278,-0.8562],[-56.2217,-0.8592],[-56.212,-0.8401],[-56.2084,-0.8401],[-56.1923,-0.8556],[-56.1731,-0.8439],[-56.1505,-0.8509],[-56.1435,-0.8563],[-56.1421,-0.8635],[-56.1469,-0.8719],[-56.1456,-0.8785],[-56.1403,-0.8862],[-56.1272,-0.8919],[-56.1186,-0.9009],[-56.1079,-0.9189],[-56.0983,-0.9318],[-56.0885,-0.9561],[-56.0731,-0.9703],[-56.0786,-0.9791],[-56.0805,-0.9905],[-56.0782,-1.0034],[-56.0812,-1.027],[-56.0698,-1.0491],[-56.0548,-1.0494],[-56.0464,-1.0585],[-56.0406,-1.0806],[-56.0432,-1.0948],[-56.041,-1.1011],[-56.0529,-1.109],[-56.0591,-1.1623],[-56.0719,-1.1929],[-56.072,-1.1998],[-56.0683,-1.2083],[-56.0427,-1.2204],[-56.0351,-1.2609],[-56.0279,-1.2686],[-56.0158,-1.2746],[-56.0103,-1.2874],[-56.0,-1.2848],[-55.998,-1.2941],[-55.9877,-1.2972],[-55.9671,-1.2939],[-55.9544,-1.3008],[-55.9399,-1.2909],[-55.9373,-1.2987],[-55.9326,-1.2944],[-55.9243,-1.2986],[-55.9231,-1.3056],[-55.9102,-1.3097],[-55.8988,-1.2905],[-55.8965,-1.2927],[-55.8891,-1.2891],[-55.8855,-1.2973],[-55.8705,-1.2978],[-55.8632,-1.296],[-55.8606,-1.2894],[-55.8493,-1.2956],[-55.847,-1.2912],[-55.8493,-1.2886],[-55.8463,-1.2873],[-55.8396,-1.2775],[-55.8357,-1.283],[-55.8237,-1.2776],[-55.8201,-1.2839],[-55.8152,-1.2792],[-55.8019,-1.2822],[-55.7987,-1.2875],[-55.8018,-1.2961],[-55.7925,-1.3059],[-55.7749,-1.3082],[-55.7717,-1.3125],[-55.7684,-1.3103],[-55.7638,-1.3187],[-55.7573,-1.3216],[-55.7541,-1.3158],[-55.7377,-1.3159],[-55.73,-1.308],[-55.7302,-1.3174],[-55.7171,-1.3263],[-55.7099,-1.3269],[-55.6989,-1.3392],[-55.6991,-1.3557],[-55.7187,-1.3806],[-55.722,-1.3948],[-55.7314,-1.4077],[-55.7306,-1.4205],[-55.7357,-1.4388],[-55.7259,-1.4546],[-55.7177,-1.4827],[-55.6937,-1.4971],[-55.6933,-1.5271],[-55.6912,-1.5302],[-55.6845,-1.5302],[-55.6814,-1.5833],[-55.6812,-1.5876],[-55.6768,-1.6749],[-55.6713,-1.7843],[-55.681,-1.7973],[-55.6904,-1.7988],[-55.7126,-1.8147],[-55.7436,-1.821],[-55.7512,-1.8306],[-55.7518,-1.8367],[-55.7341,-1.8438],[-55.7227,-1.8562],[-55.7054,-1.8595],[-55.6769,-1.8695],[-55.6963,-1.8783],[-55.7029,-1.8771],[-55.708,-1.8815],[-55.7298,-1.8858],[-55.7363,-1.8907],[-55.7443,-1.8819],[-55.7565,-1.8855],[-55.7657,-1.9001],[-55.7833,-1.9053],[-55.8017,-1.9266],[-55.8195,-1.9152],[-55.8284,-1.9307],[-55.8349,-1.9351],[-55.8349,-1.9423],[-55.8454,-1.9552],[-55.8496,-1.9677],[-55.8686,-1.9673],[-55.8875,-1.9814],[-55.9021,-1.9983],[-55.9278,-1.9862],[-55.956,-1.968],[-55.9884,-1.9555],[-56.0377,-1.9384],[-56.0529,-1.9419],[-56.0751,-1.9595],[-56.0887,-1.978],[-56.1215,-1.9299],[-56.1339,-1.923],[-56.1498,-1.9344],[-56.1518,-1.9543],[-56.1649,-1.9558],[-56.1724,-1.9634],[-56.1761,-1.9633],[-56.1889,-1.9508],[-56.2008,-1.9457],[-56.2105,-1.9244],[-56.2189,-1.9191],[-56.2285,-1.9184],[-56.226,-1.9092],[-56.2312,-1.9011],[-56.2342,-1.8994],[-56.2436,-1.904],[-56.2616,-1.9083],[-56.2671,-1.9146],[-56.2757,-1.9149],[-56.2845,-1.9072],[-56.295,-1.9089],[-56.3057,-1.9047],[-56.3154,-1.9064],[-56.3264,-1.9177],[-56.3392,-1.9098],[-56.3442,-1.9104],[-56.3537,-1.8942],[-56.3697,-1.8806],[-56.375,-1.8658],[-56.3855,-1.8618],[-56.3911,-1.8565],[-56.407,-1.8511],[-56.4084,-1.8451],[-56.4247,-1.8433],[-56.4319,-1.838],[-56.4585,-1.8482],[-56.4625,-1.8472],[-56.4681,-1.8397],[-56.4709,-1.8271],[-56.4657,-1.8147],[-56.4867,-1.7987],[-56.5026,-1.7967],[-56.5138,-1.8031],[-56.525,-1.7891],[-56.5284,-1.7782],[-56.5407,-1.7683],[-56.5503,-1.7654],[-56.5529,-1.7527],[-56.5584,-1.7473],[-56.5549,-1.7386],[-56.5458,-1.7291],[-56.5481,-1.709],[-56.5567,-1.6983],[-56.553,-1.6804],[-56.5778,-1.6727],[-56.6031,-1.6697],[-56.6154,-1.6566],[-56.636,-1.6522],[-56.6389,-1.6459],[-56.6471,-1.6443],[-56.6563,-1.6497],[-56.673,-1.6495],[-56.6817,-1.6425],[-56.6908,-1.6404],[-56.7012,-1.6306],[-56.7152,-1.6412],[-56.7485,-1.6516],[-56.7512,-1.6517],[-56.7554,-1.6241],[-56.7481,-1.6076],[-56.7696,-1.5996],[-56.7929,-1.5992],[-56.8026,-1.6025],[-56.8069,-1.6182],[-56.8145,-1.6283],[-56.8199,-1.6262],[-56.8329,-1.6331],[-56.8462,-1.6504],[-56.8587,-1.6462],[-56.8769,-1.6553],[-56.9075,-1.6462],[-56.9176,-1.6473],[-56.9268,-1.6315],[-56.9326,-1.628],[-56.9588,-1.6282],[-56.9604,-1.6249],[-56.943,-1.6123],[-56.9458,-1.6032],[-56.9582,-1.5927],[-56.9585,-1.5846],[-56.9631,-1.5807],[-56.9742,-1.5856],[-56.9784,-1.5912],[-56.9892,-1.5892],[-56.9945,-1.5805],[-56.9924,-1.5697],[-56.9974,-1.5636],[-56.9976,-1.5538],[-57.0078,-1.5457],[-57.0046,-1.5378],[-57.0083,-1.5355],[-57.0208,-1.5434],[-57.0243,-1.5427],[-57.0245,-1.5375],[-57.0389,-1.5374],[-57.0599,-1.522],[-57.064,-1.5081],[-57.0882,-1.5204],[-57.1075,-1.5184],[-57.1144,-1.5137],[-57.1262,-1.5156],[-57.1326,-1.5128],[-57.1349,-1.5054],[-57.1429,-1.4981],[-57.1591,-1.4962],[-57.1609,-1.489],[-57.1479,-1.4586],[-57.1431,-1.4228],[-57.1469,-1.4176],[-57.1599,-1.4165],[-57.1716,-1.424],[-57.1786,-1.417],[-57.1897,-1.4393],[-57.1933,-1.438],[-57.1987,-1.4243],[-57.2126,-1.4191],[-57.2155,-1.4108],[-57.2314,-1.4195],[-57.2367,-1.4329],[-57.2407,-1.4341],[-57.2756,-1.4049],[-57.2793,-1.3984],[-57.2752,-1.3791],[-57.2827,-1.3785],[-57.2995,-1.3902],[-57.3061,-1.3899],[-57.2927,-1.3684],[-57.2951,-1.3633],[-57.31,-1.3679],[-57.3135,-1.3521],[-57.3283,-1.3392],[-57.3451,-1.3394],[-57.3481,-1.3323],[-57.3547,-1.3318],[-57.3641,-1.3366],[-57.371,-1.3314],[-57.3773,-1.3311],[-57.405,-1.3498],[-57.4107,-1.3476],[-57.4131,-1.3371],[-57.4186,-1.3359],[-57.4281,-1.3473],[-57.4399,-1.3361],[-57.4541,-1.3422],[-57.4578,-1.3384],[-57.4511,-1.3221],[-57.459,-1.3082],[-57.4656,-1.3096],[-57.4661,-1.288],[-57.4762,-1.2798],[-57.477,-1.2651],[-57.4914,-1.2587],[-57.4997,-1.2379],[-57.5076,-1.2315],[-57.5203,-1.2101],[-57.5263,-1.1923],[-57.528,-1.1724],[-57.5403,-1.1645],[-57.549,-1.1288],[-57.5529,-1.126],[-57.5679,-1.1303],[-57.5804,-1.1237],[-57.5907,-1.0986],[-57.598,-1.0959],[-57.6018,-1.0983],[-57.6199,-1.097],[-57.6311,-1.0871],[-57.6417,-1.0887],[-57.6517,-1.0949],[-57.6715,-1.0898],[-57.6819,-1.0913],[-57.6777,-1.0812],[-57.6818,-1.0774],[-57.6777,-1.0704],[-57.6788,-1.0505],[-57.6981,-1.0405],[-57.7007,-1.0329],[-57.708,-1.0322],[-57.7156,-1.0231],[-57.7128,-1.0165],[-57.7186,-1.0058],[-57.7115,-1.0001],[-57.7151,-0.9883],[-57.7267,-0.9938],[-57.7335,-0.9942],[-57.7382,-0.9872],[-57.7484,-0.9876],[-57.7524,-0.9917],[-57.7572,-0.9884],[-57.7644,-0.973],[-57.7692,-0.9491],[-57.8081,-0.9362],[-57.812,-0.9284],[-57.8152,-0.9217],[-57.8216,-0.9259],[-57.8373,-0.923],[-57.8501,-0.9404],[-57.8557,-0.9425],[-57.8569,-0.9323],[-57.8541,-0.9239],[-57.875,-0.8967],[-57.8758,-0.8878],[-57.8826,-0.8811],[-57.8814,-0.8769],[-57.9117,-0.8656],[-57.914,-0.8594],[-57.9376,-0.8505],[-57.9448,-0.8519],[-57.951,-0.8476],[-57.9525,-0.8367],[-57.9698,-0.8419],[-57.9819,-0.8422],[-57.989,-0.8386],[-57.9927,-0.8314],[-57.9837,-0.8059],[-57.986,-0.8031],[-57.9995,-0.7917],[-58.0445,-0.7917],[-58.0427,-0.7836],[-58.0503,-0.7752],[-58.0549,-0.7857],[-58.0712,-0.793],[-58.0768,-0.807],[-58.0907,-0.8123],[-58.1114,-0.8052],[-58.1219,-0.8083],[-58.1459,-0.7924],[-58.1574,-0.7983],[-58.1615,-0.7933],[-58.1751,-0.7944],[-58.1831,-0.7883],[-58.2024,-0.8072],[-58.2126,-0.8036],[-58.21,-0.793],[-58.2128,-0.7853],[-58.2264,-0.7837],[-58.2339,-0.7698],[-58.223,-0.7574],[-58.2227,-0.7384],[-58.2302,-0.7237],[-58.2337,-0.7202],[-58.2468,-0.7224],[-58.2506,-0.6977],[-58.2657,-0.6864],[-58.2825,-0.6609],[-58.2854,-0.6499],[-58.319,-0.6117],[-58.3177,-0.5881],[-58.3121,-0.5805],[-58.3126,-0.5729],[-58.3169,-0.5688],[-58.3222,-0.5695],[-58.3308,-0.5794],[-58.3328,-0.575],[-58.3218,-0.5463],[-58.3256,-0.5354],[-58.3267,-0.5293],[-58.3364,-0.5266],[-58.3383,-0.5228],[-58.3415,-0.4825],[-58.3671,-0.4838],[-58.3791,-0.4766],[-58.3977,-0.4745],[-58.4085,-0.4633],[-58.4128,-0.4465],[-58.44,-0.4388],[-58.4562,-0.4437],[-58.4716,-0.4401],[-58.485,-0.4497],[-58.5089,-0.4499],[-58.5201,-0.4404],[-58.5214,-0.433],[-58.5126,-0.4065],[-58.5417,-0.3886],[-58.5425,-0.3829],[-58.537,-0.3809],[-58.5199,-0.3834],[-58.5196,-0.3754],[-58.517,-0.3739],[-58.5128,-0.3768],[-58.4846,-0.3784],[-58.4661,-0.373],[-58.4504,-0.3635],[-58.4477,-0.3604],[-58.4505,-0.3544],[-58.4612,-0.3403],[-58.4682,-0.338],[-58.4734,-0.3318],[-58.4636,-0.3208],[-58.4507,-0.3206],[-58.4529,-0.3057],[-58.4406,-0.2942],[-58.4457,-0.2843],[-58.4597,-0.2795],[-58.4816,-0.2896],[-58.4865,-0.2799],[-58.5129,-0.2818],[-58.5177,-0.2789],[-58.523,-0.2863],[-58.5283,-0.2848],[-58.5285,-0.2717],[-58.5323,-0.2703],[-58.5429,-0.2844],[-58.55,-0.2862],[-58.5562,-0.2816],[-58.554,-0.2738],[-58.5788,-0.2697],[-58.5882,-0.2715],[-58.588,-0.2668],[-58.5914,-0.2637],[-58.5978,-0.2653],[-58.6186,-0.2403],[-58.6308,-0.2417],[-58.6385,-0.2081],[-58.646,-0.2039],[-58.6475,-0.1913],[-58.6575,-0.1772],[-58.6627,-0.1788],[-58.6646,-0.1757],[-58.6629,-0.1672],[-58.6668,-0.1617],[-58.6764,-0.1628],[-58.6792,-0.1484],[-58.7003,-0.1528],[-58.7032,-0.1398],[-58.6994,-0.1339],[-58.7056,-0.126],[-58.7141,-0.1221],[-58.706,-0.1058],[-58.715,-0.0894],[-58.7196,-0.0877],[-58.7178,-0.0807],[-58.7029,-0.0768],[-58.7018,-0.0721],[-58.7097,-0.0698],[-58.7075,-0.0619],[-58.7109,-0.0601],[-58.7146,-0.0657],[-58.7362,-0.0645],[-58.7384,-0.0543],[-58.7416,-0.0534],[-58.7451,-0.0609],[-58.7554,-0.0582],[-58.7589,-0.0673],[-58.7702,-0.0565],[-58.774,-0.0579],[-58.7759,-0.0678],[-58.7833,-0.0712],[-58.7898,-0.0687],[-58.7946,-0.0741],[-58.8028,-0.0703],[-58.8111,-0.0748],[-58.8219,-0.0715],[-58.8239,-0.0768],[-58.8366,-0.0752],[-58.8364,-0.068],[-58.8439,-0.066],[-58.8335,-0.0536],[-58.8238,-0.049],[-58.8226,-0.0421],[-58.8272,-0.041],[-58.8231,-0.033],[-58.8252,-0.0272],[-58.8327,-0.0266],[-58.8409,-0.0191],[-58.8498,-0.0315],[-58.8617,-0.0231],[-58.8631,-0.0164],[-58.8729,-0.0073],[-58.8848,-0.0052],[-58.8945,-0.0106],[-58.895,0.2639],[-58.8951,0.5921],[-58.895,0.9051],[-58.895,1.228],[-58.895,1.2291],[-58.8817,1.2291],[-58.8742,1.2236],[-58.8664,1.2036],[-58.8589,1.2045],[-58.8539,1.1838],[-58.8456,1.1822],[-58.8314,1.1883],[-58.8264,1.1875],[-58.8236,1.1836],[-58.8247,1.1717],[-58.8208,1.1714],[-58.8056,1.1816],[-58.8031,1.1764],[-58.7997,1.1769],[-58.7911,1.1908],[-58.7789,1.191],[-58.7758,1.1858],[-58.7694,1.1869],[-58.7636,1.1975],[-58.7508,1.2089],[-58.7392,1.2003],[-58.7147,1.238],[-58.7206,1.2455],[-58.7203,1.2558],[-58.7094,1.2839],[-58.71,1.2903],[-58.6942,1.2977],[-58.6797,1.2966],[-58.6756,1.2855],[-58.6636,1.2797],[-58.6522,1.2886],[-58.6389,1.2858],[-58.6283,1.2889],[-58.6144,1.2833],[-58.6078,1.2742],[-58.5881,1.2703],[-58.585,1.2625],[-58.5772,1.275],[-58.5772,1.2836],[-58.5694,1.2864],[-58.5642,1.295],[-58.5592,1.2906],[-58.5464,1.2922],[-58.5397,1.2883],[-58.5378,1.2681],[-58.5356,1.2661],[-58.5294,1.271],[-58.5267,1.27],[-58.5225,1.2583],[-58.5186,1.2586],[-58.5197,1.2661],[-58.5125,1.278],[-58.5039,1.2736],[-58.5036,1.2694],[-58.4958,1.2684],[-58.4947,1.2953],[-58.483,1.3007],[-58.4757,1.3089],[-58.4706,1.3197],[-58.4739,1.3488],[-58.4575,1.3718],[-58.4644,1.3757],[-58.4697,1.3712],[-58.4846,1.3851],[-58.4786,1.3876],[-58.4792,1.3906],[-58.5047,1.4036],[-58.5056,1.41],[-58.5011,1.4153],[-58.5028,1.4253],[-58.4977,1.4305],[-58.5019,1.4433],[-58.5075,1.4452],[-58.5083,1.4633],[-58.493,1.4686],[-58.4879,1.4624],[-58.4724,1.4615],[-58.4615,1.4664],[-58.448,1.4564],[-58.4439,1.4569],[-58.439,1.4648],[-58.4124,1.4731],[-58.4036,1.4701],[-58.3852,1.4704],[-58.3714,1.482],[-58.3763,1.4884],[-58.3848,1.489],[-58.3899,1.4967],[-58.3911,1.5067],[-58.3832,1.5113],[-58.3933,1.5203],[-58.3943,1.5269],[-58.3891,1.5358],[-58.3627,1.5384],[-58.359,1.5467],[-58.36,1.5606],[-58.3431,1.5669],[-58.3441,1.5761],[-58.337,1.5816],[-58.332,1.5911],[-58.322,1.5974],[-58.3139,1.5943],[-58.3167,1.5688],[-58.2924,1.5647],[-58.2878,1.5728],[-58.2713,1.5678],[-58.2619,1.5711],[-58.2568,1.5695],[-58.2541,1.5623],[-58.2409,1.5545],[-58.2356,1.5471],[-58.2125,1.5652],[-58.1969,1.5675],[-58.1926,1.5726],[-58.1834,1.5657],[-58.1602,1.5605],[-58.1562,1.5441],[-58.1532,1.5434],[-58.1548,1.5304],[-58.1457,1.5157],[-58.1492,1.5104],[-58.129,1.4993],[-58.1109,1.5016],[-58.0972,1.5143],[-58.0851,1.5152],[-58.0846,1.5084],[-58.0691,1.5077],[-58.0648,1.5227],[-58.0605,1.5257],[-58.0402,1.5213],[-58.0268,1.509],[-58.0235,1.5112],[-58.0038,1.5034],[-58.0051,1.5172],[-58.0001,1.5212],[-58.0008,1.5286],[-57.9945,1.5392],[-57.9899,1.541],[-57.989,1.548],[-57.9939,1.5535],[-57.9884,1.5629],[-57.9895,1.5677],[-57.9821,1.5662],[-57.9782,1.5732],[-57.9835,1.5867],[-57.981,1.5967],[-57.9849,1.6171],[-57.9816,1.6182],[-57.9799,1.6336],[-58.0022,1.6461],[-58.002,1.6499],[-57.9898,1.6519],[-57.9897,1.6588],[-57.9806,1.6597],[-57.9784,1.6563],[-57.97,1.6548],[-57.9615,1.6575],[-57.9574,1.6546],[-57.959,1.6515],[-57.9498,1.648],[-57.9264,1.6452],[-57.9131,1.648],[-57.9043,1.6561],[-57.9017,1.6681],[-57.8946,1.6747],[-57.8888,1.6746],[-57.8843,1.6701],[-57.8768,1.6722],[-57.8767,1.6807],[-57.8517,1.6682],[-57.8527,1.6783],[-57.8466,1.6814],[-57.8438,1.6893],[-57.8397,1.684],[-57.836,1.687],[-57.8191,1.6842],[-57.8087,1.6888],[-57.7994,1.6856],[-57.796,1.6914],[-57.8033,1.7023],[-57.7965,1.7036],[-57.7919,1.727],[-57.78,1.7196],[-57.7739,1.7301],[-57.7663,1.723],[-57.7598,1.7231],[-57.7578,1.7191],[-57.7446,1.7233],[-57.7307,1.7193],[-57.7192,1.7233],[-57.716,1.7211],[-57.718,1.7159],[-57.7097,1.718],[-57.7078,1.7211],[-57.7115,1.729],[-57.7047,1.7313],[-57.6967,1.7212],[-57.6976,1.7141],[-57.6866,1.7068],[-57.6747,1.7064],[-57.672,1.7113],[-57.6691,1.7003],[-57.6601,1.6896],[-57.6551,1.6908],[-57.65,1.6828],[-57.6325,1.6918],[-57.6289,1.6989],[-57.6215,1.7001],[-57.619,1.6962],[-57.6044,1.6934],[-57.5974,1.7009],[-57.5835,1.7024],[-57.5813,1.7065],[-57.5756,1.7031],[-57.5767,1.6908],[-57.5722,1.6891],[-57.5641,1.6963],[-57.5528,1.6928],[-57.5499,1.7011],[-57.5372,1.7009],[-57.5338,1.7086],[-57.5409,1.7208],[-57.5314,1.7219],[-57.5257,1.7284],[-57.5185,1.7215],[-57.5138,1.7234],[-57.5163,1.7321],[-57.5141,1.7477],[-57.5081,1.7578],[-57.5014,1.7584],[-57.4969,1.7672],[-57.5015,1.7865],[-57.4933,1.7929],[-57.4866,1.7929],[-57.4847,1.8003],[-57.4772,1.7951],[-57.4758,1.7993],[-57.4736,1.7963],[-57.4505,1.8068],[-57.4514,1.8118],[-57.4484,1.8124],[-57.4444,1.8227],[-57.4374,1.8272],[-57.4446,1.8415],[-57.4315,1.8589],[-57.432,1.8697],[-57.4288,1.8743],[-57.4357,1.881],[-57.4321,1.8913],[-57.433,1.9064],[-57.4273,1.9098],[-57.4025,1.9131],[-57.398,1.9222],[-57.3846,1.9278],[-57.3753,1.9227],[-57.3673,1.9241],[-57.3566,1.9476],[-57.3677,1.9525],[-57.3687,1.9568],[-57.3538,1.9615],[-57.3558,1.9708],[-57.3452,1.9807],[-57.3378,1.9757],[-57.3289,1.98],[-57.3128,1.9776],[-57.3067,1.9971],[-57.2768,1.9834],[-57.2684,1.984],[-57.2674,1.9802],[-57.273,1.9745],[-57.2619,1.9621],[-57.2561,1.9615],[-57.255,1.9507],[-57.2288,1.938],[-57.2287,1.9539],[-57.2143,1.9617],[-57.1995,1.9791],[-57.1829,1.98],[-57.1787,1.9906],[-57.1636,1.9952],[-57.1471,1.9895],[-57.1404,2.0014],[-57.1196,2.0106],[-57.1159,2.0153],[-57.1162,2.0283],[-57.1112,2.0299],[-57.0959,2.0183],[-57.0863,2.0269],[-57.0812,2.0193],[-57.0821,2.0079],[-57.0731,2.0028],[-57.0707,1.997],[-57.0708,1.9691],[-57.0635,1.9564],[-57.0561,1.9572],[-57.0534,1.9528],[-57.047,1.9536],[-57.0316,1.9473],[-57.0245,1.9402],[-57.024,1.9282],[-57.0138,1.9153],[-57.0087,1.9174],[-57.0003,1.9077],[-56.9824,1.9077],[-56.9757,1.9034],[-56.9711,1.906],[-56.9678,1.917],[-56.9588,1.9248],[-56.9501,1.9231],[-56.9494,1.9198],[-56.9193,1.9308],[-56.9059,1.9156],[-56.9068,1.9109],[-56.8931,1.8997],[-56.8911,1.9023],[-56.8864,1.8973],[-56.8662,1.8935],[-56.8641,1.897],[-56.8582,1.8957],[-56.8592,1.891],[-56.8559,1.8896],[-56.8454,1.8937],[-56.8374,1.8884],[-56.8306,1.8892],[-56.8282,1.882],[-56.8212,1.8836],[-56.8205,1.8796],[-56.8089,1.8741],[-56.7984,1.873],[-56.8006,1.8664],[-56.7954,1.8617],[-56.7975,1.8538],[-56.7876,1.8548],[-56.7883,1.8645],[-56.7734,1.8692],[-56.7677,1.8764],[-56.7645,1.8888],[-56.7531,1.893],[-56.7494,1.9033],[-56.7372,1.909],[-56.7343,1.9176],[-56.7264,1.9189],[-56.7206,1.9262],[-56.7042,1.9243],[-56.6819,1.9127],[-56.6787,1.9213],[-56.6731,1.9131],[-56.6506,1.9175],[-56.6487,1.9316],[-56.6406,1.9317],[-56.6295,1.9429],[-56.621,1.9463],[-56.6074,1.9347],[-56.598,1.9369],[-56.596,1.9263],[-56.5794,1.9063],[-56.5606,1.9114],[-56.5551,1.9177],[-56.5462,1.9158],[-56.5245,1.9251],[-56.5176,1.9327],[-56.4952,1.9384],[-56.4824,1.9545],[-56.4686,1.9496],[-56.4538,1.9528],[-56.4509,1.9566],[-56.4443,1.949],[-56.4366,1.9521],[-56.4317,1.9469],[-56.4225,1.9461],[-56.4222,1.9394],[-56.4114,1.9287],[-56.4032,1.9307],[-56.3966,1.9237],[-56.3896,1.9238],[-56.3882,1.9333],[-56.3717,1.9333],[-56.3686,1.9377],[-56.3578,1.9419],[-56.3389,1.9358],[-56.3345,1.9375],[-56.321,1.924],[-56.3086,1.9213],[-56.3023,1.9121],[-56.2949,1.9091],[-56.2904,1.9109],[-56.2896,1.9069],[-56.2719,1.897],[-56.2627,1.886],[-56.2436,1.8785],[-56.2341,1.899],[-56.2146,1.9025],[-56.2086,1.8948],[-56.2006,1.8966],[-56.1985,1.893],[-56.182,1.893],[-56.1705,1.9009],[-56.1681,1.8881],[-56.1599,1.8918],[-56.1522,1.8911],[-56.1407,1.8755],[-56.1321,1.8703],[-56.1295,1.8596],[-56.1198,1.8575],[-56.1172,1.8514],[-56.1124,1.8555],[-56.0982,1.8469],[-56.0898,1.8542],[-56.0849,1.8535],[-56.0809,1.8463],[-56.077,1.8455],[-56.0751,1.8502],[-56.0661,1.8523],[-56.0495,1.8513],[-56.043,1.8476],[-56.0362,1.8506],[-56.0286,1.842],[-56.0237,1.843],[-55.9986,1.8317],[-55.9953,1.8353],[-55.9828,1.8359],[-55.9789,1.8424],[-55.9756,1.8407],[-55.9697,1.8487],[-55.956,1.8455],[-55.9339,1.8719],[-55.9145,1.8851],[-55.9034,1.8884],[-55.9015,1.9082],[-55.9201,1.9194],[-55.9216,1.9337],[-55.9291,1.9397],[-55.9221,1.9508],[-55.9359,1.9869],[-55.9347,1.9969],[-55.9287,1.9977],[-55.9223,1.9917],[-55.9133,1.9909],[-55.9075,2.0017],[-55.9063,2.0138],[-55.9104,2.0148],[-55.9101,2.0224],[-55.9016,2.0297],[-55.9027,2.0415],[-55.9084,2.0478],[-55.9324,2.0582],[-55.9263,2.0755],[-55.9287,2.0791],[-55.9377,2.0789],[-55.9483,2.0921],[-55.9664,2.0888],[-55.9726,2.1036],[-55.9693,2.1135],[-55.973,2.1166],[-55.9778,2.1155],[-55.9751,2.1264],[-55.9817,2.1323],[-55.9886,2.1325],[-55.9909,2.1317],[-55.9934,2.14],[-55.9886,2.1438],[-55.9863,2.1462],[-55.9886,2.15],[-56.0027,2.168],[-56.0137,2.1658],[-56.0347,2.1692],[-56.0454,2.1775],[-56.0493,2.1848],[-56.0546,2.1851],[-56.0559,2.1898],[-56.0465,2.1964],[-56.0357,2.2139],[-56.0374,2.2201],[-56.043,2.2217],[-56.0425,2.2282],[-56.0576,2.2338],[-56.0684,2.2432],[-56.0769,2.2379],[-56.0876,2.2503],[-56.0953,2.2465],[-56.0956,2.2418],[-56.1085,2.2452],[-56.12,2.2507],[-56.1226,2.2591],[-56.1385,2.2662],[-56.1366,2.2711],[-56.1249,2.2786],[-56.1277,2.2869],[-56.1141,2.299],[-56.113,2.3115],[-56.1068,2.3187],[-56.0934,2.3216],[-56.0915,2.3303],[-56.0952,2.3387],[-56.0885,2.3519],[-56.0918,2.3605],[-56.0886,2.3645],[-56.0897,2.3727],[-56.084,2.3754],[-56.0805,2.3736],[-56.0805,2.3694],[-56.0735,2.3712],[-56.0608,2.3553],[-56.0587,2.3434],[-56.0502,2.3354],[-56.0292,2.3329],[-56.0292,2.34],[-56.0214,2.3429],[-56.0221,2.3479],[-56.0265,2.3475],[-56.0265,2.3557],[-56.0326,2.3646],[-56.0396,2.3667],[-56.0362,2.3747],[-56.0243,2.3828],[-56.0228,2.3913],[-56.0143,2.4002],[-56.0066,2.4019],[-56.001,2.4133],[-55.989,2.4182],[-55.9866,2.4207],[-55.989,2.422],[-55.989,2.4275],[-55.985,2.4297],[-55.989,2.4367],[-55.9917,2.439],[-55.9946,2.436],[-56.0028,2.4463],[-56.0085,2.4447],[-56.0111,2.4532],[-55.9891,2.4699],[-55.9877,2.4791],[-55.9771,2.49],[-55.9775,2.4968],[-55.9891,2.5017],[-55.9925,2.505],[-55.9891,2.5173],[-55.9792,2.5192],[-55.9778,2.5278],[-55.9733,2.5262],[-55.9701,2.5297],[-55.9342,2.5339],[-55.9238,2.531]]]}},{"type":"Feature","properties":{"nome":"Ourém","cod":"1505403","uf":"PA"},"geometry":{"type":"Polygon","coordinates":[[[-47.102,-1.3774],[-47.069,-1.3855],[-47.0562,-1.3818],[-47.0475,-1.407],[-47.0376,-1.4163],[-47.044,-1.4364],[-47.0472,-1.4496],[-47.058,-1.4558],[-47.0243,-1.4767],[-46.9753,-1.5071],[-46.9674,-1.5254],[-46.9674,-1.5263],[-46.974,-1.5526],[-46.9788,-1.558],[-46.9788,-1.5815],[-46.9752,-1.5882],[-46.9778,-1.5928],[-46.9923,-1.5878],[-47.0035,-1.5909],[-47.0058,-1.5843],[-47.0022,-1.5751],[-47.0048,-1.5727],[-47.008,-1.5722],[-47.0118,-1.5774],[-47.0158,-1.5777],[-47.0171,-1.5745],[-47.0234,-1.5764],[-47.0269,-1.5754],[-47.0311,-1.5666],[-47.043,-1.5499],[-47.0566,-1.5422],[-47.0802,-1.5394],[-47.0835,-1.541],[-47.0819,-1.5538],[-47.0874,-1.5574],[-47.1037,-1.5612],[-47.1106,-1.5557],[-47.1126,-1.5534],[-47.1139,-1.5541],[-47.1209,-1.5598],[-47.1354,-1.5555],[-47.1386,-1.5633],[-47.1475,-1.5731],[-47.1589,-1.573],[-47.1692,-1.575],[-47.1704,-1.5713],[-47.177,-1.5711],[-47.1844,-1.5758],[-47.1914,-1.5756],[-47.1998,-1.5854],[-47.2161,-1.5843],[-47.2205,-1.5922],[-47.2266,-1.5911],[-47.2369,-1.5989],[-47.2404,-1.5974],[-47.24,-1.5937],[-47.2514,-1.5847],[-47.2638,-1.5887],[-47.2804,-1.5859],[-47.2876,-1.5903],[-47.2892,-1.6001],[-47.305,-1.6024],[-47.3083,-1.604],[-47.3068,-1.6073],[-47.3098,-1.6104],[-47.3266,-1.605],[-47.3173,-1.5971],[-47.3179,-1.5815],[-47.3241,-1.564],[-47.3166,-1.5533],[-47.2863,-1.5371],[-47.2457,-1.4863],[-47.2317,-1.4641],[-47.1888,-1.3961],[-47.1858,-1.3941],[-47.184,-1.3931],[-47.1572,-1.3723],[-47.1527,-1.3649],[-47.1041,-1.3769],[-47.102,-1.3774]]]}},{"type":"Feature","properties":{"nome":"Ourilândia do Norte","cod":"1505437","uf":"PA"},"geometry":{"type":"Polygon","coordinates":[[[-51.1433,-6.5327],[-51.124,-6.5343],[-51.1183,-6.5318],[-51.1068,-6.537],[-51.0963,-6.535],[-51.0874,-6.5425],[-51.0638,-6.5417],[-51.0576,-6.5339],[-51.0503,-6.5407],[-51.0524,-6.5457],[-51.0485,-6.5548],[-51.0385,-6.56],[-51.0095,-6.5894],[-51.0108,-6.5974],[-51.0074,-6.6047],[-51.0118,-6.6053],[-51.0095,-6.6182],[-51.0142,-6.6285],[-51.0134,-6.6348],[-51.0071,-6.638],[-51.0046,-6.6498],[-50.9953,-6.6572],[-50.994,-6.6662],[-50.9715,-6.6768],[-50.9498,-6.6879],[-50.944,-6.6997],[-50.9382,-6.7016],[-50.9334,-6.698],[-50.9009,-6.7098],[-50.8974,-6.7214],[-50.901,-6.7249],[-50.8967,-6.7469],[-50.8868,-6.747],[-50.88,-6.7561],[-50.8735,-6.7558],[-50.8697,-6.763],[-50.8619,-6.7639],[-50.8567,-6.7652],[-50.8555,-6.7749],[-50.848,-6.7838],[-50.8443,-6.7832],[-50.8405,-6.7921],[-50.8427,-6.7963],[-50.8352,-6.8118],[-50.8293,-6.8158],[-50.8273,-6.8274],[-50.82,-6.8297],[-50.8159,-6.8273],[-50.8151,-6.8342],[-50.7931,-6.8425],[-50.7892,-6.8533],[-50.7822,-6.855],[-50.7794,-6.8603],[-50.7474,-6.874],[-50.7464,-6.8809],[-50.7517,-6.8883],[-50.7531,-6.9332],[-50.7596,-6.9611],[-50.7562,-6.9786],[-50.7641,-6.9929],[-50.7642,-7.001],[-50.7721,-7.004],[-50.7609,-7.0041],[-50.7526,-6.9963],[-50.7476,-6.9947],[-50.7345,-6.9986],[-50.7299,-7.0116],[-50.7209,-7.0067],[-50.7159,-7.0067],[-50.7054,-7.0162],[-50.6915,-7.0157],[-50.6823,-7.0218],[-50.6798,-7.0279],[-50.6727,-7.0296],[-50.6504,-7.0416],[-50.6475,-7.0561],[-50.5969,-7.0639],[-50.5849,-7.0826],[-50.5771,-7.0754],[-50.5592,-7.0766],[-50.5538,-7.0806],[-50.5496,-7.0907],[-50.5379,-7.0973],[-50.5403,-7.1106],[-50.5284,-7.1236],[-50.5253,-7.1289],[-50.5306,-7.1419],[-50.5195,-7.1494],[-50.5223,-7.1609],[-50.5084,-7.1753],[-50.5087,-7.1926],[-50.5204,-7.197],[-50.528,-7.2059],[-50.534,-7.2043],[-50.542,-7.2087],[-50.554,-7.2181],[-50.5621,-7.2333],[-50.5671,-7.2321],[-50.5757,-7.2364],[-50.5828,-7.2292],[-50.5871,-7.233],[-50.5982,-7.23],[-50.6029,-7.2335],[-50.6104,-7.2298],[-50.6138,-7.2382],[-50.6121,-7.2468],[-50.6188,-7.2499],[-50.6385,-7.2726],[-50.6447,-7.286],[-50.6509,-7.2966],[-50.6571,-7.2978],[-50.6606,-7.3027],[-50.661,-7.3122],[-50.6738,-7.3132],[-50.6737,-7.3215],[-50.683,-7.3241],[-50.6988,-7.3222],[-50.6984,-7.3283],[-50.706,-7.327],[-50.7126,-7.3316],[-50.7215,-7.3271],[-50.7229,-7.3401],[-50.7321,-7.3476],[-50.7379,-7.3483],[-50.7408,-7.3418],[-50.7462,-7.3416],[-50.7484,-7.347],[-50.7577,-7.3462],[-50.7641,-7.35],[-50.7829,-7.3401],[-50.7895,-7.3321],[-50.8017,-7.3279],[-50.8115,-7.3176],[-50.8196,-7.3157],[-50.8267,-7.3231],[-50.8368,-7.3216],[-50.8394,-7.3211],[-50.8511,-7.3205],[-50.8649,-7.3274],[-50.8657,-7.3309],[-50.8726,-7.3298],[-50.8929,-7.3376],[-50.9219,-7.3316],[-50.9282,-7.3352],[-50.9255,-7.3424],[-50.9296,-7.3532],[-50.9326,-7.3537],[-50.9307,-7.3508],[-50.9364,-7.3475],[-50.9455,-7.3552],[-50.9483,-7.3611],[-50.9437,-7.3674],[-50.9458,-7.3705],[-50.953,-7.3742],[-50.9661,-7.37],[-50.9716,-7.3731],[-50.9822,-7.3781],[-50.9842,-7.374],[-50.9872,-7.3761],[-50.9958,-7.3715],[-50.9995,-7.373],[-51.0018,-7.3707],[-50.9984,-7.3672],[-51.0024,-7.3665],[-51.0025,-7.3615],[-51.025,-7.3592],[-51.0283,-7.3526],[-51.0259,-7.3499],[-51.0396,-7.3491],[-51.0363,-7.3442],[-51.0391,-7.3372],[-51.0585,-7.3307],[-51.0631,-7.3201],[-51.0694,-7.319],[-51.0778,-7.3277],[-51.0894,-7.332],[-51.1022,-7.3489],[-51.1119,-7.3482],[-51.1101,-7.3402],[-51.1216,-7.3432],[-51.1311,-7.3508],[-51.1312,-7.3543],[-51.1345,-7.3534],[-51.1347,-7.3598],[-51.1417,-7.3601],[-51.1451,-7.3555],[-51.1481,-7.3577],[-51.1552,-7.3473],[-51.1654,-7.3431],[-51.1688,-7.3458],[-51.1709,-7.343],[-51.1765,-7.3467],[-51.177,-7.352],[-51.183,-7.3532],[-51.1834,-7.3453],[-51.1881,-7.3464],[-51.1923,-7.3297],[-51.1954,-7.3311],[-51.1957,-7.3262],[-51.2044,-7.3281],[-51.206,-7.3484],[-51.2123,-7.3711],[-51.2199,-7.3809],[-51.2269,-7.3841],[-51.2298,-7.4035],[-51.2189,-7.4134],[-51.2112,-7.4281],[-51.2127,-7.4476],[-51.1997,-7.473],[-51.1995,-7.512],[-51.1985,-7.5203],[-51.1883,-7.5239],[-51.1851,-7.5298],[-51.1856,-7.5576],[-51.1931,-7.566],[-51.2361,-7.5878],[-51.2407,-7.6001],[-51.2392,-7.6107],[-51.2149,-7.6299],[-51.2152,-7.6463],[-51.2104,-7.659],[-51.2129,-7.6767],[-51.2069,-7.6841],[-51.1981,-7.6875],[-51.186,-7.715],[-51.1879,-7.7263],[-51.1358,-7.7687],[-51.147,-7.7888],[-51.1463,-7.7965],[-51.1539,-7.8221],[-51.1689,-7.8463],[-51.1769,-7.8752],[-51.2124,-7.8963],[-51.2253,-7.8992],[-51.231,-7.9049],[-51.2368,-7.9314],[-51.2498,-7.9553],[-51.2714,-7.9583],[-51.2919,-7.9667],[-51.3057,-7.9765],[-51.3215,-7.9755],[-51.3256,-7.9696],[-51.3327,-7.9721],[-51.3385,-7.9766],[-51.341,-7.9856],[-51.3502,-7.9883],[-51.351,-7.9917],[-51.3421,-8.0001],[-51.3494,-8.0063],[-51.3637,-8.0069],[-51.3846,-8.0157],[-51.3952,-8.0136],[-51.4024,-8.0166],[-51.4136,-8.0116],[-51.4156,-8.006],[-51.4244,-8.0056],[-51.4417,-8.0279],[-51.4352,-8.0451],[-51.4354,-8.0663],[-51.4319,-8.0727],[-51.4351,-8.0763],[-51.4467,-8.078],[-51.4449,-8.0905],[-51.4548,-8.0946],[-51.4566,-8.1112],[-51.4653,-8.1056],[-51.4697,-8.1169],[-51.481,-8.1292],[-51.4841,-8.1439],[-51.4882,-8.1454],[-51.489,-8.1509],[-51.5023,-8.164],[-51.5062,-8.1623],[-51.5036,-8.1661],[-51.5139,-8.1707],[-51.5132,-8.1848],[-51.5293,-8.1866],[-51.5341,-8.1999],[-51.5422,-8.2029],[-51.5431,-8.2065],[-51.5516,-8.2052],[-51.5618,-8.1914],[-51.5681,-8.196],[-51.5706,-8.1932],[-51.5741,-8.1991],[-51.5749,-8.1951],[-51.5876,-8.19],[-51.5996,-8.1911],[-51.5992,-8.195],[-51.6052,-8.194],[-51.6205,-8.2036],[-51.6272,-8.2108],[-51.6266,-8.2175],[-51.6438,-8.2333],[-51.6367,-8.2453],[-51.6428,-8.2461],[-51.6533,-8.2402],[-51.6578,-8.2464],[-51.6626,-8.2413],[-51.6624,-8.2362],[-51.6678,-8.2349],[-51.6764,-8.2442],[-51.6814,-8.2441],[-51.6917,-8.2347],[-51.7004,-8.2352],[-51.7118,-8.2296],[-51.7153,-8.2318],[-51.7182,-8.2265],[-51.7223,-8.2283],[-51.7237,-8.2357],[-51.7333,-8.2395],[-51.7532,-8.2298],[-51.7574,-8.2407],[-51.7686,-8.25],[-51.7673,-8.261],[-51.7707,-8.2706],[-51.7751,-8.2735],[-51.7938,-8.2696],[-51.8062,-8.2605],[-51.8215,-8.2548],[-51.8407,-8.2539],[-51.8639,-8.2455],[-51.8796,-8.2187],[-51.8826,-8.2184],[-51.8964,-8.2345],[-51.9047,-8.2374],[-51.9103,-8.2485],[-51.9088,-8.2703],[-51.892,-8.2863],[-51.891,-8.3057],[-51.8873,-8.3091],[-51.8768,-8.3069],[-51.8694,-8.3094],[-51.8532,-8.3367],[-51.8346,-8.3326],[-51.8144,-8.3449],[-51.8061,-8.3383],[-51.805,-8.3479],[-51.7947,-8.353],[-51.7937,-8.3656],[-51.7798,-8.3726],[-51.7813,-8.3793],[-51.7878,-8.3845],[-51.8047,-8.3895],[-51.8136,-8.4047],[-51.8396,-8.4103],[-51.8554,-8.4259],[-51.877,-8.4234],[-51.8914,-8.4263],[-51.9167,-8.4407],[-51.9374,-8.4404],[-51.942,-8.427],[-51.9545,-8.4204],[-51.9721,-8.424],[-51.9832,-8.4206],[-51.9967,-8.4239],[-52.0033,-8.4212],[-52.011,-8.4128],[-52.0174,-8.4121],[-52.0247,-8.4062],[-52.0196,-8.398],[-52.0248,-8.3823],[-52.0214,-8.3769],[-52.0259,-8.3687],[-52.0236,-8.3599],[-52.0293,-8.3392],[-52.0449,-8.3344],[-52.0516,-8.3385],[-52.0573,-8.3282],[-52.0775,-8.3132],[-52.0784,-8.2998],[-52.0742,-8.293],[-52.0836,-8.2939],[-52.0856,-8.2914],[-52.0817,-8.2866],[-52.0828,-8.2773],[-52.0774,-8.2737],[-52.0753,-8.2635],[-52.0675,-8.2528],[-52.0759,-8.244],[-52.0772,-8.2374],[-52.072,-8.2324],[-52.0711,-8.2179],[-52.0929,-8.1997],[-52.0997,-8.1879],[-52.1028,-8.1835],[-52.1136,-8.1842],[-52.1183,-8.1794],[-52.1205,-8.161],[-52.1321,-8.148],[-52.1259,-8.139],[-52.1313,-8.1213],[-52.1365,-8.1188],[-52.1468,-8.116],[-52.1468,-8.1126],[-52.1367,-8.0972],[-52.1406,-8.0922],[-52.1365,-8.0854],[-52.138,-8.0786],[-52.1271,-8.0589],[-52.1296,-8.0557],[-52.1373,-8.0606],[-52.1478,-8.0586],[-52.163,-8.0363],[-52.1632,-8.0331],[-52.1524,-8.0227],[-52.1529,-8.0093],[-52.1497,-8.0086],[-52.1513,-8.0055],[-52.1465,-8.0003],[-52.1397,-7.9881],[-52.144,-7.9836],[-52.1596,-7.9798],[-52.1654,-7.9737],[-52.1579,-7.9626],[-52.169,-7.9536],[-52.1674,-7.9488],[-52.1703,-7.9475],[-52.1716,-7.9327],[-52.1782,-7.9246],[-52.1722,-7.9246],[-52.1673,-7.9204],[-52.1725,-7.9101],[-52.1619,-7.9049],[-52.1668,-7.8954],[-52.1661,-7.8826],[-52.1602,-7.882],[-52.1551,-7.8917],[-52.1512,-7.8874],[-52.1509,-7.8791],[-52.1462,-7.8802],[-52.1451,-7.8752],[-52.1303,-7.8664],[-52.1418,-7.8569],[-52.1361,-7.8523],[-52.1443,-7.8473],[-52.1399,-7.8436],[-52.1481,-7.8387],[-52.1439,-7.8356],[-52.1464,-7.8337],[-52.1443,-7.8272],[-52.1491,-7.8172],[-52.1452,-7.8132],[-52.1332,-7.8166],[-52.1312,-7.8012],[-52.1187,-7.7854],[-52.1229,-7.7811],[-52.1195,-7.7745],[-52.116,-7.7758],[-52.1169,-7.7705],[-52.1124,-7.7667],[-52.1081,-7.7695],[-52.103,-7.7666],[-52.1056,-7.7599],[-52.1011,-7.7581],[-52.0999,-7.7495],[-52.0863,-7.7548],[-52.0878,-7.7488],[-52.0839,-7.7463],[-52.0756,-7.7463],[-52.0718,-7.7505],[-52.0645,-7.7496],[-52.0601,-7.7416],[-52.05,-7.743],[-52.0502,-7.7388],[-52.046,-7.7386],[-52.0377,-7.7287],[-52.0162,-7.7369],[-52.0087,-7.7293],[-52.0041,-7.7323],[-51.9914,-7.7242],[-51.9869,-7.728],[-51.9978,-7.7356],[-51.997,-7.7447],[-51.9822,-7.7422],[-51.9857,-7.7586],[-51.983,-7.7647],[-51.9619,-7.7705],[-51.9509,-7.7545],[-51.9435,-7.7527],[-51.947,-7.7376],[-51.9406,-7.7335],[-51.9365,-7.7239],[-51.927,-7.7227],[-51.9162,-7.7139],[-51.9096,-7.7151],[-51.8972,-7.7108],[-51.8855,-7.7217],[-51.882,-7.7017],[-51.8865,-7.6932],[-51.8866,-7.6772],[-51.8734,-7.6551],[-51.8912,-7.6532],[-51.8961,-7.6482],[-51.8924,-7.6331],[-51.8819,-7.6276],[-51.8829,-7.6185],[-51.8871,-7.6137],[-51.8867,-7.6104],[-51.8801,-7.6092],[-51.8829,-7.589],[-51.8729,-7.5727],[-51.8762,-7.5515],[-51.874,-7.5497],[-51.8737,-7.5558],[-51.8679,-7.5592],[-51.8632,-7.5578],[-51.8677,-7.5504],[-51.8627,-7.5417],[-51.8666,-7.5299],[-51.8557,-7.5157],[-51.8429,-7.497],[-51.8445,-7.4924],[-51.8182,-7.482],[-51.8139,-7.4647],[-51.8188,-7.4523],[-51.8144,-7.4492],[-51.8136,-7.4315],[-51.8076,-7.4335],[-51.8011,-7.428],[-51.7994,-7.4152],[-51.7943,-7.4123],[-51.7931,-7.4049],[-51.7777,-7.3892],[-51.7707,-7.374],[-51.765,-7.37],[-51.7651,-7.3608],[-51.7602,-7.3544],[-51.7614,-7.3475],[-51.7691,-7.3446],[-51.7758,-7.3467],[-51.7814,-7.3394],[-51.7758,-7.3302],[-51.7758,-7.3236],[-51.7611,-7.3191],[-51.7534,-7.308],[-51.7547,-7.2925],[-51.7406,-7.2884],[-51.7385,-7.2845],[-51.7399,-7.2811],[-51.7495,-7.2803],[-51.7496,-7.2766],[-51.7426,-7.2648],[-51.7391,-7.2643],[-51.7371,-7.2439],[-51.7242,-7.2445],[-51.7182,-7.2376],[-51.7043,-7.2326],[-51.6998,-7.2219],[-51.6743,-7.2199],[-51.6736,-7.2169],[-51.6824,-7.2108],[-51.6765,-7.2075],[-51.6748,-7.1982],[-51.6576,-7.1896],[-51.6538,-7.1516],[-51.6569,-7.1463],[-51.6618,-7.1371],[-51.6628,-7.1178],[-51.664,-7.1115],[-51.6569,-7.0862],[-51.6652,-7.0707],[-51.6646,-7.0597],[-51.6763,-7.0446],[-51.6834,-7.0222],[-51.6714,-7.0195],[-51.67,-7.0167],[-51.6797,-7.0103],[-51.6686,-6.9964],[-51.6575,-7.0036],[-51.6508,-7.0029],[-51.6493,-7.0067],[-51.6463,-7.0072],[-51.6416,-7.0],[-51.6151,-7.0109],[-51.6069,-7.0038],[-51.5976,-7.0091],[-51.5841,-7.0057],[-51.5828,-7.003],[-51.5797,-7.0038],[-51.5802,-7.0072],[-51.5738,-7.0077],[-51.5666,-7.0206],[-51.5573,-7.0179],[-51.5517,-7.008],[-51.5495,-7.0103],[-51.5431,-7.0083],[-51.5404,-7.0024],[-51.5307,-7.0024],[-51.5267,-7.0072],[-51.5153,-7.0014],[-51.5151,-7.0048],[-51.5082,-7.0075],[-51.5036,-7.0032],[-51.489,-7.0125],[-51.4845,-7.005],[-51.4756,-7.0001],[-51.4669,-7.0036],[-51.4607,-7.0046],[-51.4586,-7.0128],[-51.4466,-7.0069],[-51.4245,-7.0242],[-51.4211,-7.0326],[-51.3992,-7.0341],[-51.3926,-7.0412],[-51.3891,-7.0408],[-51.3849,-7.0497],[-51.3747,-7.0493],[-51.3726,-7.052],[-51.3601,-7.0491],[-51.3537,-7.0517],[-51.333,-7.0438],[-51.3299,-7.0353],[-51.3269,-7.0357],[-51.3253,-7.0271],[-51.3182,-7.0213],[-51.3143,-7.0233],[-51.3117,-7.0206],[-51.3117,-7.0131],[-51.3044,-7.004],[-51.2868,-6.9981],[-51.2771,-6.9887],[-51.2775,-6.9855],[-51.2697,-6.9794],[-51.2687,-6.9702],[-51.2488,-6.9704],[-51.2317,-6.9609],[-51.2151,-6.9586],[-51.2112,-6.9563],[-51.2062,-6.9613],[-51.1696,-6.9151],[-51.1496,-6.9092],[-51.1363,-6.893],[-51.1223,-6.8914],[-51.1163,-6.8867],[-51.1093,-6.8825],[-51.1022,-6.8779],[-51.1028,-6.7632],[-51.1029,-6.7467],[-51.1017,-6.7349],[-51.0856,-6.7165],[-51.086,-6.706],[-51.0906,-6.7048],[-51.0808,-6.6861],[-51.0749,-6.6789],[-51.084,-6.6588],[-51.1115,-6.6462],[-51.1128,-6.6361],[-51.1242,-6.6408],[-51.1334,-6.638],[-51.1309,-6.6316],[-51.1235,-6.6274],[-51.1248,-6.6235],[-51.1346,-6.6137],[-51.1437,-6.5957],[-51.1371,-6.5732],[-51.1426,-6.5592],[-51.1505,-6.5508],[-51.1476,-6.5277],[-51.1433,-6.5327]]]}},{"type":"Feature","properties":{"nome":"Pacajá","cod":"1505486","uf":"PA"},"geometry":{"type":"Polygon","coordinates":[[[-51.0722,-3.1048],[-51.0552,-3.1094],[-51.0297,-3.1053],[-51.0163,-3.1111],[-51.01,-3.1285],[-51.0,-3.1291],[-50.9969,-3.124],[-50.9747,-3.122],[-50.9723,-3.1243],[-50.9754,-3.1491],[-50.9798,-3.1544],[-50.9685,-3.1696],[-50.9654,-3.1891],[-50.9484,-3.1924],[-50.951,-3.201],[-50.9311,-3.215],[-50.9338,-3.2214],[-50.9367,-3.2211],[-50.9358,-3.2308],[-50.9155,-3.2487],[-50.8986,-3.255],[-50.8917,-3.2633],[-50.8851,-3.2644],[-50.8712,-3.2766],[-50.8642,-3.2789],[-50.8464,-3.2958],[-50.8339,-3.3333],[-50.8391,-3.3436],[-50.8405,-3.368],[-50.8323,-3.3748],[-50.8248,-3.4022],[-50.8109,-3.4277],[-50.8086,-3.4484],[-50.8135,-3.4606],[-50.8049,-3.4885],[-50.8085,-3.4947],[-50.737,-3.4866],[-50.5966,-3.4706],[-50.4855,-3.458],[-50.4959,-3.4174],[-50.4869,-3.416],[-50.4838,-3.4055],[-50.4763,-3.4027],[-50.4752,-3.3984],[-50.4361,-3.395],[-50.4325,-3.4053],[-50.4225,-3.4127],[-50.398,-3.4009],[-50.392,-3.3941],[-50.3806,-3.3907],[-50.374,-3.3803],[-50.3625,-3.3841],[-50.3556,-3.3651],[-50.3433,-3.3609],[-50.3397,-3.3513],[-50.3288,-3.3507],[-50.321,-3.3214],[-50.3244,-3.3164],[-50.289,-3.3076],[-50.2822,-3.3011],[-50.2812,-3.2885],[-50.2726,-3.2812],[-50.2549,-3.2739],[-50.2503,-3.2676],[-50.252,-3.257],[-50.2459,-3.2529],[-50.248,-3.243],[-50.2382,-3.2421],[-50.2289,-3.2335],[-50.2213,-3.2405],[-50.2175,-3.2354],[-50.2092,-3.2372],[-50.2035,-3.2448],[-50.1923,-3.2729],[-50.1699,-3.2928],[-50.1563,-3.3001],[-50.1127,-3.2692],[-50.0979,-3.2718],[-50.0791,-3.2829],[-50.0693,-3.3004],[-50.0557,-3.3076],[-50.0419,-3.31],[-50.0277,-3.3203],[-50.018,-3.3212],[-50.006,-3.3312],[-50.0,-3.3241],[-49.979,-3.3248],[-49.969,-3.3193],[-49.9324,-3.3235],[-49.9188,-3.3286],[-49.9081,-3.3253],[-49.908,-3.353],[-49.9026,-3.3674],[-49.8719,-3.3852],[-49.8662,-3.3934],[-49.8529,-3.3919],[-49.848,-3.3947],[-49.834,-3.4037],[-49.8351,-3.4159],[-49.8386,-3.421],[-49.8362,-3.4469],[-49.8236,-3.4545],[-49.8157,-3.4679],[-49.8163,-3.476],[-49.8078,-3.4807],[-49.803,-3.4894],[-49.8028,-3.5],[-49.8174,-3.509],[-49.8187,-3.5155],[-49.8085,-3.5185],[-49.8055,-3.5327],[-49.8257,-3.558],[-49.8469,-3.5753],[-49.8584,-3.579],[-49.8696,-3.576],[-49.8749,-3.5788],[-49.8759,-3.5981],[-49.88,-3.599],[-49.8858,-3.5896],[-49.8913,-3.5885],[-49.9008,-3.5922],[-49.9154,-3.6068],[-49.9286,-3.6171],[-49.9261,-3.6324],[-49.9337,-3.6336],[-49.9403,-3.6413],[-49.9361,-3.6503],[-49.9651,-3.6606],[-49.9694,-3.6705],[-49.9679,-3.6832],[-49.9894,-3.6916],[-49.9976,-3.7134],[-49.9921,-3.7249],[-49.9863,-3.729],[-49.9885,-3.7412],[-49.9849,-3.7504],[-49.9757,-3.7585],[-49.9719,-3.7718],[-49.9571,-3.791],[-49.9726,-3.7971],[-49.9736,-3.813],[-49.9681,-3.8153],[-49.9669,-3.8241],[-49.9791,-3.8446],[-49.9822,-3.8476],[-50.0018,-3.8505],[-50.0123,-3.859],[-50.0063,-3.872],[-50.0052,-3.884],[-50.016,-3.9004],[-50.0204,-3.9064],[-50.0394,-3.9104],[-50.0458,-3.9177],[-50.0553,-3.9216],[-50.0578,-3.9317],[-50.0672,-3.9402],[-50.0668,-3.9506],[-50.0706,-3.9602],[-50.0874,-3.9577],[-50.0939,-3.9607],[-50.123,-3.9875],[-50.1304,-4.027],[-50.1175,-4.0331],[-50.1103,-4.0281],[-50.1068,-4.0312],[-50.1092,-4.0435],[-50.1169,-4.0517],[-50.0982,-4.0601],[-50.0967,-4.0685],[-50.1006,-4.0751],[-50.1081,-4.0776],[-50.1234,-4.0731],[-50.2857,-4.0258],[-50.4443,-3.9795],[-50.4461,-3.979],[-50.6698,-3.9143],[-50.7037,-3.9045],[-50.881,-3.8532],[-50.8085,-3.9747],[-50.6737,-4.2068],[-50.6758,-4.2077],[-50.6819,-4.2095],[-50.6813,-4.2192],[-50.6984,-4.2252],[-50.7152,-4.2417],[-50.7313,-4.2423],[-50.7694,-4.2533],[-50.8008,-4.2765],[-50.8037,-4.284],[-50.818,-4.2946],[-50.8202,-4.2904],[-50.839,-4.2932],[-50.8665,-4.2863],[-50.894,-4.2869],[-50.9093,-4.2819],[-50.9185,-4.2721],[-50.9253,-4.2756],[-50.9381,-4.2699],[-50.9652,-4.266],[-50.9733,-4.2549],[-50.9899,-4.2633],[-50.9933,-4.2709],[-50.9943,-4.2622],[-50.9841,-4.2439],[-50.9966,-4.2128],[-51.0001,-4.211],[-51.0066,-4.2193],[-51.0097,-4.2137],[-51.0184,-4.2106],[-51.0371,-4.232],[-51.0488,-4.23],[-51.0696,-4.1993],[-51.0729,-4.1855],[-51.0718,-4.1669],[-51.0861,-4.1618],[-51.091,-4.1426],[-51.1069,-4.1158],[-51.1076,-4.0962],[-51.1157,-4.0815],[-51.1256,-4.0849],[-51.1287,-4.0805],[-51.1309,-4.0831],[-51.1327,-4.08],[-51.1468,-4.0817],[-51.1604,-4.0723],[-51.1691,-4.0774],[-51.1828,-4.0788],[-51.1906,-4.0828],[-51.1981,-4.0762],[-51.2064,-4.0786],[-51.2099,-4.0605],[-51.2243,-4.0427],[-51.2213,-4.038],[-51.2273,-4.0304],[-51.2322,-4.0275],[-51.2394,-4.0312],[-51.2404,-4.0289],[-51.2502,-4.0299],[-51.2484,-4.0261],[-51.2514,-4.022],[-51.2447,-4.0141],[-51.2473,-3.996],[-51.2441,-3.9946],[-51.2498,-3.9914],[-51.2478,-3.9845],[-51.2541,-3.9805],[-51.2555,-3.9722],[-51.2654,-3.9687],[-51.2645,-3.9636],[-51.2818,-3.9551],[-51.2837,-3.9432],[-51.2886,-3.9376],[-51.2869,-3.9347],[-51.2906,-3.9321],[-51.2904,-3.9272],[-51.2962,-3.9241],[-51.2945,-3.9144],[-51.2975,-3.9107],[-51.2856,-3.8961],[-51.2769,-3.8936],[-51.2726,-3.8802],[-51.2564,-3.8717],[-51.2593,-3.8634],[-51.253,-3.8598],[-51.2485,-3.8501],[-51.2465,-3.8409],[-51.2494,-3.8366],[-51.2435,-3.8208],[-51.2362,-3.8122],[-51.2349,-3.8013],[-51.2391,-3.7926],[-51.2286,-3.7813],[-51.2343,-3.7692],[-51.2284,-3.7618],[-51.2289,-3.7428],[-51.2222,-3.7365],[-51.2167,-3.7342],[-51.2146,-3.7278],[-51.2117,-3.7283],[-51.2147,-3.7066],[-51.212,-3.6974],[-51.2033,-3.6932],[-51.201,-3.6761],[-51.2037,-3.6699],[-51.2008,-3.6665],[-51.1663,-3.6667],[-51.1663,-3.6565],[-51.1667,-3.5181],[-51.1669,-3.4483],[-51.1795,-3.4525],[-51.2002,-3.4446],[-51.2074,-3.4341],[-51.2108,-3.4295],[-51.2097,-3.4209],[-51.2239,-3.4128],[-51.2281,-3.4066],[-51.2323,-3.3941],[-51.2306,-3.3847],[-51.2375,-3.3725],[-51.2498,-3.3662],[-51.2468,-3.3501],[-51.2619,-3.3285],[-51.2637,-3.3201],[-51.2661,-3.3056],[-51.2605,-3.2709],[-51.2534,-3.2687],[-51.2531,-3.2595],[-51.2455,-3.2446],[-51.2551,-3.2378],[-51.2562,-3.2307],[-51.2536,-3.2264],[-51.2445,-3.224],[-51.2442,-3.2145],[-51.2381,-3.2077],[-51.2385,-3.1999],[-51.2269,-3.1806],[-51.2285,-3.1742],[-51.2126,-3.1654],[-51.2089,-3.1557],[-51.2028,-3.1582],[-51.1975,-3.1521],[-51.1903,-3.1545],[-51.1877,-3.1598],[-51.1741,-3.158],[-51.1676,-3.141],[-51.1578,-3.1414],[-51.1461,-3.1322],[-51.1425,-3.1233],[-51.1462,-3.1157],[-51.1138,-3.1361],[-51.1002,-3.1275],[-51.0822,-3.1061],[-51.0722,-3.1048]]]}},{"type":"Feature","properties":{"nome":"Palestina do Pará","cod":"1505494","uf":"PA"},"geometry":{"type":"Polygon","coordinates":[[[-48.2385,-5.6727],[-48.2095,-5.6841],[-48.1809,-5.7019],[-48.1805,-5.7022],[-48.1732,-5.7096],[-48.1935,-5.7198],[-48.2196,-5.7278],[-48.2721,-5.7251],[-48.2791,-5.729],[-48.2887,-5.7416],[-48.2931,-5.7508],[-48.2994,-5.7843],[-48.295,-5.8213],[-48.2904,-5.839],[-48.2785,-5.8607],[-48.2452,-5.8958],[-48.2335,-5.9141],[-48.229,-5.93],[-48.2312,-5.9458],[-48.2515,-5.96],[-48.2864,-5.9672],[-48.3067,-5.9745],[-48.3139,-5.9788],[-48.3343,-6.0039],[-48.3379,-6.028],[-48.3323,-6.0379],[-48.3016,-6.0469],[-48.2854,-6.07],[-48.2827,-6.0812],[-48.2851,-6.0911],[-48.3034,-6.1165],[-48.3241,-6.1323],[-48.3651,-6.147],[-48.3909,-6.1463],[-48.3899,-6.1399],[-48.3967,-6.1283],[-48.4067,-6.1292],[-48.4157,-6.1219],[-48.4227,-6.1242],[-48.4263,-6.1188],[-48.4364,-6.117],[-48.4427,-6.1213],[-48.4505,-6.1227],[-48.4583,-6.1167],[-48.4617,-6.1045],[-48.4719,-6.1042],[-48.4755,-6.0916],[-48.4859,-6.0918],[-48.4848,-6.0854],[-48.4995,-6.0644],[-48.513,-6.0598],[-48.5212,-6.0627],[-48.5256,-6.05],[-48.5323,-6.0441],[-48.5301,-6.0341],[-48.529,-6.0238],[-48.5342,-6.0158],[-48.5314,-6.009],[-48.5192,-5.9924],[-48.5111,-5.9719],[-48.4971,-5.9683],[-48.4976,-5.9602],[-48.5043,-5.9464],[-48.5031,-5.9323],[-48.4847,-5.9255],[-48.4767,-5.9152],[-48.4504,-5.866],[-48.3611,-5.6995],[-48.3548,-5.6995],[-48.2961,-5.6856],[-48.2879,-5.6801],[-48.2747,-5.6812],[-48.2385,-5.6727]]]}},{"type":"Feature","properties":{"nome":"Paragominas","cod":"1505502","uf":"PA"},"geometry":{"type":"Polygon","coordinates":[[[-46.7306,-2.4163],[-46.7141,-2.4309],[-46.6912,-2.4345],[-46.6759,-2.4416],[-46.6722,-2.4401],[-46.6679,-2.4492],[-46.6493,-2.4611],[-46.6405,-2.4611],[-46.6374,-2.4671],[-46.6405,-2.4686],[-46.6339,-2.4744],[-46.6285,-2.4724],[-46.612,-2.4801],[-46.6007,-2.478],[-46.5957,-2.4878],[-46.5888,-2.4894],[-46.5861,-2.4866],[-46.5707,-2.4957],[-46.5441,-2.4961],[-46.5403,-2.4973],[-46.541,-2.5039],[-46.5349,-2.5028],[-46.5307,-2.4977],[-46.5211,-2.5073],[-46.5141,-2.5062],[-46.5032,-2.4948],[-46.4943,-2.4947],[-46.4894,-2.5056],[-46.4866,-2.5046],[-46.4793,-2.4812],[-46.4526,-2.4632],[-46.4444,-2.4636],[-46.4361,-2.4703],[-46.4394,-2.4782],[-46.4282,-2.4931],[-46.4359,-2.5062],[-46.4358,-2.5122],[-46.4178,-2.5242],[-46.4183,-2.5276],[-46.4727,-2.5445],[-46.4807,-2.5425],[-46.4839,-2.5334],[-46.4875,-2.5322],[-46.4939,-2.5361],[-46.4999,-2.5484],[-46.5014,-2.5556],[-46.4894,-2.5623],[-46.4868,-2.5693],[-46.4904,-2.5811],[-46.4997,-2.5784],[-46.5088,-2.5891],[-46.5046,-2.6146],[-46.5078,-2.6171],[-46.5399,-2.6224],[-46.5548,-2.6304],[-46.5633,-2.6266],[-46.5744,-2.6284],[-46.5844,-2.6366],[-46.5889,-2.6598],[-46.5933,-2.665],[-46.6056,-2.6388],[-46.6107,-2.6434],[-46.6215,-2.6442],[-46.6182,-2.6578],[-46.6207,-2.6678],[-46.6334,-2.6727],[-46.6326,-2.6816],[-46.6356,-2.6861],[-46.6486,-2.6788],[-46.6503,-2.6818],[-46.6466,-2.6887],[-46.6635,-2.6938],[-46.6715,-2.7106],[-46.666,-2.7243],[-46.6698,-2.7304],[-46.6677,-2.7337],[-46.6524,-2.7291],[-46.6526,-2.7359],[-46.6566,-2.7385],[-46.6504,-2.7566],[-46.645,-2.7572],[-46.6399,-2.7502],[-46.6355,-2.7542],[-46.6315,-2.7668],[-46.6374,-2.7812],[-46.6362,-2.7933],[-46.627,-2.8041],[-46.6224,-2.8048],[-46.611,-2.7995],[-46.6073,-2.7884],[-46.6019,-2.7888],[-46.5986,-2.7953],[-46.6002,-2.8127],[-46.5966,-2.8172],[-46.5927,-2.8153],[-46.59,-2.8177],[-46.589,-2.8228],[-46.5939,-2.8248],[-46.5901,-2.8314],[-46.5826,-2.8272],[-46.5806,-2.8301],[-46.5838,-2.8336],[-46.5754,-2.841],[-46.5814,-2.8399],[-46.5875,-2.8446],[-46.6004,-2.8341],[-46.6135,-2.8286],[-46.6181,-2.8355],[-46.6141,-2.8367],[-46.6102,-2.8451],[-46.6119,-2.8571],[-46.6146,-2.855],[-46.6177,-2.8589],[-46.6218,-2.8582],[-46.6362,-2.8508],[-46.6405,-2.8524],[-46.6398,-2.8558],[-46.6293,-2.8582],[-46.6314,-2.8619],[-46.6291,-2.8655],[-46.6348,-2.8675],[-46.6359,-2.8607],[-46.6409,-2.864],[-46.6391,-2.8702],[-46.6337,-2.8698],[-46.6357,-2.8757],[-46.6418,-2.878],[-46.6372,-2.8829],[-46.6454,-2.8835],[-46.6523,-2.8784],[-46.6682,-2.8755],[-46.6737,-2.8784],[-46.6792,-2.8814],[-46.6803,-2.8921],[-46.6722,-2.8924],[-46.6621,-2.9039],[-46.6652,-2.9052],[-46.6628,-2.9163],[-46.656,-2.9228],[-46.6534,-2.9307],[-46.6669,-2.9357],[-46.6713,-2.9468],[-46.6659,-2.9539],[-46.6553,-2.9555],[-46.6476,-2.9613],[-46.6475,-2.9714],[-46.6615,-2.9728],[-46.6616,-2.9763],[-46.6517,-2.9788],[-46.6486,-2.9832],[-46.6494,-2.9938],[-46.6517,-2.9961],[-46.6688,-2.9928],[-46.673,-2.9999],[-46.6714,-3.0042],[-46.6589,-3.0094],[-46.6604,-3.0114],[-46.6713,-3.0141],[-46.6672,-3.0316],[-46.6765,-3.0327],[-46.6766,-3.0515],[-46.6724,-3.0652],[-46.6818,-3.0748],[-46.6754,-3.0933],[-46.6808,-3.0951],[-46.6878,-3.0925],[-46.7063,-3.0996],[-46.7023,-3.1184],[-46.7084,-3.1269],[-46.7156,-3.125],[-46.7116,-3.1139],[-46.7207,-3.1084],[-46.7304,-3.1234],[-46.7346,-3.12],[-46.7397,-3.1225],[-46.7474,-3.1205],[-46.7488,-3.1231],[-46.7438,-3.1361],[-46.7356,-3.1336],[-46.7304,-3.1262],[-46.7274,-3.1296],[-46.7291,-3.1444],[-46.7192,-3.1536],[-46.7266,-3.1612],[-46.7305,-3.161],[-46.7484,-3.1654],[-46.7436,-3.1792],[-46.7515,-3.1887],[-46.7612,-3.1777],[-46.7715,-3.1769],[-46.7592,-3.186],[-46.7568,-3.1938],[-46.7699,-3.1991],[-46.7707,-3.2021],[-46.7566,-3.2084],[-46.7544,-3.2153],[-46.758,-3.2179],[-46.7622,-3.2121],[-46.7779,-3.2162],[-46.7815,-3.2219],[-46.7773,-3.2295],[-46.7784,-3.2407],[-46.7848,-3.2462],[-46.7961,-3.2392],[-46.8058,-3.2441],[-46.8018,-3.266],[-46.8102,-3.272],[-46.8143,-3.2672],[-46.8193,-3.271],[-46.8191,-3.2748],[-46.8082,-3.2834],[-46.8101,-3.2899],[-46.8256,-3.297],[-46.8122,-3.3005],[-46.813,-3.3092],[-46.8215,-3.3125],[-46.8298,-3.311],[-46.8396,-3.3237],[-46.8493,-3.3181],[-46.8513,-3.3291],[-46.848,-3.3353],[-46.8572,-3.3418],[-46.8646,-3.3292],[-46.8702,-3.3258],[-46.8732,-3.3282],[-46.8696,-3.3278],[-46.8656,-3.3339],[-46.8678,-3.3401],[-46.8719,-3.3406],[-46.8754,-3.3462],[-46.8788,-3.3451],[-46.8771,-3.3412],[-46.889,-3.3352],[-46.8898,-3.342],[-46.9019,-3.3494],[-46.8991,-3.3501],[-46.8974,-3.3578],[-46.8999,-3.3548],[-46.907,-3.359],[-46.9034,-3.3623],[-46.9055,-3.3672],[-46.9101,-3.3686],[-46.912,-3.3617],[-46.9172,-3.3613],[-46.9163,-3.3647],[-46.9244,-3.3644],[-46.9211,-3.3692],[-46.9229,-3.3742],[-46.9272,-3.3767],[-46.9301,-3.3734],[-46.9379,-3.3753],[-46.9379,-3.3723],[-46.9442,-3.3778],[-46.9373,-3.3824],[-46.9379,-3.3942],[-46.9386,-3.3965],[-46.9421,-3.3945],[-46.9448,-3.39],[-46.9486,-3.3923],[-46.9443,-3.3965],[-46.9485,-3.4065],[-46.9399,-3.4142],[-46.9419,-3.4173],[-46.9396,-3.4203],[-46.9481,-3.4203],[-46.9472,-3.4231],[-46.9544,-3.4227],[-46.956,-3.4255],[-46.953,-3.4316],[-46.9559,-3.4371],[-46.9477,-3.4375],[-46.9416,-3.4466],[-46.9465,-3.4516],[-46.9474,-3.448],[-46.9512,-3.4478],[-46.9471,-3.4594],[-46.9503,-3.4562],[-46.9556,-3.4613],[-46.9488,-3.4659],[-46.9476,-3.4761],[-46.9538,-3.4764],[-46.9574,-3.4724],[-46.969,-3.4732],[-46.9596,-3.489],[-46.9595,-3.4953],[-46.9616,-3.4973],[-46.9636,-3.4914],[-46.9668,-3.4935],[-46.9663,-3.4906],[-46.9823,-3.4954],[-46.9775,-3.4985],[-46.9772,-3.5041],[-46.9698,-3.5146],[-46.9796,-3.5185],[-46.9769,-3.53],[-46.9889,-3.5314],[-46.9961,-3.5394],[-47.003,-3.5336],[-47.0036,-3.5417],[-47.0097,-3.5483],[-47.0133,-3.5456],[-47.0177,-3.5476],[-47.0159,-3.5627],[-47.018,-3.5652],[-47.0301,-3.5598],[-47.037,-3.561],[-47.0378,-3.5639],[-47.0518,-3.5691],[-47.0574,-3.5668],[-47.0652,-3.5916],[-47.0704,-3.598],[-47.0826,-3.603],[-47.0955,-3.6228],[-47.1118,-3.6227],[-47.1155,-3.6266],[-47.1159,-3.6182],[-47.1228,-3.6239],[-47.1271,-3.6176],[-47.133,-3.6158],[-47.1354,-3.621],[-47.141,-3.6182],[-47.1465,-3.6191],[-47.1472,-3.6231],[-47.1534,-3.6223],[-47.1533,-3.6266],[-47.1603,-3.6154],[-47.1603,-3.606],[-47.1733,-3.5838],[-47.1897,-3.5672],[-47.1941,-3.5566],[-47.2048,-3.5447],[-47.2279,-3.5261],[-47.1928,-3.5121],[-47.2016,-3.4857],[-47.2075,-3.4485],[-47.2192,-3.4556],[-47.2539,-3.451],[-47.2695,-3.4553],[-47.2988,-3.4562],[-47.3038,-3.4516],[-47.3181,-3.4493],[-47.3417,-3.4515],[-47.3455,-3.4553],[-47.3428,-3.4619],[-47.3522,-3.4726],[-47.3751,-3.478],[-47.3885,-3.4925],[-47.4233,-3.5126],[-47.4748,-3.5332],[-47.481,-3.5421],[-47.491,-3.5439],[-47.5013,-3.5362],[-47.5164,-3.5509],[-47.5394,-3.5593],[-47.5708,-3.5646],[-47.594,-3.5729],[-47.6353,-3.5729],[-47.6509,-3.5777],[-47.6595,-3.5835],[-47.6621,-3.6005],[-47.6754,-3.6097],[-47.6802,-3.6353],[-47.6846,-3.642],[-47.6899,-3.644],[-47.7082,-3.6658],[-47.7129,-3.6771],[-47.7419,-3.7015],[-47.7521,-3.7022],[-47.7754,-3.687],[-47.7914,-3.6888],[-47.8,-3.6845],[-47.8072,-3.6869],[-47.8204,-3.6812],[-47.8281,-3.6851],[-47.8372,-3.6966],[-47.8604,-3.7019],[-47.8736,-3.7142],[-47.882,-3.7314],[-47.8987,-3.7357],[-47.909,-3.7342],[-47.9199,-3.7386],[-47.9314,-3.7348],[-47.9439,-3.7359],[-47.9572,-3.73],[-47.9558,-3.7339],[-47.9587,-3.7346],[-47.9581,-3.738],[-47.9613,-3.737],[-47.9601,-3.7407],[-47.9622,-3.7386],[-47.9676,-3.7455],[-47.9736,-3.746],[-47.9723,-3.7517],[-47.9833,-3.7605],[-47.9832,-3.7639],[-47.9937,-3.7698],[-47.9981,-3.7873],[-48.0204,-3.7962],[-48.0274,-3.8009],[-48.0283,-3.8061],[-48.0322,-3.8054],[-48.033,-3.8092],[-48.0286,-3.8134],[-48.0319,-3.8219],[-48.0421,-3.8168],[-48.0444,-3.8198],[-48.0484,-3.8148],[-48.0513,-3.8165],[-48.0606,-3.8126],[-48.0644,-3.8076],[-48.0779,-3.8064],[-48.085,-3.7967],[-48.0888,-3.7977],[-48.0885,-3.8015],[-48.0943,-3.8018],[-48.0939,-3.7987],[-48.0987,-3.7942],[-48.1048,-3.7941],[-48.1043,-3.7885],[-48.109,-3.7865],[-48.1125,-3.7868],[-48.1161,-3.7957],[-48.1334,-3.795],[-48.1357,-3.7919],[-48.1445,-3.8007],[-48.1594,-3.8042],[-48.1615,-3.8017],[-48.1715,-3.8035],[-48.1728,-3.8006],[-48.1798,-3.8036],[-48.1853,-3.8001],[-48.1901,-3.8034],[-48.1982,-3.7982],[-48.2067,-3.8023],[-48.2107,-3.7947],[-48.2184,-3.7971],[-48.2195,-3.7939],[-48.228,-3.7927],[-48.2324,-3.7879],[-48.2432,-3.7965],[-48.254,-3.797],[-48.2528,-3.8032],[-48.2555,-3.8043],[-48.2598,-3.794],[-48.2622,-3.7965],[-48.2684,-3.7948],[-48.2766,-3.8034],[-48.2827,-3.802],[-48.2894,-3.8135],[-48.3078,-3.8092],[-48.3155,-3.8143],[-48.3189,-3.8087],[-48.3236,-3.8207],[-48.3287,-3.823],[-48.3333,-3.8195],[-48.3344,-3.8262],[-48.3383,-3.8265],[-48.3406,-3.8316],[-48.3538,-3.8282],[-48.352,-3.8223],[-48.3618,-3.8247],[-48.369,-3.8179],[-48.3719,-3.8193],[-48.3706,-3.8225],[-48.3859,-3.8249],[-48.3883,-3.8369],[-48.3982,-3.827],[-48.4033,-3.8298],[-48.4014,-3.8193],[-48.4187,-3.8218],[-48.4236,-3.8135],[-48.4292,-3.8161],[-48.4478,-3.8083],[-48.4426,-3.8046],[-48.453,-3.8077],[-48.4579,-3.804],[-48.4646,-3.8112],[-48.4577,-3.81],[-48.4562,-3.8127],[-48.4674,-3.816],[-48.4685,-3.8095],[-48.4719,-3.8095],[-48.4729,-3.8158],[-48.4774,-3.8178],[-48.481,-3.8195],[-48.4876,-3.8135],[-48.4865,-3.8212],[-48.4953,-3.8238],[-48.4988,-3.8219],[-48.4931,-3.8182],[-48.4946,-3.8154],[-48.513,-3.8156],[-48.5161,-3.8078],[-48.5285,-3.8072],[-48.5312,-3.8034],[-48.5339,-3.8059],[-48.5316,-3.8128],[-48.5352,-3.8145],[-48.541,-3.8068],[-48.5472,-3.8091],[-48.552,-3.8036],[-48.5711,-3.8082],[-48.5702,-3.8113],[-48.5757,-3.8109],[-48.5779,-3.8141],[-48.5811,-3.8087],[-48.5894,-3.8087],[-48.5967,-3.8034],[-48.5975,-3.8005],[-48.5945,-3.7996],[-48.5982,-3.793],[-48.6058,-3.7882],[-48.6033,-3.7851],[-48.6117,-3.7863],[-48.6216,-3.7766],[-48.6348,-3.777],[-48.6441,-3.781],[-48.6415,-3.7724],[-48.6436,-3.7683],[-48.6504,-3.7672],[-48.6467,-3.7607],[-48.6534,-3.7593],[-48.6572,-3.7644],[-48.6607,-3.7637],[-48.6639,-3.7579],[-48.6614,-3.7514],[-48.6635,-3.7491],[-48.6749,-3.7503],[-48.6776,-3.7531],[-48.6756,-3.7557],[-48.6811,-3.7586],[-48.6852,-3.7588],[-48.6869,-3.7504],[-48.6915,-3.7526],[-48.6983,-3.7487],[-48.7092,-3.7549],[-48.7058,-3.744],[-48.7006,-3.7405],[-48.7142,-3.7389],[-48.7134,-3.7346],[-48.7199,-3.7313],[-48.7244,-3.7375],[-48.7305,-3.7226],[-48.7316,-3.7266],[-48.7381,-3.7285],[-48.7467,-3.7209],[-48.7608,-3.721],[-48.7634,-3.7318],[-48.7663,-3.7317],[-48.7656,-3.7219],[-48.7837,-3.7205],[-48.7812,-3.7127],[-48.7948,-3.7148],[-48.7974,-3.7087],[-48.8205,-3.7111],[-48.8227,-3.7065],[-48.8122,-3.7018],[-48.8211,-3.697],[-48.8192,-3.6873],[-48.8371,-3.6897],[-48.8442,-3.685],[-48.8393,-3.6797],[-48.8391,-3.6761],[-48.8461,-3.6726],[-48.8551,-3.6716],[-48.8651,-3.6759],[-48.8706,-3.6711],[-48.8705,-3.661],[-48.8602,-3.6478],[-48.8667,-3.6322],[-48.8706,-3.6468],[-48.8859,-3.6471],[-48.8895,-3.6441],[-48.8898,-3.6363],[-48.8793,-3.6292],[-48.8741,-3.6314],[-48.8723,-3.6271],[-48.8754,-3.6194],[-48.8822,-3.6181],[-48.8785,-3.6052],[-48.8865,-3.5938],[-48.8695,-3.5834],[-48.8835,-3.5676],[-48.8788,-3.5606],[-48.8609,-3.5696],[-48.8504,-3.5623],[-48.8518,-3.5502],[-48.8575,-3.5467],[-48.8678,-3.5466],[-48.8722,-3.5404],[-48.8544,-3.5362],[-48.8463,-3.5373],[-48.847,-3.5332],[-48.8588,-3.5272],[-48.8588,-3.5231],[-48.8565,-3.5211],[-48.8462,-3.5262],[-48.8401,-3.5207],[-48.8424,-3.4968],[-48.8465,-3.4873],[-48.8305,-3.4877],[-48.8364,-3.4682],[-48.8412,-3.4641],[-48.85,-3.4632],[-48.8469,-3.4572],[-48.8307,-3.4575],[-48.8212,-3.4684],[-48.8175,-3.4684],[-48.8118,-3.4522],[-48.8156,-3.4392],[-48.8099,-3.4374],[-48.805,-3.4445],[-48.7986,-3.4465],[-48.7888,-3.4255],[-48.7792,-3.4237],[-48.7762,-3.426],[-48.7718,-3.4055],[-48.7605,-3.3949],[-48.7525,-3.3922],[-48.7422,-3.3975],[-48.7375,-3.3943],[-48.7344,-3.3805],[-48.7298,-3.3781],[-48.719,-3.3846],[-48.7103,-3.3725],[-48.6986,-3.3864],[-48.6864,-3.3839],[-48.6863,-3.3775],[-48.6973,-3.3753],[-48.7039,-3.3702],[-48.6961,-3.3593],[-48.7018,-3.3429],[-48.6993,-3.3347],[-48.6848,-3.3355],[-48.6763,-3.3461],[-48.6642,-3.3524],[-48.6668,-3.3625],[-48.6529,-3.3545],[-48.6379,-3.3388],[-48.6322,-3.3526],[-48.6226,-3.3566],[-48.6326,-3.3231],[-48.6252,-3.3074],[-48.6142,-3.3147],[-48.6099,-3.3111],[-48.6127,-3.3325],[-48.6097,-3.3346],[-48.6051,-3.3315],[-48.6041,-3.3193],[-48.5978,-3.3186],[-48.6043,-3.3133],[-48.5968,-3.3123],[-48.5911,-3.3074],[-48.5831,-3.3084],[-48.5812,-3.3048],[-48.5733,-3.3091],[-48.5702,-3.3157],[-48.5712,-3.3249],[-48.5658,-3.3262],[-48.5598,-3.3194],[-48.5583,-3.3025],[-48.5597,-3.2971],[-48.5643,-3.2945],[-48.575,-3.2941],[-48.5758,-3.2913],[-48.5693,-3.2867],[-48.5438,-3.2778],[-48.5183,-3.2808],[-48.5024,-3.2593],[-48.4965,-3.2575],[-48.4894,-3.2599],[-48.4738,-3.2755],[-48.4623,-3.2767],[-48.4608,-3.27],[-48.4515,-3.2671],[-48.4446,-3.2732],[-48.4393,-3.2734],[-48.4304,-3.267],[-48.4326,-3.2618],[-48.4407,-3.2655],[-48.4402,-3.2588],[-48.4362,-3.255],[-48.4286,-3.254],[-48.428,-3.2602],[-48.4239,-3.2618],[-48.4139,-3.2539],[-48.4101,-3.2624],[-48.4176,-3.2687],[-48.4163,-3.2723],[-48.4047,-3.2796],[-48.3949,-3.272],[-48.3942,-3.2614],[-48.3906,-3.2594],[-48.3865,-3.2623],[-48.3826,-3.2528],[-48.3746,-3.2608],[-48.3717,-3.2387],[-48.3764,-3.2317],[-48.3713,-3.2247],[-48.3645,-3.2253],[-48.3594,-3.2325],[-48.359,-3.2399],[-48.364,-3.2467],[-48.3595,-3.2503],[-48.3422,-3.2368],[-48.3519,-3.2319],[-48.3466,-3.2251],[-48.3359,-3.2293],[-48.3154,-3.224],[-48.3173,-3.236],[-48.322,-3.2411],[-48.3174,-3.2493],[-48.3081,-3.2507],[-48.2984,-3.2453],[-48.294,-3.2377],[-48.2964,-3.2278],[-48.2922,-3.2187],[-48.2694,-3.2297],[-48.2649,-3.2133],[-48.2509,-3.2078],[-48.2406,-3.2164],[-48.2454,-3.2322],[-48.2308,-3.2348],[-48.2225,-3.2224],[-48.226,-3.1967],[-48.2214,-3.194],[-48.2037,-3.2038],[-48.199,-3.2143],[-48.1994,-3.2247],[-48.18,-3.2194],[-48.1608,-3.2392],[-48.1578,-3.2206],[-48.1622,-3.21],[-48.1675,-3.2064],[-48.1501,-3.2011],[-48.1372,-3.1887],[-48.1216,-3.1946],[-48.1154,-3.2072],[-48.1118,-3.2085],[-48.0976,-3.1954],[-48.1015,-3.1818],[-48.095,-3.185],[-48.0916,-3.1834],[-48.0897,-3.1801],[-48.086,-3.1816],[-48.0756,-3.1922],[-48.0706,-3.1819],[-48.0824,-3.1678],[-48.0946,-3.1615],[-48.0987,-3.1534],[-48.0963,-3.1463],[-48.0788,-3.1365],[-48.0712,-3.1431],[-48.0686,-3.1413],[-48.0684,-3.1324],[-48.0628,-3.1324],[-48.0567,-3.1201],[-48.0553,-3.1049],[-48.0432,-3.0983],[-48.0359,-3.0991],[-48.0243,-3.1137],[-48.0128,-3.1151],[-48.0063,-3.1226],[-48.0009,-3.1123],[-48.0035,-3.1013],[-48.0093,-3.0989],[-48.0198,-3.1029],[-48.0215,-3.1007],[-48.0077,-3.0917],[-47.9912,-3.0911],[-47.9861,-3.0694],[-47.9651,-3.0774],[-47.9544,-3.0687],[-47.949,-3.0723],[-47.9552,-3.0768],[-47.9561,-3.0816],[-47.953,-3.0849],[-47.9386,-3.0814],[-47.9173,-3.0703],[-47.9159,-3.0571],[-47.9203,-3.0368],[-47.9041,-3.0306],[-47.9075,-3.0224],[-47.9098,-3.0096],[-47.9058,-3.0048],[-47.9019,-3.0057],[-47.8978,-3.0186],[-47.8892,-3.0183],[-47.8867,-3.0296],[-47.8742,-3.029],[-47.8754,-3.0189],[-47.8816,-3.0099],[-47.8771,-2.9992],[-47.8727,-2.998],[-47.849,-3.0098],[-47.8298,-3.0004],[-47.8209,-2.9902],[-47.8201,-2.9817],[-47.8214,-2.9704],[-47.816,-2.9653],[-47.8106,-2.9692],[-47.8099,-2.9786],[-47.7983,-2.9785],[-47.7876,-2.971],[-47.7906,-2.9583],[-47.802,-2.9494],[-47.8004,-2.9376],[-47.8106,-2.9463],[-47.8156,-2.9433],[-47.8159,-2.9365],[-47.8107,-2.9274],[-47.7946,-2.9142],[-47.775,-2.9129],[-47.7964,-2.8857],[-47.7971,-2.8692],[-47.8048,-2.8623],[-47.8039,-2.8579],[-47.7954,-2.8556],[-47.7968,-2.8463],[-47.7998,-2.8433],[-47.821,-2.8464],[-47.844,-2.8583],[-47.8532,-2.8385],[-47.8605,-2.8477],[-47.864,-2.8475],[-47.8657,-2.8356],[-47.851,-2.8143],[-47.8501,-2.7946],[-47.842,-2.7868],[-47.8406,-2.7793],[-47.8496,-2.7718],[-47.8723,-2.7794],[-47.8866,-2.7741],[-47.8898,-2.7668],[-47.88,-2.7515],[-47.8829,-2.7471],[-47.9044,-2.7401],[-47.9067,-2.7373],[-47.9029,-2.7291],[-47.8817,-2.7025],[-47.8944,-2.6983],[-47.8879,-2.6831],[-47.8941,-2.6845],[-47.899,-2.6697],[-47.8792,-2.6622],[-47.8729,-2.6504],[-47.8643,-2.6454],[-47.871,-2.6114],[-47.8517,-2.6138],[-47.8362,-2.622],[-47.8227,-2.619],[-47.8252,-2.5977],[-47.8302,-2.5899],[-47.8268,-2.5853],[-47.8097,-2.5869],[-47.8007,-2.584],[-47.7947,-2.5864],[-47.7946,-2.5945],[-47.7902,-2.5933],[-47.7795,-2.582],[-47.7783,-2.5756],[-47.7862,-2.5673],[-47.8005,-2.5658],[-47.8031,-2.5633],[-47.8018,-2.557],[-47.7955,-2.5527],[-47.7735,-2.5548],[-47.7562,-2.5396],[-47.7559,-2.537],[-47.7634,-2.5384],[-47.7642,-2.5223],[-47.7489,-2.5213],[-47.7371,-2.525],[-47.7403,-2.5299],[-47.7374,-2.5328],[-47.7404,-2.5352],[-47.7407,-2.5438],[-47.7381,-2.5461],[-47.729,-2.544],[-47.7272,-2.5513],[-47.731,-2.5544],[-47.7284,-2.5622],[-47.7238,-2.5622],[-47.7205,-2.5674],[-47.7132,-2.5661],[-47.7124,-2.5701],[-47.7111,-2.5764],[-47.7055,-2.5774],[-47.7092,-2.59],[-47.7034,-2.6025],[-47.7003,-2.6017],[-47.7011,-2.609],[-47.6906,-2.6251],[-47.693,-2.6287],[-47.6887,-2.6353],[-47.6913,-2.6398],[-47.6838,-2.6462],[-47.6838,-2.6521],[-47.6769,-2.663],[-47.6735,-2.6626],[-47.6732,-2.6719],[-47.6804,-2.6758],[-47.6795,-2.6994],[-47.6821,-2.7011],[-47.6817,-2.7164],[-47.6889,-2.7194],[-47.6859,-2.7221],[-47.6819,-2.7369],[-47.6672,-2.7409],[-47.6635,-2.7445],[-47.6621,-2.7563],[-47.6448,-2.7749],[-47.6371,-2.7775],[-47.6304,-2.7969],[-47.6118,-2.8057],[-47.5802,-2.8275],[-47.5656,-2.8433],[-47.5385,-2.8505],[-47.5293,-2.8598],[-47.5183,-2.8608],[-47.4983,-2.874],[-47.4645,-2.8752],[-47.4348,-2.8849],[-47.4342,-2.8851],[-47.4239,-2.8865],[-47.4109,-2.896],[-47.3915,-2.8894],[-47.0569,-2.6185],[-47.0554,-2.6043],[-47.0448,-2.5734],[-47.0506,-2.554],[-47.0476,-2.5456],[-47.0497,-2.5316],[-47.0427,-2.5284],[-47.0267,-2.4967],[-47.0106,-2.4871],[-47.0045,-2.4873],[-46.975,-2.4748],[-46.9088,-2.4219],[-46.8865,-2.4171],[-46.8647,-2.4194],[-46.8596,-2.4168],[-46.8388,-2.4232],[-46.8298,-2.4182],[-46.8279,-2.4175],[-46.7742,-2.4102],[-46.7469,-2.4129],[-46.7306,-2.4163]]]}},{"type":"Feature","properties":{"nome":"Parauapebas","cod":"1505536","uf":"PA"},"geometry":{"type":"Polygon","coordinates":[[[-50.4158,-5.8552],[-50.4038,-5.8659],[-50.3993,-5.8657],[-50.3935,-5.875],[-50.3855,-5.8773],[-50.3707,-5.8734],[-50.3595,-5.8764],[-50.3434,-5.8639],[-50.3346,-5.8657],[-50.3293,-5.8689],[-50.3257,-5.8782],[-50.3149,-5.8799],[-50.3132,-5.8884],[-50.3033,-5.8935],[-50.2985,-5.9022],[-50.284,-5.9073],[-50.2775,-5.9058],[-50.2671,-5.9121],[-50.2465,-5.9169],[-50.229,-5.9007],[-50.2219,-5.9045],[-50.2143,-5.9012],[-50.2063,-5.8831],[-50.195,-5.8824],[-50.1918,-5.8871],[-50.1748,-5.9058],[-50.1685,-5.9096],[-50.1488,-5.91],[-50.1451,-5.9059],[-50.1316,-5.9152],[-50.1231,-5.9139],[-50.1189,-5.919],[-50.1001,-5.9235],[-50.085,-5.9101],[-50.0861,-5.9065],[-50.0809,-5.9023],[-50.0819,-5.8958],[-50.0705,-5.8918],[-50.0667,-5.8991],[-50.0592,-5.9006],[-50.0559,-5.9053],[-50.0577,-5.931],[-50.063,-5.9367],[-50.0585,-5.9412],[-50.0462,-5.9453],[-50.017,-5.945],[-50.0125,-5.936],[-50.0228,-5.9223],[-50.022,-5.9155],[-50.0152,-5.9085],[-49.9965,-5.907],[-49.9806,-5.9197],[-49.9707,-5.9178],[-49.9668,-5.9059],[-49.9591,-5.9016],[-49.9602,-5.8885],[-49.9532,-5.8759],[-49.9363,-5.8711],[-49.9322,-5.8592],[-49.9196,-5.8572],[-49.9049,-5.8548],[-49.8834,-5.8609],[-49.8788,-5.8636],[-49.8786,-5.8747],[-49.8733,-5.8746],[-49.8489,-5.8572],[-49.8347,-5.8531],[-49.826,-5.8552],[-49.8255,-5.8553],[-49.8199,-5.8611],[-49.8164,-5.8607],[-49.8135,-5.8545],[-49.8091,-5.8646],[-49.8011,-5.8667],[-49.803,-5.8763],[-49.7938,-5.8816],[-49.7906,-5.8899],[-49.7965,-5.8995],[-49.8048,-5.9033],[-49.8036,-5.9175],[-49.8071,-5.9264],[-49.7966,-5.9385],[-49.8005,-5.9544],[-49.7932,-5.9641],[-49.7909,-5.9826],[-49.7796,-6.0048],[-49.7818,-6.0127],[-49.7908,-6.0213],[-49.7846,-6.0346],[-49.7724,-6.041],[-49.7691,-6.0462],[-49.7678,-6.0551],[-49.7784,-6.0764],[-49.7755,-6.0972],[-49.7814,-6.1101],[-49.7778,-6.1286],[-49.7696,-6.1322],[-49.764,-6.1394],[-49.7595,-6.1528],[-49.7614,-6.161],[-49.7529,-6.1609],[-49.7513,-6.165],[-49.7552,-6.1717],[-49.7531,-6.1742],[-49.7415,-6.1747],[-49.7356,-6.1805],[-49.7333,-6.2043],[-49.7563,-6.217],[-49.7665,-6.2142],[-49.7818,-6.2213],[-49.8004,-6.2158],[-49.8041,-6.2114],[-49.8108,-6.218],[-49.8281,-6.2178],[-49.8228,-6.2483],[-49.9744,-6.2487],[-50.5674,-6.2491],[-50.5613,-6.2542],[-50.5553,-6.2544],[-50.5419,-6.2656],[-50.5376,-6.2886],[-50.5444,-6.3098],[-50.5295,-6.3145],[-50.5215,-6.3391],[-50.5095,-6.3473],[-50.5033,-6.3436],[-50.4989,-6.345],[-50.4995,-6.3411],[-50.4928,-6.3384],[-50.4918,-6.3493],[-50.4878,-6.3494],[-50.4976,-6.3731],[-50.5074,-6.3775],[-50.5097,-6.3888],[-50.5075,-6.3963],[-50.4962,-6.4001],[-50.5062,-6.4272],[-50.5031,-6.4323],[-50.4864,-6.4323],[-50.484,-6.4414],[-50.4788,-6.446],[-50.4784,-6.4534],[-50.4832,-6.4548],[-50.4871,-6.4636],[-50.4934,-6.4646],[-50.4932,-6.4813],[-50.4837,-6.4857],[-50.4787,-6.4845],[-50.4775,-6.4888],[-50.4876,-6.4953],[-50.4964,-6.4962],[-50.4861,-6.5001],[-50.482,-6.5134],[-50.4841,-6.5144],[-50.4913,-6.5101],[-50.4983,-6.516],[-50.5029,-6.508],[-50.5111,-6.5123],[-50.522,-6.508],[-50.5421,-6.5312],[-50.5568,-6.5239],[-50.5683,-6.5244],[-50.5738,-6.528],[-50.5785,-6.5213],[-50.5859,-6.5203],[-50.6023,-6.5356],[-50.6192,-6.5276],[-50.6276,-6.5422],[-50.6307,-6.5361],[-50.6404,-6.5346],[-50.6467,-6.5422],[-50.6673,-6.5434],[-50.6938,-6.5387],[-50.7155,-6.5415],[-50.7183,-6.5187],[-50.7287,-6.5121],[-50.7299,-6.5075],[-50.7232,-6.4993],[-50.7237,-6.4935],[-50.7507,-6.4982],[-50.7621,-6.4938],[-50.7664,-6.4874],[-50.7632,-6.4596],[-50.7761,-6.4375],[-50.7908,-6.4348],[-50.7912,-6.4263],[-50.7812,-6.4251],[-50.781,-6.4215],[-50.7879,-6.4158],[-50.7925,-6.4025],[-50.81,-6.4067],[-50.825,-6.3878],[-50.8262,-6.3755],[-50.8087,-6.3653],[-50.8111,-6.3512],[-50.8251,-6.3406],[-50.8216,-6.321],[-50.817,-6.3245],[-50.8104,-6.3129],[-50.7986,-6.3024],[-50.8021,-6.3],[-50.7987,-6.2846],[-50.8192,-6.271],[-50.8203,-6.2756],[-50.8254,-6.2752],[-50.8274,-6.28],[-50.8411,-6.2862],[-50.8433,-6.2914],[-50.8494,-6.2915],[-50.8489,-6.3027],[-50.8586,-6.2944],[-50.8603,-6.2866],[-50.8684,-6.2979],[-50.875,-6.2995],[-50.8812,-6.2963],[-50.8927,-6.3],[-50.8956,-6.3063],[-50.9008,-6.3058],[-50.9073,-6.3124],[-50.9201,-6.316],[-50.9235,-6.3142],[-50.9386,-6.3288],[-50.9431,-6.328],[-50.937,-6.3381],[-50.9393,-6.3435],[-50.9365,-6.3529],[-50.9447,-6.3551],[-50.9429,-6.3628],[-50.9472,-6.3655],[-50.9438,-6.3766],[-50.9396,-6.3761],[-50.942,-6.3798],[-50.9342,-6.3821],[-50.9384,-6.3883],[-50.9406,-6.386],[-50.9414,-6.3912],[-50.9378,-6.3938],[-50.9423,-6.3978],[-50.9383,-6.3987],[-50.9358,-6.4056],[-50.9489,-6.4205],[-50.9592,-6.4216],[-50.959,-6.4278],[-50.9631,-6.431],[-50.9866,-6.4357],[-50.9886,-6.4404],[-51.0254,-6.4568],[-51.0257,-6.461],[-51.0322,-6.4634],[-51.0333,-6.4678],[-51.0459,-6.501],[-51.0436,-6.5061],[-51.0517,-6.5098],[-51.054,-6.5227],[-51.0618,-6.5236],[-51.0576,-6.5339],[-51.0638,-6.5417],[-51.0874,-6.5425],[-51.0963,-6.535],[-51.1068,-6.537],[-51.1183,-6.5318],[-51.124,-6.5343],[-51.1433,-6.5327],[-51.1476,-6.5277],[-51.1456,-6.5143],[-51.1478,-6.5093],[-51.1664,-6.5067],[-51.1667,-6.4858],[-51.1842,-6.4698],[-51.1593,-6.4557],[-51.1539,-6.4393],[-51.1428,-6.4295],[-51.1458,-6.3994],[-51.1409,-6.3828],[-51.16,-6.3745],[-51.1518,-6.3498],[-51.1508,-6.3406],[-51.1546,-6.3314],[-51.1602,-6.329],[-51.1685,-6.3324],[-51.1791,-6.3233],[-51.1862,-6.3035],[-51.1943,-6.2972],[-51.1985,-6.2864],[-51.1905,-6.2684],[-51.1769,-6.2727],[-51.1736,-6.2639],[-51.1601,-6.2658],[-51.148,-6.234],[-51.1483,-6.2163],[-51.1417,-6.2174],[-51.1363,-6.2079],[-51.1309,-6.2028],[-51.1266,-6.1993],[-51.1193,-6.1709],[-51.0988,-6.1423],[-51.0916,-6.1251],[-51.0711,-6.1212],[-51.0631,-6.1164],[-51.0512,-6.094],[-51.0219,-6.054],[-51.0173,-6.0527],[-51.0152,-6.0471],[-51.0053,-6.0455],[-50.9982,-6.04],[-51.0023,-6.0345],[-51.0029,-6.0211],[-50.9872,-6.0188],[-50.9883,-6.0143],[-50.9846,-6.0122],[-50.9919,-6.0],[-50.9908,-5.997],[-50.9478,-5.9715],[-50.9434,-5.9771],[-50.932,-5.9693],[-50.9246,-5.9695],[-50.922,-5.9727],[-50.9158,-5.9828],[-50.901,-5.9867],[-50.8967,-5.9865],[-50.8928,-5.9807],[-50.8664,-5.9845],[-50.8479,-5.9799],[-50.8416,-5.9733],[-50.8291,-5.9766],[-50.8208,-5.9719],[-50.816,-5.9781],[-50.8011,-5.9715],[-50.7876,-5.9843],[-50.78,-5.9869],[-50.75,-5.9775],[-50.7317,-5.9587],[-50.7262,-5.9607],[-50.7206,-5.9423],[-50.7151,-5.9069],[-50.7053,-5.8985],[-50.6981,-5.9016],[-50.6814,-5.9186],[-50.6691,-5.9114],[-50.6566,-5.909],[-50.5819,-5.9198],[-50.5753,-5.9182],[-50.5667,-5.9086],[-50.5566,-5.9132],[-50.555,-5.9034],[-50.5439,-5.892],[-50.5338,-5.8901],[-50.5308,-5.8809],[-50.5181,-5.8837],[-50.5118,-5.8755],[-50.4962,-5.8776],[-50.4867,-5.8701],[-50.4782,-5.8727],[-50.4649,-5.8724],[-50.4654,-5.8653],[-50.4588,-5.8582],[-50.4544,-5.8558],[-50.432,-5.8623],[-50.4158,-5.8552]]]}},{"type":"Feature","properties":{"nome":"Pau D'Arco","cod":"1505551","uf":"PA"},"geometry":{"type":"Polygon","coordinates":[[[-50.3208,-7.5055],[-50.3058,-7.516],[-50.2948,-7.5144],[-50.2833,-7.5201],[-50.2685,-7.5364],[-50.2317,-7.5511],[-50.2342,-7.5652],[-50.2222,-7.5635],[-50.2198,-7.5664],[-50.2078,-7.5808],[-50.1824,-7.5933],[-50.1546,-7.6138],[-50.159,-7.6352],[-50.1551,-7.6389],[-50.1564,-7.6485],[-50.1506,-7.6565],[-50.1474,-7.6586],[-50.1402,-7.6555],[-50.138,-7.6594],[-50.1242,-7.6604],[-50.1217,-7.6661],[-50.1124,-7.6657],[-50.1122,-7.6705],[-50.1064,-7.6763],[-50.0989,-7.6753],[-50.0892,-7.6833],[-50.0675,-7.6746],[-50.0591,-7.6801],[-50.0551,-7.6588],[-50.0396,-7.6462],[-50.0281,-7.6554],[-50.0237,-7.6554],[-50.0229,-7.6553],[-50.0061,-7.6528],[-50.0027,-7.6549],[-49.9911,-7.6481],[-49.979,-7.6465],[-49.9763,-7.6415],[-49.9701,-7.6449],[-49.9662,-7.6579],[-49.9537,-7.6597],[-49.9489,-7.6644],[-49.9419,-7.6583],[-49.912,-7.6555],[-49.9059,-7.6584],[-49.8999,-7.6541],[-49.8905,-7.6596],[-49.8851,-7.6701],[-49.8779,-7.6696],[-49.8757,-7.6743],[-49.8495,-7.6732],[-49.8457,-7.6752],[-49.8435,-7.6883],[-49.8361,-7.6905],[-49.8321,-7.6995],[-49.8277,-7.6997],[-49.8255,-7.7086],[-49.8277,-7.7162],[-49.8369,-7.7961],[-49.839,-7.8149],[-49.8518,-7.9333],[-49.856,-7.9723],[-49.8577,-7.9717],[-49.8575,-7.9646],[-49.8655,-7.9555],[-49.8761,-7.9568],[-49.8788,-7.9532],[-49.8758,-7.9503],[-49.9013,-7.9472],[-49.9141,-7.9393],[-49.9171,-7.948],[-49.9201,-7.9473],[-49.9262,-7.9415],[-49.9299,-7.9292],[-49.9346,-7.9268],[-49.9326,-7.921],[-49.9437,-7.9193],[-49.9515,-7.908],[-49.9572,-7.9098],[-49.9587,-7.9022],[-49.9785,-7.8933],[-49.9787,-7.8858],[-49.9743,-7.8827],[-49.9891,-7.8762],[-49.9985,-7.8621],[-50.012,-7.8586],[-50.0196,-7.8619],[-50.0208,-7.8579],[-50.0252,-7.8634],[-50.0329,-7.8542],[-50.0326,-7.8427],[-50.0411,-7.8403],[-50.0455,-7.843],[-50.0485,-7.8421],[-50.0781,-7.8276],[-50.0819,-7.8186],[-50.0943,-7.8209],[-50.0945,-7.8143],[-50.1064,-7.813],[-50.1136,-7.8115],[-50.1161,-7.8182],[-50.1269,-7.8228],[-50.1351,-7.8378],[-50.1516,-7.8373],[-50.166,-7.8443],[-50.1713,-7.8478],[-50.1808,-7.8478],[-50.1821,-7.8525],[-50.1884,-7.8507],[-50.2268,-7.8709],[-50.2375,-7.8717],[-50.2392,-7.8776],[-50.2356,-7.8794],[-50.2395,-7.8848],[-50.2529,-7.887],[-50.2522,-7.8806],[-50.264,-7.8758],[-50.2781,-7.8754],[-50.2799,-7.8688],[-50.2933,-7.8655],[-50.3058,-7.8405],[-50.3134,-7.8346],[-50.3153,-7.8196],[-50.3208,-7.8167],[-50.3275,-7.804],[-50.3446,-7.797],[-50.3423,-7.7767],[-50.3471,-7.7704],[-50.3549,-7.7713],[-50.3909,-7.7618],[-50.4046,-7.7522],[-50.4128,-7.74],[-50.4243,-7.7409],[-50.4319,-7.7326],[-50.4497,-7.7145],[-50.4383,-7.6971],[-50.4171,-7.6953],[-50.3938,-7.6746],[-50.3905,-7.6676],[-50.3928,-7.6508],[-50.3866,-7.6451],[-50.3743,-7.6529],[-50.3409,-7.6579],[-50.3448,-7.653],[-50.3449,-7.6441],[-50.3525,-7.6411],[-50.3418,-7.6338],[-50.3409,-7.6005],[-50.3489,-7.5865],[-50.3579,-7.5824],[-50.3626,-7.5755],[-50.3679,-7.5751],[-50.3661,-7.5505],[-50.3724,-7.5431],[-50.3816,-7.5456],[-50.3851,-7.5419],[-50.3784,-7.5329],[-50.3661,-7.5319],[-50.3603,-7.5201],[-50.354,-7.5173],[-50.3576,-7.5089],[-50.3492,-7.5057],[-50.346,-7.5],[-50.3473,-7.484],[-50.3405,-7.4774],[-50.3363,-7.4897],[-50.3303,-7.4915],[-50.3208,-7.5055]]]}},{"type":"Feature","properties":{"nome":"Peixe-Boi","cod":"1505601","uf":"PA"},"geometry":{"type":"Polygon","coordinates":[[[-47.2131,-0.9957],[-47.2113,-1.0005],[-47.2116,-1.0005],[-47.2152,-1.0004],[-47.2052,-1.0808],[-47.1927,-1.1806],[-47.1915,-1.1899],[-47.2028,-1.1873],[-47.2117,-1.1896],[-47.1995,-1.2073],[-47.2051,-1.223],[-47.2679,-1.2626],[-47.2688,-1.2632],[-47.2922,-1.2784],[-47.3426,-1.2867],[-47.3437,-1.1962],[-47.3437,-1.1958],[-47.3448,-1.1069],[-47.3372,-1.0892],[-47.3191,-1.0667],[-47.3219,-1.0533],[-47.322,-1.05],[-47.3233,-1.0399],[-47.3202,-1.0302],[-47.3009,-1.0207],[-47.2996,-1.0081],[-47.2852,-0.9866],[-47.2845,-0.9782],[-47.294,-0.9687],[-47.2924,-0.9685],[-47.2243,-0.9634],[-47.2131,-0.9957]]]}},{"type":"Feature","properties":{"nome":"Piçarra","cod":"1505635","uf":"PA"},"geometry":{"type":"Polygon","coordinates":[[[-49.1987,-6.2638],[-49.1935,-6.2662],[-49.1736,-6.2649],[-49.1495,-6.2706],[-49.1426,-6.2769],[-49.1419,-6.285],[-49.1325,-6.2893],[-49.1318,-6.2982],[-49.1195,-6.3035],[-49.1061,-6.3174],[-49.0924,-6.3172],[-49.0799,-6.3239],[-49.0548,-6.3492],[-49.0534,-6.3613],[-49.0562,-6.3676],[-49.0529,-6.3749],[-49.0351,-6.3765],[-49.0091,-6.3854],[-48.9998,-6.3851],[-48.9895,-6.3943],[-48.9769,-6.398],[-48.9452,-6.4284],[-48.9451,-6.4277],[-48.9411,-6.4043],[-48.9462,-6.3996],[-48.9557,-6.373],[-48.9521,-6.3604],[-48.9635,-6.3418],[-48.964,-6.3232],[-48.9597,-6.3128],[-48.942,-6.313],[-48.9216,-6.3123],[-48.898,-6.3047],[-48.8974,-6.3048],[-48.8891,-6.3073],[-48.8778,-6.3165],[-48.8686,-6.3398],[-48.8558,-6.3502],[-48.8163,-6.361],[-48.7957,-6.3787],[-48.7866,-6.377],[-48.7773,-6.3812],[-48.7652,-6.3817],[-48.7486,-6.3787],[-48.7286,-6.3948],[-48.6256,-6.4781],[-48.6314,-6.4875],[-48.6449,-6.5066],[-48.6463,-6.5234],[-48.6577,-6.539],[-48.6635,-6.5622],[-48.6639,-6.5702],[-48.6518,-6.6117],[-48.6515,-6.6396],[-48.6548,-6.6501],[-48.6644,-6.6624],[-48.6823,-6.6775],[-48.7364,-6.6924],[-48.7562,-6.7167],[-48.7687,-6.7303],[-48.7776,-6.7359],[-48.8318,-6.7536],[-48.8394,-6.7502],[-48.8466,-6.7481],[-48.8746,-6.7524],[-48.9134,-6.757],[-48.9391,-6.7663],[-48.9457,-6.7693],[-48.9633,-6.7791],[-49.0184,-6.7838],[-49.0307,-6.8011],[-49.0433,-6.8154],[-49.083,-6.8429],[-49.1056,-6.8247],[-49.1243,-6.8215],[-49.1268,-6.8123],[-49.1331,-6.8075],[-49.1388,-6.7948],[-49.1498,-6.7886],[-49.2272,-6.6865],[-49.2755,-6.6226],[-49.3518,-6.5216],[-49.3976,-6.4621],[-49.4108,-6.4449],[-49.4093,-6.4436],[-49.2305,-6.2879],[-49.203,-6.264],[-49.2002,-6.2617],[-49.1987,-6.2638]]]}},{"type":"Feature","properties":{"nome":"Placas","cod":"1505650","uf":"PA"},"geometry":{"type":"Polygon","coordinates":[[[-54.5163,-3.3702],[-54.4973,-3.3943],[-54.4858,-3.3927],[-54.4752,-3.3901],[-54.4559,-3.3905],[-54.4309,-3.3773],[-54.402,-3.3717],[-54.37,-3.3708],[-54.3433,-3.3764],[-54.3224,-3.3944],[-54.2855,-3.402],[-54.2871,-3.4172],[-54.2978,-3.4315],[-54.2924,-3.4351],[-54.2769,-3.4336],[-54.2716,-3.4435],[-54.2618,-3.4431],[-54.2575,-3.4487],[-54.2592,-3.459],[-54.2752,-3.4664],[-54.2776,-3.4725],[-54.2758,-3.478],[-54.2693,-3.48],[-54.2686,-3.4861],[-54.2625,-3.49],[-54.2635,-3.5],[-54.2589,-3.5101],[-54.266,-3.5215],[-54.2645,-3.5469],[-54.272,-3.5545],[-54.2727,-3.5638],[-54.2557,-3.57],[-54.2563,-3.5814],[-54.2465,-3.5918],[-54.2443,-3.6111],[-54.2395,-3.6188],[-54.2187,-3.6319],[-54.2181,-3.6361],[-54.2289,-3.6465],[-54.2409,-3.6433],[-54.2428,-3.6509],[-54.2531,-3.6613],[-54.2635,-3.6625],[-54.2565,-3.6743],[-54.2539,-3.6925],[-54.246,-3.6997],[-54.2419,-3.7089],[-54.2268,-3.7128],[-54.2098,-3.7252],[-54.2016,-3.7417],[-54.1915,-3.7471],[-54.1889,-3.7543],[-54.1794,-3.7605],[-54.1756,-3.768],[-54.1522,-3.7771],[-54.1497,-3.79],[-54.1592,-3.8052],[-54.1617,-3.8175],[-54.1688,-3.8239],[-54.1636,-3.8344],[-54.1606,-3.8374],[-54.1472,-3.8367],[-54.1301,-3.8205],[-54.1153,-3.8116],[-54.1096,-3.8252],[-54.1156,-3.8395],[-54.1112,-3.8483],[-54.1154,-3.8553],[-54.1165,-3.8784],[-54.1074,-3.8949],[-54.1174,-3.9041],[-54.1128,-3.9156],[-54.1204,-3.9264],[-54.1144,-3.9319],[-54.1129,-3.9385],[-54.1097,-3.9736],[-54.1175,-3.9847],[-54.1346,-3.9877],[-54.1419,-4.0066],[-54.152,-4.0087],[-54.152,-4.0116],[-54.1367,-4.02],[-54.137,-4.0317],[-54.1325,-4.0347],[-54.105,-4.0397],[-54.0958,-4.0549],[-54.0495,-4.0758],[-54.0538,-4.0825],[-54.0854,-4.099],[-54.091,-4.1089],[-54.0906,-4.1129],[-54.0872,-4.1279],[-54.0789,-4.1403],[-54.081,-4.1475],[-54.0916,-4.155],[-54.0936,-4.1617],[-54.0815,-4.1785],[-54.0844,-4.1848],[-54.0975,-4.1947],[-54.0987,-4.2065],[-54.1104,-4.2119],[-54.109,-4.2218],[-54.1009,-4.2243],[-54.0996,-4.2315],[-54.1102,-4.2306],[-54.1205,-4.2229],[-54.1315,-4.2294],[-54.1349,-4.2283],[-54.138,-4.2168],[-54.1301,-4.2035],[-54.1373,-4.2007],[-54.1585,-4.2072],[-54.1675,-4.1928],[-54.189,-4.1783],[-54.1924,-4.1633],[-54.1969,-4.1744],[-54.1911,-4.1963],[-54.1925,-4.2013],[-54.1997,-4.2024],[-54.2019,-4.2135],[-54.2101,-4.2266],[-54.2036,-4.2349],[-54.2041,-4.239],[-54.2166,-4.2467],[-54.2171,-4.258],[-54.2113,-4.2645],[-54.2433,-4.2846],[-54.2424,-4.292],[-54.2253,-4.304],[-54.2321,-4.3135],[-54.2415,-4.304],[-54.2654,-4.306],[-54.2794,-4.3161],[-54.2999,-4.3152],[-54.3043,-4.2801],[-54.3284,-4.2833],[-54.3338,-4.271],[-54.3625,-4.2637],[-54.3704,-4.2662],[-54.3907,-4.2949],[-54.4,-4.2964],[-54.4049,-4.2926],[-54.4026,-4.287],[-54.4128,-4.2907],[-54.4132,-4.279],[-54.419,-4.2641],[-54.4222,-4.2625],[-54.4335,-4.2685],[-54.4366,-4.2665],[-54.4505,-4.243],[-54.4613,-4.2484],[-54.4625,-4.2524],[-54.4755,-4.2481],[-54.4893,-4.251],[-54.5001,-4.2638],[-54.5102,-4.2681],[-54.51,-4.2751],[-54.5159,-4.2799],[-54.5204,-4.3025],[-54.5347,-4.328],[-54.5338,-4.3329],[-54.5164,-4.3291],[-54.4973,-4.3375],[-54.4935,-4.3446],[-54.503,-4.3482],[-54.5026,-4.3581],[-54.5154,-4.3621],[-54.5244,-4.3754],[-54.5368,-4.3702],[-54.5402,-4.3829],[-54.552,-4.3953],[-54.5558,-4.3939],[-54.5573,-4.3772],[-54.5607,-4.3724],[-54.5643,-4.3717],[-54.5695,-4.3823],[-54.5815,-4.3929],[-54.5875,-4.3839],[-54.6058,-4.3798],[-54.6084,-4.3761],[-54.6088,-4.3558],[-54.632,-4.334],[-54.6317,-4.3236],[-54.6425,-4.3263],[-54.6742,-4.3156],[-54.6892,-4.3291],[-54.6816,-4.347],[-54.6847,-4.3499],[-54.6955,-4.3436],[-54.71,-4.3657],[-54.7204,-4.3754],[-54.7233,-4.3837],[-54.744,-4.3803],[-54.7499,-4.3762],[-54.7528,-4.392],[-54.749,-4.3977],[-54.736,-4.4027],[-54.7335,-4.4061],[-54.7396,-4.4113],[-54.7308,-4.4156],[-54.7351,-4.4242],[-54.752,-4.4307],[-54.7314,-4.4599],[-54.733,-4.4635],[-54.7416,-4.4682],[-54.7562,-4.4582],[-54.7636,-4.4594],[-54.7764,-4.455],[-54.7882,-4.4631],[-54.7963,-4.4633],[-54.8097,-4.4323],[-54.8234,-4.4219],[-54.8266,-4.4214],[-54.838,-4.4171],[-54.8414,-4.4099],[-54.8359,-4.3961],[-54.8375,-4.3897],[-54.8507,-4.3719],[-54.8584,-4.3673],[-54.8752,-4.3401],[-54.8576,-4.3119],[-54.8577,-4.2941],[-54.8511,-4.281],[-54.8426,-4.2763],[-54.8473,-4.2584],[-54.826,-4.234],[-54.8105,-4.2348],[-54.8053,-4.2269],[-54.792,-4.2228],[-54.7919,-4.2059],[-54.7946,-4.2013],[-54.8117,-4.1934],[-54.8108,-4.1898],[-54.818,-4.1778],[-54.8129,-4.1559],[-54.8156,-4.1441],[-54.8091,-4.1348],[-54.7872,-4.1313],[-54.7845,-4.1247],[-54.7737,-4.1223],[-54.7799,-4.1101],[-54.7743,-4.1006],[-54.7745,-4.0945],[-54.7797,-4.0902],[-54.7781,-4.08],[-54.7868,-4.0723],[-54.7796,-4.0694],[-54.7789,-4.0676],[-54.778,-4.0653],[-54.7872,-4.0571],[-54.7847,-4.0513],[-54.7778,-4.0515],[-54.7728,-4.0459],[-54.7403,-4.0372],[-54.7416,-4.0197],[-54.7607,-3.9889],[-54.7567,-3.9835],[-54.7542,-3.9782],[-54.7608,-3.9677],[-54.7502,-3.9589],[-54.755,-3.9508],[-54.7547,-3.9358],[-54.7785,-3.941],[-54.7844,-3.9386],[-54.786,-3.933],[-54.7768,-3.9264],[-54.7714,-3.9139],[-54.7573,-3.9037],[-54.7575,-3.8947],[-54.7464,-3.8863],[-54.7536,-3.8682],[-54.7596,-3.8607],[-54.7552,-3.8506],[-54.7362,-3.8428],[-54.7192,-3.8467],[-54.7157,-3.841],[-54.7193,-3.8357],[-54.7184,-3.8283],[-54.7092,-3.8271],[-54.7046,-3.8155],[-54.6984,-3.8119],[-54.6987,-3.7966],[-54.6946,-3.7892],[-54.7145,-3.7846],[-54.7196,-3.7792],[-54.7411,-3.7678],[-54.7547,-3.782],[-54.7963,-3.7734],[-54.8076,-3.7664],[-54.8195,-3.7733],[-54.8285,-3.7693],[-54.8391,-3.7548],[-54.8491,-3.7475],[-54.8533,-3.7297],[-54.8698,-3.7266],[-54.8754,-3.7217],[-54.8846,-3.7262],[-54.8882,-3.7248],[-54.8937,-3.7295],[-54.9014,-3.7239],[-54.9176,-3.7392],[-54.9143,-3.7463],[-54.9024,-3.7566],[-54.9121,-3.7678],[-54.9109,-3.7822],[-54.9218,-3.7843],[-54.9401,-3.7956],[-54.9406,-3.8063],[-54.9434,-3.8088],[-54.947,-3.7962],[-54.9442,-3.7737],[-54.9512,-3.7488],[-54.9524,-3.7261],[-54.9219,-3.6992],[-54.9092,-3.6792],[-54.9049,-3.6536],[-54.9164,-3.6],[-54.9126,-3.5861],[-54.908,-3.5763],[-54.8945,-3.5629],[-54.8686,-3.5608],[-54.8684,-3.5608],[-54.8333,-3.5558],[-54.8236,-3.5532],[-54.8126,-3.5359],[-54.8024,-3.5272],[-54.7795,-3.5224],[-54.7617,-3.5286],[-54.7583,-3.5203],[-54.7404,-3.5254],[-54.6988,-3.5224],[-54.7119,-3.4875],[-54.7079,-3.4751],[-54.6959,-3.468],[-54.6808,-3.4476],[-54.6672,-3.4395],[-54.6434,-3.4172],[-54.6197,-3.4116],[-54.6019,-3.4112],[-54.5982,-3.4044],[-54.5731,-3.3844],[-54.5721,-3.3665],[-54.5566,-3.3612],[-54.5322,-3.3603],[-54.5163,-3.3702]]]}},{"type":"Feature","properties":{"nome":"Ponta de Pedras","cod":"1505700","uf":"PA"},"geometry":{"type":"Polygon","coordinates":[[[-49.4858,-0.6684],[-49.3621,-0.738],[-49.3553,-0.7318],[-49.3373,-0.7304],[-49.3202,-0.7251],[-49.315,-0.7306],[-49.3183,-0.746],[-49.3158,-0.7589],[-49.3117,-0.765],[-49.2986,-0.7716],[-49.2905,-0.7654],[-49.2801,-0.7631],[-49.2786,-0.754],[-49.2459,-0.7673],[-49.2373,-0.7623],[-49.2317,-0.7511],[-49.2133,-0.7324],[-49.1934,-0.7439],[-49.1914,-0.7401],[-49.1857,-0.7605],[-49.1879,-0.7675],[-49.1857,-0.7741],[-49.1913,-0.785],[-49.1854,-0.8006],[-49.1894,-0.8072],[-49.1873,-0.8138],[-49.19,-0.8195],[-49.1787,-0.8265],[-49.1745,-0.8217],[-49.1567,-0.8221],[-49.1494,-0.8186],[-49.1497,-0.825],[-49.1424,-0.8404],[-49.1358,-0.8422],[-49.1243,-0.8571],[-49.1098,-0.867],[-49.1101,-0.8704],[-49.1039,-0.8745],[-49.0947,-0.8749],[-49.0899,-0.8822],[-49.0911,-0.8853],[-49.0852,-0.8865],[-49.0843,-0.8896],[-49.0662,-0.89],[-49.0658,-0.8934],[-49.0584,-0.8909],[-49.0473,-0.8957],[-49.0491,-0.9008],[-49.0386,-0.9371],[-49.0397,-0.9487],[-49.0293,-0.9584],[-49.0067,-0.9701],[-49.0046,-0.976],[-48.9952,-0.9775],[-48.99,-0.9732],[-48.9771,-0.9811],[-48.9719,-0.9727],[-48.9677,-0.972],[-48.9575,-0.9846],[-48.964,-0.9881],[-48.9694,-0.9969],[-48.9646,-1.0063],[-48.9643,-1.0068],[-48.9661,-1.0248],[-48.9662,-1.0334],[-48.9509,-1.0433],[-48.9338,-1.0395],[-48.9163,-1.0448],[-48.9136,-1.0511],[-48.9234,-1.0684],[-48.9216,-1.0787],[-48.9136,-1.0889],[-48.9169,-1.0951],[-48.913,-1.1066],[-48.9142,-1.1181],[-48.9187,-1.1308],[-48.9178,-1.1396],[-48.9151,-1.143],[-48.9097,-1.1415],[-48.8978,-1.1504],[-48.8923,-1.1577],[-48.8944,-1.1677],[-48.8914,-1.1738],[-48.8819,-1.1798],[-48.8794,-1.1902],[-48.8688,-1.2013],[-48.8192,-1.2129],[-48.8011,-1.2127],[-48.7515,-1.1897],[-48.7284,-1.1876],[-48.7055,-1.186],[-48.6731,-1.1742],[-48.6071,-1.1718],[-48.624,-1.1918],[-48.6512,-1.2317],[-48.6705,-1.267],[-48.6935,-1.3089],[-48.7019,-1.322],[-48.7382,-1.3968],[-48.7626,-1.4563],[-48.768,-1.4655],[-48.8172,-1.5078],[-48.837,-1.5211],[-48.8662,-1.5305],[-48.9216,-1.5419],[-48.9472,-1.5506],[-48.9636,-1.5238],[-48.9709,-1.4874],[-48.9773,-1.4838],[-48.9799,-1.486],[-48.9901,-1.4838],[-48.9984,-1.4789],[-49.102,-1.4036],[-49.1,-1.3948],[-49.1023,-1.383],[-49.1146,-1.3999],[-49.1284,-1.4018],[-49.1417,-1.4142],[-49.1509,-1.4118],[-49.1501,-1.4079],[-49.1425,-1.4037],[-49.1433,-1.3896],[-49.1093,-1.3768],[-49.1043,-1.3673],[-49.0954,-1.3603],[-49.0955,-1.3565],[-49.1043,-1.3531],[-49.1097,-1.3457],[-49.1058,-1.3408],[-49.1059,-1.3288],[-49.1009,-1.3243],[-49.1056,-1.3234],[-49.1074,-1.3204],[-49.1047,-1.3174],[-49.1089,-1.3111],[-49.0973,-1.3029],[-49.0952,-1.2903],[-49.0885,-1.2801],[-49.0904,-1.2773],[-49.0962,-1.2782],[-49.1014,-1.2714],[-49.0942,-1.257],[-49.0947,-1.253],[-49.104,-1.2458],[-49.1011,-1.2399],[-49.1028,-1.2369],[-49.1143,-1.2401],[-49.1242,-1.2073],[-49.1291,-1.2005],[-49.136,-1.2001],[-49.1461,-1.19],[-49.1502,-1.1699],[-49.1653,-1.156],[-49.1684,-1.1547],[-49.181,-1.1592],[-49.1936,-1.156],[-49.1988,-1.1443],[-49.1949,-1.1325],[-49.2132,-1.1166],[-49.2124,-1.107],[-49.2068,-1.1],[-49.1992,-1.0936],[-49.1907,-1.0928],[-49.185,-1.0717],[-49.1823,-1.073],[-49.1764,-1.0625],[-49.1996,-1.0485],[-49.1983,-1.0259],[-49.2146,-1.0169],[-49.2196,-1.0],[-49.2785,-0.9842],[-49.3262,-0.9713],[-49.3268,-0.942],[-49.3284,-0.9373],[-49.3372,-0.9319],[-49.3571,-0.9283],[-49.3936,-0.9319],[-49.4144,-0.9195],[-49.4171,-0.914],[-49.4216,-0.9102],[-49.4299,-0.915],[-49.436,-0.9132],[-49.4452,-0.9228],[-49.4428,-0.9246],[-49.4517,-0.9353],[-49.4494,-0.9416],[-49.4521,-0.9473],[-49.4463,-0.949],[-49.4485,-0.9561],[-49.4447,-0.9556],[-49.448,-0.9645],[-49.4518,-0.9684],[-49.4721,-0.9714],[-49.4788,-0.9891],[-49.4849,-0.9896],[-49.4896,-0.9849],[-49.5043,-0.9834],[-49.5161,-0.9781],[-49.5258,-0.9666],[-49.5206,-0.9557],[-49.522,-0.9478],[-49.5328,-0.9365],[-49.5299,-0.9291],[-49.5413,-0.8952],[-49.5399,-0.8862],[-49.5436,-0.8756],[-49.4973,-0.7428],[-49.4993,-0.7367],[-49.4867,-0.7312],[-49.4821,-0.7126],[-49.487,-0.7049],[-49.4801,-0.693],[-49.4862,-0.6785],[-49.484,-0.6753],[-49.4858,-0.6684]]]}},{"type":"Feature","properties":{"nome":"Portel","cod":"1505809","uf":"PA"},"geometry":{"type":"Polygon","coordinates":[[[-51.158,-1.8094],[-51.1105,-1.825],[-51.0894,-1.817],[-51.0789,-1.818],[-51.0551,-1.8212],[-51.0449,-1.8369],[-51.03,-1.8456],[-50.9863,-1.8403],[-50.9594,-1.846],[-50.9431,-1.8561],[-50.9354,-1.871],[-50.9186,-1.8855],[-50.9026,-1.8833],[-50.8856,-1.8696],[-50.875,-1.8679],[-50.8504,-1.8884],[-50.8171,-1.9071],[-50.7978,-1.9127],[-50.7544,-1.8997],[-50.7391,-1.8891],[-50.7348,-1.8804],[-50.7352,-1.8657],[-50.6999,-1.8235],[-50.6908,-1.8097],[-50.6735,-1.795],[-50.6514,-1.7958],[-50.639,-1.7907],[-50.6314,-1.7921],[-50.6126,-1.8044],[-50.6061,-1.8207],[-50.5883,-1.8427],[-50.5801,-1.8608],[-50.529,-1.9216],[-50.4555,-1.9217],[-50.454,-1.9316],[-50.467,-1.947],[-50.4836,-1.9597],[-50.4849,-1.9647],[-50.5185,-1.9611],[-50.5255,-1.9707],[-50.542,-1.9688],[-50.5447,-1.9753],[-50.5578,-1.9854],[-50.5592,-1.9884],[-50.5709,-2.016],[-50.5629,-2.02],[-50.5638,-2.0275],[-50.5573,-2.0304],[-50.5557,-2.0401],[-50.5478,-2.0487],[-50.5413,-2.0642],[-50.5332,-2.0688],[-50.534,-2.0841],[-50.5298,-2.1031],[-50.519,-2.1251],[-50.5203,-2.1419],[-50.5085,-2.188],[-50.4853,-2.2042],[-50.4618,-2.2103],[-50.4502,-2.2174],[-50.4334,-2.24],[-50.4127,-2.2576],[-50.4059,-2.2802],[-50.3956,-2.2929],[-50.3888,-2.3094],[-50.3769,-2.3176],[-50.3644,-2.3355],[-50.3494,-2.3839],[-50.3252,-2.4185],[-50.314,-2.4524],[-50.2915,-2.475],[-50.2849,-2.4942],[-50.2755,-2.5052],[-50.2137,-2.5229],[-50.1963,-2.5349],[-50.189,-2.5467],[-50.1814,-2.5699],[-50.1598,-2.5925],[-50.1529,-2.6192],[-50.1444,-2.626],[-50.132,-2.6452],[-50.1307,-2.6524],[-50.1404,-2.6531],[-50.1363,-2.6633],[-50.1385,-2.6681],[-50.1464,-2.6722],[-50.1478,-2.6807],[-50.1412,-2.8236],[-50.1243,-2.8505],[-50.1182,-2.8718],[-50.1099,-2.8796],[-50.0934,-2.885],[-50.0943,-2.8966],[-50.1014,-2.9039],[-50.0946,-2.9121],[-50.095,-2.9195],[-50.1075,-2.9262],[-50.1153,-2.9474],[-50.103,-2.9565],[-50.0853,-2.961],[-50.0842,-2.9645],[-50.0879,-2.9724],[-50.1047,-2.9857],[-50.1104,-2.9937],[-50.11,-3.0002],[-50.0855,-3.032],[-50.0775,-3.0353],[-50.0689,-3.0359],[-50.0206,-3.0741],[-50.0064,-3.0964],[-50.0031,-3.1095],[-50.0064,-3.127],[-49.9944,-3.1319],[-49.9835,-3.1445],[-49.9829,-3.1576],[-49.9704,-3.1622],[-49.9671,-3.1666],[-49.9727,-3.191],[-49.9718,-3.2],[-49.9654,-3.2103],[-49.9485,-3.2098],[-49.9344,-3.22],[-49.9302,-3.2279],[-49.9359,-3.2483],[-49.9336,-3.2588],[-49.9213,-3.2811],[-49.9224,-3.3044],[-49.9081,-3.3253],[-49.9188,-3.3286],[-49.9324,-3.3235],[-49.969,-3.3193],[-49.979,-3.3248],[-50.0,-3.3241],[-50.006,-3.3312],[-50.018,-3.3212],[-50.0277,-3.3203],[-50.0419,-3.31],[-50.0557,-3.3076],[-50.0693,-3.3004],[-50.0791,-3.2829],[-50.0979,-3.2718],[-50.1127,-3.2692],[-50.1563,-3.3001],[-50.1699,-3.2928],[-50.1923,-3.2729],[-50.2035,-3.2448],[-50.2092,-3.2372],[-50.2175,-3.2354],[-50.2213,-3.2405],[-50.2289,-3.2335],[-50.2382,-3.2421],[-50.248,-3.243],[-50.2459,-3.2529],[-50.252,-3.257],[-50.2503,-3.2676],[-50.2549,-3.2739],[-50.2726,-3.2812],[-50.2812,-3.2885],[-50.2822,-3.3011],[-50.289,-3.3076],[-50.3244,-3.3164],[-50.321,-3.3214],[-50.3288,-3.3507],[-50.3397,-3.3513],[-50.3433,-3.3609],[-50.3556,-3.3651],[-50.3625,-3.3841],[-50.374,-3.3803],[-50.3806,-3.3907],[-50.392,-3.3941],[-50.398,-3.4009],[-50.4225,-3.4127],[-50.4325,-3.4053],[-50.4361,-3.395],[-50.4752,-3.3984],[-50.4763,-3.4027],[-50.4838,-3.4055],[-50.4869,-3.416],[-50.4959,-3.4174],[-50.4855,-3.458],[-50.5966,-3.4706],[-50.737,-3.4866],[-50.8085,-3.4947],[-50.8049,-3.4885],[-50.8135,-3.4606],[-50.8086,-3.4484],[-50.8109,-3.4277],[-50.8248,-3.4022],[-50.8323,-3.3748],[-50.8405,-3.368],[-50.8391,-3.3436],[-50.8339,-3.3333],[-50.8464,-3.2958],[-50.8642,-3.2789],[-50.8712,-3.2766],[-50.8851,-3.2644],[-50.8917,-3.2633],[-50.8986,-3.255],[-50.9155,-3.2487],[-50.9358,-3.2308],[-50.9367,-3.2211],[-50.9338,-3.2214],[-50.9311,-3.215],[-50.951,-3.201],[-50.9484,-3.1924],[-50.9654,-3.1891],[-50.9685,-3.1696],[-50.9798,-3.1544],[-50.9754,-3.1491],[-50.9723,-3.1243],[-50.9747,-3.122],[-50.9969,-3.124],[-51.0,-3.1291],[-51.01,-3.1285],[-51.0163,-3.1111],[-51.0297,-3.1053],[-51.0552,-3.1094],[-51.0722,-3.1048],[-51.0822,-3.1061],[-51.1002,-3.1275],[-51.1138,-3.1361],[-51.1462,-3.1157],[-51.1973,-3.0682],[-51.1924,-3.0647],[-51.1863,-3.0688],[-51.1697,-3.0653],[-51.1654,-3.0596],[-51.1663,-3.0515],[-51.1549,-3.0417],[-51.1547,-3.0261],[-51.1509,-3.0219],[-51.2099,-2.9991],[-51.2368,-2.9744],[-51.2486,-2.9727],[-51.2667,-2.9607],[-51.275,-2.9589],[-51.3046,-2.9316],[-51.3165,-2.9339],[-51.3181,-2.9434],[-51.3243,-2.9447],[-51.3508,-2.9146],[-51.3624,-2.9108],[-51.394,-2.8916],[-51.3986,-2.8856],[-51.3974,-2.8769],[-51.4103,-2.8725],[-51.4078,-2.8639],[-51.4164,-2.838],[-51.4307,-2.8209],[-51.4346,-2.8064],[-51.44,-2.8075],[-51.4412,-2.8046],[-51.4401,-2.7896],[-51.4437,-2.7709],[-51.4581,-2.7719],[-51.4721,-2.7608],[-51.5035,-2.746],[-51.5275,-2.744],[-51.5513,-2.7522],[-51.5716,-2.7651],[-51.6353,-2.767],[-51.6441,-2.7692],[-51.662,-2.7811],[-51.6845,-2.7792],[-51.6989,-2.794],[-51.7137,-2.7928],[-51.7194,-2.7959],[-51.7339,-2.8137],[-51.7478,-2.8451],[-51.7548,-2.8364],[-51.8014,-2.7216],[-51.8184,-2.6992],[-51.8334,-2.6571],[-51.8396,-2.6276],[-51.8562,-2.5908],[-51.8587,-2.5713],[-51.854,-2.5521],[-51.8478,-2.524],[-51.8479,-2.508],[-51.8575,-2.4823],[-51.8749,-2.4575],[-51.8813,-2.4323],[-51.8784,-2.4183],[-51.8612,-2.3865],[-51.8618,-2.3727],[-51.8772,-2.353],[-51.9041,-2.3387],[-51.9201,-2.3312],[-51.9246,-2.323],[-51.922,-2.2786],[-51.9341,-2.2617],[-51.9392,-2.2567],[-51.9392,-2.1743],[-51.9392,-2.1074],[-51.9159,-2.0739],[-51.9089,-2.0433],[-51.9054,-2.0031],[-51.8861,-1.9742],[-51.8742,-1.9442],[-51.8676,-1.9528],[-51.8469,-1.9602],[-51.8213,-1.9631],[-51.8062,-1.961],[-51.773,-1.9442],[-51.7567,-1.9403],[-51.7311,-1.8909],[-51.6925,-1.8622],[-51.6725,-1.8577],[-51.6315,-1.8756],[-51.6029,-1.8801],[-51.5865,-1.8779],[-51.554,-1.8666],[-51.522,-1.8436],[-51.4909,-1.8397],[-51.4794,-1.8354],[-51.4547,-1.8184],[-51.4339,-1.798],[-51.3827,-1.7814],[-51.3767,-1.7804],[-51.3452,-1.7764],[-51.3154,-1.7524],[-51.3007,-1.7472],[-51.2777,-1.7531],[-51.2567,-1.7693],[-51.2405,-1.7867],[-51.2262,-1.7959],[-51.158,-1.8094]]]}},{"type":"Feature","properties":{"nome":"Porto de Moz","cod":"1505908","uf":"PA"},"geometry":{"type":"Polygon","coordinates":[[[-52.2393,-1.5468],[-52.2103,-1.597],[-52.2012,-1.6031],[-52.1388,-1.6078],[-52.1045,-1.6045],[-52.092,-1.6065],[-52.0547,-1.6008],[-52.0247,-1.5963],[-52.0151,-1.5979],[-51.9931,-1.5985],[-51.969,-1.5903],[-51.9563,-1.5914],[-51.9558,-1.597],[-51.9665,-1.6054],[-51.9704,-1.615],[-51.9699,-1.6199],[-51.9578,-1.6281],[-51.9576,-1.639],[-51.9516,-1.6462],[-51.9604,-1.6583],[-51.9632,-1.6751],[-51.9856,-1.7006],[-51.9836,-1.7256],[-51.9896,-1.7426],[-51.9853,-1.7789],[-51.978,-1.8031],[-51.9663,-1.8253],[-51.9631,-1.8252],[-51.9638,-1.8285],[-51.9669,-1.8537],[-51.9629,-1.8805],[-51.9427,-1.8896],[-51.9111,-1.9169],[-51.8819,-1.9261],[-51.8759,-1.9324],[-51.8742,-1.9442],[-51.8861,-1.9742],[-51.9054,-2.0031],[-51.9089,-2.0433],[-51.9159,-2.0739],[-51.9392,-2.1074],[-51.9392,-2.1743],[-51.9392,-2.2567],[-51.9341,-2.2617],[-51.922,-2.2786],[-51.9246,-2.323],[-51.9201,-2.3312],[-51.9041,-2.3387],[-51.8772,-2.353],[-51.8618,-2.3727],[-51.8612,-2.3865],[-51.8784,-2.4183],[-51.8813,-2.4323],[-51.8749,-2.4575],[-51.8575,-2.4823],[-51.8479,-2.508],[-51.8478,-2.524],[-51.854,-2.5521],[-51.8718,-2.5489],[-51.8715,-2.5411],[-51.8942,-2.5234],[-51.9016,-2.5066],[-51.9122,-2.5039],[-51.9193,-2.4928],[-51.9278,-2.4941],[-51.9363,-2.5097],[-51.9486,-2.5148],[-51.9577,-2.5238],[-51.9588,-2.5273],[-51.9783,-2.5525],[-51.9884,-2.5753],[-52.002,-2.6302],[-52.0289,-2.6629],[-52.0545,-2.6859],[-52.0645,-2.7375],[-52.0633,-2.7511],[-52.0583,-2.7748],[-52.0434,-2.7921],[-52.1044,-2.7941],[-52.1211,-2.8017],[-52.177,-2.8127],[-52.2266,-2.8098],[-52.256,-2.8126],[-52.276,-2.8299],[-52.2771,-2.827],[-52.2936,-2.8042],[-52.3324,-2.7819],[-52.3897,-2.7697],[-52.433,-2.7684],[-52.4781,-2.7722],[-52.4827,-2.7728],[-52.5008,-2.7733],[-52.5338,-2.7401],[-52.5565,-2.7246],[-52.6188,-2.7163],[-52.6378,-2.7166],[-52.6835,-2.7225],[-52.7378,-2.7355],[-52.7625,-2.7435],[-52.8009,-2.7628],[-52.8222,-2.7629],[-52.8374,-2.7583],[-52.9056,-2.7137],[-52.9565,-2.6883],[-52.9744,-2.6896],[-52.9924,-2.6781],[-53.0009,-2.6714],[-53.0011,-2.6713],[-52.9833,-2.6596],[-52.9781,-2.6637],[-52.9663,-2.6567],[-53.3838,-2.5046],[-53.3682,-2.497],[-53.3627,-2.4902],[-53.3614,-2.4818],[-53.325,-2.4533],[-53.3071,-2.4547],[-53.2905,-2.4462],[-53.2783,-2.4279],[-53.2706,-2.4046],[-53.2597,-2.3951],[-53.2521,-2.3936],[-53.2269,-2.3702],[-53.2264,-2.34],[-53.2383,-2.285],[-53.2389,-2.2645],[-53.2351,-2.2441],[-53.2438,-2.2286],[-53.2441,-2.1933],[-53.2498,-2.1714],[-53.2718,-2.1444],[-53.279,-2.1186],[-53.2772,-2.0847],[-53.2856,-2.0783],[-53.3046,-2.0812],[-53.3163,-2.0757],[-53.3264,-2.066],[-53.3305,-2.0528],[-53.3413,-2.0551],[-53.3449,-2.0528],[-53.3475,-2.0398],[-53.3585,-2.0372],[-53.361,-2.0305],[-53.3592,-2.0251],[-53.3445,-2.0204],[-53.3445,-2.0133],[-53.3336,-2.0079],[-53.3205,-2.004],[-53.3053,-2.0057],[-53.2999,-1.9975],[-53.3007,-1.9872],[-53.2872,-1.9808],[-53.2597,-1.9756],[-53.2373,-1.9868],[-53.2219,-1.9883],[-53.2134,-1.9966],[-53.2077,-1.9958],[-53.1946,-1.9843],[-53.1738,-1.9783],[-53.1569,-1.9681],[-53.1377,-1.9502],[-53.1292,-1.932],[-53.1161,-1.9178],[-53.0759,-1.8975],[-53.0633,-1.8857],[-53.0469,-1.8366],[-53.0363,-1.8271],[-53.0377,-1.8043],[-53.0288,-1.783],[-53.013,-1.7792],[-52.9947,-1.7671],[-52.9935,-1.7617],[-52.9993,-1.743],[-52.9929,-1.7371],[-52.9515,-1.6666],[-52.9387,-1.656],[-52.9169,-1.6512],[-52.8104,-1.6307],[-52.7999,-1.6249],[-52.7499,-1.6124],[-52.717,-1.5954],[-52.6823,-1.5839],[-52.6456,-1.5783],[-52.6266,-1.5831],[-52.6013,-1.5769],[-52.5078,-1.565],[-52.4793,-1.5669],[-52.4757,-1.5656],[-52.415,-1.5628],[-52.397,-1.5592],[-52.3704,-1.5506],[-52.3528,-1.54],[-52.2863,-1.5231],[-52.2514,-1.5037],[-52.2393,-1.5468]]]}},{"type":"Feature","properties":{"nome":"Prainha","cod":"1506005","uf":"PA"},"geometry":{"type":"Polygon","coordinates":[[[-53.7055,-0.9805],[-53.6872,-1.0078],[-53.6834,-1.0232],[-53.685,-1.0373],[-53.6779,-1.0491],[-53.6749,-1.0911],[-53.6503,-1.1305],[-53.6331,-1.1397],[-53.6278,-1.1531],[-53.6359,-1.1736],[-53.6324,-1.1878],[-53.6127,-1.2044],[-53.6018,-1.2046],[-53.5741,-1.2141],[-53.5667,-1.2185],[-53.5625,-1.2283],[-53.5558,-1.2515],[-53.5309,-1.2838],[-53.5218,-1.3049],[-53.5122,-1.3134],[-53.4947,-1.3414],[-53.4851,-1.378],[-53.4868,-1.3864],[-53.4839,-1.4022],[-53.4765,-1.4193],[-53.4842,-1.4354],[-53.4731,-1.4489],[-53.4616,-1.4565],[-53.4449,-1.494],[-53.4444,-1.5136],[-53.4261,-1.5275],[-53.4124,-1.5561],[-53.41,-1.5678],[-53.4015,-1.5805],[-53.3972,-1.6004],[-53.3826,-1.6254],[-53.3607,-1.6876],[-53.3614,-1.7018],[-53.3552,-1.7349],[-53.359,-1.7424],[-53.3581,-1.7489],[-53.3366,-1.7424],[-53.3233,-1.7458],[-53.3104,-1.7684],[-53.305,-1.7696],[-53.2903,-1.769],[-53.2424,-1.7571],[-53.2157,-1.7582],[-53.1563,-1.7746],[-53.1388,-1.7749],[-53.1176,-1.7808],[-53.0468,-1.7685],[-53.0181,-1.7571],[-52.9993,-1.743],[-52.9935,-1.7617],[-52.9947,-1.7671],[-53.013,-1.7792],[-53.0288,-1.783],[-53.0377,-1.8043],[-53.0363,-1.8271],[-53.0469,-1.8366],[-53.0633,-1.8857],[-53.0759,-1.8975],[-53.1161,-1.9178],[-53.1292,-1.932],[-53.1377,-1.9502],[-53.1569,-1.9681],[-53.1738,-1.9783],[-53.1946,-1.9843],[-53.2077,-1.9958],[-53.2134,-1.9966],[-53.2219,-1.9883],[-53.2373,-1.9868],[-53.2597,-1.9756],[-53.2872,-1.9808],[-53.3007,-1.9872],[-53.2999,-1.9975],[-53.3053,-2.0057],[-53.3205,-2.004],[-53.3336,-2.0079],[-53.3445,-2.0133],[-53.3445,-2.0204],[-53.3592,-2.0251],[-53.361,-2.0305],[-53.3585,-2.0372],[-53.3475,-2.0398],[-53.3449,-2.0528],[-53.3413,-2.0551],[-53.3305,-2.0528],[-53.3264,-2.066],[-53.3163,-2.0757],[-53.3046,-2.0812],[-53.2856,-2.0783],[-53.2772,-2.0847],[-53.279,-2.1186],[-53.2718,-2.1444],[-53.2498,-2.1714],[-53.2441,-2.1933],[-53.2438,-2.2286],[-53.2351,-2.2441],[-53.2389,-2.2645],[-53.2383,-2.285],[-53.2264,-2.34],[-53.2269,-2.3702],[-53.2521,-2.3936],[-53.2597,-2.3951],[-53.2706,-2.4046],[-53.2783,-2.4279],[-53.2905,-2.4462],[-53.3071,-2.4547],[-53.325,-2.4533],[-53.3614,-2.4818],[-53.3627,-2.4902],[-53.3682,-2.497],[-53.3838,-2.5046],[-52.9663,-2.6567],[-52.9781,-2.6637],[-52.9833,-2.6596],[-53.0011,-2.6713],[-53.0086,-2.6765],[-53.0146,-2.6757],[-53.0181,-2.6799],[-53.0283,-2.6816],[-53.0344,-2.6774],[-53.0465,-2.6824],[-53.0508,-2.6775],[-53.0561,-2.6818],[-53.0634,-2.6802],[-53.0688,-2.6862],[-53.0757,-2.6879],[-53.0844,-2.6819],[-53.0949,-2.6841],[-53.0992,-2.6809],[-53.1106,-2.6854],[-53.1126,-2.68],[-53.1192,-2.6777],[-53.1264,-2.6694],[-53.1459,-2.6649],[-53.1649,-2.6768],[-53.1701,-2.684],[-53.1696,-2.6948],[-53.1946,-2.7079],[-53.1984,-2.7155],[-53.2022,-2.7145],[-53.2074,-2.7203],[-53.2117,-2.7295],[-53.2351,-2.7477],[-53.2326,-2.7531],[-53.2379,-2.7601],[-53.2416,-2.7587],[-53.2465,-2.7693],[-53.2525,-2.7739],[-53.2553,-2.7749],[-53.2591,-2.7691],[-53.2711,-2.7708],[-53.2829,-2.7618],[-53.284,-2.7556],[-53.2887,-2.7545],[-53.3093,-2.743],[-53.3293,-2.7427],[-53.3358,-2.737],[-53.3576,-2.737],[-53.361,-2.7409],[-53.3701,-2.7386],[-53.3862,-2.7421],[-53.3901,-2.7378],[-53.4081,-2.7495],[-53.412,-2.7625],[-53.4167,-2.7655],[-53.4272,-2.7621],[-53.4539,-2.7761],[-53.4782,-2.7721],[-53.4867,-2.7645],[-53.5012,-2.7712],[-53.5023,-2.7825],[-53.5077,-2.7831],[-53.5231,-2.7748],[-53.5447,-2.7907],[-53.5644,-2.7914],[-53.5938,-2.8127],[-53.592,-2.826],[-53.5989,-2.8421],[-53.6078,-2.853],[-53.6079,-2.8648],[-53.8547,-2.8871],[-53.8549,-2.8871],[-54.1026,-2.8862],[-54.1117,-2.8861],[-54.1111,-2.7542],[-54.1364,-2.734],[-54.1584,-2.7225],[-54.1602,-2.7157],[-54.1506,-2.7122],[-54.1479,-2.7012],[-54.1657,-2.6882],[-54.163,-2.6713],[-54.1697,-2.6637],[-54.1818,-2.659],[-54.1846,-2.6512],[-54.1781,-2.6399],[-54.1785,-2.6351],[-54.1809,-2.631],[-54.192,-2.622],[-54.2114,-2.6164],[-54.2489,-2.5893],[-54.2534,-2.5822],[-54.25,-2.5581],[-54.2411,-2.5316],[-54.2424,-2.5149],[-54.2317,-2.5061],[-54.2259,-2.4815],[-54.2342,-2.4669],[-54.2368,-2.4607],[-54.2561,-2.446],[-54.2596,-2.4248],[-54.2641,-2.4175],[-54.2654,-2.4151],[-54.1674,-2.3704],[-54.1218,-2.3402],[-54.1148,-2.3334],[-54.0928,-2.3071],[-54.0696,-2.2719],[-54.0487,-2.2331],[-54.0386,-2.2037],[-54.0354,-2.1665],[-54.0357,-2.1122],[-54.0164,-2.0809],[-53.9985,-2.0699],[-53.9578,-2.0267],[-53.9115,-1.9964],[-53.846,-1.9632],[-53.7999,-1.9337],[-53.7867,-1.9124],[-53.7858,-1.8946],[-53.7887,-1.8883],[-53.7931,-1.8838],[-53.8021,-1.8825],[-53.8336,-1.8846],[-53.8643,-1.896],[-53.8967,-1.8975],[-53.9179,-1.9092],[-53.8646,-1.8312],[-53.8641,-1.8305],[-53.7906,-1.724],[-53.7954,-1.714],[-53.8124,-1.7094],[-53.8138,-1.7039],[-53.8325,-1.695],[-53.8479,-1.69],[-53.8608,-1.6941],[-53.867,-1.6928],[-53.8741,-1.6855],[-53.885,-1.6813],[-53.9034,-1.6866],[-53.9249,-1.6702],[-53.9262,-1.6439],[-53.898,-1.6383],[-53.8917,-1.6261],[-53.8635,-1.611],[-53.8635,-1.59],[-53.8702,-1.5813],[-53.8769,-1.5773],[-53.8845,-1.5551],[-53.8846,-1.5071],[-53.8548,-1.4705],[-53.8467,-1.4537],[-53.8276,-1.4381],[-53.8162,-1.3787],[-53.8206,-1.3601],[-53.8296,-1.3403],[-53.8756,-1.3051],[-53.8812,-1.2923],[-53.8794,-1.2847],[-53.8577,-1.2631],[-53.8543,-1.2436],[-53.8786,-1.2046],[-53.8924,-1.165],[-53.8905,-1.1523],[-53.8989,-1.1242],[-53.903,-1.0926],[-53.8923,-1.0716],[-53.8954,-1.0539],[-53.902,-1.048],[-53.9436,-1.0361],[-53.9589,-0.9942],[-53.9436,-0.9982],[-53.9081,-0.995],[-53.8245,-0.9537],[-53.8088,-0.9492],[-53.7958,-0.9497],[-53.7706,-0.9585],[-53.7451,-0.9732],[-53.7267,-0.9791],[-53.7055,-0.9805]]]}},{"type":"Feature","properties":{"nome":"Primavera","cod":"1506104","uf":"PA"},"geometry":{"type":"Polygon","coordinates":[[[-47.0791,-0.8921],[-47.0732,-0.9013],[-47.0755,-0.9258],[-47.0768,-0.9283],[-47.072,-0.9315],[-47.069,-0.9411],[-47.0704,-0.9452],[-47.0805,-0.951],[-47.0777,-0.9616],[-47.075,-0.9758],[-47.0684,-0.9829],[-47.0527,-0.9919],[-47.0321,-0.9905],[-47.0269,-1.0007],[-47.0121,-1.013],[-47.0281,-1.0265],[-47.0447,-1.0341],[-47.077,-1.0414],[-47.0868,-1.0381],[-47.0937,-1.0404],[-47.1119,-1.0239],[-47.1158,-1.0145],[-47.1296,-0.9999],[-47.1378,-0.9972],[-47.139,-0.9896],[-47.1448,-0.9869],[-47.1574,-0.9921],[-47.1986,-1.0018],[-47.2113,-1.0005],[-47.2131,-0.9957],[-47.2243,-0.9634],[-47.2424,-0.9185],[-47.2387,-0.911],[-47.2189,-0.9022],[-47.1881,-0.895],[-47.1755,-0.8952],[-47.1682,-0.8955],[-47.16,-0.8942],[-47.1334,-0.8996],[-47.1182,-0.8936],[-47.1146,-0.8755],[-47.109,-0.8689],[-47.1087,-0.856],[-47.1032,-0.8552],[-47.0978,-0.8483],[-47.1023,-0.8466],[-47.101,-0.8433],[-47.0927,-0.84],[-47.0835,-0.8317],[-47.0804,-0.8438],[-47.0833,-0.856],[-47.0751,-0.8634],[-47.0793,-0.8834],[-47.0791,-0.8921]]]}},{"type":"Feature","properties":{"nome":"Quatipuru","cod":"1506112","uf":"PA"},"geometry":{"type":"Polygon","coordinates":[[[-47.0322,-0.718],[-47.043,-0.722],[-47.0415,-0.7176],[-47.0322,-0.718]],[[-47.0168,-0.7131],[-47.0188,-0.7175],[-47.0218,-0.7154],[-47.0168,-0.7131]],[[-46.9573,-0.7131],[-46.9493,-0.7387],[-46.9543,-0.7406],[-46.9521,-0.7342],[-46.9563,-0.7312],[-46.959,-0.7397],[-46.9573,-0.7472],[-46.9604,-0.7477],[-46.9623,-0.7533],[-46.9699,-0.7548],[-46.9601,-0.7593],[-46.967,-0.7687],[-46.9796,-0.777],[-46.9792,-0.7822],[-46.9762,-0.7876],[-46.9679,-0.779],[-46.9592,-0.7868],[-46.9597,-0.7927],[-46.95,-0.7886],[-46.9486,-0.7915],[-46.9464,-0.7982],[-46.9549,-0.8055],[-46.9479,-0.8122],[-46.9419,-0.8345],[-46.9322,-0.846],[-46.9344,-0.8537],[-46.9414,-0.859],[-46.9512,-0.8569],[-46.9555,-0.8608],[-46.9752,-0.8756],[-46.9828,-0.8996],[-46.9859,-0.9015],[-46.997,-0.8982],[-47.0022,-0.8997],[-47.0064,-0.9147],[-46.9983,-0.9263],[-46.9988,-0.9413],[-46.9911,-0.948],[-46.9952,-0.948],[-47.0038,-0.9579],[-47.0,-0.9693],[-47.0038,-0.9727],[-46.9954,-0.9831],[-46.9974,-0.99],[-46.9912,-0.995],[-46.9951,-1.003],[-46.9932,-1.0052],[-47.0016,-1.0113],[-47.0121,-1.013],[-47.0269,-1.0007],[-47.0321,-0.9905],[-47.0527,-0.9919],[-47.0684,-0.9829],[-47.075,-0.9758],[-47.0777,-0.9616],[-47.0805,-0.951],[-47.0704,-0.9452],[-47.069,-0.9411],[-47.072,-0.9315],[-47.0768,-0.9283],[-47.0755,-0.9258],[-47.0732,-0.9013],[-47.0791,-0.8921],[-47.0793,-0.8834],[-47.0751,-0.8634],[-47.0833,-0.856],[-47.0804,-0.8438],[-47.0835,-0.8317],[-47.0604,-0.804],[-47.0573,-0.8059],[-47.0505,-0.7933],[-47.0334,-0.8051],[-47.028,-0.8025],[-47.0391,-0.7882],[-47.045,-0.7895],[-47.0489,-0.7786],[-47.0408,-0.7678],[-47.0405,-0.7435],[-47.0444,-0.7331],[-47.0407,-0.729],[-47.0374,-0.7301],[-47.0372,-0.7371],[-47.0298,-0.7404],[-47.0186,-0.73],[-47.0218,-0.7279],[-47.0184,-0.7239],[-47.0004,-0.714],[-46.995,-0.7151],[-46.9818,-0.705],[-46.9715,-0.7038],[-46.9573,-0.7131]],[[-47.0236,-0.6915],[-47.0231,-0.6967],[-47.0137,-0.6945],[-47.005,-0.7003],[-47.0335,-0.7079],[-47.0343,-0.6918],[-47.0236,-0.6915]]]}},{"type":"Feature","properties":{"nome":"Redenção","cod":"1506138","uf":"PA"},"geometry":{"type":"Polygon","coordinates":[[[-50.4319,-7.7326],[-50.4243,-7.7409],[-50.4128,-7.74],[-50.4046,-7.7522],[-50.3909,-7.7618],[-50.3549,-7.7713],[-50.3471,-7.7704],[-50.3423,-7.7767],[-50.3446,-7.797],[-50.3275,-7.804],[-50.3208,-7.8167],[-50.3153,-7.8196],[-50.3134,-7.8346],[-50.3058,-7.8405],[-50.2933,-7.8655],[-50.2799,-7.8688],[-50.2781,-7.8754],[-50.264,-7.8758],[-50.2522,-7.8806],[-50.2529,-7.887],[-50.2395,-7.8848],[-50.2356,-7.8794],[-50.2392,-7.8776],[-50.2375,-7.8717],[-50.2268,-7.8709],[-50.1884,-7.8507],[-50.1821,-7.8525],[-50.1808,-7.8478],[-50.1713,-7.8478],[-50.166,-7.8443],[-50.1516,-7.8373],[-50.1351,-7.8378],[-50.1269,-7.8228],[-50.1161,-7.8182],[-50.1136,-7.8115],[-50.1064,-7.813],[-50.0945,-7.8143],[-50.0943,-7.8209],[-50.0819,-7.8186],[-50.0781,-7.8276],[-50.0485,-7.8421],[-50.0455,-7.843],[-50.0411,-7.8403],[-50.0326,-7.8427],[-50.0329,-7.8542],[-50.0252,-7.8634],[-50.0208,-7.8579],[-50.0196,-7.8619],[-50.012,-7.8586],[-49.9985,-7.8621],[-49.9891,-7.8762],[-49.9743,-7.8827],[-49.9787,-7.8858],[-49.9785,-7.8933],[-49.9587,-7.9022],[-49.9572,-7.9098],[-49.9515,-7.908],[-49.9437,-7.9193],[-49.9326,-7.921],[-49.9346,-7.9268],[-49.9299,-7.9292],[-49.9262,-7.9415],[-49.9201,-7.9473],[-49.9171,-7.948],[-49.9141,-7.9393],[-49.9013,-7.9472],[-49.8758,-7.9503],[-49.8788,-7.9532],[-49.8761,-7.9568],[-49.8655,-7.9555],[-49.8575,-7.9646],[-49.8577,-7.9717],[-49.856,-7.9723],[-49.8493,-7.9755],[-49.8434,-7.9717],[-49.837,-7.9746],[-49.8265,-7.9676],[-49.8317,-7.9868],[-49.8452,-7.9919],[-49.8593,-8.0023],[-49.8771,-8.0295],[-49.8934,-8.042],[-49.909,-8.0643],[-49.9081,-8.0732],[-49.9136,-8.0962],[-49.9062,-8.1069],[-49.9055,-8.1174],[-49.9,-8.1287],[-49.8993,-8.1302],[-49.8901,-8.1325],[-49.8875,-8.1385],[-49.8834,-8.1375],[-49.8731,-8.1447],[-49.8689,-8.157],[-49.8654,-8.1816],[-49.8733,-8.2052],[-49.8729,-8.2175],[-49.8686,-8.2261],[-49.8746,-8.2364],[-49.8726,-8.2451],[-49.8564,-8.2664],[-49.8567,-8.2742],[-49.8456,-8.3082],[-49.8263,-8.3314],[-49.8324,-8.3383],[-49.8381,-8.3363],[-49.8411,-8.3393],[-49.8444,-8.3557],[-49.8476,-8.3585],[-49.8535,-8.3603],[-49.8667,-8.3572],[-49.8685,-8.3675],[-49.8765,-8.3722],[-49.8809,-8.3852],[-49.9005,-8.3945],[-49.9105,-8.3934],[-49.9143,-8.3897],[-49.9146,-8.3933],[-49.9208,-8.3938],[-49.9322,-8.3886],[-49.9328,-8.3826],[-49.948,-8.3765],[-49.9714,-8.3849],[-49.9764,-8.3906],[-49.9863,-8.3918],[-49.9936,-8.3982],[-49.9947,-8.3862],[-50.0,-8.3831],[-50.0034,-8.3843],[-50.0063,-8.3941],[-50.0156,-8.3939],[-50.0241,-8.3883],[-50.0377,-8.388],[-50.0488,-8.3759],[-50.0548,-8.3771],[-50.0696,-8.36],[-50.0912,-8.3711],[-50.1003,-8.3625],[-50.1076,-8.3638],[-50.1229,-8.3551],[-50.1271,-8.3585],[-50.133,-8.3562],[-50.1384,-8.3593],[-50.1459,-8.3537],[-50.1555,-8.3539],[-50.1626,-8.346],[-50.1689,-8.3449],[-50.1714,-8.3392],[-50.187,-8.3599],[-50.1961,-8.3581],[-50.2076,-8.3467],[-50.214,-8.3449],[-50.2187,-8.3279],[-50.2285,-8.3199],[-50.2325,-8.2907],[-50.2532,-8.2812],[-50.251,-8.2748],[-50.2574,-8.2734],[-50.2587,-8.2621],[-50.2658,-8.2501],[-50.2847,-8.2392],[-50.2851,-8.2391],[-50.3033,-8.2293],[-50.3045,-8.2217],[-50.3122,-8.2181],[-50.3096,-8.2121],[-50.3123,-8.205],[-50.3451,-8.1857],[-50.3774,-8.1916],[-50.3849,-8.2001],[-50.4033,-8.2001],[-50.4177,-8.2077],[-50.4239,-8.2155],[-50.4308,-8.2168],[-50.444,-8.2127],[-50.4482,-8.2053],[-50.4615,-8.2033],[-50.4629,-8.196],[-50.4759,-8.1895],[-50.4782,-8.1801],[-50.4833,-8.1784],[-50.5,-8.175],[-50.5172,-8.1803],[-50.5259,-8.178],[-50.5346,-8.1848],[-50.5432,-8.1846],[-50.566,-8.1963],[-50.5744,-8.207],[-50.5799,-8.2092],[-50.5981,-8.2094],[-50.5949,-8.1964],[-50.5992,-8.1909],[-50.5809,-8.1675],[-50.5807,-8.1604],[-50.5686,-8.156],[-50.5518,-8.1441],[-50.5495,-8.1286],[-50.556,-8.129],[-50.5579,-8.126],[-50.5591,-8.1029],[-50.5251,-8.0977],[-50.5226,-8.0539],[-50.5171,-8.0523],[-50.5051,-8.0226],[-50.5068,-8.0185],[-50.5271,-8.0195],[-50.533,-8.0081],[-50.5128,-7.9939],[-50.5144,-7.9876],[-50.5261,-7.9836],[-50.5106,-7.9699],[-50.5116,-7.963],[-50.5169,-7.9539],[-50.5294,-7.9596],[-50.536,-7.959],[-50.5398,-7.9339],[-50.5507,-7.898],[-50.5626,-7.9019],[-50.5812,-7.8921],[-50.5953,-7.8991],[-50.6092,-7.8998],[-50.6121,-7.8972],[-50.6077,-7.8907],[-50.5996,-7.888],[-50.572,-7.8681],[-50.5738,-7.8652],[-50.5713,-7.8621],[-50.5618,-7.8589],[-50.5628,-7.8519],[-50.5696,-7.8488],[-50.5686,-7.8451],[-50.5505,-7.8278],[-50.5405,-7.7961],[-50.5275,-7.7892],[-50.5207,-7.7805],[-50.51,-7.7763],[-50.508,-7.774],[-50.5127,-7.7677],[-50.5112,-7.7655],[-50.5089,-7.7557],[-50.4811,-7.7449],[-50.4745,-7.7379],[-50.4682,-7.7233],[-50.4497,-7.7145],[-50.4319,-7.7326]]]}},{"type":"Feature","properties":{"nome":"Rio Maria","cod":"1506161","uf":"PA"},"geometry":{"type":"Polygon","coordinates":[[[-49.2122,-7.1745],[-49.2219,-7.1827],[-49.2276,-7.1853],[-49.2361,-7.1816],[-49.2394,-7.1877],[-49.2497,-7.1914],[-49.2521,-7.1857],[-49.2661,-7.1766],[-49.2745,-7.1829],[-49.2808,-7.1812],[-49.2862,-7.189],[-49.2927,-7.1825],[-49.2979,-7.1854],[-49.2976,-7.189],[-49.3049,-7.19],[-49.3084,-7.184],[-49.328,-7.1757],[-49.3345,-7.1875],[-49.3436,-7.1947],[-49.3416,-7.2048],[-49.354,-7.2119],[-49.375,-7.2153],[-49.3772,-7.2305],[-49.3865,-7.2293],[-49.394,-7.2232],[-49.4057,-7.2323],[-49.3959,-7.2443],[-49.4087,-7.2561],[-49.4093,-7.262],[-49.4183,-7.2742],[-49.4222,-7.2745],[-49.4277,-7.2669],[-49.4297,-7.257],[-49.4476,-7.2758],[-49.4534,-7.2733],[-49.4705,-7.2836],[-49.4809,-7.2788],[-49.4844,-7.2787],[-49.4882,-7.3041],[-49.4958,-7.3069],[-49.4963,-7.3039],[-49.5064,-7.3041],[-49.513,-7.3082],[-49.5191,-7.3097],[-49.522,-7.3037],[-49.5319,-7.3037],[-49.5436,-7.2942],[-49.5511,-7.2973],[-49.5588,-7.2925],[-49.5788,-7.2954],[-49.6011,-7.3036],[-49.6139,-7.3202],[-49.6264,-7.3221],[-49.6329,-7.3186],[-49.6467,-7.3245],[-49.6641,-7.323],[-49.6882,-7.3388],[-49.7139,-7.337],[-49.7284,-7.3439],[-49.7413,-7.338],[-49.7489,-7.3381],[-49.7741,-7.3483],[-49.7802,-7.3449],[-49.7848,-7.3352],[-49.7922,-7.3326],[-49.8005,-7.3351],[-49.8096,-7.3432],[-49.8178,-7.3647],[-49.8275,-7.3712],[-49.8278,-7.4685],[-49.8279,-7.5011],[-49.8279,-7.5717],[-49.8279,-7.5723],[-49.8277,-7.6997],[-49.8321,-7.6995],[-49.8361,-7.6905],[-49.8435,-7.6883],[-49.8457,-7.6752],[-49.8495,-7.6732],[-49.8757,-7.6743],[-49.8779,-7.6696],[-49.8851,-7.6701],[-49.8905,-7.6596],[-49.8999,-7.6541],[-49.9059,-7.6584],[-49.912,-7.6555],[-49.9419,-7.6583],[-49.9489,-7.6644],[-49.9537,-7.6597],[-49.9662,-7.6579],[-49.9701,-7.6449],[-49.9763,-7.6415],[-49.979,-7.6465],[-49.9911,-7.6481],[-50.0027,-7.6549],[-50.0061,-7.6528],[-50.0229,-7.6553],[-50.0237,-7.6554],[-50.0281,-7.6554],[-50.0396,-7.6462],[-50.0551,-7.6588],[-50.0591,-7.6801],[-50.0675,-7.6746],[-50.0892,-7.6833],[-50.0989,-7.6753],[-50.1064,-7.6763],[-50.1122,-7.6705],[-50.1124,-7.6657],[-50.1217,-7.6661],[-50.1242,-7.6604],[-50.138,-7.6594],[-50.1402,-7.6555],[-50.1474,-7.6586],[-50.1506,-7.6565],[-50.1564,-7.6485],[-50.1551,-7.6389],[-50.159,-7.6352],[-50.1546,-7.6138],[-50.1824,-7.5933],[-50.2078,-7.5808],[-50.2198,-7.5664],[-50.2222,-7.5635],[-50.2342,-7.5652],[-50.2317,-7.5511],[-50.2685,-7.5364],[-50.2833,-7.5201],[-50.2948,-7.5144],[-50.3058,-7.516],[-50.3208,-7.5055],[-50.3303,-7.4915],[-50.3363,-7.4897],[-50.3405,-7.4774],[-50.3473,-7.484],[-50.3675,-7.4799],[-50.3618,-7.4721],[-50.3584,-7.452],[-50.3681,-7.4493],[-50.3702,-7.4469],[-50.3647,-7.4425],[-50.3727,-7.4366],[-50.3881,-7.4329],[-50.3907,-7.4248],[-50.3883,-7.4145],[-50.3921,-7.4069],[-50.3856,-7.4048],[-50.3821,-7.3979],[-50.3889,-7.3868],[-50.3888,-7.377],[-50.3811,-7.3658],[-50.3836,-7.3522],[-50.3848,-7.344],[-50.3977,-7.3425],[-50.3986,-7.3373],[-50.4036,-7.3184],[-50.3976,-7.3059],[-50.3906,-7.3047],[-50.3782,-7.2876],[-50.3832,-7.2828],[-50.3747,-7.2685],[-50.3759,-7.2524],[-50.1934,-7.2204],[-50.193,-7.2203],[-49.9875,-7.1842],[-49.9872,-7.1841],[-49.8965,-7.1677],[-49.8964,-7.1677],[-49.8315,-7.156],[-49.6181,-7.1176],[-49.5872,-7.1121],[-49.2846,-7.0568],[-49.1931,-7.0403],[-49.1909,-7.0745],[-49.1929,-7.1046],[-49.1934,-7.1294],[-49.2029,-7.1416],[-49.2014,-7.1552],[-49.2113,-7.16],[-49.2122,-7.1745]]]}},{"type":"Feature","properties":{"nome":"Rondon do Pará","cod":"1506187","uf":"PA"},"geometry":{"type":"Polygon","coordinates":[[[-48.3721,-4.0618],[-48.3688,-4.0892],[-48.3527,-4.104],[-48.3534,-4.1126],[-48.3402,-4.1196],[-48.3377,-4.1294],[-48.3289,-4.1328],[-48.3029,-4.1569],[-48.3054,-4.1593],[-48.2828,-4.186],[-48.2828,-4.1975],[-48.2744,-4.2108],[-48.2663,-4.2159],[-48.2606,-4.215],[-48.2364,-4.2228],[-48.2123,-4.2219],[-48.2017,-4.2153],[-48.174,-4.2087],[-48.1681,-4.2017],[-48.1605,-4.2006],[-47.9113,-4.4998],[-47.848,-4.5756],[-47.8467,-4.5772],[-47.8157,-4.6143],[-48.0249,-4.7779],[-48.0579,-4.8038],[-48.0918,-4.8303],[-48.1942,-4.9106],[-48.2112,-4.9056],[-48.2191,-4.9024],[-48.2301,-4.9149],[-48.2595,-4.9139],[-48.2699,-4.9232],[-48.2824,-4.921],[-48.3052,-4.9092],[-48.3183,-4.9164],[-48.3221,-4.9151],[-48.3262,-4.9066],[-48.3245,-4.9003],[-48.3273,-4.8943],[-48.3383,-4.8844],[-48.3541,-4.8862],[-48.3717,-4.8957],[-48.3769,-4.8919],[-48.3773,-4.8808],[-48.3978,-4.869],[-48.4153,-4.8565],[-48.4259,-4.8621],[-48.4486,-4.8902],[-48.4575,-4.8921],[-48.4644,-4.8841],[-48.4679,-4.8766],[-48.4779,-4.873],[-48.493,-4.8587],[-48.4952,-4.8404],[-48.5091,-4.8216],[-48.5487,-4.8285],[-48.5706,-4.8244],[-48.5797,-4.8179],[-48.6125,-4.8134],[-48.6318,-4.8071],[-48.6526,-4.8035],[-48.6746,-4.7698],[-48.6894,-4.7797],[-48.6985,-4.7801],[-48.7095,-4.7725],[-48.7128,-4.7664],[-48.7342,-4.7539],[-48.7362,-4.7447],[-48.7561,-4.7474],[-48.7606,-4.7439],[-48.7609,-4.7358],[-48.7755,-4.7343],[-48.7768,-4.7271],[-48.7892,-4.7141],[-48.7911,-4.7072],[-48.8075,-4.7142],[-48.8262,-4.7158],[-48.8458,-4.7311],[-48.8481,-4.736],[-48.8605,-4.7487],[-48.8576,-4.7576],[-48.8689,-4.7794],[-48.8661,-4.7856],[-48.868,-4.8029],[-48.8728,-4.8111],[-48.8698,-4.813],[-48.8707,-4.8199],[-48.8837,-4.8318],[-48.8976,-4.8357],[-48.9007,-4.8395],[-48.9036,-4.8698],[-48.9103,-4.8973],[-48.9194,-4.9113],[-48.9251,-4.9206],[-48.9311,-4.9458],[-48.9541,-4.9176],[-49.0,-4.8327],[-49.0,-4.8326],[-49.0,-4.5836],[-49.0,-4.5003],[-49.0,-4.4089],[-49.0043,-4.3982],[-49.0132,-4.394],[-49.0178,-4.385],[-49.0153,-4.379],[-49.0166,-4.3679],[-48.9922,-4.3682],[-48.9864,-4.3595],[-48.9768,-4.3628],[-48.9581,-4.3531],[-48.9339,-4.3467],[-48.926,-4.3478],[-48.9211,-4.3389],[-48.8987,-4.3282],[-48.8959,-4.323],[-48.8709,-4.3077],[-48.8453,-4.3072],[-48.808,-4.2651],[-48.8012,-4.2602],[-48.7737,-4.2525],[-48.7717,-4.239],[-48.7619,-4.2299],[-48.7565,-4.1854],[-48.7472,-4.1714],[-48.7454,-4.1452],[-48.7343,-4.1377],[-48.7169,-4.1113],[-48.7167,-4.102],[-48.721,-4.0931],[-48.7128,-4.0929],[-48.7087,-4.0981],[-48.7099,-4.1051],[-48.6993,-4.1092],[-48.7005,-4.1136],[-48.6893,-4.1164],[-48.6794,-4.1231],[-48.6756,-4.1119],[-48.6665,-4.1192],[-48.6579,-4.12],[-48.6546,-4.1278],[-48.6466,-4.132],[-48.6409,-4.1201],[-48.6329,-4.1269],[-48.6303,-4.1194],[-48.6262,-4.1186],[-48.6222,-4.1309],[-48.6134,-4.1379],[-48.6089,-4.1365],[-48.6043,-4.1291],[-48.5908,-4.1283],[-48.5743,-4.1212],[-48.5493,-4.1019],[-48.5139,-4.082],[-48.5063,-4.0832],[-48.494,-4.0775],[-48.4731,-4.0753],[-48.4649,-4.0701],[-48.4479,-4.0714],[-48.4399,-4.0775],[-48.4219,-4.0562],[-48.4098,-4.033],[-48.3875,-4.017],[-48.3721,-4.0618]]]}},{"type":"Feature","properties":{"nome":"Rurópolis","cod":"1506195","uf":"PA"},"geometry":{"type":"Polygon","coordinates":[[[-54.8754,-3.7217],[-54.8698,-3.7266],[-54.8533,-3.7297],[-54.8491,-3.7475],[-54.8391,-3.7548],[-54.8285,-3.7693],[-54.8195,-3.7733],[-54.8076,-3.7664],[-54.7963,-3.7734],[-54.7547,-3.782],[-54.7411,-3.7678],[-54.7196,-3.7792],[-54.7145,-3.7846],[-54.6946,-3.7892],[-54.6987,-3.7966],[-54.6984,-3.8119],[-54.7046,-3.8155],[-54.7092,-3.8271],[-54.7184,-3.8283],[-54.7193,-3.8357],[-54.7157,-3.841],[-54.7192,-3.8467],[-54.7362,-3.8428],[-54.7552,-3.8506],[-54.7596,-3.8607],[-54.7536,-3.8682],[-54.7464,-3.8863],[-54.7575,-3.8947],[-54.7573,-3.9037],[-54.7714,-3.9139],[-54.7768,-3.9264],[-54.786,-3.933],[-54.7844,-3.9386],[-54.7785,-3.941],[-54.7547,-3.9358],[-54.755,-3.9508],[-54.7502,-3.9589],[-54.7608,-3.9677],[-54.7542,-3.9782],[-54.7567,-3.9835],[-54.7607,-3.9889],[-54.7416,-4.0197],[-54.7403,-4.0372],[-54.7728,-4.0459],[-54.7778,-4.0515],[-54.7847,-4.0513],[-54.7872,-4.0571],[-54.778,-4.0653],[-54.7789,-4.0676],[-54.7796,-4.0694],[-54.7868,-4.0723],[-54.7781,-4.08],[-54.7797,-4.0902],[-54.7745,-4.0945],[-54.7743,-4.1006],[-54.7799,-4.1101],[-54.7737,-4.1223],[-54.7845,-4.1247],[-54.7872,-4.1313],[-54.8091,-4.1348],[-54.8156,-4.1441],[-54.8129,-4.1559],[-54.818,-4.1778],[-54.8108,-4.1898],[-54.8117,-4.1934],[-54.7946,-4.2013],[-54.7919,-4.2059],[-54.792,-4.2228],[-54.8053,-4.2269],[-54.8105,-4.2348],[-54.826,-4.234],[-54.8473,-4.2584],[-54.8426,-4.2763],[-54.8511,-4.281],[-54.8577,-4.2941],[-54.8576,-4.3119],[-54.8752,-4.3401],[-54.8584,-4.3673],[-54.8507,-4.3719],[-54.8375,-4.3897],[-54.8359,-4.3961],[-54.8414,-4.4099],[-54.8484,-4.41],[-54.8515,-4.411],[-54.8455,-4.4234],[-54.8554,-4.4397],[-54.8815,-4.4479],[-54.8902,-4.4597],[-54.8983,-4.4624],[-54.9224,-4.4539],[-54.9294,-4.4562],[-54.9305,-4.4645],[-54.9215,-4.4761],[-54.929,-4.4928],[-54.9228,-4.5064],[-54.9151,-4.5125],[-54.9168,-4.5288],[-54.9332,-4.5545],[-54.9502,-4.5642],[-54.957,-4.5784],[-54.9613,-4.5867],[-54.9777,-4.5842],[-54.9804,-4.5912],[-54.9849,-4.5921],[-54.9919,-4.5905],[-54.9919,-4.5853],[-55.0043,-4.5778],[-55.0131,-4.5828],[-55.0203,-4.5787],[-55.0275,-4.5852],[-55.0435,-4.5847],[-55.0465,-4.5882],[-55.0573,-4.5987],[-55.0767,-4.6004],[-55.0803,-4.6094],[-55.0952,-4.6022],[-55.1204,-4.6125],[-55.1319,-4.6016],[-55.1371,-4.6154],[-55.15,-4.6285],[-55.1548,-4.6413],[-55.1728,-4.6437],[-55.1843,-4.6374],[-55.1938,-4.6376],[-55.205,-4.6441],[-55.2219,-4.6425],[-55.2337,-4.6503],[-55.2567,-4.6575],[-55.259,-4.6731],[-55.2682,-4.6667],[-55.2808,-4.6656],[-55.286,-4.6757],[-55.2906,-4.6777],[-55.2964,-4.678],[-55.2957,-4.6678],[-55.3094,-4.6648],[-55.3175,-4.6582],[-55.3379,-4.6299],[-55.3438,-4.6339],[-55.3476,-4.6328],[-55.358,-4.6418],[-55.3758,-4.6372],[-55.3824,-4.6532],[-55.3901,-4.6487],[-55.4071,-4.6242],[-55.4267,-4.6153],[-55.4355,-4.6327],[-55.4434,-4.6297],[-55.4467,-4.6164],[-55.4524,-4.6105],[-55.4603,-4.6086],[-55.4972,-4.62],[-55.4973,-4.62],[-55.508,-4.6176],[-55.5259,-4.6039],[-55.533,-4.5873],[-55.5384,-4.5601],[-55.5527,-4.532],[-55.5703,-4.5372],[-55.5744,-4.5355],[-55.5928,-4.5234],[-55.6058,-4.5051],[-55.6085,-4.5075],[-55.6218,-4.5054],[-55.6354,-4.5083],[-55.6375,-4.5144],[-55.6506,-4.518],[-55.6591,-4.5132],[-55.6737,-4.5144],[-55.6759,-4.5127],[-55.6695,-4.4902],[-55.6639,-4.486],[-55.6714,-4.4729],[-55.6658,-4.4703],[-55.67,-4.465],[-55.6659,-4.4619],[-55.6701,-4.4585],[-55.6688,-4.4549],[-55.6595,-4.4543],[-55.655,-4.4468],[-55.6592,-4.438],[-55.6533,-4.4314],[-55.6419,-4.4309],[-55.6427,-4.4196],[-55.6378,-4.4144],[-55.6297,-4.4135],[-55.624,-4.409],[-55.6233,-4.3973],[-55.6196,-4.3932],[-55.6228,-4.3867],[-55.6166,-4.3822],[-55.6186,-4.3747],[-55.6256,-4.3721],[-55.6193,-4.352],[-55.6419,-4.3549],[-55.6478,-4.351],[-55.6455,-4.337],[-55.6402,-4.3333],[-55.6429,-4.3301],[-55.6417,-4.3224],[-55.645,-4.3222],[-55.6564,-4.3057],[-55.663,-4.3079],[-55.6724,-4.3019],[-55.6795,-4.3029],[-55.6891,-4.2866],[-55.701,-4.2792],[-55.7013,-4.2783],[-55.7057,-4.2741],[-55.708,-4.2796],[-55.7123,-4.2797],[-55.7191,-4.2726],[-55.7124,-4.2609],[-55.7225,-4.2541],[-55.7192,-4.2465],[-55.723,-4.2403],[-55.7324,-4.24],[-55.7496,-4.2566],[-55.7589,-4.2576],[-55.7616,-4.2757],[-55.7584,-4.283],[-55.7627,-4.2842],[-55.7701,-4.2713],[-55.778,-4.2736],[-55.7866,-4.2713],[-55.7864,-4.2756],[-55.8036,-4.2905],[-55.8083,-4.2851],[-55.8288,-4.2794],[-55.8458,-4.27],[-55.8478,-4.2586],[-55.8628,-4.2483],[-55.8789,-4.2501],[-55.8932,-4.2437],[-55.8964,-4.2343],[-55.8792,-4.2199],[-55.7747,-4.1521],[-55.7567,-4.1442],[-55.7277,-4.1252],[-55.6794,-4.107],[-55.6538,-4.0904],[-55.6229,-4.0596],[-55.6032,-4.0219],[-55.5814,-4.0058],[-55.5744,-3.9936],[-55.5687,-3.9943],[-55.5744,-4.0],[-55.5742,-4.005],[-55.5645,-4.0178],[-55.5579,-4.0198],[-55.5572,-4.0249],[-55.561,-4.0478],[-55.5581,-4.0513],[-55.5584,-4.0622],[-55.5643,-4.0779],[-55.5595,-4.1174],[-55.5643,-4.141],[-55.5571,-4.1477],[-55.53,-4.1534],[-55.4535,-4.1264],[-55.3166,-4.0773],[-55.3159,-4.0726],[-55.3114,-4.0726],[-55.3056,-4.0803],[-55.3008,-4.0731],[-55.3004,-4.0697],[-55.2862,-4.0636],[-55.2848,-4.0586],[-55.2972,-4.0611],[-55.3003,-4.0552],[-55.315,-4.0545],[-55.3206,-4.0488],[-55.3255,-4.0488],[-55.3232,-4.044],[-55.3151,-4.0434],[-55.3187,-4.0305],[-55.3083,-4.0283],[-55.3092,-4.0185],[-55.2989,-4.0001],[-55.3133,-3.9901],[-55.3046,-3.9851],[-55.3048,-3.9823],[-55.3141,-3.9827],[-55.3151,-3.9796],[-55.3104,-3.9755],[-55.3083,-3.9622],[-55.3103,-3.9557],[-55.3206,-3.9582],[-55.3237,-3.9408],[-55.3198,-3.9326],[-55.3253,-3.9248],[-55.3186,-3.9221],[-55.3141,-3.9157],[-55.2783,-3.9209],[-55.2617,-3.907],[-55.2504,-3.8905],[-55.2363,-3.8899],[-55.2186,-3.8948],[-55.2027,-3.8819],[-55.1921,-3.8832],[-55.1838,-3.8766],[-55.1746,-3.879],[-55.1461,-3.8657],[-55.1292,-3.863],[-55.1256,-3.8637],[-55.1236,-3.8713],[-55.1072,-3.8673],[-55.0928,-3.8723],[-55.0955,-3.8756],[-55.0877,-3.8853],[-55.0933,-3.9121],[-55.0846,-3.9189],[-55.0801,-3.9324],[-55.0729,-3.9372],[-55.0629,-3.936],[-55.0656,-3.9301],[-55.0727,-3.926],[-55.0717,-3.9197],[-55.055,-3.9217],[-55.0493,-3.93],[-55.0398,-3.924],[-55.0346,-3.926],[-55.028,-3.9231],[-55.0243,-3.9302],[-55.0256,-3.9456],[-55.0196,-3.9469],[-55.0162,-3.9382],[-55.0175,-3.921],[-55.0123,-3.9058],[-55.002,-3.8918],[-55.0073,-3.8841],[-55.0081,-3.873],[-55.0179,-3.8649],[-55.0172,-3.8614],[-55.0029,-3.8527],[-54.9803,-3.8473],[-54.9745,-3.8429],[-54.9778,-3.8341],[-54.9651,-3.8259],[-54.9624,-3.8155],[-54.9434,-3.8088],[-54.9406,-3.8063],[-54.9401,-3.7956],[-54.9218,-3.7843],[-54.9109,-3.7822],[-54.9121,-3.7678],[-54.9024,-3.7566],[-54.9143,-3.7463],[-54.9176,-3.7392],[-54.9014,-3.7239],[-54.8937,-3.7295],[-54.8882,-3.7248],[-54.8846,-3.7262],[-54.8754,-3.7217]]]}},{"type":"Feature","properties":{"nome":"Salinópolis","cod":"1506203","uf":"PA"},"geometry":{"type":"Polygon","coordinates":[[[-47.2824,-0.6067],[-47.2828,-0.6158],[-47.2859,-0.6168],[-47.2929,-0.6074],[-47.2928,-0.6153],[-47.286,-0.6281],[-47.2894,-0.6284],[-47.2896,-0.6363],[-47.2935,-0.6372],[-47.2928,-0.6455],[-47.2786,-0.6412],[-47.2689,-0.649],[-47.2653,-0.6444],[-47.259,-0.6514],[-47.2557,-0.6657],[-47.2649,-0.6751],[-47.2987,-0.6882],[-47.2975,-0.7325],[-47.3238,-0.7094],[-47.3492,-0.7096],[-47.363,-0.766],[-47.3768,-0.8222],[-47.3961,-0.8151],[-47.4013,-0.809],[-47.4003,-0.7647],[-47.4094,-0.7559],[-47.4237,-0.7543],[-47.4314,-0.7328],[-47.4279,-0.7328],[-47.3865,-0.7338],[-47.3976,-0.72],[-47.3988,-0.7139],[-47.4046,-0.7082],[-47.4097,-0.6961],[-47.4192,-0.6856],[-47.4252,-0.6551],[-47.4199,-0.6418],[-47.417,-0.65],[-47.4132,-0.6486],[-47.4065,-0.6571],[-47.3998,-0.6568],[-47.3885,-0.6439],[-47.3877,-0.634],[-47.3699,-0.631],[-47.3663,-0.6256],[-47.3778,-0.6194],[-47.3826,-0.6105],[-47.3799,-0.6081],[-47.3535,-0.6086],[-47.3464,-0.6035],[-47.3291,-0.6002],[-47.3221,-0.5938],[-47.2994,-0.5985],[-47.2824,-0.6067]]]}},{"type":"Feature","properties":{"nome":"Salvaterra","cod":"1506302","uf":"PA"},"geometry":{"type":"Polygon","coordinates":[[[-48.5703,-0.6781],[-48.5566,-0.6994],[-48.5494,-0.7036],[-48.5379,-0.7045],[-48.5359,-0.7079],[-48.5327,-0.7206],[-48.5225,-0.7269],[-48.5157,-0.74],[-48.5031,-0.7468],[-48.4941,-0.7515],[-48.4814,-0.7662],[-48.4489,-0.8033],[-48.4435,-0.8094],[-48.3867,-0.8479],[-48.3723,-0.8537],[-48.3942,-0.8888],[-48.4155,-0.9167],[-48.4186,-0.9225],[-48.4372,-0.9764],[-48.4391,-0.9785],[-48.4432,-0.9744],[-48.4626,-0.9702],[-48.5252,-0.9734],[-48.553,-0.9648],[-48.5608,-0.9605],[-48.5756,-0.9512],[-48.5951,-0.951],[-48.6012,-0.9444],[-48.6093,-0.944],[-48.6248,-0.9525],[-48.6258,-0.9432],[-48.6172,-0.9379],[-48.6168,-0.9345],[-48.6202,-0.9298],[-48.6276,-0.9332],[-48.6301,-0.9307],[-48.6301,-0.9176],[-48.6229,-0.916],[-48.6349,-0.9056],[-48.6377,-0.8956],[-48.6494,-0.8898],[-48.66,-0.8912],[-48.6641,-0.8837],[-48.6751,-0.8776],[-48.6888,-0.8782],[-48.6924,-0.8765],[-48.6991,-0.8602],[-48.707,-0.8521],[-48.7046,-0.8458],[-48.7125,-0.8374],[-48.7306,-0.8005],[-48.7307,-0.8],[-48.7401,-0.7951],[-48.7496,-0.7822],[-48.7539,-0.7713],[-48.7508,-0.7631],[-48.7565,-0.7507],[-48.9534,-0.6551],[-48.9616,-0.6511],[-48.9215,-0.6507],[-48.8236,-0.6496],[-48.8193,-0.6564],[-48.7992,-0.662],[-48.794,-0.6671],[-48.7904,-0.6667],[-48.7841,-0.6569],[-48.7715,-0.6609],[-48.762,-0.6593],[-48.744,-0.6624],[-48.7397,-0.6581],[-48.7307,-0.6635],[-48.7208,-0.6626],[-48.7208,-0.6671],[-48.7106,-0.665],[-48.7086,-0.6673],[-48.7062,-0.6573],[-48.6969,-0.6586],[-48.6951,-0.6561],[-48.6863,-0.6624],[-48.6832,-0.6611],[-48.6771,-0.6688],[-48.6622,-0.6667],[-48.6498,-0.6564],[-48.6435,-0.6584],[-48.6435,-0.6623],[-48.637,-0.667],[-48.6374,-0.6752],[-48.634,-0.6756],[-48.6304,-0.6697],[-48.6322,-0.6584],[-48.6284,-0.6556],[-48.602,-0.6804],[-48.5979,-0.6814],[-48.5948,-0.678],[-48.5953,-0.6589],[-48.5917,-0.6507],[-48.5852,-0.6469],[-48.5789,-0.6493],[-48.5703,-0.6781]]]}},{"type":"Feature","properties":{"nome":"Santa Bárbara do Pará","cod":"1506351","uf":"PA"},"geometry":{"type":"Polygon","coordinates":[[[-48.2276,-1.1062],[-48.2241,-1.1121],[-48.228,-1.1197],[-48.2202,-1.1269],[-48.2264,-1.134],[-48.2178,-1.1362],[-48.2162,-1.1442],[-48.1949,-1.1457],[-48.1872,-1.153],[-48.1682,-1.1535],[-48.162,-1.1595],[-48.152,-1.1663],[-48.1462,-1.1903],[-48.1371,-1.1996],[-48.2029,-1.2371],[-48.207,-1.2568],[-48.2178,-1.255],[-48.2245,-1.2635],[-48.2228,-1.277],[-48.2302,-1.295],[-48.2432,-1.2943],[-48.2497,-1.2859],[-48.2578,-1.2808],[-48.2595,-1.2729],[-48.2872,-1.263],[-48.2971,-1.2639],[-48.2983,-1.2575],[-48.3055,-1.2609],[-48.3094,-1.2514],[-48.3216,-1.251],[-48.328,-1.2562],[-48.3312,-1.2562],[-48.3354,-1.25],[-48.3342,-1.2395],[-48.3485,-1.2323],[-48.3526,-1.2207],[-48.3445,-1.2049],[-48.3338,-1.1971],[-48.322,-1.1811],[-48.3018,-1.1561],[-48.2987,-1.1438],[-48.2959,-1.1241],[-48.3014,-1.106],[-48.2928,-1.1048],[-48.2763,-1.1086],[-48.2413,-1.0887],[-48.2329,-1.0934],[-48.2333,-1.1036],[-48.2276,-1.1062]]]}},{"type":"Feature","properties":{"nome":"Santa Cruz do Arari","cod":"1506401","uf":"PA"},"geometry":{"type":"Polygon","coordinates":[[[-49.1483,-0.6911],[-49.1634,-0.7162],[-49.1771,-0.718],[-49.1789,-0.7149],[-49.1845,-0.7183],[-49.189,-0.7157],[-49.1914,-0.7401],[-49.1934,-0.7439],[-49.2133,-0.7324],[-49.2317,-0.7511],[-49.2373,-0.7623],[-49.2459,-0.7673],[-49.2786,-0.754],[-49.2801,-0.7631],[-49.2905,-0.7654],[-49.2986,-0.7716],[-49.3117,-0.765],[-49.3158,-0.7589],[-49.3183,-0.746],[-49.315,-0.7306],[-49.3202,-0.7251],[-49.3373,-0.7304],[-49.3553,-0.7318],[-49.3621,-0.738],[-49.4858,-0.6684],[-49.4888,-0.6667],[-49.4713,-0.6429],[-49.4709,-0.6231],[-49.4536,-0.6047],[-49.4485,-0.5876],[-49.4569,-0.5709],[-49.4535,-0.5657],[-49.4547,-0.5518],[-49.4522,-0.5498],[-49.4489,-0.5289],[-49.4422,-0.5164],[-49.435,-0.5093],[-49.4174,-0.5015],[-49.4044,-0.4268],[-49.407,-0.4174],[-49.4083,-0.406],[-49.3933,-0.3771],[-49.367,-0.3516],[-49.34,-0.3405],[-49.3312,-0.3368],[-49.3097,-0.3632],[-49.2945,-0.3952],[-49.2873,-0.4189],[-49.2709,-0.4495],[-49.2504,-0.4592],[-49.2377,-0.4789],[-49.2187,-0.4831],[-49.2076,-0.5096],[-49.2049,-0.5164],[-49.2064,-0.5348],[-49.1935,-0.55],[-49.1918,-0.5643],[-49.1859,-0.5779],[-49.1771,-0.5849],[-49.1672,-0.5998],[-49.1471,-0.6088],[-49.1391,-0.6258],[-49.1372,-0.6539],[-49.1444,-0.6757],[-49.1483,-0.6911]]]}},{"type":"Feature","properties":{"nome":"Santa Isabel do Pará","cod":"1506500","uf":"PA"},"geometry":{"type":"Polygon","coordinates":[[[-48.0911,-1.1944],[-48.0853,-1.2063],[-48.0766,-1.2045],[-48.0579,-1.21],[-48.0356,-1.2081],[-48.0338,-1.2393],[-48.031,-1.3073],[-48.031,-1.3074],[-48.0288,-1.3625],[-48.0297,-1.389],[-48.0266,-1.4088],[-48.0225,-1.4141],[-48.019,-1.4194],[-48.0059,-1.4246],[-47.9857,-1.4219],[-48.013,-1.4434],[-48.0331,-1.4553],[-48.1339,-1.5148],[-48.1118,-1.5257],[-48.1011,-1.5394],[-48.1088,-1.542],[-48.1236,-1.5466],[-48.1367,-1.5458],[-48.1558,-1.5413],[-48.1771,-1.5308],[-48.1847,-1.5236],[-48.1972,-1.5005],[-48.2042,-1.4915],[-48.2325,-1.4748],[-48.2599,-1.4664],[-48.2548,-1.4453],[-48.2369,-1.432],[-48.231,-1.4199],[-48.2308,-1.4137],[-48.245,-1.3989],[-48.2303,-1.3807],[-48.2255,-1.3475],[-48.2254,-1.3467],[-48.2174,-1.3076],[-48.207,-1.2568],[-48.2029,-1.2371],[-48.1371,-1.1996],[-48.1368,-1.1996],[-48.1258,-1.1985],[-48.1063,-1.1949],[-48.0991,-1.1884],[-48.0911,-1.1944]]]}},{"type":"Feature","properties":{"nome":"Santa Luzia do Pará","cod":"1506559","uf":"PA"},"geometry":{"type":"Polygon","coordinates":[[[-46.9397,-1.2964],[-46.9375,-1.3115],[-46.9295,-1.3316],[-46.9292,-1.3508],[-46.924,-1.3589],[-46.9201,-1.38],[-46.9148,-1.4138],[-46.907,-1.4274],[-46.8984,-1.4288],[-46.8603,-1.4416],[-46.8506,-1.4552],[-46.8494,-1.4642],[-46.8446,-1.4684],[-46.8606,-1.5104],[-46.8568,-1.5178],[-46.8612,-1.5219],[-46.861,-1.5277],[-46.8732,-1.556],[-46.8778,-1.5604],[-46.8748,-1.58],[-46.8739,-1.5793],[-46.8583,-1.5674],[-46.8307,-1.5465],[-46.8179,-1.5473],[-46.8067,-1.5474],[-46.8029,-1.5534],[-46.8004,-1.5788],[-46.795,-1.5909],[-46.796,-1.6144],[-46.7894,-1.6237],[-46.7971,-1.6385],[-46.8018,-1.6639],[-46.7963,-1.6781],[-46.7926,-1.716],[-46.8471,-1.7168],[-46.8457,-1.7534],[-46.8338,-1.8044],[-46.8373,-1.8151],[-46.8373,-1.8157],[-46.8327,-1.8352],[-46.8359,-1.8482],[-46.8324,-1.8645],[-46.8421,-1.8936],[-46.844,-1.8994],[-46.8459,-1.9022],[-46.8574,-1.9139],[-46.8586,-1.9221],[-46.8563,-1.9316],[-46.8479,-1.9423],[-46.8516,-1.9688],[-46.8479,-2.0171],[-46.8504,-2.0633],[-46.8653,-2.0833],[-46.8691,-2.1011],[-46.8657,-2.1199],[-46.8717,-2.133],[-46.8899,-2.155],[-46.9043,-2.1561],[-46.9054,-2.1562],[-46.9219,-2.1537],[-46.9117,-2.1454],[-46.9115,-2.1176],[-46.9106,-2.1127],[-46.922,-2.0955],[-46.9327,-2.0842],[-46.9341,-2.0713],[-46.9249,-2.0539],[-46.9158,-2.0469],[-46.9107,-2.0364],[-46.9119,-2.0312],[-46.909,-2.0299],[-46.9033,-2.027],[-46.8998,-1.9989],[-46.9123,-1.9733],[-46.9221,-1.9697],[-46.9301,-1.955],[-46.9406,-1.947],[-46.9467,-1.9427],[-46.9571,-1.9319],[-46.9683,-1.9273],[-46.9743,-1.9172],[-46.9823,-1.9122],[-46.9935,-1.8963],[-46.9994,-1.894],[-47.0146,-1.8696],[-47.0147,-1.8579],[-47.0126,-1.8514],[-47.0014,-1.8442],[-47.0032,-1.8572],[-46.9874,-1.8519],[-46.9938,-1.845],[-46.9828,-1.8438],[-46.9825,-1.8393],[-46.9877,-1.8369],[-46.9905,-1.8283],[-46.9838,-1.8151],[-46.9813,-1.8039],[-46.9853,-1.7979],[-46.98,-1.7871],[-46.9626,-1.7814],[-46.9623,-1.7609],[-46.9719,-1.7493],[-46.9678,-1.7478],[-46.9575,-1.7549],[-46.9454,-1.732],[-46.9457,-1.728],[-46.9527,-1.7246],[-46.9514,-1.716],[-46.9451,-1.7117],[-46.9453,-1.7082],[-46.948,-1.7023],[-46.957,-1.7004],[-46.9595,-1.697],[-46.9561,-1.6824],[-46.942,-1.6837],[-46.9289,-1.6708],[-46.9352,-1.6648],[-46.9511,-1.6587],[-46.9524,-1.6481],[-46.9578,-1.6399],[-46.9651,-1.6318],[-46.9709,-1.6313],[-46.983,-1.6225],[-46.9852,-1.6101],[-46.9776,-1.6116],[-46.9743,-1.6055],[-46.9789,-1.6006],[-46.9778,-1.5928],[-46.9752,-1.5882],[-46.9788,-1.5815],[-46.9788,-1.558],[-46.974,-1.5526],[-46.9674,-1.5263],[-46.9674,-1.5254],[-46.9753,-1.5071],[-47.0243,-1.4767],[-47.058,-1.4558],[-47.0472,-1.4496],[-47.044,-1.4364],[-47.0376,-1.4163],[-47.0475,-1.407],[-47.0562,-1.3818],[-47.069,-1.3855],[-47.102,-1.3774],[-47.1041,-1.3769],[-47.1527,-1.3649],[-47.1548,-1.359],[-47.1512,-1.3413],[-47.1409,-1.3294],[-47.1337,-1.3126],[-47.1184,-1.3085],[-47.1082,-1.3014],[-47.1025,-1.3021],[-47.0953,-1.2981],[-47.0922,-1.2956],[-47.0848,-1.2981],[-47.0805,-1.2959],[-47.0748,-1.3013],[-47.0701,-1.3005],[-47.0493,-1.3112],[-47.0421,-1.3072],[-47.0388,-1.3097],[-47.0393,-1.3173],[-47.0352,-1.3192],[-47.0335,-1.3196],[-47.0202,-1.3308],[-47.0138,-1.3305],[-47.0068,-1.327],[-46.9969,-1.3081],[-46.9904,-1.3111],[-46.9847,-1.3067],[-46.9786,-1.3115],[-46.9564,-1.3033],[-46.9424,-1.2941],[-46.9397,-1.2964]]]}},{"type":"Feature","properties":{"nome":"Santa Maria das Barreiras","cod":"1506583","uf":"PA"},"geometry":{"type":"Polygon","coordinates":[[[-50.4833,-8.1784],[-50.4782,-8.1801],[-50.4759,-8.1895],[-50.4629,-8.196],[-50.4615,-8.2033],[-50.4482,-8.2053],[-50.444,-8.2127],[-50.4308,-8.2168],[-50.4239,-8.2155],[-50.4177,-8.2077],[-50.4033,-8.2001],[-50.3849,-8.2001],[-50.3774,-8.1916],[-50.3451,-8.1857],[-50.3123,-8.205],[-50.3096,-8.2121],[-50.3122,-8.2181],[-50.3045,-8.2217],[-50.3033,-8.2293],[-50.2851,-8.2391],[-50.2847,-8.2392],[-50.2658,-8.2501],[-50.2587,-8.2621],[-50.2574,-8.2734],[-50.251,-8.2748],[-50.2532,-8.2812],[-50.2325,-8.2907],[-50.2285,-8.3199],[-50.2187,-8.3279],[-50.214,-8.3449],[-50.2076,-8.3467],[-50.1961,-8.3581],[-50.187,-8.3599],[-50.1714,-8.3392],[-50.1689,-8.3449],[-50.1626,-8.346],[-50.1555,-8.3539],[-50.1459,-8.3537],[-50.1384,-8.3593],[-50.133,-8.3562],[-50.1271,-8.3585],[-50.1229,-8.3551],[-50.1076,-8.3638],[-50.1003,-8.3625],[-50.0912,-8.3711],[-50.0696,-8.36],[-50.0548,-8.3771],[-50.0488,-8.3759],[-50.0377,-8.388],[-50.0241,-8.3883],[-50.0156,-8.3939],[-50.0063,-8.3941],[-50.0034,-8.3843],[-50.0,-8.3831],[-49.9947,-8.3862],[-49.9936,-8.3982],[-49.9863,-8.3918],[-49.9764,-8.3906],[-49.9714,-8.3849],[-49.948,-8.3765],[-49.9328,-8.3826],[-49.9322,-8.3886],[-49.9208,-8.3938],[-49.9146,-8.3933],[-49.9143,-8.3897],[-49.9105,-8.3934],[-49.9005,-8.3945],[-49.8809,-8.3852],[-49.8765,-8.3722],[-49.8685,-8.3675],[-49.8667,-8.3572],[-49.8535,-8.3603],[-49.8476,-8.3585],[-49.8444,-8.3557],[-49.8411,-8.3393],[-49.8381,-8.3363],[-49.8324,-8.3383],[-49.8263,-8.3314],[-49.8125,-8.3278],[-49.8102,-8.3345],[-49.8019,-8.3359],[-49.7941,-8.3374],[-49.7831,-8.3286],[-49.7765,-8.3294],[-49.7624,-8.3368],[-49.7593,-8.3423],[-49.7521,-8.3349],[-49.7393,-8.3342],[-49.7324,-8.3163],[-49.7341,-8.3055],[-49.7279,-8.3058],[-49.7227,-8.311],[-49.7164,-8.303],[-49.7149,-8.2933],[-49.6963,-8.2828],[-49.6835,-8.279],[-49.6799,-8.2824],[-49.6706,-8.2783],[-49.6586,-8.2856],[-49.6587,-8.367],[-49.6587,-8.3683],[-49.6587,-8.3756],[-49.6589,-8.5001],[-49.6744,-8.5079],[-49.7015,-8.5023],[-49.7089,-8.5129],[-49.7238,-8.5204],[-49.7254,-8.5273],[-49.7321,-8.5332],[-49.7396,-8.536],[-49.7538,-8.5504],[-49.7657,-8.5541],[-49.7771,-8.5727],[-49.7671,-8.6031],[-49.7671,-8.6181],[-49.7622,-8.6263],[-49.7657,-8.6575],[-49.759,-8.6655],[-49.7565,-8.6762],[-49.7506,-8.678],[-49.7402,-8.6901],[-49.7315,-8.7064],[-49.7357,-8.7113],[-49.7331,-8.7253],[-49.721,-8.7382],[-49.7146,-8.7368],[-49.7155,-8.7437],[-49.707,-8.7533],[-49.7021,-8.7605],[-49.6807,-8.7616],[-49.6699,-8.7738],[-49.6574,-8.7706],[-49.6479,-8.7762],[-49.6432,-8.7869],[-49.6366,-8.7882],[-49.6311,-8.7943],[-49.6087,-8.79],[-49.6019,-8.7989],[-49.5836,-8.7875],[-49.5746,-8.7657],[-49.5666,-8.7603],[-49.5613,-8.7548],[-49.5575,-8.7418],[-49.5541,-8.7417],[-49.5422,-8.722],[-49.5392,-8.7031],[-49.5213,-8.6983],[-49.5149,-8.6902],[-49.5087,-8.6915],[-49.49,-8.6841],[-49.4862,-8.6752],[-49.4813,-8.6733],[-49.4894,-8.6916],[-49.543,-8.761],[-49.5646,-8.8006],[-49.571,-8.8082],[-49.5841,-8.8229],[-49.592,-8.8391],[-49.6122,-8.8458],[-49.6411,-8.8463],[-49.6839,-8.8561],[-49.7288,-8.8989],[-49.7446,-8.9058],[-49.7541,-8.9216],[-49.7704,-8.9381],[-49.7811,-8.9617],[-49.7932,-8.979],[-49.8421,-9.0269],[-49.8499,-9.0463],[-49.8502,-9.0585],[-49.8622,-9.0811],[-49.8843,-9.097],[-49.9567,-9.1085],[-49.9641,-9.1053],[-49.9633,-9.0991],[-49.9725,-9.0901],[-49.9747,-9.0805],[-49.9851,-9.0742],[-50.0076,-9.0698],[-50.0153,-9.0537],[-50.0288,-9.0438],[-50.0347,-9.0298],[-50.0577,-9.018],[-50.0669,-8.9999],[-50.078,-8.9913],[-50.0854,-8.9937],[-50.0953,-8.9919],[-50.1164,-8.977],[-50.1426,-8.9792],[-50.1486,-8.971],[-50.177,-8.9617],[-50.1843,-8.9539],[-50.1983,-8.9546],[-50.2094,-8.9374],[-50.229,-8.9272],[-50.243,-8.926],[-50.242,-8.9231],[-50.2481,-8.919],[-50.2549,-8.9212],[-50.2724,-8.9382],[-50.2909,-8.9375],[-50.2932,-8.9418],[-50.3027,-8.938],[-50.3191,-8.9436],[-50.3256,-8.956],[-50.3336,-8.9667],[-50.3675,-8.9631],[-50.3818,-8.9708],[-50.3907,-8.9682],[-50.4034,-8.9715],[-50.4111,-8.9644],[-50.4398,-8.9625],[-50.4682,-8.9685],[-50.4868,-8.9636],[-50.5093,-8.9707],[-50.5261,-8.9714],[-50.527,-8.9714],[-50.5323,-8.9683],[-50.5556,-8.9673],[-50.5713,-8.9609],[-50.5776,-8.9578],[-50.5833,-8.9447],[-50.5958,-8.9343],[-50.5986,-8.9276],[-50.6167,-8.9273],[-50.6352,-8.9196],[-50.6494,-8.9218],[-50.6522,-8.927],[-50.6751,-8.9261],[-50.6818,-8.9291],[-50.6828,-8.945],[-50.6868,-8.9545],[-50.6818,-8.9625],[-50.6857,-8.9644],[-50.6838,-8.9704],[-50.6915,-8.9767],[-50.6934,-8.9827],[-50.7328,-8.9612],[-50.7452,-8.96],[-50.7581,-8.9667],[-50.7789,-8.9626],[-50.7933,-8.9522],[-50.7966,-8.9583],[-50.8054,-8.9579],[-50.8168,-8.9708],[-50.8256,-8.9597],[-50.8331,-8.9609],[-50.8431,-8.9757],[-50.8439,-8.9953],[-50.8611,-8.9973],[-50.868,-8.9882],[-50.8707,-8.9732],[-50.8669,-8.9663],[-50.8759,-8.9535],[-50.8779,-8.9298],[-50.8878,-8.9215],[-50.8774,-8.9073],[-50.8767,-8.8906],[-50.8786,-8.8782],[-50.8951,-8.8746],[-50.8949,-8.8685],[-50.8844,-8.8488],[-50.8881,-8.8431],[-50.8879,-8.8341],[-50.8943,-8.8253],[-50.9016,-8.8055],[-50.8997,-8.7879],[-50.8911,-8.7723],[-50.8746,-8.7658],[-50.8739,-8.7598],[-50.8861,-8.7584],[-50.8906,-8.7507],[-50.9001,-8.7468],[-50.9467,-8.7557],[-50.9436,-8.7314],[-50.9522,-8.7166],[-50.9581,-8.7126],[-50.9601,-8.7155],[-50.9828,-8.7161],[-50.9956,-8.7265],[-51.0024,-8.7227],[-51.0266,-8.7312],[-51.031,-8.7255],[-51.0319,-8.7071],[-51.0469,-8.6733],[-51.0419,-8.6629],[-51.0293,-8.6566],[-51.0209,-8.6479],[-51.0204,-8.6402],[-51.0109,-8.6393],[-51.007,-8.6331],[-50.9927,-8.6309],[-50.9879,-8.6253],[-50.9781,-8.6228],[-50.9744,-8.612],[-50.9427,-8.5833],[-50.9346,-8.5669],[-50.9449,-8.5409],[-50.9456,-8.5308],[-50.9381,-8.5244],[-50.938,-8.5167],[-50.9511,-8.5064],[-50.9478,-8.5034],[-50.9316,-8.5082],[-50.9291,-8.5056],[-50.9208,-8.4741],[-50.9075,-8.4635],[-50.909,-8.4459],[-50.8947,-8.4368],[-50.8692,-8.4122],[-50.8698,-8.404],[-50.8854,-8.3924],[-50.8856,-8.3873],[-50.8876,-8.3786],[-50.8825,-8.3728],[-50.8856,-8.3554],[-50.8769,-8.3551],[-50.8669,-8.3363],[-50.8595,-8.3309],[-50.8543,-8.3369],[-50.8521,-8.3474],[-50.833,-8.3252],[-50.8274,-8.3234],[-50.8276,-8.3118],[-50.8349,-8.3125],[-50.8373,-8.3045],[-50.8172,-8.2959],[-50.8065,-8.2972],[-50.7965,-8.3051],[-50.7868,-8.3079],[-50.7773,-8.3048],[-50.7811,-8.3157],[-50.7744,-8.3207],[-50.7749,-8.3309],[-50.7655,-8.3397],[-50.758,-8.3387],[-50.766,-8.3192],[-50.7567,-8.3007],[-50.7501,-8.3039],[-50.7339,-8.2943],[-50.7397,-8.2887],[-50.745,-8.2749],[-50.7455,-8.2639],[-50.7199,-8.2595],[-50.7184,-8.2497],[-50.7036,-8.2456],[-50.6854,-8.2516],[-50.6799,-8.2477],[-50.6612,-8.2461],[-50.6512,-8.2399],[-50.6519,-8.2352],[-50.6528,-8.2291],[-50.6396,-8.223],[-50.6329,-8.2143],[-50.6335,-8.1978],[-50.628,-8.2006],[-50.6092,-8.1854],[-50.5992,-8.1909],[-50.5949,-8.1964],[-50.5981,-8.2094],[-50.5799,-8.2092],[-50.5744,-8.207],[-50.566,-8.1963],[-50.5432,-8.1846],[-50.5346,-8.1848],[-50.5259,-8.178],[-50.5172,-8.1803],[-50.5,-8.175],[-50.4833,-8.1784]]]}},{"type":"Feature","properties":{"nome":"Santa Maria do Pará","cod":"1506609","uf":"PA"},"geometry":{"type":"Polygon","coordinates":[[[-47.4955,-1.2365],[-47.4821,-1.2543],[-47.4806,-1.2638],[-47.4609,-1.2781],[-47.4608,-1.2783],[-47.4537,-1.2859],[-47.4377,-1.2921],[-47.4262,-1.3032],[-47.4238,-1.3098],[-47.423,-1.3138],[-47.4229,-1.3165],[-47.4299,-1.3454],[-47.4271,-1.3697],[-47.4266,-1.3825],[-47.4374,-1.4013],[-47.433,-1.4211],[-47.4359,-1.4462],[-47.4267,-1.4671],[-47.4166,-1.4755],[-47.4182,-1.495],[-47.4214,-1.4942],[-47.4425,-1.4884],[-47.4741,-1.4798],[-47.4858,-1.4766],[-47.5086,-1.4704],[-47.5591,-1.4565],[-47.5766,-1.4517],[-47.5949,-1.4467],[-47.6251,-1.4384],[-47.6526,-1.4308],[-47.6556,-1.4183],[-47.6425,-1.4061],[-47.6401,-1.3942],[-47.6447,-1.3868],[-47.638,-1.3744],[-47.638,-1.3743],[-47.6301,-1.3598],[-47.6179,-1.341],[-47.6094,-1.3343],[-47.6009,-1.3229],[-47.5964,-1.3088],[-47.585,-1.3071],[-47.5789,-1.3018],[-47.5658,-1.2928],[-47.5517,-1.2783],[-47.54,-1.27],[-47.5212,-1.255],[-47.5201,-1.25],[-47.5149,-1.252],[-47.5104,-1.2467],[-47.5079,-1.2483],[-47.5052,-1.2417],[-47.4955,-1.2365]]]}},{"type":"Feature","properties":{"nome":"Santana do Araguaia","cod":"1506708","uf":"PA"},"geometry":{"type":"Polygon","coordinates":[[[-50.9522,-8.7166],[-50.9436,-8.7314],[-50.9467,-8.7557],[-50.9001,-8.7468],[-50.8906,-8.7507],[-50.8861,-8.7584],[-50.8739,-8.7598],[-50.8746,-8.7658],[-50.8911,-8.7723],[-50.8997,-8.7879],[-50.9016,-8.8055],[-50.8943,-8.8253],[-50.8879,-8.8341],[-50.8881,-8.8431],[-50.8844,-8.8488],[-50.8949,-8.8685],[-50.8951,-8.8746],[-50.8786,-8.8782],[-50.8767,-8.8906],[-50.8774,-8.9073],[-50.8878,-8.9215],[-50.8779,-8.9298],[-50.8759,-8.9535],[-50.8669,-8.9663],[-50.8707,-8.9732],[-50.868,-8.9882],[-50.8611,-8.9973],[-50.8439,-8.9953],[-50.8431,-8.9757],[-50.8331,-8.9609],[-50.8256,-8.9597],[-50.8168,-8.9708],[-50.8054,-8.9579],[-50.7966,-8.9583],[-50.7933,-8.9522],[-50.7789,-8.9626],[-50.7581,-8.9667],[-50.7452,-8.96],[-50.7328,-8.9612],[-50.6934,-8.9827],[-50.6915,-8.9767],[-50.6838,-8.9704],[-50.6857,-8.9644],[-50.6818,-8.9625],[-50.6868,-8.9545],[-50.6828,-8.945],[-50.6818,-8.9291],[-50.6751,-8.9261],[-50.6522,-8.927],[-50.6494,-8.9218],[-50.6352,-8.9196],[-50.6167,-8.9273],[-50.5986,-8.9276],[-50.5958,-8.9343],[-50.5833,-8.9447],[-50.5776,-8.9578],[-50.5713,-8.9609],[-50.5556,-8.9673],[-50.5323,-8.9683],[-50.527,-8.9714],[-50.5261,-8.9714],[-50.5093,-8.9707],[-50.4868,-8.9636],[-50.4682,-8.9685],[-50.4398,-8.9625],[-50.4111,-8.9644],[-50.4034,-8.9715],[-50.3907,-8.9682],[-50.3818,-8.9708],[-50.3675,-8.9631],[-50.3336,-8.9667],[-50.3256,-8.956],[-50.3191,-8.9436],[-50.3027,-8.938],[-50.2932,-8.9418],[-50.2909,-8.9375],[-50.2724,-8.9382],[-50.2549,-8.9212],[-50.2481,-8.919],[-50.242,-8.9231],[-50.243,-8.926],[-50.229,-8.9272],[-50.2094,-8.9374],[-50.1983,-8.9546],[-50.1843,-8.9539],[-50.177,-8.9617],[-50.1486,-8.971],[-50.1426,-8.9792],[-50.1164,-8.977],[-50.0953,-8.9919],[-50.0854,-8.9937],[-50.078,-8.9913],[-50.0669,-8.9999],[-50.0577,-9.018],[-50.0347,-9.0298],[-50.0288,-9.0438],[-50.0153,-9.0537],[-50.0076,-9.0698],[-49.9851,-9.0742],[-49.9747,-9.0805],[-49.9725,-9.0901],[-49.9633,-9.0991],[-49.9641,-9.1053],[-49.9567,-9.1085],[-49.8843,-9.097],[-49.8622,-9.0811],[-49.8669,-9.0967],[-49.8964,-9.1433],[-49.9096,-9.1531],[-49.9048,-9.1649],[-49.9072,-9.1734],[-49.943,-9.2005],[-49.9657,-9.2305],[-49.9936,-9.2337],[-50.0046,-9.2684],[-50.0187,-9.2808],[-50.0373,-9.289],[-50.0475,-9.307],[-50.0503,-9.3127],[-50.055,-9.3343],[-50.0531,-9.373],[-50.0581,-9.3794],[-50.0651,-9.4004],[-50.0897,-9.4312],[-50.1049,-9.475],[-50.1049,-9.4891],[-50.101,-9.4999],[-50.1074,-9.5041],[-50.1075,-9.5082],[-50.0937,-9.5256],[-50.0891,-9.5453],[-50.103,-9.5624],[-50.1069,-9.5721],[-50.1069,-9.5939],[-50.1197,-9.6066],[-50.125,-9.6183],[-50.1386,-9.6271],[-50.1396,-9.6541],[-50.1497,-9.6743],[-50.1506,-9.6952],[-50.1587,-9.699],[-50.1608,-9.7124],[-50.1974,-9.7584],[-50.2033,-9.7905],[-50.2139,-9.8128],[-50.2172,-9.8342],[-50.2244,-9.8407],[-50.3212,-9.8347],[-50.6958,-9.8104],[-50.8424,-9.8004],[-51.0576,-9.7875],[-51.0584,-9.7874],[-51.3038,-9.7725],[-51.3104,-9.755],[-51.2963,-9.7405],[-51.2849,-9.6985],[-51.2767,-9.6863],[-51.2773,-9.6669],[-51.2663,-9.6568],[-51.2685,-9.6421],[-51.2661,-9.6272],[-51.2593,-9.626],[-51.2595,-9.617],[-51.2667,-9.6106],[-51.2643,-9.599],[-51.2664,-9.5958],[-51.2596,-9.5827],[-51.2637,-9.5773],[-51.2454,-9.5663],[-51.2389,-9.5544],[-51.2292,-9.5562],[-51.2146,-9.544],[-51.1951,-9.538],[-51.1858,-9.5236],[-51.1704,-9.5315],[-51.1629,-9.5313],[-51.1599,-9.5475],[-51.1478,-9.5558],[-51.143,-9.5607],[-51.1396,-9.5591],[-51.1286,-9.5414],[-51.1306,-9.5348],[-51.1248,-9.5315],[-51.1295,-9.5116],[-51.1186,-9.4925],[-51.1075,-9.4855],[-51.0901,-9.4849],[-51.0787,-9.4737],[-51.0774,-9.4557],[-51.0851,-9.4512],[-51.0814,-9.4459],[-51.0692,-9.4451],[-51.0664,-9.4221],[-51.0675,-9.4066],[-51.0604,-9.3859],[-51.0588,-9.3657],[-51.0657,-9.3519],[-51.0743,-9.3468],[-51.0731,-9.3401],[-51.0766,-9.338],[-51.0729,-9.3109],[-51.0741,-9.3024],[-51.0707,-9.2923],[-51.0832,-9.2612],[-51.0774,-9.2531],[-51.0634,-9.2488],[-51.0589,-9.2283],[-51.0627,-9.2188],[-51.052,-9.2073],[-51.0552,-9.1882],[-51.0651,-9.1789],[-51.0625,-9.1721],[-51.0648,-9.1697],[-51.0736,-9.1738],[-51.0799,-9.1709],[-51.0896,-9.1556],[-51.1043,-9.1446],[-51.1055,-9.1314],[-51.1163,-9.1335],[-51.1236,-9.1234],[-51.1007,-9.093],[-51.0901,-9.07],[-51.092,-9.0495],[-51.1008,-9.0382],[-51.0888,-9.0199],[-51.0865,-9.0093],[-51.058,-9.0001],[-51.0507,-8.9868],[-51.0765,-8.9616],[-51.0815,-8.9511],[-51.0831,-8.937],[-51.1086,-8.9311],[-51.1109,-8.9202],[-51.1027,-8.8989],[-51.0956,-8.8916],[-51.0879,-8.891],[-51.0749,-8.9016],[-51.0678,-8.8994],[-51.0627,-8.8837],[-51.0534,-8.8699],[-51.0342,-8.8504],[-51.0329,-8.8426],[-51.0394,-8.8299],[-51.0305,-8.8077],[-51.0296,-8.7795],[-51.0232,-8.7698],[-51.0303,-8.748],[-51.0266,-8.7312],[-51.0024,-8.7227],[-50.9956,-8.7265],[-50.9828,-8.7161],[-50.9601,-8.7155],[-50.9581,-8.7126],[-50.9522,-8.7166]]]}},{"type":"Feature","properties":{"nome":"Santarém","cod":"1506807","uf":"PA"},"geometry":{"type":"Polygon","coordinates":[[[-54.719,-2.0801],[-54.7009,-2.0823],[-54.6051,-2.0779],[-54.5514,-2.0881],[-54.5148,-2.1089],[-54.5118,-2.109],[-54.471,-2.1741],[-54.435,-2.23],[-54.369,-2.3329],[-54.3643,-2.3402],[-54.3281,-2.3988],[-54.2897,-2.4061],[-54.2654,-2.4151],[-54.2641,-2.4175],[-54.2596,-2.4248],[-54.2561,-2.446],[-54.2368,-2.4607],[-54.2342,-2.4669],[-54.2259,-2.4815],[-54.2317,-2.5061],[-54.2424,-2.5149],[-54.2411,-2.5316],[-54.25,-2.5581],[-54.2534,-2.5822],[-54.2489,-2.5893],[-54.2114,-2.6164],[-54.192,-2.622],[-54.1809,-2.631],[-54.1785,-2.6351],[-54.1781,-2.6399],[-54.1846,-2.6512],[-54.1818,-2.659],[-54.1697,-2.6637],[-54.163,-2.6713],[-54.1657,-2.6882],[-54.1479,-2.7012],[-54.1506,-2.7122],[-54.1602,-2.7157],[-54.1584,-2.7225],[-54.1364,-2.734],[-54.1111,-2.7542],[-54.1117,-2.8861],[-54.1026,-2.8862],[-54.102,-2.9202],[-54.0883,-2.9606],[-54.0777,-2.9721],[-54.0543,-2.987],[-54.0456,-2.9984],[-54.0449,-3.0481],[-54.0485,-3.0784],[-54.0598,-3.0866],[-54.0695,-3.114],[-54.1025,-3.1319],[-54.0961,-3.1563],[-54.0993,-3.1631],[-54.1136,-3.172],[-54.1569,-3.1898],[-54.1922,-3.1979],[-54.2019,-3.2034],[-54.2074,-3.2087],[-54.2155,-3.2362],[-54.2423,-3.2641],[-54.2564,-3.2702],[-54.2594,-3.2762],[-54.2568,-3.2899],[-54.2636,-3.3099],[-54.2566,-3.3338],[-54.2554,-3.355],[-54.2885,-3.3778],[-54.2855,-3.402],[-54.3224,-3.3944],[-54.3433,-3.3764],[-54.37,-3.3708],[-54.402,-3.3717],[-54.4309,-3.3773],[-54.4559,-3.3905],[-54.4752,-3.3901],[-54.4858,-3.3927],[-54.4973,-3.3943],[-54.5163,-3.3702],[-54.5322,-3.3603],[-54.5566,-3.3612],[-54.5721,-3.3665],[-54.5731,-3.3844],[-54.5982,-3.4044],[-54.6019,-3.4112],[-54.6197,-3.4116],[-54.6434,-3.4172],[-54.6672,-3.4395],[-54.6808,-3.4476],[-54.6959,-3.468],[-54.7079,-3.4751],[-54.7119,-3.4875],[-54.6988,-3.5224],[-54.7404,-3.5254],[-54.7583,-3.5203],[-54.7617,-3.5286],[-54.7795,-3.5224],[-54.8024,-3.5272],[-54.8126,-3.5359],[-54.8236,-3.5532],[-54.8333,-3.5558],[-54.8336,-3.378],[-54.8338,-3.2825],[-54.8327,-2.9802],[-54.8326,-2.9528],[-54.8325,-2.929],[-54.8325,-2.9231],[-54.8322,-2.7793],[-54.8322,-2.7752],[-54.832,-2.68],[-54.832,-2.6547],[-54.7991,-2.645],[-54.8088,-2.6398],[-54.8065,-2.6215],[-54.8132,-2.6064],[-54.8297,-2.5937],[-54.8296,-2.5702],[-54.8424,-2.5702],[-54.8824,-2.5703],[-54.9579,-2.5703],[-54.9547,-2.5501],[-54.9743,-2.5471],[-55.0579,-2.549],[-55.0595,-2.5583],[-55.0871,-2.7195],[-55.0932,-2.7489],[-55.1008,-2.8125],[-55.1266,-2.9005],[-55.1452,-2.9427],[-55.1698,-3.0061],[-55.1861,-3.0903],[-55.2056,-3.1571],[-55.2334,-3.2416],[-55.2955,-3.2395],[-55.3158,-3.2262],[-55.3281,-3.2269],[-55.3353,-3.2212],[-55.3436,-3.2208],[-55.3576,-3.2347],[-55.3747,-3.2359],[-55.8852,-3.251],[-56.3441,-3.2644],[-55.9894,-2.664],[-55.9463,-2.5918],[-55.865,-2.4547],[-55.8588,-2.4443],[-55.8306,-2.3966],[-55.8186,-2.3762],[-55.8181,-2.3683],[-55.8137,-2.339],[-55.811,-2.3298],[-55.7939,-2.325],[-55.788,-2.3198],[-55.7735,-2.2972],[-55.7554,-2.2917],[-55.7463,-2.2972],[-55.7368,-2.2836],[-55.7193,-2.2772],[-55.7131,-2.2698],[-55.701,-2.2686],[-55.6918,-2.262],[-55.6863,-2.2422],[-55.6724,-2.2321],[-55.6654,-2.2213],[-55.6592,-2.1968],[-55.6473,-2.1938],[-55.6317,-2.1945],[-55.6207,-2.1902],[-55.6183,-2.1827],[-55.6212,-2.1579],[-55.5936,-2.1535],[-55.5887,-2.1555],[-55.5894,-2.1652],[-55.5867,-2.1682],[-55.5761,-2.17],[-55.5698,-2.1664],[-55.5411,-2.1621],[-55.5232,-2.1548],[-55.5,-2.1384],[-55.4868,-2.1341],[-55.4684,-2.1314],[-55.3904,-2.1307],[-55.3731,-2.1352],[-55.3678,-2.14],[-55.3585,-2.1565],[-55.3608,-2.1668],[-55.3587,-2.1737],[-55.3205,-2.1925],[-55.3106,-2.2041],[-55.2878,-2.2148],[-55.2412,-2.2165],[-55.1973,-2.2265],[-55.1852,-2.2346],[-55.1758,-2.246],[-55.1477,-2.2605],[-55.1313,-2.2631],[-55.1091,-2.2587],[-55.0821,-2.2448],[-55.0813,-2.2443],[-55.0694,-2.2309],[-55.074,-2.2143],[-55.0928,-2.1802],[-55.0944,-2.1666],[-54.9883,-2.1613],[-54.9391,-2.132],[-54.914,-2.1274],[-54.8876,-2.1287],[-54.8424,-2.1412],[-54.8273,-2.1397],[-54.8116,-2.1241],[-54.787,-2.1184],[-54.764,-2.1068],[-54.7545,-2.0974],[-54.7404,-2.0727],[-54.7383,-2.0712],[-54.719,-2.0801]]]}},{"type":"Feature","properties":{"nome":"Santarém Novo","cod":"1506906","uf":"PA"},"geometry":{"type":"Polygon","coordinates":[[[-47.3807,-0.8362],[-47.3747,-0.8419],[-47.3691,-0.8399],[-47.3652,-0.852],[-47.3579,-0.8549],[-47.3534,-0.8521],[-47.3493,-0.8552],[-47.3458,-0.8551],[-47.3361,-0.8439],[-47.3281,-0.8405],[-47.3077,-0.8399],[-47.3046,-0.8442],[-47.2937,-0.8425],[-47.2782,-0.859],[-47.2743,-0.8759],[-47.2632,-0.8857],[-47.2712,-0.9062],[-47.2758,-0.9103],[-47.2755,-0.9161],[-47.2708,-0.9241],[-47.2575,-0.9215],[-47.2559,-0.9212],[-47.2424,-0.9185],[-47.2243,-0.9634],[-47.2924,-0.9685],[-47.294,-0.9687],[-47.3104,-0.9699],[-47.3925,-0.9761],[-47.4025,-0.9768],[-47.406,-0.9741],[-47.4125,-0.9763],[-47.4139,-0.9723],[-47.4102,-0.9657],[-47.4001,-0.9659],[-47.3939,-0.9618],[-47.3936,-0.9575],[-47.4015,-0.9517],[-47.418,-0.9491],[-47.4223,-0.9374],[-47.4032,-0.934],[-47.4025,-0.9298],[-47.4106,-0.9166],[-47.4056,-0.9064],[-47.4074,-0.9039],[-47.4193,-0.9044],[-47.4246,-0.8994],[-47.4152,-0.888],[-47.4071,-0.885],[-47.3836,-0.8713],[-47.3789,-0.8638],[-47.3783,-0.8578],[-47.3963,-0.8542],[-47.4001,-0.8507],[-47.399,-0.8289],[-47.3931,-0.8262],[-47.3807,-0.8362]]]}},{"type":"Feature","properties":{"nome":"Santo Antônio do Tauá","cod":"1507003","uf":"PA"},"geometry":{"type":"Polygon","coordinates":[[[-48.4389,-0.9821],[-48.3068,-1.0187],[-48.2908,-1.0166],[-48.2741,-1.0203],[-48.2616,-1.0154],[-48.2461,-1.0157],[-48.2416,-1.0146],[-48.2364,-1.0135],[-48.2257,-1.0208],[-48.2223,-1.0169],[-48.2193,-1.0095],[-48.2134,-1.0065],[-48.2082,-1.0134],[-48.1984,-1.0129],[-48.1855,-1.0184],[-48.1789,-1.0163],[-48.1737,-1.0266],[-48.1608,-1.0244],[-48.1444,-1.0337],[-48.1274,-1.0326],[-48.1137,-1.0243],[-48.1104,-1.0161],[-48.11,-1.0165],[-48.0726,-1.0657],[-48.0632,-1.0781],[-48.0211,-1.1335],[-48.0207,-1.1339],[-48.0058,-1.1535],[-48.0021,-1.1584],[-47.9881,-1.1767],[-47.9687,-1.2022],[-47.9714,-1.2025],[-48.0356,-1.2081],[-48.0579,-1.21],[-48.0766,-1.2045],[-48.0853,-1.2063],[-48.0911,-1.1944],[-48.0991,-1.1884],[-48.1063,-1.1949],[-48.1258,-1.1985],[-48.1368,-1.1996],[-48.1371,-1.1996],[-48.1462,-1.1903],[-48.152,-1.1663],[-48.162,-1.1595],[-48.1682,-1.1535],[-48.1872,-1.153],[-48.1949,-1.1457],[-48.2162,-1.1442],[-48.2178,-1.1362],[-48.2264,-1.134],[-48.2202,-1.1269],[-48.228,-1.1197],[-48.2241,-1.1121],[-48.2276,-1.1062],[-48.2333,-1.1036],[-48.2329,-1.0934],[-48.2413,-1.0887],[-48.2763,-1.1086],[-48.2928,-1.1048],[-48.3014,-1.106],[-48.3155,-1.082],[-48.3233,-1.0593],[-48.4691,-1.0191],[-48.45,-0.9998],[-48.4389,-0.9821]]]}},{"type":"Feature","properties":{"nome":"São Caetano de Odivelas","cod":"1507102","uf":"PA"},"geometry":{"type":"Polygon","coordinates":[[[-47.998,-0.7014],[-47.9966,-0.7044],[-47.9938,-0.7022],[-47.9893,-0.7057],[-47.986,-0.7055],[-47.983,-0.6895],[-47.9769,-0.6917],[-47.9757,-0.6864],[-47.9687,-0.6893],[-47.9611,-0.6985],[-47.9577,-0.751],[-47.9564,-0.7664],[-47.9515,-0.7764],[-47.962,-0.7785],[-47.9654,-0.7746],[-47.9689,-0.7783],[-47.9755,-0.7753],[-47.9738,-0.7661],[-47.9769,-0.7622],[-47.9852,-0.7623],[-47.9942,-0.769],[-48.0002,-0.7686],[-48.0022,-0.7646],[-48.0092,-0.7844],[-48.0121,-0.786],[-48.0211,-0.7792],[-48.0289,-0.7889],[-48.031,-0.7967],[-48.0224,-0.7999],[-48.0267,-0.814],[-48.0128,-0.8117],[-48.0124,-0.82],[-48.0038,-0.8212],[-48.0106,-0.8298],[-48.0207,-0.8295],[-48.0129,-0.8422],[-48.0231,-0.8475],[-48.0129,-0.849],[-48.0093,-0.8532],[-48.0117,-0.8571],[-48.0178,-0.8558],[-48.0193,-0.8612],[-48.0159,-0.863],[-48.0203,-0.8674],[-48.0169,-0.874],[-48.014,-0.867],[-48.0062,-0.8705],[-48.0082,-0.8728],[-48.0015,-0.8829],[-48.0044,-0.8955],[-47.9953,-0.9014],[-48.0005,-0.901],[-48.004,-0.9058],[-48.0028,-0.9164],[-47.9991,-0.9184],[-48.0034,-0.9245],[-47.9958,-0.9252],[-47.9988,-0.9314],[-47.99,-0.9324],[-47.9881,-0.9444],[-47.9819,-0.9473],[-47.919,-0.9728],[-47.9426,-1.0384],[-48.0048,-1.0511],[-48.0717,-1.0646],[-48.0717,-1.0646],[-48.0691,-0.9469],[-48.069,-0.9441],[-48.0689,-0.9402],[-48.0681,-0.9058],[-48.066,-0.8129],[-48.0658,-0.8028],[-48.0673,-0.7903],[-48.0761,-0.7805],[-48.0799,-0.7739],[-48.09,-0.7729],[-48.1096,-0.7566],[-48.1149,-0.7666],[-48.1208,-0.7691],[-48.1258,-0.7594],[-48.1382,-0.7567],[-48.1495,-0.7482],[-48.1991,-0.7327],[-48.2356,-0.7039],[-48.2487,-0.7021],[-48.2647,-0.7111],[-48.2928,-0.7131],[-48.289,-0.7045],[-48.2702,-0.6883],[-48.2603,-0.6731],[-48.2562,-0.6399],[-48.2396,-0.6097],[-48.2345,-0.5938],[-48.2357,-0.5814],[-48.173,-0.6033],[-48.0241,-0.6555],[-48.0,-0.6639],[-47.9962,-0.6813],[-47.998,-0.7014]]]}},{"type":"Feature","properties":{"nome":"São Domingos do Araguaia","cod":"1507151","uf":"PA"},"geometry":{"type":"Polygon","coordinates":[[[-48.6429,-5.5396],[-48.6141,-5.5441],[-48.6022,-5.5417],[-48.601,-5.5414],[-48.5792,-5.537],[-48.5577,-5.5588],[-48.4619,-5.6002],[-48.4612,-5.6005],[-48.4613,-5.6008],[-48.462,-5.6047],[-48.4908,-5.6238],[-48.4899,-5.6341],[-48.4959,-5.6366],[-48.5035,-5.6465],[-48.5242,-5.6511],[-48.536,-5.6657],[-48.5639,-5.6822],[-48.5718,-5.6914],[-48.5861,-5.7],[-48.5881,-5.7093],[-48.5988,-5.7266],[-48.599,-5.727],[-48.6012,-5.7655],[-48.5978,-5.7786],[-48.6085,-5.7869],[-48.6054,-5.7966],[-48.6073,-5.8014],[-48.6206,-5.8057],[-48.6279,-5.8189],[-48.6324,-5.8268],[-48.6298,-5.8436],[-48.6184,-5.85],[-48.62,-5.8625],[-48.6118,-5.8752],[-48.6228,-5.8871],[-48.6261,-5.8865],[-48.6295,-5.8769],[-48.6354,-5.8756],[-48.6579,-5.8837],[-48.6712,-5.8822],[-48.6844,-5.8901],[-48.6876,-5.8884],[-48.6875,-5.8761],[-48.6988,-5.8778],[-48.7182,-5.8636],[-48.7265,-5.8643],[-48.7308,-5.8597],[-48.7306,-5.8584],[-48.7295,-5.8461],[-48.7461,-5.847],[-48.7507,-5.8414],[-48.7652,-5.8375],[-48.8183,-5.8036],[-48.8776,-5.7208],[-48.877,-5.7153],[-48.8892,-5.6989],[-48.8899,-5.6884],[-48.9331,-5.6534],[-48.9434,-5.6299],[-48.9431,-5.6154],[-48.9391,-5.6086],[-48.9392,-5.6073],[-48.9449,-5.6012],[-48.9416,-5.5953],[-48.9446,-5.5747],[-48.9407,-5.5617],[-48.9442,-5.5525],[-48.8495,-5.4796],[-48.8146,-5.4741],[-48.8143,-5.474],[-48.7993,-5.4732],[-48.7765,-5.4778],[-48.7405,-5.4877],[-48.7279,-5.4925],[-48.7167,-5.5062],[-48.6949,-5.5098],[-48.6573,-5.5353],[-48.6429,-5.5396]]]}},{"type":"Feature","properties":{"nome":"São Domingos do Capim","cod":"1507201","uf":"PA"},"geometry":{"type":"Polygon","coordinates":[[[-47.7741,-1.6726],[-47.7699,-1.6747],[-47.7547,-1.6688],[-47.7443,-1.6705],[-47.739,-1.6563],[-47.7252,-1.6605],[-47.7199,-1.6509],[-47.7152,-1.6489],[-47.6956,-1.6406],[-47.6843,-1.6399],[-47.6801,-1.6434],[-47.6788,-1.6546],[-47.6646,-1.6421],[-47.6605,-1.6444],[-47.6587,-1.6517],[-47.6417,-1.6467],[-47.6388,-1.6344],[-47.6278,-1.6386],[-47.6194,-1.632],[-47.6154,-1.6339],[-47.615,-1.6402],[-47.6043,-1.6464],[-47.6019,-1.6659],[-47.601,-1.6772],[-47.5834,-1.6885],[-47.5712,-1.7075],[-47.5678,-1.715],[-47.5703,-1.7245],[-47.5678,-1.7596],[-47.5609,-1.7701],[-47.5628,-1.7887],[-47.5775,-1.7942],[-47.5872,-1.8142],[-47.5861,-1.8209],[-47.5853,-1.8361],[-47.5786,-1.857],[-47.5878,-1.8697],[-47.5898,-1.8822],[-47.6026,-1.9119],[-47.6149,-1.9236],[-47.6149,-1.9303],[-47.604,-1.9449],[-47.6026,-1.9535],[-47.5985,-1.9654],[-47.5927,-1.9704],[-47.5938,-1.9741],[-47.603,-1.9752],[-47.5886,-1.9895],[-47.5866,-1.9999],[-47.7454,-2.0005],[-47.7555,-2.0199],[-47.7737,-2.0352],[-47.7885,-2.0376],[-47.7936,-2.0388],[-47.8051,-2.0562],[-47.8027,-2.066],[-47.8118,-2.0937],[-47.8284,-2.1096],[-47.836,-2.123],[-47.8408,-2.1538],[-47.8493,-2.1718],[-47.8774,-2.1736],[-47.8924,-2.1809],[-47.9222,-2.1871],[-47.9318,-2.1903],[-47.9358,-2.1956],[-47.9424,-2.2148],[-47.9425,-2.2257],[-47.952,-2.2257],[-47.9585,-2.2216],[-47.9667,-2.2214],[-47.964,-2.2206],[-47.9645,-2.2081],[-47.9801,-2.1847],[-47.973,-2.1742],[-47.9746,-2.1667],[-47.9951,-2.1554],[-47.9824,-2.1401],[-47.9813,-2.1366],[-47.9856,-2.1295],[-47.9784,-2.114],[-47.9862,-2.1074],[-47.9881,-2.0963],[-47.9864,-2.0901],[-47.9808,-2.0699],[-47.9759,-2.0644],[-47.9509,-2.0317],[-47.9275,-2.023],[-47.9256,-2.0064],[-47.9088,-1.9956],[-47.8893,-1.983],[-47.8911,-1.968],[-47.9071,-1.9662],[-47.9112,-1.962],[-47.8988,-1.952],[-47.8941,-1.943],[-47.8943,-1.9336],[-47.8998,-1.9343],[-47.9052,-1.9341],[-47.9009,-1.8864],[-47.8984,-1.8772],[-47.8853,-1.8663],[-47.8837,-1.8541],[-47.8783,-1.842],[-47.8836,-1.8118],[-47.876,-1.7992],[-47.8722,-1.7926],[-47.8782,-1.7858],[-47.8941,-1.7878],[-47.889,-1.7694],[-47.8848,-1.7529],[-47.8753,-1.7438],[-47.871,-1.7392],[-47.8779,-1.7326],[-47.8696,-1.7233],[-47.8681,-1.7032],[-47.8808,-1.6822],[-47.8805,-1.6616],[-47.8666,-1.638],[-47.8573,-1.6289],[-47.857,-1.6289],[-47.818,-1.6325],[-47.783,-1.6582],[-47.7757,-1.6704],[-47.7741,-1.6726]]]}},{"type":"Feature","properties":{"nome":"São Félix do Xingu","cod":"1507300","uf":"PA"},"geometry":{"type":"Polygon","coordinates":[[[-50.9186,-5.1503],[-50.9071,-5.1636],[-50.8987,-5.1569],[-50.8868,-5.1685],[-50.8753,-5.1638],[-50.867,-5.1737],[-50.8569,-5.1772],[-50.8495,-5.1663],[-50.8242,-5.1648],[-50.8189,-5.1553],[-50.8127,-5.1518],[-50.8047,-5.1574],[-50.7952,-5.1563],[-50.7892,-5.1638],[-50.7838,-5.1629],[-50.7791,-5.1665],[-50.767,-5.162],[-50.7649,-5.1684],[-50.7528,-5.1755],[-50.7198,-5.1743],[-50.7192,-5.1934],[-50.7256,-5.2018],[-50.7264,-5.2094],[-50.7245,-5.22],[-50.7352,-5.217],[-50.7637,-5.2217],[-50.7709,-5.2369],[-50.7652,-5.2443],[-50.7648,-5.2559],[-50.7605,-5.2644],[-50.7616,-5.2808],[-50.7542,-5.3111],[-50.7566,-5.3129],[-50.7731,-5.305],[-50.7913,-5.3146],[-50.8002,-5.3274],[-50.7941,-5.3385],[-50.7944,-5.3525],[-50.7983,-5.3617],[-50.7894,-5.3723],[-50.7903,-5.3826],[-50.7852,-5.3903],[-50.7864,-5.3993],[-50.8089,-5.411],[-50.8234,-5.4082],[-50.8352,-5.412],[-50.8448,-5.4089],[-50.847,-5.4148],[-50.8631,-5.4221],[-50.8613,-5.4247],[-50.8658,-5.4305],[-50.8852,-5.4356],[-50.8877,-5.4427],[-50.8789,-5.4486],[-50.8814,-5.4559],[-50.8739,-5.4912],[-50.8914,-5.4962],[-50.896,-5.5023],[-50.9153,-5.5132],[-50.945,-5.5229],[-50.9483,-5.5327],[-50.9547,-5.5362],[-50.9559,-5.5402],[-50.9454,-5.5642],[-50.9512,-5.5799],[-50.9447,-5.5868],[-50.9456,-5.603],[-50.9524,-5.614],[-50.9417,-5.6181],[-50.9374,-5.6247],[-50.9348,-5.6258],[-50.924,-5.6303],[-50.9123,-5.6278],[-50.898,-5.6325],[-50.8777,-5.6321],[-50.8742,-5.6406],[-50.8702,-5.6419],[-50.865,-5.6706],[-50.8561,-5.6803],[-50.8558,-5.6883],[-50.8509,-5.697],[-50.8467,-5.706],[-50.8487,-5.7095],[-50.8582,-5.7099],[-50.8702,-5.7053],[-50.8764,-5.7072],[-50.8986,-5.6939],[-50.9061,-5.6932],[-50.8983,-5.7129],[-50.9036,-5.718],[-50.9038,-5.7256],[-50.9104,-5.7269],[-50.9107,-5.7362],[-50.9152,-5.7351],[-50.9201,-5.74],[-50.9198,-5.7474],[-50.9148,-5.7533],[-50.9282,-5.7696],[-50.9174,-5.7747],[-50.9133,-5.7808],[-50.9199,-5.7923],[-50.9388,-5.8019],[-50.9457,-5.8034],[-50.9517,-5.7919],[-50.962,-5.7838],[-50.9724,-5.793],[-50.9857,-5.7939],[-51.0,-5.7834],[-51.0215,-5.7866],[-51.0318,-5.7833],[-51.0356,-5.777],[-51.0326,-5.7743],[-51.0311,-5.7691],[-51.0373,-5.7653],[-51.0547,-5.7643],[-51.0621,-5.7714],[-51.0619,-5.7804],[-51.086,-5.7806],[-51.0908,-5.7947],[-51.1006,-5.8009],[-51.116,-5.8273],[-51.1164,-5.8349],[-51.1054,-5.8498],[-51.1183,-5.8685],[-51.1114,-5.8688],[-51.1094,-5.8749],[-51.1127,-5.8898],[-51.1228,-5.9048],[-51.1256,-5.9184],[-51.1366,-5.9178],[-51.1435,-5.9245],[-51.1527,-5.9195],[-51.1609,-5.924],[-51.1638,-5.9276],[-51.1607,-5.9498],[-51.1772,-5.9654],[-51.1835,-5.9654],[-51.1909,-5.9596],[-51.1953,-5.9597],[-51.1982,-5.9667],[-51.2215,-5.9631],[-51.2259,-5.973],[-51.2372,-5.9783],[-51.2297,-5.9899],[-51.2313,-5.9928],[-51.2415,-5.9968],[-51.2459,-5.9966],[-51.2513,-5.9892],[-51.2632,-5.9946],[-51.2697,-5.9901],[-51.2807,-5.9905],[-51.2917,-5.979],[-51.3058,-5.9801],[-51.3081,-5.9746],[-51.3222,-5.9648],[-51.3451,-5.9635],[-51.357,-5.9665],[-51.3626,-5.9844],[-51.3716,-5.9848],[-51.3781,-5.9905],[-51.3923,-6.0181],[-51.3975,-6.0291],[-51.3941,-6.0377],[-51.3991,-6.0421],[-51.3993,-6.0487],[-51.3911,-6.0545],[-51.3797,-6.0555],[-51.3681,-6.0457],[-51.3618,-6.0557],[-51.3476,-6.055],[-51.3382,-6.0597],[-51.3334,-6.0686],[-51.3202,-6.0737],[-51.3107,-6.0783],[-51.3139,-6.0817],[-51.3101,-6.087],[-51.2998,-6.0868],[-51.2968,-6.0964],[-51.2805,-6.1023],[-51.2695,-6.1187],[-51.2682,-6.1269],[-51.2616,-6.1306],[-51.2592,-6.1456],[-51.2505,-6.1548],[-51.254,-6.1617],[-51.248,-6.1699],[-51.2453,-6.172],[-51.2235,-6.1678],[-51.2188,-6.1838],[-51.2093,-6.1809],[-51.2035,-6.171],[-51.1826,-6.1803],[-51.177,-6.19],[-51.1666,-6.1875],[-51.1608,-6.2001],[-51.1466,-6.2066],[-51.1483,-6.2163],[-51.148,-6.234],[-51.1601,-6.2658],[-51.1736,-6.2639],[-51.1769,-6.2727],[-51.1905,-6.2684],[-51.1985,-6.2864],[-51.1943,-6.2972],[-51.1862,-6.3035],[-51.1791,-6.3233],[-51.1685,-6.3324],[-51.1602,-6.329],[-51.1546,-6.3314],[-51.1508,-6.3406],[-51.1518,-6.3498],[-51.16,-6.3745],[-51.1409,-6.3828],[-51.1458,-6.3994],[-51.1428,-6.4295],[-51.1539,-6.4393],[-51.1593,-6.4557],[-51.1842,-6.4698],[-51.1667,-6.4858],[-51.1664,-6.5067],[-51.1478,-6.5093],[-51.1456,-6.5143],[-51.1476,-6.5277],[-51.1505,-6.5508],[-51.1426,-6.5592],[-51.1371,-6.5732],[-51.1437,-6.5957],[-51.1346,-6.6137],[-51.1248,-6.6235],[-51.1323,-6.6275],[-51.1454,-6.6246],[-51.1544,-6.6285],[-51.1632,-6.6173],[-51.177,-6.615],[-51.226,-6.6204],[-51.2458,-6.6193],[-51.2521,-6.6157],[-51.2758,-6.6023],[-51.2942,-6.5766],[-51.3164,-6.5746],[-51.3441,-6.5858],[-51.3623,-6.5983],[-51.3675,-6.5952],[-51.3791,-6.6044],[-51.3894,-6.606],[-51.4009,-6.6174],[-51.4029,-6.614],[-51.4281,-6.6245],[-51.4414,-6.6374],[-51.4568,-6.6399],[-51.4766,-6.6427],[-51.4786,-6.6536],[-51.4823,-6.6524],[-51.4822,-6.6476],[-51.4967,-6.6456],[-51.5057,-6.6459],[-51.521,-6.661],[-51.5281,-6.6608],[-51.5491,-6.6708],[-51.5502,-6.6776],[-51.5597,-6.6793],[-51.5699,-6.6914],[-51.5819,-6.6839],[-51.5844,-6.6932],[-51.5801,-6.6966],[-51.5881,-6.7067],[-51.5857,-6.7131],[-51.5851,-6.7234],[-51.5948,-6.7251],[-51.5915,-6.7296],[-51.5897,-6.738],[-51.5868,-6.7476],[-51.6004,-6.7528],[-51.6015,-6.7636],[-51.6109,-6.7738],[-51.6168,-6.7703],[-51.6237,-6.7713],[-51.6368,-6.7877],[-51.6419,-6.7911],[-51.6489,-6.7896],[-51.6654,-6.8064],[-51.6854,-6.8061],[-51.6961,-6.803],[-51.7031,-6.7959],[-51.7089,-6.8004],[-51.7262,-6.7937],[-51.7306,-6.7984],[-51.7231,-6.8135],[-51.7276,-6.8323],[-51.7253,-6.8392],[-51.7197,-6.8441],[-51.7024,-6.8443],[-51.6937,-6.8514],[-51.6938,-6.8684],[-51.7054,-6.8793],[-51.7074,-6.8859],[-51.7248,-6.8995],[-51.7236,-6.9062],[-51.71,-6.9064],[-51.695,-6.8997],[-51.6861,-6.9027],[-51.6845,-6.9066],[-51.6898,-6.9297],[-51.7122,-6.9362],[-51.7276,-6.9333],[-51.7403,-6.9461],[-51.7431,-6.9621],[-51.7243,-6.9688],[-51.7141,-6.9858],[-51.7023,-6.997],[-51.702,-7.0034],[-51.6834,-7.0222],[-51.6763,-7.0446],[-51.6646,-7.0597],[-51.6652,-7.0707],[-51.6569,-7.0862],[-51.664,-7.1115],[-51.6628,-7.1178],[-51.6618,-7.1371],[-51.6569,-7.1463],[-51.6538,-7.1516],[-51.6576,-7.1896],[-51.6748,-7.1982],[-51.6765,-7.2075],[-51.6824,-7.2108],[-51.6736,-7.2169],[-51.6743,-7.2199],[-51.6998,-7.2219],[-51.7043,-7.2326],[-51.7182,-7.2376],[-51.7242,-7.2445],[-51.7371,-7.2439],[-51.7391,-7.2643],[-51.7426,-7.2648],[-51.7496,-7.2766],[-51.7495,-7.2803],[-51.7399,-7.2811],[-51.7385,-7.2845],[-51.7406,-7.2884],[-51.7547,-7.2925],[-51.7534,-7.308],[-51.7611,-7.3191],[-51.7758,-7.3236],[-51.7758,-7.3302],[-51.7814,-7.3394],[-51.7758,-7.3467],[-51.7691,-7.3446],[-51.7614,-7.3475],[-51.7602,-7.3544],[-51.7651,-7.3608],[-51.765,-7.37],[-51.7707,-7.374],[-51.7777,-7.3892],[-51.7931,-7.4049],[-51.7943,-7.4123],[-51.7994,-7.4152],[-51.8011,-7.428],[-51.8076,-7.4335],[-51.8136,-7.4315],[-51.8144,-7.4492],[-51.8188,-7.4523],[-51.8139,-7.4647],[-51.8182,-7.482],[-51.8445,-7.4924],[-51.8429,-7.497],[-51.8557,-7.5157],[-51.8666,-7.5299],[-51.8627,-7.5417],[-51.8677,-7.5504],[-51.8632,-7.5578],[-51.8679,-7.5592],[-51.8737,-7.5558],[-51.874,-7.5497],[-51.8762,-7.5515],[-51.8729,-7.5727],[-51.8829,-7.589],[-51.8801,-7.6092],[-51.8867,-7.6104],[-51.8871,-7.6137],[-51.8829,-7.6185],[-51.8819,-7.6276],[-51.8924,-7.6331],[-51.8961,-7.6482],[-51.8912,-7.6532],[-51.8734,-7.6551],[-51.8866,-7.6772],[-51.8865,-7.6932],[-51.882,-7.7017],[-51.8855,-7.7217],[-51.8972,-7.7108],[-51.9096,-7.7151],[-51.9162,-7.7139],[-51.927,-7.7227],[-51.9365,-7.7239],[-51.9406,-7.7335],[-51.947,-7.7376],[-51.9435,-7.7527],[-51.9509,-7.7545],[-51.9619,-7.7705],[-51.983,-7.7647],[-51.9857,-7.7586],[-51.9822,-7.7422],[-51.997,-7.7447],[-51.9978,-7.7356],[-51.9869,-7.728],[-51.9914,-7.7242],[-52.0041,-7.7323],[-52.0087,-7.7293],[-52.0162,-7.7369],[-52.0377,-7.7287],[-52.046,-7.7386],[-52.0502,-7.7388],[-52.05,-7.743],[-52.0601,-7.7416],[-52.0645,-7.7496],[-52.0718,-7.7505],[-52.0756,-7.7463],[-52.0839,-7.7463],[-52.0878,-7.7488],[-52.0863,-7.7548],[-52.0999,-7.7495],[-52.1011,-7.7581],[-52.1056,-7.7599],[-52.103,-7.7666],[-52.1081,-7.7695],[-52.1124,-7.7667],[-52.1169,-7.7705],[-52.116,-7.7758],[-52.1195,-7.7745],[-52.1229,-7.7811],[-52.1187,-7.7854],[-52.1312,-7.8012],[-52.1332,-7.8166],[-52.1452,-7.8132],[-52.1491,-7.8172],[-52.1443,-7.8272],[-52.1464,-7.8337],[-52.1439,-7.8356],[-52.1481,-7.8387],[-52.1399,-7.8436],[-52.1443,-7.8473],[-52.1361,-7.8523],[-52.1418,-7.8569],[-52.1303,-7.8664],[-52.1451,-7.8752],[-52.1462,-7.8802],[-52.1509,-7.8791],[-52.1512,-7.8874],[-52.1551,-7.8917],[-52.1602,-7.882],[-52.1661,-7.8826],[-52.1668,-7.8954],[-52.1619,-7.9049],[-52.1725,-7.9101],[-52.1673,-7.9204],[-52.1722,-7.9246],[-52.1782,-7.9246],[-52.1716,-7.9327],[-52.1703,-7.9475],[-52.1674,-7.9488],[-52.169,-7.9536],[-52.1579,-7.9626],[-52.1654,-7.9737],[-52.1596,-7.9798],[-52.144,-7.9836],[-52.1397,-7.9881],[-52.1465,-8.0003],[-52.1513,-8.0055],[-52.1497,-8.0086],[-52.1529,-8.0093],[-52.1524,-8.0227],[-52.1632,-8.0331],[-52.163,-8.0363],[-52.1478,-8.0586],[-52.1373,-8.0606],[-52.1296,-8.0557],[-52.1271,-8.0589],[-52.138,-8.0786],[-52.1365,-8.0854],[-52.1406,-8.0922],[-52.1367,-8.0972],[-52.1468,-8.1126],[-52.1468,-8.116],[-52.1365,-8.1188],[-52.1313,-8.1213],[-52.1259,-8.139],[-52.1321,-8.148],[-52.1205,-8.161],[-52.1183,-8.1794],[-52.1136,-8.1842],[-52.1028,-8.1835],[-52.0997,-8.1879],[-52.0929,-8.1997],[-52.0711,-8.2179],[-52.072,-8.2324],[-52.0772,-8.2374],[-52.0759,-8.244],[-52.0675,-8.2528],[-52.0753,-8.2635],[-52.0774,-8.2737],[-52.0828,-8.2773],[-52.0817,-8.2866],[-52.0856,-8.2914],[-52.0836,-8.2939],[-52.0742,-8.293],[-52.0784,-8.2998],[-52.0775,-8.3132],[-52.0573,-8.3282],[-52.0516,-8.3385],[-52.0449,-8.3344],[-52.0293,-8.3392],[-52.0236,-8.3599],[-52.0259,-8.3687],[-52.0214,-8.3769],[-52.0248,-8.3823],[-52.0196,-8.398],[-52.0247,-8.4062],[-52.0174,-8.4121],[-52.011,-8.4128],[-52.0033,-8.4212],[-51.9967,-8.4239],[-51.9832,-8.4206],[-51.9721,-8.424],[-51.9545,-8.4204],[-51.942,-8.427],[-51.9374,-8.4404],[-51.9167,-8.4407],[-51.8914,-8.4263],[-51.877,-8.4234],[-51.8554,-8.4259],[-51.8396,-8.4103],[-51.8136,-8.4047],[-51.8047,-8.3895],[-51.7878,-8.3845],[-51.7813,-8.3793],[-51.7764,-8.3868],[-51.7719,-8.4148],[-51.7653,-8.4234],[-51.764,-8.4313],[-51.7825,-8.456],[-51.8053,-8.5443],[-51.8117,-8.5506],[-51.8058,-8.5658],[-51.7942,-8.5711],[-51.7898,-8.5768],[-51.7981,-8.5829],[-51.7976,-8.587],[-51.7821,-8.5908],[-51.7757,-8.5959],[-51.7707,-8.6061],[-51.7708,-8.6274],[-51.7774,-8.6351],[-51.7784,-8.6483],[-51.7748,-8.6712],[-51.7855,-8.6791],[-51.7846,-8.6853],[-51.7847,-8.6873],[-51.7844,-8.6937],[-51.7952,-8.7091],[-51.7803,-8.7116],[-51.7806,-8.7272],[-51.8131,-8.7508],[-51.8298,-8.7673],[-51.8526,-8.78],[-51.8828,-8.7901],[-51.9195,-8.8152],[-51.9224,-8.8492],[-51.9176,-8.8581],[-51.8923,-8.8738],[-51.8805,-8.897],[-51.8646,-8.9043],[-51.8538,-8.9052],[-51.8187,-8.8958],[-51.8022,-8.8854],[-51.7839,-8.8823],[-51.7636,-8.8864],[-51.7415,-8.8869],[-51.7315,-8.9001],[-51.7338,-8.9219],[-51.7274,-8.9307],[-51.7275,-8.9493],[-51.7407,-8.9632],[-51.7447,-8.979],[-51.7351,-8.9834],[-51.7287,-8.9941],[-51.7166,-9.0044],[-51.7015,-9.0108],[-51.7012,-9.0227],[-51.6956,-9.0317],[-51.6829,-9.0407],[-51.6672,-9.0413],[-51.6674,-9.0473],[-51.6729,-9.0522],[-51.6719,-9.0559],[-51.6557,-9.0615],[-51.6521,-9.0676],[-51.6329,-9.062],[-51.6274,-9.07],[-51.6181,-9.0711],[-51.5944,-9.0883],[-51.5635,-9.0815],[-51.5592,-9.0952],[-51.5753,-9.1364],[-51.5607,-9.1567],[-51.5435,-9.1674],[-51.5433,-9.1839],[-51.5364,-9.1902],[-51.5463,-9.2065],[-51.5316,-9.2001],[-51.5245,-9.1914],[-51.5178,-9.1939],[-51.5088,-9.2085],[-51.506,-9.2245],[-51.5003,-9.2271],[-51.4931,-9.2376],[-51.4927,-9.2466],[-51.4788,-9.2475],[-51.4834,-9.2628],[-51.4819,-9.2792],[-51.4851,-9.2873],[-51.4812,-9.2993],[-51.4864,-9.3094],[-51.4766,-9.3244],[-51.4641,-9.3256],[-51.4634,-9.3401],[-51.4666,-9.3475],[-51.4727,-9.3502],[-51.4786,-9.3717],[-51.4883,-9.3808],[-51.4872,-9.387],[-51.4717,-9.4094],[-51.4624,-9.4078],[-51.4546,-9.4135],[-51.4528,-9.4199],[-51.4568,-9.4296],[-51.4546,-9.4348],[-51.4478,-9.4416],[-51.4374,-9.4397],[-51.4301,-9.448],[-51.4289,-9.4514],[-51.4368,-9.4569],[-51.4351,-9.47],[-51.4237,-9.4867],[-51.4157,-9.4883],[-51.4119,-9.499],[-51.4067,-9.5028],[-51.4,-9.5028],[-51.3886,-9.512],[-51.3682,-9.5166],[-51.374,-9.5322],[-51.3715,-9.5405],[-51.3626,-9.5465],[-51.3667,-9.5517],[-51.38,-9.5523],[-51.3826,-9.5589],[-51.3686,-9.5631],[-51.3665,-9.5665],[-51.354,-9.5653],[-51.3519,-9.5772],[-51.3465,-9.5762],[-51.3225,-9.592],[-51.3262,-9.5995],[-51.3167,-9.6046],[-51.3202,-9.6102],[-51.319,-9.6168],[-51.3246,-9.6427],[-51.3169,-9.6498],[-51.3205,-9.6546],[-51.3163,-9.6606],[-51.3166,-9.6802],[-51.3061,-9.6876],[-51.297,-9.6847],[-51.2911,-9.6968],[-51.2849,-9.6985],[-51.2963,-9.7405],[-51.3104,-9.755],[-51.3038,-9.7725],[-51.4877,-9.7602],[-52.2549,-9.7074],[-52.3591,-9.7],[-52.458,-9.6931],[-52.6189,-9.6818],[-52.6195,-9.6818],[-53.1329,-9.6449],[-53.1328,-9.6347],[-53.1202,-9.5964],[-53.1237,-9.5722],[-53.1211,-9.5631],[-53.1121,-9.552],[-53.1019,-9.552],[-53.0966,-9.5441],[-53.0563,-9.5301],[-53.0533,-9.5238],[-53.0548,-9.5137],[-53.0462,-9.4999],[-53.0507,-9.491],[-53.046,-9.4874],[-53.042,-9.4769],[-53.0347,-9.4747],[-53.0213,-9.4805],[-53.0082,-9.4749],[-52.9946,-9.4749],[-52.9767,-9.4614],[-52.9726,-9.4515],[-52.9659,-9.4491],[-52.9496,-9.4583],[-52.9268,-9.453],[-52.9254,-9.45],[-52.9334,-9.4438],[-52.9391,-9.421],[-52.9326,-9.4141],[-52.9268,-9.3901],[-52.9212,-9.3832],[-52.9335,-9.3559],[-52.9354,-9.3432],[-52.9438,-9.3291],[-52.9554,-9.2857],[-52.9654,-9.2776],[-52.9741,-9.2402],[-52.9665,-9.2384],[-52.9624,-9.2334],[-52.9717,-9.2098],[-52.9865,-9.2024],[-53.0043,-9.1829],[-53.0052,-9.1747],[-53.0138,-9.169],[-53.0225,-9.1563],[-53.0412,-9.1565],[-53.0595,-9.1468],[-53.0699,-9.1473],[-53.0808,-9.143],[-53.0843,-9.1157],[-53.0553,-9.1065],[-53.0523,-9.1039],[-53.0624,-9.0983],[-53.0497,-9.0885],[-53.0409,-9.0919],[-53.0361,-9.0867],[-53.0374,-9.0781],[-53.0316,-9.0701],[-53.0251,-9.0738],[-53.0156,-9.064],[-53.0233,-9.0536],[-53.0328,-9.0485],[-53.0461,-9.0287],[-53.0459,-9.0117],[-53.0515,-9.0025],[-53.0456,-8.9945],[-53.0464,-8.9883],[-53.0396,-8.9747],[-53.0417,-8.964],[-53.0495,-8.9611],[-53.0548,-8.9536],[-53.0155,-8.9196],[-53.0048,-8.8682],[-52.993,-8.8547],[-52.9913,-8.8352],[-52.9976,-8.8202],[-52.9986,-8.8039],[-53.006,-8.7896],[-53.0171,-8.7933],[-53.0229,-8.7913],[-53.0236,-8.7847],[-53.0165,-8.7815],[-53.0147,-8.7751],[-53.0347,-8.7514],[-53.0365,-8.7282],[-53.0213,-8.7125],[-53.0058,-8.7044],[-52.9898,-8.7134],[-52.9733,-8.7124],[-52.963,-8.721],[-52.9529,-8.7218],[-52.9419,-8.7302],[-52.9314,-8.7296],[-52.9236,-8.7044],[-52.9314,-8.6933],[-52.9489,-8.6845],[-52.9434,-8.6813],[-52.9402,-8.6718],[-52.931,-8.6649],[-52.933,-8.6583],[-52.9468,-8.6525],[-52.9477,-8.6489],[-52.9211,-8.6256],[-52.9054,-8.6325],[-52.8963,-8.6272],[-52.9,-8.6136],[-52.8987,-8.5963],[-52.8879,-8.5829],[-52.8875,-8.5724],[-52.9144,-8.5378],[-52.9142,-8.5313],[-52.9063,-8.5242],[-52.9047,-8.5167],[-52.9201,-8.4954],[-52.9483,-8.4835],[-52.9484,-8.4567],[-52.9547,-8.4409],[-52.9511,-8.4354],[-52.9429,-8.4319],[-52.9235,-8.4325],[-52.9084,-8.4395],[-52.8975,-8.4326],[-52.8989,-8.4294],[-52.9168,-8.422],[-52.9177,-8.4104],[-52.928,-8.4055],[-52.9324,-8.3944],[-52.9416,-8.3904],[-52.9407,-8.3463],[-52.9506,-8.3421],[-52.9642,-8.3465],[-52.9717,-8.3445],[-52.9791,-8.3375],[-52.9821,-8.3229],[-52.9906,-8.3178],[-52.9902,-8.3071],[-53.0078,-8.2984],[-53.0076,-8.2949],[-52.9849,-8.2834],[-52.9724,-8.2718],[-52.9703,-8.2427],[-52.9626,-8.2361],[-52.9292,-8.2224],[-52.9286,-8.2149],[-52.9391,-8.2055],[-52.9398,-8.2009],[-52.934,-8.1914],[-52.9314,-8.1718],[-52.9248,-8.1622],[-52.932,-8.1482],[-52.9418,-8.1437],[-52.965,-8.1212],[-52.9644,-8.1082],[-52.9583,-8.1029],[-52.9629,-8.0921],[-52.9542,-8.0872],[-52.9534,-8.0811],[-52.9557,-8.0707],[-52.9852,-8.03],[-52.9811,-8.0245],[-52.9674,-8.0258],[-52.9651,-8.0233],[-52.9695,-8.0144],[-52.9835,-8.0084],[-52.9834,-7.9886],[-52.9929,-7.9927],[-52.9995,-7.9911],[-53.0143,-7.9976],[-53.015,-7.989],[-53.0199,-7.9854],[-53.0195,-7.979],[-53.029,-7.9609],[-53.0178,-7.9414],[-53.0307,-7.941],[-53.0371,-7.9301],[-53.0577,-7.9255],[-53.0666,-7.9182],[-53.0567,-7.8933],[-53.0399,-7.8907],[-53.027,-7.881],[-53.0172,-7.8812],[-53.0167,-7.8706],[-53.0301,-7.8597],[-53.0294,-7.856],[-53.0151,-7.8418],[-53.0074,-7.8452],[-53.0039,-7.8436],[-53.0005,-7.8319],[-52.9916,-7.8273],[-52.9954,-7.7963],[-53.0197,-7.7824],[-53.0277,-7.784],[-53.0356,-7.779],[-53.0222,-7.7679],[-53.0314,-7.7514],[-53.0285,-7.745],[-53.028,-7.7233],[-53.0402,-7.7181],[-53.0452,-7.7033],[-53.0656,-7.6813],[-53.0996,-7.6817],[-53.1019,-7.6744],[-53.108,-7.671],[-53.1123,-7.6549],[-53.1232,-7.6556],[-53.1243,-7.6519],[-53.1177,-7.6449],[-53.1124,-7.6241],[-53.1237,-7.613],[-53.1258,-7.6055],[-53.1301,-7.6041],[-53.1403,-7.6154],[-53.1428,-7.6139],[-53.1414,-7.6062],[-53.1476,-7.6034],[-53.1458,-7.5978],[-53.1528,-7.5932],[-53.1471,-7.5758],[-53.1611,-7.5703],[-53.1606,-7.5631],[-53.1686,-7.5565],[-53.1676,-7.5536],[-53.1449,-7.5511],[-53.1379,-7.5461],[-53.1285,-7.5247],[-53.1087,-7.507],[-53.1053,-7.4923],[-53.0921,-7.4889],[-53.0906,-7.4853],[-53.0937,-7.4749],[-53.1229,-7.449],[-53.1196,-7.3951],[-53.1303,-7.389],[-53.1509,-7.398],[-53.1595,-7.3923],[-53.1622,-7.3832],[-53.1724,-7.3839],[-53.1779,-7.38],[-53.1761,-7.3708],[-53.1686,-7.3674],[-53.1651,-7.3597],[-53.1733,-7.3415],[-53.188,-7.3345],[-53.2077,-7.3134],[-53.2219,-7.3032],[-53.2344,-7.2981],[-53.2342,-7.2929],[-53.2396,-7.287],[-53.2566,-7.2743],[-53.2581,-7.263],[-53.281,-7.2323],[-53.2873,-7.2285],[-53.2993,-7.2305],[-53.3025,-7.2282],[-53.3002,-7.2173],[-53.3131,-7.2135],[-53.3147,-7.1996],[-53.3137,-7.1979],[-53.3065,-7.1949],[-53.3003,-7.1816],[-53.2931,-7.1811],[-53.2861,-7.1755],[-53.2863,-7.1671],[-53.2831,-7.1667],[-53.2808,-7.1599],[-53.2712,-7.159],[-53.2658,-7.144],[-53.2556,-7.1368],[-53.258,-7.1287],[-53.2526,-7.1208],[-53.2533,-7.1142],[-53.2614,-7.1044],[-53.2804,-7.1019],[-53.2852,-7.0951],[-53.2883,-7.0958],[-53.2931,-7.0846],[-53.3053,-7.0771],[-53.3071,-7.0742],[-53.2989,-7.0683],[-53.3114,-7.0547],[-53.3174,-7.0377],[-53.317,-7.0271],[-53.3032,-7.0058],[-53.3017,-6.9957],[-53.2783,-6.9653],[-53.2767,-6.9494],[-53.2821,-6.9366],[-53.3112,-6.9157],[-53.3084,-6.9038],[-53.319,-6.9004],[-53.3191,-6.8961],[-53.3154,-6.8909],[-53.296,-6.8876],[-53.292,-6.8827],[-53.2884,-6.8646],[-53.2815,-6.8577],[-53.2649,-6.8476],[-53.2475,-6.8311],[-53.2434,-6.822],[-53.2368,-6.8226],[-53.235,-6.8198],[-53.2428,-6.8126],[-53.2494,-6.7966],[-53.2468,-6.7865],[-53.2508,-6.7804],[-53.2736,-6.7671],[-53.2971,-6.7629],[-53.3243,-6.7499],[-53.3336,-6.7533],[-53.3437,-6.749],[-53.368,-6.7229],[-53.3786,-6.7237],[-53.3944,-6.7172],[-53.4049,-6.694],[-53.4236,-6.6746],[-53.4309,-6.6751],[-53.4456,-6.6862],[-53.4624,-6.6798],[-53.4641,-6.6764],[-53.4567,-6.6651],[-53.4633,-6.651],[-53.4625,-6.6394],[-53.4681,-6.6343],[-53.4555,-6.619],[-53.4664,-6.6099],[-53.4692,-6.6001],[-53.4626,-6.5987],[-53.4429,-6.5649],[-53.4396,-6.5587],[-53.4279,-6.5523],[-53.4206,-6.5559],[-53.4168,-6.5621],[-53.4068,-6.5614],[-53.3929,-6.5812],[-53.3734,-6.5936],[-53.3641,-6.5781],[-53.3477,-6.5618],[-53.3369,-6.5335],[-53.3311,-6.5307],[-53.3287,-6.5219],[-53.3138,-6.4992],[-53.3191,-6.4944],[-53.3251,-6.4763],[-53.3132,-6.463],[-53.3028,-6.4566],[-53.2963,-6.458],[-53.2878,-6.4693],[-53.2808,-6.467],[-53.2779,-6.4607],[-53.2569,-6.4647],[-53.2555,-6.4774],[-53.2481,-6.4806],[-53.2449,-6.4922],[-53.231,-6.5022],[-53.227,-6.5001],[-53.2263,-6.4938],[-53.2305,-6.4869],[-53.2148,-6.4838],[-53.2177,-6.4739],[-53.2141,-6.4691],[-53.1926,-6.4761],[-53.1813,-6.4583],[-53.1919,-6.4412],[-53.2017,-6.44],[-53.2126,-6.424],[-53.2045,-6.4082],[-53.1907,-6.4002],[-53.1939,-6.3711],[-53.21,-6.3587],[-53.2057,-6.3472],[-53.2106,-6.3375],[-53.2364,-6.3372],[-53.2345,-6.3232],[-53.2229,-6.312],[-53.2317,-6.3104],[-53.2234,-6.2978],[-53.2287,-6.2933],[-53.2423,-6.2947],[-53.2465,-6.2888],[-53.2565,-6.291],[-53.2597,-6.2889],[-53.2608,-6.278],[-53.2534,-6.2698],[-53.2545,-6.2666],[-53.2681,-6.2646],[-53.2667,-6.2539],[-53.2857,-6.234],[-53.2851,-6.2243],[-53.2886,-6.2239],[-53.2889,-6.2204],[-53.2872,-6.2093],[-53.2986,-6.1767],[-53.3065,-6.1653],[-53.3159,-6.1691],[-53.3249,-6.1664],[-53.345,-6.1803],[-53.3509,-6.1715],[-53.3467,-6.161],[-53.3479,-6.1476],[-53.3403,-6.1391],[-53.3404,-6.1315],[-53.3531,-6.1264],[-53.3539,-6.1164],[-53.3707,-6.1173],[-53.3736,-6.1035],[-53.3785,-6.0987],[-53.3876,-6.0997],[-53.3878,-6.0958],[-53.3685,-6.0576],[-53.3447,-6.0474],[-53.3416,-6.0498],[-53.3343,-6.0471],[-53.3223,-6.0518],[-53.3114,-6.0338],[-53.2819,-6.0274],[-53.2705,-6.0194],[-53.2759,-6.0126],[-53.2737,-5.9965],[-53.2788,-5.9814],[-53.2632,-5.9678],[-53.2479,-5.9679],[-53.2422,-5.9592],[-53.2414,-5.9497],[-53.2352,-5.9506],[-53.2211,-5.9425],[-53.2019,-5.9582],[-53.1852,-5.9551],[-53.1669,-5.9448],[-53.1577,-5.9338],[-53.1486,-5.9374],[-53.1383,-5.9217],[-53.1401,-5.9006],[-53.1275,-5.9005],[-53.112,-5.8819],[-53.1125,-5.8757],[-53.1089,-5.8716],[-53.0937,-5.8716],[-53.0846,-5.8627],[-53.077,-5.8687],[-53.0775,-5.879],[-53.0746,-5.8821],[-53.0587,-5.8857],[-53.0535,-5.8766],[-53.0291,-5.8742],[-53.019,-5.8566],[-53.0093,-5.8515],[-52.9754,-5.8447],[-52.9631,-5.829],[-52.9625,-5.8156],[-52.9518,-5.7982],[-52.9314,-5.7908],[-52.9309,-5.7749],[-52.9272,-5.7673],[-52.9306,-5.7566],[-52.9397,-5.7523],[-52.9389,-5.7436],[-52.9212,-5.7367],[-52.9175,-5.7236],[-52.8958,-5.7053],[-52.8701,-5.6978],[-52.8704,-5.7021],[-52.8647,-5.7022],[-52.8565,-5.7123],[-52.8509,-5.7097],[-52.8491,-5.7035],[-52.8357,-5.7032],[-52.8378,-5.6974],[-52.8317,-5.6896],[-52.8159,-5.7],[-52.814,-5.7062],[-52.8018,-5.7153],[-52.791,-5.714],[-52.7839,-5.7218],[-52.776,-5.724],[-52.7711,-5.7219],[-52.7639,-5.7123],[-52.7527,-5.711],[-52.747,-5.6981],[-52.7403,-5.6956],[-52.7391,-5.6915],[-52.7446,-5.6899],[-52.7458,-5.682],[-52.7422,-5.6836],[-52.7326,-5.68],[-52.7231,-5.6705],[-52.7021,-5.6673],[-52.6912,-5.6561],[-52.7003,-5.6149],[-52.6995,-5.6115],[-52.6823,-5.5816],[-52.6864,-5.5428],[-52.6851,-5.5247],[-52.6914,-5.5159],[-52.6883,-5.5072],[-52.6819,-5.5048],[-52.6818,-5.5016],[-52.6834,-5.4947],[-52.6759,-5.4847],[-52.6659,-5.4461],[-52.6726,-5.4296],[-52.6637,-5.4271],[-52.661,-5.4127],[-52.6455,-5.4002],[-52.6412,-5.3808],[-52.6501,-5.3707],[-52.6417,-5.3553],[-52.6547,-5.3341],[-52.6539,-5.3198],[-52.6594,-5.308],[-52.6576,-5.2974],[-52.635,-5.2717],[-52.6266,-5.2525],[-52.6118,-5.2427],[-52.6026,-5.2458],[-52.5938,-5.2386],[-52.5765,-5.2347],[-52.5714,-5.225],[-52.5604,-5.2168],[-52.5503,-5.2284],[-52.5269,-5.2295],[-52.514,-5.2254],[-52.507,-5.2193],[-52.4939,-5.2178],[-52.4881,-5.1979],[-52.4737,-5.2042],[-52.4669,-5.1945],[-52.4496,-5.1846],[-52.4447,-5.1668],[-52.4259,-5.1536],[-52.41,-5.1659],[-52.4055,-5.1857],[-52.3989,-5.1846],[-52.393,-5.1964],[-52.3743,-5.2042],[-52.3429,-5.1789],[-52.3131,-5.1896],[-52.3048,-5.1957],[-52.2949,-5.194],[-52.2733,-5.2256],[-52.2836,-5.2573],[-52.2782,-5.2675],[-52.2788,-5.2745],[-52.2701,-5.279],[-52.2582,-5.2692],[-52.2544,-5.2695],[-52.2496,-5.2741],[-52.2356,-5.2773],[-52.2253,-5.2885],[-52.213,-5.2908],[-52.2013,-5.3035],[-52.1791,-5.2998],[-52.1617,-5.3145],[-52.1419,-5.3186],[-52.1365,-5.3256],[-52.136,-5.3332],[-52.1226,-5.3396],[-52.1088,-5.3523],[-52.1069,-5.3427],[-52.1163,-5.3307],[-52.1191,-5.3138],[-52.1133,-5.3044],[-52.1133,-5.2911],[-52.1082,-5.2845],[-52.1048,-5.271],[-52.0903,-5.2604],[-52.0777,-5.257],[-52.0696,-5.2462],[-52.067,-5.2235],[-52.0756,-5.2153],[-52.0704,-5.2067],[-52.0679,-5.1915],[-52.0577,-5.184],[-52.0579,-5.1721],[-52.0506,-5.151],[-52.0091,-5.1515],[-52.0,-5.1515],[-51.4474,-5.1498],[-51.0005,-5.1502],[-51.0,-5.1502],[-50.9297,-5.1502],[-50.9186,-5.1503]]]}},{"type":"Feature","properties":{"nome":"São Francisco do Pará","cod":"1507409","uf":"PA"},"geometry":{"type":"Polygon","coordinates":[[[-47.7061,-1.057],[-47.7028,-1.0808],[-47.6908,-1.1108],[-47.6931,-1.1212],[-47.6932,-1.1216],[-47.6932,-1.1233],[-47.6946,-1.1471],[-47.6886,-1.1676],[-47.6805,-1.1793],[-47.6804,-1.1899],[-47.6917,-1.2119],[-47.7017,-1.2165],[-47.7056,-1.2227],[-47.7261,-1.2373],[-47.7302,-1.2448],[-47.7212,-1.2532],[-47.7181,-1.252],[-47.7084,-1.2579],[-47.6545,-1.2401],[-47.6522,-1.2599],[-47.6488,-1.2895],[-47.638,-1.3743],[-47.638,-1.3744],[-47.7739,-1.307],[-47.7786,-1.3048],[-47.8017,-1.3034],[-47.8167,-1.2977],[-47.8397,-1.2883],[-47.8451,-1.2863],[-47.8395,-1.2723],[-47.8417,-1.2654],[-47.8333,-1.2555],[-47.83,-1.2292],[-47.8224,-1.2298],[-47.8166,-1.2203],[-47.8076,-1.2076],[-47.818,-1.1898],[-47.818,-1.1897],[-47.8353,-1.1576],[-47.8379,-1.1309],[-47.8121,-1.0867],[-47.8106,-1.0653],[-47.8019,-1.0636],[-47.8017,-1.0601],[-47.789,-1.0634],[-47.7875,-1.0606],[-47.7775,-1.0603],[-47.7578,-1.0577],[-47.7592,-1.0623],[-47.7521,-1.0641],[-47.7437,-1.0605],[-47.739,-1.0598],[-47.731,-1.0514],[-47.7257,-1.0415],[-47.7216,-1.0408],[-47.7109,-1.0502],[-47.7061,-1.057]]]}},{"type":"Feature","properties":{"nome":"São Geraldo do Araguaia","cod":"1507458","uf":"PA"},"geometry":{"type":"Polygon","coordinates":[[[-48.7308,-5.8597],[-48.7265,-5.8643],[-48.7182,-5.8636],[-48.6988,-5.8778],[-48.6875,-5.8761],[-48.6876,-5.8884],[-48.6844,-5.8901],[-48.6712,-5.8822],[-48.6579,-5.8837],[-48.6354,-5.8756],[-48.6295,-5.8769],[-48.6261,-5.8865],[-48.6228,-5.8871],[-48.6277,-5.8995],[-48.6305,-5.9021],[-48.6357,-5.9108],[-48.635,-5.9334],[-48.6394,-5.9427],[-48.6559,-5.9612],[-48.6605,-5.9798],[-48.6575,-5.9886],[-48.6452,-5.9965],[-48.6337,-5.9959],[-48.5996,-5.9969],[-48.5832,-5.9918],[-48.5757,-6.0045],[-48.5619,-6.0112],[-48.5612,-6.0186],[-48.5501,-6.0234],[-48.5484,-6.0276],[-48.5301,-6.0341],[-48.5323,-6.0441],[-48.5256,-6.05],[-48.5212,-6.0627],[-48.513,-6.0598],[-48.4995,-6.0644],[-48.4848,-6.0854],[-48.4859,-6.0918],[-48.4755,-6.0916],[-48.4719,-6.1042],[-48.4617,-6.1045],[-48.4583,-6.1167],[-48.4505,-6.1227],[-48.4427,-6.1213],[-48.4364,-6.117],[-48.4263,-6.1188],[-48.4227,-6.1242],[-48.4157,-6.1219],[-48.4067,-6.1292],[-48.3967,-6.1283],[-48.3899,-6.1399],[-48.3909,-6.1463],[-48.4078,-6.153],[-48.4315,-6.1769],[-48.436,-6.193],[-48.4186,-6.2679],[-48.4123,-6.2809],[-48.4169,-6.2891],[-48.4167,-6.2982],[-48.4116,-6.3057],[-48.3807,-6.3282],[-48.3749,-6.3464],[-48.3809,-6.3752],[-48.386,-6.3798],[-48.4239,-6.3566],[-48.4473,-6.3508],[-48.4998,-6.3505],[-48.5108,-6.3565],[-48.5304,-6.3893],[-48.5485,-6.4065],[-48.5646,-6.4147],[-48.5699,-6.4204],[-48.6127,-6.4533],[-48.6256,-6.4781],[-48.7286,-6.3948],[-48.7486,-6.3787],[-48.7652,-6.3817],[-48.7773,-6.3812],[-48.7866,-6.377],[-48.7957,-6.3787],[-48.8163,-6.361],[-48.8558,-6.3502],[-48.8686,-6.3398],[-48.8778,-6.3165],[-48.8891,-6.3073],[-48.8974,-6.3048],[-48.898,-6.3047],[-48.9216,-6.3123],[-48.942,-6.313],[-48.9597,-6.3128],[-48.964,-6.3232],[-48.9635,-6.3418],[-48.9521,-6.3604],[-48.9557,-6.373],[-48.9462,-6.3996],[-48.9411,-6.4043],[-48.9451,-6.4277],[-48.9452,-6.4284],[-48.9769,-6.398],[-48.9895,-6.3943],[-48.9998,-6.3851],[-49.0091,-6.3854],[-49.0351,-6.3765],[-49.0529,-6.3749],[-49.0562,-6.3676],[-49.0534,-6.3613],[-49.0548,-6.3492],[-49.0799,-6.3239],[-49.0924,-6.3172],[-49.1061,-6.3174],[-49.1195,-6.3035],[-49.1318,-6.2982],[-49.1325,-6.2893],[-49.1419,-6.285],[-49.1426,-6.2769],[-49.1495,-6.2706],[-49.1736,-6.2649],[-49.1935,-6.2662],[-49.1987,-6.2638],[-49.127,-6.2023],[-49.1117,-6.189],[-49.1036,-6.182],[-49.09,-6.1703],[-48.9789,-6.0744],[-48.9332,-6.0351],[-48.8521,-5.965],[-48.8518,-5.9648],[-48.785,-5.9072],[-48.7308,-5.8597]]]}},{"type":"Feature","properties":{"nome":"São João da Ponta","cod":"1507466","uf":"PA"},"geometry":{"type":"Polygon","coordinates":[[[-47.9738,-0.7661],[-47.9755,-0.7753],[-47.9689,-0.7783],[-47.9654,-0.7746],[-47.962,-0.7785],[-47.9515,-0.7764],[-47.9508,-0.7831],[-47.9585,-0.7918],[-47.955,-0.7966],[-47.9463,-0.7972],[-47.9407,-0.8038],[-47.9404,-0.8236],[-47.9368,-0.8268],[-47.9239,-0.828],[-47.9205,-0.8439],[-47.9072,-0.8473],[-47.9067,-0.8513],[-47.9201,-0.8613],[-47.9149,-0.87],[-47.9179,-0.8734],[-47.9311,-0.8723],[-47.9266,-0.8789],[-47.9278,-0.8862],[-47.9281,-0.8885],[-47.9286,-0.8927],[-47.9344,-0.8958],[-47.9286,-0.8995],[-47.9321,-0.9029],[-47.9285,-0.9104],[-47.9244,-0.9125],[-47.9205,-0.9189],[-47.9083,-0.9234],[-47.9005,-0.9311],[-47.8999,-0.9427],[-47.8937,-0.9547],[-47.8955,-0.9629],[-47.8998,-0.9748],[-47.919,-0.9728],[-47.9819,-0.9473],[-47.9881,-0.9444],[-47.99,-0.9324],[-47.9988,-0.9314],[-47.9958,-0.9252],[-48.0034,-0.9245],[-47.9991,-0.9184],[-48.0028,-0.9164],[-48.004,-0.9058],[-48.0005,-0.901],[-47.9953,-0.9014],[-48.0044,-0.8955],[-48.0015,-0.8829],[-48.0082,-0.8728],[-48.0062,-0.8705],[-48.014,-0.867],[-48.0169,-0.874],[-48.0203,-0.8674],[-48.0159,-0.863],[-48.0193,-0.8612],[-48.0178,-0.8558],[-48.0117,-0.8571],[-48.0093,-0.8532],[-48.0129,-0.849],[-48.0231,-0.8475],[-48.0129,-0.8422],[-48.0207,-0.8295],[-48.0106,-0.8298],[-48.0038,-0.8212],[-48.0124,-0.82],[-48.0128,-0.8117],[-48.0267,-0.814],[-48.0224,-0.7999],[-48.031,-0.7967],[-48.0289,-0.7889],[-48.0211,-0.7792],[-48.0121,-0.786],[-48.0092,-0.7844],[-48.0022,-0.7646],[-48.0002,-0.7686],[-47.9942,-0.769],[-47.9852,-0.7623],[-47.9769,-0.7622],[-47.9738,-0.7661]]]}},{"type":"Feature","properties":{"nome":"São João de Pirabas","cod":"1507474","uf":"PA"},"geometry":{"type":"Polygon","coordinates":[[[-47.2617,-0.6261],[-47.2489,-0.6316],[-47.2489,-0.6279],[-47.2356,-0.628],[-47.2121,-0.6372],[-47.199,-0.6646],[-47.2141,-0.6855],[-47.2186,-0.6861],[-47.2295,-0.6781],[-47.2408,-0.6841],[-47.2461,-0.7038],[-47.2433,-0.7069],[-47.2281,-0.6967],[-47.2288,-0.7047],[-47.2246,-0.7025],[-47.2158,-0.6974],[-47.2171,-0.6937],[-47.2136,-0.6902],[-47.2011,-0.6891],[-47.1946,-0.6992],[-47.1917,-0.6942],[-47.1948,-0.6929],[-47.1946,-0.6829],[-47.1836,-0.6716],[-47.1843,-0.6644],[-47.1792,-0.6627],[-47.1815,-0.6686],[-47.1676,-0.6629],[-47.1709,-0.6672],[-47.1606,-0.6674],[-47.1583,-0.6696],[-47.1611,-0.6731],[-47.1574,-0.6749],[-47.165,-0.6826],[-47.1682,-0.6946],[-47.1655,-0.7283],[-47.1734,-0.7329],[-47.1774,-0.7436],[-47.1711,-0.7689],[-47.1697,-0.7762],[-47.1668,-0.7733],[-47.1686,-0.7627],[-47.1652,-0.7603],[-47.1603,-0.7737],[-47.1569,-0.7689],[-47.1603,-0.7535],[-47.1638,-0.7523],[-47.1665,-0.7443],[-47.1496,-0.7144],[-47.1435,-0.7225],[-47.1444,-0.7317],[-47.1399,-0.7277],[-47.1453,-0.7108],[-47.1441,-0.7057],[-47.1346,-0.706],[-47.1415,-0.6975],[-47.1409,-0.6874],[-47.1361,-0.6851],[-47.1294,-0.688],[-47.1256,-0.6826],[-47.1113,-0.6777],[-47.1061,-0.6697],[-47.0883,-0.6623],[-47.0907,-0.6692],[-47.086,-0.6793],[-47.0785,-0.6832],[-47.0683,-0.7042],[-47.0875,-0.7136],[-47.0788,-0.7175],[-47.0779,-0.7263],[-47.0725,-0.7233],[-47.0692,-0.7302],[-47.0724,-0.7311],[-47.0718,-0.736],[-47.0893,-0.7489],[-47.086,-0.7504],[-47.0729,-0.7446],[-47.0688,-0.7542],[-47.0761,-0.7585],[-47.0731,-0.7603],[-47.072,-0.7719],[-47.0663,-0.7762],[-47.0605,-0.7747],[-47.0678,-0.7697],[-47.0664,-0.7655],[-47.0627,-0.7657],[-47.0634,-0.7501],[-47.0577,-0.7288],[-47.0591,-0.7047],[-47.0495,-0.7112],[-47.0552,-0.7376],[-47.0544,-0.7751],[-47.0632,-0.8001],[-47.0604,-0.804],[-47.0835,-0.8317],[-47.0927,-0.84],[-47.101,-0.8433],[-47.1023,-0.8466],[-47.0978,-0.8483],[-47.1032,-0.8552],[-47.1087,-0.856],[-47.109,-0.8689],[-47.1146,-0.8755],[-47.1182,-0.8936],[-47.1334,-0.8996],[-47.16,-0.8942],[-47.1682,-0.8955],[-47.1755,-0.8952],[-47.1881,-0.895],[-47.2189,-0.9022],[-47.2387,-0.911],[-47.2424,-0.9185],[-47.2559,-0.9212],[-47.2575,-0.9215],[-47.2708,-0.9241],[-47.2755,-0.9161],[-47.2758,-0.9103],[-47.2712,-0.9062],[-47.2632,-0.8857],[-47.2743,-0.8759],[-47.2782,-0.859],[-47.2937,-0.8425],[-47.3046,-0.8442],[-47.3077,-0.8399],[-47.3281,-0.8405],[-47.3361,-0.8439],[-47.3458,-0.8551],[-47.3493,-0.8552],[-47.3534,-0.8521],[-47.3579,-0.8549],[-47.3652,-0.852],[-47.3691,-0.8399],[-47.3747,-0.8419],[-47.3807,-0.8362],[-47.3768,-0.8222],[-47.363,-0.766],[-47.3492,-0.7096],[-47.3238,-0.7094],[-47.2975,-0.7325],[-47.2987,-0.6882],[-47.2649,-0.6751],[-47.2557,-0.6657],[-47.259,-0.6514],[-47.2517,-0.6461],[-47.2633,-0.6355],[-47.2649,-0.6292],[-47.2617,-0.6261]]]}},{"type":"Feature","properties":{"nome":"São João do Araguaia","cod":"1507508","uf":"PA"},"geometry":{"type":"Polygon","coordinates":[[[-48.9922,-5.2829],[-48.9914,-5.2863],[-48.9704,-5.2842],[-48.9512,-5.2879],[-48.9255,-5.3007],[-48.8804,-5.3339],[-48.8688,-5.3392],[-48.8325,-5.3428],[-48.7547,-5.3488],[-48.7563,-5.3525],[-48.7451,-5.3693],[-48.7258,-5.3758],[-48.7199,-5.3733],[-48.7163,-5.3768],[-48.6801,-5.3784],[-48.6501,-5.3845],[-48.6287,-5.4097],[-48.6113,-5.4183],[-48.5963,-5.4222],[-48.5571,-5.4163],[-48.5306,-5.4244],[-48.5135,-5.4294],[-48.4911,-5.4256],[-48.4761,-5.4183],[-48.4642,-5.4119],[-48.453,-5.4104],[-48.4414,-5.4078],[-48.4191,-5.4014],[-48.401,-5.403],[-48.3931,-5.3938],[-48.3812,-5.3956],[-48.3731,-5.4024],[-48.3673,-5.4146],[-48.3512,-5.4275],[-48.3429,-5.4445],[-48.3407,-5.4667],[-48.3269,-5.4865],[-48.3277,-5.4962],[-48.3343,-5.5051],[-48.352,-5.5142],[-48.3552,-5.5248],[-48.3626,-5.5214],[-48.3699,-5.5361],[-48.3875,-5.5583],[-48.3966,-5.5592],[-48.4081,-5.5656],[-48.4144,-5.5639],[-48.4211,-5.5755],[-48.4281,-5.5742],[-48.4383,-5.5779],[-48.4612,-5.6005],[-48.4619,-5.6002],[-48.5577,-5.5588],[-48.5792,-5.537],[-48.601,-5.5414],[-48.6022,-5.5417],[-48.6141,-5.5441],[-48.6429,-5.5396],[-48.6573,-5.5353],[-48.6949,-5.5098],[-48.7167,-5.5062],[-48.7279,-5.4925],[-48.7405,-5.4877],[-48.7765,-5.4778],[-48.7993,-5.4732],[-48.8143,-5.474],[-48.8146,-5.4741],[-48.8495,-5.4796],[-48.9442,-5.5525],[-48.9392,-5.5357],[-48.9446,-5.5303],[-48.9405,-5.5192],[-48.9493,-5.5151],[-48.9549,-5.5138],[-48.9689,-5.4979],[-48.976,-5.5004],[-48.9839,-5.4959],[-48.9883,-5.4842],[-49.0149,-5.4597],[-49.009,-5.4556],[-49.0115,-5.4466],[-49.0079,-5.4348],[-49.0123,-5.43],[-49.0068,-5.422],[-49.0111,-5.4136],[-49.0051,-5.4098],[-49.0096,-5.4059],[-49.0077,-5.4025],[-49.013,-5.3986],[-49.0081,-5.3932],[-49.0159,-5.3883],[-49.014,-5.3762],[-49.0078,-5.3706],[-49.0331,-5.3518],[-49.0342,-5.3391],[-49.0386,-5.3312],[-49.0187,-5.321],[-49.0,-5.2966],[-48.9986,-5.2923],[-48.9922,-5.2829]]]}},{"type":"Feature","properties":{"nome":"São Miguel do Guamá","cod":"1507607","uf":"PA"},"geometry":{"type":"Polygon","coordinates":[[[-47.4425,-1.4884],[-47.4214,-1.4942],[-47.4182,-1.495],[-47.3622,-1.4629],[-47.3531,-1.4787],[-47.3528,-1.4848],[-47.3496,-1.5007],[-47.3423,-1.5042],[-47.3327,-1.5024],[-47.3256,-1.4876],[-47.3136,-1.4831],[-47.3079,-1.4756],[-47.2855,-1.4858],[-47.2915,-1.4938],[-47.2906,-1.5034],[-47.2985,-1.5168],[-47.331,-1.5248],[-47.3419,-1.537],[-47.3421,-1.543],[-47.3241,-1.564],[-47.3179,-1.5815],[-47.3173,-1.5971],[-47.3266,-1.605],[-47.3354,-1.6],[-47.3361,-1.5932],[-47.3393,-1.5935],[-47.3471,-1.5987],[-47.3512,-1.6125],[-47.3514,-1.6126],[-47.358,-1.622],[-47.367,-1.6216],[-47.3728,-1.6297],[-47.388,-1.6311],[-47.3907,-1.6301],[-47.3884,-1.6227],[-47.3943,-1.6256],[-47.3992,-1.6219],[-47.4017,-1.6235],[-47.3987,-1.6303],[-47.4096,-1.6344],[-47.4156,-1.6349],[-47.4203,-1.6303],[-47.4248,-1.6341],[-47.4283,-1.6294],[-47.4255,-1.6239],[-47.4291,-1.6239],[-47.4318,-1.6279],[-47.4347,-1.6264],[-47.4354,-1.6195],[-47.4445,-1.6286],[-47.4453,-1.6232],[-47.4502,-1.6199],[-47.4526,-1.6259],[-47.4598,-1.6265],[-47.4592,-1.6336],[-47.4649,-1.6417],[-47.4705,-1.6302],[-47.4791,-1.6375],[-47.4818,-1.6402],[-47.4815,-1.631],[-47.4826,-1.6293],[-47.4846,-1.6252],[-47.4918,-1.6256],[-47.4991,-1.6199],[-47.5007,-1.632],[-47.5092,-1.6331],[-47.5154,-1.6244],[-47.5207,-1.6306],[-47.539,-1.6246],[-47.5311,-1.6181],[-47.5322,-1.6153],[-47.5517,-1.6011],[-47.5577,-1.6078],[-47.5659,-1.608],[-47.5557,-1.6211],[-47.5607,-1.6226],[-47.5681,-1.6231],[-47.5774,-1.6141],[-47.5845,-1.6252],[-47.5875,-1.6162],[-47.5978,-1.6148],[-47.5982,-1.6097],[-47.6027,-1.6075],[-47.6109,-1.6087],[-47.6182,-1.61],[-47.6246,-1.6236],[-47.6245,-1.6284],[-47.6194,-1.632],[-47.6278,-1.6386],[-47.6388,-1.6344],[-47.6417,-1.6467],[-47.6587,-1.6517],[-47.6605,-1.6444],[-47.6646,-1.6421],[-47.6788,-1.6546],[-47.6801,-1.6434],[-47.6843,-1.6399],[-47.6956,-1.6406],[-47.7152,-1.6489],[-47.7199,-1.6509],[-47.7252,-1.6605],[-47.739,-1.6563],[-47.7443,-1.6705],[-47.7547,-1.6688],[-47.7699,-1.6747],[-47.7741,-1.6726],[-47.7757,-1.6704],[-47.783,-1.6582],[-47.818,-1.6325],[-47.857,-1.6289],[-47.8573,-1.6289],[-47.8734,-1.5929],[-47.8941,-1.5737],[-47.9169,-1.5668],[-47.9436,-1.5783],[-47.9491,-1.5698],[-47.8402,-1.5022],[-47.809,-1.4829],[-47.7596,-1.4522],[-47.7473,-1.4806],[-47.7394,-1.4769],[-47.7331,-1.474],[-47.7294,-1.4845],[-47.71,-1.4758],[-47.7041,-1.4921],[-47.6957,-1.489],[-47.6967,-1.4827],[-47.6666,-1.4698],[-47.6691,-1.4628],[-47.6629,-1.4606],[-47.6668,-1.4494],[-47.6575,-1.4469],[-47.6619,-1.4339],[-47.6526,-1.4308],[-47.6251,-1.4384],[-47.5949,-1.4467],[-47.5766,-1.4517],[-47.5591,-1.4565],[-47.5086,-1.4704],[-47.4858,-1.4766],[-47.4741,-1.4798],[-47.4425,-1.4884]]]}},{"type":"Feature","properties":{"nome":"São Sebastião da Boa Vista","cod":"1507706","uf":"PA"},"geometry":{"type":"Polygon","coordinates":[[[-49.7756,-1.2606],[-49.7688,-1.2621],[-49.7348,-1.2475],[-49.714,-1.2329],[-49.7077,-1.2325],[-49.6955,-1.2405],[-49.6817,-1.2622],[-49.67,-1.2657],[-49.6545,-1.2681],[-49.6156,-1.2706],[-49.5997,-1.2668],[-49.58,-1.243],[-49.5653,-1.2107],[-49.5262,-1.1877],[-49.5873,-1.3265],[-49.5897,-1.3319],[-49.6178,-1.3336],[-49.6229,-1.3459],[-49.6141,-1.3595],[-49.6021,-1.359],[-49.6002,-1.3678],[-49.5841,-1.366],[-49.57,-1.3754],[-49.5665,-1.3794],[-49.5553,-1.3759],[-49.544,-1.3794],[-49.5385,-1.3923],[-49.527,-1.4017],[-49.5101,-1.397],[-49.5011,-1.4015],[-49.4959,-1.4208],[-49.5009,-1.428],[-49.4999,-1.4317],[-49.5194,-1.4554],[-49.5179,-1.4659],[-49.5229,-1.4735],[-49.519,-1.4844],[-49.5201,-1.4946],[-49.5038,-1.4946],[-49.4963,-1.5],[-49.4965,-1.5095],[-49.5042,-1.5196],[-49.5041,-1.5243],[-49.5014,-1.5443],[-49.5012,-1.5488],[-49.501,-1.5706],[-49.4967,-1.5899],[-49.5015,-1.6065],[-49.4977,-1.6143],[-49.4637,-1.6407],[-49.4484,-1.6536],[-49.4371,-1.6817],[-49.4298,-1.6894],[-49.4154,-1.7185],[-49.4288,-1.7265],[-49.4667,-1.7396],[-49.4924,-1.7544],[-49.4956,-1.7554],[-49.5133,-1.759],[-49.5349,-1.7784],[-49.5856,-1.7793],[-49.5986,-1.7736],[-49.6073,-1.76],[-49.5967,-1.7514],[-49.5891,-1.7387],[-49.589,-1.7142],[-49.5921,-1.7055],[-49.5783,-1.6948],[-49.5744,-1.6845],[-49.5841,-1.6797],[-49.6048,-1.6773],[-49.6116,-1.6857],[-49.6158,-1.6803],[-49.6154,-1.6739],[-49.6227,-1.6746],[-49.6241,-1.6782],[-49.6363,-1.6782],[-49.673,-1.6514],[-49.6844,-1.6404],[-49.6892,-1.6264],[-49.6972,-1.6204],[-49.7101,-1.6014],[-49.7161,-1.5768],[-49.7156,-1.5577],[-49.7201,-1.5362],[-49.7116,-1.5138],[-49.7068,-1.5035],[-49.7065,-1.484],[-49.7066,-1.4366],[-49.717,-1.4014],[-49.7263,-1.3652],[-49.7383,-1.3598],[-49.7716,-1.3612],[-49.7932,-1.3371],[-49.8134,-1.3205],[-49.8196,-1.3177],[-49.8305,-1.3203],[-49.8456,-1.3334],[-49.8484,-1.3399],[-49.9747,-1.3003],[-49.9834,-1.2975],[-49.9878,-1.1795],[-49.999,-1.1739],[-49.9904,-1.1675],[-49.9859,-1.1541],[-49.9725,-1.1422],[-49.9696,-1.1354],[-49.9426,-1.125],[-49.9296,-1.1147],[-49.9335,-1.1043],[-49.9316,-1.0953],[-49.9176,-1.0835],[-49.9102,-1.0827],[-49.9008,-1.0882],[-49.8849,-1.0997],[-49.88,-1.1076],[-49.8762,-1.1613],[-49.8731,-1.1675],[-49.8399,-1.1986],[-49.8185,-1.2337],[-49.7756,-1.2606]]]}},{"type":"Feature","properties":{"nome":"Sapucaia","cod":"1507755","uf":"PA"},"geometry":{"type":"Polygon","coordinates":[[[-49.6263,-6.6374],[-49.6212,-6.6448],[-49.6131,-6.6445],[-49.6048,-6.6509],[-49.5878,-6.6561],[-49.5757,-6.6735],[-49.5648,-6.678],[-49.5676,-6.6858],[-49.5617,-6.7014],[-49.563,-6.7171],[-49.5583,-6.7248],[-49.5425,-6.7269],[-49.5229,-6.721],[-49.5188,-6.7163],[-49.5113,-6.7166],[-49.5086,-6.7133],[-49.5006,-6.7088],[-49.4892,-6.7123],[-49.4748,-6.6997],[-49.4545,-6.7091],[-49.4323,-6.71],[-49.4149,-6.6806],[-49.4175,-6.6986],[-49.4125,-6.7047],[-49.3957,-6.7123],[-49.3931,-6.7174],[-49.376,-6.7279],[-49.3694,-6.724],[-49.3585,-6.7253],[-49.3373,-6.7295],[-49.3388,-6.7776],[-49.3403,-6.8284],[-49.3481,-6.8268],[-49.3565,-6.8139],[-49.3608,-6.8128],[-49.3689,-6.8176],[-49.3774,-6.8083],[-49.3865,-6.8082],[-49.3944,-6.8257],[-49.4253,-6.8522],[-49.4283,-6.8769],[-49.4357,-6.8869],[-49.4416,-6.9004],[-49.4444,-6.9267],[-49.4245,-6.9441],[-49.4242,-6.9588],[-49.4179,-6.9835],[-49.4147,-6.9854],[-49.4179,-6.992],[-49.4257,-6.9967],[-49.4388,-6.9927],[-49.4636,-6.9959],[-49.472,-6.9908],[-49.4957,-6.989],[-49.4998,-6.9932],[-49.5262,-6.9963],[-49.5672,-7.0089],[-49.5803,-7.0026],[-49.6008,-7.003],[-49.6026,-6.9916],[-49.6075,-6.9881],[-49.6169,-7.0057],[-49.6461,-7.0087],[-49.6574,-7.0143],[-49.6609,-7.0197],[-49.6703,-7.0158],[-49.6722,-7.0233],[-49.6847,-7.0306],[-49.7081,-7.0226],[-49.7171,-7.0156],[-49.734,-7.0159],[-49.7333,-6.9798],[-49.7326,-6.7171],[-49.7293,-6.7143],[-49.6374,-6.6366],[-49.6263,-6.6374]]]}},{"type":"Feature","properties":{"nome":"Senador José Porfírio","cod":"1507805","uf":"PA"},"geometry":{"type":"Polygon","coordinates":[[[-51.9411,-3.4926],[-51.9464,-3.5163],[-51.9397,-3.5467],[-51.9333,-3.5618],[-51.9054,-3.5878],[-51.9035,-3.5902],[-51.8961,-3.588],[-51.8922,-3.5819],[-51.8785,-3.5813],[-51.8838,-3.5703],[-51.8829,-3.5646],[-51.8668,-3.5586],[-51.8623,-3.5492],[-51.852,-3.5487],[-51.8382,-3.5332],[-51.8247,-3.5335],[-51.8128,-3.5158],[-51.8025,-3.5023],[-51.7472,-3.5043],[-51.7433,-3.5043],[-51.7135,-3.5044],[-51.7093,-3.5255],[-51.7114,-3.5363],[-51.6967,-3.5337],[-51.6934,-3.5418],[-51.681,-3.5471],[-51.6742,-3.5594],[-51.6592,-3.5712],[-51.6363,-3.5785],[-51.6221,-3.5792],[-51.6125,-3.5614],[-51.5847,-3.5859],[-51.5742,-3.6376],[-51.5757,-3.6508],[-51.5525,-3.6624],[-51.5449,-3.6844],[-51.5478,-3.6978],[-51.5578,-3.7101],[-51.5637,-3.7247],[-51.5721,-3.7301],[-51.5842,-3.7607],[-51.5964,-3.7572],[-51.6003,-3.7603],[-51.6003,-3.7696],[-51.5906,-3.7828],[-51.5843,-3.7836],[-51.564,-3.7981],[-51.5468,-3.7903],[-51.5336,-3.7793],[-51.5226,-3.7759],[-51.5189,-3.7688],[-51.5066,-3.7835],[-51.505,-3.7899],[-51.5089,-3.7963],[-51.5087,-3.8068],[-51.5234,-3.8212],[-51.5178,-3.8415],[-51.5268,-3.8591],[-51.5259,-3.8648],[-51.5088,-3.8665],[-51.5003,-3.8608],[-51.4606,-3.8838],[-51.4347,-3.8836],[-51.4218,-3.8909],[-51.4126,-3.889],[-51.4088,-3.8886],[-51.4061,-3.8927],[-51.4131,-3.9029],[-51.4063,-3.9182],[-51.41,-3.9268],[-51.41,-3.9387],[-51.418,-3.9395],[-51.4224,-3.9473],[-51.422,-3.9613],[-51.4122,-3.9737],[-51.3929,-3.9738],[-51.3883,-3.986],[-51.3955,-4.0047],[-51.3836,-4.0302],[-51.3896,-4.0488],[-51.4068,-4.0604],[-51.4111,-4.0747],[-51.4171,-4.0828],[-51.4106,-4.0956],[-51.3995,-4.1036],[-51.3952,-4.1151],[-51.3988,-4.1246],[-51.395,-4.1471],[-51.3843,-4.1534],[-51.3798,-4.1733],[-51.3706,-4.1916],[-51.3737,-4.2215],[-51.3586,-4.2449],[-51.3643,-4.2496],[-51.3709,-4.2432],[-51.377,-4.2472],[-51.3644,-4.2722],[-51.3602,-4.2888],[-51.3431,-4.3059],[-51.3557,-4.3352],[-51.3473,-4.3565],[-51.3329,-4.3668],[-51.3381,-4.3823],[-51.3326,-4.3883],[-51.3293,-4.4001],[-51.3211,-4.4086],[-51.3285,-4.42],[-51.3482,-4.4314],[-51.3651,-4.4277],[-51.3811,-4.4457],[-51.3829,-4.4541],[-51.3783,-4.4583],[-51.3663,-4.4636],[-51.3581,-4.4614],[-51.348,-4.4512],[-51.3445,-4.4514],[-51.3371,-4.4572],[-51.3359,-4.4662],[-51.3419,-4.4756],[-51.3595,-4.4848],[-51.3624,-4.4901],[-51.3639,-4.5002],[-51.3583,-4.5248],[-51.3708,-4.5281],[-51.3752,-4.5175],[-51.3796,-4.5149],[-51.3853,-4.517],[-51.3911,-4.5265],[-51.3921,-4.5454],[-51.384,-4.5489],[-51.3585,-4.5795],[-51.3551,-4.5893],[-51.345,-4.6018],[-51.3433,-4.6156],[-51.3512,-4.6314],[-51.341,-4.642],[-51.3364,-4.6483],[-51.3213,-4.6562],[-51.3165,-4.6639],[-51.3115,-4.7156],[-51.3226,-4.7361],[-51.3363,-4.7399],[-51.3442,-4.7697],[-51.3513,-4.7802],[-51.3497,-4.7922],[-51.3628,-4.8192],[-51.3957,-4.8585],[-51.3988,-4.8671],[-51.3957,-4.8738],[-51.3979,-4.8818],[-51.4071,-4.8985],[-51.4204,-4.913],[-51.4417,-4.9208],[-51.4433,-4.9258],[-51.4486,-4.9452],[-51.4559,-4.9462],[-51.4657,-4.9731],[-51.4624,-4.98],[-51.4578,-4.982],[-51.4569,-4.9939],[-51.4531,-5.006],[-51.4394,-5.0145],[-51.4317,-5.029],[-51.431,-5.0549],[-51.4267,-5.0679],[-51.4135,-5.0734],[-51.4124,-5.0918],[-51.4041,-5.0939],[-51.4111,-5.103],[-51.4125,-5.1253],[-51.4224,-5.1351],[-51.4343,-5.1364],[-51.4345,-5.1413],[-51.4474,-5.1498],[-52.0,-5.1515],[-52.0091,-5.1515],[-52.0506,-5.151],[-52.0595,-5.1474],[-52.0692,-5.1356],[-52.0729,-5.1364],[-52.0782,-5.1278],[-52.0731,-5.1197],[-52.0724,-5.0963],[-52.0623,-5.0872],[-52.0565,-5.0728],[-52.0553,-5.0645],[-52.0598,-5.0489],[-52.0484,-5.0308],[-52.0404,-5.0091],[-52.053,-5.0098],[-52.0558,-4.9931],[-52.0639,-4.9875],[-52.0583,-4.9695],[-52.0622,-4.9537],[-52.0678,-4.9466],[-52.0695,-4.9279],[-52.0673,-4.9232],[-52.0694,-4.9094],[-52.0821,-4.9106],[-52.1092,-4.8989],[-52.1154,-4.8923],[-52.1045,-4.8718],[-52.1033,-4.8558],[-52.0983,-4.8483],[-52.0937,-4.8265],[-52.0841,-4.8089],[-52.0845,-4.8017],[-52.092,-4.7918],[-52.0881,-4.776],[-52.0838,-4.7719],[-52.0856,-4.768],[-52.0862,-4.7675],[-52.089,-4.763],[-52.0846,-4.7585],[-52.0899,-4.7546],[-52.0872,-4.7483],[-52.0961,-4.7451],[-52.0889,-4.7403],[-52.0848,-4.7313],[-52.0824,-4.7082],[-52.0752,-4.6937],[-52.081,-4.6801],[-52.0687,-4.6707],[-52.0671,-4.6624],[-52.0519,-4.6544],[-52.0498,-4.6362],[-52.0207,-4.6303],[-52.0146,-4.6272],[-52.011,-4.6249],[-51.9684,-4.5824],[-51.9582,-4.5804],[-51.9519,-4.5584],[-51.9441,-4.5536],[-51.9452,-4.5447],[-51.9356,-4.5364],[-51.924,-4.5104],[-51.9149,-4.5052],[-51.904,-4.4928],[-51.8985,-4.4768],[-51.8801,-4.4609],[-51.8765,-4.4517],[-51.8776,-4.434],[-51.8747,-4.4318],[-51.8648,-4.4315],[-51.8632,-4.4281],[-51.8496,-4.4345],[-51.8319,-4.4342],[-51.8043,-4.4547],[-51.7949,-4.4546],[-51.7869,-4.4595],[-51.7723,-4.4735],[-51.762,-4.4689],[-51.7592,-4.463],[-51.741,-4.4553],[-51.7175,-4.4549],[-51.7079,-4.4457],[-51.7015,-4.4461],[-51.7013,-4.4399],[-51.6915,-4.4296],[-51.6785,-4.4245],[-51.6736,-4.4259],[-51.6618,-4.4085],[-51.6587,-4.4068],[-51.6538,-4.4117],[-51.6471,-4.4036],[-51.6579,-4.3918],[-51.6655,-4.3969],[-51.6716,-4.37],[-51.6878,-4.3654],[-51.6927,-4.3763],[-51.7007,-4.3717],[-51.7054,-4.3533],[-51.702,-4.3372],[-51.7043,-4.328],[-51.7229,-4.3353],[-51.7318,-4.3322],[-51.7403,-4.3366],[-51.7507,-4.3236],[-51.7566,-4.3222],[-51.7641,-4.3285],[-51.7731,-4.3271],[-51.7724,-4.3416],[-51.7856,-4.3465],[-51.7897,-4.3383],[-51.8006,-4.3357],[-51.8053,-4.3283],[-51.8016,-4.3218],[-51.8091,-4.3106],[-51.8023,-4.2987],[-51.8072,-4.2872],[-51.8136,-4.2867],[-51.8181,-4.2961],[-51.8218,-4.2969],[-51.8329,-4.2853],[-51.8313,-4.2762],[-51.8257,-4.2721],[-51.8293,-4.2637],[-51.8286,-4.2515],[-51.8231,-4.2486],[-51.8162,-4.2325],[-51.8317,-4.2224],[-51.8366,-4.2149],[-51.8466,-4.217],[-51.8512,-4.2113],[-51.8564,-4.2261],[-51.8654,-4.2284],[-51.875,-4.2364],[-51.8783,-4.2467],[-51.8831,-4.25],[-51.889,-4.275],[-51.8922,-4.277],[-51.9089,-4.2703],[-51.9154,-4.2634],[-51.9202,-4.265],[-51.9154,-4.2526],[-51.9215,-4.2382],[-51.92,-4.2345],[-51.9259,-4.2313],[-51.9307,-4.2215],[-51.9283,-4.2121],[-51.9401,-4.2009],[-51.946,-4.1991],[-51.9495,-4.2038],[-51.9617,-4.204],[-51.9753,-4.1919],[-51.9839,-4.1966],[-51.9865,-4.1902],[-51.983,-4.1847],[-52.0006,-4.1843],[-52.0097,-4.1768],[-52.012,-4.151],[-52.0228,-4.1499],[-52.0344,-4.1549],[-52.0382,-4.139],[-52.0495,-4.1338],[-52.0565,-4.124],[-52.0576,-4.1017],[-52.0627,-4.0974],[-52.0586,-4.0905],[-52.0659,-4.0843],[-52.0668,-4.0744],[-52.0761,-4.0651],[-52.083,-4.0713],[-52.0937,-4.0626],[-52.1099,-4.0673],[-52.122,-4.0656],[-52.1318,-4.0895],[-52.1406,-4.0916],[-52.1469,-4.09],[-52.1559,-4.0809],[-52.1626,-4.0608],[-52.1744,-4.0536],[-52.1872,-4.0535],[-52.1904,-4.049],[-52.1996,-4.0526],[-52.2261,-4.0469],[-52.2471,-4.0342],[-52.2763,-4.0316],[-52.2886,-4.0268],[-52.2969,-4.017],[-52.3281,-4.0109],[-52.3358,-3.9982],[-52.3525,-3.9953],[-52.3531,-3.9848],[-52.3403,-3.9897],[-52.3277,-3.9792],[-52.3144,-3.9814],[-52.3002,-3.9723],[-52.2957,-3.9751],[-52.2927,-3.9732],[-52.2777,-3.9516],[-52.2833,-3.9342],[-52.2856,-3.9069],[-52.2781,-3.9015],[-52.2762,-3.8893],[-52.279,-3.8775],[-52.2921,-3.8647],[-52.2982,-3.8476],[-52.2936,-3.8381],[-52.2884,-3.8355],[-52.2903,-3.8259],[-52.2991,-3.8174],[-52.2961,-3.8081],[-52.3027,-3.7697],[-52.2984,-3.7598],[-52.3022,-3.7501],[-52.2987,-3.7472],[-52.2994,-3.7403],[-52.2923,-3.7297],[-52.287,-3.7269],[-52.2821,-3.7301],[-52.2643,-3.7199],[-52.2571,-3.7036],[-52.2376,-3.6962],[-52.2321,-3.7014],[-52.2234,-3.6997],[-52.2198,-3.6853],[-52.2119,-3.68],[-52.2126,-3.671],[-52.2094,-3.6705],[-52.2063,-3.6584],[-52.206,-3.6449],[-52.1913,-3.634],[-52.1923,-3.6219],[-52.185,-3.6105],[-52.1852,-3.5994],[-52.1696,-3.5768],[-52.1668,-3.5629],[-52.1491,-3.5584],[-52.1405,-3.5631],[-52.1342,-3.5634],[-52.1317,-3.5604],[-52.1127,-3.5561],[-52.1103,-3.5593],[-52.0962,-3.5492],[-52.087,-3.5357],[-52.0862,-3.5328],[-52.0772,-3.5358],[-52.0679,-3.5339],[-52.0358,-3.4972],[-52.0295,-3.5003],[-51.9791,-3.4992],[-51.978,-3.4921],[-51.963,-3.4887],[-51.9625,-3.4818],[-51.9577,-3.4767],[-51.9519,-3.4719],[-51.9466,-3.4779],[-51.9411,-3.4926]],[[-51.7437,-2.8516],[-51.7317,-2.8562],[-51.7044,-2.8548],[-51.6934,-2.8586],[-51.688,-2.8996],[-51.683,-2.9135],[-51.6519,-2.9569],[-51.6317,-2.9696],[-51.6259,-2.9834],[-51.6266,-2.9956],[-51.6235,-3.0063],[-51.6094,-3.0177],[-51.6204,-3.0227],[-51.6328,-3.0099],[-51.6369,-3.0145],[-51.6451,-3.0154],[-51.6622,-3.0131],[-51.6682,-3.0088],[-51.6782,-3.0102],[-51.6876,-3.0247],[-51.6952,-3.0268],[-51.7106,-3.0502],[-51.7261,-3.0764],[-51.7262,-3.0796],[-51.7207,-3.0824],[-51.726,-3.0864],[-51.7304,-3.0852],[-51.7455,-3.0972],[-51.7509,-3.1073],[-51.7815,-3.1167],[-51.7935,-3.1121],[-51.8017,-3.0975],[-51.8237,-3.0888],[-51.8272,-3.0816],[-51.8264,-3.0645],[-51.8306,-3.0559],[-51.8529,-3.0439],[-51.858,-3.0326],[-51.848,-3.0209],[-51.8498,-3.0138],[-51.8631,-3.0042],[-51.8729,-2.9901],[-51.875,-2.978],[-51.8828,-2.9703],[-51.8904,-2.9509],[-51.9134,-2.9188],[-51.9171,-2.9167],[-51.9339,-2.9001],[-51.9442,-2.88],[-51.9646,-2.8765],[-51.9961,-2.8642],[-52.0174,-2.8272],[-52.0293,-2.8155],[-52.0346,-2.8014],[-52.0434,-2.7921],[-52.0583,-2.7748],[-52.0633,-2.7511],[-52.0645,-2.7375],[-52.0545,-2.6859],[-52.0289,-2.6629],[-52.002,-2.6302],[-51.9884,-2.5753],[-51.9783,-2.5525],[-51.9588,-2.5273],[-51.9577,-2.5238],[-51.9486,-2.5148],[-51.9363,-2.5097],[-51.9278,-2.4941],[-51.9193,-2.4928],[-51.9122,-2.5039],[-51.9016,-2.5066],[-51.8942,-2.5234],[-51.8715,-2.5411],[-51.8718,-2.5489],[-51.854,-2.5521],[-51.8587,-2.5713],[-51.8562,-2.5908],[-51.8396,-2.6276],[-51.8334,-2.6571],[-51.8184,-2.6992],[-51.8014,-2.7216],[-51.7548,-2.8364],[-51.7478,-2.8451],[-51.7437,-2.8516]]]}},{"type":"Feature","properties":{"nome":"Soure","cod":"1507904","uf":"PA"},"geometry":{"type":"Polygon","coordinates":[[[-48.8447,-0.2183],[-48.8314,-0.2218],[-48.8251,-0.2189],[-48.8152,-0.222],[-48.8066,-0.2186],[-48.7924,-0.2197],[-48.7845,-0.2233],[-48.7748,-0.24],[-48.764,-0.2402],[-48.7454,-0.2503],[-48.7173,-0.2523],[-48.7024,-0.2568],[-48.6947,-0.2529],[-48.6763,-0.2533],[-48.6772,-0.2497],[-48.6689,-0.2449],[-48.6374,-0.2316],[-48.6061,-0.2304],[-48.5973,-0.2349],[-48.5874,-0.2317],[-48.5678,-0.2354],[-48.5669,-0.2395],[-48.5599,-0.2418],[-48.552,-0.2356],[-48.5351,-0.2401],[-48.5184,-0.2378],[-48.5081,-0.2441],[-48.4723,-0.2315],[-48.4402,-0.2436],[-48.4253,-0.256],[-48.4118,-0.2569],[-48.4055,-0.2612],[-48.3998,-0.2714],[-48.3924,-0.2768],[-48.3844,-0.2974],[-48.3901,-0.3629],[-48.3947,-0.3711],[-48.4334,-0.403],[-48.4441,-0.4246],[-48.4568,-0.4734],[-48.4722,-0.4987],[-48.2357,-0.5814],[-48.2345,-0.5938],[-48.2396,-0.6097],[-48.2562,-0.6399],[-48.2603,-0.6731],[-48.2702,-0.6883],[-48.289,-0.7045],[-48.2928,-0.7131],[-48.2989,-0.7195],[-48.3275,-0.7774],[-48.3448,-0.8009],[-48.3624,-0.8341],[-48.3723,-0.8537],[-48.3867,-0.8479],[-48.4435,-0.8094],[-48.4489,-0.8033],[-48.4814,-0.7662],[-48.4941,-0.7515],[-48.5031,-0.7468],[-48.5157,-0.74],[-48.5225,-0.7269],[-48.5327,-0.7206],[-48.5359,-0.7079],[-48.5379,-0.7045],[-48.5494,-0.7036],[-48.5566,-0.6994],[-48.5703,-0.6781],[-48.5789,-0.6493],[-48.5852,-0.6469],[-48.5917,-0.6507],[-48.5953,-0.6589],[-48.5948,-0.678],[-48.5979,-0.6814],[-48.602,-0.6804],[-48.6284,-0.6556],[-48.6322,-0.6584],[-48.6304,-0.6697],[-48.634,-0.6756],[-48.6374,-0.6752],[-48.637,-0.667],[-48.6435,-0.6623],[-48.6435,-0.6584],[-48.6498,-0.6564],[-48.6622,-0.6667],[-48.6771,-0.6688],[-48.6832,-0.6611],[-48.6863,-0.6624],[-48.6951,-0.6561],[-48.6969,-0.6586],[-48.7062,-0.6573],[-48.7086,-0.6673],[-48.7106,-0.665],[-48.7208,-0.6671],[-48.7208,-0.6626],[-48.7307,-0.6635],[-48.7397,-0.6581],[-48.744,-0.6624],[-48.762,-0.6593],[-48.7715,-0.6609],[-48.7841,-0.6569],[-48.7904,-0.6667],[-48.794,-0.6671],[-48.7992,-0.662],[-48.8193,-0.6564],[-48.8236,-0.6496],[-48.9215,-0.6507],[-48.9616,-0.6511],[-48.9735,-0.6008],[-48.9974,-0.5003],[-49.0061,-0.445],[-48.9963,-0.4361],[-48.99,-0.4109],[-48.9725,-0.3815],[-48.9609,-0.3597],[-48.9455,-0.3403],[-48.9224,-0.2911],[-48.9206,-0.2802],[-48.9268,-0.2564],[-48.9181,-0.245],[-48.9196,-0.2391],[-48.9156,-0.2312],[-48.9131,-0.2328],[-48.9033,-0.2278],[-48.8981,-0.2302],[-48.8963,-0.223],[-48.876,-0.2193],[-48.8447,-0.2183]]]}},{"type":"Feature","properties":{"nome":"Tailândia","cod":"1507953","uf":"PA"},"geometry":{"type":"Polygon","coordinates":[[[-48.7017,-2.4602],[-48.694,-2.4671],[-48.6805,-2.4599],[-48.6609,-2.4648],[-48.6331,-2.4557],[-48.6279,-2.4509],[-48.6229,-2.4538],[-48.6099,-2.4623],[-48.6049,-2.4748],[-48.5966,-2.4809],[-48.567,-2.4828],[-48.5622,-2.4863],[-48.5386,-2.5112],[-48.5293,-2.5285],[-48.5121,-2.5343],[-48.5108,-2.5471],[-48.5066,-2.5531],[-48.4949,-2.5586],[-48.4957,-2.5803],[-48.4916,-2.5911],[-48.4857,-2.5946],[-48.4688,-2.5958],[-48.4629,-2.6009],[-48.4675,-2.6193],[-48.4741,-2.6556],[-48.4544,-2.6882],[-48.4534,-2.696],[-48.4613,-2.7146],[-48.463,-2.7396],[-48.4736,-2.7532],[-48.4839,-2.7656],[-48.4879,-2.7931],[-48.4974,-2.807],[-48.4759,-2.8354],[-48.4768,-2.8446],[-48.4864,-2.8513],[-48.4999,-2.8486],[-48.5091,-2.8535],[-48.5287,-2.8857],[-48.5325,-2.9187],[-48.5519,-2.9365],[-48.5573,-2.9489],[-48.5534,-2.9712],[-48.5335,-3.0093],[-48.5251,-3.0153],[-48.5152,-3.0363],[-48.5185,-3.0452],[-48.5275,-3.0507],[-48.528,-3.054],[-48.5183,-3.0629],[-48.5023,-3.0887],[-48.4934,-3.0943],[-48.5077,-3.1285],[-48.5168,-3.1397],[-48.5181,-3.1654],[-48.5245,-3.1882],[-48.5301,-3.1953],[-48.5453,-3.194],[-48.5902,-3.2252],[-48.6111,-3.2296],[-48.6324,-3.2292],[-48.6539,-3.241],[-48.6671,-3.2537],[-48.6896,-3.2928],[-48.7055,-3.2995],[-48.7297,-3.3236],[-48.7566,-3.3432],[-48.7991,-3.359],[-48.8191,-3.3797],[-48.8386,-3.3866],[-48.8648,-3.3898],[-48.8741,-3.389],[-48.894,-3.3752],[-48.907,-3.3951],[-48.923,-3.4009],[-48.9255,-3.4067],[-48.9329,-3.408],[-48.9347,-3.4054],[-48.9379,-3.3856],[-48.9427,-3.3814],[-48.9405,-3.3671],[-48.9469,-3.3522],[-48.9463,-3.3407],[-48.947,-3.3213],[-48.9527,-3.312],[-48.9504,-3.2907],[-48.9567,-3.2821],[-48.9583,-3.2419],[-48.9622,-3.2242],[-48.9647,-3.2199],[-48.9647,-3.2118],[-48.9114,-3.1509],[-48.9117,-3.1441],[-48.9208,-3.1267],[-48.9189,-3.1077],[-48.9381,-3.1069],[-48.9469,-3.0856],[-48.9635,-3.0804],[-48.9653,-3.0771],[-48.9693,-3.0682],[-48.9813,-3.07],[-48.9901,-3.0629],[-48.9964,-3.0198],[-48.9915,-2.9772],[-49.0032,-2.9607],[-49.0038,-2.9505],[-49.0073,-2.9467],[-49.0227,-2.945],[-49.0256,-2.9352],[-49.0345,-2.9268],[-49.0247,-2.9123],[-49.0368,-2.9095],[-49.037,-2.8995],[-49.0304,-2.8861],[-49.0318,-2.8573],[-49.0244,-2.8511],[-49.0124,-2.8492],[-48.9877,-2.8377],[-48.9798,-2.8317],[-48.9778,-2.8254],[-48.9742,-2.815],[-48.9759,-2.8117],[-48.9863,-2.8092],[-48.9922,-2.7985],[-48.9766,-2.7869],[-48.9667,-2.7748],[-48.948,-2.7583],[-48.9392,-2.7298],[-48.915,-2.712],[-48.8999,-2.6921],[-48.8877,-2.6793],[-48.862,-2.6669],[-48.8531,-2.6442],[-48.8323,-2.6358],[-48.824,-2.6172],[-48.8278,-2.6012],[-48.8175,-2.581],[-48.8151,-2.5638],[-48.8242,-2.5353],[-48.8199,-2.5193],[-48.808,-2.5001],[-48.7956,-2.4937],[-48.793,-2.4762],[-48.766,-2.4495],[-48.7568,-2.4329],[-48.7431,-2.4302],[-48.7354,-2.4297],[-48.7143,-2.4176],[-48.7023,-2.4074],[-48.6987,-2.3988],[-48.6924,-2.3999],[-48.6924,-2.4112],[-48.6864,-2.43],[-48.6931,-2.4318],[-48.6925,-2.4417],[-48.7004,-2.4473],[-48.7017,-2.4602]]]}},{"type":"Feature","properties":{"nome":"Terra Alta","cod":"1507961","uf":"PA"},"geometry":{"type":"Polygon","coordinates":[[[-47.8143,-0.9217],[-47.8084,-0.9551],[-47.8037,-0.9582],[-47.7943,-0.9558],[-47.7881,-0.965],[-47.7685,-0.9736],[-47.7775,-1.0603],[-47.7875,-1.0606],[-47.789,-1.0634],[-47.8017,-1.0601],[-47.8019,-1.0636],[-47.8106,-1.0653],[-47.8235,-1.0643],[-47.8532,-1.0644],[-47.8706,-1.0605],[-47.8816,-1.0504],[-47.9069,-1.0454],[-47.9088,-1.045],[-47.9131,-1.044],[-47.9426,-1.0384],[-47.919,-0.9728],[-47.8998,-0.9748],[-47.8955,-0.9629],[-47.8937,-0.9547],[-47.8999,-0.9427],[-47.9005,-0.9311],[-47.8817,-0.9294],[-47.8625,-0.9357],[-47.8598,-0.9522],[-47.8522,-0.9483],[-47.8405,-0.9488],[-47.8292,-0.9328],[-47.8143,-0.9217]]]}},{"type":"Feature","properties":{"nome":"Terra Santa","cod":"1507979","uf":"PA"},"geometry":{"type":"Polygon","coordinates":[[[-56.673,-1.6495],[-56.6563,-1.6497],[-56.6471,-1.6443],[-56.6389,-1.6459],[-56.636,-1.6522],[-56.6154,-1.6566],[-56.6031,-1.6697],[-56.5778,-1.6727],[-56.553,-1.6804],[-56.5567,-1.6983],[-56.5481,-1.709],[-56.5458,-1.7291],[-56.5549,-1.7386],[-56.5584,-1.7473],[-56.5529,-1.7527],[-56.5503,-1.7654],[-56.5407,-1.7683],[-56.5284,-1.7782],[-56.525,-1.7891],[-56.5138,-1.8031],[-56.5026,-1.7967],[-56.4867,-1.7987],[-56.4657,-1.8147],[-56.4709,-1.8271],[-56.4681,-1.8397],[-56.4625,-1.8472],[-56.4585,-1.8482],[-56.4319,-1.838],[-56.4247,-1.8433],[-56.4084,-1.8451],[-56.407,-1.8511],[-56.3911,-1.8565],[-56.3855,-1.8618],[-56.375,-1.8658],[-56.3697,-1.8806],[-56.3537,-1.8942],[-56.3442,-1.9104],[-56.3392,-1.9098],[-56.3264,-1.9177],[-56.3154,-1.9064],[-56.3057,-1.9047],[-56.295,-1.9089],[-56.2845,-1.9072],[-56.2757,-1.9149],[-56.2671,-1.9146],[-56.2616,-1.9083],[-56.2436,-1.904],[-56.2342,-1.8994],[-56.2312,-1.9011],[-56.226,-1.9092],[-56.2285,-1.9184],[-56.2189,-1.9191],[-56.2105,-1.9244],[-56.2008,-1.9457],[-56.1889,-1.9508],[-56.1761,-1.9633],[-56.1724,-1.9634],[-56.1649,-1.9558],[-56.1518,-1.9543],[-56.1498,-1.9344],[-56.1339,-1.923],[-56.1215,-1.9299],[-56.0887,-1.978],[-56.0948,-1.9971],[-56.0982,-2.0266],[-56.1446,-2.0388],[-56.1623,-2.0416],[-56.172,-2.0388],[-56.1862,-2.0425],[-56.1935,-2.0485],[-56.1966,-2.0566],[-56.2072,-2.0596],[-56.2279,-2.0559],[-56.2557,-2.088],[-56.2802,-2.0927],[-56.297,-2.1004],[-56.2987,-2.1051],[-56.2993,-2.1188],[-56.308,-2.1207],[-56.3163,-2.1398],[-56.3203,-2.1422],[-56.3431,-2.1491],[-56.3507,-2.1485],[-56.3673,-2.1367],[-56.3691,-2.1371],[-56.3746,-2.1384],[-56.3922,-2.1588],[-56.4134,-2.1756],[-56.4262,-2.168],[-56.4363,-2.1572],[-56.4531,-2.1537],[-56.4703,-2.1667],[-56.4774,-2.17],[-56.5071,-2.1433],[-56.519,-2.1379],[-56.5266,-2.1388],[-56.5404,-2.1535],[-56.5567,-2.1622],[-56.5691,-2.1744],[-56.5799,-2.179],[-56.5889,-2.1741],[-56.5973,-2.1746],[-56.6005,-2.1668],[-56.6235,-2.1648],[-56.6323,-2.155],[-56.6311,-2.1193],[-56.6188,-2.0837],[-56.6187,-2.0707],[-56.6279,-2.055],[-56.6453,-2.0376],[-56.6388,-2.0186],[-56.6413,-2.0115],[-56.6589,-2.0007],[-56.6491,-1.9857],[-56.6255,-1.9792],[-56.6162,-1.97],[-56.6107,-1.9577],[-56.596,-1.9492],[-56.5987,-1.9339],[-56.5917,-1.9156],[-56.6044,-1.9006],[-56.5971,-1.8903],[-56.597,-1.8842],[-56.5987,-1.8741],[-56.6084,-1.8691],[-56.6151,-1.859],[-56.6251,-1.8587],[-56.6295,-1.8553],[-56.6371,-1.858],[-56.6427,-1.8512],[-56.659,-1.8448],[-56.6647,-1.82],[-56.6743,-1.8137],[-56.6815,-1.8036],[-56.6807,-1.7852],[-56.6719,-1.7687],[-56.6731,-1.7577],[-56.6912,-1.742],[-56.7072,-1.7398],[-56.7265,-1.7269],[-56.729,-1.7158],[-56.7249,-1.7047],[-56.732,-1.7031],[-56.7239,-1.6784],[-56.7272,-1.675],[-56.7358,-1.6762],[-56.7397,-1.669],[-56.7481,-1.6661],[-56.7485,-1.6516],[-56.7152,-1.6412],[-56.7012,-1.6306],[-56.6908,-1.6404],[-56.6817,-1.6425],[-56.673,-1.6495]]]}},{"type":"Feature","properties":{"nome":"Tomé-Açu","cod":"1508001","uf":"PA"},"geometry":{"type":"Polygon","coordinates":[[[-47.9784,-2.114],[-47.9856,-2.1295],[-47.9813,-2.1366],[-47.9824,-2.1401],[-47.9951,-2.1554],[-47.9746,-2.1667],[-47.973,-2.1742],[-47.9801,-2.1847],[-47.9645,-2.2081],[-47.964,-2.2206],[-47.9667,-2.2214],[-47.9944,-2.2234],[-47.9967,-2.2294],[-47.9907,-2.2372],[-47.9856,-2.2534],[-47.9883,-2.2589],[-48.0035,-2.2645],[-48.012,-2.2903],[-48.0201,-2.293],[-48.0272,-2.2929],[-48.0266,-2.3022],[-48.0237,-2.3123],[-48.0257,-2.3148],[-48.0396,-2.32],[-48.0473,-2.3276],[-48.053,-2.34],[-48.051,-2.35],[-48.0541,-2.3629],[-48.0368,-2.3933],[-48.0218,-2.4017],[-48.0213,-2.4047],[-48.0236,-2.4077],[-48.0313,-2.4075],[-48.0391,-2.4224],[-48.0489,-2.4276],[-48.0494,-2.4308],[-48.0312,-2.4399],[-48.0301,-2.4433],[-48.0463,-2.473],[-48.0486,-2.4935],[-48.0446,-2.4978],[-48.0226,-2.4943],[-48.0188,-2.5004],[-48.0041,-2.5202],[-47.9962,-2.5182],[-47.9899,-2.5089],[-47.981,-2.5056],[-47.9587,-2.5171],[-47.9516,-2.5167],[-47.9464,-2.5127],[-47.9386,-2.496],[-47.9288,-2.4985],[-47.9256,-2.5202],[-47.9315,-2.5428],[-47.9506,-2.5581],[-47.9583,-2.5749],[-47.9788,-2.5974],[-48.0282,-2.6242],[-48.0457,-2.6433],[-48.0461,-2.6565],[-48.0347,-2.6986],[-48.0594,-2.7536],[-48.0733,-2.7747],[-48.0881,-2.841],[-48.0851,-2.8575],[-48.0909,-2.8716],[-48.0882,-2.8787],[-48.0921,-2.8849],[-48.0906,-2.8995],[-48.1023,-2.9216],[-48.1283,-2.9469],[-48.1563,-2.9456],[-48.1808,-2.9491],[-48.193,-2.9561],[-48.1992,-2.9644],[-48.2143,-3.0119],[-48.2311,-3.0332],[-48.2369,-3.0536],[-48.2496,-3.0793],[-48.2527,-3.1165],[-48.2614,-3.1219],[-48.2665,-3.12],[-48.2827,-3.0997],[-48.2853,-3.0933],[-48.3049,-3.1004],[-48.3092,-3.1263],[-48.3193,-3.144],[-48.3084,-3.1641],[-48.3287,-3.1934],[-48.3368,-3.2],[-48.3446,-3.1968],[-48.3616,-3.1982],[-48.3803,-3.2113],[-48.3986,-3.217],[-48.4054,-3.1994],[-48.4095,-3.1975],[-48.4479,-3.2373],[-48.4593,-3.2335],[-48.4858,-3.2333],[-48.5053,-3.2181],[-48.5301,-3.1953],[-48.5245,-3.1882],[-48.5181,-3.1654],[-48.5168,-3.1397],[-48.5077,-3.1285],[-48.4934,-3.0943],[-48.5023,-3.0887],[-48.5183,-3.0629],[-48.528,-3.054],[-48.5275,-3.0507],[-48.5185,-3.0452],[-48.5152,-3.0363],[-48.5251,-3.0153],[-48.5335,-3.0093],[-48.5534,-2.9712],[-48.5573,-2.9489],[-48.5519,-2.9365],[-48.5325,-2.9187],[-48.5287,-2.8857],[-48.5091,-2.8535],[-48.4999,-2.8486],[-48.4864,-2.8513],[-48.4768,-2.8446],[-48.4759,-2.8354],[-48.4974,-2.807],[-48.4879,-2.7931],[-48.4839,-2.7656],[-48.4736,-2.7532],[-48.463,-2.7396],[-48.4613,-2.7146],[-48.4534,-2.696],[-48.4544,-2.6882],[-48.4741,-2.6556],[-48.4675,-2.6193],[-48.4629,-2.6009],[-48.4688,-2.5958],[-48.4857,-2.5946],[-48.4916,-2.5911],[-48.4957,-2.5803],[-48.4949,-2.5586],[-48.497,-2.5416],[-48.5089,-2.5319],[-48.5124,-2.5228],[-48.5063,-2.5109],[-48.4967,-2.508],[-48.4969,-2.4999],[-48.4945,-2.4865],[-48.4982,-2.4558],[-48.4962,-2.4471],[-48.4886,-2.4176],[-48.4765,-2.4055],[-48.4566,-2.3866],[-48.4514,-2.3478],[-48.4559,-2.3293],[-48.4572,-2.3228],[-48.451,-2.3198],[-48.4432,-2.2973],[-48.427,-2.2901],[-48.413,-2.2896],[-48.4028,-2.2769],[-48.3825,-2.2661],[-48.3698,-2.2317],[-48.3516,-2.2132],[-48.3393,-2.1867],[-48.3324,-2.1789],[-48.3089,-2.1715],[-48.2878,-2.1874],[-48.2851,-2.1941],[-48.2892,-2.2096],[-48.2876,-2.2184],[-48.2833,-2.2221],[-48.2699,-2.2188],[-48.2579,-2.2125],[-48.2504,-2.1953],[-48.2417,-2.1853],[-48.2169,-2.1699],[-48.2067,-2.1707],[-48.1971,-2.1764],[-48.18,-2.1611],[-48.1669,-2.1287],[-48.1635,-2.1263],[-48.158,-2.1288],[-48.1561,-2.1302],[-48.1451,-2.1311],[-48.1355,-2.1204],[-48.1214,-2.1213],[-48.1008,-2.0962],[-48.0862,-2.0952],[-48.0705,-2.0833],[-48.0534,-2.0841],[-48.0437,-2.0854],[-47.9864,-2.0901],[-47.9881,-2.0963],[-47.9862,-2.1074],[-47.9784,-2.114]]]}},{"type":"Feature","properties":{"nome":"Tracuateua","cod":"1508035","uf":"PA"},"geometry":{"type":"Polygon","coordinates":[[[-46.9389,-0.7996],[-46.9444,-0.8],[-46.9486,-0.7915],[-46.95,-0.7886],[-46.951,-0.7865],[-46.9456,-0.7846],[-46.9349,-0.7899],[-46.9389,-0.7996]],[[-46.8453,-0.7353],[-46.8292,-0.7488],[-46.8294,-0.7565],[-46.8349,-0.7613],[-46.8367,-0.7683],[-46.8326,-0.7672],[-46.8312,-0.7922],[-46.8548,-0.7887],[-46.8566,-0.7933],[-46.8376,-0.796],[-46.8331,-0.8034],[-46.8365,-0.8151],[-46.8462,-0.818],[-46.8466,-0.8246],[-46.8572,-0.8343],[-46.8536,-0.8359],[-46.8401,-0.8245],[-46.8338,-0.8272],[-46.8353,-0.8343],[-46.8517,-0.8475],[-46.8503,-0.8639],[-46.8448,-0.8609],[-46.8456,-0.8476],[-46.8387,-0.8449],[-46.8383,-0.8484],[-46.8346,-0.8467],[-46.8255,-0.8406],[-46.8233,-0.8279],[-46.8163,-0.8284],[-46.8123,-0.8526],[-46.8152,-0.858],[-46.8113,-0.8582],[-46.8105,-0.8627],[-46.8111,-0.8677],[-46.8212,-0.8743],[-46.8261,-0.8881],[-46.8223,-0.8927],[-46.8264,-0.8953],[-46.8211,-0.8981],[-46.8203,-0.9025],[-46.8174,-0.8997],[-46.8187,-0.887],[-46.8075,-0.8767],[-46.8014,-0.8619],[-46.8041,-0.8785],[-46.8159,-0.8899],[-46.814,-0.9062],[-46.8063,-0.9135],[-46.8061,-0.9273],[-46.8126,-0.9258],[-46.8169,-0.9315],[-46.8214,-0.9322],[-46.8351,-0.9343],[-46.8377,-0.9476],[-46.8443,-0.9576],[-46.8446,-0.9582],[-46.8407,-0.9814],[-46.8425,-0.9899],[-46.8392,-0.9977],[-46.8426,-1.015],[-46.8469,-1.0368],[-46.8481,-1.0437],[-46.8525,-1.0662],[-46.8635,-1.0756],[-46.8574,-1.0882],[-46.8857,-1.137],[-46.8878,-1.1403],[-46.9263,-1.2034],[-46.9589,-1.2569],[-46.9641,-1.2478],[-46.9834,-1.2143],[-47.008,-1.209],[-47.0258,-1.2052],[-47.0007,-1.2549],[-47.0033,-1.269],[-47.0016,-1.2932],[-46.9969,-1.3081],[-47.0068,-1.327],[-47.0138,-1.3305],[-47.0202,-1.3308],[-47.0335,-1.3196],[-47.0352,-1.3192],[-47.0393,-1.3173],[-47.0388,-1.3097],[-47.0421,-1.3072],[-47.0493,-1.3112],[-47.0701,-1.3005],[-47.0748,-1.3013],[-47.0805,-1.2959],[-47.0848,-1.2981],[-47.0922,-1.2956],[-47.0953,-1.2981],[-47.1025,-1.3021],[-47.1082,-1.3014],[-47.1184,-1.3085],[-47.1337,-1.3126],[-47.1409,-1.3294],[-47.1512,-1.3413],[-47.1548,-1.359],[-47.1527,-1.3649],[-47.1572,-1.3723],[-47.184,-1.3931],[-47.1858,-1.3941],[-47.1888,-1.3961],[-47.1872,-1.3936],[-47.187,-1.389],[-47.1821,-1.3858],[-47.115,-1.2825],[-47.0958,-1.253],[-47.0597,-1.2009],[-47.0584,-1.1923],[-47.0632,-1.1884],[-47.064,-1.1823],[-47.0548,-1.1658],[-47.0531,-1.156],[-47.0447,-1.1551],[-47.0325,-1.1428],[-47.0268,-1.141],[-47.014,-1.1381],[-47.0,-1.1228],[-46.9915,-1.1207],[-46.9767,-1.0983],[-46.9754,-1.0924],[-46.9759,-1.0908],[-46.9799,-1.0832],[-46.9856,-1.0755],[-46.9857,-1.0661],[-46.9753,-1.0418],[-46.9751,-1.0315],[-46.9824,-1.0253],[-46.9958,-1.0137],[-47.0016,-1.0113],[-46.9932,-1.0052],[-46.9951,-1.003],[-46.9912,-0.995],[-46.9974,-0.99],[-46.9954,-0.9831],[-47.0038,-0.9727],[-47.0,-0.9693],[-47.0038,-0.9579],[-46.9952,-0.948],[-46.9911,-0.948],[-46.9988,-0.9413],[-46.9983,-0.9263],[-47.0064,-0.9147],[-47.0022,-0.8997],[-46.997,-0.8982],[-46.9859,-0.9015],[-46.9828,-0.8996],[-46.9752,-0.8756],[-46.9555,-0.8608],[-46.935,-0.8762],[-46.9233,-0.8737],[-46.92,-0.8781],[-46.9171,-0.8754],[-46.9207,-0.8718],[-46.9194,-0.8593],[-46.9119,-0.8589],[-46.9107,-0.8622],[-46.9058,-0.8578],[-46.9111,-0.8558],[-46.9126,-0.8509],[-46.9092,-0.8439],[-46.9132,-0.8269],[-46.9116,-0.8179],[-46.896,-0.8082],[-46.8842,-0.8083],[-46.8803,-0.8124],[-46.8794,-0.8059],[-46.8859,-0.7973],[-46.8851,-0.7937],[-46.8795,-0.797],[-46.8859,-0.7864],[-46.8831,-0.7807],[-46.8871,-0.7814],[-46.8855,-0.779],[-46.8839,-0.7693],[-46.8724,-0.7576],[-46.8654,-0.7631],[-46.8635,-0.7707],[-46.8576,-0.769],[-46.8593,-0.7534],[-46.8466,-0.7464],[-46.8514,-0.7433],[-46.8618,-0.7449],[-46.8637,-0.7406],[-46.8574,-0.7359],[-46.8453,-0.7353]]]}},{"type":"Feature","properties":{"nome":"Trairão","cod":"1508050","uf":"PA"},"geometry":{"type":"Polygon","coordinates":[[[-55.9247,-4.5594],[-55.9108,-4.5707],[-55.9015,-4.5716],[-55.9035,-4.573],[-55.8986,-4.5801],[-55.896,-4.5776],[-55.8901,-4.5797],[-55.8859,-4.5748],[-55.8806,-4.5825],[-55.8816,-4.5938],[-55.8785,-4.5982],[-55.8734,-4.5934],[-55.8692,-4.6028],[-55.8651,-4.6016],[-55.8527,-4.6099],[-55.8403,-4.6128],[-55.84,-4.6154],[-55.8147,-4.6207],[-55.8068,-4.6171],[-55.7946,-4.6258],[-55.7923,-4.629],[-55.7857,-4.6302],[-55.7838,-4.6276],[-55.774,-4.6323],[-55.7713,-4.6285],[-55.7649,-4.6283],[-55.7438,-4.6339],[-55.7375,-4.6454],[-55.718,-4.6511],[-55.7189,-4.6576],[-55.7119,-4.6598],[-55.7091,-4.6741],[-55.6846,-4.6815],[-55.671,-4.6822],[-55.6654,-4.6878],[-55.6355,-4.6894],[-55.6157,-4.6954],[-55.6094,-4.6907],[-55.5787,-4.6947],[-55.573,-4.6926],[-55.5672,-4.6995],[-55.5583,-4.7022],[-55.5511,-4.7015],[-55.5461,-4.6971],[-55.5241,-4.6956],[-55.5144,-4.7011],[-55.5083,-4.7185],[-55.4885,-4.7272],[-55.4823,-4.7353],[-55.4945,-4.7361],[-55.4967,-4.7452],[-55.4957,-4.7562],[-55.4896,-4.7551],[-55.4878,-4.7601],[-55.4946,-4.7657],[-55.5122,-4.7701],[-55.5091,-4.7752],[-55.5203,-4.7842],[-55.5268,-4.7842],[-55.5286,-4.7967],[-55.5125,-4.8001],[-55.5075,-4.8079],[-55.5,-4.8049],[-55.4948,-4.8086],[-55.4925,-4.8154],[-55.4897,-4.8151],[-55.4813,-4.8155],[-55.4761,-4.8193],[-55.4766,-4.8273],[-55.4639,-4.8287],[-55.4633,-4.8375],[-55.4424,-4.8443],[-55.4433,-4.864],[-55.4331,-4.8953],[-55.4344,-4.8995],[-55.4421,-4.9029],[-55.4383,-4.9185],[-55.4316,-4.9291],[-55.4069,-4.9462],[-55.3867,-4.98],[-55.3705,-5.0001],[-55.3749,-5.0105],[-55.3629,-5.0137],[-55.3619,-5.024],[-55.3652,-5.0345],[-55.3532,-5.0401],[-55.351,-5.0463],[-55.3568,-5.0532],[-55.38,-5.0645],[-55.3858,-5.073],[-55.3887,-5.0933],[-55.3924,-5.0991],[-55.3863,-5.1153],[-55.3889,-5.1167],[-55.3924,-5.1111],[-55.4023,-5.1088],[-55.4238,-5.1235],[-55.4239,-5.1409],[-55.431,-5.1434],[-55.4414,-5.1561],[-55.4544,-5.1488],[-55.4478,-5.1639],[-55.4497,-5.1776],[-55.4764,-5.1772],[-55.4879,-5.1833],[-55.4999,-5.1807],[-55.5192,-5.1879],[-55.5266,-5.1963],[-55.5412,-5.2021],[-55.5505,-5.2012],[-55.5637,-5.19],[-55.593,-5.1958],[-55.5969,-5.1985],[-55.5954,-5.2041],[-55.5812,-5.2146],[-55.5808,-5.2211],[-55.5735,-5.2317],[-55.6039,-5.2294],[-55.6133,-5.2315],[-55.6181,-5.2363],[-55.6171,-5.2402],[-55.6234,-5.2519],[-55.6191,-5.2639],[-55.6025,-5.2774],[-55.5978,-5.2889],[-55.5991,-5.295],[-55.5818,-5.2963],[-55.5479,-5.2846],[-55.503,-5.2973],[-55.4976,-5.3115],[-55.4892,-5.3162],[-55.4855,-5.3257],[-55.4863,-5.3398],[-55.4787,-5.346],[-55.4888,-5.3645],[-55.489,-5.371],[-55.4824,-5.3732],[-55.4744,-5.3825],[-55.4564,-5.391],[-55.4508,-5.3994],[-55.4391,-5.4036],[-55.4225,-5.4187],[-55.4123,-5.4215],[-55.4078,-5.4307],[-55.3858,-5.4259],[-55.3914,-5.4112],[-55.4003,-5.4097],[-55.4003,-5.4065],[-55.3942,-5.4028],[-55.3899,-5.3882],[-55.3841,-5.3855],[-55.3643,-5.3878],[-55.3482,-5.3826],[-55.3415,-5.4023],[-55.3405,-5.4072],[-55.3263,-5.4163],[-55.3272,-5.4299],[-55.3131,-5.431],[-55.3201,-5.4504],[-55.3189,-5.4535],[-55.3063,-5.4552],[-55.3011,-5.4595],[-55.3021,-5.4656],[-55.3083,-5.4715],[-55.2999,-5.4816],[-55.294,-5.4801],[-55.2881,-5.4829],[-55.2899,-5.4953],[-55.2745,-5.5],[-55.2818,-5.5088],[-55.2794,-5.5152],[-55.481,-5.5146],[-55.5656,-5.514],[-55.5792,-5.5095],[-55.5955,-5.5137],[-55.5975,-5.5188],[-55.6186,-5.5318],[-55.6318,-5.5462],[-55.644,-5.5477],[-55.6449,-5.5511],[-55.641,-5.553],[-55.6553,-5.5598],[-55.6595,-5.5678],[-55.6776,-5.5726],[-55.6831,-5.5791],[-55.7036,-5.582],[-55.7121,-5.573],[-55.7104,-5.5646],[-55.7136,-5.5405],[-55.7208,-5.536],[-55.7232,-5.5282],[-55.7309,-5.5249],[-55.7328,-5.5004],[-55.749,-5.4882],[-55.7605,-5.4857],[-55.7663,-5.4783],[-55.7744,-5.486],[-55.7874,-5.4828],[-55.7893,-5.4755],[-55.798,-5.4746],[-55.8037,-5.4663],[-55.8032,-5.4594],[-55.816,-5.4532],[-55.8218,-5.4609],[-55.8287,-5.4519],[-55.8278,-5.4476],[-55.8372,-5.4464],[-55.8421,-5.4413],[-55.8397,-5.4333],[-55.8434,-5.4296],[-55.8408,-5.4243],[-55.8491,-5.427],[-55.8524,-5.4188],[-55.8422,-5.4006],[-55.8381,-5.3989],[-55.8496,-5.3967],[-55.8604,-5.4042],[-55.8724,-5.3972],[-55.89,-5.4022],[-55.8968,-5.408],[-55.9115,-5.3936],[-55.9127,-5.3881],[-55.9221,-5.3886],[-55.9302,-5.3676],[-55.9388,-5.3622],[-55.9544,-5.3622],[-55.9652,-5.3715],[-55.9819,-5.3768],[-55.9857,-5.3829],[-55.9854,-5.392],[-55.9736,-5.3941],[-55.9576,-5.4125],[-55.9466,-5.4126],[-55.9485,-5.4219],[-55.927,-5.4406],[-55.9421,-5.4749],[-55.9366,-5.4899],[-55.9389,-5.5025],[-55.9268,-5.5077],[-55.9271,-5.5112],[-55.9357,-5.5274],[-55.9428,-5.5324],[-55.9357,-5.5677],[-55.9372,-5.5856],[-55.9469,-5.5878],[-55.9606,-5.5985],[-55.9567,-5.6063],[-55.9792,-5.6021],[-55.985,-5.6059],[-55.9771,-5.6158],[-55.9894,-5.6182],[-55.9968,-5.6154],[-56.0026,-5.6199],[-56.0097,-5.6108],[-56.0208,-5.6155],[-56.024,-5.6211],[-56.0178,-5.6351],[-55.9983,-5.6561],[-55.9986,-5.6626],[-56.0092,-5.6645],[-56.0101,-5.6738],[-56.0368,-5.6738],[-56.0412,-5.6783],[-56.0626,-5.6697],[-56.0605,-5.6602],[-56.0549,-5.6557],[-56.0566,-5.6515],[-56.0818,-5.6381],[-56.0872,-5.639],[-56.0981,-5.625],[-56.1202,-5.6189],[-56.1226,-5.6205],[-56.1209,-5.6362],[-56.1296,-5.6428],[-56.1336,-5.6411],[-56.1397,-5.6385],[-56.1652,-5.6237],[-56.1778,-5.622],[-56.1922,-5.614],[-56.2052,-5.6212],[-56.2101,-5.6128],[-56.2227,-5.6226],[-56.2468,-5.6133],[-56.2543,-5.6139],[-56.2639,-5.6083],[-56.2878,-5.6118],[-56.2981,-5.6052],[-56.3166,-5.6123],[-56.3173,-5.6007],[-56.3332,-5.5981],[-56.3423,-5.6045],[-56.3484,-5.6031],[-56.3608,-5.5864],[-56.3678,-5.5853],[-56.3764,-5.6025],[-56.3824,-5.6068],[-56.3954,-5.6013],[-56.4014,-5.604],[-56.4076,-5.6173],[-56.4076,-5.6417],[-56.4118,-5.646],[-56.432,-5.6393],[-56.4378,-5.6439],[-56.4488,-5.6437],[-56.4534,-5.6302],[-56.4717,-5.6264],[-56.4736,-5.6063],[-56.4864,-5.6016],[-56.4833,-5.5829],[-56.5201,-5.5887],[-56.522,-5.5866],[-56.5192,-5.5829],[-56.5237,-5.576],[-56.5317,-5.5746],[-56.5383,-5.5672],[-56.5385,-5.5625],[-56.5327,-5.5548],[-56.5377,-5.5449],[-56.5542,-5.5527],[-56.5788,-5.544],[-56.5944,-5.5444],[-56.5929,-5.5253],[-56.5976,-5.5138],[-56.5956,-5.5035],[-56.6088,-5.4989],[-56.6038,-5.485],[-56.6125,-5.4644],[-56.6125,-5.4515],[-56.608,-5.4448],[-56.6094,-5.4313],[-56.6296,-5.4343],[-56.6265,-5.421],[-56.634,-5.4123],[-56.6352,-5.3978],[-56.6181,-5.397],[-56.6096,-5.3968],[-56.6006,-5.392],[-56.5995,-5.3834],[-56.6029,-5.3797],[-56.6151,-5.3833],[-56.6146,-5.3697],[-56.6188,-5.3639],[-56.6133,-5.3578],[-56.614,-5.354],[-56.6178,-5.3523],[-56.6203,-5.3573],[-56.6247,-5.3549],[-56.6244,-5.3428],[-56.6501,-5.3447],[-56.6467,-5.3345],[-56.6569,-5.3168],[-56.6534,-5.2938],[-56.6636,-5.2891],[-56.6649,-5.2843],[-56.6544,-5.2757],[-56.64,-5.2479],[-56.6179,-5.2398],[-56.6185,-5.2207],[-56.5984,-5.2093],[-56.5785,-5.2097],[-56.5596,-5.2037],[-56.5582,-5.196],[-56.5482,-5.1856],[-56.5404,-5.1484],[-56.5344,-5.1423],[-56.5256,-5.1407],[-56.5121,-5.1468],[-56.5074,-5.1454],[-56.5015,-5.1292],[-56.4801,-5.1173],[-56.4742,-5.0866],[-56.4674,-5.0799],[-56.4643,-5.0693],[-56.4436,-5.0482],[-56.4453,-5.0366],[-56.454,-5.0231],[-56.4499,-5.0047],[-56.4729,-4.982],[-56.4907,-4.9721],[-56.4905,-4.9611],[-56.497,-4.9466],[-56.4978,-4.926],[-56.4969,-4.9193],[-56.4861,-4.9081],[-56.468,-4.9104],[-56.4512,-4.9017],[-56.4573,-4.8937],[-56.449,-4.8843],[-56.4553,-4.8734],[-56.4523,-4.8624],[-56.4566,-4.8465],[-56.4433,-4.8265],[-56.4476,-4.8119],[-56.4438,-4.8059],[-56.4464,-4.7939],[-56.4434,-4.7705],[-56.4395,-4.7615],[-56.4136,-4.7316],[-56.4077,-4.7244],[-56.4019,-4.7055],[-56.3982,-4.6917],[-56.3873,-4.6784],[-56.3509,-4.6501],[-56.3306,-4.642],[-56.3114,-4.6234],[-56.2955,-4.6152],[-56.2825,-4.6026],[-56.2778,-4.5896],[-56.2766,-4.5705],[-56.2677,-4.5665],[-56.2604,-4.5667],[-56.2206,-4.5912],[-56.2141,-4.6031],[-56.2038,-4.598],[-56.1994,-4.6029],[-56.1915,-4.5961],[-56.1854,-4.5993],[-56.1821,-4.606],[-56.1742,-4.6019],[-56.1708,-4.6101],[-56.1738,-4.6183],[-56.1671,-4.625],[-56.1654,-4.6354],[-56.1696,-4.66],[-56.1572,-4.6734],[-56.1675,-4.6839],[-56.167,-4.6891],[-56.1716,-4.6937],[-56.1792,-4.7009],[-56.1804,-4.7155],[-56.1733,-4.7196],[-56.1639,-4.7374],[-56.1638,-4.7375],[-56.1561,-4.7434],[-56.156,-4.7491],[-56.1699,-4.7629],[-56.1783,-4.7842],[-56.1729,-4.7887],[-56.1734,-4.7953],[-56.1658,-4.7989],[-56.1613,-4.8297],[-56.156,-4.8334],[-56.1357,-4.834],[-56.1232,-4.8438],[-56.1059,-4.8254],[-56.0917,-4.8259],[-56.0812,-4.8191],[-56.0624,-4.8294],[-56.0632,-4.8377],[-56.058,-4.8467],[-56.0454,-4.8497],[-56.0304,-4.8324],[-56.0393,-4.809],[-56.0238,-4.7843],[-56.0279,-4.7775],[-56.0346,-4.7761],[-56.0386,-4.7688],[-56.0479,-4.7668],[-56.053,-4.7534],[-56.0596,-4.7473],[-56.0608,-4.7451],[-56.0607,-4.7355],[-56.0691,-4.7261],[-56.0574,-4.7069],[-56.0585,-4.6912],[-56.0593,-4.688],[-56.0669,-4.6856],[-56.0723,-4.6719],[-56.0693,-4.6662],[-56.0783,-4.6616],[-56.0783,-4.6526],[-56.0873,-4.6384],[-56.091,-4.6203],[-56.0871,-4.6165],[-56.0879,-4.6103],[-56.0854,-4.6074],[-56.0672,-4.6075],[-56.0598,-4.6005],[-56.0471,-4.596],[-56.0384,-4.5969],[-56.0302,-4.5879],[-56.0225,-4.5855],[-56.0231,-4.5732],[-56.0084,-4.5707],[-56.0161,-4.5574],[-56.0138,-4.5541],[-55.9975,-4.5501],[-55.9974,-4.5614],[-55.9935,-4.5644],[-55.9872,-4.5637],[-55.9765,-4.5401],[-55.9693,-4.5341],[-55.9516,-4.5375],[-55.9419,-4.5489],[-55.9264,-4.5572],[-55.9247,-4.5594]]]}},{"type":"Feature","properties":{"nome":"Tucumã","cod":"1508084","uf":"PA"},"geometry":{"type":"Polygon","coordinates":[[[-51.2942,-6.5766],[-51.2758,-6.6023],[-51.2521,-6.6157],[-51.2458,-6.6193],[-51.226,-6.6204],[-51.177,-6.615],[-51.1632,-6.6173],[-51.1544,-6.6285],[-51.1454,-6.6246],[-51.1323,-6.6275],[-51.1248,-6.6235],[-51.1235,-6.6274],[-51.1309,-6.6316],[-51.1334,-6.638],[-51.1242,-6.6408],[-51.1128,-6.6361],[-51.1115,-6.6462],[-51.084,-6.6588],[-51.0749,-6.6789],[-51.0808,-6.6861],[-51.0906,-6.7048],[-51.086,-6.706],[-51.0856,-6.7165],[-51.1017,-6.7349],[-51.1029,-6.7467],[-51.1028,-6.7632],[-51.1022,-6.8779],[-51.1093,-6.8825],[-51.1163,-6.8867],[-51.1223,-6.8914],[-51.1363,-6.893],[-51.1496,-6.9092],[-51.1696,-6.9151],[-51.2062,-6.9613],[-51.2112,-6.9563],[-51.2151,-6.9586],[-51.2317,-6.9609],[-51.2488,-6.9704],[-51.2687,-6.9702],[-51.2697,-6.9794],[-51.2775,-6.9855],[-51.2771,-6.9887],[-51.2868,-6.9981],[-51.3044,-7.004],[-51.3117,-7.0131],[-51.3117,-7.0206],[-51.3143,-7.0233],[-51.3182,-7.0213],[-51.3253,-7.0271],[-51.3269,-7.0357],[-51.3299,-7.0353],[-51.333,-7.0438],[-51.3537,-7.0517],[-51.3601,-7.0491],[-51.3726,-7.052],[-51.3747,-7.0493],[-51.3849,-7.0497],[-51.3891,-7.0408],[-51.3926,-7.0412],[-51.3992,-7.0341],[-51.4211,-7.0326],[-51.4245,-7.0242],[-51.4466,-7.0069],[-51.4586,-7.0128],[-51.4607,-7.0046],[-51.4669,-7.0036],[-51.4756,-7.0001],[-51.4845,-7.005],[-51.489,-7.0125],[-51.5036,-7.0032],[-51.5082,-7.0075],[-51.5151,-7.0048],[-51.5153,-7.0014],[-51.5267,-7.0072],[-51.5307,-7.0024],[-51.5404,-7.0024],[-51.5431,-7.0083],[-51.5495,-7.0103],[-51.5517,-7.008],[-51.5573,-7.0179],[-51.5666,-7.0206],[-51.5738,-7.0077],[-51.5802,-7.0072],[-51.5797,-7.0038],[-51.5828,-7.003],[-51.5841,-7.0057],[-51.5976,-7.0091],[-51.6069,-7.0038],[-51.6151,-7.0109],[-51.6416,-7.0],[-51.6463,-7.0072],[-51.6493,-7.0067],[-51.6508,-7.0029],[-51.6575,-7.0036],[-51.6686,-6.9964],[-51.6797,-7.0103],[-51.67,-7.0167],[-51.6714,-7.0195],[-51.6834,-7.0222],[-51.702,-7.0034],[-51.7023,-6.997],[-51.7141,-6.9858],[-51.7243,-6.9688],[-51.7431,-6.9621],[-51.7403,-6.9461],[-51.7276,-6.9333],[-51.7122,-6.9362],[-51.6898,-6.9297],[-51.6845,-6.9066],[-51.6861,-6.9027],[-51.695,-6.8997],[-51.71,-6.9064],[-51.7236,-6.9062],[-51.7248,-6.8995],[-51.7074,-6.8859],[-51.7054,-6.8793],[-51.6938,-6.8684],[-51.6937,-6.8514],[-51.7024,-6.8443],[-51.7197,-6.8441],[-51.7253,-6.8392],[-51.7276,-6.8323],[-51.7231,-6.8135],[-51.7306,-6.7984],[-51.7262,-6.7937],[-51.7089,-6.8004],[-51.7031,-6.7959],[-51.6961,-6.803],[-51.6854,-6.8061],[-51.6654,-6.8064],[-51.6489,-6.7896],[-51.6419,-6.7911],[-51.6368,-6.7877],[-51.6237,-6.7713],[-51.6168,-6.7703],[-51.6109,-6.7738],[-51.6015,-6.7636],[-51.6004,-6.7528],[-51.5868,-6.7476],[-51.5897,-6.738],[-51.5915,-6.7296],[-51.5948,-6.7251],[-51.5851,-6.7234],[-51.5857,-6.7131],[-51.5881,-6.7067],[-51.5801,-6.6966],[-51.5844,-6.6932],[-51.5819,-6.6839],[-51.5699,-6.6914],[-51.5597,-6.6793],[-51.5502,-6.6776],[-51.5491,-6.6708],[-51.5281,-6.6608],[-51.521,-6.661],[-51.5057,-6.6459],[-51.4967,-6.6456],[-51.4822,-6.6476],[-51.4823,-6.6524],[-51.4786,-6.6536],[-51.4766,-6.6427],[-51.4568,-6.6399],[-51.4414,-6.6374],[-51.4281,-6.6245],[-51.4029,-6.614],[-51.4009,-6.6174],[-51.3894,-6.606],[-51.3791,-6.6044],[-51.3675,-6.5952],[-51.3623,-6.5983],[-51.3441,-6.5858],[-51.3164,-6.5746],[-51.2942,-6.5766]]]}},{"type":"Feature","properties":{"nome":"Tucuruí","cod":"1508100","uf":"PA"},"geometry":{"type":"Polygon","coordinates":[[[-49.5972,-3.5127],[-49.5954,-3.525],[-49.6031,-3.5405],[-49.6058,-3.5446],[-49.6181,-3.5677],[-49.6353,-3.6257],[-49.6599,-3.6844],[-49.6607,-3.7311],[-49.6607,-3.7343],[-49.6578,-3.7547],[-49.6389,-3.8019],[-49.6407,-3.832],[-49.6333,-3.8492],[-49.6145,-3.8727],[-49.61,-3.9325],[-49.6139,-3.9446],[-49.6133,-3.9772],[-49.6093,-4.0075],[-49.6164,-4.0509],[-49.6064,-4.0726],[-49.8059,-4.0708],[-49.8102,-4.0634],[-49.8091,-4.0364],[-49.8192,-4.0184],[-49.8189,-4.0123],[-49.8267,-3.9954],[-49.8321,-3.9597],[-49.836,-3.958],[-49.8479,-3.9674],[-49.8729,-3.9975],[-49.8811,-4.0002],[-49.8816,-4.0049],[-49.8921,-4.0097],[-49.8917,-4.0147],[-49.8975,-4.022],[-49.9135,-4.032],[-49.9204,-4.0325],[-49.9129,-4.0507],[-49.9262,-4.0672],[-49.9329,-4.0713],[-49.9605,-4.0611],[-49.9663,-4.0552],[-49.9853,-4.0527],[-50.0124,-4.0603],[-50.0224,-4.0695],[-50.0348,-4.0688],[-50.0439,-4.0747],[-50.0704,-4.0747],[-50.0973,-4.0818],[-50.1081,-4.0776],[-50.1006,-4.0751],[-50.0967,-4.0685],[-50.0982,-4.0601],[-50.1169,-4.0517],[-50.1092,-4.0435],[-50.1068,-4.0312],[-50.1103,-4.0281],[-50.1175,-4.0331],[-50.1304,-4.027],[-50.123,-3.9875],[-50.0939,-3.9607],[-50.0874,-3.9577],[-50.0706,-3.9602],[-50.0668,-3.9506],[-50.0672,-3.9402],[-50.0578,-3.9317],[-50.0553,-3.9216],[-50.0458,-3.9177],[-50.0394,-3.9104],[-50.0204,-3.9064],[-50.016,-3.9004],[-50.0052,-3.884],[-50.0063,-3.872],[-50.0123,-3.859],[-50.0018,-3.8505],[-49.9822,-3.8476],[-49.9791,-3.8446],[-49.9669,-3.8241],[-49.9681,-3.8153],[-49.9736,-3.813],[-49.9726,-3.7971],[-49.9571,-3.791],[-49.9719,-3.7718],[-49.9757,-3.7585],[-49.9849,-3.7504],[-49.9885,-3.7412],[-49.9863,-3.729],[-49.9921,-3.7249],[-49.9976,-3.7134],[-49.9894,-3.6916],[-49.9679,-3.6832],[-49.9694,-3.6705],[-49.9651,-3.6606],[-49.9563,-3.666],[-49.9537,-3.6732],[-49.9394,-3.666],[-49.9267,-3.6684],[-49.9091,-3.6599],[-49.8905,-3.6597],[-49.8749,-3.6654],[-49.8661,-3.6567],[-49.8605,-3.6451],[-49.8546,-3.6429],[-49.8436,-3.6457],[-49.83,-3.6325],[-49.8295,-3.6321],[-49.8181,-3.6321],[-49.8038,-3.6251],[-49.782,-3.6257],[-49.7704,-3.6198],[-49.7627,-3.6117],[-49.7601,-3.6029],[-49.747,-3.5939],[-49.7264,-3.5991],[-49.7137,-3.5923],[-49.701,-3.5909],[-49.6949,-3.5941],[-49.685,-3.5913],[-49.6719,-3.5827],[-49.6667,-3.5647],[-49.6686,-3.5542],[-49.6624,-3.5348],[-49.6569,-3.5289],[-49.6375,-3.5249],[-49.6369,-3.5295],[-49.6261,-3.5232],[-49.6285,-3.5213],[-49.6267,-3.5174],[-49.6206,-3.5139],[-49.6171,-3.5134],[-49.6107,-3.5204],[-49.6011,-3.5193],[-49.5972,-3.5127]]]}},{"type":"Feature","properties":{"nome":"Ulianópolis","cod":"1508126","uf":"PA"},"geometry":{"type":"Polygon","coordinates":[[[-47.2075,-3.4485],[-47.2016,-3.4857],[-47.1928,-3.5121],[-47.2279,-3.5261],[-47.2048,-3.5447],[-47.1941,-3.5566],[-47.1897,-3.5672],[-47.1733,-3.5838],[-47.1603,-3.606],[-47.1603,-3.6154],[-47.1533,-3.6266],[-47.1534,-3.6223],[-47.1472,-3.6231],[-47.1465,-3.6191],[-47.141,-3.6182],[-47.1354,-3.621],[-47.133,-3.6158],[-47.1271,-3.6176],[-47.1228,-3.6239],[-47.1159,-3.6182],[-47.1155,-3.6266],[-47.1118,-3.6227],[-47.0955,-3.6228],[-47.0826,-3.603],[-47.0704,-3.598],[-47.0652,-3.5916],[-47.0574,-3.5668],[-47.0518,-3.5691],[-47.0378,-3.5639],[-47.0336,-3.5683],[-47.0391,-3.5733],[-47.0352,-3.5727],[-47.0305,-3.5802],[-47.0283,-3.5781],[-47.0268,-3.5806],[-47.0343,-3.5848],[-47.0315,-3.5877],[-47.0408,-3.5892],[-47.027,-3.5984],[-47.0317,-3.5997],[-47.0302,-3.6042],[-47.0378,-3.6051],[-47.04,-3.615],[-47.0482,-3.6193],[-47.0448,-3.6251],[-47.0519,-3.635],[-47.0443,-3.633],[-47.0457,-3.6381],[-47.0397,-3.6437],[-47.0471,-3.6473],[-47.0552,-3.6463],[-47.0531,-3.6485],[-47.0566,-3.6542],[-47.0505,-3.653],[-47.0455,-3.6573],[-47.0523,-3.6628],[-47.0485,-3.6683],[-47.0366,-3.6676],[-47.0403,-3.674],[-47.0492,-3.6767],[-47.0541,-3.6846],[-47.0484,-3.6886],[-47.0504,-3.6986],[-47.0459,-3.7051],[-47.0501,-3.7156],[-47.0477,-3.7185],[-47.0567,-3.7213],[-47.0604,-3.7294],[-47.0527,-3.7377],[-47.0589,-3.7429],[-47.053,-3.7462],[-47.0649,-3.759],[-47.0549,-3.7679],[-47.0592,-3.7689],[-47.0557,-3.7741],[-47.0643,-3.7774],[-47.0588,-3.7841],[-47.0636,-3.7902],[-47.0628,-3.7985],[-47.0677,-3.8029],[-47.0753,-3.8039],[-47.074,-3.8075],[-47.0778,-3.8113],[-47.0747,-3.8144],[-47.0722,-3.8175],[-47.0776,-3.8207],[-47.0785,-3.8266],[-47.0863,-3.8245],[-47.08,-3.8357],[-47.0836,-3.8402],[-47.079,-3.8458],[-47.0839,-3.8474],[-47.0883,-3.8612],[-47.0916,-3.8604],[-47.1014,-3.861],[-47.1062,-3.8806],[-47.1133,-3.8773],[-47.1217,-3.8827],[-47.1242,-3.881],[-47.1216,-3.878],[-47.1283,-3.8763],[-47.129,-3.8805],[-47.1321,-3.8783],[-47.1366,-3.8852],[-47.1331,-3.887],[-47.132,-3.8992],[-47.1385,-3.9039],[-47.1385,-3.8995],[-47.1483,-3.8965],[-47.1481,-3.9141],[-47.1727,-3.9234],[-47.1697,-3.9288],[-47.1754,-3.9295],[-47.1687,-3.9382],[-47.1688,-3.9431],[-47.1746,-3.9447],[-47.1792,-3.9414],[-47.1833,-3.9473],[-47.1831,-3.9573],[-47.181,-3.9593],[-47.1799,-3.9558],[-47.178,-3.9605],[-47.1811,-3.9667],[-47.1924,-3.9685],[-47.193,-3.9749],[-47.1871,-3.9792],[-47.1898,-3.9833],[-47.1969,-3.985],[-47.1993,-3.9804],[-47.1961,-3.9762],[-47.2013,-3.9732],[-47.2041,-3.9879],[-47.2196,-3.9878],[-47.2222,-4.0009],[-47.2385,-3.9983],[-47.2443,-4.0119],[-47.2669,-4.0255],[-47.267,-4.0331],[-47.2768,-4.0302],[-47.2767,-4.0337],[-47.285,-4.0358],[-47.2863,-4.0452],[-47.2935,-4.0428],[-47.2927,-4.0519],[-47.303,-4.0534],[-47.3059,-4.0588],[-47.3099,-4.0563],[-47.3096,-4.0518],[-47.319,-4.0474],[-47.324,-4.0625],[-47.3248,-4.068],[-47.3308,-4.0691],[-47.3328,-4.0752],[-47.331,-4.091],[-47.3426,-4.0967],[-47.3467,-4.1083],[-47.3509,-4.1049],[-47.3585,-4.1131],[-47.3604,-4.1099],[-47.3846,-4.1104],[-47.3831,-4.1167],[-47.3858,-4.1197],[-47.3892,-4.1181],[-47.3946,-4.1226],[-47.3967,-4.1187],[-47.3977,-4.1254],[-47.4097,-4.1286],[-47.4098,-4.1328],[-47.417,-4.136],[-47.4169,-4.14],[-47.4259,-4.1392],[-47.4264,-4.1435],[-47.4397,-4.1448],[-47.4496,-4.1549],[-47.4551,-4.1499],[-47.4634,-4.1553],[-47.505,-4.138],[-47.5103,-4.1287],[-47.5325,-4.1165],[-47.5387,-4.1169],[-47.5449,-4.1112],[-47.5456,-4.1111],[-47.5459,-4.1111],[-47.547,-4.1074],[-47.5539,-4.1061],[-47.5687,-4.0925],[-47.6197,-4.0824],[-47.6274,-4.0783],[-47.6444,-4.0775],[-47.6512,-4.0719],[-47.6639,-4.0731],[-47.679,-4.0682],[-47.696,-4.0399],[-47.7049,-4.0325],[-47.7069,-4.0347],[-47.7208,-4.0288],[-47.7226,-4.0318],[-47.7438,-4.0365],[-47.7486,-4.041],[-47.7551,-4.0381],[-47.7717,-4.0478],[-47.7826,-4.0598],[-47.7846,-4.0575],[-47.7912,-4.0596],[-47.797,-4.0564],[-47.8031,-4.0576],[-47.8079,-4.0523],[-47.821,-4.0549],[-47.8367,-4.0445],[-47.8519,-4.0463],[-47.87,-4.0359],[-47.8805,-4.0195],[-47.8858,-4.0161],[-47.8921,-4.0184],[-47.8952,-4.0189],[-47.8989,-4.0129],[-47.8936,-3.9958],[-47.8989,-3.9927],[-47.8986,-3.9866],[-47.9048,-3.9856],[-47.9038,-3.9824],[-47.907,-3.9819],[-47.915,-3.9693],[-47.9279,-3.9647],[-47.9287,-3.9584],[-47.9347,-3.9574],[-47.9376,-3.951],[-47.947,-3.9509],[-47.9554,-3.9461],[-47.9561,-3.94],[-47.9644,-3.9352],[-47.9683,-3.9249],[-47.9663,-3.919],[-47.9769,-3.9187],[-47.976,-3.9068],[-47.982,-3.9088],[-47.9838,-3.9064],[-47.9798,-3.8942],[-47.9803,-3.8879],[-47.9851,-3.8843],[-47.9842,-3.877],[-47.9907,-3.8567],[-47.9989,-3.8479],[-47.9968,-3.8456],[-48.0062,-3.8402],[-48.0114,-3.8321],[-48.0091,-3.8297],[-48.0209,-3.8231],[-48.0261,-3.8243],[-48.0277,-3.8189],[-48.0319,-3.8219],[-48.0286,-3.8134],[-48.033,-3.8092],[-48.0322,-3.8054],[-48.0283,-3.8061],[-48.0274,-3.8009],[-48.0204,-3.7962],[-47.9981,-3.7873],[-47.9937,-3.7698],[-47.9832,-3.7639],[-47.9833,-3.7605],[-47.9723,-3.7517],[-47.9736,-3.746],[-47.9676,-3.7455],[-47.9622,-3.7386],[-47.9601,-3.7407],[-47.9613,-3.737],[-47.9581,-3.738],[-47.9587,-3.7346],[-47.9558,-3.7339],[-47.9572,-3.73],[-47.9439,-3.7359],[-47.9314,-3.7348],[-47.9199,-3.7386],[-47.909,-3.7342],[-47.8987,-3.7357],[-47.882,-3.7314],[-47.8736,-3.7142],[-47.8604,-3.7019],[-47.8372,-3.6966],[-47.8281,-3.6851],[-47.8204,-3.6812],[-47.8072,-3.6869],[-47.8,-3.6845],[-47.7914,-3.6888],[-47.7754,-3.687],[-47.7521,-3.7022],[-47.7419,-3.7015],[-47.7129,-3.6771],[-47.7082,-3.6658],[-47.6899,-3.644],[-47.6846,-3.642],[-47.6802,-3.6353],[-47.6754,-3.6097],[-47.6621,-3.6005],[-47.6595,-3.5835],[-47.6509,-3.5777],[-47.6353,-3.5729],[-47.594,-3.5729],[-47.5708,-3.5646],[-47.5394,-3.5593],[-47.5164,-3.5509],[-47.5013,-3.5362],[-47.491,-3.5439],[-47.481,-3.5421],[-47.4748,-3.5332],[-47.4233,-3.5126],[-47.3885,-3.4925],[-47.3751,-3.478],[-47.3522,-3.4726],[-47.3428,-3.4619],[-47.3455,-3.4553],[-47.3417,-3.4515],[-47.3181,-3.4493],[-47.3038,-3.4516],[-47.2988,-3.4562],[-47.2695,-3.4553],[-47.2539,-3.451],[-47.2192,-3.4556],[-47.2075,-3.4485]]]}},{"type":"Feature","properties":{"nome":"Uruará","cod":"1508159","uf":"PA"},"geometry":{"type":"Polygon","coordinates":[[[-53.8284,-2.9629],[-53.8289,-2.9678],[-53.8343,-2.9676],[-53.8336,-2.9705],[-53.8199,-2.9809],[-53.821,-2.9885],[-53.8136,-3.0037],[-53.7993,-3.0169],[-53.794,-3.0201],[-53.7891,-3.0134],[-53.7778,-3.0196],[-53.7592,-3.0155],[-53.7312,-3.0165],[-53.7275,-3.0262],[-53.7145,-3.0153],[-53.7074,-3.0187],[-53.7104,-3.0299],[-53.6924,-3.0304],[-53.6838,-3.0274],[-53.6854,-3.042],[-53.6807,-3.0464],[-53.6738,-3.0411],[-53.6643,-3.0414],[-53.6614,-3.0606],[-53.6586,-3.0629],[-53.6481,-3.0555],[-53.6428,-3.0731],[-53.6452,-3.0798],[-53.6357,-3.0874],[-53.6376,-3.0906],[-53.6441,-3.091],[-53.6409,-3.0973],[-53.6347,-3.0982],[-53.6399,-3.1136],[-53.6358,-3.1195],[-53.6167,-3.1277],[-53.6237,-3.1438],[-53.6087,-3.1538],[-53.6046,-3.1529],[-53.5998,-3.1573],[-53.597,-3.1554],[-53.5858,-3.1742],[-53.5571,-3.1888],[-53.5532,-3.1978],[-53.5572,-3.21],[-53.5497,-3.2155],[-53.5424,-3.2125],[-53.5382,-3.2254],[-53.5306,-3.225],[-53.5251,-3.2292],[-53.5241,-3.2421],[-53.5179,-3.2545],[-53.5104,-3.2752],[-53.5084,-3.278],[-53.5022,-3.2773],[-53.4967,-3.2855],[-53.5002,-3.2931],[-53.5045,-3.3122],[-53.501,-3.3184],[-53.5036,-3.3236],[-53.4989,-3.3394],[-53.5011,-3.3535],[-53.4959,-3.3701],[-53.5011,-3.38],[-53.4987,-3.3837],[-53.501,-3.395],[-53.4983,-3.3989],[-53.4866,-3.3993],[-53.4831,-3.4057],[-53.4884,-3.4049],[-53.4943,-3.4123],[-53.4875,-3.4174],[-53.4915,-3.4318],[-53.503,-3.438],[-53.4871,-3.4496],[-53.4863,-3.4603],[-53.4802,-3.4605],[-53.4766,-3.4657],[-53.4777,-3.4855],[-53.4887,-3.497],[-53.4941,-3.5135],[-53.4982,-3.5155],[-53.4965,-3.5203],[-53.4913,-3.5347],[-53.4861,-3.5318],[-53.4735,-3.5415],[-53.473,-3.5337],[-53.4689,-3.5323],[-53.4596,-3.5387],[-53.4349,-3.5436],[-53.4332,-3.5361],[-53.4184,-3.5295],[-53.4034,-3.5237],[-53.3948,-3.5106],[-53.3837,-3.507],[-53.3794,-3.5128],[-53.3704,-3.5119],[-53.3663,-3.51],[-53.3652,-3.5142],[-53.3583,-3.5089],[-53.3516,-3.5122],[-53.3467,-3.5011],[-53.3446,-3.5098],[-53.3371,-3.5102],[-53.337,-3.503],[-53.3309,-3.5107],[-53.3295,-3.5071],[-53.3195,-3.5055],[-53.3183,-3.5022],[-53.3111,-3.5055],[-53.3087,-3.4973],[-53.3029,-3.4975],[-53.297,-3.5019],[-53.294,-3.5033],[-53.2871,-3.4946],[-53.2818,-3.4985],[-53.2797,-3.4961],[-53.2731,-3.5027],[-53.2699,-3.4966],[-53.2635,-3.4958],[-53.2567,-3.5011],[-53.2486,-3.5253],[-53.2436,-3.5278],[-53.2449,-3.5361],[-53.2397,-3.5453],[-53.2404,-3.5592],[-53.2254,-3.5702],[-53.2266,-3.5841],[-53.2259,-3.5872],[-53.2244,-3.5998],[-53.219,-3.6004],[-53.2045,-3.6158],[-53.2013,-3.628],[-53.1962,-3.6286],[-53.1871,-3.6406],[-53.166,-3.6471],[-53.1556,-3.6548],[-53.1561,-3.6646],[-53.1711,-3.6676],[-53.1786,-3.6734],[-53.1818,-3.6879],[-53.2048,-3.6952],[-53.2161,-3.7061],[-53.2237,-3.7227],[-53.2452,-3.7352],[-53.2478,-3.7578],[-53.2359,-3.7894],[-53.246,-3.7943],[-53.2475,-3.804],[-53.2537,-3.8012],[-53.2674,-3.822],[-53.2961,-3.8301],[-53.3077,-3.8192],[-53.3271,-3.8209],[-53.3306,-3.8281],[-53.3238,-3.8448],[-53.3322,-3.857],[-53.3344,-3.8721],[-53.3519,-3.8795],[-53.3594,-3.8763],[-53.3757,-3.8915],[-53.4001,-3.897],[-53.4005,-3.897],[-53.4077,-3.9009],[-53.4165,-3.9184],[-53.4304,-3.9269],[-53.4256,-3.9411],[-53.4181,-3.9435],[-53.4162,-3.9475],[-53.4184,-3.9546],[-53.4268,-3.9631],[-53.4287,-3.9724],[-53.4359,-3.976],[-53.4466,-3.9713],[-53.4493,-3.9756],[-53.4545,-3.9725],[-53.4636,-3.9782],[-53.4809,-3.972],[-53.4827,-3.9615],[-53.4914,-3.9613],[-53.4966,-3.9677],[-53.5041,-3.9633],[-53.5187,-3.9649],[-53.5185,-3.9712],[-53.5278,-3.9837],[-53.5257,-4.0],[-53.5199,-4.0045],[-53.5334,-4.0302],[-53.5139,-4.0224],[-53.4964,-4.0267],[-53.4948,-4.0317],[-53.5039,-4.0383],[-53.5059,-4.0552],[-53.5359,-4.0645],[-53.5581,-4.0777],[-53.5656,-4.0785],[-53.5706,-4.0828],[-53.5612,-4.0929],[-53.5621,-4.0961],[-53.5688,-4.0972],[-53.5758,-4.1046],[-53.5729,-4.1138],[-53.578,-4.122],[-53.5872,-4.1107],[-53.5983,-4.1085],[-53.6018,-4.0989],[-53.6098,-4.1067],[-53.6157,-4.1113],[-53.633,-4.114],[-53.6367,-4.1131],[-53.6377,-4.0999],[-53.6427,-4.094],[-53.6491,-4.0932],[-53.66,-4.0996],[-53.6659,-4.0975],[-53.6686,-4.1003],[-53.6791,-4.1075],[-53.6947,-4.1094],[-53.7041,-4.1001],[-53.7133,-4.1033],[-53.7319,-4.1161],[-53.7536,-4.1175],[-53.7637,-4.1215],[-53.7748,-4.1341],[-53.7828,-4.1296],[-53.7968,-4.1324],[-53.8083,-4.1384],[-53.8232,-4.1264],[-53.8268,-4.1276],[-53.8261,-4.1372],[-53.8395,-4.1474],[-53.8457,-4.1549],[-53.8434,-4.1669],[-53.8511,-4.1793],[-53.8543,-4.1985],[-53.8611,-4.1963],[-53.8729,-4.201],[-53.8788,-4.1888],[-53.9051,-4.1828],[-53.9066,-4.1886],[-53.9133,-4.1884],[-53.9209,-4.1942],[-53.9318,-4.2104],[-53.9423,-4.2183],[-53.9497,-4.2177],[-53.9576,-4.2113],[-53.9626,-4.2164],[-53.9722,-4.2209],[-53.9794,-4.215],[-53.9862,-4.2149],[-53.9968,-4.222],[-53.9864,-4.2423],[-53.9969,-4.2543],[-54.0126,-4.2552],[-54.0157,-4.2638],[-54.0234,-4.2665],[-54.0344,-4.2549],[-54.0501,-4.247],[-54.042,-4.2299],[-54.0426,-4.2188],[-54.0458,-4.2172],[-54.0654,-4.2187],[-54.0712,-4.2327],[-54.0811,-4.2395],[-54.0895,-4.2408],[-54.0996,-4.2315],[-54.1009,-4.2243],[-54.109,-4.2218],[-54.1104,-4.2119],[-54.0987,-4.2065],[-54.0975,-4.1947],[-54.0844,-4.1848],[-54.0815,-4.1785],[-54.0936,-4.1617],[-54.0916,-4.155],[-54.081,-4.1475],[-54.0789,-4.1403],[-54.0872,-4.1279],[-54.0906,-4.1129],[-54.091,-4.1089],[-54.0854,-4.099],[-54.0538,-4.0825],[-54.0495,-4.0758],[-54.0958,-4.0549],[-54.105,-4.0397],[-54.1325,-4.0347],[-54.137,-4.0317],[-54.1367,-4.02],[-54.152,-4.0116],[-54.152,-4.0087],[-54.1419,-4.0066],[-54.1346,-3.9877],[-54.1175,-3.9847],[-54.1097,-3.9736],[-54.1129,-3.9385],[-54.1144,-3.9319],[-54.1204,-3.9264],[-54.1128,-3.9156],[-54.1174,-3.9041],[-54.1074,-3.8949],[-54.1165,-3.8784],[-54.1154,-3.8553],[-54.1112,-3.8483],[-54.1156,-3.8395],[-54.1096,-3.8252],[-54.1153,-3.8116],[-54.1301,-3.8205],[-54.1472,-3.8367],[-54.1606,-3.8374],[-54.1636,-3.8344],[-54.1688,-3.8239],[-54.1617,-3.8175],[-54.1592,-3.8052],[-54.1497,-3.79],[-54.1522,-3.7771],[-54.1756,-3.768],[-54.1794,-3.7605],[-54.1889,-3.7543],[-54.1915,-3.7471],[-54.2016,-3.7417],[-54.2098,-3.7252],[-54.2268,-3.7128],[-54.2419,-3.7089],[-54.246,-3.6997],[-54.2539,-3.6925],[-54.2565,-3.6743],[-54.2635,-3.6625],[-54.2531,-3.6613],[-54.2428,-3.6509],[-54.2409,-3.6433],[-54.2289,-3.6465],[-54.2181,-3.6361],[-54.2187,-3.6319],[-54.2395,-3.6188],[-54.2443,-3.6111],[-54.2465,-3.5918],[-54.2563,-3.5814],[-54.2557,-3.57],[-54.2727,-3.5638],[-54.272,-3.5545],[-54.2645,-3.5469],[-54.266,-3.5215],[-54.2589,-3.5101],[-54.2635,-3.5],[-54.2625,-3.49],[-54.2686,-3.4861],[-54.2693,-3.48],[-54.2758,-3.478],[-54.2776,-3.4725],[-54.2752,-3.4664],[-54.2592,-3.459],[-54.2575,-3.4487],[-54.2618,-3.4431],[-54.2716,-3.4435],[-54.2769,-3.4336],[-54.2924,-3.4351],[-54.2978,-3.4315],[-54.2871,-3.4172],[-54.2855,-3.402],[-54.2885,-3.3778],[-54.2554,-3.355],[-54.2566,-3.3338],[-54.2636,-3.3099],[-54.2568,-3.2899],[-54.2594,-3.2762],[-54.2564,-3.2702],[-54.2423,-3.2641],[-54.2155,-3.2362],[-54.2074,-3.2087],[-54.2019,-3.2034],[-54.1922,-3.1979],[-54.1569,-3.1898],[-54.1136,-3.172],[-54.0993,-3.1631],[-54.0961,-3.1563],[-54.1025,-3.1319],[-54.0695,-3.114],[-54.0598,-3.0866],[-54.0485,-3.0784],[-54.0449,-3.0481],[-54.0456,-2.9984],[-54.0543,-2.987],[-54.0777,-2.9721],[-54.0883,-2.9606],[-54.102,-2.9202],[-54.1026,-2.8862],[-53.8549,-2.8871],[-53.8541,-2.8933],[-53.8401,-2.901],[-53.8383,-2.9094],[-53.8303,-2.9164],[-53.8319,-2.9213],[-53.8392,-2.9241],[-53.8284,-2.9629]]]}},{"type":"Feature","properties":{"nome":"Vigia","cod":"1508209","uf":"PA"},"geometry":{"type":"Polygon","coordinates":[[[-48.1258,-0.7594],[-48.1208,-0.7691],[-48.1149,-0.7666],[-48.1096,-0.7566],[-48.09,-0.7729],[-48.0799,-0.7739],[-48.0761,-0.7805],[-48.0673,-0.7903],[-48.0658,-0.8028],[-48.066,-0.8129],[-48.0681,-0.9058],[-48.0689,-0.9402],[-48.069,-0.9441],[-48.0691,-0.9469],[-48.0717,-1.0646],[-48.0717,-1.0646],[-48.0048,-1.0511],[-47.9426,-1.0384],[-47.9505,-1.0408],[-47.9745,-1.062],[-47.9808,-1.0721],[-47.9834,-1.0887],[-47.9922,-1.1035],[-48.0133,-1.1223],[-48.0211,-1.1335],[-48.0632,-1.0781],[-48.0726,-1.0657],[-48.11,-1.0165],[-48.1104,-1.0161],[-48.1137,-1.0243],[-48.1274,-1.0326],[-48.1444,-1.0337],[-48.1608,-1.0244],[-48.1737,-1.0266],[-48.1789,-1.0163],[-48.1855,-1.0184],[-48.1984,-1.0129],[-48.2082,-1.0134],[-48.2134,-1.0065],[-48.1986,-1.005],[-48.1923,-0.9907],[-48.2053,-0.9816],[-48.2042,-0.9773],[-48.2004,-0.9768],[-48.1945,-0.9714],[-48.1926,-0.9478],[-48.1752,-0.9495],[-48.1732,-0.947],[-48.171,-0.9368],[-48.1693,-0.9286],[-48.1691,-0.9243],[-48.1664,-0.9107],[-48.1533,-0.9046],[-48.1501,-0.8965],[-48.1591,-0.8769],[-48.1512,-0.857],[-48.1464,-0.8451],[-48.1482,-0.8374],[-48.1575,-0.8259],[-48.2076,-0.7944],[-48.2211,-0.7906],[-48.2662,-0.7889],[-48.2845,-0.7774],[-48.2969,-0.7743],[-48.3275,-0.7774],[-48.2989,-0.7195],[-48.2928,-0.7131],[-48.2647,-0.7111],[-48.2487,-0.7021],[-48.2356,-0.7039],[-48.1991,-0.7327],[-48.1495,-0.7482],[-48.1382,-0.7567],[-48.1258,-0.7594]]]}},{"type":"Feature","properties":{"nome":"Viseu","cod":"1508308","uf":"PA"},"geometry":{"type":"Polygon","coordinates":[[[-46.0605,-1.0943],[-46.0662,-1.1048],[-46.0691,-1.097],[-46.0846,-1.0817],[-46.0883,-1.0731],[-46.0903,-1.0686],[-46.0879,-1.0609],[-46.0818,-1.0578],[-46.0721,-1.0612],[-46.0751,-1.0668],[-46.0707,-1.0691],[-46.0605,-1.0943]],[[-46.3183,-0.9539],[-46.3232,-0.9562],[-46.3267,-0.9503],[-46.3226,-0.9449],[-46.3165,-0.9461],[-46.3154,-0.9501],[-46.3224,-0.9512],[-46.3183,-0.9539]],[[-46.1979,-0.9397],[-46.2064,-0.9408],[-46.2027,-0.9363],[-46.1979,-0.9397]],[[-46.2658,-0.9329],[-46.2671,-0.9365],[-46.2701,-0.9335],[-46.2658,-0.9329]],[[-46.1852,-0.9031],[-46.1867,-0.9329],[-46.202,-0.9286],[-46.2097,-0.9298],[-46.2106,-0.9412],[-46.2202,-0.9517],[-46.2023,-0.9502],[-46.2011,-0.9646],[-46.2181,-0.975],[-46.2294,-0.9676],[-46.2213,-0.9786],[-46.2246,-0.9871],[-46.2321,-0.9826],[-46.2366,-0.9915],[-46.252,-0.9973],[-46.2337,-0.996],[-46.2213,-0.9894],[-46.2182,-0.9798],[-46.2146,-0.9793],[-46.2148,-0.9902],[-46.2186,-0.9967],[-46.2159,-1.013],[-46.2223,-1.0208],[-46.2104,-1.0195],[-46.2062,-1.0395],[-46.2086,-1.0583],[-46.2184,-1.0605],[-46.2288,-1.0706],[-46.2476,-1.1062],[-46.2614,-1.1227],[-46.2594,-1.1384],[-46.2724,-1.1544],[-46.2766,-1.1688],[-46.2724,-1.1716],[-46.2673,-1.16],[-46.2531,-1.1498],[-46.2488,-1.1371],[-46.2426,-1.1322],[-46.2425,-1.1184],[-46.2296,-1.0948],[-46.1936,-1.066],[-46.1861,-1.0484],[-46.1866,-1.0171],[-46.1798,-1.0002],[-46.1712,-0.9925],[-46.1612,-0.9956],[-46.1553,-1.0032],[-46.1609,-1.0138],[-46.1558,-1.0239],[-46.1582,-1.0398],[-46.1557,-1.0494],[-46.1596,-1.0562],[-46.1612,-1.0572],[-46.1719,-1.0712],[-46.1846,-1.1101],[-46.205,-1.1312],[-46.201,-1.1348],[-46.1986,-1.1302],[-46.1838,-1.1277],[-46.1716,-1.146],[-46.1723,-1.1551],[-46.166,-1.1545],[-46.1661,-1.1507],[-46.1817,-1.1195],[-46.1741,-1.1129],[-46.1654,-1.0831],[-46.1579,-1.08],[-46.1508,-1.1006],[-46.1485,-1.1249],[-46.1541,-1.1352],[-46.1485,-1.1349],[-46.145,-1.1201],[-46.1393,-1.1215],[-46.1461,-1.1144],[-46.1463,-1.0922],[-46.1507,-1.0739],[-46.137,-1.0573],[-46.1042,-1.0408],[-46.0961,-1.0397],[-46.0897,-1.0322],[-46.0923,-1.0268],[-46.0869,-1.0187],[-46.0818,-1.0159],[-46.0725,-1.0182],[-46.0712,-1.0324],[-46.0944,-1.0514],[-46.1003,-1.0706],[-46.0881,-1.0899],[-46.0899,-1.0938],[-46.0834,-1.0918],[-46.0753,-1.1005],[-46.0729,-1.1105],[-46.0867,-1.1341],[-46.0867,-1.1573],[-46.0978,-1.1957],[-46.1037,-1.2017],[-46.1124,-1.1965],[-46.1301,-1.2064],[-46.142,-1.2191],[-46.1455,-1.2268],[-46.137,-1.2425],[-46.1396,-1.2528],[-46.1535,-1.2691],[-46.1398,-1.299],[-46.126,-1.2986],[-46.1187,-1.3045],[-46.123,-1.3189],[-46.1212,-1.3238],[-46.1146,-1.3261],[-46.0988,-1.3229],[-46.0949,-1.3268],[-46.0982,-1.3345],[-46.1035,-1.3388],[-46.1071,-1.3563],[-46.1206,-1.3687],[-46.1243,-1.3774],[-46.1311,-1.4],[-46.1468,-1.4149],[-46.1459,-1.4192],[-46.1294,-1.4291],[-46.1328,-1.437],[-46.1691,-1.47],[-46.1594,-1.4797],[-46.1564,-1.4922],[-46.1488,-1.4977],[-46.1393,-1.514],[-46.1373,-1.5445],[-46.1332,-1.5532],[-46.1309,-1.5782],[-46.1492,-1.5876],[-46.15,-1.5945],[-46.1496,-1.5949],[-46.1443,-1.6012],[-46.1443,-1.6092],[-46.1598,-1.6241],[-46.1613,-1.6285],[-46.1614,-1.6302],[-46.1585,-1.6535],[-46.1528,-1.6612],[-46.1533,-1.6773],[-46.1701,-1.696],[-46.1907,-1.7036],[-46.2004,-1.7028],[-46.2037,-1.7193],[-46.2207,-1.7277],[-46.2423,-1.7169],[-46.2613,-1.7284],[-46.2908,-1.7231],[-46.3047,-1.7274],[-46.3109,-1.7332],[-46.3143,-1.7413],[-46.319,-1.7404],[-46.3492,-1.7292],[-46.3904,-1.7209],[-46.3973,-1.7115],[-46.4045,-1.7081],[-46.4059,-1.7081],[-46.4213,-1.6983],[-46.4486,-1.7014],[-46.4709,-1.6788],[-46.508,-1.664],[-46.5183,-1.6488],[-46.5191,-1.6418],[-46.5358,-1.609],[-46.5399,-1.6181],[-46.5488,-1.6209],[-46.5481,-1.6313],[-46.5445,-1.6331],[-46.5538,-1.6387],[-46.5633,-1.6541],[-46.5583,-1.66],[-46.5585,-1.6759],[-46.5721,-1.6672],[-46.5752,-1.6704],[-46.5749,-1.6832],[-46.5575,-1.6927],[-46.5661,-1.7],[-46.5765,-1.7011],[-46.5875,-1.7107],[-46.6015,-1.7059],[-46.6035,-1.7115],[-46.5888,-1.7292],[-46.5884,-1.7365],[-46.5887,-1.7382],[-46.5939,-1.7514],[-46.6065,-1.7521],[-46.6119,-1.7436],[-46.616,-1.7442],[-46.619,-1.7534],[-46.6268,-1.7571],[-46.6327,-1.771],[-46.6283,-1.8341],[-46.6239,-1.8444],[-46.6115,-1.8605],[-46.604,-1.8637],[-46.5889,-1.8786],[-46.584,-1.8968],[-46.5756,-1.9012],[-46.5808,-1.9436],[-46.5804,-1.9904],[-46.5805,-2.0011],[-46.5914,-2.0508],[-46.5939,-2.1033],[-46.5888,-2.1515],[-46.5927,-2.1743],[-46.6112,-2.1851],[-46.6153,-2.1909],[-46.6051,-2.2228],[-46.6065,-2.2369],[-46.7025,-2.1005],[-46.7029,-2.1],[-46.8299,-1.9195],[-46.844,-1.8994],[-46.8421,-1.8936],[-46.8324,-1.8645],[-46.8359,-1.8482],[-46.8327,-1.8352],[-46.8373,-1.8157],[-46.8373,-1.8151],[-46.8338,-1.8044],[-46.8457,-1.7534],[-46.8471,-1.7168],[-46.7926,-1.716],[-46.7963,-1.6781],[-46.8018,-1.6639],[-46.7971,-1.6385],[-46.7894,-1.6237],[-46.796,-1.6144],[-46.795,-1.5909],[-46.8004,-1.5788],[-46.8029,-1.5534],[-46.8067,-1.5474],[-46.8179,-1.5473],[-46.8237,-1.5429],[-46.6902,-1.4422],[-46.6073,-1.3797],[-46.548,-1.3351],[-46.4857,-1.2881],[-46.4633,-1.2712],[-46.4091,-1.2303],[-46.4,-1.2234],[-46.3846,-1.2118],[-46.388,-1.2087],[-46.3859,-1.1936],[-46.3783,-1.1751],[-46.3707,-1.1586],[-46.3605,-1.1533],[-46.3604,-1.147],[-46.358,-1.1399],[-46.3512,-1.1356],[-46.353,-1.1311],[-46.3428,-1.1029],[-46.3468,-1.0864],[-46.3431,-1.0748],[-46.3381,-1.0713],[-46.3322,-1.0736],[-46.3194,-1.0714],[-46.3051,-1.084],[-46.3033,-1.0793],[-46.3126,-1.0698],[-46.333,-1.0688],[-46.3329,-1.0615],[-46.3243,-1.0535],[-46.3194,-1.0398],[-46.3202,-1.0217],[-46.3169,-1.014],[-46.3104,-1.0148],[-46.2982,-1.0268],[-46.2969,-1.0466],[-46.3006,-1.0548],[-46.2968,-1.0542],[-46.2931,-1.0478],[-46.2834,-1.0476],[-46.2929,-1.0411],[-46.2909,-1.0351],[-46.2942,-1.0197],[-46.3069,-1.0091],[-46.2967,-0.9934],[-46.2895,-0.9997],[-46.2714,-0.9912],[-46.2673,-0.9958],[-46.2661,-0.9824],[-46.2767,-0.9878],[-46.2867,-0.9823],[-46.2721,-0.9649],[-46.274,-0.9619],[-46.2678,-0.9427],[-46.2611,-0.9439],[-46.2639,-0.9383],[-46.2608,-0.9364],[-46.2534,-0.9474],[-46.2576,-0.933],[-46.243,-0.9281],[-46.2563,-0.9265],[-46.2621,-0.9311],[-46.2693,-0.9287],[-46.2647,-0.9175],[-46.2509,-0.9117],[-46.2469,-0.9133],[-46.2445,-0.9101],[-46.2414,-0.9118],[-46.2413,-0.9062],[-46.2244,-0.9074],[-46.2134,-0.8963],[-46.2139,-0.8897],[-46.2043,-0.886],[-46.1897,-0.894],[-46.1852,-0.9031]]]}},{"type":"Feature","properties":{"nome":"Vitória do Xingu","cod":"1508357","uf":"PA"},"geometry":{"type":"Polygon","coordinates":[[[-52.0346,-2.8014],[-52.0293,-2.8155],[-52.0174,-2.8272],[-51.9961,-2.8642],[-51.9646,-2.8765],[-51.9442,-2.88],[-51.9339,-2.9001],[-51.9171,-2.9167],[-51.9134,-2.9188],[-51.8904,-2.9509],[-51.8828,-2.9703],[-51.875,-2.978],[-51.8729,-2.9901],[-51.8631,-3.0042],[-51.8498,-3.0138],[-51.848,-3.0209],[-51.858,-3.0326],[-51.8529,-3.0439],[-51.8306,-3.0559],[-51.8264,-3.0645],[-51.8272,-3.0816],[-51.8237,-3.0888],[-51.8017,-3.0975],[-51.7935,-3.1121],[-51.7815,-3.1167],[-51.7509,-3.1073],[-51.7431,-3.1031],[-51.7314,-3.1056],[-51.7238,-3.1102],[-51.7236,-3.1171],[-51.7167,-3.1232],[-51.7181,-3.1253],[-51.703,-3.1248],[-51.7029,-3.1248],[-51.6953,-3.1263],[-51.6918,-3.1271],[-51.6699,-3.132],[-51.671,-3.1408],[-51.6766,-3.1459],[-51.6775,-3.1428],[-51.6791,-3.1473],[-51.6762,-3.1482],[-51.6863,-3.1504],[-51.6843,-3.1566],[-51.67,-3.1549],[-51.6665,-3.157],[-51.6744,-3.1583],[-51.6676,-3.1584],[-51.6593,-3.1542],[-51.6406,-3.155],[-51.6092,-3.1506],[-51.6181,-3.1889],[-51.6309,-3.252],[-51.6467,-3.2535],[-51.6526,-3.2506],[-51.6573,-3.2574],[-51.6699,-3.2564],[-51.687,-3.2463],[-51.6852,-3.2434],[-51.6894,-3.2406],[-51.6933,-3.2431],[-51.7015,-3.2475],[-51.699,-3.2572],[-51.7026,-3.2625],[-51.7122,-3.2633],[-51.7151,-3.2691],[-51.7084,-3.2809],[-51.7152,-3.2843],[-51.7129,-3.284],[-51.7139,-3.2892],[-51.7206,-3.2912],[-51.7159,-3.301],[-51.7301,-3.3067],[-51.7285,-3.312],[-51.7315,-3.3121],[-51.7363,-3.3218],[-51.7662,-3.3314],[-51.7667,-3.3351],[-51.7577,-3.3425],[-51.7371,-3.3513],[-51.7403,-3.3601],[-51.7374,-3.3663],[-51.7395,-3.3731],[-51.7464,-3.3754],[-51.7518,-3.3923],[-51.7478,-3.4038],[-51.751,-3.423],[-51.7366,-3.4308],[-51.7294,-3.4437],[-51.7298,-3.4381],[-51.7179,-3.4514],[-51.7122,-3.466],[-51.7231,-3.4766],[-51.7225,-3.4867],[-51.759,-3.4797],[-51.7676,-3.4879],[-51.7942,-3.4831],[-51.8073,-3.4894],[-51.8084,-3.4941],[-51.8024,-3.4977],[-51.8025,-3.5023],[-51.8128,-3.5158],[-51.8247,-3.5335],[-51.8382,-3.5332],[-51.852,-3.5487],[-51.8623,-3.5492],[-51.8668,-3.5586],[-51.8829,-3.5646],[-51.8838,-3.5703],[-51.8785,-3.5813],[-51.8922,-3.5819],[-51.8961,-3.588],[-51.9035,-3.5902],[-51.9054,-3.5878],[-51.9333,-3.5618],[-51.9397,-3.5467],[-51.9464,-3.5163],[-51.9411,-3.4926],[-51.9466,-3.4779],[-51.9519,-3.4719],[-51.9577,-3.4767],[-51.959,-3.4448],[-51.9467,-3.4293],[-51.9508,-3.4135],[-51.965,-3.3971],[-51.9799,-3.3848],[-51.9864,-3.367],[-51.998,-3.3612],[-52.0243,-3.3107],[-52.0319,-3.302],[-52.0391,-3.2997],[-52.0537,-3.2781],[-52.0583,-3.2662],[-52.0818,-3.2569],[-52.0909,-3.2403],[-52.1154,-3.2197],[-52.1162,-3.2124],[-52.1079,-3.2017],[-52.1082,-3.1946],[-52.1193,-3.1976],[-52.1278,-3.1851],[-52.1295,-3.1757],[-52.1384,-3.1745],[-52.1456,-3.1692],[-52.1585,-3.1535],[-52.1667,-3.1496],[-52.1677,-3.1383],[-52.1624,-3.1162],[-52.1777,-3.1015],[-52.1831,-3.0903],[-52.183,-3.0903],[-52.2025,-3.0744],[-52.2096,-3.0734],[-52.2196,-3.0655],[-52.2258,-3.0413],[-52.2247,-3.0064],[-52.2314,-2.9941],[-52.2439,-2.9884],[-52.265,-2.9913],[-52.2728,-3.0002],[-52.2792,-3.0001],[-52.2977,-3.0333],[-52.3194,-3.0471],[-52.344,-3.0543],[-52.3501,-3.0653],[-52.3568,-3.0679],[-52.3588,-3.0751],[-52.365,-3.0716],[-52.3691,-3.0559],[-52.365,-3.0374],[-52.3485,-3.006],[-52.3243,-2.9855],[-52.317,-2.9719],[-52.3161,-2.9369],[-52.3232,-2.906],[-52.3186,-2.8968],[-52.2895,-2.8836],[-52.2795,-2.8697],[-52.2738,-2.8484],[-52.276,-2.8299],[-52.256,-2.8126],[-52.2266,-2.8098],[-52.177,-2.8127],[-52.1211,-2.8017],[-52.1044,-2.7941],[-52.0434,-2.7921],[-52.0346,-2.8014]]]}},{"type":"Feature","properties":{"nome":"Xinguara","cod":"1508407","uf":"PA"},"geometry":{"type":"Polygon","coordinates":[[[-49.2755,-6.6226],[-49.2272,-6.6865],[-49.1498,-6.7886],[-49.1388,-6.7948],[-49.1331,-6.8075],[-49.1268,-6.8123],[-49.1243,-6.8215],[-49.1056,-6.8247],[-49.083,-6.8429],[-49.1148,-6.8696],[-49.15,-6.8885],[-49.1715,-6.8925],[-49.1791,-6.8977],[-49.1835,-6.9075],[-49.1918,-6.9128],[-49.2091,-6.925],[-49.2141,-6.9379],[-49.217,-6.9611],[-49.2149,-6.9753],[-49.2088,-6.9826],[-49.1948,-7.0259],[-49.1931,-7.0403],[-49.2846,-7.0568],[-49.5872,-7.1121],[-49.6181,-7.1176],[-49.8315,-7.156],[-49.8964,-7.1677],[-49.8965,-7.1677],[-49.9872,-7.1841],[-49.9875,-7.1842],[-50.193,-7.2203],[-50.1934,-7.2204],[-50.3759,-7.2524],[-50.248,-7.1466],[-50.1146,-7.0362],[-49.9867,-6.929],[-49.9496,-6.8984],[-49.7899,-6.7653],[-49.7326,-6.7171],[-49.7333,-6.9798],[-49.734,-7.0159],[-49.7171,-7.0156],[-49.7081,-7.0226],[-49.6847,-7.0306],[-49.6722,-7.0233],[-49.6703,-7.0158],[-49.6609,-7.0197],[-49.6574,-7.0143],[-49.6461,-7.0087],[-49.6169,-7.0057],[-49.6075,-6.9881],[-49.6026,-6.9916],[-49.6008,-7.003],[-49.5803,-7.0026],[-49.5672,-7.0089],[-49.5262,-6.9963],[-49.4998,-6.9932],[-49.4957,-6.989],[-49.472,-6.9908],[-49.4636,-6.9959],[-49.4388,-6.9927],[-49.4257,-6.9967],[-49.4179,-6.992],[-49.4147,-6.9854],[-49.4179,-6.9835],[-49.4242,-6.9588],[-49.4245,-6.9441],[-49.4444,-6.9267],[-49.4416,-6.9004],[-49.4357,-6.8869],[-49.4283,-6.8769],[-49.4253,-6.8522],[-49.3944,-6.8257],[-49.3865,-6.8082],[-49.3774,-6.8083],[-49.3689,-6.8176],[-49.3608,-6.8128],[-49.3565,-6.8139],[-49.3481,-6.8268],[-49.3403,-6.8284],[-49.3388,-6.7776],[-49.3373,-6.7295],[-49.3585,-6.7253],[-49.3694,-6.724],[-49.376,-6.7279],[-49.3931,-6.7174],[-49.3957,-6.7123],[-49.4125,-6.7047],[-49.4175,-6.6986],[-49.4149,-6.6806],[-49.4323,-6.71],[-49.4545,-6.7091],[-49.4748,-6.6997],[-49.4892,-6.7123],[-49.5006,-6.7088],[-49.5086,-6.7133],[-49.5113,-6.7166],[-49.5188,-6.7163],[-49.5229,-6.721],[-49.5425,-6.7269],[-49.5583,-6.7248],[-49.563,-6.7171],[-49.5617,-6.7014],[-49.5676,-6.6858],[-49.5648,-6.678],[-49.5757,-6.6735],[-49.5878,-6.6561],[-49.6048,-6.6509],[-49.6131,-6.6445],[-49.6212,-6.6448],[-49.6263,-6.6374],[-49.6374,-6.6366],[-49.4108,-6.4449],[-49.3976,-6.4621],[-49.3518,-6.5216],[-49.2755,-6.6226]]]}}]}