{"type":"FeatureCollection","metadata":{"fonte":"IBGE, via github.com/tbrugz/geodata-br"},"features":[{"type":"Feature","properties":{"nome":"Água Branca","cod":"2500106","uf":"PB"},"geometry":{"type":"Polygon","coordinates":[[[-37.7038,-7.3732],[-37.6923,-7.3789],[-37.672,-7.3765],[-37.6495,-7.4022],[-37.6417,-7.412],[-37.6119,-7.411],[-37.6085,-7.4107],[-37.5953,-7.417],[-37.593,-7.4286],[-37.5703,-7.4535],[-37.5699,-7.4539],[-37.5682,-7.4558],[-37.5737,-7.4589],[-37.5654,-7.4825],[-37.5714,-7.4887],[-37.5714,-7.4887],[-37.5864,-7.4987],[-37.6094,-7.5076],[-37.611,-7.5182],[-37.6196,-7.5255],[-37.63,-7.5321],[-37.6442,-7.5295],[-37.6495,-7.5299],[-37.6592,-7.5227],[-37.6763,-7.5352],[-37.6818,-7.548],[-37.7062,-7.5502],[-37.7097,-7.5591],[-37.7062,-7.5691],[-37.7107,-7.5733],[-37.7207,-7.5815],[-37.7284,-7.5793],[-37.7346,-7.5968],[-37.7494,-7.5662],[-37.7494,-7.5563],[-37.7321,-7.5449],[-37.727,-7.5415],[-37.7053,-7.476],[-37.7005,-7.4617],[-37.711,-7.4363],[-37.7265,-7.4319],[-37.7243,-7.4087],[-37.7269,-7.3937],[-37.7201,-7.3844],[-37.721,-7.3819],[-37.7112,-7.3811],[-37.7065,-7.385],[-37.7038,-7.3732]]]}},{"type":"Feature","properties":{"nome":"Aguiar","cod":"2500205","uf":"PB"},"geometry":{"type":"Polygon","coordinates":[[[-38.205,-7.0098],[-38.1563,-7.0094],[-38.1322,-7.0077],[-38.0897,-7.0124],[-38.0887,-7.0146],[-38.0582,-7.087],[-38.0913,-7.0903],[-38.0946,-7.0908],[-38.0979,-7.0865],[-38.1064,-7.0875],[-38.1236,-7.0863],[-38.1297,-7.0902],[-38.1335,-7.0874],[-38.1432,-7.0878],[-38.1532,-7.099],[-38.1606,-7.1081],[-38.1754,-7.1078],[-38.181,-7.1185],[-38.1868,-7.1179],[-38.1876,-7.1141],[-38.1981,-7.1203],[-38.2042,-7.1198],[-38.2325,-7.1311],[-38.2313,-7.1463],[-38.2271,-7.1511],[-38.1718,-7.1605],[-38.2301,-7.1571],[-38.2426,-7.1669],[-38.272,-7.1774],[-38.2912,-7.1748],[-38.2954,-7.1575],[-38.2955,-7.1564],[-38.2944,-7.1447],[-38.284,-7.1291],[-38.3015,-7.1272],[-38.3309,-7.1422],[-38.3311,-7.1159],[-38.3311,-7.107],[-38.3313,-7.1063],[-38.3215,-7.0962],[-38.3179,-7.084],[-38.3095,-7.0823],[-38.3353,-7.0639],[-38.3224,-7.0623],[-38.2977,-7.036],[-38.2839,-7.0116],[-38.2771,-7.0039],[-38.2623,-6.9928],[-38.2537,-6.9943],[-38.2299,-7.0027],[-38.205,-7.0098]]]}},{"type":"Feature","properties":{"nome":"Alagoa Grande","cod":"2500304","uf":"PB"},"geometry":{"type":"Polygon","coordinates":[[[-35.5347,-7.0094],[-35.5234,-7.0313],[-35.515,-7.0304],[-35.5101,-7.0316],[-35.5067,-7.0255],[-35.5011,-7.0259],[-35.4969,-7.0332],[-35.4908,-7.0664],[-35.5143,-7.062],[-35.5111,-7.0708],[-35.5046,-7.0754],[-35.507,-7.0839],[-35.5,-7.0944],[-35.5233,-7.1049],[-35.5258,-7.1096],[-35.5268,-7.1143],[-35.5328,-7.1201],[-35.5692,-7.1223],[-35.6135,-7.1339],[-35.6137,-7.134],[-35.6241,-7.1324],[-35.635,-7.1329],[-35.6475,-7.145],[-35.6528,-7.1396],[-35.66,-7.1389],[-35.6719,-7.1469],[-35.6802,-7.1484],[-35.6883,-7.1351],[-35.7022,-7.1127],[-35.7076,-7.1039],[-35.7076,-7.0901],[-35.711,-7.0885],[-35.7049,-7.0818],[-35.7051,-7.0728],[-35.7012,-7.0616],[-35.6958,-7.0635],[-35.6832,-7.0462],[-35.6714,-7.0479],[-35.6663,-7.0379],[-35.6615,-7.0344],[-35.6782,-7.0396],[-35.6912,-7.0357],[-35.6928,-7.0275],[-35.6836,-7.0258],[-35.6722,-7.0171],[-35.6653,-7.0123],[-35.6435,-6.9845],[-35.6367,-6.9803],[-35.6126,-6.9765],[-35.6006,-6.9675],[-35.5941,-6.9532],[-35.5934,-6.9478],[-35.5804,-6.9415],[-35.5736,-6.9695],[-35.5592,-6.9773],[-35.5588,-6.9777],[-35.5561,-6.9812],[-35.5347,-7.0094]]]}},{"type":"Feature","properties":{"nome":"Alagoa Nova","cod":"2500403","uf":"PB"},"geometry":{"type":"Polygon","coordinates":[[[-35.7957,-7.0233],[-35.7884,-7.0293],[-35.7792,-7.0274],[-35.7678,-7.0312],[-35.7627,-7.033],[-35.7626,-7.033],[-35.7554,-7.0266],[-35.7532,-7.0309],[-35.7434,-7.0292],[-35.7355,-7.0216],[-35.7148,-7.025],[-35.7116,-7.0233],[-35.6928,-7.0275],[-35.6912,-7.0357],[-35.6782,-7.0396],[-35.6615,-7.0344],[-35.6663,-7.0379],[-35.6714,-7.0479],[-35.6832,-7.0462],[-35.6958,-7.0635],[-35.7012,-7.0616],[-35.7051,-7.0728],[-35.7049,-7.0818],[-35.711,-7.0885],[-35.7181,-7.0907],[-35.7214,-7.0964],[-35.7227,-7.0985],[-35.7527,-7.1081],[-35.7693,-7.1042],[-35.7753,-7.1022],[-35.7947,-7.1063],[-35.7953,-7.1056],[-35.8047,-7.1014],[-35.8133,-7.1021],[-35.8116,-7.0952],[-35.8148,-7.0847],[-35.8179,-7.0767],[-35.8161,-7.0749],[-35.8233,-7.0719],[-35.8269,-7.0704],[-35.8337,-7.0601],[-35.8418,-7.0563],[-35.8554,-7.0503],[-35.8552,-7.0502],[-35.8407,-7.0408],[-35.832,-7.0291],[-35.825,-7.0302],[-35.8092,-7.0319],[-35.8089,-7.0318],[-35.7957,-7.0233]]]}},{"type":"Feature","properties":{"nome":"Alagoinha","cod":"2500502","uf":"PB"},"geometry":{"type":"Polygon","coordinates":[[[-35.5634,-6.9076],[-35.5341,-6.9285],[-35.479,-6.9231],[-35.4724,-6.9231],[-35.4717,-6.9352],[-35.4656,-6.9523],[-35.4584,-6.9572],[-35.4599,-6.9637],[-35.4592,-6.9737],[-35.4634,-6.9814],[-35.4794,-6.9899],[-35.519,-6.9858],[-35.5236,-6.9914],[-35.5149,-7.0058],[-35.5197,-7.0186],[-35.515,-7.0223],[-35.515,-7.0304],[-35.5234,-7.0313],[-35.5347,-7.0094],[-35.5561,-6.9812],[-35.5588,-6.9777],[-35.5592,-6.9773],[-35.5736,-6.9695],[-35.5804,-6.9415],[-35.5797,-6.9408],[-35.5709,-6.9348],[-35.5823,-6.9192],[-35.5634,-6.9076]]]}},{"type":"Feature","properties":{"nome":"Alcantil","cod":"2500536","uf":"PB"},"geometry":{"type":"Polygon","coordinates":[[[-36.0324,-7.5869],[-36.021,-7.591],[-36.0185,-7.5953],[-36.0166,-7.5882],[-36.0062,-7.59],[-36.0032,-7.5874],[-35.9901,-7.5951],[-35.9909,-7.6011],[-35.9759,-7.6131],[-35.971,-7.6245],[-35.9724,-7.6327],[-35.9626,-7.6396],[-35.965,-7.6484],[-35.9595,-7.6523],[-35.9716,-7.6684],[-35.9771,-7.6844],[-35.9819,-7.6917],[-35.981,-7.6942],[-35.9745,-7.6944],[-35.9759,-7.7064],[-35.9788,-7.7053],[-35.981,-7.7174],[-35.9839,-7.7177],[-35.9873,-7.7263],[-35.9852,-7.7313],[-35.9921,-7.731],[-35.991,-7.7367],[-35.9849,-7.7374],[-35.9926,-7.7433],[-35.996,-7.7622],[-36.0,-7.7629],[-36.0054,-7.7588],[-36.0076,-7.7612],[-36.0097,-7.7578],[-36.011,-7.7656],[-36.0146,-7.7649],[-36.0297,-7.7858],[-36.0312,-7.7946],[-36.0351,-7.7958],[-36.0429,-7.7933],[-36.0535,-7.8009],[-36.0687,-7.7806],[-36.103,-7.779],[-36.1169,-7.7854],[-36.1265,-7.7838],[-36.1274,-7.769],[-36.1189,-7.7516],[-36.1171,-7.7345],[-36.1071,-7.725],[-36.1047,-7.7173],[-36.1309,-7.668],[-36.1262,-7.6596],[-36.1284,-7.6501],[-36.1257,-7.6442],[-36.1315,-7.6387],[-36.1234,-7.636],[-36.1156,-7.6407],[-36.1098,-7.6362],[-36.1166,-7.6302],[-36.111,-7.6231],[-36.1042,-7.6295],[-36.1034,-7.6196],[-36.0975,-7.6238],[-36.0963,-7.6161],[-36.0917,-7.6161],[-36.0894,-7.6126],[-36.0874,-7.6161],[-36.0755,-7.6139],[-36.0713,-7.6129],[-36.0713,-7.6039],[-36.0704,-7.6019],[-36.0635,-7.608],[-36.063,-7.6033],[-36.0562,-7.6015],[-36.059,-7.5972],[-36.0553,-7.5886],[-36.0506,-7.5914],[-36.0348,-7.5888],[-36.0324,-7.5869]]]}},{"type":"Feature","properties":{"nome":"Algodão de Jandaíra","cod":"2500577","uf":"PB"},"geometry":{"type":"Polygon","coordinates":[[[-35.8391,-6.8462],[-35.8286,-6.8564],[-35.8098,-6.8632],[-35.8025,-6.8659],[-35.8071,-6.8734],[-35.8091,-6.8798],[-35.8191,-6.8738],[-35.849,-6.8553],[-35.8725,-6.8613],[-35.8929,-6.8765],[-35.9032,-6.8899],[-35.9516,-6.89],[-35.945,-6.9015],[-35.9515,-6.9091],[-35.9638,-6.9222],[-35.9798,-6.9243],[-35.9842,-6.9314],[-36.0108,-6.9437],[-36.0108,-6.9476],[-36.0175,-6.9521],[-36.0199,-6.9615],[-36.049,-6.9772],[-36.0565,-6.971],[-36.0777,-6.9707],[-36.1125,-6.9308],[-36.0981,-6.9235],[-36.0714,-6.9065],[-36.0552,-6.8934],[-36.0324,-6.8815],[-36.0244,-6.8793],[-36.0019,-6.8694],[-35.9386,-6.8286],[-35.9384,-6.8285],[-35.9233,-6.815],[-35.9165,-6.7958],[-35.8974,-6.7932],[-35.8912,-6.793],[-35.869,-6.8166],[-35.844,-6.836],[-35.8391,-6.8462]]]}},{"type":"Feature","properties":{"nome":"Alhandra","cod":"2500601","uf":"PB"},"geometry":{"type":"Polygon","coordinates":[[[-34.9261,-7.2726],[-34.9199,-7.2804],[-34.9166,-7.2889],[-34.9197,-7.2998],[-34.9182,-7.3032],[-34.8806,-7.3243],[-34.8738,-7.3334],[-34.8653,-7.3383],[-34.8595,-7.3429],[-34.8697,-7.3545],[-34.8709,-7.3607],[-34.8741,-7.3647],[-34.8966,-7.3929],[-34.9105,-7.4103],[-34.9008,-7.4165],[-34.8859,-7.4164],[-34.8812,-7.4169],[-34.8709,-7.4293],[-34.8634,-7.4335],[-34.8624,-7.429],[-34.8489,-7.4378],[-34.8492,-7.4385],[-34.8562,-7.4391],[-34.8603,-7.4542],[-34.8762,-7.456],[-34.8856,-7.4594],[-34.9064,-7.4468],[-34.91,-7.4449],[-34.9197,-7.4393],[-34.924,-7.4311],[-34.9413,-7.422],[-34.9424,-7.4163],[-34.9543,-7.4049],[-34.9525,-7.3885],[-34.9578,-7.3811],[-34.9673,-7.3676],[-34.9559,-7.3497],[-34.9804,-7.3283],[-34.9833,-7.3259],[-35.0435,-7.2784],[-35.0393,-7.2764],[-35.0175,-7.27],[-34.9908,-7.2677],[-34.9738,-7.2739],[-34.9686,-7.2821],[-34.9625,-7.2816],[-34.9497,-7.2753],[-34.9435,-7.2485],[-34.9343,-7.2521],[-34.9376,-7.2609],[-34.9393,-7.273],[-34.9261,-7.2726]]]}},{"type":"Feature","properties":{"nome":"São João do Rio do Peixe","cod":"2500700","uf":"PB"},"geometry":{"type":"Polygon","coordinates":[[[-38.3478,-6.5806],[-38.3417,-6.5817],[-38.3343,-6.5779],[-38.3424,-6.5909],[-38.3425,-6.603],[-38.3527,-6.6144],[-38.3526,-6.62],[-38.3412,-6.6285],[-38.3459,-6.6366],[-38.3505,-6.6592],[-38.3551,-6.6808],[-38.3551,-6.6813],[-38.3552,-6.6938],[-38.356,-6.7574],[-38.3599,-6.7621],[-38.3721,-6.7723],[-38.3534,-6.7715],[-38.3511,-6.7939],[-38.3517,-6.7958],[-38.3527,-6.7988],[-38.3631,-6.8242],[-38.3638,-6.8507],[-38.3639,-6.856],[-38.3701,-6.8639],[-38.3578,-6.8788],[-38.3485,-6.8807],[-38.3562,-6.8953],[-38.3632,-6.9098],[-38.3694,-6.9141],[-38.3654,-6.9196],[-38.3674,-6.9211],[-38.3785,-6.9187],[-38.3806,-6.9238],[-38.383,-6.9282],[-38.4014,-6.9288],[-38.4113,-6.9258],[-38.4263,-6.9314],[-38.4269,-6.9366],[-38.4307,-6.9118],[-38.4325,-6.8985],[-38.4256,-6.8923],[-38.4187,-6.867],[-38.4187,-6.8668],[-38.4179,-6.8489],[-38.4194,-6.8365],[-38.4228,-6.8092],[-38.4299,-6.8139],[-38.4658,-6.8098],[-38.4947,-6.8054],[-38.5319,-6.8041],[-38.5622,-6.7965],[-38.5468,-6.7911],[-38.5245,-6.7961],[-38.5171,-6.7971],[-38.5089,-6.7901],[-38.4947,-6.7856],[-38.4956,-6.7691],[-38.4891,-6.7571],[-38.4901,-6.7494],[-38.4857,-6.737],[-38.4897,-6.7359],[-38.4889,-6.7259],[-38.4937,-6.7199],[-38.5028,-6.7174],[-38.5026,-6.7079],[-38.5221,-6.704],[-38.5194,-6.6947],[-38.5242,-6.6735],[-38.5077,-6.6718],[-38.4967,-6.6621],[-38.4928,-6.6638],[-38.4829,-6.6598],[-38.4754,-6.6492],[-38.4757,-6.6359],[-38.4554,-6.6082],[-38.4493,-6.5899],[-38.4361,-6.5743],[-38.4115,-6.6011],[-38.4099,-6.5999],[-38.3852,-6.5814],[-38.3605,-6.5684],[-38.3487,-6.5737],[-38.3478,-6.5806]]]}},{"type":"Feature","properties":{"nome":"Amparo","cod":"2500734","uf":"PB"},"geometry":{"type":"Polygon","coordinates":[[[-36.999,-7.606],[-36.9819,-7.6198],[-36.9884,-7.6303],[-37.0452,-7.6087],[-37.0597,-7.6112],[-37.0693,-7.6093],[-37.0755,-7.5995],[-37.0856,-7.5956],[-37.0956,-7.5722],[-37.0901,-7.5688],[-37.0937,-7.5596],[-37.0901,-7.5557],[-37.0859,-7.5174],[-37.068,-7.5167],[-37.0535,-7.5042],[-37.0428,-7.5035],[-37.0301,-7.498],[-37.0258,-7.4969],[-37.0256,-7.4968],[-37.0249,-7.4963],[-37.0229,-7.5018],[-37.0118,-7.504],[-36.9782,-7.5427],[-37.0002,-7.5639],[-37.0021,-7.5676],[-36.9989,-7.5747],[-37.0018,-7.5794],[-36.9983,-7.5848],[-36.999,-7.606]]]}},{"type":"Feature","properties":{"nome":"Aparecida","cod":"2500775","uf":"PB"},"geometry":{"type":"Polygon","coordinates":[[[-38.0161,-6.6701],[-38.0116,-6.675],[-37.9978,-6.6767],[-37.9828,-6.6965],[-37.9858,-6.7115],[-38.0288,-6.7172],[-38.0245,-6.7636],[-38.0245,-6.7637],[-38.0162,-6.7717],[-38.0141,-6.7807],[-38.0163,-6.7881],[-38.0097,-6.7973],[-37.9999,-6.8164],[-37.9898,-6.8266],[-37.995,-6.8282],[-38.0027,-6.8238],[-38.01,-6.8309],[-38.01,-6.8311],[-38.0116,-6.8478],[-38.0008,-6.8553],[-37.9972,-6.8725],[-38.0143,-6.8843],[-38.0263,-6.8814],[-38.0301,-6.8872],[-38.0406,-6.8873],[-38.0682,-6.8793],[-38.0889,-6.887],[-38.1053,-6.8867],[-38.1228,-6.8972],[-38.1339,-6.8924],[-38.1505,-6.8951],[-38.1372,-6.8724],[-38.133,-6.8714],[-38.1309,-6.86],[-38.1189,-6.8532],[-38.1295,-6.8176],[-38.1356,-6.7875],[-38.1397,-6.753],[-38.1015,-6.7229],[-38.0916,-6.6888],[-38.0871,-6.6884],[-38.0861,-6.6846],[-38.069,-6.6727],[-38.0488,-6.6753],[-38.0387,-6.6686],[-38.0161,-6.6701]]]}},{"type":"Feature","properties":{"nome":"Araçagi","cod":"2500809","uf":"PB"},"geometry":{"type":"Polygon","coordinates":[[[-35.323,-6.7985],[-35.3274,-6.8245],[-35.3056,-6.8315],[-35.3001,-6.8512],[-35.3185,-6.8604],[-35.3158,-6.8714],[-35.3053,-6.8836],[-35.3052,-6.896],[-35.3015,-6.9034],[-35.302,-6.9082],[-35.2957,-6.913],[-35.2922,-6.9253],[-35.2872,-6.943],[-35.2775,-6.9426],[-35.2739,-6.9476],[-35.2662,-6.9525],[-35.2628,-6.9548],[-35.2623,-6.955],[-35.2627,-6.9554],[-35.2776,-6.9689],[-35.316,-6.9849],[-35.3168,-6.9851],[-35.3169,-6.9849],[-35.3406,-6.956],[-35.3428,-6.942],[-35.3456,-6.9411],[-35.3625,-6.9397],[-35.381,-6.9325],[-35.3822,-6.9237],[-35.3843,-6.9014],[-35.3851,-6.8935],[-35.3888,-6.8563],[-35.3918,-6.8539],[-35.3895,-6.8484],[-35.3931,-6.8455],[-35.3982,-6.8467],[-35.3999,-6.8443],[-35.4026,-6.8477],[-35.4035,-6.8454],[-35.4061,-6.8325],[-35.4096,-6.8351],[-35.4114,-6.8303],[-35.4156,-6.8309],[-35.4189,-6.8325],[-35.4174,-6.8248],[-35.4223,-6.8227],[-35.4184,-6.8133],[-35.428,-6.8152],[-35.4298,-6.8129],[-35.4592,-6.8211],[-35.4645,-6.8117],[-35.4615,-6.8094],[-35.4464,-6.7921],[-35.4353,-6.7873],[-35.4238,-6.7769],[-35.417,-6.7743],[-35.4086,-6.7655],[-35.3904,-6.7612],[-35.3741,-6.756],[-35.3726,-6.7555],[-35.3721,-6.7553],[-35.3585,-6.757],[-35.3503,-6.7742],[-35.3502,-6.7742],[-35.3402,-6.7794],[-35.3248,-6.7795],[-35.3208,-6.7885],[-35.3158,-6.7886],[-35.323,-6.7985]]]}},{"type":"Feature","properties":{"nome":"Arara","cod":"2500908","uf":"PB"},"geometry":{"type":"Polygon","coordinates":[[[-35.7291,-6.8169],[-35.7197,-6.8248],[-35.7159,-6.8207],[-35.7058,-6.8192],[-35.7019,-6.8147],[-35.7005,-6.8143],[-35.7016,-6.8329],[-35.7088,-6.8408],[-35.6991,-6.8461],[-35.6926,-6.8598],[-35.6876,-6.8618],[-35.6781,-6.8673],[-35.674,-6.8663],[-35.6586,-6.8677],[-35.653,-6.8817],[-35.6457,-6.8823],[-35.6453,-6.883],[-35.6497,-6.9096],[-35.6563,-6.9098],[-35.6594,-6.907],[-35.6695,-6.8999],[-35.6798,-6.8907],[-35.7214,-6.8938],[-35.7269,-6.8943],[-35.7299,-6.8927],[-35.7501,-6.8827],[-35.7647,-6.8832],[-35.7673,-6.8748],[-35.7751,-6.8761],[-35.783,-6.8735],[-35.7858,-6.8726],[-35.8005,-6.8641],[-35.8025,-6.8659],[-35.8098,-6.8632],[-35.8081,-6.8476],[-35.8116,-6.843],[-35.8063,-6.8408],[-35.8051,-6.8342],[-35.7961,-6.8339],[-35.792,-6.8263],[-35.7865,-6.8238],[-35.7624,-6.8238],[-35.7592,-6.8242],[-35.755,-6.8245],[-35.7522,-6.8249],[-35.7422,-6.8131],[-35.7291,-6.8169]]]}},{"type":"Feature","properties":{"nome":"Araruna","cod":"2501005","uf":"PB"},"geometry":{"type":"Polygon","coordinates":[[[-35.6569,-6.4454],[-35.6365,-6.454],[-35.6531,-6.4914],[-35.664,-6.5004],[-35.6871,-6.5336],[-35.6917,-6.5543],[-35.7127,-6.5654],[-35.7208,-6.5655],[-35.7193,-6.5687],[-35.7083,-6.5892],[-35.6898,-6.5907],[-35.7068,-6.5995],[-35.7182,-6.6014],[-35.7226,-6.611],[-35.7346,-6.6135],[-35.7367,-6.6013],[-35.7403,-6.597],[-35.7491,-6.5975],[-35.7554,-6.5921],[-35.7766,-6.5958],[-35.7769,-6.5956],[-35.8099,-6.578],[-35.8209,-6.5733],[-35.8309,-6.5637],[-35.8587,-6.5467],[-35.8679,-6.5454],[-35.8528,-6.4872],[-35.817,-6.4851],[-35.7823,-6.483],[-35.7796,-6.4829],[-35.773,-6.4824],[-35.7499,-6.4781],[-35.7432,-6.4735],[-35.7408,-6.4759],[-35.7259,-6.4692],[-35.7215,-6.4713],[-35.7109,-6.4707],[-35.6979,-6.4625],[-35.6816,-6.4475],[-35.671,-6.4513],[-35.6648,-6.4501],[-35.6633,-6.4464],[-35.6569,-6.4454]]]}},{"type":"Feature","properties":{"nome":"Areia","cod":"2501104","uf":"PB"},"geometry":{"type":"Polygon","coordinates":[[[-35.783,-6.8735],[-35.7751,-6.8761],[-35.7673,-6.8748],[-35.7647,-6.8832],[-35.7501,-6.8827],[-35.7299,-6.8927],[-35.7269,-6.8943],[-35.7214,-6.8938],[-35.6798,-6.8907],[-35.6695,-6.8999],[-35.6594,-6.907],[-35.6563,-6.9098],[-35.6497,-6.9096],[-35.6495,-6.9096],[-35.6133,-6.9162],[-35.6045,-6.9171],[-35.5828,-6.9192],[-35.5823,-6.9192],[-35.5709,-6.9348],[-35.5797,-6.9408],[-35.5804,-6.9415],[-35.5934,-6.9478],[-35.5941,-6.9532],[-35.6006,-6.9675],[-35.6126,-6.9765],[-35.6367,-6.9803],[-35.6435,-6.9845],[-35.6653,-7.0123],[-35.6722,-7.0171],[-35.6836,-7.0258],[-35.6928,-7.0275],[-35.7116,-7.0233],[-35.7148,-7.025],[-35.7355,-7.0216],[-35.7434,-7.0292],[-35.7532,-7.0309],[-35.7554,-7.0266],[-35.7626,-7.033],[-35.7627,-7.033],[-35.7678,-7.0312],[-35.7792,-7.0274],[-35.7785,-7.0211],[-35.7821,-7.0185],[-35.7778,-7.0033],[-35.7747,-6.9955],[-35.7741,-6.9888],[-35.7761,-6.984],[-35.776,-6.9837],[-35.7741,-6.9619],[-35.7911,-6.9377],[-35.7915,-6.9363],[-35.792,-6.915],[-35.7928,-6.8961],[-35.8071,-6.8734],[-35.8025,-6.8659],[-35.8005,-6.8641],[-35.7858,-6.8726],[-35.783,-6.8735]]]}},{"type":"Feature","properties":{"nome":"Areia de Baraúnas","cod":"2501153","uf":"PB"},"geometry":{"type":"Polygon","coordinates":[[[-36.9372,-7.0468],[-36.9293,-7.0575],[-36.9163,-7.0802],[-36.9224,-7.0873],[-36.9238,-7.1051],[-36.9322,-7.1095],[-36.9233,-7.1176],[-36.9259,-7.1218],[-36.931,-7.1497],[-36.9441,-7.1514],[-36.9543,-7.1485],[-36.9545,-7.1485],[-36.9639,-7.1504],[-36.9763,-7.1601],[-36.9923,-7.1797],[-37.0016,-7.1753],[-36.9999,-7.1739],[-36.9953,-7.1682],[-36.9939,-7.157],[-36.9961,-7.1479],[-37.0029,-7.1451],[-36.9997,-7.1359],[-37.0031,-7.1308],[-37.0045,-7.1273],[-36.9951,-7.1264],[-36.9934,-7.1195],[-37.0057,-7.0746],[-37.0066,-7.0521],[-37.0049,-7.0515],[-36.9971,-7.0609],[-36.9931,-7.0613],[-36.9754,-7.0569],[-36.9591,-7.0477],[-36.9482,-7.0478],[-36.9435,-7.0446],[-36.9372,-7.0468]]]}},{"type":"Feature","properties":{"nome":"Areial","cod":"2501203","uf":"PB"},"geometry":{"type":"Polygon","coordinates":[[[-35.9529,-7.0147],[-35.9468,-7.0196],[-35.9278,-7.0172],[-35.927,-7.0173],[-35.9148,-7.0286],[-35.9109,-7.0326],[-35.9037,-7.0389],[-35.9026,-7.0456],[-35.9029,-7.0555],[-35.9121,-7.0705],[-35.922,-7.08],[-35.9272,-7.0784],[-35.9616,-7.0689],[-35.9624,-7.0686],[-35.9626,-7.0686],[-35.9692,-7.0679],[-35.9652,-7.0621],[-35.9583,-7.0594],[-35.9587,-7.0456],[-35.9501,-7.0292],[-35.9555,-7.0242],[-35.9626,-7.0244],[-35.957,-7.0168],[-35.9569,-7.0165],[-35.9529,-7.0147]]]}},{"type":"Feature","properties":{"nome":"Aroeiras","cod":"2501302","uf":"PB"},"geometry":{"type":"Polygon","coordinates":[[[-35.5836,-7.4502],[-35.5822,-7.4617],[-35.5881,-7.4808],[-35.5912,-7.4887],[-35.5923,-7.5048],[-35.5951,-7.5249],[-35.5951,-7.525],[-35.5943,-7.5401],[-35.6019,-7.5527],[-35.6007,-7.5788],[-35.6,-7.5887],[-35.5898,-7.6044],[-35.595,-7.6165],[-35.5974,-7.6179],[-35.6102,-7.6178],[-35.6165,-7.6058],[-35.6241,-7.608],[-35.6341,-7.6123],[-35.6519,-7.6124],[-35.6578,-7.6192],[-35.6701,-7.622],[-35.6749,-7.6268],[-35.6767,-7.6361],[-35.6853,-7.6408],[-35.7112,-7.6415],[-35.7244,-7.638],[-35.7332,-7.6296],[-35.7292,-7.626],[-35.7343,-7.6215],[-35.7336,-7.6146],[-35.7294,-7.6084],[-35.7338,-7.5974],[-35.7461,-7.5921],[-35.7449,-7.5841],[-35.7573,-7.5723],[-35.758,-7.5716],[-35.7845,-7.5464],[-35.7904,-7.5408],[-35.7957,-7.535],[-35.8063,-7.5309],[-35.8127,-7.5265],[-35.8297,-7.4937],[-35.8315,-7.4659],[-35.8245,-7.4599],[-35.8207,-7.464],[-35.8138,-7.4601],[-35.8064,-7.4635],[-35.809,-7.4658],[-35.8074,-7.4714],[-35.7959,-7.4711],[-35.7911,-7.4635],[-35.7865,-7.4661],[-35.7869,-7.4722],[-35.7864,-7.4752],[-35.7788,-7.4702],[-35.773,-7.4736],[-35.7734,-7.4796],[-35.7704,-7.4813],[-35.7641,-7.477],[-35.7593,-7.4775],[-35.7544,-7.4694],[-35.7467,-7.474],[-35.7369,-7.4675],[-35.734,-7.4744],[-35.7227,-7.4653],[-35.7219,-7.4714],[-35.7198,-7.474],[-35.7118,-7.4701],[-35.7075,-7.4722],[-35.6992,-7.468],[-35.6931,-7.4769],[-35.6862,-7.4759],[-35.6863,-7.4681],[-35.6792,-7.4677],[-35.6779,-7.46],[-35.667,-7.4657],[-35.6616,-7.4596],[-35.6424,-7.4538],[-35.6312,-7.4496],[-35.6236,-7.4518],[-35.6174,-7.4491],[-35.6047,-7.4505],[-35.6008,-7.4496],[-35.5947,-7.454],[-35.5898,-7.4472],[-35.5836,-7.4502]]]}},{"type":"Feature","properties":{"nome":"Assunção","cod":"2501351","uf":"PB"},"geometry":{"type":"Polygon","coordinates":[[[-36.6715,-7.1004],[-36.6614,-7.1172],[-36.661,-7.1267],[-36.6746,-7.1235],[-36.6938,-7.1258],[-36.6984,-7.1348],[-36.7119,-7.1414],[-36.7291,-7.1238],[-36.7277,-7.1142],[-36.7519,-7.1214],[-36.7781,-7.1121],[-36.7512,-7.0798],[-36.751,-7.0795],[-36.75,-7.0583],[-36.7537,-7.0425],[-36.7425,-7.0326],[-36.7418,-7.0249],[-36.7303,-7.0188],[-36.7253,-7.0035],[-36.7028,-7.0069],[-36.6862,-7.0091],[-36.6757,-7.0145],[-36.6573,-7.0496],[-36.6616,-7.0555],[-36.6575,-7.0617],[-36.6576,-7.0618],[-36.6651,-7.0707],[-36.6574,-7.0734],[-36.6691,-7.0786],[-36.6664,-7.0976],[-36.6715,-7.1004]]]}},{"type":"Feature","properties":{"nome":"Baía da Traição","cod":"2501401","uf":"PB"},"geometry":{"type":"Polygon","coordinates":[[[-34.9926,-6.5948],[-34.9783,-6.6002],[-34.9723,-6.5964],[-34.9724,-6.6006],[-34.9652,-6.6027],[-34.9619,-6.6398],[-34.956,-6.6621],[-34.9469,-6.6806],[-34.9308,-6.6878],[-34.9344,-6.6983],[-34.9338,-6.7101],[-34.9316,-6.7205],[-34.9439,-6.7143],[-34.9716,-6.7152],[-35.0079,-6.7044],[-35.0274,-6.7081],[-35.0313,-6.7036],[-35.0369,-6.6693],[-35.0216,-6.6238],[-35.0169,-6.6147],[-35.0054,-6.5977],[-35.0007,-6.5962],[-34.9926,-6.5948]]]}},{"type":"Feature","properties":{"nome":"Bananeiras","cod":"2501500","uf":"PB"},"geometry":{"type":"Polygon","coordinates":[[[-35.5602,-6.5996],[-35.552,-6.6089],[-35.5453,-6.6098],[-35.5365,-6.6016],[-35.5287,-6.6051],[-35.5252,-6.6084],[-35.5257,-6.6442],[-35.5257,-6.6449],[-35.5256,-6.6623],[-35.5308,-6.6737],[-35.5399,-6.6873],[-35.5397,-6.6953],[-35.54,-6.7003],[-35.545,-6.7092],[-35.5451,-6.7209],[-35.5421,-6.7229],[-35.5374,-6.7259],[-35.5375,-6.737],[-35.5319,-6.7449],[-35.5214,-6.7516],[-35.5213,-6.7581],[-35.5282,-6.7711],[-35.5284,-6.771],[-35.536,-6.7705],[-35.5668,-6.7917],[-35.5676,-6.7915],[-35.5897,-6.7843],[-35.6068,-6.7812],[-35.613,-6.7801],[-35.6439,-6.7746],[-35.6474,-6.7622],[-35.6485,-6.7585],[-35.6519,-6.755],[-35.6635,-6.7466],[-35.6732,-6.7316],[-35.6762,-6.7256],[-35.6726,-6.7168],[-35.6726,-6.7035],[-35.6778,-6.6875],[-35.6852,-6.6827],[-35.6886,-6.6698],[-35.6833,-6.6592],[-35.6832,-6.659],[-35.6789,-6.6508],[-35.6702,-6.6501],[-35.668,-6.6446],[-35.6701,-6.6373],[-35.6605,-6.6364],[-35.6507,-6.6438],[-35.6419,-6.6431],[-35.6263,-6.656],[-35.6101,-6.6522],[-35.6022,-6.6366],[-35.5976,-6.6335],[-35.5941,-6.6272],[-35.5875,-6.6166],[-35.5748,-6.6068],[-35.571,-6.6074],[-35.5602,-6.5996]]]}},{"type":"Feature","properties":{"nome":"Baraúna","cod":"2501534","uf":"PB"},"geometry":{"type":"Polygon","coordinates":[[[-36.2507,-6.6842],[-36.2657,-6.6988],[-36.2661,-6.6958],[-36.2713,-6.6862],[-36.2771,-6.6568],[-36.2739,-6.6429],[-36.2726,-6.6364],[-36.2725,-6.6051],[-36.2951,-6.5711],[-36.2987,-6.5659],[-36.3008,-6.543],[-36.2908,-6.5578],[-36.2698,-6.5722],[-36.252,-6.5789],[-36.2339,-6.5944],[-36.234,-6.595],[-36.2427,-6.6415],[-36.2428,-6.6418],[-36.2507,-6.6842]]]}},{"type":"Feature","properties":{"nome":"Barra de Santana","cod":"2501575","uf":"PB"},"geometry":{"type":"Polygon","coordinates":[[[-35.9578,-7.4932],[-35.9539,-7.4952],[-35.9513,-7.4929],[-35.9377,-7.5053],[-35.9191,-7.5125],[-35.9147,-7.5058],[-35.9024,-7.5077],[-35.9003,-7.5157],[-35.8909,-7.51],[-35.8739,-7.5119],[-35.874,-7.5122],[-35.8735,-7.5193],[-35.8826,-7.53],[-35.8837,-7.5402],[-35.8794,-7.5451],[-35.8708,-7.5449],[-35.8638,-7.55],[-35.8574,-7.5569],[-35.8467,-7.5564],[-35.8274,-7.5629],[-35.8285,-7.5703],[-35.8258,-7.5707],[-35.8267,-7.5734],[-35.8506,-7.5766],[-35.8644,-7.5888],[-35.8653,-7.5893],[-35.8719,-7.604],[-35.8786,-7.6093],[-35.8669,-7.6369],[-35.8643,-7.6425],[-35.8685,-7.6485],[-35.8657,-7.6514],[-35.8656,-7.6629],[-35.8894,-7.6629],[-35.8965,-7.6693],[-35.9176,-7.6769],[-35.9223,-7.6817],[-35.9314,-7.6811],[-35.9341,-7.6685],[-35.9452,-7.662],[-35.9525,-7.6494],[-35.9595,-7.6523],[-35.965,-7.6484],[-35.9626,-7.6396],[-35.9724,-7.6327],[-35.971,-7.6245],[-35.9759,-7.6131],[-35.9909,-7.6011],[-35.9901,-7.5951],[-36.0032,-7.5874],[-36.0062,-7.59],[-36.0166,-7.5882],[-36.0185,-7.5953],[-36.021,-7.591],[-36.0324,-7.5869],[-36.0348,-7.5888],[-36.0506,-7.5914],[-36.0553,-7.5886],[-36.059,-7.5972],[-36.0562,-7.6015],[-36.063,-7.6033],[-36.0635,-7.608],[-36.0704,-7.6019],[-36.0713,-7.6039],[-36.087,-7.6005],[-36.0949,-7.594],[-36.0951,-7.5813],[-36.1152,-7.572],[-36.1176,-7.56],[-36.1176,-7.5598],[-36.1132,-7.5554],[-36.1164,-7.5525],[-36.1106,-7.5496],[-36.1122,-7.5464],[-36.1097,-7.5451],[-36.0998,-7.5445],[-36.0924,-7.5394],[-36.0835,-7.5407],[-36.0828,-7.5342],[-36.0734,-7.5309],[-36.067,-7.5304],[-36.0578,-7.5183],[-36.0488,-7.4825],[-36.01,-7.4537],[-36.0094,-7.4532],[-35.9927,-7.4596],[-35.9914,-7.4671],[-35.9814,-7.4696],[-35.9726,-7.4793],[-35.9649,-7.4816],[-35.9638,-7.4882],[-35.9578,-7.4932]]]}},{"type":"Feature","properties":{"nome":"Barra de Santa Rosa","cod":"2501609","uf":"PB"},"geometry":{"type":"Polygon","coordinates":[[[-35.9742,-6.6049],[-35.9945,-6.6403],[-36.0064,-6.6505],[-36.0041,-6.6533],[-36.0082,-6.6635],[-36.0062,-6.672],[-35.9971,-6.6797],[-35.9982,-6.6847],[-35.9938,-6.6919],[-35.9762,-6.7054],[-35.9712,-6.7053],[-35.9622,-6.697],[-35.9487,-6.6981],[-35.942,-6.7052],[-35.9339,-6.7179],[-35.9224,-6.7199],[-35.9222,-6.7309],[-35.8985,-6.7436],[-35.8962,-6.75],[-35.9026,-6.7576],[-35.8993,-6.773],[-35.9053,-6.7781],[-35.9066,-6.7843],[-35.8974,-6.7932],[-35.9165,-6.7958],[-35.9233,-6.815],[-35.9384,-6.8285],[-35.9386,-6.8286],[-36.0019,-6.8694],[-36.0244,-6.8793],[-36.0324,-6.8815],[-36.0552,-6.8934],[-36.0714,-6.9065],[-36.0981,-6.9235],[-36.1125,-6.9308],[-36.1462,-6.9433],[-36.1474,-6.9435],[-36.1699,-6.9411],[-36.1887,-6.9215],[-36.2612,-6.8454],[-36.2611,-6.8451],[-36.2486,-6.8308],[-36.1664,-6.7367],[-36.1494,-6.7172],[-36.1494,-6.7172],[-36.1063,-6.6679],[-36.1061,-6.6677],[-36.065,-6.6515],[-36.0453,-6.6382],[-36.0444,-6.638],[-36.0373,-6.6383],[-36.0112,-6.6215],[-36.0004,-6.6181],[-35.9883,-6.6068],[-35.9692,-6.589],[-35.9742,-6.6049]]]}},{"type":"Feature","properties":{"nome":"Barra de São Miguel","cod":"2501708","uf":"PB"},"geometry":{"type":"Polygon","coordinates":[[[-36.22,-7.5975],[-36.2045,-7.6156],[-36.197,-7.6396],[-36.1983,-7.644],[-36.1976,-7.6451],[-36.1597,-7.6884],[-36.1595,-7.6937],[-36.1627,-7.7306],[-36.1582,-7.7523],[-36.1536,-7.757],[-36.1351,-7.7617],[-36.1274,-7.769],[-36.1265,-7.7838],[-36.143,-7.7812],[-36.1819,-7.7834],[-36.2006,-7.7895],[-36.2062,-7.77],[-36.2163,-7.7637],[-36.246,-7.7849],[-36.2539,-7.796],[-36.254,-7.8013],[-36.2392,-7.8108],[-36.2397,-7.8173],[-36.253,-7.8295],[-36.2632,-7.8313],[-36.2708,-7.8302],[-36.294,-7.8115],[-36.3088,-7.8063],[-36.3365,-7.809],[-36.3604,-7.8053],[-36.3731,-7.8122],[-36.3961,-7.8083],[-36.3989,-7.7657],[-36.4409,-7.683],[-36.4454,-7.6741],[-36.3573,-7.6741],[-36.3531,-7.6666],[-36.3595,-7.6613],[-36.3705,-7.6382],[-36.3659,-7.6359],[-36.3615,-7.6201],[-36.3667,-7.6199],[-36.3683,-7.6131],[-36.3613,-7.6037],[-36.3526,-7.5994],[-36.3316,-7.6024],[-36.3191,-7.6103],[-36.3015,-7.5978],[-36.2958,-7.5925],[-36.2898,-7.5856],[-36.2979,-7.5846],[-36.2995,-7.5795],[-36.2902,-7.5738],[-36.2842,-7.5632],[-36.2619,-7.5523],[-36.2464,-7.5322],[-36.237,-7.5301],[-36.2298,-7.5357],[-36.2251,-7.5418],[-36.224,-7.5544],[-36.2268,-7.5745],[-36.22,-7.5975]]]}},{"type":"Feature","properties":{"nome":"Bayeux","cod":"2501807","uf":"PB"},"geometry":{"type":"Polygon","coordinates":[[[-34.8914,-7.1109],[-34.8953,-7.1223],[-34.902,-7.1205],[-34.9043,-7.1266],[-34.9129,-7.1282],[-34.9189,-7.1337],[-34.9176,-7.1431],[-34.9109,-7.1487],[-34.911,-7.1538],[-34.9165,-7.1655],[-34.9243,-7.1705],[-34.927,-7.1671],[-34.9342,-7.1685],[-34.9472,-7.1635],[-34.9531,-7.1688],[-34.9641,-7.1676],[-34.9735,-7.1752],[-34.9539,-7.1445],[-34.9413,-7.1247],[-34.9258,-7.1184],[-34.9212,-7.1225],[-34.9188,-7.1152],[-34.9151,-7.1158],[-34.9115,-7.1068],[-34.9143,-7.1026],[-34.9086,-7.1022],[-34.9155,-7.0936],[-34.9118,-7.0787],[-34.9025,-7.0884],[-34.8916,-7.095],[-34.8952,-7.1057],[-34.8914,-7.1109]]]}},{"type":"Feature","properties":{"nome":"Belém","cod":"2501906","uf":"PB"},"geometry":{"type":"Polygon","coordinates":[[[-35.4745,-6.7696],[-35.4831,-6.7742],[-35.4921,-6.7744],[-35.4984,-6.7722],[-35.5008,-6.7705],[-35.5099,-6.7582],[-35.5213,-6.7581],[-35.5214,-6.7516],[-35.5319,-6.7449],[-35.5375,-6.737],[-35.5374,-6.7259],[-35.5421,-6.7229],[-35.5451,-6.7209],[-35.545,-6.7092],[-35.54,-6.7003],[-35.5397,-6.6953],[-35.5399,-6.6873],[-35.5308,-6.6737],[-35.5256,-6.6623],[-35.5257,-6.6449],[-35.5257,-6.6442],[-35.5081,-6.6477],[-35.492,-6.6513],[-35.4231,-6.6668],[-35.4464,-6.676],[-35.4555,-6.689],[-35.4657,-6.7036],[-35.496,-6.7302],[-35.4981,-6.7321],[-35.4749,-6.7403],[-35.4431,-6.7514],[-35.459,-6.7529],[-35.4745,-6.7696]]]}},{"type":"Feature","properties":{"nome":"Belém do Brejo do Cruz","cod":"2502003","uf":"PB"},"geometry":{"type":"Polygon","coordinates":[[[-37.2315,-6.0272],[-37.2223,-6.0418],[-37.2041,-6.0378],[-37.194,-6.0476],[-37.1736,-6.0476],[-37.1752,-6.0545],[-37.1702,-6.0827],[-37.1723,-6.0984],[-37.1666,-6.11],[-37.1748,-6.1418],[-37.166,-6.1535],[-37.1566,-6.1521],[-37.1653,-6.17],[-37.1739,-6.1797],[-37.1926,-6.1827],[-37.1939,-6.1978],[-37.2012,-6.2053],[-37.2339,-6.2129],[-37.2389,-6.2042],[-37.2489,-6.2016],[-37.2468,-6.1929],[-37.2514,-6.1905],[-37.2665,-6.1913],[-37.2703,-6.1865],[-37.2792,-6.187],[-37.2889,-6.1856],[-37.2886,-6.1905],[-37.2922,-6.1869],[-37.3008,-6.1888],[-37.3269,-6.1769],[-37.3326,-6.1704],[-37.3416,-6.1683],[-37.3664,-6.1737],[-37.374,-6.1742],[-37.4009,-6.1923],[-37.4115,-6.1917],[-37.4301,-6.2],[-37.4347,-6.1993],[-37.4374,-6.209],[-37.4453,-6.2165],[-37.4589,-6.2212],[-37.4665,-6.2326],[-37.4842,-6.2434],[-37.4954,-6.243],[-37.5184,-6.2414],[-37.5239,-6.2463],[-37.5322,-6.2447],[-37.5334,-6.2428],[-37.541,-6.2438],[-37.5507,-6.2398],[-37.576,-6.2463],[-37.5874,-6.2576],[-37.6066,-6.2635],[-37.6127,-6.2704],[-37.6153,-6.2599],[-37.6237,-6.2472],[-37.6169,-6.2299],[-37.6187,-6.2063],[-37.6159,-6.1758],[-37.5996,-6.1736],[-37.5848,-6.1624],[-37.5734,-6.1584],[-37.5734,-6.1582],[-37.5693,-6.155],[-37.5603,-6.1641],[-37.5397,-6.1655],[-37.536,-6.1524],[-37.5215,-6.1514],[-37.5025,-6.1517],[-37.5031,-6.144],[-37.489,-6.144],[-37.4826,-6.1513],[-37.4738,-6.1483],[-37.4586,-6.1446],[-37.4536,-6.1197],[-37.4454,-6.1118],[-37.4256,-6.1086],[-37.4075,-6.1124],[-37.3918,-6.1078],[-37.382,-6.0852],[-37.3784,-6.0847],[-37.3712,-6.0824],[-37.3541,-6.0861],[-37.3354,-6.0671],[-37.3285,-6.0643],[-37.3089,-6.0574],[-37.3003,-6.0499],[-37.2952,-6.0497],[-37.2866,-6.0576],[-37.2721,-6.0553],[-37.2632,-6.046],[-37.2561,-6.0281],[-37.2503,-6.0255],[-37.2315,-6.0272]]]}},{"type":"Feature","properties":{"nome":"Bernardino Batista","cod":"2502052","uf":"PB"},"geometry":{"type":"Polygon","coordinates":[[[-38.5214,-6.4717],[-38.513,-6.493],[-38.5367,-6.4917],[-38.536,-6.5109],[-38.5421,-6.5116],[-38.5422,-6.5117],[-38.5709,-6.5136],[-38.5917,-6.5189],[-38.6016,-6.5256],[-38.6067,-6.5291],[-38.6102,-6.5319],[-38.6158,-6.5277],[-38.6119,-6.5128],[-38.5946,-6.5],[-38.5701,-6.4698],[-38.5695,-6.4545],[-38.5653,-6.4511],[-38.5561,-6.4472],[-38.5551,-6.4371],[-38.5455,-6.4344],[-38.5347,-6.4446],[-38.5214,-6.4717]]]}},{"type":"Feature","properties":{"nome":"Boa Ventura","cod":"2502102","uf":"PB"},"geometry":{"type":"Polygon","coordinates":[[[-38.118,-7.4164],[-38.095,-7.476],[-38.0947,-7.4767],[-38.1437,-7.4785],[-38.1536,-7.4635],[-38.1735,-7.4702],[-38.2217,-7.4866],[-38.2292,-7.4859],[-38.2571,-7.4836],[-38.2564,-7.4684],[-38.2616,-7.461],[-38.2524,-7.4502],[-38.2464,-7.4231],[-38.2443,-7.4123],[-38.2593,-7.3884],[-38.2452,-7.3798],[-38.2457,-7.3681],[-38.202,-7.3683],[-38.1741,-7.3688],[-38.1738,-7.369],[-38.1414,-7.396],[-38.1407,-7.3966],[-38.1318,-7.4063],[-38.119,-7.4114],[-38.118,-7.4164]]]}},{"type":"Feature","properties":{"nome":"Boa Vista","cod":"2502151","uf":"PB"},"geometry":{"type":"Polygon","coordinates":[[[-36.0921,-7.1954],[-36.0939,-7.2092],[-36.1023,-7.2197],[-36.1046,-7.2305],[-36.1025,-7.2356],[-36.1059,-7.2382],[-36.1087,-7.2523],[-36.1106,-7.2564],[-36.1144,-7.2547],[-36.114,-7.2704],[-36.114,-7.2708],[-36.1191,-7.3017],[-36.1283,-7.3582],[-36.1473,-7.3459],[-36.1754,-7.347],[-36.1956,-7.3614],[-36.202,-7.3626],[-36.2114,-7.3551],[-36.2256,-7.3696],[-36.2369,-7.3681],[-36.2386,-7.366],[-36.2335,-7.3598],[-36.2412,-7.3549],[-36.2415,-7.3549],[-36.2516,-7.3624],[-36.2723,-7.3577],[-36.2809,-7.3694],[-36.3233,-7.3717],[-36.3454,-7.3675],[-36.3305,-7.3071],[-36.3434,-7.2827],[-36.3258,-7.1883],[-36.2854,-7.1927],[-36.2222,-7.2002],[-36.2242,-7.197],[-36.1704,-7.2014],[-36.1398,-7.164],[-36.1094,-7.1518],[-36.0945,-7.1536],[-36.0921,-7.1954]]]}},{"type":"Feature","properties":{"nome":"Bom Jesus","cod":"2502201","uf":"PB"},"geometry":{"type":"Polygon","coordinates":[[[-38.5674,-6.7905],[-38.5736,-6.8015],[-38.5866,-6.8004],[-38.5859,-6.804],[-38.5919,-6.8038],[-38.598,-6.8122],[-38.6066,-6.8138],[-38.6076,-6.82],[-38.6182,-6.8317],[-38.6152,-6.8409],[-38.6272,-6.8411],[-38.6283,-6.8472],[-38.641,-6.8545],[-38.6485,-6.877],[-38.6497,-6.876],[-38.6565,-6.8658],[-38.6717,-6.8545],[-38.6719,-6.8466],[-38.67,-6.843],[-38.6776,-6.8341],[-38.6752,-6.8298],[-38.6614,-6.8233],[-38.6575,-6.8162],[-38.6553,-6.8138],[-38.6544,-6.8129],[-38.6481,-6.807],[-38.6351,-6.8042],[-38.642,-6.7913],[-38.6398,-6.7888],[-38.6291,-6.7895],[-38.6171,-6.7936],[-38.6136,-6.782],[-38.5971,-6.7872],[-38.5674,-6.7905]]]}},{"type":"Feature","properties":{"nome":"Bom Sucesso","cod":"2502300","uf":"PB"},"geometry":{"type":"Polygon","coordinates":[[[-37.9549,-6.4077],[-37.9451,-6.4222],[-37.9278,-6.4212],[-37.9191,-6.4112],[-37.914,-6.4132],[-37.9121,-6.4199],[-37.8996,-6.4209],[-37.8987,-6.421],[-37.8639,-6.4498],[-37.8872,-6.4991],[-37.8923,-6.5122],[-37.8927,-6.513],[-37.9037,-6.5413],[-37.9161,-6.5327],[-37.9321,-6.5289],[-37.9324,-6.5288],[-37.9795,-6.5312],[-37.9975,-6.5273],[-38.0149,-6.5272],[-38.0256,-6.5276],[-38.027,-6.5248],[-38.0191,-6.503],[-38.017,-6.4793],[-38.0264,-6.4744],[-38.0215,-6.4681],[-38.0126,-6.4685],[-38.0196,-6.4456],[-38.0079,-6.4318],[-38.014,-6.43],[-38.0133,-6.427],[-37.9887,-6.4282],[-37.9799,-6.4267],[-37.9787,-6.4263],[-37.9683,-6.4183],[-37.9677,-6.4047],[-37.955,-6.3978],[-37.9549,-6.4077]]]}},{"type":"Feature","properties":{"nome":"Bonito de Santa Fé","cod":"2502409","uf":"PB"},"geometry":{"type":"Polygon","coordinates":[[[-38.4441,-7.2127],[-38.4429,-7.2208],[-38.4311,-7.2265],[-38.4062,-7.2072],[-38.4056,-7.2213],[-38.4116,-7.2378],[-38.4032,-7.2482],[-38.4128,-7.2537],[-38.4161,-7.2612],[-38.4195,-7.2699],[-38.4166,-7.281],[-38.4214,-7.2894],[-38.4216,-7.303],[-38.4135,-7.3057],[-38.4127,-7.3211],[-38.4085,-7.3312],[-38.4149,-7.3431],[-38.4326,-7.3428],[-38.4403,-7.3579],[-38.4533,-7.361],[-38.4629,-7.3706],[-38.4767,-7.3746],[-38.4803,-7.3816],[-38.4863,-7.3791],[-38.4868,-7.3789],[-38.4954,-7.3745],[-38.5027,-7.375],[-38.5048,-7.3646],[-38.516,-7.3668],[-38.5163,-7.3695],[-38.5198,-7.3645],[-38.524,-7.3643],[-38.5281,-7.3495],[-38.5438,-7.3387],[-38.549,-7.3346],[-38.5487,-7.3254],[-38.55,-7.3151],[-38.5398,-7.3058],[-38.5342,-7.2934],[-38.5423,-7.278],[-38.5418,-7.2655],[-38.5517,-7.2632],[-38.5541,-7.2515],[-38.5508,-7.251],[-38.5453,-7.2483],[-38.5438,-7.2381],[-38.5306,-7.2306],[-38.5237,-7.2312],[-38.4992,-7.2171],[-38.4803,-7.2166],[-38.473,-7.2153],[-38.467,-7.2074],[-38.4698,-7.1995],[-38.4598,-7.1925],[-38.4545,-7.2111],[-38.4441,-7.2127]]]}},{"type":"Feature","properties":{"nome":"Boqueirão","cod":"2502508","uf":"PB"},"geometry":{"type":"Polygon","coordinates":[[[-36.099,-7.3917],[-36.0969,-7.4062],[-36.0959,-7.4099],[-36.1019,-7.4195],[-36.1035,-7.4299],[-36.0979,-7.4366],[-36.1047,-7.4396],[-36.1044,-7.4441],[-36.0948,-7.4498],[-36.0946,-7.4552],[-36.0674,-7.4714],[-36.0488,-7.4825],[-36.0578,-7.5183],[-36.067,-7.5304],[-36.0734,-7.5309],[-36.0828,-7.5342],[-36.0835,-7.5407],[-36.0924,-7.5394],[-36.0998,-7.5445],[-36.1097,-7.5451],[-36.1122,-7.5464],[-36.1106,-7.5496],[-36.1164,-7.5525],[-36.1132,-7.5554],[-36.1176,-7.5598],[-36.1176,-7.56],[-36.1152,-7.572],[-36.0951,-7.5813],[-36.0949,-7.594],[-36.087,-7.6005],[-36.1033,-7.6016],[-36.1161,-7.6113],[-36.1205,-7.6086],[-36.1269,-7.6111],[-36.1365,-7.6226],[-36.1424,-7.6199],[-36.1422,-7.6236],[-36.1459,-7.6242],[-36.1527,-7.631],[-36.1519,-7.6352],[-36.1575,-7.6382],[-36.161,-7.6363],[-36.1693,-7.6401],[-36.1738,-7.6353],[-36.1792,-7.64],[-36.1858,-7.6411],[-36.1894,-7.6382],[-36.193,-7.6458],[-36.1976,-7.6451],[-36.1983,-7.644],[-36.197,-7.6396],[-36.2045,-7.6156],[-36.22,-7.5975],[-36.2268,-7.5745],[-36.224,-7.5544],[-36.2209,-7.5319],[-36.2181,-7.5114],[-36.2206,-7.4578],[-36.2229,-7.4335],[-36.2167,-7.4448],[-36.2068,-7.4424],[-36.2024,-7.4265],[-36.1938,-7.4241],[-36.1913,-7.4074],[-36.1968,-7.4052],[-36.1947,-7.3965],[-36.1888,-7.398],[-36.1457,-7.3911],[-36.1422,-7.3557],[-36.1473,-7.3459],[-36.1283,-7.3582],[-36.1231,-7.373],[-36.1111,-7.3849],[-36.099,-7.3917]]]}},{"type":"Feature","properties":{"nome":"Igaracy","cod":"2502607","uf":"PB"},"geometry":{"type":"Polygon","coordinates":[[[-38.1236,-7.0863],[-38.1064,-7.0875],[-38.0979,-7.0865],[-38.0946,-7.0908],[-38.0913,-7.0903],[-38.0582,-7.087],[-38.0578,-7.0947],[-38.065,-7.115],[-38.0632,-7.1187],[-38.0708,-7.1217],[-38.0776,-7.1394],[-38.0763,-7.1493],[-38.067,-7.1671],[-38.0527,-7.1809],[-38.0525,-7.1915],[-38.0508,-7.1986],[-38.0558,-7.2024],[-38.0529,-7.2074],[-38.0572,-7.2136],[-38.0562,-7.2192],[-38.0641,-7.2213],[-38.0668,-7.2187],[-38.0693,-7.2211],[-38.0843,-7.2183],[-38.0915,-7.2349],[-38.1174,-7.2248],[-38.1333,-7.2232],[-38.1558,-7.2211],[-38.1576,-7.1888],[-38.1577,-7.1888],[-38.1718,-7.1605],[-38.2271,-7.1511],[-38.2313,-7.1463],[-38.2325,-7.1311],[-38.2042,-7.1198],[-38.1981,-7.1203],[-38.1876,-7.1141],[-38.1868,-7.1179],[-38.181,-7.1185],[-38.1754,-7.1078],[-38.1606,-7.1081],[-38.1532,-7.099],[-38.1432,-7.0878],[-38.1335,-7.0874],[-38.1297,-7.0902],[-38.1236,-7.0863]]]}},{"type":"Feature","properties":{"nome":"Borborema","cod":"2502706","uf":"PB"},"geometry":{"type":"Polygon","coordinates":[[[-35.5282,-6.7711],[-35.5668,-6.8005],[-35.5744,-6.806],[-35.5988,-6.8108],[-35.5998,-6.811],[-35.6059,-6.811],[-35.6168,-6.8095],[-35.6281,-6.8067],[-35.6365,-6.8003],[-35.6439,-6.7746],[-35.613,-6.7801],[-35.6068,-6.7812],[-35.5897,-6.7843],[-35.5676,-6.7915],[-35.5668,-6.7917],[-35.536,-6.7705],[-35.5284,-6.771],[-35.5282,-6.7711]]]}},{"type":"Feature","properties":{"nome":"Brejo do Cruz","cod":"2502805","uf":"PB"},"geometry":{"type":"Polygon","coordinates":[[[-37.5507,-6.2398],[-37.541,-6.2438],[-37.5334,-6.2428],[-37.5322,-6.2447],[-37.5239,-6.2463],[-37.5184,-6.2414],[-37.4954,-6.243],[-37.4842,-6.2434],[-37.4804,-6.2588],[-37.4706,-6.2697],[-37.448,-6.2796],[-37.4423,-6.292],[-37.4396,-6.2878],[-37.4333,-6.2865],[-37.4166,-6.285],[-37.4105,-6.2907],[-37.3943,-6.2863],[-37.3868,-6.2771],[-37.3836,-6.2813],[-37.3707,-6.2823],[-37.3514,-6.298],[-37.3464,-6.2988],[-37.3438,-6.3054],[-37.3336,-6.3079],[-37.363,-6.3218],[-37.377,-6.344],[-37.3775,-6.35],[-37.3772,-6.3689],[-37.3821,-6.373],[-37.3882,-6.3793],[-37.3885,-6.3906],[-37.4124,-6.3905],[-37.4593,-6.3946],[-37.4597,-6.3947],[-37.4779,-6.4039],[-37.4901,-6.4056],[-37.5101,-6.4117],[-37.5242,-6.4068],[-37.5405,-6.4129],[-37.55,-6.4152],[-37.5615,-6.411],[-37.5718,-6.4144],[-37.5769,-6.4205],[-37.5774,-6.4117],[-37.5842,-6.4051],[-37.5997,-6.3878],[-37.6036,-6.3698],[-37.6056,-6.3576],[-37.6019,-6.3427],[-37.6064,-6.3348],[-37.606,-6.3258],[-37.606,-6.3256],[-37.6056,-6.3126],[-37.6051,-6.2879],[-37.6056,-6.2837],[-37.6126,-6.2792],[-37.6127,-6.2704],[-37.6066,-6.2635],[-37.5874,-6.2576],[-37.576,-6.2463],[-37.5507,-6.2398]]]}},{"type":"Feature","properties":{"nome":"Brejo dos Santos","cod":"2502904","uf":"PB"},"geometry":{"type":"Polygon","coordinates":[[[-37.795,-6.3664],[-37.8061,-6.4064],[-37.818,-6.4479],[-37.8196,-6.4474],[-37.8354,-6.4399],[-37.8516,-6.4443],[-37.8639,-6.4498],[-37.8987,-6.421],[-37.8996,-6.4209],[-37.9121,-6.4199],[-37.914,-6.4132],[-37.9191,-6.4112],[-37.9012,-6.3993],[-37.8899,-6.3997],[-37.8859,-6.3966],[-37.8839,-6.3913],[-37.8882,-6.3868],[-37.8879,-6.364],[-37.8595,-6.3745],[-37.8539,-6.3659],[-37.8403,-6.3609],[-37.8438,-6.354],[-37.8339,-6.342],[-37.8428,-6.3327],[-37.8103,-6.3474],[-37.7954,-6.3659],[-37.795,-6.3664]]]}},{"type":"Feature","properties":{"nome":"Caaporã","cod":"2503001","uf":"PB"},"geometry":{"type":"Polygon","coordinates":[[[-34.9064,-7.4468],[-34.8856,-7.4594],[-34.8762,-7.456],[-34.8603,-7.4542],[-34.8562,-7.4391],[-34.8492,-7.4385],[-34.8546,-7.4632],[-34.8551,-7.5072],[-34.855,-7.5077],[-34.8504,-7.5333],[-34.8535,-7.5392],[-34.8577,-7.5375],[-34.8704,-7.5487],[-34.8733,-7.5428],[-34.8884,-7.5355],[-34.8952,-7.5447],[-34.9017,-7.5432],[-34.8996,-7.537],[-34.9102,-7.5377],[-34.9107,-7.543],[-34.917,-7.5414],[-34.9241,-7.5322],[-34.9324,-7.5281],[-34.9503,-7.5372],[-34.9605,-7.5384],[-34.9691,-7.5207],[-34.9787,-7.5093],[-34.9839,-7.5075],[-34.9848,-7.5004],[-34.9848,-7.4996],[-34.9847,-7.499],[-34.9771,-7.4692],[-34.9813,-7.4564],[-34.9783,-7.4411],[-34.976,-7.4363],[-34.9689,-7.4337],[-34.9543,-7.4049],[-34.9424,-7.4163],[-34.9413,-7.422],[-34.924,-7.4311],[-34.9197,-7.4393],[-34.91,-7.4449],[-34.9064,-7.4468]]]}},{"type":"Feature","properties":{"nome":"Cabaceiras","cod":"2503100","uf":"PB"},"geometry":{"type":"Polygon","coordinates":[[[-36.3454,-7.3675],[-36.3233,-7.3717],[-36.2809,-7.3694],[-36.2723,-7.3577],[-36.2516,-7.3624],[-36.2415,-7.3549],[-36.2412,-7.3549],[-36.2335,-7.3598],[-36.2386,-7.366],[-36.2369,-7.3681],[-36.2256,-7.3696],[-36.2114,-7.3551],[-36.202,-7.3626],[-36.1956,-7.3614],[-36.1754,-7.347],[-36.1473,-7.3459],[-36.1422,-7.3557],[-36.1457,-7.3911],[-36.1888,-7.398],[-36.1947,-7.3965],[-36.1968,-7.4052],[-36.1913,-7.4074],[-36.1938,-7.4241],[-36.2024,-7.4265],[-36.2068,-7.4424],[-36.2167,-7.4448],[-36.2229,-7.4335],[-36.2206,-7.4578],[-36.2181,-7.5114],[-36.2209,-7.5319],[-36.224,-7.5544],[-36.2251,-7.5418],[-36.2298,-7.5357],[-36.237,-7.5301],[-36.2464,-7.5322],[-36.2619,-7.5523],[-36.2842,-7.5632],[-36.2902,-7.5738],[-36.2995,-7.5795],[-36.2979,-7.5846],[-36.2898,-7.5856],[-36.2958,-7.5925],[-36.3015,-7.5978],[-36.3151,-7.5922],[-36.3332,-7.565],[-36.3283,-7.5491],[-36.3479,-7.5485],[-36.3527,-7.5419],[-36.3584,-7.5403],[-36.3668,-7.5262],[-36.3707,-7.5255],[-36.3719,-7.5137],[-36.3819,-7.511],[-36.3849,-7.5061],[-36.3866,-7.5095],[-36.3904,-7.5055],[-36.3943,-7.5069],[-36.3947,-7.5009],[-36.4009,-7.5017],[-36.4087,-7.4941],[-36.4209,-7.4944],[-36.4271,-7.4883],[-36.3814,-7.4026],[-36.3305,-7.3071],[-36.3454,-7.3675]]]}},{"type":"Feature","properties":{"nome":"Cabedelo","cod":"2503209","uf":"PB"},"geometry":{"type":"Polygon","coordinates":[[[-34.8637,-6.9804],[-34.8579,-6.9839],[-34.8474,-6.9816],[-34.8493,-6.9996],[-34.8588,-7.0152],[-34.8653,-7.0043],[-34.8672,-6.9873],[-34.8637,-6.9804]],[[-34.8255,-7.0066],[-34.8299,-7.0305],[-34.8405,-7.0423],[-34.8434,-7.0554],[-34.8497,-7.0616],[-34.8451,-7.0994],[-34.8572,-7.0949],[-34.8658,-7.0805],[-34.8596,-7.0746],[-34.8587,-7.0673],[-34.8574,-7.0634],[-34.8652,-7.0577],[-34.8593,-7.0267],[-34.8548,-7.0271],[-34.8483,-7.011],[-34.8348,-6.9983],[-34.8352,-6.9789],[-34.8415,-6.9661],[-34.8299,-6.9662],[-34.8255,-7.0066]]]}},{"type":"Feature","properties":{"nome":"Cachoeira dos Índios","cod":"2503308","uf":"PB"},"geometry":{"type":"Polygon","coordinates":[[[-38.6565,-6.8658],[-38.6497,-6.876],[-38.6485,-6.877],[-38.6537,-6.8883],[-38.6486,-6.8915],[-38.6524,-6.9003],[-38.6454,-6.9252],[-38.652,-6.937],[-38.6488,-6.9423],[-38.6555,-6.9519],[-38.6606,-6.9522],[-38.661,-6.9563],[-38.6577,-6.9628],[-38.6627,-6.9667],[-38.6584,-6.9698],[-38.6596,-6.9745],[-38.6571,-6.9758],[-38.6588,-6.9821],[-38.6648,-6.986],[-38.662,-6.9902],[-38.672,-6.9966],[-38.6681,-7.0009],[-38.67,-7.0122],[-38.6622,-7.0181],[-38.6735,-7.0387],[-38.6727,-7.0458],[-38.6894,-7.0398],[-38.6911,-7.0287],[-38.7132,-7.0177],[-38.7168,-7.0165],[-38.7302,-7.0116],[-38.7506,-6.9969],[-38.7583,-6.9981],[-38.7646,-6.9935],[-38.7606,-6.9897],[-38.7515,-6.9882],[-38.7425,-6.9746],[-38.7477,-6.9663],[-38.7466,-6.9602],[-38.7569,-6.9578],[-38.765,-6.9475],[-38.7554,-6.9397],[-38.7571,-6.9342],[-38.7621,-6.9261],[-38.7584,-6.9249],[-38.7586,-6.9162],[-38.7649,-6.9105],[-38.7559,-6.9032],[-38.7299,-6.8964],[-38.7312,-6.8889],[-38.7283,-6.887],[-38.7137,-6.8857],[-38.7138,-6.8764],[-38.7088,-6.874],[-38.7001,-6.8762],[-38.6863,-6.8654],[-38.6782,-6.8637],[-38.6751,-6.8614],[-38.6768,-6.8539],[-38.6719,-6.8466],[-38.6717,-6.8545],[-38.6565,-6.8658]]]}},{"type":"Feature","properties":{"nome":"Cacimba de Areia","cod":"2503407","uf":"PB"},"geometry":{"type":"Polygon","coordinates":[[[-37.1894,-7.0589],[-37.1768,-7.0663],[-37.1701,-7.065],[-37.1414,-7.077],[-37.1302,-7.0859],[-37.0961,-7.0994],[-37.0866,-7.1087],[-37.0974,-7.1169],[-37.0951,-7.1284],[-37.0885,-7.1687],[-37.087,-7.1816],[-37.0903,-7.1868],[-37.0987,-7.1866],[-37.1056,-7.1786],[-37.115,-7.1785],[-37.1325,-7.1874],[-37.1339,-7.1887],[-37.1481,-7.1941],[-37.1602,-7.1915],[-37.1719,-7.1987],[-37.169,-7.2074],[-37.1662,-7.2112],[-37.1702,-7.2177],[-37.1739,-7.2237],[-37.1712,-7.2271],[-37.176,-7.2303],[-37.2101,-7.2044],[-37.2469,-7.1974],[-37.2468,-7.193],[-37.2446,-7.1133],[-37.2445,-7.1102],[-37.217,-7.0847],[-37.2168,-7.0845],[-37.2133,-7.0813],[-37.1894,-7.0589]]]}},{"type":"Feature","properties":{"nome":"Cacimba de Dentro","cod":"2503506","uf":"PB"},"geometry":{"type":"Polygon","coordinates":[[[-35.7769,-6.5956],[-35.7766,-6.5958],[-35.7554,-6.5921],[-35.7491,-6.5975],[-35.7403,-6.597],[-35.7367,-6.6013],[-35.7346,-6.6135],[-35.739,-6.6151],[-35.7428,-6.6124],[-35.7538,-6.6254],[-35.7423,-6.6767],[-35.7444,-6.6769],[-35.7445,-6.6769],[-35.7489,-6.6855],[-35.7599,-6.6906],[-35.7799,-6.6907],[-35.7804,-6.6909],[-35.804,-6.6812],[-35.8286,-6.6762],[-35.8333,-6.6669],[-35.84,-6.6699],[-35.8475,-6.6669],[-35.8515,-6.6706],[-35.8491,-6.6828],[-35.8667,-6.6792],[-35.8713,-6.6324],[-35.8719,-6.626],[-35.8752,-6.5926],[-35.8766,-6.5781],[-35.8679,-6.5454],[-35.8587,-6.5467],[-35.8309,-6.5637],[-35.8209,-6.5733],[-35.8099,-6.578],[-35.7769,-6.5956]]]}},{"type":"Feature","properties":{"nome":"Cacimbas","cod":"2503555","uf":"PB"},"geometry":{"type":"Polygon","coordinates":[[[-37.0016,-7.1753],[-37.0188,-7.1901],[-37.0343,-7.1895],[-37.0293,-7.2049],[-37.0293,-7.205],[-37.0145,-7.2503],[-37.0295,-7.2486],[-37.0341,-7.2547],[-37.0406,-7.2555],[-37.0407,-7.2555],[-37.0519,-7.2561],[-37.054,-7.2526],[-37.0626,-7.2508],[-37.0663,-7.2442],[-37.0708,-7.2438],[-37.0732,-7.235],[-37.0773,-7.2336],[-37.0875,-7.2372],[-37.1238,-7.2416],[-37.1455,-7.2461],[-37.1718,-7.237],[-37.176,-7.2303],[-37.1712,-7.2271],[-37.1739,-7.2237],[-37.1702,-7.2177],[-37.1662,-7.2112],[-37.169,-7.2074],[-37.1719,-7.1987],[-37.1602,-7.1915],[-37.1481,-7.1941],[-37.1339,-7.1887],[-37.1325,-7.1874],[-37.115,-7.1785],[-37.1056,-7.1786],[-37.0987,-7.1866],[-37.0903,-7.1868],[-37.087,-7.1816],[-37.0885,-7.1687],[-37.0735,-7.1639],[-37.0698,-7.1578],[-37.063,-7.1545],[-37.0448,-7.1576],[-36.9999,-7.1739],[-37.0016,-7.1753]]]}},{"type":"Feature","properties":{"nome":"Caiçara","cod":"2503605","uf":"PB"},"geometry":{"type":"Polygon","coordinates":[[[-35.3893,-6.5985],[-35.3757,-6.6029],[-35.372,-6.5981],[-35.3612,-6.5983],[-35.3539,-6.596],[-35.3475,-6.598],[-35.3406,-6.5892],[-35.3349,-6.5918],[-35.3306,-6.5887],[-35.3309,-6.5963],[-35.3263,-6.6022],[-35.3284,-6.6208],[-35.3475,-6.6204],[-35.3567,-6.613],[-35.3573,-6.616],[-35.3593,-6.6317],[-35.3747,-6.6278],[-35.3779,-6.6433],[-35.3787,-6.6476],[-35.3909,-6.6492],[-35.3927,-6.6621],[-35.4024,-6.6593],[-35.4147,-6.6732],[-35.4158,-6.674],[-35.4231,-6.6668],[-35.492,-6.6513],[-35.5081,-6.6477],[-35.5033,-6.6445],[-35.503,-6.6324],[-35.4941,-6.6352],[-35.4904,-6.6228],[-35.4813,-6.6163],[-35.4726,-6.616],[-35.4699,-6.6112],[-35.4665,-6.6107],[-35.4647,-6.611],[-35.4538,-6.6119],[-35.4476,-6.6281],[-35.4439,-6.6298],[-35.4292,-6.6165],[-35.4247,-6.5776],[-35.4233,-6.5642],[-35.4063,-6.5299],[-35.4074,-6.4892],[-35.4004,-6.4912],[-35.3795,-6.5025],[-35.3642,-6.5116],[-35.3759,-6.5301],[-35.3964,-6.5624],[-35.3946,-6.573],[-35.3893,-6.5985]]]}},{"type":"Feature","properties":{"nome":"Cajazeiras","cod":"2503704","uf":"PB"},"geometry":{"type":"Polygon","coordinates":[[[-38.5622,-6.7965],[-38.5319,-6.8041],[-38.4947,-6.8054],[-38.4658,-6.8098],[-38.4299,-6.8139],[-38.4228,-6.8092],[-38.4194,-6.8365],[-38.4179,-6.8489],[-38.4187,-6.8668],[-38.4187,-6.867],[-38.4256,-6.8923],[-38.4325,-6.8985],[-38.4307,-6.9118],[-38.4269,-6.9366],[-38.4234,-6.9624],[-38.4225,-6.966],[-38.4046,-6.9677],[-38.3874,-6.9866],[-38.4328,-6.9862],[-38.4468,-6.9871],[-38.453,-6.9844],[-38.4533,-6.9843],[-38.4718,-6.9886],[-38.5033,-6.9894],[-38.5037,-6.9962],[-38.5141,-6.9988],[-38.5213,-7.0088],[-38.5292,-7.0117],[-38.5462,-7.0321],[-38.5613,-7.0252],[-38.5668,-7.0259],[-38.567,-7.026],[-38.5761,-7.0337],[-38.5887,-7.0545],[-38.6004,-7.0548],[-38.6119,-7.0546],[-38.6339,-7.0449],[-38.6398,-7.0464],[-38.6633,-7.0356],[-38.6695,-7.0473],[-38.6727,-7.0458],[-38.6735,-7.0387],[-38.6622,-7.0181],[-38.67,-7.0122],[-38.6681,-7.0009],[-38.672,-6.9966],[-38.662,-6.9902],[-38.6648,-6.986],[-38.6588,-6.9821],[-38.6571,-6.9758],[-38.6596,-6.9745],[-38.6584,-6.9698],[-38.6627,-6.9667],[-38.6577,-6.9628],[-38.661,-6.9563],[-38.6606,-6.9522],[-38.6555,-6.9519],[-38.6488,-6.9423],[-38.652,-6.937],[-38.6454,-6.9252],[-38.6524,-6.9003],[-38.6486,-6.8915],[-38.6537,-6.8883],[-38.6485,-6.877],[-38.641,-6.8545],[-38.6283,-6.8472],[-38.6272,-6.8411],[-38.6152,-6.8409],[-38.6182,-6.8317],[-38.6076,-6.82],[-38.6066,-6.8138],[-38.598,-6.8122],[-38.5919,-6.8038],[-38.5859,-6.804],[-38.5866,-6.8004],[-38.5736,-6.8015],[-38.5674,-6.7905],[-38.5622,-6.7965]]]}},{"type":"Feature","properties":{"nome":"Cajazeirinhas","cod":"2503753","uf":"PB"},"geometry":{"type":"Polygon","coordinates":[[[-37.8202,-6.8749],[-37.8047,-6.8765],[-37.8009,-6.8741],[-37.7953,-6.8793],[-37.7854,-6.8794],[-37.7849,-6.8797],[-37.7541,-6.8904],[-37.7537,-6.8979],[-37.7497,-6.9009],[-37.7509,-6.9089],[-37.7429,-6.9116],[-37.7444,-6.929],[-37.7401,-6.9403],[-37.7397,-6.9537],[-37.7273,-6.9915],[-37.6943,-6.9595],[-37.6769,-6.97],[-37.667,-7.0084],[-37.6763,-7.0146],[-37.7054,-7.0209],[-37.7485,-7.024],[-37.7786,-7.019],[-37.8213,-7.0188],[-37.8326,-7.0218],[-37.8702,-7.0185],[-37.8776,-7.008],[-37.8849,-7.0056],[-37.9,-6.9887],[-37.9055,-6.99],[-37.9162,-6.9791],[-37.9191,-6.9711],[-37.9078,-6.9635],[-37.9064,-6.9525],[-37.8949,-6.9476],[-37.8908,-6.9452],[-37.888,-6.9412],[-37.8899,-6.9321],[-37.8766,-6.9254],[-37.8761,-6.9124],[-37.8708,-6.9022],[-37.8566,-6.899],[-37.8444,-6.8707],[-37.8398,-6.8683],[-37.8202,-6.8749]]]}},{"type":"Feature","properties":{"nome":"Caldas Brandão","cod":"2503803","uf":"PB"},"geometry":{"type":"Polygon","coordinates":[[[-35.3134,-7.1111],[-35.3155,-7.1179],[-35.3102,-7.1153],[-35.3059,-7.1186],[-35.2991,-7.1122],[-35.2913,-7.1124],[-35.2875,-7.1086],[-35.3059,-7.1414],[-35.3116,-7.1512],[-35.3265,-7.1564],[-35.3324,-7.1746],[-35.3336,-7.1795],[-35.337,-7.1866],[-35.3491,-7.194],[-35.3494,-7.1939],[-35.3544,-7.1761],[-35.3526,-7.1695],[-35.3525,-7.168],[-35.3542,-7.166],[-35.3579,-7.1548],[-35.3535,-7.1441],[-35.3545,-7.128],[-35.3568,-7.1206],[-35.3503,-7.1156],[-35.3531,-7.1034],[-35.3631,-7.078],[-35.3753,-7.0782],[-35.3755,-7.0327],[-35.3317,-7.0968],[-35.3252,-7.0981],[-35.3213,-7.1018],[-35.3232,-7.1093],[-35.3134,-7.1111]]]}},{"type":"Feature","properties":{"nome":"Camalaú","cod":"2503902","uf":"PB"},"geometry":{"type":"Polygon","coordinates":[[[-36.7281,-7.7888],[-36.7278,-7.8071],[-36.7223,-7.8132],[-36.7191,-7.8186],[-36.7062,-7.8263],[-36.7024,-7.8253],[-36.6889,-7.8404],[-36.6808,-7.8439],[-36.6669,-7.866],[-36.6562,-7.8763],[-36.6461,-7.8823],[-36.6237,-7.8923],[-36.6048,-7.9105],[-36.601,-7.9133],[-36.5723,-7.9356],[-36.6735,-7.9439],[-36.7376,-7.9506],[-36.8144,-7.9563],[-36.8382,-7.9831],[-36.8466,-7.9877],[-36.8681,-8.0118],[-36.8792,-8.017],[-36.8931,-8.0136],[-36.905,-8.0188],[-36.9105,-8.0271],[-36.9182,-8.0288],[-36.9248,-8.0366],[-36.9289,-7.9645],[-36.9291,-7.9616],[-36.9341,-7.8733],[-36.9359,-7.8705],[-36.9614,-7.8307],[-36.8288,-7.8121],[-36.8336,-7.8423],[-36.8154,-7.8305],[-36.8033,-7.8277],[-36.7943,-7.8296],[-36.7732,-7.8194],[-36.7693,-7.8168],[-36.7603,-7.8177],[-36.7587,-7.803],[-36.7525,-7.7998],[-36.7503,-7.8022],[-36.7464,-7.8023],[-36.7418,-7.7926],[-36.7337,-7.7883],[-36.7257,-7.7754],[-36.7242,-7.7761],[-36.7281,-7.7888]]]}},{"type":"Feature","properties":{"nome":"Campina Grande","cod":"2504009","uf":"PB"},"geometry":{"type":"Polygon","coordinates":[[[-36.0453,-7.1654],[-36.0338,-7.1733],[-36.0333,-7.1729],[-36.0326,-7.1662],[-36.0294,-7.1651],[-35.9964,-7.164],[-35.9867,-7.1605],[-35.9786,-7.1734],[-35.9789,-7.1759],[-35.9787,-7.1762],[-35.9638,-7.1942],[-35.9554,-7.1971],[-35.9543,-7.1958],[-35.9541,-7.1954],[-35.9473,-7.1928],[-35.9379,-7.1941],[-35.9392,-7.1861],[-35.9399,-7.1744],[-35.9377,-7.1749],[-35.9048,-7.1815],[-35.9043,-7.1814],[-35.8953,-7.1679],[-35.8876,-7.1564],[-35.8843,-7.1737],[-35.873,-7.1869],[-35.8725,-7.1937],[-35.8657,-7.2019],[-35.8649,-7.2108],[-35.8518,-7.2023],[-35.8434,-7.192],[-35.8408,-7.1955],[-35.834,-7.1945],[-35.8143,-7.2071],[-35.8347,-7.2403],[-35.8401,-7.2496],[-35.8387,-7.2511],[-35.8355,-7.2524],[-35.8126,-7.257],[-35.8003,-7.2669],[-35.7881,-7.2694],[-35.7826,-7.2754],[-35.7732,-7.2761],[-35.7699,-7.2806],[-35.7645,-7.2809],[-35.7519,-7.2721],[-35.744,-7.2776],[-35.732,-7.277],[-35.716,-7.2633],[-35.7038,-7.2598],[-35.7264,-7.3051],[-35.7357,-7.3237],[-35.7398,-7.3177],[-35.7563,-7.3262],[-35.769,-7.3228],[-35.7833,-7.318],[-35.7955,-7.3208],[-35.8086,-7.3193],[-35.8236,-7.3282],[-35.8381,-7.3306],[-35.8383,-7.3294],[-35.8417,-7.301],[-35.872,-7.2998],[-35.888,-7.2917],[-35.8877,-7.2865],[-35.9092,-7.2862],[-35.9392,-7.2858],[-35.9447,-7.2846],[-35.9442,-7.2798],[-35.9506,-7.2793],[-35.957,-7.2872],[-35.962,-7.2882],[-35.9617,-7.2978],[-35.9826,-7.2958],[-35.9769,-7.3015],[-35.9776,-7.3134],[-35.9776,-7.3199],[-35.9828,-7.322],[-35.9796,-7.3392],[-35.983,-7.3401],[-35.9818,-7.3439],[-35.9871,-7.3453],[-35.9861,-7.3481],[-35.9862,-7.3678],[-36.0036,-7.3806],[-36.003,-7.3843],[-36.0084,-7.383],[-36.0136,-7.3861],[-36.0164,-7.3796],[-36.0191,-7.3815],[-36.0344,-7.3696],[-36.0392,-7.3673],[-36.1283,-7.3582],[-36.1191,-7.3017],[-36.114,-7.2708],[-36.114,-7.2704],[-36.1144,-7.2547],[-36.1106,-7.2564],[-36.1087,-7.2523],[-36.1059,-7.2382],[-36.1025,-7.2356],[-36.1046,-7.2305],[-36.1023,-7.2197],[-36.0939,-7.2092],[-36.0921,-7.1954],[-36.0945,-7.1536],[-36.089,-7.1554],[-36.0629,-7.1658],[-36.0453,-7.1654]]]}},{"type":"Feature","properties":{"nome":"Capim","cod":"2504033","uf":"PB"},"geometry":{"type":"Polygon","coordinates":[[[-35.1652,-6.8513],[-35.1667,-6.8563],[-35.1577,-6.8844],[-35.1592,-6.8931],[-35.1296,-6.8983],[-35.1243,-6.8954],[-35.1006,-6.9382],[-35.1062,-6.9368],[-35.1323,-6.9404],[-35.1489,-6.9422],[-35.1547,-6.94],[-35.1786,-6.9524],[-35.1788,-6.9503],[-35.181,-6.9421],[-35.1781,-6.9332],[-35.1775,-6.9285],[-35.1936,-6.9186],[-35.2052,-6.9042],[-35.2135,-6.8931],[-35.2234,-6.8875],[-35.227,-6.8687],[-35.2211,-6.8658],[-35.2164,-6.8629],[-35.2176,-6.8576],[-35.1984,-6.8511],[-35.1937,-6.8542],[-35.1872,-6.8507],[-35.1819,-6.8464],[-35.1688,-6.85],[-35.1652,-6.8513]]]}},{"type":"Feature","properties":{"nome":"Caraúbas","cod":"2504074","uf":"PB"},"geometry":{"type":"Polygon","coordinates":[[[-36.558,-7.6324],[-36.5585,-7.636],[-36.5413,-7.6349],[-36.5284,-7.641],[-36.5127,-7.6373],[-36.5123,-7.6334],[-36.4945,-7.6323],[-36.4918,-7.6434],[-36.4789,-7.653],[-36.4587,-7.6591],[-36.4567,-7.6553],[-36.453,-7.6574],[-36.45,-7.6522],[-36.443,-7.6534],[-36.4454,-7.674],[-36.4454,-7.6741],[-36.4409,-7.683],[-36.3989,-7.7657],[-36.3961,-7.8083],[-36.4071,-7.8137],[-36.4237,-7.8154],[-36.4296,-7.8267],[-36.4287,-7.8666],[-36.44,-7.8778],[-36.4324,-7.8796],[-36.4295,-7.8847],[-36.434,-7.8959],[-36.4454,-7.9078],[-36.4434,-7.9139],[-36.446,-7.916],[-36.4638,-7.9149],[-36.4798,-7.9244],[-36.4878,-7.915],[-36.4991,-7.9199],[-36.5125,-7.9145],[-36.5361,-7.9012],[-36.5676,-7.8613],[-36.5609,-7.8419],[-36.5561,-7.8282],[-36.5594,-7.8174],[-36.5554,-7.8069],[-36.5702,-7.8007],[-36.5893,-7.7712],[-36.6136,-7.761],[-36.6208,-7.7517],[-36.6157,-7.743],[-36.6184,-7.7402],[-36.6244,-7.7283],[-36.617,-7.7049],[-36.614,-7.702],[-36.6077,-7.7085],[-36.5956,-7.7099],[-36.5785,-7.7175],[-36.5646,-7.6903],[-36.5607,-7.685],[-36.5519,-7.6819],[-36.5469,-7.6714],[-36.5891,-7.6335],[-36.5768,-7.6255],[-36.558,-7.6324]]]}},{"type":"Feature","properties":{"nome":"Carrapateira","cod":"2504108","uf":"PB"},"geometry":{"type":"Polygon","coordinates":[[[-38.3215,-7.0962],[-38.3313,-7.1063],[-38.3422,-7.0875],[-38.3669,-7.0433],[-38.3623,-6.9883],[-38.3146,-6.993],[-38.3113,-6.993],[-38.2623,-6.9928],[-38.2771,-7.0039],[-38.2839,-7.0116],[-38.2977,-7.036],[-38.3224,-7.0623],[-38.3353,-7.0639],[-38.3095,-7.0823],[-38.3179,-7.084],[-38.3215,-7.0962]]]}},{"type":"Feature","properties":{"nome":"Casserengue","cod":"2504157","uf":"PB"},"geometry":{"type":"Polygon","coordinates":[[[-35.8475,-6.6669],[-35.84,-6.6699],[-35.8333,-6.6669],[-35.8286,-6.6762],[-35.804,-6.6812],[-35.7804,-6.6909],[-35.7793,-6.6974],[-35.7822,-6.7007],[-35.7799,-6.7046],[-35.7855,-6.715],[-35.7888,-6.7486],[-35.7942,-6.7491],[-35.7975,-6.7526],[-35.7938,-6.7561],[-35.8098,-6.7692],[-35.804,-6.7869],[-35.7889,-6.8187],[-35.7865,-6.8238],[-35.792,-6.8263],[-35.7961,-6.8339],[-35.8051,-6.8342],[-35.8063,-6.8408],[-35.8116,-6.843],[-35.8081,-6.8476],[-35.8098,-6.8632],[-35.8286,-6.8564],[-35.8391,-6.8462],[-35.844,-6.836],[-35.869,-6.8166],[-35.8912,-6.793],[-35.8974,-6.7932],[-35.9066,-6.7843],[-35.9053,-6.7781],[-35.8993,-6.773],[-35.9026,-6.7576],[-35.8962,-6.75],[-35.8985,-6.7436],[-35.9222,-6.7309],[-35.9224,-6.7199],[-35.9109,-6.7171],[-35.9069,-6.7092],[-35.901,-6.706],[-35.8986,-6.7046],[-35.9014,-6.6995],[-35.8929,-6.6907],[-35.8741,-6.6914],[-35.8667,-6.6792],[-35.8491,-6.6828],[-35.8515,-6.6706],[-35.8475,-6.6669]]]}},{"type":"Feature","properties":{"nome":"Catingueira","cod":"2504207","uf":"PB"},"geometry":{"type":"Polygon","coordinates":[[[-37.6265,-6.9929],[-37.6032,-6.9979],[-37.5881,-6.9936],[-37.5193,-7.0001],[-37.5189,-7.0064],[-37.5136,-7.087],[-37.512,-7.1102],[-37.5429,-7.1093],[-37.4941,-7.2269],[-37.4941,-7.227],[-37.4974,-7.2376],[-37.5114,-7.2495],[-37.5067,-7.2588],[-37.5144,-7.2625],[-37.5231,-7.2668],[-37.5224,-7.2766],[-37.5471,-7.2917],[-37.5588,-7.31],[-37.5664,-7.3146],[-37.57,-7.3167],[-37.5803,-7.3077],[-37.5851,-7.2878],[-37.5933,-7.2842],[-37.5956,-7.2714],[-37.6144,-7.2698],[-37.615,-7.2643],[-37.6235,-7.2619],[-37.6298,-7.2486],[-37.6478,-7.2371],[-37.6485,-7.233],[-37.6571,-7.2315],[-37.6603,-7.2338],[-37.6614,-7.2255],[-37.673,-7.2132],[-37.6686,-7.2037],[-37.6759,-7.1905],[-37.6769,-7.1717],[-37.7035,-7.1751],[-37.7044,-7.1748],[-37.6681,-7.1544],[-37.6716,-7.1155],[-37.6755,-7.0289],[-37.6763,-7.0146],[-37.667,-7.0084],[-37.6537,-6.9999],[-37.6265,-6.9929]]]}},{"type":"Feature","properties":{"nome":"Catolé do Rocha","cod":"2504306","uf":"PB"},"geometry":{"type":"Polygon","coordinates":[[[-37.6797,-6.1888],[-37.6464,-6.189],[-37.6381,-6.1794],[-37.6159,-6.1758],[-37.6187,-6.2063],[-37.6169,-6.2299],[-37.6237,-6.2472],[-37.6153,-6.2599],[-37.6127,-6.2704],[-37.6126,-6.2792],[-37.6056,-6.2837],[-37.6051,-6.2879],[-37.6056,-6.3126],[-37.606,-6.3256],[-37.606,-6.3258],[-37.6064,-6.3348],[-37.6019,-6.3427],[-37.6056,-6.3576],[-37.6036,-6.3698],[-37.5997,-6.3878],[-37.5842,-6.4051],[-37.5774,-6.4117],[-37.5769,-6.4205],[-37.5784,-6.4336],[-37.6385,-6.4169],[-37.7236,-6.3933],[-37.7335,-6.3905],[-37.7333,-6.4355],[-37.7333,-6.4436],[-37.733,-6.4879],[-37.7399,-6.4812],[-37.7456,-6.4775],[-37.7425,-6.4651],[-37.8014,-6.4559],[-37.8088,-6.4503],[-37.818,-6.4479],[-37.8061,-6.4064],[-37.795,-6.3664],[-37.7954,-6.3659],[-37.8103,-6.3474],[-37.8428,-6.3327],[-37.8334,-6.3214],[-37.8223,-6.3174],[-37.8144,-6.3147],[-37.8142,-6.3119],[-37.8237,-6.3056],[-37.8101,-6.2913],[-37.7942,-6.2886],[-37.7714,-6.2906],[-37.7573,-6.2904],[-37.7575,-6.2874],[-37.7711,-6.2727],[-37.7701,-6.2652],[-37.7602,-6.2537],[-37.7763,-6.2455],[-37.7627,-6.2407],[-37.7624,-6.2349],[-37.7753,-6.2309],[-37.7635,-6.2185],[-37.7527,-6.214],[-37.7532,-6.1981],[-37.742,-6.1886],[-37.7161,-6.1788],[-37.7087,-6.1766],[-37.6978,-6.1862],[-37.6798,-6.1888],[-37.6797,-6.1888]]]}},{"type":"Feature","properties":{"nome":"Caturité","cod":"2504355","uf":"PB"},"geometry":{"type":"Polygon","coordinates":[[[-36.0344,-7.3696],[-36.0191,-7.3815],[-36.0164,-7.3796],[-36.0136,-7.3861],[-36.0084,-7.383],[-36.003,-7.3843],[-35.9991,-7.39],[-36.008,-7.3965],[-36.0089,-7.4024],[-36.0088,-7.4026],[-35.9994,-7.4078],[-35.9983,-7.4123],[-36.0035,-7.4107],[-36.0169,-7.4204],[-36.0171,-7.4219],[-36.0045,-7.4238],[-36.0076,-7.438],[-36.0163,-7.438],[-36.0152,-7.4424],[-36.021,-7.4436],[-36.0088,-7.4494],[-36.0094,-7.4532],[-36.01,-7.4537],[-36.0488,-7.4825],[-36.0674,-7.4714],[-36.0946,-7.4552],[-36.0948,-7.4498],[-36.1044,-7.4441],[-36.1047,-7.4396],[-36.0979,-7.4366],[-36.1035,-7.4299],[-36.1019,-7.4195],[-36.0959,-7.4099],[-36.0969,-7.4062],[-36.099,-7.3917],[-36.1111,-7.3849],[-36.1231,-7.373],[-36.1283,-7.3582],[-36.0392,-7.3673],[-36.0344,-7.3696]]]}},{"type":"Feature","properties":{"nome":"Conceição","cod":"2504405","uf":"PB"},"geometry":{"type":"Polygon","coordinates":[[[-38.5198,-7.3645],[-38.5163,-7.3695],[-38.516,-7.3668],[-38.5048,-7.3646],[-38.5027,-7.375],[-38.4954,-7.3745],[-38.4868,-7.3789],[-38.4863,-7.3791],[-38.4803,-7.3816],[-38.4767,-7.3746],[-38.4629,-7.3706],[-38.4533,-7.361],[-38.4403,-7.3579],[-38.4326,-7.3428],[-38.4149,-7.3431],[-38.4127,-7.3421],[-38.4123,-7.3473],[-38.4062,-7.3464],[-38.4131,-7.3622],[-38.4104,-7.3652],[-38.4139,-7.3685],[-38.4138,-7.3716],[-38.4076,-7.3707],[-38.4022,-7.375],[-38.4097,-7.3911],[-38.4104,-7.3982],[-38.4071,-7.4015],[-38.3961,-7.4082],[-38.4009,-7.4159],[-38.4008,-7.424],[-38.4044,-7.4256],[-38.4068,-7.4231],[-38.4263,-7.4228],[-38.4412,-7.4292],[-38.476,-7.4327],[-38.4913,-7.4381],[-38.4908,-7.4403],[-38.4752,-7.5203],[-38.4799,-7.5232],[-38.4814,-7.5297],[-38.4707,-7.5382],[-38.4412,-7.5422],[-38.441,-7.5422],[-38.4239,-7.552],[-38.4231,-7.565],[-38.4364,-7.5833],[-38.4393,-7.5853],[-38.446,-7.5814],[-38.4453,-7.5881],[-38.4502,-7.5937],[-38.4485,-7.595],[-38.4393,-7.6018],[-38.4385,-7.6071],[-38.4459,-7.6184],[-38.4452,-7.6246],[-38.4383,-7.6333],[-38.4462,-7.644],[-38.45,-7.6681],[-38.4339,-7.72],[-38.4497,-7.717],[-38.4567,-7.7177],[-38.4494,-7.7066],[-38.4499,-7.7025],[-38.4547,-7.6966],[-38.466,-7.6949],[-38.475,-7.6866],[-38.4772,-7.6783],[-38.4699,-7.6653],[-38.4734,-7.6588],[-38.4701,-7.6517],[-38.4759,-7.6515],[-38.4807,-7.6494],[-38.4965,-7.6516],[-38.5002,-7.6552],[-38.5092,-7.6485],[-38.5254,-7.634],[-38.523,-7.6153],[-38.5303,-7.6002],[-38.5435,-7.5969],[-38.5683,-7.5997],[-38.5835,-7.5962],[-38.5995,-7.6034],[-38.6201,-7.5981],[-38.6314,-7.5867],[-38.6675,-7.5857],[-38.6795,-7.5743],[-38.6741,-7.5689],[-38.655,-7.5651],[-38.6588,-7.5602],[-38.6532,-7.5542],[-38.6561,-7.5458],[-38.6524,-7.5393],[-38.6511,-7.5274],[-38.6543,-7.5218],[-38.6461,-7.5171],[-38.6456,-7.5015],[-38.6306,-7.4869],[-38.6355,-7.4746],[-38.6413,-7.4646],[-38.6458,-7.4629],[-38.6446,-7.4596],[-38.603,-7.4572],[-38.6025,-7.4532],[-38.6054,-7.4442],[-38.5957,-7.4382],[-38.5947,-7.4335],[-38.5839,-7.4328],[-38.5841,-7.4159],[-38.5958,-7.4143],[-38.59,-7.4008],[-38.5832,-7.3978],[-38.5761,-7.3762],[-38.5608,-7.3579],[-38.5519,-7.3402],[-38.549,-7.3346],[-38.5438,-7.3387],[-38.5281,-7.3495],[-38.524,-7.3643],[-38.5198,-7.3645]]]}},{"type":"Feature","properties":{"nome":"Condado","cod":"2504504","uf":"PB"},"geometry":{"type":"Polygon","coordinates":[[[-37.6384,-6.7217],[-37.6287,-6.7308],[-37.6047,-6.7298],[-37.5992,-6.7974],[-37.5921,-6.8042],[-37.5759,-6.8064],[-37.5757,-6.8121],[-37.5645,-6.8945],[-37.5561,-6.9046],[-37.556,-6.905],[-37.5553,-6.908],[-37.5524,-6.9244],[-37.5429,-6.9337],[-37.5383,-6.9432],[-37.5448,-6.969],[-37.5193,-7.0001],[-37.5881,-6.9936],[-37.6032,-6.9979],[-37.6265,-6.9929],[-37.6537,-6.9999],[-37.667,-7.0084],[-37.6769,-6.97],[-37.6943,-6.9595],[-37.6961,-6.944],[-37.6768,-6.9382],[-37.6779,-6.9274],[-37.685,-6.9174],[-37.68,-6.9125],[-37.6805,-6.9059],[-37.6806,-6.9052],[-37.6792,-6.898],[-37.6684,-6.8841],[-37.6584,-6.8789],[-37.6447,-6.863],[-37.6361,-6.859],[-37.6325,-6.8522],[-37.633,-6.8409],[-37.627,-6.8262],[-37.6307,-6.8062],[-37.6325,-6.7964],[-37.6243,-6.7871],[-37.6224,-6.7797],[-37.633,-6.7675],[-37.6306,-6.7567],[-37.6438,-6.7436],[-37.6472,-6.7286],[-37.6568,-6.7224],[-37.657,-6.7223],[-37.6384,-6.7217]]]}},{"type":"Feature","properties":{"nome":"Conde","cod":"2504603","uf":"PB"},"geometry":{"type":"Polygon","coordinates":[[[-34.8724,-7.2207],[-34.8695,-7.2274],[-34.8653,-7.2259],[-34.8622,-7.2298],[-34.8529,-7.2302],[-34.8491,-7.2348],[-34.8451,-7.2319],[-34.8464,-7.2348],[-34.8421,-7.2364],[-34.8399,-7.234],[-34.8385,-7.2373],[-34.838,-7.2314],[-34.832,-7.2282],[-34.8225,-7.2302],[-34.8253,-7.2341],[-34.8184,-7.2339],[-34.8179,-7.2386],[-34.8068,-7.2363],[-34.8083,-7.2431],[-34.8053,-7.2397],[-34.8043,-7.2603],[-34.7987,-7.2776],[-34.8005,-7.294],[-34.7976,-7.3002],[-34.7993,-7.306],[-34.8015,-7.3154],[-34.7988,-7.321],[-34.7936,-7.3291],[-34.7997,-7.3572],[-34.7968,-7.3665],[-34.802,-7.3831],[-34.8083,-7.3762],[-34.8099,-7.3669],[-34.8126,-7.3678],[-34.813,-7.3639],[-34.8176,-7.3645],[-34.8153,-7.3544],[-34.8198,-7.3494],[-34.8439,-7.3435],[-34.8519,-7.3472],[-34.8571,-7.3414],[-34.8595,-7.3429],[-34.8653,-7.3383],[-34.8738,-7.3334],[-34.8806,-7.3243],[-34.9182,-7.3032],[-34.9197,-7.2998],[-34.9166,-7.2889],[-34.9199,-7.2804],[-34.9261,-7.2726],[-34.9393,-7.273],[-34.9376,-7.2609],[-34.9343,-7.2521],[-34.9435,-7.2485],[-34.941,-7.2413],[-34.9349,-7.2386],[-34.9295,-7.2255],[-34.9115,-7.2128],[-34.9042,-7.2124],[-34.8724,-7.2207]]]}},{"type":"Feature","properties":{"nome":"Congo","cod":"2504702","uf":"PB"},"geometry":{"type":"Polygon","coordinates":[[[-36.6689,-7.6834],[-36.6583,-7.6843],[-36.6474,-7.6832],[-36.6388,-7.6921],[-36.6387,-7.6921],[-36.6314,-7.6952],[-36.6252,-7.7048],[-36.617,-7.7049],[-36.6244,-7.7283],[-36.6184,-7.7402],[-36.6157,-7.743],[-36.6208,-7.7517],[-36.6136,-7.761],[-36.5893,-7.7712],[-36.5702,-7.8007],[-36.5554,-7.8069],[-36.5594,-7.8174],[-36.5561,-7.8282],[-36.5609,-7.8419],[-36.5676,-7.8613],[-36.5361,-7.9012],[-36.5517,-7.8983],[-36.5684,-7.9027],[-36.5745,-7.9071],[-36.5779,-7.9148],[-36.5723,-7.9356],[-36.601,-7.9133],[-36.6048,-7.9105],[-36.6237,-7.8923],[-36.6461,-7.8823],[-36.6562,-7.8763],[-36.6669,-7.866],[-36.6808,-7.8439],[-36.6889,-7.8404],[-36.7024,-7.8253],[-36.7062,-7.8263],[-36.7191,-7.8186],[-36.7223,-7.8132],[-36.7278,-7.8071],[-36.7281,-7.7888],[-36.7242,-7.7761],[-36.7257,-7.7754],[-36.7638,-7.7284],[-36.7539,-7.7152],[-36.745,-7.7141],[-36.7298,-7.7049],[-36.7284,-7.701],[-36.7125,-7.6949],[-36.7072,-7.6966],[-36.6689,-7.6834]]]}},{"type":"Feature","properties":{"nome":"Coremas","cod":"2504801","uf":"PB"},"geometry":{"type":"Polygon","coordinates":[[[-37.8702,-7.0185],[-37.8326,-7.0218],[-37.8213,-7.0188],[-37.8223,-7.0562],[-37.8233,-7.0941],[-37.841,-7.0991],[-37.8542,-7.0869],[-37.8718,-7.0853],[-37.8937,-7.0891],[-37.8963,-7.0888],[-37.9161,-7.0857],[-37.9495,-7.0892],[-37.953,-7.0994],[-37.9701,-7.1039],[-37.9734,-7.1178],[-37.9781,-7.1205],[-37.9844,-7.1435],[-37.9815,-7.1528],[-37.9899,-7.1623],[-37.9904,-7.1733],[-38.0168,-7.1748],[-38.0172,-7.1848],[-38.0244,-7.1799],[-38.0254,-7.1748],[-38.0348,-7.1654],[-38.0256,-7.1579],[-38.0253,-7.1502],[-38.0308,-7.1387],[-38.0503,-7.1231],[-38.0523,-7.117],[-38.05,-7.1115],[-38.0582,-7.087],[-38.0887,-7.0146],[-38.0897,-7.0124],[-38.0887,-7.0085],[-38.0694,-7.0025],[-38.0726,-6.9902],[-38.0727,-6.9901],[-38.0615,-6.9797],[-38.0348,-6.9743],[-38.0261,-6.9561],[-38.014,-6.9492],[-38.0061,-6.9439],[-37.9997,-6.9488],[-37.9777,-6.9629],[-37.9484,-6.9817],[-37.9293,-6.9939],[-37.8916,-7.0099],[-37.8702,-7.0185]]]}},{"type":"Feature","properties":{"nome":"Coxixola","cod":"2504850","uf":"PB"},"geometry":{"type":"Polygon","coordinates":[[[-36.5891,-7.6335],[-36.5469,-7.6714],[-36.5519,-7.6819],[-36.5607,-7.685],[-36.5646,-7.6903],[-36.5785,-7.7175],[-36.5956,-7.7099],[-36.6077,-7.7085],[-36.614,-7.702],[-36.617,-7.7049],[-36.6252,-7.7048],[-36.6314,-7.6952],[-36.6387,-7.6921],[-36.6388,-7.6921],[-36.6474,-7.6832],[-36.6583,-7.6843],[-36.6614,-7.68],[-36.6704,-7.6828],[-36.6795,-7.6772],[-36.6883,-7.6757],[-36.6932,-7.6785],[-36.699,-7.6748],[-36.7088,-7.6212],[-36.714,-7.5927],[-36.712,-7.5918],[-36.6396,-7.5854],[-36.6,-7.5819],[-36.5891,-7.6335]]]}},{"type":"Feature","properties":{"nome":"Cruz do Espírito Santo","cod":"2504900","uf":"PB"},"geometry":{"type":"Polygon","coordinates":[[[-35.054,-7.1839],[-35.0672,-7.2289],[-35.0779,-7.2282],[-35.093,-7.232],[-35.1101,-7.23],[-35.1263,-7.2349],[-35.1365,-7.2513],[-35.1389,-7.2164],[-35.1509,-7.2128],[-35.1551,-7.2066],[-35.1587,-7.2093],[-35.1699,-7.1967],[-35.1819,-7.1832],[-35.1862,-7.183],[-35.1871,-7.177],[-35.1789,-7.1734],[-35.1723,-7.1639],[-35.1678,-7.1602],[-35.1521,-7.149],[-35.1427,-7.1406],[-35.1396,-7.1317],[-35.1282,-7.0993],[-35.1179,-7.0703],[-35.1377,-7.0524],[-35.1457,-7.0453],[-35.161,-7.0318],[-35.0589,-7.0807],[-35.0517,-7.1012],[-35.0466,-7.1155],[-35.0448,-7.1207],[-35.0474,-7.1276],[-35.039,-7.1288],[-35.0432,-7.1363],[-35.0421,-7.1433],[-35.054,-7.1839]]]}},{"type":"Feature","properties":{"nome":"Cubati","cod":"2505006","uf":"PB"},"geometry":{"type":"Polygon","coordinates":[[[-36.3165,-6.7898],[-36.286,-6.8083],[-36.2748,-6.8065],[-36.2701,-6.8102],[-36.2588,-6.8092],[-36.2611,-6.8451],[-36.2612,-6.8454],[-36.283,-6.8904],[-36.2913,-6.9053],[-36.2988,-6.9313],[-36.3089,-6.9389],[-36.3201,-6.9391],[-36.3258,-6.9385],[-36.3314,-6.9303],[-36.3625,-6.9129],[-36.3767,-6.8937],[-36.3822,-6.886],[-36.3691,-6.8728],[-36.3639,-6.8605],[-36.3701,-6.855],[-36.3645,-6.8504],[-36.3618,-6.8406],[-36.3625,-6.832],[-36.3685,-6.8212],[-36.3651,-6.8204],[-36.365,-6.8147],[-36.3583,-6.8127],[-36.3517,-6.8106],[-36.3415,-6.8177],[-36.3387,-6.8167],[-36.3357,-6.8226],[-36.3302,-6.8222],[-36.3163,-6.796],[-36.3165,-6.7898]]]}},{"type":"Feature","properties":{"nome":"Cuité","cod":"2505105","uf":"PB"},"geometry":{"type":"Polygon","coordinates":[[[-36.0734,-6.4145],[-36.0669,-6.4147],[-36.0614,-6.4098],[-36.0509,-6.4318],[-36.0364,-6.4439],[-36.013,-6.4546],[-36.008,-6.4647],[-36.0119,-6.4735],[-36.007,-6.4741],[-36.005,-6.4807],[-35.9773,-6.4885],[-35.9719,-6.4871],[-35.9649,-6.484],[-35.9439,-6.4926],[-35.87,-6.4882],[-35.8528,-6.4872],[-35.8679,-6.5454],[-35.8766,-6.5781],[-35.8781,-6.5624],[-35.9662,-6.5843],[-35.9692,-6.589],[-35.9883,-6.6068],[-36.0004,-6.6181],[-36.0112,-6.6215],[-36.0373,-6.6383],[-36.0444,-6.638],[-36.0453,-6.6382],[-36.065,-6.6515],[-36.1061,-6.6677],[-36.1063,-6.6679],[-36.1392,-6.6794],[-36.1489,-6.677],[-36.1569,-6.6801],[-36.1725,-6.6787],[-36.1879,-6.6747],[-36.1902,-6.6736],[-36.2119,-6.6623],[-36.2275,-6.6469],[-36.2345,-6.6413],[-36.2427,-6.6415],[-36.234,-6.595],[-36.2339,-6.5944],[-36.2248,-6.5591],[-36.2247,-6.559],[-36.1803,-6.4695],[-36.1802,-6.4691],[-36.1741,-6.4304],[-36.1434,-6.4249],[-36.1099,-6.4288],[-36.1071,-6.4259],[-36.1028,-6.4211],[-36.0982,-6.4195],[-36.0962,-6.4199],[-36.0958,-6.4198],[-36.0864,-6.4154],[-36.0797,-6.4048],[-36.0724,-6.41],[-36.0734,-6.4145]]]}},{"type":"Feature","properties":{"nome":"Cuitegi","cod":"2505204","uf":"PB"},"geometry":{"type":"Polygon","coordinates":[[[-35.4724,-6.9228],[-35.4724,-6.9231],[-35.479,-6.9231],[-35.5341,-6.9285],[-35.5634,-6.9076],[-35.565,-6.8869],[-35.5651,-6.886],[-35.5494,-6.8833],[-35.5306,-6.88],[-35.5039,-6.8753],[-35.5027,-6.8806],[-35.4987,-6.8895],[-35.4933,-6.8933],[-35.4822,-6.9012],[-35.4821,-6.9173],[-35.4742,-6.9173],[-35.4724,-6.9228]]]}},{"type":"Feature","properties":{"nome":"Cuité de Mamanguape","cod":"2505238","uf":"PB"},"geometry":{"type":"Polygon","coordinates":[[[-35.2636,-6.8511],[-35.2603,-6.8534],[-35.2543,-6.8589],[-35.2413,-6.8627],[-35.2395,-6.8707],[-35.2326,-6.8694],[-35.227,-6.8687],[-35.2234,-6.8875],[-35.2135,-6.8931],[-35.2052,-6.9042],[-35.1936,-6.9186],[-35.1775,-6.9285],[-35.1781,-6.9332],[-35.181,-6.9421],[-35.1788,-6.9503],[-35.184,-6.9545],[-35.207,-6.9405],[-35.2192,-6.9422],[-35.2215,-6.9459],[-35.2218,-6.9464],[-35.2221,-6.947],[-35.2438,-6.9538],[-35.2563,-6.9525],[-35.2623,-6.955],[-35.2628,-6.9548],[-35.2662,-6.9525],[-35.2739,-6.9476],[-35.2775,-6.9426],[-35.2872,-6.943],[-35.2922,-6.9253],[-35.2957,-6.913],[-35.302,-6.9082],[-35.3015,-6.9034],[-35.3052,-6.896],[-35.3053,-6.8836],[-35.3158,-6.8714],[-35.3185,-6.8604],[-35.3001,-6.8512],[-35.2944,-6.8543],[-35.2799,-6.8538],[-35.2718,-6.8452],[-35.2636,-6.8511]]]}},{"type":"Feature","properties":{"nome":"Curral de Cima","cod":"2505279","uf":"PB"},"geometry":{"type":"Polygon","coordinates":[[[-35.2192,-6.7073],[-35.2147,-6.716],[-35.2141,-6.7181],[-35.2207,-6.7325],[-35.22,-6.7509],[-35.2311,-6.7613],[-35.24,-6.7516],[-35.2463,-6.7507],[-35.2632,-6.7574],[-35.2742,-6.7598],[-35.2886,-6.7525],[-35.317,-6.7624],[-35.3502,-6.7742],[-35.3503,-6.7742],[-35.3585,-6.757],[-35.3721,-6.7553],[-35.3499,-6.749],[-35.3498,-6.7489],[-35.3457,-6.7422],[-35.3469,-6.7249],[-35.3343,-6.7033],[-35.3285,-6.7019],[-35.3249,-6.7097],[-35.3198,-6.7078],[-35.3125,-6.7082],[-35.3095,-6.7138],[-35.2974,-6.7172],[-35.2914,-6.7138],[-35.2849,-6.7071],[-35.2824,-6.7081],[-35.272,-6.7066],[-35.2631,-6.7095],[-35.2534,-6.7046],[-35.2442,-6.7],[-35.2426,-6.695],[-35.2374,-6.6943],[-35.2326,-6.6875],[-35.2275,-6.6881],[-35.2284,-6.6928],[-35.2231,-6.6972],[-35.2192,-6.7073]]]}},{"type":"Feature","properties":{"nome":"Curral Velho","cod":"2505303","uf":"PB"},"geometry":{"type":"Polygon","coordinates":[[[-38.1536,-7.4635],[-38.1437,-7.4785],[-38.0947,-7.4767],[-38.0734,-7.5277],[-38.108,-7.5492],[-38.1,-7.5564],[-38.102,-7.5689],[-38.1034,-7.5701],[-38.1051,-7.5711],[-38.1251,-7.5911],[-38.1351,-7.5995],[-38.1693,-7.6128],[-38.1832,-7.6129],[-38.1861,-7.6115],[-38.228,-7.5923],[-38.2259,-7.5857],[-38.2426,-7.581],[-38.2492,-7.574],[-38.2473,-7.5688],[-38.2427,-7.5478],[-38.2452,-7.5443],[-38.2321,-7.5362],[-38.2348,-7.5304],[-38.2316,-7.5267],[-38.2433,-7.5176],[-38.2414,-7.5132],[-38.2464,-7.5105],[-38.2488,-7.4951],[-38.2571,-7.4836],[-38.2292,-7.4859],[-38.2217,-7.4866],[-38.1735,-7.4702],[-38.1536,-7.4635]]]}},{"type":"Feature","properties":{"nome":"Damião","cod":"2505352","uf":"PB"},"geometry":{"type":"Polygon","coordinates":[[[-35.8667,-6.6792],[-35.8741,-6.6914],[-35.8929,-6.6907],[-35.9014,-6.6995],[-35.8986,-6.7046],[-35.901,-6.706],[-35.9069,-6.7092],[-35.9109,-6.7171],[-35.9224,-6.7199],[-35.9339,-6.7179],[-35.942,-6.7052],[-35.9487,-6.6981],[-35.9622,-6.697],[-35.9712,-6.7053],[-35.9762,-6.7054],[-35.9938,-6.6919],[-35.9982,-6.6847],[-35.9971,-6.6797],[-36.0062,-6.672],[-36.0082,-6.6635],[-36.0041,-6.6533],[-36.0064,-6.6505],[-35.9945,-6.6403],[-35.9742,-6.6049],[-35.9692,-6.589],[-35.9662,-6.5843],[-35.8781,-6.5624],[-35.8766,-6.5781],[-35.8752,-6.5926],[-35.8719,-6.626],[-35.8713,-6.6324],[-35.8667,-6.6792]]]}},{"type":"Feature","properties":{"nome":"Desterro","cod":"2505402","uf":"PB"},"geometry":{"type":"Polygon","coordinates":[[[-37.054,-7.2526],[-37.0519,-7.2561],[-37.0407,-7.2555],[-37.0406,-7.2555],[-37.0341,-7.2547],[-37.0295,-7.2486],[-37.0145,-7.2503],[-37.0117,-7.2831],[-37.027,-7.2865],[-37.0288,-7.2927],[-37.039,-7.3294],[-37.0528,-7.3791],[-37.0691,-7.382],[-37.0726,-7.3679],[-37.0811,-7.3631],[-37.0853,-7.3578],[-37.097,-7.3536],[-37.1015,-7.3562],[-37.1064,-7.3535],[-37.1212,-7.3505],[-37.1276,-7.3436],[-37.135,-7.3463],[-37.14,-7.3417],[-37.1446,-7.3346],[-37.1567,-7.3378],[-37.165,-7.3362],[-37.1678,-7.3316],[-37.1682,-7.3195],[-37.1766,-7.3091],[-37.1499,-7.2729],[-37.1469,-7.2633],[-37.1455,-7.2461],[-37.1238,-7.2416],[-37.0875,-7.2372],[-37.0773,-7.2336],[-37.0732,-7.235],[-37.0708,-7.2438],[-37.0663,-7.2442],[-37.0626,-7.2508],[-37.054,-7.2526]]]}},{"type":"Feature","properties":{"nome":"Vista Serrana","cod":"2505501","uf":"PB"},"geometry":{"type":"Polygon","coordinates":[[[-37.5404,-6.7237],[-37.5482,-6.7378],[-37.5427,-6.7424],[-37.5392,-6.7522],[-37.5442,-6.7655],[-37.5522,-6.7745],[-37.5559,-6.7874],[-37.5538,-6.8001],[-37.5597,-6.8002],[-37.5757,-6.8121],[-37.5759,-6.8064],[-37.5921,-6.8042],[-37.5992,-6.7974],[-37.6047,-6.7298],[-37.6287,-6.7308],[-37.6384,-6.7217],[-37.5565,-6.717],[-37.5183,-6.712],[-37.5404,-6.7237]]]}},{"type":"Feature","properties":{"nome":"Diamante","cod":"2505600","uf":"PB"},"geometry":{"type":"Polygon","coordinates":[[[-38.342,-7.3163],[-38.3346,-7.3213],[-38.3265,-7.3205],[-38.3242,-7.3257],[-38.3225,-7.3297],[-38.3219,-7.3396],[-38.3093,-7.3421],[-38.298,-7.3568],[-38.2923,-7.3593],[-38.2877,-7.3567],[-38.2852,-7.3595],[-38.2593,-7.3884],[-38.2443,-7.4123],[-38.2464,-7.4231],[-38.2524,-7.4502],[-38.2616,-7.461],[-38.2564,-7.4684],[-38.2571,-7.4836],[-38.2488,-7.4951],[-38.2464,-7.5105],[-38.2414,-7.5132],[-38.2433,-7.5176],[-38.2316,-7.5267],[-38.2348,-7.5304],[-38.2321,-7.5362],[-38.2452,-7.5443],[-38.2427,-7.5478],[-38.2473,-7.5688],[-38.2528,-7.5744],[-38.2647,-7.5698],[-38.268,-7.5748],[-38.2727,-7.5727],[-38.2704,-7.5657],[-38.2763,-7.5634],[-38.2791,-7.544],[-38.2822,-7.542],[-38.2838,-7.5305],[-38.2937,-7.5331],[-38.2962,-7.5313],[-38.2955,-7.5228],[-38.3097,-7.5185],[-38.3137,-7.5003],[-38.3279,-7.4866],[-38.328,-7.4777],[-38.3225,-7.4744],[-38.3189,-7.4572],[-38.3145,-7.4553],[-38.3406,-7.437],[-38.345,-7.4375],[-38.3513,-7.4325],[-38.3521,-7.4249],[-38.3538,-7.4228],[-38.3545,-7.4208],[-38.3614,-7.424],[-38.365,-7.4185],[-38.3745,-7.4265],[-38.3775,-7.4188],[-38.3978,-7.4258],[-38.4008,-7.424],[-38.4009,-7.4159],[-38.3961,-7.4082],[-38.4071,-7.4015],[-38.4104,-7.3982],[-38.4097,-7.3911],[-38.4022,-7.375],[-38.4076,-7.3707],[-38.4138,-7.3716],[-38.4139,-7.3685],[-38.4104,-7.3652],[-38.4131,-7.3622],[-38.4062,-7.3464],[-38.4123,-7.3473],[-38.4127,-7.3421],[-38.3683,-7.3184],[-38.3518,-7.3167],[-38.3484,-7.3192],[-38.342,-7.3163]]]}},{"type":"Feature","properties":{"nome":"Dona Inês","cod":"2505709","uf":"PB"},"geometry":{"type":"Polygon","coordinates":[[[-35.6022,-6.544],[-35.5788,-6.5524],[-35.558,-6.5458],[-35.5682,-6.5586],[-35.5669,-6.5664],[-35.5651,-6.5704],[-35.556,-6.5718],[-35.5514,-6.576],[-35.5365,-6.6016],[-35.5453,-6.6098],[-35.552,-6.6089],[-35.5602,-6.5996],[-35.571,-6.6074],[-35.5748,-6.6068],[-35.5875,-6.6166],[-35.5941,-6.6272],[-35.5976,-6.6335],[-35.6022,-6.6366],[-35.6101,-6.6522],[-35.6263,-6.656],[-35.6419,-6.6431],[-35.6507,-6.6438],[-35.6605,-6.6364],[-35.6701,-6.6373],[-35.668,-6.6446],[-35.6702,-6.6501],[-35.6789,-6.6508],[-35.6832,-6.659],[-35.6879,-6.6539],[-35.6975,-6.6574],[-35.7106,-6.6538],[-35.7146,-6.6636],[-35.7217,-6.6702],[-35.7387,-6.6733],[-35.7423,-6.6767],[-35.7538,-6.6254],[-35.7428,-6.6124],[-35.739,-6.6151],[-35.7346,-6.6135],[-35.7226,-6.611],[-35.7182,-6.6014],[-35.7068,-6.5995],[-35.6898,-6.5907],[-35.6748,-6.5828],[-35.66,-6.581],[-35.6568,-6.5754],[-35.6398,-6.5671],[-35.621,-6.5658],[-35.6161,-6.5474],[-35.6125,-6.546],[-35.6022,-6.544]]]}},{"type":"Feature","properties":{"nome":"Duas Estradas","cod":"2505808","uf":"PB"},"geometry":{"type":"Polygon","coordinates":[[[-35.3726,-6.7555],[-35.3741,-6.756],[-35.372,-6.7477],[-35.3814,-6.7407],[-35.4122,-6.7321],[-35.4167,-6.7272],[-35.4168,-6.7271],[-35.4189,-6.7258],[-35.4253,-6.7136],[-35.4337,-6.7071],[-35.4306,-6.7065],[-35.4215,-6.6889],[-35.4183,-6.683],[-35.4158,-6.674],[-35.4084,-6.6763],[-35.407,-6.6843],[-35.4057,-6.6913],[-35.3998,-6.7092],[-35.3793,-6.7185],[-35.3706,-6.723],[-35.3498,-6.7489],[-35.3499,-6.749],[-35.3721,-6.7553],[-35.3726,-6.7555]]]}},{"type":"Feature","properties":{"nome":"Emas","cod":"2505907","uf":"PB"},"geometry":{"type":"Polygon","coordinates":[[[-37.7786,-7.019],[-37.7485,-7.024],[-37.7054,-7.0209],[-37.6763,-7.0146],[-37.6755,-7.0289],[-37.6716,-7.1155],[-37.6681,-7.1544],[-37.7044,-7.1748],[-37.7408,-7.1738],[-37.7486,-7.161],[-37.7541,-7.141],[-37.7761,-7.1416],[-37.7813,-7.1386],[-37.7913,-7.1223],[-37.7992,-7.1316],[-37.8055,-7.1234],[-37.8239,-7.118],[-37.8233,-7.0941],[-37.8223,-7.0562],[-37.8213,-7.0188],[-37.7786,-7.019]]]}},{"type":"Feature","properties":{"nome":"Esperança","cod":"2506004","uf":"PB"},"geometry":{"type":"Polygon","coordinates":[[[-35.8178,-6.9997],[-35.8109,-7.0101],[-35.8058,-7.0136],[-35.8042,-7.0201],[-35.7939,-7.014],[-35.7821,-7.0185],[-35.7785,-7.0211],[-35.7792,-7.0274],[-35.7884,-7.0293],[-35.7957,-7.0233],[-35.8089,-7.0318],[-35.8092,-7.0319],[-35.825,-7.0302],[-35.832,-7.0291],[-35.8407,-7.0408],[-35.8552,-7.0502],[-35.8554,-7.0503],[-35.8639,-7.0569],[-35.8715,-7.0578],[-35.8809,-7.0527],[-35.8859,-7.0629],[-35.8864,-7.0638],[-35.8954,-7.0822],[-35.8962,-7.0839],[-35.9096,-7.084],[-35.922,-7.08],[-35.9121,-7.0705],[-35.9029,-7.0555],[-35.9026,-7.0456],[-35.9037,-7.0389],[-35.9109,-7.0326],[-35.9148,-7.0286],[-35.927,-7.0173],[-35.9278,-7.0172],[-35.9468,-7.0196],[-35.9529,-7.0147],[-35.9569,-7.0165],[-35.9789,-6.9842],[-35.9667,-6.9743],[-35.9647,-6.9658],[-35.9391,-6.9476],[-35.9409,-6.9377],[-35.9409,-6.9376],[-35.9188,-6.932],[-35.9049,-6.9374],[-35.8984,-6.9442],[-35.885,-6.9511],[-35.8652,-6.9542],[-35.8517,-6.9666],[-35.8327,-6.9743],[-35.8233,-6.9795],[-35.8231,-6.9796],[-35.8145,-6.9844],[-35.8174,-6.9874],[-35.8178,-6.9997]]]}},{"type":"Feature","properties":{"nome":"Fagundes","cod":"2506103","uf":"PB"},"geometry":{"type":"Polygon","coordinates":[[[-35.7833,-7.318],[-35.769,-7.3228],[-35.7563,-7.3262],[-35.7398,-7.3177],[-35.7357,-7.3237],[-35.7447,-7.3417],[-35.7229,-7.3328],[-35.7024,-7.3377],[-35.7129,-7.3645],[-35.713,-7.3646],[-35.7333,-7.4163],[-35.7544,-7.4694],[-35.7593,-7.4775],[-35.7641,-7.477],[-35.7704,-7.4813],[-35.7734,-7.4796],[-35.773,-7.4736],[-35.7788,-7.4702],[-35.7864,-7.4752],[-35.7869,-7.4722],[-35.7865,-7.4661],[-35.7911,-7.4635],[-35.7959,-7.4711],[-35.8074,-7.4714],[-35.809,-7.4658],[-35.8064,-7.4635],[-35.8138,-7.4601],[-35.8207,-7.464],[-35.8245,-7.4599],[-35.8274,-7.4532],[-35.8371,-7.4554],[-35.8352,-7.4503],[-35.8379,-7.4397],[-35.8318,-7.4279],[-35.8201,-7.4218],[-35.8291,-7.4052],[-35.8366,-7.395],[-35.84,-7.3822],[-35.84,-7.3817],[-35.8372,-7.362],[-35.8377,-7.3596],[-35.8366,-7.356],[-35.8369,-7.341],[-35.8381,-7.3306],[-35.8236,-7.3282],[-35.8086,-7.3193],[-35.7955,-7.3208],[-35.7833,-7.318]]]}},{"type":"Feature","properties":{"nome":"Frei Martinho","cod":"2506202","uf":"PB"},"geometry":{"type":"Polygon","coordinates":[[[-36.3942,-6.2936],[-36.3623,-6.3096],[-36.3437,-6.3021],[-36.3473,-6.3088],[-36.3434,-6.3139],[-36.3384,-6.3143],[-36.3356,-6.3208],[-36.3413,-6.328],[-36.3502,-6.3404],[-36.3521,-6.3503],[-36.3704,-6.3483],[-36.3759,-6.3537],[-36.3674,-6.3597],[-36.3765,-6.3778],[-36.3757,-6.3848],[-36.3747,-6.3923],[-36.3901,-6.4116],[-36.3961,-6.4056],[-36.416,-6.4002],[-36.4224,-6.4064],[-36.4385,-6.4314],[-36.4352,-6.4361],[-36.4199,-6.4359],[-36.4226,-6.4414],[-36.4299,-6.4441],[-36.4394,-6.4568],[-36.4251,-6.4598],[-36.419,-6.4644],[-36.4202,-6.4761],[-36.4592,-6.518],[-36.4689,-6.5487],[-36.4789,-6.5395],[-36.4823,-6.5191],[-36.5189,-6.5021],[-36.5255,-6.5008],[-36.5279,-6.4789],[-36.5305,-6.4714],[-36.5306,-6.4517],[-36.5072,-6.3997],[-36.504,-6.3861],[-36.4995,-6.3578],[-36.4485,-6.3616],[-36.4444,-6.3618],[-36.43,-6.3619],[-36.3942,-6.2936]]]}},{"type":"Feature","properties":{"nome":"Gado Bravo","cod":"2506251","uf":"PB"},"geometry":{"type":"Polygon","coordinates":[[[-35.8297,-7.4937],[-35.8127,-7.5265],[-35.8063,-7.5309],[-35.7957,-7.535],[-35.7904,-7.5408],[-35.7845,-7.5464],[-35.758,-7.5716],[-35.7573,-7.5723],[-35.7449,-7.5841],[-35.7461,-7.5921],[-35.7338,-7.5974],[-35.7294,-7.6084],[-35.7336,-7.6146],[-35.7343,-7.6215],[-35.7292,-7.626],[-35.7332,-7.6296],[-35.7244,-7.638],[-35.7112,-7.6415],[-35.7115,-7.6416],[-35.7365,-7.6458],[-35.7496,-7.6514],[-35.7613,-7.6478],[-35.7631,-7.6386],[-35.7745,-7.6351],[-35.7781,-7.643],[-35.7977,-7.6552],[-35.8077,-7.6426],[-35.8115,-7.6458],[-35.813,-7.6596],[-35.817,-7.6625],[-35.8346,-7.6606],[-35.8564,-7.6656],[-35.8656,-7.6629],[-35.8657,-7.6514],[-35.8685,-7.6485],[-35.8643,-7.6425],[-35.8669,-7.6369],[-35.8786,-7.6093],[-35.8719,-7.604],[-35.8653,-7.5893],[-35.8644,-7.5888],[-35.8506,-7.5766],[-35.8267,-7.5734],[-35.8258,-7.5707],[-35.8285,-7.5703],[-35.8274,-7.5629],[-35.8467,-7.5564],[-35.8574,-7.5569],[-35.8638,-7.55],[-35.8708,-7.5449],[-35.8794,-7.5451],[-35.8837,-7.5402],[-35.8826,-7.53],[-35.8735,-7.5193],[-35.874,-7.5122],[-35.8739,-7.5119],[-35.8718,-7.5097],[-35.8715,-7.5124],[-35.8688,-7.508],[-35.8641,-7.5101],[-35.8592,-7.5038],[-35.8536,-7.5057],[-35.847,-7.4922],[-35.836,-7.4897],[-35.8368,-7.4684],[-35.8245,-7.4599],[-35.8315,-7.4659],[-35.8297,-7.4937]]]}},{"type":"Feature","properties":{"nome":"Guarabira","cod":"2506301","uf":"PB"},"geometry":{"type":"Polygon","coordinates":[[[-35.4645,-6.8117],[-35.4592,-6.8211],[-35.4298,-6.8129],[-35.428,-6.8152],[-35.4184,-6.8133],[-35.4223,-6.8227],[-35.4174,-6.8248],[-35.4189,-6.8325],[-35.4156,-6.8309],[-35.4114,-6.8303],[-35.4096,-6.8351],[-35.4061,-6.8325],[-35.4035,-6.8454],[-35.4026,-6.8477],[-35.3999,-6.8443],[-35.3982,-6.8467],[-35.3931,-6.8455],[-35.3895,-6.8484],[-35.3918,-6.8539],[-35.3888,-6.8563],[-35.3851,-6.8935],[-35.3843,-6.9014],[-35.3822,-6.9237],[-35.381,-6.9325],[-35.3933,-6.929],[-35.4107,-6.9306],[-35.4265,-6.9348],[-35.4277,-6.9417],[-35.4411,-6.9441],[-35.4446,-6.9532],[-35.4543,-6.9631],[-35.4599,-6.9637],[-35.4584,-6.9572],[-35.4656,-6.9523],[-35.4717,-6.9352],[-35.4724,-6.9231],[-35.4724,-6.9228],[-35.4742,-6.9173],[-35.4821,-6.9173],[-35.4822,-6.9012],[-35.4933,-6.8933],[-35.4987,-6.8895],[-35.5027,-6.8806],[-35.5039,-6.8753],[-35.5306,-6.88],[-35.5306,-6.8586],[-35.52,-6.8471],[-35.5178,-6.8447],[-35.5082,-6.8342],[-35.508,-6.823],[-35.5029,-6.8193],[-35.485,-6.8187],[-35.4645,-6.8117]]]}},{"type":"Feature","properties":{"nome":"Gurinhém","cod":"2506400","uf":"PB"},"geometry":{"type":"Polygon","coordinates":[[[-35.3755,-7.0327],[-35.3753,-7.0782],[-35.3631,-7.078],[-35.3531,-7.1034],[-35.3503,-7.1156],[-35.3568,-7.1206],[-35.3545,-7.128],[-35.3535,-7.1441],[-35.3579,-7.1548],[-35.3542,-7.166],[-35.3525,-7.168],[-35.3526,-7.1695],[-35.3544,-7.1761],[-35.3494,-7.1939],[-35.3844,-7.2085],[-35.3755,-7.2389],[-35.3979,-7.239],[-35.4048,-7.2426],[-35.4189,-7.2394],[-35.4312,-7.2496],[-35.4352,-7.2464],[-35.4496,-7.2546],[-35.4508,-7.254],[-35.4487,-7.2465],[-35.4557,-7.2291],[-35.4535,-7.2197],[-35.4586,-7.2161],[-35.4625,-7.2132],[-35.465,-7.1894],[-35.4578,-7.1792],[-35.4654,-7.1768],[-35.4704,-7.1796],[-35.479,-7.1785],[-35.482,-7.1893],[-35.4881,-7.1917],[-35.4881,-7.1956],[-35.4918,-7.1946],[-35.5069,-7.1786],[-35.5165,-7.1685],[-35.5337,-7.1607],[-35.5474,-7.1576],[-35.5293,-7.1511],[-35.5219,-7.138],[-35.5329,-7.1275],[-35.5328,-7.1201],[-35.5268,-7.1143],[-35.5258,-7.1096],[-35.5233,-7.1049],[-35.5,-7.0944],[-35.507,-7.0839],[-35.5046,-7.0754],[-35.5111,-7.0708],[-35.5143,-7.062],[-35.4908,-7.0664],[-35.4519,-7.0735],[-35.4422,-7.0702],[-35.4221,-7.0561],[-35.4166,-7.0433],[-35.4061,-7.0429],[-35.3909,-7.0441],[-35.3755,-7.0322],[-35.3755,-7.0327]]]}},{"type":"Feature","properties":{"nome":"Gurjão","cod":"2506509","uf":"PB"},"geometry":{"type":"Polygon","coordinates":[[[-36.4182,-7.1991],[-36.4057,-7.2179],[-36.3258,-7.1883],[-36.3434,-7.2827],[-36.3305,-7.3071],[-36.3392,-7.3126],[-36.3486,-7.3133],[-36.3825,-7.2983],[-36.3925,-7.3027],[-36.4034,-7.2999],[-36.4226,-7.3013],[-36.4335,-7.309],[-36.4426,-7.3096],[-36.446,-7.3057],[-36.4779,-7.3142],[-36.4978,-7.3301],[-36.5372,-7.3509],[-36.601,-7.3511],[-36.607,-7.3459],[-36.6004,-7.3394],[-36.5838,-7.3358],[-36.5751,-7.323],[-36.5667,-7.3233],[-36.5603,-7.2689],[-36.5739,-7.2471],[-36.5586,-7.245],[-36.5493,-7.2336],[-36.5261,-7.2283],[-36.5434,-7.2183],[-36.5518,-7.1893],[-36.5571,-7.1855],[-36.5677,-7.1789],[-36.5145,-7.1871],[-36.4867,-7.1895],[-36.486,-7.1896],[-36.4182,-7.1991]]]}},{"type":"Feature","properties":{"nome":"Ibiara","cod":"2506608","uf":"PB"},"geometry":{"type":"Polygon","coordinates":[[[-38.3775,-7.4188],[-38.3745,-7.4265],[-38.365,-7.4185],[-38.3614,-7.424],[-38.3545,-7.4208],[-38.3538,-7.4228],[-38.3521,-7.4249],[-38.3513,-7.4325],[-38.345,-7.4375],[-38.3406,-7.437],[-38.3145,-7.4553],[-38.3189,-7.4572],[-38.3225,-7.4744],[-38.328,-7.4777],[-38.3279,-7.4866],[-38.3137,-7.5003],[-38.3097,-7.5185],[-38.3221,-7.5272],[-38.3451,-7.5339],[-38.3718,-7.5366],[-38.3839,-7.5353],[-38.3853,-7.5395],[-38.3925,-7.5471],[-38.386,-7.569],[-38.3899,-7.5801],[-38.3884,-7.5944],[-38.4294,-7.5939],[-38.4502,-7.5937],[-38.4453,-7.5881],[-38.446,-7.5814],[-38.4393,-7.5853],[-38.4364,-7.5833],[-38.4231,-7.565],[-38.4239,-7.552],[-38.441,-7.5422],[-38.4412,-7.5422],[-38.4707,-7.5382],[-38.4814,-7.5297],[-38.4799,-7.5232],[-38.4752,-7.5203],[-38.4908,-7.4403],[-38.4913,-7.4381],[-38.476,-7.4327],[-38.4412,-7.4292],[-38.4263,-7.4228],[-38.4068,-7.4231],[-38.4044,-7.4256],[-38.4008,-7.424],[-38.3978,-7.4258],[-38.3775,-7.4188]]]}},{"type":"Feature","properties":{"nome":"Imaculada","cod":"2506707","uf":"PB"},"geometry":{"type":"Polygon","coordinates":[[[-37.3981,-7.3148],[-37.3927,-7.3192],[-37.3956,-7.3333],[-37.3953,-7.3362],[-37.3854,-7.3563],[-37.4078,-7.3577],[-37.4123,-7.3615],[-37.4252,-7.3525],[-37.4315,-7.3563],[-37.4444,-7.3603],[-37.4656,-7.3576],[-37.4784,-7.3596],[-37.4855,-7.3617],[-37.4977,-7.3664],[-37.4866,-7.3946],[-37.4943,-7.3986],[-37.4966,-7.4031],[-37.4992,-7.407],[-37.5053,-7.4188],[-37.5133,-7.4243],[-37.5138,-7.4326],[-37.5214,-7.4391],[-37.5271,-7.448],[-37.5282,-7.4597],[-37.5276,-7.4649],[-37.5327,-7.4725],[-37.5522,-7.4792],[-37.5714,-7.4887],[-37.5714,-7.4887],[-37.5654,-7.4825],[-37.5737,-7.4589],[-37.5682,-7.4558],[-37.5699,-7.4539],[-37.5703,-7.4535],[-37.593,-7.4286],[-37.5953,-7.417],[-37.6085,-7.4107],[-37.6119,-7.411],[-37.6417,-7.412],[-37.6495,-7.4022],[-37.672,-7.3765],[-37.6923,-7.3789],[-37.7038,-7.3732],[-37.7065,-7.385],[-37.7112,-7.3811],[-37.721,-7.3819],[-37.7369,-7.3782],[-37.7393,-7.3657],[-37.7239,-7.3609],[-37.7244,-7.3449],[-37.7218,-7.3429],[-37.7154,-7.3429],[-37.705,-7.3521],[-37.6974,-7.335],[-37.6826,-7.3239],[-37.662,-7.3293],[-37.6503,-7.3282],[-37.6401,-7.3231],[-37.6248,-7.3316],[-37.6138,-7.33],[-37.6136,-7.33],[-37.6076,-7.3274],[-37.5974,-7.3321],[-37.584,-7.3316],[-37.57,-7.3167],[-37.5664,-7.3146],[-37.5511,-7.3187],[-37.5314,-7.3205],[-37.4926,-7.3223],[-37.4768,-7.3207],[-37.4579,-7.3128],[-37.4479,-7.3173],[-37.445,-7.3103],[-37.3973,-7.3076],[-37.3981,-7.3148]]]}},{"type":"Feature","properties":{"nome":"Ingá","cod":"2506806","uf":"PB"},"geometry":{"type":"Polygon","coordinates":[[[-35.6022,-7.1959],[-35.5903,-7.1984],[-35.5756,-7.1873],[-35.571,-7.1901],[-35.5643,-7.1882],[-35.5451,-7.2004],[-35.5395,-7.1968],[-35.5294,-7.2016],[-35.5245,-7.1994],[-35.5154,-7.2016],[-35.5154,-7.2056],[-35.5142,-7.2128],[-35.5275,-7.2203],[-35.5214,-7.2342],[-35.5262,-7.2363],[-35.5354,-7.2528],[-35.5376,-7.2754],[-35.5649,-7.3031],[-35.557,-7.3248],[-35.5476,-7.3507],[-35.5362,-7.3873],[-35.5444,-7.3822],[-35.5504,-7.3825],[-35.5582,-7.37],[-35.6049,-7.353],[-35.6174,-7.3356],[-35.6276,-7.3357],[-35.6482,-7.341],[-35.6784,-7.3434],[-35.7024,-7.3377],[-35.7229,-7.3328],[-35.7447,-7.3417],[-35.7357,-7.3237],[-35.7264,-7.3051],[-35.7038,-7.2598],[-35.6782,-7.2688],[-35.671,-7.2658],[-35.6646,-7.2582],[-35.6446,-7.2507],[-35.6355,-7.2499],[-35.6306,-7.2537],[-35.632,-7.2422],[-35.6291,-7.2333],[-35.6221,-7.2333],[-35.6221,-7.2293],[-35.6254,-7.2252],[-35.6311,-7.2275],[-35.6357,-7.2224],[-35.6475,-7.2187],[-35.6714,-7.2074],[-35.664,-7.1949],[-35.6639,-7.1948],[-35.6616,-7.1904],[-35.6405,-7.184],[-35.6227,-7.1784],[-35.6076,-7.1683],[-35.6163,-7.1782],[-35.6147,-7.1837],[-35.6022,-7.1959]]]}},{"type":"Feature","properties":{"nome":"Itabaiana","cod":"2506905","uf":"PB"},"geometry":{"type":"Polygon","coordinates":[[[-35.381,-7.2521],[-35.3682,-7.2649],[-35.3532,-7.2547],[-35.3302,-7.2814],[-35.322,-7.2913],[-35.3215,-7.2918],[-35.3109,-7.3046],[-35.3084,-7.3225],[-35.2918,-7.3208],[-35.2825,-7.3403],[-35.2714,-7.3631],[-35.2735,-7.3687],[-35.2862,-7.3783],[-35.2799,-7.3872],[-35.3062,-7.4075],[-35.3158,-7.4053],[-35.3238,-7.4109],[-35.3347,-7.4064],[-35.3326,-7.4149],[-35.3332,-7.4223],[-35.3423,-7.4216],[-35.3435,-7.4221],[-35.3478,-7.4219],[-35.352,-7.422],[-35.3483,-7.4345],[-35.3508,-7.4399],[-35.3626,-7.4424],[-35.3686,-7.4404],[-35.3756,-7.4485],[-35.3804,-7.4484],[-35.3826,-7.4267],[-35.3889,-7.4263],[-35.3918,-7.4079],[-35.4034,-7.4116],[-35.4178,-7.3687],[-35.4107,-7.3454],[-35.41,-7.3397],[-35.4018,-7.3352],[-35.4175,-7.3225],[-35.4317,-7.3187],[-35.4004,-7.3167],[-35.4108,-7.2992],[-35.4174,-7.2761],[-35.4128,-7.2689],[-35.397,-7.2623],[-35.3849,-7.2596],[-35.381,-7.2521]]]}},{"type":"Feature","properties":{"nome":"Itaporanga","cod":"2507002","uf":"PB"},"geometry":{"type":"Polygon","coordinates":[[[-38.1718,-7.1605],[-38.1577,-7.1888],[-38.1576,-7.1888],[-38.1558,-7.2211],[-38.1333,-7.2232],[-38.1174,-7.2248],[-38.0915,-7.2349],[-38.0903,-7.2534],[-38.0876,-7.2872],[-38.0863,-7.3038],[-38.0847,-7.3236],[-38.0525,-7.3171],[-38.0562,-7.3496],[-38.0641,-7.3507],[-38.0701,-7.357],[-38.0801,-7.3626],[-38.1407,-7.3966],[-38.1414,-7.396],[-38.1738,-7.369],[-38.1741,-7.3688],[-38.202,-7.3683],[-38.2457,-7.3681],[-38.2452,-7.3798],[-38.2593,-7.3884],[-38.2852,-7.3595],[-38.2877,-7.3567],[-38.2923,-7.3593],[-38.298,-7.3568],[-38.3093,-7.3421],[-38.3219,-7.3396],[-38.3225,-7.3297],[-38.3052,-7.3118],[-38.298,-7.3095],[-38.2823,-7.3053],[-38.2736,-7.2898],[-38.2618,-7.2898],[-38.2571,-7.2857],[-38.2477,-7.2709],[-38.253,-7.2695],[-38.2686,-7.2675],[-38.274,-7.2628],[-38.2674,-7.2335],[-38.2728,-7.2343],[-38.274,-7.2018],[-38.2903,-7.1979],[-38.2912,-7.1748],[-38.272,-7.1774],[-38.2426,-7.1669],[-38.2301,-7.1571],[-38.1718,-7.1605]]]}},{"type":"Feature","properties":{"nome":"Itapororoca","cod":"2507101","uf":"PB"},"geometry":{"type":"Polygon","coordinates":[[[-35.24,-6.7516],[-35.2311,-6.7613],[-35.2265,-6.7753],[-35.2199,-6.7764],[-35.2112,-6.7847],[-35.199,-6.808],[-35.1981,-6.809],[-35.1652,-6.8513],[-35.1688,-6.85],[-35.1819,-6.8464],[-35.1872,-6.8507],[-35.1937,-6.8542],[-35.1984,-6.8511],[-35.2176,-6.8576],[-35.2164,-6.8629],[-35.2211,-6.8658],[-35.227,-6.8687],[-35.2326,-6.8694],[-35.2395,-6.8707],[-35.2413,-6.8627],[-35.2543,-6.8589],[-35.2603,-6.8534],[-35.2636,-6.8511],[-35.2718,-6.8452],[-35.2799,-6.8538],[-35.2944,-6.8543],[-35.3001,-6.8512],[-35.3056,-6.8315],[-35.3274,-6.8245],[-35.323,-6.7985],[-35.3158,-6.7886],[-35.3208,-6.7885],[-35.3248,-6.7795],[-35.3402,-6.7794],[-35.3502,-6.7742],[-35.317,-6.7624],[-35.2886,-6.7525],[-35.2742,-6.7598],[-35.2632,-6.7574],[-35.2463,-6.7507],[-35.24,-6.7516]]]}},{"type":"Feature","properties":{"nome":"Itatuba","cod":"2507200","uf":"PB"},"geometry":{"type":"Polygon","coordinates":[[[-35.7024,-7.3377],[-35.6784,-7.3434],[-35.6482,-7.341],[-35.6276,-7.3357],[-35.6174,-7.3356],[-35.6049,-7.353],[-35.5582,-7.37],[-35.5504,-7.3825],[-35.5444,-7.3822],[-35.5362,-7.3873],[-35.5345,-7.3927],[-35.5324,-7.3926],[-35.5391,-7.3979],[-35.5413,-7.405],[-35.5431,-7.4097],[-35.5437,-7.4277],[-35.5511,-7.4412],[-35.5567,-7.4441],[-35.568,-7.4382],[-35.5836,-7.4502],[-35.5898,-7.4472],[-35.5947,-7.454],[-35.6008,-7.4496],[-35.6047,-7.4505],[-35.6174,-7.4491],[-35.6236,-7.4518],[-35.6312,-7.4496],[-35.6424,-7.4538],[-35.6616,-7.4596],[-35.667,-7.4657],[-35.6779,-7.46],[-35.6792,-7.4677],[-35.6863,-7.4681],[-35.6862,-7.4759],[-35.6931,-7.4769],[-35.6992,-7.468],[-35.7075,-7.4722],[-35.7118,-7.4701],[-35.7198,-7.474],[-35.7219,-7.4714],[-35.7227,-7.4653],[-35.734,-7.4744],[-35.7369,-7.4675],[-35.7467,-7.474],[-35.7544,-7.4694],[-35.7333,-7.4163],[-35.713,-7.3646],[-35.7129,-7.3645],[-35.7024,-7.3377]]]}},{"type":"Feature","properties":{"nome":"Jacaraú","cod":"2507309","uf":"PB"},"geometry":{"type":"Polygon","coordinates":[[[-35.3024,-6.5438],[-35.2742,-6.5435],[-35.2729,-6.5431],[-35.2529,-6.5336],[-35.232,-6.5314],[-35.2241,-6.5212],[-35.2231,-6.5158],[-35.2179,-6.5182],[-35.207,-6.5433],[-35.1992,-6.5495],[-35.1937,-6.5499],[-35.206,-6.5977],[-35.2061,-6.5981],[-35.1713,-6.6304],[-35.1441,-6.6579],[-35.155,-6.6624],[-35.1577,-6.6582],[-35.1596,-6.6616],[-35.1628,-6.6578],[-35.172,-6.6632],[-35.1817,-6.6619],[-35.1887,-6.6688],[-35.203,-6.6754],[-35.2111,-6.6723],[-35.2149,-6.6801],[-35.2263,-6.688],[-35.2275,-6.6881],[-35.2326,-6.6875],[-35.2374,-6.6943],[-35.2426,-6.695],[-35.259,-6.6644],[-35.2451,-6.6645],[-35.2462,-6.6593],[-35.2591,-6.6485],[-35.2611,-6.6414],[-35.2689,-6.6363],[-35.2873,-6.6256],[-35.2921,-6.6274],[-35.3165,-6.6243],[-35.3284,-6.6208],[-35.3263,-6.6022],[-35.3309,-6.5963],[-35.3306,-6.5887],[-35.3349,-6.5918],[-35.3406,-6.5892],[-35.3475,-6.598],[-35.3539,-6.596],[-35.3612,-6.5983],[-35.372,-6.5981],[-35.3757,-6.6029],[-35.3893,-6.5985],[-35.3946,-6.573],[-35.3964,-6.5624],[-35.3759,-6.5301],[-35.3642,-6.5116],[-35.3409,-6.5382],[-35.3304,-6.5439],[-35.3024,-6.5438]]]}},{"type":"Feature","properties":{"nome":"Jericó","cod":"2507408","uf":"PB"},"geometry":{"type":"Polygon","coordinates":[[[-37.8019,-6.5845],[-37.8002,-6.5948],[-37.831,-6.5914],[-37.827,-6.5832],[-37.8264,-6.5586],[-37.8372,-6.5566],[-37.8499,-6.5552],[-37.863,-6.5418],[-37.9037,-6.5413],[-37.8927,-6.513],[-37.8923,-6.5122],[-37.8872,-6.4991],[-37.8639,-6.4498],[-37.8516,-6.4443],[-37.8354,-6.4399],[-37.8196,-6.4474],[-37.818,-6.4479],[-37.8088,-6.4503],[-37.8014,-6.4559],[-37.7425,-6.4651],[-37.7456,-6.4775],[-37.7399,-6.4812],[-37.733,-6.4879],[-37.7472,-6.4903],[-37.7509,-6.4939],[-37.7547,-6.5261],[-37.7652,-6.5544],[-37.7836,-6.5637],[-37.7948,-6.5641],[-37.7964,-6.5673],[-37.8019,-6.5845]]]}},{"type":"Feature","properties":{"nome":"João Pessoa","cod":"2507507","uf":"PB"},"geometry":{"type":"Polygon","coordinates":[[[-34.8337,-7.098],[-34.822,-7.1105],[-34.822,-7.1304],[-34.8097,-7.1448],[-34.797,-7.1464],[-34.7933,-7.1541],[-34.7945,-7.1954],[-34.8027,-7.2101],[-34.8053,-7.2397],[-34.8083,-7.2431],[-34.8068,-7.2363],[-34.8179,-7.2386],[-34.8184,-7.2339],[-34.8253,-7.2341],[-34.8225,-7.2302],[-34.832,-7.2282],[-34.838,-7.2314],[-34.8385,-7.2373],[-34.8399,-7.234],[-34.8421,-7.2364],[-34.8464,-7.2348],[-34.8451,-7.2319],[-34.8491,-7.2348],[-34.8529,-7.2302],[-34.8622,-7.2298],[-34.8653,-7.2259],[-34.8695,-7.2274],[-34.8724,-7.2207],[-34.9042,-7.2124],[-34.9115,-7.2128],[-34.9295,-7.2255],[-34.9372,-7.2128],[-34.9636,-7.2141],[-34.9679,-7.2155],[-34.9702,-7.1987],[-34.9735,-7.1752],[-34.9641,-7.1676],[-34.9531,-7.1688],[-34.9472,-7.1635],[-34.9342,-7.1685],[-34.927,-7.1671],[-34.9243,-7.1705],[-34.9165,-7.1655],[-34.911,-7.1538],[-34.9109,-7.1487],[-34.9176,-7.1431],[-34.9189,-7.1337],[-34.9129,-7.1282],[-34.9043,-7.1266],[-34.902,-7.1205],[-34.8953,-7.1223],[-34.8914,-7.1109],[-34.8952,-7.1057],[-34.8916,-7.095],[-34.8652,-7.0577],[-34.8574,-7.0634],[-34.8587,-7.0673],[-34.8596,-7.0746],[-34.8658,-7.0805],[-34.8572,-7.0949],[-34.8451,-7.0994],[-34.8497,-7.0616],[-34.8434,-7.0554],[-34.838,-7.068],[-34.8301,-7.073],[-34.8337,-7.098]]]}},{"type":"Feature","properties":{"nome":"Juarez Távora","cod":"2507606","uf":"PB"},"geometry":{"type":"Polygon","coordinates":[[[-35.5329,-7.1275],[-35.5219,-7.138],[-35.5293,-7.1511],[-35.5474,-7.1576],[-35.5337,-7.1607],[-35.5165,-7.1685],[-35.5069,-7.1786],[-35.4918,-7.1946],[-35.5025,-7.1956],[-35.5066,-7.2002],[-35.5105,-7.1985],[-35.5154,-7.2016],[-35.5245,-7.1994],[-35.5294,-7.2016],[-35.5395,-7.1968],[-35.5451,-7.2004],[-35.5643,-7.1882],[-35.571,-7.1901],[-35.5756,-7.1873],[-35.5903,-7.1984],[-35.6022,-7.1959],[-35.6147,-7.1837],[-35.6163,-7.1782],[-35.6076,-7.1683],[-35.6104,-7.1606],[-35.6203,-7.1534],[-35.6241,-7.1324],[-35.6137,-7.134],[-35.6135,-7.1339],[-35.5692,-7.1223],[-35.5328,-7.1201],[-35.5329,-7.1275]]]}},{"type":"Feature","properties":{"nome":"Juazeirinho","cod":"2507705","uf":"PB"},"geometry":{"type":"Polygon","coordinates":[[[-36.476,-7.0],[-36.4882,-7.0268],[-36.4876,-7.0319],[-36.4873,-7.0349],[-36.472,-7.1216],[-36.4697,-7.1325],[-36.4834,-7.1443],[-36.4881,-7.16],[-36.486,-7.1896],[-36.4867,-7.1895],[-36.5145,-7.1871],[-36.5677,-7.1789],[-36.5913,-7.1722],[-36.613,-7.1286],[-36.6367,-7.1294],[-36.662,-7.1302],[-36.661,-7.1267],[-36.6614,-7.1172],[-36.6715,-7.1004],[-36.6664,-7.0976],[-36.6691,-7.0786],[-36.6574,-7.0734],[-36.6651,-7.0707],[-36.6576,-7.0618],[-36.6575,-7.0617],[-36.6616,-7.0555],[-36.6573,-7.0496],[-36.6757,-7.0145],[-36.6614,-7.0136],[-36.6532,-7.0093],[-36.6349,-7.0196],[-36.6322,-7.0139],[-36.6302,-7.0079],[-36.6181,-7.0014],[-36.6219,-6.9962],[-36.6146,-6.9903],[-36.5992,-6.9868],[-36.596,-6.9788],[-36.5748,-6.9777],[-36.5703,-6.9727],[-36.5745,-6.938],[-36.5704,-6.9336],[-36.571,-6.9197],[-36.5559,-6.9094],[-36.5541,-6.9],[-36.5577,-6.8887],[-36.5443,-6.8996],[-36.475,-6.948],[-36.4731,-6.9493],[-36.4764,-6.9938],[-36.476,-7.0]]]}},{"type":"Feature","properties":{"nome":"Junco do Seridó","cod":"2507804","uf":"PB"},"geometry":{"type":"Polygon","coordinates":[[[-36.7307,-6.9758],[-36.7182,-6.9823],[-36.7121,-6.9796],[-36.6994,-6.9479],[-36.6943,-6.9341],[-36.6869,-6.9256],[-36.6545,-6.9278],[-36.6596,-6.9342],[-36.6614,-6.9611],[-36.6669,-6.9692],[-36.6715,-6.9715],[-36.6858,-6.9689],[-36.6959,-6.9762],[-36.7015,-6.9856],[-36.6948,-7.001],[-36.6862,-7.0091],[-36.7028,-7.0069],[-36.7253,-7.0035],[-36.7303,-7.0188],[-36.7418,-7.0249],[-36.77,-7.0375],[-36.7811,-7.034],[-36.787,-7.0361],[-36.8041,-7.0304],[-36.8205,-7.0483],[-36.8581,-7.0641],[-36.8664,-7.0606],[-36.8662,-7.0124],[-36.7913,-6.9323],[-36.7745,-6.9145],[-36.7597,-6.9141],[-36.7662,-6.9355],[-36.7555,-6.9539],[-36.737,-6.9724],[-36.7307,-6.9758]]]}},{"type":"Feature","properties":{"nome":"Juripiranga","cod":"2507903","uf":"PB"},"geometry":{"type":"Polygon","coordinates":[[[-35.22,-7.2997],[-35.2169,-7.3043],[-35.2114,-7.3037],[-35.1931,-7.3107],[-35.1965,-7.3179],[-35.1845,-7.3376],[-35.1813,-7.3514],[-35.1707,-7.3514],[-35.1507,-7.3717],[-35.1564,-7.3771],[-35.1535,-7.392],[-35.1717,-7.3876],[-35.1805,-7.3955],[-35.1894,-7.3969],[-35.1904,-7.3975],[-35.1998,-7.3872],[-35.2243,-7.3789],[-35.229,-7.378],[-35.234,-7.3778],[-35.2457,-7.3742],[-35.2799,-7.3872],[-35.2862,-7.3783],[-35.2735,-7.3687],[-35.2714,-7.3631],[-35.2699,-7.355],[-35.2569,-7.3459],[-35.255,-7.3392],[-35.2515,-7.3388],[-35.2499,-7.3341],[-35.2489,-7.3363],[-35.245,-7.3338],[-35.2466,-7.33],[-35.2401,-7.3265],[-35.2382,-7.3142],[-35.2286,-7.3055],[-35.2285,-7.302],[-35.2239,-7.3033],[-35.22,-7.2997]]]}},{"type":"Feature","properties":{"nome":"Juru","cod":"2508000","uf":"PB"},"geometry":{"type":"Polygon","coordinates":[[[-37.7269,-7.3937],[-37.7243,-7.4087],[-37.7265,-7.4319],[-37.711,-7.4363],[-37.7005,-7.4617],[-37.7053,-7.476],[-37.727,-7.5415],[-37.7321,-7.5449],[-37.7494,-7.5563],[-37.7494,-7.5662],[-37.7346,-7.5968],[-37.7411,-7.5971],[-37.7438,-7.6036],[-37.7454,-7.6089],[-37.7555,-7.6191],[-37.7576,-7.6337],[-37.7736,-7.6255],[-37.7805,-7.6151],[-37.797,-7.6146],[-37.7972,-7.6145],[-37.7973,-7.6096],[-37.8023,-7.6105],[-37.8121,-7.6058],[-37.8167,-7.5968],[-37.8355,-7.5877],[-37.8406,-7.5848],[-37.8409,-7.5848],[-37.8446,-7.5856],[-37.8471,-7.5792],[-37.8636,-7.5807],[-37.8614,-7.5657],[-37.8638,-7.5611],[-37.8973,-7.5615],[-37.8996,-7.5485],[-37.8946,-7.5382],[-37.8981,-7.5362],[-37.9007,-7.5293],[-37.921,-7.4754],[-37.8859,-7.4441],[-37.8634,-7.4367],[-37.8551,-7.4336],[-37.8462,-7.4266],[-37.8394,-7.4173],[-37.8202,-7.4122],[-37.804,-7.3983],[-37.792,-7.397],[-37.7837,-7.3899],[-37.7692,-7.3977],[-37.766,-7.4001],[-37.7567,-7.3921],[-37.7452,-7.395],[-37.7201,-7.3844],[-37.7269,-7.3937]]]}},{"type":"Feature","properties":{"nome":"Lagoa","cod":"2508109","uf":"PB"},"geometry":{"type":"Polygon","coordinates":[[[-37.7858,-6.6059],[-37.7892,-6.6172],[-37.7822,-6.6369],[-37.7845,-6.6426],[-37.8109,-6.6415],[-37.845,-6.6401],[-37.845,-6.6401],[-37.8618,-6.6394],[-37.8772,-6.6264],[-37.8908,-6.6315],[-37.906,-6.6163],[-37.9256,-6.6224],[-37.9441,-6.6259],[-37.9531,-6.6223],[-37.9602,-6.6276],[-37.9662,-6.6136],[-37.9621,-6.6092],[-37.963,-6.6049],[-37.9733,-6.5929],[-37.9687,-6.5781],[-37.962,-6.5695],[-37.9795,-6.5312],[-37.9324,-6.5288],[-37.9321,-6.5289],[-37.9161,-6.5327],[-37.9037,-6.5413],[-37.863,-6.5418],[-37.8499,-6.5552],[-37.8372,-6.5566],[-37.8264,-6.5586],[-37.827,-6.5832],[-37.831,-6.5914],[-37.8002,-6.5948],[-37.7878,-6.5962],[-37.7858,-6.6059]]]}},{"type":"Feature","properties":{"nome":"Lagoa de Dentro","cod":"2508208","uf":"PB"},"geometry":{"type":"Polygon","coordinates":[[[-35.3284,-6.6208],[-35.3348,-6.637],[-35.3352,-6.6379],[-35.3404,-6.6509],[-35.3333,-6.6521],[-35.3225,-6.6665],[-35.3192,-6.6761],[-35.3198,-6.7078],[-35.3249,-6.7097],[-35.3285,-6.7019],[-35.3343,-6.7033],[-35.3469,-6.7249],[-35.3457,-6.7422],[-35.3498,-6.7489],[-35.3706,-6.723],[-35.3793,-6.7185],[-35.3998,-6.7092],[-35.4057,-6.6913],[-35.407,-6.6843],[-35.4084,-6.6763],[-35.4158,-6.674],[-35.4147,-6.6732],[-35.4024,-6.6593],[-35.3927,-6.6621],[-35.3909,-6.6492],[-35.3787,-6.6476],[-35.3779,-6.6433],[-35.3747,-6.6278],[-35.3593,-6.6317],[-35.3573,-6.616],[-35.3567,-6.613],[-35.3475,-6.6204],[-35.3284,-6.6208]]]}},{"type":"Feature","properties":{"nome":"Lagoa Seca","cod":"2508307","uf":"PB"},"geometry":{"type":"Polygon","coordinates":[[[-35.8683,-7.1121],[-35.8634,-7.1196],[-35.852,-7.1167],[-35.8454,-7.1201],[-35.8417,-7.1157],[-35.8392,-7.1236],[-35.8325,-7.1238],[-35.8296,-7.1257],[-35.8263,-7.1339],[-35.8188,-7.1376],[-35.8123,-7.1263],[-35.8063,-7.1315],[-35.8061,-7.1314],[-35.8009,-7.1286],[-35.7939,-7.1329],[-35.7868,-7.1332],[-35.783,-7.1368],[-35.789,-7.1429],[-35.7858,-7.1506],[-35.8022,-7.1555],[-35.8091,-7.1617],[-35.8249,-7.1744],[-35.8226,-7.187],[-35.834,-7.1945],[-35.8408,-7.1955],[-35.8434,-7.192],[-35.8518,-7.2023],[-35.8649,-7.2108],[-35.8657,-7.2019],[-35.8725,-7.1937],[-35.873,-7.1869],[-35.8843,-7.1737],[-35.8876,-7.1564],[-35.8953,-7.1679],[-35.9043,-7.1814],[-35.9048,-7.1815],[-35.9103,-7.1656],[-35.9205,-7.1558],[-35.9218,-7.1498],[-35.9266,-7.1435],[-35.9283,-7.141],[-35.9332,-7.1358],[-35.9296,-7.12],[-35.9297,-7.1073],[-35.9286,-7.1068],[-35.9212,-7.1024],[-35.8962,-7.0839],[-35.889,-7.0881],[-35.8739,-7.1064],[-35.8712,-7.1091],[-35.8683,-7.1121]]]}},{"type":"Feature","properties":{"nome":"Lastro","cod":"2508406","uf":"PB"},"geometry":{"type":"Polygon","coordinates":[[[-38.1919,-6.4979],[-38.1728,-6.4994],[-38.1608,-6.4987],[-38.1475,-6.4911],[-38.1352,-6.5181],[-38.1199,-6.522],[-38.1253,-6.5326],[-38.1401,-6.5402],[-38.1519,-6.5531],[-38.1525,-6.5577],[-38.1526,-6.5582],[-38.1547,-6.5745],[-38.1421,-6.5811],[-38.127,-6.5969],[-38.1454,-6.605],[-38.1633,-6.6218],[-38.1803,-6.5978],[-38.1853,-6.5978],[-38.2459,-6.5974],[-38.2242,-6.58],[-38.2118,-6.5552],[-38.1951,-6.5543],[-38.1967,-6.5505],[-38.2268,-6.4835],[-38.2002,-6.4879],[-38.1919,-6.4979]]]}},{"type":"Feature","properties":{"nome":"Livramento","cod":"2508505","uf":"PB"},"geometry":{"type":"Polygon","coordinates":[[[-36.836,-7.3264],[-36.8014,-7.3304],[-36.7971,-7.3207],[-36.7978,-7.3098],[-36.7874,-7.3107],[-36.7737,-7.3006],[-36.7739,-7.3713],[-36.8048,-7.3691],[-36.8365,-7.3714],[-36.8601,-7.3675],[-36.8648,-7.3742],[-36.8762,-7.3762],[-36.884,-7.3838],[-36.8966,-7.3827],[-36.9031,-7.3863],[-36.9188,-7.3857],[-36.9318,-7.3811],[-36.9563,-7.3832],[-36.9797,-7.3887],[-37.0134,-7.4034],[-37.0276,-7.3855],[-37.0496,-7.3772],[-37.0528,-7.3791],[-37.039,-7.3294],[-37.0288,-7.2927],[-37.027,-7.2865],[-37.0117,-7.2831],[-37.0145,-7.2503],[-36.9797,-7.2796],[-36.9587,-7.2864],[-36.9552,-7.2876],[-36.8729,-7.3143],[-36.8703,-7.3151],[-36.836,-7.3264]]]}},{"type":"Feature","properties":{"nome":"Logradouro","cod":"2508554","uf":"PB"},"geometry":{"type":"Polygon","coordinates":[[[-35.4292,-6.6165],[-35.4439,-6.6298],[-35.4476,-6.6281],[-35.4538,-6.6119],[-35.4481,-6.6035],[-35.4435,-6.576],[-35.4492,-6.5707],[-35.4353,-6.56],[-35.4322,-6.5355],[-35.4346,-6.5319],[-35.4295,-6.5288],[-35.4273,-6.5089],[-35.4403,-6.5001],[-35.4418,-6.4862],[-35.4236,-6.4883],[-35.4074,-6.4892],[-35.4063,-6.5299],[-35.4233,-6.5642],[-35.4247,-6.5776],[-35.4292,-6.6165]]]}},{"type":"Feature","properties":{"nome":"Lucena","cod":"2508604","uf":"PB"},"geometry":{"type":"Polygon","coordinates":[[[-34.8667,-6.9364],[-34.8611,-6.9522],[-34.8505,-6.9642],[-34.8548,-6.9717],[-34.8627,-6.9758],[-34.8685,-6.979],[-34.8705,-6.9658],[-34.8817,-6.9642],[-34.8788,-6.9591],[-34.8823,-6.9556],[-34.8906,-6.9595],[-34.8985,-6.9569],[-34.8992,-6.9539],[-34.902,-6.9552],[-34.9055,-6.9502],[-34.9073,-6.9538],[-34.9106,-6.9493],[-34.9216,-6.9554],[-34.9339,-6.9467],[-34.9697,-6.9213],[-34.9888,-6.9078],[-34.9752,-6.9015],[-34.9633,-6.9],[-34.9497,-6.892],[-34.9345,-6.8898],[-34.9277,-6.8835],[-34.917,-6.8718],[-34.9024,-6.8649],[-34.8877,-6.8835],[-34.8684,-6.8974],[-34.8533,-6.8999],[-34.8627,-6.9155],[-34.8629,-6.9168],[-34.8667,-6.9364]]]}},{"type":"Feature","properties":{"nome":"Mãe d'Água","cod":"2508703","uf":"PB"},"geometry":{"type":"Polygon","coordinates":[[[-37.3653,-7.1739],[-37.3528,-7.1853],[-37.3527,-7.1854],[-37.3397,-7.1974],[-37.3345,-7.2077],[-37.3352,-7.214],[-37.322,-7.2142],[-37.325,-7.2251],[-37.3341,-7.2278],[-37.3456,-7.2297],[-37.3558,-7.2402],[-37.3568,-7.241],[-37.3708,-7.2415],[-37.3872,-7.2539],[-37.3993,-7.2572],[-37.4051,-7.2643],[-37.4077,-7.2691],[-37.3944,-7.277],[-37.3859,-7.2906],[-37.3806,-7.2955],[-37.3973,-7.3076],[-37.445,-7.3103],[-37.4479,-7.3173],[-37.4579,-7.3128],[-37.4768,-7.3207],[-37.4926,-7.3223],[-37.5314,-7.3205],[-37.5511,-7.3187],[-37.5664,-7.3146],[-37.5588,-7.31],[-37.5471,-7.2917],[-37.5224,-7.2766],[-37.5231,-7.2668],[-37.5144,-7.2625],[-37.5067,-7.2588],[-37.5114,-7.2495],[-37.4974,-7.2376],[-37.4941,-7.227],[-37.4941,-7.2269],[-37.494,-7.2268],[-37.4801,-7.2067],[-37.4722,-7.2069],[-37.4715,-7.1969],[-37.4624,-7.1947],[-37.4514,-7.1898],[-37.4462,-7.1814],[-37.4369,-7.1853],[-37.4304,-7.181],[-37.4262,-7.1755],[-37.4246,-7.1623],[-37.3874,-7.1635],[-37.3659,-7.1651],[-37.3653,-7.1739]]]}},{"type":"Feature","properties":{"nome":"Malta","cod":"2508802","uf":"PB"},"geometry":{"type":"Polygon","coordinates":[[[-37.5187,-6.7699],[-37.5062,-6.7803],[-37.506,-6.8101],[-37.5091,-6.8144],[-37.5264,-6.8206],[-37.5259,-6.829],[-37.5171,-6.8366],[-37.5088,-6.8527],[-37.4994,-6.8613],[-37.5003,-6.8657],[-37.5086,-6.8673],[-37.5035,-6.8713],[-37.4941,-6.8852],[-37.4966,-6.8997],[-37.4847,-6.9125],[-37.4826,-6.9152],[-37.472,-6.9295],[-37.4593,-6.9309],[-37.4654,-6.9498],[-37.4522,-6.9565],[-37.4519,-6.9595],[-37.4593,-6.9659],[-37.4706,-6.9688],[-37.4829,-6.9696],[-37.4921,-6.957],[-37.509,-6.9601],[-37.5106,-6.968],[-37.5216,-6.9724],[-37.5237,-6.9872],[-37.5155,-6.991],[-37.5179,-7.0],[-37.5193,-7.0001],[-37.5448,-6.969],[-37.5383,-6.9432],[-37.5429,-6.9337],[-37.5524,-6.9244],[-37.5553,-6.908],[-37.556,-6.905],[-37.5561,-6.9046],[-37.5645,-6.8945],[-37.5757,-6.8121],[-37.5597,-6.8002],[-37.5538,-6.8001],[-37.5559,-6.7874],[-37.5522,-6.7745],[-37.5411,-6.778],[-37.5187,-6.7699]]]}},{"type":"Feature","properties":{"nome":"Mamanguape","cod":"2508901","uf":"PB"},"geometry":{"type":"Polygon","coordinates":[[[-35.1193,-6.5447],[-35.1335,-6.5574],[-35.131,-6.5651],[-35.1362,-6.5762],[-35.133,-6.5839],[-35.1281,-6.5881],[-35.1034,-6.5898],[-35.1041,-6.6064],[-35.0949,-6.6138],[-35.0878,-6.6254],[-35.094,-6.6274],[-35.1059,-6.6407],[-35.1214,-6.6479],[-35.1216,-6.6507],[-35.1156,-6.6661],[-35.1131,-6.6751],[-35.1178,-6.7072],[-35.12,-6.722],[-35.1342,-6.7477],[-35.1342,-6.748],[-35.1342,-6.7482],[-35.1339,-6.766],[-35.132,-6.7765],[-35.1131,-6.8212],[-35.1095,-6.8244],[-35.1059,-6.8245],[-35.0905,-6.825],[-35.0879,-6.8251],[-35.0879,-6.831],[-35.0917,-6.8332],[-35.0886,-6.8382],[-35.0917,-6.8433],[-35.0927,-6.8471],[-35.0975,-6.8525],[-35.1006,-6.865],[-35.0989,-6.8856],[-35.1033,-6.8896],[-35.1196,-6.8931],[-35.1242,-6.8953],[-35.1243,-6.8954],[-35.1296,-6.8983],[-35.1592,-6.8931],[-35.1577,-6.8844],[-35.1667,-6.8563],[-35.1652,-6.8513],[-35.1981,-6.809],[-35.199,-6.808],[-35.2112,-6.7847],[-35.2199,-6.7764],[-35.2265,-6.7753],[-35.2311,-6.7613],[-35.22,-6.7509],[-35.2207,-6.7325],[-35.2141,-6.7181],[-35.2147,-6.716],[-35.2192,-6.7073],[-35.2231,-6.6972],[-35.2284,-6.6928],[-35.2275,-6.6881],[-35.2263,-6.688],[-35.2149,-6.6801],[-35.2111,-6.6723],[-35.203,-6.6754],[-35.1887,-6.6688],[-35.1817,-6.6619],[-35.172,-6.6632],[-35.1628,-6.6578],[-35.1596,-6.6616],[-35.1577,-6.6582],[-35.155,-6.6624],[-35.1441,-6.6579],[-35.1713,-6.6304],[-35.2061,-6.5981],[-35.206,-6.5977],[-35.1937,-6.5499],[-35.17,-6.558],[-35.1572,-6.5513],[-35.1455,-6.5524],[-35.1323,-6.5354],[-35.1231,-6.5295],[-35.1122,-6.5047],[-35.1119,-6.5074],[-35.1193,-6.5447]]]}},{"type":"Feature","properties":{"nome":"Manaíra","cod":"2509008","uf":"PB"},"geometry":{"type":"Polygon","coordinates":[[[-38.1222,-7.5973],[-38.1328,-7.625],[-38.1104,-7.6614],[-38.1253,-7.6737],[-38.1276,-7.6799],[-38.1214,-7.6853],[-38.1138,-7.6868],[-38.1204,-7.7078],[-38.1291,-7.7253],[-38.1256,-7.7299],[-38.1284,-7.7352],[-38.1155,-7.7371],[-38.1196,-7.7559],[-38.117,-7.7623],[-38.1248,-7.7707],[-38.131,-7.795],[-38.1311,-7.7953],[-38.1434,-7.783],[-38.1621,-7.7796],[-38.1623,-7.7795],[-38.1836,-7.7951],[-38.2055,-7.8073],[-38.2216,-7.82],[-38.2351,-7.8255],[-38.2382,-7.8303],[-38.2567,-7.8307],[-38.2646,-7.8276],[-38.2759,-7.8334],[-38.2864,-7.8298],[-38.2974,-7.8135],[-38.3022,-7.788],[-38.2952,-7.7792],[-38.3009,-7.7683],[-38.2995,-7.7628],[-38.3164,-7.7642],[-38.3018,-7.7448],[-38.3105,-7.7387],[-38.2982,-7.7255],[-38.2837,-7.7027],[-38.2715,-7.697],[-38.2562,-7.6802],[-38.2441,-7.6675],[-38.2465,-7.6611],[-38.2414,-7.6546],[-38.2294,-7.6465],[-38.1994,-7.6428],[-38.1792,-7.6403],[-38.1832,-7.6129],[-38.1693,-7.6128],[-38.1351,-7.5995],[-38.1251,-7.5911],[-38.1051,-7.5711],[-38.1222,-7.5973]]]}},{"type":"Feature","properties":{"nome":"Marcação","cod":"2509057","uf":"PB"},"geometry":{"type":"Polygon","coordinates":[[[-34.9329,-6.7564],[-34.9317,-6.766],[-34.937,-6.7704],[-34.9504,-6.7649],[-34.9539,-6.7797],[-34.9561,-6.783],[-34.972,-6.793],[-34.9808,-6.7843],[-34.993,-6.7852],[-34.996,-6.7872],[-34.9961,-6.7946],[-35.0011,-6.7973],[-35.0066,-6.7937],[-35.0117,-6.7949],[-35.015,-6.7889],[-35.0214,-6.7909],[-35.0247,-6.7856],[-35.0447,-6.7743],[-35.0599,-6.7741],[-35.0602,-6.7738],[-35.0667,-6.7666],[-35.092,-6.7386],[-35.0863,-6.7249],[-35.0813,-6.7221],[-35.056,-6.719],[-35.0559,-6.719],[-35.0274,-6.7081],[-35.0079,-6.7044],[-34.9716,-6.7152],[-34.9439,-6.7143],[-34.9316,-6.7205],[-34.9344,-6.7313],[-34.9289,-6.7395],[-34.9388,-6.753],[-34.9329,-6.7564]]]}},{"type":"Feature","properties":{"nome":"Mari","cod":"2509107","uf":"PB"},"geometry":{"type":"Polygon","coordinates":[[[-35.2875,-7.1086],[-35.2913,-7.1124],[-35.2991,-7.1122],[-35.3059,-7.1186],[-35.3102,-7.1153],[-35.3155,-7.1179],[-35.3134,-7.1111],[-35.3232,-7.1093],[-35.3213,-7.1018],[-35.3252,-7.0981],[-35.3317,-7.0968],[-35.3755,-7.0327],[-35.3755,-7.0322],[-35.3754,-7.0232],[-35.3706,-7.0216],[-35.3707,-7.0072],[-35.3706,-7.0069],[-35.3642,-6.9978],[-35.3234,-6.9875],[-35.3168,-6.9851],[-35.316,-6.9849],[-35.2776,-6.9689],[-35.2627,-6.9554],[-35.2623,-6.955],[-35.2633,-6.9639],[-35.2528,-6.9855],[-35.2557,-7.0128],[-35.2557,-7.0263],[-35.2584,-7.0372],[-35.248,-7.0508],[-35.2532,-7.0578],[-35.2544,-7.0678],[-35.2609,-7.0763],[-35.261,-7.0765],[-35.2787,-7.1047],[-35.2875,-7.1086]]]}},{"type":"Feature","properties":{"nome":"Marizópolis","cod":"2509156","uf":"PB"},"geometry":{"type":"Polygon","coordinates":[[[-38.3245,-6.8751],[-38.3485,-6.8807],[-38.3578,-6.8788],[-38.3701,-6.8639],[-38.3639,-6.856],[-38.3638,-6.8507],[-38.3631,-6.8242],[-38.3527,-6.7988],[-38.3517,-6.7958],[-38.3511,-6.7939],[-38.3534,-6.7715],[-38.2901,-6.767],[-38.307,-6.8041],[-38.3093,-6.8092],[-38.3177,-6.8277],[-38.3167,-6.8422],[-38.3245,-6.8751]]]}},{"type":"Feature","properties":{"nome":"Massaranduba","cod":"2509206","uf":"PB"},"geometry":{"type":"Polygon","coordinates":[[[-35.7022,-7.1127],[-35.6883,-7.1351],[-35.6802,-7.1484],[-35.6878,-7.1558],[-35.695,-7.1559],[-35.6968,-7.1599],[-35.7108,-7.1668],[-35.7108,-7.1706],[-35.7094,-7.1842],[-35.7036,-7.1914],[-35.6947,-7.2034],[-35.6982,-7.2184],[-35.6992,-7.2219],[-35.6996,-7.2255],[-35.6996,-7.2257],[-35.7038,-7.2598],[-35.716,-7.2633],[-35.732,-7.277],[-35.744,-7.2776],[-35.7519,-7.2721],[-35.7645,-7.2809],[-35.7699,-7.2806],[-35.7732,-7.2761],[-35.7826,-7.2754],[-35.7881,-7.2694],[-35.8003,-7.2669],[-35.8126,-7.257],[-35.8355,-7.2524],[-35.8387,-7.2511],[-35.8401,-7.2496],[-35.8347,-7.2403],[-35.8143,-7.2071],[-35.834,-7.1945],[-35.8226,-7.187],[-35.8249,-7.1744],[-35.8091,-7.1617],[-35.8022,-7.1555],[-35.7858,-7.1506],[-35.7704,-7.1391],[-35.7643,-7.1394],[-35.7521,-7.1335],[-35.7397,-7.1221],[-35.7342,-7.1237],[-35.7295,-7.1202],[-35.7076,-7.1039],[-35.7022,-7.1127]]]}},{"type":"Feature","properties":{"nome":"Mataraca","cod":"2509305","uf":"PB"},"geometry":{"type":"Polygon","coordinates":[[[-34.9672,-6.492],[-34.9652,-6.6027],[-34.9724,-6.6006],[-34.9723,-6.5964],[-34.9783,-6.6002],[-34.9926,-6.5948],[-35.0007,-6.5962],[-35.0202,-6.5937],[-35.0258,-6.5923],[-35.04,-6.5973],[-35.0577,-6.6091],[-35.0878,-6.6254],[-35.0949,-6.6138],[-35.1041,-6.6064],[-35.1034,-6.5898],[-35.1281,-6.5881],[-35.133,-6.5839],[-35.1362,-6.5762],[-35.131,-6.5651],[-35.1335,-6.5574],[-35.1193,-6.5447],[-35.1119,-6.5074],[-35.1122,-6.5047],[-35.1034,-6.5054],[-35.1013,-6.4998],[-35.0952,-6.4973],[-35.0668,-6.5243],[-35.0574,-6.5274],[-35.0366,-6.5167],[-35.0282,-6.5051],[-35.0185,-6.5027],[-35.0108,-6.5057],[-34.9917,-6.5011],[-34.9794,-6.4897],[-34.9713,-6.4848],[-34.9685,-6.4897],[-34.9672,-6.492]]]}},{"type":"Feature","properties":{"nome":"Matinhas","cod":"2509339","uf":"PB"},"geometry":{"type":"Polygon","coordinates":[[[-35.7076,-7.1039],[-35.7295,-7.1202],[-35.7342,-7.1237],[-35.7397,-7.1221],[-35.7521,-7.1335],[-35.7643,-7.1394],[-35.7704,-7.1391],[-35.7858,-7.1506],[-35.789,-7.1429],[-35.783,-7.1368],[-35.7868,-7.1332],[-35.7939,-7.1329],[-35.8009,-7.1286],[-35.8061,-7.1314],[-35.8063,-7.1315],[-35.8123,-7.1263],[-35.8188,-7.1376],[-35.8263,-7.1339],[-35.8296,-7.1257],[-35.8248,-7.1218],[-35.8178,-7.1093],[-35.8156,-7.1068],[-35.8133,-7.1021],[-35.8047,-7.1014],[-35.7953,-7.1056],[-35.7947,-7.1063],[-35.7753,-7.1022],[-35.7693,-7.1042],[-35.7527,-7.1081],[-35.7227,-7.0985],[-35.7214,-7.0964],[-35.7181,-7.0907],[-35.711,-7.0885],[-35.7076,-7.0901],[-35.7076,-7.1039]]]}},{"type":"Feature","properties":{"nome":"Mato Grosso","cod":"2509370","uf":"PB"},"geometry":{"type":"Polygon","coordinates":[[[-37.6917,-6.5189],[-37.6905,-6.5249],[-37.6846,-6.5243],[-37.6841,-6.5273],[-37.666,-6.5368],[-37.6655,-6.5413],[-37.6655,-6.5476],[-37.6891,-6.5485],[-37.6973,-6.546],[-37.69,-6.557],[-37.7037,-6.5633],[-37.7153,-6.5617],[-37.7134,-6.5708],[-37.7176,-6.5783],[-37.7263,-6.5803],[-37.7439,-6.5782],[-37.7526,-6.5847],[-37.7545,-6.5947],[-37.7739,-6.5976],[-37.7878,-6.5962],[-37.8002,-6.5948],[-37.8019,-6.5845],[-37.7964,-6.5673],[-37.7948,-6.5641],[-37.7836,-6.5637],[-37.7652,-6.5544],[-37.7547,-6.5261],[-37.7509,-6.4939],[-37.7472,-6.4903],[-37.733,-6.4879],[-37.73,-6.4963],[-37.7175,-6.4991],[-37.71,-6.5002],[-37.7016,-6.514],[-37.6917,-6.5189]]]}},{"type":"Feature","properties":{"nome":"Maturéia","cod":"2509396","uf":"PB"},"geometry":{"type":"Polygon","coordinates":[[[-37.3154,-7.2793],[-37.3136,-7.289],[-37.3323,-7.2893],[-37.3457,-7.3086],[-37.3569,-7.3227],[-37.3492,-7.3366],[-37.3854,-7.3563],[-37.3953,-7.3362],[-37.3956,-7.3333],[-37.3927,-7.3192],[-37.3981,-7.3148],[-37.3973,-7.3076],[-37.3806,-7.2955],[-37.3859,-7.2906],[-37.3944,-7.277],[-37.4077,-7.2691],[-37.4051,-7.2643],[-37.3993,-7.2572],[-37.3872,-7.2539],[-37.3708,-7.2415],[-37.3568,-7.241],[-37.3558,-7.2402],[-37.3456,-7.2297],[-37.3341,-7.2278],[-37.3245,-7.234],[-37.3226,-7.2415],[-37.3156,-7.2413],[-37.3042,-7.2515],[-37.3091,-7.2533],[-37.3057,-7.2618],[-37.3118,-7.2714],[-37.3154,-7.2793]]]}},{"type":"Feature","properties":{"nome":"Mogeiro","cod":"2509404","uf":"PB"},"geometry":{"type":"Polygon","coordinates":[[[-35.4654,-7.1768],[-35.4578,-7.1792],[-35.465,-7.1894],[-35.4625,-7.2132],[-35.4586,-7.2161],[-35.4535,-7.2197],[-35.4557,-7.2291],[-35.4487,-7.2465],[-35.4508,-7.254],[-35.4496,-7.2546],[-35.4174,-7.2761],[-35.4108,-7.2992],[-35.4004,-7.3167],[-35.4317,-7.3187],[-35.4378,-7.3189],[-35.4554,-7.3286],[-35.4481,-7.3468],[-35.4427,-7.3535],[-35.4445,-7.3539],[-35.4635,-7.3603],[-35.483,-7.3645],[-35.4861,-7.3648],[-35.4932,-7.3673],[-35.5045,-7.3744],[-35.513,-7.3755],[-35.5218,-7.3832],[-35.5222,-7.3842],[-35.5228,-7.3853],[-35.5233,-7.3888],[-35.5324,-7.3926],[-35.5345,-7.3927],[-35.5362,-7.3873],[-35.5476,-7.3507],[-35.557,-7.3248],[-35.5649,-7.3031],[-35.5376,-7.2754],[-35.5354,-7.2528],[-35.5262,-7.2363],[-35.5214,-7.2342],[-35.5275,-7.2203],[-35.5142,-7.2128],[-35.5154,-7.2056],[-35.5154,-7.2016],[-35.5105,-7.1985],[-35.5066,-7.2002],[-35.5025,-7.1956],[-35.4918,-7.1946],[-35.4881,-7.1956],[-35.4881,-7.1917],[-35.482,-7.1893],[-35.479,-7.1785],[-35.4704,-7.1796],[-35.4654,-7.1768]]]}},{"type":"Feature","properties":{"nome":"Montadas","cod":"2509503","uf":"PB"},"geometry":{"type":"Polygon","coordinates":[[[-35.9297,-7.1073],[-35.9472,-7.1091],[-35.9684,-7.109],[-35.9685,-7.109],[-35.9792,-7.1005],[-35.9739,-7.079],[-35.9624,-7.0686],[-35.9616,-7.0689],[-35.9272,-7.0784],[-35.922,-7.08],[-35.9096,-7.084],[-35.8962,-7.0839],[-35.9212,-7.1024],[-35.9286,-7.1068],[-35.9297,-7.1073]]]}},{"type":"Feature","properties":{"nome":"Monte Horebe","cod":"2509602","uf":"PB"},"geometry":{"type":"Polygon","coordinates":[[[-38.5182,-7.1823],[-38.4539,-7.1842],[-38.4507,-7.1948],[-38.4472,-7.1966],[-38.4321,-7.1982],[-38.4119,-7.1908],[-38.4063,-7.1974],[-38.405,-7.1999],[-38.4062,-7.2072],[-38.4311,-7.2265],[-38.4429,-7.2208],[-38.4441,-7.2127],[-38.4545,-7.2111],[-38.4598,-7.1925],[-38.4698,-7.1995],[-38.467,-7.2074],[-38.473,-7.2153],[-38.4803,-7.2166],[-38.4992,-7.2171],[-38.5237,-7.2312],[-38.5306,-7.2306],[-38.5438,-7.2381],[-38.5453,-7.2483],[-38.5508,-7.251],[-38.5541,-7.2515],[-38.5516,-7.2431],[-38.5566,-7.2393],[-38.5827,-7.248],[-38.5948,-7.2461],[-38.6003,-7.2344],[-38.6051,-7.2365],[-38.615,-7.2298],[-38.6191,-7.2203],[-38.6227,-7.2073],[-38.6194,-7.1967],[-38.6244,-7.1909],[-38.6362,-7.1934],[-38.6438,-7.1834],[-38.6347,-7.1829],[-38.6153,-7.1824],[-38.5696,-7.1841],[-38.5645,-7.1746],[-38.5552,-7.1723],[-38.5548,-7.1722],[-38.522,-7.1704],[-38.5177,-7.1732],[-38.5182,-7.1823]]]}},{"type":"Feature","properties":{"nome":"Monteiro","cod":"2509701","uf":"PB"},"geometry":{"type":"Polygon","coordinates":[[[-37.0126,-7.7506],[-36.9989,-7.7721],[-36.9757,-7.8083],[-36.9614,-7.8307],[-36.9359,-7.8705],[-36.9341,-7.8733],[-36.9291,-7.9616],[-36.9289,-7.9645],[-36.9248,-8.0366],[-36.9333,-8.044],[-36.946,-8.0476],[-36.9688,-8.0602],[-36.9776,-8.0532],[-36.9882,-8.0534],[-37.0248,-8.0411],[-37.038,-8.0436],[-37.0682,-8.0333],[-37.0791,-8.0456],[-37.0927,-8.0506],[-37.1049,-8.048],[-37.1115,-8.0404],[-37.1248,-8.0392],[-37.1299,-8.0242],[-37.1492,-8.0233],[-37.1493,-8.0224],[-37.1515,-8.009],[-37.1601,-7.9967],[-37.175,-7.9964],[-37.1781,-7.9902],[-37.1851,-7.99],[-37.1879,-7.9825],[-37.1931,-7.9825],[-37.1923,-7.9602],[-37.2071,-7.9518],[-37.2125,-7.9545],[-37.2169,-7.956],[-37.2211,-7.962],[-37.2192,-7.9724],[-37.2284,-7.9722],[-37.2304,-7.969],[-37.237,-7.9729],[-37.2466,-7.9689],[-37.2632,-7.9678],[-37.2771,-7.9716],[-37.2952,-7.9645],[-37.303,-7.9698],[-37.3166,-7.9677],[-37.3394,-7.9794],[-37.3409,-7.9741],[-37.3555,-7.9755],[-37.3558,-7.9723],[-37.3476,-7.955],[-37.3499,-7.9482],[-37.3344,-7.9426],[-37.3173,-7.9424],[-37.3144,-7.9355],[-37.3086,-7.9338],[-37.3077,-7.9266],[-37.3111,-7.9212],[-37.3076,-7.9146],[-37.3129,-7.911],[-37.3224,-7.9126],[-37.3184,-7.9085],[-37.3069,-7.9069],[-37.3033,-7.9038],[-37.2871,-7.9035],[-37.253,-7.8798],[-37.2437,-7.8734],[-37.2465,-7.8678],[-37.2446,-7.8612],[-37.25,-7.8532],[-37.2468,-7.8464],[-37.2218,-7.8418],[-37.2278,-7.8211],[-37.2401,-7.8227],[-37.2433,-7.8186],[-37.2298,-7.8127],[-37.2302,-7.8063],[-37.2227,-7.8037],[-37.2171,-7.8063],[-37.1976,-7.7985],[-37.1912,-7.7908],[-37.1827,-7.7903],[-37.1754,-7.7959],[-37.1703,-7.7998],[-37.171,-7.7948],[-37.1679,-7.7947],[-37.1595,-7.7928],[-37.1516,-7.7794],[-37.1361,-7.7818],[-37.1275,-7.7736],[-37.1182,-7.7759],[-37.1148,-7.7695],[-37.1041,-7.7738],[-37.0978,-7.7728],[-37.088,-7.7608],[-37.0794,-7.7613],[-37.0588,-7.7513],[-37.0541,-7.7436],[-37.0436,-7.7374],[-37.0249,-7.7174],[-37.0126,-7.7506]]]}},{"type":"Feature","properties":{"nome":"Mulungu","cod":"2509800","uf":"PB"},"geometry":{"type":"Polygon","coordinates":[[[-35.3406,-6.956],[-35.3169,-6.9849],[-35.3168,-6.9851],[-35.3234,-6.9875],[-35.3642,-6.9978],[-35.3706,-7.0069],[-35.3707,-7.0072],[-35.3706,-7.0216],[-35.3754,-7.0232],[-35.3755,-7.0322],[-35.3909,-7.0441],[-35.4061,-7.0429],[-35.4166,-7.0433],[-35.4221,-7.0561],[-35.4422,-7.0702],[-35.4519,-7.0735],[-35.4908,-7.0664],[-35.4969,-7.0332],[-35.5011,-7.0259],[-35.5067,-7.0255],[-35.5101,-7.0316],[-35.515,-7.0304],[-35.515,-7.0223],[-35.5197,-7.0186],[-35.5149,-7.0058],[-35.5236,-6.9914],[-35.519,-6.9858],[-35.4794,-6.9899],[-35.4634,-6.9814],[-35.4592,-6.9737],[-35.4599,-6.9637],[-35.4543,-6.9631],[-35.4446,-6.9532],[-35.4411,-6.9441],[-35.4277,-6.9417],[-35.4265,-6.9348],[-35.4107,-6.9306],[-35.3933,-6.929],[-35.381,-6.9325],[-35.3625,-6.9397],[-35.3456,-6.9411],[-35.3428,-6.942],[-35.3406,-6.956]]]}},{"type":"Feature","properties":{"nome":"Natuba","cod":"2509909","uf":"PB"},"geometry":{"type":"Polygon","coordinates":[[[-35.568,-7.4382],[-35.5567,-7.4441],[-35.5511,-7.4412],[-35.548,-7.4478],[-35.5434,-7.4493],[-35.55,-7.465],[-35.546,-7.4711],[-35.5523,-7.4754],[-35.5524,-7.4812],[-35.5409,-7.4935],[-35.5376,-7.4969],[-35.5037,-7.4994],[-35.5016,-7.5121],[-35.5045,-7.5136],[-35.5089,-7.5171],[-35.5104,-7.5278],[-35.5194,-7.535],[-35.5196,-7.55],[-35.5238,-7.5584],[-35.5269,-7.5696],[-35.5369,-7.5802],[-35.537,-7.5803],[-35.537,-7.5803],[-35.5375,-7.5862],[-35.5306,-7.5896],[-35.5149,-7.5846],[-35.5176,-7.5893],[-35.5208,-7.596],[-35.5178,-7.606],[-35.5255,-7.6072],[-35.5314,-7.6213],[-35.5147,-7.6428],[-35.5266,-7.6447],[-35.5325,-7.6544],[-35.5476,-7.6569],[-35.5531,-7.6582],[-35.5605,-7.6595],[-35.5655,-7.6562],[-35.5731,-7.6547],[-35.5887,-7.6504],[-35.5972,-7.6539],[-35.6093,-7.6534],[-35.6155,-7.6585],[-35.6192,-7.6637],[-35.6516,-7.6443],[-35.6503,-7.6372],[-35.6401,-7.6366],[-35.6387,-7.6287],[-35.6298,-7.6233],[-35.6241,-7.608],[-35.6165,-7.6058],[-35.6102,-7.6178],[-35.5974,-7.6179],[-35.595,-7.6165],[-35.5898,-7.6044],[-35.6,-7.5887],[-35.6007,-7.5788],[-35.6019,-7.5527],[-35.5943,-7.5401],[-35.5951,-7.525],[-35.5951,-7.5249],[-35.5923,-7.5048],[-35.5912,-7.4887],[-35.5881,-7.4808],[-35.5822,-7.4617],[-35.5836,-7.4502],[-35.568,-7.4382]]]}},{"type":"Feature","properties":{"nome":"Nazarezinho","cod":"2510006","uf":"PB"},"geometry":{"type":"Polygon","coordinates":[[[-38.313,-6.8972],[-38.2915,-6.9092],[-38.281,-6.906],[-38.2759,-6.9103],[-38.2569,-6.9042],[-38.2524,-6.9048],[-38.2451,-6.9386],[-38.2537,-6.9943],[-38.2623,-6.9928],[-38.3113,-6.993],[-38.3146,-6.993],[-38.3623,-6.9883],[-38.3874,-6.9866],[-38.4046,-6.9677],[-38.4225,-6.966],[-38.4234,-6.9624],[-38.4269,-6.9366],[-38.4263,-6.9314],[-38.4113,-6.9258],[-38.4014,-6.9288],[-38.383,-6.9282],[-38.3806,-6.9238],[-38.3785,-6.9187],[-38.3674,-6.9211],[-38.3654,-6.9196],[-38.3694,-6.9141],[-38.3632,-6.9098],[-38.3562,-6.8953],[-38.3485,-6.8807],[-38.3245,-6.8751],[-38.313,-6.8972]]]}},{"type":"Feature","properties":{"nome":"Nova Floresta","cod":"2510105","uf":"PB"},"geometry":{"type":"Polygon","coordinates":[[[-36.1803,-6.4695],[-36.2247,-6.559],[-36.225,-6.5133],[-36.2255,-6.4833],[-36.2257,-6.4672],[-36.2259,-6.4519],[-36.2259,-6.4517],[-36.2262,-6.4336],[-36.2039,-6.4318],[-36.1741,-6.4304],[-36.1802,-6.4691],[-36.1803,-6.4695]]]}},{"type":"Feature","properties":{"nome":"Nova Olinda","cod":"2510204","uf":"PB"},"geometry":{"type":"Polygon","coordinates":[[[-37.9823,-7.5344],[-37.994,-7.5377],[-38.0009,-7.5305],[-38.0254,-7.5244],[-38.0464,-7.5143],[-38.0374,-7.5065],[-38.035,-7.4992],[-38.0411,-7.4834],[-38.0445,-7.481],[-38.0449,-7.4804],[-38.0503,-7.4735],[-38.0475,-7.4634],[-38.0512,-7.4542],[-38.0457,-7.45],[-38.0478,-7.4431],[-38.0532,-7.4354],[-38.0521,-7.4287],[-38.0547,-7.4242],[-38.0607,-7.4228],[-38.0692,-7.4092],[-38.0657,-7.4034],[-38.0791,-7.3889],[-38.053,-7.3939],[-38.0458,-7.403],[-38.0499,-7.4108],[-38.0328,-7.4283],[-38.0227,-7.4349],[-38.004,-7.4408],[-38.004,-7.4409],[-37.996,-7.4509],[-37.9857,-7.4758],[-37.9718,-7.4865],[-37.9538,-7.5009],[-37.9796,-7.5254],[-37.9737,-7.5322],[-37.9823,-7.5344]]]}},{"type":"Feature","properties":{"nome":"Nova Palmeira","cod":"2510303","uf":"PB"},"geometry":{"type":"Polygon","coordinates":[[[-36.4731,-6.614],[-36.4602,-6.634],[-36.449,-6.6238],[-36.4379,-6.6289],[-36.4307,-6.6357],[-36.4086,-6.6567],[-36.4057,-6.6594],[-36.3971,-6.6407],[-36.3846,-6.63],[-36.3851,-6.6024],[-36.38,-6.593],[-36.3753,-6.5964],[-36.3495,-6.6151],[-36.3298,-6.6294],[-36.3075,-6.6456],[-36.2814,-6.6778],[-36.2908,-6.6843],[-36.3096,-6.6859],[-36.3148,-6.6974],[-36.3396,-6.7122],[-36.3446,-6.7426],[-36.3685,-6.7386],[-36.3791,-6.748],[-36.3828,-6.7463],[-36.4022,-6.742],[-36.4458,-6.7252],[-36.4461,-6.7251],[-36.4587,-6.7194],[-36.4721,-6.7244],[-36.4815,-6.7224],[-36.4893,-6.727],[-36.4963,-6.7246],[-36.5234,-6.7279],[-36.5267,-6.7257],[-36.5332,-6.7331],[-36.5439,-6.7308],[-36.5585,-6.7087],[-36.557,-6.7057],[-36.5471,-6.6947],[-36.5414,-6.6657],[-36.5204,-6.6102],[-36.5232,-6.6018],[-36.5216,-6.5967],[-36.5135,-6.594],[-36.5076,-6.595],[-36.5016,-6.6011],[-36.4731,-6.614]]]}},{"type":"Feature","properties":{"nome":"Olho d'Água","cod":"2510402","uf":"PB"},"geometry":{"type":"Polygon","coordinates":[[[-37.7044,-7.1748],[-37.7035,-7.1751],[-37.6769,-7.1717],[-37.6759,-7.1905],[-37.6686,-7.2037],[-37.673,-7.2132],[-37.6614,-7.2255],[-37.6603,-7.2338],[-37.6571,-7.2315],[-37.6485,-7.233],[-37.6478,-7.2371],[-37.6298,-7.2486],[-37.6235,-7.2619],[-37.615,-7.2643],[-37.6144,-7.2698],[-37.5956,-7.2714],[-37.5933,-7.2842],[-37.5851,-7.2878],[-37.5803,-7.3077],[-37.57,-7.3167],[-37.584,-7.3316],[-37.5974,-7.3321],[-37.6076,-7.3274],[-37.6136,-7.33],[-37.6138,-7.33],[-37.6248,-7.3316],[-37.6401,-7.3231],[-37.6503,-7.3282],[-37.662,-7.3293],[-37.6826,-7.3239],[-37.6974,-7.335],[-37.705,-7.3521],[-37.7154,-7.3429],[-37.7218,-7.3429],[-37.7244,-7.3449],[-37.7239,-7.3609],[-37.7393,-7.3657],[-37.7369,-7.3782],[-37.721,-7.3819],[-37.7201,-7.3844],[-37.7452,-7.395],[-37.7567,-7.3921],[-37.766,-7.4001],[-37.7692,-7.3977],[-37.7837,-7.3899],[-37.792,-7.397],[-37.804,-7.3983],[-37.8202,-7.4122],[-37.8394,-7.4173],[-37.8462,-7.4266],[-37.8551,-7.4336],[-37.8569,-7.4326],[-37.8587,-7.4304],[-37.8538,-7.4204],[-37.8608,-7.4112],[-37.8612,-7.3847],[-37.8651,-7.3447],[-37.8748,-7.3347],[-37.8816,-7.3373],[-37.8926,-7.3291],[-37.899,-7.3358],[-37.9105,-7.3405],[-37.9109,-7.3348],[-37.9022,-7.3252],[-37.9068,-7.3179],[-37.9,-7.3085],[-37.9015,-7.2843],[-37.9076,-7.2728],[-37.8746,-7.2563],[-37.8273,-7.2326],[-37.8192,-7.1947],[-37.8118,-7.1611],[-37.7761,-7.1416],[-37.7541,-7.141],[-37.7486,-7.161],[-37.7408,-7.1738],[-37.7044,-7.1748]]]}},{"type":"Feature","properties":{"nome":"Olivedos","cod":"2510501","uf":"PB"},"geometry":{"type":"Polygon","coordinates":[[[-36.1887,-6.9215],[-36.1699,-6.9411],[-36.1474,-6.9435],[-36.1529,-6.9694],[-36.1673,-6.9784],[-36.1755,-6.9792],[-36.1801,-6.9848],[-36.1871,-6.9942],[-36.1869,-7.0019],[-36.1939,-7.0178],[-36.1994,-7.0249],[-36.2014,-7.0624],[-36.2047,-7.0674],[-36.2294,-7.0691],[-36.2364,-7.0743],[-36.2402,-7.0729],[-36.2446,-7.0801],[-36.2401,-7.0884],[-36.2335,-7.0892],[-36.2333,-7.1046],[-36.2813,-7.0912],[-36.3051,-7.045],[-36.3512,-6.9555],[-36.3342,-6.947],[-36.3258,-6.9385],[-36.3201,-6.9391],[-36.3089,-6.9389],[-36.2988,-6.9313],[-36.2913,-6.9053],[-36.283,-6.8904],[-36.2612,-6.8454],[-36.1887,-6.9215]]]}},{"type":"Feature","properties":{"nome":"Ouro Velho","cod":"2510600","uf":"PB"},"geometry":{"type":"Polygon","coordinates":[[[-37.0862,-7.6298],[-37.0867,-7.643],[-37.1141,-7.6404],[-37.1266,-7.6479],[-37.1325,-7.6612],[-37.1394,-7.6646],[-37.1512,-7.6711],[-37.1506,-7.6824],[-37.1547,-7.6929],[-37.1607,-7.6976],[-37.1737,-7.6839],[-37.1798,-7.6667],[-37.1948,-7.6517],[-37.197,-7.645],[-37.1963,-7.6292],[-37.1838,-7.6154],[-37.1802,-7.6017],[-37.1802,-7.6016],[-37.1729,-7.5875],[-37.1554,-7.5675],[-37.1334,-7.5496],[-37.1212,-7.5357],[-37.1058,-7.5307],[-37.0859,-7.5174],[-37.0901,-7.5557],[-37.0937,-7.5596],[-37.0901,-7.5688],[-37.0956,-7.5722],[-37.0856,-7.5956],[-37.0937,-7.6061],[-37.0871,-7.6159],[-37.0915,-7.6238],[-37.0862,-7.6298]]]}},{"type":"Feature","properties":{"nome":"Parari","cod":"2510659","uf":"PB"},"geometry":{"type":"Polygon","coordinates":[[[-36.6808,-7.2409],[-36.6688,-7.2512],[-36.6606,-7.2475],[-36.6578,-7.2516],[-36.6576,-7.2578],[-36.6634,-7.2588],[-36.6616,-7.2642],[-36.6552,-7.2644],[-36.661,-7.2678],[-36.6618,-7.2794],[-36.6558,-7.2783],[-36.6512,-7.2826],[-36.6221,-7.3375],[-36.607,-7.3459],[-36.601,-7.3511],[-36.6024,-7.3782],[-36.6346,-7.3934],[-36.6355,-7.3923],[-36.664,-7.3891],[-36.6829,-7.3528],[-36.755,-7.3274],[-36.7567,-7.3054],[-36.7494,-7.3046],[-36.7372,-7.3137],[-36.7194,-7.3164],[-36.7152,-7.3138],[-36.7136,-7.3177],[-36.7013,-7.3181],[-36.7074,-7.2912],[-36.7163,-7.2809],[-36.6834,-7.2412],[-36.6796,-7.2365],[-36.6808,-7.2409]]]}},{"type":"Feature","properties":{"nome":"Passagem","cod":"2510709","uf":"PB"},"geometry":{"type":"Polygon","coordinates":[[[-36.9961,-7.1479],[-36.9939,-7.157],[-36.9953,-7.1682],[-36.9999,-7.1739],[-37.0448,-7.1576],[-37.063,-7.1545],[-37.0698,-7.1578],[-37.0735,-7.1639],[-37.0885,-7.1687],[-37.0951,-7.1284],[-37.0974,-7.1169],[-37.0866,-7.1087],[-37.0931,-7.0996],[-37.0888,-7.0922],[-37.0882,-7.0808],[-37.0828,-7.0723],[-37.0645,-7.0713],[-37.0599,-7.0671],[-37.045,-7.0634],[-37.0394,-7.0568],[-37.0066,-7.0521],[-37.0057,-7.0746],[-36.9934,-7.1195],[-36.9951,-7.1264],[-37.0045,-7.1273],[-37.0031,-7.1308],[-36.9997,-7.1359],[-37.0029,-7.1451],[-36.9961,-7.1479]]]}},{"type":"Feature","properties":{"nome":"Patos","cod":"2510808","uf":"PB"},"geometry":{"type":"Polygon","coordinates":[[[-37.4847,-6.9125],[-37.4726,-6.9147],[-37.4617,-6.9129],[-37.4341,-6.9165],[-37.4092,-6.9293],[-37.4068,-6.9316],[-37.4066,-6.9318],[-37.3962,-6.9361],[-37.3864,-6.9361],[-37.3773,-6.9309],[-37.3467,-6.9272],[-37.2991,-6.9154],[-37.2851,-6.9144],[-37.285,-6.9144],[-37.2558,-6.9133],[-37.2454,-6.9088],[-37.2193,-6.9093],[-37.2122,-6.906],[-37.198,-6.9058],[-37.1901,-6.9172],[-37.1785,-6.9181],[-37.1778,-6.9214],[-37.1933,-6.9347],[-37.1831,-6.9358],[-37.173,-6.9441],[-37.1806,-6.9643],[-37.174,-6.9729],[-37.1727,-6.9818],[-37.2038,-7.0002],[-37.2277,-7.0193],[-37.2238,-7.0383],[-37.2302,-7.0465],[-37.233,-7.0454],[-37.2387,-7.0565],[-37.2165,-7.0732],[-37.2133,-7.0813],[-37.2168,-7.0845],[-37.217,-7.0847],[-37.2445,-7.1102],[-37.2871,-7.0763],[-37.2873,-7.0761],[-37.2875,-7.076],[-37.3212,-7.0815],[-37.3141,-7.0844],[-37.3161,-7.0906],[-37.3138,-7.0943],[-37.3234,-7.1111],[-37.3285,-7.1138],[-37.328,-7.1229],[-37.3339,-7.1295],[-37.3365,-7.1395],[-37.3527,-7.1438],[-37.3562,-7.1418],[-37.3806,-7.1533],[-37.3878,-7.1505],[-37.3883,-7.1443],[-37.3895,-7.1301],[-37.3595,-7.1259],[-37.3612,-7.1121],[-37.3498,-7.1137],[-37.3467,-7.0842],[-37.3485,-7.0528],[-37.3521,-7.0531],[-37.3556,-7.0418],[-37.3689,-6.9997],[-37.3875,-6.9986],[-37.4104,-7.0054],[-37.4171,-7.0043],[-37.4241,-6.998],[-37.433,-6.9976],[-37.4366,-6.9969],[-37.4484,-6.9973],[-37.4575,-6.9913],[-37.4698,-6.9914],[-37.4932,-6.9991],[-37.5179,-7.0],[-37.5155,-6.991],[-37.5237,-6.9872],[-37.5216,-6.9724],[-37.5106,-6.968],[-37.509,-6.9601],[-37.4921,-6.957],[-37.4829,-6.9696],[-37.4706,-6.9688],[-37.4593,-6.9659],[-37.4519,-6.9595],[-37.4522,-6.9565],[-37.4654,-6.9498],[-37.4593,-6.9309],[-37.472,-6.9295],[-37.4826,-6.9152],[-37.4847,-6.9125]]]}},{"type":"Feature","properties":{"nome":"Paulista","cod":"2510907","uf":"PB"},"geometry":{"type":"Polygon","coordinates":[[[-37.4736,-6.5376],[-37.4828,-6.55],[-37.4802,-6.5594],[-37.4745,-6.5641],[-37.4798,-6.5938],[-37.48,-6.6048],[-37.4757,-6.6077],[-37.4742,-6.6175],[-37.4769,-6.6415],[-37.4658,-6.6596],[-37.4749,-6.6724],[-37.4706,-6.6799],[-37.4844,-6.7096],[-37.5183,-6.712],[-37.5565,-6.717],[-37.6384,-6.7217],[-37.657,-6.7223],[-37.6583,-6.7213],[-37.6784,-6.7086],[-37.7172,-6.6841],[-37.7845,-6.6426],[-37.7822,-6.6369],[-37.7892,-6.6172],[-37.7858,-6.6059],[-37.7878,-6.5962],[-37.7739,-6.5976],[-37.7545,-6.5947],[-37.7526,-6.5847],[-37.7439,-6.5782],[-37.7263,-6.5803],[-37.7176,-6.5783],[-37.7134,-6.5708],[-37.7153,-6.5617],[-37.7037,-6.5633],[-37.69,-6.557],[-37.6973,-6.546],[-37.6891,-6.5485],[-37.6655,-6.5476],[-37.6488,-6.5466],[-37.6439,-6.5322],[-37.6291,-6.5283],[-37.6287,-6.5283],[-37.6203,-6.5279],[-37.6179,-6.5152],[-37.6139,-6.5146],[-37.6037,-6.5363],[-37.5807,-6.5473],[-37.5724,-6.5504],[-37.5393,-6.5438],[-37.5296,-6.5403],[-37.5083,-6.5262],[-37.4947,-6.5236],[-37.4925,-6.5096],[-37.489,-6.5124],[-37.4644,-6.5323],[-37.4736,-6.5376]]]}},{"type":"Feature","properties":{"nome":"Pedra Branca","cod":"2511004","uf":"PB"},"geometry":{"type":"Polygon","coordinates":[[[-38.0861,-7.5597],[-38.102,-7.5689],[-38.1,-7.5564],[-38.108,-7.5492],[-38.0734,-7.5277],[-38.0947,-7.4767],[-38.095,-7.476],[-38.118,-7.4164],[-38.119,-7.4114],[-38.1318,-7.4063],[-38.1407,-7.3966],[-38.0801,-7.3626],[-38.0701,-7.357],[-38.0702,-7.3662],[-38.0801,-7.3756],[-38.0826,-7.3796],[-38.0791,-7.3889],[-38.0657,-7.4034],[-38.0692,-7.4092],[-38.0607,-7.4228],[-38.0547,-7.4242],[-38.0521,-7.4287],[-38.0532,-7.4354],[-38.0478,-7.4431],[-38.0457,-7.45],[-38.0512,-7.4542],[-38.0475,-7.4634],[-38.0503,-7.4735],[-38.0449,-7.4804],[-38.0445,-7.481],[-38.0411,-7.4834],[-38.035,-7.4992],[-38.0374,-7.5065],[-38.0464,-7.5143],[-38.0467,-7.5412],[-38.0511,-7.5505],[-38.0861,-7.5597]]]}},{"type":"Feature","properties":{"nome":"Pedra Lavrada","cod":"2511103","uf":"PB"},"geometry":{"type":"Polygon","coordinates":[[[-36.2661,-6.6958],[-36.2657,-6.6988],[-36.2507,-6.6842],[-36.2527,-6.7144],[-36.2527,-6.7145],[-36.2561,-6.7672],[-36.2564,-6.7714],[-36.2588,-6.8092],[-36.2701,-6.8102],[-36.2748,-6.8065],[-36.286,-6.8083],[-36.3165,-6.7898],[-36.3163,-6.796],[-36.3302,-6.8222],[-36.3357,-6.8226],[-36.3387,-6.8167],[-36.3415,-6.8177],[-36.3517,-6.8106],[-36.3583,-6.8127],[-36.365,-6.8147],[-36.3651,-6.8204],[-36.3685,-6.8212],[-36.3625,-6.832],[-36.3618,-6.8406],[-36.3645,-6.8504],[-36.3701,-6.855],[-36.3746,-6.8472],[-36.3788,-6.849],[-36.3846,-6.8455],[-36.3874,-6.8481],[-36.3937,-6.8457],[-36.3991,-6.85],[-36.4057,-6.8458],[-36.4081,-6.8547],[-36.4084,-6.8547],[-36.4137,-6.8529],[-36.4245,-6.8424],[-36.4266,-6.8482],[-36.433,-6.8483],[-36.4385,-6.8431],[-36.4476,-6.8483],[-36.4644,-6.8462],[-36.4664,-6.8484],[-36.4687,-6.8455],[-36.4758,-6.8484],[-36.4759,-6.8448],[-36.4813,-6.8455],[-36.4824,-6.8392],[-36.4889,-6.8361],[-36.5043,-6.8495],[-36.5115,-6.8444],[-36.5125,-6.847],[-36.5175,-6.8454],[-36.5189,-6.84],[-36.5268,-6.8373],[-36.5296,-6.841],[-36.5343,-6.8368],[-36.538,-6.8434],[-36.5433,-6.8417],[-36.5288,-6.825],[-36.5096,-6.8175],[-36.5052,-6.8084],[-36.501,-6.7772],[-36.5044,-6.7535],[-36.5202,-6.7453],[-36.5249,-6.7363],[-36.5332,-6.7331],[-36.5267,-6.7257],[-36.5234,-6.7279],[-36.4963,-6.7246],[-36.4893,-6.727],[-36.4815,-6.7224],[-36.4721,-6.7244],[-36.4587,-6.7194],[-36.4461,-6.7251],[-36.4458,-6.7252],[-36.4022,-6.742],[-36.3828,-6.7463],[-36.3791,-6.748],[-36.3685,-6.7386],[-36.3446,-6.7426],[-36.3396,-6.7122],[-36.3148,-6.6974],[-36.3096,-6.6859],[-36.2908,-6.6843],[-36.2814,-6.6778],[-36.2661,-6.6958]]]}},{"type":"Feature","properties":{"nome":"Pedras de Fogo","cod":"2511202","uf":"PB"},"geometry":{"type":"Polygon","coordinates":[[[-35.1389,-7.2164],[-35.1365,-7.2513],[-35.1263,-7.2349],[-35.1101,-7.23],[-35.093,-7.232],[-35.0779,-7.2282],[-35.0672,-7.2289],[-35.0554,-7.2667],[-35.0446,-7.2744],[-35.0449,-7.2771],[-35.0435,-7.2784],[-34.9833,-7.3259],[-34.9804,-7.3283],[-34.9559,-7.3497],[-34.9673,-7.3676],[-34.9578,-7.3811],[-34.9525,-7.3885],[-34.9543,-7.4049],[-34.9689,-7.4337],[-34.976,-7.4363],[-34.9783,-7.4411],[-34.9813,-7.4564],[-34.9771,-7.4692],[-34.9847,-7.499],[-34.9848,-7.4996],[-34.9899,-7.4885],[-34.9839,-7.4689],[-34.9851,-7.4616],[-35.0113,-7.4448],[-35.0292,-7.4254],[-35.0478,-7.4174],[-35.07,-7.3985],[-35.0749,-7.397],[-35.0787,-7.3959],[-35.0846,-7.4023],[-35.0975,-7.4079],[-35.109,-7.4068],[-35.1251,-7.4022],[-35.1258,-7.3995],[-35.1259,-7.3995],[-35.1481,-7.3941],[-35.1535,-7.392],[-35.1564,-7.3771],[-35.1507,-7.3717],[-35.1707,-7.3514],[-35.1813,-7.3514],[-35.1845,-7.3376],[-35.1965,-7.3179],[-35.1931,-7.3107],[-35.1917,-7.298],[-35.1817,-7.2954],[-35.1774,-7.2859],[-35.1714,-7.2723],[-35.1709,-7.2637],[-35.1585,-7.2293],[-35.1509,-7.2128],[-35.1389,-7.2164]]]}},{"type":"Feature","properties":{"nome":"Piancó","cod":"2511301","uf":"PB"},"geometry":{"type":"Polygon","coordinates":[[[-38.0244,-7.1799],[-38.0172,-7.1848],[-38.0168,-7.1748],[-37.9904,-7.1733],[-37.9899,-7.1623],[-37.9815,-7.1528],[-37.9844,-7.1435],[-37.9781,-7.1205],[-37.9734,-7.1178],[-37.9701,-7.1039],[-37.953,-7.0994],[-37.9495,-7.0892],[-37.9161,-7.0857],[-37.8963,-7.0888],[-37.8937,-7.0891],[-37.8718,-7.0853],[-37.8542,-7.0869],[-37.841,-7.0991],[-37.8233,-7.0941],[-37.8239,-7.118],[-37.8055,-7.1234],[-37.7992,-7.1316],[-37.7913,-7.1223],[-37.7813,-7.1386],[-37.7761,-7.1416],[-37.8118,-7.1611],[-37.8192,-7.1947],[-37.8273,-7.2326],[-37.8746,-7.2563],[-37.9076,-7.2728],[-37.9015,-7.2843],[-37.9,-7.3085],[-37.9569,-7.3161],[-37.9666,-7.3128],[-37.9667,-7.3128],[-38.0094,-7.2847],[-38.0236,-7.2909],[-38.0525,-7.3171],[-38.0847,-7.3236],[-38.0863,-7.3038],[-38.0876,-7.2872],[-38.0903,-7.2534],[-38.0915,-7.2349],[-38.0843,-7.2183],[-38.0693,-7.2211],[-38.0668,-7.2187],[-38.0641,-7.2213],[-38.0562,-7.2192],[-38.0572,-7.2136],[-38.0529,-7.2074],[-38.0558,-7.2024],[-38.0508,-7.1986],[-38.0525,-7.1915],[-38.0527,-7.1809],[-38.067,-7.1671],[-38.0763,-7.1493],[-38.0776,-7.1394],[-38.0708,-7.1217],[-38.0632,-7.1187],[-38.065,-7.115],[-38.0578,-7.0947],[-38.0582,-7.087],[-38.05,-7.1115],[-38.0523,-7.117],[-38.0503,-7.1231],[-38.0308,-7.1387],[-38.0253,-7.1502],[-38.0256,-7.1579],[-38.0348,-7.1654],[-38.0254,-7.1748],[-38.0244,-7.1799]]]}},{"type":"Feature","properties":{"nome":"Picuí","cod":"2511400","uf":"PB"},"geometry":{"type":"Polygon","coordinates":[[[-36.2788,-6.3172],[-36.2781,-6.349],[-36.296,-6.37],[-36.2989,-6.3817],[-36.2949,-6.3942],[-36.2826,-6.397],[-36.2688,-6.4015],[-36.2619,-6.4019],[-36.2508,-6.404],[-36.2494,-6.437],[-36.2262,-6.4336],[-36.2259,-6.4517],[-36.2259,-6.4519],[-36.2257,-6.4672],[-36.2255,-6.4833],[-36.225,-6.5133],[-36.2247,-6.559],[-36.2248,-6.5591],[-36.2339,-6.5944],[-36.252,-6.5789],[-36.2698,-6.5722],[-36.2908,-6.5578],[-36.3008,-6.543],[-36.2987,-6.5659],[-36.2951,-6.5711],[-36.2725,-6.6051],[-36.2726,-6.6364],[-36.2739,-6.6429],[-36.2771,-6.6568],[-36.2713,-6.6862],[-36.2661,-6.6958],[-36.2814,-6.6778],[-36.3075,-6.6456],[-36.3298,-6.6294],[-36.3495,-6.6151],[-36.3753,-6.5964],[-36.38,-6.593],[-36.3851,-6.6024],[-36.3846,-6.63],[-36.3971,-6.6407],[-36.4057,-6.6594],[-36.4086,-6.6567],[-36.4307,-6.6357],[-36.4379,-6.6289],[-36.4355,-6.6255],[-36.4408,-6.599],[-36.4441,-6.5579],[-36.4488,-6.5535],[-36.4619,-6.5499],[-36.4624,-6.5499],[-36.4689,-6.5487],[-36.4592,-6.518],[-36.4202,-6.4761],[-36.419,-6.4644],[-36.4251,-6.4598],[-36.4394,-6.4568],[-36.4299,-6.4441],[-36.4226,-6.4414],[-36.4199,-6.4359],[-36.4352,-6.4361],[-36.4385,-6.4314],[-36.4224,-6.4064],[-36.416,-6.4002],[-36.3961,-6.4056],[-36.3901,-6.4116],[-36.3747,-6.3923],[-36.3757,-6.3848],[-36.3765,-6.3778],[-36.3674,-6.3597],[-36.3759,-6.3537],[-36.3704,-6.3483],[-36.3521,-6.3503],[-36.3502,-6.3404],[-36.3413,-6.328],[-36.3356,-6.3208],[-36.3384,-6.3143],[-36.3434,-6.3139],[-36.3473,-6.3088],[-36.3437,-6.3021],[-36.3431,-6.3018],[-36.3073,-6.2811],[-36.2946,-6.2917],[-36.2867,-6.3007],[-36.2795,-6.3085],[-36.2788,-6.3172]]]}},{"type":"Feature","properties":{"nome":"Pilar","cod":"2511509","uf":"PB"},"geometry":{"type":"Polygon","coordinates":[[[-35.2322,-7.2051],[-35.2322,-7.2167],[-35.2388,-7.2255],[-35.2418,-7.2407],[-35.2335,-7.2639],[-35.2234,-7.2922],[-35.22,-7.2997],[-35.2239,-7.3033],[-35.2285,-7.302],[-35.2286,-7.3055],[-35.2382,-7.3142],[-35.2401,-7.3265],[-35.2466,-7.33],[-35.245,-7.3338],[-35.2489,-7.3363],[-35.2499,-7.3341],[-35.2515,-7.3388],[-35.255,-7.3392],[-35.2569,-7.3459],[-35.2699,-7.355],[-35.2714,-7.3631],[-35.2825,-7.3403],[-35.2918,-7.3208],[-35.3084,-7.3225],[-35.3109,-7.3046],[-35.3215,-7.2918],[-35.322,-7.2913],[-35.3169,-7.2846],[-35.3118,-7.2839],[-35.3005,-7.2904],[-35.2946,-7.288],[-35.2869,-7.2657],[-35.2908,-7.2475],[-35.296,-7.2342],[-35.3026,-7.2262],[-35.3056,-7.2272],[-35.3045,-7.2162],[-35.3044,-7.2156],[-35.3034,-7.2142],[-35.2895,-7.2164],[-35.2857,-7.2124],[-35.2821,-7.2159],[-35.2814,-7.2126],[-35.2737,-7.2101],[-35.2698,-7.2138],[-35.2543,-7.2108],[-35.2519,-7.2132],[-35.2376,-7.211],[-35.2359,-7.2052],[-35.2322,-7.2051]]]}},{"type":"Feature","properties":{"nome":"Pilões","cod":"2511608","uf":"PB"},"geometry":{"type":"Polygon","coordinates":[[[-35.5875,-6.8389],[-35.5784,-6.8581],[-35.5783,-6.8583],[-35.5651,-6.886],[-35.565,-6.8869],[-35.5634,-6.9076],[-35.5823,-6.9192],[-35.5828,-6.9192],[-35.6045,-6.9171],[-35.6133,-6.9162],[-35.6495,-6.9096],[-35.6497,-6.9096],[-35.6453,-6.883],[-35.6457,-6.8823],[-35.653,-6.8817],[-35.6586,-6.8677],[-35.6414,-6.8543],[-35.6313,-6.8534],[-35.6304,-6.8535],[-35.6176,-6.8517],[-35.5875,-6.8389]]]}},{"type":"Feature","properties":{"nome":"Pilõezinhos","cod":"2511707","uf":"PB"},"geometry":{"type":"Polygon","coordinates":[[[-35.5494,-6.8833],[-35.5651,-6.886],[-35.5783,-6.8583],[-35.5784,-6.8581],[-35.5875,-6.8389],[-35.5814,-6.8251],[-35.58,-6.8219],[-35.5725,-6.8217],[-35.5526,-6.821],[-35.5268,-6.8201],[-35.5029,-6.8193],[-35.508,-6.823],[-35.5082,-6.8342],[-35.5178,-6.8447],[-35.52,-6.8471],[-35.5306,-6.8586],[-35.5306,-6.88],[-35.5494,-6.8833]]]}},{"type":"Feature","properties":{"nome":"Pirpirituba","cod":"2511806","uf":"PB"},"geometry":{"type":"Polygon","coordinates":[[[-35.4465,-6.7557],[-35.4451,-6.7682],[-35.433,-6.7527],[-35.4254,-6.7576],[-35.4177,-6.7579],[-35.4124,-6.7638],[-35.4086,-6.7655],[-35.417,-6.7743],[-35.4238,-6.7769],[-35.4353,-6.7873],[-35.4464,-6.7921],[-35.4615,-6.8094],[-35.4645,-6.8117],[-35.485,-6.8187],[-35.5029,-6.8193],[-35.5268,-6.8201],[-35.5526,-6.821],[-35.5725,-6.8217],[-35.58,-6.8219],[-35.5781,-6.8165],[-35.5744,-6.806],[-35.5668,-6.8005],[-35.5282,-6.7711],[-35.5213,-6.7581],[-35.5099,-6.7582],[-35.5008,-6.7705],[-35.4984,-6.7722],[-35.4921,-6.7744],[-35.4831,-6.7742],[-35.4745,-6.7696],[-35.459,-6.7529],[-35.4431,-6.7514],[-35.4433,-6.752],[-35.4465,-6.7557]]]}},{"type":"Feature","properties":{"nome":"Pitimbu","cod":"2511905","uf":"PB"},"geometry":{"type":"Polygon","coordinates":[[[-34.8571,-7.3414],[-34.8519,-7.3472],[-34.8439,-7.3435],[-34.8198,-7.3494],[-34.8153,-7.3544],[-34.8176,-7.3645],[-34.813,-7.3639],[-34.8126,-7.3678],[-34.8099,-7.3669],[-34.8083,-7.3762],[-34.802,-7.3831],[-34.8111,-7.4591],[-34.8033,-7.4717],[-34.8107,-7.4779],[-34.8146,-7.4863],[-34.8094,-7.5115],[-34.82,-7.5282],[-34.8258,-7.5474],[-34.8319,-7.5487],[-34.8383,-7.5439],[-34.84,-7.5434],[-34.8535,-7.5392],[-34.8504,-7.5333],[-34.855,-7.5077],[-34.8551,-7.5072],[-34.8546,-7.4632],[-34.8492,-7.4385],[-34.8489,-7.4378],[-34.8624,-7.429],[-34.8634,-7.4335],[-34.8709,-7.4293],[-34.8812,-7.4169],[-34.8859,-7.4164],[-34.9008,-7.4165],[-34.9105,-7.4103],[-34.8966,-7.3929],[-34.8741,-7.3647],[-34.8709,-7.3607],[-34.8697,-7.3545],[-34.8595,-7.3429],[-34.8571,-7.3414]]]}},{"type":"Feature","properties":{"nome":"Pocinhos","cod":"2512002","uf":"PB"},"geometry":{"type":"Polygon","coordinates":[[[-35.9647,-6.9658],[-35.9667,-6.9743],[-35.9789,-6.9842],[-35.9569,-7.0165],[-35.957,-7.0168],[-35.9626,-7.0244],[-35.9555,-7.0242],[-35.9501,-7.0292],[-35.9587,-7.0456],[-35.9583,-7.0594],[-35.9652,-7.0621],[-35.9692,-7.0679],[-35.9626,-7.0686],[-35.9624,-7.0686],[-35.9739,-7.079],[-35.9792,-7.1005],[-36.0015,-7.1292],[-36.0087,-7.1384],[-36.0088,-7.1386],[-36.0294,-7.1651],[-36.0326,-7.1662],[-36.0333,-7.1729],[-36.0338,-7.1733],[-36.0453,-7.1654],[-36.0629,-7.1658],[-36.089,-7.1554],[-36.0945,-7.1536],[-36.1094,-7.1518],[-36.1398,-7.164],[-36.1704,-7.2014],[-36.2242,-7.197],[-36.22,-7.1879],[-36.2184,-7.1774],[-36.2211,-7.167],[-36.2183,-7.1616],[-36.2218,-7.1612],[-36.2197,-7.1546],[-36.2263,-7.1369],[-36.2228,-7.1346],[-36.2251,-7.1213],[-36.2312,-7.1149],[-36.2332,-7.1047],[-36.2333,-7.1046],[-36.2335,-7.0892],[-36.2401,-7.0884],[-36.2446,-7.0801],[-36.2402,-7.0729],[-36.2364,-7.0743],[-36.2294,-7.0691],[-36.2047,-7.0674],[-36.2014,-7.0624],[-36.1994,-7.0249],[-36.1939,-7.0178],[-36.1869,-7.0019],[-36.1871,-6.9942],[-36.1801,-6.9848],[-36.1755,-6.9792],[-36.1673,-6.9784],[-36.1529,-6.9694],[-36.1474,-6.9435],[-36.1462,-6.9433],[-36.1125,-6.9308],[-36.0777,-6.9707],[-36.0565,-6.971],[-36.049,-6.9772],[-36.0199,-6.9615],[-36.0175,-6.9521],[-36.0108,-6.9476],[-36.0108,-6.9437],[-35.9842,-6.9314],[-35.9798,-6.9243],[-35.9638,-6.9222],[-35.9515,-6.9091],[-35.9503,-6.92],[-35.9409,-6.9376],[-35.9409,-6.9377],[-35.9391,-6.9476],[-35.9647,-6.9658]]]}},{"type":"Feature","properties":{"nome":"Poço Dantas","cod":"2512036","uf":"PB"},"geometry":{"type":"Polygon","coordinates":[[[-38.4757,-6.3453],[-38.4902,-6.3657],[-38.4827,-6.3807],[-38.4859,-6.3984],[-38.4655,-6.396],[-38.4705,-6.3998],[-38.4685,-6.4114],[-38.4807,-6.4363],[-38.4884,-6.4391],[-38.4895,-6.4392],[-38.501,-6.4405],[-38.5047,-6.4462],[-38.512,-6.4476],[-38.5347,-6.4446],[-38.5455,-6.4344],[-38.5551,-6.4371],[-38.5539,-6.4324],[-38.5242,-6.4067],[-38.5176,-6.4083],[-38.526,-6.3943],[-38.5305,-6.3927],[-38.5424,-6.4016],[-38.5512,-6.3978],[-38.5731,-6.4034],[-38.5774,-6.4025],[-38.582,-6.3999],[-38.5812,-6.3963],[-38.589,-6.3952],[-38.5938,-6.3965],[-38.6017,-6.3892],[-38.5946,-6.3862],[-38.5921,-6.3778],[-38.5826,-6.3736],[-38.5728,-6.3745],[-38.5757,-6.3623],[-38.567,-6.3611],[-38.5649,-6.3563],[-38.563,-6.3556],[-38.5447,-6.3534],[-38.5495,-6.3503],[-38.5447,-6.3442],[-38.5338,-6.3415],[-38.5162,-6.3458],[-38.5051,-6.3561],[-38.4938,-6.3444],[-38.4846,-6.3397],[-38.4809,-6.337],[-38.4746,-6.3328],[-38.458,-6.3298],[-38.4757,-6.3453]]]}},{"type":"Feature","properties":{"nome":"Poço de José de Moura","cod":"2512077","uf":"PB"},"geometry":{"type":"Polygon","coordinates":[[[-38.5331,-6.5151],[-38.5264,-6.5218],[-38.5033,-6.5164],[-38.4987,-6.5275],[-38.4947,-6.5562],[-38.4925,-6.572],[-38.4577,-6.5684],[-38.4361,-6.5743],[-38.4493,-6.5899],[-38.4554,-6.6082],[-38.4757,-6.6359],[-38.4754,-6.6492],[-38.4829,-6.6598],[-38.4928,-6.6638],[-38.4967,-6.6621],[-38.5088,-6.6603],[-38.5159,-6.6454],[-38.5156,-6.6381],[-38.5155,-6.6356],[-38.5262,-6.6361],[-38.5276,-6.6185],[-38.5324,-6.6092],[-38.5388,-6.5985],[-38.5361,-6.5943],[-38.5452,-6.5903],[-38.543,-6.5787],[-38.5385,-6.5738],[-38.5408,-6.5498],[-38.5408,-6.5497],[-38.5319,-6.5489],[-38.5361,-6.5225],[-38.5324,-6.5218],[-38.5331,-6.5151]]]}},{"type":"Feature","properties":{"nome":"Pombal","cod":"2512101","uf":"PB"},"geometry":{"type":"Polygon","coordinates":[[[-37.9662,-6.6136],[-37.9602,-6.6276],[-37.9531,-6.6223],[-37.9441,-6.6259],[-37.9256,-6.6224],[-37.906,-6.6163],[-37.8908,-6.6315],[-37.8772,-6.6264],[-37.8618,-6.6394],[-37.845,-6.6401],[-37.845,-6.6401],[-37.8109,-6.6415],[-37.7845,-6.6426],[-37.7172,-6.6841],[-37.6784,-6.7086],[-37.6583,-6.7213],[-37.657,-6.7223],[-37.6568,-6.7224],[-37.6472,-6.7286],[-37.6438,-6.7436],[-37.6306,-6.7567],[-37.633,-6.7675],[-37.6224,-6.7797],[-37.6243,-6.7871],[-37.6325,-6.7964],[-37.6307,-6.8062],[-37.7013,-6.8011],[-37.7032,-6.801],[-37.7331,-6.7981],[-37.7378,-6.802],[-37.7512,-6.8133],[-37.7509,-6.8393],[-37.784,-6.849],[-37.7849,-6.8797],[-37.7854,-6.8794],[-37.7953,-6.8793],[-37.8009,-6.8741],[-37.8047,-6.8765],[-37.8202,-6.8749],[-37.8398,-6.8683],[-37.8444,-6.8707],[-37.8566,-6.899],[-37.8708,-6.9022],[-37.8761,-6.9124],[-37.8766,-6.9254],[-37.8899,-6.9321],[-37.888,-6.9412],[-37.8908,-6.9452],[-37.8949,-6.9476],[-37.9064,-6.9525],[-37.9078,-6.9635],[-37.9191,-6.9711],[-37.9162,-6.9791],[-37.9055,-6.99],[-37.9,-6.9887],[-37.8849,-7.0056],[-37.8776,-7.008],[-37.8702,-7.0185],[-37.8916,-7.0099],[-37.9293,-6.9939],[-37.9484,-6.9817],[-37.9777,-6.9629],[-37.9997,-6.9488],[-38.0061,-6.9439],[-38.0143,-6.8843],[-37.9972,-6.8725],[-37.9441,-6.8708],[-37.9417,-6.8636],[-37.9332,-6.8604],[-37.9281,-6.855],[-37.9175,-6.8417],[-37.8904,-6.8407],[-37.8735,-6.8232],[-37.8767,-6.8223],[-37.874,-6.8159],[-37.8759,-6.8121],[-37.8921,-6.8073],[-37.8916,-6.8031],[-37.8901,-6.7929],[-37.8971,-6.7884],[-37.8959,-6.784],[-37.8997,-6.7753],[-37.8959,-6.7683],[-37.8974,-6.7618],[-37.9064,-6.757],[-37.8941,-6.744],[-37.8975,-6.7341],[-37.9172,-6.7358],[-37.9813,-6.7484],[-38.0096,-6.7613],[-38.0245,-6.7637],[-38.0245,-6.7636],[-38.0288,-6.7172],[-37.9858,-6.7115],[-37.9828,-6.6965],[-37.9978,-6.6767],[-38.0116,-6.675],[-38.0129,-6.6683],[-38.0171,-6.6464],[-37.9662,-6.6136]]]}},{"type":"Feature","properties":{"nome":"Prata","cod":"2512200","uf":"PB"},"geometry":{"type":"Polygon","coordinates":[[[-37.0856,-7.5956],[-37.076,-7.6125],[-37.0708,-7.6118],[-37.0531,-7.6248],[-37.0462,-7.6245],[-37.0354,-7.6353],[-37.0251,-7.6337],[-37.0243,-7.658],[-37.0222,-7.7165],[-37.0249,-7.7174],[-37.0436,-7.7374],[-37.0541,-7.7436],[-37.0588,-7.7513],[-37.0794,-7.7613],[-37.088,-7.7608],[-37.0978,-7.7728],[-37.1041,-7.7738],[-37.1148,-7.7695],[-37.1182,-7.7759],[-37.1275,-7.7736],[-37.1361,-7.7818],[-37.1516,-7.7794],[-37.1564,-7.7765],[-37.1567,-7.7726],[-37.1386,-7.7451],[-37.1503,-7.7286],[-37.1502,-7.7155],[-37.1542,-7.706],[-37.1607,-7.6976],[-37.1547,-7.6929],[-37.1506,-7.6824],[-37.1512,-7.6711],[-37.1394,-7.6646],[-37.1325,-7.6612],[-37.1266,-7.6479],[-37.1141,-7.6404],[-37.0867,-7.643],[-37.0862,-7.6298],[-37.0915,-7.6238],[-37.0871,-7.6159],[-37.0937,-7.6061],[-37.0856,-7.5956]]]}},{"type":"Feature","properties":{"nome":"Princesa Isabel","cod":"2512309","uf":"PB"},"geometry":{"type":"Polygon","coordinates":[[[-38.0009,-7.5305],[-37.994,-7.5377],[-37.9823,-7.5344],[-37.9737,-7.5322],[-37.9739,-7.5379],[-37.9821,-7.5393],[-37.9838,-7.537],[-37.9847,-7.54],[-37.9828,-7.5457],[-37.9765,-7.5467],[-37.9686,-7.5538],[-37.9583,-7.5521],[-37.9535,-7.5585],[-37.9399,-7.5556],[-37.9293,-7.5607],[-37.9328,-7.5709],[-37.9562,-7.5844],[-37.9536,-7.6183],[-37.9545,-7.6195],[-37.9527,-7.6234],[-37.9562,-7.6281],[-37.9562,-7.6383],[-37.9468,-7.6457],[-37.9434,-7.6509],[-37.945,-7.6578],[-37.9373,-7.663],[-37.9337,-7.6724],[-37.9228,-7.6791],[-37.9162,-7.6826],[-37.9113,-7.6936],[-37.9045,-7.6968],[-37.903,-7.6977],[-37.8919,-7.7105],[-37.894,-7.7132],[-37.9127,-7.7091],[-37.9169,-7.7113],[-37.9196,-7.7127],[-37.9206,-7.7133],[-37.9229,-7.7157],[-37.922,-7.7232],[-37.9428,-7.7406],[-37.9443,-7.746],[-37.9472,-7.7558],[-37.9581,-7.7656],[-37.9645,-7.7723],[-37.9663,-7.7739],[-37.971,-7.7772],[-37.9826,-7.7722],[-37.9899,-7.7785],[-38.0004,-7.7786],[-38.0051,-7.7774],[-38.0078,-7.7665],[-38.0121,-7.7654],[-38.0296,-7.7494],[-38.0392,-7.7477],[-38.0691,-7.7719],[-38.0686,-7.7593],[-38.0803,-7.7386],[-38.0789,-7.7251],[-38.0662,-7.7155],[-38.0607,-7.6954],[-38.0642,-7.6773],[-38.0512,-7.643],[-38.0551,-7.6417],[-38.0674,-7.6419],[-38.0843,-7.6421],[-38.0781,-7.6111],[-38.0729,-7.6161],[-38.0661,-7.6159],[-38.0644,-7.6108],[-38.0683,-7.6053],[-38.065,-7.6025],[-38.0686,-7.5929],[-38.0821,-7.5886],[-38.0852,-7.5841],[-38.0893,-7.5848],[-38.088,-7.5812],[-38.0928,-7.5736],[-38.1034,-7.5701],[-38.102,-7.5689],[-38.0861,-7.5597],[-38.0511,-7.5505],[-38.0467,-7.5412],[-38.0464,-7.5143],[-38.0254,-7.5244],[-38.0009,-7.5305]]]}},{"type":"Feature","properties":{"nome":"Puxinanã","cod":"2512408","uf":"PB"},"geometry":{"type":"Polygon","coordinates":[[[-35.9684,-7.109],[-35.9472,-7.1091],[-35.9297,-7.1073],[-35.9296,-7.12],[-35.9332,-7.1358],[-35.9283,-7.141],[-35.9266,-7.1435],[-35.9218,-7.1498],[-35.9205,-7.1558],[-35.9103,-7.1656],[-35.9048,-7.1815],[-35.9377,-7.1749],[-35.9399,-7.1744],[-35.9392,-7.1861],[-35.9379,-7.1941],[-35.9473,-7.1928],[-35.9541,-7.1954],[-35.9543,-7.1958],[-35.9554,-7.1971],[-35.9638,-7.1942],[-35.9787,-7.1762],[-35.9789,-7.1759],[-35.9786,-7.1734],[-35.9867,-7.1605],[-35.9964,-7.164],[-36.0294,-7.1651],[-36.0088,-7.1386],[-36.0087,-7.1384],[-36.0015,-7.1292],[-35.9792,-7.1005],[-35.9685,-7.109],[-35.9684,-7.109]]]}},{"type":"Feature","properties":{"nome":"Queimadas","cod":"2512507","uf":"PB"},"geometry":{"type":"Polygon","coordinates":[[[-35.888,-7.2917],[-35.872,-7.2998],[-35.8417,-7.301],[-35.8383,-7.3294],[-35.8381,-7.3306],[-35.8369,-7.341],[-35.8366,-7.356],[-35.8377,-7.3596],[-35.8372,-7.362],[-35.84,-7.3817],[-35.84,-7.3822],[-35.8366,-7.395],[-35.8291,-7.4052],[-35.8201,-7.4218],[-35.8318,-7.4279],[-35.8379,-7.4397],[-35.8352,-7.4503],[-35.8371,-7.4554],[-35.8274,-7.4532],[-35.8245,-7.4599],[-35.8368,-7.4684],[-35.836,-7.4897],[-35.847,-7.4922],[-35.8536,-7.5057],[-35.8592,-7.5038],[-35.8641,-7.5101],[-35.8688,-7.508],[-35.8715,-7.5124],[-35.8718,-7.5097],[-35.8739,-7.5119],[-35.8909,-7.51],[-35.9003,-7.5157],[-35.9024,-7.5077],[-35.9147,-7.5058],[-35.9191,-7.5125],[-35.9377,-7.5053],[-35.9513,-7.4929],[-35.9539,-7.4952],[-35.9578,-7.4932],[-35.9638,-7.4882],[-35.9649,-7.4816],[-35.9726,-7.4793],[-35.9814,-7.4696],[-35.9914,-7.4671],[-35.9927,-7.4596],[-36.0094,-7.4532],[-36.0088,-7.4494],[-36.021,-7.4436],[-36.0152,-7.4424],[-36.0163,-7.438],[-36.0076,-7.438],[-36.0045,-7.4238],[-36.0171,-7.4219],[-36.0169,-7.4204],[-36.0035,-7.4107],[-35.9983,-7.4123],[-35.9994,-7.4078],[-36.0088,-7.4026],[-36.0089,-7.4024],[-36.008,-7.3965],[-35.9991,-7.39],[-36.003,-7.3843],[-36.0036,-7.3806],[-35.9862,-7.3678],[-35.9861,-7.3481],[-35.9871,-7.3453],[-35.9818,-7.3439],[-35.983,-7.3401],[-35.9796,-7.3392],[-35.9828,-7.322],[-35.9776,-7.3199],[-35.9776,-7.3134],[-35.9769,-7.3015],[-35.9826,-7.2958],[-35.9617,-7.2978],[-35.962,-7.2882],[-35.957,-7.2872],[-35.9506,-7.2793],[-35.9442,-7.2798],[-35.9447,-7.2846],[-35.9392,-7.2858],[-35.9092,-7.2862],[-35.8877,-7.2865],[-35.888,-7.2917]]]}},{"type":"Feature","properties":{"nome":"Quixabá","cod":"2512606","uf":"PB"},"geometry":{"type":"Polygon","coordinates":[[[-37.0928,-7.0232],[-37.0869,-7.023],[-37.0722,-7.0133],[-37.0675,-7.0196],[-37.0556,-7.0241],[-37.059,-7.0372],[-37.0184,-7.0483],[-37.0049,-7.0515],[-37.0066,-7.0521],[-37.0394,-7.0568],[-37.045,-7.0634],[-37.0599,-7.0671],[-37.0645,-7.0713],[-37.0828,-7.0723],[-37.0882,-7.0808],[-37.0888,-7.0922],[-37.0931,-7.0996],[-37.0866,-7.1087],[-37.0961,-7.0994],[-37.1302,-7.0859],[-37.1414,-7.077],[-37.1701,-7.065],[-37.1768,-7.0663],[-37.1894,-7.0589],[-37.2133,-7.0813],[-37.2165,-7.0732],[-37.2387,-7.0565],[-37.233,-7.0454],[-37.2302,-7.0465],[-37.2238,-7.0383],[-37.2277,-7.0193],[-37.2038,-7.0002],[-37.1727,-6.9818],[-37.1726,-6.9818],[-37.1523,-6.9908],[-37.1404,-7.0016],[-37.1298,-7.0021],[-37.1264,-7.0099],[-37.1148,-7.0121],[-37.1042,-7.0206],[-37.0928,-7.0232]]]}},{"type":"Feature","properties":{"nome":"Remígio","cod":"2512705","uf":"PB"},"geometry":{"type":"Polygon","coordinates":[[[-35.8191,-6.8738],[-35.8091,-6.8798],[-35.8071,-6.8734],[-35.7928,-6.8961],[-35.792,-6.915],[-35.7915,-6.9363],[-35.7911,-6.9377],[-35.7741,-6.9619],[-35.776,-6.9837],[-35.7761,-6.984],[-35.7741,-6.9888],[-35.7747,-6.9955],[-35.7778,-7.0033],[-35.7821,-7.0185],[-35.7939,-7.014],[-35.8042,-7.0201],[-35.8058,-7.0136],[-35.8109,-7.0101],[-35.8178,-6.9997],[-35.8174,-6.9874],[-35.8145,-6.9844],[-35.8231,-6.9796],[-35.8233,-6.9795],[-35.8327,-6.9743],[-35.8517,-6.9666],[-35.8652,-6.9542],[-35.885,-6.9511],[-35.8984,-6.9442],[-35.9049,-6.9374],[-35.9188,-6.932],[-35.9409,-6.9376],[-35.9503,-6.92],[-35.9515,-6.9091],[-35.945,-6.9015],[-35.9516,-6.89],[-35.9032,-6.8899],[-35.8929,-6.8765],[-35.8725,-6.8613],[-35.849,-6.8553],[-35.8191,-6.8738]]]}},{"type":"Feature","properties":{"nome":"Pedro Régis","cod":"2512721","uf":"PB"},"geometry":{"type":"Polygon","coordinates":[[[-35.3165,-6.6243],[-35.2921,-6.6274],[-35.2873,-6.6256],[-35.2689,-6.6363],[-35.2611,-6.6414],[-35.2591,-6.6485],[-35.2462,-6.6593],[-35.2451,-6.6645],[-35.259,-6.6644],[-35.2426,-6.695],[-35.2442,-6.7],[-35.2534,-6.7046],[-35.2631,-6.7095],[-35.272,-6.7066],[-35.2824,-6.7081],[-35.2849,-6.7071],[-35.2914,-6.7138],[-35.2974,-6.7172],[-35.3095,-6.7138],[-35.3125,-6.7082],[-35.3198,-6.7078],[-35.3192,-6.6761],[-35.3225,-6.6665],[-35.3333,-6.6521],[-35.3404,-6.6509],[-35.3352,-6.6379],[-35.3348,-6.637],[-35.3284,-6.6208],[-35.3165,-6.6243]]]}},{"type":"Feature","properties":{"nome":"Riachão","cod":"2512747","uf":"PB"},"geometry":{"type":"Polygon","coordinates":[[[-35.5701,-6.5327],[-35.558,-6.5458],[-35.5788,-6.5524],[-35.6022,-6.544],[-35.6125,-6.546],[-35.6161,-6.5474],[-35.621,-6.5658],[-35.6398,-6.5671],[-35.6568,-6.5754],[-35.66,-6.581],[-35.6748,-6.5828],[-35.6898,-6.5907],[-35.7083,-6.5892],[-35.7193,-6.5687],[-35.7208,-6.5655],[-35.7127,-6.5654],[-35.6917,-6.5543],[-35.6871,-6.5336],[-35.664,-6.5004],[-35.6531,-6.4914],[-35.6292,-6.5001],[-35.5755,-6.5273],[-35.5701,-6.5327]]]}},{"type":"Feature","properties":{"nome":"Riachão do Bacamarte","cod":"2512754","uf":"PB"},"geometry":{"type":"Polygon","coordinates":[[[-35.6357,-7.2224],[-35.6311,-7.2275],[-35.6254,-7.2252],[-35.6221,-7.2293],[-35.6221,-7.2333],[-35.6291,-7.2333],[-35.632,-7.2422],[-35.6306,-7.2537],[-35.6355,-7.2499],[-35.6446,-7.2507],[-35.6646,-7.2582],[-35.671,-7.2658],[-35.6782,-7.2688],[-35.7038,-7.2598],[-35.6996,-7.2257],[-35.6996,-7.2255],[-35.6992,-7.2219],[-35.6982,-7.2184],[-35.6953,-7.2172],[-35.6714,-7.2074],[-35.6475,-7.2187],[-35.6357,-7.2224]]]}},{"type":"Feature","properties":{"nome":"Riachão do Poço","cod":"2512762","uf":"PB"},"geometry":{"type":"Polygon","coordinates":[[[-35.2594,-7.1635],[-35.2812,-7.188],[-35.2891,-7.1861],[-35.294,-7.1849],[-35.3324,-7.1746],[-35.3265,-7.1564],[-35.3116,-7.1512],[-35.3059,-7.1414],[-35.2875,-7.1086],[-35.2839,-7.1106],[-35.2851,-7.1164],[-35.2729,-7.1161],[-35.275,-7.1211],[-35.2706,-7.1321],[-35.261,-7.1376],[-35.2558,-7.1403],[-35.2556,-7.1452],[-35.2585,-7.1576],[-35.2594,-7.1635]]]}},{"type":"Feature","properties":{"nome":"Riacho de Santo Antônio","cod":"2512788","uf":"PB"},"geometry":{"type":"Polygon","coordinates":[[[-36.0713,-7.6039],[-36.0713,-7.6129],[-36.0755,-7.6139],[-36.0874,-7.6161],[-36.0894,-7.6126],[-36.0917,-7.6161],[-36.0963,-7.6161],[-36.0975,-7.6238],[-36.1034,-7.6196],[-36.1042,-7.6295],[-36.111,-7.6231],[-36.1166,-7.6302],[-36.1098,-7.6362],[-36.1156,-7.6407],[-36.1234,-7.636],[-36.1315,-7.6387],[-36.1257,-7.6442],[-36.1284,-7.6501],[-36.1262,-7.6596],[-36.1309,-7.668],[-36.1047,-7.7173],[-36.1071,-7.725],[-36.1171,-7.7345],[-36.1189,-7.7516],[-36.1274,-7.769],[-36.1351,-7.7617],[-36.1536,-7.757],[-36.1582,-7.7523],[-36.1627,-7.7306],[-36.1595,-7.6937],[-36.1597,-7.6884],[-36.1976,-7.6451],[-36.193,-7.6458],[-36.1894,-7.6382],[-36.1858,-7.6411],[-36.1792,-7.64],[-36.1738,-7.6353],[-36.1693,-7.6401],[-36.161,-7.6363],[-36.1575,-7.6382],[-36.1519,-7.6352],[-36.1527,-7.631],[-36.1459,-7.6242],[-36.1422,-7.6236],[-36.1424,-7.6199],[-36.1365,-7.6226],[-36.1269,-7.6111],[-36.1205,-7.6086],[-36.1161,-7.6113],[-36.1033,-7.6016],[-36.087,-7.6005],[-36.0713,-7.6039]]]}},{"type":"Feature","properties":{"nome":"Riacho dos Cavalos","cod":"2512804","uf":"PB"},"geometry":{"type":"Polygon","coordinates":[[[-37.5093,-6.5083],[-37.5083,-6.5262],[-37.5296,-6.5403],[-37.5393,-6.5438],[-37.5724,-6.5504],[-37.5807,-6.5473],[-37.6037,-6.5363],[-37.6139,-6.5146],[-37.6179,-6.5152],[-37.6203,-6.5279],[-37.6287,-6.5283],[-37.6291,-6.5283],[-37.6439,-6.5322],[-37.6488,-6.5466],[-37.6655,-6.5476],[-37.6655,-6.5413],[-37.666,-6.5368],[-37.6841,-6.5273],[-37.6846,-6.5243],[-37.6905,-6.5249],[-37.6917,-6.5189],[-37.7016,-6.514],[-37.71,-6.5002],[-37.7175,-6.4991],[-37.73,-6.4963],[-37.733,-6.4879],[-37.7333,-6.4436],[-37.7333,-6.4355],[-37.7335,-6.3905],[-37.7236,-6.3933],[-37.6385,-6.4169],[-37.5784,-6.4336],[-37.5851,-6.4401],[-37.5844,-6.4434],[-37.5753,-6.4492],[-37.5656,-6.4672],[-37.5557,-6.4732],[-37.5357,-6.4974],[-37.5169,-6.5076],[-37.5093,-6.5083]]]}},{"type":"Feature","properties":{"nome":"Rio Tinto","cod":"2512903","uf":"PB"},"geometry":{"type":"Polygon","coordinates":[[[-35.0247,-6.7856],[-35.0214,-6.7909],[-35.015,-6.7889],[-35.0117,-6.7949],[-35.0066,-6.7937],[-35.0011,-6.7973],[-34.9961,-6.7946],[-34.996,-6.7872],[-34.993,-6.7852],[-34.9808,-6.7843],[-34.972,-6.793],[-34.9561,-6.783],[-34.9539,-6.7797],[-34.9504,-6.7649],[-34.937,-6.7704],[-34.9257,-6.7706],[-34.9188,-6.7668],[-34.9183,-6.77],[-34.9155,-6.7908],[-34.9086,-6.8402],[-34.9024,-6.8546],[-34.9024,-6.8649],[-34.917,-6.8718],[-34.9277,-6.8835],[-34.9345,-6.8898],[-34.9497,-6.892],[-34.9633,-6.9],[-34.9752,-6.9015],[-34.9888,-6.9078],[-35.0371,-6.9189],[-35.0589,-6.9344],[-35.0754,-6.9348],[-35.09,-6.9395],[-35.1006,-6.9382],[-35.1243,-6.8954],[-35.1242,-6.8953],[-35.1196,-6.8931],[-35.1033,-6.8896],[-35.0989,-6.8856],[-35.1006,-6.865],[-35.0975,-6.8525],[-35.0927,-6.8471],[-35.0917,-6.8433],[-35.0886,-6.8382],[-35.0917,-6.8332],[-35.0879,-6.831],[-35.0879,-6.8251],[-35.0905,-6.825],[-35.1059,-6.8245],[-35.1095,-6.8244],[-35.1131,-6.8212],[-35.132,-6.7765],[-35.1339,-6.766],[-35.1342,-6.7482],[-35.1342,-6.748],[-35.1342,-6.7477],[-35.12,-6.722],[-35.1178,-6.7072],[-35.1131,-6.6751],[-35.1156,-6.6661],[-35.1216,-6.6507],[-35.1214,-6.6479],[-35.1059,-6.6407],[-35.094,-6.6274],[-35.0878,-6.6254],[-35.0577,-6.6091],[-35.04,-6.5973],[-35.0258,-6.5923],[-35.0202,-6.5937],[-35.0007,-6.5962],[-35.0054,-6.5977],[-35.0169,-6.6147],[-35.0216,-6.6238],[-35.0369,-6.6693],[-35.0313,-6.7036],[-35.0274,-6.7081],[-35.0559,-6.719],[-35.056,-6.719],[-35.0813,-6.7221],[-35.0863,-6.7249],[-35.092,-6.7386],[-35.0667,-6.7666],[-35.0602,-6.7738],[-35.0599,-6.7741],[-35.0447,-6.7743],[-35.0247,-6.7856]]]}},{"type":"Feature","properties":{"nome":"Salgadinho","cod":"2513000","uf":"PB"},"geometry":{"type":"Polygon","coordinates":[[[-36.7425,-7.0326],[-36.7537,-7.0425],[-36.75,-7.0583],[-36.751,-7.0795],[-36.7512,-7.0798],[-36.7781,-7.1121],[-36.8098,-7.15],[-36.8331,-7.1448],[-36.8442,-7.1461],[-36.8498,-7.1502],[-36.8583,-7.1488],[-36.8798,-7.1589],[-36.8944,-7.1598],[-36.9047,-7.1516],[-36.9192,-7.1549],[-36.9307,-7.153],[-36.931,-7.1497],[-36.9259,-7.1218],[-36.9233,-7.1176],[-36.9322,-7.1095],[-36.9238,-7.1051],[-36.9224,-7.0873],[-36.9163,-7.0802],[-36.898,-7.0754],[-36.874,-7.0614],[-36.8664,-7.0606],[-36.8581,-7.0641],[-36.8205,-7.0483],[-36.8041,-7.0304],[-36.787,-7.0361],[-36.7811,-7.034],[-36.77,-7.0375],[-36.7418,-7.0249],[-36.7425,-7.0326]]]}},{"type":"Feature","properties":{"nome":"Salgado de São Félix","cod":"2513109","uf":"PB"},"geometry":{"type":"Polygon","coordinates":[[[-35.4178,-7.3687],[-35.4034,-7.4116],[-35.3918,-7.4079],[-35.3889,-7.4263],[-35.3826,-7.4267],[-35.3804,-7.4484],[-35.3823,-7.4487],[-35.4079,-7.4607],[-35.4154,-7.4717],[-35.422,-7.4748],[-35.4341,-7.4704],[-35.4412,-7.4566],[-35.4517,-7.4525],[-35.475,-7.4445],[-35.489,-7.4498],[-35.503,-7.4557],[-35.5073,-7.4861],[-35.5059,-7.4969],[-35.5037,-7.4994],[-35.5376,-7.4969],[-35.5409,-7.4935],[-35.5524,-7.4812],[-35.5523,-7.4754],[-35.546,-7.4711],[-35.55,-7.465],[-35.5434,-7.4493],[-35.548,-7.4478],[-35.5511,-7.4412],[-35.5437,-7.4277],[-35.5431,-7.4097],[-35.5413,-7.405],[-35.5391,-7.3979],[-35.5324,-7.3926],[-35.5233,-7.3888],[-35.5228,-7.3853],[-35.5222,-7.3842],[-35.5218,-7.3832],[-35.513,-7.3755],[-35.5045,-7.3744],[-35.4932,-7.3673],[-35.4861,-7.3648],[-35.483,-7.3645],[-35.4635,-7.3603],[-35.4445,-7.3539],[-35.4427,-7.3535],[-35.4481,-7.3468],[-35.4554,-7.3286],[-35.4378,-7.3189],[-35.4317,-7.3187],[-35.4175,-7.3225],[-35.4018,-7.3352],[-35.41,-7.3397],[-35.4107,-7.3454],[-35.4178,-7.3687]]]}},{"type":"Feature","properties":{"nome":"Santa Cecília","cod":"2513158","uf":"PB"},"geometry":{"type":"Polygon","coordinates":[[[-35.9314,-7.6811],[-35.9223,-7.6817],[-35.9176,-7.6769],[-35.8965,-7.6693],[-35.8894,-7.6629],[-35.8656,-7.6629],[-35.8564,-7.6656],[-35.8346,-7.6606],[-35.8382,-7.6644],[-35.8362,-7.6674],[-35.8329,-7.6664],[-35.8367,-7.6759],[-35.8292,-7.6808],[-35.8277,-7.6897],[-35.8322,-7.7133],[-35.8279,-7.7202],[-35.8288,-7.7378],[-35.8249,-7.7416],[-35.8159,-7.7408],[-35.8155,-7.7463],[-35.82,-7.7484],[-35.8295,-7.7513],[-35.8328,-7.7495],[-35.8414,-7.7466],[-35.862,-7.7506],[-35.8718,-7.7491],[-35.8814,-7.7557],[-35.8807,-7.7659],[-35.8826,-7.7716],[-35.8932,-7.7833],[-35.9028,-7.7912],[-35.9053,-7.792],[-35.9145,-7.7897],[-35.9325,-7.784],[-35.943,-7.7896],[-35.9587,-7.7869],[-35.9696,-7.789],[-35.979,-7.8016],[-35.9924,-7.8001],[-35.9979,-7.8133],[-36.003,-7.8124],[-36.0213,-7.8098],[-36.0351,-7.7958],[-36.0312,-7.7946],[-36.0297,-7.7858],[-36.0146,-7.7649],[-36.011,-7.7656],[-36.0097,-7.7578],[-36.0076,-7.7612],[-36.0054,-7.7588],[-36.0,-7.7629],[-35.996,-7.7622],[-35.9926,-7.7433],[-35.9849,-7.7374],[-35.991,-7.7367],[-35.9921,-7.731],[-35.9852,-7.7313],[-35.9873,-7.7263],[-35.9839,-7.7177],[-35.981,-7.7174],[-35.9788,-7.7053],[-35.9759,-7.7064],[-35.9745,-7.6944],[-35.981,-7.6942],[-35.9819,-7.6917],[-35.9771,-7.6844],[-35.9716,-7.6684],[-35.9595,-7.6523],[-35.9525,-7.6494],[-35.9452,-7.662],[-35.9341,-7.6685],[-35.9314,-7.6811]]]}},{"type":"Feature","properties":{"nome":"Santa Cruz","cod":"2513208","uf":"PB"},"geometry":{"type":"Polygon","coordinates":[[[-38.0436,-6.4516],[-38.0359,-6.4596],[-38.0407,-6.4708],[-38.0338,-6.4754],[-38.0264,-6.4744],[-38.017,-6.4793],[-38.0191,-6.503],[-38.027,-6.5248],[-38.0256,-6.5276],[-38.0149,-6.5272],[-37.9975,-6.5273],[-37.9795,-6.5312],[-37.962,-6.5695],[-37.9687,-6.5781],[-37.9733,-6.5929],[-37.963,-6.6049],[-37.9621,-6.6092],[-37.9662,-6.6136],[-37.9776,-6.6087],[-37.9879,-6.609],[-37.9926,-6.6046],[-38.0113,-6.6116],[-38.0359,-6.6143],[-38.0429,-6.6094],[-38.0487,-6.5984],[-38.0493,-6.5834],[-38.074,-6.5819],[-38.0892,-6.5855],[-38.1074,-6.604],[-38.118,-6.5978],[-38.1193,-6.5946],[-38.127,-6.5969],[-38.1421,-6.5811],[-38.1547,-6.5745],[-38.1526,-6.5582],[-38.1525,-6.5577],[-38.1519,-6.5531],[-38.1401,-6.5402],[-38.1253,-6.5326],[-38.1199,-6.522],[-38.1167,-6.5223],[-38.0976,-6.5091],[-38.095,-6.4932],[-38.0827,-6.4855],[-38.0705,-6.4635],[-38.0663,-6.46],[-38.0616,-6.459],[-38.0589,-6.4527],[-38.0536,-6.4533],[-38.0511,-6.442],[-38.046,-6.4405],[-38.043,-6.4429],[-38.0436,-6.4516]]]}},{"type":"Feature","properties":{"nome":"Santa Helena","cod":"2513307","uf":"PB"},"geometry":{"type":"Polygon","coordinates":[[[-38.5711,-6.7047],[-38.5572,-6.7062],[-38.5459,-6.6988],[-38.5403,-6.7],[-38.5346,-6.7027],[-38.5221,-6.704],[-38.5026,-6.7079],[-38.5028,-6.7174],[-38.4937,-6.7199],[-38.4889,-6.7259],[-38.4897,-6.7359],[-38.4857,-6.737],[-38.4901,-6.7494],[-38.4891,-6.7571],[-38.4956,-6.7691],[-38.4947,-6.7856],[-38.5089,-6.7901],[-38.5171,-6.7971],[-38.5245,-6.7961],[-38.5468,-6.7911],[-38.5622,-6.7965],[-38.5674,-6.7905],[-38.5971,-6.7872],[-38.6136,-6.782],[-38.6287,-6.7773],[-38.6399,-6.7636],[-38.6523,-6.7594],[-38.652,-6.7567],[-38.6496,-6.7518],[-38.6572,-6.7404],[-38.6556,-6.7298],[-38.666,-6.7194],[-38.6725,-6.7063],[-38.6697,-6.7021],[-38.6728,-6.6968],[-38.6641,-6.6798],[-38.6602,-6.6784],[-38.662,-6.6739],[-38.6516,-6.6728],[-38.6469,-6.6636],[-38.6466,-6.6538],[-38.6567,-6.6419],[-38.6549,-6.6301],[-38.6488,-6.6272],[-38.6281,-6.6468],[-38.6208,-6.6489],[-38.6114,-6.6588],[-38.6085,-6.6693],[-38.6023,-6.6703],[-38.5854,-6.6902],[-38.579,-6.7038],[-38.5711,-6.7047]]]}},{"type":"Feature","properties":{"nome":"Santa Inês","cod":"2513356","uf":"PB"},"geometry":{"type":"Polygon","coordinates":[[[-38.6795,-7.5743],[-38.6675,-7.5857],[-38.6314,-7.5867],[-38.6201,-7.5981],[-38.5995,-7.6034],[-38.5835,-7.5962],[-38.5683,-7.5997],[-38.5435,-7.5969],[-38.5303,-7.6002],[-38.523,-7.6153],[-38.5254,-7.634],[-38.5092,-7.6485],[-38.5002,-7.6552],[-38.4965,-7.6516],[-38.4807,-7.6494],[-38.4759,-7.6515],[-38.4701,-7.6517],[-38.4734,-7.6588],[-38.4699,-7.6653],[-38.4772,-7.6783],[-38.475,-7.6866],[-38.466,-7.6949],[-38.4547,-7.6966],[-38.4499,-7.7025],[-38.4494,-7.7066],[-38.4567,-7.7177],[-38.4636,-7.7305],[-38.4902,-7.7343],[-38.4954,-7.7384],[-38.4962,-7.7496],[-38.5163,-7.7489],[-38.5293,-7.7547],[-38.5458,-7.749],[-38.5598,-7.7567],[-38.5718,-7.7511],[-38.5745,-7.7539],[-38.5787,-7.7462],[-38.5896,-7.7553],[-38.5933,-7.7539],[-38.5974,-7.7416],[-38.6072,-7.7391],[-38.6076,-7.7255],[-38.6164,-7.7131],[-38.625,-7.7079],[-38.6261,-7.6943],[-38.641,-7.6861],[-38.6417,-7.6772],[-38.6511,-7.6767],[-38.6504,-7.6682],[-38.6583,-7.6619],[-38.6632,-7.6571],[-38.6696,-7.6601],[-38.6724,-7.6584],[-38.6786,-7.6462],[-38.6864,-7.6346],[-38.6956,-7.6324],[-38.7051,-7.6216],[-38.7148,-7.6215],[-38.7172,-7.6265],[-38.7146,-7.6159],[-38.7179,-7.6089],[-38.7127,-7.6079],[-38.7107,-7.5862],[-38.7023,-7.5806],[-38.6885,-7.5818],[-38.6795,-7.5743]]]}},{"type":"Feature","properties":{"nome":"Santa Luzia","cod":"2513406","uf":"PB"},"geometry":{"type":"Polygon","coordinates":[[[-36.9044,-6.7634],[-36.8998,-6.7894],[-36.8967,-6.7918],[-36.8993,-6.803],[-36.8966,-6.8137],[-36.8683,-6.8303],[-36.8678,-6.8307],[-36.8593,-6.8395],[-36.8651,-6.8561],[-36.8424,-6.8727],[-36.8359,-6.8688],[-36.8348,-6.8823],[-36.8283,-6.8834],[-36.8184,-6.8747],[-36.8133,-6.8815],[-36.8013,-6.8842],[-36.7955,-6.886],[-36.7916,-6.8942],[-36.7863,-6.8949],[-36.7846,-6.9023],[-36.7768,-6.9077],[-36.7745,-6.9145],[-36.7913,-6.9323],[-36.8662,-7.0124],[-36.8664,-7.0606],[-36.874,-7.0614],[-36.898,-7.0754],[-36.9163,-7.0802],[-36.9293,-7.0575],[-36.9372,-7.0468],[-36.9435,-7.0446],[-36.9482,-7.0478],[-36.9591,-7.0477],[-36.9616,-7.0324],[-36.9412,-7.0145],[-36.9359,-7.0107],[-36.9334,-6.9973],[-36.9334,-6.9926],[-36.9381,-6.9884],[-36.943,-6.9822],[-36.9424,-6.9591],[-36.9484,-6.9582],[-36.967,-6.9658],[-36.971,-6.9635],[-36.9708,-6.9543],[-36.9629,-6.9338],[-36.9748,-6.9326],[-36.9881,-6.9358],[-37.0212,-6.9133],[-37.0213,-6.9133],[-37.0347,-6.9041],[-37.0273,-6.8917],[-37.0118,-6.8796],[-37.0104,-6.874],[-37.0101,-6.8691],[-36.955,-6.8176],[-36.9636,-6.807],[-36.9625,-6.7998],[-36.966,-6.7903],[-36.9588,-6.7829],[-36.9568,-6.7901],[-36.9312,-6.7682],[-36.9099,-6.7565],[-36.9044,-6.7634]]]}},{"type":"Feature","properties":{"nome":"Santana de Mangueira","cod":"2513505","uf":"PB"},"geometry":{"type":"Polygon","coordinates":[[[-38.2962,-7.5313],[-38.2937,-7.5331],[-38.2838,-7.5305],[-38.2822,-7.542],[-38.2791,-7.544],[-38.2763,-7.5634],[-38.2704,-7.5657],[-38.2727,-7.5727],[-38.268,-7.5748],[-38.2647,-7.5698],[-38.2528,-7.5744],[-38.2473,-7.5688],[-38.2492,-7.574],[-38.2426,-7.581],[-38.2259,-7.5857],[-38.228,-7.5923],[-38.1861,-7.6115],[-38.1832,-7.6129],[-38.1792,-7.6403],[-38.1994,-7.6428],[-38.2294,-7.6465],[-38.2414,-7.6546],[-38.2465,-7.6611],[-38.2441,-7.6675],[-38.2562,-7.6802],[-38.2715,-7.697],[-38.2837,-7.7027],[-38.2982,-7.7255],[-38.3105,-7.7387],[-38.3155,-7.7281],[-38.3117,-7.7159],[-38.3169,-7.7151],[-38.3159,-7.7087],[-38.3204,-7.6975],[-38.3263,-7.6933],[-38.33,-7.6957],[-38.3368,-7.6932],[-38.3443,-7.6946],[-38.3571,-7.6768],[-38.3613,-7.6859],[-38.3697,-7.6922],[-38.3706,-7.698],[-38.3819,-7.7071],[-38.4036,-7.714],[-38.4008,-7.7201],[-38.4092,-7.7301],[-38.4121,-7.7297],[-38.4273,-7.7296],[-38.4339,-7.72],[-38.45,-7.6681],[-38.4462,-7.644],[-38.4383,-7.6333],[-38.4452,-7.6246],[-38.4459,-7.6184],[-38.4385,-7.6071],[-38.4393,-7.6018],[-38.4485,-7.595],[-38.4502,-7.5937],[-38.4294,-7.5939],[-38.3884,-7.5944],[-38.3899,-7.5801],[-38.386,-7.569],[-38.3925,-7.5471],[-38.3853,-7.5395],[-38.3839,-7.5353],[-38.3718,-7.5366],[-38.3451,-7.5339],[-38.3221,-7.5272],[-38.3097,-7.5185],[-38.2955,-7.5228],[-38.2962,-7.5313]]]}},{"type":"Feature","properties":{"nome":"Santana dos Garrotes","cod":"2513604","uf":"PB"},"geometry":{"type":"Polygon","coordinates":[[[-37.9666,-7.3128],[-37.9569,-7.3161],[-37.9,-7.3085],[-37.9068,-7.3179],[-37.9022,-7.3252],[-37.9109,-7.3348],[-37.9105,-7.3405],[-37.899,-7.3358],[-37.8926,-7.3291],[-37.8816,-7.3373],[-37.8748,-7.3347],[-37.8651,-7.3447],[-37.8612,-7.3847],[-37.8608,-7.4112],[-37.8538,-7.4204],[-37.8587,-7.4304],[-37.8569,-7.4326],[-37.8551,-7.4336],[-37.8634,-7.4367],[-37.8859,-7.4441],[-37.921,-7.4754],[-37.9394,-7.4932],[-37.9448,-7.4936],[-37.9538,-7.5009],[-37.9718,-7.4865],[-37.9857,-7.4758],[-37.996,-7.4509],[-38.004,-7.4409],[-38.004,-7.4408],[-38.0227,-7.4349],[-38.0328,-7.4283],[-38.0499,-7.4108],[-38.0458,-7.403],[-38.053,-7.3939],[-38.0791,-7.3889],[-38.0826,-7.3796],[-38.0801,-7.3756],[-38.0702,-7.3662],[-38.0701,-7.357],[-38.0641,-7.3507],[-38.0562,-7.3496],[-38.0525,-7.3171],[-38.0236,-7.2909],[-38.0094,-7.2847],[-37.9667,-7.3128],[-37.9666,-7.3128]]]}},{"type":"Feature","properties":{"nome":"Santarém","cod":"2513653","uf":"PB"},"geometry":{"type":"Polygon","coordinates":[[[-38.4539,-6.4345],[-38.4532,-6.4697],[-38.4499,-6.5024],[-38.4519,-6.5166],[-38.4579,-6.5256],[-38.4674,-6.5311],[-38.4987,-6.5275],[-38.5033,-6.5164],[-38.5094,-6.5015],[-38.513,-6.493],[-38.5214,-6.4717],[-38.5347,-6.4446],[-38.512,-6.4476],[-38.5047,-6.4462],[-38.501,-6.4405],[-38.4895,-6.4392],[-38.4884,-6.4391],[-38.4807,-6.4363],[-38.4685,-6.4114],[-38.458,-6.4109],[-38.4539,-6.4345]]]}},{"type":"Feature","properties":{"nome":"Santa Rita","cod":"2513703","uf":"PB"},"geometry":{"type":"Polygon","coordinates":[[[-34.9697,-6.9213],[-34.9339,-6.9467],[-34.9216,-6.9554],[-34.9106,-6.9493],[-34.9073,-6.9538],[-34.9055,-6.9502],[-34.902,-6.9552],[-34.8992,-6.9539],[-34.8985,-6.9569],[-34.8906,-6.9595],[-34.8823,-6.9556],[-34.8788,-6.9591],[-34.8817,-6.9642],[-34.8705,-6.9658],[-34.8685,-6.979],[-34.8706,-6.985],[-34.868,-7.0065],[-34.8593,-7.0267],[-34.8652,-7.0577],[-34.8916,-7.095],[-34.9025,-7.0884],[-34.9118,-7.0787],[-34.9155,-7.0936],[-34.9086,-7.1022],[-34.9143,-7.1026],[-34.9115,-7.1068],[-34.9151,-7.1158],[-34.9188,-7.1152],[-34.9212,-7.1225],[-34.9258,-7.1184],[-34.9413,-7.1247],[-34.9539,-7.1445],[-34.9735,-7.1752],[-34.9702,-7.1987],[-34.9679,-7.2155],[-34.9636,-7.2141],[-34.9372,-7.2128],[-34.9295,-7.2255],[-34.9349,-7.2386],[-34.941,-7.2413],[-34.9435,-7.2485],[-34.9497,-7.2753],[-34.9625,-7.2816],[-34.9686,-7.2821],[-34.9738,-7.2739],[-34.9908,-7.2677],[-35.0175,-7.27],[-35.0393,-7.2764],[-35.0435,-7.2784],[-35.0449,-7.2771],[-35.0446,-7.2744],[-35.0554,-7.2667],[-35.0672,-7.2289],[-35.054,-7.1839],[-35.0421,-7.1433],[-35.0432,-7.1363],[-35.039,-7.1288],[-35.0474,-7.1276],[-35.0448,-7.1207],[-35.0466,-7.1155],[-35.0517,-7.1012],[-35.0589,-7.0807],[-35.161,-7.0318],[-35.1292,-7.0106],[-35.1274,-7.0094],[-35.1346,-7.0066],[-35.1382,-6.9833],[-35.146,-6.9728],[-35.1395,-6.9627],[-35.1371,-6.9444],[-35.1323,-6.9404],[-35.1062,-6.9368],[-35.1006,-6.9382],[-35.09,-6.9395],[-35.0754,-6.9348],[-35.0589,-6.9344],[-35.0371,-6.9189],[-34.9888,-6.9078],[-34.9697,-6.9213]]]}},{"type":"Feature","properties":{"nome":"Santa Teresinha","cod":"2513802","uf":"PB"},"geometry":{"type":"Polygon","coordinates":[[[-37.4575,-6.9913],[-37.4484,-6.9973],[-37.4366,-6.9969],[-37.433,-6.9976],[-37.4241,-6.998],[-37.4171,-7.0043],[-37.4104,-7.0054],[-37.3875,-6.9986],[-37.3689,-6.9997],[-37.3556,-7.0418],[-37.3521,-7.0531],[-37.3485,-7.0528],[-37.3467,-7.0842],[-37.3498,-7.1137],[-37.3612,-7.1121],[-37.3595,-7.1259],[-37.3895,-7.1301],[-37.3883,-7.1443],[-37.3878,-7.1505],[-37.3874,-7.1635],[-37.4246,-7.1623],[-37.4262,-7.1755],[-37.4304,-7.181],[-37.4369,-7.1853],[-37.4462,-7.1814],[-37.4514,-7.1898],[-37.4624,-7.1947],[-37.4715,-7.1969],[-37.4722,-7.2069],[-37.4801,-7.2067],[-37.494,-7.2268],[-37.4941,-7.2269],[-37.5429,-7.1093],[-37.512,-7.1102],[-37.5136,-7.087],[-37.5189,-7.0064],[-37.5193,-7.0001],[-37.5179,-7.0],[-37.4932,-6.9991],[-37.4698,-6.9914],[-37.4575,-6.9913]]]}},{"type":"Feature","properties":{"nome":"Santo André","cod":"2513851","uf":"PB"},"geometry":{"type":"Polygon","coordinates":[[[-36.5493,-7.2336],[-36.5586,-7.245],[-36.5739,-7.2471],[-36.5603,-7.2689],[-36.5667,-7.3233],[-36.5751,-7.323],[-36.5838,-7.3358],[-36.6004,-7.3394],[-36.607,-7.3459],[-36.6221,-7.3375],[-36.6512,-7.2826],[-36.6558,-7.2783],[-36.6618,-7.2794],[-36.661,-7.2678],[-36.6552,-7.2644],[-36.6616,-7.2642],[-36.6634,-7.2588],[-36.6576,-7.2578],[-36.6578,-7.2516],[-36.6606,-7.2475],[-36.6688,-7.2512],[-36.6808,-7.2409],[-36.6796,-7.2365],[-36.6692,-7.2145],[-36.6688,-7.2093],[-36.6744,-7.2094],[-36.6593,-7.1933],[-36.6563,-7.1861],[-36.6589,-7.1815],[-36.6611,-7.1744],[-36.6586,-7.1463],[-36.662,-7.1302],[-36.6367,-7.1294],[-36.613,-7.1286],[-36.5913,-7.1722],[-36.5677,-7.1789],[-36.5571,-7.1855],[-36.5518,-7.1893],[-36.5434,-7.2183],[-36.5261,-7.2283],[-36.5493,-7.2336]]]}},{"type":"Feature","properties":{"nome":"São Bento","cod":"2513901","uf":"PB"},"geometry":{"type":"Polygon","coordinates":[[[-37.3958,-6.4007],[-37.3973,-6.4159],[-37.3863,-6.4256],[-37.3812,-6.4356],[-37.381,-6.4364],[-37.3809,-6.4367],[-37.3906,-6.4524],[-37.3969,-6.5142],[-37.4154,-6.5315],[-37.436,-6.5328],[-37.4362,-6.5328],[-37.4446,-6.5327],[-37.4644,-6.5323],[-37.489,-6.5124],[-37.4925,-6.5096],[-37.4947,-6.5236],[-37.5083,-6.5262],[-37.5093,-6.5083],[-37.5169,-6.5076],[-37.5357,-6.4974],[-37.5557,-6.4732],[-37.5656,-6.4672],[-37.5753,-6.4492],[-37.5844,-6.4434],[-37.5851,-6.4401],[-37.5784,-6.4336],[-37.5769,-6.4205],[-37.5718,-6.4144],[-37.5615,-6.411],[-37.55,-6.4152],[-37.5405,-6.4129],[-37.5242,-6.4068],[-37.5101,-6.4117],[-37.4901,-6.4056],[-37.4779,-6.4039],[-37.4597,-6.3947],[-37.4593,-6.3946],[-37.4124,-6.3905],[-37.3885,-6.3906],[-37.3958,-6.4007]]]}},{"type":"Feature","properties":{"nome":"São Bentinho","cod":"2513927","uf":"PB"},"geometry":{"type":"Polygon","coordinates":[[[-37.6943,-6.9595],[-37.7273,-6.9915],[-37.7397,-6.9537],[-37.7401,-6.9403],[-37.7444,-6.929],[-37.7429,-6.9116],[-37.7509,-6.9089],[-37.7497,-6.9009],[-37.7537,-6.8979],[-37.7541,-6.8904],[-37.7849,-6.8797],[-37.784,-6.849],[-37.7509,-6.8393],[-37.7512,-6.8133],[-37.7378,-6.802],[-37.7331,-6.7981],[-37.7032,-6.801],[-37.7013,-6.8011],[-37.6307,-6.8062],[-37.627,-6.8262],[-37.633,-6.8409],[-37.6325,-6.8522],[-37.6361,-6.859],[-37.6447,-6.863],[-37.6584,-6.8789],[-37.6684,-6.8841],[-37.6792,-6.898],[-37.6806,-6.9052],[-37.6805,-6.9059],[-37.68,-6.9125],[-37.685,-6.9174],[-37.6779,-6.9274],[-37.6768,-6.9382],[-37.6961,-6.944],[-37.6943,-6.9595]]]}},{"type":"Feature","properties":{"nome":"São Domingos do Cariri","cod":"2513943","uf":"PB"},"geometry":{"type":"Polygon","coordinates":[[[-36.4087,-7.4941],[-36.4009,-7.5017],[-36.3947,-7.5009],[-36.3943,-7.5069],[-36.3904,-7.5055],[-36.3866,-7.5095],[-36.3849,-7.5061],[-36.3819,-7.511],[-36.3719,-7.5137],[-36.3707,-7.5255],[-36.3668,-7.5262],[-36.3584,-7.5403],[-36.3527,-7.5419],[-36.3479,-7.5485],[-36.3283,-7.5491],[-36.3332,-7.565],[-36.3151,-7.5922],[-36.3015,-7.5978],[-36.3191,-7.6103],[-36.3316,-7.6024],[-36.3526,-7.5994],[-36.3613,-7.6037],[-36.3683,-7.6131],[-36.3667,-7.6199],[-36.3615,-7.6201],[-36.3659,-7.6359],[-36.3705,-7.6382],[-36.3595,-7.6613],[-36.3531,-7.6666],[-36.3573,-7.6741],[-36.4454,-7.6741],[-36.4454,-7.674],[-36.443,-7.6534],[-36.45,-7.6522],[-36.453,-7.6574],[-36.4567,-7.6553],[-36.4587,-7.6591],[-36.4789,-7.653],[-36.4618,-7.5986],[-36.4271,-7.4883],[-36.4209,-7.4944],[-36.4087,-7.4941]]]}},{"type":"Feature","properties":{"nome":"São Domingos","cod":"2513968","uf":"PB"},"geometry":{"type":"Polygon","coordinates":[[[-37.8735,-6.8232],[-37.8904,-6.8407],[-37.9175,-6.8417],[-37.9281,-6.855],[-37.9332,-6.8604],[-37.9417,-6.8636],[-37.9441,-6.8708],[-37.9972,-6.8725],[-38.0008,-6.8553],[-38.0116,-6.8478],[-38.01,-6.8311],[-38.01,-6.8309],[-38.0027,-6.8238],[-37.995,-6.8282],[-37.9898,-6.8266],[-37.9999,-6.8164],[-38.0097,-6.7973],[-38.0163,-6.7881],[-38.0141,-6.7807],[-38.0162,-6.7717],[-38.0245,-6.7637],[-38.0096,-6.7613],[-37.9813,-6.7484],[-37.9172,-6.7358],[-37.8975,-6.7341],[-37.8941,-6.744],[-37.9064,-6.757],[-37.8974,-6.7618],[-37.8959,-6.7683],[-37.8997,-6.7753],[-37.8959,-6.784],[-37.8971,-6.7884],[-37.8901,-6.7929],[-37.8916,-6.8031],[-37.8921,-6.8073],[-37.8759,-6.8121],[-37.874,-6.8159],[-37.8767,-6.8223],[-37.8735,-6.8232]]]}},{"type":"Feature","properties":{"nome":"São Francisco","cod":"2513984","uf":"PB"},"geometry":{"type":"Polygon","coordinates":[[[-38.0429,-6.6094],[-38.0359,-6.6143],[-38.0113,-6.6116],[-37.9926,-6.6046],[-37.9879,-6.609],[-37.9776,-6.6087],[-37.9662,-6.6136],[-38.0171,-6.6464],[-38.0129,-6.6683],[-38.0116,-6.675],[-38.0161,-6.6701],[-38.0387,-6.6686],[-38.0488,-6.6753],[-38.069,-6.6727],[-38.0861,-6.6846],[-38.0871,-6.6884],[-38.0916,-6.6888],[-38.0939,-6.6693],[-38.0926,-6.6659],[-38.102,-6.6448],[-38.0991,-6.6306],[-38.103,-6.63],[-38.1074,-6.604],[-38.0892,-6.5855],[-38.074,-6.5819],[-38.0493,-6.5834],[-38.0487,-6.5984],[-38.0429,-6.6094]]]}},{"type":"Feature","properties":{"nome":"São João do Cariri","cod":"2514008","uf":"PB"},"geometry":{"type":"Polygon","coordinates":[[[-36.3825,-7.2983],[-36.3486,-7.3133],[-36.3392,-7.3126],[-36.3305,-7.3071],[-36.3814,-7.4026],[-36.4271,-7.4883],[-36.4618,-7.5986],[-36.4789,-7.653],[-36.4918,-7.6434],[-36.4945,-7.6323],[-36.5123,-7.6334],[-36.5127,-7.6373],[-36.5284,-7.641],[-36.5413,-7.6349],[-36.5585,-7.636],[-36.558,-7.6324],[-36.5768,-7.6255],[-36.5891,-7.6335],[-36.6,-7.5819],[-36.541,-7.5359],[-36.5305,-7.5277],[-36.5932,-7.4451],[-36.6346,-7.3934],[-36.6024,-7.3782],[-36.601,-7.3511],[-36.5372,-7.3509],[-36.4978,-7.3301],[-36.4779,-7.3142],[-36.446,-7.3057],[-36.4426,-7.3096],[-36.4335,-7.309],[-36.4226,-7.3013],[-36.4034,-7.2999],[-36.3925,-7.3027],[-36.3825,-7.2983]]]}},{"type":"Feature","properties":{"nome":"São João do Tigre","cod":"2514107","uf":"PB"},"geometry":{"type":"Polygon","coordinates":[[[-36.5723,-7.9356],[-36.5796,-7.9482],[-36.5738,-7.9513],[-36.5729,-7.9555],[-36.5764,-7.9592],[-36.5865,-7.9582],[-36.6115,-7.9475],[-36.6131,-7.9561],[-36.6223,-7.9691],[-36.6228,-7.9817],[-36.6275,-7.986],[-36.6279,-8.0137],[-36.6275,-8.0553],[-36.6339,-8.0589],[-36.6535,-8.07],[-36.6572,-8.0751],[-36.6575,-8.0757],[-36.6569,-8.0817],[-36.6483,-8.0823],[-36.6469,-8.0921],[-36.6366,-8.0928],[-36.6275,-8.1024],[-36.6283,-8.1106],[-36.64,-8.1195],[-36.6675,-8.1239],[-36.6887,-8.1374],[-36.6941,-8.1435],[-36.6867,-8.1553],[-36.7083,-8.1559],[-36.7225,-8.1506],[-36.7254,-8.156],[-36.7154,-8.1669],[-36.7221,-8.1679],[-36.7236,-8.1721],[-36.7423,-8.1726],[-36.7498,-8.1753],[-36.7532,-8.1911],[-36.7612,-8.1959],[-36.775,-8.1903],[-36.7875,-8.1894],[-36.7945,-8.1894],[-36.8054,-8.195],[-36.8122,-8.2049],[-36.8614,-8.222],[-36.8789,-8.2352],[-36.8956,-8.2404],[-36.9079,-8.2527],[-36.9227,-8.2694],[-36.9446,-8.2748],[-36.9474,-8.2787],[-36.947,-8.2907],[-36.951,-8.2965],[-36.9625,-8.2867],[-36.9702,-8.2735],[-36.9684,-8.2591],[-36.9589,-8.2494],[-36.9584,-8.2437],[-36.9648,-8.215],[-36.9634,-8.2118],[-36.9601,-8.2122],[-36.9573,-8.1985],[-36.9627,-8.1926],[-36.9638,-8.182],[-36.9602,-8.1757],[-36.953,-8.1769],[-36.9408,-8.1646],[-36.9364,-8.1377],[-36.9271,-8.126],[-36.9222,-8.1122],[-36.9167,-8.1082],[-36.9164,-8.1013],[-36.8959,-8.0861],[-36.8964,-8.0716],[-36.8904,-8.052],[-36.8819,-8.0495],[-36.876,-8.0428],[-36.8752,-8.0269],[-36.8792,-8.017],[-36.8681,-8.0118],[-36.8466,-7.9877],[-36.8382,-7.9831],[-36.8144,-7.9563],[-36.7376,-7.9506],[-36.6735,-7.9439],[-36.5723,-7.9356]]]}},{"type":"Feature","properties":{"nome":"São José da Lagoa Tapada","cod":"2514206","uf":"PB"},"geometry":{"type":"Polygon","coordinates":[[[-38.1639,-6.8763],[-38.1505,-6.8951],[-38.1339,-6.8924],[-38.1228,-6.8972],[-38.1053,-6.8867],[-38.0889,-6.887],[-38.0682,-6.8793],[-38.0406,-6.8873],[-38.0301,-6.8872],[-38.0263,-6.8814],[-38.0143,-6.8843],[-38.0061,-6.9439],[-38.014,-6.9492],[-38.0261,-6.9561],[-38.0348,-6.9743],[-38.0615,-6.9797],[-38.0727,-6.9901],[-38.0726,-6.9902],[-38.0694,-7.0025],[-38.0887,-7.0085],[-38.0897,-7.0124],[-38.1322,-7.0077],[-38.1563,-7.0094],[-38.205,-7.0098],[-38.2299,-7.0027],[-38.2537,-6.9943],[-38.2451,-6.9386],[-38.2524,-6.9048],[-38.2569,-6.9042],[-38.2714,-6.8868],[-38.1962,-6.8692],[-38.196,-6.8691],[-38.1672,-6.8716],[-38.1639,-6.8763]]]}},{"type":"Feature","properties":{"nome":"São José de Caiana","cod":"2514305","uf":"PB"},"geometry":{"type":"Polygon","coordinates":[[[-38.274,-7.2018],[-38.2728,-7.2343],[-38.2674,-7.2335],[-38.274,-7.2628],[-38.2686,-7.2675],[-38.253,-7.2695],[-38.2477,-7.2709],[-38.2571,-7.2857],[-38.2618,-7.2898],[-38.2736,-7.2898],[-38.2823,-7.3053],[-38.298,-7.3095],[-38.3052,-7.3118],[-38.3225,-7.3297],[-38.3242,-7.3257],[-38.3265,-7.3205],[-38.3346,-7.3213],[-38.342,-7.3163],[-38.3484,-7.3192],[-38.3518,-7.3167],[-38.3683,-7.3184],[-38.4127,-7.3421],[-38.4149,-7.3431],[-38.4085,-7.3312],[-38.4127,-7.3211],[-38.4135,-7.3057],[-38.4128,-7.3049],[-38.3889,-7.2833],[-38.3856,-7.2636],[-38.3766,-7.2604],[-38.3605,-7.2323],[-38.3521,-7.2343],[-38.3505,-7.223],[-38.3382,-7.2012],[-38.3373,-7.1923],[-38.3289,-7.1839],[-38.33,-7.1771],[-38.3167,-7.1688],[-38.3181,-7.1595],[-38.3145,-7.1592],[-38.3117,-7.1536],[-38.298,-7.1565],[-38.2955,-7.1564],[-38.2954,-7.1575],[-38.2912,-7.1748],[-38.2903,-7.1979],[-38.274,-7.2018]]]}},{"type":"Feature","properties":{"nome":"São José de Espinharas","cod":"2514404","uf":"PB"},"geometry":{"type":"Polygon","coordinates":[[[-37.2834,-6.6935],[-37.2898,-6.7126],[-37.2796,-6.7238],[-37.2636,-6.7318],[-37.269,-6.7616],[-37.2736,-6.7664],[-37.257,-6.78],[-37.2603,-6.787],[-37.2551,-6.7981],[-37.2548,-6.8107],[-37.2517,-6.8127],[-37.2343,-6.8242],[-37.2176,-6.853],[-37.213,-6.8861],[-37.2122,-6.906],[-37.2193,-6.9093],[-37.2454,-6.9088],[-37.2558,-6.9133],[-37.285,-6.9144],[-37.2851,-6.9144],[-37.2991,-6.9154],[-37.3467,-6.9272],[-37.3773,-6.9309],[-37.3864,-6.9361],[-37.3962,-6.9361],[-37.4066,-6.9318],[-37.4068,-6.9316],[-37.4092,-6.9293],[-37.4341,-6.9165],[-37.4617,-6.9129],[-37.4726,-6.9147],[-37.4847,-6.9125],[-37.4966,-6.8997],[-37.4941,-6.8852],[-37.5035,-6.8713],[-37.5086,-6.8673],[-37.5003,-6.8657],[-37.4994,-6.8613],[-37.5088,-6.8527],[-37.5171,-6.8366],[-37.5259,-6.829],[-37.5264,-6.8206],[-37.5091,-6.8144],[-37.506,-6.8101],[-37.5062,-6.7803],[-37.5187,-6.7699],[-37.5411,-6.778],[-37.5522,-6.7745],[-37.5442,-6.7655],[-37.5392,-6.7522],[-37.5427,-6.7424],[-37.5482,-6.7378],[-37.5404,-6.7237],[-37.5183,-6.712],[-37.4844,-6.7096],[-37.4555,-6.7049],[-37.4266,-6.7001],[-37.407,-6.6968],[-37.3996,-6.6993],[-37.3424,-6.7008],[-37.314,-6.6886],[-37.2979,-6.6912],[-37.2834,-6.6935]]]}},{"type":"Feature","properties":{"nome":"São José dos Ramos","cod":"2514453","uf":"PB"},"geometry":{"type":"Polygon","coordinates":[[[-35.3234,-7.185],[-35.3084,-7.2045],[-35.3044,-7.2156],[-35.3045,-7.2162],[-35.3056,-7.2272],[-35.3026,-7.2262],[-35.296,-7.2342],[-35.2908,-7.2475],[-35.2869,-7.2657],[-35.2946,-7.288],[-35.3005,-7.2904],[-35.3118,-7.2839],[-35.3169,-7.2846],[-35.322,-7.2913],[-35.3302,-7.2814],[-35.3532,-7.2547],[-35.3682,-7.2649],[-35.381,-7.2521],[-35.3849,-7.2596],[-35.397,-7.2623],[-35.4128,-7.2689],[-35.4174,-7.2761],[-35.4496,-7.2546],[-35.4352,-7.2464],[-35.4312,-7.2496],[-35.4189,-7.2394],[-35.4048,-7.2426],[-35.3979,-7.239],[-35.3755,-7.2389],[-35.3844,-7.2085],[-35.3494,-7.1939],[-35.3491,-7.194],[-35.337,-7.1866],[-35.3336,-7.1795],[-35.3234,-7.185]]]}},{"type":"Feature","properties":{"nome":"São José de Piranhas","cod":"2514503","uf":"PB"},"geometry":{"type":"Polygon","coordinates":[[[-38.453,-6.9844],[-38.4468,-6.9871],[-38.4328,-6.9862],[-38.3874,-6.9866],[-38.3623,-6.9883],[-38.3669,-7.0433],[-38.3422,-7.0875],[-38.3313,-7.1063],[-38.3311,-7.107],[-38.3311,-7.1159],[-38.3309,-7.1422],[-38.3015,-7.1272],[-38.284,-7.1291],[-38.2944,-7.1447],[-38.2955,-7.1564],[-38.298,-7.1565],[-38.3117,-7.1536],[-38.3145,-7.1592],[-38.3181,-7.1595],[-38.3332,-7.1599],[-38.335,-7.1554],[-38.3442,-7.1547],[-38.3844,-7.1662],[-38.3827,-7.1757],[-38.3849,-7.1792],[-38.3935,-7.1787],[-38.405,-7.1999],[-38.4063,-7.1974],[-38.4119,-7.1908],[-38.4321,-7.1982],[-38.4472,-7.1966],[-38.4507,-7.1948],[-38.4539,-7.1842],[-38.5182,-7.1823],[-38.5177,-7.1732],[-38.522,-7.1704],[-38.5548,-7.1722],[-38.5552,-7.1723],[-38.5645,-7.1746],[-38.5696,-7.1841],[-38.6153,-7.1824],[-38.6347,-7.1829],[-38.6438,-7.1834],[-38.6731,-7.1849],[-38.6875,-7.1898],[-38.6827,-7.1756],[-38.6768,-7.1705],[-38.6764,-7.1672],[-38.6848,-7.1609],[-38.6749,-7.1553],[-38.6746,-7.1434],[-38.6771,-7.1305],[-38.6682,-7.1169],[-38.6618,-7.1098],[-38.6568,-7.0939],[-38.6594,-7.0851],[-38.6663,-7.0813],[-38.6711,-7.0701],[-38.6769,-7.0667],[-38.6695,-7.0473],[-38.6633,-7.0356],[-38.6398,-7.0464],[-38.6339,-7.0449],[-38.6119,-7.0546],[-38.6004,-7.0548],[-38.5887,-7.0545],[-38.5761,-7.0337],[-38.567,-7.026],[-38.5668,-7.0259],[-38.5613,-7.0252],[-38.5462,-7.0321],[-38.5292,-7.0117],[-38.5213,-7.0088],[-38.5141,-6.9988],[-38.5037,-6.9962],[-38.5033,-6.9894],[-38.4718,-6.9886],[-38.4533,-6.9843],[-38.453,-6.9844]]]}},{"type":"Feature","properties":{"nome":"São José de Princesa","cod":"2514552","uf":"PB"},"geometry":{"type":"Polygon","coordinates":[[[-38.088,-7.5812],[-38.0893,-7.5848],[-38.0852,-7.5841],[-38.0821,-7.5886],[-38.0686,-7.5929],[-38.065,-7.6025],[-38.0683,-7.6053],[-38.0644,-7.6108],[-38.0661,-7.6159],[-38.0729,-7.6161],[-38.0781,-7.6111],[-38.0843,-7.6421],[-38.0674,-7.6419],[-38.0551,-7.6417],[-38.0512,-7.643],[-38.0642,-7.6773],[-38.0607,-7.6954],[-38.0662,-7.7155],[-38.0789,-7.7251],[-38.0803,-7.7386],[-38.0686,-7.7593],[-38.0691,-7.7719],[-38.0749,-7.7887],[-38.0731,-7.7931],[-38.0754,-7.805],[-38.066,-7.8173],[-38.069,-7.8257],[-38.0767,-7.8302],[-38.0802,-7.8288],[-38.083,-7.8277],[-38.0969,-7.8269],[-38.1197,-7.8186],[-38.1238,-7.8126],[-38.1221,-7.807],[-38.1308,-7.8035],[-38.1311,-7.7953],[-38.131,-7.795],[-38.1248,-7.7707],[-38.117,-7.7623],[-38.1196,-7.7559],[-38.1155,-7.7371],[-38.1284,-7.7352],[-38.1256,-7.7299],[-38.1291,-7.7253],[-38.1204,-7.7078],[-38.1138,-7.6868],[-38.1214,-7.6853],[-38.1276,-7.6799],[-38.1253,-7.6737],[-38.1104,-7.6614],[-38.1328,-7.625],[-38.1222,-7.5973],[-38.1051,-7.5711],[-38.1034,-7.5701],[-38.0928,-7.5736],[-38.088,-7.5812]]]}},{"type":"Feature","properties":{"nome":"São José do Bonfim","cod":"2514602","uf":"PB"},"geometry":{"type":"Polygon","coordinates":[[[-37.2446,-7.1133],[-37.2468,-7.193],[-37.2469,-7.1974],[-37.2766,-7.1942],[-37.3034,-7.1914],[-37.3352,-7.214],[-37.3345,-7.2077],[-37.3397,-7.1974],[-37.3527,-7.1854],[-37.3528,-7.1853],[-37.3653,-7.1739],[-37.3659,-7.1651],[-37.3874,-7.1635],[-37.3878,-7.1505],[-37.3806,-7.1533],[-37.3562,-7.1418],[-37.3527,-7.1438],[-37.3365,-7.1395],[-37.3339,-7.1295],[-37.328,-7.1229],[-37.3285,-7.1138],[-37.3234,-7.1111],[-37.3138,-7.0943],[-37.3161,-7.0906],[-37.3141,-7.0844],[-37.3212,-7.0815],[-37.2875,-7.076],[-37.2873,-7.0761],[-37.2871,-7.0763],[-37.2445,-7.1102],[-37.2446,-7.1133]]]}},{"type":"Feature","properties":{"nome":"São José do Brejo do Cruz","cod":"2514651","uf":"PB"},"geometry":{"type":"Polygon","coordinates":[[[-37.3269,-6.1769],[-37.3008,-6.1888],[-37.2922,-6.1869],[-37.2886,-6.1905],[-37.2889,-6.1856],[-37.2792,-6.187],[-37.2703,-6.1865],[-37.2665,-6.1913],[-37.2514,-6.1905],[-37.2468,-6.1929],[-37.2489,-6.2016],[-37.2389,-6.2042],[-37.2339,-6.2129],[-37.2512,-6.2261],[-37.2702,-6.2513],[-37.2744,-6.281],[-37.2865,-6.2819],[-37.3061,-6.2777],[-37.3182,-6.2793],[-37.3279,-6.3028],[-37.3336,-6.3079],[-37.3438,-6.3054],[-37.3464,-6.2988],[-37.3514,-6.298],[-37.3707,-6.2823],[-37.3836,-6.2813],[-37.3868,-6.2771],[-37.3943,-6.2863],[-37.4105,-6.2907],[-37.4166,-6.285],[-37.4333,-6.2865],[-37.4396,-6.2878],[-37.4423,-6.292],[-37.448,-6.2796],[-37.4706,-6.2697],[-37.4804,-6.2588],[-37.4842,-6.2434],[-37.4665,-6.2326],[-37.4589,-6.2212],[-37.4453,-6.2165],[-37.4374,-6.209],[-37.4347,-6.1993],[-37.4301,-6.2],[-37.4115,-6.1917],[-37.4009,-6.1923],[-37.374,-6.1742],[-37.3664,-6.1737],[-37.3416,-6.1683],[-37.3326,-6.1704],[-37.3269,-6.1769]]]}},{"type":"Feature","properties":{"nome":"São José do Sabugi","cod":"2514701","uf":"PB"},"geometry":{"type":"Polygon","coordinates":[[[-36.7724,-6.7867],[-36.7691,-6.8383],[-36.7604,-6.8376],[-36.7299,-6.836],[-36.7447,-6.8791],[-36.7557,-6.8959],[-36.7597,-6.9141],[-36.7745,-6.9145],[-36.7768,-6.9077],[-36.7846,-6.9023],[-36.7863,-6.8949],[-36.7916,-6.8942],[-36.7955,-6.886],[-36.8013,-6.8842],[-36.8133,-6.8815],[-36.8184,-6.8747],[-36.8283,-6.8834],[-36.8348,-6.8823],[-36.8359,-6.8688],[-36.8424,-6.8727],[-36.8651,-6.8561],[-36.8593,-6.8395],[-36.8678,-6.8307],[-36.8683,-6.8303],[-36.8966,-6.8137],[-36.8993,-6.803],[-36.8967,-6.7918],[-36.8998,-6.7894],[-36.9044,-6.7634],[-36.9099,-6.7565],[-36.874,-6.7428],[-36.8347,-6.7307],[-36.7888,-6.7721],[-36.7724,-6.7867]]]}},{"type":"Feature","properties":{"nome":"São José dos Cordeiros","cod":"2514800","uf":"PB"},"geometry":{"type":"Polygon","coordinates":[[[-36.6829,-7.3528],[-36.664,-7.3891],[-36.6744,-7.3811],[-36.6806,-7.3877],[-36.6921,-7.3865],[-36.7081,-7.3924],[-36.7118,-7.3952],[-36.7162,-7.4014],[-36.7271,-7.4056],[-36.7269,-7.4107],[-36.735,-7.4218],[-36.7375,-7.4523],[-36.7682,-7.4628],[-36.8341,-7.4852],[-36.8539,-7.4996],[-36.8835,-7.4927],[-36.9011,-7.4975],[-36.9013,-7.5014],[-36.9156,-7.5068],[-36.9236,-7.5032],[-36.9368,-7.5053],[-36.9499,-7.5005],[-36.9604,-7.4849],[-36.9839,-7.4819],[-36.9851,-7.4752],[-36.9951,-7.4722],[-36.9937,-7.4643],[-36.997,-7.459],[-37.0104,-7.4532],[-37.0128,-7.4446],[-37.0209,-7.4398],[-37.0225,-7.4356],[-37.0233,-7.4335],[-37.0142,-7.43],[-37.0172,-7.4242],[-37.0256,-7.4221],[-37.013,-7.4036],[-37.0134,-7.4034],[-36.9797,-7.3887],[-36.9563,-7.3832],[-36.9318,-7.3811],[-36.9188,-7.3857],[-36.9031,-7.3863],[-36.8966,-7.3827],[-36.884,-7.3838],[-36.8762,-7.3762],[-36.8648,-7.3742],[-36.8601,-7.3675],[-36.8365,-7.3714],[-36.8048,-7.3691],[-36.7739,-7.3713],[-36.7737,-7.3006],[-36.7567,-7.3054],[-36.755,-7.3274],[-36.6829,-7.3528]]]}},{"type":"Feature","properties":{"nome":"São Mamede","cod":"2514909","uf":"PB"},"geometry":{"type":"Polygon","coordinates":[[[-37.1074,-6.8075],[-37.0941,-6.8074],[-37.0802,-6.8024],[-37.0845,-6.8128],[-37.0666,-6.8327],[-37.0597,-6.8427],[-37.0443,-6.8381],[-37.0351,-6.8462],[-37.0328,-6.8581],[-37.0215,-6.8598],[-37.0225,-6.8733],[-37.0104,-6.874],[-37.0118,-6.8796],[-37.0273,-6.8917],[-37.0347,-6.9041],[-37.0213,-6.9133],[-37.0212,-6.9133],[-36.9881,-6.9358],[-36.9748,-6.9326],[-36.9629,-6.9338],[-36.9708,-6.9543],[-36.971,-6.9635],[-36.967,-6.9658],[-36.9484,-6.9582],[-36.9424,-6.9591],[-36.943,-6.9822],[-36.9381,-6.9884],[-36.9334,-6.9926],[-36.9334,-6.9973],[-36.9359,-7.0107],[-36.9412,-7.0145],[-36.9616,-7.0324],[-36.9591,-7.0477],[-36.9754,-7.0569],[-36.9931,-7.0613],[-36.9971,-7.0609],[-37.0049,-7.0515],[-37.0184,-7.0483],[-37.059,-7.0372],[-37.0556,-7.0241],[-37.0675,-7.0196],[-37.0722,-7.0133],[-37.0869,-7.023],[-37.0928,-7.0232],[-37.1042,-7.0206],[-37.1148,-7.0121],[-37.1264,-7.0099],[-37.1298,-7.0021],[-37.1404,-7.0016],[-37.1523,-6.9908],[-37.1726,-6.9818],[-37.1727,-6.9818],[-37.174,-6.9729],[-37.1806,-6.9643],[-37.173,-6.9441],[-37.1831,-6.9358],[-37.1933,-6.9347],[-37.1778,-6.9214],[-37.1785,-6.9181],[-37.1901,-6.9172],[-37.198,-6.9058],[-37.2122,-6.906],[-37.213,-6.8861],[-37.2176,-6.853],[-37.2343,-6.8242],[-37.2136,-6.8244],[-37.1903,-6.825],[-37.1519,-6.798],[-37.1384,-6.7857],[-37.1089,-6.7998],[-37.1074,-6.8075]]]}},{"type":"Feature","properties":{"nome":"São Miguel de Taipu","cod":"2515005","uf":"PB"},"geometry":{"type":"Polygon","coordinates":[[[-35.1699,-7.1967],[-35.1587,-7.2093],[-35.1551,-7.2066],[-35.1509,-7.2128],[-35.1585,-7.2293],[-35.1709,-7.2637],[-35.1714,-7.2723],[-35.1774,-7.2859],[-35.1817,-7.2954],[-35.1917,-7.298],[-35.1931,-7.3107],[-35.2114,-7.3037],[-35.2169,-7.3043],[-35.22,-7.2997],[-35.2234,-7.2922],[-35.2335,-7.2639],[-35.2418,-7.2407],[-35.2388,-7.2255],[-35.2322,-7.2167],[-35.2322,-7.2051],[-35.23,-7.1916],[-35.2194,-7.1907],[-35.2016,-7.1873],[-35.1875,-7.177],[-35.1871,-7.177],[-35.1862,-7.183],[-35.1819,-7.1832],[-35.1699,-7.1967]]]}},{"type":"Feature","properties":{"nome":"São Sebastião de Lagoa de Roça","cod":"2515104","uf":"PB"},"geometry":{"type":"Polygon","coordinates":[[[-35.8418,-7.0563],[-35.8337,-7.0601],[-35.8269,-7.0704],[-35.8233,-7.0719],[-35.8161,-7.0749],[-35.8179,-7.0767],[-35.8148,-7.0847],[-35.8116,-7.0952],[-35.8133,-7.1021],[-35.8156,-7.1068],[-35.8178,-7.1093],[-35.8248,-7.1218],[-35.8296,-7.1257],[-35.8325,-7.1238],[-35.8392,-7.1236],[-35.8417,-7.1157],[-35.8454,-7.1201],[-35.852,-7.1167],[-35.8634,-7.1196],[-35.8683,-7.1121],[-35.8712,-7.1091],[-35.8739,-7.1064],[-35.889,-7.0881],[-35.8962,-7.0839],[-35.8954,-7.0822],[-35.8864,-7.0638],[-35.8859,-7.0629],[-35.8809,-7.0527],[-35.8715,-7.0578],[-35.8639,-7.0569],[-35.8554,-7.0503],[-35.8418,-7.0563]]]}},{"type":"Feature","properties":{"nome":"São Sebastião do Umbuzeiro","cod":"2515203","uf":"PB"},"geometry":{"type":"Polygon","coordinates":[[[-36.8904,-8.052],[-36.8964,-8.0716],[-36.8959,-8.0861],[-36.9164,-8.1013],[-36.9167,-8.1082],[-36.9222,-8.1122],[-36.9271,-8.126],[-36.9364,-8.1377],[-36.9408,-8.1646],[-36.953,-8.1769],[-36.9602,-8.1757],[-36.9638,-8.182],[-36.9627,-8.1926],[-36.9573,-8.1985],[-36.9601,-8.2122],[-36.9634,-8.2118],[-36.9648,-8.215],[-36.9584,-8.2437],[-36.9589,-8.2494],[-36.9684,-8.2591],[-36.9702,-8.2735],[-36.9625,-8.2867],[-36.951,-8.2965],[-36.9546,-8.2989],[-36.9777,-8.297],[-36.9908,-8.3025],[-37.015,-8.2917],[-37.0203,-8.2893],[-37.0398,-8.266],[-37.0809,-8.266],[-37.0803,-8.2407],[-37.0662,-8.2326],[-37.0671,-8.2297],[-37.0806,-8.2215],[-37.0896,-8.2308],[-37.1001,-8.2333],[-37.1226,-8.2087],[-37.1258,-8.1911],[-37.1183,-8.18],[-37.1179,-8.1749],[-37.1261,-8.1733],[-37.1409,-8.1768],[-37.1599,-8.17],[-37.1631,-8.1583],[-37.1507,-8.1496],[-37.1583,-8.1385],[-37.1529,-8.1271],[-37.1438,-8.1246],[-37.1328,-8.1232],[-37.1213,-8.1279],[-37.118,-8.1256],[-37.1063,-8.127],[-37.0926,-8.1206],[-37.0837,-8.1103],[-37.0686,-8.1065],[-37.0611,-8.1005],[-37.0487,-8.0991],[-37.0429,-8.1028],[-37.0261,-8.0997],[-37.021,-8.0944],[-37.0209,-8.0944],[-37.0283,-8.0812],[-37.032,-8.0694],[-37.0303,-8.0609],[-37.038,-8.0436],[-37.0248,-8.0411],[-36.9882,-8.0534],[-36.9776,-8.0532],[-36.9688,-8.0602],[-36.946,-8.0476],[-36.9333,-8.044],[-36.9248,-8.0366],[-36.9182,-8.0288],[-36.9105,-8.0271],[-36.905,-8.0188],[-36.8931,-8.0136],[-36.8792,-8.017],[-36.8752,-8.0269],[-36.876,-8.0428],[-36.8819,-8.0495],[-36.8904,-8.052]]]}},{"type":"Feature","properties":{"nome":"Sapé","cod":"2515302","uf":"PB"},"geometry":{"type":"Polygon","coordinates":[[[-35.207,-6.9405],[-35.184,-6.9545],[-35.1788,-6.9503],[-35.1786,-6.9524],[-35.1547,-6.94],[-35.1489,-6.9422],[-35.1323,-6.9404],[-35.1371,-6.9444],[-35.1395,-6.9627],[-35.146,-6.9728],[-35.1382,-6.9833],[-35.1346,-7.0066],[-35.1274,-7.0094],[-35.1292,-7.0106],[-35.161,-7.0318],[-35.1457,-7.0453],[-35.1377,-7.0524],[-35.1179,-7.0703],[-35.1282,-7.0993],[-35.1396,-7.1317],[-35.1427,-7.1406],[-35.1521,-7.149],[-35.1678,-7.1602],[-35.1723,-7.1639],[-35.1789,-7.1734],[-35.1871,-7.177],[-35.1875,-7.177],[-35.1904,-7.1762],[-35.1909,-7.1706],[-35.1966,-7.1745],[-35.2009,-7.1721],[-35.2092,-7.1748],[-35.2118,-7.1653],[-35.2171,-7.1653],[-35.2173,-7.1586],[-35.2277,-7.1607],[-35.227,-7.1499],[-35.2312,-7.149],[-35.2321,-7.1421],[-35.2376,-7.1379],[-35.239,-7.1297],[-35.2358,-7.1228],[-35.2384,-7.1192],[-35.2508,-7.1217],[-35.2612,-7.1289],[-35.261,-7.1376],[-35.2706,-7.1321],[-35.275,-7.1211],[-35.2729,-7.1161],[-35.2851,-7.1164],[-35.2839,-7.1106],[-35.2875,-7.1086],[-35.2787,-7.1047],[-35.261,-7.0765],[-35.2609,-7.0763],[-35.2544,-7.0678],[-35.2532,-7.0578],[-35.248,-7.0508],[-35.2584,-7.0372],[-35.2557,-7.0263],[-35.2557,-7.0128],[-35.2528,-6.9855],[-35.2633,-6.9639],[-35.2623,-6.955],[-35.2563,-6.9525],[-35.2438,-6.9538],[-35.2221,-6.947],[-35.2218,-6.9464],[-35.2215,-6.9459],[-35.2192,-6.9422],[-35.207,-6.9405]]]}},{"type":"Feature","properties":{"nome":"Seridó","cod":"2515401","uf":"PB"},"geometry":{"type":"Polygon","coordinates":[[[-36.5343,-6.8368],[-36.5296,-6.841],[-36.5268,-6.8373],[-36.5189,-6.84],[-36.5175,-6.8454],[-36.5125,-6.847],[-36.5115,-6.8444],[-36.5043,-6.8495],[-36.4889,-6.8361],[-36.4824,-6.8392],[-36.4813,-6.8455],[-36.4759,-6.8448],[-36.4758,-6.8484],[-36.4687,-6.8455],[-36.4664,-6.8484],[-36.4644,-6.8462],[-36.4476,-6.8483],[-36.4385,-6.8431],[-36.433,-6.8483],[-36.4266,-6.8482],[-36.4245,-6.8424],[-36.4137,-6.8529],[-36.4084,-6.8547],[-36.4081,-6.8547],[-36.4057,-6.8458],[-36.3991,-6.85],[-36.3937,-6.8457],[-36.3874,-6.8481],[-36.3846,-6.8455],[-36.3788,-6.849],[-36.3746,-6.8472],[-36.3701,-6.855],[-36.3639,-6.8605],[-36.3691,-6.8728],[-36.3822,-6.886],[-36.3767,-6.8937],[-36.3625,-6.9129],[-36.3314,-6.9303],[-36.3258,-6.9385],[-36.3342,-6.947],[-36.3512,-6.9555],[-36.3748,-6.9708],[-36.375,-6.9709],[-36.3937,-6.9829],[-36.4448,-6.9897],[-36.4764,-6.9938],[-36.4731,-6.9493],[-36.475,-6.948],[-36.5443,-6.8996],[-36.5577,-6.8887],[-36.5676,-6.8744],[-36.5665,-6.8662],[-36.5737,-6.8571],[-36.5695,-6.8476],[-36.5598,-6.8404],[-36.5433,-6.8417],[-36.538,-6.8434],[-36.5343,-6.8368]]]}},{"type":"Feature","properties":{"nome":"Serra Branca","cod":"2515500","uf":"PB"},"geometry":{"type":"Polygon","coordinates":[[[-36.6744,-7.3811],[-36.664,-7.3891],[-36.6355,-7.3923],[-36.6346,-7.3934],[-36.5932,-7.4451],[-36.5305,-7.5277],[-36.541,-7.5359],[-36.6,-7.5819],[-36.6396,-7.5854],[-36.712,-7.5918],[-36.714,-7.5927],[-36.7088,-7.6212],[-36.699,-7.6748],[-36.6932,-7.6785],[-36.6883,-7.6757],[-36.6795,-7.6772],[-36.6704,-7.6828],[-36.6614,-7.68],[-36.6583,-7.6843],[-36.6689,-7.6834],[-36.7072,-7.6966],[-36.7125,-7.6949],[-36.7284,-7.701],[-36.7298,-7.7049],[-36.745,-7.7141],[-36.7539,-7.7152],[-36.7638,-7.7284],[-36.7866,-7.69],[-36.7965,-7.6732],[-36.7961,-7.6645],[-36.7954,-7.6616],[-36.7827,-7.6564],[-36.7832,-7.6483],[-36.81,-7.6457],[-36.8146,-7.6188],[-36.8231,-7.6083],[-36.8232,-7.6082],[-36.8393,-7.5932],[-36.8244,-7.5795],[-36.8386,-7.5585],[-36.829,-7.539],[-36.8285,-7.537],[-36.8741,-7.5348],[-36.8872,-7.5342],[-36.9005,-7.5336],[-36.8759,-7.5157],[-36.8539,-7.4996],[-36.8341,-7.4852],[-36.7682,-7.4628],[-36.7375,-7.4523],[-36.735,-7.4218],[-36.7269,-7.4107],[-36.7271,-7.4056],[-36.7162,-7.4014],[-36.7118,-7.3952],[-36.7081,-7.3924],[-36.6921,-7.3865],[-36.6806,-7.3877],[-36.6744,-7.3811]]]}},{"type":"Feature","properties":{"nome":"Serra da Raiz","cod":"2515609","uf":"PB"},"geometry":{"type":"Polygon","coordinates":[[[-35.454,-6.727],[-35.4749,-6.7403],[-35.4981,-6.7321],[-35.496,-6.7302],[-35.4657,-6.7036],[-35.4555,-6.689],[-35.4464,-6.676],[-35.4231,-6.6668],[-35.4158,-6.674],[-35.4183,-6.683],[-35.4215,-6.6889],[-35.4306,-6.7065],[-35.4337,-6.7071],[-35.4392,-6.7119],[-35.4417,-6.723],[-35.454,-6.727]]]}},{"type":"Feature","properties":{"nome":"Serra Grande","cod":"2515708","uf":"PB"},"geometry":{"type":"Polygon","coordinates":[[[-38.33,-7.1771],[-38.3289,-7.1839],[-38.3373,-7.1923],[-38.3382,-7.2012],[-38.3505,-7.223],[-38.3521,-7.2343],[-38.3605,-7.2323],[-38.3766,-7.2604],[-38.3856,-7.2636],[-38.3889,-7.2833],[-38.4128,-7.3049],[-38.4135,-7.3057],[-38.4216,-7.303],[-38.4214,-7.2894],[-38.4166,-7.281],[-38.4195,-7.2699],[-38.4161,-7.2612],[-38.4128,-7.2537],[-38.4032,-7.2482],[-38.4116,-7.2378],[-38.4056,-7.2213],[-38.4062,-7.2072],[-38.405,-7.1999],[-38.3935,-7.1787],[-38.3849,-7.1792],[-38.3827,-7.1757],[-38.3844,-7.1662],[-38.3442,-7.1547],[-38.335,-7.1554],[-38.3332,-7.1599],[-38.3181,-7.1595],[-38.3167,-7.1688],[-38.33,-7.1771]]]}},{"type":"Feature","properties":{"nome":"Serra Redonda","cod":"2515807","uf":"PB"},"geometry":{"type":"Polygon","coordinates":[[[-35.6241,-7.1324],[-35.6203,-7.1534],[-35.6104,-7.1606],[-35.6076,-7.1683],[-35.6227,-7.1784],[-35.6405,-7.184],[-35.6616,-7.1904],[-35.6639,-7.1948],[-35.664,-7.1949],[-35.6714,-7.2074],[-35.6953,-7.2172],[-35.6982,-7.2184],[-35.6947,-7.2034],[-35.7036,-7.1914],[-35.7094,-7.1842],[-35.7108,-7.1706],[-35.7108,-7.1668],[-35.6968,-7.1599],[-35.695,-7.1559],[-35.6878,-7.1558],[-35.6802,-7.1484],[-35.6719,-7.1469],[-35.66,-7.1389],[-35.6528,-7.1396],[-35.6475,-7.145],[-35.635,-7.1329],[-35.6241,-7.1324]]]}},{"type":"Feature","properties":{"nome":"Serraria","cod":"2515906","uf":"PB"},"geometry":{"type":"Polygon","coordinates":[[[-35.6059,-6.811],[-35.5998,-6.811],[-35.5988,-6.8108],[-35.5744,-6.806],[-35.5781,-6.8165],[-35.58,-6.8219],[-35.5814,-6.8251],[-35.5875,-6.8389],[-35.6176,-6.8517],[-35.6304,-6.8535],[-35.6313,-6.8534],[-35.6414,-6.8543],[-35.6586,-6.8677],[-35.674,-6.8663],[-35.6781,-6.8673],[-35.6876,-6.8618],[-35.6926,-6.8598],[-35.6991,-6.8461],[-35.7088,-6.8408],[-35.7016,-6.8329],[-35.7005,-6.8143],[-35.6792,-6.827],[-35.6682,-6.8108],[-35.6681,-6.8108],[-35.6365,-6.8003],[-35.6281,-6.8067],[-35.6168,-6.8095],[-35.6059,-6.811]]]}},{"type":"Feature","properties":{"nome":"Sertãozinho","cod":"2515930","uf":"PB"},"geometry":{"type":"Polygon","coordinates":[[[-35.372,-6.7477],[-35.3741,-6.756],[-35.3904,-6.7612],[-35.4086,-6.7655],[-35.4124,-6.7638],[-35.4177,-6.7579],[-35.4254,-6.7576],[-35.433,-6.7527],[-35.4451,-6.7682],[-35.4465,-6.7557],[-35.4433,-6.752],[-35.4431,-6.7514],[-35.4749,-6.7403],[-35.454,-6.727],[-35.4417,-6.723],[-35.4392,-6.7119],[-35.4337,-6.7071],[-35.4253,-6.7136],[-35.4189,-6.7258],[-35.4168,-6.7271],[-35.4167,-6.7272],[-35.4122,-6.7321],[-35.3814,-6.7407],[-35.372,-6.7477]]]}},{"type":"Feature","properties":{"nome":"Sobrado","cod":"2515971","uf":"PB"},"geometry":{"type":"Polygon","coordinates":[[[-35.227,-7.1499],[-35.2277,-7.1607],[-35.2173,-7.1586],[-35.2171,-7.1653],[-35.2118,-7.1653],[-35.2092,-7.1748],[-35.2009,-7.1721],[-35.1966,-7.1745],[-35.1909,-7.1706],[-35.1904,-7.1762],[-35.1875,-7.177],[-35.2016,-7.1873],[-35.2194,-7.1907],[-35.23,-7.1916],[-35.2322,-7.2051],[-35.2359,-7.2052],[-35.2376,-7.211],[-35.2519,-7.2132],[-35.2543,-7.2108],[-35.2698,-7.2138],[-35.2737,-7.2101],[-35.2814,-7.2126],[-35.2821,-7.2159],[-35.2857,-7.2124],[-35.2895,-7.2164],[-35.3034,-7.2142],[-35.3044,-7.2156],[-35.3084,-7.2045],[-35.3234,-7.185],[-35.3336,-7.1795],[-35.3324,-7.1746],[-35.294,-7.1849],[-35.2891,-7.1861],[-35.2812,-7.188],[-35.2594,-7.1635],[-35.2585,-7.1576],[-35.2556,-7.1452],[-35.2558,-7.1403],[-35.261,-7.1376],[-35.2612,-7.1289],[-35.2508,-7.1217],[-35.2384,-7.1192],[-35.2358,-7.1228],[-35.239,-7.1297],[-35.2376,-7.1379],[-35.2321,-7.1421],[-35.2312,-7.149],[-35.227,-7.1499]]]}},{"type":"Feature","properties":{"nome":"Solânea","cod":"2516003","uf":"PB"},"geometry":{"type":"Polygon","coordinates":[[[-35.7106,-6.6538],[-35.6975,-6.6574],[-35.6879,-6.6539],[-35.6832,-6.659],[-35.6833,-6.6592],[-35.6886,-6.6698],[-35.6852,-6.6827],[-35.6778,-6.6875],[-35.6726,-6.7035],[-35.6726,-6.7168],[-35.6762,-6.7256],[-35.6732,-6.7316],[-35.6635,-6.7466],[-35.6519,-6.755],[-35.6485,-6.7585],[-35.6474,-6.7622],[-35.6439,-6.7746],[-35.6365,-6.8003],[-35.6681,-6.8108],[-35.6682,-6.8108],[-35.6792,-6.827],[-35.7005,-6.8143],[-35.7019,-6.8147],[-35.7058,-6.8192],[-35.7159,-6.8207],[-35.7197,-6.8248],[-35.7291,-6.8169],[-35.7422,-6.8131],[-35.7522,-6.8249],[-35.755,-6.8245],[-35.7592,-6.8242],[-35.7624,-6.8238],[-35.7865,-6.8238],[-35.7889,-6.8187],[-35.804,-6.7869],[-35.8098,-6.7692],[-35.7938,-6.7561],[-35.7975,-6.7526],[-35.7942,-6.7491],[-35.7888,-6.7486],[-35.7855,-6.715],[-35.7799,-6.7046],[-35.7822,-6.7007],[-35.7793,-6.6974],[-35.7804,-6.6909],[-35.7799,-6.6907],[-35.7599,-6.6906],[-35.7489,-6.6855],[-35.7445,-6.6769],[-35.7444,-6.6769],[-35.7423,-6.6767],[-35.7387,-6.6733],[-35.7217,-6.6702],[-35.7146,-6.6636],[-35.7106,-6.6538]]]}},{"type":"Feature","properties":{"nome":"Soledade","cod":"2516102","uf":"PB"},"geometry":{"type":"Polygon","coordinates":[[[-36.2184,-7.1774],[-36.22,-7.1879],[-36.2242,-7.197],[-36.2222,-7.2002],[-36.2854,-7.1927],[-36.3258,-7.1883],[-36.4057,-7.2179],[-36.4182,-7.1991],[-36.486,-7.1896],[-36.4881,-7.16],[-36.4834,-7.1443],[-36.4697,-7.1325],[-36.472,-7.1216],[-36.4873,-7.0349],[-36.4876,-7.0319],[-36.4882,-7.0268],[-36.476,-7.0],[-36.4764,-6.9938],[-36.4448,-6.9897],[-36.3937,-6.9829],[-36.375,-6.9709],[-36.3748,-6.9708],[-36.3512,-6.9555],[-36.3051,-7.045],[-36.2813,-7.0912],[-36.2333,-7.1046],[-36.2332,-7.1047],[-36.2312,-7.1149],[-36.2251,-7.1213],[-36.2228,-7.1346],[-36.2263,-7.1369],[-36.2197,-7.1546],[-36.2218,-7.1612],[-36.2183,-7.1616],[-36.2211,-7.167],[-36.2184,-7.1774]]]}},{"type":"Feature","properties":{"nome":"Sossêgo","cod":"2516151","uf":"PB"},"geometry":{"type":"Polygon","coordinates":[[[-36.1725,-6.6787],[-36.1569,-6.6801],[-36.1489,-6.677],[-36.1392,-6.6794],[-36.1063,-6.6679],[-36.1494,-6.7172],[-36.1494,-6.7172],[-36.1664,-6.7367],[-36.2486,-6.8308],[-36.2611,-6.8451],[-36.2588,-6.8092],[-36.2564,-6.7714],[-36.2561,-6.7672],[-36.2527,-6.7145],[-36.2527,-6.7144],[-36.2507,-6.6842],[-36.2428,-6.6418],[-36.2427,-6.6415],[-36.2345,-6.6413],[-36.2275,-6.6469],[-36.2119,-6.6623],[-36.1902,-6.6736],[-36.1879,-6.6747],[-36.1725,-6.6787]]]}},{"type":"Feature","properties":{"nome":"Sousa","cod":"2516201","uf":"PB"},"geometry":{"type":"Polygon","coordinates":[[[-38.1803,-6.5978],[-38.1633,-6.6218],[-38.1454,-6.605],[-38.127,-6.5969],[-38.1193,-6.5946],[-38.118,-6.5978],[-38.1074,-6.604],[-38.103,-6.63],[-38.0991,-6.6306],[-38.102,-6.6448],[-38.0926,-6.6659],[-38.0939,-6.6693],[-38.0916,-6.6888],[-38.1015,-6.7229],[-38.1397,-6.753],[-38.1356,-6.7875],[-38.1295,-6.8176],[-38.1189,-6.8532],[-38.1309,-6.86],[-38.133,-6.8714],[-38.1372,-6.8724],[-38.1505,-6.8951],[-38.1639,-6.8763],[-38.1672,-6.8716],[-38.196,-6.8691],[-38.1962,-6.8692],[-38.2714,-6.8868],[-38.2569,-6.9042],[-38.2759,-6.9103],[-38.281,-6.906],[-38.2915,-6.9092],[-38.313,-6.8972],[-38.3245,-6.8751],[-38.3167,-6.8422],[-38.3177,-6.8277],[-38.3093,-6.8092],[-38.307,-6.8041],[-38.2901,-6.767],[-38.3534,-6.7715],[-38.3721,-6.7723],[-38.3599,-6.7621],[-38.356,-6.7574],[-38.3552,-6.6938],[-38.3551,-6.6813],[-38.3551,-6.6808],[-38.3505,-6.6592],[-38.3459,-6.6366],[-38.3412,-6.6285],[-38.3526,-6.62],[-38.3527,-6.6144],[-38.3382,-6.6174],[-38.3138,-6.6129],[-38.3026,-6.6266],[-38.2922,-6.6297],[-38.2834,-6.6457],[-38.2714,-6.6277],[-38.2636,-6.6202],[-38.2628,-6.6129],[-38.2559,-6.6079],[-38.2459,-6.5974],[-38.1853,-6.5978],[-38.1803,-6.5978]]]}},{"type":"Feature","properties":{"nome":"Sumé","cod":"2516300","uf":"PB"},"geometry":{"type":"Polygon","coordinates":[[[-36.9604,-7.4849],[-36.9499,-7.5005],[-36.9368,-7.5053],[-36.9236,-7.5032],[-36.9156,-7.5068],[-36.9013,-7.5014],[-36.9011,-7.4975],[-36.8835,-7.4927],[-36.8539,-7.4996],[-36.8759,-7.5157],[-36.9005,-7.5336],[-36.8872,-7.5342],[-36.8741,-7.5348],[-36.8285,-7.537],[-36.829,-7.539],[-36.8386,-7.5585],[-36.8244,-7.5795],[-36.8393,-7.5932],[-36.8232,-7.6082],[-36.8231,-7.6083],[-36.8146,-7.6188],[-36.81,-7.6457],[-36.7832,-7.6483],[-36.7827,-7.6564],[-36.7954,-7.6616],[-36.7961,-7.6645],[-36.7965,-7.6732],[-36.7866,-7.69],[-36.7638,-7.7284],[-36.7257,-7.7754],[-36.7337,-7.7883],[-36.7418,-7.7926],[-36.7464,-7.8023],[-36.7503,-7.8022],[-36.7525,-7.7998],[-36.7587,-7.803],[-36.7603,-7.8177],[-36.7693,-7.8168],[-36.7732,-7.8194],[-36.7943,-7.8296],[-36.8033,-7.8277],[-36.8154,-7.8305],[-36.8336,-7.8423],[-36.8288,-7.8121],[-36.9614,-7.8307],[-36.9757,-7.8083],[-36.9989,-7.7721],[-37.0126,-7.7506],[-37.0249,-7.7174],[-37.0222,-7.7165],[-37.0243,-7.658],[-37.0251,-7.6337],[-37.0354,-7.6353],[-37.0462,-7.6245],[-37.0531,-7.6248],[-37.0708,-7.6118],[-37.076,-7.6125],[-37.0856,-7.5956],[-37.0755,-7.5995],[-37.0693,-7.6093],[-37.0597,-7.6112],[-37.0452,-7.6087],[-36.9884,-7.6303],[-36.9819,-7.6198],[-36.999,-7.606],[-36.9983,-7.5848],[-37.0018,-7.5794],[-36.9989,-7.5747],[-37.0021,-7.5676],[-37.0002,-7.5639],[-36.9782,-7.5427],[-37.0118,-7.504],[-37.0229,-7.5018],[-37.0249,-7.4963],[-37.0102,-7.4891],[-37.0029,-7.496],[-36.9839,-7.4819],[-36.9604,-7.4849]]]}},{"type":"Feature","properties":{"nome":"Campo de Santana","cod":"2516409","uf":"PB"},"geometry":{"type":"Polygon","coordinates":[[[-35.6201,-6.4569],[-35.6165,-6.4622],[-35.5999,-6.4602],[-35.5918,-6.4712],[-35.5914,-6.4768],[-35.5811,-6.4854],[-35.5639,-6.4871],[-35.5645,-6.4914],[-35.5582,-6.4925],[-35.5518,-6.4904],[-35.5464,-6.4815],[-35.5404,-6.4826],[-35.5376,-6.4795],[-35.5333,-6.4826],[-35.5268,-6.4789],[-35.5256,-6.4758],[-35.5136,-6.4778],[-35.5011,-6.4774],[-35.4955,-6.4829],[-35.4917,-6.4797],[-35.479,-6.4864],[-35.4639,-6.4823],[-35.4597,-6.4764],[-35.4464,-6.4864],[-35.4423,-6.479],[-35.4414,-6.4821],[-35.4418,-6.4862],[-35.4403,-6.5001],[-35.4273,-6.5089],[-35.4295,-6.5288],[-35.4346,-6.5319],[-35.4322,-6.5355],[-35.4353,-6.56],[-35.4492,-6.5707],[-35.4435,-6.576],[-35.4481,-6.6035],[-35.4538,-6.6119],[-35.4647,-6.611],[-35.4665,-6.6107],[-35.4699,-6.6112],[-35.4726,-6.616],[-35.4813,-6.6163],[-35.4904,-6.6228],[-35.4941,-6.6352],[-35.503,-6.6324],[-35.5033,-6.6445],[-35.5081,-6.6477],[-35.5257,-6.6442],[-35.5252,-6.6084],[-35.5287,-6.6051],[-35.5365,-6.6016],[-35.5514,-6.576],[-35.556,-6.5718],[-35.5651,-6.5704],[-35.5669,-6.5664],[-35.5682,-6.5586],[-35.558,-6.5458],[-35.5701,-6.5327],[-35.5755,-6.5273],[-35.6292,-6.5001],[-35.6531,-6.4914],[-35.6365,-6.454],[-35.6201,-6.4569]]]}},{"type":"Feature","properties":{"nome":"Taperoá","cod":"2516508","uf":"PB"},"geometry":{"type":"Polygon","coordinates":[[[-36.7781,-7.1121],[-36.7519,-7.1214],[-36.7277,-7.1142],[-36.7291,-7.1238],[-36.7119,-7.1414],[-36.6984,-7.1348],[-36.6938,-7.1258],[-36.6746,-7.1235],[-36.661,-7.1267],[-36.662,-7.1302],[-36.6586,-7.1463],[-36.6611,-7.1744],[-36.6589,-7.1815],[-36.6563,-7.1861],[-36.6593,-7.1933],[-36.6744,-7.2094],[-36.6688,-7.2093],[-36.6692,-7.2145],[-36.6796,-7.2365],[-36.6834,-7.2412],[-36.7163,-7.2809],[-36.7074,-7.2912],[-36.7013,-7.3181],[-36.7136,-7.3177],[-36.7152,-7.3138],[-36.7194,-7.3164],[-36.7372,-7.3137],[-36.7494,-7.3046],[-36.7567,-7.3054],[-36.7737,-7.3006],[-36.7874,-7.3107],[-36.7978,-7.3098],[-36.7971,-7.3207],[-36.8014,-7.3304],[-36.836,-7.3264],[-36.8703,-7.3151],[-36.8729,-7.3143],[-36.9552,-7.2876],[-36.9587,-7.2864],[-36.9797,-7.2796],[-37.0145,-7.2503],[-37.0293,-7.205],[-37.0293,-7.2049],[-37.0343,-7.1895],[-37.0188,-7.1901],[-37.0016,-7.1753],[-36.9923,-7.1797],[-36.9763,-7.1601],[-36.9639,-7.1504],[-36.9545,-7.1485],[-36.9543,-7.1485],[-36.9441,-7.1514],[-36.931,-7.1497],[-36.9307,-7.153],[-36.9192,-7.1549],[-36.9047,-7.1516],[-36.8944,-7.1598],[-36.8798,-7.1589],[-36.8583,-7.1488],[-36.8498,-7.1502],[-36.8442,-7.1461],[-36.8331,-7.1448],[-36.8098,-7.15],[-36.7781,-7.1121]]]}},{"type":"Feature","properties":{"nome":"Tavares","cod":"2516607","uf":"PB"},"geometry":{"type":"Polygon","coordinates":[[[-37.8981,-7.5362],[-37.8946,-7.5382],[-37.8996,-7.5485],[-37.8973,-7.5615],[-37.8638,-7.5611],[-37.8614,-7.5657],[-37.8636,-7.5807],[-37.8471,-7.5792],[-37.8446,-7.5856],[-37.8409,-7.5848],[-37.8406,-7.5848],[-37.8355,-7.5877],[-37.8167,-7.5968],[-37.8121,-7.6058],[-37.8023,-7.6105],[-37.7973,-7.6096],[-37.7972,-7.6145],[-37.797,-7.6146],[-37.7805,-7.6151],[-37.7736,-7.6255],[-37.7576,-7.6337],[-37.7642,-7.631],[-37.7669,-7.6571],[-37.767,-7.6561],[-37.7676,-7.6562],[-37.7678,-7.6555],[-37.7671,-7.6554],[-37.7677,-7.6483],[-37.7716,-7.6478],[-37.7758,-7.6462],[-37.776,-7.6343],[-37.7806,-7.6266],[-37.7905,-7.6255],[-37.8076,-7.6436],[-37.8436,-7.6468],[-37.8568,-7.6516],[-37.8693,-7.6671],[-37.8803,-7.6832],[-37.897,-7.6904],[-37.903,-7.6976],[-37.9029,-7.6976],[-37.903,-7.6977],[-37.9045,-7.6968],[-37.9113,-7.6936],[-37.9162,-7.6826],[-37.9228,-7.6791],[-37.9337,-7.6724],[-37.9373,-7.663],[-37.945,-7.6578],[-37.9434,-7.6509],[-37.9468,-7.6457],[-37.9562,-7.6383],[-37.9562,-7.6281],[-37.9527,-7.6234],[-37.9545,-7.6195],[-37.9536,-7.6183],[-37.9562,-7.5844],[-37.9328,-7.5709],[-37.9293,-7.5607],[-37.9399,-7.5556],[-37.9535,-7.5585],[-37.9583,-7.5521],[-37.9686,-7.5538],[-37.9765,-7.5467],[-37.9828,-7.5457],[-37.9847,-7.54],[-37.9838,-7.537],[-37.9821,-7.5393],[-37.9739,-7.5379],[-37.9737,-7.5322],[-37.9796,-7.5254],[-37.9538,-7.5009],[-37.9448,-7.4936],[-37.9394,-7.4932],[-37.921,-7.4754],[-37.9007,-7.5293],[-37.8981,-7.5362]]]}},{"type":"Feature","properties":{"nome":"Teixeira","cod":"2516706","uf":"PB"},"geometry":{"type":"Polygon","coordinates":[[[-37.1469,-7.2633],[-37.1499,-7.2729],[-37.1766,-7.3091],[-37.1963,-7.2943],[-37.2138,-7.2909],[-37.2325,-7.2747],[-37.2333,-7.274],[-37.2605,-7.2738],[-37.2774,-7.2748],[-37.288,-7.2879],[-37.3075,-7.2888],[-37.3136,-7.289],[-37.3154,-7.2793],[-37.3118,-7.2714],[-37.3057,-7.2618],[-37.3091,-7.2533],[-37.3042,-7.2515],[-37.3156,-7.2413],[-37.3226,-7.2415],[-37.3245,-7.234],[-37.3341,-7.2278],[-37.325,-7.2251],[-37.322,-7.2142],[-37.3352,-7.214],[-37.3034,-7.1914],[-37.2766,-7.1942],[-37.2469,-7.1974],[-37.2101,-7.2044],[-37.176,-7.2303],[-37.1718,-7.237],[-37.1455,-7.2461],[-37.1469,-7.2633]]]}},{"type":"Feature","properties":{"nome":"Tenório","cod":"2516755","uf":"PB"},"geometry":{"type":"Polygon","coordinates":[[[-36.5704,-6.9336],[-36.5745,-6.938],[-36.5703,-6.9727],[-36.5748,-6.9777],[-36.596,-6.9788],[-36.5992,-6.9868],[-36.6146,-6.9903],[-36.6219,-6.9962],[-36.6181,-7.0014],[-36.6302,-7.0079],[-36.6322,-7.0139],[-36.6349,-7.0196],[-36.6532,-7.0093],[-36.6614,-7.0136],[-36.6757,-7.0145],[-36.6862,-7.0091],[-36.6948,-7.001],[-36.7015,-6.9856],[-36.6959,-6.9762],[-36.6858,-6.9689],[-36.6715,-6.9715],[-36.6669,-6.9692],[-36.6614,-6.9611],[-36.6596,-6.9342],[-36.6545,-6.9278],[-36.6371,-6.9334],[-36.6162,-6.9336],[-36.6095,-6.9364],[-36.5676,-6.8744],[-36.5577,-6.8887],[-36.5541,-6.9],[-36.5559,-6.9094],[-36.571,-6.9197],[-36.5704,-6.9336]]]}},{"type":"Feature","properties":{"nome":"Triunfo","cod":"2516805","uf":"PB"},"geometry":{"type":"Polygon","coordinates":[[[-38.5094,-6.5015],[-38.5033,-6.5164],[-38.5264,-6.5218],[-38.5331,-6.5151],[-38.5324,-6.5218],[-38.5361,-6.5225],[-38.5319,-6.5489],[-38.5408,-6.5497],[-38.5408,-6.5498],[-38.5385,-6.5738],[-38.543,-6.5787],[-38.5452,-6.5903],[-38.5361,-6.5943],[-38.5388,-6.5985],[-38.5324,-6.6092],[-38.5276,-6.6185],[-38.5262,-6.6361],[-38.5155,-6.6356],[-38.5156,-6.6381],[-38.5159,-6.6454],[-38.5088,-6.6603],[-38.4967,-6.6621],[-38.5077,-6.6718],[-38.5242,-6.6735],[-38.5194,-6.6947],[-38.5221,-6.704],[-38.5346,-6.7027],[-38.5403,-6.7],[-38.5459,-6.6988],[-38.5572,-6.7062],[-38.5711,-6.7047],[-38.579,-6.7038],[-38.5854,-6.6902],[-38.6023,-6.6703],[-38.6085,-6.6693],[-38.6114,-6.6588],[-38.6208,-6.6489],[-38.6281,-6.6468],[-38.6488,-6.6272],[-38.6463,-6.6156],[-38.6288,-6.6042],[-38.6323,-6.5901],[-38.6425,-6.5808],[-38.6327,-6.5688],[-38.6323,-6.562],[-38.6253,-6.5576],[-38.6263,-6.5526],[-38.6067,-6.5291],[-38.6016,-6.5256],[-38.5917,-6.5189],[-38.5709,-6.5136],[-38.5422,-6.5117],[-38.5421,-6.5116],[-38.536,-6.5109],[-38.5367,-6.4917],[-38.513,-6.493],[-38.5094,-6.5015]]]}},{"type":"Feature","properties":{"nome":"Uiraúna","cod":"2516904","uf":"PB"},"geometry":{"type":"Polygon","coordinates":[[[-38.438,-6.4095],[-38.4257,-6.4137],[-38.4057,-6.4098],[-38.4027,-6.4094],[-38.4014,-6.4092],[-38.3912,-6.4158],[-38.3878,-6.4186],[-38.3826,-6.4244],[-38.3816,-6.4317],[-38.3748,-6.437],[-38.3733,-6.4554],[-38.3634,-6.4532],[-38.3606,-6.4616],[-38.3549,-6.4568],[-38.3435,-6.4563],[-38.339,-6.4597],[-38.3324,-6.4578],[-38.3281,-6.4603],[-38.3179,-6.4734],[-38.3156,-6.482],[-38.3125,-6.4879],[-38.3121,-6.4877],[-38.3117,-6.4885],[-38.3086,-6.4891],[-38.2972,-6.4868],[-38.2937,-6.489],[-38.2884,-6.5052],[-38.2831,-6.5225],[-38.3051,-6.5273],[-38.2986,-6.5594],[-38.3037,-6.5721],[-38.3184,-6.5775],[-38.3343,-6.5779],[-38.3417,-6.5817],[-38.3478,-6.5806],[-38.3487,-6.5737],[-38.3605,-6.5684],[-38.3852,-6.5814],[-38.4099,-6.5999],[-38.4115,-6.6011],[-38.4361,-6.5743],[-38.4577,-6.5684],[-38.4925,-6.572],[-38.4947,-6.5562],[-38.4987,-6.5275],[-38.4674,-6.5311],[-38.4579,-6.5256],[-38.4519,-6.5166],[-38.4499,-6.5024],[-38.4532,-6.4697],[-38.4539,-6.4345],[-38.458,-6.4109],[-38.4685,-6.4114],[-38.4705,-6.3998],[-38.4655,-6.396],[-38.4517,-6.3921],[-38.4485,-6.3942],[-38.4476,-6.403],[-38.4413,-6.4043],[-38.438,-6.4095]]]}},{"type":"Feature","properties":{"nome":"Umbuzeiro","cod":"2517001","uf":"PB"},"geometry":{"type":"Polygon","coordinates":[[[-35.6241,-7.608],[-35.6298,-7.6233],[-35.6387,-7.6287],[-35.6401,-7.6366],[-35.6503,-7.6372],[-35.6516,-7.6443],[-35.6192,-7.6637],[-35.6222,-7.6696],[-35.6265,-7.6751],[-35.6449,-7.692],[-35.6552,-7.6966],[-35.6572,-7.6968],[-35.6586,-7.6968],[-35.6748,-7.6998],[-35.6749,-7.6998],[-35.6806,-7.6999],[-35.6934,-7.6994],[-35.695,-7.6936],[-35.6997,-7.6914],[-35.7079,-7.6969],[-35.7113,-7.7048],[-35.7211,-7.7091],[-35.7362,-7.7092],[-35.7428,-7.7134],[-35.7459,-7.7204],[-35.7461,-7.721],[-35.7515,-7.7233],[-35.7645,-7.7245],[-35.7802,-7.7379],[-35.7896,-7.74],[-35.7915,-7.74],[-35.7972,-7.7404],[-35.8058,-7.7463],[-35.8155,-7.7463],[-35.8159,-7.7408],[-35.8249,-7.7416],[-35.8288,-7.7378],[-35.8279,-7.7202],[-35.8322,-7.7133],[-35.8277,-7.6897],[-35.8292,-7.6808],[-35.8367,-7.6759],[-35.8329,-7.6664],[-35.8362,-7.6674],[-35.8382,-7.6644],[-35.8346,-7.6606],[-35.817,-7.6625],[-35.813,-7.6596],[-35.8115,-7.6458],[-35.8077,-7.6426],[-35.7977,-7.6552],[-35.7781,-7.643],[-35.7745,-7.6351],[-35.7631,-7.6386],[-35.7613,-7.6478],[-35.7496,-7.6514],[-35.7365,-7.6458],[-35.7115,-7.6416],[-35.7112,-7.6415],[-35.6853,-7.6408],[-35.6767,-7.6361],[-35.6749,-7.6268],[-35.6701,-7.622],[-35.6578,-7.6192],[-35.6519,-7.6124],[-35.6341,-7.6123],[-35.6241,-7.608]]]}},{"type":"Feature","properties":{"nome":"Várzea","cod":"2517100","uf":"PB"},"geometry":{"type":"Polygon","coordinates":[[[-36.9715,-6.7402],[-36.9715,-6.7651],[-36.9642,-6.7737],[-36.9523,-6.7748],[-36.9588,-6.7829],[-36.966,-6.7903],[-36.9625,-6.7998],[-36.9636,-6.807],[-36.955,-6.8176],[-37.0101,-6.8691],[-37.0104,-6.874],[-37.0225,-6.8733],[-37.0215,-6.8598],[-37.0328,-6.8581],[-37.0351,-6.8462],[-37.0443,-6.8381],[-37.0597,-6.8427],[-37.0666,-6.8327],[-37.0845,-6.8128],[-37.0802,-6.8024],[-37.0941,-6.8074],[-37.1074,-6.8075],[-37.1089,-6.7998],[-37.1384,-6.7857],[-37.1519,-6.798],[-37.1286,-6.7656],[-37.1197,-6.7669],[-37.0751,-6.7537],[-37.0591,-6.749],[-37.0349,-6.7338],[-37.0118,-6.7158],[-37.0096,-6.7141],[-37.0033,-6.7092],[-36.9896,-6.7087],[-36.9773,-6.7215],[-36.9715,-6.7402]]]}},{"type":"Feature","properties":{"nome":"Vieirópolis","cod":"2517209","uf":"PB"},"geometry":{"type":"Polygon","coordinates":[[[-38.2268,-6.4835],[-38.1967,-6.5505],[-38.1951,-6.5543],[-38.2118,-6.5552],[-38.2242,-6.58],[-38.2459,-6.5974],[-38.2559,-6.6079],[-38.2628,-6.6129],[-38.2636,-6.6202],[-38.2714,-6.6277],[-38.2834,-6.6457],[-38.2922,-6.6297],[-38.3026,-6.6266],[-38.3138,-6.6129],[-38.3382,-6.6174],[-38.3527,-6.6144],[-38.3425,-6.603],[-38.3424,-6.5909],[-38.3343,-6.5779],[-38.3184,-6.5775],[-38.3037,-6.5721],[-38.2986,-6.5594],[-38.3051,-6.5273],[-38.2831,-6.5225],[-38.2884,-6.5052],[-38.2695,-6.494],[-38.2611,-6.4847],[-38.2562,-6.4828],[-38.2525,-6.485],[-38.2389,-6.4799],[-38.2287,-6.4829],[-38.2268,-6.4835]]]}},{"type":"Feature","properties":{"nome":"Zabelê","cod":"2517407","uf":"PB"},"geometry":{"type":"Polygon","coordinates":[[[-37.1049,-8.048],[-37.0927,-8.0506],[-37.0791,-8.0456],[-37.0682,-8.0333],[-37.038,-8.0436],[-37.0303,-8.0609],[-37.032,-8.0694],[-37.0283,-8.0812],[-37.0209,-8.0944],[-37.021,-8.0944],[-37.0261,-8.0997],[-37.0429,-8.1028],[-37.0487,-8.0991],[-37.0611,-8.1005],[-37.0686,-8.1065],[-37.0837,-8.1103],[-37.0926,-8.1206],[-37.1063,-8.127],[-37.118,-8.1256],[-37.1213,-8.1279],[-37.1328,-8.1232],[-37.1438,-8.1246],[-37.1422,-8.1175],[-37.1475,-8.0997],[-37.1434,-8.0876],[-37.1452,-8.0818],[-37.1565,-8.0641],[-37.1578,-8.0508],[-37.1481,-8.0347],[-37.1492,-8.0233],[-37.1299,-8.0242],[-37.1248,-8.0392],[-37.1115,-8.0404],[-37.1049,-8.048]]]}}]}