{"type":"FeatureCollection","metadata":{"fonte":"IBGE, via github.com/tbrugz/geodata-br"},"features":[{"type":"Feature","properties":{"nome":"Amajari","cod":"1400027","uf":"RR"},"geometry":{"type":"Polygon","coordinates":[[[-64.5925,4.1144],[-64.56,4.1019],[-64.5439,4.1141],[-64.5206,4.1166],[-64.5,4.1108],[-64.4997,4.113],[-64.4519,4.1236],[-64.4311,4.1349],[-64.4033,4.1324],[-64.3858,4.1374],[-64.335,4.1294],[-64.3058,4.1316],[-64.2892,4.1441],[-64.2739,4.143],[-64.2658,4.1266],[-64.2503,4.1299],[-64.2317,4.1241],[-64.2183,4.1158],[-64.1903,4.1169],[-64.1714,4.1291],[-64.1639,4.1266],[-64.1469,4.1105],[-64.1328,4.1063],[-64.1122,4.0916],[-64.0958,4.0538],[-64.0942,4.043],[-64.0994,4.0349],[-64.0967,4.0255],[-64.0753,3.9999],[-64.0503,3.9505],[-64.0386,3.9458],[-64.0356,3.9444],[-64.0352,3.9346],[-64.0014,3.9333],[-63.9967,3.9038],[-63.9858,3.8972],[-63.9783,3.9008],[-63.9636,3.8683],[-63.9608,3.8702],[-63.9589,3.8877],[-63.9561,3.8899],[-63.9494,3.8869],[-63.9458,3.9008],[-63.9375,3.9016],[-63.9367,3.9152],[-63.9278,3.9252],[-63.9139,3.9263],[-63.9008,3.9341],[-63.8905,3.9308],[-63.8697,3.938],[-63.8585,3.9479],[-63.8539,3.9449],[-63.8514,3.948],[-63.8497,3.9502],[-63.845,3.9481],[-63.8389,3.9463],[-63.8347,3.9402],[-63.8283,3.9397],[-63.8122,3.9394],[-63.7961,3.933],[-63.7719,3.9391],[-63.7669,3.9358],[-63.7547,3.9405],[-63.7375,3.9288],[-63.7433,3.9213],[-63.7383,3.9155],[-63.7228,3.9144],[-63.7176,3.9079],[-63.7111,3.9041],[-63.7106,3.9127],[-63.7047,3.9141],[-63.6822,3.9077],[-63.6628,3.9216],[-63.6747,3.923],[-63.6731,3.9272],[-63.678,3.9286],[-63.6819,3.9361],[-63.6928,3.9363],[-63.7,3.9447],[-63.7003,3.9498],[-63.6944,3.9569],[-63.6958,3.9666],[-63.6905,3.9863],[-63.6856,3.9924],[-63.6889,3.9994],[-63.685,4.0094],[-63.6889,4.0158],[-63.6764,4.0194],[-63.6753,4.0155],[-63.6603,4.0102],[-63.6522,4.0022],[-63.643,3.9788],[-63.6271,3.9696],[-63.612,3.9508],[-63.5917,3.9286],[-63.5875,3.9177],[-63.5928,3.9058],[-63.5842,3.8961],[-63.5914,3.8911],[-63.5914,3.8858],[-63.5711,3.8836],[-63.5542,3.8913],[-63.5547,3.8747],[-63.5514,3.8652],[-63.5478,3.863],[-63.5389,3.8655],[-63.5325,3.8574],[-63.5231,3.8563],[-63.5119,3.8477],[-63.5031,3.8499],[-63.4969,3.8402],[-63.4944,3.8508],[-63.5025,3.8683],[-63.4986,3.8702],[-63.4933,3.8674],[-63.4889,3.8744],[-63.4733,3.8694],[-63.4686,3.8622],[-63.4611,3.8627],[-63.4522,3.8586],[-63.4342,3.8652],[-63.4333,3.8763],[-63.4381,3.8836],[-63.4175,3.9013],[-63.4114,3.9122],[-63.42,3.9241],[-63.4158,3.9302],[-63.4172,3.9352],[-63.4325,3.9347],[-63.4392,3.9374],[-63.4422,3.9399],[-63.4389,3.9488],[-63.4475,3.9527],[-63.4517,3.9558],[-63.4283,3.9774],[-63.4131,3.9755],[-63.3928,3.9808],[-63.3508,3.9599],[-63.338,3.9572],[-63.3242,3.9641],[-63.3122,3.9608],[-63.3144,3.9688],[-63.3105,3.9822],[-63.2978,3.9769],[-63.2919,3.9708],[-63.2861,3.973],[-63.2803,3.9555],[-63.2536,3.9619],[-63.2471,3.9549],[-63.2044,3.9516],[-63.2217,3.8988],[-63.2331,3.8819],[-63.2317,3.8511],[-63.2281,3.8461],[-63.2261,3.8358],[-63.2039,3.8119],[-63.1953,3.8155],[-63.1792,3.8133],[-63.1642,3.8052],[-63.1508,3.8063],[-63.1353,3.8027],[-63.1228,3.8049],[-63.1028,3.7936],[-63.0864,3.7788],[-63.0819,3.7674],[-63.0692,3.7533],[-63.0603,3.7522],[-63.0586,3.7477],[-63.0586,3.7408],[-63.063,3.7341],[-63.063,3.7052],[-63.07,3.6966],[-63.0808,3.6936],[-63.0725,3.6858],[-63.0319,3.6661],[-63.0264,3.6505],[-63.015,3.6455],[-63.0028,3.6249],[-62.9903,3.6124],[-62.9844,3.61],[-62.9651,3.6109],[-62.9597,3.608],[-62.952,3.6121],[-62.9286,3.6397],[-62.9217,3.653],[-62.9186,3.6727],[-62.9083,3.6713],[-62.8864,3.6838],[-62.8719,3.6994],[-62.8525,3.7122],[-62.8353,3.7388],[-62.8189,3.7319],[-62.8097,3.733],[-62.8039,3.7299],[-62.7975,3.7211],[-62.7894,3.718],[-62.7844,3.6999],[-62.7755,3.6975],[-62.7703,3.6886],[-62.748,3.673],[-62.7433,3.6736],[-62.7436,3.6841],[-62.7364,3.6894],[-62.7361,3.6994],[-62.7306,3.708],[-62.7344,3.7197],[-62.7339,3.738],[-62.7394,3.7566],[-62.7353,3.7794],[-62.7431,3.7874],[-62.7314,3.7966],[-62.7286,3.8049],[-62.7428,3.8086],[-62.7494,3.8177],[-62.7708,3.8344],[-62.7711,3.8399],[-62.7533,3.85],[-62.7581,3.8547],[-62.7569,3.8599],[-62.7686,3.8674],[-62.7756,3.8755],[-62.7758,3.8816],[-62.7883,3.8936],[-62.7869,3.9149],[-62.7828,3.9172],[-62.7822,3.9222],[-62.7861,3.9297],[-62.7825,3.9347],[-62.7614,3.9419],[-62.7518,3.9602],[-62.7428,3.9747],[-62.7619,3.9844],[-62.7683,4.0066],[-62.7661,4.0127],[-62.7492,4.0211],[-62.7531,4.0316],[-62.7481,4.0352],[-62.7356,4.0402],[-62.7014,4.0311],[-62.6889,4.0327],[-62.6783,4.0388],[-62.6586,4.0349],[-62.6558,4.0422],[-62.6458,4.0466],[-62.6278,4.0397],[-62.6092,4.0444],[-62.6014,4.0366],[-62.5881,4.0327],[-62.5808,4.0252],[-62.5808,4.0186],[-62.5722,4.0149],[-62.5553,4.0186],[-62.5603,4.0252],[-62.5619,4.0369],[-62.5478,4.0455],[-62.5372,4.0436],[-62.5328,4.0463],[-62.5343,4.0518],[-62.543,4.0622],[-62.5411,4.0791],[-62.5486,4.0772],[-62.5581,4.0805],[-62.5536,4.0824],[-62.5492,4.0961],[-62.5442,4.098],[-62.5522,4.1091],[-62.5419,4.1097],[-62.5228,4.118],[-62.5222,4.1238],[-62.5314,4.133],[-62.5311,4.1366],[-62.5078,4.1269],[-62.5081,4.1374],[-62.4983,4.1427],[-62.4919,4.1416],[-62.4881,4.1347],[-62.4778,4.1311],[-62.4711,4.1394],[-62.4647,4.1388],[-62.4603,4.143],[-62.4622,4.1516],[-62.4547,4.156],[-62.4622,4.1633],[-62.4703,4.1633],[-62.4636,4.173],[-62.4653,4.1749],[-62.4622,4.1783],[-62.4514,4.1733],[-62.4469,4.1799],[-62.4372,4.1833],[-62.4217,4.1819],[-62.4172,4.1847],[-62.4133,4.1799],[-62.4058,4.1802],[-62.3978,4.1744],[-62.3922,4.1738],[-62.3892,4.1783],[-62.3697,4.163],[-62.365,4.163],[-62.3614,4.1674],[-62.3531,4.1655],[-62.35,4.1511],[-62.3414,4.1472],[-62.3292,4.1349],[-62.3219,4.1408],[-62.3175,4.1411],[-62.3139,4.1369],[-62.3022,4.1369],[-62.2917,4.1416],[-62.2794,4.1299],[-62.2522,4.1297],[-62.2442,4.1172],[-62.2344,4.1186],[-62.2272,4.1122],[-62.215,4.1094],[-62.1967,4.1133],[-62.193,4.1105],[-62.1933,4.0986],[-62.1769,4.0905],[-62.1639,4.0915],[-62.1611,4.0863],[-62.1475,4.0794],[-62.1455,4.0744],[-62.1417,4.0824],[-62.1347,4.0869],[-62.1139,4.0883],[-62.1117,4.0927],[-62.115,4.0988],[-62.1125,4.1016],[-62.1172,4.1047],[-62.1169,4.1177],[-62.1047,4.1155],[-62.0981,4.1194],[-62.0994,4.1249],[-62.0967,4.1277],[-62.0908,4.1294],[-62.0886,4.1244],[-62.078,4.1197],[-62.0714,4.1255],[-62.0705,4.1308],[-62.0775,4.1363],[-62.0811,4.1449],[-62.0764,4.1541],[-62.0644,4.1588],[-62.0478,4.1505],[-62.0414,4.1563],[-62.0322,4.1583],[-62.0328,4.1541],[-62.0286,4.1505],[-62.0214,4.1574],[-62.0111,4.1563],[-62.0061,4.1649],[-62.0,4.1644],[-61.9928,4.1752],[-61.9825,4.1808],[-61.98,4.1794],[-61.9825,4.1719],[-61.9806,4.1622],[-61.9747,4.1513],[-61.9503,4.1258],[-61.9447,4.1113],[-61.9303,4.1035],[-61.9272,4.1083],[-61.9306,4.1158],[-61.9264,4.1208],[-61.9203,4.1511],[-61.9225,4.156],[-61.9058,4.1569],[-61.8994,4.1611],[-61.8894,4.1549],[-61.88,4.1552],[-61.8728,4.1516],[-61.8689,4.1586],[-61.8744,4.1705],[-61.8689,4.173],[-61.8609,4.1714],[-61.8508,4.1744],[-61.8461,4.1647],[-61.8364,4.1605],[-61.8236,4.1638],[-61.8183,4.168],[-61.8153,4.1888],[-61.8214,4.1999],[-61.8083,4.2027],[-61.8075,4.2138],[-61.8008,4.2191],[-61.8019,4.2286],[-61.7875,4.2316],[-61.7853,4.2244],[-61.7822,4.2244],[-61.7636,4.2324],[-61.7744,4.2499],[-61.7686,4.2485],[-61.7386,4.2563],[-61.7356,4.2636],[-61.7236,4.2697],[-61.7228,4.2605],[-61.7311,4.253],[-61.7253,4.2452],[-61.72,4.2452],[-61.7031,4.2549],[-61.6911,4.2538],[-61.6844,4.2566],[-61.6803,4.2544],[-61.6703,4.2627],[-61.6578,4.2619],[-61.6553,4.2558],[-61.6453,4.2513],[-61.6419,4.2383],[-61.6362,4.2384],[-61.6314,4.2413],[-61.6269,4.2541],[-61.6211,4.2505],[-61.6078,4.2613],[-61.6006,4.2499],[-61.5903,4.2444],[-61.5717,4.2513],[-61.5597,4.2522],[-61.5542,4.258],[-61.5528,4.2658],[-61.5414,4.273],[-61.5319,4.2849],[-61.5228,4.2888],[-61.5256,4.2961],[-61.5125,4.3097],[-61.5078,4.3222],[-61.3477,4.3257],[-61.3368,4.3119],[-61.3238,4.3119],[-61.3212,4.3072],[-61.3019,4.2971],[-61.299,4.2903],[-61.3027,4.2801],[-61.3001,4.2741],[-61.2899,4.2706],[-61.2902,4.2652],[-61.2737,4.251],[-61.2719,4.2439],[-61.2638,4.2407],[-61.2634,4.2369],[-61.2573,4.236],[-61.2571,4.221],[-61.2468,4.2118],[-61.2448,4.2013],[-61.2514,4.1941],[-61.2482,4.189],[-61.2505,4.1786],[-61.2559,4.1755],[-61.2594,4.1647],[-61.254,4.1643],[-61.2419,4.1522],[-61.2391,4.1309],[-61.242,4.1241],[-61.2403,4.1182],[-61.2511,4.0977],[-61.2446,4.0957],[-61.244,4.0906],[-61.2394,4.0879],[-61.2399,4.0834],[-61.2339,4.0806],[-61.2286,4.0712],[-61.225,4.0731],[-61.2221,4.0686],[-61.2064,4.0661],[-61.1931,4.0473],[-61.1839,4.048],[-61.1844,4.0431],[-61.1739,4.0364],[-61.1496,4.0247],[-61.1441,4.0248],[-61.1403,4.0212],[-61.135,4.0232],[-61.1103,4.0194],[-61.1087,4.014],[-61.0735,4.0115],[-61.0579,4.0025],[-61.0548,4.0082],[-61.0481,4.0091],[-61.0489,4.0122],[-61.0542,4.0128],[-61.0486,4.0207],[-61.0421,4.0227],[-61.0354,4.0197],[-61.0397,4.0263],[-61.0311,4.0315],[-61.0319,4.0351],[-61.0284,4.0383],[-61.0198,4.0349],[-61.0167,4.0441],[-61.0131,4.0382],[-61.0049,4.0426],[-61.0042,4.0374],[-61.0,4.0356],[-60.9959,4.0395],[-60.988,4.0325],[-60.9791,4.0368],[-60.9728,4.0319],[-60.9699,4.0333],[-60.9689,4.0251],[-60.9633,4.0254],[-60.9617,4.022],[-60.9612,4.0261],[-60.956,4.0222],[-60.9459,4.0021],[-60.942,4.0025],[-60.9292,3.9866],[-60.9274,3.9774],[-60.9314,3.9509],[-60.9322,3.9347],[-60.9231,3.9329],[-60.9212,3.9269],[-60.9137,3.9226],[-60.9171,3.9188],[-60.9087,3.9093],[-60.9036,3.883],[-60.8962,3.8728],[-60.8978,3.8669],[-60.887,3.8584],[-60.8843,3.8484],[-60.8776,3.8445],[-60.8774,3.8348],[-60.8739,3.8315],[-60.8702,3.8068],[-60.8728,3.7997],[-60.8715,3.7877],[-60.8775,3.7796],[-60.875,3.7736],[-60.8785,3.7686],[-60.878,3.7601],[-60.8834,3.7576],[-60.8831,3.7493],[-60.8889,3.7386],[-60.8847,3.7233],[-60.8807,3.7197],[-60.8829,3.7146],[-60.8734,3.7014],[-60.8681,3.6726],[-60.8622,3.6665],[-60.8675,3.6524],[-60.8669,3.6459],[-60.8572,3.6367],[-60.8496,3.6323],[-60.8419,3.6328],[-60.8396,3.6278],[-60.8318,3.6291],[-60.8311,3.6244],[-60.8226,3.6184],[-60.8173,3.6218],[-60.8036,3.6135],[-60.8117,3.5953],[-60.7977,3.5943],[-60.7979,3.581],[-60.7773,3.5755],[-60.7667,3.5665],[-60.7581,3.5685],[-60.7516,3.5753],[-60.7455,3.575],[-60.7366,3.5727],[-60.7318,3.5635],[-60.7254,3.5601],[-60.7097,3.5529],[-60.7053,3.5612],[-60.6968,3.5643],[-60.6854,3.5545],[-60.6822,3.5464],[-60.6722,3.5486],[-60.6673,3.5399],[-60.6567,3.5336],[-60.6413,3.5287],[-60.6317,3.5302],[-60.6202,3.5144],[-60.6174,3.5035],[-60.6086,3.5021],[-60.6214,3.4846],[-60.6219,3.4699],[-60.6059,3.4488],[-60.5997,3.4329],[-60.6006,3.4109],[-60.5944,3.4016],[-60.6022,3.4025],[-60.6121,3.4105],[-60.6211,3.4242],[-60.6537,3.437],[-60.6661,3.4547],[-60.676,3.4604],[-60.6954,3.4737],[-60.7234,3.479],[-60.7426,3.4986],[-60.7724,3.4991],[-60.7877,3.496],[-60.8005,3.4852],[-60.837,3.4836],[-60.8496,3.4779],[-60.8636,3.4825],[-60.8874,3.4792],[-60.9088,3.4638],[-60.9101,3.4641],[-60.9183,3.4665],[-60.9279,3.4797],[-60.9456,3.4804],[-60.9859,3.4607],[-60.9912,3.4525],[-61.0,3.4483],[-61.0186,3.4391],[-61.0561,3.4424],[-61.0661,3.4383],[-61.0822,3.4383],[-61.1281,3.4345],[-61.1353,3.4352],[-61.153,3.4499],[-61.1644,3.453],[-61.1872,3.4491],[-61.2183,3.4499],[-61.2355,3.4433],[-61.2727,3.3957],[-61.3086,3.3694],[-61.3161,3.3572],[-61.3208,3.3558],[-61.3304,3.3596],[-61.3489,3.3541],[-61.3786,3.3658],[-61.4053,3.3505],[-61.4322,3.3513],[-61.444,3.3487],[-61.46,3.3474],[-61.4753,3.3377],[-61.4858,3.3408],[-61.5042,3.3238],[-61.5069,3.3147],[-61.5192,3.3075],[-61.5242,3.3077],[-61.5267,3.3116],[-61.5319,3.3108],[-61.5367,3.3016],[-61.5417,3.3027],[-61.5508,3.3133],[-61.5561,3.3141],[-61.5644,3.3069],[-61.5722,3.3127],[-61.5867,3.3144],[-61.5939,3.3094],[-61.6136,3.3308],[-61.6172,3.3422],[-61.6247,3.3499],[-61.6258,3.3575],[-61.6611,3.3305],[-61.6814,3.3224],[-61.6914,3.3213],[-61.6944,3.3288],[-61.7114,3.3355],[-61.7144,3.3347],[-61.7108,3.3288],[-61.713,3.3273],[-61.7239,3.3211],[-61.75,3.3194],[-61.7733,3.328],[-61.7975,3.3305],[-61.8056,3.3286],[-61.8089,3.3244],[-61.81,3.3266],[-61.8225,3.323],[-61.8306,3.3094],[-61.8269,3.3033],[-61.8394,3.2983],[-61.8378,3.2938],[-61.8419,3.2899],[-61.8403,3.2825],[-61.8453,3.2752],[-61.8444,3.2702],[-61.8486,3.2641],[-61.8528,3.2638],[-61.868,3.2686],[-61.8708,3.2766],[-61.8872,3.2825],[-61.8931,3.2916],[-61.9125,3.2902],[-61.9244,3.2805],[-61.9278,3.2816],[-61.9283,3.2891],[-61.932,3.2888],[-61.9392,3.2791],[-61.9436,3.2786],[-61.9417,3.2697],[-61.9492,3.2641],[-61.9467,3.2569],[-61.9525,3.2575],[-61.9567,3.2513],[-61.9625,3.2527],[-61.9694,3.2616],[-61.9917,3.2583],[-62.0078,3.2488],[-62.0167,3.2494],[-62.0328,3.2577],[-62.0458,3.2588],[-62.0458,3.263],[-62.0514,3.265],[-62.0603,3.2638],[-62.0717,3.2519],[-62.0772,3.2525],[-62.0817,3.2477],[-62.0886,3.2508],[-62.0922,3.2463],[-62.111,3.2407],[-62.1253,3.2338],[-62.13,3.235],[-62.1419,3.22],[-62.1636,3.2077],[-62.1658,3.2005],[-62.1797,3.1944],[-62.1844,3.1872],[-62.1972,3.1858],[-62.2006,3.1758],[-62.2108,3.1705],[-62.2142,3.1625],[-62.2269,3.1586],[-62.2322,3.1605],[-62.2414,3.1544],[-62.2406,3.145],[-62.2472,3.1386],[-62.2672,3.1411],[-62.2728,3.1494],[-62.2875,3.1524],[-62.2954,3.1467],[-62.3044,3.1486],[-62.3097,3.1458],[-62.3233,3.155],[-62.3403,3.1519],[-62.3497,3.1555],[-62.3747,3.1402],[-62.3875,3.1408],[-62.3906,3.1333],[-62.405,3.1266],[-62.4164,3.1297],[-62.4317,3.1247],[-62.4469,3.1327],[-62.4519,3.1491],[-62.4483,3.1597],[-62.4547,3.175],[-62.4531,3.1813],[-62.4564,3.1863],[-62.468,3.1902],[-62.4739,3.203],[-62.5,3.2072],[-62.5236,3.2161],[-62.5536,3.233],[-62.5664,3.2322],[-62.5689,3.2294],[-62.5978,3.2324],[-62.6194,3.2438],[-62.6297,3.2402],[-62.6358,3.2488],[-62.6458,3.2344],[-62.6492,3.2355],[-62.6486,3.2405],[-62.6587,3.2353],[-62.6593,3.2344],[-62.6942,3.22],[-62.7367,3.2391],[-62.7614,3.2413],[-62.775,3.2369],[-62.7931,3.2377],[-62.81,3.2486],[-62.8253,3.248],[-62.8418,3.2666],[-62.86,3.2713],[-62.8693,3.2779],[-62.8775,3.2847],[-62.9017,3.2938],[-62.9189,3.3083],[-62.9592,3.3172],[-62.975,3.3427],[-63.0,3.3447],[-63.0094,3.3519],[-63.01,3.3588],[-63.0105,3.368],[-63.0236,3.3799],[-63.0236,3.3883],[-63.0369,3.404],[-63.055,3.4202],[-63.065,3.4174],[-63.0694,3.4233],[-63.0686,3.4272],[-63.103,3.443],[-63.1156,3.4649],[-63.1328,3.468],[-63.1478,3.4777],[-63.1444,3.4808],[-63.1517,3.5],[-63.1636,3.5088],[-63.1731,3.5222],[-63.1755,3.5397],[-63.1655,3.5513],[-63.1678,3.5622],[-63.1583,3.5866],[-63.1592,3.5969],[-63.1494,3.6027],[-63.155,3.6133],[-63.1553,3.623],[-63.1639,3.6333],[-63.1819,3.6436],[-63.1803,3.6577],[-63.1858,3.6736],[-63.1942,3.6761],[-63.2011,3.6827],[-63.2178,3.6761],[-63.2253,3.6822],[-63.2344,3.6811],[-63.2492,3.6802],[-63.2664,3.6886],[-63.2753,3.6858],[-63.2764,3.6697],[-63.2725,3.6447],[-63.28,3.6222],[-63.2747,3.6108],[-63.2842,3.5984],[-63.298,3.5905],[-63.3047,3.5816],[-63.3225,3.5749],[-63.3467,3.5888],[-63.348,3.6008],[-63.3417,3.6102],[-63.3503,3.6244],[-63.358,3.6227],[-63.3658,3.6144],[-63.3792,3.6175],[-63.3942,3.6161],[-63.4197,3.628],[-63.4483,3.648],[-63.4569,3.6633],[-63.4831,3.6663],[-63.4939,3.6713],[-63.5058,3.6788],[-63.5097,3.6874],[-63.5283,3.6813],[-63.5514,3.6836],[-63.555,3.6908],[-63.5728,3.7044],[-63.5675,3.7174],[-63.5694,3.7286],[-63.5878,3.738],[-63.61,3.7375],[-63.6325,3.7424],[-63.6406,3.7386],[-63.6481,3.7274],[-63.6769,3.7149],[-63.6961,3.7147],[-63.7,3.7066],[-63.7114,3.7002],[-63.7106,3.6866],[-63.718,3.6797],[-63.7155,3.6724],[-63.7175,3.6566],[-63.7306,3.6261],[-63.7419,3.5855],[-63.7389,3.5724],[-63.7489,3.5644],[-63.7655,3.5611],[-63.7703,3.5511],[-63.7856,3.5452],[-63.7886,3.5399],[-63.7875,3.5294],[-63.8042,3.5413],[-63.8111,3.523],[-63.8055,3.523],[-63.8094,3.5188],[-63.8225,3.5188],[-63.8247,3.5094],[-63.8344,3.5011],[-63.83,3.4958],[-63.8319,3.4931],[-63.8386,3.4847],[-63.8367,3.4788],[-63.8417,3.4736],[-63.8403,3.4683],[-63.8453,3.4561],[-63.8514,3.4544],[-63.8517,3.4477],[-63.8592,3.4455],[-63.8606,3.4408],[-63.8722,3.4358],[-63.8706,3.4288],[-63.8758,3.4252],[-63.8856,3.4261],[-63.8869,3.4194],[-63.8958,3.4224],[-63.9014,3.4205],[-63.9064,3.4263],[-63.9142,3.4266],[-63.9192,3.4344],[-63.9281,3.4372],[-63.9261,3.4388],[-63.9339,3.4455],[-63.9394,3.4419],[-63.9475,3.4461],[-63.9542,3.4447],[-63.9547,3.448],[-63.9611,3.443],[-63.9652,3.4447],[-63.9694,3.4341],[-63.9789,3.4347],[-63.9822,3.4363],[-63.9811,3.4394],[-63.9858,3.4336],[-64.0,3.4338],[-64.0075,3.4383],[-64.0169,3.4516],[-64.03,3.4536],[-64.0342,3.4605],[-64.0422,3.4597],[-64.0719,3.4811],[-64.0906,3.4824],[-64.1069,3.4758],[-64.1191,3.477],[-64.1406,3.4738],[-64.1839,3.4897],[-64.1864,3.4999],[-64.1833,3.5383],[-64.1853,3.5599],[-64.2056,3.5908],[-64.2439,3.6252],[-64.2572,3.648],[-64.2753,3.6616],[-64.2806,3.6697],[-64.2886,3.6999],[-64.3275,3.7208],[-64.3422,3.7352],[-64.3894,3.7599],[-64.4086,3.7661],[-64.4281,3.7802],[-64.4469,3.7844],[-64.4719,3.7819],[-64.485,3.7877],[-64.505,3.8102],[-64.5239,3.8422],[-64.5524,3.864],[-64.5678,3.8821],[-64.5797,3.9286],[-64.5969,3.939],[-64.6193,3.9516],[-64.6335,3.9754],[-64.6502,3.9922],[-64.6733,4.0049],[-64.6747,4.0127],[-64.6803,4.0166],[-64.6833,4.0405],[-64.7081,4.0669],[-64.7225,4.1052],[-64.7317,4.1205],[-64.7528,4.1372],[-64.7831,4.153],[-64.81,4.1749],[-64.8214,4.2122],[-64.8247,4.2391],[-64.8211,4.2588],[-64.7992,4.2844],[-64.78,4.2869],[-64.6992,4.2505],[-64.6842,4.2397],[-64.6581,4.2119],[-64.6405,4.1655],[-64.6306,4.1438],[-64.6231,4.1352],[-64.5925,4.1144]]]}},{"type":"Feature","properties":{"nome":"Alto Alegre","cod":"1400050","uf":"RR"},"geometry":{"type":"Polygon","coordinates":[[[-63.6325,3.7424],[-63.61,3.7375],[-63.5878,3.738],[-63.5694,3.7286],[-63.5675,3.7174],[-63.5728,3.7044],[-63.555,3.6908],[-63.5514,3.6836],[-63.5283,3.6813],[-63.5097,3.6874],[-63.5058,3.6788],[-63.4939,3.6713],[-63.4831,3.6663],[-63.4569,3.6633],[-63.4483,3.648],[-63.4197,3.628],[-63.3942,3.6161],[-63.3792,3.6175],[-63.3658,3.6144],[-63.358,3.6227],[-63.3503,3.6244],[-63.3417,3.6102],[-63.348,3.6008],[-63.3467,3.5888],[-63.3225,3.5749],[-63.3047,3.5816],[-63.298,3.5905],[-63.2842,3.5984],[-63.2747,3.6108],[-63.28,3.6222],[-63.2725,3.6447],[-63.2764,3.6697],[-63.2753,3.6858],[-63.2664,3.6886],[-63.2492,3.6802],[-63.2344,3.6811],[-63.2253,3.6822],[-63.2178,3.6761],[-63.2011,3.6827],[-63.1942,3.6761],[-63.1858,3.6736],[-63.1803,3.6577],[-63.1819,3.6436],[-63.1639,3.6333],[-63.1553,3.623],[-63.155,3.6133],[-63.1494,3.6027],[-63.1592,3.5969],[-63.1583,3.5866],[-63.1678,3.5622],[-63.1655,3.5513],[-63.1755,3.5397],[-63.1731,3.5222],[-63.1636,3.5088],[-63.1517,3.5],[-63.1444,3.4808],[-63.1478,3.4777],[-63.1328,3.468],[-63.1156,3.4649],[-63.103,3.443],[-63.0686,3.4272],[-63.0694,3.4233],[-63.065,3.4174],[-63.055,3.4202],[-63.0369,3.404],[-63.0236,3.3883],[-63.0236,3.3799],[-63.0105,3.368],[-63.01,3.3588],[-63.0094,3.3519],[-63.0,3.3447],[-62.975,3.3427],[-62.9592,3.3172],[-62.9189,3.3083],[-62.9017,3.2938],[-62.8775,3.2847],[-62.8693,3.2779],[-62.86,3.2713],[-62.8418,3.2666],[-62.8253,3.248],[-62.81,3.2486],[-62.7931,3.2377],[-62.775,3.2369],[-62.7614,3.2413],[-62.7367,3.2391],[-62.6942,3.22],[-62.6593,3.2344],[-62.6587,3.2353],[-62.6486,3.2405],[-62.6492,3.2355],[-62.6458,3.2344],[-62.6358,3.2488],[-62.6297,3.2402],[-62.6194,3.2438],[-62.5978,3.2324],[-62.5689,3.2294],[-62.5664,3.2322],[-62.5536,3.233],[-62.5236,3.2161],[-62.5,3.2072],[-62.4739,3.203],[-62.468,3.1902],[-62.4564,3.1863],[-62.4531,3.1813],[-62.4547,3.175],[-62.4483,3.1597],[-62.4519,3.1491],[-62.4469,3.1327],[-62.4317,3.1247],[-62.4164,3.1297],[-62.405,3.1266],[-62.3906,3.1333],[-62.3875,3.1408],[-62.3747,3.1402],[-62.3497,3.1555],[-62.3403,3.1519],[-62.3233,3.155],[-62.3097,3.1458],[-62.3044,3.1486],[-62.2954,3.1467],[-62.2875,3.1524],[-62.2728,3.1494],[-62.2672,3.1411],[-62.2472,3.1386],[-62.2406,3.145],[-62.2414,3.1544],[-62.2322,3.1605],[-62.2269,3.1586],[-62.2142,3.1625],[-62.2108,3.1705],[-62.2006,3.1758],[-62.1972,3.1858],[-62.1844,3.1872],[-62.1797,3.1944],[-62.1658,3.2005],[-62.1636,3.2077],[-62.1419,3.22],[-62.13,3.235],[-62.1253,3.2338],[-62.111,3.2407],[-62.0922,3.2463],[-62.0886,3.2508],[-62.0817,3.2477],[-62.0772,3.2525],[-62.0717,3.2519],[-62.0603,3.2638],[-62.0514,3.265],[-62.0458,3.263],[-62.0458,3.2588],[-62.0328,3.2577],[-62.0167,3.2494],[-62.0078,3.2488],[-61.9917,3.2583],[-61.9694,3.2616],[-61.9625,3.2527],[-61.9567,3.2513],[-61.9525,3.2575],[-61.9467,3.2569],[-61.9492,3.2641],[-61.9417,3.2697],[-61.9436,3.2786],[-61.9392,3.2791],[-61.932,3.2888],[-61.9283,3.2891],[-61.9278,3.2816],[-61.9244,3.2805],[-61.9125,3.2902],[-61.8931,3.2916],[-61.8872,3.2825],[-61.8708,3.2766],[-61.868,3.2686],[-61.8528,3.2638],[-61.8486,3.2641],[-61.8444,3.2702],[-61.8453,3.2752],[-61.8403,3.2825],[-61.8419,3.2899],[-61.8378,3.2938],[-61.8394,3.2983],[-61.8269,3.3033],[-61.8306,3.3094],[-61.8225,3.323],[-61.81,3.3266],[-61.8089,3.3244],[-61.8056,3.3286],[-61.7975,3.3305],[-61.7733,3.328],[-61.75,3.3194],[-61.7239,3.3211],[-61.713,3.3273],[-61.7108,3.3288],[-61.7144,3.3347],[-61.7114,3.3355],[-61.6944,3.3288],[-61.6914,3.3213],[-61.6814,3.3224],[-61.6611,3.3305],[-61.6258,3.3575],[-61.6247,3.3499],[-61.6172,3.3422],[-61.6136,3.3308],[-61.5939,3.3094],[-61.5867,3.3144],[-61.5722,3.3127],[-61.5644,3.3069],[-61.5561,3.3141],[-61.5508,3.3133],[-61.5417,3.3027],[-61.5367,3.3016],[-61.5319,3.3108],[-61.5267,3.3116],[-61.5242,3.3077],[-61.5192,3.3075],[-61.5069,3.3147],[-61.5042,3.3238],[-61.4858,3.3408],[-61.4753,3.3377],[-61.46,3.3474],[-61.444,3.3487],[-61.4322,3.3513],[-61.4053,3.3505],[-61.3786,3.3658],[-61.3489,3.3541],[-61.3304,3.3596],[-61.3208,3.3558],[-61.3161,3.3572],[-61.3086,3.3694],[-61.2727,3.3957],[-61.2355,3.4433],[-61.2183,3.4499],[-61.1872,3.4491],[-61.1644,3.453],[-61.153,3.4499],[-61.1353,3.4352],[-61.1281,3.4345],[-61.0822,3.4383],[-61.0661,3.4383],[-61.0561,3.4424],[-61.0186,3.4391],[-61.0,3.4483],[-61.0,3.3038],[-61.0,3.2916],[-61.0,3.2784],[-61.0,3.2187],[-61.0,3.2079],[-61.0,2.9206],[-61.0,2.9148],[-61.0,2.8648],[-61.0,2.682],[-61.0186,2.6827],[-61.0297,2.6975],[-61.0342,2.6783],[-61.0392,2.6744],[-61.0453,2.675],[-61.0556,2.6861],[-61.0744,2.6908],[-61.0805,2.7022],[-61.0947,2.708],[-61.1019,2.695],[-61.1261,2.698],[-61.1289,2.7161],[-61.1336,2.7202],[-61.1339,2.705],[-61.1388,2.6995],[-61.1833,2.6775],[-61.1958,2.688],[-61.2,2.6816],[-61.2139,2.6816],[-61.215,2.6644],[-61.2225,2.6566],[-61.2371,2.6509],[-61.2422,2.6525],[-61.2528,2.6677],[-61.2661,2.6711],[-61.2767,2.67],[-61.2855,2.6586],[-61.2905,2.6586],[-61.2936,2.6763],[-61.3019,2.6925],[-61.2958,2.7013],[-61.2961,2.7061],[-61.3136,2.7186],[-61.3075,2.7261],[-61.3264,2.7302],[-61.3247,2.745],[-61.3311,2.7486],[-61.3342,2.7616],[-61.3439,2.758],[-61.3472,2.7677],[-61.3561,2.7711],[-61.3586,2.7919],[-61.3667,2.8091],[-61.3786,2.8161],[-61.3692,2.8288],[-61.3708,2.84],[-61.3814,2.8386],[-61.4056,2.8616],[-61.4197,2.8641],[-61.4281,2.8697],[-61.4368,2.8696],[-61.445,2.8769],[-61.4503,2.8955],[-61.4556,2.8936],[-61.4572,2.8861],[-61.47,2.893],[-61.4783,2.8886],[-61.4842,2.8916],[-61.4964,2.8869],[-61.5295,2.9002],[-61.5339,2.9038],[-61.5361,2.9125],[-61.5431,2.9113],[-61.5464,2.9141],[-61.5481,2.9258],[-61.5572,2.929],[-61.5642,2.9402],[-61.5692,2.9405],[-61.5775,2.9477],[-61.595,2.9408],[-61.6053,2.9402],[-61.6172,2.9319],[-61.6266,2.9326],[-61.6464,2.9063],[-61.6572,2.9002],[-61.6942,2.8636],[-61.7036,2.8497],[-61.7074,2.8371],[-61.7214,2.8122],[-61.7086,2.7997],[-61.6978,2.8041],[-61.6931,2.7947],[-61.6978,2.79],[-61.7253,2.7836],[-61.7344,2.768],[-61.7406,2.7647],[-61.7475,2.743],[-61.7422,2.738],[-61.7403,2.7444],[-61.7358,2.7427],[-61.7319,2.7322],[-61.7342,2.7163],[-61.7517,2.7116],[-61.763,2.7152],[-61.7686,2.7116],[-61.7733,2.7202],[-61.7892,2.7061],[-61.8028,2.7044],[-61.8167,2.6975],[-61.8172,2.6894],[-61.8311,2.6969],[-61.8487,2.6881],[-61.8586,2.6836],[-61.87,2.6838],[-61.8761,2.6938],[-61.8833,2.6972],[-61.8894,2.69],[-61.9003,2.6941],[-61.9133,2.6919],[-61.9197,2.705],[-61.9233,2.7061],[-61.9319,2.7033],[-61.9361,2.6908],[-61.9405,2.685],[-61.9456,2.6841],[-61.9725,2.6883],[-61.9772,2.6997],[-61.9736,2.7116],[-61.9772,2.7169],[-61.9958,2.7172],[-62.0056,2.7338],[-62.0333,2.73],[-62.0428,2.7338],[-62.0592,2.7338],[-62.065,2.7383],[-62.0775,2.7405],[-62.0825,2.7461],[-62.0936,2.7475],[-62.1311,2.7447],[-62.1383,2.7483],[-62.195,2.7477],[-62.2047,2.7572],[-62.2011,2.7622],[-62.2111,2.7647],[-62.2181,2.7569],[-62.2242,2.7558],[-62.2742,2.7575],[-62.2828,2.7622],[-62.2928,2.7597],[-62.3139,2.7633],[-62.3453,2.7755],[-62.3492,2.7733],[-62.3736,2.7755],[-62.4072,2.783],[-62.4342,2.775],[-62.4361,2.7811],[-62.4425,2.7816],[-62.4544,2.7741],[-62.4642,2.7744],[-62.4664,2.7691],[-62.4853,2.7702],[-62.5004,2.7616],[-62.5156,2.7505],[-62.5279,2.7464],[-62.5858,2.7344],[-62.5981,2.7422],[-62.605,2.7413],[-62.6075,2.7372],[-62.6153,2.7395],[-62.6186,2.7355],[-62.6175,2.7297],[-62.6353,2.7227],[-62.6392,2.7155],[-62.6525,2.7152],[-62.6517,2.71],[-62.6575,2.7069],[-62.6861,2.7086],[-62.6847,2.6994],[-62.6978,2.6966],[-62.7122,2.7155],[-62.733,2.7252],[-62.7486,2.7258],[-62.7558,2.7327],[-62.7953,2.7277],[-62.7969,2.7366],[-62.8242,2.7597],[-62.8308,2.758],[-62.8353,2.768],[-62.8428,2.7713],[-62.8455,2.7847],[-62.8497,2.7852],[-62.8551,2.7739],[-62.8603,2.7605],[-62.8639,2.7586],[-62.8772,2.7675],[-62.8825,2.7619],[-62.8917,2.7674],[-62.8989,2.7644],[-62.9011,2.7677],[-62.9103,2.7683],[-62.9175,2.7642],[-62.9217,2.7725],[-62.9479,2.7747],[-62.9537,2.7774],[-62.9547,2.7826],[-62.9667,2.7855],[-62.973,2.7955],[-62.97,2.8027],[-62.9819,2.8061],[-63.0303,2.8125],[-63.0525,2.8067],[-63.0674,2.812],[-63.0925,2.7991],[-63.116,2.8044],[-63.136,2.8022],[-63.1462,2.8097],[-63.1731,2.8103],[-63.1978,2.8182],[-63.2121,2.8302],[-63.2184,2.8293],[-63.2402,2.8232],[-63.2554,2.8297],[-63.2775,2.8248],[-63.2937,2.8153],[-63.3174,2.7923],[-63.3299,2.7886],[-63.3698,2.788],[-63.3818,2.7843],[-63.387,2.7801],[-63.3881,2.7697],[-63.3933,2.7688],[-63.4097,2.7739],[-63.4211,2.7825],[-63.4308,2.7802],[-63.4364,2.785],[-63.4638,2.7911],[-63.4743,2.7882],[-63.4872,2.7721],[-63.492,2.759],[-63.4905,2.7517],[-63.4984,2.7209],[-63.499,2.6995],[-63.4939,2.6834],[-63.4962,2.6782],[-63.5094,2.6713],[-63.5055,2.6289],[-63.5281,2.6004],[-63.5362,2.5937],[-63.5522,2.5901],[-63.5858,2.6028],[-63.6111,2.606],[-63.6259,2.6028],[-63.6493,2.6062],[-63.6635,2.5952],[-63.6693,2.5977],[-63.7048,2.5818],[-63.8117,2.5347],[-63.8241,2.5295],[-63.9127,2.491],[-63.9573,2.4708],[-63.9619,2.4738],[-63.9775,2.4679],[-63.9878,2.4653],[-64.0,2.4785],[-64.0051,2.4783],[-64.012,2.4701],[-64.0203,2.4669],[-64.0244,2.4722],[-64.0315,2.4725],[-64.0297,2.4822],[-64.0375,2.4872],[-64.0383,2.4944],[-64.0556,2.498],[-64.0583,2.5027],[-64.0567,2.5133],[-64.0449,2.5329],[-64.0484,2.549],[-64.0439,2.5591],[-64.0439,2.5736],[-64.0386,2.5788],[-64.0332,2.5752],[-64.0286,2.5764],[-64.0239,2.5911],[-64.0086,2.6086],[-64.0094,2.6205],[-63.9911,2.6366],[-63.9853,2.6458],[-63.9839,2.66],[-63.9909,2.6705],[-63.9867,2.6747],[-63.985,2.6863],[-64.0013,2.7],[-64.0031,2.7075],[-63.9892,2.7169],[-63.9836,2.7163],[-63.9825,2.7241],[-63.9864,2.7251],[-63.9861,2.7311],[-63.9986,2.7388],[-63.9986,2.7602],[-63.9928,2.768],[-64.0089,2.7786],[-64.0089,2.7875],[-64.0136,2.7958],[-64.0142,2.807],[-64.01,2.8116],[-64.0128,2.8194],[-64.0467,2.8366],[-64.0572,2.8508],[-64.0664,2.88],[-64.0711,2.938],[-64.1019,2.9519],[-64.1108,2.9608],[-64.1244,2.9808],[-64.13,3.0047],[-64.1603,3.033],[-64.1728,3.058],[-64.22,3.0961],[-64.2347,3.1147],[-64.2331,3.1302],[-64.2186,3.153],[-64.2103,3.1725],[-64.2078,3.1891],[-64.2133,3.2236],[-64.2133,3.2466],[-64.2408,3.3152],[-64.2339,3.3844],[-64.2486,3.3994],[-64.2547,3.4113],[-64.2514,3.4283],[-64.2394,3.4433],[-64.2022,3.4774],[-64.1894,3.4952],[-64.1839,3.4897],[-64.1406,3.4738],[-64.1191,3.477],[-64.1069,3.4758],[-64.0906,3.4824],[-64.0719,3.4811],[-64.0422,3.4597],[-64.0342,3.4605],[-64.03,3.4536],[-64.0169,3.4516],[-64.0075,3.4383],[-64.0,3.4338],[-63.9858,3.4336],[-63.9811,3.4394],[-63.9822,3.4363],[-63.9789,3.4347],[-63.9694,3.4341],[-63.9652,3.4447],[-63.9611,3.443],[-63.9547,3.448],[-63.9542,3.4447],[-63.9475,3.4461],[-63.9394,3.4419],[-63.9339,3.4455],[-63.9261,3.4388],[-63.9281,3.4372],[-63.9192,3.4344],[-63.9142,3.4266],[-63.9064,3.4263],[-63.9014,3.4205],[-63.8958,3.4224],[-63.8869,3.4194],[-63.8856,3.4261],[-63.8758,3.4252],[-63.8706,3.4288],[-63.8722,3.4358],[-63.8606,3.4408],[-63.8592,3.4455],[-63.8517,3.4477],[-63.8514,3.4544],[-63.8453,3.4561],[-63.8403,3.4683],[-63.8417,3.4736],[-63.8367,3.4788],[-63.8386,3.4847],[-63.8319,3.4931],[-63.83,3.4958],[-63.8344,3.5011],[-63.8247,3.5094],[-63.8225,3.5188],[-63.8094,3.5188],[-63.8055,3.523],[-63.8111,3.523],[-63.8042,3.5413],[-63.7875,3.5294],[-63.7886,3.5399],[-63.7856,3.5452],[-63.7703,3.5511],[-63.7655,3.5611],[-63.7489,3.5644],[-63.7389,3.5724],[-63.7419,3.5855],[-63.7306,3.6261],[-63.7175,3.6566],[-63.7155,3.6724],[-63.718,3.6797],[-63.7106,3.6866],[-63.7114,3.7002],[-63.7,3.7066],[-63.6961,3.7147],[-63.6769,3.7149],[-63.6481,3.7274],[-63.6406,3.7386],[-63.6325,3.7424]]]}},{"type":"Feature","properties":{"nome":"Boa Vista","cod":"1400100","uf":"RR"},"geometry":{"type":"Polygon","coordinates":[[[-60.4533,3.5904],[-60.4501,3.5804],[-60.4423,3.5819],[-60.4357,3.5778],[-60.4374,3.5832],[-60.4277,3.5871],[-60.4185,3.5818],[-60.4174,3.577],[-60.4097,3.5805],[-60.4097,3.5716],[-60.4064,3.568],[-60.3953,3.573],[-60.378,3.5661],[-60.3761,3.563],[-60.3808,3.5561],[-60.3722,3.5483],[-60.3567,3.5419],[-60.3525,3.5519],[-60.3372,3.5458],[-60.3219,3.5299],[-60.3211,3.5213],[-60.3297,3.5199],[-60.3294,3.5152],[-60.3206,3.5066],[-60.3103,3.5086],[-60.31,3.4952],[-60.2989,3.4869],[-60.3014,3.4758],[-60.2864,3.4597],[-60.2867,3.4466],[-60.2989,3.4394],[-60.2972,3.4291],[-60.3183,3.4183],[-60.3217,3.4136],[-60.3253,3.3963],[-60.3208,3.3694],[-60.3425,3.3441],[-60.345,3.3366],[-60.3428,3.3227],[-60.3478,3.3155],[-60.3956,3.3008],[-60.4058,3.2897],[-60.4108,3.2752],[-60.4083,3.2555],[-60.3842,3.2111],[-60.3847,3.1822],[-60.3739,3.1711],[-60.3733,3.1652],[-60.3931,3.1466],[-60.4173,3.1016],[-60.4394,3.0747],[-60.4481,3.0458],[-60.4781,3.0277],[-60.487,3.0185],[-60.4967,3.0022],[-60.5039,2.9736],[-60.5255,2.9466],[-60.5406,2.9155],[-60.5678,2.8852],[-60.57,2.8835],[-60.6033,2.8569],[-60.6337,2.8457],[-60.6487,2.8354],[-60.6658,2.8081],[-60.6717,2.7955],[-60.6736,2.7769],[-60.6942,2.7286],[-60.7139,2.7126],[-60.7626,2.6589],[-60.7747,2.6438],[-60.8209,2.5538],[-60.8239,2.5472],[-60.8217,2.5194],[-60.8275,2.4558],[-60.8361,2.438],[-60.8481,2.4286],[-60.8678,2.435],[-60.8575,2.4419],[-60.8572,2.4489],[-60.8694,2.4625],[-60.8917,2.4761],[-60.9019,2.4747],[-60.9064,2.4664],[-60.9125,2.4683],[-60.9133,2.4744],[-60.8939,2.4919],[-60.8927,2.5026],[-60.8947,2.5105],[-60.9206,2.5197],[-60.9433,2.5205],[-60.9267,2.5533],[-60.9269,2.5644],[-60.917,2.5641],[-60.9144,2.5683],[-60.9167,2.5736],[-60.9119,2.5969],[-60.9167,2.628],[-60.9425,2.6516],[-60.9481,2.6516],[-60.9572,2.6455],[-60.9614,2.6466],[-60.9686,2.6645],[-60.9806,2.6672],[-60.9844,2.6738],[-61.0,2.682],[-61.0,2.8648],[-61.0,2.9148],[-61.0,2.9206],[-61.0,3.2079],[-61.0,3.2187],[-61.0,3.2784],[-61.0,3.2916],[-61.0,3.3038],[-61.0,3.4483],[-60.9912,3.4525],[-60.9859,3.4607],[-60.9456,3.4804],[-60.9279,3.4797],[-60.9183,3.4665],[-60.9101,3.4641],[-60.9088,3.4638],[-60.8874,3.4792],[-60.8636,3.4825],[-60.8496,3.4779],[-60.837,3.4836],[-60.8005,3.4852],[-60.7877,3.496],[-60.7724,3.4991],[-60.7426,3.4986],[-60.7234,3.479],[-60.6954,3.4737],[-60.676,3.4604],[-60.6661,3.4547],[-60.6537,3.437],[-60.6211,3.4242],[-60.6121,3.4105],[-60.6022,3.4025],[-60.5944,3.4016],[-60.6006,3.4109],[-60.5997,3.4329],[-60.6059,3.4488],[-60.6022,3.4574],[-60.5785,3.4702],[-60.578,3.4793],[-60.5517,3.4805],[-60.5461,3.5018],[-60.554,3.5086],[-60.5525,3.519],[-60.5378,3.5257],[-60.5277,3.5546],[-60.5138,3.5432],[-60.5132,3.5514],[-60.5165,3.5548],[-60.5132,3.5668],[-60.49,3.5836],[-60.4826,3.6062],[-60.4715,3.6051],[-60.4609,3.5924],[-60.4533,3.5904]]]}},{"type":"Feature","properties":{"nome":"Bonfim","cod":"1400159","uf":"RR"},"geometry":{"type":"Polygon","coordinates":[[[-59.8919,3.5755],[-59.8853,3.5641],[-59.8758,3.5663],[-59.8714,3.5635],[-59.8658,3.5583],[-59.8419,3.5527],[-59.8419,3.5411],[-59.8375,3.5297],[-59.8297,3.5236],[-59.8175,3.5213],[-59.8036,3.5072],[-59.8014,3.4924],[-59.8062,3.4894],[-59.8236,3.4838],[-59.8253,3.4777],[-59.8128,3.4775],[-59.8106,3.4694],[-59.8186,3.4719],[-59.8236,3.4694],[-59.8283,3.4558],[-59.8394,3.4436],[-59.84,3.4351],[-59.8413,3.4253],[-59.8336,3.423],[-59.8211,3.4291],[-59.8136,3.4283],[-59.8197,3.4111],[-59.8097,3.3769],[-59.8039,3.3705],[-59.8033,3.3619],[-59.8075,3.353],[-59.8239,3.3569],[-59.833,3.3536],[-59.8272,3.3347],[-59.8323,3.3272],[-59.8417,3.3186],[-59.8419,3.3086],[-59.8517,3.3044],[-59.8586,3.2786],[-59.8722,3.2766],[-59.8806,3.2597],[-59.8786,3.2458],[-59.8881,3.2425],[-59.8739,3.2294],[-59.875,3.2238],[-59.8872,3.2166],[-59.9033,3.2166],[-59.9069,3.2124],[-59.9117,3.188],[-59.8994,3.1538],[-59.9039,3.1494],[-59.9206,3.1488],[-59.9181,3.1441],[-59.9122,3.1466],[-59.9081,3.1444],[-59.9069,3.1397],[-59.9147,3.138],[-59.9189,3.1322],[-59.9167,3.1261],[-59.9089,3.1244],[-59.9075,3.1144],[-59.91,3.1108],[-59.9153,3.1113],[-59.9167,3.118],[-59.9208,3.1211],[-59.9242,3.1088],[-59.9294,3.1097],[-59.9383,3.0997],[-59.9392,3.088],[-59.9556,3.0813],[-59.9564,3.0744],[-59.9503,3.0555],[-59.9514,3.0416],[-59.9589,3.0283],[-59.9613,3.0149],[-59.9467,3.0033],[-59.9466,3.0],[-59.9633,2.9633],[-59.958,2.9538],[-59.9822,2.9305],[-59.985,2.91],[-59.9772,2.9041],[-59.9764,2.8969],[-59.9883,2.8819],[-59.9808,2.8697],[-59.9858,2.8641],[-59.9833,2.8527],[-59.9873,2.8462],[-59.9903,2.8394],[-59.9858,2.8033],[-59.9922,2.7861],[-59.9864,2.7483],[-59.9914,2.7344],[-59.9894,2.7253],[-59.9881,2.7188],[-59.99,2.6855],[-59.9728,2.6683],[-59.9706,2.6588],[-59.9756,2.645],[-59.9739,2.6381],[-59.9622,2.6263],[-59.9628,2.6169],[-59.9561,2.6105],[-59.9661,2.6086],[-59.9703,2.5939],[-59.9583,2.5925],[-59.9389,2.583],[-59.9275,2.5708],[-59.9339,2.5582],[-59.9364,2.553],[-59.9164,2.5269],[-59.9192,2.5214],[-59.9175,2.5077],[-59.9119,2.5047],[-59.91,2.4947],[-59.895,2.4819],[-59.8983,2.4719],[-59.8919,2.4647],[-59.8922,2.4538],[-59.8986,2.4386],[-59.8886,2.425],[-59.8953,2.4236],[-59.8942,2.4063],[-59.8972,2.4005],[-59.9044,2.3966],[-59.9067,2.3886],[-59.8961,2.3633],[-59.8792,2.353],[-59.87,2.3608],[-59.8667,2.3502],[-59.8533,2.3386],[-59.8511,2.3308],[-59.8419,2.3291],[-59.8417,2.3205],[-59.835,2.3211],[-59.8275,2.3289],[-59.8242,2.3205],[-59.8053,2.3077],[-59.8017,2.2977],[-59.7964,2.295],[-59.7853,2.2844],[-59.7789,2.2855],[-59.7697,2.2941],[-59.7492,2.2883],[-59.7383,2.2919],[-59.7367,2.2872],[-59.7219,2.2772],[-59.7272,2.2639],[-59.7194,2.2486],[-59.7186,2.2377],[-59.7272,2.2302],[-59.7239,2.2052],[-59.7314,2.2036],[-59.7261,2.2],[-59.7333,2.188],[-59.7325,2.1827],[-59.7372,2.1791],[-59.735,2.1741],[-59.74,2.163],[-59.7364,2.1566],[-59.7375,2.1466],[-59.7261,2.1361],[-59.7239,2.1308],[-59.7272,2.125],[-59.7228,2.1227],[-59.7203,2.115],[-59.7217,2.098],[-59.7342,2.0911],[-59.7406,2.0739],[-59.7356,2.0502],[-59.7306,2.0469],[-59.7305,2.0377],[-59.7264,2.0347],[-59.7286,2.0305],[-59.7197,2.028],[-59.7208,2.0239],[-59.7319,2.0189],[-59.7347,2.013],[-59.7314,2.0125],[-59.7303,2.008],[-59.733,2.0],[-59.9292,2.0],[-59.9871,2.0],[-60.1561,2.0],[-60.1564,2.007],[-60.1602,2.01],[-60.1595,2.0271],[-60.165,2.0371],[-60.1745,2.0438],[-60.1874,2.0474],[-60.1967,2.0456],[-60.2035,2.0509],[-60.2145,2.0506],[-60.2204,2.0454],[-60.2248,2.047],[-60.232,2.0423],[-60.2425,2.0318],[-60.2434,2.0269],[-60.2505,2.0251],[-60.2585,2.0313],[-60.2634,2.0433],[-60.291,2.0579],[-60.2848,2.0657],[-60.2698,2.0721],[-60.2535,2.1013],[-60.2444,2.1084],[-60.2185,2.1503],[-60.1997,2.1533],[-60.1939,2.1469],[-60.1902,2.1509],[-60.1847,2.1476],[-60.1789,2.1491],[-60.1762,2.145],[-60.1571,2.1595],[-60.1544,2.1719],[-60.1493,2.1783],[-60.1503,2.1926],[-60.1581,2.183],[-60.1625,2.1854],[-60.1599,2.2236],[-60.1653,2.2405],[-60.1735,2.2393],[-60.1801,2.2373],[-60.1847,2.2459],[-60.1909,2.2476],[-60.1963,2.2389],[-60.2045,2.245],[-60.2027,2.2686],[-60.2048,2.2948],[-60.2089,2.3062],[-60.1972,2.304],[-60.1773,2.3431],[-60.1691,2.3429],[-60.1672,2.357],[-60.1759,2.3638],[-60.1772,2.3836],[-60.1846,2.3895],[-60.1911,2.389],[-60.1986,2.3979],[-60.194,2.4118],[-60.201,2.4373],[-60.1942,2.4468],[-60.1944,2.4685],[-60.195,2.4816],[-60.2004,2.4883],[-60.1984,2.5049],[-60.2013,2.5098],[-60.1967,2.5197],[-60.2002,2.5292],[-60.1947,2.5413],[-60.2032,2.5439],[-60.2142,2.5569],[-60.2227,2.5621],[-60.2279,2.5746],[-60.2255,2.5869],[-60.2194,2.5899],[-60.2212,2.5939],[-60.235,2.6025],[-60.2469,2.6034],[-60.248,2.6065],[-60.2601,2.602],[-60.2659,2.6087],[-60.2695,2.6081],[-60.2819,2.6233],[-60.29,2.6292],[-60.2976,2.6297],[-60.2984,2.6353],[-60.3052,2.6404],[-60.3101,2.6389],[-60.3116,2.6469],[-60.3234,2.6464],[-60.3347,2.6393],[-60.3355,2.6433],[-60.3557,2.6454],[-60.3694,2.6402],[-60.3765,2.6435],[-60.3857,2.6375],[-60.4013,2.6402],[-60.4092,2.6383],[-60.4099,2.6429],[-60.405,2.6491],[-60.3961,2.65],[-60.3935,2.6593],[-60.3752,2.6811],[-60.3565,2.6888],[-60.3522,2.6954],[-60.3461,2.7052],[-60.3476,2.7213],[-60.3412,2.7394],[-60.33,2.7489],[-60.3287,2.7542],[-60.3312,2.7609],[-60.3351,2.759],[-60.3385,2.7617],[-60.344,2.7785],[-60.3552,2.7859],[-60.3567,2.793],[-60.3733,2.7966],[-60.3956,2.8072],[-60.4167,2.8072],[-60.447,2.8253],[-60.4621,2.8233],[-60.4751,2.8301],[-60.4757,2.8304],[-60.4916,2.8367],[-60.5091,2.8376],[-60.5581,2.8615],[-60.5611,2.8728],[-60.559,2.8756],[-60.5642,2.8846],[-60.5678,2.8852],[-60.5406,2.9155],[-60.5255,2.9466],[-60.5039,2.9736],[-60.4967,3.0022],[-60.487,3.0185],[-60.4781,3.0277],[-60.4481,3.0458],[-60.4394,3.0747],[-60.4173,3.1016],[-60.3931,3.1466],[-60.3733,3.1652],[-60.3739,3.1711],[-60.3847,3.1822],[-60.3842,3.2111],[-60.4083,3.2555],[-60.4108,3.2752],[-60.4058,3.2897],[-60.3956,3.3008],[-60.3478,3.3155],[-60.3428,3.3227],[-60.345,3.3366],[-60.3425,3.3441],[-60.3208,3.3694],[-60.2947,3.3874],[-60.2419,3.3941],[-60.1898,3.4114],[-60.1733,3.4471],[-60.1556,3.463],[-60.1389,3.4613],[-60.1136,3.4811],[-60.0828,3.4938],[-60.0775,3.5033],[-60.0556,3.5252],[-60.0364,3.528],[-60.0269,3.5402],[-59.9967,3.5531],[-59.9778,3.556],[-59.9556,3.5736],[-59.9481,3.5702],[-59.9431,3.5608],[-59.9367,3.5591],[-59.9225,3.5788],[-59.905,3.5866],[-59.8919,3.5755]]]}},{"type":"Feature","properties":{"nome":"Cantá","cod":"1400175","uf":"RR"},"geometry":{"type":"Polygon","coordinates":[[[-60.4751,2.8301],[-60.4621,2.8233],[-60.447,2.8253],[-60.4167,2.8072],[-60.3956,2.8072],[-60.3733,2.7966],[-60.3567,2.793],[-60.3552,2.7859],[-60.344,2.7785],[-60.3385,2.7617],[-60.3351,2.759],[-60.3312,2.7609],[-60.3287,2.7542],[-60.33,2.7489],[-60.3412,2.7394],[-60.3476,2.7213],[-60.3461,2.7052],[-60.3522,2.6954],[-60.3565,2.6888],[-60.3752,2.6811],[-60.3935,2.6593],[-60.3961,2.65],[-60.405,2.6491],[-60.4099,2.6429],[-60.4092,2.6383],[-60.4013,2.6402],[-60.3857,2.6375],[-60.3765,2.6435],[-60.3694,2.6402],[-60.3557,2.6454],[-60.3355,2.6433],[-60.3347,2.6393],[-60.3234,2.6464],[-60.3116,2.6469],[-60.3101,2.6389],[-60.3052,2.6404],[-60.2984,2.6353],[-60.2976,2.6297],[-60.29,2.6292],[-60.2819,2.6233],[-60.2695,2.6081],[-60.2659,2.6087],[-60.2601,2.602],[-60.248,2.6065],[-60.2469,2.6034],[-60.235,2.6025],[-60.2212,2.5939],[-60.2194,2.5899],[-60.2255,2.5869],[-60.2279,2.5746],[-60.2227,2.5621],[-60.2142,2.5569],[-60.2032,2.5439],[-60.1947,2.5413],[-60.2002,2.5292],[-60.1967,2.5197],[-60.2013,2.5098],[-60.1984,2.5049],[-60.2004,2.4883],[-60.195,2.4816],[-60.1944,2.4685],[-60.1942,2.4468],[-60.201,2.4373],[-60.194,2.4118],[-60.1986,2.3979],[-60.1911,2.389],[-60.1846,2.3895],[-60.1772,2.3836],[-60.1759,2.3638],[-60.1672,2.357],[-60.1691,2.3429],[-60.1773,2.3431],[-60.1972,2.304],[-60.2089,2.3062],[-60.2048,2.2948],[-60.2027,2.2686],[-60.2045,2.245],[-60.1963,2.2389],[-60.1909,2.2476],[-60.1847,2.2459],[-60.1801,2.2373],[-60.1735,2.2393],[-60.1653,2.2405],[-60.1599,2.2236],[-60.1625,2.1854],[-60.1581,2.183],[-60.1503,2.1926],[-60.1493,2.1783],[-60.1544,2.1719],[-60.1571,2.1595],[-60.1762,2.145],[-60.1789,2.1491],[-60.1847,2.1476],[-60.1902,2.1509],[-60.1939,2.1469],[-60.1997,2.1533],[-60.2185,2.1503],[-60.2444,2.1084],[-60.2535,2.1013],[-60.2698,2.0721],[-60.2848,2.0657],[-60.291,2.0579],[-60.2634,2.0433],[-60.2585,2.0313],[-60.2505,2.0251],[-60.2434,2.0269],[-60.2425,2.0318],[-60.232,2.0423],[-60.2248,2.047],[-60.2204,2.0454],[-60.2145,2.0506],[-60.2035,2.0509],[-60.1967,2.0456],[-60.1874,2.0474],[-60.1745,2.0438],[-60.165,2.0371],[-60.1595,2.0271],[-60.1602,2.01],[-60.1564,2.007],[-60.1561,2.0],[-60.1666,1.9671],[-60.166,1.9583],[-60.1974,1.9268],[-60.1968,1.9228],[-60.2062,1.9131],[-60.2224,1.9042],[-60.2234,1.8916],[-60.2295,1.884],[-60.2359,1.8826],[-60.2375,1.8764],[-60.2558,1.8666],[-60.2699,1.8497],[-60.2748,1.8479],[-60.2797,1.8379],[-60.3016,1.8278],[-60.3207,1.8034],[-60.3314,1.7979],[-60.3323,1.7889],[-60.3386,1.7868],[-60.3433,1.7774],[-60.3476,1.7788],[-60.3578,1.7766],[-60.3676,1.7616],[-60.3758,1.7593],[-60.3776,1.748],[-60.3835,1.7478],[-60.3886,1.7373],[-60.4001,1.7401],[-60.4051,1.7469],[-60.4159,1.7469],[-60.4291,1.7418],[-60.4366,1.743],[-60.4647,1.7317],[-60.4844,1.7304],[-60.4912,1.7223],[-60.4926,1.7101],[-60.5216,1.7202],[-60.5258,1.7246],[-60.53,1.7179],[-60.5328,1.718],[-60.5364,1.709],[-60.5639,1.7128],[-60.5781,1.7067],[-60.5831,1.7101],[-60.5792,1.7125],[-60.581,1.7146],[-60.5769,1.7218],[-60.5727,1.7201],[-60.5633,1.7327],[-60.5546,1.7373],[-60.5449,1.7526],[-60.547,1.7612],[-60.5571,1.7709],[-60.5588,1.7792],[-60.5686,1.7811],[-60.5746,1.7908],[-60.5785,1.8108],[-60.5753,1.8229],[-60.577,1.8338],[-60.5893,1.8515],[-60.6164,1.8644],[-60.6249,1.8641],[-60.6381,1.8706],[-60.6553,1.8979],[-60.6691,1.8964],[-60.7065,1.9026],[-60.724,1.8969],[-60.7391,1.8976],[-60.7496,1.9061],[-60.7599,1.936],[-60.7599,1.958],[-60.7478,1.9777],[-60.7419,1.9989],[-60.7429,1.9998],[-60.7882,1.9996],[-60.7931,1.9935],[-60.8043,1.9953],[-60.8303,1.9836],[-60.8426,1.9845],[-60.8705,1.9819],[-60.8739,1.9848],[-60.8981,1.9799],[-60.9134,1.9854],[-60.9263,1.9848],[-60.9351,1.976],[-60.9384,1.9668],[-60.9554,1.9644],[-60.9674,1.9573],[-60.9776,1.9461],[-60.9819,1.9493],[-60.9974,1.9583],[-61.0181,1.9784],[-61.0216,2.0],[-61.032,2.0086],[-61.0369,2.0254],[-61.0509,2.0513],[-61.0525,2.0633],[-61.0476,2.0836],[-61.0154,2.1453],[-60.9566,2.1947],[-60.9378,2.2156],[-60.9092,2.236],[-60.8903,2.2841],[-60.8531,2.305],[-60.8453,2.3138],[-60.8368,2.348],[-60.8364,2.3691],[-60.8469,2.3819],[-60.845,2.4044],[-60.8353,2.4231],[-60.8345,2.4267],[-60.8361,2.438],[-60.8275,2.4558],[-60.8217,2.5194],[-60.8239,2.5472],[-60.8209,2.5538],[-60.7747,2.6438],[-60.7626,2.6589],[-60.7139,2.7126],[-60.6942,2.7286],[-60.6736,2.7769],[-60.6717,2.7955],[-60.6658,2.8081],[-60.6487,2.8354],[-60.6337,2.8457],[-60.6033,2.8569],[-60.57,2.8835],[-60.5678,2.8852],[-60.5642,2.8846],[-60.559,2.8756],[-60.5611,2.8728],[-60.5581,2.8615],[-60.5091,2.8376],[-60.4916,2.8367],[-60.4757,2.8304],[-60.4751,2.8301]]]}},{"type":"Feature","properties":{"nome":"Caracaraí","cod":"1400209","uf":"RR"},"geometry":{"type":"Polygon","coordinates":[[[-61.4143,2.026],[-61.3822,2.0066],[-61.3691,2.0017],[-61.3655,1.9973],[-61.332,1.9941],[-61.2649,1.9742],[-61.2198,1.9711],[-61.1883,1.9742],[-61.1799,1.9774],[-61.1422,1.9784],[-61.0981,1.9847],[-61.0677,1.9952],[-61.0216,2.0],[-61.0181,1.9784],[-60.9974,1.9583],[-60.9819,1.9493],[-60.9776,1.9461],[-60.9674,1.9573],[-60.9554,1.9644],[-60.9384,1.9668],[-60.9351,1.976],[-60.9263,1.9848],[-60.9134,1.9854],[-60.8981,1.9799],[-60.8739,1.9848],[-60.8705,1.9819],[-60.8426,1.9845],[-60.8303,1.9836],[-60.8043,1.9953],[-60.7931,1.9935],[-60.7882,1.9996],[-60.7429,1.9998],[-60.7419,1.9989],[-60.7478,1.9777],[-60.7599,1.958],[-60.7599,1.936],[-60.7496,1.9061],[-60.7391,1.8976],[-60.724,1.8969],[-60.7065,1.9026],[-60.6691,1.8964],[-60.6553,1.8979],[-60.6381,1.8706],[-60.6249,1.8641],[-60.6164,1.8644],[-60.5893,1.8515],[-60.577,1.8338],[-60.5753,1.8229],[-60.5785,1.8108],[-60.5746,1.7908],[-60.5686,1.7811],[-60.5588,1.7792],[-60.5571,1.7709],[-60.547,1.7612],[-60.5449,1.7526],[-60.5546,1.7373],[-60.5633,1.7327],[-60.5727,1.7201],[-60.5769,1.7218],[-60.581,1.7146],[-60.5792,1.7125],[-60.5831,1.7101],[-60.5781,1.7067],[-60.5639,1.7128],[-60.5364,1.709],[-60.5328,1.718],[-60.53,1.7179],[-60.5258,1.7246],[-60.5216,1.7202],[-60.4926,1.7101],[-60.4912,1.7223],[-60.4844,1.7304],[-60.4647,1.7317],[-60.4366,1.743],[-60.4291,1.7418],[-60.4159,1.7469],[-60.4051,1.7469],[-60.4001,1.7401],[-60.3886,1.7373],[-60.3835,1.7478],[-60.3776,1.748],[-60.3758,1.7593],[-60.3676,1.7616],[-60.3578,1.7766],[-60.3476,1.7788],[-60.3433,1.7774],[-60.3386,1.7868],[-60.3323,1.7889],[-60.3314,1.7979],[-60.3207,1.8034],[-60.3016,1.8278],[-60.2797,1.8379],[-60.2748,1.8479],[-60.2699,1.8497],[-60.2558,1.8666],[-60.2375,1.8764],[-60.2359,1.8826],[-60.2295,1.884],[-60.2234,1.8916],[-60.2224,1.9042],[-60.2062,1.9131],[-60.1968,1.9228],[-60.1974,1.9268],[-60.166,1.9583],[-60.1666,1.9671],[-60.1561,2.0],[-59.9871,2.0],[-59.9292,2.0],[-59.733,2.0],[-59.7325,1.9841],[-59.7361,1.9841],[-59.7408,1.9722],[-59.7358,1.9675],[-59.74,1.9575],[-59.7375,1.9558],[-59.7455,1.9414],[-59.7453,1.9291],[-59.7555,1.9219],[-59.7536,1.9125],[-59.7589,1.9008],[-59.7464,1.8789],[-59.753,1.8669],[-59.7511,1.8589],[-59.7456,1.8522],[-59.735,1.8516],[-59.7347,1.8486],[-59.7333,1.8519],[-59.72,1.8497],[-59.7103,1.855],[-59.6914,1.8539],[-59.68,1.8458],[-59.6772,1.8389],[-59.6653,1.8486],[-59.6689,1.8611],[-59.6625,1.8708],[-59.6625,1.8633],[-59.6494,1.8439],[-59.658,1.8247],[-59.6539,1.8172],[-59.66,1.8111],[-59.6644,1.8139],[-59.6725,1.8077],[-59.6783,1.8075],[-59.6806,1.7966],[-59.6783,1.7908],[-59.6853,1.7902],[-59.688,1.7789],[-59.6847,1.7744],[-59.6884,1.7672],[-59.6897,1.7566],[-59.6658,1.755],[-59.6625,1.7372],[-59.6533,1.7433],[-59.6325,1.7414],[-59.6294,1.7283],[-59.6169,1.7155],[-59.6075,1.7227],[-59.5872,1.7266],[-59.5836,1.7325],[-59.5661,1.7361],[-59.5564,1.7241],[-59.55,1.7286],[-59.5447,1.7216],[-59.5386,1.7227],[-59.533,1.7166],[-59.5339,1.7091],[-59.5261,1.7027],[-59.5258,1.6916],[-59.5133,1.6811],[-59.5108,1.6689],[-59.5069,1.6683],[-59.5067,1.6747],[-59.5,1.6775],[-59.4928,1.6738],[-59.4944,1.6455],[-59.4892,1.6416],[-59.4825,1.6269],[-59.4647,1.618],[-59.4475,1.6197],[-59.4372,1.5941],[-59.4267,1.5866],[-59.4306,1.5666],[-59.4225,1.5561],[-59.4122,1.5519],[-59.4433,1.5467],[-59.4472,1.5461],[-59.4542,1.5516],[-59.4558,1.5583],[-59.4661,1.5597],[-59.4653,1.5725],[-59.4869,1.5966],[-59.5058,1.5908],[-59.5233,1.5914],[-59.5361,1.5977],[-59.5719,1.6039],[-59.5881,1.6116],[-59.5953,1.6094],[-59.6114,1.6211],[-59.6147,1.6269],[-59.63,1.6244],[-59.6406,1.6147],[-59.645,1.6144],[-59.6444,1.6086],[-59.6475,1.6077],[-59.6617,1.6102],[-59.6636,1.6139],[-59.6594,1.6219],[-59.6703,1.6253],[-59.6786,1.6175],[-59.6947,1.6136],[-59.708,1.6047],[-59.7189,1.6108],[-59.7642,1.6066],[-59.7756,1.5919],[-59.7739,1.5858],[-59.7653,1.5797],[-59.7686,1.5725],[-59.7669,1.5639],[-59.7758,1.5633],[-59.7806,1.5586],[-59.7903,1.5591],[-59.7967,1.5347],[-59.805,1.5283],[-59.8078,1.5328],[-59.8136,1.5325],[-59.8153,1.5289],[-59.8031,1.5105],[-59.8189,1.4902],[-59.8206,1.48],[-59.815,1.4739],[-59.8192,1.4627],[-59.8172,1.4516],[-59.8017,1.4366],[-59.7919,1.4322],[-59.7939,1.4125],[-59.7872,1.4144],[-59.7861,1.4091],[-59.7806,1.4066],[-59.78,1.3941],[-59.7739,1.3886],[-59.7783,1.3811],[-59.7747,1.3819],[-59.7758,1.3777],[-59.7719,1.3766],[-59.7761,1.3728],[-59.7717,1.3666],[-59.78,1.363],[-59.7819,1.3558],[-59.7786,1.3555],[-59.783,1.3547],[-59.7828,1.35],[-59.7903,1.3391],[-59.7855,1.3336],[-59.7931,1.3297],[-59.7911,1.3239],[-59.7853,1.3216],[-59.7861,1.3189],[-59.7814,1.3189],[-59.7792,1.3144],[-59.7817,1.3136],[-59.7789,1.3055],[-59.785,1.2955],[-59.7864,1.2841],[-59.785,1.2789],[-59.7811,1.2825],[-59.7789,1.2764],[-59.785,1.2655],[-59.8067,1.2633],[-59.805,1.2553],[-59.8161,1.2539],[-59.8236,1.2566],[-59.8256,1.2439],[-59.8347,1.2252],[-59.8342,1.2161],[-59.8425,1.2086],[-59.8408,1.2008],[-59.8489,1.1997],[-59.8564,1.19],[-59.8669,1.188],[-59.8778,1.213],[-59.88,1.2028],[-59.8897,1.1972],[-59.8961,1.2028],[-59.9089,1.2],[-59.9133,1.1914],[-59.9199,1.193],[-59.9261,1.1944],[-59.9325,1.1889],[-59.94,1.1919],[-59.9422,1.1875],[-59.9508,1.1844],[-59.9458,1.1764],[-59.9608,1.1783],[-59.9692,1.1655],[-59.9678,1.1586],[-59.9744,1.1397],[-59.9819,1.1358],[-59.987,1.1312],[-59.9919,1.1247],[-60.0025,1.1241],[-60.0122,1.1178],[-60.0136,1.1244],[-60.0272,1.1253],[-60.0453,1.12],[-60.0558,1.1111],[-60.0631,1.1122],[-60.0814,1.1028],[-60.1147,1.1036],[-60.1225,1.0961],[-60.1314,1.1033],[-60.2142,1.1294],[-60.2232,1.1295],[-60.2392,1.1297],[-60.2433,1.1205],[-60.2447,1.1244],[-60.2522,1.1219],[-60.2666,1.1285],[-60.2782,1.1306],[-60.2911,1.1158],[-60.2994,1.1225],[-60.2955,1.1306],[-60.3,1.1375],[-60.3131,1.1325],[-60.3203,1.1441],[-60.3197,1.1483],[-60.3236,1.1478],[-60.3242,1.1383],[-60.3311,1.1358],[-60.3378,1.1378],[-60.3436,1.133],[-60.3519,1.1439],[-60.3539,1.1416],[-60.3494,1.1378],[-60.3569,1.1302],[-60.3619,1.1355],[-60.3758,1.1397],[-60.378,1.1364],[-60.4013,1.1303],[-60.4133,1.1244],[-60.4178,1.1175],[-60.4139,1.1072],[-60.4172,1.1022],[-60.4233,1.1],[-60.4264,1.1064],[-60.4328,1.1069],[-60.4444,1.0977],[-60.4506,1.0983],[-60.4522,1.0808],[-60.4669,1.0816],[-60.4639,1.0703],[-60.4803,1.0594],[-60.4819,1.0461],[-60.4975,1.04],[-60.5094,1.0261],[-60.5133,0.9905],[-60.5222,0.9861],[-60.5356,0.993],[-60.5367,0.9877],[-60.5411,0.9855],[-60.5381,0.9753],[-60.5447,0.9703],[-60.5425,0.9661],[-60.5458,0.9666],[-60.5605,0.9555],[-60.5542,0.9572],[-60.5569,0.9447],[-60.5608,0.9394],[-60.5731,0.9439],[-60.5742,0.9416],[-60.5683,0.9364],[-60.5833,0.9328],[-60.5928,0.9239],[-60.6017,0.9328],[-60.6019,0.9253],[-60.5967,0.9205],[-60.6044,0.9103],[-60.6022,0.9047],[-60.6114,0.9041],[-60.6192,0.8975],[-60.6308,0.9008],[-60.6353,0.8964],[-60.6503,0.9033],[-60.6544,0.8911],[-60.6606,0.8922],[-60.6686,0.8791],[-60.6769,0.8864],[-60.6817,0.8766],[-60.6839,0.8844],[-60.6853,0.8766],[-60.6814,0.875],[-60.6881,0.873],[-60.6906,0.8839],[-60.6942,0.8775],[-60.7056,0.8705],[-60.7097,0.8797],[-60.7136,0.8797],[-60.7119,0.8691],[-60.7183,0.8683],[-60.7239,0.8816],[-60.7311,0.8833],[-60.7336,0.8986],[-60.7403,0.9],[-60.7414,0.903],[-60.738,0.9069],[-60.7317,0.9069],[-60.7325,0.9128],[-60.7261,0.9214],[-60.7294,0.9347],[-60.7555,0.9397],[-60.7675,0.9364],[-60.7789,0.9458],[-60.7792,0.9589],[-60.7864,0.9669],[-60.7902,0.9669],[-60.7897,0.9722],[-60.81,0.9825],[-60.8097,0.9866],[-60.8225,1.0039],[-60.8167,1.0186],[-60.8158,1.0311],[-60.8208,1.0397],[-60.8178,1.0486],[-60.8208,1.0541],[-60.8192,1.063],[-60.8319,1.0691],[-60.8339,1.0753],[-60.8403,1.0764],[-60.8419,1.0905],[-60.859,1.1078],[-60.8832,1.1292],[-60.9011,1.124],[-60.9058,1.1183],[-60.9053,1.1091],[-60.9108,1.1011],[-60.9056,1.0952],[-60.9117,1.0936],[-60.9239,1.0739],[-60.9431,1.0725],[-60.9483,1.0828],[-60.9605,1.0889],[-60.9742,1.085],[-60.9847,1.0928],[-60.9911,1.083],[-61.0025,1.0897],[-61.0114,1.0847],[-61.0122,1.0983],[-61.0156,1.1033],[-61.0181,1.1036],[-61.0219,1.0947],[-61.0219,1.0844],[-61.0397,1.0877],[-61.0436,1.0827],[-61.0361,1.0727],[-61.0489,1.0608],[-61.0464,1.0461],[-61.065,1.0361],[-61.0636,1.0311],[-61.0575,1.0275],[-61.0689,1.0203],[-61.0631,1.0122],[-61.0672,1.0097],[-61.0806,1.0158],[-61.0908,1.0075],[-61.0855,1.0033],[-61.0883,0.9977],[-61.0961,0.9939],[-61.0997,0.9864],[-61.1058,0.9908],[-61.1142,0.9828],[-61.11,0.9764],[-61.1147,0.9691],[-61.1081,0.9633],[-61.1294,0.9639],[-61.1272,0.9583],[-61.1194,0.9575],[-61.1275,0.9441],[-61.1428,0.9522],[-61.1447,0.9411],[-61.1492,0.9364],[-61.1558,0.9405],[-61.1539,0.948],[-61.1564,0.9544],[-61.1625,0.9578],[-61.1744,0.9541],[-61.1719,0.9605],[-61.1764,0.9628],[-61.1869,0.96],[-61.1872,0.95],[-61.1919,0.9503],[-61.2025,0.9783],[-61.2183,1.0],[-61.2256,1.0022],[-61.2325,1.0014],[-61.2419,0.9914],[-61.2503,0.9725],[-61.2558,0.9669],[-61.2625,0.9675],[-61.2639,0.9791],[-61.2744,0.9769],[-61.2881,0.9789],[-61.3064,0.9858],[-61.3169,0.9955],[-61.3453,0.98],[-61.355,0.9691],[-61.3642,0.9591],[-61.3689,0.9378],[-61.3753,0.9258],[-61.4239,0.8703],[-61.4317,0.833],[-61.4533,0.7858],[-61.5,0.7239],[-61.5267,0.7064],[-61.5589,0.6797],[-61.57,0.6664],[-61.5925,0.6286],[-61.6147,0.6069],[-61.6356,0.533],[-61.6497,0.5158],[-61.6753,0.4972],[-61.687,0.4832],[-61.7108,0.4361],[-61.7225,0.392],[-61.7351,0.3526],[-61.7583,0.31],[-61.7717,0.2344],[-61.7772,0.168],[-61.7694,0.0978],[-61.7733,0.0588],[-61.7814,0.0355],[-61.8022,0.0],[-61.8047,-0.0161],[-61.8147,-0.032],[-61.813,-0.0545],[-61.7908,-0.0909],[-61.7894,-0.1009],[-61.7953,-0.1211],[-61.8055,-0.1389],[-61.8089,-0.1667],[-61.8178,-0.2006],[-61.8339,-0.2453],[-61.8375,-0.2714],[-61.834,-0.2944],[-61.8294,-0.3172],[-61.8402,-0.3496],[-61.8458,-0.3628],[-61.8442,-0.3883],[-61.8403,-0.3965],[-61.8297,-0.4142],[-61.805,-0.4408],[-61.7997,-0.4561],[-61.8003,-0.4695],[-61.8183,-0.5039],[-61.8244,-0.5256],[-61.8229,-0.5392],[-61.8114,-0.5628],[-61.8097,-0.6081],[-61.8406,-0.6705],[-61.8556,-0.6944],[-61.8672,-0.7236],[-61.8611,-0.7653],[-61.8481,-0.7975],[-61.8475,-0.8214],[-61.8544,-0.84],[-61.8744,-0.86],[-61.8817,-0.8775],[-61.8828,-0.8961],[-61.8717,-0.9181],[-61.8692,-0.9314],[-61.8892,-1.0],[-61.8583,-1.0569],[-61.8614,-1.0808],[-61.8744,-1.0983],[-61.8808,-1.1264],[-61.8781,-1.1381],[-61.863,-1.1639],[-61.8494,-1.1983],[-61.8419,-1.2486],[-61.8386,-1.2581],[-61.842,-1.2696],[-61.8719,-1.33],[-61.8642,-1.3678],[-61.8536,-1.3881],[-61.8424,-1.3981],[-61.8401,-1.4002],[-61.8689,-1.4014],[-61.8961,-1.395],[-61.905,-1.3792],[-61.9055,-1.3713],[-61.9086,-1.3483],[-61.9269,-1.3203],[-61.945,-1.3044],[-61.9494,-1.2967],[-61.9564,-1.2656],[-61.9664,-1.2425],[-61.9875,-1.2164],[-61.9889,-1.2014],[-62.0169,-1.1414],[-62.0617,-1.0994],[-62.0711,-1.0972],[-62.0875,-1.0997],[-62.0992,-1.0964],[-62.105,-1.0861],[-62.1142,-1.0831],[-62.1178,-1.0761],[-62.1108,-1.06],[-62.125,-1.037],[-62.1425,-1.037],[-62.145,-1.0281],[-62.1544,-1.0258],[-62.1678,-1.0139],[-62.1714,-1.0056],[-62.1994,-1.0],[-62.2033,-0.9825],[-62.213,-0.9833],[-62.2269,-0.9731],[-62.2586,-0.9756],[-62.2717,-0.9517],[-62.2856,-0.9436],[-62.2933,-0.9478],[-62.2978,-0.9406],[-62.3122,-0.93],[-62.3167,-0.9139],[-62.3281,-0.9153],[-62.3397,-0.9039],[-62.3561,-0.8747],[-62.3644,-0.877],[-62.3661,-0.8689],[-62.3758,-0.8658],[-62.3694,-0.8589],[-62.373,-0.8483],[-62.38,-0.8433],[-62.3755,-0.8361],[-62.3936,-0.8286],[-62.3953,-0.82],[-62.4278,-0.8119],[-62.4328,-0.8036],[-62.4422,-0.8017],[-62.4478,-0.8097],[-62.4528,-0.8036],[-62.4611,-0.8014],[-62.465,-0.7886],[-62.4803,-0.7947],[-62.5006,-0.7811],[-62.5039,-0.7653],[-62.5097,-0.7586],[-62.4944,-0.7503],[-62.4983,-0.7336],[-62.5055,-0.7306],[-62.5078,-0.7139],[-62.495,-0.7036],[-62.4925,-0.6872],[-62.4861,-0.6811],[-62.4692,-0.6936],[-62.4633,-0.6878],[-62.4553,-0.6917],[-62.4281,-0.6925],[-62.425,-0.6997],[-62.4164,-0.7031],[-62.41,-0.71],[-62.4064,-0.7269],[-62.3922,-0.7192],[-62.39,-0.7092],[-62.3817,-0.7058],[-62.3667,-0.7097],[-62.3583,-0.7067],[-62.3608,-0.6992],[-62.3689,-0.695],[-62.3722,-0.6861],[-62.3703,-0.6764],[-62.3533,-0.6767],[-62.3483,-0.6703],[-62.3408,-0.6756],[-62.3329,-0.6705],[-62.3315,-0.6619],[-62.3262,-0.656],[-62.3176,-0.6613],[-62.3087,-0.6605],[-62.3037,-0.6538],[-62.2959,-0.6519],[-62.287,-0.638],[-62.2931,-0.6224],[-62.3012,-0.6188],[-62.2998,-0.6105],[-62.2915,-0.6102],[-62.2904,-0.6019],[-62.302,-0.5869],[-62.3092,-0.583],[-62.3079,-0.5671],[-62.3179,-0.5521],[-62.309,-0.546],[-62.3112,-0.5371],[-62.3034,-0.5344],[-62.3087,-0.5138],[-62.3023,-0.5083],[-62.2942,-0.5074],[-62.2859,-0.4933],[-62.2898,-0.4838],[-62.284,-0.4771],[-62.2745,-0.4783],[-62.2704,-0.4702],[-62.2776,-0.4649],[-62.2734,-0.4538],[-62.2481,-0.4394],[-62.2429,-0.4319],[-62.2267,-0.4255],[-62.2212,-0.4091],[-62.2123,-0.408],[-62.2167,-0.3991],[-62.2017,-0.3927],[-62.2059,-0.3766],[-62.2034,-0.368],[-62.1948,-0.3641],[-62.1934,-0.3383],[-62.1879,-0.3305],[-62.2192,-0.3108],[-62.2259,-0.3169],[-62.2354,-0.3169],[-62.239,-0.3077],[-62.2479,-0.3016],[-62.245,-0.2941],[-62.2537,-0.2794],[-62.2531,-0.271],[-62.2412,-0.2605],[-62.2379,-0.2524],[-62.2465,-0.2519],[-62.2526,-0.2363],[-62.2529,-0.2194],[-62.2448,-0.2113],[-62.2465,-0.1896],[-62.2415,-0.1813],[-62.2445,-0.1744],[-62.2581,-0.1649],[-62.2676,-0.1635],[-62.2901,-0.1391],[-62.2934,-0.128],[-62.3192,-0.1022],[-62.3174,-0.0842],[-62.3217,-0.07],[-62.3297,-0.0686],[-62.3317,-0.0603],[-62.3228,-0.0617],[-62.3227,-0.0605],[-62.3214,-0.0378],[-62.3258,-0.0311],[-62.3222,-0.0239],[-62.3461,0.03],[-62.3611,0.0411],[-62.3703,0.0544],[-62.3903,0.06],[-62.4144,0.0747],[-62.4239,0.0919],[-62.4283,0.1189],[-62.4239,0.1355],[-62.4238,0.1401],[-62.4228,0.145],[-62.4237,0.1499],[-62.4236,0.1536],[-62.4281,0.1739],[-62.438,0.1952],[-62.4522,0.2078],[-62.4539,0.2439],[-62.4678,0.2761],[-62.4581,0.3138],[-62.4664,0.3333],[-62.4606,0.353],[-62.4514,0.3655],[-62.4525,0.3739],[-62.4459,0.3795],[-62.4556,0.3928],[-62.458,0.418],[-62.4672,0.4264],[-62.4847,0.4544],[-62.5087,0.4402],[-62.5181,0.444],[-62.5224,0.4859],[-62.5325,0.5092],[-62.5272,0.5469],[-62.5178,0.5842],[-62.5378,0.6755],[-62.5349,0.6907],[-62.5295,0.7063],[-62.5281,0.7105],[-62.5,0.7483],[-62.4875,0.7586],[-62.4625,0.7772],[-62.4572,0.7855],[-62.4656,0.8294],[-62.4805,0.843],[-62.4856,0.8669],[-62.4705,0.9175],[-62.4478,0.9436],[-62.4422,0.9589],[-62.443,0.9679],[-62.4431,0.9686],[-62.4495,0.9841],[-62.4611,0.9953],[-62.4742,1.0166],[-62.4772,1.0283],[-62.4739,1.0406],[-62.4786,1.0483],[-62.4778,1.0569],[-62.47,1.0778],[-62.4711,1.0866],[-62.4797,1.0892],[-62.4894,1.085],[-62.5206,1.0842],[-62.5291,1.0892],[-62.5453,1.1241],[-62.5466,1.1302],[-62.5542,1.1752],[-62.5806,1.2415],[-62.5892,1.2671],[-62.5993,1.3085],[-62.6017,1.3261],[-62.6103,1.353],[-62.62,1.363],[-62.6258,1.3855],[-62.62,1.3947],[-62.6197,1.4041],[-62.6394,1.4386],[-62.6561,1.4489],[-62.6764,1.455],[-62.6981,1.4758],[-62.7203,1.4889],[-62.7303,1.5],[-62.7358,1.53],[-62.6847,1.5315],[-62.6677,1.5364],[-62.5885,1.6019],[-62.5501,1.6094],[-62.5158,1.6355],[-62.482,1.6446],[-62.4656,1.6486],[-62.3978,1.6844],[-62.3749,1.7023],[-62.3608,1.715],[-62.2856,1.7597],[-62.2755,1.7609],[-62.2633,1.7705],[-62.2421,1.7759],[-62.2089,1.7955],[-62.1571,1.8211],[-62.142,1.8317],[-62.1069,1.8453],[-62.0799,1.8638],[-62.0615,1.8726],[-62.0532,1.8746],[-62.0362,1.8838],[-62.0134,1.8881],[-61.9719,1.9046],[-61.9577,1.9149],[-61.9305,1.9162],[-61.9097,1.9236],[-61.8959,1.9231],[-61.8746,1.9357],[-61.8446,1.9366],[-61.8127,1.9336],[-61.8082,1.938],[-61.8008,1.9367],[-61.7811,1.9472],[-61.7649,1.9505],[-61.7492,1.9407],[-61.7224,1.9379],[-61.7181,1.9403],[-61.6729,1.9412],[-61.616,1.9391],[-61.5903,1.9503],[-61.5888,1.9575],[-61.5829,1.9627],[-61.5546,1.9686],[-61.5337,1.9898],[-61.5149,1.9961],[-61.4882,2.0114],[-61.4785,2.0134],[-61.4481,2.0101],[-61.4319,2.0211],[-61.4143,2.026]]]}},{"type":"Feature","properties":{"nome":"Caroebe","cod":"1400233","uf":"RR"},"geometry":{"type":"Polygon","coordinates":[[[-59.6114,1.6211],[-59.5953,1.6094],[-59.5881,1.6116],[-59.5719,1.6039],[-59.5361,1.5977],[-59.5233,1.5914],[-59.5058,1.5908],[-59.4869,1.5966],[-59.4653,1.5725],[-59.4661,1.5597],[-59.4558,1.5583],[-59.4542,1.5516],[-59.4472,1.5461],[-59.4433,1.5467],[-59.4122,1.5519],[-59.3992,1.5575],[-59.3956,1.5555],[-59.3939,1.5375],[-59.3836,1.5291],[-59.3839,1.5233],[-59.3783,1.5211],[-59.3814,1.5075],[-59.3725,1.5066],[-59.3644,1.51],[-59.3617,1.5041],[-59.3578,1.5105],[-59.3583,1.5183],[-59.3392,1.5186],[-59.3294,1.5141],[-59.3319,1.5061],[-59.3211,1.4825],[-59.3275,1.4739],[-59.3267,1.4644],[-59.3136,1.4605],[-59.31,1.4664],[-59.3019,1.4658],[-59.2867,1.4533],[-59.2836,1.45],[-59.2881,1.445],[-59.2881,1.4394],[-59.2839,1.4375],[-59.2744,1.418],[-59.2825,1.4108],[-59.2717,1.4069],[-59.2689,1.4008],[-59.2589,1.3972],[-59.2528,1.3886],[-59.2333,1.3866],[-59.2261,1.3777],[-59.2072,1.3716],[-59.2042,1.3772],[-59.1961,1.3786],[-59.1869,1.375],[-59.1714,1.3575],[-59.1606,1.3594],[-59.1522,1.3491],[-59.1456,1.3475],[-59.1311,1.3528],[-59.1181,1.343],[-59.1022,1.3486],[-59.0956,1.345],[-59.0894,1.3466],[-59.0867,1.3389],[-59.0758,1.3314],[-59.0697,1.33],[-59.0658,1.3358],[-59.0572,1.335],[-59.0525,1.3247],[-59.0481,1.323],[-59.0225,1.3314],[-59.0128,1.3241],[-59.0,1.3241],[-58.9933,1.3275],[-58.9889,1.3247],[-58.9817,1.3078],[-58.9783,1.3019],[-58.9725,1.3097],[-58.9656,1.3128],[-58.918,1.3169],[-58.915,1.3141],[-58.9153,1.3064],[-58.9233,1.2939],[-58.9219,1.2902],[-58.918,1.2852],[-58.8983,1.2797],[-58.8864,1.2605],[-58.9042,1.2514],[-58.9042,1.2416],[-58.9117,1.2386],[-58.895,1.228],[-58.895,0.9051],[-58.8951,0.5921],[-58.895,0.2639],[-59.1918,0.2639],[-59.4331,0.2639],[-59.4369,0.2907],[-59.4454,0.3002],[-59.4487,0.3116],[-59.4576,0.3176],[-59.464,0.337],[-59.4706,0.3459],[-59.4651,0.3601],[-59.4661,0.3658],[-59.4591,0.3715],[-59.4587,0.3828],[-59.4533,0.3847],[-59.4529,0.4019],[-59.4661,0.4301],[-59.4716,0.4287],[-59.4795,0.4332],[-59.4938,0.4347],[-59.4952,0.4374],[-59.5044,0.4372],[-59.5069,0.4574],[-59.5172,0.4631],[-59.5222,0.4904],[-59.5335,0.499],[-59.5347,0.5071],[-59.5393,0.5099],[-59.5451,0.5219],[-59.5528,0.5255],[-59.5592,0.5228],[-59.5657,0.5258],[-59.588,0.5449],[-59.5937,0.5639],[-59.6033,0.5639],[-59.6144,0.5706],[-59.6409,0.5706],[-59.6499,0.5709],[-59.6864,0.5408],[-59.7055,0.5481],[-59.743,0.5425],[-59.7681,0.5747],[-59.797,0.6024],[-59.7984,0.6081],[-59.8015,0.6073],[-59.8058,0.615],[-59.8141,0.6187],[-59.8119,0.6311],[-59.7836,0.7941],[-59.779,0.8205],[-59.7759,0.828],[-59.7694,0.8296],[-59.7623,0.8385],[-59.7706,0.8518],[-59.7599,0.9055],[-59.7547,0.9196],[-59.7594,0.9242],[-59.7517,1.0013],[-59.7385,1.0762],[-59.7427,1.1104],[-59.747,1.1462],[-59.7523,1.1898],[-59.776,1.2772],[-59.7789,1.2764],[-59.7811,1.2825],[-59.785,1.2789],[-59.7864,1.2841],[-59.785,1.2955],[-59.7789,1.3055],[-59.7817,1.3136],[-59.7792,1.3144],[-59.7814,1.3189],[-59.7861,1.3189],[-59.7853,1.3216],[-59.7911,1.3239],[-59.7931,1.3297],[-59.7855,1.3336],[-59.7903,1.3391],[-59.7828,1.35],[-59.783,1.3547],[-59.7786,1.3555],[-59.7819,1.3558],[-59.78,1.363],[-59.7717,1.3666],[-59.7761,1.3728],[-59.7719,1.3766],[-59.7758,1.3777],[-59.7747,1.3819],[-59.7783,1.3811],[-59.7739,1.3886],[-59.78,1.3941],[-59.7806,1.4066],[-59.7861,1.4091],[-59.7872,1.4144],[-59.7939,1.4125],[-59.7919,1.4322],[-59.8017,1.4366],[-59.8172,1.4516],[-59.8192,1.4627],[-59.815,1.4739],[-59.8206,1.48],[-59.8189,1.4902],[-59.8031,1.5105],[-59.8153,1.5289],[-59.8136,1.5325],[-59.8078,1.5328],[-59.805,1.5283],[-59.7967,1.5347],[-59.7903,1.5591],[-59.7806,1.5586],[-59.7758,1.5633],[-59.7669,1.5639],[-59.7686,1.5725],[-59.7653,1.5797],[-59.7739,1.5858],[-59.7756,1.5919],[-59.7642,1.6066],[-59.7189,1.6108],[-59.708,1.6047],[-59.6947,1.6136],[-59.6786,1.6175],[-59.6703,1.6253],[-59.6594,1.6219],[-59.6636,1.6139],[-59.6617,1.6102],[-59.6475,1.6077],[-59.6444,1.6086],[-59.645,1.6144],[-59.6406,1.6147],[-59.63,1.6244],[-59.6147,1.6269],[-59.6114,1.6211]]]}},{"type":"Feature","properties":{"nome":"Iracema","cod":"1400282","uf":"RR"},"geometry":{"type":"Polygon","coordinates":[[[-63.2121,2.8302],[-63.1978,2.8182],[-63.1731,2.8103],[-63.1462,2.8097],[-63.136,2.8022],[-63.116,2.8044],[-63.0925,2.7991],[-63.0674,2.812],[-63.0525,2.8067],[-63.0303,2.8125],[-62.9819,2.8061],[-62.97,2.8027],[-62.973,2.7955],[-62.9667,2.7855],[-62.9547,2.7826],[-62.9537,2.7774],[-62.9479,2.7747],[-62.9217,2.7725],[-62.9175,2.7642],[-62.9257,2.7431],[-62.924,2.7285],[-62.9278,2.7225],[-62.9711,2.7003],[-62.9814,2.6997],[-63.005,2.6841],[-63.0262,2.6839],[-63.0362,2.6779],[-63.0446,2.6628],[-63.0506,2.6403],[-63.0851,2.605],[-63.0928,2.5932],[-63.0959,2.5761],[-63.0735,2.5538],[-63.0711,2.54],[-63.0733,2.5063],[-63.0555,2.45],[-63.0602,2.4059],[-63.056,2.3944],[-63.0491,2.3926],[-63.0331,2.3883],[-63.0117,2.3918],[-62.9769,2.3903],[-62.962,2.3749],[-62.9561,2.3611],[-62.937,2.353],[-62.9325,2.348],[-62.9154,2.3541],[-62.9125,2.3519],[-62.8808,2.3264],[-62.8497,2.3071],[-62.8387,2.2863],[-62.818,2.2756],[-62.7975,2.2697],[-62.7712,2.2696],[-62.7551,2.264],[-62.6776,2.2683],[-62.635,2.2633],[-62.623,2.2587],[-62.6184,2.2477],[-62.6064,2.241],[-62.6026,2.231],[-62.609,2.2173],[-62.6068,2.2086],[-62.6062,2.1993],[-62.5937,2.173],[-62.583,2.1594],[-62.5592,2.1426],[-62.5606,2.1328],[-62.558,2.1245],[-62.537,2.1229],[-62.5251,2.1357],[-62.5163,2.1349],[-62.5105,2.1286],[-62.4959,2.126],[-62.4882,2.1297],[-62.4403,2.1267],[-62.4341,2.1341],[-62.356,2.1843],[-62.3442,2.1949],[-62.3272,2.2009],[-62.307,2.2152],[-62.2885,2.215],[-62.2521,2.2221],[-62.2215,2.2323],[-62.1795,2.2372],[-62.1714,2.2426],[-62.161,2.2478],[-62.1534,2.2436],[-62.1272,2.2194],[-62.11,2.1812],[-62.1063,2.1842],[-62.0269,2.252],[-62.0021,2.2637],[-61.9717,2.2677],[-61.9391,2.2784],[-61.8759,2.3077],[-61.8465,2.3157],[-61.754,2.3183],[-61.7312,2.3275],[-61.7197,2.3376],[-61.7095,2.3569],[-61.6723,2.3863],[-61.6565,2.3908],[-61.6136,2.4135],[-61.5955,2.4169],[-61.5685,2.4112],[-61.5645,2.4072],[-61.5614,2.3976],[-61.5537,2.37],[-61.5326,2.3372],[-61.5078,2.3264],[-61.4539,2.317],[-61.4262,2.3036],[-61.3709,2.2733],[-61.3461,2.2664],[-61.3275,2.2751],[-61.305,2.2789],[-61.2764,2.2687],[-61.2651,2.2712],[-61.2517,2.2798],[-61.2265,2.2798],[-61.2026,2.2567],[-61.1964,2.2552],[-61.0726,2.2893],[-61.0505,2.2984],[-60.9825,2.2501],[-60.9535,2.2376],[-60.9378,2.2156],[-60.9566,2.1947],[-61.0154,2.1453],[-61.0476,2.0836],[-61.0525,2.0633],[-61.0509,2.0513],[-61.0369,2.0254],[-61.032,2.0086],[-61.0216,2.0],[-61.0677,1.9952],[-61.0981,1.9847],[-61.1422,1.9784],[-61.1799,1.9774],[-61.1883,1.9742],[-61.2198,1.9711],[-61.2649,1.9742],[-61.332,1.9941],[-61.3655,1.9973],[-61.3691,2.0017],[-61.3822,2.0066],[-61.4143,2.026],[-61.4319,2.0211],[-61.4481,2.0101],[-61.4785,2.0134],[-61.4882,2.0114],[-61.5149,1.9961],[-61.5337,1.9898],[-61.5546,1.9686],[-61.5829,1.9627],[-61.5888,1.9575],[-61.5903,1.9503],[-61.616,1.9391],[-61.6729,1.9412],[-61.7181,1.9403],[-61.7224,1.9379],[-61.7492,1.9407],[-61.7649,1.9505],[-61.7811,1.9472],[-61.8008,1.9367],[-61.8082,1.938],[-61.8127,1.9336],[-61.8446,1.9366],[-61.8746,1.9357],[-61.8959,1.9231],[-61.9097,1.9236],[-61.9305,1.9162],[-61.9577,1.9149],[-61.9719,1.9046],[-62.0134,1.8881],[-62.0362,1.8838],[-62.0532,1.8746],[-62.0615,1.8726],[-62.0799,1.8638],[-62.1069,1.8453],[-62.142,1.8317],[-62.1571,1.8211],[-62.2089,1.7955],[-62.2421,1.7759],[-62.2633,1.7705],[-62.2755,1.7609],[-62.2856,1.7597],[-62.3608,1.715],[-62.3749,1.7023],[-62.3978,1.6844],[-62.4656,1.6486],[-62.482,1.6446],[-62.5158,1.6355],[-62.5501,1.6094],[-62.5885,1.6019],[-62.6677,1.5364],[-62.6847,1.5315],[-62.7358,1.53],[-62.7391,1.5325],[-62.7493,1.5363],[-62.7563,1.548],[-62.7813,1.5729],[-62.8008,1.587],[-62.8048,1.5917],[-62.8062,1.6044],[-62.7958,1.631],[-62.773,1.6566],[-62.7654,1.6716],[-62.7556,1.6761],[-62.733,1.6954],[-62.7232,1.7127],[-62.7305,1.8186],[-62.7037,1.8743],[-62.6982,1.9123],[-62.7047,1.9369],[-62.7099,1.9445],[-62.7191,1.9538],[-62.7419,1.967],[-62.8116,1.9916],[-62.8117,1.9917],[-62.8127,1.992],[-62.8284,2.0136],[-62.8383,2.0168],[-62.9193,2.0253],[-62.948,2.0314],[-62.9803,2.0181],[-63.0233,2.015],[-63.053,2.0292],[-63.0627,2.0362],[-63.0703,2.0403],[-63.0723,2.0432],[-63.0767,2.0464],[-63.085,2.0618],[-63.1067,2.0797],[-63.1193,2.0968],[-63.1357,2.135],[-63.1358,2.1376],[-63.138,2.1431],[-63.1371,2.1614],[-63.141,2.1728],[-63.1581,2.1746],[-63.1649,2.1806],[-63.1936,2.1815],[-63.2728,2.1557],[-63.2823,2.1542],[-63.3103,2.1653],[-63.3593,2.1974],[-63.3716,2.2122],[-63.3718,2.2121],[-63.4007,2.2459],[-63.4022,2.2534],[-63.3973,2.2746],[-63.4009,2.297],[-63.425,2.3646],[-63.4218,2.3789],[-63.3943,2.4074],[-63.3954,2.4265],[-63.4063,2.4363],[-63.4455,2.4428],[-63.4995,2.4363],[-63.5903,2.4152],[-63.6554,2.3942],[-63.7034,2.3874],[-63.7506,2.3871],[-63.7803,2.3916],[-63.8335,2.4084],[-63.8673,2.4248],[-63.9607,2.455],[-63.9775,2.4679],[-63.9619,2.4738],[-63.9573,2.4708],[-63.9127,2.491],[-63.8241,2.5295],[-63.8117,2.5347],[-63.7048,2.5818],[-63.6693,2.5977],[-63.6635,2.5952],[-63.6493,2.6062],[-63.6259,2.6028],[-63.6111,2.606],[-63.5858,2.6028],[-63.5522,2.5901],[-63.5362,2.5937],[-63.5281,2.6004],[-63.5055,2.6289],[-63.5094,2.6713],[-63.4962,2.6782],[-63.4939,2.6834],[-63.499,2.6995],[-63.4984,2.7209],[-63.4905,2.7517],[-63.492,2.759],[-63.4872,2.7721],[-63.4743,2.7882],[-63.4638,2.7911],[-63.4364,2.785],[-63.4308,2.7802],[-63.4211,2.7825],[-63.4097,2.7739],[-63.3933,2.7688],[-63.3881,2.7697],[-63.387,2.7801],[-63.3818,2.7843],[-63.3698,2.788],[-63.3299,2.7886],[-63.3174,2.7923],[-63.2937,2.8153],[-63.2775,2.8248],[-63.2554,2.8297],[-63.2402,2.8232],[-63.2184,2.8293],[-63.2121,2.8302]]]}},{"type":"Feature","properties":{"nome":"Mucajaí","cod":"1400308","uf":"RR"},"geometry":{"type":"Polygon","coordinates":[[[-61.5642,2.9402],[-61.5572,2.929],[-61.5481,2.9258],[-61.5464,2.9141],[-61.5431,2.9113],[-61.5361,2.9125],[-61.5339,2.9038],[-61.5295,2.9002],[-61.4964,2.8869],[-61.4842,2.8916],[-61.4783,2.8886],[-61.47,2.893],[-61.4572,2.8861],[-61.4556,2.8936],[-61.4503,2.8955],[-61.445,2.8769],[-61.4368,2.8696],[-61.4281,2.8697],[-61.4197,2.8641],[-61.4056,2.8616],[-61.3814,2.8386],[-61.3708,2.84],[-61.3692,2.8288],[-61.3786,2.8161],[-61.3667,2.8091],[-61.3586,2.7919],[-61.3561,2.7711],[-61.3472,2.7677],[-61.3439,2.758],[-61.3342,2.7616],[-61.3311,2.7486],[-61.3247,2.745],[-61.3264,2.7302],[-61.3075,2.7261],[-61.3136,2.7186],[-61.2961,2.7061],[-61.2958,2.7013],[-61.3019,2.6925],[-61.2936,2.6763],[-61.2905,2.6586],[-61.2855,2.6586],[-61.2767,2.67],[-61.2661,2.6711],[-61.2528,2.6677],[-61.2422,2.6525],[-61.2371,2.6509],[-61.2225,2.6566],[-61.215,2.6644],[-61.2139,2.6816],[-61.2,2.6816],[-61.1958,2.688],[-61.1833,2.6775],[-61.1388,2.6995],[-61.1339,2.705],[-61.1336,2.7202],[-61.1289,2.7161],[-61.1261,2.698],[-61.1019,2.695],[-61.0947,2.708],[-61.0805,2.7022],[-61.0744,2.6908],[-61.0556,2.6861],[-61.0453,2.675],[-61.0392,2.6744],[-61.0342,2.6783],[-61.0297,2.6975],[-61.0186,2.6827],[-61.0,2.682],[-60.9844,2.6738],[-60.9806,2.6672],[-60.9686,2.6645],[-60.9614,2.6466],[-60.9572,2.6455],[-60.9481,2.6516],[-60.9425,2.6516],[-60.9167,2.628],[-60.9119,2.5969],[-60.9167,2.5736],[-60.9144,2.5683],[-60.917,2.5641],[-60.9269,2.5644],[-60.9267,2.5533],[-60.9433,2.5205],[-60.9206,2.5197],[-60.8947,2.5105],[-60.8927,2.5026],[-60.8939,2.4919],[-60.9133,2.4744],[-60.9125,2.4683],[-60.9064,2.4664],[-60.9019,2.4747],[-60.8917,2.4761],[-60.8694,2.4625],[-60.8572,2.4489],[-60.8575,2.4419],[-60.8678,2.435],[-60.8481,2.4286],[-60.8361,2.438],[-60.8345,2.4267],[-60.8353,2.4231],[-60.845,2.4044],[-60.8469,2.3819],[-60.8364,2.3691],[-60.8368,2.348],[-60.8453,2.3138],[-60.8531,2.305],[-60.8903,2.2841],[-60.9092,2.236],[-60.9378,2.2156],[-60.9535,2.2376],[-60.9825,2.2501],[-61.0505,2.2984],[-61.0726,2.2893],[-61.1964,2.2552],[-61.2026,2.2567],[-61.2265,2.2798],[-61.2517,2.2798],[-61.2651,2.2712],[-61.2764,2.2687],[-61.305,2.2789],[-61.3275,2.2751],[-61.3461,2.2664],[-61.3709,2.2733],[-61.4262,2.3036],[-61.4539,2.317],[-61.5078,2.3264],[-61.5326,2.3372],[-61.5537,2.37],[-61.5614,2.3976],[-61.5645,2.4072],[-61.5685,2.4112],[-61.5955,2.4169],[-61.6136,2.4135],[-61.6565,2.3908],[-61.6723,2.3863],[-61.7095,2.3569],[-61.7197,2.3376],[-61.7312,2.3275],[-61.754,2.3183],[-61.8465,2.3157],[-61.8759,2.3077],[-61.9391,2.2784],[-61.9717,2.2677],[-62.0021,2.2637],[-62.0269,2.252],[-62.1063,2.1842],[-62.11,2.1812],[-62.1272,2.2194],[-62.1534,2.2436],[-62.161,2.2478],[-62.1714,2.2426],[-62.1795,2.2372],[-62.2215,2.2323],[-62.2521,2.2221],[-62.2885,2.215],[-62.307,2.2152],[-62.3272,2.2009],[-62.3442,2.1949],[-62.356,2.1843],[-62.4341,2.1341],[-62.4403,2.1267],[-62.4882,2.1297],[-62.4959,2.126],[-62.5105,2.1286],[-62.5163,2.1349],[-62.5251,2.1357],[-62.537,2.1229],[-62.558,2.1245],[-62.5606,2.1328],[-62.5592,2.1426],[-62.583,2.1594],[-62.5937,2.173],[-62.6062,2.1993],[-62.6068,2.2086],[-62.609,2.2173],[-62.6026,2.231],[-62.6064,2.241],[-62.6184,2.2477],[-62.623,2.2587],[-62.635,2.2633],[-62.6776,2.2683],[-62.7551,2.264],[-62.7712,2.2696],[-62.7975,2.2697],[-62.818,2.2756],[-62.8387,2.2863],[-62.8497,2.3071],[-62.8808,2.3264],[-62.9125,2.3519],[-62.9154,2.3541],[-62.9325,2.348],[-62.937,2.353],[-62.9561,2.3611],[-62.962,2.3749],[-62.9769,2.3903],[-63.0117,2.3918],[-63.0331,2.3883],[-63.0491,2.3926],[-63.056,2.3944],[-63.0602,2.4059],[-63.0555,2.45],[-63.0733,2.5063],[-63.0711,2.54],[-63.0735,2.5538],[-63.0959,2.5761],[-63.0928,2.5932],[-63.0851,2.605],[-63.0506,2.6403],[-63.0446,2.6628],[-63.0362,2.6779],[-63.0262,2.6839],[-63.005,2.6841],[-62.9814,2.6997],[-62.9711,2.7003],[-62.9278,2.7225],[-62.924,2.7285],[-62.9257,2.7431],[-62.9175,2.7642],[-62.9103,2.7683],[-62.9011,2.7677],[-62.8989,2.7644],[-62.8917,2.7674],[-62.8825,2.7619],[-62.8772,2.7675],[-62.8639,2.7586],[-62.8603,2.7605],[-62.8551,2.7739],[-62.8497,2.7852],[-62.8455,2.7847],[-62.8428,2.7713],[-62.8353,2.768],[-62.8308,2.758],[-62.8242,2.7597],[-62.7969,2.7366],[-62.7953,2.7277],[-62.7558,2.7327],[-62.7486,2.7258],[-62.733,2.7252],[-62.7122,2.7155],[-62.6978,2.6966],[-62.6847,2.6994],[-62.6861,2.7086],[-62.6575,2.7069],[-62.6517,2.71],[-62.6525,2.7152],[-62.6392,2.7155],[-62.6353,2.7227],[-62.6175,2.7297],[-62.6186,2.7355],[-62.6153,2.7395],[-62.6075,2.7372],[-62.605,2.7413],[-62.5981,2.7422],[-62.5858,2.7344],[-62.5279,2.7464],[-62.5156,2.7505],[-62.5004,2.7616],[-62.4853,2.7702],[-62.4664,2.7691],[-62.4642,2.7744],[-62.4544,2.7741],[-62.4425,2.7816],[-62.4361,2.7811],[-62.4342,2.775],[-62.4072,2.783],[-62.3736,2.7755],[-62.3492,2.7733],[-62.3453,2.7755],[-62.3139,2.7633],[-62.2928,2.7597],[-62.2828,2.7622],[-62.2742,2.7575],[-62.2242,2.7558],[-62.2181,2.7569],[-62.2111,2.7647],[-62.2011,2.7622],[-62.2047,2.7572],[-62.195,2.7477],[-62.1383,2.7483],[-62.1311,2.7447],[-62.0936,2.7475],[-62.0825,2.7461],[-62.0775,2.7405],[-62.065,2.7383],[-62.0592,2.7338],[-62.0428,2.7338],[-62.0333,2.73],[-62.0056,2.7338],[-61.9958,2.7172],[-61.9772,2.7169],[-61.9736,2.7116],[-61.9772,2.6997],[-61.9725,2.6883],[-61.9456,2.6841],[-61.9405,2.685],[-61.9361,2.6908],[-61.9319,2.7033],[-61.9233,2.7061],[-61.9197,2.705],[-61.9133,2.6919],[-61.9003,2.6941],[-61.8894,2.69],[-61.8833,2.6972],[-61.8761,2.6938],[-61.87,2.6838],[-61.8586,2.6836],[-61.8487,2.6881],[-61.8311,2.6969],[-61.8172,2.6894],[-61.8167,2.6975],[-61.8028,2.7044],[-61.7892,2.7061],[-61.7733,2.7202],[-61.7686,2.7116],[-61.763,2.7152],[-61.7517,2.7116],[-61.7342,2.7163],[-61.7319,2.7322],[-61.7358,2.7427],[-61.7403,2.7444],[-61.7422,2.738],[-61.7475,2.743],[-61.7406,2.7647],[-61.7344,2.768],[-61.7253,2.7836],[-61.6978,2.79],[-61.6931,2.7947],[-61.6978,2.8041],[-61.7086,2.7997],[-61.7214,2.8122],[-61.7074,2.8371],[-61.7036,2.8497],[-61.6942,2.8636],[-61.6572,2.9002],[-61.6464,2.9063],[-61.6266,2.9326],[-61.6172,2.9319],[-61.6053,2.9402],[-61.595,2.9408],[-61.5775,2.9477],[-61.5692,2.9405],[-61.5642,2.9402]]]}},{"type":"Feature","properties":{"nome":"Normandia","cod":"1400407","uf":"RR"},"geometry":{"type":"Polygon","coordinates":[[[-60.0019,4.2825],[-59.9962,4.2809],[-59.982,4.281],[-59.9343,4.243],[-59.8852,4.2238],[-59.8139,4.2135],[-59.7657,4.212],[-59.7646,4.2091],[-59.7934,4.1873],[-59.7949,4.1799],[-59.7743,4.173],[-59.7684,4.1766],[-59.7559,4.1689],[-59.7343,4.1666],[-59.6997,4.1608],[-59.6803,4.1469],[-59.6425,4.1463],[-59.6161,4.1327],[-59.6214,4.118],[-59.6292,4.1111],[-59.6492,4.0708],[-59.6386,4.068],[-59.6278,4.0541],[-59.6144,4.0541],[-59.6169,4.0502],[-59.6142,4.0388],[-59.5975,4.0302],[-59.5964,4.018],[-59.5997,4.0161],[-59.6078,4.0202],[-59.6092,4.0166],[-59.5994,4.0094],[-59.59,4.0197],[-59.5875,4.0124],[-59.5933,3.9999],[-59.5872,3.9938],[-59.5772,4.0044],[-59.5744,4.0019],[-59.5789,3.9974],[-59.5728,3.9877],[-59.5864,3.9774],[-59.5844,3.9677],[-59.5706,3.9694],[-59.5675,3.965],[-59.5581,3.9788],[-59.5455,3.9791],[-59.5442,3.9727],[-59.5258,3.9674],[-59.52,3.9547],[-59.5225,3.9516],[-59.5158,3.9444],[-59.5269,3.9383],[-59.5244,3.9327],[-59.5281,3.9241],[-59.5347,3.9266],[-59.5386,3.9324],[-59.5433,3.9305],[-59.5414,3.923],[-59.5478,3.9197],[-59.5644,3.9199],[-59.5678,3.8908],[-59.5775,3.9022],[-59.5761,3.8905],[-59.5919,3.8883],[-59.5942,3.8841],[-59.5908,3.8677],[-59.5933,3.8622],[-59.5844,3.8574],[-59.5897,3.8522],[-59.5875,3.8358],[-59.5783,3.8319],[-59.5789,3.8166],[-59.5847,3.8233],[-59.5908,3.8158],[-59.5983,3.8147],[-59.5944,3.8072],[-59.5955,3.7961],[-59.5983,3.7944],[-59.6075,3.8038],[-59.6133,3.803],[-59.6161,3.7947],[-59.6294,3.7847],[-59.633,3.7883],[-59.6275,3.7941],[-59.6281,3.7991],[-59.633,3.7966],[-59.64,3.7849],[-59.6481,3.788],[-59.6644,3.7824],[-59.6708,3.7688],[-59.6692,3.7655],[-59.6797,3.7597],[-59.6794,3.7555],[-59.6725,3.7533],[-59.6744,3.7447],[-59.6692,3.7424],[-59.6639,3.7338],[-59.6711,3.7288],[-59.6628,3.7163],[-59.6681,3.7033],[-59.6803,3.6963],[-59.6886,3.6991],[-59.6936,3.6886],[-59.7042,3.6894],[-59.71,3.6794],[-59.7192,3.6744],[-59.72,3.6663],[-59.7236,3.6633],[-59.7433,3.6597],[-59.7525,3.6522],[-59.76,3.6324],[-59.7689,3.6327],[-59.7642,3.6258],[-59.7742,3.6258],[-59.7906,3.6169],[-59.7983,3.6191],[-59.8067,3.6169],[-59.815,3.6205],[-59.8175,3.6197],[-59.8156,3.6111],[-59.8217,3.6141],[-59.8383,3.6063],[-59.85,3.6049],[-59.85,3.5961],[-59.8575,3.5819],[-59.8658,3.578],[-59.8586,3.5741],[-59.8583,3.5708],[-59.8714,3.5635],[-59.8758,3.5663],[-59.8853,3.5641],[-59.8919,3.5755],[-59.905,3.5866],[-59.9225,3.5788],[-59.9367,3.5591],[-59.9431,3.5608],[-59.9481,3.5702],[-59.9556,3.5736],[-59.9778,3.556],[-59.9967,3.5531],[-60.0269,3.5402],[-60.0364,3.528],[-60.0556,3.5252],[-60.0775,3.5033],[-60.0828,3.4938],[-60.1136,3.4811],[-60.1389,3.4613],[-60.1556,3.463],[-60.1733,3.4471],[-60.1898,3.4114],[-60.2419,3.3941],[-60.2947,3.3874],[-60.3208,3.3694],[-60.3253,3.3963],[-60.3217,3.4136],[-60.3183,3.4183],[-60.2972,3.4291],[-60.2989,3.4394],[-60.2867,3.4466],[-60.2864,3.4597],[-60.3014,3.4758],[-60.2989,3.4869],[-60.31,3.4952],[-60.3103,3.5086],[-60.3206,3.5066],[-60.3294,3.5152],[-60.3297,3.5199],[-60.3211,3.5213],[-60.3219,3.5299],[-60.3372,3.5458],[-60.3525,3.5519],[-60.3567,3.5419],[-60.3722,3.5483],[-60.3808,3.5561],[-60.3761,3.563],[-60.378,3.5661],[-60.3953,3.573],[-60.4064,3.568],[-60.4097,3.5716],[-60.4097,3.5805],[-60.4178,3.5952],[-60.4219,3.6124],[-60.4306,3.6125],[-60.425,3.6213],[-60.4378,3.6269],[-60.432,3.6491],[-60.4372,3.6505],[-60.4433,3.663],[-60.4517,3.6644],[-60.4575,3.6727],[-60.4544,3.6833],[-60.4611,3.6911],[-60.4611,3.6966],[-60.4661,3.698],[-60.4714,3.6949],[-60.475,3.7013],[-60.4695,3.7184],[-60.4728,3.7255],[-60.4814,3.7308],[-60.4836,3.7422],[-60.4883,3.743],[-60.5044,3.7327],[-60.5064,3.7347],[-60.4889,3.7513],[-60.4875,3.7594],[-60.4933,3.773],[-60.485,3.7708],[-60.48,3.7752],[-60.4797,3.7816],[-60.488,3.7888],[-60.4911,3.8011],[-60.4878,3.8049],[-60.4853,3.7988],[-60.4819,3.7986],[-60.4856,3.8277],[-60.4783,3.833],[-60.4767,3.8399],[-60.4814,3.8541],[-60.4875,3.8566],[-60.4906,3.8674],[-60.4994,3.8738],[-60.4894,3.8858],[-60.4908,3.8913],[-60.4872,3.9005],[-60.5009,3.9134],[-60.4881,3.9238],[-60.4928,3.9386],[-60.4842,3.9549],[-60.4708,3.9566],[-60.4605,3.9524],[-60.4578,3.9552],[-60.4575,3.9691],[-60.4617,3.9812],[-60.4594,3.993],[-60.4511,3.998],[-60.4483,4.0152],[-60.4442,4.0163],[-60.4383,4.0291],[-60.4389,4.0363],[-60.445,4.0408],[-60.4494,4.0508],[-60.4461,4.0819],[-60.4567,4.0911],[-60.465,4.1072],[-60.4642,4.1113],[-60.4739,4.115],[-60.4708,4.1269],[-60.4819,4.1319],[-60.4869,4.143],[-60.4906,4.143],[-60.5011,4.1327],[-60.5058,4.1359],[-60.4992,4.1474],[-60.5097,4.1552],[-60.515,4.1669],[-60.5197,4.1697],[-60.5356,4.1674],[-60.5394,4.173],[-60.5358,4.1813],[-60.5422,4.203],[-60.5392,4.2108],[-60.5161,4.201],[-60.504,4.2098],[-60.4943,4.2085],[-60.4862,4.2146],[-60.4691,4.2059],[-60.4512,4.2023],[-60.4062,4.1953],[-60.3901,4.1976],[-60.3623,4.1783],[-60.34,4.1719],[-60.3346,4.1638],[-60.3283,4.1606],[-60.2994,4.1745],[-60.2934,4.1692],[-60.2798,4.1705],[-60.2727,4.1673],[-60.2715,4.1677],[-60.2637,4.174],[-60.2592,4.1833],[-60.2483,4.1884],[-60.2379,4.1888],[-60.2313,4.1969],[-60.2221,4.1968],[-60.2244,4.1831],[-60.2122,4.1837],[-60.2076,4.1803],[-60.1754,4.1939],[-60.1683,4.2061],[-60.1598,4.2041],[-60.1592,4.2089],[-60.1396,4.2222],[-60.1374,4.2302],[-60.143,4.2339],[-60.1331,4.247],[-60.1298,4.2599],[-60.0959,4.2587],[-60.0902,4.2629],[-60.0795,4.2605],[-60.07,4.2733],[-60.0686,4.285],[-60.0446,4.3039],[-60.0326,4.3012],[-60.0019,4.2825]]]}},{"type":"Feature","properties":{"nome":"Pacaraima","cod":"1400456","uf":"RR"},"geometry":{"type":"Polygon","coordinates":[[[-60.6196,4.8356],[-60.6232,4.8203],[-60.6285,4.8216],[-60.6364,4.811],[-60.6415,4.7921],[-60.6393,4.7879],[-60.6418,4.7849],[-60.6364,4.7764],[-60.6397,4.7616],[-60.6378,4.7542],[-60.649,4.7313],[-60.6471,4.7259],[-60.6503,4.7258],[-60.6434,4.7211],[-60.6378,4.7191],[-60.6426,4.7091],[-60.6407,4.7048],[-60.645,4.7023],[-60.644,4.6709],[-60.6259,4.6544],[-60.6306,4.6523],[-60.6285,4.647],[-60.6308,4.6409],[-60.6247,4.6286],[-60.6276,4.6233],[-60.6397,4.6172],[-60.635,4.6054],[-60.611,4.5461],[-60.6284,4.5208],[-60.6294,4.502],[-60.6392,4.4938],[-60.6435,4.4854],[-60.6361,4.4778],[-60.6414,4.4661],[-60.6383,4.4646],[-60.6484,4.4431],[-60.6476,4.4357],[-60.6497,4.4365],[-60.6562,4.4251],[-60.6533,4.4095],[-60.6388,4.4061],[-60.6435,4.399],[-60.6417,4.3921],[-60.6263,4.3958],[-60.6216,4.3923],[-60.5972,4.3888],[-60.5814,4.3621],[-60.5743,4.3556],[-60.5722,4.3442],[-60.5572,4.3335],[-60.5641,4.3247],[-60.5614,4.32],[-60.5558,4.3093],[-60.5482,4.3109],[-60.5441,4.305],[-60.5419,4.2999],[-60.5636,4.2861],[-60.5672,4.2758],[-60.5625,4.2733],[-60.5597,4.2627],[-60.5319,4.2552],[-60.5139,4.2438],[-60.5086,4.2338],[-60.5178,4.2297],[-60.515,4.2272],[-60.5175,4.2233],[-60.5247,4.2227],[-60.5372,4.2136],[-60.5392,4.2108],[-60.5422,4.203],[-60.5358,4.1813],[-60.5394,4.173],[-60.5356,4.1674],[-60.5197,4.1697],[-60.515,4.1669],[-60.5097,4.1552],[-60.4992,4.1474],[-60.5058,4.1359],[-60.5011,4.1327],[-60.4906,4.143],[-60.4869,4.143],[-60.4819,4.1319],[-60.4708,4.1269],[-60.4739,4.115],[-60.4642,4.1113],[-60.465,4.1072],[-60.4567,4.0911],[-60.4461,4.0819],[-60.4494,4.0508],[-60.445,4.0408],[-60.4389,4.0363],[-60.4383,4.0291],[-60.4442,4.0163],[-60.4483,4.0152],[-60.4511,3.998],[-60.4594,3.993],[-60.4617,3.9812],[-60.4575,3.9691],[-60.4578,3.9552],[-60.4605,3.9524],[-60.4708,3.9566],[-60.4842,3.9549],[-60.4928,3.9386],[-60.4881,3.9238],[-60.5009,3.9134],[-60.4872,3.9005],[-60.4908,3.8913],[-60.4894,3.8858],[-60.4994,3.8738],[-60.4906,3.8674],[-60.4875,3.8566],[-60.4814,3.8541],[-60.4767,3.8399],[-60.4783,3.833],[-60.4856,3.8277],[-60.4819,3.7986],[-60.4853,3.7988],[-60.4878,3.8049],[-60.4911,3.8011],[-60.488,3.7888],[-60.4797,3.7816],[-60.48,3.7752],[-60.485,3.7708],[-60.4933,3.773],[-60.4875,3.7594],[-60.4889,3.7513],[-60.5064,3.7347],[-60.5044,3.7327],[-60.4883,3.743],[-60.4836,3.7422],[-60.4814,3.7308],[-60.4728,3.7255],[-60.4695,3.7184],[-60.475,3.7013],[-60.4714,3.6949],[-60.4661,3.698],[-60.4611,3.6966],[-60.4611,3.6911],[-60.4544,3.6833],[-60.4575,3.6727],[-60.4517,3.6644],[-60.4433,3.663],[-60.4372,3.6505],[-60.432,3.6491],[-60.4378,3.6269],[-60.425,3.6213],[-60.4306,3.6125],[-60.4219,3.6124],[-60.4178,3.5952],[-60.4097,3.5805],[-60.4174,3.577],[-60.4185,3.5818],[-60.4277,3.5871],[-60.4374,3.5832],[-60.4357,3.5778],[-60.4423,3.5819],[-60.4501,3.5804],[-60.4533,3.5904],[-60.4609,3.5924],[-60.4715,3.6051],[-60.4826,3.6062],[-60.49,3.5836],[-60.5132,3.5668],[-60.5165,3.5548],[-60.5132,3.5514],[-60.5138,3.5432],[-60.5277,3.5546],[-60.5378,3.5257],[-60.5525,3.519],[-60.554,3.5086],[-60.5461,3.5018],[-60.5517,3.4805],[-60.578,3.4793],[-60.5785,3.4702],[-60.6022,3.4574],[-60.6059,3.4488],[-60.6219,3.4699],[-60.6214,3.4846],[-60.6086,3.5021],[-60.6174,3.5035],[-60.6202,3.5144],[-60.6317,3.5302],[-60.6413,3.5287],[-60.6567,3.5336],[-60.6673,3.5399],[-60.6722,3.5486],[-60.6822,3.5464],[-60.6854,3.5545],[-60.6968,3.5643],[-60.7053,3.5612],[-60.7097,3.5529],[-60.7254,3.5601],[-60.7318,3.5635],[-60.7366,3.5727],[-60.7455,3.575],[-60.7516,3.5753],[-60.7581,3.5685],[-60.7667,3.5665],[-60.7773,3.5755],[-60.7979,3.581],[-60.7977,3.5943],[-60.8117,3.5953],[-60.8036,3.6135],[-60.8173,3.6218],[-60.8226,3.6184],[-60.8311,3.6244],[-60.8318,3.6291],[-60.8396,3.6278],[-60.8419,3.6328],[-60.8496,3.6323],[-60.8572,3.6367],[-60.8669,3.6459],[-60.8675,3.6524],[-60.8622,3.6665],[-60.8681,3.6726],[-60.8734,3.7014],[-60.8829,3.7146],[-60.8807,3.7197],[-60.8847,3.7233],[-60.8889,3.7386],[-60.8831,3.7493],[-60.8834,3.7576],[-60.878,3.7601],[-60.8785,3.7686],[-60.875,3.7736],[-60.8775,3.7796],[-60.8715,3.7877],[-60.8728,3.7997],[-60.8702,3.8068],[-60.8739,3.8315],[-60.8774,3.8348],[-60.8776,3.8445],[-60.8843,3.8484],[-60.887,3.8584],[-60.8978,3.8669],[-60.8962,3.8728],[-60.9036,3.883],[-60.9087,3.9093],[-60.9171,3.9188],[-60.9137,3.9226],[-60.9212,3.9269],[-60.9231,3.9329],[-60.9322,3.9347],[-60.9314,3.9509],[-60.9274,3.9774],[-60.9292,3.9866],[-60.942,4.0025],[-60.9459,4.0021],[-60.956,4.0222],[-60.9612,4.0261],[-60.9617,4.022],[-60.9633,4.0254],[-60.9689,4.0251],[-60.9699,4.0333],[-60.9728,4.0319],[-60.9791,4.0368],[-60.988,4.0325],[-60.9959,4.0395],[-61.0,4.0356],[-61.0042,4.0374],[-61.0049,4.0426],[-61.0131,4.0382],[-61.0167,4.0441],[-61.0198,4.0349],[-61.0284,4.0383],[-61.0319,4.0351],[-61.0311,4.0315],[-61.0397,4.0263],[-61.0354,4.0197],[-61.0421,4.0227],[-61.0486,4.0207],[-61.0542,4.0128],[-61.0489,4.0122],[-61.0481,4.0091],[-61.0548,4.0082],[-61.0579,4.0025],[-61.0735,4.0115],[-61.1087,4.014],[-61.1103,4.0194],[-61.135,4.0232],[-61.1403,4.0212],[-61.1441,4.0248],[-61.1496,4.0247],[-61.1739,4.0364],[-61.1844,4.0431],[-61.1839,4.048],[-61.1931,4.0473],[-61.2064,4.0661],[-61.2221,4.0686],[-61.225,4.0731],[-61.2286,4.0712],[-61.2339,4.0806],[-61.2399,4.0834],[-61.2394,4.0879],[-61.244,4.0906],[-61.2446,4.0957],[-61.2511,4.0977],[-61.2403,4.1182],[-61.242,4.1241],[-61.2391,4.1309],[-61.2419,4.1522],[-61.254,4.1643],[-61.2594,4.1647],[-61.2559,4.1755],[-61.2505,4.1786],[-61.2482,4.189],[-61.2514,4.1941],[-61.2448,4.2013],[-61.2468,4.2118],[-61.2571,4.221],[-61.2573,4.236],[-61.2634,4.2369],[-61.2638,4.2407],[-61.2719,4.2439],[-61.2737,4.251],[-61.2902,4.2652],[-61.2899,4.2706],[-61.3001,4.2741],[-61.3027,4.2801],[-61.299,4.2903],[-61.3019,4.2971],[-61.3212,4.3072],[-61.3238,4.3119],[-61.3368,4.3119],[-61.3477,4.3257],[-61.5078,4.3222],[-61.5206,4.3258],[-61.5206,4.333],[-61.5269,4.3424],[-61.525,4.348],[-61.5164,4.3497],[-61.5214,4.3736],[-61.5203,4.386],[-61.5147,4.3922],[-61.5178,4.3985],[-61.5131,4.4058],[-61.4858,4.4108],[-61.4719,4.4247],[-61.465,4.4247],[-61.4617,4.4366],[-61.4478,4.4394],[-61.445,4.4352],[-61.4394,4.4363],[-61.4353,4.4327],[-61.4417,4.4274],[-61.4408,4.4247],[-61.4278,4.4261],[-61.4269,4.4319],[-61.4217,4.4338],[-61.4075,4.4308],[-61.4039,4.4249],[-61.3719,4.4274],[-61.3511,4.4191],[-61.3381,4.421],[-61.3364,4.4285],[-61.3189,4.4305],[-61.3247,4.4427],[-61.3139,4.4513],[-61.3128,4.458],[-61.2878,4.4577],[-61.2881,4.4636],[-61.2797,4.4677],[-61.2783,4.4783],[-61.2953,4.481],[-61.2967,4.4938],[-61.3031,4.4941],[-61.3115,4.5041],[-61.3217,4.5038],[-61.3219,4.5109],[-61.3292,4.516],[-61.3227,4.5352],[-61.3071,4.537],[-61.3049,4.541],[-61.2996,4.5362],[-61.2848,4.5379],[-61.2755,4.5283],[-61.2703,4.5329],[-61.2693,4.54],[-61.2567,4.5364],[-61.2524,4.5227],[-61.2499,4.5301],[-61.2438,4.5338],[-61.2198,4.5229],[-61.2192,4.5347],[-61.2168,4.5356],[-61.2009,4.5168],[-61.1969,4.5207],[-61.1878,4.5209],[-61.1759,4.5115],[-61.1707,4.5028],[-61.1641,4.5022],[-61.1619,4.4963],[-61.1519,4.496],[-61.1464,4.4819],[-61.1325,4.4988],[-61.127,4.5003],[-61.1251,4.5055],[-61.1074,4.5106],[-61.1028,4.5157],[-61.0962,4.5179],[-61.0949,4.5223],[-61.0768,4.5177],[-61.065,4.5235],[-61.0227,4.5207],[-61.0166,4.5163],[-60.9942,4.5188],[-60.9953,4.5261],[-60.9833,4.5427],[-60.9636,4.5441],[-60.9575,4.5508],[-60.9536,4.5627],[-60.9558,4.5844],[-60.9392,4.5799],[-60.9317,4.5866],[-60.9361,4.5966],[-60.9425,4.6002],[-60.9322,4.6166],[-60.9383,4.6238],[-60.9386,4.6344],[-60.9511,4.6424],[-60.9492,4.653],[-60.9481,4.6558],[-60.9344,4.6574],[-60.93,4.6624],[-60.9167,4.6652],[-60.9089,4.6863],[-60.9114,4.7036],[-60.8994,4.7166],[-60.8747,4.7152],[-60.8703,4.7088],[-60.8525,4.7038],[-60.8314,4.728],[-60.82,4.7272],[-60.8117,4.7316],[-60.8131,4.738],[-60.8061,4.7486],[-60.7892,4.7491],[-60.7881,4.7533],[-60.7636,4.7594],[-60.7511,4.7558],[-60.7428,4.7616],[-60.7378,4.7724],[-60.7264,4.7741],[-60.7206,4.7788],[-60.7264,4.781],[-60.723,4.7861],[-60.7264,4.7916],[-60.7192,4.7999],[-60.7047,4.8099],[-60.6956,4.8108],[-60.6869,4.8199],[-60.6855,4.8266],[-60.6758,4.8316],[-60.6719,4.841],[-60.6586,4.8494],[-60.6558,4.8655],[-60.6478,4.8691],[-60.6533,4.8816],[-60.6519,4.8849],[-60.6375,4.8776],[-60.6309,4.8685],[-60.6304,4.8623],[-60.6236,4.8588],[-60.6134,4.8433],[-60.6196,4.8356]]]}},{"type":"Feature","properties":{"nome":"Rorainópolis","cod":"1400472","uf":"RR"},"geometry":{"type":"Polygon","coordinates":[[[-60.3203,1.1441],[-60.3131,1.1325],[-60.3,1.1375],[-60.2955,1.1306],[-60.2994,1.1225],[-60.2911,1.1158],[-60.2782,1.1306],[-60.2666,1.1285],[-60.2665,1.1147],[-60.2793,1.1148],[-60.2786,1.0952],[-60.2719,1.0936],[-60.2714,1.0777],[-60.2856,1.079],[-60.306,1.0414],[-60.4022,1.0029],[-60.3264,0.9868],[-60.2773,0.9762],[-60.2572,0.9678],[-60.2731,0.9554],[-60.2011,0.88],[-60.2954,0.7762],[-60.2806,0.7607],[-60.2635,0.7427],[-60.2504,0.7421],[-60.2629,0.717],[-60.2526,0.693],[-60.2546,0.6691],[-60.2482,0.6654],[-60.2444,0.6634],[-60.2373,0.6462],[-60.2279,0.6409],[-60.2229,0.6293],[-60.2267,0.6274],[-60.2382,0.6051],[-60.2314,0.5888],[-60.2132,0.5956],[-60.2183,0.5817],[-60.2272,0.5746],[-60.2265,0.5676],[-60.2089,0.5663],[-60.1887,0.5713],[-60.1839,0.5636],[-60.1803,0.5672],[-60.1736,0.5633],[-60.1636,0.5675],[-60.1555,0.5612],[-60.1525,0.5639],[-60.1381,0.5449],[-60.131,0.5255],[-60.1236,0.5239],[-60.1315,0.5051],[-60.1246,0.4844],[-60.1182,0.4803],[-60.1185,0.4577],[-60.0951,0.4352],[-60.0945,0.4176],[-60.0758,0.4026],[-60.082,0.4009],[-60.0861,0.3894],[-60.0936,0.3827],[-60.0954,0.3729],[-60.1044,0.3582],[-60.1024,0.3492],[-60.0993,0.3448],[-60.081,0.3406],[-60.0754,0.3331],[-60.0581,0.3287],[-60.0362,0.3153],[-60.0265,0.3184],[-60.013,0.3087],[-60.0103,0.312],[-60.0033,0.3098],[-60.0043,0.3048],[-60.0135,0.3023],[-60.0176,0.2899],[-60.0388,0.2723],[-60.0375,0.2639],[-60.0463,0.2325],[-60.0586,0.1633],[-60.0727,0.1503],[-60.0863,0.143],[-60.1158,0.1336],[-60.1199,0.1239],[-60.1374,0.103],[-60.1358,0.0933],[-60.1275,0.0886],[-60.123,0.0814],[-60.136,0.0658],[-60.1341,0.0544],[-60.1399,0.0478],[-60.1427,0.0378],[-60.1381,0.0291],[-60.1602,0.0166],[-60.1705,0.0006],[-60.1847,0.0],[-60.1812,-0.0096],[-60.2028,-0.0332],[-60.2057,-0.0612],[-60.2217,-0.0827],[-60.2283,-0.1008],[-60.23,-0.11],[-60.2247,-0.1192],[-60.2269,-0.1283],[-60.22,-0.135],[-60.2239,-0.1425],[-60.2322,-0.1461],[-60.2494,-0.1667],[-60.2489,-0.1747],[-60.2578,-0.1731],[-60.2656,-0.1781],[-60.2639,-0.1892],[-60.2756,-0.2022],[-60.2853,-0.2103],[-60.2931,-0.2053],[-60.2989,-0.2114],[-60.2911,-0.2289],[-60.2989,-0.2558],[-60.3044,-0.2645],[-60.3025,-0.272],[-60.2991,-0.2745],[-60.2954,-0.2816],[-60.295,-0.2853],[-60.2894,-0.2928],[-60.3025,-0.3036],[-60.3017,-0.3278],[-60.3181,-0.3303],[-60.3211,-0.3372],[-60.3167,-0.3583],[-60.3217,-0.3683],[-60.3217,-0.3772],[-60.3356,-0.385],[-60.3428,-0.4014],[-60.3495,-0.4069],[-60.3439,-0.4128],[-60.3453,-0.4203],[-60.3414,-0.43],[-60.3442,-0.4403],[-60.382,-0.47],[-60.3825,-0.4789],[-60.3906,-0.4939],[-60.3906,-0.5028],[-60.3994,-0.5097],[-60.3975,-0.5456],[-60.3944,-0.5531],[-60.3819,-0.5572],[-60.3789,-0.5761],[-60.3875,-0.5811],[-60.3828,-0.5897],[-60.3653,-0.5878],[-60.3647,-0.5967],[-60.3575,-0.605],[-60.3506,-0.622],[-60.3403,-0.6253],[-60.3272,-0.64],[-60.3194,-0.6367],[-60.3131,-0.6411],[-60.3142,-0.6597],[-60.3033,-0.6736],[-60.3083,-0.6895],[-60.3017,-0.6931],[-60.3042,-0.7014],[-60.3028,-0.7067],[-60.3031,-0.7109],[-60.3092,-0.7245],[-60.3167,-0.7225],[-60.3408,-0.7386],[-60.3456,-0.7456],[-60.353,-0.7422],[-60.3769,-0.7425],[-60.3828,-0.7594],[-60.4005,-0.7572],[-60.4186,-0.7639],[-60.4211,-0.7728],[-60.4267,-0.7781],[-60.4342,-0.7722],[-60.4575,-0.7739],[-60.4667,-0.7686],[-60.4786,-0.7706],[-60.4936,-0.7822],[-60.4975,-0.7892],[-60.4917,-0.7964],[-60.4953,-0.8039],[-60.4933,-0.8119],[-60.4983,-0.822],[-60.5061,-0.8211],[-60.5194,-0.8333],[-60.5028,-0.8411],[-60.5042,-0.8489],[-60.5306,-0.8747],[-60.5406,-0.875],[-60.5472,-0.8686],[-60.5572,-0.8695],[-60.5575,-0.8597],[-60.5908,-0.8531],[-60.5939,-0.8719],[-60.6092,-0.8639],[-60.62,-0.8631],[-60.6236,-0.8711],[-60.6333,-0.8681],[-60.6356,-0.8758],[-60.6542,-0.8828],[-60.6675,-0.8942],[-60.6722,-0.8875],[-60.6694,-0.8781],[-60.6753,-0.8731],[-60.7072,-0.8653],[-60.7167,-0.8697],[-60.7319,-0.8581],[-60.7522,-0.8608],[-60.7514,-0.8497],[-60.7541,-0.8419],[-60.7589,-0.8283],[-60.7528,-0.8194],[-60.7586,-0.8095],[-60.7561,-0.7953],[-60.7733,-0.7908],[-60.7728,-0.782],[-60.7661,-0.7778],[-60.7606,-0.7611],[-60.7683,-0.7542],[-60.7767,-0.7558],[-60.7806,-0.7483],[-60.7883,-0.7445],[-60.7967,-0.7444],[-60.7992,-0.7356],[-60.7928,-0.7281],[-60.7949,-0.7148],[-60.7975,-0.7108],[-60.7972,-0.7006],[-60.8117,-0.6917],[-60.8428,-0.6903],[-60.8514,-0.6744],[-60.8469,-0.6636],[-60.8489,-0.6539],[-60.8542,-0.6475],[-60.8606,-0.6419],[-60.8822,-0.6489],[-60.9078,-0.6236],[-60.9083,-0.6156],[-60.9158,-0.61],[-60.9156,-0.5895],[-60.9119,-0.5808],[-60.9203,-0.555],[-60.9297,-0.5545],[-60.9353,-0.5597],[-60.9461,-0.5592],[-60.9528,-0.5542],[-60.9578,-0.56],[-60.975,-0.5622],[-61.0,-0.5595],[-61.0247,-0.5436],[-61.0333,-0.5486],[-61.0456,-0.5456],[-61.0547,-0.5383],[-61.0633,-0.5128],[-61.0869,-0.4997],[-61.0961,-0.4992],[-61.1119,-0.507],[-61.1192,-0.4994],[-61.1286,-0.4972],[-61.1483,-0.4989],[-61.1547,-0.505],[-61.1571,-0.515],[-61.1636,-0.5121],[-61.1731,-0.5078],[-61.198,-0.5056],[-61.2083,-0.4983],[-61.2164,-0.4997],[-61.2225,-0.5053],[-61.2228,-0.5189],[-61.2158,-0.5328],[-61.2236,-0.5389],[-61.2236,-0.5592],[-61.2306,-0.5636],[-61.275,-0.5758],[-61.2832,-0.5741],[-61.2853,-0.5736],[-61.2978,-0.5758],[-61.3256,-0.5975],[-61.3467,-0.5947],[-61.3564,-0.5981],[-61.3661,-0.6067],[-61.39,-0.6172],[-61.4067,-0.6311],[-61.4283,-0.6339],[-61.4303,-0.6428],[-61.4261,-0.6528],[-61.4347,-0.6581],[-61.4564,-0.6567],[-61.4642,-0.6644],[-61.4725,-0.6833],[-61.4744,-0.7022],[-61.4844,-0.7203],[-61.5161,-0.7453],[-61.5322,-0.7508],[-61.5347,-0.7541],[-61.5383,-0.7558],[-61.5398,-0.7609],[-61.5417,-0.7633],[-61.5458,-0.7813],[-61.5517,-0.8014],[-61.5514,-0.8058],[-61.5525,-0.8106],[-61.5494,-0.8389],[-61.543,-0.8431],[-61.5431,-0.852],[-61.5578,-0.8636],[-61.5583,-0.8928],[-61.578,-0.9097],[-61.5797,-0.93],[-61.5847,-0.9367],[-61.5792,-0.9556],[-61.583,-0.9822],[-61.5756,-0.9878],[-61.5602,-0.9877],[-61.5625,-1.0],[-61.5597,-1.0097],[-61.5475,-1.0228],[-61.543,-1.035],[-61.5436,-1.0619],[-61.5461,-1.0708],[-61.5672,-1.0742],[-61.5761,-1.0789],[-61.5778,-1.0881],[-61.5658,-1.0995],[-61.5742,-1.1045],[-61.5775,-1.1128],[-61.5706,-1.12],[-61.5661,-1.1322],[-61.5686,-1.1403],[-61.5783,-1.1506],[-61.5817,-1.1642],[-61.5733,-1.1844],[-61.5822,-1.1892],[-61.5878,-1.1969],[-61.5953,-1.2231],[-61.6064,-1.2442],[-61.6072,-1.2778],[-61.6264,-1.2936],[-61.6283,-1.3011],[-61.6111,-1.3078],[-61.6053,-1.3154],[-61.585,-1.3383],[-61.5817,-1.3531],[-61.5872,-1.3611],[-61.5994,-1.3672],[-61.6186,-1.3944],[-61.6142,-1.4022],[-61.6025,-1.4069],[-61.5939,-1.4053],[-61.5814,-1.4092],[-61.5733,-1.4283],[-61.5475,-1.4292],[-61.5378,-1.4331],[-61.5389,-1.4436],[-61.5325,-1.4647],[-61.516,-1.5021],[-61.4808,-1.5175],[-61.4728,-1.5275],[-61.4694,-1.5378],[-61.47,-1.5456],[-61.475,-1.5528],[-61.4742,-1.5786],[-61.4822,-1.5803],[-61.4905,-1.5744],[-61.5442,-1.5253],[-61.5592,-1.4947],[-61.5717,-1.4778],[-61.6044,-1.4478],[-61.635,-1.4336],[-61.6744,-1.424],[-61.6868,-1.4198],[-61.7227,-1.4054],[-61.7403,-1.3917],[-61.7692,-1.3825],[-61.7897,-1.3786],[-61.7975,-1.3803],[-61.8167,-1.3992],[-61.8401,-1.4002],[-61.8424,-1.3981],[-61.8536,-1.3881],[-61.8642,-1.3678],[-61.8719,-1.33],[-61.842,-1.2696],[-61.8386,-1.2581],[-61.8419,-1.2486],[-61.8494,-1.1983],[-61.863,-1.1639],[-61.8781,-1.1381],[-61.8808,-1.1264],[-61.8744,-1.0983],[-61.8614,-1.0808],[-61.8583,-1.0569],[-61.8892,-1.0],[-61.8692,-0.9314],[-61.8717,-0.9181],[-61.8828,-0.8961],[-61.8817,-0.8775],[-61.8744,-0.86],[-61.8544,-0.84],[-61.8475,-0.8214],[-61.8481,-0.7975],[-61.8611,-0.7653],[-61.8672,-0.7236],[-61.8556,-0.6944],[-61.8406,-0.6705],[-61.8097,-0.6081],[-61.8114,-0.5628],[-61.8229,-0.5392],[-61.8244,-0.5256],[-61.8183,-0.5039],[-61.8003,-0.4695],[-61.7997,-0.4561],[-61.805,-0.4408],[-61.8297,-0.4142],[-61.8403,-0.3965],[-61.8442,-0.3883],[-61.8458,-0.3628],[-61.8402,-0.3496],[-61.8294,-0.3172],[-61.834,-0.2944],[-61.8375,-0.2714],[-61.8339,-0.2453],[-61.8178,-0.2006],[-61.8089,-0.1667],[-61.8055,-0.1389],[-61.7953,-0.1211],[-61.7894,-0.1009],[-61.7908,-0.0909],[-61.813,-0.0545],[-61.8147,-0.032],[-61.8047,-0.0161],[-61.8022,0.0],[-61.7814,0.0355],[-61.7733,0.0588],[-61.7694,0.0978],[-61.7772,0.168],[-61.7717,0.2344],[-61.7583,0.31],[-61.7351,0.3526],[-61.7225,0.392],[-61.7108,0.4361],[-61.687,0.4832],[-61.6753,0.4972],[-61.6497,0.5158],[-61.6356,0.533],[-61.6147,0.6069],[-61.5925,0.6286],[-61.57,0.6664],[-61.5589,0.6797],[-61.5267,0.7064],[-61.5,0.7239],[-61.4533,0.7858],[-61.4317,0.833],[-61.4239,0.8703],[-61.3753,0.9258],[-61.3689,0.9378],[-61.3642,0.9591],[-61.355,0.9691],[-61.3453,0.98],[-61.3169,0.9955],[-61.3064,0.9858],[-61.2881,0.9789],[-61.2744,0.9769],[-61.2639,0.9791],[-61.2625,0.9675],[-61.2558,0.9669],[-61.2503,0.9725],[-61.2419,0.9914],[-61.2325,1.0014],[-61.2256,1.0022],[-61.2183,1.0],[-61.2025,0.9783],[-61.1919,0.9503],[-61.1872,0.95],[-61.1869,0.96],[-61.1764,0.9628],[-61.1719,0.9605],[-61.1744,0.9541],[-61.1625,0.9578],[-61.1564,0.9544],[-61.1539,0.948],[-61.1558,0.9405],[-61.1492,0.9364],[-61.1447,0.9411],[-61.1428,0.9522],[-61.1275,0.9441],[-61.1194,0.9575],[-61.1272,0.9583],[-61.1294,0.9639],[-61.1081,0.9633],[-61.1147,0.9691],[-61.11,0.9764],[-61.1142,0.9828],[-61.1058,0.9908],[-61.0997,0.9864],[-61.0961,0.9939],[-61.0883,0.9977],[-61.0855,1.0033],[-61.0908,1.0075],[-61.0806,1.0158],[-61.0672,1.0097],[-61.0631,1.0122],[-61.0689,1.0203],[-61.0575,1.0275],[-61.0636,1.0311],[-61.065,1.0361],[-61.0464,1.0461],[-61.0489,1.0608],[-61.0361,1.0727],[-61.0436,1.0827],[-61.0397,1.0877],[-61.0219,1.0844],[-61.0219,1.0947],[-61.0181,1.1036],[-61.0156,1.1033],[-61.0122,1.0983],[-61.0114,1.0847],[-61.0025,1.0897],[-60.9911,1.083],[-60.9847,1.0928],[-60.9742,1.085],[-60.9605,1.0889],[-60.9483,1.0828],[-60.9431,1.0725],[-60.9239,1.0739],[-60.9117,1.0936],[-60.9056,1.0952],[-60.9108,1.1011],[-60.9053,1.1091],[-60.9058,1.1183],[-60.9011,1.124],[-60.8832,1.1292],[-60.859,1.1078],[-60.8419,1.0905],[-60.8403,1.0764],[-60.8339,1.0753],[-60.8319,1.0691],[-60.8192,1.063],[-60.8208,1.0541],[-60.8178,1.0486],[-60.8208,1.0397],[-60.8158,1.0311],[-60.8167,1.0186],[-60.8225,1.0039],[-60.8097,0.9866],[-60.81,0.9825],[-60.7897,0.9722],[-60.7902,0.9669],[-60.7864,0.9669],[-60.7792,0.9589],[-60.7789,0.9458],[-60.7675,0.9364],[-60.7555,0.9397],[-60.7294,0.9347],[-60.7261,0.9214],[-60.7325,0.9128],[-60.7317,0.9069],[-60.738,0.9069],[-60.7414,0.903],[-60.7403,0.9],[-60.7336,0.8986],[-60.7311,0.8833],[-60.7239,0.8816],[-60.7183,0.8683],[-60.7119,0.8691],[-60.7136,0.8797],[-60.7097,0.8797],[-60.7056,0.8705],[-60.6942,0.8775],[-60.6906,0.8839],[-60.6881,0.873],[-60.6814,0.875],[-60.6853,0.8766],[-60.6839,0.8844],[-60.6817,0.8766],[-60.6769,0.8864],[-60.6686,0.8791],[-60.6606,0.8922],[-60.6544,0.8911],[-60.6503,0.9033],[-60.6353,0.8964],[-60.6308,0.9008],[-60.6192,0.8975],[-60.6114,0.9041],[-60.6022,0.9047],[-60.6044,0.9103],[-60.5967,0.9205],[-60.6019,0.9253],[-60.6017,0.9328],[-60.5928,0.9239],[-60.5833,0.9328],[-60.5683,0.9364],[-60.5742,0.9416],[-60.5731,0.9439],[-60.5608,0.9394],[-60.5569,0.9447],[-60.5542,0.9572],[-60.5605,0.9555],[-60.5458,0.9666],[-60.5425,0.9661],[-60.5447,0.9703],[-60.5381,0.9753],[-60.5411,0.9855],[-60.5367,0.9877],[-60.5356,0.993],[-60.5222,0.9861],[-60.5133,0.9905],[-60.5094,1.0261],[-60.4975,1.04],[-60.4819,1.0461],[-60.4803,1.0594],[-60.4639,1.0703],[-60.4669,1.0816],[-60.4522,1.0808],[-60.4506,1.0983],[-60.4444,1.0977],[-60.4328,1.1069],[-60.4264,1.1064],[-60.4233,1.1],[-60.4172,1.1022],[-60.4139,1.1072],[-60.4178,1.1175],[-60.4133,1.1244],[-60.4013,1.1303],[-60.378,1.1364],[-60.3758,1.1397],[-60.3619,1.1355],[-60.3569,1.1302],[-60.3494,1.1378],[-60.3539,1.1416],[-60.3519,1.1439],[-60.3436,1.133],[-60.3378,1.1378],[-60.3311,1.1358],[-60.3242,1.1383],[-60.3236,1.1478],[-60.3197,1.1483],[-60.3203,1.1441]]]}},{"type":"Feature","properties":{"nome":"São João da Baliza","cod":"1400506","uf":"RR"},"geometry":{"type":"Polygon","coordinates":[[[-59.776,1.2772],[-59.7523,1.1898],[-59.747,1.1462],[-59.7427,1.1104],[-59.7385,1.0762],[-59.7517,1.0013],[-59.7594,0.9242],[-59.7547,0.9196],[-59.7599,0.9055],[-59.7706,0.8518],[-59.7623,0.8385],[-59.7694,0.8296],[-59.7759,0.828],[-59.779,0.8205],[-59.7836,0.7941],[-59.8119,0.6311],[-59.8141,0.6187],[-59.8058,0.615],[-59.8015,0.6073],[-59.7984,0.6081],[-59.797,0.6024],[-59.7681,0.5747],[-59.743,0.5425],[-59.7055,0.5481],[-59.6864,0.5408],[-59.6499,0.5709],[-59.6409,0.5706],[-59.6144,0.5706],[-59.6033,0.5639],[-59.5937,0.5639],[-59.588,0.5449],[-59.5657,0.5258],[-59.5592,0.5228],[-59.5528,0.5255],[-59.5451,0.5219],[-59.5393,0.5099],[-59.5347,0.5071],[-59.5335,0.499],[-59.5222,0.4904],[-59.5172,0.4631],[-59.5069,0.4574],[-59.5044,0.4372],[-59.4952,0.4374],[-59.4938,0.4347],[-59.4795,0.4332],[-59.4716,0.4287],[-59.4661,0.4301],[-59.4529,0.4019],[-59.4533,0.3847],[-59.4587,0.3828],[-59.4591,0.3715],[-59.4661,0.3658],[-59.4651,0.3601],[-59.4706,0.3459],[-59.464,0.337],[-59.4576,0.3176],[-59.4487,0.3116],[-59.4454,0.3002],[-59.4369,0.2907],[-59.4331,0.2639],[-59.9524,0.2639],[-60.0375,0.2639],[-60.0388,0.2723],[-60.0176,0.2899],[-60.0135,0.3023],[-60.0043,0.3048],[-60.0033,0.3098],[-60.0103,0.312],[-60.013,0.3087],[-60.0265,0.3184],[-60.0362,0.3153],[-60.0581,0.3287],[-60.0754,0.3331],[-60.081,0.3406],[-60.0993,0.3448],[-60.1024,0.3492],[-60.1044,0.3582],[-60.0954,0.3729],[-60.0936,0.3827],[-60.0861,0.3894],[-60.082,0.4009],[-60.0758,0.4026],[-60.0945,0.4176],[-60.0951,0.4352],[-60.1185,0.4577],[-60.1182,0.4803],[-60.1246,0.4844],[-60.1315,0.5051],[-60.1236,0.5239],[-60.131,0.5255],[-60.1381,0.5449],[-60.1525,0.5639],[-60.1484,0.5768],[-60.1413,0.5759],[-60.1224,0.582],[-60.1212,0.5899],[-60.1118,0.5879],[-60.1075,0.5953],[-60.1031,0.5955],[-60.0928,0.6044],[-60.0814,0.6005],[-60.0769,0.6083],[-60.0722,0.6078],[-60.0687,0.6123],[-60.0706,0.6439],[-60.0803,0.6739],[-60.0639,0.6828],[-60.0658,0.6953],[-60.055,0.7405],[-60.0614,0.7478],[-60.0614,0.753],[-60.0508,0.7741],[-60.0536,0.7786],[-60.0461,0.7953],[-60.0477,0.7999],[-60.0501,0.8024],[-60.0545,0.808],[-60.0554,0.8335],[-60.0617,0.8377],[-60.0594,0.8419],[-60.0522,0.8622],[-60.0561,0.8705],[-60.0497,0.8816],[-60.0497,0.8997],[-60.0394,0.9058],[-60.035,0.915],[-60.0286,0.9164],[-60.0183,0.9403],[-60.0205,0.9561],[-59.9861,0.968],[-59.9819,0.9705],[-59.9806,0.9786],[-59.9798,0.9812],[-59.9753,0.9891],[-59.9806,1.0],[-59.9815,1.0937],[-59.9819,1.1358],[-59.9744,1.1397],[-59.9678,1.1586],[-59.9692,1.1655],[-59.9608,1.1783],[-59.9458,1.1764],[-59.9508,1.1844],[-59.9422,1.1875],[-59.94,1.1919],[-59.9325,1.1889],[-59.9261,1.1944],[-59.9199,1.193],[-59.9133,1.1914],[-59.9089,1.2],[-59.8961,1.2028],[-59.8897,1.1972],[-59.88,1.2028],[-59.8778,1.213],[-59.8669,1.188],[-59.8564,1.19],[-59.8489,1.1997],[-59.8408,1.2008],[-59.8425,1.2086],[-59.8342,1.2161],[-59.8347,1.2252],[-59.8256,1.2439],[-59.8236,1.2566],[-59.8161,1.2539],[-59.805,1.2553],[-59.8067,1.2633],[-59.785,1.2655],[-59.7789,1.2764],[-59.776,1.2772]]]}},{"type":"Feature","properties":{"nome":"São Luiz","cod":"1400605","uf":"RR"},"geometry":{"type":"Polygon","coordinates":[[[-59.9819,1.1358],[-59.9815,1.0937],[-59.9806,1.0],[-59.9753,0.9891],[-59.9798,0.9812],[-59.9806,0.9786],[-59.9819,0.9705],[-59.9861,0.968],[-60.0205,0.9561],[-60.0183,0.9403],[-60.0286,0.9164],[-60.035,0.915],[-60.0394,0.9058],[-60.0497,0.8997],[-60.0497,0.8816],[-60.0561,0.8705],[-60.0522,0.8622],[-60.0594,0.8419],[-60.0617,0.8377],[-60.0554,0.8335],[-60.0545,0.808],[-60.0501,0.8024],[-60.0477,0.7999],[-60.0461,0.7953],[-60.0536,0.7786],[-60.0508,0.7741],[-60.0614,0.753],[-60.0614,0.7478],[-60.055,0.7405],[-60.0658,0.6953],[-60.0639,0.6828],[-60.0803,0.6739],[-60.0706,0.6439],[-60.0687,0.6123],[-60.0722,0.6078],[-60.0769,0.6083],[-60.0814,0.6005],[-60.0928,0.6044],[-60.1031,0.5955],[-60.1075,0.5953],[-60.1118,0.5879],[-60.1212,0.5899],[-60.1224,0.582],[-60.1413,0.5759],[-60.1484,0.5768],[-60.1525,0.5639],[-60.1555,0.5612],[-60.1636,0.5675],[-60.1736,0.5633],[-60.1803,0.5672],[-60.1839,0.5636],[-60.1887,0.5713],[-60.2089,0.5663],[-60.2265,0.5676],[-60.2272,0.5746],[-60.2183,0.5817],[-60.2132,0.5956],[-60.2314,0.5888],[-60.2382,0.6051],[-60.2267,0.6274],[-60.2229,0.6293],[-60.2279,0.6409],[-60.2373,0.6462],[-60.2444,0.6634],[-60.2482,0.6654],[-60.2546,0.6691],[-60.2526,0.693],[-60.2629,0.717],[-60.2504,0.7421],[-60.2635,0.7427],[-60.2806,0.7607],[-60.2954,0.7762],[-60.2011,0.88],[-60.2731,0.9554],[-60.2572,0.9678],[-60.2773,0.9762],[-60.3264,0.9868],[-60.4022,1.0029],[-60.306,1.0414],[-60.2856,1.079],[-60.2714,1.0777],[-60.2719,1.0936],[-60.2786,1.0952],[-60.2793,1.1148],[-60.2665,1.1147],[-60.2666,1.1285],[-60.2522,1.1219],[-60.2447,1.1244],[-60.2433,1.1205],[-60.2392,1.1297],[-60.2232,1.1295],[-60.2142,1.1294],[-60.1314,1.1033],[-60.1225,1.0961],[-60.1147,1.1036],[-60.0814,1.1028],[-60.0631,1.1122],[-60.0558,1.1111],[-60.0453,1.12],[-60.0272,1.1253],[-60.0136,1.1244],[-60.0122,1.1178],[-60.0025,1.1241],[-59.9919,1.1247],[-59.987,1.1312],[-59.9819,1.1358]]]}},{"type":"Feature","properties":{"nome":"Uiramutã","cod":"1400704","uf":"RR"},"geometry":{"type":"Polygon","coordinates":[[[-60.1947,5.2385],[-60.1719,5.2269],[-60.158,5.2319],[-60.1347,5.2485],[-60.1322,5.2252],[-60.1064,5.1944],[-60.0957,5.1432],[-60.0939,5.1405],[-60.0733,5.1391],[-60.0669,5.1338],[-60.0655,5.128],[-60.0597,5.1269],[-60.06,5.121],[-60.0525,5.1108],[-60.0472,5.1122],[-60.0264,5.0966],[-60.0264,5.0927],[-60.0088,5.0868],[-60.0019,5.0894],[-59.9963,5.0848],[-60.003,5.0734],[-59.9973,5.0668],[-60.0077,5.0592],[-59.9954,5.0488],[-59.9954,5.044],[-60.003,5.0346],[-59.9992,5.0298],[-60.0039,5.0241],[-60.002,5.0128],[-59.99,4.9885],[-59.9922,4.9794],[-59.9892,4.9708],[-59.9956,4.9608],[-59.9906,4.9485],[-59.995,4.9458],[-59.9936,4.9324],[-60.0072,4.908],[-60.0167,4.8422],[-60.0189,4.8352],[-60.0294,4.8247],[-60.0333,4.8108],[-60.0281,4.8052],[-60.0364,4.7991],[-60.0394,4.7838],[-60.0267,4.7733],[-60.0308,4.7591],[-60.0289,4.7385],[-60.0431,4.7174],[-60.0308,4.7066],[-60.0297,4.7008],[-60.0633,4.6691],[-60.0783,4.6488],[-60.0803,4.6413],[-60.0747,4.633],[-60.0792,4.6216],[-60.0747,4.6088],[-60.1017,4.5955],[-60.1092,4.6011],[-60.1169,4.5955],[-60.1264,4.5972],[-60.135,4.588],[-60.1272,4.5688],[-60.1419,4.5711],[-60.1436,4.5669],[-60.1403,4.5561],[-60.1494,4.5577],[-60.1533,4.5652],[-60.1597,4.563],[-60.1644,4.5486],[-60.1578,4.5391],[-60.1606,4.5287],[-60.1628,4.5066],[-60.1553,4.5033],[-60.1375,4.5046],[-60.1328,4.5016],[-60.1044,4.5013],[-60.1019,4.5066],[-60.108,4.518],[-60.0911,4.5236],[-60.0872,4.5166],[-60.0894,4.5088],[-60.0764,4.5168],[-60.0681,4.5119],[-60.0714,4.5036],[-60.0706,4.4941],[-60.0644,4.4966],[-60.0453,4.4955],[-60.0339,4.491],[-60.0236,4.4952],[-60.0183,4.4902],[-60.0089,4.4966],[-60.0036,4.4963],[-59.9919,4.4833],[-59.9836,4.4805],[-59.9767,4.4824],[-59.9722,4.4766],[-59.9697,4.4783],[-59.9719,4.4849],[-59.9692,4.5033],[-59.9619,4.5035],[-59.9596,4.499],[-59.9408,4.4914],[-59.9339,4.4944],[-59.9319,4.488],[-59.9222,4.4849],[-59.9269,4.4788],[-59.9256,4.476],[-59.9089,4.4733],[-59.9119,4.463],[-59.9044,4.4547],[-59.895,4.4716],[-59.8815,4.4713],[-59.8769,4.4738],[-59.8744,4.4816],[-59.87,4.483],[-59.8725,4.4741],[-59.86,4.4669],[-59.8656,4.4641],[-59.8678,4.4552],[-59.8583,4.4486],[-59.8497,4.4522],[-59.8403,4.4494],[-59.8311,4.4549],[-59.8281,4.4477],[-59.8117,4.4455],[-59.8044,4.451],[-59.8033,4.4636],[-59.7964,4.4655],[-59.7928,4.4619],[-59.7947,4.4469],[-59.7787,4.4464],[-59.7794,4.4383],[-59.7656,4.4374],[-59.7519,4.4197],[-59.7353,4.4202],[-59.72,4.4055],[-59.7194,4.3955],[-59.6961,4.3794],[-59.6933,4.378],[-59.6839,4.3833],[-59.6719,4.3736],[-59.6825,4.3633],[-59.6761,4.3447],[-59.6903,4.3341],[-59.7022,4.3191],[-59.7025,4.3035],[-59.7092,4.3061],[-59.7158,4.3036],[-59.7222,4.2911],[-59.7314,4.2847],[-59.7267,4.2788],[-59.7289,4.2716],[-59.7153,4.2741],[-59.7075,4.2683],[-59.7353,4.2363],[-59.7314,4.2252],[-59.7319,4.2088],[-59.7261,4.1949],[-59.7206,4.1899],[-59.725,4.1841],[-59.7222,4.1783],[-59.7103,4.1649],[-59.6997,4.1608],[-59.7343,4.1666],[-59.7559,4.1689],[-59.7684,4.1766],[-59.7743,4.173],[-59.7949,4.1799],[-59.7934,4.1873],[-59.7646,4.2091],[-59.7657,4.212],[-59.8139,4.2135],[-59.8852,4.2238],[-59.9343,4.243],[-59.982,4.281],[-59.9962,4.2809],[-60.0019,4.2825],[-60.0326,4.3012],[-60.0446,4.3039],[-60.0686,4.285],[-60.07,4.2733],[-60.0795,4.2605],[-60.0902,4.2629],[-60.0959,4.2587],[-60.1298,4.2599],[-60.1331,4.247],[-60.143,4.2339],[-60.1374,4.2302],[-60.1396,4.2222],[-60.1592,4.2089],[-60.1598,4.2041],[-60.1683,4.2061],[-60.1754,4.1939],[-60.2076,4.1803],[-60.2122,4.1837],[-60.2244,4.1831],[-60.2221,4.1968],[-60.2313,4.1969],[-60.2379,4.1888],[-60.2483,4.1884],[-60.2592,4.1833],[-60.2637,4.174],[-60.2715,4.1677],[-60.2727,4.1673],[-60.2798,4.1705],[-60.2934,4.1692],[-60.2994,4.1745],[-60.3283,4.1606],[-60.3346,4.1638],[-60.34,4.1719],[-60.3623,4.1783],[-60.3901,4.1976],[-60.4062,4.1953],[-60.4512,4.2023],[-60.4691,4.2059],[-60.4862,4.2146],[-60.4943,4.2085],[-60.504,4.2098],[-60.5161,4.201],[-60.5392,4.2108],[-60.5372,4.2136],[-60.5247,4.2227],[-60.5175,4.2233],[-60.515,4.2272],[-60.5178,4.2297],[-60.5086,4.2338],[-60.5139,4.2438],[-60.5319,4.2552],[-60.5597,4.2627],[-60.5625,4.2733],[-60.5672,4.2758],[-60.5636,4.2861],[-60.5419,4.2999],[-60.5441,4.305],[-60.5482,4.3109],[-60.5558,4.3093],[-60.5614,4.32],[-60.5641,4.3247],[-60.5572,4.3335],[-60.5722,4.3442],[-60.5743,4.3556],[-60.5814,4.3621],[-60.5972,4.3888],[-60.6216,4.3923],[-60.6263,4.3958],[-60.6417,4.3921],[-60.6435,4.399],[-60.6388,4.4061],[-60.6533,4.4095],[-60.6562,4.4251],[-60.6497,4.4365],[-60.6476,4.4357],[-60.6484,4.4431],[-60.6383,4.4646],[-60.6414,4.4661],[-60.6361,4.4778],[-60.6435,4.4854],[-60.6392,4.4938],[-60.6294,4.502],[-60.6284,4.5208],[-60.611,4.5461],[-60.635,4.6054],[-60.6397,4.6172],[-60.6276,4.6233],[-60.6247,4.6286],[-60.6308,4.6409],[-60.6285,4.647],[-60.6306,4.6523],[-60.6259,4.6544],[-60.644,4.6709],[-60.645,4.7023],[-60.6407,4.7048],[-60.6426,4.7091],[-60.6378,4.7191],[-60.6434,4.7211],[-60.6503,4.7258],[-60.6471,4.7259],[-60.649,4.7313],[-60.6378,4.7542],[-60.6397,4.7616],[-60.6364,4.7764],[-60.6418,4.7849],[-60.6393,4.7879],[-60.6415,4.7921],[-60.6364,4.811],[-60.6285,4.8216],[-60.6232,4.8203],[-60.6196,4.8356],[-60.6134,4.8433],[-60.6236,4.8588],[-60.6304,4.8623],[-60.6309,4.8685],[-60.6375,4.8776],[-60.6519,4.8849],[-60.6283,4.8891],[-60.6253,4.9044],[-60.6156,4.9183],[-60.6083,4.9244],[-60.5914,4.9272],[-60.5836,4.956],[-60.5922,4.971],[-60.5986,4.9997],[-60.6125,5.0069],[-60.611,5.0155],[-60.6233,5.0274],[-60.6315,5.0504],[-60.6439,5.0572],[-60.6403,5.0819],[-60.6447,5.0963],[-60.6404,5.1101],[-60.6421,5.1175],[-60.6483,5.1193],[-60.6539,5.1127],[-60.6556,5.1147],[-60.6578,5.1342],[-60.6554,5.1493],[-60.6607,5.164],[-60.6789,5.1769],[-60.6803,5.1889],[-60.6862,5.1946],[-60.6942,5.1974],[-60.7011,5.1947],[-60.7178,5.1959],[-60.7276,5.2013],[-60.735,5.2014],[-60.7228,5.2202],[-60.7089,5.2188],[-60.6967,5.2291],[-60.6819,5.2322],[-60.6594,5.2272],[-60.6517,5.2308],[-60.6383,5.2202],[-60.6244,5.2155],[-60.6142,5.2185],[-60.6031,5.2155],[-60.5969,5.2208],[-60.5917,5.2177],[-60.59,5.2077],[-60.5689,5.196],[-60.5453,5.1944],[-60.5392,5.203],[-60.5267,5.2083],[-60.5,5.203],[-60.4742,5.201],[-60.4692,5.2033],[-60.4631,5.1994],[-60.4514,5.2033],[-60.4461,5.1844],[-60.4339,5.1816],[-60.4183,5.1941],[-60.4175,5.206],[-60.4131,5.2138],[-60.4047,5.2113],[-60.3836,5.2222],[-60.3708,5.2149],[-60.3711,5.208],[-60.3667,5.2047],[-60.3556,5.2099],[-60.3453,5.2049],[-60.3361,5.2083],[-60.3278,5.2058],[-60.3194,5.208],[-60.3131,5.2108],[-60.3039,5.2269],[-60.2828,5.2294],[-60.2775,5.2341],[-60.2706,5.2347],[-60.2694,5.2438],[-60.2636,5.2513],[-60.2456,5.2522],[-60.2347,5.263],[-60.2261,5.2641],[-60.2119,5.2722],[-60.2017,5.2669],[-60.1922,5.2522],[-60.1947,5.2385]]]}}]}