{"type":"FeatureCollection","metadata":{"fonte":"IBGE, via github.com/tbrugz/geodata-br"},"features":[{"type":"Feature","properties":{"nome":"Abdon Batista","cod":"4200051","uf":"SC"},"geometry":{"type":"Polygon","coordinates":[[[-51.0378,-27.5044],[-51.0308,-27.5197],[-51.0176,-27.531],[-50.9903,-27.5334],[-50.9859,-27.5302],[-50.9692,-27.5345],[-50.9646,-27.5388],[-50.9687,-27.5485],[-50.9614,-27.5545],[-50.96,-27.5584],[-50.9411,-27.5637],[-50.9345,-27.5703],[-50.9336,-27.5795],[-50.952,-27.569],[-50.969,-27.5707],[-50.9717,-27.5773],[-50.9586,-27.5864],[-50.956,-27.5977],[-50.9886,-27.6052],[-50.9942,-27.6106],[-50.9908,-27.6213],[-50.9782,-27.6293],[-50.9607,-27.6455],[-50.9645,-27.6537],[-50.9715,-27.6584],[-50.9916,-27.6583],[-51.0025,-27.6646],[-51.004,-27.659],[-50.9951,-27.6409],[-51.0194,-27.6413],[-51.0433,-27.6409],[-51.0511,-27.6431],[-51.0418,-27.6502],[-51.0436,-27.6534],[-51.0696,-27.647],[-51.0814,-27.6557],[-51.0889,-27.6536],[-51.0805,-27.6343],[-51.0838,-27.6292],[-51.0926,-27.6319],[-51.1022,-27.6341],[-51.1173,-27.6212],[-51.127,-27.6215],[-51.1326,-27.6221],[-51.141,-27.6121],[-51.1616,-27.6266],[-51.1829,-27.6178],[-51.1851,-27.6099],[-51.1768,-27.6009],[-51.1782,-27.5942],[-51.1724,-27.5934],[-51.1742,-27.5908],[-51.169,-27.5841],[-51.1585,-27.5864],[-51.1427,-27.5798],[-51.133,-27.5597],[-51.1349,-27.5506],[-51.1319,-27.5428],[-51.1237,-27.5387],[-51.1179,-27.5294],[-51.1056,-27.5295],[-51.0954,-27.5243],[-51.0864,-27.5204],[-51.0848,-27.511],[-51.079,-27.5089],[-51.072,-27.5098],[-51.0378,-27.5044]]]}},{"type":"Feature","properties":{"nome":"Abelardo Luz","cod":"4200101","uf":"SC"},"geometry":{"type":"Polygon","coordinates":[[[-52.3975,-26.4284],[-52.3756,-26.4404],[-52.3669,-26.4322],[-52.3526,-26.4409],[-52.3414,-26.4339],[-52.336,-26.4425],[-52.3315,-26.4398],[-52.3283,-26.4427],[-52.323,-26.4402],[-52.3045,-26.4403],[-52.282,-26.463],[-52.2723,-26.4615],[-52.2629,-26.4543],[-52.2541,-26.4551],[-52.2485,-26.4546],[-52.2415,-26.4631],[-52.2317,-26.4642],[-52.2199,-26.4655],[-52.2036,-26.4595],[-52.19,-26.4457],[-52.1852,-26.4449],[-52.1573,-26.4715],[-52.144,-26.4735],[-52.1336,-26.47],[-52.1302,-26.4753],[-52.1187,-26.4778],[-52.1118,-26.4756],[-52.0999,-26.4812],[-52.0962,-26.4874],[-52.0976,-26.5023],[-52.0934,-26.5128],[-52.0876,-26.5089],[-52.0812,-26.523],[-52.078,-26.5263],[-52.0648,-26.5227],[-52.0598,-26.53],[-52.0547,-26.5281],[-52.047,-26.5349],[-52.0311,-26.5428],[-52.0296,-26.5462],[-52.0327,-26.5545],[-52.0284,-26.5597],[-52.027,-26.5777],[-52.0269,-26.5819],[-52.0338,-26.5887],[-52.0282,-26.595],[-52.0413,-26.5999],[-52.0454,-26.6072],[-52.0516,-26.6284],[-52.0551,-26.6445],[-52.0613,-26.6582],[-52.0693,-26.6598],[-52.0682,-26.6633],[-52.066,-26.6688],[-52.0598,-26.6713],[-52.0662,-26.6725],[-52.0673,-26.6789],[-52.0713,-26.6778],[-52.086,-26.6873],[-52.0861,-26.6778],[-52.0963,-26.6783],[-52.0865,-26.6716],[-52.0901,-26.6694],[-52.101,-26.675],[-52.0999,-26.6808],[-52.1082,-26.6797],[-52.1104,-26.689],[-52.1167,-26.6889],[-52.1172,-26.6811],[-52.1221,-26.6828],[-52.1318,-26.6869],[-52.1333,-26.6787],[-52.1443,-26.672],[-52.1488,-26.6773],[-52.1437,-26.6839],[-52.1436,-26.6929],[-52.1315,-26.7051],[-52.1309,-26.7234],[-52.1232,-26.725],[-52.1326,-26.7269],[-52.1393,-26.7219],[-52.1517,-26.7274],[-52.1664,-26.7261],[-52.1854,-26.7133],[-52.1791,-26.7004],[-52.186,-26.6973],[-52.1858,-26.6846],[-52.1803,-26.6815],[-52.1803,-26.6776],[-52.1863,-26.6695],[-52.1978,-26.6641],[-52.2089,-26.6651],[-52.2173,-26.6675],[-52.2179,-26.6744],[-52.2319,-26.6806],[-52.2543,-26.6754],[-52.2623,-26.6658],[-52.2808,-26.6432],[-52.3097,-26.6545],[-52.3273,-26.6614],[-52.3375,-26.6667],[-52.3497,-26.6654],[-52.356,-26.6599],[-52.3684,-26.667],[-52.3681,-26.6718],[-52.3804,-26.6728],[-52.3824,-26.6799],[-52.3927,-26.684],[-52.4,-26.6711],[-52.4072,-26.6705],[-52.4097,-26.6661],[-52.4105,-26.6545],[-52.4079,-26.6509],[-52.399,-26.6442],[-52.3936,-26.6448],[-52.3922,-26.6378],[-52.4144,-26.6137],[-52.4177,-26.5863],[-52.4272,-26.5815],[-52.4444,-26.5866],[-52.4578,-26.5845],[-52.4619,-26.5751],[-52.463,-26.5575],[-52.4765,-26.5438],[-52.4804,-26.5314],[-52.4751,-26.5231],[-52.475,-26.5158],[-52.4667,-26.5108],[-52.4728,-26.5075],[-52.475,-26.4937],[-52.4811,-26.4893],[-52.4785,-26.482],[-52.4806,-26.4697],[-52.4743,-26.4579],[-52.4516,-26.45],[-52.4421,-26.4377],[-52.435,-26.4398],[-52.4187,-26.4369],[-52.4026,-26.4278],[-52.4006,-26.4227],[-52.3975,-26.4284]]]}},{"type":"Feature","properties":{"nome":"Agrolândia","cod":"4200200","uf":"SC"},"geometry":{"type":"Polygon","coordinates":[[[-49.8338,-27.3468],[-49.8243,-27.3562],[-49.8151,-27.3551],[-49.8149,-27.355],[-49.8081,-27.3542],[-49.7873,-27.3618],[-49.7784,-27.3701],[-49.7666,-27.3742],[-49.7552,-27.3824],[-49.7505,-27.3952],[-49.7631,-27.4041],[-49.7824,-27.4137],[-49.8017,-27.4416],[-49.8113,-27.4482],[-49.8083,-27.4543],[-49.8132,-27.4661],[-49.8171,-27.4733],[-49.8151,-27.4788],[-49.8097,-27.4844],[-49.8008,-27.4864],[-49.7938,-27.4769],[-49.7739,-27.4694],[-49.7715,-27.4656],[-49.7625,-27.4681],[-49.7768,-27.4769],[-49.7771,-27.4853],[-49.7827,-27.4821],[-49.7801,-27.4943],[-49.7869,-27.4957],[-49.769,-27.5098],[-49.7538,-27.52],[-49.7579,-27.5234],[-49.7659,-27.5496],[-49.7632,-27.5545],[-49.7698,-27.5643],[-49.7641,-27.5808],[-49.776,-27.5857],[-49.7828,-27.5819],[-49.7893,-27.5707],[-49.824,-27.5488],[-49.8291,-27.5398],[-49.8338,-27.5386],[-49.8315,-27.5288],[-49.8394,-27.5239],[-49.8383,-27.52],[-49.8451,-27.5153],[-49.8511,-27.5037],[-49.849,-27.4933],[-49.8659,-27.498],[-49.8806,-27.4931],[-49.8915,-27.4965],[-49.8932,-27.4891],[-49.8875,-27.4827],[-49.8945,-27.4816],[-49.8891,-27.4656],[-49.8944,-27.4607],[-49.8922,-27.4571],[-49.8955,-27.4587],[-49.9004,-27.4554],[-49.9003,-27.4468],[-49.9059,-27.4408],[-49.9107,-27.4405],[-49.9071,-27.4319],[-49.9004,-27.4237],[-49.8894,-27.4206],[-49.8853,-27.4116],[-49.8756,-27.4097],[-49.8701,-27.396],[-49.8611,-27.3888],[-49.864,-27.3777],[-49.8424,-27.3482],[-49.8338,-27.3468]]]}},{"type":"Feature","properties":{"nome":"Agronômica","cod":"4200309","uf":"SC"},"geometry":{"type":"Polygon","coordinates":[[[-49.7538,-27.244],[-49.7358,-27.262],[-49.7088,-27.248],[-49.6954,-27.2448],[-49.6927,-27.244],[-49.6906,-27.2442],[-49.6986,-27.2499],[-49.6966,-27.255],[-49.6946,-27.2574],[-49.6938,-27.2602],[-49.6916,-27.2693],[-49.6958,-27.2833],[-49.6905,-27.2886],[-49.6802,-27.2896],[-49.6919,-27.3035],[-49.6864,-27.3101],[-49.6897,-27.3158],[-49.6882,-27.3168],[-49.6799,-27.3165],[-49.6746,-27.3228],[-49.6785,-27.335],[-49.6673,-27.3383],[-49.6653,-27.3569],[-49.6589,-27.3873],[-49.6608,-27.3909],[-49.683,-27.3927],[-49.6932,-27.3889],[-49.7018,-27.3846],[-49.7036,-27.3867],[-49.7103,-27.3923],[-49.727,-27.3873],[-49.7419,-27.3972],[-49.7505,-27.3952],[-49.7552,-27.3824],[-49.7666,-27.3742],[-49.7621,-27.3641],[-49.7645,-27.3472],[-49.7712,-27.3405],[-49.7624,-27.3276],[-49.7585,-27.3123],[-49.7612,-27.2962],[-49.7579,-27.2925],[-49.7619,-27.2878],[-49.7604,-27.2822],[-49.7554,-27.2795],[-49.7534,-27.2813],[-49.7528,-27.2781],[-49.7535,-27.2771],[-49.7581,-27.2687],[-49.7683,-27.2683],[-49.7793,-27.2608],[-49.7777,-27.2511],[-49.7538,-27.244]]]}},{"type":"Feature","properties":{"nome":"Água Doce","cod":"4200408","uf":"SC"},"geometry":{"type":"Polygon","coordinates":[[[-51.6457,-26.5754],[-51.6331,-26.5883],[-51.6146,-26.5905],[-51.5975,-26.5857],[-51.5839,-26.5904],[-51.5733,-26.5914],[-51.5705,-26.591],[-51.5297,-26.592],[-51.5111,-26.5833],[-51.4992,-26.5853],[-51.4938,-26.5892],[-51.4904,-26.6052],[-51.4836,-26.6116],[-51.4871,-26.6227],[-51.4749,-26.619],[-51.4683,-26.6207],[-51.4639,-26.6268],[-51.4543,-26.6402],[-51.4553,-26.6536],[-51.4391,-26.6667],[-51.4349,-26.6876],[-51.4067,-26.7001],[-51.411,-26.7168],[-51.4115,-26.7198],[-51.4481,-26.7721],[-51.4569,-26.7734],[-51.4607,-26.7824],[-51.4734,-26.7897],[-51.4695,-26.797],[-51.4718,-26.8076],[-51.4639,-26.808],[-51.4628,-26.8126],[-51.4522,-26.814],[-51.433,-26.8235],[-51.4328,-26.8302],[-51.4273,-26.8327],[-51.4309,-26.8378],[-51.4269,-26.8416],[-51.433,-26.852],[-51.4379,-26.8538],[-51.449,-26.8514],[-51.5099,-26.8382],[-51.524,-26.8679],[-51.5283,-26.8772],[-51.5315,-26.8924],[-51.5404,-26.939],[-51.5249,-26.9563],[-51.515,-26.9618],[-51.5065,-26.961],[-51.5053,-26.9722],[-51.4998,-26.9781],[-51.4723,-27.0128],[-51.465,-27.0146],[-51.4593,-27.0109],[-51.4553,-27.0121],[-51.4514,-27.0187],[-51.4618,-27.0273],[-51.4598,-27.0552],[-51.45,-27.0671],[-51.4568,-27.0696],[-51.4654,-27.0579],[-51.4735,-27.0606],[-51.4661,-27.0507],[-51.476,-27.0543],[-51.4826,-27.0456],[-51.4802,-27.0521],[-51.4917,-27.0619],[-51.4962,-27.0551],[-51.4904,-27.0487],[-51.4978,-27.0488],[-51.5033,-27.0589],[-51.5055,-27.0502],[-51.514,-27.0501],[-51.5192,-27.046],[-51.5218,-27.0499],[-51.5244,-27.0475],[-51.5311,-27.0521],[-51.5314,-27.0523],[-51.542,-27.0565],[-51.574,-27.0479],[-51.5831,-27.0482],[-51.5869,-27.0522],[-51.6014,-27.0516],[-51.6058,-27.0439],[-51.6183,-27.0408],[-51.6155,-27.0337],[-51.6181,-27.0272],[-51.6123,-27.0146],[-51.6152,-27.0043],[-51.6126,-26.9991],[-51.6165,-26.9921],[-51.6094,-26.98],[-51.6303,-26.9794],[-51.6358,-26.962],[-51.632,-26.9428],[-51.6223,-26.9353],[-51.6285,-26.9351],[-51.6527,-26.9316],[-51.6657,-26.9267],[-51.6727,-26.9322],[-51.6914,-26.9306],[-51.686,-26.914],[-51.6742,-26.9128],[-51.6721,-26.9038],[-51.6738,-26.9008],[-51.6743,-26.8845],[-51.6904,-26.8872],[-51.6951,-26.8768],[-51.6899,-26.8583],[-51.6955,-26.8517],[-51.7039,-26.857],[-51.7085,-26.8526],[-51.7234,-26.8525],[-51.7226,-26.8475],[-51.7277,-26.8456],[-51.7168,-26.8406],[-51.7095,-26.8249],[-51.6794,-26.818],[-51.6919,-26.8015],[-51.7039,-26.7913],[-51.723,-26.7874],[-51.7368,-26.7883],[-51.7533,-26.7739],[-51.7679,-26.7877],[-51.7774,-26.7815],[-51.7776,-26.7693],[-51.7837,-26.7708],[-51.7808,-26.7602],[-51.7855,-26.7602],[-51.775,-26.7503],[-51.7741,-26.7447],[-51.7599,-26.7365],[-51.7701,-26.7277],[-51.7793,-26.7092],[-51.8103,-26.6938],[-51.8139,-26.7],[-51.8214,-26.6953],[-51.8251,-26.6967],[-51.8248,-26.7016],[-51.8436,-26.7002],[-51.8452,-26.7089],[-51.8526,-26.7097],[-51.8562,-26.7074],[-51.8557,-26.695],[-51.8534,-26.6888],[-51.8473,-26.6893],[-51.8481,-26.6824],[-51.8703,-26.6924],[-51.8712,-26.6871],[-51.8792,-26.6839],[-51.8827,-26.6765],[-51.8617,-26.676],[-51.8536,-26.6713],[-51.855,-26.6682],[-51.8479,-26.6601],[-51.8522,-26.6513],[-51.847,-26.6469],[-51.8476,-26.6388],[-51.833,-26.625],[-51.8335,-26.6125],[-51.8297,-26.607],[-51.8325,-26.6029],[-51.8207,-26.5939],[-51.8231,-26.5818],[-51.8191,-26.5792],[-51.8073,-26.5852],[-51.7858,-26.5898],[-51.7479,-26.5767],[-51.7336,-26.5748],[-51.7041,-26.5808],[-51.6946,-26.583],[-51.6646,-26.5656],[-51.6457,-26.5754]]]}},{"type":"Feature","properties":{"nome":"Águas de Chapecó","cod":"4200507","uf":"SC"},"geometry":{"type":"Polygon","coordinates":[[[-52.9,-27.031],[-52.899,-27.0663],[-52.8989,-27.0847],[-52.906,-27.0805],[-52.9133,-27.082],[-52.9186,-27.088],[-52.9307,-27.0838],[-52.9344,-27.0915],[-52.9417,-27.0882],[-52.9433,-27.0951],[-52.9503,-27.0979],[-52.9496,-27.1015],[-52.955,-27.0981],[-52.9582,-27.1],[-52.9628,-27.1086],[-52.9591,-27.1134],[-52.9619,-27.1166],[-52.9706,-27.1226],[-52.9714,-27.1286],[-52.9809,-27.1271],[-52.9827,-27.1237],[-52.9885,-27.1329],[-52.9806,-27.1348],[-52.9816,-27.1381],[-52.9933,-27.1378],[-53.003,-27.133],[-53.02,-27.1514],[-53.0261,-27.1567],[-53.0314,-27.1568],[-53.0383,-27.1542],[-53.0426,-27.1455],[-53.0424,-27.1281],[-53.0244,-27.1054],[-53.0179,-27.0904],[-52.9935,-27.0958],[-52.99,-27.0931],[-52.989,-27.0823],[-52.9923,-27.065],[-52.99,-27.0619],[-52.9699,-27.0662],[-52.9829,-27.0398],[-52.9822,-27.0352],[-52.9732,-27.0361],[-52.9563,-27.0395],[-52.9494,-27.0385],[-52.9466,-27.0347],[-52.9569,-27.028],[-52.968,-27.0245],[-52.969,-27.0194],[-52.9512,-27.0014],[-52.9576,-26.9958],[-52.97,-26.9928],[-52.9785,-26.9861],[-52.9801,-26.9795],[-52.9652,-26.9613],[-52.954,-26.9514],[-52.9495,-26.9488],[-52.9482,-26.948],[-52.9338,-26.947],[-52.9426,-26.9619],[-52.9207,-26.9637],[-52.9053,-26.9719],[-52.902,-27.0082],[-52.9006,-27.0245],[-52.9,-27.031]]]}},{"type":"Feature","properties":{"nome":"Águas Frias","cod":"4200556","uf":"SC"},"geometry":{"type":"Polygon","coordinates":[[[-52.8421,-26.8237],[-52.8335,-26.836],[-52.8182,-26.8328],[-52.8058,-26.8303],[-52.8065,-26.838],[-52.8,-26.8506],[-52.7872,-26.8553],[-52.7909,-26.858],[-52.7858,-26.8713],[-52.7946,-26.8742],[-52.8086,-26.8646],[-52.8146,-26.8639],[-52.8179,-26.8701],[-52.809,-26.8788],[-52.7864,-26.8843],[-52.7869,-26.8885],[-52.7963,-26.8898],[-52.8012,-26.8955],[-52.8058,-26.8963],[-52.8258,-26.8872],[-52.822,-26.8802],[-52.8298,-26.8783],[-52.8412,-26.8797],[-52.8461,-26.8914],[-52.8529,-26.8874],[-52.8543,-26.8953],[-52.8759,-26.8934],[-52.8718,-26.8882],[-52.8795,-26.8775],[-52.8935,-26.8748],[-52.8844,-26.8658],[-52.8759,-26.8632],[-52.8827,-26.8603],[-52.8902,-26.8491],[-52.8974,-26.8543],[-52.896,-26.8643],[-52.9037,-26.8646],[-52.9057,-26.8613],[-52.9006,-26.8557],[-52.9026,-26.8505],[-52.9073,-26.8497],[-52.9113,-26.8537],[-52.919,-26.8455],[-52.9173,-26.8385],[-52.9081,-26.8339],[-52.9057,-26.8267],[-52.902,-26.8268],[-52.8953,-26.8228],[-52.8914,-26.8068],[-52.8832,-26.8042],[-52.8771,-26.7967],[-52.8686,-26.8005],[-52.8651,-26.8066],[-52.8536,-26.8101],[-52.8471,-26.8235],[-52.8421,-26.8237]]]}},{"type":"Feature","properties":{"nome":"Águas Mornas","cod":"4200606","uf":"SC"},"geometry":{"type":"Polygon","coordinates":[[[-48.9511,-27.6265],[-48.8511,-27.625],[-48.8454,-27.6245],[-48.839,-27.6323],[-48.8443,-27.6396],[-48.8553,-27.6456],[-48.8616,-27.6551],[-48.8616,-27.6621],[-48.8565,-27.664],[-48.8499,-27.676],[-48.8412,-27.6788],[-48.8388,-27.6883],[-48.8368,-27.6916],[-48.8138,-27.6915],[-48.8123,-27.7025],[-48.8053,-27.705],[-48.8138,-27.7103],[-48.8246,-27.7108],[-48.8269,-27.7161],[-48.8315,-27.7127],[-48.8332,-27.7187],[-48.8477,-27.7087],[-48.8682,-27.7154],[-48.8681,-27.7183],[-48.8631,-27.7293],[-48.8658,-27.738],[-48.8601,-27.7554],[-48.8746,-27.7656],[-48.8743,-27.7722],[-48.8823,-27.7823],[-48.8823,-27.7962],[-48.8787,-27.8007],[-48.8734,-27.8009],[-48.8805,-27.8045],[-48.8769,-27.8125],[-48.8846,-27.8146],[-48.8867,-27.81],[-48.9008,-27.8128],[-48.9048,-27.8083],[-48.9151,-27.8084],[-48.9225,-27.8203],[-48.9471,-27.8153],[-48.9514,-27.8173],[-48.9556,-27.8268],[-48.968,-27.8288],[-48.9684,-27.8292],[-48.9881,-27.8427],[-48.9879,-27.8461],[-49.0034,-27.8599],[-49.0153,-27.862],[-49.0168,-27.8659],[-49.024,-27.8633],[-49.0196,-27.853],[-49.0194,-27.8377],[-49.0307,-27.83],[-49.0359,-27.8236],[-49.0318,-27.8111],[-49.0341,-27.8012],[-49.0295,-27.7847],[-49.0312,-27.774],[-49.0151,-27.7345],[-49.0157,-27.7279],[-49.0064,-27.7224],[-49.0095,-27.7101],[-49.006,-27.7007],[-49.0028,-27.6957],[-48.9935,-27.6976],[-48.9894,-27.6889],[-48.9839,-27.6892],[-48.9745,-27.6694],[-48.97,-27.6681],[-48.9636,-27.6573],[-48.9625,-27.6532],[-48.9705,-27.6509],[-48.9697,-27.6347],[-48.963,-27.6332],[-48.9552,-27.6259],[-48.9511,-27.6265]]]}},{"type":"Feature","properties":{"nome":"Alfredo Wagner","cod":"4200705","uf":"SC"},"geometry":{"type":"Polygon","coordinates":[[[-49.3804,-27.5577],[-49.3687,-27.564],[-49.3545,-27.5621],[-49.3361,-27.5736],[-49.3289,-27.582],[-49.3247,-27.5817],[-49.3218,-27.5888],[-49.3123,-27.5888],[-49.304,-27.5828],[-49.301,-27.5841],[-49.3038,-27.602],[-49.3012,-27.6147],[-49.2871,-27.623],[-49.2859,-27.6328],[-49.2833,-27.642],[-49.2693,-27.6498],[-49.2536,-27.6546],[-49.2451,-27.6534],[-49.2362,-27.6508],[-49.2133,-27.6542],[-49.2015,-27.6455],[-49.1775,-27.6609],[-49.1569,-27.6723],[-49.1485,-27.6876],[-49.1489,-27.6956],[-49.1584,-27.7064],[-49.1519,-27.7116],[-49.1591,-27.7325],[-49.1581,-27.7437],[-49.1649,-27.761],[-49.1901,-27.782],[-49.1942,-27.7875],[-49.1872,-27.7951],[-49.1897,-27.805],[-49.1951,-27.8126],[-49.2107,-27.8178],[-49.2127,-27.8285],[-49.2194,-27.8295],[-49.2342,-27.8303],[-49.2438,-27.8469],[-49.247,-27.8455],[-49.2707,-27.8541],[-49.2814,-27.8731],[-49.296,-27.8745],[-49.3084,-27.8527],[-49.3102,-27.8371],[-49.3191,-27.829],[-49.339,-27.8355],[-49.3483,-27.8225],[-49.3555,-27.8197],[-49.3568,-27.8121],[-49.3675,-27.8167],[-49.3814,-27.8139],[-49.3901,-27.8023],[-49.4082,-27.7891],[-49.4131,-27.7896],[-49.4242,-27.7864],[-49.4288,-27.7881],[-49.4205,-27.7798],[-49.4297,-27.7737],[-49.4244,-27.766],[-49.4304,-27.761],[-49.4333,-27.7589],[-49.4582,-27.7605],[-49.4596,-27.7524],[-49.4684,-27.75],[-49.4723,-27.7299],[-49.4682,-27.7221],[-49.463,-27.7189],[-49.4635,-27.7146],[-49.4584,-27.7109],[-49.461,-27.7055],[-49.4684,-27.686],[-49.478,-27.6815],[-49.48,-27.6719],[-49.4971,-27.6538],[-49.5038,-27.6527],[-49.5055,-27.6466],[-49.506,-27.6379],[-49.5099,-27.6338],[-49.5098,-27.6257],[-49.5057,-27.6211],[-49.5084,-27.6173],[-49.5053,-27.6133],[-49.5074,-27.6],[-49.4956,-27.5922],[-49.4965,-27.5846],[-49.4883,-27.5823],[-49.4718,-27.5661],[-49.4434,-27.5814],[-49.4359,-27.5839],[-49.4221,-27.5778],[-49.4125,-27.5619],[-49.4033,-27.5609],[-49.4023,-27.5613],[-49.3987,-27.564],[-49.3886,-27.563],[-49.3856,-27.5584],[-49.3804,-27.5577]]]}},{"type":"Feature","properties":{"nome":"Alto Bela Vista","cod":"4200754","uf":"SC"},"geometry":{"type":"Polygon","coordinates":[[[-51.9227,-27.3498],[-51.9223,-27.3612],[-51.9164,-27.3806],[-51.9183,-27.3827],[-51.9138,-27.3899],[-51.8999,-27.3887],[-51.9048,-27.3945],[-51.8939,-27.3994],[-51.8975,-27.4002],[-51.8904,-27.4067],[-51.8937,-27.4098],[-51.8907,-27.4147],[-51.8826,-27.4252],[-51.8853,-27.4279],[-51.8781,-27.4347],[-51.8797,-27.456],[-51.8696,-27.4496],[-51.8655,-27.4579],[-51.8572,-27.4692],[-51.8572,-27.4751],[-51.8666,-27.4763],[-51.8776,-27.4846],[-51.8797,-27.4941],[-51.8728,-27.5131],[-51.8793,-27.5205],[-51.8889,-27.5201],[-51.8931,-27.5164],[-51.8975,-27.506],[-51.9019,-27.4956],[-51.8996,-27.4647],[-51.9005,-27.4627],[-51.9114,-27.4581],[-51.9276,-27.4628],[-51.9326,-27.4662],[-51.9518,-27.4744],[-51.9622,-27.47],[-51.9621,-27.4616],[-51.9355,-27.4414],[-51.9325,-27.434],[-51.937,-27.4266],[-51.9554,-27.4144],[-51.9741,-27.41],[-52.0017,-27.4079],[-52.0081,-27.4001],[-51.9997,-27.3922],[-51.9914,-27.3898],[-51.954,-27.3945],[-51.9494,-27.3918],[-51.9505,-27.3809],[-51.9614,-27.3743],[-51.9852,-27.3742],[-51.9946,-27.3636],[-51.9856,-27.3657],[-51.9834,-27.3621],[-51.9721,-27.3616],[-51.9705,-27.3542],[-51.9576,-27.3617],[-51.9643,-27.3463],[-51.9629,-27.3421],[-51.9627,-27.3418],[-51.9589,-27.3462],[-51.9515,-27.3521],[-51.9449,-27.3485],[-51.9544,-27.3393],[-51.9468,-27.3316],[-51.939,-27.3354],[-51.9227,-27.3498]]]}},{"type":"Feature","properties":{"nome":"Anchieta","cod":"4200804","uf":"SC"},"geometry":{"type":"Polygon","coordinates":[[[-53.2565,-26.4436],[-53.2504,-26.4481],[-53.2438,-26.4472],[-53.2391,-26.456],[-53.2329,-26.4623],[-53.2288,-26.4813],[-53.2344,-26.4946],[-53.2423,-26.5004],[-53.2441,-26.5133],[-53.2466,-26.5144],[-53.2441,-26.518],[-53.2378,-26.5214],[-53.2476,-26.5268],[-53.2464,-26.5329],[-53.239,-26.5315],[-53.2385,-26.5426],[-53.257,-26.5541],[-53.2557,-26.5575],[-53.2774,-26.5512],[-53.274,-26.5767],[-53.2872,-26.5787],[-53.3107,-26.5849],[-53.3339,-26.5902],[-53.3344,-26.5898],[-53.3453,-26.5845],[-53.3914,-26.619],[-53.3971,-26.6146],[-53.4033,-26.6081],[-53.4001,-26.5888],[-53.4076,-26.5847],[-53.4165,-26.5828],[-53.4262,-26.6046],[-53.4283,-26.6131],[-53.4356,-26.6087],[-53.4321,-26.5939],[-53.4269,-26.5889],[-53.4297,-26.5824],[-53.4373,-26.5854],[-53.4404,-26.5921],[-53.4542,-26.5855],[-53.4548,-26.5829],[-53.4451,-26.5858],[-53.431,-26.5755],[-53.4461,-26.5634],[-53.4586,-26.565],[-53.4514,-26.5546],[-53.4609,-26.5532],[-53.4577,-26.548],[-53.4458,-26.5452],[-53.4375,-26.5505],[-53.4252,-26.544],[-53.4473,-26.5355],[-53.446,-26.5288],[-53.4322,-26.5337],[-53.4287,-26.532],[-53.424,-26.5194],[-53.4272,-26.5119],[-53.4161,-26.5155],[-53.4177,-26.5216],[-53.4055,-26.5262],[-53.4063,-26.5189],[-53.4002,-26.5238],[-53.3987,-26.5116],[-53.392,-26.515],[-53.3853,-26.5126],[-53.3764,-26.5147],[-53.3739,-26.5114],[-53.3562,-26.5029],[-53.3498,-26.5036],[-53.3606,-26.4971],[-53.3562,-26.4949],[-53.3609,-26.4889],[-53.3574,-26.4873],[-53.3518,-26.4889],[-53.3479,-26.4862],[-53.3487,-26.4782],[-53.3389,-26.481],[-53.3394,-26.4768],[-53.3311,-26.4737],[-53.3323,-26.4683],[-53.3286,-26.4641],[-53.3249,-26.4705],[-53.3211,-26.4684],[-53.3224,-26.4634],[-53.3121,-26.4571],[-53.3159,-26.462],[-53.3117,-26.4678],[-53.3061,-26.4687],[-53.3017,-26.4668],[-53.3041,-26.4647],[-53.3016,-26.4571],[-53.2936,-26.4564],[-53.2891,-26.46],[-53.2892,-26.4555],[-53.2819,-26.4521],[-53.2653,-26.4507],[-53.2635,-26.447],[-53.2581,-26.4487],[-53.2565,-26.4436]]]}},{"type":"Feature","properties":{"nome":"Angelina","cod":"4200903","uf":"SC"},"geometry":{"type":"Polygon","coordinates":[[[-49.0447,-27.4468],[-49.0495,-27.4562],[-49.0428,-27.4583],[-49.0408,-27.4677],[-49.0335,-27.4756],[-49.0334,-27.4828],[-49.0244,-27.4797],[-49.0187,-27.4822],[-49.0103,-27.4732],[-49.0098,-27.4668],[-48.9895,-27.4505],[-48.9847,-27.4486],[-48.9724,-27.4541],[-48.9672,-27.4503],[-48.967,-27.4503],[-48.9549,-27.4482],[-48.9543,-27.4522],[-48.9196,-27.4611],[-48.9214,-27.4652],[-48.9152,-27.4669],[-48.9055,-27.4664],[-48.9047,-27.4739],[-48.8964,-27.4816],[-48.916,-27.5328],[-48.9235,-27.5403],[-48.9195,-27.547],[-48.9221,-27.5539],[-48.9198,-27.5566],[-48.9264,-27.5694],[-48.9225,-27.5731],[-48.9302,-27.5836],[-48.9356,-27.5851],[-48.9342,-27.5919],[-48.9376,-27.5957],[-48.9456,-27.5983],[-48.9582,-27.6118],[-48.9575,-27.6186],[-48.9504,-27.6194],[-48.9511,-27.6265],[-48.9552,-27.6259],[-48.963,-27.6332],[-48.9697,-27.6347],[-48.9784,-27.6266],[-48.9886,-27.6323],[-49.0015,-27.6248],[-49.0087,-27.63],[-49.0108,-27.6222],[-49.0651,-27.6477],[-49.081,-27.6226],[-49.0845,-27.6074],[-49.0895,-27.5852],[-49.1284,-27.6004],[-49.1352,-27.5939],[-49.1379,-27.5815],[-49.1435,-27.5923],[-49.163,-27.5888],[-49.1782,-27.5954],[-49.1851,-27.5909],[-49.2049,-27.6022],[-49.2085,-27.611],[-49.206,-27.6207],[-49.211,-27.6281],[-49.2143,-27.6266],[-49.2276,-27.6181],[-49.2351,-27.6008],[-49.2404,-27.6022],[-49.2451,-27.5979],[-49.2525,-27.5877],[-49.2499,-27.5777],[-49.2548,-27.5785],[-49.2594,-27.5777],[-49.2621,-27.5701],[-49.2555,-27.5572],[-49.2587,-27.5506],[-49.257,-27.5363],[-49.2478,-27.528],[-49.2463,-27.5184],[-49.2459,-27.5164],[-49.2421,-27.5058],[-49.2445,-27.5017],[-49.2366,-27.5013],[-49.2248,-27.4918],[-49.2106,-27.4987],[-49.1929,-27.4969],[-49.1805,-27.5017],[-49.1721,-27.4914],[-49.1501,-27.4904],[-49.1385,-27.5002],[-49.1277,-27.502],[-49.1224,-27.5006],[-49.1138,-27.4869],[-49.098,-27.4854],[-49.0947,-27.4707],[-49.0881,-27.4702],[-49.0826,-27.4554],[-49.0735,-27.4536],[-49.0686,-27.4471],[-49.0575,-27.4512],[-49.047,-27.4437],[-49.0447,-27.4468]]]}},{"type":"Feature","properties":{"nome":"Anita Garibaldi","cod":"4201000","uf":"SC"},"geometry":{"type":"Polygon","coordinates":[[[-51.1829,-27.6178],[-51.1616,-27.6266],[-51.141,-27.6121],[-51.1326,-27.6221],[-51.127,-27.6215],[-51.1173,-27.6212],[-51.1022,-27.6341],[-51.0926,-27.6319],[-51.0838,-27.6292],[-51.0805,-27.6343],[-51.0889,-27.6536],[-51.0814,-27.6557],[-51.0696,-27.647],[-51.0436,-27.6534],[-51.0418,-27.6502],[-51.0511,-27.6431],[-51.0433,-27.6409],[-51.0194,-27.6413],[-50.9951,-27.6409],[-51.004,-27.659],[-51.0025,-27.6646],[-50.9916,-27.6583],[-50.9715,-27.6584],[-50.9645,-27.6537],[-50.9607,-27.6455],[-50.957,-27.6446],[-50.9549,-27.6505],[-50.9469,-27.6473],[-50.9401,-27.6554],[-50.9463,-27.664],[-50.9464,-27.6718],[-50.9365,-27.6728],[-50.9292,-27.6677],[-50.9253,-27.6796],[-50.9194,-27.6733],[-50.9092,-27.681],[-50.9081,-27.6783],[-50.9056,-27.6799],[-50.9139,-27.6942],[-50.9181,-27.7054],[-50.9145,-27.7153],[-50.9234,-27.7373],[-50.9424,-27.7545],[-50.9538,-27.7583],[-50.9585,-27.7496],[-50.9662,-27.7499],[-50.9586,-27.7627],[-50.9587,-27.7816],[-50.9341,-27.8179],[-50.9503,-27.8164],[-50.9575,-27.8218],[-50.9663,-27.8231],[-50.9713,-27.8194],[-50.9817,-27.8221],[-50.9893,-27.8186],[-50.9928,-27.8232],[-50.9993,-27.8238],[-50.9987,-27.8264],[-51.0038,-27.8247],[-51.0075,-27.8331],[-51.0097,-27.8314],[-51.0158,-27.8373],[-51.0201,-27.8371],[-51.0185,-27.8397],[-51.0236,-27.8476],[-51.0281,-27.8484],[-51.03,-27.855],[-51.0382,-27.8603],[-51.0343,-27.8638],[-51.0404,-27.8632],[-51.0409,-27.8708],[-51.0506,-27.8655],[-51.0515,-27.8697],[-51.0586,-27.8651],[-51.0729,-27.8643],[-51.08,-27.8586],[-51.0774,-27.8408],[-51.0872,-27.8314],[-51.1033,-27.8273],[-51.1241,-27.8325],[-51.125,-27.8325],[-51.1308,-27.8299],[-51.1326,-27.8059],[-51.1339,-27.8044],[-51.1545,-27.8033],[-51.1702,-27.7921],[-51.1708,-27.7916],[-51.1881,-27.7773],[-51.2088,-27.7764],[-51.2218,-27.7693],[-51.2278,-27.7731],[-51.2346,-27.7789],[-51.2426,-27.7751],[-51.2471,-27.7589],[-51.2732,-27.7493],[-51.2725,-27.7352],[-51.2633,-27.7387],[-51.2518,-27.7309],[-51.2427,-27.7293],[-51.2344,-27.7202],[-51.2264,-27.7194],[-51.2221,-27.7228],[-51.2103,-27.6854],[-51.2086,-27.6704],[-51.1922,-27.6545],[-51.1975,-27.6466],[-51.1937,-27.6438],[-51.1979,-27.6359],[-51.2069,-27.6339],[-51.2051,-27.6269],[-51.2085,-27.6234],[-51.2115,-27.6264],[-51.2119,-27.619],[-51.2035,-27.6161],[-51.1997,-27.6126],[-51.1981,-27.5969],[-51.1872,-27.5918],[-51.1782,-27.5942],[-51.1768,-27.6009],[-51.1851,-27.6099],[-51.1829,-27.6178]]]}},{"type":"Feature","properties":{"nome":"Anitápolis","cod":"4201109","uf":"SC"},"geometry":{"type":"Polygon","coordinates":[[[-49.0289,-27.751],[-49.0312,-27.774],[-49.0295,-27.7847],[-49.0341,-27.8012],[-49.0318,-27.8111],[-49.0359,-27.8236],[-49.0307,-27.83],[-49.0194,-27.8377],[-49.0196,-27.853],[-49.024,-27.8633],[-49.0168,-27.8659],[-49.0065,-27.8792],[-49.017,-27.8834],[-49.0191,-27.8968],[-49.0153,-27.8984],[-49.0159,-27.9079],[-49.0366,-27.9241],[-49.0414,-27.9347],[-49.0439,-27.9448],[-49.0343,-27.9511],[-49.0335,-27.956],[-49.0391,-27.9588],[-49.0397,-27.9683],[-49.0482,-27.9727],[-49.049,-27.9878],[-49.051,-27.9899],[-49.1036,-28.0068],[-49.1137,-28.0042],[-49.1164,-28.0058],[-49.1243,-28.0014],[-49.1282,-28.0042],[-49.1364,-28.0008],[-49.1469,-28.0056],[-49.149,-28.0012],[-49.1451,-27.9977],[-49.1458,-27.9912],[-49.1506,-27.9813],[-49.1557,-27.9672],[-49.1686,-27.9727],[-49.1764,-27.9814],[-49.184,-27.9805],[-49.1925,-27.9696],[-49.2185,-27.9614],[-49.225,-27.9624],[-49.2424,-27.9512],[-49.2645,-27.9499],[-49.2861,-27.9358],[-49.3082,-27.94],[-49.3104,-27.9335],[-49.3054,-27.9145],[-49.3005,-27.909],[-49.2996,-27.9008],[-49.2843,-27.8834],[-49.2814,-27.8731],[-49.2707,-27.8541],[-49.247,-27.8455],[-49.2438,-27.8469],[-49.2342,-27.8303],[-49.2194,-27.8295],[-49.2127,-27.8285],[-49.2107,-27.8178],[-49.1951,-27.8126],[-49.1897,-27.805],[-49.1872,-27.7951],[-49.1942,-27.7875],[-49.1901,-27.782],[-49.1649,-27.761],[-49.1581,-27.7437],[-49.1482,-27.7445],[-49.1445,-27.7411],[-49.1284,-27.7465],[-49.1262,-27.7596],[-49.1158,-27.7682],[-49.1069,-27.7686],[-49.0931,-27.7517],[-49.0883,-27.7556],[-49.0765,-27.7509],[-49.0779,-27.7551],[-49.0729,-27.7643],[-49.0636,-27.7574],[-49.0611,-27.7666],[-49.0535,-27.7715],[-49.0418,-27.7569],[-49.0358,-27.734],[-49.0303,-27.7409],[-49.0289,-27.751]]]}},{"type":"Feature","properties":{"nome":"Antônio Carlos","cod":"4201208","uf":"SC"},"geometry":{"type":"Polygon","coordinates":[[[-48.8357,-27.3962],[-48.8089,-27.4033],[-48.801,-27.402],[-48.8032,-27.4318],[-48.7993,-27.4382],[-48.8007,-27.4454],[-48.7953,-27.4508],[-48.7949,-27.4512],[-48.7814,-27.464],[-48.7722,-27.4589],[-48.7648,-27.4597],[-48.7553,-27.4694],[-48.7445,-27.4767],[-48.754,-27.4872],[-48.7559,-27.4964],[-48.7392,-27.5031],[-48.7393,-27.5076],[-48.7462,-27.5166],[-48.7492,-27.5217],[-48.7474,-27.5363],[-48.7323,-27.534],[-48.7226,-27.5363],[-48.7271,-27.5527],[-48.7634,-27.5552],[-48.7691,-27.5572],[-48.7766,-27.5454],[-48.7887,-27.5494],[-48.7967,-27.5458],[-48.7991,-27.5513],[-48.8021,-27.5497],[-48.8184,-27.55],[-48.8261,-27.5644],[-48.8366,-27.5627],[-48.8535,-27.5753],[-48.8555,-27.5695],[-48.8637,-27.5701],[-48.8822,-27.5627],[-48.8946,-27.5676],[-48.9094,-27.5661],[-48.9198,-27.5566],[-48.9221,-27.5539],[-48.9195,-27.547],[-48.9235,-27.5403],[-48.916,-27.5328],[-48.8964,-27.4816],[-48.9047,-27.4739],[-48.9055,-27.4664],[-48.9152,-27.4669],[-48.9214,-27.4652],[-48.9196,-27.4611],[-48.9189,-27.4567],[-48.9109,-27.4553],[-48.9074,-27.449],[-48.8957,-27.4441],[-48.8822,-27.4316],[-48.8692,-27.4353],[-48.8425,-27.4084],[-48.8357,-27.3962]]]}},{"type":"Feature","properties":{"nome":"Apiúna","cod":"4201257","uf":"SC"},"geometry":{"type":"Polygon","coordinates":[[[-49.3352,-27.0131],[-49.3273,-27.0151],[-49.3266,-27.0186],[-49.3171,-27.021],[-49.3122,-27.0338],[-49.3115,-27.034],[-49.2968,-27.0378],[-49.3004,-27.0421],[-49.2969,-27.0446],[-49.2976,-27.0541],[-49.2926,-27.0579],[-49.2834,-27.0575],[-49.2752,-27.0529],[-49.2674,-27.0554],[-49.2641,-27.0652],[-49.2712,-27.0787],[-49.256,-27.0828],[-49.2556,-27.098],[-49.2479,-27.1137],[-49.2474,-27.1284],[-49.2416,-27.1333],[-49.2418,-27.1374],[-49.2383,-27.1373],[-49.2305,-27.1555],[-49.2202,-27.1632],[-49.2256,-27.1659],[-49.2263,-27.1714],[-49.2344,-27.1721],[-49.2431,-27.1793],[-49.2476,-27.1956],[-49.249,-27.1976],[-49.2629,-27.2107],[-49.2697,-27.2075],[-49.2846,-27.21],[-49.2847,-27.2101],[-49.2935,-27.2152],[-49.3027,-27.2111],[-49.3089,-27.215],[-49.3093,-27.216],[-49.3208,-27.2302],[-49.3416,-27.2373],[-49.373,-27.2283],[-49.3977,-27.2357],[-49.4033,-27.2315],[-49.4102,-27.236],[-49.4169,-27.239],[-49.4197,-27.2485],[-49.4267,-27.2532],[-49.4465,-27.255],[-49.451,-27.2493],[-49.4494,-27.2452],[-49.4625,-27.2273],[-49.4578,-27.2113],[-49.4603,-27.2099],[-49.4567,-27.2068],[-49.4548,-27.198],[-49.4365,-27.1846],[-49.4635,-27.1708],[-49.4557,-27.1571],[-49.4608,-27.1471],[-49.4668,-27.1252],[-49.4662,-27.1137],[-49.4705,-27.1059],[-49.4663,-27.1053],[-49.4766,-27.0951],[-49.4931,-27.0873],[-49.4906,-27.0832],[-49.4952,-27.0787],[-49.4817,-27.0834],[-49.4611,-27.0989],[-49.4581,-27.0993],[-49.4591,-27.0881],[-49.4561,-27.0831],[-49.4708,-27.0664],[-49.4652,-27.0576],[-49.4726,-27.0442],[-49.4676,-27.044],[-49.4672,-27.0412],[-49.4699,-27.0394],[-49.468,-27.0373],[-49.4665,-27.0361],[-49.4673,-27.0236],[-49.4674,-27.0041],[-49.4591,-27.0068],[-49.457,-27.0079],[-49.4525,-27.0099],[-49.4486,-27.0115],[-49.4409,-27.0136],[-49.4362,-27.0103],[-49.41,-27.0082],[-49.3881,-27.0105],[-49.3799,-27.015],[-49.3762,-27.0126],[-49.3775,-27.0],[-49.3842,-26.988],[-49.3754,-26.9817],[-49.3717,-26.9877],[-49.3671,-26.9895],[-49.3586,-26.9919],[-49.3503,-27.0015],[-49.3401,-27.0046],[-49.3352,-27.0131]]]}},{"type":"Feature","properties":{"nome":"Arabutã","cod":"4201273","uf":"SC"},"geometry":{"type":"Polygon","coordinates":[[[-52.2002,-27.0936],[-52.1807,-27.0972],[-52.1786,-27.0937],[-52.1738,-27.1026],[-52.166,-27.1003],[-52.1603,-27.1023],[-52.1584,-27.0971],[-52.1544,-27.1039],[-52.1485,-27.1023],[-52.1451,-27.1009],[-52.1374,-27.1053],[-52.1216,-27.1311],[-52.1192,-27.1233],[-52.1089,-27.1416],[-52.1012,-27.1522],[-52.0913,-27.1568],[-52.0862,-27.1598],[-52.0858,-27.1663],[-52.0839,-27.1692],[-52.0874,-27.1698],[-52.1005,-27.1627],[-52.1046,-27.1701],[-52.116,-27.1679],[-52.1184,-27.1725],[-52.1155,-27.1839],[-52.1267,-27.1855],[-52.1282,-27.1813],[-52.1333,-27.187],[-52.1426,-27.1789],[-52.1485,-27.1879],[-52.1545,-27.185],[-52.1634,-27.1923],[-52.1651,-27.1947],[-52.1701,-27.1921],[-52.1777,-27.2014],[-52.1865,-27.1933],[-52.1919,-27.2],[-52.2067,-27.1887],[-52.2146,-27.1809],[-52.2275,-27.1837],[-52.232,-27.1814],[-52.2357,-27.1721],[-52.2309,-27.1698],[-52.2347,-27.163],[-52.2322,-27.1556],[-52.2377,-27.1514],[-52.2389,-27.144],[-52.2485,-27.1404],[-52.2437,-27.1381],[-52.2472,-27.1335],[-52.2511,-27.1301],[-52.2475,-27.1241],[-52.2476,-27.1081],[-52.2429,-27.0884],[-52.2272,-27.0685],[-52.224,-27.0707],[-52.2163,-27.0832],[-52.2068,-27.0865],[-52.2002,-27.0936]]]}},{"type":"Feature","properties":{"nome":"Araquari","cod":"4201307","uf":"SC"},"geometry":{"type":"Polygon","coordinates":[[[-48.7011,-26.344],[-48.6775,-26.3555],[-48.662,-26.3601],[-48.669,-26.3681],[-48.6876,-26.3697],[-48.6785,-26.3801],[-48.6715,-26.3853],[-48.6665,-26.4091],[-48.6746,-26.4081],[-48.694,-26.416],[-48.7038,-26.4225],[-48.7058,-26.428],[-48.7122,-26.4263],[-48.6814,-26.4817],[-48.6812,-26.4819],[-48.6792,-26.4854],[-48.654,-26.5362],[-48.6505,-26.5472],[-48.6592,-26.5699],[-48.6638,-26.5743],[-48.666,-26.5765],[-48.6687,-26.5788],[-48.6746,-26.5768],[-48.6887,-26.5719],[-48.695,-26.5776],[-48.6958,-26.5823],[-48.706,-26.5962],[-48.7243,-26.5969],[-48.7255,-26.5958],[-48.7293,-26.5789],[-48.73,-26.5706],[-48.7392,-26.5616],[-48.7409,-26.5595],[-48.742,-26.5574],[-48.7531,-26.5381],[-48.7894,-26.5222],[-48.7909,-26.5159],[-48.795,-26.5146],[-48.7973,-26.5186],[-48.8033,-26.519],[-48.8062,-26.5138],[-48.8145,-26.514],[-48.815,-26.5185],[-48.8256,-26.516],[-48.833,-26.524],[-48.8291,-26.5277],[-48.8316,-26.5304],[-48.8393,-26.5255],[-48.8449,-26.5317],[-48.8491,-26.5275],[-48.8578,-26.5404],[-48.8612,-26.5343],[-48.8635,-26.5394],[-48.8666,-26.5352],[-48.8709,-26.5364],[-48.8837,-26.5231],[-48.8872,-26.514],[-48.8976,-26.5137],[-48.9004,-26.5039],[-48.9078,-26.497],[-48.8975,-26.4962],[-48.9011,-26.493],[-48.8975,-26.4925],[-48.8991,-26.4894],[-48.9055,-26.4896],[-48.8957,-26.4774],[-48.8803,-26.4769],[-48.8809,-26.4568],[-48.8762,-26.4614],[-48.8684,-26.4581],[-48.8753,-26.4509],[-48.8753,-26.4506],[-48.8753,-26.4501],[-48.8682,-26.4471],[-48.8656,-26.4489],[-48.8652,-26.4441],[-48.8566,-26.4481],[-48.8577,-26.4428],[-48.8529,-26.4404],[-48.8469,-26.4452],[-48.8389,-26.4398],[-48.8364,-26.4463],[-48.8303,-26.4487],[-48.8291,-26.4468],[-48.8219,-26.4429],[-48.8227,-26.4381],[-48.813,-26.4287],[-48.8044,-26.4205],[-48.8029,-26.4147],[-48.8232,-26.4112],[-48.8238,-26.3982],[-48.8141,-26.3947],[-48.8082,-26.3903],[-48.8064,-26.3729],[-48.7935,-26.3652],[-48.7647,-26.3518],[-48.7562,-26.3608],[-48.752,-26.3584],[-48.7485,-26.3612],[-48.7455,-26.3588],[-48.7491,-26.3562],[-48.7401,-26.3518],[-48.7362,-26.3543],[-48.7238,-26.3399],[-48.7356,-26.3174],[-48.7484,-26.3071],[-48.7578,-26.2946],[-48.7399,-26.2858],[-48.7214,-26.3053],[-48.7222,-26.3225],[-48.7188,-26.3267],[-48.7084,-26.3332],[-48.7011,-26.344]]]}},{"type":"Feature","properties":{"nome":"Araranguá","cod":"4201406","uf":"SC"},"geometry":{"type":"Polygon","coordinates":[[[-49.3152,-28.9035],[-49.3303,-28.9156],[-49.3768,-28.9555],[-49.3874,-28.9464],[-49.3888,-28.9452],[-49.4093,-28.9414],[-49.4094,-28.9416],[-49.4135,-28.9492],[-49.4378,-28.9635],[-49.4811,-28.995],[-49.4824,-29.0028],[-49.5078,-29.0169],[-49.512,-29.0199],[-49.5335,-29.0278],[-49.5487,-29.0409],[-49.5535,-29.0521],[-49.5661,-29.0581],[-49.6041,-29.0304],[-49.6042,-29.0303],[-49.6229,-29.0167],[-49.6188,-29.0131],[-49.5921,-28.9903],[-49.5829,-28.9824],[-49.6001,-28.9746],[-49.6068,-28.951],[-49.6045,-28.9427],[-49.5897,-28.9348],[-49.5837,-28.9375],[-49.5804,-28.9301],[-49.5754,-28.9359],[-49.5707,-28.9342],[-49.5678,-28.9288],[-49.5758,-28.9291],[-49.5717,-28.9233],[-49.5573,-28.9253],[-49.5469,-28.9252],[-49.5351,-28.9167],[-49.5255,-28.9121],[-49.5158,-28.916],[-49.5171,-28.9114],[-49.5103,-28.9084],[-49.5136,-28.8931],[-49.505,-28.8915],[-49.5029,-28.8871],[-49.4936,-28.8832],[-49.4723,-28.8845],[-49.4661,-28.8879],[-49.4605,-28.9013],[-49.4495,-28.9024],[-49.4431,-28.9093],[-49.432,-28.9087],[-49.4227,-28.8819],[-49.421,-28.878],[-49.3988,-28.8333],[-49.351,-28.855],[-49.3507,-28.8555],[-49.3428,-28.8591],[-49.3306,-28.8646],[-49.3014,-28.8777],[-49.2906,-28.8825],[-49.2985,-28.8891],[-49.3152,-28.9035]]]}},{"type":"Feature","properties":{"nome":"Armazém","cod":"4201505","uf":"SC"},"geometry":{"type":"Polygon","coordinates":[[[-49.0101,-28.1564],[-49.0127,-28.1642],[-49.0083,-28.1636],[-49.006,-28.1669],[-48.9977,-28.1631],[-48.9982,-28.173],[-48.9929,-28.171],[-48.9867,-28.1814],[-48.9817,-28.1808],[-48.9781,-28.1868],[-48.974,-28.1814],[-48.9712,-28.1892],[-48.9754,-28.1906],[-48.9749,-28.1953],[-48.9795,-28.1992],[-48.9706,-28.204],[-48.9769,-28.2089],[-48.9741,-28.2167],[-48.9628,-28.2217],[-48.9651,-28.2304],[-48.9702,-28.2297],[-48.9651,-28.2376],[-48.9459,-28.2397],[-48.9213,-28.2354],[-48.922,-28.2498],[-48.9415,-28.2521],[-48.9455,-28.2622],[-48.9455,-28.2623],[-48.9564,-28.2695],[-48.9503,-28.289],[-48.9591,-28.2968],[-48.9556,-28.2974],[-48.9513,-28.3014],[-48.9542,-28.3168],[-48.9663,-28.319],[-48.9753,-28.3067],[-48.9859,-28.3051],[-48.9926,-28.2985],[-48.9984,-28.3017],[-48.9992,-28.3021],[-49.0162,-28.3043],[-49.0204,-28.3006],[-49.0227,-28.2979],[-49.039,-28.3033],[-49.0473,-28.2979],[-49.0438,-28.2896],[-49.0466,-28.2874],[-49.0556,-28.2941],[-49.0621,-28.2929],[-49.0755,-28.2909],[-49.0791,-28.2741],[-49.0828,-28.255],[-49.0794,-28.2495],[-49.0824,-28.2445],[-49.0785,-28.2363],[-49.0699,-28.2311],[-49.0708,-28.2264],[-49.073,-28.2263],[-49.0674,-28.2002],[-49.0739,-28.1934],[-49.0801,-28.1879],[-49.0607,-28.166],[-49.0485,-28.1581],[-49.0395,-28.16],[-49.0306,-28.1508],[-49.0193,-28.1483],[-49.014,-28.1507],[-49.0101,-28.1564]]]}},{"type":"Feature","properties":{"nome":"Arroio Trinta","cod":"4201604","uf":"SC"},"geometry":{"type":"Polygon","coordinates":[[[-51.2973,-26.874],[-51.2906,-26.881],[-51.2841,-26.8769],[-51.2803,-26.8785],[-51.2865,-26.8872],[-51.2781,-26.8843],[-51.2762,-26.8882],[-51.2881,-26.8944],[-51.2772,-26.8989],[-51.2773,-26.9056],[-51.2687,-26.9139],[-51.2739,-26.9178],[-51.2809,-26.9176],[-51.2828,-26.9215],[-51.2847,-26.9232],[-51.3067,-26.9421],[-51.3516,-26.9807],[-51.3656,-26.9802],[-51.3699,-26.9836],[-51.3817,-26.9784],[-51.3773,-26.9741],[-51.3814,-26.9687],[-51.3857,-26.9732],[-51.3956,-26.9696],[-51.4016,-26.9529],[-51.4083,-26.9537],[-51.4067,-26.9434],[-51.3815,-26.941],[-51.3648,-26.9394],[-51.3703,-26.9277],[-51.3659,-26.9281],[-51.3679,-26.9229],[-51.3646,-26.9199],[-51.3684,-26.9185],[-51.3718,-26.9099],[-51.3639,-26.9084],[-51.3697,-26.9047],[-51.3659,-26.9017],[-51.3629,-26.8961],[-51.3678,-26.8956],[-51.3681,-26.8927],[-51.362,-26.8874],[-51.368,-26.8885],[-51.3727,-26.8848],[-51.3709,-26.8757],[-51.3753,-26.8762],[-51.3765,-26.8713],[-51.374,-26.8688],[-51.3697,-26.8714],[-51.3691,-26.8688],[-51.3393,-26.8755],[-51.3229,-26.8659],[-51.2973,-26.874]]]}},{"type":"Feature","properties":{"nome":"Arvoredo","cod":"4201653","uf":"SC"},"geometry":{"type":"Polygon","coordinates":[[[-52.4415,-26.9924],[-52.4279,-27.0131],[-52.4191,-27.0065],[-52.4135,-27.0084],[-52.4136,-27.0187],[-52.4131,-27.036],[-52.4016,-27.036],[-52.4007,-27.0736],[-52.4002,-27.0905],[-52.3897,-27.0903],[-52.3924,-27.0966],[-52.403,-27.1041],[-52.3999,-27.1077],[-52.4047,-27.1103],[-52.3971,-27.1124],[-52.403,-27.1191],[-52.4036,-27.1193],[-52.4039,-27.1192],[-52.4316,-27.1144],[-52.4433,-27.125],[-52.4678,-27.131],[-52.4881,-27.1142],[-52.4803,-27.1113],[-52.5085,-27.0937],[-52.5088,-27.0934],[-52.4995,-27.0885],[-52.4876,-27.0903],[-52.4851,-27.0779],[-52.4793,-27.0738],[-52.4743,-27.0731],[-52.4688,-27.0793],[-52.4591,-27.0783],[-52.4614,-27.0745],[-52.473,-27.0497],[-52.4791,-27.0475],[-52.4716,-27.0415],[-52.4595,-27.0439],[-52.4523,-27.0579],[-52.4486,-27.056],[-52.4443,-27.0526],[-52.4495,-27.0373],[-52.4359,-27.0312],[-52.447,-27.0248],[-52.4491,-27.0296],[-52.463,-27.0254],[-52.4663,-27.0139],[-52.4644,-27.0063],[-52.4533,-26.9954],[-52.4415,-26.9924]]]}},{"type":"Feature","properties":{"nome":"Ascurra","cod":"4201703","uf":"SC"},"geometry":{"type":"Polygon","coordinates":[[[-49.4344,-26.9147],[-49.4071,-26.9329],[-49.3902,-26.9299],[-49.3814,-26.9362],[-49.3795,-26.943],[-49.367,-26.9431],[-49.3515,-26.958],[-49.3383,-26.9659],[-49.318,-26.963],[-49.3155,-26.9587],[-49.3121,-26.9602],[-49.3124,-26.9692],[-49.3134,-26.9765],[-49.3054,-26.9821],[-49.2996,-26.9935],[-49.3094,-27.0031],[-49.3108,-27.0139],[-49.3171,-27.021],[-49.3266,-27.0186],[-49.3273,-27.0151],[-49.3352,-27.0131],[-49.3401,-27.0046],[-49.3503,-27.0015],[-49.3586,-26.9919],[-49.3671,-26.9895],[-49.3717,-26.9877],[-49.3754,-26.9817],[-49.3842,-26.988],[-49.3775,-27.0],[-49.3762,-27.0126],[-49.3799,-27.015],[-49.3881,-27.0105],[-49.41,-27.0082],[-49.4362,-27.0103],[-49.4409,-27.0136],[-49.4486,-27.0115],[-49.4525,-27.0099],[-49.457,-27.0079],[-49.4591,-27.0068],[-49.4674,-27.0041],[-49.4603,-26.9833],[-49.4622,-26.972],[-49.4603,-26.9601],[-49.4651,-26.9396],[-49.4602,-26.933],[-49.4578,-26.9354],[-49.4517,-26.934],[-49.4457,-26.9212],[-49.4344,-26.9147]]]}},{"type":"Feature","properties":{"nome":"Atalanta","cod":"4201802","uf":"SC"},"geometry":{"type":"Polygon","coordinates":[[[-49.6932,-27.3889],[-49.6845,-27.4218],[-49.6786,-27.4437],[-49.6748,-27.458],[-49.6809,-27.4588],[-49.6811,-27.4588],[-49.7383,-27.4737],[-49.7549,-27.4743],[-49.7625,-27.4681],[-49.7715,-27.4656],[-49.7739,-27.4694],[-49.7938,-27.4769],[-49.8008,-27.4864],[-49.8097,-27.4844],[-49.8151,-27.4788],[-49.8171,-27.4733],[-49.8132,-27.4661],[-49.8083,-27.4543],[-49.8113,-27.4482],[-49.8017,-27.4416],[-49.7824,-27.4137],[-49.7631,-27.4041],[-49.7505,-27.3952],[-49.7419,-27.3972],[-49.727,-27.3873],[-49.7103,-27.3923],[-49.7036,-27.3867],[-49.7018,-27.3846],[-49.6932,-27.3889]]]}},{"type":"Feature","properties":{"nome":"Aurora","cod":"4201901","uf":"SC"},"geometry":{"type":"Polygon","coordinates":[[[-49.5579,-27.2764],[-49.5384,-27.2759],[-49.5275,-27.2716],[-49.5099,-27.2771],[-49.5103,-27.2825],[-49.4966,-27.2977],[-49.4888,-27.2982],[-49.4826,-27.3037],[-49.4802,-27.3042],[-49.4949,-27.3174],[-49.5023,-27.3412],[-49.5096,-27.3487],[-49.5215,-27.3574],[-49.5358,-27.373],[-49.5398,-27.3729],[-49.5387,-27.3768],[-49.5456,-27.3833],[-49.5499,-27.3832],[-49.5648,-27.3978],[-49.5708,-27.3993],[-49.5826,-27.3922],[-49.5902,-27.3961],[-49.598,-27.3913],[-49.6017,-27.3908],[-49.6039,-27.3917],[-49.6093,-27.387],[-49.6202,-27.3933],[-49.6419,-27.3939],[-49.6481,-27.3936],[-49.6495,-27.3879],[-49.6589,-27.3873],[-49.6653,-27.3569],[-49.6673,-27.3383],[-49.6785,-27.335],[-49.6746,-27.3228],[-49.6799,-27.3165],[-49.6882,-27.3168],[-49.6897,-27.3158],[-49.6864,-27.3101],[-49.6919,-27.3035],[-49.6802,-27.2896],[-49.6602,-27.283],[-49.6592,-27.278],[-49.6508,-27.276],[-49.6464,-27.275],[-49.6407,-27.2738],[-49.6251,-27.2833],[-49.6198,-27.2828],[-49.6153,-27.2786],[-49.6042,-27.2771],[-49.585,-27.2635],[-49.5774,-27.2591],[-49.5659,-27.274],[-49.5579,-27.2764]]]}},{"type":"Feature","properties":{"nome":"Balneário Arroio do Silva","cod":"4201950","uf":"SC"},"geometry":{"type":"Polygon","coordinates":[[[-49.4209,-28.9961],[-49.5136,-29.0925],[-49.5255,-29.0847],[-49.5311,-29.081],[-49.5661,-29.0581],[-49.5535,-29.0521],[-49.5487,-29.0409],[-49.5335,-29.0278],[-49.512,-29.0199],[-49.5078,-29.0169],[-49.4824,-29.0028],[-49.4811,-28.995],[-49.4378,-28.9635],[-49.4135,-28.9492],[-49.4094,-28.9416],[-49.4093,-28.9414],[-49.3888,-28.9452],[-49.3874,-28.9464],[-49.3768,-28.9555],[-49.4209,-28.9961]]]}},{"type":"Feature","properties":{"nome":"Balneário Camboriú","cod":"4202008","uf":"SC"},"geometry":{"type":"Polygon","coordinates":[[[-48.6267,-26.9647],[-48.6256,-26.9712],[-48.6329,-26.9718],[-48.634,-26.9778],[-48.6208,-26.9993],[-48.6088,-27.0042],[-48.6,-27.0029],[-48.6019,-26.9951],[-48.5968,-26.9929],[-48.5889,-26.9967],[-48.5866,-26.9915],[-48.5799,-26.9938],[-48.5821,-26.9993],[-48.5765,-27.0091],[-48.5667,-27.0074],[-48.5732,-27.0174],[-48.5709,-27.0236],[-48.5786,-27.0251],[-48.578,-27.0391],[-48.5854,-27.0449],[-48.5872,-27.0606],[-48.6015,-27.0536],[-48.6108,-27.0485],[-48.6162,-27.0381],[-48.6149,-27.0311],[-48.624,-27.0308],[-48.6269,-27.0125],[-48.6332,-27.0164],[-48.6443,-27.0123],[-48.6413,-27.0098],[-48.6462,-27.0101],[-48.6448,-27.0037],[-48.6445,-26.9999],[-48.6606,-26.9932],[-48.6694,-26.9834],[-48.6806,-26.979],[-48.6832,-26.9728],[-48.6635,-26.9624],[-48.6598,-26.9679],[-48.6411,-26.9552],[-48.6268,-26.9594],[-48.6234,-26.9608],[-48.6267,-26.9647]]]}},{"type":"Feature","properties":{"nome":"Balneário Barra do Sul","cod":"4202057","uf":"SC"},"geometry":{"type":"Polygon","coordinates":[[[-48.6181,-26.4038],[-48.6261,-26.4288],[-48.6233,-26.4424],[-48.6068,-26.4535],[-48.5967,-26.4535],[-48.5956,-26.45],[-48.5931,-26.4534],[-48.6138,-26.4783],[-48.6321,-26.5098],[-48.6505,-26.5472],[-48.654,-26.5362],[-48.6792,-26.4854],[-48.6812,-26.4819],[-48.6814,-26.4817],[-48.7122,-26.4263],[-48.7058,-26.428],[-48.7038,-26.4225],[-48.694,-26.416],[-48.6746,-26.4081],[-48.6665,-26.4091],[-48.6715,-26.3853],[-48.6785,-26.3801],[-48.6876,-26.3697],[-48.669,-26.3681],[-48.662,-26.3601],[-48.6613,-26.3606],[-48.6333,-26.3704],[-48.6181,-26.4038]]]}},{"type":"Feature","properties":{"nome":"Balneário Gaivota","cod":"4202073","uf":"SC"},"geometry":{"type":"Polygon","coordinates":[[[-49.5136,-29.0925],[-49.6444,-29.239],[-49.6537,-29.2318],[-49.6604,-29.2402],[-49.6659,-29.2367],[-49.6679,-29.2354],[-49.6916,-29.2196],[-49.7114,-29.2055],[-49.6997,-29.1924],[-49.687,-29.1663],[-49.6631,-29.1534],[-49.6545,-29.1434],[-49.647,-29.1372],[-49.6306,-29.1335],[-49.6218,-29.1247],[-49.6062,-29.1101],[-49.5968,-29.0846],[-49.5947,-29.0779],[-49.5802,-29.0719],[-49.5661,-29.0581],[-49.5311,-29.081],[-49.5255,-29.0847],[-49.5136,-29.0925]]]}},{"type":"Feature","properties":{"nome":"Bandeirante","cod":"4202081","uf":"SC"},"geometry":{"type":"Polygon","coordinates":[[[-53.6067,-26.688],[-53.6047,-26.691],[-53.6014,-26.6846],[-53.5952,-26.6871],[-53.5903,-26.744],[-53.5847,-26.7722],[-53.5753,-26.7806],[-53.578,-26.7868],[-53.5815,-26.787],[-53.5777,-26.7917],[-53.5738,-26.7912],[-53.5746,-26.7945],[-53.5855,-26.7948],[-53.5835,-26.8001],[-53.5869,-26.8019],[-53.5938,-26.8027],[-53.5931,-26.8079],[-53.6038,-26.8048],[-53.6058,-26.8176],[-53.6167,-26.8107],[-53.6159,-26.8175],[-53.6203,-26.8187],[-53.6258,-26.8161],[-53.6261,-26.812],[-53.6358,-26.8161],[-53.6386,-26.8103],[-53.6422,-26.8124],[-53.6513,-26.8087],[-53.6525,-26.8168],[-53.6618,-26.818],[-53.662,-26.823],[-53.6554,-26.829],[-53.6658,-26.8333],[-53.6607,-26.8414],[-53.6763,-26.8429],[-53.6942,-26.8462],[-53.6935,-26.8407],[-53.6875,-26.8363],[-53.6951,-26.8309],[-53.7001,-26.8182],[-53.7098,-26.8118],[-53.7084,-26.8092],[-53.7039,-26.8139],[-53.6975,-26.8135],[-53.6994,-26.7968],[-53.708,-26.7969],[-53.7149,-26.7869],[-53.7149,-26.7786],[-53.699,-26.7709],[-53.6988,-26.7674],[-53.7131,-26.766],[-53.7146,-26.7721],[-53.7287,-26.773],[-53.743,-26.7622],[-53.73,-26.7647],[-53.7236,-26.7626],[-53.7171,-26.7583],[-53.7139,-26.7488],[-53.7063,-26.7456],[-53.7033,-26.7376],[-53.695,-26.7377],[-53.6924,-26.7265],[-53.6873,-26.7211],[-53.6634,-26.7164],[-53.6532,-26.7197],[-53.6516,-26.7276],[-53.66,-26.7254],[-53.6625,-26.7293],[-53.6508,-26.7331],[-53.6477,-26.7306],[-53.6418,-26.7345],[-53.6439,-26.7105],[-53.64,-26.711],[-53.6407,-26.7157],[-53.6276,-26.7154],[-53.6253,-26.7137],[-53.629,-26.7113],[-53.6282,-26.7047],[-53.6238,-26.7014],[-53.6198,-26.7042],[-53.6187,-26.6981],[-53.6231,-26.6936],[-53.6198,-26.6896],[-53.6145,-26.6961],[-53.6125,-26.6911],[-53.617,-26.6886],[-53.6106,-26.6882],[-53.6105,-26.6837],[-53.6033,-26.6834],[-53.6067,-26.688]]]}},{"type":"Feature","properties":{"nome":"Barra Bonita","cod":"4202099","uf":"SC"},"geometry":{"type":"Polygon","coordinates":[[[-53.3876,-26.643],[-53.3912,-26.6574],[-53.3912,-26.6617],[-53.3834,-26.6661],[-53.3896,-26.6751],[-53.3911,-26.6798],[-53.3941,-26.6751],[-53.4002,-26.6766],[-53.3956,-26.6766],[-53.3956,-26.6794],[-53.4088,-26.6858],[-53.4103,-26.6936],[-53.3992,-26.6937],[-53.3968,-26.6898],[-53.391,-26.6936],[-53.391,-26.7004],[-53.3855,-26.7149],[-53.391,-26.7109],[-53.3981,-26.71],[-53.4029,-26.715],[-53.3967,-26.7281],[-53.3909,-26.729],[-53.3863,-26.7278],[-53.3796,-26.7162],[-53.3675,-26.7249],[-53.3669,-26.7339],[-53.3824,-26.7372],[-53.3836,-26.7437],[-53.3908,-26.7419],[-53.3935,-26.7431],[-53.4153,-26.7342],[-53.4226,-26.7266],[-53.4284,-26.7108],[-53.4369,-26.7101],[-53.4419,-26.7103],[-53.4439,-26.705],[-53.4842,-26.6706],[-53.495,-26.6614],[-53.4772,-26.6447],[-53.4738,-26.6479],[-53.463,-26.6376],[-53.4466,-26.6344],[-53.446,-26.628],[-53.4275,-26.6263],[-53.4308,-26.6202],[-53.4121,-26.6064],[-53.4262,-26.6046],[-53.4165,-26.5828],[-53.4076,-26.5847],[-53.4001,-26.5888],[-53.4033,-26.6081],[-53.3971,-26.6146],[-53.3914,-26.619],[-53.3914,-26.6232],[-53.3872,-26.631],[-53.3876,-26.643]]]}},{"type":"Feature","properties":{"nome":"Barra Velha","cod":"4202107","uf":"SC"},"geometry":{"type":"Polygon","coordinates":[[[-48.7255,-26.5958],[-48.7243,-26.5969],[-48.706,-26.5962],[-48.6958,-26.5823],[-48.695,-26.5776],[-48.6887,-26.5719],[-48.6746,-26.5768],[-48.6687,-26.5788],[-48.666,-26.5765],[-48.6638,-26.5743],[-48.676,-26.6132],[-48.6866,-26.669],[-48.6864,-26.6876],[-48.6784,-26.698],[-48.6812,-26.718],[-48.7061,-26.7247],[-48.7083,-26.7254],[-48.7181,-26.7286],[-48.7315,-26.7298],[-48.7409,-26.7368],[-48.7562,-26.7401],[-48.762,-26.7371],[-48.7616,-26.7285],[-48.7749,-26.7059],[-48.7903,-26.7054],[-48.8005,-26.7122],[-48.8063,-26.6973],[-48.8039,-26.6824],[-48.8001,-26.6793],[-48.796,-26.6733],[-48.7863,-26.6712],[-48.7873,-26.6671],[-48.7834,-26.6648],[-48.7854,-26.6603],[-48.78,-26.6606],[-48.7724,-26.6698],[-48.7602,-26.6612],[-48.7554,-26.6643],[-48.7536,-26.6598],[-48.7546,-26.6508],[-48.7586,-26.6472],[-48.7573,-26.6378],[-48.7513,-26.6339],[-48.752,-26.6309],[-48.7432,-26.6303],[-48.7432,-26.6117],[-48.7455,-26.5914],[-48.7395,-26.5814],[-48.7432,-26.5794],[-48.7427,-26.5717],[-48.7409,-26.5595],[-48.7392,-26.5616],[-48.73,-26.5706],[-48.7293,-26.5789],[-48.7255,-26.5958]]]}},{"type":"Feature","properties":{"nome":"Bela Vista do Toldo","cod":"4202131","uf":"SC"},"geometry":{"type":"Polygon","coordinates":[[[-50.4007,-26.5689],[-50.4181,-26.5792],[-50.4299,-26.5736],[-50.44,-26.5758],[-50.4433,-26.5905],[-50.431,-26.6004],[-50.4129,-26.6005],[-50.4126,-26.6075],[-50.4271,-26.6046],[-50.4372,-26.6152],[-50.4504,-26.6143],[-50.4632,-26.6237],[-50.4626,-26.6267],[-50.4837,-26.6329],[-50.4925,-26.6424],[-50.496,-26.6431],[-50.5085,-26.6347],[-50.5077,-26.6378],[-50.5154,-26.6401],[-50.5184,-26.6338],[-50.5272,-26.6237],[-50.5235,-26.618],[-50.53,-26.6123],[-50.5298,-26.6078],[-50.5262,-26.6066],[-50.5154,-26.5858],[-50.5173,-26.5652],[-50.53,-26.5488],[-50.5381,-26.5213],[-50.5519,-26.5055],[-50.5536,-26.4959],[-50.5473,-26.4862],[-50.5385,-26.4849],[-50.5304,-26.4761],[-50.5382,-26.4694],[-50.549,-26.4644],[-50.5546,-26.4474],[-50.5631,-26.4411],[-50.5697,-26.4407],[-50.5737,-26.4316],[-50.5742,-26.4174],[-50.564,-26.408],[-50.5634,-26.4015],[-50.5645,-26.3955],[-50.5757,-26.3881],[-50.5776,-26.379],[-50.5855,-26.3698],[-50.5842,-26.3659],[-50.57,-26.3571],[-50.5778,-26.3511],[-50.571,-26.3443],[-50.571,-26.3368],[-50.556,-26.3249],[-50.554,-26.3158],[-50.5715,-26.295],[-50.5595,-26.2873],[-50.5624,-26.2836],[-50.5561,-26.2819],[-50.547,-26.2715],[-50.5369,-26.2537],[-50.503,-26.2473],[-50.4981,-26.2442],[-50.4938,-26.2414],[-50.4634,-26.2285],[-50.4346,-26.2369],[-50.4365,-26.2412],[-50.4238,-26.2495],[-50.4298,-26.2599],[-50.4247,-26.2674],[-50.4186,-26.2694],[-50.4212,-26.2753],[-50.4159,-26.2816],[-50.407,-26.282],[-50.4035,-26.2857],[-50.405,-26.2915],[-50.4102,-26.3105],[-50.3957,-26.3226],[-50.4027,-26.3467],[-50.403,-26.3468],[-50.412,-26.3542],[-50.4107,-26.3653],[-50.4185,-26.3669],[-50.4265,-26.3788],[-50.4183,-26.3917],[-50.4169,-26.4099],[-50.4308,-26.4255],[-50.435,-26.432],[-50.4321,-26.4389],[-50.4349,-26.4474],[-50.4508,-26.4607],[-50.4441,-26.4771],[-50.4541,-26.4939],[-50.4543,-26.5003],[-50.4491,-26.5129],[-50.4324,-26.5233],[-50.423,-26.5453],[-50.4064,-26.5559],[-50.4007,-26.5689]]]}},{"type":"Feature","properties":{"nome":"Belmonte","cod":"4202156","uf":"SC"},"geometry":{"type":"Polygon","coordinates":[[[-53.6513,-26.8087],[-53.6422,-26.8124],[-53.6386,-26.8103],[-53.6358,-26.8161],[-53.6261,-26.812],[-53.6258,-26.8161],[-53.6203,-26.8187],[-53.6159,-26.8175],[-53.6167,-26.8107],[-53.6058,-26.8176],[-53.5551,-26.8311],[-53.5549,-26.8312],[-53.5448,-26.8339],[-53.5475,-26.8412],[-53.5517,-26.8392],[-53.5553,-26.8426],[-53.5506,-26.8467],[-53.5525,-26.8537],[-53.5571,-26.8553],[-53.554,-26.8587],[-53.5565,-26.861],[-53.5636,-26.8551],[-53.5651,-26.8605],[-53.5626,-26.8644],[-53.5571,-26.8634],[-53.5569,-26.8735],[-53.5498,-26.8722],[-53.5519,-26.8785],[-53.5561,-26.8797],[-53.5561,-26.8833],[-53.5528,-26.8835],[-53.5546,-26.8881],[-53.5505,-26.8893],[-53.5749,-26.8958],[-53.6009,-26.885],[-53.6185,-26.8919],[-53.625,-26.8843],[-53.6331,-26.8858],[-53.6713,-26.8926],[-53.6946,-26.886],[-53.6904,-26.8758],[-53.6789,-26.8688],[-53.6934,-26.8633],[-53.6952,-26.8576],[-53.6627,-26.8637],[-53.6589,-26.8608],[-53.6601,-26.8563],[-53.6703,-26.8519],[-53.6763,-26.8429],[-53.6607,-26.8414],[-53.6658,-26.8333],[-53.6554,-26.829],[-53.662,-26.823],[-53.6618,-26.818],[-53.6525,-26.8168],[-53.6513,-26.8087]]]}},{"type":"Feature","properties":{"nome":"Benedito Novo","cod":"4202206","uf":"SC"},"geometry":{"type":"Polygon","coordinates":[[[-49.4748,-26.6473],[-49.4654,-26.6507],[-49.4492,-26.6471],[-49.4421,-26.6564],[-49.4177,-26.6604],[-49.4114,-26.6675],[-49.4061,-26.6656],[-49.4036,-26.6687],[-49.3943,-26.6764],[-49.3948,-26.6805],[-49.386,-26.6834],[-49.3782,-26.694],[-49.3685,-26.6941],[-49.3644,-26.7048],[-49.3555,-26.7089],[-49.3533,-26.7223],[-49.3414,-26.7234],[-49.3411,-26.7273],[-49.3332,-26.7346],[-49.329,-26.7372],[-49.3339,-26.74],[-49.3346,-26.7454],[-49.3344,-26.7523],[-49.3394,-26.7562],[-49.3332,-26.7644],[-49.3276,-26.772],[-49.3331,-26.777],[-49.3278,-26.785],[-49.3336,-26.7968],[-49.3298,-26.8072],[-49.3426,-26.818],[-49.3447,-26.8193],[-49.348,-26.8201],[-49.3588,-26.8222],[-49.3565,-26.8317],[-49.3712,-26.8418],[-49.3715,-26.8519],[-49.3769,-26.8529],[-49.3828,-26.8642],[-49.401,-26.8671],[-49.4029,-26.8737],[-49.4118,-26.9002],[-49.4239,-26.9049],[-49.4266,-26.9155],[-49.4344,-26.9147],[-49.4457,-26.9212],[-49.4517,-26.934],[-49.4578,-26.9354],[-49.4602,-26.933],[-49.4651,-26.9396],[-49.4839,-26.9369],[-49.488,-26.9347],[-49.5069,-26.9203],[-49.51,-26.9088],[-49.5433,-26.8911],[-49.5469,-26.8904],[-49.5504,-26.8748],[-49.5531,-26.8685],[-49.5499,-26.8558],[-49.5385,-26.8541],[-49.5341,-26.849],[-49.5302,-26.8445],[-49.5334,-26.8412],[-49.533,-26.8286],[-49.5209,-26.8232],[-49.5241,-26.8155],[-49.516,-26.8085],[-49.5194,-26.7977],[-49.5063,-26.7886],[-49.4935,-26.7907],[-49.4864,-26.7789],[-49.4706,-26.7729],[-49.4688,-26.7669],[-49.4533,-26.7655],[-49.4486,-26.7608],[-49.4462,-26.7583],[-49.4512,-26.7567],[-49.4503,-26.751],[-49.4499,-26.7487],[-49.4492,-26.73],[-49.4518,-26.7235],[-49.449,-26.7141],[-49.4564,-26.7081],[-49.4652,-26.7062],[-49.4735,-26.6966],[-49.4714,-26.6772],[-49.4807,-26.6727],[-49.4876,-26.6608],[-49.4835,-26.6486],[-49.4748,-26.6473]]]}},{"type":"Feature","properties":{"nome":"Biguaçu","cod":"4202305","uf":"SC"},"geometry":{"type":"Polygon","coordinates":[[[-48.6546,-27.3204],[-48.6383,-27.327],[-48.6274,-27.3242],[-48.6276,-27.3387],[-48.633,-27.3454],[-48.6338,-27.3707],[-48.6335,-27.3723],[-48.6313,-27.38],[-48.6319,-27.3923],[-48.6232,-27.3907],[-48.6099,-27.3987],[-48.5984,-27.4011],[-48.6036,-27.4083],[-48.6019,-27.4217],[-48.6061,-27.4236],[-48.6081,-27.431],[-48.6051,-27.4412],[-48.5866,-27.4538],[-48.5814,-27.4661],[-48.5896,-27.4847],[-48.5885,-27.4927],[-48.5743,-27.5166],[-48.6307,-27.5291],[-48.6352,-27.5352],[-48.6495,-27.5415],[-48.6538,-27.5436],[-48.6564,-27.5366],[-48.6649,-27.5314],[-48.6678,-27.538],[-48.6726,-27.5396],[-48.6795,-27.5301],[-48.6796,-27.5219],[-48.6909,-27.5194],[-48.6926,-27.5224],[-48.705,-27.5252],[-48.7051,-27.5252],[-48.7167,-27.5276],[-48.7226,-27.5363],[-48.7323,-27.534],[-48.7474,-27.5363],[-48.7492,-27.5217],[-48.7462,-27.5166],[-48.7393,-27.5076],[-48.7392,-27.5031],[-48.7559,-27.4964],[-48.754,-27.4872],[-48.7445,-27.4767],[-48.7553,-27.4694],[-48.7648,-27.4597],[-48.7722,-27.4589],[-48.7814,-27.464],[-48.7949,-27.4512],[-48.7953,-27.4508],[-48.8007,-27.4454],[-48.7993,-27.4382],[-48.8032,-27.4318],[-48.801,-27.402],[-48.8089,-27.4033],[-48.8357,-27.3962],[-48.8329,-27.393],[-48.8271,-27.3885],[-48.82,-27.387],[-48.8106,-27.3687],[-48.8012,-27.3587],[-48.7932,-27.3513],[-48.7741,-27.346],[-48.7681,-27.3497],[-48.7628,-27.3433],[-48.75,-27.3451],[-48.7312,-27.3397],[-48.7168,-27.348],[-48.7111,-27.3478],[-48.7069,-27.354],[-48.6999,-27.3496],[-48.695,-27.3496],[-48.6885,-27.341],[-48.6839,-27.3419],[-48.6741,-27.3401],[-48.6718,-27.3475],[-48.6637,-27.3462],[-48.6576,-27.3354],[-48.6618,-27.3258],[-48.6546,-27.3204]]]}},{"type":"Feature","properties":{"nome":"Blumenau","cod":"4202404","uf":"SC"},"geometry":{"type":"Polygon","coordinates":[[[-49.1069,-26.6579],[-49.1016,-26.659],[-49.099,-26.6556],[-49.0741,-26.6535],[-49.0703,-26.6476],[-49.0682,-26.6527],[-49.0559,-26.6563],[-49.0469,-26.6493],[-49.0363,-26.6604],[-49.0319,-26.6612],[-49.0177,-26.6838],[-49.0253,-26.6853],[-49.033,-26.6974],[-49.0489,-26.7081],[-49.0442,-26.714],[-49.0449,-26.7237],[-49.0388,-26.7275],[-49.0396,-26.7328],[-49.05,-26.7437],[-49.0453,-26.7521],[-49.0349,-26.7731],[-49.0304,-26.7777],[-49.046,-26.7764],[-49.0542,-26.7816],[-49.0499,-26.7882],[-49.0534,-26.7995],[-49.0446,-26.8139],[-49.0484,-26.8246],[-49.0386,-26.827],[-49.0379,-26.8306],[-49.0394,-26.8322],[-49.0422,-26.8547],[-49.0401,-26.8557],[-49.0399,-26.858],[-49.0424,-26.8605],[-49.0401,-26.8617],[-49.0439,-26.8709],[-49.042,-26.8789],[-49.0279,-26.8898],[-49.0167,-26.8986],[-49.0126,-26.9025],[-49.012,-26.9067],[-49.0163,-26.9092],[-49.0193,-26.9181],[-49.0288,-26.9217],[-49.0308,-26.9291],[-49.0277,-26.935],[-49.032,-26.9359],[-49.0491,-26.9441],[-49.0542,-26.9488],[-49.0565,-26.9543],[-49.0504,-26.9609],[-49.0422,-26.9783],[-49.0416,-26.9854],[-49.0462,-26.9891],[-49.056,-26.9926],[-49.0545,-27.0008],[-49.0545,-27.0013],[-49.0548,-27.0096],[-49.0547,-27.0098],[-49.0596,-27.0157],[-49.054,-27.0272],[-49.0546,-27.0339],[-49.0657,-27.0413],[-49.0641,-27.0549],[-49.0581,-27.0605],[-49.0569,-27.0639],[-49.0614,-27.0697],[-49.0588,-27.0981],[-49.0673,-27.1011],[-49.0674,-27.1086],[-49.0793,-27.1197],[-49.0865,-27.1212],[-49.0956,-27.1143],[-49.1036,-27.1145],[-49.1105,-27.121],[-49.1301,-27.1221],[-49.1346,-27.1305],[-49.1395,-27.1321],[-49.1552,-27.1185],[-49.1564,-27.0969],[-49.1486,-27.0902],[-49.142,-27.0923],[-49.1376,-27.0733],[-49.1316,-27.0666],[-49.1309,-27.0565],[-49.1373,-27.0458],[-49.1284,-27.0316],[-49.1355,-27.0236],[-49.1372,-27.0137],[-49.1506,-27.0107],[-49.1621,-26.9923],[-49.1618,-26.9885],[-49.1618,-26.9785],[-49.1574,-26.971],[-49.1644,-26.9554],[-49.1574,-26.9521],[-49.1629,-26.9466],[-49.1651,-26.9418],[-49.1587,-26.9346],[-49.1686,-26.93],[-49.1765,-26.9144],[-49.1723,-26.9039],[-49.1642,-26.9039],[-49.1652,-26.8969],[-49.1616,-26.8939],[-49.1517,-26.8949],[-49.1611,-26.8843],[-49.1797,-26.8769],[-49.1848,-26.879],[-49.1854,-26.8751],[-49.1748,-26.8694],[-49.1898,-26.8581],[-49.1952,-26.8534],[-49.192,-26.8471],[-49.2002,-26.8402],[-49.1987,-26.8368],[-49.1887,-26.8394],[-49.182,-26.8345],[-49.1696,-26.8341],[-49.1633,-26.8376],[-49.1387,-26.8338],[-49.1382,-26.8337],[-49.1277,-26.8321],[-49.1234,-26.8218],[-49.1275,-26.8069],[-49.1193,-26.7919],[-49.1239,-26.7768],[-49.1233,-26.7608],[-49.1268,-26.7585],[-49.1268,-26.7517],[-49.1181,-26.7446],[-49.1063,-26.7427],[-49.106,-26.7399],[-49.1136,-26.7342],[-49.1099,-26.7217],[-49.1193,-26.7216],[-49.1196,-26.7163],[-49.1204,-26.7097],[-49.1315,-26.7079],[-49.1315,-26.6936],[-49.1244,-26.6881],[-49.1228,-26.6824],[-49.127,-26.68],[-49.1328,-26.6525],[-49.1297,-26.6348],[-49.132,-26.6295],[-49.1294,-26.6211],[-49.1231,-26.6207],[-49.1139,-26.6125],[-49.114,-26.6244],[-49.1099,-26.6306],[-49.114,-26.6382],[-49.1105,-26.6498],[-49.1063,-26.6506],[-49.1069,-26.6579]]]}},{"type":"Feature","properties":{"nome":"Bocaina do Sul","cod":"4202438","uf":"SC"},"geometry":{"type":"Polygon","coordinates":[[[-50.0022,-27.6227],[-49.9941,-27.6247],[-49.9851,-27.6187],[-49.9724,-27.6342],[-49.9846,-27.6324],[-49.9906,-27.6405],[-49.9764,-27.6434],[-49.9704,-27.6566],[-49.9634,-27.6601],[-49.9527,-27.6557],[-49.9555,-27.6404],[-49.9454,-27.6363],[-49.9485,-27.6452],[-49.945,-27.6474],[-49.9364,-27.6472],[-49.9189,-27.667],[-49.909,-27.6708],[-49.9054,-27.6672],[-49.9091,-27.6599],[-49.9195,-27.6558],[-49.9174,-27.6499],[-49.9107,-27.6537],[-49.9014,-27.6521],[-49.8987,-27.6585],[-49.8926,-27.662],[-49.887,-27.6479],[-49.8846,-27.6647],[-49.8718,-27.6758],[-49.8735,-27.6846],[-49.864,-27.6914],[-49.8621,-27.6756],[-49.8543,-27.6689],[-49.8368,-27.6699],[-49.8337,-27.6751],[-49.8388,-27.6774],[-49.8467,-27.6786],[-49.8415,-27.6839],[-49.8428,-27.6975],[-49.8395,-27.701],[-49.8219,-27.7002],[-49.8149,-27.7057],[-49.8118,-27.7005],[-49.8046,-27.7056],[-49.7991,-27.7154],[-49.7981,-27.7357],[-49.7865,-27.7381],[-49.7747,-27.7326],[-49.7739,-27.7462],[-49.7612,-27.7499],[-49.7617,-27.7577],[-49.7707,-27.753],[-49.781,-27.7648],[-49.772,-27.7679],[-49.7666,-27.7827],[-49.754,-27.7896],[-49.7598,-27.8053],[-49.7644,-27.8128],[-49.7679,-27.8076],[-49.7625,-27.7969],[-49.7739,-27.7974],[-49.7783,-27.8022],[-49.7781,-27.803],[-49.7794,-27.8092],[-49.8048,-27.8499],[-49.8077,-27.8666],[-49.8229,-27.8712],[-49.8322,-27.8776],[-49.836,-27.8858],[-49.8486,-27.8847],[-49.8692,-27.9006],[-49.8779,-27.8966],[-49.8772,-27.8873],[-49.8855,-27.8845],[-49.8887,-27.8762],[-49.8997,-27.8655],[-49.8985,-27.857],[-49.9106,-27.8551],[-49.9095,-27.8492],[-49.9041,-27.8437],[-49.9217,-27.8415],[-49.9376,-27.8449],[-49.9485,-27.8446],[-49.9522,-27.8481],[-49.9612,-27.8465],[-49.9693,-27.8492],[-49.9675,-27.8476],[-49.9635,-27.8451],[-49.9653,-27.8367],[-49.9707,-27.8329],[-49.9763,-27.8362],[-49.9803,-27.8294],[-49.9905,-27.8246],[-49.9857,-27.8168],[-49.9976,-27.8066],[-49.9936,-27.7981],[-49.9962,-27.7912],[-50.0029,-27.7923],[-50.0169,-27.8065],[-50.0255,-27.808],[-50.0276,-27.8152],[-50.0349,-27.8108],[-50.0398,-27.8158],[-50.0469,-27.809],[-50.0576,-27.8095],[-50.0611,-27.8132],[-50.0686,-27.8102],[-50.0787,-27.8007],[-50.0757,-27.7872],[-50.075,-27.782],[-50.0623,-27.7736],[-50.0434,-27.7723],[-50.0412,-27.7607],[-50.0281,-27.7534],[-50.0304,-27.7483],[-50.0242,-27.7299],[-50.0288,-27.7263],[-50.032,-27.7238],[-50.0287,-27.7199],[-50.0317,-27.7139],[-50.0244,-27.7071],[-50.0294,-27.7004],[-50.0245,-27.6953],[-50.0272,-27.6922],[-50.0124,-27.6718],[-50.0022,-27.6727],[-50.0042,-27.6643],[-49.9999,-27.6596],[-49.9986,-27.6494],[-50.0019,-27.6488],[-50.0006,-27.6398],[-49.9964,-27.6387],[-49.9956,-27.6346],[-50.0043,-27.6292],[-50.0101,-27.6182],[-50.0064,-27.617],[-50.0022,-27.6227]]]}},{"type":"Feature","properties":{"nome":"Bombinhas","cod":"4202453","uf":"SC"},"geometry":{"type":"Polygon","coordinates":[[[-48.5015,-27.1454],[-48.484,-27.1487],[-48.4781,-27.1429],[-48.4811,-27.1384],[-48.4787,-27.1348],[-48.4751,-27.1465],[-48.4652,-27.1447],[-48.4759,-27.1552],[-48.4827,-27.1549],[-48.4864,-27.1645],[-48.4955,-27.1655],[-48.498,-27.1691],[-48.4987,-27.1922],[-48.491,-27.2024],[-48.4845,-27.1988],[-48.477,-27.1997],[-48.4785,-27.2056],[-48.4866,-27.211],[-48.489,-27.209],[-48.4977,-27.2171],[-48.5033,-27.215],[-48.517,-27.2205],[-48.5174,-27.2165],[-48.5026,-27.2067],[-48.5002,-27.2009],[-48.5146,-27.185],[-48.5297,-27.1809],[-48.5399,-27.1822],[-48.5578,-27.1982],[-48.5716,-27.2026],[-48.5792,-27.2115],[-48.5775,-27.2076],[-48.5843,-27.1994],[-48.5839,-27.194],[-48.574,-27.1847],[-48.5626,-27.184],[-48.554,-27.1732],[-48.5417,-27.1733],[-48.5291,-27.1632],[-48.5226,-27.136],[-48.5068,-27.1108],[-48.5035,-27.1146],[-48.5122,-27.132],[-48.5015,-27.1454]]]}},{"type":"Feature","properties":{"nome":"Bom Jardim da Serra","cod":"4202503","uf":"SC"},"geometry":{"type":"Polygon","coordinates":[[[-49.5511,-28.1175],[-49.5434,-28.125],[-49.533,-28.1227],[-49.5093,-28.1268],[-49.4997,-28.1239],[-49.4948,-28.1246],[-49.4943,-28.1199],[-49.4791,-28.1183],[-49.474,-28.1251],[-49.488,-28.1269],[-49.4933,-28.1338],[-49.4919,-28.1451],[-49.5002,-28.1466],[-49.5015,-28.1505],[-49.5103,-28.1547],[-49.5079,-28.1563],[-49.5108,-28.1591],[-49.5062,-28.1604],[-49.5145,-28.1705],[-49.5112,-28.1726],[-49.5301,-28.1873],[-49.5276,-28.1925],[-49.5321,-28.1979],[-49.5291,-28.2003],[-49.5319,-28.2069],[-49.5261,-28.2085],[-49.5281,-28.2144],[-49.5351,-28.2183],[-49.5299,-28.2257],[-49.5502,-28.2392],[-49.5336,-28.2409],[-49.5411,-28.247],[-49.5345,-28.2472],[-49.5356,-28.2501],[-49.5312,-28.2529],[-49.5377,-28.2589],[-49.5428,-28.2584],[-49.5473,-28.2728],[-49.5423,-28.2702],[-49.5419,-28.2726],[-49.5366,-28.2721],[-49.5343,-28.2663],[-49.5222,-28.2713],[-49.516,-28.2625],[-49.5206,-28.2752],[-49.5253,-28.2758],[-49.5275,-28.2859],[-49.5222,-28.2975],[-49.526,-28.3057],[-49.5235,-28.3077],[-49.5316,-28.3064],[-49.5354,-28.3137],[-49.5321,-28.3157],[-49.5351,-28.3318],[-49.5449,-28.3444],[-49.5317,-28.3425],[-49.5324,-28.3507],[-49.5514,-28.3524],[-49.5506,-28.3671],[-49.5596,-28.3721],[-49.5531,-28.3765],[-49.5513,-28.3841],[-49.5432,-28.3829],[-49.5522,-28.3997],[-49.5447,-28.4017],[-49.5668,-28.4136],[-49.5574,-28.4242],[-49.5604,-28.4345],[-49.5494,-28.436],[-49.5503,-28.4405],[-49.5376,-28.4346],[-49.5361,-28.428],[-49.5343,-28.4352],[-49.543,-28.4397],[-49.5491,-28.4489],[-49.5467,-28.4532],[-49.5508,-28.4507],[-49.5548,-28.4605],[-49.5596,-28.4599],[-49.5589,-28.4652],[-49.5623,-28.4665],[-49.5549,-28.4739],[-49.5519,-28.4837],[-49.5489,-28.4835],[-49.5553,-28.4937],[-49.562,-28.4937],[-49.5668,-28.4976],[-49.5684,-28.5037],[-49.5905,-28.5007],[-49.5892,-28.5057],[-49.5929,-28.5029],[-49.6002,-28.5141],[-49.5953,-28.516],[-49.5976,-28.5219],[-49.6053,-28.5202],[-49.6168,-28.531],[-49.6469,-28.5432],[-49.6562,-28.5659],[-49.649,-28.5676],[-49.6472,-28.5818],[-49.6435,-28.5836],[-49.6518,-28.5934],[-49.647,-28.5982],[-49.6539,-28.6023],[-49.6671,-28.6024],[-49.6706,-28.6062],[-49.6672,-28.6117],[-49.6845,-28.6209],[-49.6931,-28.6245],[-49.6911,-28.6185],[-49.6984,-28.6062],[-49.7094,-28.6042],[-49.7122,-28.5937],[-49.7077,-28.5826],[-49.711,-28.5729],[-49.7195,-28.5765],[-49.725,-28.5695],[-49.73,-28.5516],[-49.7485,-28.5452],[-49.7463,-28.5358],[-49.7266,-28.5188],[-49.7287,-28.5142],[-49.7361,-28.5116],[-49.7367,-28.5101],[-49.7436,-28.5065],[-49.7393,-28.4996],[-49.7449,-28.4934],[-49.7622,-28.5017],[-49.7705,-28.4925],[-49.765,-28.4824],[-49.7642,-28.4596],[-49.7682,-28.4591],[-49.7726,-28.4669],[-49.7813,-28.4717],[-49.7779,-28.4754],[-49.7855,-28.4877],[-49.7806,-28.4941],[-49.7829,-28.4958],[-49.7908,-28.4947],[-49.8023,-28.4834],[-49.8101,-28.4674],[-49.8165,-28.4686],[-49.8171,-28.4624],[-49.8101,-28.4628],[-49.8026,-28.4554],[-49.8099,-28.4521],[-49.8124,-28.4444],[-49.8072,-28.4289],[-49.8129,-28.4275],[-49.8153,-28.4382],[-49.8307,-28.4248],[-49.8217,-28.4207],[-49.8108,-28.4212],[-49.8091,-28.4165],[-49.8032,-28.415],[-49.8051,-28.4267],[-49.8008,-28.4327],[-49.7987,-28.4238],[-49.7879,-28.4269],[-49.7866,-28.4219],[-49.7826,-28.4208],[-49.7818,-28.4288],[-49.7533,-28.4185],[-49.7695,-28.4144],[-49.7622,-28.4064],[-49.7713,-28.4044],[-49.7721,-28.3925],[-49.783,-28.3923],[-49.7863,-28.3849],[-49.8084,-28.3838],[-49.808,-28.3662],[-49.8049,-28.365],[-49.7974,-28.3721],[-49.7954,-28.3685],[-49.7953,-28.368],[-49.7835,-28.3649],[-49.7714,-28.3742],[-49.7721,-28.3607],[-49.7771,-28.3544],[-49.7651,-28.35],[-49.7639,-28.3408],[-49.7667,-28.3393],[-49.766,-28.3306],[-49.7709,-28.3329],[-49.7736,-28.3308],[-49.7695,-28.3251],[-49.7691,-28.319],[-49.7725,-28.3178],[-49.7674,-28.3109],[-49.7712,-28.3065],[-49.7659,-28.298],[-49.7705,-28.2965],[-49.7733,-28.2776],[-49.7623,-28.264],[-49.7617,-28.2622],[-49.7506,-28.2437],[-49.7314,-28.2389],[-49.7214,-28.2225],[-49.7149,-28.2246],[-49.7089,-28.2203],[-49.7009,-28.2277],[-49.6897,-28.2269],[-49.6766,-28.2326],[-49.6717,-28.2298],[-49.6659,-28.214],[-49.6691,-28.1844],[-49.6594,-28.1848],[-49.6569,-28.1784],[-49.6438,-28.1697],[-49.644,-28.164],[-49.6152,-28.1582],[-49.6094,-28.1628],[-49.6047,-28.159],[-49.5962,-28.1592],[-49.5851,-28.1486],[-49.5771,-28.1486],[-49.5729,-28.1353],[-49.5769,-28.1319],[-49.5654,-28.1256],[-49.5634,-28.115],[-49.5511,-28.1175]]]}},{"type":"Feature","properties":{"nome":"Bom Jesus","cod":"4202537","uf":"SC"},"geometry":{"type":"Polygon","coordinates":[[[-52.3593,-26.706],[-52.3642,-26.7133],[-52.3529,-26.7237],[-52.3676,-26.7419],[-52.3692,-26.7506],[-52.3619,-26.7592],[-52.3655,-26.7662],[-52.3604,-26.7672],[-52.3603,-26.7764],[-52.3551,-26.785],[-52.3632,-26.786],[-52.3697,-26.7943],[-52.391,-26.7841],[-52.4075,-26.7826],[-52.4091,-26.79],[-52.4159,-26.7943],[-52.4207,-26.793],[-52.4206,-26.7812],[-52.428,-26.7799],[-52.4397,-26.7712],[-52.429,-26.767],[-52.4179,-26.7589],[-52.4225,-26.7491],[-52.406,-26.7472],[-52.4129,-26.73],[-52.4235,-26.723],[-52.4255,-26.7157],[-52.4245,-26.7069],[-52.4162,-26.6989],[-52.3885,-26.7078],[-52.3864,-26.6954],[-52.3927,-26.684],[-52.3824,-26.6799],[-52.3804,-26.6728],[-52.3681,-26.6718],[-52.3593,-26.706]]]}},{"type":"Feature","properties":{"nome":"Bom Jesus do Oeste","cod":"4202578","uf":"SC"},"geometry":{"type":"Polygon","coordinates":[[[-53.0984,-26.6269],[-53.0867,-26.6384],[-53.079,-26.6325],[-53.0674,-26.6321],[-53.0602,-26.6401],[-53.0621,-26.6435],[-53.0759,-26.6685],[-53.0681,-26.6733],[-53.0673,-26.6765],[-53.0727,-26.6799],[-53.0713,-26.6855],[-53.0601,-26.6963],[-53.0579,-26.7137],[-53.065,-26.7238],[-53.0608,-26.7247],[-53.0656,-26.7285],[-53.0637,-26.7305],[-53.0696,-26.7308],[-53.0694,-26.7368],[-53.0864,-26.7372],[-53.109,-26.7399],[-53.105,-26.7357],[-53.1057,-26.7286],[-53.1089,-26.7261],[-53.1241,-26.7289],[-53.1232,-26.7217],[-53.1284,-26.7198],[-53.13,-26.7108],[-53.1242,-26.705],[-53.1175,-26.681],[-53.1119,-26.679],[-53.1193,-26.6737],[-53.1261,-26.6677],[-53.1251,-26.6564],[-53.1341,-26.6473],[-53.1362,-26.6388],[-53.1289,-26.6375],[-53.122,-26.6307],[-53.1137,-26.6287],[-53.0984,-26.6269]]]}},{"type":"Feature","properties":{"nome":"Bom Retiro","cod":"4202602","uf":"SC"},"geometry":{"type":"Polygon","coordinates":[[[-49.5098,-27.6257],[-49.5099,-27.6338],[-49.506,-27.6379],[-49.5055,-27.6466],[-49.5038,-27.6527],[-49.4971,-27.6538],[-49.48,-27.6719],[-49.478,-27.6815],[-49.4684,-27.686],[-49.461,-27.7055],[-49.4584,-27.7109],[-49.4635,-27.7146],[-49.463,-27.7189],[-49.4682,-27.7221],[-49.4723,-27.7299],[-49.4684,-27.75],[-49.4596,-27.7524],[-49.4582,-27.7605],[-49.4333,-27.7589],[-49.4304,-27.761],[-49.4244,-27.766],[-49.4297,-27.7737],[-49.4205,-27.7798],[-49.4288,-27.7881],[-49.4242,-27.7864],[-49.4131,-27.7896],[-49.4082,-27.7891],[-49.3901,-27.8023],[-49.3814,-27.8139],[-49.3675,-27.8167],[-49.3568,-27.8121],[-49.3555,-27.8197],[-49.3483,-27.8225],[-49.339,-27.8355],[-49.3191,-27.829],[-49.3102,-27.8371],[-49.3084,-27.8527],[-49.296,-27.8745],[-49.2814,-27.8731],[-49.2843,-27.8834],[-49.2996,-27.9008],[-49.3011,-27.9002],[-49.3176,-27.9027],[-49.3262,-27.9112],[-49.3234,-27.9184],[-49.3281,-27.9228],[-49.3478,-27.9268],[-49.3603,-27.9233],[-49.3679,-27.9318],[-49.3771,-27.9346],[-49.3804,-27.9416],[-49.3891,-27.9452],[-49.4168,-27.9522],[-49.4227,-27.9473],[-49.4217,-27.9409],[-49.4262,-27.9348],[-49.4342,-27.9365],[-49.4398,-27.943],[-49.447,-27.9337],[-49.456,-27.9307],[-49.4607,-27.9325],[-49.4639,-27.9281],[-49.4926,-27.931],[-49.5184,-27.9142],[-49.5548,-27.9109],[-49.5818,-27.8987],[-49.5835,-27.8988],[-49.5891,-27.8987],[-49.5931,-27.9038],[-49.6051,-27.9042],[-49.6068,-27.9007],[-49.6089,-27.8936],[-49.6192,-27.8934],[-49.6353,-27.8822],[-49.6451,-27.8794],[-49.6557,-27.8589],[-49.6659,-27.8498],[-49.6851,-27.8379],[-49.6873,-27.8328],[-49.703,-27.8408],[-49.7184,-27.8383],[-49.7295,-27.8451],[-49.7342,-27.8465],[-49.7347,-27.8515],[-49.74,-27.852],[-49.74,-27.8469],[-49.7523,-27.8536],[-49.7531,-27.8373],[-49.7597,-27.839],[-49.759,-27.831],[-49.7541,-27.8269],[-49.7421,-27.838],[-49.7388,-27.8373],[-49.7324,-27.822],[-49.7478,-27.8258],[-49.759,-27.8148],[-49.7706,-27.8308],[-49.7839,-27.8303],[-49.7827,-27.8256],[-49.7817,-27.8236],[-49.776,-27.8161],[-49.7781,-27.803],[-49.7783,-27.8022],[-49.7739,-27.7974],[-49.7625,-27.7969],[-49.7679,-27.8076],[-49.7644,-27.8128],[-49.7598,-27.8053],[-49.754,-27.7896],[-49.7666,-27.7827],[-49.772,-27.7679],[-49.781,-27.7648],[-49.7707,-27.753],[-49.7617,-27.7577],[-49.7612,-27.7499],[-49.7739,-27.7462],[-49.7747,-27.7326],[-49.7865,-27.7381],[-49.7981,-27.7357],[-49.7991,-27.7154],[-49.8046,-27.7056],[-49.8118,-27.7005],[-49.8149,-27.7057],[-49.8219,-27.7002],[-49.8395,-27.701],[-49.8428,-27.6975],[-49.8415,-27.6839],[-49.8467,-27.6786],[-49.8388,-27.6774],[-49.8339,-27.6859],[-49.8256,-27.6874],[-49.8212,-27.6841],[-49.8217,-27.6901],[-49.8188,-27.6863],[-49.813,-27.6864],[-49.813,-27.6814],[-49.8094,-27.6836],[-49.8086,-27.6789],[-49.8011,-27.6767],[-49.8035,-27.6744],[-49.8003,-27.6746],[-49.7946,-27.6642],[-49.7868,-27.6713],[-49.7861,-27.6668],[-49.7825,-27.6684],[-49.7745,-27.6595],[-49.7644,-27.6568],[-49.7587,-27.6682],[-49.7473,-27.6661],[-49.7451,-27.6684],[-49.7454,-27.6651],[-49.7412,-27.6681],[-49.7378,-27.6622],[-49.7338,-27.6634],[-49.7296,-27.6544],[-49.7223,-27.6554],[-49.7186,-27.6476],[-49.7113,-27.643],[-49.685,-27.6527],[-49.675,-27.6471],[-49.6637,-27.6488],[-49.6477,-27.6384],[-49.6289,-27.6182],[-49.6243,-27.6173],[-49.6183,-27.6191],[-49.6398,-27.6468],[-49.6372,-27.6589],[-49.6313,-27.6622],[-49.6202,-27.6599],[-49.6085,-27.65],[-49.5869,-27.643],[-49.58,-27.6288],[-49.5717,-27.6307],[-49.5643,-27.622],[-49.5491,-27.6164],[-49.5469,-27.6123],[-49.5074,-27.6],[-49.5053,-27.6133],[-49.5084,-27.6173],[-49.5057,-27.6211],[-49.5098,-27.6257]]]}},{"type":"Feature","properties":{"nome":"Botuverá","cod":"4202701","uf":"SC"},"geometry":{"type":"Polygon","coordinates":[[[-49.1395,-27.1321],[-49.1393,-27.1397],[-49.1046,-27.1385],[-49.097,-27.1655],[-49.0926,-27.1696],[-49.0798,-27.1744],[-49.073,-27.1708],[-49.0665,-27.1722],[-49.0598,-27.1661],[-49.0447,-27.1755],[-49.0275,-27.2011],[-49.0311,-27.1946],[-49.0252,-27.1831],[-49.025,-27.1741],[-49.0151,-27.1749],[-49.0089,-27.171],[-49.0174,-27.1642],[-49.007,-27.1641],[-49.0052,-27.1566],[-48.9889,-27.1532],[-48.9753,-27.1618],[-48.9871,-27.182],[-49.0081,-27.2012],[-49.0083,-27.2318],[-49.0227,-27.2417],[-49.0214,-27.256],[-49.0257,-27.2611],[-49.0367,-27.2713],[-49.0502,-27.2717],[-49.0647,-27.277],[-49.0742,-27.276],[-49.075,-27.2755],[-49.0751,-27.2702],[-49.0875,-27.2754],[-49.0906,-27.2764],[-49.1011,-27.2761],[-49.1076,-27.2754],[-49.1111,-27.2793],[-49.1239,-27.2767],[-49.1283,-27.2814],[-49.1341,-27.2795],[-49.1376,-27.2817],[-49.142,-27.2828],[-49.154,-27.2896],[-49.1697,-27.2933],[-49.1752,-27.2935],[-49.1789,-27.2913],[-49.2048,-27.2945],[-49.2251,-27.3115],[-49.2481,-27.3067],[-49.2608,-27.2964],[-49.2633,-27.2938],[-49.2587,-27.2937],[-49.2601,-27.2888],[-49.2519,-27.2844],[-49.2351,-27.2653],[-49.2347,-27.253],[-49.2213,-27.2367],[-49.2221,-27.2312],[-49.2191,-27.2276],[-49.2144,-27.2287],[-49.2102,-27.2143],[-49.2055,-27.2118],[-49.2035,-27.2139],[-49.2007,-27.2078],[-49.1984,-27.2068],[-49.188,-27.2038],[-49.1891,-27.1999],[-49.1958,-27.1983],[-49.2013,-27.1947],[-49.1967,-27.1879],[-49.1978,-27.1772],[-49.204,-27.1627],[-49.2111,-27.1581],[-49.1977,-27.1583],[-49.1928,-27.155],[-49.1927,-27.1387],[-49.1851,-27.1396],[-49.1685,-27.1302],[-49.1619,-27.1243],[-49.162,-27.12],[-49.1552,-27.1185],[-49.1395,-27.1321]]]}},{"type":"Feature","properties":{"nome":"Braço do Norte","cod":"4202800","uf":"SC"},"geometry":{"type":"Polygon","coordinates":[[[-49.164,-28.151],[-49.1624,-28.1584],[-49.1548,-28.157],[-49.1518,-28.1594],[-49.1493,-28.1708],[-49.1457,-28.1706],[-49.1411,-28.1631],[-49.1357,-28.1652],[-49.1295,-28.1616],[-49.125,-28.1644],[-49.1175,-28.1719],[-49.0993,-28.1698],[-49.0948,-28.1757],[-49.081,-28.1733],[-49.0801,-28.1879],[-49.0739,-28.1934],[-49.0674,-28.2002],[-49.073,-28.2263],[-49.0708,-28.2264],[-49.0699,-28.2311],[-49.0785,-28.2363],[-49.0824,-28.2445],[-49.0794,-28.2495],[-49.0828,-28.255],[-49.0791,-28.2741],[-49.0909,-28.2997],[-49.0894,-28.3106],[-49.0828,-28.3195],[-49.0844,-28.326],[-49.1013,-28.3358],[-49.1054,-28.3583],[-49.1151,-28.3548],[-49.1118,-28.3496],[-49.1135,-28.3379],[-49.1246,-28.3307],[-49.1246,-28.3186],[-49.1314,-28.3175],[-49.1391,-28.319],[-49.1472,-28.3138],[-49.15,-28.3161],[-49.152,-28.3165],[-49.1562,-28.3178],[-49.1499,-28.3066],[-49.158,-28.2991],[-49.1644,-28.3017],[-49.1695,-28.2981],[-49.1747,-28.3026],[-49.1839,-28.302],[-49.2019,-28.2871],[-49.2054,-28.2732],[-49.2184,-28.2683],[-49.2331,-28.2562],[-49.2755,-28.2476],[-49.2751,-28.2474],[-49.267,-28.2429],[-49.2615,-28.2452],[-49.2573,-28.2397],[-49.2525,-28.243],[-49.2237,-28.2363],[-49.2207,-28.2393],[-49.2087,-28.2403],[-49.194,-28.254],[-49.1835,-28.2511],[-49.1833,-28.2556],[-49.1816,-28.2642],[-49.1747,-28.2617],[-49.1747,-28.2543],[-49.1985,-28.2267],[-49.1942,-28.2044],[-49.2006,-28.1969],[-49.19,-28.1804],[-49.1925,-28.1645],[-49.1996,-28.1537],[-49.175,-28.1411],[-49.1702,-28.1502],[-49.164,-28.151]]]}},{"type":"Feature","properties":{"nome":"Braço do Trombudo","cod":"4202859","uf":"SC"},"geometry":{"type":"Polygon","coordinates":[[[-49.8556,-27.3199],[-49.8522,-27.3229],[-49.8479,-27.3267],[-49.8711,-27.3516],[-49.864,-27.3777],[-49.8611,-27.3888],[-49.8701,-27.396],[-49.8756,-27.4097],[-49.8853,-27.4116],[-49.8894,-27.4206],[-49.9004,-27.4237],[-49.9071,-27.4319],[-49.9142,-27.4334],[-49.9182,-27.4307],[-49.9191,-27.4226],[-49.9246,-27.4234],[-49.9226,-27.4188],[-49.9296,-27.4135],[-49.9286,-27.4191],[-49.9435,-27.4245],[-49.9466,-27.4205],[-49.9406,-27.4151],[-49.9507,-27.4157],[-49.9458,-27.4059],[-49.9492,-27.4104],[-49.9539,-27.4043],[-49.9559,-27.4023],[-49.9541,-27.3972],[-49.9526,-27.3907],[-49.9486,-27.3898],[-49.9509,-27.3809],[-49.9488,-27.3809],[-49.9466,-27.3809],[-49.9331,-27.3748],[-49.9296,-27.3676],[-49.9339,-27.3642],[-49.9312,-27.3516],[-49.9371,-27.3504],[-49.9402,-27.3355],[-49.9297,-27.3214],[-49.9208,-27.3219],[-49.9086,-27.315],[-49.8966,-27.3071],[-49.8841,-27.3055],[-49.8688,-27.3101],[-49.8634,-27.3155],[-49.862,-27.3194],[-49.856,-27.3196],[-49.8556,-27.3199]]]}},{"type":"Feature","properties":{"nome":"Brunópolis","cod":"4202875","uf":"SC"},"geometry":{"type":"Polygon","coordinates":[[[-50.8342,-27.2253],[-50.831,-27.2362],[-50.833,-27.2414],[-50.8286,-27.2428],[-50.8186,-27.2412],[-50.8211,-27.2285],[-50.8092,-27.2289],[-50.8111,-27.2371],[-50.7968,-27.2401],[-50.7968,-27.2462],[-50.7874,-27.251],[-50.7885,-27.2544],[-50.7994,-27.2586],[-50.7994,-27.262],[-50.7941,-27.2667],[-50.7771,-27.2675],[-50.7806,-27.2777],[-50.7748,-27.2874],[-50.7796,-27.2926],[-50.7735,-27.2976],[-50.7716,-27.3045],[-50.7665,-27.3057],[-50.7648,-27.3148],[-50.7586,-27.3181],[-50.751,-27.3211],[-50.752,-27.3308],[-50.761,-27.3391],[-50.7649,-27.3447],[-50.7634,-27.3505],[-50.7371,-27.351],[-50.7515,-27.363],[-50.7587,-27.3647],[-50.7566,-27.3718],[-50.7572,-27.3901],[-50.7704,-27.4025],[-50.7559,-27.4148],[-50.7542,-27.4216],[-50.7615,-27.4273],[-50.7647,-27.4356],[-50.768,-27.4408],[-50.7756,-27.4416],[-50.7822,-27.4298],[-50.7887,-27.4282],[-50.7955,-27.4346],[-50.7808,-27.4486],[-50.7843,-27.4576],[-50.8048,-27.4552],[-50.8101,-27.4693],[-50.8189,-27.4529],[-50.8232,-27.451],[-50.8204,-27.4377],[-50.8266,-27.4332],[-50.8317,-27.4349],[-50.8369,-27.4293],[-50.8424,-27.432],[-50.8363,-27.4406],[-50.8413,-27.4448],[-50.8508,-27.4358],[-50.8507,-27.4275],[-50.872,-27.4339],[-50.8822,-27.4224],[-50.8884,-27.4282],[-50.8917,-27.4262],[-50.8925,-27.4174],[-50.9019,-27.4137],[-50.8976,-27.4002],[-50.9079,-27.3924],[-50.9036,-27.3852],[-50.9063,-27.3792],[-50.9201,-27.3813],[-50.9306,-27.3781],[-50.9434,-27.3885],[-50.9585,-27.3833],[-50.9618,-27.3792],[-50.9681,-27.3523],[-50.9772,-27.3478],[-50.9729,-27.3439],[-50.9703,-27.3392],[-50.9428,-27.3304],[-50.927,-27.3298],[-50.9439,-27.3168],[-50.9326,-27.3093],[-50.931,-27.2914],[-50.8962,-27.2708],[-50.8755,-27.2729],[-50.871,-27.2672],[-50.8506,-27.247],[-50.8468,-27.2489],[-50.8444,-27.2454],[-50.8448,-27.2354],[-50.8502,-27.2337],[-50.8511,-27.228],[-50.8454,-27.2295],[-50.8342,-27.2253]]]}},{"type":"Feature","properties":{"nome":"Brusque","cod":"4202909","uf":"SC"},"geometry":{"type":"Polygon","coordinates":[[[-48.8665,-27.0034],[-48.8691,-27.0116],[-48.8551,-27.0247],[-48.8553,-27.0308],[-48.8651,-27.033],[-48.8645,-27.0385],[-48.8634,-27.0427],[-48.8575,-27.0451],[-48.8561,-27.0461],[-48.8447,-27.0674],[-48.8368,-27.0733],[-48.8243,-27.0734],[-48.8079,-27.0894],[-48.7903,-27.0965],[-48.7985,-27.1038],[-48.7937,-27.1096],[-48.8057,-27.1204],[-48.8027,-27.1267],[-48.8119,-27.1353],[-48.8213,-27.1385],[-48.8424,-27.1556],[-48.8643,-27.1628],[-48.8669,-27.1656],[-48.8641,-27.168],[-48.8717,-27.175],[-48.8728,-27.1744],[-48.8788,-27.1768],[-48.8825,-27.1834],[-48.8937,-27.1825],[-48.898,-27.19],[-48.9059,-27.1885],[-48.9137,-27.1968],[-48.9309,-27.2012],[-48.9342,-27.2035],[-48.9318,-27.2047],[-48.9343,-27.2118],[-48.9349,-27.2121],[-48.9579,-27.223],[-48.9709,-27.2373],[-48.986,-27.2467],[-48.9959,-27.2467],[-49.0036,-27.2525],[-49.0214,-27.256],[-49.0227,-27.2417],[-49.0083,-27.2318],[-49.0081,-27.2012],[-48.9871,-27.182],[-48.9753,-27.1618],[-48.9889,-27.1532],[-49.0052,-27.1566],[-49.007,-27.1641],[-49.0174,-27.1642],[-49.0231,-27.1539],[-49.0186,-27.1552],[-49.0146,-27.1498],[-49.0205,-27.1443],[-49.0104,-27.1415],[-48.9994,-27.1466],[-48.9912,-27.1455],[-48.9837,-27.1387],[-48.9781,-27.1453],[-48.9768,-27.1349],[-48.9815,-27.1208],[-48.9708,-27.117],[-48.9583,-27.1112],[-48.9532,-27.1026],[-48.9498,-27.096],[-48.9515,-27.0868],[-48.9459,-27.0834],[-48.9515,-27.0747],[-48.9502,-27.0691],[-48.9448,-27.0662],[-48.9356,-27.0597],[-48.939,-27.0542],[-48.9351,-27.0488],[-48.9299,-27.0499],[-48.9249,-27.0465],[-48.935,-27.0325],[-48.935,-27.0276],[-48.9263,-27.0187],[-48.918,-27.0199],[-48.9132,-27.0196],[-48.9086,-27.0113],[-48.8948,-27.011],[-48.8883,-27.0018],[-48.8828,-27.0009],[-48.8803,-26.9979],[-48.8711,-26.9992],[-48.8665,-27.0034]]]}},{"type":"Feature","properties":{"nome":"Caçador","cod":"4203006","uf":"SC"},"geometry":{"type":"Polygon","coordinates":[[[-51.2361,-26.6327],[-51.2384,-26.6451],[-51.231,-26.6494],[-51.2327,-26.6645],[-51.2267,-26.6755],[-51.2189,-26.6783],[-51.2025,-26.6764],[-51.1918,-26.6698],[-51.1861,-26.6803],[-51.1796,-26.6838],[-51.173,-26.6794],[-51.1705,-26.678],[-51.1638,-26.6849],[-51.1545,-26.6862],[-51.1433,-26.7015],[-51.1314,-26.7043],[-51.1309,-26.709],[-51.1281,-26.709],[-51.1164,-26.7072],[-51.1141,-26.7044],[-51.1022,-26.7038],[-51.0967,-26.6963],[-51.07,-26.6961],[-51.0519,-26.7002],[-51.0433,-26.6923],[-51.0412,-26.6869],[-51.0275,-26.6824],[-51.0226,-26.6714],[-50.9946,-26.6533],[-50.9878,-26.6489],[-50.9568,-26.6577],[-50.9519,-26.6669],[-50.9373,-26.6738],[-50.9311,-26.672],[-50.9222,-26.6796],[-50.9298,-26.6885],[-50.9058,-26.7006],[-50.901,-26.7124],[-50.8926,-26.7145],[-50.8863,-26.7122],[-50.8698,-26.7275],[-50.8554,-26.7317],[-50.8523,-26.7446],[-50.8295,-26.7499],[-50.8238,-26.7589],[-50.8047,-26.7653],[-50.8022,-26.772],[-50.8007,-26.7809],[-50.8195,-26.799],[-50.8228,-26.819],[-50.832,-26.8213],[-50.8324,-26.83],[-50.8397,-26.8337],[-50.8501,-26.85],[-50.8535,-26.853],[-50.8466,-26.8724],[-50.8522,-26.8711],[-50.8612,-26.8758],[-50.8744,-26.8771],[-50.8815,-26.887],[-50.8866,-26.884],[-50.8963,-26.8871],[-50.9044,-26.8849],[-50.9105,-26.8951],[-50.9221,-26.894],[-50.9258,-26.9028],[-50.9355,-26.8986],[-50.9432,-26.8839],[-50.9585,-26.892],[-50.9638,-26.8908],[-50.9701,-26.8965],[-50.9742,-26.8924],[-50.9752,-26.8875],[-50.9724,-26.8861],[-50.967,-26.8823],[-50.9772,-26.8816],[-50.9755,-26.8766],[-50.9866,-26.8799],[-50.9906,-26.8747],[-50.9832,-26.8695],[-50.9951,-26.8618],[-51.0063,-26.8714],[-51.008,-26.8638],[-51.016,-26.863],[-51.0215,-26.8572],[-51.0249,-26.8638],[-51.0346,-26.8614],[-51.0398,-26.8666],[-51.0412,-26.8596],[-51.0436,-26.8513],[-51.0528,-26.8585],[-51.0583,-26.8512],[-51.0521,-26.849],[-51.0503,-26.8422],[-51.065,-26.84],[-51.0955,-26.8383],[-51.1043,-26.8324],[-51.1132,-26.8348],[-51.125,-26.8423],[-51.1291,-26.8361],[-51.1401,-26.8381],[-51.1809,-26.8329],[-51.1893,-26.8523],[-51.1995,-26.8486],[-51.2161,-26.8564],[-51.2198,-26.8663],[-51.2263,-26.8666],[-51.2284,-26.8737],[-51.2401,-26.8756],[-51.2455,-26.8847],[-51.2856,-26.8734],[-51.279,-26.8681],[-51.2725,-26.8682],[-51.273,-26.8588],[-51.283,-26.8618],[-51.2766,-26.8492],[-51.2695,-26.8472],[-51.2596,-26.8377],[-51.2441,-26.8333],[-51.2483,-26.8321],[-51.2446,-26.8261],[-51.2367,-26.8249],[-51.245,-26.8165],[-51.2366,-26.8134],[-51.2383,-26.8015],[-51.2485,-26.7944],[-51.25,-26.7882],[-51.2543,-26.7878],[-51.2556,-26.7732],[-51.2914,-26.7657],[-51.2975,-26.7575],[-51.3098,-26.7462],[-51.3223,-26.7453],[-51.3362,-26.7353],[-51.3653,-26.7349],[-51.3718,-26.7387],[-51.3834,-26.7322],[-51.3915,-26.7327],[-51.3984,-26.725],[-51.4115,-26.7198],[-51.411,-26.7168],[-51.3982,-26.7104],[-51.3926,-26.6978],[-51.3924,-26.685],[-51.4054,-26.6757],[-51.3908,-26.6634],[-51.3811,-26.659],[-51.3646,-26.6581],[-51.3527,-26.6517],[-51.3469,-26.6486],[-51.3361,-26.6495],[-51.3314,-26.6468],[-51.3262,-26.6495],[-51.3255,-26.6512],[-51.3233,-26.6564],[-51.3106,-26.6515],[-51.3053,-26.6546],[-51.2829,-26.6535],[-51.2814,-26.6504],[-51.2822,-26.6421],[-51.2743,-26.6416],[-51.2771,-26.6358],[-51.267,-26.6376],[-51.2582,-26.6254],[-51.2389,-26.6279],[-51.2375,-26.6303],[-51.2361,-26.6327]]]}},{"type":"Feature","properties":{"nome":"Caibi","cod":"4203105","uf":"SC"},"geometry":{"type":"Polygon","coordinates":[[[-53.2471,-26.9226],[-53.2503,-26.9336],[-53.2388,-26.936],[-53.2268,-26.933],[-53.2278,-26.9382],[-53.2088,-26.9383],[-53.2047,-26.9468],[-53.2038,-26.9471],[-53.1907,-26.9514],[-53.1928,-26.9682],[-53.2039,-26.9664],[-53.2098,-26.9871],[-53.2055,-26.9883],[-53.221,-27.0332],[-53.2214,-27.0452],[-53.2254,-27.0447],[-53.2285,-27.0464],[-53.2237,-27.0568],[-53.2162,-27.0555],[-53.2174,-27.0664],[-53.2302,-27.0662],[-53.2342,-27.0702],[-53.2331,-27.0767],[-53.2324,-27.0832],[-53.2432,-27.0849],[-53.2432,-27.0905],[-53.2483,-27.0869],[-53.2537,-27.0891],[-53.2497,-27.1014],[-53.2571,-27.1049],[-53.265,-27.1009],[-53.2645,-27.106],[-53.2709,-27.1089],[-53.2646,-27.1118],[-53.2717,-27.1141],[-53.2712,-27.1201],[-53.2796,-27.1176],[-53.2782,-27.1256],[-53.2812,-27.1294],[-53.2743,-27.1315],[-53.2775,-27.1395],[-53.2837,-27.1334],[-53.2927,-27.1339],[-53.2977,-27.1267],[-53.31,-27.1181],[-53.3299,-27.1185],[-53.3404,-27.1192],[-53.348,-27.1171],[-53.3528,-27.1116],[-53.3428,-27.1026],[-53.3352,-27.1096],[-53.334,-27.0942],[-53.3241,-27.097],[-53.3296,-27.0875],[-53.3231,-27.0897],[-53.3174,-27.0835],[-53.3237,-27.0756],[-53.323,-27.0746],[-53.3156,-27.0713],[-53.3128,-27.0751],[-53.3053,-27.0714],[-53.3117,-27.0694],[-53.3123,-27.0669],[-53.3103,-27.0593],[-53.2958,-27.0595],[-53.2919,-27.0632],[-53.2897,-27.0613],[-53.295,-27.0454],[-53.2861,-27.0434],[-53.2917,-27.0363],[-53.3001,-27.0351],[-53.301,-27.0322],[-53.2851,-27.0293],[-53.2843,-27.0238],[-53.2938,-27.0228],[-53.2957,-27.0121],[-53.2876,-27.0135],[-53.2841,-27.0073],[-53.2944,-27.0017],[-53.2888,-27.0006],[-53.2859,-26.9957],[-53.2798,-26.9963],[-53.2876,-26.9876],[-53.294,-26.9948],[-53.3016,-26.9875],[-53.2867,-26.9818],[-53.2856,-26.974],[-53.284,-26.9676],[-53.2905,-26.9675],[-53.2936,-26.9593],[-53.2815,-26.9499],[-53.2948,-26.943],[-53.2805,-26.9364],[-53.2902,-26.9336],[-53.2917,-26.9273],[-53.284,-26.9299],[-53.2842,-26.9218],[-53.2632,-26.917],[-53.2471,-26.9226]]]}},{"type":"Feature","properties":{"nome":"Calmon","cod":"4203154","uf":"SC"},"geometry":{"type":"Polygon","coordinates":[[[-51.0109,-26.496],[-50.9955,-26.5074],[-50.9847,-26.5096],[-50.9689,-26.5292],[-50.9617,-26.5215],[-50.9562,-26.5363],[-50.9403,-26.5504],[-50.9227,-26.5513],[-50.9168,-26.5445],[-50.907,-26.5481],[-50.9009,-26.5564],[-50.8724,-26.557],[-50.8572,-26.5586],[-50.8088,-26.6527],[-50.8077,-26.6539],[-50.808,-26.6654],[-50.8238,-26.684],[-50.8317,-26.7076],[-50.8278,-26.7224],[-50.8147,-26.7319],[-50.8112,-26.7414],[-50.7835,-26.7565],[-50.7864,-26.7629],[-50.8047,-26.7653],[-50.8238,-26.7589],[-50.8295,-26.7499],[-50.8523,-26.7446],[-50.8554,-26.7317],[-50.8698,-26.7275],[-50.8863,-26.7122],[-50.8926,-26.7145],[-50.901,-26.7124],[-50.9058,-26.7006],[-50.9298,-26.6885],[-50.9222,-26.6796],[-50.9311,-26.672],[-50.9373,-26.6738],[-50.9519,-26.6669],[-50.9568,-26.6577],[-50.9878,-26.6489],[-50.9946,-26.6533],[-51.0226,-26.6714],[-51.0275,-26.6824],[-51.0412,-26.6869],[-51.0433,-26.6923],[-51.0519,-26.7002],[-51.07,-26.6961],[-51.0967,-26.6963],[-51.1022,-26.7038],[-51.1141,-26.7044],[-51.1164,-26.7072],[-51.1281,-26.709],[-51.1309,-26.709],[-51.1314,-26.7043],[-51.1433,-26.7015],[-51.1545,-26.6862],[-51.1638,-26.6849],[-51.1705,-26.678],[-51.173,-26.6794],[-51.1796,-26.6838],[-51.1861,-26.6803],[-51.1918,-26.6698],[-51.2025,-26.6764],[-51.2189,-26.6783],[-51.2267,-26.6755],[-51.2327,-26.6645],[-51.231,-26.6494],[-51.2384,-26.6451],[-51.2361,-26.6327],[-51.2375,-26.6303],[-51.2389,-26.6279],[-51.2373,-26.6187],[-51.2325,-26.6144],[-51.2294,-26.6158],[-51.2373,-26.604],[-51.2236,-26.5929],[-51.2005,-26.598],[-51.1952,-26.6077],[-51.1862,-26.5958],[-51.1838,-26.5917],[-51.1732,-26.6008],[-51.1587,-26.5997],[-51.1461,-26.6028],[-51.1345,-26.5885],[-51.136,-26.5673],[-51.1261,-26.5579],[-51.1202,-26.5583],[-51.1073,-26.5625],[-51.1054,-26.5582],[-51.1113,-26.5491],[-51.1025,-26.5455],[-51.0855,-26.5306],[-51.0754,-26.5146],[-51.0524,-26.5074],[-51.0472,-26.5132],[-51.0248,-26.498],[-51.0205,-26.4992],[-51.0109,-26.496]]]}},{"type":"Feature","properties":{"nome":"Camboriú","cod":"4203204","uf":"SC"},"geometry":{"type":"Polygon","coordinates":[[[-48.6448,-27.0037],[-48.6462,-27.0101],[-48.6413,-27.0098],[-48.6443,-27.0123],[-48.6332,-27.0164],[-48.6269,-27.0125],[-48.624,-27.0308],[-48.6149,-27.0311],[-48.6162,-27.0381],[-48.6108,-27.0485],[-48.6173,-27.06],[-48.6138,-27.0689],[-48.6206,-27.0706],[-48.644,-27.0851],[-48.659,-27.0803],[-48.6679,-27.0926],[-48.6764,-27.0977],[-48.6729,-27.1124],[-48.6652,-27.1139],[-48.6602,-27.1242],[-48.6859,-27.1361],[-48.6889,-27.142],[-48.6891,-27.1419],[-48.6912,-27.14],[-48.698,-27.138],[-48.7162,-27.1447],[-48.7214,-27.143],[-48.7361,-27.1485],[-48.7492,-27.1488],[-48.7544,-27.1355],[-48.772,-27.1342],[-48.7745,-27.1357],[-48.7725,-27.1451],[-48.7814,-27.1514],[-48.7993,-27.1549],[-48.8018,-27.1449],[-48.8119,-27.1353],[-48.8027,-27.1267],[-48.8057,-27.1204],[-48.7937,-27.1096],[-48.7985,-27.1038],[-48.7903,-27.0965],[-48.786,-27.095],[-48.7844,-27.0842],[-48.7785,-27.0791],[-48.7773,-27.0775],[-48.7774,-27.0574],[-48.7673,-27.055],[-48.763,-27.0504],[-48.765,-27.0456],[-48.7533,-27.0372],[-48.7545,-27.0296],[-48.7471,-27.0234],[-48.7207,-27.0148],[-48.7107,-27.0022],[-48.7124,-26.9945],[-48.6885,-26.9737],[-48.6879,-26.9732],[-48.6849,-26.9705],[-48.6832,-26.9728],[-48.6806,-26.979],[-48.6694,-26.9834],[-48.6606,-26.9932],[-48.6445,-26.9999],[-48.6448,-27.0037]]]}},{"type":"Feature","properties":{"nome":"Capão Alto","cod":"4203253","uf":"SC"},"geometry":{"type":"Polygon","coordinates":[[[-50.5667,-27.8462],[-50.5583,-27.8585],[-50.5517,-27.8562],[-50.5454,-27.8689],[-50.5346,-27.8744],[-50.5197,-27.8739],[-50.4804,-27.8629],[-50.4688,-27.8556],[-50.4606,-27.8561],[-50.4579,-27.8581],[-50.4632,-27.8644],[-50.4553,-27.8669],[-50.4425,-27.8619],[-50.4368,-27.8723],[-50.4286,-27.8628],[-50.4244,-27.8686],[-50.4141,-27.8627],[-50.4164,-27.8678],[-50.4042,-27.8745],[-50.404,-27.8747],[-50.3942,-27.8752],[-50.3887,-27.8825],[-50.3831,-27.8797],[-50.3778,-27.8843],[-50.3796,-27.8925],[-50.3717,-27.8984],[-50.3709,-27.9069],[-50.3575,-27.9253],[-50.3731,-27.9403],[-50.3702,-27.9458],[-50.3711,-27.9643],[-50.4015,-27.9769],[-50.4016,-27.9891],[-50.41,-27.9992],[-50.4019,-28.0056],[-50.402,-28.0091],[-50.3886,-28.0228],[-50.3913,-28.0295],[-50.3922,-28.0366],[-50.4008,-28.0475],[-50.4283,-28.0595],[-50.4478,-28.0824],[-50.4614,-28.0857],[-50.4644,-28.08],[-50.4722,-28.0832],[-50.4745,-28.0885],[-50.4899,-28.0977],[-50.4899,-28.1089],[-50.4933,-28.1132],[-50.5001,-28.1143],[-50.5128,-28.1261],[-50.5198,-28.1265],[-50.5199,-28.1327],[-50.5185,-28.1445],[-50.5227,-28.1571],[-50.5172,-28.1638],[-50.5169,-28.177],[-50.5085,-28.1807],[-50.5084,-28.1907],[-50.5043,-28.1936],[-50.5115,-28.2001],[-50.5089,-28.2044],[-50.5167,-28.2064],[-50.5119,-28.2105],[-50.5156,-28.215],[-50.5178,-28.2189],[-50.5272,-28.217],[-50.5385,-28.2225],[-50.535,-28.2335],[-50.5459,-28.2364],[-50.5406,-28.2427],[-50.544,-28.2504],[-50.5619,-28.2521],[-50.5631,-28.2597],[-50.5743,-28.2547],[-50.5765,-28.2588],[-50.5718,-28.2603],[-50.5729,-28.2659],[-50.583,-28.2764],[-50.5884,-28.2655],[-50.5974,-28.2735],[-50.5997,-28.2677],[-50.6009,-28.2763],[-50.612,-28.2776],[-50.6162,-28.2845],[-50.6226,-28.2835],[-50.6222,-28.2885],[-50.6286,-28.2855],[-50.6296,-28.2959],[-50.6431,-28.2888],[-50.6575,-28.2922],[-50.6585,-28.2836],[-50.6663,-28.2873],[-50.6727,-28.2842],[-50.6636,-28.2722],[-50.6676,-28.2649],[-50.6655,-28.2544],[-50.673,-28.2555],[-50.6863,-28.2699],[-50.6947,-28.2702],[-50.6978,-28.2662],[-50.7113,-28.2651],[-50.7415,-28.2493],[-50.7487,-28.2484],[-50.7534,-28.2426],[-50.752,-28.2326],[-50.7581,-28.2094],[-50.7597,-28.205],[-50.7611,-28.1918],[-50.7662,-28.1879],[-50.7774,-28.2],[-50.7882,-28.1979],[-50.7885,-28.1891],[-50.7821,-28.1757],[-50.7918,-28.16],[-50.7844,-28.1451],[-50.7891,-28.1388],[-50.818,-28.14],[-50.828,-28.1187],[-50.8356,-28.1184],[-50.8596,-28.1393],[-50.8673,-28.139],[-50.8745,-28.1314],[-50.8684,-28.1093],[-50.8756,-28.0943],[-50.8811,-28.0903],[-50.8982,-28.0894],[-50.9031,-28.0864],[-50.8999,-28.0777],[-50.8815,-28.0676],[-50.875,-28.0548],[-50.8745,-28.0409],[-50.8621,-28.0411],[-50.8547,-28.0448],[-50.8484,-28.0407],[-50.8387,-28.0426],[-50.8326,-28.0512],[-50.829,-28.0437],[-50.8223,-28.0404],[-50.8171,-28.047],[-50.805,-28.0459],[-50.8075,-28.0398],[-50.8105,-28.034],[-50.8012,-28.0312],[-50.7995,-28.0181],[-50.7942,-28.0145],[-50.7886,-28.0211],[-50.7784,-28.0214],[-50.7777,-28.0273],[-50.7672,-28.028],[-50.7613,-28.0348],[-50.7537,-28.0325],[-50.7483,-28.0384],[-50.7443,-28.0422],[-50.7427,-28.0383],[-50.7295,-28.0313],[-50.7337,-28.0256],[-50.7413,-28.0302],[-50.7482,-28.0141],[-50.7337,-28.0152],[-50.7292,-28.0067],[-50.722,-28.013],[-50.7229,-28.0074],[-50.7115,-28.0029],[-50.7101,-27.9961],[-50.7007,-28.001],[-50.6953,-27.9943],[-50.6885,-27.9991],[-50.685,-28.0007],[-50.6808,-27.9907],[-50.6741,-27.9964],[-50.6697,-27.9913],[-50.6645,-27.9932],[-50.6667,-27.9882],[-50.6553,-27.9861],[-50.6518,-27.9809],[-50.638,-27.9631],[-50.6453,-27.9573],[-50.6351,-27.9544],[-50.6289,-27.9451],[-50.6255,-27.9296],[-50.6326,-27.9223],[-50.6489,-27.9194],[-50.6468,-27.913],[-50.6495,-27.9071],[-50.6431,-27.8944],[-50.6338,-27.8866],[-50.6282,-27.8739],[-50.6213,-27.8693],[-50.6229,-27.8613],[-50.6183,-27.8578],[-50.6176,-27.8466],[-50.6079,-27.8414],[-50.6051,-27.8327],[-50.5877,-27.835],[-50.5667,-27.8462]]]}},{"type":"Feature","properties":{"nome":"Campo Alegre","cod":"4203303","uf":"SC"},"geometry":{"type":"Polygon","coordinates":[[[-48.9613,-25.9904],[-48.9564,-25.9927],[-48.9502,-25.9897],[-48.959,-25.9955],[-48.9563,-25.9983],[-48.962,-26.0039],[-48.9562,-26.0186],[-48.9763,-26.0254],[-48.9901,-26.024],[-48.9968,-26.0274],[-49.0102,-26.0181],[-49.0229,-26.0158],[-49.03,-26.0093],[-49.0378,-26.0103],[-49.045,-26.0233],[-49.0525,-26.0273],[-49.0521,-26.0424],[-49.0578,-26.0474],[-49.0541,-26.0532],[-49.0571,-26.0751],[-49.0728,-26.0734],[-49.0738,-26.077],[-49.0894,-26.0889],[-49.1002,-26.0877],[-49.1157,-26.0986],[-49.1319,-26.1004],[-49.1354,-26.1077],[-49.14,-26.1088],[-49.1387,-26.1161],[-49.1507,-26.1112],[-49.1578,-26.113],[-49.1606,-26.1318],[-49.175,-26.137],[-49.1785,-26.141],[-49.1846,-26.1395],[-49.1911,-26.1499],[-49.183,-26.1513],[-49.1787,-26.1564],[-49.1772,-26.16],[-49.1836,-26.1649],[-49.1773,-26.1695],[-49.1773,-26.176],[-49.1714,-26.1779],[-49.1705,-26.1846],[-49.1637,-26.1878],[-49.1567,-26.1992],[-49.1692,-26.1994],[-49.1756,-26.2067],[-49.1813,-26.2013],[-49.1919,-26.2001],[-49.1976,-26.2057],[-49.2012,-26.2208],[-49.2044,-26.2286],[-49.21,-26.2315],[-49.2214,-26.2298],[-49.2263,-26.2355],[-49.232,-26.259],[-49.2396,-26.2657],[-49.2517,-26.2679],[-49.2785,-26.2528],[-49.3173,-26.2291],[-49.3257,-26.2214],[-49.3257,-26.2169],[-49.3258,-26.2139],[-49.3258,-26.2107],[-49.3259,-26.2002],[-49.3417,-26.1919],[-49.362,-26.1913],[-49.3672,-26.1911],[-49.3736,-26.2015],[-49.3874,-26.1962],[-49.3956,-26.1931],[-49.408,-26.1833],[-49.4132,-26.1849],[-49.4146,-26.1899],[-49.4192,-26.1885],[-49.4185,-26.1833],[-49.4231,-26.1817],[-49.4281,-26.1678],[-49.4212,-26.1662],[-49.42,-26.1636],[-49.4168,-26.165],[-49.4162,-26.1527],[-49.4063,-26.1612],[-49.3995,-26.1502],[-49.3945,-26.1515],[-49.3915,-26.1577],[-49.3896,-26.1598],[-49.3868,-26.1552],[-49.3828,-26.1556],[-49.3724,-26.1531],[-49.3698,-26.1555],[-49.3713,-26.1484],[-49.3682,-26.149],[-49.3683,-26.145],[-49.3654,-26.1467],[-49.3662,-26.1432],[-49.3598,-26.1402],[-49.3605,-26.1369],[-49.3566,-26.1385],[-49.3584,-26.1368],[-49.3534,-26.1359],[-49.3547,-26.1334],[-49.3504,-26.1335],[-49.3468,-26.1276],[-49.3417,-26.1287],[-49.3338,-26.1244],[-49.3343,-26.1198],[-49.3256,-26.1162],[-49.3212,-26.1097],[-49.3043,-26.1095],[-49.3029,-26.113],[-49.2976,-26.1094],[-49.3003,-26.1039],[-49.2893,-26.1022],[-49.2919,-26.0964],[-49.2945,-26.0979],[-49.2913,-26.0931],[-49.2945,-26.0934],[-49.296,-26.0862],[-49.2865,-26.0782],[-49.2797,-26.0786],[-49.2766,-26.0825],[-49.2737,-26.0814],[-49.2747,-26.0778],[-49.2691,-26.0806],[-49.2655,-26.0785],[-49.2685,-26.0759],[-49.2646,-26.0715],[-49.2665,-26.0667],[-49.2603,-26.0689],[-49.2551,-26.0669],[-49.2569,-26.0637],[-49.2527,-26.0629],[-49.2548,-26.0557],[-49.2518,-26.0469],[-49.2422,-26.0436],[-49.2365,-26.0369],[-49.2375,-26.0309],[-49.2341,-26.0303],[-49.2249,-26.0305],[-49.2171,-26.0236],[-49.2107,-26.025],[-49.2068,-26.017],[-49.1952,-26.0154],[-49.1913,-26.0129],[-49.1915,-26.0083],[-49.1807,-26.0085],[-49.1748,-26.0014],[-49.1667,-26.0007],[-49.1617,-26.0072],[-49.1508,-26.0094],[-49.1475,-26.0134],[-49.1463,-26.0094],[-49.1424,-26.0107],[-49.1408,-26.0151],[-49.1311,-26.007],[-49.1284,-26.0032],[-49.1315,-25.9994],[-49.1251,-25.9958],[-49.1124,-26.0048],[-49.1066,-25.9986],[-49.1035,-26.0041],[-49.1027,-26.0075],[-49.093,-26.0098],[-49.0905,-26.0028],[-49.0784,-26.0063],[-49.0706,-25.9986],[-49.0682,-26.009],[-49.0547,-26.0201],[-49.0513,-26.0168],[-49.0461,-26.0187],[-49.0405,-26.0036],[-49.0292,-26.0035],[-49.0202,-26.0149],[-49.0066,-26.0152],[-49.0027,-26.0106],[-48.9977,-26.0113],[-48.9837,-26.0041],[-48.986,-26.0002],[-48.9799,-25.9974],[-48.978,-25.9885],[-48.9677,-25.9864],[-48.9615,-25.9837],[-48.9613,-25.9904]]]}},{"type":"Feature","properties":{"nome":"Campo Belo do Sul","cod":"4203402","uf":"SC"},"geometry":{"type":"Polygon","coordinates":[[[-50.8389,-27.6039],[-50.8155,-27.6177],[-50.8117,-27.6062],[-50.8011,-27.5986],[-50.8012,-27.6132],[-50.787,-27.6153],[-50.7918,-27.6256],[-50.7809,-27.6342],[-50.7755,-27.6334],[-50.7579,-27.6198],[-50.7554,-27.6443],[-50.7434,-27.6475],[-50.7455,-27.6351],[-50.742,-27.6307],[-50.7351,-27.6464],[-50.7288,-27.6489],[-50.7247,-27.6457],[-50.7207,-27.6472],[-50.7268,-27.6647],[-50.7235,-27.6728],[-50.7231,-27.6731],[-50.7158,-27.6763],[-50.7086,-27.669],[-50.701,-27.6684],[-50.6972,-27.6703],[-50.7064,-27.6851],[-50.7052,-27.6895],[-50.6873,-27.7007],[-50.6771,-27.7152],[-50.6688,-27.7085],[-50.665,-27.7093],[-50.6527,-27.7263],[-50.6505,-27.717],[-50.6409,-27.7139],[-50.6446,-27.7252],[-50.6394,-27.7315],[-50.6323,-27.7287],[-50.6289,-27.7328],[-50.6346,-27.7373],[-50.6336,-27.7488],[-50.6401,-27.7591],[-50.622,-27.7575],[-50.6141,-27.7538],[-50.6274,-27.7641],[-50.6139,-27.7722],[-50.6191,-27.7756],[-50.6274,-27.7744],[-50.6295,-27.7851],[-50.6102,-27.7918],[-50.6085,-27.7969],[-50.6204,-27.8082],[-50.61,-27.8108],[-50.607,-27.8167],[-50.6112,-27.8235],[-50.6051,-27.8327],[-50.6079,-27.8414],[-50.6176,-27.8466],[-50.6183,-27.8578],[-50.6229,-27.8613],[-50.6213,-27.8693],[-50.6282,-27.8739],[-50.6338,-27.8866],[-50.6431,-27.8944],[-50.6495,-27.9071],[-50.6468,-27.913],[-50.6489,-27.9194],[-50.6326,-27.9223],[-50.6255,-27.9296],[-50.6289,-27.9451],[-50.6351,-27.9544],[-50.6453,-27.9573],[-50.638,-27.9631],[-50.6518,-27.9809],[-50.6553,-27.9861],[-50.6667,-27.9882],[-50.6645,-27.9932],[-50.6697,-27.9913],[-50.6741,-27.9964],[-50.6808,-27.9907],[-50.685,-28.0007],[-50.6885,-27.9991],[-50.6953,-27.9943],[-50.7007,-28.001],[-50.7101,-27.9961],[-50.7115,-28.0029],[-50.7229,-28.0074],[-50.722,-28.013],[-50.7292,-28.0067],[-50.7337,-28.0152],[-50.7482,-28.0141],[-50.7413,-28.0302],[-50.7337,-28.0256],[-50.7295,-28.0313],[-50.7427,-28.0383],[-50.7443,-28.0422],[-50.7483,-28.0384],[-50.7537,-28.0325],[-50.7613,-28.0348],[-50.7672,-28.028],[-50.7777,-28.0273],[-50.7784,-28.0214],[-50.7886,-28.0211],[-50.7942,-28.0145],[-50.7995,-28.0181],[-50.8012,-28.0312],[-50.8105,-28.034],[-50.8075,-28.0398],[-50.805,-28.0459],[-50.8171,-28.047],[-50.8223,-28.0404],[-50.829,-28.0437],[-50.8326,-28.0512],[-50.8387,-28.0426],[-50.8484,-28.0407],[-50.8547,-28.0448],[-50.8621,-28.0411],[-50.8745,-28.0409],[-50.877,-28.0371],[-50.8934,-28.0196],[-50.9033,-28.0162],[-50.9224,-28.0114],[-50.9203,-28.0003],[-50.9289,-27.9902],[-50.924,-27.9801],[-50.9283,-27.9686],[-50.9448,-27.9686],[-50.9771,-27.9524],[-50.9791,-27.9475],[-50.9715,-27.9443],[-50.9602,-27.9453],[-50.9627,-27.9347],[-50.9563,-27.9317],[-50.9367,-27.9304],[-50.9356,-27.9268],[-50.9285,-27.93],[-50.9303,-27.9233],[-50.9227,-27.9197],[-50.9287,-27.9064],[-50.9169,-27.8967],[-50.8917,-27.8961],[-50.8901,-27.881],[-50.8811,-27.8698],[-50.8765,-27.8415],[-50.8715,-27.8368],[-50.8708,-27.8237],[-50.8662,-27.818],[-50.8573,-27.8162],[-50.8642,-27.8078],[-50.8581,-27.7986],[-50.862,-27.7948],[-50.8624,-27.7942],[-50.8563,-27.7864],[-50.8602,-27.7808],[-50.8571,-27.7734],[-50.8428,-27.763],[-50.8402,-27.7557],[-50.849,-27.7481],[-50.8535,-27.7318],[-50.849,-27.7077],[-50.847,-27.6972],[-50.86,-27.6538],[-50.8622,-27.6356],[-50.8565,-27.6219],[-50.863,-27.6136],[-50.8635,-27.6049],[-50.8748,-27.6011],[-50.872,-27.5967],[-50.8435,-27.5934],[-50.844,-27.5985],[-50.8529,-27.6031],[-50.8389,-27.6039]]]}},{"type":"Feature","properties":{"nome":"Campo Erê","cod":"4203501","uf":"SC"},"geometry":{"type":"Polygon","coordinates":[[[-53.1323,-26.3668],[-53.1239,-26.3739],[-53.109,-26.3763],[-53.1071,-26.381],[-53.1003,-26.3836],[-53.0939,-26.3826],[-53.0902,-26.39],[-53.0812,-26.3884],[-53.08,-26.3881],[-53.08,-26.3881],[-53.0578,-26.3838],[-53.0463,-26.3802],[-53.0274,-26.3694],[-52.9877,-26.3461],[-52.9838,-26.3468],[-52.95,-26.3619],[-52.9371,-26.3617],[-52.941,-26.3706],[-52.9515,-26.3787],[-52.9551,-26.395],[-52.9634,-26.4069],[-52.9625,-26.4166],[-52.9641,-26.4228],[-52.9703,-26.4258],[-52.9683,-26.4307],[-52.9657,-26.4389],[-52.9805,-26.4343],[-53.018,-26.4079],[-53.0258,-26.4084],[-53.0284,-26.4237],[-53.0323,-26.4254],[-53.0298,-26.428],[-53.0333,-26.4307],[-53.0296,-26.4357],[-53.0338,-26.44],[-53.0433,-26.4445],[-53.0623,-26.4785],[-53.0639,-26.4841],[-53.0596,-26.4948],[-53.0499,-26.5028],[-53.0448,-26.5106],[-53.039,-26.5073],[-53.0312,-26.5098],[-53.0272,-26.5214],[-53.0185,-26.531],[-53.0455,-26.5409],[-53.0417,-26.5453],[-53.0587,-26.5495],[-53.0708,-26.5506],[-53.0819,-26.5593],[-53.1104,-26.5651],[-53.1111,-26.5683],[-53.123,-26.5726],[-53.1265,-26.5733],[-53.1273,-26.5642],[-53.1454,-26.5539],[-53.1451,-26.5447],[-53.1421,-26.5441],[-53.1454,-26.5297],[-53.1612,-26.5262],[-53.1575,-26.5314],[-53.1637,-26.535],[-53.1814,-26.5317],[-53.1838,-26.5346],[-53.1925,-26.5329],[-53.1948,-26.541],[-53.1993,-26.5402],[-53.2011,-26.5444],[-53.2057,-26.5444],[-53.2071,-26.5563],[-53.2116,-26.5597],[-53.2086,-26.5618],[-53.2077,-26.5649],[-53.2166,-26.5639],[-53.2135,-26.5775],[-53.2212,-26.5725],[-53.2223,-26.5786],[-53.2289,-26.5761],[-53.2267,-26.5706],[-53.2304,-26.5669],[-53.2223,-26.5672],[-53.2231,-26.5613],[-53.2344,-26.557],[-53.2339,-26.551],[-53.2414,-26.5491],[-53.2385,-26.5426],[-53.239,-26.5315],[-53.2464,-26.5329],[-53.2476,-26.5268],[-53.2378,-26.5214],[-53.2441,-26.518],[-53.2466,-26.5144],[-53.2441,-26.5133],[-53.2423,-26.5004],[-53.2344,-26.4946],[-53.2288,-26.4813],[-53.2329,-26.4623],[-53.2391,-26.456],[-53.2438,-26.4472],[-53.2504,-26.4481],[-53.2565,-26.4436],[-53.2581,-26.4487],[-53.2635,-26.447],[-53.2653,-26.4507],[-53.2819,-26.4521],[-53.2809,-26.4473],[-53.2857,-26.4441],[-53.2795,-26.4393],[-53.2871,-26.4385],[-53.2899,-26.4329],[-53.2888,-26.4308],[-53.2844,-26.4328],[-53.2828,-26.4234],[-53.2866,-26.4185],[-53.284,-26.4168],[-53.2796,-26.42],[-53.275,-26.4172],[-53.2839,-26.4096],[-53.282,-26.4066],[-53.2783,-26.4081],[-53.2731,-26.4119],[-53.2648,-26.4102],[-53.2731,-26.4089],[-53.2752,-26.3973],[-53.2632,-26.4045],[-53.2612,-26.3914],[-53.2624,-26.3891],[-53.2546,-26.3862],[-53.2559,-26.382],[-53.251,-26.3776],[-53.2477,-26.3787],[-53.2372,-26.3718],[-53.2293,-26.3699],[-53.2191,-26.3739],[-53.1992,-26.3665],[-53.1914,-26.3693],[-53.1703,-26.3608],[-53.1586,-26.3499],[-53.153,-26.3436],[-53.1453,-26.3452],[-53.14,-26.3568],[-53.1349,-26.3587],[-53.1323,-26.3668]]]}},{"type":"Feature","properties":{"nome":"Campos Novos","cod":"4203600","uf":"SC"},"geometry":{"type":"Polygon","coordinates":[[[-51.2698,-27.2223],[-51.2583,-27.2333],[-51.2423,-27.2317],[-51.2292,-27.2328],[-51.2258,-27.2377],[-51.2182,-27.2385],[-51.2117,-27.2442],[-51.2174,-27.2476],[-51.2101,-27.2598],[-51.1823,-27.2774],[-51.1664,-27.2797],[-51.1606,-27.2869],[-51.146,-27.2733],[-51.1449,-27.2606],[-51.1399,-27.2593],[-51.1348,-27.2636],[-51.1288,-27.2535],[-51.1191,-27.2505],[-51.1127,-27.2389],[-51.1123,-27.2391],[-51.1027,-27.2449],[-51.0902,-27.2507],[-51.0661,-27.2516],[-51.0618,-27.2444],[-51.0541,-27.2445],[-51.0463,-27.2373],[-51.0384,-27.2364],[-51.0375,-27.2331],[-51.0222,-27.2377],[-51.0245,-27.242],[-51.0176,-27.2441],[-51.0165,-27.2529],[-51.0215,-27.2585],[-51.0098,-27.2626],[-51.0002,-27.2753],[-50.9831,-27.2706],[-50.9889,-27.2481],[-50.9749,-27.2428],[-50.9696,-27.237],[-50.9575,-27.2401],[-50.9526,-27.2362],[-50.9109,-27.2066],[-50.9087,-27.2089],[-50.8997,-27.2061],[-50.8949,-27.2085],[-50.896,-27.2209],[-50.8902,-27.2227],[-50.8874,-27.2282],[-50.8941,-27.2334],[-50.8834,-27.2321],[-50.8783,-27.228],[-50.869,-27.2414],[-50.8601,-27.2378],[-50.8557,-27.2468],[-50.8506,-27.247],[-50.871,-27.2672],[-50.8755,-27.2729],[-50.8962,-27.2708],[-50.931,-27.2914],[-50.9326,-27.3093],[-50.9439,-27.3168],[-50.927,-27.3298],[-50.9428,-27.3304],[-50.9703,-27.3392],[-50.9729,-27.3439],[-50.9772,-27.3478],[-50.9681,-27.3523],[-50.9618,-27.3792],[-50.9725,-27.3812],[-50.9792,-27.3975],[-50.9918,-27.4023],[-50.9996,-27.3943],[-51.0178,-27.3959],[-51.0263,-27.3888],[-51.0431,-27.3933],[-51.0462,-27.3906],[-51.0484,-27.3948],[-51.0522,-27.401],[-51.0685,-27.4047],[-51.0806,-27.4142],[-51.08,-27.4179],[-51.0907,-27.4154],[-51.0981,-27.4229],[-51.1035,-27.4229],[-51.0978,-27.433],[-51.086,-27.44],[-51.0715,-27.4427],[-51.066,-27.4399],[-51.0665,-27.4546],[-51.0554,-27.463],[-51.0566,-27.4696],[-51.048,-27.493],[-51.072,-27.5098],[-51.079,-27.5089],[-51.0848,-27.511],[-51.0864,-27.5204],[-51.0954,-27.5243],[-51.1056,-27.5295],[-51.1179,-27.5294],[-51.1237,-27.5387],[-51.1319,-27.5428],[-51.1349,-27.5506],[-51.133,-27.5597],[-51.1427,-27.5798],[-51.1585,-27.5864],[-51.169,-27.5841],[-51.1742,-27.5908],[-51.1724,-27.5934],[-51.1782,-27.5942],[-51.1872,-27.5918],[-51.1981,-27.5969],[-51.1997,-27.6126],[-51.2035,-27.6161],[-51.2119,-27.619],[-51.2177,-27.6058],[-51.2262,-27.5989],[-51.2474,-27.6118],[-51.2528,-27.631],[-51.2777,-27.6329],[-51.312,-27.6148],[-51.3122,-27.6044],[-51.3157,-27.601],[-51.3322,-27.6036],[-51.3458,-27.5925],[-51.3516,-27.5982],[-51.3545,-27.609],[-51.3637,-27.6142],[-51.374,-27.61],[-51.3769,-27.5979],[-51.3995,-27.596],[-51.4008,-27.5959],[-51.4078,-27.5936],[-51.4142,-27.5727],[-51.4222,-27.5666],[-51.4312,-27.58],[-51.4433,-27.5889],[-51.4485,-27.6006],[-51.4573,-27.6074],[-51.47,-27.6028],[-51.4747,-27.6],[-51.4774,-27.5696],[-51.4896,-27.559],[-51.5081,-27.5562],[-51.5359,-27.5627],[-51.5486,-27.5596],[-51.5374,-27.5454],[-51.5331,-27.5465],[-51.5337,-27.5385],[-51.5267,-27.5387],[-51.5224,-27.535],[-51.5217,-27.5261],[-51.5067,-27.5302],[-51.5063,-27.5102],[-51.5006,-27.5099],[-51.5007,-27.4987],[-51.4929,-27.4967],[-51.4973,-27.4933],[-51.4977,-27.4836],[-51.4679,-27.4817],[-51.4662,-27.4734],[-51.4598,-27.465],[-51.4467,-27.4635],[-51.4395,-27.4374],[-51.4494,-27.4274],[-51.4462,-27.4206],[-51.4607,-27.4269],[-51.4634,-27.4337],[-51.4699,-27.4303],[-51.472,-27.4225],[-51.4677,-27.4203],[-51.4685,-27.406],[-51.4618,-27.4003],[-51.4681,-27.3891],[-51.4789,-27.3978],[-51.4957,-27.3916],[-51.5307,-27.3895],[-51.5338,-27.3939],[-51.5445,-27.3941],[-51.5533,-27.3999],[-51.5538,-27.3835],[-51.5321,-27.3767],[-51.5336,-27.371],[-51.5429,-27.3673],[-51.5456,-27.3551],[-51.5521,-27.3378],[-51.5654,-27.3288],[-51.5725,-27.3318],[-51.5798,-27.3284],[-51.592,-27.3314],[-51.5959,-27.3267],[-51.6027,-27.3278],[-51.6103,-27.3286],[-51.609,-27.321],[-51.5982,-27.3098],[-51.5945,-27.2973],[-51.5884,-27.2905],[-51.5826,-27.2931],[-51.5776,-27.3143],[-51.5709,-27.2996],[-51.5614,-27.2947],[-51.5648,-27.274],[-51.557,-27.2748],[-51.5453,-27.2824],[-51.5373,-27.2819],[-51.529,-27.2936],[-51.5317,-27.2999],[-51.5217,-27.3022],[-51.533,-27.3149],[-51.5141,-27.316],[-51.5098,-27.3093],[-51.501,-27.3119],[-51.4984,-27.3056],[-51.4871,-27.3095],[-51.4874,-27.3202],[-51.4835,-27.3225],[-51.4858,-27.328],[-51.4682,-27.3333],[-51.4586,-27.3431],[-51.4441,-27.3198],[-51.4408,-27.3224],[-51.4421,-27.3262],[-51.4377,-27.3269],[-51.434,-27.3231],[-51.4373,-27.3154],[-51.4245,-27.3187],[-51.4247,-27.3119],[-51.4212,-27.3116],[-51.4136,-27.3154],[-51.4174,-27.322],[-51.4111,-27.3288],[-51.4062,-27.3252],[-51.3983,-27.3294],[-51.3933,-27.3281],[-51.3894,-27.3324],[-51.3892,-27.3154],[-51.3834,-27.3188],[-51.3848,-27.3246],[-51.3711,-27.3232],[-51.3764,-27.3269],[-51.3755,-27.3312],[-51.3674,-27.3326],[-51.3739,-27.3397],[-51.3727,-27.3429],[-51.3663,-27.3374],[-51.3559,-27.3396],[-51.3609,-27.3343],[-51.3562,-27.3298],[-51.3548,-27.3239],[-51.3427,-27.3318],[-51.3388,-27.3258],[-51.3246,-27.3299],[-51.324,-27.3344],[-51.3325,-27.3357],[-51.3248,-27.3457],[-51.3186,-27.3464],[-51.3228,-27.3371],[-51.3079,-27.3411],[-51.3124,-27.3301],[-51.2986,-27.3313],[-51.288,-27.3231],[-51.2955,-27.3183],[-51.2984,-27.3246],[-51.3159,-27.3151],[-51.3036,-27.3071],[-51.3061,-27.297],[-51.2998,-27.2906],[-51.3089,-27.2806],[-51.3095,-27.272],[-51.3269,-27.2604],[-51.3208,-27.2517],[-51.3154,-27.2519],[-51.3122,-27.2517],[-51.3109,-27.2468],[-51.3155,-27.2402],[-51.2969,-27.23],[-51.2915,-27.2149],[-51.2815,-27.2126],[-51.2814,-27.2125],[-51.2785,-27.2198],[-51.2698,-27.2223]]]}},{"type":"Feature","properties":{"nome":"Canelinha","cod":"4203709","uf":"SC"},"geometry":{"type":"Polygon","coordinates":[[[-48.7928,-27.1619],[-48.8034,-27.1733],[-48.8092,-27.1744],[-48.7987,-27.1769],[-48.7986,-27.181],[-48.8039,-27.1859],[-48.8038,-27.1917],[-48.7938,-27.1973],[-48.7887,-27.206],[-48.7734,-27.2108],[-48.7638,-27.2285],[-48.7563,-27.2274],[-48.754,-27.2325],[-48.7482,-27.2313],[-48.7443,-27.2383],[-48.7442,-27.2506],[-48.7437,-27.2569],[-48.7492,-27.2609],[-48.747,-27.2637],[-48.741,-27.2654],[-48.741,-27.2708],[-48.7311,-27.2631],[-48.7168,-27.2657],[-48.7199,-27.2614],[-48.7156,-27.26],[-48.7155,-27.263],[-48.7119,-27.2608],[-48.7045,-27.2681],[-48.7054,-27.264],[-48.7012,-27.2645],[-48.7021,-27.2703],[-48.7084,-27.2757],[-48.7165,-27.2769],[-48.7194,-27.2788],[-48.7231,-27.2819],[-48.7415,-27.2903],[-48.741,-27.3018],[-48.7632,-27.321],[-48.7932,-27.3513],[-48.8012,-27.3587],[-48.8029,-27.3561],[-48.7968,-27.3457],[-48.8015,-27.3327],[-48.7948,-27.3216],[-48.8008,-27.3065],[-48.7943,-27.2853],[-48.7894,-27.2797],[-48.7864,-27.2782],[-48.7873,-27.275],[-48.7954,-27.2735],[-48.8,-27.2792],[-48.8025,-27.2741],[-48.8101,-27.2742],[-48.8129,-27.2711],[-48.8135,-27.2652],[-48.8155,-27.263],[-48.8157,-27.2591],[-48.813,-27.2513],[-48.8162,-27.2484],[-48.8229,-27.2494],[-48.8288,-27.2395],[-48.837,-27.2297],[-48.8549,-27.2226],[-48.8622,-27.2245],[-48.8658,-27.2196],[-48.8864,-27.2136],[-48.8947,-27.2161],[-48.8949,-27.21],[-48.8825,-27.1834],[-48.8788,-27.1768],[-48.8728,-27.1744],[-48.8717,-27.175],[-48.8641,-27.168],[-48.8669,-27.1656],[-48.8643,-27.1628],[-48.8424,-27.1556],[-48.8213,-27.1385],[-48.8119,-27.1353],[-48.8018,-27.1449],[-48.7993,-27.1549],[-48.7928,-27.1619]]]}},{"type":"Feature","properties":{"nome":"Canoinhas","cod":"4203808","uf":"SC"},"geometry":{"type":"Polygon","coordinates":[[[-50.5509,-26.0383],[-50.5471,-26.0397],[-50.5283,-26.0342],[-50.5214,-26.0305],[-50.5131,-26.0257],[-50.5042,-26.0316],[-50.5012,-26.0225],[-50.4936,-26.0267],[-50.4897,-26.0253],[-50.4795,-26.0262],[-50.4816,-26.0308],[-50.4756,-26.034],[-50.4768,-26.0237],[-50.471,-26.0209],[-50.4681,-26.0271],[-50.4592,-26.0266],[-50.4587,-26.0367],[-50.4539,-26.0315],[-50.4447,-26.0339],[-50.4415,-26.0368],[-50.4492,-26.0393],[-50.4497,-26.0435],[-50.4394,-26.051],[-50.4342,-26.0606],[-50.4178,-26.0613],[-50.4117,-26.0656],[-50.4068,-26.0653],[-50.4081,-26.0591],[-50.4029,-26.0573],[-50.3991,-26.063],[-50.3707,-26.0799],[-50.361,-26.0942],[-50.3639,-26.1059],[-50.3697,-26.11],[-50.3659,-26.1124],[-50.3569,-26.1205],[-50.3593,-26.1252],[-50.3643,-26.1258],[-50.3611,-26.122],[-50.37,-26.1201],[-50.3724,-26.1161],[-50.3773,-26.1174],[-50.3756,-26.1216],[-50.3795,-26.1224],[-50.385,-26.14],[-50.3854,-26.1413],[-50.3875,-26.1531],[-50.385,-26.1558],[-50.3873,-26.159],[-50.3827,-26.1578],[-50.3803,-26.1616],[-50.3827,-26.1593],[-50.3903,-26.1634],[-50.3862,-26.1692],[-50.3779,-26.1614],[-50.3758,-26.1548],[-50.361,-26.1585],[-50.3493,-26.1533],[-50.3499,-26.1567],[-50.3576,-26.1686],[-50.3563,-26.1728],[-50.3527,-26.1819],[-50.3547,-26.1882],[-50.3545,-26.2041],[-50.3462,-26.2058],[-50.3403,-26.2032],[-50.3345,-26.2075],[-50.3238,-26.2075],[-50.3256,-26.2242],[-50.3308,-26.2334],[-50.3363,-26.2362],[-50.323,-26.2397],[-50.3251,-26.2527],[-50.3204,-26.2536],[-50.3222,-26.2556],[-50.3187,-26.2584],[-50.322,-26.2593],[-50.3174,-26.2664],[-50.3066,-26.2597],[-50.3024,-26.2579],[-50.3024,-26.263],[-50.2988,-26.2613],[-50.2965,-26.2639],[-50.3003,-26.2653],[-50.2979,-26.2697],[-50.3003,-26.2741],[-50.2953,-26.2769],[-50.2987,-26.2796],[-50.2932,-26.2808],[-50.2965,-26.2863],[-50.2999,-26.2947],[-50.3105,-26.2929],[-50.3149,-26.2954],[-50.3173,-26.2927],[-50.3315,-26.3041],[-50.334,-26.3072],[-50.3395,-26.3062],[-50.3474,-26.317],[-50.3585,-26.3217],[-50.3683,-26.3313],[-50.3775,-26.3308],[-50.3834,-26.3376],[-50.4027,-26.3467],[-50.3957,-26.3226],[-50.4102,-26.3105],[-50.405,-26.2915],[-50.4035,-26.2857],[-50.407,-26.282],[-50.4159,-26.2816],[-50.4212,-26.2753],[-50.4186,-26.2694],[-50.4247,-26.2674],[-50.4298,-26.2599],[-50.4238,-26.2495],[-50.4365,-26.2412],[-50.4346,-26.2369],[-50.4634,-26.2285],[-50.4938,-26.2414],[-50.4981,-26.2442],[-50.503,-26.2473],[-50.5369,-26.2537],[-50.547,-26.2715],[-50.5561,-26.2819],[-50.5624,-26.2836],[-50.5595,-26.2873],[-50.5715,-26.295],[-50.554,-26.3158],[-50.556,-26.3249],[-50.571,-26.3368],[-50.571,-26.3443],[-50.5778,-26.3511],[-50.57,-26.3571],[-50.5842,-26.3659],[-50.5855,-26.3698],[-50.5776,-26.379],[-50.5757,-26.3881],[-50.5645,-26.3955],[-50.5634,-26.4015],[-50.564,-26.408],[-50.5742,-26.4174],[-50.5737,-26.4316],[-50.5697,-26.4407],[-50.5631,-26.4411],[-50.5546,-26.4474],[-50.549,-26.4644],[-50.5382,-26.4694],[-50.5304,-26.4761],[-50.5385,-26.4849],[-50.5473,-26.4862],[-50.5536,-26.4959],[-50.5519,-26.5055],[-50.5381,-26.5213],[-50.53,-26.5488],[-50.5173,-26.5652],[-50.5154,-26.5858],[-50.5262,-26.6066],[-50.5298,-26.6078],[-50.5414,-26.6042],[-50.5641,-26.609],[-50.5657,-26.6017],[-50.579,-26.603],[-50.5697,-26.5977],[-50.5634,-26.5987],[-50.5606,-26.594],[-50.5728,-26.5842],[-50.5811,-26.5827],[-50.5794,-26.5718],[-50.5976,-26.568],[-50.5947,-26.5657],[-50.6009,-26.5582],[-50.6051,-26.5417],[-50.6214,-26.5391],[-50.6245,-26.5349],[-50.6311,-26.5328],[-50.6311,-26.5235],[-50.636,-26.522],[-50.6412,-26.5126],[-50.6552,-26.5128],[-50.6534,-26.5093],[-50.6685,-26.4991],[-50.6986,-26.4995],[-50.6771,-26.46],[-50.666,-26.4396],[-50.6579,-26.4246],[-50.6516,-26.413],[-50.637,-26.3782],[-50.6553,-26.3714],[-50.6568,-26.3563],[-50.6503,-26.351],[-50.6465,-26.335],[-50.658,-26.3147],[-50.6591,-26.3056],[-50.6692,-26.2993],[-50.6724,-26.2867],[-50.6804,-26.2836],[-50.6802,-26.2763],[-50.6736,-26.2712],[-50.6702,-26.2623],[-50.6703,-26.2619],[-50.6752,-26.2579],[-50.673,-26.254],[-50.6781,-26.2515],[-50.6817,-26.2261],[-50.6879,-26.2198],[-50.6824,-26.2112],[-50.6965,-26.2097],[-50.693,-26.2003],[-50.7026,-26.1957],[-50.7043,-26.1883],[-50.697,-26.1813],[-50.6869,-26.1639],[-50.6767,-26.1454],[-50.6723,-26.1429],[-50.6521,-26.1328],[-50.6466,-26.1245],[-50.6568,-26.1026],[-50.645,-26.0903],[-50.6405,-26.0784],[-50.628,-26.0626],[-50.5941,-26.0706],[-50.5862,-26.0692],[-50.5708,-26.0665],[-50.5579,-26.0613],[-50.5512,-26.0533],[-50.5505,-26.0442],[-50.5549,-26.0415],[-50.5669,-26.0412],[-50.5814,-26.0485],[-50.5917,-26.0421],[-50.5927,-26.0247],[-50.5912,-26.0217],[-50.5723,-26.003],[-50.5629,-26.006],[-50.555,-26.0199],[-50.5509,-26.0383]]]}},{"type":"Feature","properties":{"nome":"Capinzal","cod":"4203907","uf":"SC"},"geometry":{"type":"Polygon","coordinates":[[[-51.5798,-27.3284],[-51.5725,-27.3318],[-51.5654,-27.3288],[-51.5521,-27.3378],[-51.5456,-27.3551],[-51.5429,-27.3673],[-51.5336,-27.371],[-51.5321,-27.3767],[-51.5538,-27.3835],[-51.5533,-27.3999],[-51.5522,-27.4303],[-51.5581,-27.4374],[-51.5552,-27.4442],[-51.5569,-27.4533],[-51.5566,-27.454],[-51.5635,-27.4617],[-51.573,-27.4631],[-51.5815,-27.4758],[-51.5905,-27.4743],[-51.6,-27.4866],[-51.6095,-27.4892],[-51.6134,-27.4817],[-51.6166,-27.4837],[-51.6194,-27.4786],[-51.6255,-27.48],[-51.6281,-27.4775],[-51.6343,-27.4815],[-51.6317,-27.4884],[-51.6421,-27.4915],[-51.6458,-27.5127],[-51.6508,-27.5194],[-51.6585,-27.5192],[-51.6692,-27.5142],[-51.6761,-27.5063],[-51.6721,-27.4925],[-51.6772,-27.4828],[-51.684,-27.479],[-51.6922,-27.4778],[-51.6993,-27.479],[-51.702,-27.4745],[-51.6935,-27.4602],[-51.6871,-27.432],[-51.6877,-27.4318],[-51.7059,-27.4259],[-51.7142,-27.4077],[-51.727,-27.4005],[-51.7323,-27.3919],[-51.73,-27.3872],[-51.7294,-27.3727],[-51.7357,-27.3583],[-51.7338,-27.3553],[-51.7293,-27.3563],[-51.7253,-27.3581],[-51.7106,-27.3672],[-51.692,-27.3687],[-51.6866,-27.3652],[-51.6861,-27.3575],[-51.6871,-27.3517],[-51.6789,-27.3574],[-51.6726,-27.3573],[-51.6688,-27.3529],[-51.6707,-27.3444],[-51.6647,-27.3389],[-51.6571,-27.3402],[-51.6487,-27.3503],[-51.6412,-27.3494],[-51.6352,-27.3445],[-51.625,-27.352],[-51.6196,-27.3498],[-51.6168,-27.3438],[-51.603,-27.3343],[-51.5968,-27.3337],[-51.592,-27.3314],[-51.5798,-27.3284]]]}},{"type":"Feature","properties":{"nome":"Capivari de Baixo","cod":"4203956","uf":"SC"},"geometry":{"type":"Polygon","coordinates":[[[-48.9217,-28.451],[-48.9159,-28.4585],[-48.9142,-28.4695],[-48.9236,-28.4882],[-48.9251,-28.4932],[-48.9139,-28.4973],[-48.9078,-28.5105],[-48.8955,-28.5142],[-48.895,-28.5242],[-48.907,-28.5208],[-48.9118,-28.5121],[-48.9224,-28.5127],[-48.9376,-28.5079],[-48.9413,-28.501],[-48.9484,-28.5022],[-48.9473,-28.4951],[-48.952,-28.4873],[-48.9702,-28.473],[-48.9746,-28.4718],[-48.9749,-28.4672],[-48.9763,-28.4618],[-48.9849,-28.4642],[-48.9877,-28.4616],[-48.9844,-28.4621],[-48.9855,-28.4584],[-48.9793,-28.4552],[-48.9748,-28.4573],[-48.9725,-28.4496],[-48.9679,-28.4411],[-48.9682,-28.4325],[-48.9796,-28.4219],[-48.9515,-28.3956],[-48.9385,-28.3833],[-48.935,-28.3911],[-48.9341,-28.3967],[-48.9401,-28.4111],[-48.9359,-28.4222],[-48.9334,-28.4249],[-48.9241,-28.4361],[-48.9217,-28.451]]]}},{"type":"Feature","properties":{"nome":"Catanduvas","cod":"4204004","uf":"SC"},"geometry":{"type":"Polygon","coordinates":[[[-51.6152,-27.0043],[-51.6123,-27.0146],[-51.6181,-27.0272],[-51.6155,-27.0337],[-51.6183,-27.0408],[-51.6262,-27.0519],[-51.6245,-27.0607],[-51.6337,-27.0674],[-51.6355,-27.0767],[-51.6443,-27.0847],[-51.642,-27.0928],[-51.6489,-27.0993],[-51.6492,-27.1004],[-51.6591,-27.1072],[-51.6622,-27.1137],[-51.676,-27.1175],[-51.6784,-27.1164],[-51.6997,-27.1051],[-51.7246,-27.1123],[-51.7369,-27.1082],[-51.7482,-27.1086],[-51.7611,-27.0982],[-51.7581,-27.0951],[-51.7617,-27.0924],[-51.7576,-27.0881],[-51.7585,-27.0805],[-51.7663,-27.0836],[-51.7724,-27.0803],[-51.7752,-27.0718],[-51.7831,-27.0785],[-51.7806,-27.0872],[-51.7902,-27.0867],[-51.7914,-27.0828],[-51.7939,-27.0872],[-51.7999,-27.0859],[-51.8031,-27.0959],[-51.8105,-27.087],[-51.8066,-27.0809],[-51.8183,-27.0853],[-51.8136,-27.0913],[-51.8199,-27.0991],[-51.824,-27.0976],[-51.8229,-27.0934],[-51.83,-27.0857],[-51.831,-27.0661],[-51.8207,-27.0609],[-51.8173,-27.0496],[-51.8104,-27.0488],[-51.8012,-27.0405],[-51.792,-27.0454],[-51.7927,-27.0504],[-51.7584,-27.0508],[-51.7636,-27.0427],[-51.7571,-27.0419],[-51.7494,-27.0462],[-51.7398,-27.0393],[-51.7332,-27.0397],[-51.7246,-27.0286],[-51.7244,-27.0283],[-51.7007,-27.0049],[-51.6841,-27.0082],[-51.6845,-26.9979],[-51.6969,-26.9863],[-51.6805,-26.9578],[-51.6542,-26.9554],[-51.6487,-26.9451],[-51.632,-26.9428],[-51.6358,-26.962],[-51.6303,-26.9794],[-51.6094,-26.98],[-51.6165,-26.9921],[-51.6126,-26.9991],[-51.6152,-27.0043]]]}},{"type":"Feature","properties":{"nome":"Caxambu do Sul","cod":"4204103","uf":"SC"},"geometry":{"type":"Polygon","coordinates":[[[-52.8989,-27.0847],[-52.8807,-27.091],[-52.8801,-27.0913],[-52.861,-27.1014],[-52.8518,-27.1113],[-52.8497,-27.1215],[-52.8576,-27.1216],[-52.8584,-27.1277],[-52.856,-27.1308],[-52.8527,-27.1295],[-52.8485,-27.1361],[-52.8456,-27.1334],[-52.8426,-27.1363],[-52.8363,-27.1355],[-52.8365,-27.1452],[-52.8424,-27.1443],[-52.8439,-27.1472],[-52.8366,-27.1522],[-52.8375,-27.1559],[-52.8451,-27.1553],[-52.8503,-27.1682],[-52.8581,-27.1673],[-52.8725,-27.1736],[-52.8786,-27.1779],[-52.8899,-27.1865],[-52.9038,-27.1984],[-52.9241,-27.202],[-52.9371,-27.1969],[-52.9359,-27.176],[-52.9365,-27.1714],[-52.9461,-27.1633],[-52.9586,-27.163],[-52.9654,-27.1798],[-52.9706,-27.2174],[-52.9772,-27.2207],[-52.989,-27.218],[-52.9997,-27.2068],[-53.0022,-27.1896],[-52.9978,-27.1806],[-52.9835,-27.1671],[-52.9821,-27.1562],[-52.9854,-27.1495],[-52.9933,-27.1378],[-52.9816,-27.1381],[-52.9806,-27.1348],[-52.9885,-27.1329],[-52.9827,-27.1237],[-52.9809,-27.1271],[-52.9714,-27.1286],[-52.9706,-27.1226],[-52.9619,-27.1166],[-52.9591,-27.1134],[-52.9628,-27.1086],[-52.9582,-27.1],[-52.955,-27.0981],[-52.9496,-27.1015],[-52.9503,-27.0979],[-52.9433,-27.0951],[-52.9417,-27.0882],[-52.9344,-27.0915],[-52.9307,-27.0838],[-52.9186,-27.088],[-52.9133,-27.082],[-52.906,-27.0805],[-52.8989,-27.0847]]]}},{"type":"Feature","properties":{"nome":"Celso Ramos","cod":"4204152","uf":"SC"},"geometry":{"type":"Polygon","coordinates":[[[-51.374,-27.61],[-51.3637,-27.6142],[-51.3545,-27.609],[-51.3516,-27.5982],[-51.3458,-27.5925],[-51.3322,-27.6036],[-51.3157,-27.601],[-51.3122,-27.6044],[-51.312,-27.6148],[-51.2777,-27.6329],[-51.2528,-27.631],[-51.2474,-27.6118],[-51.2262,-27.5989],[-51.2177,-27.6058],[-51.2119,-27.619],[-51.2115,-27.6264],[-51.2085,-27.6234],[-51.2051,-27.6269],[-51.2069,-27.6339],[-51.1979,-27.6359],[-51.1937,-27.6438],[-51.1975,-27.6466],[-51.1922,-27.6545],[-51.2086,-27.6704],[-51.2103,-27.6854],[-51.2221,-27.7228],[-51.2264,-27.7194],[-51.2344,-27.7202],[-51.2427,-27.7293],[-51.2518,-27.7309],[-51.2633,-27.7387],[-51.2725,-27.7352],[-51.272,-27.7301],[-51.2756,-27.7235],[-51.293,-27.725],[-51.3083,-27.7189],[-51.3085,-27.7119],[-51.3016,-27.702],[-51.3105,-27.6955],[-51.3124,-27.6831],[-51.313,-27.6775],[-51.3176,-27.6727],[-51.331,-27.6707],[-51.3515,-27.6796],[-51.3691,-27.6721],[-51.3766,-27.6617],[-51.3696,-27.6361],[-51.3814,-27.6247],[-51.3873,-27.6233],[-51.4047,-27.6325],[-51.4107,-27.6449],[-51.4117,-27.6486],[-51.4198,-27.6544],[-51.4337,-27.6545],[-51.4367,-27.6514],[-51.4351,-27.6326],[-51.44,-27.6236],[-51.4573,-27.6074],[-51.4485,-27.6006],[-51.4433,-27.5889],[-51.4312,-27.58],[-51.4222,-27.5666],[-51.4142,-27.5727],[-51.4078,-27.5936],[-51.4008,-27.5959],[-51.3995,-27.596],[-51.3769,-27.5979],[-51.374,-27.61]]]}},{"type":"Feature","properties":{"nome":"Cerro Negro","cod":"4204178","uf":"SC"},"geometry":{"type":"Polygon","coordinates":[[[-50.9336,-27.5795],[-50.9268,-27.581],[-50.9144,-27.5734],[-50.8993,-27.5741],[-50.8973,-27.5873],[-50.8914,-27.5903],[-50.8853,-27.5853],[-50.8808,-27.5869],[-50.8879,-27.5964],[-50.886,-27.6082],[-50.8821,-27.6093],[-50.8748,-27.6011],[-50.8635,-27.6049],[-50.863,-27.6136],[-50.8565,-27.6219],[-50.8622,-27.6356],[-50.86,-27.6538],[-50.847,-27.6972],[-50.849,-27.7077],[-50.8535,-27.7318],[-50.849,-27.7481],[-50.8402,-27.7557],[-50.8428,-27.763],[-50.8571,-27.7734],[-50.8602,-27.7808],[-50.8563,-27.7864],[-50.8624,-27.7942],[-50.862,-27.7948],[-50.8581,-27.7986],[-50.8642,-27.8078],[-50.8573,-27.8162],[-50.8662,-27.818],[-50.8708,-27.8237],[-50.8715,-27.8368],[-50.8765,-27.8415],[-50.8811,-27.8698],[-50.8901,-27.881],[-50.8917,-27.8961],[-50.9169,-27.8967],[-50.9287,-27.9064],[-50.9227,-27.9197],[-50.9303,-27.9233],[-50.9285,-27.93],[-50.9356,-27.9268],[-50.9367,-27.9304],[-50.9563,-27.9317],[-50.9627,-27.9347],[-50.9602,-27.9453],[-50.9715,-27.9443],[-50.9791,-27.9475],[-50.9798,-27.9452],[-50.9859,-27.9414],[-50.9926,-27.9448],[-51.0007,-27.9629],[-51.0066,-27.9646],[-51.0187,-27.956],[-51.0203,-27.9441],[-51.0156,-27.9278],[-51.0181,-27.9235],[-51.0495,-27.9075],[-51.0574,-27.9],[-51.055,-27.8866],[-51.0515,-27.8697],[-51.0506,-27.8655],[-51.0409,-27.8708],[-51.0404,-27.8632],[-51.0343,-27.8638],[-51.0382,-27.8603],[-51.03,-27.855],[-51.0281,-27.8484],[-51.0236,-27.8476],[-51.0185,-27.8397],[-51.0201,-27.8371],[-51.0158,-27.8373],[-51.0097,-27.8314],[-51.0075,-27.8331],[-51.0038,-27.8247],[-50.9987,-27.8264],[-50.9993,-27.8238],[-50.9928,-27.8232],[-50.9893,-27.8186],[-50.9817,-27.8221],[-50.9713,-27.8194],[-50.9663,-27.8231],[-50.9575,-27.8218],[-50.9503,-27.8164],[-50.9341,-27.8179],[-50.9587,-27.7816],[-50.9586,-27.7627],[-50.9662,-27.7499],[-50.9585,-27.7496],[-50.9538,-27.7583],[-50.9424,-27.7545],[-50.9234,-27.7373],[-50.9145,-27.7153],[-50.9181,-27.7054],[-50.9139,-27.6942],[-50.9056,-27.6799],[-50.9081,-27.6783],[-50.9092,-27.681],[-50.9194,-27.6733],[-50.9253,-27.6796],[-50.9292,-27.6677],[-50.9365,-27.6728],[-50.9464,-27.6718],[-50.9463,-27.664],[-50.9401,-27.6554],[-50.9469,-27.6473],[-50.9549,-27.6505],[-50.957,-27.6446],[-50.9607,-27.6455],[-50.9782,-27.6293],[-50.9908,-27.6213],[-50.9942,-27.6106],[-50.9886,-27.6052],[-50.956,-27.5977],[-50.9586,-27.5864],[-50.9717,-27.5773],[-50.969,-27.5707],[-50.952,-27.569],[-50.9336,-27.5795]]]}},{"type":"Feature","properties":{"nome":"Chapadão do Lageado","cod":"4204194","uf":"SC"},"geometry":{"type":"Polygon","coordinates":[[[-49.5643,-27.622],[-49.5717,-27.6307],[-49.58,-27.6288],[-49.5869,-27.643],[-49.6085,-27.65],[-49.6202,-27.6599],[-49.6313,-27.6622],[-49.6372,-27.6589],[-49.6398,-27.6468],[-49.6183,-27.6191],[-49.6243,-27.6173],[-49.6243,-27.6172],[-49.6145,-27.5849],[-49.5894,-27.5728],[-49.5913,-27.5706],[-49.5866,-27.5555],[-49.5784,-27.5523],[-49.5571,-27.5197],[-49.5411,-27.5114],[-49.515,-27.5241],[-49.5047,-27.5261],[-49.493,-27.5348],[-49.4839,-27.5547],[-49.4753,-27.5553],[-49.4718,-27.5661],[-49.4883,-27.5823],[-49.4965,-27.5846],[-49.4956,-27.5922],[-49.5074,-27.6],[-49.5469,-27.6123],[-49.5491,-27.6164],[-49.5643,-27.622]]]}},{"type":"Feature","properties":{"nome":"Chapecó","cod":"4204202","uf":"SC"},"geometry":{"type":"Polygon","coordinates":[[[-52.7546,-26.9376],[-52.7492,-26.9428],[-52.7465,-26.9389],[-52.7391,-26.941],[-52.7365,-26.9489],[-52.7296,-26.9506],[-52.7264,-26.9552],[-52.7193,-26.9603],[-52.7216,-26.967],[-52.7177,-26.9729],[-52.7147,-26.9836],[-52.6908,-26.9911],[-52.6865,-26.9877],[-52.675,-26.9942],[-52.6475,-26.9934],[-52.6426,-26.9939],[-52.639,-26.9986],[-52.6112,-27.0354],[-52.5886,-27.0284],[-52.5861,-27.0343],[-52.572,-27.0405],[-52.5718,-27.0485],[-52.5723,-27.0507],[-52.5597,-27.0523],[-52.5549,-27.059],[-52.5627,-27.0593],[-52.5529,-27.0705],[-52.5455,-27.0694],[-52.5408,-27.0759],[-52.5389,-27.0776],[-52.5367,-27.0734],[-52.5317,-27.0803],[-52.5248,-27.0798],[-52.5144,-27.0838],[-52.5176,-27.0878],[-52.5163,-27.0943],[-52.5088,-27.0934],[-52.5085,-27.0937],[-52.4803,-27.1113],[-52.4881,-27.1142],[-52.4995,-27.1117],[-52.5058,-27.1174],[-52.5034,-27.1214],[-52.5006,-27.1282],[-52.4884,-27.1343],[-52.4878,-27.1397],[-52.5006,-27.1438],[-52.5085,-27.1398],[-52.5092,-27.1426],[-52.5099,-27.1457],[-52.5179,-27.1486],[-52.5073,-27.1554],[-52.5066,-27.1591],[-52.5159,-27.165],[-52.5234,-27.1653],[-52.5194,-27.1777],[-52.5271,-27.1783],[-52.525,-27.182],[-52.5193,-27.1907],[-52.5135,-27.1901],[-52.5203,-27.1952],[-52.5236,-27.2078],[-52.5333,-27.2098],[-52.5351,-27.2168],[-52.543,-27.2192],[-52.5361,-27.2325],[-52.5441,-27.2343],[-52.5448,-27.2395],[-52.5496,-27.2381],[-52.5633,-27.2483],[-52.5898,-27.2478],[-52.5972,-27.2537],[-52.6102,-27.2629],[-52.6287,-27.2652],[-52.6451,-27.2595],[-52.6592,-27.2375],[-52.6676,-27.238],[-52.6758,-27.2462],[-52.6784,-27.2678],[-52.6877,-27.2827],[-52.6911,-27.2837],[-52.6921,-27.2835],[-52.6988,-27.2816],[-52.7063,-27.2724],[-52.7097,-27.244],[-52.7144,-27.2365],[-52.7198,-27.2346],[-52.7309,-27.2393],[-52.7435,-27.2566],[-52.7534,-27.2579],[-52.7611,-27.2498],[-52.763,-27.243],[-52.7575,-27.2179],[-52.7669,-27.2089],[-52.7864,-27.2046],[-52.7847,-27.2032],[-52.7829,-27.1994],[-52.7888,-27.1922],[-52.7769,-27.1915],[-52.7752,-27.1859],[-52.7703,-27.187],[-52.7553,-27.1899],[-52.748,-27.1891],[-52.7503,-27.183],[-52.7475,-27.1812],[-52.7525,-27.1765],[-52.7471,-27.1715],[-52.7483,-27.1676],[-52.7342,-27.1658],[-52.7222,-27.1522],[-52.7231,-27.1476],[-52.7225,-27.1365],[-52.7152,-27.1311],[-52.7165,-27.1256],[-52.7061,-27.1037],[-52.7073,-27.0956],[-52.7324,-27.0839],[-52.7282,-27.079],[-52.735,-27.0744],[-52.7343,-27.0696],[-52.7369,-27.0702],[-52.7343,-27.0588],[-52.7232,-27.0395],[-52.7311,-27.0201],[-52.7439,-27.0121],[-52.7524,-27.0173],[-52.7598,-27.0137],[-52.7705,-27.0364],[-52.7797,-27.0525],[-52.7933,-27.0485],[-52.7968,-27.0509],[-52.8048,-27.0466],[-52.8111,-27.0498],[-52.8282,-27.0425],[-52.8343,-27.0461],[-52.8401,-27.0435],[-52.8406,-27.033],[-52.8413,-27.0174],[-52.8211,-27.0179],[-52.7969,-27.0069],[-52.7964,-27.0067],[-52.7685,-26.994],[-52.7658,-26.981],[-52.762,-26.9625],[-52.7576,-26.941],[-52.7546,-26.9376]]]}},{"type":"Feature","properties":{"nome":"Cocal do Sul","cod":"4204251","uf":"SC"},"geometry":{"type":"Polygon","coordinates":[[[-49.3357,-28.5637],[-49.335,-28.5671],[-49.321,-28.5649],[-49.3102,-28.5662],[-49.3044,-28.5742],[-49.2793,-28.5812],[-49.2739,-28.5862],[-49.2597,-28.584],[-49.2534,-28.5873],[-49.2515,-28.5905],[-49.2454,-28.5906],[-49.2479,-28.5924],[-49.2649,-28.5972],[-49.2869,-28.6158],[-49.2911,-28.6208],[-49.3108,-28.6212],[-49.3163,-28.6263],[-49.3311,-28.6244],[-49.3348,-28.6336],[-49.3396,-28.6341],[-49.3594,-28.6365],[-49.3696,-28.6346],[-49.3757,-28.621],[-49.3929,-28.6097],[-49.3957,-28.6031],[-49.4024,-28.596],[-49.3859,-28.5788],[-49.3661,-28.5744],[-49.3517,-28.5624],[-49.3357,-28.5637]]]}},{"type":"Feature","properties":{"nome":"Concórdia","cod":"4204301","uf":"SC"},"geometry":{"type":"Polygon","coordinates":[[[-51.9751,-27.1053],[-51.969,-27.1092],[-51.9566,-27.1067],[-51.9596,-27.1189],[-51.9529,-27.1141],[-51.9505,-27.1207],[-51.9411,-27.1155],[-51.9424,-27.1181],[-51.9349,-27.1236],[-51.9156,-27.1286],[-51.9164,-27.1346],[-51.9124,-27.1339],[-51.9083,-27.1265],[-51.901,-27.1284],[-51.8999,-27.1199],[-51.8896,-27.1142],[-51.8892,-27.1226],[-51.8744,-27.1224],[-51.8628,-27.1266],[-51.867,-27.1307],[-51.86,-27.1396],[-51.8302,-27.1465],[-51.8225,-27.1456],[-51.8213,-27.1496],[-51.8213,-27.1505],[-51.8254,-27.16],[-51.8237,-27.1679],[-51.8141,-27.1878],[-51.8163,-27.2062],[-51.8132,-27.2117],[-51.8137,-27.2219],[-51.8166,-27.2203],[-51.8212,-27.2234],[-51.826,-27.2208],[-51.8271,-27.2268],[-51.8328,-27.2294],[-51.8277,-27.2314],[-51.8293,-27.2346],[-51.8432,-27.2294],[-51.8422,-27.2366],[-51.838,-27.2387],[-51.8408,-27.2423],[-51.8378,-27.2498],[-51.836,-27.2478],[-51.8307,-27.2519],[-51.8177,-27.2459],[-51.8113,-27.2521],[-51.8064,-27.2501],[-51.7977,-27.2528],[-51.7895,-27.2596],[-51.7877,-27.2685],[-51.7995,-27.284],[-51.7954,-27.2931],[-51.8068,-27.284],[-51.8127,-27.2884],[-51.8212,-27.2967],[-51.8345,-27.3065],[-51.8431,-27.3075],[-51.8529,-27.319],[-51.8656,-27.3155],[-51.8697,-27.3097],[-51.8762,-27.3088],[-51.8766,-27.3034],[-51.8802,-27.3035],[-51.8901,-27.301],[-51.8961,-27.3033],[-51.902,-27.2999],[-51.9048,-27.3061],[-51.9098,-27.3032],[-51.9149,-27.3067],[-51.9086,-27.3121],[-51.9143,-27.3202],[-51.9155,-27.3244],[-51.9211,-27.3221],[-51.9268,-27.3274],[-51.9353,-27.3261],[-51.934,-27.3316],[-51.939,-27.3354],[-51.9468,-27.3316],[-51.9544,-27.3393],[-51.9449,-27.3485],[-51.9515,-27.3521],[-51.9589,-27.3462],[-51.9627,-27.3418],[-51.9629,-27.3421],[-51.9643,-27.3463],[-51.9576,-27.3617],[-51.9705,-27.3542],[-51.9721,-27.3616],[-51.9834,-27.3621],[-51.9856,-27.3657],[-51.9946,-27.3636],[-51.9852,-27.3742],[-51.9926,-27.378],[-51.9964,-27.3779],[-52.0091,-27.3715],[-52.0193,-27.3622],[-52.022,-27.3546],[-52.0083,-27.3429],[-52.0088,-27.3339],[-52.0178,-27.3313],[-52.0384,-27.3445],[-52.0484,-27.3454],[-52.0726,-27.3379],[-52.0888,-27.3452],[-52.0975,-27.3479],[-52.1066,-27.3429],[-52.109,-27.3392],[-52.1067,-27.3235],[-52.1057,-27.3152],[-52.1074,-27.3092],[-52.1186,-27.3027],[-52.1279,-27.3023],[-52.1392,-27.3046],[-52.1609,-27.3135],[-52.1668,-27.3112],[-52.1584,-27.2833],[-52.1605,-27.2764],[-52.1661,-27.2729],[-52.1734,-27.2724],[-52.1797,-27.2765],[-52.1927,-27.2969],[-52.2004,-27.316],[-52.2032,-27.323],[-52.2097,-27.3304],[-52.2242,-27.33],[-52.2389,-27.3057],[-52.2503,-27.3019],[-52.2727,-27.3035],[-52.2775,-27.296],[-52.2634,-27.2811],[-52.2357,-27.2717],[-52.2346,-27.2651],[-52.2534,-27.257],[-52.2607,-27.2586],[-52.2603,-27.25],[-52.2545,-27.2526],[-52.2454,-27.2471],[-52.2338,-27.2502],[-52.2245,-27.2297],[-52.2215,-27.2344],[-52.2083,-27.2358],[-52.2083,-27.2311],[-52.2055,-27.2243],[-52.2078,-27.2203],[-52.2008,-27.2194],[-52.196,-27.2228],[-52.1874,-27.2199],[-52.1955,-27.2184],[-52.2047,-27.2105],[-52.2012,-27.2069],[-52.1988,-27.213],[-52.1943,-27.2123],[-52.1919,-27.2],[-52.1865,-27.1933],[-52.1777,-27.2014],[-52.1701,-27.1921],[-52.1651,-27.1947],[-52.1634,-27.1923],[-52.1545,-27.185],[-52.1485,-27.1879],[-52.1426,-27.1789],[-52.1333,-27.187],[-52.1282,-27.1813],[-52.1267,-27.1855],[-52.1155,-27.1839],[-52.1184,-27.1725],[-52.116,-27.1679],[-52.1046,-27.1701],[-52.1005,-27.1627],[-52.0874,-27.1698],[-52.0839,-27.1692],[-52.0858,-27.1663],[-52.0862,-27.1598],[-52.0913,-27.1568],[-52.0858,-27.1522],[-52.0877,-27.1469],[-52.0792,-27.1445],[-52.0749,-27.1507],[-52.0653,-27.1535],[-52.0627,-27.145],[-52.0675,-27.1368],[-52.0587,-27.1311],[-52.0537,-27.1397],[-52.0559,-27.1457],[-52.0429,-27.1489],[-52.0424,-27.1461],[-52.0477,-27.1424],[-52.0447,-27.1404],[-52.0378,-27.1385],[-52.0299,-27.1437],[-52.0245,-27.1378],[-52.0172,-27.1394],[-52.018,-27.1328],[-52.0134,-27.1259],[-52.0085,-27.1257],[-52.0054,-27.1326],[-51.9958,-27.1351],[-51.9912,-27.1204],[-51.9885,-27.123],[-51.9871,-27.1201],[-51.9858,-27.1165],[-51.9762,-27.1178],[-51.9751,-27.1053]]]}},{"type":"Feature","properties":{"nome":"Cordilheira Alta","cod":"4204350","uf":"SC"},"geometry":{"type":"Polygon","coordinates":[[[-52.6649,-26.9218],[-52.6319,-26.9499],[-52.6154,-26.9334],[-52.5985,-26.9568],[-52.5909,-26.9616],[-52.5933,-26.9809],[-52.585,-26.9734],[-52.5886,-27.0284],[-52.6112,-27.0354],[-52.639,-26.9986],[-52.6426,-26.9939],[-52.6475,-26.9934],[-52.675,-26.9942],[-52.6865,-26.9877],[-52.6908,-26.9911],[-52.7147,-26.9836],[-52.7177,-26.9729],[-52.6849,-26.9411],[-52.6842,-26.9405],[-52.6649,-26.9218]]]}},{"type":"Feature","properties":{"nome":"Coronel Freitas","cod":"4204400","uf":"SC"},"geometry":{"type":"Polygon","coordinates":[[[-52.7831,-26.7876],[-52.777,-26.8028],[-52.7673,-26.81],[-52.7634,-26.8198],[-52.7435,-26.8399],[-52.7438,-26.8219],[-52.7339,-26.8163],[-52.7285,-26.8169],[-52.7283,-26.817],[-52.7194,-26.8207],[-52.7119,-26.819],[-52.7167,-26.8028],[-52.6558,-26.8532],[-52.6208,-26.8645],[-52.6226,-26.8732],[-52.6364,-26.879],[-52.6256,-26.8877],[-52.6296,-26.8962],[-52.6177,-26.9082],[-52.6315,-26.9211],[-52.6214,-26.9254],[-52.6154,-26.9334],[-52.6319,-26.9499],[-52.6649,-26.9218],[-52.6842,-26.9405],[-52.6849,-26.9411],[-52.7177,-26.9729],[-52.7216,-26.967],[-52.7193,-26.9603],[-52.7264,-26.9552],[-52.7296,-26.9506],[-52.7365,-26.9489],[-52.7391,-26.941],[-52.7465,-26.9389],[-52.7492,-26.9428],[-52.7546,-26.9376],[-52.7576,-26.941],[-52.7606,-26.9381],[-52.7614,-26.9417],[-52.7629,-26.9385],[-52.7766,-26.9281],[-52.7841,-26.9275],[-52.7898,-26.9154],[-52.7944,-26.9149],[-52.8033,-26.9045],[-52.801,-26.902],[-52.8134,-26.9014],[-52.8153,-26.9014],[-52.8222,-26.9036],[-52.8263,-26.9113],[-52.831,-26.9092],[-52.8337,-26.9136],[-52.84,-26.9105],[-52.8427,-26.9149],[-52.8492,-26.9124],[-52.8563,-26.9162],[-52.8604,-26.9074],[-52.8461,-26.8914],[-52.8412,-26.8797],[-52.8298,-26.8783],[-52.822,-26.8802],[-52.8258,-26.8872],[-52.8058,-26.8963],[-52.8012,-26.8955],[-52.7963,-26.8898],[-52.7869,-26.8885],[-52.7864,-26.8843],[-52.809,-26.8788],[-52.8179,-26.8701],[-52.8146,-26.8639],[-52.8086,-26.8646],[-52.7946,-26.8742],[-52.7858,-26.8713],[-52.7909,-26.858],[-52.7872,-26.8553],[-52.8,-26.8506],[-52.8065,-26.838],[-52.8058,-26.8303],[-52.801,-26.818],[-52.806,-26.8098],[-52.8048,-26.7951],[-52.7945,-26.7955],[-52.7913,-26.7889],[-52.7831,-26.7876]]]}},{"type":"Feature","properties":{"nome":"Coronel Martins","cod":"4204459","uf":"SC"},"geometry":{"type":"Polygon","coordinates":[[[-52.6494,-26.4941],[-52.632,-26.4997],[-52.6223,-26.4925],[-52.6097,-26.4907],[-52.6082,-26.5086],[-52.6158,-26.5125],[-52.6114,-26.5201],[-52.6079,-26.5264],[-52.6082,-26.5429],[-52.6136,-26.5511],[-52.6193,-26.5505],[-52.6257,-26.557],[-52.6366,-26.5608],[-52.6363,-26.5637],[-52.6462,-26.5671],[-52.6448,-26.5697],[-52.6491,-26.569],[-52.6486,-26.5753],[-52.6495,-26.5825],[-52.6533,-26.5841],[-52.6491,-26.5867],[-52.6606,-26.5896],[-52.659,-26.5929],[-52.6709,-26.6014],[-52.6732,-26.5985],[-52.6781,-26.6005],[-52.6969,-26.5868],[-52.7043,-26.5884],[-52.707,-26.5832],[-52.689,-26.5833],[-52.6912,-26.5792],[-52.6965,-26.5806],[-52.6994,-26.5755],[-52.6906,-26.571],[-52.7061,-26.5652],[-52.704,-26.5612],[-52.7103,-26.5558],[-52.7131,-26.5611],[-52.722,-26.5513],[-52.7204,-26.5467],[-52.7273,-26.546],[-52.73,-26.5417],[-52.7282,-26.5326],[-52.7346,-26.5298],[-52.7464,-26.5136],[-52.7549,-26.5105],[-52.7523,-26.5061],[-52.7449,-26.5099],[-52.7451,-26.5044],[-52.7181,-26.5024],[-52.6855,-26.4999],[-52.6907,-26.4985],[-52.6883,-26.4939],[-52.6944,-26.4919],[-52.6777,-26.4836],[-52.6614,-26.4835],[-52.6486,-26.4898],[-52.6494,-26.4941]]]}},{"type":"Feature","properties":{"nome":"Corupá","cod":"4204509","uf":"SC"},"geometry":{"type":"Polygon","coordinates":[[[-49.1578,-26.3588],[-49.1688,-26.3782],[-49.1797,-26.3819],[-49.1878,-26.3894],[-49.186,-26.4289],[-49.1858,-26.4339],[-49.1948,-26.4328],[-49.2073,-26.4402],[-49.1993,-26.4441],[-49.2005,-26.4467],[-49.2014,-26.4482],[-49.2117,-26.4578],[-49.2122,-26.4849],[-49.2211,-26.4913],[-49.2277,-26.4965],[-49.2322,-26.4946],[-49.2473,-26.501],[-49.2597,-26.5135],[-49.2699,-26.5329],[-49.2807,-26.5367],[-49.291,-26.5475],[-49.293,-26.5418],[-49.2983,-26.5395],[-49.3209,-26.5416],[-49.3322,-26.5366],[-49.3396,-26.5239],[-49.3543,-26.5155],[-49.3542,-26.5027],[-49.3645,-26.4918],[-49.3658,-26.4907],[-49.3749,-26.4879],[-49.3776,-26.4924],[-49.391,-26.4947],[-49.4157,-26.5097],[-49.4245,-26.4954],[-49.4326,-26.4943],[-49.4393,-26.4886],[-49.4666,-26.4718],[-49.4651,-26.467],[-49.4698,-26.4643],[-49.4706,-26.4525],[-49.4755,-26.453],[-49.4869,-26.4399],[-49.4934,-26.4388],[-49.4921,-26.4303],[-49.4955,-26.4264],[-49.4867,-26.4249],[-49.4821,-26.419],[-49.4754,-26.4249],[-49.4675,-26.4222],[-49.4643,-26.4252],[-49.4613,-26.4213],[-49.455,-26.4259],[-49.4449,-26.4257],[-49.4398,-26.4198],[-49.4385,-26.4109],[-49.4443,-26.4003],[-49.4403,-26.3937],[-49.4431,-26.3904],[-49.4358,-26.3715],[-49.4229,-26.3659],[-49.4143,-26.3535],[-49.4109,-26.3547],[-49.4043,-26.3521],[-49.4022,-26.3476],[-49.3897,-26.3534],[-49.3669,-26.3617],[-49.3629,-26.3604],[-49.3572,-26.367],[-49.3607,-26.3727],[-49.3533,-26.3774],[-49.3297,-26.3823],[-49.3244,-26.3872],[-49.3218,-26.383],[-49.3229,-26.3729],[-49.3163,-26.3699],[-49.3007,-26.3678],[-49.2986,-26.3738],[-49.2903,-26.3704],[-49.2856,-26.3784],[-49.281,-26.3759],[-49.2732,-26.383],[-49.2749,-26.388],[-49.2685,-26.3857],[-49.2305,-26.3959],[-49.2256,-26.3944],[-49.2194,-26.3856],[-49.2013,-26.3824],[-49.1973,-26.3716],[-49.1885,-26.3692],[-49.1857,-26.3713],[-49.1755,-26.3653],[-49.1848,-26.3493],[-49.1859,-26.3325],[-49.1773,-26.3183],[-49.1792,-26.3111],[-49.1682,-26.3079],[-49.1705,-26.3146],[-49.1677,-26.3278],[-49.1655,-26.3547],[-49.1578,-26.3588]]]}},{"type":"Feature","properties":{"nome":"Correia Pinto","cod":"4204558","uf":"SC"},"geometry":{"type":"Polygon","coordinates":[[[-50.5048,-27.4656],[-50.4975,-27.4654],[-50.4869,-27.4577],[-50.4858,-27.4626],[-50.4719,-27.4695],[-50.4696,-27.475],[-50.4733,-27.4787],[-50.4923,-27.4814],[-50.4927,-27.4887],[-50.4765,-27.4838],[-50.4506,-27.4992],[-50.4533,-27.4847],[-50.4465,-27.4774],[-50.4386,-27.48],[-50.435,-27.4753],[-50.4307,-27.4753],[-50.4241,-27.4835],[-50.4193,-27.477],[-50.4037,-27.4743],[-50.3982,-27.4779],[-50.3849,-27.4929],[-50.3858,-27.4981],[-50.377,-27.4996],[-50.3808,-27.5152],[-50.3929,-27.5264],[-50.39,-27.5361],[-50.3969,-27.5468],[-50.4118,-27.5472],[-50.3931,-27.5563],[-50.3836,-27.552],[-50.3843,-27.5603],[-50.3774,-27.5613],[-50.3685,-27.551],[-50.3736,-27.5445],[-50.3711,-27.5377],[-50.3668,-27.535],[-50.3595,-27.5393],[-50.3263,-27.5258],[-50.3154,-27.5277],[-50.2993,-27.5216],[-50.2875,-27.5239],[-50.2713,-27.5361],[-50.2626,-27.5372],[-50.2626,-27.5328],[-50.2708,-27.5238],[-50.2587,-27.5184],[-50.2505,-27.5223],[-50.2511,-27.517],[-50.2442,-27.5255],[-50.2414,-27.5167],[-50.2257,-27.5133],[-50.2348,-27.5193],[-50.2348,-27.5263],[-50.225,-27.5311],[-50.2239,-27.5424],[-50.2119,-27.5524],[-50.2164,-27.5584],[-50.2074,-27.5633],[-50.2049,-27.5662],[-50.2103,-27.5679],[-50.2079,-27.5757],[-50.1992,-27.5826],[-50.2029,-27.5859],[-50.1917,-27.5945],[-50.1948,-27.6052],[-50.1904,-27.6112],[-50.195,-27.6174],[-50.1934,-27.6271],[-50.1973,-27.6323],[-50.2045,-27.6362],[-50.2731,-27.6755],[-50.2924,-27.6766],[-50.311,-27.6776],[-50.3123,-27.6809],[-50.309,-27.692],[-50.2977,-27.7047],[-50.3056,-27.7237],[-50.3045,-27.7293],[-50.3096,-27.7482],[-50.3277,-27.7493],[-50.3286,-27.7461],[-50.3357,-27.7458],[-50.3435,-27.7404],[-50.3533,-27.7466],[-50.3582,-27.7358],[-50.3602,-27.745],[-50.3689,-27.7467],[-50.3786,-27.7391],[-50.3782,-27.7309],[-50.3827,-27.7339],[-50.3915,-27.7286],[-50.4112,-27.7064],[-50.4189,-27.7114],[-50.4293,-27.7129],[-50.4271,-27.7054],[-50.4372,-27.6945],[-50.4272,-27.6847],[-50.4306,-27.6761],[-50.4372,-27.6727],[-50.4532,-27.6726],[-50.4584,-27.667],[-50.468,-27.6644],[-50.471,-27.6581],[-50.4838,-27.6533],[-50.491,-27.6459],[-50.4859,-27.6353],[-50.4953,-27.6277],[-50.5024,-27.6305],[-50.5066,-27.6284],[-50.5179,-27.6339],[-50.523,-27.6322],[-50.5059,-27.6203],[-50.507,-27.611],[-50.5128,-27.6052],[-50.5113,-27.5959],[-50.5172,-27.5955],[-50.5366,-27.606],[-50.5403,-27.5973],[-50.5248,-27.5827],[-50.5254,-27.5678],[-50.5304,-27.5603],[-50.5369,-27.5602],[-50.5377,-27.5538],[-50.5455,-27.5442],[-50.5489,-27.5278],[-50.5624,-27.5112],[-50.5609,-27.5033],[-50.5693,-27.5039],[-50.5428,-27.4846],[-50.533,-27.4848],[-50.5277,-27.4909],[-50.525,-27.49],[-50.5237,-27.4742],[-50.5338,-27.4717],[-50.5333,-27.467],[-50.5131,-27.4564],[-50.5066,-27.458],[-50.5077,-27.4642],[-50.5048,-27.4656]]]}},{"type":"Feature","properties":{"nome":"Criciúma","cod":"4204608","uf":"SC"},"geometry":{"type":"Polygon","coordinates":[[[-49.4113,-28.6364],[-49.4031,-28.637],[-49.3988,-28.6362],[-49.3696,-28.6346],[-49.3594,-28.6365],[-49.3594,-28.6392],[-49.3368,-28.6452],[-49.3331,-28.639],[-49.328,-28.6383],[-49.3202,-28.642],[-49.3131,-28.6399],[-49.3089,-28.6435],[-49.3041,-28.6413],[-49.3029,-28.6404],[-49.2907,-28.6383],[-49.2825,-28.647],[-49.265,-28.6541],[-49.2539,-28.6658],[-49.2526,-28.6659],[-49.2438,-28.6729],[-49.2439,-28.674],[-49.2621,-28.6732],[-49.2832,-28.6796],[-49.3059,-28.6762],[-49.3332,-28.6787],[-49.3328,-28.6966],[-49.3305,-28.717],[-49.3319,-28.727],[-49.333,-28.7342],[-49.3332,-28.7361],[-49.3357,-28.7532],[-49.3358,-28.7542],[-49.3572,-28.7555],[-49.355,-28.79],[-49.3545,-28.7992],[-49.3544,-28.8005],[-49.351,-28.855],[-49.3988,-28.8333],[-49.403,-28.8298],[-49.4065,-28.8273],[-49.4078,-28.8264],[-49.4091,-28.8255],[-49.4254,-28.8139],[-49.4221,-28.8091],[-49.4213,-28.7996],[-49.4172,-28.7929],[-49.4231,-28.7927],[-49.4205,-28.7862],[-49.4287,-28.7817],[-49.4278,-28.7755],[-49.4358,-28.7675],[-49.4305,-28.7604],[-49.4337,-28.7572],[-49.4335,-28.7569],[-49.4309,-28.7562],[-49.4327,-28.7542],[-49.4271,-28.7553],[-49.4276,-28.7525],[-49.4228,-28.7537],[-49.425,-28.7493],[-49.4206,-28.7512],[-49.4144,-28.7492],[-49.4117,-28.742],[-49.4091,-28.7427],[-49.4103,-28.7397],[-49.4069,-28.7356],[-49.4125,-28.7327],[-49.4097,-28.7282],[-49.4206,-28.7187],[-49.4213,-28.714],[-49.423,-28.7126],[-49.4538,-28.7126],[-49.456,-28.7126],[-49.4763,-28.7126],[-49.4779,-28.7092],[-49.4747,-28.7082],[-49.4756,-28.7051],[-49.4756,-28.7046],[-49.4752,-28.7014],[-49.4714,-28.6912],[-49.4629,-28.687],[-49.4617,-28.6762],[-49.4647,-28.6736],[-49.456,-28.6623],[-49.4547,-28.6546],[-49.4514,-28.634],[-49.4113,-28.6364]]]}},{"type":"Feature","properties":{"nome":"Cunha Porã","cod":"4204707","uf":"SC"},"geometry":{"type":"Polygon","coordinates":[[[-53.1562,-26.7998],[-53.1307,-26.8098],[-53.1204,-26.8092],[-53.1157,-26.8155],[-53.1237,-26.8261],[-53.1315,-26.8245],[-53.1307,-26.8285],[-53.1249,-26.8468],[-53.115,-26.8499],[-53.125,-26.8572],[-53.1246,-26.861],[-53.1156,-26.8673],[-53.1215,-26.872],[-53.1172,-26.8872],[-53.1029,-26.8896],[-53.1108,-26.9022],[-53.1109,-26.9233],[-53.1188,-26.9415],[-53.1378,-26.941],[-53.1425,-26.9427],[-53.1659,-26.9553],[-53.1712,-26.9534],[-53.1734,-26.9509],[-53.1907,-26.9514],[-53.2038,-26.9471],[-53.2047,-26.9468],[-53.2088,-26.9383],[-53.2278,-26.9382],[-53.2268,-26.933],[-53.2388,-26.936],[-53.2503,-26.9336],[-53.2471,-26.9226],[-53.2632,-26.917],[-53.2842,-26.9218],[-53.2882,-26.9157],[-53.2813,-26.9154],[-53.2796,-26.912],[-53.2864,-26.9077],[-53.2865,-26.9015],[-53.2955,-26.8956],[-53.2859,-26.8938],[-53.2865,-26.8844],[-53.2783,-26.8888],[-53.277,-26.8844],[-53.2765,-26.88],[-53.2847,-26.8684],[-53.2735,-26.8707],[-53.2771,-26.8658],[-53.2701,-26.8633],[-53.2712,-26.8585],[-53.2681,-26.8566],[-53.2639,-26.8533],[-53.2608,-26.854],[-53.2622,-26.8576],[-53.2526,-26.8552],[-53.2531,-26.8515],[-53.2602,-26.8495],[-53.2501,-26.8442],[-53.2507,-26.8381],[-53.2461,-26.8453],[-53.2448,-26.8382],[-53.2362,-26.8388],[-53.2418,-26.8328],[-53.2418,-26.8325],[-53.2467,-26.8255],[-53.2389,-26.8225],[-53.241,-26.8127],[-53.2339,-26.8144],[-53.2265,-26.8076],[-53.2165,-26.809],[-53.2172,-26.8021],[-53.2102,-26.8053],[-53.2075,-26.8032],[-53.205,-26.8063],[-53.2017,-26.8015],[-53.1952,-26.8006],[-53.181,-26.8053],[-53.1777,-26.8053],[-53.1657,-26.8055],[-53.1562,-26.7998]]]}},{"type":"Feature","properties":{"nome":"Cunhataí","cod":"4204756","uf":"SC"},"geometry":{"type":"Polygon","coordinates":[[[-53.1032,-26.9382],[-53.0864,-26.9427],[-53.0878,-26.9467],[-53.0625,-26.9542],[-53.0487,-26.9543],[-53.0535,-26.9639],[-53.047,-26.9639],[-53.0468,-26.9681],[-53.0648,-26.9832],[-53.0695,-26.9822],[-53.0699,-26.9913],[-53.0898,-26.9906],[-53.0965,-27.0278],[-53.1058,-27.0277],[-53.1072,-27.0289],[-53.1113,-27.025],[-53.1151,-27.0265],[-53.1174,-27.0181],[-53.1295,-27.0119],[-53.1252,-27.0092],[-53.1245,-27.0014],[-53.1305,-27.0007],[-53.1297,-26.9941],[-53.1348,-26.9906],[-53.1283,-26.9882],[-53.1343,-26.9816],[-53.1283,-26.9826],[-53.125,-26.9791],[-53.1284,-26.9711],[-53.1285,-26.9709],[-53.1374,-26.9634],[-53.134,-26.9552],[-53.1425,-26.9427],[-53.1378,-26.941],[-53.1188,-26.9415],[-53.1109,-26.9233],[-53.098,-26.9261],[-53.1029,-26.9341],[-53.1032,-26.9382]]]}},{"type":"Feature","properties":{"nome":"Curitibanos","cod":"4204806","uf":"SC"},"geometry":{"type":"Polygon","coordinates":[[[-50.5981,-27.0514],[-50.5894,-27.0555],[-50.5796,-27.0513],[-50.5636,-27.0566],[-50.5617,-27.0709],[-50.5553,-27.0758],[-50.5579,-27.0818],[-50.5537,-27.0857],[-50.5427,-27.0724],[-50.5407,-27.0781],[-50.5354,-27.0798],[-50.5366,-27.0834],[-50.5298,-27.0877],[-50.5252,-27.1171],[-50.5282,-27.1331],[-50.5383,-27.1341],[-50.5475,-27.1297],[-50.553,-27.1325],[-50.5371,-27.1418],[-50.5373,-27.1448],[-50.5461,-27.1421],[-50.5578,-27.1435],[-50.5623,-27.1511],[-50.566,-27.1472],[-50.5617,-27.1386],[-50.5696,-27.1319],[-50.5721,-27.141],[-50.579,-27.1418],[-50.5726,-27.1557],[-50.5811,-27.1561],[-50.5869,-27.1433],[-50.5846,-27.1398],[-50.5917,-27.1397],[-50.5976,-27.1476],[-50.6068,-27.1446],[-50.6119,-27.1525],[-50.6274,-27.1512],[-50.6278,-27.1567],[-50.6168,-27.1592],[-50.608,-27.1668],[-50.6057,-27.1755],[-50.6135,-27.1795],[-50.6036,-27.1977],[-50.5903,-27.2005],[-50.5809,-27.1926],[-50.5699,-27.1933],[-50.57,-27.2003],[-50.5617,-27.2015],[-50.5525,-27.2147],[-50.544,-27.2094],[-50.5354,-27.2105],[-50.5364,-27.207],[-50.5317,-27.2056],[-50.5233,-27.212],[-50.5077,-27.2124],[-50.5013,-27.2176],[-50.4957,-27.2461],[-50.5038,-27.2501],[-50.5038,-27.2558],[-50.5085,-27.2572],[-50.5034,-27.2712],[-50.4933,-27.304],[-50.4989,-27.3065],[-50.4829,-27.308],[-50.47,-27.3165],[-50.464,-27.3319],[-50.4631,-27.3453],[-50.4673,-27.3567],[-50.4631,-27.3651],[-50.4626,-27.3679],[-50.4682,-27.37],[-50.4756,-27.3812],[-50.4746,-27.3848],[-50.4801,-27.3872],[-50.4806,-27.3928],[-50.49,-27.4012],[-50.4883,-27.4052],[-50.4833,-27.4008],[-50.4814,-27.4151],[-50.4769,-27.4169],[-50.4818,-27.4303],[-50.4845,-27.4291],[-50.4876,-27.4342],[-50.4798,-27.4383],[-50.477,-27.4441],[-50.482,-27.4448],[-50.4869,-27.4577],[-50.4975,-27.4654],[-50.5048,-27.4656],[-50.5077,-27.4642],[-50.5066,-27.458],[-50.5131,-27.4564],[-50.5333,-27.467],[-50.5338,-27.4717],[-50.5237,-27.4742],[-50.525,-27.49],[-50.5277,-27.4909],[-50.533,-27.4848],[-50.5428,-27.4846],[-50.5693,-27.5039],[-50.5759,-27.5039],[-50.5731,-27.4908],[-50.5758,-27.4848],[-50.5652,-27.4758],[-50.564,-27.4665],[-50.5746,-27.4644],[-50.5847,-27.468],[-50.5948,-27.4592],[-50.603,-27.4689],[-50.6151,-27.4606],[-50.6343,-27.4533],[-50.639,-27.4585],[-50.6343,-27.4648],[-50.6376,-27.4684],[-50.6461,-27.4628],[-50.6458,-27.4554],[-50.6502,-27.4519],[-50.6563,-27.4615],[-50.6717,-27.4686],[-50.6776,-27.4641],[-50.67,-27.4543],[-50.6755,-27.4465],[-50.6753,-27.4383],[-50.6801,-27.4361],[-50.6895,-27.4424],[-50.6876,-27.4338],[-50.6908,-27.4255],[-50.7009,-27.4286],[-50.702,-27.4421],[-50.7068,-27.4331],[-50.7181,-27.425],[-50.7197,-27.4363],[-50.7122,-27.4446],[-50.7148,-27.4496],[-50.7262,-27.4491],[-50.7365,-27.4373],[-50.7493,-27.4494],[-50.7529,-27.4307],[-50.7424,-27.4258],[-50.7472,-27.4206],[-50.7542,-27.4216],[-50.7559,-27.4148],[-50.7704,-27.4025],[-50.7572,-27.3901],[-50.7566,-27.3718],[-50.7587,-27.3647],[-50.7515,-27.363],[-50.7371,-27.351],[-50.7634,-27.3505],[-50.7649,-27.3447],[-50.761,-27.3391],[-50.752,-27.3308],[-50.751,-27.3211],[-50.7586,-27.3181],[-50.7648,-27.3148],[-50.7665,-27.3057],[-50.7692,-27.2815],[-50.7603,-27.2769],[-50.7425,-27.2863],[-50.7321,-27.2774],[-50.7379,-27.2699],[-50.7548,-27.2703],[-50.7587,-27.2635],[-50.7588,-27.2568],[-50.7493,-27.2481],[-50.7284,-27.2537],[-50.7378,-27.2299],[-50.7415,-27.2246],[-50.7363,-27.2235],[-50.7228,-27.2212],[-50.7305,-27.2006],[-50.7158,-27.1885],[-50.706,-27.1859],[-50.7015,-27.1885],[-50.681,-27.1557],[-50.6993,-27.153],[-50.7097,-27.146],[-50.6993,-27.1356],[-50.6963,-27.1306],[-50.7101,-27.1341],[-50.7158,-27.1324],[-50.7071,-27.1229],[-50.7068,-27.1164],[-50.7187,-27.1081],[-50.7166,-27.1034],[-50.7081,-27.0997],[-50.698,-27.0914],[-50.688,-27.0926],[-50.6898,-27.0825],[-50.6744,-27.0788],[-50.6707,-27.0849],[-50.6598,-27.0874],[-50.6576,-27.0852],[-50.6518,-27.079],[-50.6555,-27.0723],[-50.6412,-27.0703],[-50.6474,-27.0614],[-50.6413,-27.0566],[-50.6235,-27.052],[-50.6273,-27.0554],[-50.6269,-27.0609],[-50.6108,-27.0639],[-50.6037,-27.0568],[-50.5981,-27.0514]]]}},{"type":"Feature","properties":{"nome":"Descanso","cod":"4204905","uf":"SC"},"geometry":{"type":"Polygon","coordinates":[[[-53.3887,-26.7701],[-53.3843,-26.7841],[-53.3778,-26.7795],[-53.3749,-26.7813],[-53.3784,-26.7919],[-53.3906,-26.7862],[-53.3972,-26.7939],[-53.3946,-26.8059],[-53.4086,-26.8084],[-53.416,-26.8035],[-53.4195,-26.8057],[-53.4037,-26.8225],[-53.3831,-26.8198],[-53.3782,-26.823],[-53.3861,-26.8374],[-53.3834,-26.8482],[-53.4073,-26.8478],[-53.4123,-26.8548],[-53.415,-26.8641],[-53.4016,-26.8739],[-53.4059,-26.8815],[-53.4079,-26.8875],[-53.4227,-26.8875],[-53.4205,-26.8926],[-53.4051,-26.9022],[-53.4099,-26.9249],[-53.3977,-26.9278],[-53.3901,-26.9337],[-53.3946,-26.941],[-53.4086,-26.9414],[-53.4103,-26.9495],[-53.4181,-26.9474],[-53.4251,-26.9446],[-53.4231,-26.9394],[-53.4318,-26.9395],[-53.4795,-26.9424],[-53.4994,-26.9359],[-53.5133,-26.9356],[-53.5313,-26.944],[-53.5352,-26.9441],[-53.5398,-26.9346],[-53.552,-26.9303],[-53.555,-26.9238],[-53.5611,-26.925],[-53.5606,-26.9192],[-53.5756,-26.8967],[-53.5749,-26.8958],[-53.5505,-26.8893],[-53.5546,-26.8881],[-53.5528,-26.8835],[-53.5561,-26.8833],[-53.5561,-26.8797],[-53.5519,-26.8785],[-53.5498,-26.8722],[-53.5569,-26.8735],[-53.5571,-26.8634],[-53.5626,-26.8644],[-53.5651,-26.8605],[-53.5636,-26.8551],[-53.5565,-26.861],[-53.554,-26.8587],[-53.5571,-26.8553],[-53.5525,-26.8537],[-53.5506,-26.8467],[-53.5553,-26.8426],[-53.5517,-26.8392],[-53.5475,-26.8412],[-53.5448,-26.8339],[-53.5549,-26.8312],[-53.5551,-26.8311],[-53.6058,-26.8176],[-53.6038,-26.8048],[-53.5931,-26.8079],[-53.5938,-26.8027],[-53.5869,-26.8019],[-53.5516,-26.8015],[-53.5113,-26.801],[-53.5062,-26.7997],[-53.508,-26.7921],[-53.5035,-26.7842],[-53.5039,-26.7809],[-53.5055,-26.7759],[-53.5048,-26.7752],[-53.4297,-26.7719],[-53.3887,-26.7701]]]}},{"type":"Feature","properties":{"nome":"Dionísio Cerqueira","cod":"4205001","uf":"SC"},"geometry":{"type":"Polygon","coordinates":[[[-53.3751,-26.2416],[-53.3635,-26.2514],[-53.3561,-26.2487],[-53.3504,-26.2545],[-53.3452,-26.2464],[-53.3401,-26.2545],[-53.3418,-26.2673],[-53.3421,-26.278],[-53.3431,-26.2864],[-53.3424,-26.2964],[-53.3506,-26.3006],[-53.3498,-26.3034],[-53.3495,-26.3067],[-53.3539,-26.3055],[-53.3585,-26.3099],[-53.3579,-26.3169],[-53.3646,-26.3167],[-53.3628,-26.3261],[-53.3718,-26.3324],[-53.3664,-26.3339],[-53.3671,-26.3366],[-53.3693,-26.3386],[-53.3752,-26.3358],[-53.3753,-26.3398],[-53.3694,-26.3414],[-53.3722,-26.3449],[-53.3779,-26.3445],[-53.3799,-26.3522],[-53.385,-26.352],[-53.3859,-26.3549],[-53.3896,-26.3527],[-53.3898,-26.3532],[-53.3928,-26.3595],[-53.3949,-26.3652],[-53.4371,-26.3677],[-53.4749,-26.37],[-53.5076,-26.3719],[-53.5292,-26.3731],[-53.5622,-26.3766],[-53.562,-26.38],[-53.5653,-26.3793],[-53.5609,-26.3842],[-53.5643,-26.3848],[-53.5662,-26.3935],[-53.5751,-26.3933],[-53.5728,-26.4016],[-53.5799,-26.4019],[-53.5746,-26.4088],[-53.585,-26.4089],[-53.582,-26.4128],[-53.5823,-26.4157],[-53.5855,-26.4143],[-53.5909,-26.4064],[-53.601,-26.3761],[-53.618,-26.3761],[-53.6325,-26.3959],[-53.6373,-26.3976],[-53.6449,-26.4045],[-53.6485,-26.41],[-53.6524,-26.4065],[-53.6572,-26.4081],[-53.6542,-26.4103],[-53.6567,-26.4186],[-53.6654,-26.4124],[-53.6696,-26.4139],[-53.6649,-26.4178],[-53.6659,-26.4251],[-53.6799,-26.4154],[-53.6822,-26.4282],[-53.6875,-26.4282],[-53.6923,-26.4297],[-53.6972,-26.4153],[-53.7046,-26.4145],[-53.7047,-26.4087],[-53.7001,-26.4085],[-53.6957,-26.4022],[-53.7059,-26.3954],[-53.7085,-26.3873],[-53.7001,-26.3874],[-53.6967,-26.379],[-53.7005,-26.3729],[-53.6989,-26.3633],[-53.6892,-26.3592],[-53.6951,-26.3548],[-53.6886,-26.3539],[-53.6844,-26.3362],[-53.6757,-26.3348],[-53.6766,-26.331],[-53.6705,-26.3301],[-53.6726,-26.3243],[-53.6687,-26.3252],[-53.6694,-26.3194],[-53.6648,-26.3173],[-53.6561,-26.2973],[-53.6438,-26.2831],[-53.6406,-26.2601],[-53.6432,-26.2526],[-53.6252,-26.2599],[-53.6202,-26.2567],[-53.6039,-26.259],[-53.5865,-26.2556],[-53.5799,-26.2738],[-53.57,-26.2754],[-53.5544,-26.2872],[-53.5499,-26.2931],[-53.5434,-26.2913],[-53.5222,-26.2921],[-53.4967,-26.3024],[-53.4813,-26.2962],[-53.4774,-26.2925],[-53.4745,-26.2889],[-53.4639,-26.2936],[-53.4607,-26.2947],[-53.4449,-26.2847],[-53.4406,-26.2805],[-53.4313,-26.2788],[-53.4223,-26.2756],[-53.3848,-26.2457],[-53.38,-26.2487],[-53.3751,-26.2416]]]}},{"type":"Feature","properties":{"nome":"Dona Emma","cod":"4205100","uf":"SC"},"geometry":{"type":"Polygon","coordinates":[[[-49.6813,-26.9531],[-49.6807,-26.9645],[-49.6851,-26.9685],[-49.6816,-26.9782],[-49.6859,-26.9855],[-49.677,-26.9874],[-49.6749,-26.9977],[-49.6814,-27.0025],[-49.6917,-26.9925],[-49.707,-27.0207],[-49.703,-27.0249],[-49.6858,-27.0168],[-49.665,-27.0179],[-49.661,-27.0246],[-49.6659,-27.0271],[-49.6652,-27.0336],[-49.6705,-27.0329],[-49.6746,-27.0346],[-49.6821,-27.0299],[-49.6888,-27.0315],[-49.695,-27.0414],[-49.7111,-27.0411],[-49.7203,-27.0366],[-49.7223,-27.0306],[-49.7277,-27.0386],[-49.7358,-27.0288],[-49.74,-27.0344],[-49.7371,-27.0341],[-49.731,-27.0507],[-49.7221,-27.0567],[-49.727,-27.0594],[-49.7516,-27.0488],[-49.7515,-27.0452],[-49.7552,-27.0462],[-49.7619,-27.038],[-49.7627,-27.0305],[-49.7694,-27.0317],[-49.7729,-27.0198],[-49.7766,-27.025],[-49.8034,-27.0155],[-49.8079,-27.0174],[-49.8201,-27.0138],[-49.8257,-27.0133],[-49.8472,-27.0116],[-49.8455,-27.0232],[-49.8684,-27.0246],[-49.8756,-27.0215],[-49.8713,-27.0013],[-49.8957,-26.9965],[-49.8984,-26.9932],[-49.9151,-26.994],[-49.9101,-26.9861],[-49.9119,-26.9688],[-49.9101,-26.962],[-49.9083,-26.9645],[-49.9034,-26.9614],[-49.8998,-26.9692],[-49.8977,-26.9606],[-49.8919,-26.9605],[-49.8868,-26.9723],[-49.8896,-26.9768],[-49.8804,-26.984],[-49.8852,-26.9599],[-49.8823,-26.9531],[-49.8796,-26.9556],[-49.8724,-26.9493],[-49.8705,-26.9511],[-49.8671,-26.9672],[-49.8612,-26.973],[-49.8602,-26.9482],[-49.855,-26.951],[-49.8465,-26.9472],[-49.844,-26.9532],[-49.8471,-26.9593],[-49.8388,-26.9601],[-49.838,-26.9462],[-49.8317,-26.9478],[-49.8278,-26.9434],[-49.8241,-26.9462],[-49.8137,-26.9429],[-49.8172,-26.951],[-49.8221,-26.9534],[-49.8016,-26.959],[-49.8026,-26.9523],[-49.7905,-26.9397],[-49.7872,-26.9424],[-49.7941,-26.9549],[-49.791,-26.9536],[-49.7886,-26.9572],[-49.7831,-26.9599],[-49.7707,-26.9524],[-49.7699,-26.9576],[-49.7748,-26.9624],[-49.7635,-26.9659],[-49.7568,-26.9581],[-49.7533,-26.96],[-49.7458,-26.9562],[-49.7414,-26.9591],[-49.7289,-26.9586],[-49.7216,-26.9469],[-49.714,-26.9382],[-49.7088,-26.9179],[-49.6824,-26.9121],[-49.6883,-26.9218],[-49.6905,-26.9254],[-49.6958,-26.9285],[-49.6893,-26.9352],[-49.6886,-26.9463],[-49.6813,-26.9531]]]}},{"type":"Feature","properties":{"nome":"Doutor Pedrinho","cod":"4205159","uf":"SC"},"geometry":{"type":"Polygon","coordinates":[[[-49.5026,-26.6523],[-49.4957,-26.6608],[-49.4891,-26.6596],[-49.4876,-26.6608],[-49.4807,-26.6727],[-49.4714,-26.6772],[-49.4735,-26.6966],[-49.4652,-26.7062],[-49.4564,-26.7081],[-49.449,-26.7141],[-49.4518,-26.7235],[-49.4492,-26.73],[-49.4499,-26.7487],[-49.4503,-26.751],[-49.4512,-26.7567],[-49.4462,-26.7583],[-49.4486,-26.7608],[-49.4533,-26.7655],[-49.4688,-26.7669],[-49.4706,-26.7729],[-49.4864,-26.7789],[-49.4935,-26.7907],[-49.5063,-26.7886],[-49.5194,-26.7977],[-49.516,-26.8085],[-49.5241,-26.8155],[-49.5209,-26.8232],[-49.533,-26.8286],[-49.5334,-26.8412],[-49.5302,-26.8445],[-49.5341,-26.849],[-49.5385,-26.8541],[-49.5499,-26.8558],[-49.5521,-26.8529],[-49.5539,-26.8409],[-49.5625,-26.8243],[-49.5601,-26.8135],[-49.5654,-26.8021],[-49.5634,-26.7851],[-49.5706,-26.7814],[-49.5778,-26.7763],[-49.6072,-26.7842],[-49.6196,-26.7843],[-49.6213,-26.7782],[-49.6442,-26.7792],[-49.6445,-26.7689],[-49.6525,-26.7621],[-49.6562,-26.7519],[-49.6593,-26.748],[-49.658,-26.7406],[-49.6649,-26.7405],[-49.6697,-26.7364],[-49.6815,-26.7019],[-49.6743,-26.6997],[-49.6648,-26.6917],[-49.6532,-26.6918],[-49.6519,-26.6894],[-49.6447,-26.693],[-49.6406,-26.6911],[-49.6234,-26.7027],[-49.6163,-26.7001],[-49.6158,-26.6791],[-49.6231,-26.6634],[-49.6212,-26.6499],[-49.6159,-26.6385],[-49.6042,-26.6349],[-49.5945,-26.6271],[-49.5858,-26.6227],[-49.585,-26.6079],[-49.579,-26.5949],[-49.5822,-26.5818],[-49.565,-26.5652],[-49.5365,-26.5637],[-49.5275,-26.566],[-49.5224,-26.5718],[-49.5086,-26.5771],[-49.5091,-26.5911],[-49.5064,-26.5992],[-49.4947,-26.6051],[-49.4849,-26.6114],[-49.4964,-26.6248],[-49.4991,-26.639],[-49.4956,-26.6434],[-49.5026,-26.6523]]]}},{"type":"Feature","properties":{"nome":"Entre Rios","cod":"4205175","uf":"SC"},"geometry":{"type":"Polygon","coordinates":[[[-52.5796,-26.6693],[-52.5786,-26.6788],[-52.5631,-26.6716],[-52.5588,-26.6802],[-52.5525,-26.6868],[-52.5462,-26.7029],[-52.5343,-26.7114],[-52.5344,-26.7276],[-52.5344,-26.7296],[-52.5342,-26.8082],[-52.5513,-26.8007],[-52.5499,-26.7947],[-52.5647,-26.7917],[-52.5727,-26.7975],[-52.5803,-26.795],[-52.5851,-26.8013],[-52.5915,-26.7978],[-52.6019,-26.7898],[-52.6123,-26.7717],[-52.6112,-26.7689],[-52.6032,-26.7679],[-52.6023,-26.7632],[-52.6233,-26.7707],[-52.6389,-26.7642],[-52.6297,-26.754],[-52.6403,-26.7536],[-52.6471,-26.7488],[-52.6444,-26.7444],[-52.6278,-26.7417],[-52.6375,-26.7286],[-52.6251,-26.7307],[-52.6196,-26.7257],[-52.6152,-26.7231],[-52.5956,-26.7235],[-52.5992,-26.7081],[-52.6012,-26.701],[-52.6111,-26.7042],[-52.6175,-26.7005],[-52.6083,-26.6882],[-52.607,-26.675],[-52.6056,-26.6695],[-52.6019,-26.6656],[-52.595,-26.6694],[-52.5914,-26.6793],[-52.5854,-26.6693],[-52.5854,-26.6641],[-52.5808,-26.666],[-52.5796,-26.6693]]]}},{"type":"Feature","properties":{"nome":"Ermo","cod":"4205191","uf":"SC"},"geometry":{"type":"Polygon","coordinates":[[[-49.6265,-28.9545],[-49.6201,-28.9547],[-49.6137,-28.9495],[-49.6068,-28.951],[-49.6001,-28.9746],[-49.5829,-28.9824],[-49.5921,-28.9903],[-49.6188,-29.0131],[-49.6229,-29.0167],[-49.6882,-29.0198],[-49.6925,-29.02],[-49.6983,-29.0203],[-49.7166,-29.0053],[-49.7255,-29.0026],[-49.7075,-28.9709],[-49.7062,-28.9685],[-49.6972,-28.9648],[-49.6707,-28.9801],[-49.6599,-28.9814],[-49.6535,-28.9824],[-49.6494,-28.972],[-49.6386,-28.9724],[-49.6475,-28.9591],[-49.6353,-28.9484],[-49.6265,-28.9545]]]}},{"type":"Feature","properties":{"nome":"Erval Velho","cod":"4205209","uf":"SC"},"geometry":{"type":"Polygon","coordinates":[[[-51.4576,-27.2244],[-51.4516,-27.2373],[-51.4338,-27.2418],[-51.4237,-27.2393],[-51.4167,-27.2319],[-51.4068,-27.2331],[-51.3973,-27.2428],[-51.3637,-27.2469],[-51.3418,-27.257],[-51.3395,-27.2612],[-51.3348,-27.2636],[-51.3269,-27.2604],[-51.3095,-27.272],[-51.3089,-27.2806],[-51.2998,-27.2906],[-51.3061,-27.297],[-51.3036,-27.3071],[-51.3159,-27.3151],[-51.2984,-27.3246],[-51.2955,-27.3183],[-51.288,-27.3231],[-51.2986,-27.3313],[-51.3124,-27.3301],[-51.3079,-27.3411],[-51.3228,-27.3371],[-51.3186,-27.3464],[-51.3248,-27.3457],[-51.3325,-27.3357],[-51.324,-27.3344],[-51.3246,-27.3299],[-51.3388,-27.3258],[-51.3427,-27.3318],[-51.3548,-27.3239],[-51.3562,-27.3298],[-51.3609,-27.3343],[-51.3559,-27.3396],[-51.3663,-27.3374],[-51.3727,-27.3429],[-51.3739,-27.3397],[-51.3674,-27.3326],[-51.3755,-27.3312],[-51.3764,-27.3269],[-51.3711,-27.3232],[-51.3848,-27.3246],[-51.3834,-27.3188],[-51.3892,-27.3154],[-51.3894,-27.3324],[-51.3933,-27.3281],[-51.3983,-27.3294],[-51.4062,-27.3252],[-51.4111,-27.3288],[-51.4174,-27.322],[-51.4136,-27.3154],[-51.4212,-27.3116],[-51.4247,-27.3119],[-51.4245,-27.3187],[-51.4373,-27.3154],[-51.434,-27.3231],[-51.4377,-27.3269],[-51.4421,-27.3262],[-51.4408,-27.3224],[-51.4441,-27.3198],[-51.4586,-27.3431],[-51.4682,-27.3333],[-51.4858,-27.328],[-51.4835,-27.3225],[-51.4874,-27.3202],[-51.4871,-27.3095],[-51.4984,-27.3056],[-51.501,-27.3119],[-51.5098,-27.3093],[-51.5141,-27.316],[-51.533,-27.3149],[-51.5217,-27.3022],[-51.5317,-27.2999],[-51.529,-27.2936],[-51.5373,-27.2819],[-51.5267,-27.2813],[-51.5235,-27.278],[-51.5231,-27.2714],[-51.528,-27.2699],[-51.5528,-27.2684],[-51.5535,-27.2625],[-51.5459,-27.2641],[-51.5406,-27.2651],[-51.5384,-27.2575],[-51.528,-27.2517],[-51.5309,-27.2439],[-51.5165,-27.2367],[-51.4961,-27.2331],[-51.4866,-27.2329],[-51.4772,-27.2371],[-51.4765,-27.232],[-51.4746,-27.2261],[-51.4654,-27.2211],[-51.4576,-27.2244]]]}},{"type":"Feature","properties":{"nome":"Faxinal dos Guedes","cod":"4205308","uf":"SC"},"geometry":{"type":"Polygon","coordinates":[[[-52.1664,-26.7261],[-52.1517,-26.7274],[-52.1393,-26.7219],[-52.1326,-26.7269],[-52.1232,-26.725],[-52.1461,-26.7607],[-52.1529,-26.783],[-52.1581,-26.7824],[-52.1679,-26.7784],[-52.1805,-26.7901],[-52.1779,-26.7925],[-52.1987,-26.7943],[-52.1965,-26.799],[-52.1895,-26.8102],[-52.1894,-26.8245],[-52.1844,-26.8269],[-52.198,-26.8427],[-52.1945,-26.8457],[-52.2053,-26.8666],[-52.1926,-26.8767],[-52.1809,-26.8814],[-52.163,-26.8953],[-52.1594,-26.918],[-52.1537,-26.9255],[-52.1562,-26.9418],[-52.1527,-26.9487],[-52.1637,-26.9499],[-52.1715,-26.9461],[-52.1762,-26.9567],[-52.1816,-26.9501],[-52.1852,-26.9496],[-52.185,-26.9572],[-52.1888,-26.9605],[-52.2033,-26.9539],[-52.2089,-26.9569],[-52.2133,-26.9489],[-52.2213,-26.9587],[-52.22,-26.9473],[-52.234,-26.9479],[-52.2422,-26.9537],[-52.2434,-26.9456],[-52.2502,-26.9424],[-52.2539,-26.9389],[-52.2613,-26.9399],[-52.2646,-26.9446],[-52.2599,-26.9466],[-52.2663,-26.9603],[-52.2814,-26.9469],[-52.2865,-26.95],[-52.2858,-26.9589],[-52.2966,-26.9616],[-52.3,-26.9602],[-52.2987,-26.9556],[-52.3092,-26.9541],[-52.3129,-26.9603],[-52.3123,-26.9755],[-52.315,-26.9756],[-52.3302,-26.9649],[-52.3398,-26.965],[-52.3402,-26.9568],[-52.3358,-26.9518],[-52.3381,-26.9455],[-52.3277,-26.9463],[-52.321,-26.943],[-52.3143,-26.9323],[-52.3161,-26.9213],[-52.31,-26.912],[-52.3084,-26.9012],[-52.2944,-26.8874],[-52.3108,-26.87],[-52.3109,-26.8699],[-52.3142,-26.8664],[-52.3074,-26.8461],[-52.3224,-26.8334],[-52.3274,-26.8204],[-52.3254,-26.8172],[-52.3288,-26.8149],[-52.3256,-26.8124],[-52.3299,-26.8088],[-52.3368,-26.809],[-52.3394,-26.7947],[-52.3452,-26.7891],[-52.3538,-26.7869],[-52.3551,-26.785],[-52.3603,-26.7764],[-52.3604,-26.7672],[-52.3655,-26.7662],[-52.3619,-26.7592],[-52.3537,-26.762],[-52.3487,-26.7559],[-52.3433,-26.7579],[-52.3354,-26.7619],[-52.3293,-26.756],[-52.3148,-26.7545],[-52.3182,-26.7733],[-52.3087,-26.7797],[-52.304,-26.7729],[-52.3049,-26.7638],[-52.2992,-26.7634],[-52.2925,-26.7637],[-52.2904,-26.7691],[-52.2813,-26.7744],[-52.2761,-26.7741],[-52.2731,-26.7699],[-52.2781,-26.7588],[-52.2656,-26.7602],[-52.2657,-26.7538],[-52.2626,-26.7522],[-52.2567,-26.7546],[-52.2572,-26.7618],[-52.2535,-26.7637],[-52.2337,-26.7597],[-52.2292,-26.7611],[-52.2259,-26.7691],[-52.2303,-26.7733],[-52.2269,-26.7775],[-52.2214,-26.7672],[-52.2136,-26.769],[-52.2058,-26.7633],[-52.2105,-26.7419],[-52.1904,-26.7298],[-52.1854,-26.7133],[-52.1664,-26.7261]]]}},{"type":"Feature","properties":{"nome":"Flor do Sertão","cod":"4205357","uf":"SC"},"geometry":{"type":"Polygon","coordinates":[[[-53.3043,-26.7194],[-53.3028,-26.7297],[-53.2955,-26.7255],[-53.2854,-26.7337],[-53.2923,-26.7368],[-53.2909,-26.7422],[-53.2885,-26.7455],[-53.2916,-26.7499],[-53.2978,-26.748],[-53.2967,-26.7544],[-53.3046,-26.7646],[-53.2973,-26.768],[-53.2951,-26.783],[-53.3105,-26.7869],[-53.3196,-26.7929],[-53.3366,-26.7858],[-53.3371,-26.7882],[-53.336,-26.7934],[-53.3445,-26.7976],[-53.3784,-26.8015],[-53.3904,-26.8084],[-53.3946,-26.8059],[-53.3972,-26.7939],[-53.3906,-26.7862],[-53.3784,-26.7919],[-53.3749,-26.7813],[-53.3778,-26.7795],[-53.3843,-26.7841],[-53.3887,-26.7701],[-53.3871,-26.7643],[-53.3709,-26.7665],[-53.3637,-26.7643],[-53.3616,-26.7646],[-53.3577,-26.7612],[-53.3653,-26.7481],[-53.3494,-26.7532],[-53.3538,-26.7457],[-53.3521,-26.729],[-53.3488,-26.7362],[-53.3378,-26.7376],[-53.3267,-26.7454],[-53.3344,-26.7353],[-53.3243,-26.7326],[-53.3432,-26.7209],[-53.3432,-26.7181],[-53.3355,-26.7111],[-53.3376,-26.7183],[-53.3306,-26.7202],[-53.3245,-26.7012],[-53.3161,-26.7089],[-53.317,-26.716],[-53.3043,-26.7194]]]}},{"type":"Feature","properties":{"nome":"Florianópolis","cod":"4205407","uf":"SC"},"geometry":{"type":"Polygon","coordinates":[[[-48.3891,-27.437],[-48.3712,-27.4445],[-48.365,-27.4335],[-48.3583,-27.4413],[-48.3594,-27.4482],[-48.3701,-27.4513],[-48.3749,-27.4662],[-48.3748,-27.469],[-48.3753,-27.4817],[-48.3878,-27.4879],[-48.4158,-27.524],[-48.4252,-27.5417],[-48.4285,-27.5654],[-48.4273,-27.5693],[-48.423,-27.5755],[-48.4221,-27.5726],[-48.4196,-27.5739],[-48.4128,-27.5729],[-48.4193,-27.5833],[-48.4191,-27.593],[-48.4268,-27.5944],[-48.4329,-27.6039],[-48.4351,-27.6073],[-48.4317,-27.6169],[-48.4391,-27.6178],[-48.4447,-27.6249],[-48.4456,-27.6298],[-48.4493,-27.6301],[-48.464,-27.6466],[-48.475,-27.6655],[-48.4809,-27.6907],[-48.5007,-27.7142],[-48.5019,-27.7188],[-48.5064,-27.7373],[-48.5063,-27.7447],[-48.5014,-27.7496],[-48.4981,-27.747],[-48.4997,-27.7515],[-48.4953,-27.7564],[-48.488,-27.7545],[-48.4854,-27.759],[-48.4768,-27.7616],[-48.4752,-27.7693],[-48.4824,-27.7691],[-48.4854,-27.7724],[-48.4875,-27.778],[-48.4831,-27.7835],[-48.4882,-27.7897],[-48.4988,-27.794],[-48.5068,-27.7902],[-48.5066,-27.7824],[-48.5158,-27.7806],[-48.5262,-27.7859],[-48.5322,-27.7938],[-48.5399,-27.8203],[-48.5439,-27.83],[-48.5677,-27.847],[-48.5755,-27.8423],[-48.5779,-27.8217],[-48.5815,-27.8148],[-48.5926,-27.8075],[-48.591,-27.787],[-48.6013,-27.7769],[-48.5928,-27.7676],[-48.5962,-27.7593],[-48.5882,-27.751],[-48.6,-27.7264],[-48.5985,-27.6983],[-48.6014,-27.685],[-48.6047,-27.6733],[-48.6011,-27.6613],[-48.5939,-27.6415],[-48.6101,-27.6268],[-48.6125,-27.6141],[-48.6056,-27.6007],[-48.6055,-27.588],[-48.6002,-27.5726],[-48.5721,-27.5513],[-48.5678,-27.545],[-48.5774,-27.5308],[-48.5743,-27.5166],[-48.5885,-27.4927],[-48.5896,-27.4847],[-48.5814,-27.4661],[-48.5866,-27.4538],[-48.585,-27.4538],[-48.5408,-27.4357],[-48.5325,-27.4269],[-48.526,-27.4079],[-48.4827,-27.3793],[-48.4255,-27.381],[-48.4212,-27.3812],[-48.4162,-27.3813],[-48.416,-27.3813],[-48.4097,-27.3853],[-48.411,-27.3919],[-48.4094,-27.4057],[-48.4045,-27.4061],[-48.4019,-27.4134],[-48.3985,-27.4246],[-48.3891,-27.437]]]}},{"type":"Feature","properties":{"nome":"Formosa do Sul","cod":"4205431","uf":"SC"},"geometry":{"type":"Polygon","coordinates":[[[-52.7278,-26.6291],[-52.7273,-26.6367],[-52.7309,-26.6347],[-52.742,-26.6384],[-52.744,-26.6578],[-52.7504,-26.6589],[-52.7518,-26.6709],[-52.7574,-26.6774],[-52.7766,-26.6721],[-52.7988,-26.6835],[-52.8038,-26.6852],[-52.8183,-26.6795],[-52.832,-26.6815],[-52.8423,-26.6717],[-52.8465,-26.6691],[-52.8448,-26.6676],[-52.8543,-26.6546],[-52.8519,-26.6451],[-52.8457,-26.6386],[-52.8484,-26.6336],[-52.8342,-26.6306],[-52.8378,-26.621],[-52.8504,-26.6174],[-52.8519,-26.6129],[-52.8396,-26.6058],[-52.8392,-26.5929],[-52.8029,-26.5906],[-52.7901,-26.5898],[-52.7548,-26.5874],[-52.7499,-26.5954],[-52.7369,-26.6149],[-52.735,-26.6196],[-52.7282,-26.622],[-52.7278,-26.6291]]]}},{"type":"Feature","properties":{"nome":"Forquilhinha","cod":"4205456","uf":"SC"},"geometry":{"type":"Polygon","coordinates":[[[-49.4206,-28.7187],[-49.4097,-28.7282],[-49.4125,-28.7327],[-49.4069,-28.7356],[-49.4103,-28.7397],[-49.4091,-28.7427],[-49.4117,-28.742],[-49.4144,-28.7492],[-49.4206,-28.7512],[-49.425,-28.7493],[-49.4228,-28.7537],[-49.4276,-28.7525],[-49.4271,-28.7553],[-49.4327,-28.7542],[-49.4309,-28.7562],[-49.4335,-28.7569],[-49.4337,-28.7572],[-49.4305,-28.7604],[-49.4358,-28.7675],[-49.4278,-28.7755],[-49.4287,-28.7817],[-49.4205,-28.7862],[-49.4231,-28.7927],[-49.4172,-28.7929],[-49.4213,-28.7996],[-49.4221,-28.8091],[-49.4254,-28.8139],[-49.4276,-28.8191],[-49.432,-28.8182],[-49.4327,-28.8263],[-49.4398,-28.8247],[-49.4476,-28.8287],[-49.4465,-28.8403],[-49.4532,-28.8434],[-49.456,-28.8445],[-49.4586,-28.845],[-49.4758,-28.8426],[-49.4836,-28.8446],[-49.4844,-28.848],[-49.4902,-28.8436],[-49.4891,-28.8486],[-49.5,-28.8512],[-49.5072,-28.8483],[-49.5078,-28.8562],[-49.516,-28.8526],[-49.5173,-28.8577],[-49.5194,-28.851],[-49.5254,-28.8534],[-49.5229,-28.8506],[-49.5259,-28.8482],[-49.5253,-28.8397],[-49.5314,-28.8421],[-49.5311,-28.8341],[-49.5347,-28.8351],[-49.5343,-28.8306],[-49.5447,-28.8283],[-49.5466,-28.8249],[-49.5524,-28.8219],[-49.5525,-28.817],[-49.5558,-28.8156],[-49.5577,-28.8184],[-49.5596,-28.8117],[-49.5731,-28.8039],[-49.5731,-28.8038],[-49.5958,-28.8019],[-49.5948,-28.7761],[-49.5874,-28.776],[-49.5866,-28.7634],[-49.5723,-28.7629],[-49.571,-28.7505],[-49.5681,-28.7505],[-49.5266,-28.7512],[-49.5151,-28.7384],[-49.5123,-28.7216],[-49.5074,-28.7216],[-49.4878,-28.7214],[-49.4894,-28.7182],[-49.4814,-28.7174],[-49.4762,-28.7221],[-49.4763,-28.7126],[-49.456,-28.7126],[-49.4538,-28.7126],[-49.423,-28.7126],[-49.4213,-28.714],[-49.4206,-28.7187]]]}},{"type":"Feature","properties":{"nome":"Fraiburgo","cod":"4205506","uf":"SC"},"geometry":{"type":"Polygon","coordinates":[[[-50.8339,-26.9648],[-50.8224,-26.977],[-50.8249,-26.9894],[-50.8139,-26.9897],[-50.8139,-26.9959],[-50.7979,-26.9969],[-50.8026,-27.0079],[-50.8021,-27.0123],[-50.7964,-27.0123],[-50.7894,-27.0075],[-50.7909,-27.0021],[-50.7824,-27.0027],[-50.7837,-26.9977],[-50.7767,-26.9986],[-50.7803,-26.9913],[-50.7654,-26.9972],[-50.7647,-26.9877],[-50.7598,-26.9927],[-50.7596,-27.0022],[-50.7509,-26.9975],[-50.7451,-26.9988],[-50.7479,-27.0049],[-50.7503,-27.0083],[-50.7467,-27.0133],[-50.7376,-27.0155],[-50.7328,-27.0171],[-50.7354,-27.0239],[-50.7477,-27.0256],[-50.7501,-27.0299],[-50.731,-27.0341],[-50.7307,-27.0461],[-50.7242,-27.0507],[-50.7251,-27.0547],[-50.7205,-27.0593],[-50.7233,-27.0614],[-50.7316,-27.0558],[-50.7284,-27.062],[-50.7327,-27.0613],[-50.7337,-27.0657],[-50.724,-27.0791],[-50.7133,-27.0827],[-50.7116,-27.0864],[-50.7129,-27.0896],[-50.7224,-27.0906],[-50.7202,-27.0974],[-50.7081,-27.0997],[-50.7166,-27.1034],[-50.7187,-27.1081],[-50.7068,-27.1164],[-50.7071,-27.1229],[-50.7158,-27.1324],[-50.7101,-27.1341],[-50.6963,-27.1306],[-50.6993,-27.1356],[-50.7166,-27.1372],[-50.7236,-27.135],[-50.7351,-27.1198],[-50.7543,-27.1227],[-50.7617,-27.1194],[-50.786,-27.1184],[-50.8269,-27.1592],[-50.824,-27.1704],[-50.8372,-27.1826],[-50.8433,-27.1826],[-50.8406,-27.1762],[-50.846,-27.1718],[-50.8413,-27.169],[-50.8437,-27.167],[-50.8408,-27.1633],[-50.8537,-27.1533],[-50.865,-27.1554],[-50.8731,-27.149],[-50.8754,-27.132],[-50.8805,-27.1258],[-50.9012,-27.1246],[-50.9229,-27.1188],[-50.9275,-27.1202],[-50.9312,-27.1184],[-50.9315,-27.1182],[-50.9448,-27.1215],[-50.9583,-27.1324],[-50.9865,-27.1309],[-50.9983,-27.1372],[-51.0017,-27.1241],[-51.0093,-27.1183],[-51.0127,-27.1126],[-50.9933,-27.1085],[-50.9965,-27.1018],[-50.9935,-27.0981],[-50.9874,-27.0999],[-50.9842,-27.0974],[-50.9868,-27.0942],[-50.9842,-27.0888],[-50.9784,-27.0887],[-50.9774,-27.0858],[-50.9708,-27.077],[-50.9723,-27.0624],[-50.9686,-27.0527],[-50.9697,-27.041],[-50.9784,-27.0352],[-51.0044,-27.0362],[-51.0158,-27.0133],[-51.0146,-27.0041],[-51.0172,-27.0027],[-51.0174,-27.0026],[-51.0191,-26.9999],[-51.0263,-26.9973],[-51.028,-26.991],[-51.0349,-26.9887],[-51.0417,-26.9911],[-51.0458,-26.9877],[-51.0497,-26.9806],[-51.0385,-26.9802],[-51.0356,-26.9718],[-51.031,-26.9721],[-51.0264,-26.9795],[-51.0027,-26.9821],[-51.0051,-26.9781],[-50.9851,-26.9788],[-50.9813,-26.9719],[-50.9912,-26.961],[-50.9864,-26.9586],[-50.8466,-26.8724],[-50.8402,-26.8746],[-50.8426,-26.8949],[-50.8389,-26.9047],[-50.8477,-26.9199],[-50.8462,-26.9252],[-50.8458,-26.9262],[-50.844,-26.9336],[-50.8343,-26.9397],[-50.8339,-26.9648]]]}},{"type":"Feature","properties":{"nome":"Frei Rogério","cod":"4205555","uf":"SC"},"geometry":{"type":"Polygon","coordinates":[[[-50.7617,-27.1194],[-50.7543,-27.1227],[-50.7351,-27.1198],[-50.7236,-27.135],[-50.7166,-27.1372],[-50.6993,-27.1356],[-50.7097,-27.146],[-50.6993,-27.153],[-50.681,-27.1557],[-50.7015,-27.1885],[-50.706,-27.1859],[-50.7158,-27.1885],[-50.7305,-27.2006],[-50.7228,-27.2212],[-50.7363,-27.2235],[-50.7415,-27.2246],[-50.7378,-27.2299],[-50.7284,-27.2537],[-50.7493,-27.2481],[-50.7588,-27.2568],[-50.7587,-27.2635],[-50.7548,-27.2703],[-50.7379,-27.2699],[-50.7321,-27.2774],[-50.7425,-27.2863],[-50.7603,-27.2769],[-50.7692,-27.2815],[-50.7665,-27.3057],[-50.7716,-27.3045],[-50.7735,-27.2976],[-50.7796,-27.2926],[-50.7748,-27.2874],[-50.7806,-27.2777],[-50.7771,-27.2675],[-50.7941,-27.2667],[-50.7994,-27.262],[-50.7994,-27.2586],[-50.7885,-27.2544],[-50.7874,-27.251],[-50.7968,-27.2462],[-50.7968,-27.2401],[-50.8111,-27.2371],[-50.8092,-27.2289],[-50.8211,-27.2285],[-50.8223,-27.217],[-50.8179,-27.2139],[-50.8179,-27.2063],[-50.8264,-27.2004],[-50.826,-27.1905],[-50.8341,-27.1883],[-50.8372,-27.1826],[-50.824,-27.1704],[-50.8269,-27.1592],[-50.786,-27.1184],[-50.7617,-27.1194]]]}},{"type":"Feature","properties":{"nome":"Galvão","cod":"4205605","uf":"SC"},"geometry":{"type":"Polygon","coordinates":[[[-52.6108,-26.4115],[-52.6022,-26.415],[-52.6123,-26.4278],[-52.6085,-26.4501],[-52.6034,-26.4536],[-52.6026,-26.4623],[-52.6112,-26.4686],[-52.6105,-26.4738],[-52.6117,-26.4781],[-52.606,-26.4847],[-52.6097,-26.4907],[-52.6223,-26.4925],[-52.632,-26.4997],[-52.6494,-26.4941],[-52.6486,-26.4898],[-52.6614,-26.4835],[-52.6777,-26.4836],[-52.6944,-26.4919],[-52.6883,-26.4939],[-52.6907,-26.4985],[-52.6855,-26.4999],[-52.7181,-26.5024],[-52.7451,-26.5044],[-52.7557,-26.4976],[-52.7458,-26.4994],[-52.7474,-26.4906],[-52.7375,-26.4894],[-52.7375,-26.4867],[-52.7455,-26.4853],[-52.7399,-26.4791],[-52.7461,-26.4788],[-52.739,-26.4692],[-52.743,-26.4642],[-52.7397,-26.4621],[-52.7287,-26.4597],[-52.724,-26.4541],[-52.7286,-26.4397],[-52.7148,-26.4349],[-52.7062,-26.4233],[-52.7002,-26.4199],[-52.691,-26.4234],[-52.6877,-26.4216],[-52.6934,-26.4154],[-52.6872,-26.4094],[-52.6723,-26.4124],[-52.6647,-26.4019],[-52.6667,-26.3947],[-52.6444,-26.3804],[-52.6346,-26.3854],[-52.6332,-26.3906],[-52.6206,-26.395],[-52.6186,-26.401],[-52.6162,-26.4072],[-52.6108,-26.4115]]]}},{"type":"Feature","properties":{"nome":"Garopaba","cod":"4205704","uf":"SC"},"geometry":{"type":"Polygon","coordinates":[[[-48.6191,-27.9624],[-48.6243,-27.9719],[-48.6306,-27.9942],[-48.6298,-28.0107],[-48.617,-28.0231],[-48.609,-28.0163],[-48.5984,-28.0299],[-48.5997,-28.0347],[-48.6045,-28.0339],[-48.6096,-28.0403],[-48.6069,-28.052],[-48.6095,-28.062],[-48.6171,-28.0657],[-48.6198,-28.0737],[-48.6265,-28.075],[-48.6278,-28.0824],[-48.6312,-28.0834],[-48.6305,-28.0901],[-48.637,-28.1041],[-48.6363,-28.1071],[-48.6302,-28.1076],[-48.634,-28.1126],[-48.6352,-28.1102],[-48.639,-28.1137],[-48.6667,-28.1168],[-48.678,-28.1047],[-48.6843,-28.1038],[-48.7012,-28.102],[-48.7008,-28.0945],[-48.7066,-28.0921],[-48.7017,-28.088],[-48.7071,-28.0859],[-48.7067,-28.0828],[-48.7039,-28.0773],[-48.7073,-28.0652],[-48.7117,-28.0598],[-48.7222,-28.0602],[-48.7241,-28.0555],[-48.7187,-28.0534],[-48.7194,-28.0459],[-48.7065,-28.026],[-48.6981,-28.0212],[-48.6965,-28.0121],[-48.6917,-28.0176],[-48.6887,-28.0186],[-48.6816,-28.0061],[-48.6728,-28.0065],[-48.6568,-27.9884],[-48.6604,-27.9823],[-48.6547,-27.9731],[-48.6519,-27.9689],[-48.6501,-27.9674],[-48.6464,-27.9656],[-48.6428,-27.9683],[-48.6358,-27.9548],[-48.6197,-27.9442],[-48.6241,-27.9585],[-48.6191,-27.9624]]]}},{"type":"Feature","properties":{"nome":"Garuva","cod":"4205803","uf":"SC"},"geometry":{"type":"Polygon","coordinates":[[[-48.7105,-25.9828],[-48.7094,-25.9828],[-48.6802,-25.9806],[-48.684,-25.9901],[-48.695,-25.9985],[-48.701,-25.9959],[-48.705,-26.0043],[-48.713,-26.0071],[-48.711,-26.0124],[-48.7146,-26.0155],[-48.7102,-26.0221],[-48.719,-26.0292],[-48.7162,-26.0355],[-48.718,-26.0437],[-48.7076,-26.0481],[-48.7036,-26.0543],[-48.7092,-26.0695],[-48.6961,-26.0821],[-48.7015,-26.09],[-48.7147,-26.0932],[-48.7246,-26.1064],[-48.7314,-26.1065],[-48.7449,-26.1162],[-48.7432,-26.1276],[-48.7502,-26.1305],[-48.7623,-26.1393],[-48.7684,-26.1384],[-48.7748,-26.1474],[-48.7847,-26.1457],[-48.7856,-26.1446],[-48.7956,-26.131],[-48.8165,-26.1283],[-48.8223,-26.1203],[-48.8278,-26.1232],[-48.867,-26.1233],[-48.8828,-26.1235],[-48.884,-26.1235],[-48.9748,-26.1248],[-49.0157,-26.1177],[-49.0429,-26.113],[-49.0471,-26.109],[-49.0463,-26.0875],[-49.0571,-26.0751],[-49.0541,-26.0532],[-49.0578,-26.0474],[-49.0521,-26.0424],[-49.0525,-26.0273],[-49.045,-26.0233],[-49.0378,-26.0103],[-49.03,-26.0093],[-49.0229,-26.0158],[-49.0102,-26.0181],[-48.9968,-26.0274],[-48.9901,-26.024],[-48.9763,-26.0254],[-48.9562,-26.0186],[-48.962,-26.0039],[-48.9563,-25.9983],[-48.959,-25.9955],[-48.9502,-25.9897],[-48.9603,-25.9805],[-48.8908,-25.9811],[-48.8902,-25.9811],[-48.8818,-25.9811],[-48.8775,-25.9811],[-48.8712,-25.9812],[-48.8194,-25.9816],[-48.8193,-25.9816],[-48.7105,-25.9828]]]}},{"type":"Feature","properties":{"nome":"Gaspar","cod":"4205902","uf":"SC"},"geometry":{"type":"Polygon","coordinates":[[[-49.0213,-26.7878],[-49.014,-26.7892],[-49.0057,-26.783],[-49.0027,-26.784],[-48.9992,-26.7868],[-49.0009,-26.7923],[-49.0001,-26.8023],[-48.9956,-26.8064],[-48.9864,-26.8068],[-48.9878,-26.814],[-48.9781,-26.8202],[-48.9839,-26.8244],[-48.9682,-26.8369],[-48.9555,-26.835],[-48.9457,-26.8415],[-48.9359,-26.8421],[-48.925,-26.8578],[-48.914,-26.8637],[-48.9105,-26.8695],[-48.9106,-26.8728],[-48.9017,-26.8766],[-48.8908,-26.8913],[-48.8868,-26.8937],[-48.8827,-26.8924],[-48.8709,-26.8967],[-48.8655,-26.9013],[-48.8648,-26.9084],[-48.8463,-26.9058],[-48.8464,-26.9091],[-48.8511,-26.9102],[-48.8535,-26.9155],[-48.8506,-26.9303],[-48.8438,-26.9649],[-48.8496,-26.9768],[-48.8555,-26.9909],[-48.8665,-27.0034],[-48.8711,-26.9992],[-48.8803,-26.9979],[-48.8828,-27.0009],[-48.8883,-27.0018],[-48.8948,-27.011],[-48.9086,-27.0113],[-48.9132,-27.0196],[-48.918,-27.0199],[-48.9263,-27.0187],[-48.935,-27.0276],[-48.9465,-27.028],[-48.9582,-27.0223],[-48.9628,-27.0202],[-48.9734,-27.0287],[-48.9859,-27.0299],[-48.9895,-27.038],[-49.0017,-27.0342],[-49.0176,-27.0451],[-49.0253,-27.0488],[-49.0392,-27.0445],[-49.0581,-27.0605],[-49.0641,-27.0549],[-49.0657,-27.0413],[-49.0546,-27.0339],[-49.054,-27.0272],[-49.0596,-27.0157],[-49.0547,-27.0098],[-49.0548,-27.0096],[-49.0545,-27.0013],[-49.0545,-27.0008],[-49.056,-26.9926],[-49.0462,-26.9891],[-49.0416,-26.9854],[-49.0422,-26.9783],[-49.0504,-26.9609],[-49.0565,-26.9543],[-49.0542,-26.9488],[-49.0491,-26.9441],[-49.032,-26.9359],[-49.0277,-26.935],[-49.0308,-26.9291],[-49.0288,-26.9217],[-49.0193,-26.9181],[-49.0163,-26.9092],[-49.012,-26.9067],[-49.0126,-26.9025],[-49.0167,-26.8986],[-49.0279,-26.8898],[-49.042,-26.8789],[-49.0439,-26.8709],[-49.0401,-26.8617],[-49.0424,-26.8605],[-49.0399,-26.858],[-49.0401,-26.8557],[-49.0422,-26.8547],[-49.0394,-26.8322],[-49.0379,-26.8306],[-49.0386,-26.827],[-49.0484,-26.8246],[-49.0446,-26.8139],[-49.0534,-26.7995],[-49.0499,-26.7882],[-49.0542,-26.7816],[-49.046,-26.7764],[-49.0304,-26.7777],[-49.0213,-26.7878]]]}},{"type":"Feature","properties":{"nome":"Governador Celso Ramos","cod":"4206009","uf":"SC"},"geometry":{"type":"Polygon","coordinates":[[[-48.5399,-27.2978],[-48.5385,-27.324],[-48.5324,-27.3326],[-48.5237,-27.3336],[-48.5279,-27.3399],[-48.5261,-27.3432],[-48.5335,-27.3483],[-48.533,-27.3551],[-48.5369,-27.3569],[-48.5309,-27.374],[-48.5258,-27.3757],[-48.5335,-27.3826],[-48.5323,-27.3991],[-48.5406,-27.4004],[-48.5487,-27.4106],[-48.5421,-27.4201],[-48.5517,-27.4332],[-48.5664,-27.4432],[-48.575,-27.443],[-48.58,-27.4482],[-48.6044,-27.4411],[-48.6061,-27.4236],[-48.6019,-27.4217],[-48.6036,-27.4083],[-48.5984,-27.4011],[-48.6099,-27.3987],[-48.6232,-27.3907],[-48.6319,-27.3923],[-48.6313,-27.38],[-48.6335,-27.3723],[-48.6338,-27.3707],[-48.633,-27.3454],[-48.6276,-27.3387],[-48.6274,-27.3242],[-48.5958,-27.3161],[-48.5855,-27.3201],[-48.5808,-27.3121],[-48.5728,-27.314],[-48.5691,-27.3082],[-48.5646,-27.3076],[-48.5642,-27.3142],[-48.5591,-27.3116],[-48.5542,-27.3133],[-48.5532,-27.3039],[-48.5481,-27.3055],[-48.5444,-27.298],[-48.5399,-27.2978]]]}},{"type":"Feature","properties":{"nome":"Grão Pará","cod":"4206108","uf":"SC"},"geometry":{"type":"Polygon","coordinates":[[[-49.3235,-27.9833],[-49.3302,-27.9942],[-49.3296,-27.9976],[-49.3341,-27.9943],[-49.3414,-28.0074],[-49.3406,-28.026],[-49.3316,-28.0341],[-49.3264,-28.0454],[-49.3082,-28.0556],[-49.3004,-28.0912],[-49.297,-28.103],[-49.2911,-28.1093],[-49.2775,-28.1099],[-49.2689,-28.1113],[-49.2551,-28.1273],[-49.2523,-28.1364],[-49.2491,-28.1373],[-49.2507,-28.1485],[-49.247,-28.1527],[-49.2431,-28.1578],[-49.2353,-28.1556],[-49.2249,-28.16],[-49.2175,-28.1629],[-49.1996,-28.1537],[-49.1925,-28.1645],[-49.19,-28.1804],[-49.2006,-28.1969],[-49.1942,-28.2044],[-49.1985,-28.2267],[-49.1747,-28.2543],[-49.1747,-28.2617],[-49.1816,-28.2642],[-49.1833,-28.2556],[-49.1835,-28.2511],[-49.194,-28.254],[-49.2087,-28.2403],[-49.2207,-28.2393],[-49.2237,-28.2363],[-49.2525,-28.243],[-49.2573,-28.2397],[-49.2615,-28.2452],[-49.267,-28.2429],[-49.2751,-28.2474],[-49.2755,-28.2476],[-49.2782,-28.2455],[-49.2945,-28.2528],[-49.3045,-28.2507],[-49.3102,-28.2452],[-49.3271,-28.2392],[-49.3481,-28.2394],[-49.3537,-28.2323],[-49.3556,-28.2262],[-49.3666,-28.2251],[-49.3692,-28.2182],[-49.3918,-28.1947],[-49.3953,-28.1947],[-49.3976,-28.1888],[-49.3976,-28.1796],[-49.3935,-28.1748],[-49.398,-28.1582],[-49.4055,-28.1525],[-49.4167,-28.1478],[-49.4302,-28.1499],[-49.4333,-28.1443],[-49.4336,-28.1357],[-49.4407,-28.1319],[-49.4421,-28.127],[-49.4332,-28.1141],[-49.4279,-28.1182],[-49.4139,-28.113],[-49.3943,-28.111],[-49.3952,-28.1061],[-49.3894,-28.1005],[-49.3995,-28.0976],[-49.3995,-28.0874],[-49.4054,-28.0877],[-49.4041,-28.0803],[-49.3983,-28.0797],[-49.3978,-28.0733],[-49.3943,-28.0734],[-49.395,-28.0701],[-49.3927,-28.0675],[-49.3885,-28.0714],[-49.3684,-28.0611],[-49.3667,-28.0528],[-49.3718,-28.045],[-49.3551,-28.0283],[-49.3579,-28.0203],[-49.3478,-28.0046],[-49.3496,-27.9983],[-49.3402,-27.9873],[-49.3235,-27.9833]]]}},{"type":"Feature","properties":{"nome":"Gravatal","cod":"4206207","uf":"SC"},"geometry":{"type":"Polygon","coordinates":[[[-49.0621,-28.2929],[-49.0556,-28.2941],[-49.0466,-28.2874],[-49.0438,-28.2896],[-49.0473,-28.2979],[-49.039,-28.3033],[-49.0227,-28.2979],[-49.0204,-28.3006],[-49.0162,-28.3043],[-48.9992,-28.3021],[-48.9984,-28.3017],[-48.9926,-28.2985],[-48.9859,-28.3051],[-48.9753,-28.3067],[-48.9663,-28.319],[-48.9542,-28.3168],[-48.9545,-28.3208],[-48.9489,-28.3407],[-48.9439,-28.3433],[-48.9488,-28.3501],[-48.9487,-28.36],[-48.9357,-28.3656],[-48.9375,-28.3725],[-48.934,-28.3814],[-48.9385,-28.3833],[-48.9515,-28.3956],[-48.9796,-28.4219],[-48.9869,-28.4225],[-49.0127,-28.4249],[-49.0135,-28.425],[-49.0179,-28.4208],[-49.0243,-28.4157],[-49.0205,-28.4131],[-49.0236,-28.4043],[-49.0235,-28.3984],[-49.0523,-28.4033],[-49.0579,-28.4009],[-49.0603,-28.3928],[-49.0678,-28.3925],[-49.0716,-28.3972],[-49.0749,-28.3922],[-49.0766,-28.3843],[-49.0816,-28.3833],[-49.0823,-28.3785],[-49.1014,-28.3622],[-49.1045,-28.3593],[-49.1054,-28.3583],[-49.1013,-28.3358],[-49.0844,-28.326],[-49.0828,-28.3195],[-49.0894,-28.3106],[-49.0909,-28.2997],[-49.0791,-28.2741],[-49.0755,-28.2909],[-49.0621,-28.2929]]]}},{"type":"Feature","properties":{"nome":"Guabiruba","cod":"4206306","uf":"SC"},"geometry":{"type":"Polygon","coordinates":[[[-48.9582,-27.0223],[-48.9465,-27.028],[-48.935,-27.0276],[-48.935,-27.0325],[-48.9249,-27.0465],[-48.9299,-27.0499],[-48.9351,-27.0488],[-48.939,-27.0542],[-48.9356,-27.0597],[-48.9448,-27.0662],[-48.9502,-27.0691],[-48.9515,-27.0747],[-48.9459,-27.0834],[-48.9515,-27.0868],[-48.9498,-27.096],[-48.9532,-27.1026],[-48.9583,-27.1112],[-48.9708,-27.117],[-48.9815,-27.1208],[-48.9768,-27.1349],[-48.9781,-27.1453],[-48.9837,-27.1387],[-48.9912,-27.1455],[-48.9994,-27.1466],[-49.0104,-27.1415],[-49.0205,-27.1443],[-49.0146,-27.1498],[-49.0186,-27.1552],[-49.0231,-27.1539],[-49.0174,-27.1642],[-49.0089,-27.171],[-49.0151,-27.1749],[-49.025,-27.1741],[-49.0252,-27.1831],[-49.0311,-27.1946],[-49.0275,-27.2011],[-49.0447,-27.1755],[-49.0598,-27.1661],[-49.0665,-27.1722],[-49.073,-27.1708],[-49.0798,-27.1744],[-49.0926,-27.1696],[-49.097,-27.1655],[-49.1046,-27.1385],[-49.1393,-27.1397],[-49.1395,-27.1321],[-49.1346,-27.1305],[-49.1301,-27.1221],[-49.1105,-27.121],[-49.1036,-27.1145],[-49.0956,-27.1143],[-49.0865,-27.1212],[-49.0793,-27.1197],[-49.0674,-27.1086],[-49.0673,-27.1011],[-49.0588,-27.0981],[-49.0614,-27.0697],[-49.0569,-27.0639],[-49.0581,-27.0605],[-49.0392,-27.0445],[-49.0253,-27.0488],[-49.0176,-27.0451],[-49.0017,-27.0342],[-48.9895,-27.038],[-48.9859,-27.0299],[-48.9734,-27.0287],[-48.9628,-27.0202],[-48.9582,-27.0223]]]}},{"type":"Feature","properties":{"nome":"Guaraciaba","cod":"4206405","uf":"SC"},"geometry":{"type":"Polygon","coordinates":[[[-53.6818,-26.5046],[-53.6728,-26.5106],[-53.6702,-26.5054],[-53.6558,-26.5127],[-53.6372,-26.5159],[-53.6367,-26.5255],[-53.619,-26.5252],[-53.6171,-26.5215],[-53.6069,-26.5203],[-53.6066,-26.5165],[-53.5803,-26.5167],[-53.5789,-26.5208],[-53.5829,-26.5218],[-53.5797,-26.5254],[-53.5732,-26.5239],[-53.5629,-26.5293],[-53.5358,-26.5209],[-53.5251,-26.5228],[-53.5158,-26.5203],[-53.515,-26.5165],[-53.4939,-26.5169],[-53.4705,-26.5464],[-53.4577,-26.548],[-53.4609,-26.5532],[-53.4514,-26.5546],[-53.4586,-26.565],[-53.4461,-26.5634],[-53.431,-26.5755],[-53.4451,-26.5858],[-53.4548,-26.5829],[-53.4542,-26.5855],[-53.4404,-26.5921],[-53.4373,-26.5854],[-53.4297,-26.5824],[-53.4269,-26.5889],[-53.4321,-26.5939],[-53.4356,-26.6087],[-53.4283,-26.6131],[-53.4262,-26.6046],[-53.4121,-26.6064],[-53.4308,-26.6202],[-53.4275,-26.6263],[-53.446,-26.628],[-53.4466,-26.6344],[-53.463,-26.6376],[-53.4738,-26.6479],[-53.4772,-26.6447],[-53.495,-26.6614],[-53.4992,-26.6539],[-53.5163,-26.6541],[-53.5357,-26.6463],[-53.552,-26.6446],[-53.5612,-26.6452],[-53.5686,-26.6554],[-53.5784,-26.6517],[-53.5842,-26.6495],[-53.5834,-26.6521],[-53.5882,-26.651],[-53.5901,-26.6553],[-53.5955,-26.6539],[-53.5973,-26.6579],[-53.6014,-26.6544],[-53.6077,-26.6575],[-53.6153,-26.6472],[-53.6136,-26.6437],[-53.6313,-26.6292],[-53.6288,-26.6187],[-53.6226,-26.6147],[-53.6313,-26.6118],[-53.6407,-26.6044],[-53.6323,-26.5922],[-53.6377,-26.5882],[-53.6464,-26.5818],[-53.6525,-26.5888],[-53.6742,-26.5785],[-53.6847,-26.5788],[-53.687,-26.5818],[-53.6887,-26.5864],[-53.7,-26.5808],[-53.6965,-26.5903],[-53.7007,-26.5904],[-53.713,-26.5952],[-53.71,-26.5975],[-53.7068,-26.5947],[-53.7037,-26.5978],[-53.7097,-26.5987],[-53.7104,-26.6064],[-53.7161,-26.6006],[-53.7203,-26.6029],[-53.72,-26.5969],[-53.7262,-26.6029],[-53.7289,-26.6018],[-53.7272,-26.5926],[-53.7311,-26.5862],[-53.7234,-26.5883],[-53.7212,-26.5619],[-53.7079,-26.562],[-53.7061,-26.5593],[-53.7088,-26.556],[-53.7181,-26.5569],[-53.7291,-26.5651],[-53.7352,-26.5659],[-53.7353,-26.5596],[-53.724,-26.5587],[-53.7237,-26.5537],[-53.7263,-26.5496],[-53.7404,-26.5449],[-53.729,-26.5388],[-53.7226,-26.542],[-53.7192,-26.537],[-53.7168,-26.5346],[-53.7172,-26.5398],[-53.7054,-26.5443],[-53.7132,-26.5313],[-53.7103,-26.5244],[-53.7042,-26.5355],[-53.703,-26.5297],[-53.6999,-26.5238],[-53.7054,-26.5196],[-53.7063,-26.513],[-53.6968,-26.5123],[-53.6947,-26.5196],[-53.6909,-26.5161],[-53.6929,-26.512],[-53.6861,-26.512],[-53.6894,-26.5061],[-53.6859,-26.4996],[-53.6805,-26.5011],[-53.6818,-26.5046]]]}},{"type":"Feature","properties":{"nome":"Guaramirim","cod":"4206504","uf":"SC"},"geometry":{"type":"Polygon","coordinates":[[[-48.8541,-26.4141],[-48.8527,-26.4232],[-48.8389,-26.4398],[-48.8469,-26.4452],[-48.8529,-26.4404],[-48.8577,-26.4428],[-48.8566,-26.4481],[-48.8652,-26.4441],[-48.8656,-26.4489],[-48.8682,-26.4471],[-48.8753,-26.4501],[-48.8753,-26.4506],[-48.8753,-26.4509],[-48.8684,-26.4581],[-48.8762,-26.4614],[-48.8809,-26.4568],[-48.8803,-26.4769],[-48.8957,-26.4774],[-48.9055,-26.4896],[-48.8991,-26.4894],[-48.8975,-26.4925],[-48.9011,-26.493],[-48.8975,-26.4962],[-48.9078,-26.497],[-48.9004,-26.5039],[-48.8976,-26.5137],[-48.8872,-26.514],[-48.8837,-26.5231],[-48.8709,-26.5364],[-48.8666,-26.5352],[-48.8635,-26.5394],[-48.8612,-26.5343],[-48.8578,-26.5404],[-48.8491,-26.5275],[-48.8449,-26.5317],[-48.8393,-26.5255],[-48.8316,-26.5304],[-48.8338,-26.5458],[-48.8483,-26.5433],[-48.8554,-26.5483],[-48.8597,-26.5618],[-48.8775,-26.5633],[-48.8797,-26.5511],[-48.8893,-26.5541],[-48.8991,-26.5422],[-48.923,-26.5422],[-48.9284,-26.54],[-48.9317,-26.5438],[-48.9422,-26.5448],[-48.9481,-26.5546],[-48.9743,-26.5698],[-48.9769,-26.5716],[-48.9792,-26.5731],[-48.9796,-26.5732],[-49.0026,-26.569],[-49.0109,-26.572],[-49.0116,-26.5721],[-49.0163,-26.5458],[-49.0205,-26.5411],[-49.019,-26.5331],[-49.0445,-26.5352],[-49.0503,-26.5269],[-49.0505,-26.5153],[-49.0398,-26.5157],[-49.0358,-26.5191],[-49.0264,-26.5146],[-49.0231,-26.5162],[-49.0174,-26.5065],[-49.0198,-26.5009],[-49.0223,-26.5],[-49.0286,-26.4917],[-49.0281,-26.4879],[-49.0148,-26.4831],[-49.0146,-26.4803],[-49.0269,-26.478],[-49.0363,-26.4705],[-49.0285,-26.4565],[-49.0254,-26.4553],[-49.0235,-26.4548],[-49.0002,-26.4527],[-48.9837,-26.4563],[-48.9856,-26.4507],[-48.9788,-26.4431],[-48.9836,-26.4376],[-49.0086,-26.4381],[-49.0194,-26.417],[-49.0069,-26.3993],[-49.0027,-26.398],[-49.0032,-26.3878],[-48.9752,-26.3941],[-48.9594,-26.4036],[-48.959,-26.4044],[-48.9493,-26.407],[-48.9494,-26.4117],[-48.9379,-26.4177],[-48.9293,-26.4208],[-48.9237,-26.4149],[-48.9195,-26.3906],[-48.9221,-26.3789],[-48.9075,-26.3734],[-48.889,-26.3776],[-48.8761,-26.3806],[-48.8736,-26.3916],[-48.8541,-26.4141]]]}},{"type":"Feature","properties":{"nome":"Guarujá do Sul","cod":"4206603","uf":"SC"},"geometry":{"type":"Polygon","coordinates":[[[-53.4044,-26.3788],[-53.395,-26.3854],[-53.3991,-26.3852],[-53.3982,-26.3903],[-53.4022,-26.3892],[-53.4016,-26.3933],[-53.4074,-26.3896],[-53.4055,-26.3969],[-53.4013,-26.3977],[-53.4006,-26.4065],[-53.4061,-26.4061],[-53.4062,-26.412],[-53.4117,-26.4119],[-53.4124,-26.4235],[-53.4022,-26.4274],[-53.4013,-26.4315],[-53.4117,-26.4305],[-53.4244,-26.4346],[-53.4527,-26.4216],[-53.4558,-26.4121],[-53.4648,-26.4043],[-53.4683,-26.422],[-53.4712,-26.4222],[-53.4869,-26.4232],[-53.4859,-26.4271],[-53.4899,-26.4294],[-53.5186,-26.4274],[-53.5253,-26.4317],[-53.5402,-26.4267],[-53.5394,-26.4255],[-53.582,-26.4128],[-53.585,-26.4089],[-53.5746,-26.4088],[-53.5799,-26.4019],[-53.5728,-26.4016],[-53.5751,-26.3933],[-53.5662,-26.3935],[-53.5643,-26.3848],[-53.5609,-26.3842],[-53.5653,-26.3793],[-53.562,-26.38],[-53.5622,-26.3766],[-53.5292,-26.3731],[-53.5076,-26.3719],[-53.4749,-26.37],[-53.4371,-26.3677],[-53.3949,-26.3652],[-53.3931,-26.3707],[-53.4004,-26.371],[-53.4044,-26.3788]]]}},{"type":"Feature","properties":{"nome":"Guatambú","cod":"4206652","uf":"SC"},"geometry":{"type":"Polygon","coordinates":[[[-52.7439,-27.0121],[-52.7311,-27.0201],[-52.7232,-27.0395],[-52.7343,-27.0588],[-52.7369,-27.0702],[-52.7343,-27.0696],[-52.735,-27.0744],[-52.7282,-27.079],[-52.7324,-27.0839],[-52.7073,-27.0956],[-52.7061,-27.1037],[-52.7165,-27.1256],[-52.7152,-27.1311],[-52.7225,-27.1365],[-52.7231,-27.1476],[-52.7222,-27.1522],[-52.7342,-27.1658],[-52.7483,-27.1676],[-52.7471,-27.1715],[-52.7525,-27.1765],[-52.7475,-27.1812],[-52.7503,-27.183],[-52.748,-27.1891],[-52.7553,-27.1899],[-52.7703,-27.187],[-52.7752,-27.1859],[-52.7769,-27.1915],[-52.7888,-27.1922],[-52.7829,-27.1994],[-52.7847,-27.2032],[-52.7864,-27.2046],[-52.8001,-27.2022],[-52.817,-27.2009],[-52.8353,-27.2095],[-52.8402,-27.2088],[-52.8464,-27.2021],[-52.8435,-27.1776],[-52.8503,-27.1682],[-52.8451,-27.1553],[-52.8375,-27.1559],[-52.8366,-27.1522],[-52.8439,-27.1472],[-52.8424,-27.1443],[-52.8365,-27.1452],[-52.8363,-27.1355],[-52.8426,-27.1363],[-52.8456,-27.1334],[-52.8485,-27.1361],[-52.8527,-27.1295],[-52.856,-27.1308],[-52.8584,-27.1277],[-52.8576,-27.1216],[-52.8497,-27.1215],[-52.8518,-27.1113],[-52.8479,-27.1074],[-52.8353,-27.1095],[-52.8294,-27.1048],[-52.8325,-27.0951],[-52.8368,-27.073],[-52.8442,-27.0658],[-52.8415,-27.0587],[-52.8442,-27.048],[-52.8401,-27.0435],[-52.8343,-27.0461],[-52.8282,-27.0425],[-52.8111,-27.0498],[-52.8048,-27.0466],[-52.7968,-27.0509],[-52.7933,-27.0485],[-52.7797,-27.0525],[-52.7705,-27.0364],[-52.7598,-27.0137],[-52.7524,-27.0173],[-52.7439,-27.0121]]]}},{"type":"Feature","properties":{"nome":"Herval d'Oeste","cod":"4206702","uf":"SC"},"geometry":{"type":"Polygon","coordinates":[[[-51.4082,-27.1211],[-51.4036,-27.1345],[-51.3912,-27.1396],[-51.389,-27.1457],[-51.376,-27.1459],[-51.3756,-27.1507],[-51.3722,-27.1507],[-51.3627,-27.1505],[-51.3567,-27.1583],[-51.3463,-27.1582],[-51.3464,-27.1691],[-51.2815,-27.2126],[-51.2915,-27.2149],[-51.2969,-27.23],[-51.3155,-27.2402],[-51.3109,-27.2468],[-51.3122,-27.2517],[-51.3154,-27.2519],[-51.3208,-27.2517],[-51.3269,-27.2604],[-51.3348,-27.2636],[-51.3395,-27.2612],[-51.3418,-27.257],[-51.3637,-27.2469],[-51.3973,-27.2428],[-51.4068,-27.2331],[-51.4167,-27.2319],[-51.4237,-27.2393],[-51.4338,-27.2418],[-51.4516,-27.2373],[-51.4576,-27.2244],[-51.4654,-27.2211],[-51.4746,-27.2261],[-51.4765,-27.232],[-51.4772,-27.2371],[-51.4866,-27.2329],[-51.4961,-27.2331],[-51.5165,-27.2367],[-51.5309,-27.2439],[-51.5395,-27.2383],[-51.5304,-27.2243],[-51.5361,-27.2047],[-51.5318,-27.2012],[-51.5135,-27.2084],[-51.5088,-27.2039],[-51.5091,-27.1984],[-51.5088,-27.1932],[-51.5036,-27.1896],[-51.5011,-27.1739],[-51.49,-27.1648],[-51.4801,-27.1626],[-51.4802,-27.1448],[-51.4752,-27.1338],[-51.4641,-27.1349],[-51.4536,-27.1309],[-51.4458,-27.1325],[-51.4402,-27.1333],[-51.4357,-27.1299],[-51.4314,-27.1171],[-51.42,-27.1139],[-51.4082,-27.1211]]]}},{"type":"Feature","properties":{"nome":"Ibiam","cod":"4206751","uf":"SC"},"geometry":{"type":"Polygon","coordinates":[[[-51.2252,-27.1488],[-51.2291,-27.1609],[-51.2103,-27.1602],[-51.2019,-27.1713],[-51.1933,-27.1704],[-51.1929,-27.1761],[-51.1867,-27.1775],[-51.1858,-27.1852],[-51.1753,-27.194],[-51.1741,-27.2048],[-51.1669,-27.2064],[-51.1541,-27.221],[-51.1443,-27.2152],[-51.1354,-27.2187],[-51.131,-27.2154],[-51.1299,-27.2206],[-51.1246,-27.2225],[-51.1259,-27.2315],[-51.1167,-27.2299],[-51.1127,-27.2389],[-51.1191,-27.2505],[-51.1288,-27.2535],[-51.1348,-27.2636],[-51.1399,-27.2593],[-51.1449,-27.2606],[-51.146,-27.2733],[-51.1606,-27.2869],[-51.1664,-27.2797],[-51.1823,-27.2774],[-51.2101,-27.2598],[-51.2174,-27.2476],[-51.2117,-27.2442],[-51.2182,-27.2385],[-51.2258,-27.2377],[-51.2292,-27.2328],[-51.2423,-27.2317],[-51.2583,-27.2333],[-51.2698,-27.2223],[-51.2785,-27.2198],[-51.2814,-27.2125],[-51.2782,-27.2066],[-51.2839,-27.1954],[-51.3017,-27.1778],[-51.3115,-27.1759],[-51.3204,-27.1683],[-51.3218,-27.151],[-51.3051,-27.1547],[-51.2953,-27.1607],[-51.2851,-27.1529],[-51.2774,-27.1528],[-51.2696,-27.1409],[-51.2616,-27.1382],[-51.2468,-27.1377],[-51.2333,-27.1387],[-51.2365,-27.1429],[-51.2252,-27.1488]]]}},{"type":"Feature","properties":{"nome":"Ibicaré","cod":"4206801","uf":"SC"},"geometry":{"type":"Polygon","coordinates":[[[-51.3162,-27.0181],[-51.3179,-27.0438],[-51.3004,-27.058],[-51.2947,-27.0624],[-51.2978,-27.0672],[-51.3114,-27.0763],[-51.32,-27.0781],[-51.3268,-27.1088],[-51.3376,-27.1169],[-51.3334,-27.1275],[-51.3382,-27.1321],[-51.3323,-27.1339],[-51.3343,-27.1428],[-51.3218,-27.151],[-51.3204,-27.1683],[-51.3115,-27.1759],[-51.3017,-27.1778],[-51.2839,-27.1954],[-51.2782,-27.2066],[-51.2814,-27.2125],[-51.2815,-27.2126],[-51.3464,-27.1691],[-51.3463,-27.1582],[-51.3567,-27.1583],[-51.3627,-27.1505],[-51.3722,-27.1507],[-51.3756,-27.1507],[-51.376,-27.1459],[-51.389,-27.1457],[-51.3912,-27.1396],[-51.4036,-27.1345],[-51.4082,-27.1211],[-51.42,-27.1139],[-51.4314,-27.1171],[-51.4364,-27.1161],[-51.4369,-27.1122],[-51.4298,-27.1035],[-51.4324,-27.0948],[-51.4268,-27.0899],[-51.4265,-27.0804],[-51.4352,-27.0812],[-51.4294,-27.0747],[-51.4326,-27.0661],[-51.4358,-27.0655],[-51.4344,-27.0705],[-51.4449,-27.0688],[-51.4487,-27.0734],[-51.4589,-27.0716],[-51.4568,-27.0696],[-51.45,-27.0671],[-51.4598,-27.0552],[-51.4618,-27.0273],[-51.4204,-27.0392],[-51.3889,-27.0393],[-51.3447,-27.0395],[-51.3421,-27.0364],[-51.3482,-27.0354],[-51.3438,-27.034],[-51.3442,-27.0302],[-51.3343,-27.0207],[-51.3162,-27.0181]]]}},{"type":"Feature","properties":{"nome":"Ibirama","cod":"4206900","uf":"SC"},"geometry":{"type":"Polygon","coordinates":[[[-49.4672,-27.0412],[-49.4676,-27.044],[-49.4726,-27.0442],[-49.4652,-27.0576],[-49.4708,-27.0664],[-49.4561,-27.0831],[-49.4591,-27.0881],[-49.4581,-27.0993],[-49.4611,-27.0989],[-49.4817,-27.0834],[-49.4952,-27.0787],[-49.5103,-27.083],[-49.5172,-27.0793],[-49.5175,-27.0846],[-49.4992,-27.1051],[-49.5018,-27.1091],[-49.5076,-27.1058],[-49.5131,-27.1077],[-49.5173,-27.1125],[-49.5165,-27.1232],[-49.5164,-27.1345],[-49.5262,-27.1328],[-49.5322,-27.1198],[-49.5405,-27.1159],[-49.545,-27.1147],[-49.5771,-27.1275],[-49.5927,-27.1273],[-49.5883,-27.117],[-49.5906,-27.1141],[-49.5947,-27.1108],[-49.5957,-27.1008],[-49.5852,-27.0864],[-49.5769,-27.078],[-49.5857,-27.0588],[-49.5909,-27.0476],[-49.592,-27.0452],[-49.5896,-27.0452],[-49.594,-27.0364],[-49.5941,-27.0283],[-49.5928,-27.0226],[-49.5975,-27.0165],[-49.6007,-27.0099],[-49.5809,-27.0005],[-49.5765,-26.9907],[-49.5763,-26.9765],[-49.5777,-26.9597],[-49.5695,-26.9381],[-49.5437,-26.9131],[-49.5459,-26.8996],[-49.5433,-26.8911],[-49.51,-26.9088],[-49.5069,-26.9203],[-49.488,-26.9347],[-49.4839,-26.9369],[-49.4651,-26.9396],[-49.4603,-26.9601],[-49.4622,-26.972],[-49.4603,-26.9833],[-49.4674,-27.0041],[-49.4673,-27.0236],[-49.4665,-27.0361],[-49.468,-27.0373],[-49.4699,-27.0394],[-49.4672,-27.0412]]]}},{"type":"Feature","properties":{"nome":"Içara","cod":"4207007","uf":"SC"},"geometry":{"type":"Polygon","coordinates":[[[-49.2065,-28.6748],[-49.1984,-28.6828],[-49.1754,-28.6878],[-49.175,-28.6888],[-49.1739,-28.691],[-49.1744,-28.6975],[-49.176,-28.7014],[-49.1792,-28.7096],[-49.1779,-28.727],[-49.1783,-28.727],[-49.1785,-28.7269],[-49.1852,-28.7273],[-49.1887,-28.7335],[-49.1993,-28.7381],[-49.204,-28.7483],[-49.1961,-28.7558],[-49.2008,-28.759],[-49.2023,-28.7564],[-49.2073,-28.762],[-49.2026,-28.7686],[-49.2044,-28.7742],[-49.2072,-28.7908],[-49.195,-28.7932],[-49.1836,-28.7998],[-49.2906,-28.8825],[-49.3014,-28.8777],[-49.3306,-28.8646],[-49.3428,-28.8591],[-49.3507,-28.8555],[-49.351,-28.855],[-49.3544,-28.8005],[-49.3545,-28.7992],[-49.355,-28.79],[-49.3572,-28.7555],[-49.3358,-28.7542],[-49.3357,-28.7532],[-49.3332,-28.7361],[-49.333,-28.7342],[-49.3319,-28.727],[-49.3305,-28.717],[-49.3328,-28.6966],[-49.3332,-28.6787],[-49.3059,-28.6762],[-49.2832,-28.6796],[-49.2621,-28.6732],[-49.2439,-28.674],[-49.2391,-28.6762],[-49.2232,-28.6701],[-49.2134,-28.6702],[-49.2065,-28.6748]]]}},{"type":"Feature","properties":{"nome":"Ilhota","cod":"4207106","uf":"SC"},"geometry":{"type":"Polygon","coordinates":[[[-48.8176,-26.8234],[-48.7738,-26.8315],[-48.7691,-26.8376],[-48.7622,-26.8466],[-48.7585,-26.8547],[-48.762,-26.8599],[-48.7627,-26.8866],[-48.766,-26.8904],[-48.7866,-26.9154],[-48.7764,-26.9221],[-48.7763,-26.9222],[-48.7585,-26.9353],[-48.7561,-26.9393],[-48.7659,-26.9475],[-48.7766,-26.9541],[-48.7856,-26.9539],[-48.7989,-26.9662],[-48.8018,-26.9676],[-48.8139,-26.9645],[-48.8292,-26.9654],[-48.8438,-26.9649],[-48.8506,-26.9303],[-48.8535,-26.9155],[-48.8511,-26.9102],[-48.8464,-26.9091],[-48.8463,-26.9058],[-48.8648,-26.9084],[-48.8655,-26.9013],[-48.8709,-26.8967],[-48.8827,-26.8924],[-48.8868,-26.8937],[-48.8908,-26.8913],[-48.9017,-26.8766],[-48.9106,-26.8728],[-48.9105,-26.8695],[-48.914,-26.8637],[-48.925,-26.8578],[-48.9359,-26.8421],[-48.9457,-26.8415],[-48.9555,-26.835],[-48.9682,-26.8369],[-48.9839,-26.8244],[-48.9781,-26.8202],[-48.9878,-26.814],[-48.9864,-26.8068],[-48.9794,-26.8045],[-48.9795,-26.7985],[-48.9699,-26.7894],[-48.9394,-26.7823],[-48.9091,-26.7646],[-48.8984,-26.7622],[-48.8647,-26.7872],[-48.8363,-26.8107],[-48.8197,-26.823],[-48.8176,-26.8234]]]}},{"type":"Feature","properties":{"nome":"Imaruí","cod":"4207205","uf":"SC"},"geometry":{"type":"Polygon","coordinates":[[[-48.8323,-28.0714],[-48.8244,-28.0753],[-48.8217,-28.0737],[-48.81,-28.0785],[-48.8078,-28.0932],[-48.7962,-28.0948],[-48.7762,-28.0888],[-48.7702,-28.0871],[-48.7621,-28.0903],[-48.7565,-28.0988],[-48.7587,-28.1039],[-48.7549,-28.1051],[-48.7596,-28.1094],[-48.754,-28.1115],[-48.7512,-28.108],[-48.7516,-28.1132],[-48.7473,-28.113],[-48.7461,-28.1161],[-48.7528,-28.1151],[-48.7541,-28.1184],[-48.7499,-28.1235],[-48.7442,-28.1198],[-48.74,-28.1263],[-48.7442,-28.131],[-48.739,-28.1323],[-48.7391,-28.1353],[-48.7484,-28.1392],[-48.7371,-28.1451],[-48.7426,-28.1507],[-48.7402,-28.1557],[-48.7346,-28.1537],[-48.7312,-28.156],[-48.7342,-28.1689],[-48.7302,-28.1746],[-48.7382,-28.1803],[-48.7309,-28.197],[-48.7398,-28.1986],[-48.7415,-28.2117],[-48.7372,-28.2285],[-48.7275,-28.2373],[-48.7236,-28.2504],[-48.7237,-28.2601],[-48.7386,-28.2851],[-48.7553,-28.3245],[-48.7512,-28.345],[-48.7632,-28.3563],[-48.7757,-28.3583],[-48.8055,-28.3553],[-48.8913,-28.3606],[-48.8915,-28.3608],[-48.9057,-28.3587],[-48.9094,-28.3518],[-48.9164,-28.3543],[-48.9277,-28.3489],[-48.9487,-28.36],[-48.9488,-28.3501],[-48.9439,-28.3433],[-48.9489,-28.3407],[-48.9545,-28.3208],[-48.9542,-28.3168],[-48.9513,-28.3014],[-48.9556,-28.2974],[-48.9591,-28.2968],[-48.9503,-28.289],[-48.9564,-28.2695],[-48.9455,-28.2623],[-48.9455,-28.2622],[-48.9415,-28.2521],[-48.922,-28.2498],[-48.9213,-28.2354],[-48.9102,-28.2342],[-48.9104,-28.2207],[-48.934,-28.1824],[-48.9391,-28.1747],[-48.9261,-28.1411],[-48.9237,-28.1459],[-48.9156,-28.1415],[-48.9094,-28.1488],[-48.9034,-28.1497],[-48.9035,-28.1534],[-48.9012,-28.1543],[-48.886,-28.1515],[-48.8768,-28.117],[-48.8758,-28.1119],[-48.8699,-28.0946],[-48.8706,-28.0906],[-48.8725,-28.083],[-48.8694,-28.0802],[-48.8492,-28.0729],[-48.8323,-28.0714]]]}},{"type":"Feature","properties":{"nome":"Imbituba","cod":"4207304","uf":"SC"},"geometry":{"type":"Polygon","coordinates":[[[-48.678,-28.1047],[-48.6667,-28.1168],[-48.639,-28.1137],[-48.6352,-28.1102],[-48.634,-28.1126],[-48.6355,-28.117],[-48.6304,-28.1186],[-48.6318,-28.1218],[-48.6388,-28.1222],[-48.6427,-28.1319],[-48.6426,-28.1355],[-48.636,-28.1388],[-48.6463,-28.1439],[-48.6473,-28.1496],[-48.6534,-28.1546],[-48.6631,-28.1814],[-48.6622,-28.1898],[-48.6576,-28.1913],[-48.6574,-28.195],[-48.6654,-28.2041],[-48.6623,-28.2084],[-48.6671,-28.2153],[-48.6612,-28.2303],[-48.6537,-28.233],[-48.6499,-28.227],[-48.646,-28.2335],[-48.6767,-28.2565],[-48.6991,-28.293],[-48.7068,-28.3132],[-48.7089,-28.331],[-48.7058,-28.3364],[-48.698,-28.337],[-48.7039,-28.3422],[-48.7063,-28.3408],[-48.7437,-28.3283],[-48.7553,-28.3245],[-48.7386,-28.2851],[-48.7237,-28.2601],[-48.7236,-28.2504],[-48.7275,-28.2373],[-48.7372,-28.2285],[-48.7415,-28.2117],[-48.7398,-28.1986],[-48.7309,-28.197],[-48.7382,-28.1803],[-48.7302,-28.1746],[-48.7342,-28.1689],[-48.7312,-28.156],[-48.7346,-28.1537],[-48.7402,-28.1557],[-48.7426,-28.1507],[-48.7371,-28.1451],[-48.7484,-28.1392],[-48.7391,-28.1353],[-48.739,-28.1323],[-48.7442,-28.131],[-48.74,-28.1263],[-48.7442,-28.1198],[-48.7499,-28.1235],[-48.7541,-28.1184],[-48.7528,-28.1151],[-48.7461,-28.1161],[-48.7473,-28.113],[-48.7516,-28.1132],[-48.7512,-28.108],[-48.754,-28.1115],[-48.7596,-28.1094],[-48.7549,-28.1051],[-48.7587,-28.1039],[-48.7565,-28.0988],[-48.7621,-28.0903],[-48.716,-28.0841],[-48.7067,-28.0828],[-48.7071,-28.0859],[-48.7017,-28.088],[-48.7066,-28.0921],[-48.7008,-28.0945],[-48.7012,-28.102],[-48.6843,-28.1038],[-48.678,-28.1047]]]}},{"type":"Feature","properties":{"nome":"Imbuia","cod":"4207403","uf":"SC"},"geometry":{"type":"Polygon","coordinates":[[[-49.3607,-27.4353],[-49.358,-27.4486],[-49.3494,-27.4428],[-49.3511,-27.4486],[-49.3571,-27.4607],[-49.3546,-27.4674],[-49.3586,-27.4749],[-49.3504,-27.4705],[-49.3524,-27.4743],[-49.3468,-27.4726],[-49.3484,-27.4792],[-49.3426,-27.4752],[-49.3463,-27.4859],[-49.3552,-27.4902],[-49.358,-27.5003],[-49.3523,-27.5016],[-49.3522,-27.5087],[-49.3593,-27.5119],[-49.3616,-27.517],[-49.3584,-27.5355],[-49.3624,-27.5436],[-49.3611,-27.5513],[-49.3485,-27.5579],[-49.3347,-27.5575],[-49.3255,-27.5723],[-49.3186,-27.5724],[-49.3126,-27.5829],[-49.3046,-27.5803],[-49.301,-27.5841],[-49.304,-27.5828],[-49.3123,-27.5888],[-49.3218,-27.5888],[-49.3247,-27.5817],[-49.3289,-27.582],[-49.3361,-27.5736],[-49.3545,-27.5621],[-49.3687,-27.564],[-49.3804,-27.5577],[-49.3856,-27.5584],[-49.3886,-27.563],[-49.3987,-27.564],[-49.4023,-27.5613],[-49.4033,-27.5609],[-49.402,-27.5564],[-49.4127,-27.5577],[-49.4206,-27.5646],[-49.4226,-27.5578],[-49.4116,-27.5469],[-49.4061,-27.5496],[-49.3986,-27.5447],[-49.3994,-27.5421],[-49.3943,-27.5438],[-49.3961,-27.5358],[-49.3878,-27.539],[-49.3885,-27.524],[-49.3936,-27.5248],[-49.4074,-27.5382],[-49.4239,-27.5416],[-49.4261,-27.5357],[-49.4135,-27.5258],[-49.4263,-27.5223],[-49.4344,-27.5147],[-49.4319,-27.5196],[-49.4456,-27.5335],[-49.4544,-27.5373],[-49.4684,-27.5269],[-49.4729,-27.5303],[-49.4794,-27.5228],[-49.4735,-27.5049],[-49.4771,-27.5],[-49.4711,-27.4974],[-49.4708,-27.4939],[-49.4559,-27.5039],[-49.4479,-27.5007],[-49.4494,-27.4943],[-49.4565,-27.4966],[-49.4568,-27.4894],[-49.4669,-27.4904],[-49.4698,-27.4871],[-49.4675,-27.4841],[-49.4727,-27.482],[-49.4705,-27.4697],[-49.4813,-27.4735],[-49.4667,-27.4511],[-49.4662,-27.444],[-49.466,-27.4432],[-49.4594,-27.4462],[-49.4522,-27.4428],[-49.4408,-27.4448],[-49.43,-27.4514],[-49.4248,-27.4718],[-49.4205,-27.4593],[-49.4053,-27.4485],[-49.3962,-27.4579],[-49.3825,-27.4495],[-49.3841,-27.4564],[-49.3809,-27.46],[-49.3851,-27.4645],[-49.3824,-27.465],[-49.3847,-27.4725],[-49.373,-27.4618],[-49.3724,-27.456],[-49.369,-27.4655],[-49.3652,-27.4624],[-49.3681,-27.4543],[-49.3634,-27.4491],[-49.3607,-27.4353]]]}},{"type":"Feature","properties":{"nome":"Indaial","cod":"4207502","uf":"SC"},"geometry":{"type":"Polygon","coordinates":[[[-49.1898,-26.8581],[-49.1748,-26.8694],[-49.1854,-26.8751],[-49.1848,-26.879],[-49.1797,-26.8769],[-49.1611,-26.8843],[-49.1517,-26.8949],[-49.1616,-26.8939],[-49.1652,-26.8969],[-49.1642,-26.9039],[-49.1723,-26.9039],[-49.1765,-26.9144],[-49.1686,-26.93],[-49.1587,-26.9346],[-49.1651,-26.9418],[-49.1629,-26.9466],[-49.1574,-26.9521],[-49.1644,-26.9554],[-49.1574,-26.971],[-49.1618,-26.9785],[-49.1618,-26.9885],[-49.1621,-26.9923],[-49.1506,-27.0107],[-49.1372,-27.0137],[-49.1355,-27.0236],[-49.1284,-27.0316],[-49.1373,-27.0458],[-49.1309,-27.0565],[-49.1316,-27.0666],[-49.1376,-27.0733],[-49.142,-27.0923],[-49.1486,-27.0902],[-49.1564,-27.0969],[-49.1552,-27.1185],[-49.162,-27.12],[-49.1619,-27.1243],[-49.1685,-27.1302],[-49.1851,-27.1396],[-49.1927,-27.1387],[-49.1928,-27.155],[-49.1977,-27.1583],[-49.2111,-27.1581],[-49.2109,-27.162],[-49.2202,-27.1632],[-49.2305,-27.1555],[-49.2383,-27.1373],[-49.2418,-27.1374],[-49.2416,-27.1333],[-49.2474,-27.1284],[-49.2479,-27.1137],[-49.2556,-27.098],[-49.256,-27.0828],[-49.2712,-27.0787],[-49.2641,-27.0652],[-49.2674,-27.0554],[-49.2752,-27.0529],[-49.2834,-27.0575],[-49.2926,-27.0579],[-49.2976,-27.0541],[-49.2969,-27.0446],[-49.3004,-27.0421],[-49.2968,-27.0378],[-49.3115,-27.034],[-49.3122,-27.0338],[-49.3171,-27.021],[-49.3108,-27.0139],[-49.3094,-27.0031],[-49.2996,-26.9935],[-49.3054,-26.9821],[-49.3134,-26.9765],[-49.3124,-26.9692],[-49.3121,-26.9602],[-49.3155,-26.9587],[-49.3244,-26.9515],[-49.3055,-26.955],[-49.2885,-26.951],[-49.2986,-26.9331],[-49.3037,-26.9241],[-49.3174,-26.8999],[-49.3149,-26.8896],[-49.3047,-26.8474],[-49.2872,-26.8757],[-49.2839,-26.8803],[-49.2648,-26.8687],[-49.2547,-26.8702],[-49.238,-26.8565],[-49.2297,-26.8497],[-49.2252,-26.8461],[-49.2065,-26.8306],[-49.1987,-26.8368],[-49.2002,-26.8402],[-49.192,-26.8471],[-49.1952,-26.8534],[-49.1898,-26.8581]]]}},{"type":"Feature","properties":{"nome":"Iomerê","cod":"4207577","uf":"SC"},"geometry":{"type":"Polygon","coordinates":[[[-51.2828,-26.9215],[-51.2752,-26.9282],[-51.2668,-26.925],[-51.2636,-26.9357],[-51.2605,-26.9407],[-51.2643,-26.95],[-51.2617,-26.9675],[-51.252,-26.9694],[-51.2525,-26.9613],[-51.2325,-26.9611],[-51.2315,-26.9544],[-51.2158,-26.9602],[-51.2218,-26.9718],[-51.2188,-26.9745],[-51.211,-26.9731],[-51.2156,-26.9788],[-51.2097,-26.9834],[-51.215,-26.9903],[-51.2097,-26.9931],[-51.1959,-27.0142],[-51.1987,-27.0187],[-51.2013,-27.0227],[-51.1963,-27.0289],[-51.1996,-27.0314],[-51.2134,-27.0199],[-51.2159,-27.0222],[-51.2129,-27.0291],[-51.2299,-27.0275],[-51.231,-27.0335],[-51.2482,-27.0345],[-51.302,-27.0216],[-51.3162,-27.0181],[-51.3343,-27.0207],[-51.3449,-27.0155],[-51.338,-27.0042],[-51.352,-27.003],[-51.3495,-26.9985],[-51.3413,-26.9967],[-51.3525,-26.9869],[-51.3516,-26.9807],[-51.3067,-26.9421],[-51.2847,-26.9232],[-51.2828,-26.9215]]]}},{"type":"Feature","properties":{"nome":"Ipira","cod":"4207601","uf":"SC"},"geometry":{"type":"Polygon","coordinates":[[[-51.7672,-27.2775],[-51.7648,-27.281],[-51.7555,-27.2807],[-51.7504,-27.2849],[-51.7576,-27.2934],[-51.7554,-27.2976],[-51.7592,-27.307],[-51.7415,-27.3192],[-51.7387,-27.3301],[-51.7319,-27.3324],[-51.7272,-27.3406],[-51.7362,-27.3407],[-51.7365,-27.3498],[-51.7336,-27.3529],[-51.7298,-27.3505],[-51.7293,-27.3563],[-51.7338,-27.3553],[-51.7357,-27.3583],[-51.7294,-27.3727],[-51.73,-27.3872],[-51.7323,-27.3919],[-51.762,-27.3901],[-51.7577,-27.4086],[-51.7578,-27.4139],[-51.764,-27.4163],[-51.776,-27.4179],[-51.7868,-27.4196],[-51.7911,-27.4235],[-51.7792,-27.4329],[-51.7759,-27.4433],[-51.7782,-27.4446],[-51.7867,-27.4381],[-51.8041,-27.4315],[-51.8,-27.421],[-51.8203,-27.4296],[-51.8333,-27.4369],[-51.8385,-27.4537],[-51.8418,-27.4608],[-51.8465,-27.4636],[-51.8568,-27.4432],[-51.8696,-27.4496],[-51.8797,-27.456],[-51.8781,-27.4347],[-51.8853,-27.4279],[-51.8826,-27.4252],[-51.8772,-27.4257],[-51.8819,-27.4193],[-51.8765,-27.418],[-51.8777,-27.4133],[-51.874,-27.4095],[-51.8741,-27.4057],[-51.8643,-27.4008],[-51.8359,-27.3714],[-51.8184,-27.3713],[-51.8185,-27.3658],[-51.8192,-27.3484],[-51.8212,-27.2967],[-51.8127,-27.2884],[-51.8068,-27.284],[-51.7954,-27.2931],[-51.7885,-27.2887],[-51.7825,-27.2832],[-51.7713,-27.2826],[-51.7672,-27.2775]]]}},{"type":"Feature","properties":{"nome":"Iporã do Oeste","cod":"4207650","uf":"SC"},"geometry":{"type":"Polygon","coordinates":[[[-53.4994,-26.9359],[-53.4795,-26.9424],[-53.4318,-26.9395],[-53.4231,-26.9394],[-53.4251,-26.9446],[-53.4181,-26.9474],[-53.4103,-26.9495],[-53.3964,-26.9515],[-53.398,-26.9732],[-53.3913,-26.9767],[-53.3899,-26.9787],[-53.3968,-26.9836],[-53.3894,-26.9945],[-53.3871,-26.996],[-53.379,-26.9909],[-53.3759,-27.0134],[-53.3893,-27.0115],[-53.3964,-27.0081],[-53.413,-27.0178],[-53.4234,-27.0155],[-53.4481,-27.0072],[-53.4529,-27.0144],[-53.4462,-27.0239],[-53.4477,-27.0273],[-53.4511,-27.0417],[-53.4583,-27.0442],[-53.4763,-27.0603],[-53.4764,-27.0604],[-53.4763,-27.0692],[-53.4861,-27.0742],[-53.489,-27.0826],[-53.4992,-27.084],[-53.5092,-27.0782],[-53.5194,-27.0808],[-53.5265,-27.076],[-53.5312,-27.09],[-53.5401,-27.0882],[-53.5441,-27.087],[-53.5419,-27.0744],[-53.5473,-27.0738],[-53.5447,-27.0683],[-53.5474,-27.0532],[-53.5417,-27.0416],[-53.5449,-27.0276],[-53.5672,-27.0263],[-53.5713,-27.0261],[-53.577,-27.0163],[-53.5859,-27.0097],[-53.5858,-27.0064],[-53.5779,-27.0053],[-53.5691,-26.995],[-53.5587,-26.9923],[-53.5548,-26.982],[-53.5503,-26.9802],[-53.5525,-26.9699],[-53.5577,-26.9663],[-53.578,-26.9592],[-53.5884,-26.965],[-53.5826,-26.9531],[-53.5713,-26.9521],[-53.5683,-26.946],[-53.5576,-26.9489],[-53.5588,-26.9459],[-53.5522,-26.9445],[-53.5419,-26.9471],[-53.5352,-26.9441],[-53.5313,-26.944],[-53.5133,-26.9356],[-53.4994,-26.9359]]]}},{"type":"Feature","properties":{"nome":"Ipuaçu","cod":"4207684","uf":"SC"},"geometry":{"type":"Polygon","coordinates":[[[-52.4657,-26.5684],[-52.4668,-26.5785],[-52.4619,-26.5751],[-52.4578,-26.5845],[-52.4444,-26.5866],[-52.4272,-26.5815],[-52.4177,-26.5863],[-52.4144,-26.6137],[-52.3922,-26.6378],[-52.3936,-26.6448],[-52.399,-26.6442],[-52.4079,-26.6509],[-52.4105,-26.6545],[-52.4097,-26.6661],[-52.4072,-26.6705],[-52.4,-26.6711],[-52.3927,-26.684],[-52.3864,-26.6954],[-52.3885,-26.7078],[-52.4162,-26.6989],[-52.4245,-26.7069],[-52.4255,-26.7157],[-52.4235,-26.723],[-52.4129,-26.73],[-52.406,-26.7472],[-52.4225,-26.7491],[-52.4179,-26.7589],[-52.429,-26.767],[-52.4346,-26.7619],[-52.4307,-26.7524],[-52.4424,-26.7488],[-52.4543,-26.7546],[-52.4613,-26.7508],[-52.4642,-26.7575],[-52.4671,-26.761],[-52.4672,-26.7656],[-52.4782,-26.7598],[-52.4892,-26.7633],[-52.4987,-26.7539],[-52.4925,-26.7702],[-52.5024,-26.7757],[-52.4989,-26.7885],[-52.5028,-26.7886],[-52.5126,-26.7765],[-52.5213,-26.7755],[-52.5224,-26.7893],[-52.51,-26.7886],[-52.5066,-26.7948],[-52.5342,-26.8082],[-52.5344,-26.7296],[-52.5344,-26.7276],[-52.5343,-26.7114],[-52.5462,-26.7029],[-52.5525,-26.6868],[-52.5588,-26.6802],[-52.5631,-26.6716],[-52.5576,-26.6691],[-52.5634,-26.662],[-52.5762,-26.6624],[-52.5751,-26.6504],[-52.5434,-26.6543],[-52.5432,-26.6646],[-52.526,-26.661],[-52.5358,-26.6506],[-52.5335,-26.6374],[-52.5436,-26.6274],[-52.5421,-26.6185],[-52.5338,-26.6218],[-52.5278,-26.6329],[-52.5143,-26.636],[-52.5244,-26.6115],[-52.5298,-26.6129],[-52.541,-26.6054],[-52.5349,-26.6012],[-52.5156,-26.6061],[-52.512,-26.6024],[-52.4917,-26.5897],[-52.4932,-26.6009],[-52.4903,-26.6047],[-52.4861,-26.6029],[-52.4711,-26.5895],[-52.4893,-26.5834],[-52.4973,-26.5776],[-52.4941,-26.5747],[-52.4797,-26.5778],[-52.479,-26.5695],[-52.4738,-26.5667],[-52.4657,-26.5684]]]}},{"type":"Feature","properties":{"nome":"Ipumirim","cod":"4207700","uf":"SC"},"geometry":{"type":"Polygon","coordinates":[[[-52.1487,-26.9299],[-52.1401,-26.9346],[-52.1341,-26.9321],[-52.1321,-26.944],[-52.1264,-26.9485],[-52.1171,-26.9465],[-52.1081,-26.9494],[-52.1088,-26.9549],[-52.1124,-26.9634],[-52.1173,-26.9696],[-52.112,-26.9733],[-52.1185,-26.9826],[-52.1067,-26.9967],[-52.128,-27.0078],[-52.1253,-27.0128],[-52.1194,-27.0138],[-52.1234,-27.0382],[-52.1177,-27.0559],[-52.1122,-27.0528],[-52.1006,-27.0551],[-52.095,-27.0555],[-52.0904,-27.0746],[-52.084,-27.0756],[-52.0838,-27.0799],[-52.0639,-27.0803],[-52.0644,-27.1005],[-52.061,-27.1019],[-52.0497,-27.0959],[-52.0462,-27.0985],[-52.0461,-27.1076],[-52.0444,-27.1097],[-52.0526,-27.1148],[-52.0467,-27.1177],[-52.0447,-27.1404],[-52.0477,-27.1424],[-52.0424,-27.1461],[-52.0429,-27.1489],[-52.0559,-27.1457],[-52.0537,-27.1397],[-52.0587,-27.1311],[-52.0675,-27.1368],[-52.0627,-27.145],[-52.0653,-27.1535],[-52.0749,-27.1507],[-52.0792,-27.1445],[-52.0877,-27.1469],[-52.0858,-27.1522],[-52.0913,-27.1568],[-52.1012,-27.1522],[-52.1089,-27.1416],[-52.1192,-27.1233],[-52.1216,-27.1311],[-52.1374,-27.1053],[-52.1451,-27.1009],[-52.1485,-27.1023],[-52.1544,-27.1039],[-52.1584,-27.0971],[-52.1603,-27.1023],[-52.166,-27.1003],[-52.1738,-27.1026],[-52.1786,-27.0937],[-52.1807,-27.0972],[-52.2002,-27.0936],[-52.2068,-27.0865],[-52.2163,-27.0832],[-52.224,-27.0707],[-52.2272,-27.0685],[-52.226,-27.0556],[-52.2184,-27.0508],[-52.2157,-27.0462],[-52.22,-27.0283],[-52.2227,-27.0254],[-52.2311,-27.0267],[-52.2485,-27.0383],[-52.2462,-27.0237],[-52.2407,-26.9898],[-52.234,-26.9479],[-52.22,-26.9473],[-52.2213,-26.9587],[-52.2133,-26.9489],[-52.2089,-26.9569],[-52.2033,-26.9539],[-52.1888,-26.9605],[-52.185,-26.9572],[-52.1852,-26.9496],[-52.1816,-26.9501],[-52.1762,-26.9567],[-52.1715,-26.9461],[-52.1637,-26.9499],[-52.1527,-26.9487],[-52.1562,-26.9418],[-52.1537,-26.9255],[-52.1487,-26.9299]]]}},{"type":"Feature","properties":{"nome":"Iraceminha","cod":"4207759","uf":"SC"},"geometry":{"type":"Polygon","coordinates":[[[-53.2768,-26.7804],[-53.2697,-26.7918],[-53.2615,-26.7888],[-53.2585,-26.7964],[-53.2503,-26.8034],[-53.2484,-26.7977],[-53.241,-26.8127],[-53.2389,-26.8225],[-53.2467,-26.8255],[-53.2418,-26.8325],[-53.2418,-26.8328],[-53.2362,-26.8388],[-53.2448,-26.8382],[-53.2461,-26.8453],[-53.2507,-26.8381],[-53.2501,-26.8442],[-53.2602,-26.8495],[-53.2531,-26.8515],[-53.2526,-26.8552],[-53.2622,-26.8576],[-53.2608,-26.854],[-53.2639,-26.8533],[-53.2681,-26.8566],[-53.2712,-26.8585],[-53.2701,-26.8633],[-53.2771,-26.8658],[-53.2735,-26.8707],[-53.2847,-26.8684],[-53.2765,-26.88],[-53.277,-26.8844],[-53.2783,-26.8888],[-53.2865,-26.8844],[-53.2859,-26.8938],[-53.2955,-26.8956],[-53.2865,-26.9015],[-53.2864,-26.9077],[-53.2796,-26.912],[-53.2813,-26.9154],[-53.2882,-26.9157],[-53.2842,-26.9218],[-53.284,-26.9299],[-53.2917,-26.9273],[-53.3012,-26.9169],[-53.3267,-26.9081],[-53.3331,-26.8978],[-53.3529,-26.8926],[-53.374,-26.875],[-53.3734,-26.8849],[-53.3769,-26.885],[-53.383,-26.8826],[-53.3815,-26.8853],[-53.39,-26.8916],[-53.3929,-26.8903],[-53.3942,-26.8934],[-53.4005,-26.8871],[-53.4079,-26.8875],[-53.4059,-26.8815],[-53.4016,-26.8739],[-53.415,-26.8641],[-53.4123,-26.8548],[-53.4073,-26.8478],[-53.3834,-26.8482],[-53.3861,-26.8374],[-53.3782,-26.823],[-53.3831,-26.8198],[-53.4037,-26.8225],[-53.4195,-26.8057],[-53.416,-26.8035],[-53.4086,-26.8084],[-53.3946,-26.8059],[-53.3904,-26.8084],[-53.3784,-26.8015],[-53.3445,-26.7976],[-53.336,-26.7934],[-53.3371,-26.7882],[-53.3366,-26.7858],[-53.3196,-26.7929],[-53.3105,-26.7869],[-53.2951,-26.783],[-53.2768,-26.7804]]]}},{"type":"Feature","properties":{"nome":"Irani","cod":"4207809","uf":"SC"},"geometry":{"type":"Polygon","coordinates":[[[-51.8268,-26.9234],[-51.8183,-26.9381],[-51.841,-26.9646],[-51.8535,-26.9702],[-51.862,-26.977],[-51.8622,-26.9843],[-51.8493,-26.9914],[-51.8403,-27.0011],[-51.8264,-27.0147],[-51.8214,-27.0155],[-51.813,-27.0251],[-51.8133,-27.0316],[-51.8049,-27.0331],[-51.8095,-27.0371],[-51.8012,-27.0405],[-51.8104,-27.0488],[-51.8173,-27.0496],[-51.8207,-27.0609],[-51.831,-27.0661],[-51.83,-27.0857],[-51.8311,-27.0909],[-51.8375,-27.091],[-51.8426,-27.0969],[-51.8453,-27.0919],[-51.8402,-27.0862],[-51.8498,-27.0871],[-51.8576,-27.1008],[-51.8749,-27.0846],[-51.8756,-27.0845],[-51.8818,-27.0877],[-51.8776,-27.1034],[-51.8866,-27.1004],[-51.8848,-27.1072],[-51.8883,-27.1094],[-51.8818,-27.1112],[-51.8823,-27.117],[-51.8748,-27.1186],[-51.8744,-27.1224],[-51.8892,-27.1226],[-51.8896,-27.1142],[-51.8999,-27.1199],[-51.901,-27.1284],[-51.9083,-27.1265],[-51.9124,-27.1339],[-51.9164,-27.1346],[-51.9156,-27.1286],[-51.9349,-27.1236],[-51.9424,-27.1181],[-51.9411,-27.1155],[-51.9505,-27.1207],[-51.9529,-27.1141],[-51.9596,-27.1189],[-51.9566,-27.1067],[-51.969,-27.1092],[-51.9751,-27.1053],[-51.9762,-27.1178],[-51.9858,-27.1165],[-51.9871,-27.1201],[-51.9885,-27.123],[-51.9912,-27.1204],[-51.9942,-27.1166],[-51.991,-27.1136],[-51.9925,-27.1025],[-51.9977,-27.0973],[-51.9963,-27.0683],[-51.9999,-27.0579],[-51.9953,-27.0393],[-52.0,-27.0354],[-52.0083,-27.0346],[-52.0055,-27.0214],[-52.0192,-27.0202],[-52.0114,-27.0042],[-52.0043,-27.0004],[-52.0068,-26.985],[-51.9991,-26.983],[-52.0056,-26.9591],[-52.0135,-26.9534],[-52.012,-26.9486],[-52.0051,-26.9404],[-52.0009,-26.9475],[-51.9954,-26.9478],[-51.9949,-26.9416],[-51.9865,-26.9423],[-51.9787,-26.9373],[-51.9684,-26.9413],[-51.966,-26.9471],[-51.9583,-26.9469],[-51.9498,-26.9388],[-51.9414,-26.9398],[-51.9303,-26.9324],[-51.9301,-26.9284],[-51.9249,-26.9315],[-51.9176,-26.9293],[-51.9109,-26.9341],[-51.9055,-26.9329],[-51.9003,-26.9393],[-51.8951,-26.9356],[-51.8914,-26.9433],[-51.8884,-26.9412],[-51.885,-26.9458],[-51.8745,-26.9287],[-51.8632,-26.9329],[-51.8619,-26.9394],[-51.85,-26.9443],[-51.8477,-26.9486],[-51.8367,-26.9311],[-51.8311,-26.9311],[-51.8268,-26.9234]]]}},{"type":"Feature","properties":{"nome":"Irati","cod":"4207858","uf":"SC"},"geometry":{"type":"Polygon","coordinates":[[[-52.9007,-26.5814],[-52.8908,-26.5891],[-52.8822,-26.5869],[-52.8778,-26.5955],[-52.8547,-26.5939],[-52.8392,-26.5929],[-52.8396,-26.6058],[-52.8519,-26.6129],[-52.8504,-26.6174],[-52.8378,-26.621],[-52.8342,-26.6306],[-52.8484,-26.6336],[-52.8457,-26.6386],[-52.8519,-26.6451],[-52.8543,-26.6546],[-52.8448,-26.6676],[-52.8516,-26.6688],[-52.9155,-26.6722],[-52.9197,-26.6723],[-52.9174,-26.665],[-52.9082,-26.6656],[-52.9082,-26.6567],[-52.9171,-26.6554],[-52.9227,-26.6637],[-52.9286,-26.6592],[-52.9233,-26.6506],[-52.9333,-26.6502],[-52.9344,-26.6466],[-52.9349,-26.6207],[-52.9406,-26.6251],[-52.9441,-26.6197],[-52.9406,-26.6134],[-52.9337,-26.6109],[-52.9355,-26.6054],[-52.9283,-26.6058],[-52.9245,-26.5987],[-52.931,-26.5972],[-52.9282,-26.5882],[-52.9358,-26.5812],[-52.9257,-26.581],[-52.9007,-26.5814]]]}},{"type":"Feature","properties":{"nome":"Irineópolis","cod":"4207908","uf":"SC"},"geometry":{"type":"Polygon","coordinates":[[[-50.6817,-26.2261],[-50.6781,-26.2515],[-50.673,-26.254],[-50.6752,-26.2579],[-50.6703,-26.2619],[-50.6702,-26.2623],[-50.6736,-26.2712],[-50.6802,-26.2763],[-50.6804,-26.2836],[-50.6724,-26.2867],[-50.6692,-26.2993],[-50.6591,-26.3056],[-50.658,-26.3147],[-50.6465,-26.335],[-50.6503,-26.351],[-50.6568,-26.3563],[-50.6553,-26.3714],[-50.637,-26.3782],[-50.6516,-26.413],[-50.6579,-26.4246],[-50.666,-26.4396],[-50.6771,-26.46],[-50.6986,-26.4995],[-50.7078,-26.5054],[-50.7383,-26.525],[-50.753,-26.5186],[-50.7739,-26.5163],[-50.7846,-26.5074],[-50.7957,-26.51],[-50.7979,-26.5076],[-50.7855,-26.5019],[-50.7871,-26.4947],[-50.8018,-26.4916],[-50.8217,-26.4672],[-50.8213,-26.4629],[-50.8096,-26.4571],[-50.8156,-26.4403],[-50.8454,-26.4287],[-50.8492,-26.4269],[-50.8434,-26.4108],[-50.8415,-26.4046],[-50.8465,-26.39],[-50.8436,-26.3828],[-50.8486,-26.3775],[-50.8588,-26.3762],[-50.8707,-26.3845],[-50.8793,-26.3822],[-50.884,-26.3795],[-50.8829,-26.3581],[-50.8946,-26.3482],[-50.8883,-26.3381],[-50.8983,-26.3316],[-50.8837,-26.3273],[-50.8806,-26.322],[-50.8842,-26.3163],[-50.8912,-26.3254],[-50.9001,-26.3212],[-50.8954,-26.3124],[-50.9025,-26.3042],[-50.8894,-26.3019],[-50.897,-26.2941],[-50.8993,-26.2887],[-50.8931,-26.2875],[-50.8815,-26.2776],[-50.8787,-26.2585],[-50.8706,-26.2417],[-50.8682,-26.2412],[-50.8627,-26.2421],[-50.8462,-26.2668],[-50.8389,-26.2711],[-50.8317,-26.2664],[-50.8271,-26.2469],[-50.8113,-26.2378],[-50.802,-26.2319],[-50.8011,-26.2314],[-50.7928,-26.2273],[-50.758,-26.2212],[-50.746,-26.2293],[-50.7466,-26.2441],[-50.743,-26.2481],[-50.7318,-26.2493],[-50.718,-26.2443],[-50.7147,-26.2381],[-50.7313,-26.2029],[-50.7043,-26.1883],[-50.7026,-26.1957],[-50.693,-26.2003],[-50.6965,-26.2097],[-50.6824,-26.2112],[-50.6879,-26.2198],[-50.6817,-26.2261]]]}},{"type":"Feature","properties":{"nome":"Itá","cod":"4208005","uf":"SC"},"geometry":{"type":"Polygon","coordinates":[[[-52.2146,-27.1809],[-52.2067,-27.1887],[-52.1919,-27.2],[-52.1943,-27.2123],[-52.1988,-27.213],[-52.2012,-27.2069],[-52.2047,-27.2105],[-52.1955,-27.2184],[-52.1874,-27.2199],[-52.196,-27.2228],[-52.2008,-27.2194],[-52.2078,-27.2203],[-52.2055,-27.2243],[-52.2083,-27.2311],[-52.2083,-27.2358],[-52.2215,-27.2344],[-52.2245,-27.2297],[-52.2338,-27.2502],[-52.2454,-27.2471],[-52.2545,-27.2526],[-52.2603,-27.25],[-52.2607,-27.2586],[-52.2767,-27.2615],[-52.2933,-27.2573],[-52.3013,-27.2596],[-52.3046,-27.2745],[-52.2908,-27.3086],[-52.2934,-27.3158],[-52.2986,-27.3182],[-52.305,-27.3179],[-52.3462,-27.2878],[-52.3561,-27.292],[-52.3646,-27.3033],[-52.3752,-27.3038],[-52.3811,-27.2936],[-52.3834,-27.2844],[-52.382,-27.2738],[-52.3799,-27.2639],[-52.3816,-27.2572],[-52.3932,-27.2519],[-52.3994,-27.2581],[-52.3927,-27.2875],[-52.3954,-27.2922],[-52.3972,-27.2921],[-52.4014,-27.292],[-52.4189,-27.2823],[-52.44,-27.2622],[-52.4416,-27.2487],[-52.4315,-27.2273],[-52.4325,-27.218],[-52.4273,-27.2156],[-52.4241,-27.2093],[-52.4159,-27.2074],[-52.4155,-27.2028],[-52.4112,-27.203],[-52.4109,-27.1989],[-52.4,-27.1894],[-52.391,-27.1845],[-52.3866,-27.1922],[-52.382,-27.1888],[-52.3751,-27.1929],[-52.3744,-27.1978],[-52.3698,-27.193],[-52.3547,-27.2081],[-52.3554,-27.2199],[-52.3566,-27.2264],[-52.3465,-27.2264],[-52.3412,-27.2304],[-52.3436,-27.2352],[-52.3402,-27.2383],[-52.3269,-27.2372],[-52.3212,-27.2396],[-52.3135,-27.2395],[-52.3131,-27.2327],[-52.2783,-27.2231],[-52.2731,-27.2322],[-52.2714,-27.2304],[-52.2664,-27.2268],[-52.2608,-27.2304],[-52.2599,-27.2197],[-52.2479,-27.212],[-52.2547,-27.2046],[-52.2523,-27.2009],[-52.2463,-27.2025],[-52.2463,-27.1877],[-52.2317,-27.1901],[-52.2346,-27.1834],[-52.232,-27.1814],[-52.2275,-27.1837],[-52.2146,-27.1809]]]}},{"type":"Feature","properties":{"nome":"Itaiópolis","cod":"4208104","uf":"SC"},"geometry":{"type":"Polygon","coordinates":[[[-49.8969,-26.2322],[-49.8865,-26.25],[-49.8798,-26.2517],[-49.8631,-26.2485],[-49.8525,-26.2393],[-49.8454,-26.2452],[-49.8245,-26.2763],[-49.8146,-26.2914],[-49.8078,-26.3018],[-49.8088,-26.3061],[-49.8142,-26.3067],[-49.8122,-26.3145],[-49.8072,-26.3135],[-49.8139,-26.3247],[-49.8076,-26.3263],[-49.8068,-26.3301],[-49.8048,-26.3353],[-49.7986,-26.3335],[-49.8036,-26.3388],[-49.8005,-26.343],[-49.8042,-26.3472],[-49.8047,-26.3439],[-49.811,-26.3443],[-49.8129,-26.3559],[-49.8172,-26.3562],[-49.8199,-26.3667],[-49.7898,-26.406],[-49.787,-26.423],[-49.781,-26.4276],[-49.8145,-26.4675],[-49.8144,-26.484],[-49.8073,-26.4876],[-49.8017,-26.4835],[-49.7928,-26.4847],[-49.7898,-26.4805],[-49.7832,-26.4815],[-49.7701,-26.475],[-49.7666,-26.4701],[-49.7642,-26.4733],[-49.7609,-26.4705],[-49.7588,-26.4734],[-49.7624,-26.4776],[-49.758,-26.4829],[-49.7567,-26.4942],[-49.7364,-26.5179],[-49.7333,-26.5482],[-49.7231,-26.5579],[-49.7023,-26.5726],[-49.6933,-26.5726],[-49.6866,-26.5853],[-49.6857,-26.611],[-49.6841,-26.6194],[-49.6758,-26.6224],[-49.6816,-26.629],[-49.6862,-26.6258],[-49.6964,-26.6352],[-49.7,-26.6346],[-49.703,-26.6443],[-49.7086,-26.6486],[-49.7063,-26.662],[-49.6943,-26.6794],[-49.6938,-26.6856],[-49.6872,-26.6913],[-49.677,-26.693],[-49.6629,-26.687],[-49.6532,-26.6918],[-49.6648,-26.6917],[-49.6743,-26.6997],[-49.6815,-26.7019],[-49.6936,-26.6988],[-49.7022,-26.704],[-49.7101,-26.7188],[-49.7195,-26.7217],[-49.7284,-26.7452],[-49.7252,-26.7542],[-49.7272,-26.7628],[-49.7301,-26.7663],[-49.742,-26.7829],[-49.75,-26.7852],[-49.7539,-26.7764],[-49.772,-26.773],[-49.7723,-26.7713],[-49.7752,-26.7598],[-49.7814,-26.7506],[-49.7924,-26.7486],[-49.7938,-26.7393],[-49.8039,-26.7269],[-49.8072,-26.7158],[-49.8127,-26.7108],[-49.8255,-26.7077],[-49.8286,-26.7055],[-49.8389,-26.6905],[-49.8382,-26.6759],[-49.8468,-26.6722],[-49.8467,-26.6662],[-49.8566,-26.6524],[-49.8646,-26.6503],[-49.8716,-26.6525],[-49.8745,-26.6499],[-49.8815,-26.645],[-49.8794,-26.6277],[-49.8842,-26.6169],[-49.8955,-26.6062],[-49.8966,-26.6012],[-49.9106,-26.6009],[-49.9085,-26.5963],[-49.9128,-26.5844],[-49.9316,-26.571],[-49.9439,-26.5732],[-49.9457,-26.5695],[-49.9548,-26.5675],[-49.9538,-26.5611],[-49.9589,-26.5526],[-49.9557,-26.5439],[-49.9618,-26.5433],[-49.9723,-26.5302],[-49.9703,-26.5256],[-49.9817,-26.5211],[-49.9856,-26.5134],[-49.9905,-26.5102],[-49.9957,-26.5048],[-50.0191,-26.5029],[-50.0329,-26.5191],[-50.0581,-26.5213],[-50.0672,-26.5192],[-50.0794,-26.5251],[-50.091,-26.5236],[-50.0936,-26.5159],[-50.0856,-26.5046],[-50.0877,-26.4978],[-50.0832,-26.4727],[-50.0692,-26.4493],[-50.0646,-26.4473],[-50.0644,-26.4416],[-50.0719,-26.4337],[-50.0755,-26.4233],[-50.0737,-26.4052],[-50.0823,-26.3961],[-50.0872,-26.3856],[-50.0842,-26.3629],[-50.0889,-26.3504],[-50.0942,-26.3519],[-50.1002,-26.3465],[-50.106,-26.3538],[-50.1112,-26.3528],[-50.1119,-26.3387],[-50.1167,-26.3374],[-50.1175,-26.3283],[-50.1236,-26.3245],[-50.1228,-26.3158],[-50.116,-26.3078],[-50.127,-26.292],[-50.1214,-26.2835],[-50.1123,-26.2894],[-50.1012,-26.2778],[-50.1043,-26.2771],[-50.0959,-26.2763],[-50.0932,-26.2791],[-50.0928,-26.2744],[-50.0896,-26.2711],[-50.0811,-26.2734],[-50.0738,-26.2807],[-50.0659,-26.2802],[-50.0627,-26.2746],[-50.0426,-26.2698],[-50.0363,-26.2623],[-50.0272,-26.2673],[-50.0175,-26.2652],[-49.9996,-26.2792],[-49.9938,-26.2778],[-49.9842,-26.2766],[-49.9802,-26.2777],[-49.9618,-26.2565],[-49.9406,-26.2542],[-49.9195,-26.2467],[-49.9097,-26.2475],[-49.9009,-26.232],[-49.8971,-26.2321],[-49.8969,-26.2322]]]}},{"type":"Feature","properties":{"nome":"Itajaí","cod":"4208203","uf":"SC"},"geometry":{"type":"Polygon","coordinates":[[[-48.7179,-26.8519],[-48.7259,-26.8664],[-48.7219,-26.8755],[-48.7131,-26.8761],[-48.7018,-26.8647],[-48.6934,-26.8631],[-48.6875,-26.8688],[-48.6914,-26.879],[-48.6883,-26.8849],[-48.6659,-26.882],[-48.6635,-26.886],[-48.6698,-26.8925],[-48.6685,-26.8968],[-48.6531,-26.9022],[-48.6459,-26.9137],[-48.6399,-26.9131],[-48.6404,-26.9196],[-48.6306,-26.9283],[-48.6209,-26.9253],[-48.6268,-26.9365],[-48.6268,-26.9594],[-48.6411,-26.9552],[-48.6598,-26.9679],[-48.6635,-26.9624],[-48.6832,-26.9728],[-48.6849,-26.9705],[-48.6879,-26.9732],[-48.6885,-26.9737],[-48.7124,-26.9945],[-48.7107,-27.0022],[-48.7207,-27.0148],[-48.7471,-27.0234],[-48.7545,-27.0296],[-48.7533,-27.0372],[-48.765,-27.0456],[-48.763,-27.0504],[-48.7673,-27.055],[-48.7774,-27.0574],[-48.7773,-27.0775],[-48.7785,-27.0791],[-48.7844,-27.0842],[-48.786,-27.095],[-48.7903,-27.0965],[-48.8079,-27.0894],[-48.8243,-27.0734],[-48.8368,-27.0733],[-48.8447,-27.0674],[-48.8561,-27.0461],[-48.8575,-27.0451],[-48.8634,-27.0427],[-48.8645,-27.0385],[-48.8651,-27.033],[-48.8553,-27.0308],[-48.8551,-27.0247],[-48.8691,-27.0116],[-48.8665,-27.0034],[-48.8555,-26.9909],[-48.8496,-26.9768],[-48.8438,-26.9649],[-48.8292,-26.9654],[-48.8139,-26.9645],[-48.8018,-26.9676],[-48.7989,-26.9662],[-48.7856,-26.9539],[-48.7766,-26.9541],[-48.7659,-26.9475],[-48.7561,-26.9393],[-48.7585,-26.9353],[-48.7763,-26.9222],[-48.7764,-26.9221],[-48.7866,-26.9154],[-48.766,-26.8904],[-48.7627,-26.8866],[-48.762,-26.8599],[-48.7585,-26.8547],[-48.7447,-26.8566],[-48.7386,-26.853],[-48.7337,-26.8397],[-48.7281,-26.8372],[-48.7217,-26.8403],[-48.7194,-26.8429],[-48.7179,-26.8519]]]}},{"type":"Feature","properties":{"nome":"Itapema","cod":"4208302","uf":"SC"},"geometry":{"type":"Polygon","coordinates":[[[-48.5868,-27.0803],[-48.5944,-27.0856],[-48.5942,-27.0907],[-48.5965,-27.0892],[-48.6026,-27.0954],[-48.6038,-27.092],[-48.6078,-27.0926],[-48.6119,-27.0999],[-48.6022,-27.1246],[-48.5841,-27.1452],[-48.6026,-27.1457],[-48.6014,-27.1398],[-48.6095,-27.1366],[-48.6125,-27.137],[-48.6163,-27.1427],[-48.6345,-27.1502],[-48.6437,-27.1457],[-48.6527,-27.1514],[-48.6795,-27.1475],[-48.6889,-27.142],[-48.6859,-27.1361],[-48.6602,-27.1242],[-48.6652,-27.1139],[-48.6729,-27.1124],[-48.6764,-27.0977],[-48.6679,-27.0926],[-48.659,-27.0803],[-48.644,-27.0851],[-48.6206,-27.0706],[-48.6138,-27.0689],[-48.6173,-27.06],[-48.6108,-27.0485],[-48.6015,-27.0536],[-48.5872,-27.0606],[-48.5917,-27.0614],[-48.5936,-27.0722],[-48.5912,-27.0796],[-48.5868,-27.0803]]]}},{"type":"Feature","properties":{"nome":"Itapiranga","cod":"4208401","uf":"SC"},"geometry":{"type":"Polygon","coordinates":[[[-53.7003,-27.0134],[-53.7051,-27.0147],[-53.6941,-27.0377],[-53.6892,-27.0411],[-53.6896,-27.0451],[-53.6795,-27.0444],[-53.6843,-27.0374],[-53.6821,-27.0303],[-53.6744,-27.0281],[-53.6681,-27.0359],[-53.6657,-27.0337],[-53.6518,-27.0351],[-53.6445,-27.0421],[-53.649,-27.0594],[-53.6455,-27.0599],[-53.6416,-27.0604],[-53.6419,-27.0674],[-53.6512,-27.0671],[-53.652,-27.0757],[-53.6586,-27.0946],[-53.6623,-27.108],[-53.6475,-27.111],[-53.6484,-27.1157],[-53.6537,-27.1187],[-53.6372,-27.1264],[-53.6434,-27.1392],[-53.6489,-27.1423],[-53.6413,-27.1559],[-53.638,-27.156],[-53.6276,-27.1564],[-53.622,-27.1639],[-53.6148,-27.1662],[-53.6057,-27.1629],[-53.6029,-27.1592],[-53.6062,-27.1535],[-53.5954,-27.1479],[-53.5978,-27.1381],[-53.5743,-27.1564],[-53.5668,-27.1595],[-53.5472,-27.1567],[-53.548,-27.1757],[-53.5641,-27.173],[-53.5898,-27.187],[-53.5992,-27.1888],[-53.5998,-27.1886],[-53.6114,-27.1856],[-53.6186,-27.1884],[-53.6289,-27.2127],[-53.6345,-27.2186],[-53.642,-27.2204],[-53.6477,-27.2177],[-53.65,-27.2112],[-53.6473,-27.1928],[-53.6504,-27.1765],[-53.6662,-27.1617],[-53.6753,-27.1607],[-53.6935,-27.1666],[-53.698,-27.1686],[-53.7078,-27.1745],[-53.7172,-27.182],[-53.7283,-27.1884],[-53.739,-27.1925],[-53.7483,-27.1901],[-53.7624,-27.1538],[-53.7759,-27.1473],[-53.8085,-27.1723],[-53.819,-27.1749],[-53.8331,-27.1691],[-53.8319,-27.1635],[-53.8358,-27.1544],[-53.8274,-27.1459],[-53.7976,-27.1445],[-53.7986,-27.136],[-53.817,-27.1391],[-53.8244,-27.1303],[-53.8233,-27.1262],[-53.8139,-27.1286],[-53.8065,-27.1252],[-53.8046,-27.1172],[-53.8061,-27.11],[-53.818,-27.1024],[-53.8146,-27.0984],[-53.8096,-27.098],[-53.8039,-27.1059],[-53.7946,-27.1095],[-53.7749,-27.1017],[-53.8034,-27.0821],[-53.8037,-27.076],[-53.7974,-27.0661],[-53.7813,-27.0774],[-53.7705,-27.0732],[-53.7744,-27.0698],[-53.7836,-27.0704],[-53.7963,-27.0588],[-53.8013,-27.04],[-53.7906,-27.0419],[-53.7782,-27.0595],[-53.7672,-27.0669],[-53.7578,-27.0615],[-53.764,-27.0574],[-53.7751,-27.0495],[-53.7839,-27.0255],[-53.7758,-27.0286],[-53.763,-27.0445],[-53.7588,-27.0341],[-53.7464,-27.0303],[-53.748,-27.0222],[-53.7574,-27.0169],[-53.7613,-27.0063],[-53.7495,-27.0047],[-53.7397,-27.0138],[-53.7311,-27.0043],[-53.7003,-27.0134]]]}},{"type":"Feature","properties":{"nome":"Itapoá","cod":"4208450","uf":"SC"},"geometry":{"type":"Polygon","coordinates":[[[-48.6332,-25.9772],[-48.6234,-25.9769],[-48.6203,-25.9738],[-48.6202,-25.9816],[-48.6132,-25.9807],[-48.6098,-25.9837],[-48.6106,-25.979],[-48.6012,-25.9802],[-48.5994,-25.9768],[-48.5941,-25.9766],[-48.5995,-25.9985],[-48.6066,-26.0559],[-48.6061,-26.0663],[-48.5992,-26.0724],[-48.5966,-26.1242],[-48.5805,-26.1648],[-48.5676,-26.1702],[-48.5811,-26.1851],[-48.6102,-26.2059],[-48.6195,-26.1986],[-48.6265,-26.1838],[-48.7419,-26.1281],[-48.7502,-26.1305],[-48.7432,-26.1276],[-48.7449,-26.1162],[-48.7314,-26.1065],[-48.7246,-26.1064],[-48.7147,-26.0932],[-48.7015,-26.09],[-48.6961,-26.0821],[-48.7092,-26.0695],[-48.7036,-26.0543],[-48.7076,-26.0481],[-48.718,-26.0437],[-48.7162,-26.0355],[-48.719,-26.0292],[-48.7102,-26.0221],[-48.7146,-26.0155],[-48.711,-26.0124],[-48.713,-26.0071],[-48.705,-26.0043],[-48.701,-25.9959],[-48.695,-25.9985],[-48.684,-25.9901],[-48.6802,-25.9806],[-48.6757,-25.9771],[-48.669,-25.9788],[-48.6627,-25.9736],[-48.6618,-25.9681],[-48.6547,-25.9657],[-48.6445,-25.9556],[-48.6372,-25.9604],[-48.6394,-25.9665],[-48.6325,-25.9699],[-48.6332,-25.9772]]]}},{"type":"Feature","properties":{"nome":"Ituporanga","cod":"4208500","uf":"SC"},"geometry":{"type":"Polygon","coordinates":[[[-49.4693,-27.3648],[-49.4665,-27.3765],[-49.4712,-27.3846],[-49.4664,-27.387],[-49.4657,-27.3983],[-49.4696,-27.4002],[-49.4631,-27.4065],[-49.466,-27.4141],[-49.4689,-27.4227],[-49.4584,-27.4289],[-49.4654,-27.4413],[-49.466,-27.4432],[-49.4662,-27.444],[-49.4667,-27.4511],[-49.4813,-27.4735],[-49.4705,-27.4697],[-49.4727,-27.482],[-49.4675,-27.4841],[-49.4698,-27.4871],[-49.4669,-27.4904],[-49.4568,-27.4894],[-49.4565,-27.4966],[-49.4494,-27.4943],[-49.4479,-27.5007],[-49.4559,-27.5039],[-49.4708,-27.4939],[-49.4711,-27.4974],[-49.4771,-27.5],[-49.4735,-27.5049],[-49.4794,-27.5228],[-49.4729,-27.5303],[-49.4684,-27.5269],[-49.4544,-27.5373],[-49.4456,-27.5335],[-49.4319,-27.5196],[-49.4344,-27.5147],[-49.4263,-27.5223],[-49.4135,-27.5258],[-49.4261,-27.5357],[-49.4239,-27.5416],[-49.4074,-27.5382],[-49.3936,-27.5248],[-49.3885,-27.524],[-49.3878,-27.539],[-49.3961,-27.5358],[-49.3943,-27.5438],[-49.3994,-27.5421],[-49.3986,-27.5447],[-49.4061,-27.5496],[-49.4116,-27.5469],[-49.4226,-27.5578],[-49.4206,-27.5646],[-49.4127,-27.5577],[-49.402,-27.5564],[-49.4033,-27.5609],[-49.4125,-27.5619],[-49.4221,-27.5778],[-49.4359,-27.5839],[-49.4434,-27.5814],[-49.4718,-27.5661],[-49.4753,-27.5553],[-49.4839,-27.5547],[-49.493,-27.5348],[-49.5047,-27.5261],[-49.515,-27.5241],[-49.5411,-27.5114],[-49.5571,-27.5197],[-49.5784,-27.5523],[-49.5866,-27.5555],[-49.5913,-27.5706],[-49.6083,-27.5704],[-49.6146,-27.5744],[-49.603,-27.5655],[-49.6033,-27.5598],[-49.5992,-27.556],[-49.5998,-27.5486],[-49.6148,-27.5474],[-49.6129,-27.5403],[-49.604,-27.5359],[-49.6061,-27.5327],[-49.6015,-27.528],[-49.6012,-27.5194],[-49.589,-27.5055],[-49.5862,-27.4958],[-49.5891,-27.4861],[-49.5849,-27.4837],[-49.5829,-27.477],[-49.6287,-27.4549],[-49.637,-27.4512],[-49.649,-27.4496],[-49.6748,-27.458],[-49.6786,-27.4437],[-49.6845,-27.4218],[-49.6932,-27.3889],[-49.683,-27.3927],[-49.6608,-27.3909],[-49.6589,-27.3873],[-49.6495,-27.3879],[-49.6481,-27.3936],[-49.6419,-27.3939],[-49.6202,-27.3933],[-49.6093,-27.387],[-49.6039,-27.3917],[-49.6017,-27.3908],[-49.598,-27.3913],[-49.5902,-27.3961],[-49.5826,-27.3922],[-49.5708,-27.3993],[-49.5648,-27.3978],[-49.5499,-27.3832],[-49.5456,-27.3833],[-49.5387,-27.3768],[-49.5398,-27.3729],[-49.5358,-27.373],[-49.5215,-27.3574],[-49.5096,-27.3487],[-49.5023,-27.3412],[-49.4949,-27.3174],[-49.4802,-27.3042],[-49.4811,-27.3192],[-49.4739,-27.3265],[-49.473,-27.3351],[-49.4677,-27.3386],[-49.4588,-27.3571],[-49.4693,-27.3648]]]}},{"type":"Feature","properties":{"nome":"Jaborá","cod":"4208609","uf":"SC"},"geometry":{"type":"Polygon","coordinates":[[[-51.7724,-27.0803],[-51.7663,-27.0836],[-51.7585,-27.0805],[-51.7576,-27.0881],[-51.7617,-27.0924],[-51.7581,-27.0951],[-51.7611,-27.0982],[-51.7482,-27.1086],[-51.7369,-27.1082],[-51.7246,-27.1123],[-51.6997,-27.1051],[-51.6784,-27.1164],[-51.676,-27.1175],[-51.687,-27.1301],[-51.6777,-27.1585],[-51.684,-27.1681],[-51.6786,-27.169],[-51.6661,-27.1713],[-51.6679,-27.1775],[-51.6484,-27.1793],[-51.6639,-27.2022],[-51.674,-27.1973],[-51.6852,-27.183],[-51.6959,-27.1846],[-51.6982,-27.1901],[-51.7247,-27.2077],[-51.7382,-27.2083],[-51.7541,-27.2037],[-51.7709,-27.2072],[-51.7845,-27.1998],[-51.7956,-27.199],[-51.8029,-27.1841],[-51.8088,-27.1837],[-51.8141,-27.1878],[-51.8237,-27.1679],[-51.8254,-27.16],[-51.8213,-27.1505],[-51.8213,-27.1496],[-51.8225,-27.1456],[-51.8302,-27.1465],[-51.86,-27.1396],[-51.867,-27.1307],[-51.8628,-27.1266],[-51.8744,-27.1224],[-51.8748,-27.1186],[-51.8823,-27.117],[-51.8818,-27.1112],[-51.8883,-27.1094],[-51.8848,-27.1072],[-51.8866,-27.1004],[-51.8776,-27.1034],[-51.8818,-27.0877],[-51.8756,-27.0845],[-51.8749,-27.0846],[-51.8576,-27.1008],[-51.8498,-27.0871],[-51.8402,-27.0862],[-51.8453,-27.0919],[-51.8426,-27.0969],[-51.8375,-27.091],[-51.8311,-27.0909],[-51.83,-27.0857],[-51.8229,-27.0934],[-51.824,-27.0976],[-51.8199,-27.0991],[-51.8136,-27.0913],[-51.8183,-27.0853],[-51.8066,-27.0809],[-51.8105,-27.087],[-51.8031,-27.0959],[-51.7999,-27.0859],[-51.7939,-27.0872],[-51.7914,-27.0828],[-51.7902,-27.0867],[-51.7806,-27.0872],[-51.7831,-27.0785],[-51.7752,-27.0718],[-51.7724,-27.0803]]]}},{"type":"Feature","properties":{"nome":"Jacinto Machado","cod":"4208708","uf":"SC"},"geometry":{"type":"Polygon","coordinates":[[[-49.8672,-28.8798],[-49.8653,-28.8858],[-49.8573,-28.8864],[-49.8522,-28.8822],[-49.8437,-28.8814],[-49.8303,-28.8907],[-49.8225,-28.8909],[-49.8131,-28.8867],[-49.8073,-28.888],[-49.8079,-28.8943],[-49.7982,-28.9007],[-49.7917,-28.9011],[-49.7904,-28.9048],[-49.7789,-28.9046],[-49.7735,-28.9139],[-49.7639,-28.9149],[-49.763,-28.9207],[-49.7624,-28.9253],[-49.7683,-28.9265],[-49.7703,-28.939],[-49.7637,-28.9411],[-49.7679,-28.9449],[-49.7636,-28.9473],[-49.7477,-28.9504],[-49.7462,-28.9556],[-49.7387,-28.9568],[-49.7415,-28.9595],[-49.7285,-28.9614],[-49.7208,-28.9618],[-49.7187,-28.9664],[-49.7086,-28.965],[-49.7062,-28.9685],[-49.7075,-28.9709],[-49.7255,-29.0026],[-49.7166,-29.0053],[-49.6983,-29.0203],[-49.7025,-29.0221],[-49.7303,-29.0343],[-49.741,-29.0388],[-49.7771,-29.0592],[-49.794,-29.069],[-49.8066,-29.0762],[-49.8068,-29.0797],[-49.8217,-29.0868],[-49.8325,-29.0938],[-49.8326,-29.0997],[-49.8313,-29.1211],[-49.8511,-29.102],[-49.8659,-29.1001],[-49.8663,-29.0999],[-49.8676,-29.0968],[-49.878,-29.0941],[-49.8892,-29.1011],[-49.8973,-29.0986],[-49.9156,-29.1027],[-49.9275,-29.0889],[-49.9311,-29.0849],[-49.9558,-29.0683],[-49.9477,-29.0693],[-49.9517,-29.0625],[-49.942,-29.0643],[-49.9396,-29.0567],[-49.9456,-29.0552],[-49.9562,-29.0617],[-49.9564,-29.0657],[-49.9637,-29.0643],[-49.9676,-29.0676],[-49.9674,-29.0642],[-49.987,-29.0686],[-49.9849,-29.0712],[-49.9881,-29.0752],[-49.991,-29.0697],[-50.007,-29.0717],[-49.9587,-29.0489],[-49.9582,-29.0432],[-49.9528,-29.0389],[-49.955,-29.035],[-49.9454,-29.0328],[-49.9466,-29.0274],[-49.9378,-29.0205],[-49.9467,-29.0175],[-49.9486,-29.0206],[-49.9643,-29.0221],[-49.9626,-29.0201],[-49.955,-29.0116],[-49.9572,-29.0102],[-49.951,-28.999],[-49.9456,-28.9955],[-49.9414,-29.001],[-49.9435,-28.9855],[-49.938,-28.9783],[-49.9357,-28.9848],[-49.9194,-28.9779],[-49.9339,-28.974],[-49.9373,-28.9649],[-49.956,-28.9613],[-49.9553,-28.9465],[-49.9549,-28.9393],[-49.9445,-28.9412],[-49.9475,-28.9253],[-49.9421,-28.9209],[-49.9296,-28.9205],[-49.9203,-28.9087],[-49.9058,-28.9017],[-49.8975,-28.8916],[-49.8796,-28.8817],[-49.873,-28.8842],[-49.8672,-28.8798]]]}},{"type":"Feature","properties":{"nome":"Jaguaruna","cod":"4208807","uf":"SC"},"geometry":{"type":"Polygon","coordinates":[[[-48.9993,-28.5545],[-48.9849,-28.5591],[-48.9756,-28.558],[-48.9741,-28.5527],[-48.9678,-28.555],[-48.9637,-28.5632],[-48.9708,-28.5723],[-48.9616,-28.5751],[-48.9593,-28.5814],[-48.9443,-28.5942],[-48.9308,-28.594],[-48.905,-28.6031],[-48.8745,-28.5946],[-48.8655,-28.604],[-48.8597,-28.6075],[-48.8546,-28.615],[-48.908,-28.6377],[-48.9964,-28.6846],[-49.0814,-28.7342],[-49.1836,-28.7998],[-49.195,-28.7932],[-49.2072,-28.7908],[-49.2044,-28.7742],[-49.2026,-28.7686],[-49.2073,-28.762],[-49.2023,-28.7564],[-49.2008,-28.759],[-49.1961,-28.7558],[-49.204,-28.7483],[-49.1993,-28.7381],[-49.1887,-28.7335],[-49.1852,-28.7273],[-49.1785,-28.7269],[-49.1783,-28.727],[-49.1779,-28.727],[-49.1792,-28.7096],[-49.176,-28.7014],[-49.1744,-28.6975],[-49.1547,-28.7011],[-49.1398,-28.6931],[-49.1142,-28.6927],[-49.1094,-28.6887],[-49.0989,-28.6855],[-49.0762,-28.6692],[-49.0772,-28.6665],[-49.0829,-28.6623],[-49.0846,-28.6553],[-49.0766,-28.6495],[-49.0704,-28.6443],[-49.078,-28.6385],[-49.0714,-28.6269],[-49.0767,-28.6213],[-49.0931,-28.6039],[-49.1034,-28.5929],[-49.0768,-28.577],[-49.0303,-28.5491],[-49.0255,-28.5338],[-49.0164,-28.5341],[-49.0019,-28.553],[-48.9993,-28.5545]]]}},{"type":"Feature","properties":{"nome":"Jaraguá do Sul","cod":"4208906","uf":"SC"},"geometry":{"type":"Polygon","coordinates":[[[-49.1857,-26.2165],[-49.1784,-26.2196],[-49.1692,-26.2182],[-49.1706,-26.2426],[-49.1681,-26.2443],[-49.1751,-26.2623],[-49.171,-26.269],[-49.1641,-26.272],[-49.162,-26.2834],[-49.156,-26.2864],[-49.1546,-26.3007],[-49.1431,-26.3029],[-49.1455,-26.3267],[-49.1334,-26.3414],[-49.1318,-26.3424],[-49.1108,-26.3703],[-49.1089,-26.371],[-49.1133,-26.3806],[-49.1155,-26.3827],[-49.1075,-26.3878],[-49.1125,-26.3918],[-49.111,-26.3963],[-49.1003,-26.403],[-49.0958,-26.4007],[-49.094,-26.4053],[-49.0893,-26.4123],[-49.086,-26.4098],[-49.085,-26.4146],[-49.075,-26.4204],[-49.0779,-26.4255],[-49.0732,-26.4315],[-49.0523,-26.4454],[-49.0438,-26.4475],[-49.0428,-26.4538],[-49.0285,-26.4565],[-49.0363,-26.4705],[-49.0269,-26.478],[-49.0146,-26.4803],[-49.0148,-26.4831],[-49.0281,-26.4879],[-49.0286,-26.4917],[-49.0223,-26.5],[-49.0198,-26.5009],[-49.0174,-26.5065],[-49.0231,-26.5162],[-49.0264,-26.5146],[-49.0358,-26.5191],[-49.0398,-26.5157],[-49.0505,-26.5153],[-49.0533,-26.5155],[-49.0611,-26.5329],[-49.0597,-26.541],[-49.0716,-26.5438],[-49.0862,-26.5476],[-49.0888,-26.5474],[-49.0888,-26.5577],[-49.093,-26.5629],[-49.0902,-26.57],[-49.0987,-26.5723],[-49.1076,-26.5818],[-49.1072,-26.5923],[-49.1058,-26.599],[-49.1139,-26.6125],[-49.1231,-26.6207],[-49.1294,-26.6211],[-49.132,-26.6295],[-49.1297,-26.6348],[-49.1409,-26.6394],[-49.1455,-26.6384],[-49.1476,-26.6425],[-49.1553,-26.6452],[-49.1632,-26.6478],[-49.1662,-26.626],[-49.1725,-26.6165],[-49.1826,-26.6134],[-49.1997,-26.6218],[-49.2066,-26.6164],[-49.2228,-26.6204],[-49.2203,-26.6125],[-49.2271,-26.6122],[-49.2403,-26.6151],[-49.2406,-26.6152],[-49.2651,-26.6121],[-49.2693,-26.6141],[-49.2757,-26.6082],[-49.286,-26.6054],[-49.2885,-26.5984],[-49.2879,-26.5879],[-49.2981,-26.5707],[-49.2896,-26.5597],[-49.291,-26.5475],[-49.2807,-26.5367],[-49.2699,-26.5329],[-49.2597,-26.5135],[-49.2473,-26.501],[-49.2322,-26.4946],[-49.2277,-26.4965],[-49.2211,-26.4913],[-49.2122,-26.4849],[-49.2117,-26.4578],[-49.2014,-26.4482],[-49.2005,-26.4467],[-49.1993,-26.4441],[-49.2073,-26.4402],[-49.1948,-26.4328],[-49.1858,-26.4339],[-49.186,-26.4289],[-49.1878,-26.3894],[-49.1797,-26.3819],[-49.1688,-26.3782],[-49.1578,-26.3588],[-49.1655,-26.3547],[-49.1677,-26.3278],[-49.1705,-26.3146],[-49.1682,-26.3079],[-49.2221,-26.282],[-49.2517,-26.2679],[-49.2396,-26.2657],[-49.232,-26.259],[-49.2263,-26.2355],[-49.2214,-26.2298],[-49.21,-26.2315],[-49.2044,-26.2286],[-49.2012,-26.2208],[-49.1857,-26.2165]]]}},{"type":"Feature","properties":{"nome":"Jardinópolis","cod":"4208955","uf":"SC"},"geometry":{"type":"Polygon","coordinates":[[[-52.8471,-26.6717],[-52.8436,-26.6863],[-52.8365,-26.6906],[-52.8348,-26.6968],[-52.8261,-26.6994],[-52.8171,-26.7338],[-52.8234,-26.7404],[-52.8365,-26.7428],[-52.8463,-26.74],[-52.8589,-26.7457],[-52.8593,-26.7458],[-52.8693,-26.7383],[-52.8737,-26.7402],[-52.8758,-26.7485],[-52.8979,-26.7692],[-52.9124,-26.7825],[-52.9176,-26.7824],[-52.9173,-26.779],[-52.9251,-26.7733],[-52.9124,-26.7707],[-52.9226,-26.7599],[-52.9092,-26.7581],[-52.907,-26.7552],[-52.9103,-26.7493],[-52.9152,-26.747],[-52.909,-26.7414],[-52.8974,-26.74],[-52.9038,-26.7278],[-52.9107,-26.73],[-52.9131,-26.7164],[-52.9016,-26.7193],[-52.8867,-26.7142],[-52.897,-26.712],[-52.9033,-26.7069],[-52.8959,-26.703],[-52.8861,-26.7048],[-52.8966,-26.6968],[-52.9069,-26.694],[-52.9007,-26.6912],[-52.9007,-26.6851],[-52.894,-26.6811],[-52.908,-26.6787],[-52.917,-26.6808],[-52.9197,-26.6723],[-52.9155,-26.6722],[-52.8516,-26.6688],[-52.8448,-26.6676],[-52.8465,-26.6691],[-52.8471,-26.6717]]]}},{"type":"Feature","properties":{"nome":"Joaçaba","cod":"4209003","uf":"SC"},"geometry":{"type":"Polygon","coordinates":[[[-51.5088,-27.1932],[-51.5091,-27.1984],[-51.5088,-27.2039],[-51.5135,-27.2084],[-51.5318,-27.2012],[-51.5361,-27.2047],[-51.5304,-27.2243],[-51.5395,-27.2383],[-51.5466,-27.2414],[-51.5506,-27.2342],[-51.5595,-27.2358],[-51.5604,-27.2311],[-51.5745,-27.2271],[-51.5752,-27.223],[-51.5822,-27.2245],[-51.6113,-27.2162],[-51.6148,-27.2114],[-51.6377,-27.1997],[-51.6431,-27.2031],[-51.6563,-27.2016],[-51.6639,-27.2022],[-51.6484,-27.1793],[-51.6679,-27.1775],[-51.6661,-27.1713],[-51.6786,-27.169],[-51.684,-27.1681],[-51.6777,-27.1585],[-51.687,-27.1301],[-51.676,-27.1175],[-51.6622,-27.1137],[-51.6591,-27.1072],[-51.6492,-27.1004],[-51.6489,-27.0993],[-51.642,-27.0928],[-51.6443,-27.0847],[-51.6355,-27.0767],[-51.6337,-27.0674],[-51.6245,-27.0607],[-51.6262,-27.0519],[-51.6183,-27.0408],[-51.6058,-27.0439],[-51.6014,-27.0516],[-51.6024,-27.0625],[-51.5939,-27.077],[-51.5876,-27.0817],[-51.5766,-27.0829],[-51.5632,-27.0921],[-51.5575,-27.1003],[-51.5581,-27.1092],[-51.5289,-27.1239],[-51.5114,-27.1354],[-51.4934,-27.1389],[-51.4854,-27.1432],[-51.4802,-27.1448],[-51.4801,-27.1626],[-51.49,-27.1648],[-51.5011,-27.1739],[-51.5036,-27.1896],[-51.5088,-27.1932]]]}},{"type":"Feature","properties":{"nome":"Joinville","cod":"4209102","uf":"SC"},"geometry":{"type":"Polygon","coordinates":[[[-49.0571,-26.0751],[-49.0463,-26.0875],[-49.0471,-26.109],[-49.0429,-26.113],[-49.0157,-26.1177],[-48.9748,-26.1248],[-48.884,-26.1235],[-48.8828,-26.1235],[-48.867,-26.1233],[-48.8278,-26.1232],[-48.8223,-26.1203],[-48.8165,-26.1283],[-48.7956,-26.131],[-48.7856,-26.1446],[-48.7847,-26.1457],[-48.7763,-26.1671],[-48.757,-26.1911],[-48.7564,-26.2],[-48.7632,-26.204],[-48.7626,-26.2164],[-48.7491,-26.2507],[-48.745,-26.2559],[-48.7399,-26.2858],[-48.7578,-26.2946],[-48.7484,-26.3071],[-48.7356,-26.3174],[-48.7238,-26.3399],[-48.7362,-26.3543],[-48.7401,-26.3518],[-48.7491,-26.3562],[-48.7455,-26.3588],[-48.7485,-26.3612],[-48.752,-26.3584],[-48.7562,-26.3608],[-48.7647,-26.3518],[-48.7935,-26.3652],[-48.8064,-26.3729],[-48.8082,-26.3903],[-48.8141,-26.3947],[-48.8238,-26.3982],[-48.8232,-26.4112],[-48.8029,-26.4147],[-48.8044,-26.4205],[-48.813,-26.4287],[-48.8227,-26.4381],[-48.8219,-26.4429],[-48.8291,-26.4468],[-48.8303,-26.4487],[-48.8364,-26.4463],[-48.8389,-26.4398],[-48.8527,-26.4232],[-48.8541,-26.4141],[-48.8736,-26.3916],[-48.8761,-26.3806],[-48.889,-26.3776],[-48.9075,-26.3734],[-48.9221,-26.3789],[-48.9195,-26.3906],[-48.9237,-26.4149],[-48.9293,-26.4208],[-48.9379,-26.4177],[-48.9494,-26.4117],[-48.9493,-26.407],[-48.959,-26.4044],[-48.9594,-26.4036],[-48.9752,-26.3941],[-49.0032,-26.3878],[-49.0042,-26.3714],[-49.0034,-26.3676],[-49.0154,-26.3599],[-49.0203,-26.3504],[-49.0168,-26.3439],[-49.0181,-26.3382],[-49.0108,-26.3258],[-48.9967,-26.3137],[-49.0082,-26.3069],[-49.0183,-26.3099],[-49.0272,-26.3062],[-49.0339,-26.3132],[-49.0392,-26.3078],[-49.0441,-26.3116],[-49.0423,-26.3079],[-49.0466,-26.306],[-49.0604,-26.3162],[-49.0658,-26.3148],[-49.06,-26.3021],[-49.051,-26.2951],[-49.0536,-26.2922],[-49.0497,-26.2844],[-49.0335,-26.2756],[-49.031,-26.2692],[-49.0344,-26.2609],[-49.0395,-26.2624],[-49.0408,-26.2681],[-49.048,-26.2734],[-49.0449,-26.2791],[-49.0572,-26.2789],[-49.0623,-26.296],[-49.069,-26.2971],[-49.0745,-26.2926],[-49.0817,-26.2947],[-49.0865,-26.3023],[-49.083,-26.3099],[-49.0882,-26.3163],[-49.0866,-26.3199],[-49.1078,-26.3416],[-49.1087,-26.3541],[-49.1051,-26.3607],[-49.1078,-26.3634],[-49.1108,-26.3703],[-49.1318,-26.3424],[-49.1334,-26.3414],[-49.1455,-26.3267],[-49.1431,-26.3029],[-49.1546,-26.3007],[-49.156,-26.2864],[-49.162,-26.2834],[-49.1641,-26.272],[-49.171,-26.269],[-49.1751,-26.2623],[-49.1681,-26.2443],[-49.1706,-26.2426],[-49.1692,-26.2182],[-49.1784,-26.2196],[-49.1857,-26.2165],[-49.2012,-26.2208],[-49.1976,-26.2057],[-49.1919,-26.2001],[-49.1813,-26.2013],[-49.1756,-26.2067],[-49.1692,-26.1994],[-49.1567,-26.1992],[-49.1637,-26.1878],[-49.1705,-26.1846],[-49.1714,-26.1779],[-49.1773,-26.176],[-49.1773,-26.1695],[-49.1836,-26.1649],[-49.1772,-26.16],[-49.1787,-26.1564],[-49.183,-26.1513],[-49.1911,-26.1499],[-49.1846,-26.1395],[-49.1785,-26.141],[-49.175,-26.137],[-49.1606,-26.1318],[-49.1578,-26.113],[-49.1507,-26.1112],[-49.1387,-26.1161],[-49.14,-26.1088],[-49.1354,-26.1077],[-49.1319,-26.1004],[-49.1157,-26.0986],[-49.1002,-26.0877],[-49.0894,-26.0889],[-49.0738,-26.077],[-49.0728,-26.0734],[-49.0571,-26.0751]]]}},{"type":"Feature","properties":{"nome":"José Boiteux","cod":"4209151","uf":"SC"},"geometry":{"type":"Polygon","coordinates":[[[-49.6445,-26.7689],[-49.6442,-26.7792],[-49.6213,-26.7782],[-49.6196,-26.7843],[-49.6072,-26.7842],[-49.5778,-26.7763],[-49.5706,-26.7814],[-49.5634,-26.7851],[-49.5654,-26.8021],[-49.5601,-26.8135],[-49.5625,-26.8243],[-49.5539,-26.8409],[-49.5521,-26.8529],[-49.5499,-26.8558],[-49.5531,-26.8685],[-49.5504,-26.8748],[-49.5469,-26.8904],[-49.5433,-26.8911],[-49.5459,-26.8996],[-49.5437,-26.9131],[-49.5695,-26.9381],[-49.5777,-26.9597],[-49.5763,-26.9765],[-49.5765,-26.9907],[-49.5809,-27.0005],[-49.6007,-27.0099],[-49.6052,-27.0028],[-49.632,-26.9956],[-49.6392,-26.9779],[-49.6539,-26.9654],[-49.6553,-26.9587],[-49.6767,-26.9459],[-49.6905,-26.9254],[-49.6883,-26.9218],[-49.6824,-26.9121],[-49.7088,-26.9179],[-49.7232,-26.9171],[-49.7251,-26.9115],[-49.7384,-26.9118],[-49.76,-26.9029],[-49.7701,-26.8932],[-49.7691,-26.8891],[-49.7458,-26.8809],[-49.7194,-26.8585],[-49.7052,-26.8682],[-49.7054,-26.8579],[-49.708,-26.851],[-49.7053,-26.847],[-49.7139,-26.8348],[-49.7339,-26.8175],[-49.7435,-26.7987],[-49.7535,-26.7936],[-49.75,-26.7852],[-49.742,-26.7829],[-49.7301,-26.7663],[-49.7272,-26.7628],[-49.7252,-26.7542],[-49.7284,-26.7452],[-49.7195,-26.7217],[-49.7101,-26.7188],[-49.7022,-26.704],[-49.6936,-26.6988],[-49.6815,-26.7019],[-49.6697,-26.7364],[-49.6649,-26.7405],[-49.658,-26.7406],[-49.6593,-26.748],[-49.6562,-26.7519],[-49.6525,-26.7621],[-49.6445,-26.7689]]]}},{"type":"Feature","properties":{"nome":"Jupiá","cod":"4209177","uf":"SC"},"geometry":{"type":"Polygon","coordinates":[[[-52.7373,-26.3417],[-52.7251,-26.3479],[-52.7184,-26.3569],[-52.7083,-26.3546],[-52.7029,-26.3567],[-52.7025,-26.357],[-52.7001,-26.3576],[-52.692,-26.3529],[-52.6853,-26.3551],[-52.6781,-26.3522],[-52.6628,-26.3688],[-52.6577,-26.3743],[-52.6444,-26.3804],[-52.6667,-26.3947],[-52.6647,-26.4019],[-52.6723,-26.4124],[-52.6872,-26.4094],[-52.6934,-26.4154],[-52.6877,-26.4216],[-52.691,-26.4234],[-52.7002,-26.4199],[-52.7062,-26.4233],[-52.7148,-26.4349],[-52.7286,-26.4397],[-52.724,-26.4541],[-52.7287,-26.4597],[-52.7397,-26.4621],[-52.7378,-26.4607],[-52.742,-26.4574],[-52.7377,-26.4534],[-52.7453,-26.4449],[-52.7472,-26.4576],[-52.7555,-26.4536],[-52.7614,-26.4572],[-52.7682,-26.4532],[-52.7601,-26.4507],[-52.7616,-26.4432],[-52.7482,-26.4426],[-52.7512,-26.4349],[-52.7586,-26.4356],[-52.7581,-26.4298],[-52.7629,-26.4325],[-52.7668,-26.4288],[-52.7598,-26.4228],[-52.7626,-26.4185],[-52.7575,-26.4133],[-52.7612,-26.411],[-52.765,-26.4149],[-52.77,-26.4082],[-52.7626,-26.4072],[-52.76,-26.3978],[-52.7758,-26.3801],[-52.7587,-26.3617],[-52.763,-26.3532],[-52.7592,-26.3526],[-52.7557,-26.3521],[-52.7512,-26.3441],[-52.7415,-26.345],[-52.7373,-26.3417]]]}},{"type":"Feature","properties":{"nome":"Lacerdópolis","cod":"4209201","uf":"SC"},"geometry":{"type":"Polygon","coordinates":[[[-51.6377,-27.1997],[-51.6148,-27.2114],[-51.6113,-27.2162],[-51.5822,-27.2245],[-51.5752,-27.223],[-51.5745,-27.2271],[-51.5604,-27.2311],[-51.5595,-27.2358],[-51.5506,-27.2342],[-51.5466,-27.2414],[-51.5395,-27.2383],[-51.5309,-27.2439],[-51.528,-27.2517],[-51.5384,-27.2575],[-51.5406,-27.2651],[-51.5459,-27.2641],[-51.5535,-27.2625],[-51.5528,-27.2684],[-51.528,-27.2699],[-51.5231,-27.2714],[-51.5235,-27.278],[-51.5267,-27.2813],[-51.5373,-27.2819],[-51.5453,-27.2824],[-51.557,-27.2748],[-51.5648,-27.274],[-51.5614,-27.2947],[-51.5709,-27.2996],[-51.5776,-27.3143],[-51.5826,-27.2931],[-51.5884,-27.2905],[-51.5945,-27.2973],[-51.6026,-27.2871],[-51.5962,-27.2704],[-51.6274,-27.2549],[-51.6347,-27.2612],[-51.6424,-27.247],[-51.6483,-27.2359],[-51.6431,-27.2303],[-51.6353,-27.2303],[-51.6324,-27.2242],[-51.6473,-27.2141],[-51.6498,-27.2191],[-51.6563,-27.2016],[-51.6431,-27.2031],[-51.6377,-27.1997]]]}},{"type":"Feature","properties":{"nome":"Lages","cod":"4209300","uf":"SC"},"geometry":{"type":"Polygon","coordinates":[[[-50.0132,-27.5774],[-50.0173,-27.5849],[-50.0256,-27.5879],[-50.0302,-27.5938],[-50.014,-27.6051],[-50.0137,-27.6092],[-50.0219,-27.6136],[-50.0131,-27.6236],[-50.0218,-27.6252],[-50.0243,-27.6312],[-50.0205,-27.6335],[-50.0085,-27.6317],[-50.0006,-27.6398],[-50.0019,-27.6488],[-49.9986,-27.6494],[-49.9999,-27.6596],[-50.0042,-27.6643],[-50.0022,-27.6727],[-50.0124,-27.6718],[-50.0272,-27.6922],[-50.0245,-27.6953],[-50.0294,-27.7004],[-50.0244,-27.7071],[-50.0317,-27.7139],[-50.0287,-27.7199],[-50.032,-27.7238],[-50.0288,-27.7263],[-50.0242,-27.7299],[-50.0304,-27.7483],[-50.0281,-27.7534],[-50.0412,-27.7607],[-50.0434,-27.7723],[-50.0623,-27.7736],[-50.075,-27.782],[-50.0757,-27.7872],[-50.0787,-27.8007],[-50.0686,-27.8102],[-50.0675,-27.8243],[-50.0723,-27.8391],[-50.0765,-27.8419],[-50.08,-27.8401],[-50.0909,-27.8486],[-50.0948,-27.8455],[-50.0966,-27.8545],[-50.1082,-27.8568],[-50.1128,-27.8528],[-50.1311,-27.8582],[-50.1418,-27.853],[-50.143,-27.858],[-50.1605,-27.8598],[-50.1698,-27.8689],[-50.1805,-27.8631],[-50.1897,-27.8657],[-50.2014,-27.8629],[-50.2056,-27.8663],[-50.2018,-27.8691],[-50.2136,-27.8742],[-50.2143,-27.8956],[-50.2064,-27.9087],[-50.1928,-27.9148],[-50.1821,-27.9394],[-50.1961,-27.9664],[-50.1969,-27.9809],[-50.1956,-27.9852],[-50.2011,-27.9933],[-50.1914,-28.0882],[-50.1951,-28.0981],[-50.1999,-28.1102],[-50.194,-28.1282],[-50.1886,-28.1338],[-50.1887,-28.14],[-50.1755,-28.1515],[-50.1724,-28.1614],[-50.1807,-28.1639],[-50.1869,-28.1617],[-50.1881,-28.1647],[-50.1821,-28.1712],[-50.1819,-28.1772],[-50.1715,-28.1845],[-50.1828,-28.1918],[-50.1705,-28.196],[-50.1671,-28.2018],[-50.1743,-28.2013],[-50.18,-28.2077],[-50.1933,-28.2011],[-50.1941,-28.2046],[-50.1875,-28.2111],[-50.1904,-28.2179],[-50.2001,-28.2146],[-50.2012,-28.2068],[-50.2163,-28.2065],[-50.2316,-28.2188],[-50.2297,-28.2214],[-50.2182,-28.2212],[-50.2177,-28.235],[-50.2265,-28.2339],[-50.2288,-28.2427],[-50.2191,-28.247],[-50.2171,-28.2507],[-50.2264,-28.2571],[-50.2452,-28.2568],[-50.2485,-28.2643],[-50.2443,-28.2894],[-50.2318,-28.2952],[-50.232,-28.302],[-50.2455,-28.3052],[-50.2552,-28.3037],[-50.2486,-28.3108],[-50.25,-28.3148],[-50.271,-28.3095],[-50.2768,-28.3108],[-50.278,-28.3224],[-50.2647,-28.3294],[-50.2709,-28.343],[-50.2783,-28.3491],[-50.2892,-28.3456],[-50.3086,-28.3541],[-50.3231,-28.3645],[-50.3362,-28.3681],[-50.3318,-28.3765],[-50.3347,-28.3814],[-50.3651,-28.3805],[-50.3688,-28.3719],[-50.379,-28.3735],[-50.386,-28.3869],[-50.4053,-28.3937],[-50.4026,-28.4102],[-50.4049,-28.4231],[-50.4166,-28.4234],[-50.4238,-28.4325],[-50.4305,-28.4322],[-50.4476,-28.4219],[-50.4556,-28.4103],[-50.4701,-28.4144],[-50.4985,-28.4122],[-50.5097,-28.4054],[-50.5229,-28.4028],[-50.5309,-28.4057],[-50.5275,-28.422],[-50.5312,-28.4278],[-50.5436,-28.4267],[-50.5492,-28.4197],[-50.5623,-28.414],[-50.576,-28.3934],[-50.5912,-28.3817],[-50.5973,-28.3805],[-50.6119,-28.3927],[-50.6246,-28.391],[-50.6323,-28.379],[-50.6279,-28.3636],[-50.6515,-28.3428],[-50.6646,-28.3375],[-50.6589,-28.3216],[-50.6803,-28.2975],[-50.6941,-28.2883],[-50.6947,-28.2702],[-50.6863,-28.2699],[-50.673,-28.2555],[-50.6655,-28.2544],[-50.6676,-28.2649],[-50.6636,-28.2722],[-50.6727,-28.2842],[-50.6663,-28.2873],[-50.6585,-28.2836],[-50.6575,-28.2922],[-50.6431,-28.2888],[-50.6296,-28.2959],[-50.6286,-28.2855],[-50.6222,-28.2885],[-50.6226,-28.2835],[-50.6162,-28.2845],[-50.612,-28.2776],[-50.6009,-28.2763],[-50.5997,-28.2677],[-50.5974,-28.2735],[-50.5884,-28.2655],[-50.583,-28.2764],[-50.5729,-28.2659],[-50.5718,-28.2603],[-50.5765,-28.2588],[-50.5743,-28.2547],[-50.5631,-28.2597],[-50.5619,-28.2521],[-50.544,-28.2504],[-50.5406,-28.2427],[-50.5459,-28.2364],[-50.535,-28.2335],[-50.5385,-28.2225],[-50.5272,-28.217],[-50.5178,-28.2189],[-50.5156,-28.215],[-50.5119,-28.2105],[-50.5167,-28.2064],[-50.5089,-28.2044],[-50.5115,-28.2001],[-50.5043,-28.1936],[-50.5084,-28.1907],[-50.5085,-28.1807],[-50.5169,-28.177],[-50.5172,-28.1638],[-50.5227,-28.1571],[-50.5185,-28.1445],[-50.5199,-28.1327],[-50.5198,-28.1265],[-50.5128,-28.1261],[-50.5001,-28.1143],[-50.4933,-28.1132],[-50.4899,-28.1089],[-50.4899,-28.0977],[-50.4745,-28.0885],[-50.4722,-28.0832],[-50.4644,-28.08],[-50.4614,-28.0857],[-50.4478,-28.0824],[-50.4283,-28.0595],[-50.4008,-28.0475],[-50.3922,-28.0366],[-50.3913,-28.0295],[-50.3886,-28.0228],[-50.402,-28.0091],[-50.4019,-28.0056],[-50.41,-27.9992],[-50.4016,-27.9891],[-50.4015,-27.9769],[-50.3711,-27.9643],[-50.3702,-27.9458],[-50.3731,-27.9403],[-50.3575,-27.9253],[-50.3709,-27.9069],[-50.3717,-27.8984],[-50.3796,-27.8925],[-50.3778,-27.8843],[-50.3831,-27.8797],[-50.3887,-27.8825],[-50.3942,-27.8752],[-50.404,-27.8747],[-50.4042,-27.8745],[-50.4164,-27.8678],[-50.4141,-27.8627],[-50.4244,-27.8686],[-50.4286,-27.8628],[-50.4368,-27.8723],[-50.4425,-27.8619],[-50.4553,-27.8669],[-50.4632,-27.8644],[-50.4579,-27.8581],[-50.4606,-27.8561],[-50.4688,-27.8556],[-50.4804,-27.8629],[-50.5197,-27.8739],[-50.5346,-27.8744],[-50.5454,-27.8689],[-50.5517,-27.8562],[-50.5583,-27.8585],[-50.5667,-27.8462],[-50.5877,-27.835],[-50.6051,-27.8327],[-50.6112,-27.8235],[-50.607,-27.8167],[-50.61,-27.8108],[-50.6204,-27.8082],[-50.6085,-27.7969],[-50.6102,-27.7918],[-50.6295,-27.7851],[-50.6274,-27.7744],[-50.6191,-27.7756],[-50.6139,-27.7722],[-50.6274,-27.7641],[-50.6141,-27.7538],[-50.622,-27.7575],[-50.6401,-27.7591],[-50.6336,-27.7488],[-50.6346,-27.7373],[-50.6289,-27.7328],[-50.6323,-27.7287],[-50.6394,-27.7315],[-50.6446,-27.7252],[-50.6409,-27.7139],[-50.6362,-27.7142],[-50.6306,-27.7068],[-50.6275,-27.7093],[-50.6248,-27.7183],[-50.6048,-27.7283],[-50.5949,-27.7079],[-50.5868,-27.7139],[-50.5823,-27.7075],[-50.5744,-27.7148],[-50.5825,-27.7278],[-50.5803,-27.7307],[-50.5768,-27.7244],[-50.5727,-27.7242],[-50.5683,-27.7318],[-50.5591,-27.7234],[-50.5541,-27.7236],[-50.5515,-27.7338],[-50.5424,-27.7341],[-50.5564,-27.7521],[-50.5517,-27.7548],[-50.5423,-27.7511],[-50.5403,-27.757],[-50.5447,-27.7634],[-50.5228,-27.7665],[-50.5295,-27.776],[-50.52,-27.7802],[-50.5184,-27.7867],[-50.5042,-27.783],[-50.4982,-27.7769],[-50.4951,-27.7745],[-50.4958,-27.7688],[-50.4813,-27.7715],[-50.4712,-27.767],[-50.471,-27.774],[-50.4525,-27.7704],[-50.4433,-27.7752],[-50.4408,-27.7699],[-50.4349,-27.7735],[-50.4238,-27.7615],[-50.419,-27.7616],[-50.408,-27.7533],[-50.4056,-27.7468],[-50.3991,-27.7502],[-50.393,-27.7474],[-50.3915,-27.7286],[-50.3827,-27.7339],[-50.3782,-27.7309],[-50.3786,-27.7391],[-50.3689,-27.7467],[-50.3602,-27.745],[-50.3582,-27.7358],[-50.3533,-27.7466],[-50.3435,-27.7404],[-50.3357,-27.7458],[-50.3286,-27.7461],[-50.3277,-27.7493],[-50.3096,-27.7482],[-50.3045,-27.7293],[-50.3056,-27.7237],[-50.2977,-27.7047],[-50.309,-27.692],[-50.3123,-27.6809],[-50.311,-27.6776],[-50.2924,-27.6766],[-50.2731,-27.6755],[-50.2045,-27.6362],[-50.1973,-27.6323],[-50.1935,-27.6392],[-50.1864,-27.6421],[-50.1878,-27.6519],[-50.1638,-27.6653],[-50.1533,-27.6514],[-50.1495,-27.6546],[-50.1386,-27.7035],[-50.1374,-27.7083],[-50.1343,-27.6944],[-50.1053,-27.6756],[-50.1036,-27.6628],[-50.0984,-27.6629],[-50.099,-27.6581],[-50.0934,-27.6534],[-50.0944,-27.6493],[-50.0905,-27.6494],[-50.0903,-27.6426],[-50.0857,-27.6397],[-50.085,-27.6324],[-50.0802,-27.6306],[-50.0805,-27.6262],[-50.0729,-27.6227],[-50.069,-27.6254],[-50.0618,-27.618],[-50.0558,-27.6177],[-50.0565,-27.6093],[-50.0523,-27.5981],[-50.0543,-27.5921],[-50.0485,-27.5909],[-50.0498,-27.5792],[-50.0471,-27.5773],[-50.0419,-27.5844],[-50.0347,-27.5838],[-50.0254,-27.5687],[-50.0204,-27.5689],[-50.0132,-27.5774]]]}},{"type":"Feature","properties":{"nome":"Laguna","cod":"4209409","uf":"SC"},"geometry":{"type":"Polygon","coordinates":[[[-48.7063,-28.3408],[-48.727,-28.3637],[-48.7406,-28.3863],[-48.7475,-28.4129],[-48.7462,-28.42],[-48.7386,-28.4227],[-48.7483,-28.4288],[-48.7589,-28.4435],[-48.7672,-28.4751],[-48.7637,-28.491],[-48.7608,-28.4947],[-48.7564,-28.494],[-48.7465,-28.4947],[-48.7477,-28.5003],[-48.7421,-28.503],[-48.7425,-28.5076],[-48.7474,-28.5071],[-48.7553,-28.516],[-48.7582,-28.523],[-48.7547,-28.5271],[-48.7572,-28.5377],[-48.7618,-28.5367],[-48.7814,-28.5516],[-48.7855,-28.5593],[-48.7813,-28.5641],[-48.7832,-28.569],[-48.7908,-28.568],[-48.8134,-28.5896],[-48.8143,-28.6003],[-48.81,-28.6011],[-48.8093,-28.605],[-48.8179,-28.6094],[-48.826,-28.6071],[-48.8343,-28.6121],[-48.8425,-28.611],[-48.8546,-28.615],[-48.8597,-28.6075],[-48.8655,-28.604],[-48.8745,-28.5946],[-48.905,-28.6031],[-48.9308,-28.594],[-48.9443,-28.5942],[-48.9344,-28.5797],[-48.9019,-28.5325],[-48.9035,-28.529],[-48.9224,-28.5127],[-48.9118,-28.5121],[-48.907,-28.5208],[-48.895,-28.5242],[-48.8955,-28.5142],[-48.9078,-28.5105],[-48.9139,-28.4973],[-48.9251,-28.4932],[-48.9236,-28.4882],[-48.9142,-28.4695],[-48.9159,-28.4585],[-48.9217,-28.451],[-48.9241,-28.4361],[-48.9334,-28.4249],[-48.9359,-28.4222],[-48.9401,-28.4111],[-48.9341,-28.3967],[-48.935,-28.3911],[-48.9385,-28.3833],[-48.934,-28.3814],[-48.9375,-28.3725],[-48.9357,-28.3656],[-48.9487,-28.36],[-48.9277,-28.3489],[-48.9164,-28.3543],[-48.9094,-28.3518],[-48.9057,-28.3587],[-48.8915,-28.3608],[-48.8913,-28.3606],[-48.8055,-28.3553],[-48.7757,-28.3583],[-48.7632,-28.3563],[-48.7512,-28.345],[-48.7553,-28.3245],[-48.7437,-28.3283],[-48.7063,-28.3408]]]}},{"type":"Feature","properties":{"nome":"Lajeado Grande","cod":"4209458","uf":"SC"},"geometry":{"type":"Polygon","coordinates":[[[-52.4794,-26.8448],[-52.4728,-26.8514],[-52.4721,-26.8574],[-52.48,-26.8563],[-52.5054,-26.8695],[-52.5106,-26.868],[-52.5279,-26.8775],[-52.5344,-26.8751],[-52.5382,-26.8777],[-52.5407,-26.874],[-52.5528,-26.8747],[-52.5567,-26.8849],[-52.5717,-26.8891],[-52.5776,-26.8907],[-52.5881,-26.8936],[-52.6084,-26.8848],[-52.6208,-26.8645],[-52.6054,-26.8607],[-52.6084,-26.8528],[-52.6027,-26.8441],[-52.5899,-26.8387],[-52.5773,-26.8421],[-52.5726,-26.8391],[-52.5702,-26.8424],[-52.5583,-26.8458],[-52.5532,-26.8434],[-52.5578,-26.8336],[-52.5592,-26.8107],[-52.5513,-26.8007],[-52.5342,-26.8082],[-52.5291,-26.8245],[-52.528,-26.8303],[-52.4989,-26.8422],[-52.4794,-26.8448]]]}},{"type":"Feature","properties":{"nome":"Laurentino","cod":"4209508","uf":"SC"},"geometry":{"type":"Polygon","coordinates":[[[-49.7171,-27.1426],[-49.7105,-27.1509],[-49.7043,-27.1639],[-49.7058,-27.1723],[-49.7019,-27.1747],[-49.7041,-27.1852],[-49.694,-27.1888],[-49.6835,-27.198],[-49.6955,-27.2004],[-49.6891,-27.209],[-49.6978,-27.2172],[-49.6965,-27.2274],[-49.6909,-27.2294],[-49.6884,-27.2361],[-49.6906,-27.2442],[-49.6927,-27.244],[-49.6954,-27.2448],[-49.7088,-27.248],[-49.7358,-27.262],[-49.7538,-27.244],[-49.7777,-27.2511],[-49.7862,-27.2471],[-49.7922,-27.2532],[-49.8017,-27.2487],[-49.7982,-27.2441],[-49.8025,-27.2383],[-49.7878,-27.2406],[-49.7766,-27.2288],[-49.7771,-27.2243],[-49.7647,-27.2215],[-49.7697,-27.2143],[-49.7682,-27.2091],[-49.7647,-27.2082],[-49.7629,-27.2079],[-49.7572,-27.202],[-49.7592,-27.1949],[-49.7504,-27.1741],[-49.7605,-27.1764],[-49.7565,-27.1571],[-49.7538,-27.1521],[-49.7414,-27.1452],[-49.7341,-27.1476],[-49.7243,-27.1439],[-49.7194,-27.1442],[-49.7171,-27.1426]]]}},{"type":"Feature","properties":{"nome":"Lauro Muller","cod":"4209607","uf":"SC"},"geometry":{"type":"Polygon","coordinates":[[[-49.5146,-28.3039],[-49.5041,-28.3081],[-49.4976,-28.3041],[-49.4837,-28.3036],[-49.4728,-28.3096],[-49.468,-28.3122],[-49.4584,-28.3208],[-49.4478,-28.3227],[-49.4397,-28.3184],[-49.4331,-28.3158],[-49.4201,-28.3224],[-49.408,-28.3295],[-49.4063,-28.3355],[-49.3982,-28.3341],[-49.3909,-28.3384],[-49.3859,-28.3364],[-49.3776,-28.3431],[-49.3741,-28.3391],[-49.3606,-28.3415],[-49.3578,-28.3452],[-49.3597,-28.3518],[-49.3548,-28.3542],[-49.359,-28.3644],[-49.3413,-28.3651],[-49.341,-28.3654],[-49.3387,-28.4011],[-49.3333,-28.4043],[-49.3429,-28.4093],[-49.3362,-28.4174],[-49.3385,-28.4213],[-49.3454,-28.4165],[-49.3532,-28.4184],[-49.363,-28.4116],[-49.365,-28.416],[-49.3672,-28.4361],[-49.3726,-28.439],[-49.3812,-28.4559],[-49.3975,-28.4642],[-49.4013,-28.4601],[-49.4117,-28.4625],[-49.4287,-28.4587],[-49.4459,-28.4513],[-49.4555,-28.4422],[-49.4686,-28.4366],[-49.486,-28.4414],[-49.5196,-28.4355],[-49.5318,-28.4383],[-49.5343,-28.4352],[-49.5361,-28.428],[-49.5376,-28.4346],[-49.5503,-28.4405],[-49.5494,-28.436],[-49.5604,-28.4345],[-49.5574,-28.4242],[-49.5668,-28.4136],[-49.5447,-28.4017],[-49.5522,-28.3997],[-49.5432,-28.3829],[-49.5513,-28.3841],[-49.5531,-28.3765],[-49.5596,-28.3721],[-49.5506,-28.3671],[-49.5514,-28.3524],[-49.5324,-28.3507],[-49.5317,-28.3425],[-49.5449,-28.3444],[-49.5351,-28.3318],[-49.5321,-28.3157],[-49.5354,-28.3137],[-49.5316,-28.3064],[-49.5235,-28.3077],[-49.5146,-28.3039]]]}},{"type":"Feature","properties":{"nome":"Lebon Régis","cod":"4209706","uf":"SC"},"geometry":{"type":"Polygon","coordinates":[[[-50.7825,-26.6833],[-50.7557,-26.6912],[-50.7505,-26.6828],[-50.7345,-26.6889],[-50.7294,-26.6849],[-50.7181,-26.6848],[-50.7184,-26.676],[-50.7031,-26.6742],[-50.7025,-26.6605],[-50.6898,-26.6575],[-50.6809,-26.6638],[-50.6757,-26.6617],[-50.6725,-26.6707],[-50.6586,-26.6765],[-50.649,-26.6968],[-50.655,-26.7078],[-50.6522,-26.7114],[-50.6371,-26.7123],[-50.6322,-26.7188],[-50.6242,-26.7193],[-50.6057,-26.7322],[-50.6017,-26.739],[-50.5893,-26.7391],[-50.5869,-26.7498],[-50.5816,-26.7551],[-50.5699,-26.7578],[-50.5645,-26.7656],[-50.556,-26.7709],[-50.5472,-26.7676],[-50.5442,-26.7746],[-50.5412,-26.7721],[-50.527,-26.7805],[-50.5086,-26.7953],[-50.5051,-26.8082],[-50.4876,-26.8168],[-50.4971,-26.8188],[-50.5116,-26.8244],[-50.519,-26.8217],[-50.5424,-26.8339],[-50.5524,-26.8282],[-50.5628,-26.8381],[-50.5622,-26.8431],[-50.5744,-26.8436],[-50.5761,-26.8532],[-50.5826,-26.8565],[-50.5875,-26.8648],[-50.5829,-26.8673],[-50.5758,-26.8655],[-50.5742,-26.8691],[-50.5882,-26.8748],[-50.5841,-26.8865],[-50.5906,-26.8923],[-50.5941,-26.9035],[-50.5996,-26.911],[-50.5914,-26.9221],[-50.5951,-26.9334],[-50.6055,-26.9355],[-50.611,-26.9415],[-50.6083,-26.9484],[-50.6185,-26.9532],[-50.6153,-26.9653],[-50.6088,-26.9694],[-50.614,-26.9743],[-50.6037,-26.9735],[-50.6051,-26.9775],[-50.601,-26.9836],[-50.6047,-26.9917],[-50.6133,-26.9872],[-50.625,-26.9898],[-50.6186,-26.9966],[-50.6189,-27.0014],[-50.6312,-27.0078],[-50.6301,-27.0179],[-50.6376,-27.0273],[-50.6412,-27.0293],[-50.6491,-27.0253],[-50.6568,-27.0272],[-50.6493,-27.0403],[-50.6562,-27.0471],[-50.6545,-27.0501],[-50.6627,-27.0535],[-50.658,-27.0635],[-50.6653,-27.0695],[-50.671,-27.0671],[-50.6699,-27.0759],[-50.6576,-27.0852],[-50.6598,-27.0874],[-50.6707,-27.0849],[-50.6744,-27.0788],[-50.6898,-27.0825],[-50.688,-27.0926],[-50.698,-27.0914],[-50.7081,-27.0997],[-50.7202,-27.0974],[-50.7224,-27.0906],[-50.7129,-27.0896],[-50.7116,-27.0864],[-50.7133,-27.0827],[-50.724,-27.0791],[-50.7337,-27.0657],[-50.7327,-27.0613],[-50.7284,-27.062],[-50.7316,-27.0558],[-50.7233,-27.0614],[-50.7205,-27.0593],[-50.7251,-27.0547],[-50.7242,-27.0507],[-50.7307,-27.0461],[-50.731,-27.0341],[-50.7501,-27.0299],[-50.7477,-27.0256],[-50.7354,-27.0239],[-50.7328,-27.0171],[-50.7376,-27.0155],[-50.7467,-27.0133],[-50.7503,-27.0083],[-50.7479,-27.0049],[-50.7451,-26.9988],[-50.7509,-26.9975],[-50.7596,-27.0022],[-50.7598,-26.9927],[-50.7647,-26.9877],[-50.7654,-26.9972],[-50.7803,-26.9913],[-50.7767,-26.9986],[-50.7837,-26.9977],[-50.7824,-27.0027],[-50.7909,-27.0021],[-50.7894,-27.0075],[-50.7964,-27.0123],[-50.8021,-27.0123],[-50.8026,-27.0079],[-50.7979,-26.9969],[-50.8139,-26.9959],[-50.8139,-26.9897],[-50.8249,-26.9894],[-50.8224,-26.977],[-50.8339,-26.9648],[-50.8343,-26.9397],[-50.844,-26.9336],[-50.8458,-26.9262],[-50.8462,-26.9252],[-50.8477,-26.9199],[-50.8389,-26.9047],[-50.8426,-26.8949],[-50.8402,-26.8746],[-50.8466,-26.8724],[-50.8535,-26.853],[-50.8501,-26.85],[-50.8397,-26.8337],[-50.8324,-26.83],[-50.832,-26.8213],[-50.8228,-26.819],[-50.8195,-26.799],[-50.8007,-26.7809],[-50.8022,-26.772],[-50.8047,-26.7653],[-50.7864,-26.7629],[-50.7835,-26.7565],[-50.8112,-26.7414],[-50.8147,-26.7319],[-50.8278,-26.7224],[-50.8317,-26.7076],[-50.8238,-26.684],[-50.808,-26.6654],[-50.8077,-26.6539],[-50.7825,-26.6833]]]}},{"type":"Feature","properties":{"nome":"Leoberto Leal","cod":"4209805","uf":"SC"},"geometry":{"type":"Polygon","coordinates":[[[-49.2252,-27.3205],[-49.2123,-27.3283],[-49.1937,-27.3302],[-49.185,-27.3448],[-49.184,-27.35],[-49.1735,-27.3567],[-49.1618,-27.3711],[-49.1729,-27.3825],[-49.1815,-27.3844],[-49.1816,-27.3902],[-49.187,-27.3953],[-49.1888,-27.4067],[-49.2034,-27.4076],[-49.213,-27.4153],[-49.2215,-27.421],[-49.2149,-27.4318],[-49.2236,-27.4416],[-49.2196,-27.4475],[-49.2213,-27.4573],[-49.2173,-27.469],[-49.226,-27.4755],[-49.2232,-27.4814],[-49.2174,-27.4827],[-49.2248,-27.4918],[-49.2366,-27.5013],[-49.2445,-27.5017],[-49.2421,-27.5058],[-49.2459,-27.5164],[-49.2463,-27.5184],[-49.2478,-27.528],[-49.257,-27.5363],[-49.2587,-27.5506],[-49.2555,-27.5572],[-49.2621,-27.5701],[-49.2594,-27.5777],[-49.2548,-27.5785],[-49.2499,-27.5777],[-49.2525,-27.5877],[-49.2451,-27.5979],[-49.2404,-27.6022],[-49.2351,-27.6008],[-49.2276,-27.6181],[-49.2143,-27.6266],[-49.211,-27.6281],[-49.2015,-27.6455],[-49.2133,-27.6542],[-49.2362,-27.6508],[-49.2451,-27.6534],[-49.2536,-27.6546],[-49.2693,-27.6498],[-49.2833,-27.642],[-49.2859,-27.6328],[-49.2871,-27.623],[-49.3012,-27.6147],[-49.3038,-27.602],[-49.301,-27.5841],[-49.3046,-27.5803],[-49.3126,-27.5829],[-49.3186,-27.5724],[-49.318,-27.5673],[-49.3265,-27.5576],[-49.3179,-27.5463],[-49.325,-27.5333],[-49.3234,-27.5201],[-49.3097,-27.5043],[-49.293,-27.4709],[-49.2994,-27.4504],[-49.2934,-27.4385],[-49.295,-27.4297],[-49.2963,-27.4246],[-49.307,-27.4168],[-49.3083,-27.4064],[-49.3094,-27.3926],[-49.3037,-27.3819],[-49.2927,-27.373],[-49.295,-27.3658],[-49.2965,-27.3596],[-49.2933,-27.3556],[-49.2783,-27.345],[-49.279,-27.337],[-49.2714,-27.3323],[-49.2465,-27.3249],[-49.2332,-27.327],[-49.2252,-27.3205]]]}},{"type":"Feature","properties":{"nome":"Lindóia do Sul","cod":"4209854","uf":"SC"},"geometry":{"type":"Polygon","coordinates":[[[-52.012,-26.9486],[-52.0135,-26.9534],[-52.0056,-26.9591],[-51.9991,-26.983],[-52.0068,-26.985],[-52.0043,-27.0004],[-52.0114,-27.0042],[-52.0192,-27.0202],[-52.0055,-27.0214],[-52.0083,-27.0346],[-52.0,-27.0354],[-51.9953,-27.0393],[-51.9999,-27.0579],[-51.9963,-27.0683],[-51.9977,-27.0973],[-51.9925,-27.1025],[-51.991,-27.1136],[-51.9942,-27.1166],[-51.9912,-27.1204],[-51.9958,-27.1351],[-52.0054,-27.1326],[-52.0085,-27.1257],[-52.0134,-27.1259],[-52.018,-27.1328],[-52.0172,-27.1394],[-52.0245,-27.1378],[-52.0299,-27.1437],[-52.0378,-27.1385],[-52.0447,-27.1404],[-52.0467,-27.1177],[-52.0526,-27.1148],[-52.0444,-27.1097],[-52.0461,-27.1076],[-52.0462,-27.0985],[-52.0497,-27.0959],[-52.061,-27.1019],[-52.0644,-27.1005],[-52.0639,-27.0803],[-52.0838,-27.0799],[-52.084,-27.0756],[-52.0904,-27.0746],[-52.095,-27.0555],[-52.1006,-27.0551],[-52.1122,-27.0528],[-52.1177,-27.0559],[-52.1234,-27.0382],[-52.1194,-27.0138],[-52.1253,-27.0128],[-52.128,-27.0078],[-52.1067,-26.9967],[-52.1185,-26.9826],[-52.112,-26.9733],[-52.1173,-26.9696],[-52.1124,-26.9634],[-52.1088,-26.9549],[-52.102,-26.9501],[-52.0942,-26.9511],[-52.0934,-26.946],[-52.0819,-26.9521],[-52.0722,-26.9425],[-52.0699,-26.9526],[-52.0672,-26.9598],[-52.0552,-26.9612],[-52.0526,-26.959],[-52.0554,-26.9519],[-52.048,-26.952],[-52.0424,-26.9575],[-52.0385,-26.9537],[-52.0403,-26.947],[-52.0358,-26.9477],[-52.0312,-26.9429],[-52.031,-26.9476],[-52.0239,-26.9502],[-52.0141,-26.9416],[-52.012,-26.9486]]]}},{"type":"Feature","properties":{"nome":"Lontras","cod":"4209904","uf":"SC"},"geometry":{"type":"Polygon","coordinates":[[[-49.5172,-27.0793],[-49.5103,-27.083],[-49.4952,-27.0787],[-49.4906,-27.0832],[-49.4931,-27.0873],[-49.4766,-27.0951],[-49.4663,-27.1053],[-49.4705,-27.1059],[-49.4662,-27.1137],[-49.4668,-27.1252],[-49.4608,-27.1471],[-49.4557,-27.1571],[-49.4635,-27.1708],[-49.4365,-27.1846],[-49.4548,-27.198],[-49.4567,-27.2068],[-49.4603,-27.2099],[-49.4578,-27.2113],[-49.4625,-27.2273],[-49.4494,-27.2452],[-49.451,-27.2493],[-49.4465,-27.255],[-49.4527,-27.2722],[-49.467,-27.2798],[-49.4744,-27.2888],[-49.4855,-27.2924],[-49.4888,-27.2982],[-49.4966,-27.2977],[-49.5103,-27.2825],[-49.5099,-27.2771],[-49.5275,-27.2716],[-49.536,-27.2563],[-49.5438,-27.2504],[-49.5509,-27.2349],[-49.5508,-27.232],[-49.5427,-27.2282],[-49.5433,-27.2182],[-49.5555,-27.2068],[-49.5716,-27.1789],[-49.572,-27.1781],[-49.5744,-27.1739],[-49.5763,-27.1675],[-49.5754,-27.162],[-49.5723,-27.1435],[-49.5916,-27.1429],[-49.5927,-27.1273],[-49.5771,-27.1275],[-49.545,-27.1147],[-49.5405,-27.1159],[-49.5322,-27.1198],[-49.5262,-27.1328],[-49.5164,-27.1345],[-49.5165,-27.1232],[-49.5173,-27.1125],[-49.5131,-27.1077],[-49.5076,-27.1058],[-49.5018,-27.1091],[-49.4992,-27.1051],[-49.5175,-27.0846],[-49.5172,-27.0793]]]}},{"type":"Feature","properties":{"nome":"Luiz Alves","cod":"4210001","uf":"SC"},"geometry":{"type":"Polygon","coordinates":[[[-48.8338,-26.6296],[-48.8323,-26.6408],[-48.8171,-26.6384],[-48.8192,-26.6456],[-48.8146,-26.6485],[-48.8149,-26.6573],[-48.8079,-26.6577],[-48.8001,-26.6793],[-48.8039,-26.6824],[-48.8063,-26.6973],[-48.8005,-26.7122],[-48.8075,-26.7186],[-48.817,-26.7403],[-48.8225,-26.7434],[-48.8228,-26.749],[-48.8228,-26.7491],[-48.823,-26.7607],[-48.8106,-26.7677],[-48.808,-26.7747],[-48.8108,-26.7891],[-48.8016,-26.7936],[-48.802,-26.798],[-48.7944,-26.8036],[-48.8067,-26.8135],[-48.8137,-26.8126],[-48.8148,-26.8171],[-48.8109,-26.8194],[-48.8197,-26.823],[-48.8363,-26.8107],[-48.8647,-26.7872],[-48.8984,-26.7622],[-48.9091,-26.7646],[-48.9394,-26.7823],[-48.9699,-26.7894],[-48.9795,-26.7985],[-48.9794,-26.8045],[-48.9864,-26.8068],[-48.9956,-26.8064],[-49.0001,-26.8023],[-49.0009,-26.7923],[-48.9992,-26.7868],[-49.0027,-26.784],[-49.0057,-26.783],[-49.014,-26.7892],[-49.0213,-26.7878],[-49.0304,-26.7777],[-49.0349,-26.7731],[-49.0262,-26.7641],[-49.0141,-26.7629],[-49.0129,-26.7457],[-48.9982,-26.7478],[-48.9936,-26.7442],[-48.9887,-26.7369],[-48.9782,-26.7346],[-48.9749,-26.7261],[-48.963,-26.7202],[-48.9528,-26.7085],[-48.9374,-26.6926],[-48.9333,-26.6732],[-48.9241,-26.6679],[-48.9176,-26.6451],[-48.9077,-26.6498],[-48.901,-26.6481],[-48.8987,-26.6576],[-48.8905,-26.6568],[-48.8847,-26.6577],[-48.8779,-26.6417],[-48.8565,-26.6344],[-48.8533,-26.6331],[-48.8444,-26.6318],[-48.8427,-26.6274],[-48.8338,-26.6296]]]}},{"type":"Feature","properties":{"nome":"Luzerna","cod":"4210035","uf":"SC"},"geometry":{"type":"Polygon","coordinates":[[[-51.5192,-27.046],[-51.514,-27.0501],[-51.5055,-27.0502],[-51.5033,-27.0589],[-51.4978,-27.0488],[-51.4904,-27.0487],[-51.4962,-27.0551],[-51.4917,-27.0619],[-51.4802,-27.0521],[-51.4826,-27.0456],[-51.476,-27.0543],[-51.4661,-27.0507],[-51.4735,-27.0606],[-51.4654,-27.0579],[-51.4568,-27.0696],[-51.4589,-27.0716],[-51.4487,-27.0734],[-51.4449,-27.0688],[-51.4344,-27.0705],[-51.4358,-27.0655],[-51.4326,-27.0661],[-51.4294,-27.0747],[-51.4352,-27.0812],[-51.4265,-27.0804],[-51.4268,-27.0899],[-51.4324,-27.0948],[-51.4298,-27.1035],[-51.4369,-27.1122],[-51.4364,-27.1161],[-51.4314,-27.1171],[-51.4357,-27.1299],[-51.4402,-27.1333],[-51.4458,-27.1325],[-51.4536,-27.1309],[-51.4641,-27.1349],[-51.4752,-27.1338],[-51.4802,-27.1448],[-51.4854,-27.1432],[-51.4934,-27.1389],[-51.5114,-27.1354],[-51.5289,-27.1239],[-51.5581,-27.1092],[-51.5575,-27.1003],[-51.5632,-27.0921],[-51.5766,-27.0829],[-51.5876,-27.0817],[-51.5939,-27.077],[-51.6024,-27.0625],[-51.6014,-27.0516],[-51.5869,-27.0522],[-51.5831,-27.0482],[-51.574,-27.0479],[-51.542,-27.0565],[-51.5314,-27.0523],[-51.5311,-27.0521],[-51.5244,-27.0475],[-51.5218,-27.0499],[-51.5192,-27.046]]]}},{"type":"Feature","properties":{"nome":"Macieira","cod":"4210050","uf":"SC"},"geometry":{"type":"Polygon","coordinates":[[[-51.3984,-26.725],[-51.3915,-26.7327],[-51.3834,-26.7322],[-51.3718,-26.7387],[-51.3653,-26.7349],[-51.3362,-26.7353],[-51.3223,-26.7453],[-51.3098,-26.7462],[-51.2975,-26.7575],[-51.2914,-26.7657],[-51.2556,-26.7732],[-51.2543,-26.7878],[-51.25,-26.7882],[-51.2485,-26.7944],[-51.2383,-26.8015],[-51.2366,-26.8134],[-51.245,-26.8165],[-51.2367,-26.8249],[-51.2446,-26.8261],[-51.2483,-26.8321],[-51.2441,-26.8333],[-51.2596,-26.8377],[-51.2695,-26.8472],[-51.2766,-26.8492],[-51.283,-26.8618],[-51.273,-26.8588],[-51.2725,-26.8682],[-51.279,-26.8681],[-51.2856,-26.8734],[-51.2841,-26.8769],[-51.2906,-26.881],[-51.2973,-26.874],[-51.3229,-26.8659],[-51.3393,-26.8755],[-51.3691,-26.8688],[-51.382,-26.866],[-51.4379,-26.8538],[-51.433,-26.852],[-51.4269,-26.8416],[-51.4309,-26.8378],[-51.4273,-26.8327],[-51.4328,-26.8302],[-51.433,-26.8235],[-51.4522,-26.814],[-51.4628,-26.8126],[-51.4639,-26.808],[-51.4718,-26.8076],[-51.4695,-26.797],[-51.4734,-26.7897],[-51.4607,-26.7824],[-51.4569,-26.7734],[-51.4481,-26.7721],[-51.4115,-26.7198],[-51.3984,-26.725]]]}},{"type":"Feature","properties":{"nome":"Mafra","cod":"4210100","uf":"SC"},"geometry":{"type":"Polygon","coordinates":[[[-49.9402,-26.025],[-49.9348,-26.0317],[-49.9148,-26.0246],[-49.9037,-26.0264],[-49.8978,-26.0338],[-49.8913,-26.0289],[-49.865,-26.0347],[-49.8703,-26.0433],[-49.8642,-26.0461],[-49.8616,-26.0554],[-49.8416,-26.0641],[-49.8352,-26.052],[-49.831,-26.053],[-49.8333,-26.0667],[-49.8431,-26.0725],[-49.8397,-26.0759],[-49.8306,-26.0683],[-49.828,-26.0728],[-49.8303,-26.0828],[-49.8242,-26.0926],[-49.8156,-26.0935],[-49.8079,-26.0878],[-49.806,-26.1031],[-49.8018,-26.1096],[-49.7894,-26.1121],[-49.7871,-26.0979],[-49.7822,-26.1138],[-49.7762,-26.1194],[-49.7733,-26.1183],[-49.7679,-26.1099],[-49.7783,-26.1069],[-49.7751,-26.1003],[-49.7676,-26.1043],[-49.7642,-26.1134],[-49.7508,-26.1192],[-49.7481,-26.1395],[-49.7398,-26.1381],[-49.7354,-26.1418],[-49.7244,-26.1433],[-49.7365,-26.1566],[-49.7284,-26.1692],[-49.7262,-26.1706],[-49.7102,-26.1539],[-49.6985,-26.161],[-49.6882,-26.1765],[-49.6763,-26.1755],[-49.69,-26.1881],[-49.6801,-26.1857],[-49.6738,-26.1909],[-49.6733,-26.1837],[-49.6634,-26.1912],[-49.6601,-26.1865],[-49.6527,-26.1867],[-49.6533,-26.1926],[-49.6482,-26.1953],[-49.6504,-26.2068],[-49.6457,-26.2094],[-49.6336,-26.2014],[-49.6364,-26.1905],[-49.634,-26.1893],[-49.6299,-26.1905],[-49.6255,-26.2009],[-49.6348,-26.2082],[-49.6211,-26.2152],[-49.6168,-26.2136],[-49.6143,-26.207],[-49.6116,-26.2134],[-49.6057,-26.2114],[-49.6027,-26.2266],[-49.6056,-26.2241],[-49.6114,-26.2257],[-49.6168,-26.2337],[-49.6124,-26.239],[-49.6201,-26.2396],[-49.622,-26.2429],[-49.6169,-26.25],[-49.6184,-26.2542],[-49.6183,-26.2545],[-49.6196,-26.2654],[-49.627,-26.2711],[-49.6205,-26.279],[-49.6318,-26.2865],[-49.6315,-26.2901],[-49.626,-26.2884],[-49.6172,-26.2932],[-49.6325,-26.2938],[-49.6306,-26.2973],[-49.6341,-26.3055],[-49.6249,-26.3042],[-49.6252,-26.3105],[-49.6193,-26.3136],[-49.6111,-26.3123],[-49.6218,-26.3192],[-49.6117,-26.3348],[-49.6159,-26.3376],[-49.626,-26.3297],[-49.6287,-26.3351],[-49.6264,-26.343],[-49.6412,-26.3405],[-49.6529,-26.3502],[-49.6524,-26.3535],[-49.6445,-26.3539],[-49.6507,-26.3545],[-49.6462,-26.3583],[-49.6507,-26.3647],[-49.6357,-26.3605],[-49.6414,-26.3679],[-49.6325,-26.3707],[-49.6336,-26.3789],[-49.6364,-26.3801],[-49.6359,-26.3753],[-49.6394,-26.3734],[-49.6499,-26.3798],[-49.6507,-26.3762],[-49.6654,-26.3785],[-49.6656,-26.3833],[-49.6763,-26.3921],[-49.685,-26.3863],[-49.6865,-26.3899],[-49.6897,-26.3871],[-49.6927,-26.3891],[-49.6885,-26.3938],[-49.6954,-26.3945],[-49.6984,-26.3959],[-49.6978,-26.4056],[-49.7023,-26.4014],[-49.7027,-26.4087],[-49.709,-26.4057],[-49.7069,-26.4097],[-49.7118,-26.4131],[-49.7127,-26.4233],[-49.7148,-26.412],[-49.7208,-26.4142],[-49.7267,-26.4278],[-49.7293,-26.4223],[-49.7263,-26.4196],[-49.7302,-26.4165],[-49.7413,-26.4333],[-49.7473,-26.4334],[-49.7437,-26.4439],[-49.7504,-26.4473],[-49.7506,-26.4562],[-49.7619,-26.4604],[-49.7494,-26.469],[-49.7609,-26.4705],[-49.7642,-26.4733],[-49.7666,-26.4701],[-49.7701,-26.475],[-49.7832,-26.4815],[-49.7898,-26.4805],[-49.7928,-26.4847],[-49.8017,-26.4835],[-49.8073,-26.4876],[-49.8144,-26.484],[-49.8145,-26.4675],[-49.781,-26.4276],[-49.787,-26.423],[-49.7898,-26.406],[-49.8199,-26.3667],[-49.8172,-26.3562],[-49.8129,-26.3559],[-49.811,-26.3443],[-49.8047,-26.3439],[-49.8042,-26.3472],[-49.8005,-26.343],[-49.8036,-26.3388],[-49.7986,-26.3335],[-49.8048,-26.3353],[-49.8068,-26.3301],[-49.8076,-26.3263],[-49.8139,-26.3247],[-49.8072,-26.3135],[-49.8122,-26.3145],[-49.8142,-26.3067],[-49.8088,-26.3061],[-49.8078,-26.3018],[-49.8146,-26.2914],[-49.8245,-26.2763],[-49.8454,-26.2452],[-49.8525,-26.2393],[-49.8631,-26.2485],[-49.8798,-26.2517],[-49.8865,-26.25],[-49.8969,-26.2322],[-49.8971,-26.2321],[-49.9009,-26.232],[-49.9097,-26.2475],[-49.9195,-26.2467],[-49.9406,-26.2542],[-49.9618,-26.2565],[-49.9802,-26.2777],[-49.9842,-26.2766],[-49.9938,-26.2778],[-49.9996,-26.2792],[-50.0175,-26.2652],[-50.0272,-26.2673],[-50.0363,-26.2623],[-50.0426,-26.2698],[-50.0627,-26.2746],[-50.0659,-26.2802],[-50.0738,-26.2807],[-50.0811,-26.2734],[-50.0896,-26.2711],[-50.0928,-26.2744],[-50.0932,-26.2791],[-50.0959,-26.2763],[-50.1043,-26.2771],[-50.1101,-26.2739],[-50.1143,-26.2815],[-50.1232,-26.2737],[-50.1224,-26.2687],[-50.1138,-26.2638],[-50.1123,-26.2575],[-50.1156,-26.2544],[-50.1217,-26.2531],[-50.1265,-26.2571],[-50.1328,-26.2491],[-50.135,-26.2517],[-50.1481,-26.2483],[-50.1435,-26.2382],[-50.14,-26.2428],[-50.1371,-26.2393],[-50.1455,-26.2269],[-50.1401,-26.2221],[-50.1498,-26.2206],[-50.1526,-26.2104],[-50.1531,-26.2074],[-50.1473,-26.2064],[-50.1436,-26.1997],[-50.1296,-26.2068],[-50.1252,-26.2038],[-50.1363,-26.174],[-50.1331,-26.173],[-50.1346,-26.1695],[-50.1279,-26.1693],[-50.1276,-26.1637],[-50.135,-26.1634],[-50.1414,-26.168],[-50.1435,-26.1661],[-50.1472,-26.1594],[-50.146,-26.1519],[-50.1525,-26.1508],[-50.1526,-26.1471],[-50.1563,-26.1487],[-50.1606,-26.1412],[-50.1583,-26.1395],[-50.1545,-26.1365],[-50.1591,-26.1319],[-50.1675,-26.1217],[-50.1672,-26.1163],[-50.1706,-26.1213],[-50.184,-26.1138],[-50.1888,-26.0913],[-50.1963,-26.0842],[-50.2073,-26.0833],[-50.2008,-26.0741],[-50.1925,-26.0712],[-50.1808,-26.0794],[-50.1737,-26.0641],[-50.1708,-26.0649],[-50.1567,-26.0482],[-50.1554,-26.0416],[-50.1632,-26.0362],[-50.1642,-26.0427],[-50.1711,-26.0421],[-50.176,-26.0336],[-50.1821,-26.034],[-50.1793,-26.0283],[-50.1714,-26.0247],[-50.1637,-26.0265],[-50.151,-26.0228],[-50.1415,-26.0271],[-50.152,-26.0508],[-50.1483,-26.0598],[-50.1439,-26.0496],[-50.1343,-26.043],[-50.1206,-26.0639],[-50.1179,-26.0513],[-50.1112,-26.0532],[-50.1099,-26.0588],[-50.105,-26.0554],[-50.1001,-26.0496],[-50.0989,-26.0497],[-50.0916,-26.0432],[-50.0884,-26.0278],[-50.0843,-26.0231],[-50.0808,-26.0242],[-50.0814,-26.0414],[-50.077,-26.0468],[-50.0725,-26.0345],[-50.0644,-26.0329],[-50.0563,-26.0363],[-50.0397,-26.0265],[-50.0317,-26.0272],[-50.0062,-26.0454],[-50.0028,-26.0384],[-50.0111,-26.0261],[-50.0111,-26.0135],[-50.0078,-26.0128],[-49.998,-26.0154],[-49.9931,-26.0111],[-49.9834,-26.0139],[-49.9753,-26.0137],[-49.9688,-26.0172],[-49.9629,-26.0261],[-49.9658,-26.0401],[-49.9771,-26.0528],[-49.9723,-26.0579],[-49.9475,-26.0305],[-49.9597,-26.0197],[-49.953,-26.0182],[-49.9414,-26.008],[-49.9338,-26.0183],[-49.9402,-26.025]]]}},{"type":"Feature","properties":{"nome":"Major Gercino","cod":"4210209","uf":"SC"},"geometry":{"type":"Polygon","coordinates":[[[-48.9708,-27.3408],[-48.9672,-27.3452],[-48.9595,-27.3449],[-48.96,-27.3488],[-48.9526,-27.3537],[-48.9493,-27.3706],[-48.938,-27.37],[-48.9378,-27.3733],[-48.9256,-27.381],[-48.9187,-27.3746],[-48.9124,-27.3759],[-48.9184,-27.3822],[-48.9141,-27.3936],[-48.9156,-27.4087],[-48.912,-27.4113],[-48.9211,-27.4216],[-48.9093,-27.4325],[-48.9027,-27.4344],[-48.8957,-27.4441],[-48.9074,-27.449],[-48.9109,-27.4553],[-48.9189,-27.4567],[-48.9196,-27.4611],[-48.9543,-27.4522],[-48.9549,-27.4482],[-48.967,-27.4503],[-48.9672,-27.4503],[-48.9724,-27.4541],[-48.9847,-27.4486],[-48.9895,-27.4505],[-49.0098,-27.4668],[-49.0103,-27.4732],[-49.0187,-27.4822],[-49.0244,-27.4797],[-49.0334,-27.4828],[-49.0335,-27.4756],[-49.0408,-27.4677],[-49.0428,-27.4583],[-49.0495,-27.4562],[-49.0447,-27.4468],[-49.047,-27.4437],[-49.0575,-27.4512],[-49.0686,-27.4471],[-49.0735,-27.4536],[-49.0826,-27.4554],[-49.0881,-27.4702],[-49.0947,-27.4707],[-49.098,-27.4854],[-49.1138,-27.4869],[-49.1224,-27.5006],[-49.1277,-27.502],[-49.1385,-27.5002],[-49.1501,-27.4904],[-49.1721,-27.4914],[-49.1805,-27.5017],[-49.1929,-27.4969],[-49.2106,-27.4987],[-49.2248,-27.4918],[-49.2174,-27.4827],[-49.2232,-27.4814],[-49.226,-27.4755],[-49.2173,-27.469],[-49.2213,-27.4573],[-49.2196,-27.4475],[-49.2236,-27.4416],[-49.2149,-27.4318],[-49.2215,-27.421],[-49.213,-27.4153],[-49.2034,-27.4076],[-49.1888,-27.4067],[-49.1632,-27.4199],[-49.1464,-27.4209],[-49.1417,-27.4252],[-49.1296,-27.4198],[-49.1224,-27.4125],[-49.1248,-27.4082],[-49.1181,-27.3965],[-49.0971,-27.3962],[-49.0868,-27.3999],[-49.0821,-27.404],[-49.0796,-27.4001],[-49.0634,-27.3973],[-49.0579,-27.3874],[-49.0455,-27.3837],[-49.0391,-27.3749],[-49.015,-27.3705],[-49.0082,-27.3756],[-49.0,-27.3624],[-48.9761,-27.3504],[-48.9708,-27.3408]]]}},{"type":"Feature","properties":{"nome":"Major Vieira","cod":"4210308","uf":"SC"},"geometry":{"type":"Polygon","coordinates":[[[-50.2866,-26.2914],[-50.2894,-26.2957],[-50.2842,-26.3085],[-50.2822,-26.3188],[-50.2777,-26.3157],[-50.2754,-26.3226],[-50.2765,-26.328],[-50.2853,-26.3326],[-50.2839,-26.3359],[-50.2801,-26.3348],[-50.2806,-26.3384],[-50.288,-26.3472],[-50.281,-26.3496],[-50.2861,-26.3541],[-50.2836,-26.3555],[-50.2866,-26.3566],[-50.2847,-26.3622],[-50.2885,-26.3711],[-50.2885,-26.3718],[-50.2797,-26.3934],[-50.2926,-26.4071],[-50.2905,-26.4137],[-50.2852,-26.4146],[-50.286,-26.4178],[-50.277,-26.4156],[-50.2774,-26.412],[-50.2716,-26.4145],[-50.2743,-26.4114],[-50.2712,-26.4112],[-50.2709,-26.4056],[-50.2643,-26.4066],[-50.2695,-26.4127],[-50.2664,-26.4166],[-50.2743,-26.4222],[-50.2672,-26.4384],[-50.2706,-26.4477],[-50.2674,-26.4472],[-50.271,-26.4558],[-50.2688,-26.4632],[-50.2651,-26.4638],[-50.2689,-26.4666],[-50.2679,-26.4708],[-50.2657,-26.4689],[-50.2606,-26.4755],[-50.2631,-26.4839],[-50.2607,-26.4914],[-50.2498,-26.4963],[-50.2498,-26.4998],[-50.2457,-26.4959],[-50.2403,-26.4971],[-50.2406,-26.5035],[-50.2356,-26.5049],[-50.2322,-26.5129],[-50.2324,-26.5168],[-50.2376,-26.5193],[-50.2335,-26.528],[-50.2369,-26.5275],[-50.2385,-26.5341],[-50.2449,-26.5335],[-50.2479,-26.5379],[-50.253,-26.5381],[-50.2579,-26.5344],[-50.2633,-26.5276],[-50.2714,-26.5297],[-50.2726,-26.5418],[-50.2925,-26.5441],[-50.2923,-26.5538],[-50.2983,-26.5527],[-50.3053,-26.5629],[-50.3135,-26.5564],[-50.3178,-26.5593],[-50.3244,-26.5574],[-50.3407,-26.5712],[-50.3536,-26.5709],[-50.3564,-26.5764],[-50.3646,-26.5749],[-50.3655,-26.5852],[-50.3614,-26.5952],[-50.373,-26.6061],[-50.3749,-26.6099],[-50.3756,-26.6248],[-50.382,-26.6304],[-50.3878,-26.6404],[-50.3996,-26.6473],[-50.4043,-26.6455],[-50.4135,-26.6501],[-50.4211,-26.6426],[-50.4404,-26.6526],[-50.4263,-26.6687],[-50.4377,-26.6841],[-50.4344,-26.6995],[-50.4301,-26.7071],[-50.4174,-26.7102],[-50.4087,-26.7252],[-50.4163,-26.7284],[-50.4375,-26.7125],[-50.4522,-26.711],[-50.4605,-26.7029],[-50.4713,-26.7007],[-50.4688,-26.6628],[-50.4802,-26.6529],[-50.4868,-26.655],[-50.4925,-26.648],[-50.4876,-26.6455],[-50.4925,-26.6424],[-50.4837,-26.6329],[-50.4626,-26.6267],[-50.4632,-26.6237],[-50.4504,-26.6143],[-50.4372,-26.6152],[-50.4271,-26.6046],[-50.4126,-26.6075],[-50.4129,-26.6005],[-50.431,-26.6004],[-50.4433,-26.5905],[-50.44,-26.5758],[-50.4299,-26.5736],[-50.4181,-26.5792],[-50.4007,-26.5689],[-50.4064,-26.5559],[-50.423,-26.5453],[-50.4324,-26.5233],[-50.4491,-26.5129],[-50.4543,-26.5003],[-50.4541,-26.4939],[-50.4441,-26.4771],[-50.4508,-26.4607],[-50.4349,-26.4474],[-50.4321,-26.4389],[-50.435,-26.432],[-50.4308,-26.4255],[-50.4169,-26.4099],[-50.4183,-26.3917],[-50.4265,-26.3788],[-50.4185,-26.3669],[-50.4107,-26.3653],[-50.412,-26.3542],[-50.403,-26.3468],[-50.4027,-26.3467],[-50.3834,-26.3376],[-50.3775,-26.3308],[-50.3683,-26.3313],[-50.3585,-26.3217],[-50.3474,-26.317],[-50.3395,-26.3062],[-50.334,-26.3072],[-50.3315,-26.3041],[-50.3173,-26.2927],[-50.3149,-26.2954],[-50.3105,-26.2929],[-50.2999,-26.2947],[-50.2965,-26.2863],[-50.2866,-26.2914]]]}},{"type":"Feature","properties":{"nome":"Maracajá","cod":"4210407","uf":"SC"},"geometry":{"type":"Polygon","coordinates":[[[-49.4254,-28.8139],[-49.4091,-28.8255],[-49.4078,-28.8264],[-49.4065,-28.8273],[-49.403,-28.8298],[-49.3988,-28.8333],[-49.421,-28.878],[-49.4227,-28.8819],[-49.432,-28.9087],[-49.4431,-28.9093],[-49.4495,-28.9024],[-49.4605,-28.9013],[-49.4661,-28.8879],[-49.4723,-28.8845],[-49.4936,-28.8832],[-49.5029,-28.8871],[-49.505,-28.8915],[-49.5136,-28.8931],[-49.5136,-28.885],[-49.5243,-28.8719],[-49.5221,-28.8612],[-49.5173,-28.8577],[-49.516,-28.8526],[-49.5078,-28.8562],[-49.5072,-28.8483],[-49.5,-28.8512],[-49.4891,-28.8486],[-49.4902,-28.8436],[-49.4844,-28.848],[-49.4836,-28.8446],[-49.4758,-28.8426],[-49.4586,-28.845],[-49.456,-28.8445],[-49.4532,-28.8434],[-49.4465,-28.8403],[-49.4476,-28.8287],[-49.4398,-28.8247],[-49.4327,-28.8263],[-49.432,-28.8182],[-49.4276,-28.8191],[-49.4254,-28.8139]]]}},{"type":"Feature","properties":{"nome":"Maravilha","cod":"4210506","uf":"SC"},"geometry":{"type":"Polygon","coordinates":[[[-53.1777,-26.7039],[-53.1642,-26.7166],[-53.1619,-26.7125],[-53.159,-26.7195],[-53.1379,-26.7244],[-53.1284,-26.7198],[-53.1232,-26.7217],[-53.1241,-26.7289],[-53.1089,-26.7261],[-53.1057,-26.7286],[-53.105,-26.7357],[-53.109,-26.7399],[-53.1016,-26.7426],[-53.1039,-26.7489],[-53.1083,-26.7468],[-53.1098,-26.7492],[-53.1006,-26.7588],[-53.0907,-26.7628],[-53.0906,-26.766],[-53.0958,-26.7676],[-53.0951,-26.772],[-53.1098,-26.7737],[-53.1159,-26.7822],[-53.125,-26.7845],[-53.1215,-26.7948],[-53.1246,-26.8013],[-53.1204,-26.8092],[-53.1307,-26.8098],[-53.1562,-26.7998],[-53.1657,-26.8055],[-53.1777,-26.8053],[-53.181,-26.8053],[-53.1952,-26.8006],[-53.2017,-26.8015],[-53.205,-26.8063],[-53.2075,-26.8032],[-53.2102,-26.8053],[-53.2172,-26.8021],[-53.2165,-26.809],[-53.2265,-26.8076],[-53.2339,-26.8144],[-53.241,-26.8127],[-53.2484,-26.7977],[-53.2503,-26.8034],[-53.2585,-26.7964],[-53.2615,-26.7888],[-53.2697,-26.7918],[-53.2768,-26.7804],[-53.2951,-26.783],[-53.2973,-26.768],[-53.3046,-26.7646],[-53.2967,-26.7544],[-53.2978,-26.748],[-53.2916,-26.7499],[-53.2885,-26.7455],[-53.2909,-26.7422],[-53.2923,-26.7368],[-53.2854,-26.7337],[-53.2838,-26.7292],[-53.2709,-26.7232],[-53.2717,-26.7177],[-53.2586,-26.7145],[-53.2449,-26.7177],[-53.2302,-26.7176],[-53.2209,-26.7254],[-53.208,-26.7247],[-53.195,-26.7099],[-53.1951,-26.7013],[-53.1778,-26.6938],[-53.1777,-26.7039]]]}},{"type":"Feature","properties":{"nome":"Marema","cod":"4210555","uf":"SC"},"geometry":{"type":"Polygon","coordinates":[[[-52.6503,-26.7526],[-52.6509,-26.7641],[-52.6374,-26.7793],[-52.6281,-26.7787],[-52.6233,-26.7707],[-52.6023,-26.7632],[-52.6032,-26.7679],[-52.6112,-26.7689],[-52.6123,-26.7717],[-52.6019,-26.7898],[-52.5915,-26.7978],[-52.5851,-26.8013],[-52.5803,-26.795],[-52.5727,-26.7975],[-52.5647,-26.7917],[-52.5499,-26.7947],[-52.5513,-26.8007],[-52.5592,-26.8107],[-52.5578,-26.8336],[-52.5532,-26.8434],[-52.5583,-26.8458],[-52.5702,-26.8424],[-52.5726,-26.8391],[-52.5773,-26.8421],[-52.5899,-26.8387],[-52.6027,-26.8441],[-52.6084,-26.8528],[-52.6054,-26.8607],[-52.6208,-26.8645],[-52.6558,-26.8532],[-52.7167,-26.8028],[-52.7141,-26.7994],[-52.7004,-26.7999],[-52.6832,-26.8056],[-52.6795,-26.8017],[-52.6679,-26.797],[-52.6649,-26.786],[-52.6957,-26.7693],[-52.6963,-26.7606],[-52.6769,-26.7627],[-52.6616,-26.7545],[-52.6503,-26.7526]]]}},{"type":"Feature","properties":{"nome":"Massaranduba","cod":"4210605","uf":"SC"},"geometry":{"type":"Polygon","coordinates":[[[-49.0503,-26.5269],[-49.0445,-26.5352],[-49.019,-26.5331],[-49.0205,-26.5411],[-49.0163,-26.5458],[-49.0116,-26.5721],[-49.0109,-26.572],[-49.0026,-26.569],[-48.9796,-26.5732],[-48.9792,-26.5731],[-48.9769,-26.5716],[-48.9743,-26.5698],[-48.9481,-26.5546],[-48.9422,-26.5448],[-48.9317,-26.5438],[-48.9284,-26.54],[-48.923,-26.5422],[-48.8991,-26.5422],[-48.8893,-26.5541],[-48.8797,-26.5511],[-48.8775,-26.5633],[-48.8597,-26.5618],[-48.8566,-26.5768],[-48.8617,-26.5837],[-48.8596,-26.5863],[-48.8528,-26.5943],[-48.8508,-26.5971],[-48.8538,-26.599],[-48.8533,-26.6331],[-48.8565,-26.6344],[-48.8779,-26.6417],[-48.8847,-26.6577],[-48.8905,-26.6568],[-48.8987,-26.6576],[-48.901,-26.6481],[-48.9077,-26.6498],[-48.9176,-26.6451],[-48.9241,-26.6679],[-48.9333,-26.6732],[-48.9374,-26.6926],[-48.9528,-26.7085],[-48.963,-26.7202],[-48.9749,-26.7261],[-48.9782,-26.7346],[-48.9887,-26.7369],[-48.9936,-26.7442],[-48.9982,-26.7478],[-49.0129,-26.7457],[-49.0141,-26.7629],[-49.0262,-26.7641],[-49.0349,-26.7731],[-49.0453,-26.7521],[-49.05,-26.7437],[-49.0396,-26.7328],[-49.0388,-26.7275],[-49.0449,-26.7237],[-49.0442,-26.714],[-49.0489,-26.7081],[-49.033,-26.6974],[-49.0253,-26.6853],[-49.0177,-26.6838],[-49.0319,-26.6612],[-49.0363,-26.6604],[-49.0469,-26.6493],[-49.0559,-26.6563],[-49.0682,-26.6527],[-49.0703,-26.6476],[-49.0741,-26.6535],[-49.099,-26.6556],[-49.1016,-26.659],[-49.1069,-26.6579],[-49.1063,-26.6506],[-49.1105,-26.6498],[-49.114,-26.6382],[-49.1099,-26.6306],[-49.114,-26.6244],[-49.1139,-26.6125],[-49.1058,-26.599],[-49.1072,-26.5923],[-49.1076,-26.5818],[-49.0987,-26.5723],[-49.0902,-26.57],[-49.093,-26.5629],[-49.0888,-26.5577],[-49.0888,-26.5474],[-49.0862,-26.5476],[-49.0716,-26.5438],[-49.0597,-26.541],[-49.0611,-26.5329],[-49.0533,-26.5155],[-49.0505,-26.5153],[-49.0503,-26.5269]]]}},{"type":"Feature","properties":{"nome":"Matos Costa","cod":"4210704","uf":"SC"},"geometry":{"type":"Polygon","coordinates":[[[-51.259,-26.4007],[-51.2316,-26.4085],[-51.2021,-26.4278],[-51.2044,-26.4389],[-51.1962,-26.4484],[-51.1908,-26.4513],[-51.1808,-26.4449],[-51.1575,-26.4299],[-51.1581,-26.424],[-51.1536,-26.4186],[-51.1377,-26.4149],[-51.1274,-26.3996],[-51.1194,-26.4003],[-51.1173,-26.3913],[-51.1046,-26.3916],[-51.1008,-26.3946],[-51.0989,-26.3918],[-51.0622,-26.4022],[-51.0579,-26.3952],[-51.0534,-26.4004],[-51.0453,-26.3959],[-51.0424,-26.3948],[-51.025,-26.4063],[-50.9971,-26.4037],[-50.9938,-26.4083],[-50.9856,-26.4027],[-50.9648,-26.4283],[-50.9806,-26.4278],[-50.9769,-26.4413],[-50.9897,-26.4481],[-50.9965,-26.4472],[-51.0,-26.4577],[-51.0088,-26.4604],[-51.0046,-26.4652],[-50.999,-26.4622],[-50.9979,-26.4662],[-50.9965,-26.4849],[-51.0053,-26.4861],[-51.0113,-26.4912],[-51.0109,-26.496],[-51.0205,-26.4992],[-51.0248,-26.498],[-51.0472,-26.5132],[-51.0524,-26.5074],[-51.0754,-26.5146],[-51.0855,-26.5306],[-51.1025,-26.5455],[-51.1113,-26.5491],[-51.1054,-26.5582],[-51.1073,-26.5625],[-51.1202,-26.5583],[-51.1261,-26.5579],[-51.136,-26.5673],[-51.1345,-26.5885],[-51.1461,-26.6028],[-51.1587,-26.5997],[-51.1732,-26.6008],[-51.1838,-26.5917],[-51.1862,-26.5958],[-51.1952,-26.6077],[-51.2005,-26.598],[-51.2236,-26.5929],[-51.2268,-26.5851],[-51.2242,-26.5759],[-51.2155,-26.5696],[-51.2282,-26.5617],[-51.2295,-26.5548],[-51.2233,-26.5503],[-51.2401,-26.5447],[-51.2391,-26.5394],[-51.2466,-26.5382],[-51.2509,-26.5204],[-51.2565,-26.5198],[-51.2655,-26.5124],[-51.2626,-26.507],[-51.2718,-26.5048],[-51.2686,-26.4995],[-51.2738,-26.4966],[-51.2677,-26.4897],[-51.2608,-26.4907],[-51.2661,-26.4819],[-51.2505,-26.4739],[-51.2601,-26.4703],[-51.2535,-26.463],[-51.2673,-26.4605],[-51.2711,-26.4567],[-51.2783,-26.458],[-51.2799,-26.4537],[-51.2741,-26.4455],[-51.2912,-26.4367],[-51.294,-26.4262],[-51.2968,-26.4222],[-51.2987,-26.4187],[-51.2942,-26.4169],[-51.2872,-26.4139],[-51.2919,-26.4038],[-51.2887,-26.3996],[-51.2755,-26.4015],[-51.2778,-26.39],[-51.2729,-26.3876],[-51.2695,-26.3867],[-51.259,-26.4007]]]}},{"type":"Feature","properties":{"nome":"Meleiro","cod":"4210803","uf":"SC"},"geometry":{"type":"Polygon","coordinates":[[[-49.6498,-28.7482],[-49.6359,-28.7603],[-49.6297,-28.7508],[-49.6063,-28.7522],[-49.6065,-28.7573],[-49.5954,-28.7641],[-49.5948,-28.7761],[-49.5958,-28.8019],[-49.5731,-28.8038],[-49.5731,-28.8039],[-49.5596,-28.8117],[-49.5577,-28.8184],[-49.5558,-28.8156],[-49.5525,-28.817],[-49.5524,-28.8219],[-49.5466,-28.8249],[-49.5447,-28.8283],[-49.5343,-28.8306],[-49.5347,-28.8351],[-49.5311,-28.8341],[-49.5314,-28.8421],[-49.5253,-28.8397],[-49.5259,-28.8482],[-49.5229,-28.8506],[-49.5254,-28.8534],[-49.5194,-28.851],[-49.5173,-28.8577],[-49.5221,-28.8612],[-49.5243,-28.8719],[-49.5136,-28.885],[-49.5136,-28.8931],[-49.5103,-28.9084],[-49.5171,-28.9114],[-49.5158,-28.916],[-49.5255,-28.9121],[-49.5351,-28.9167],[-49.5398,-28.9166],[-49.5427,-28.9064],[-49.5563,-28.9004],[-49.5624,-28.9051],[-49.5701,-28.9045],[-49.5788,-28.91],[-49.5815,-28.906],[-49.6038,-28.9032],[-49.6058,-28.9074],[-49.6085,-28.902],[-49.6138,-28.9085],[-49.613,-28.9054],[-49.6196,-28.9063],[-49.6258,-28.9],[-49.6341,-28.8989],[-49.6401,-28.8984],[-49.6418,-28.8862],[-49.6495,-28.8851],[-49.6555,-28.8863],[-49.657,-28.8828],[-49.66,-28.8848],[-49.67,-28.8734],[-49.6734,-28.8743],[-49.6782,-28.8711],[-49.6765,-28.8688],[-49.6806,-28.8684],[-49.6775,-28.8619],[-49.6715,-28.8246],[-49.6582,-28.8266],[-49.6487,-28.8199],[-49.6626,-28.8066],[-49.6602,-28.8028],[-49.6634,-28.8011],[-49.6631,-28.7934],[-49.6692,-28.7886],[-49.6631,-28.772],[-49.6664,-28.7568],[-49.6707,-28.7526],[-49.6498,-28.7482]]]}},{"type":"Feature","properties":{"nome":"Mirim Doce","cod":"4210852","uf":"SC"},"geometry":{"type":"Polygon","coordinates":[[[-50.3149,-27.088],[-50.3062,-27.1062],[-50.2973,-27.1117],[-50.2882,-27.109],[-50.282,-27.0937],[-50.2476,-27.0997],[-50.2457,-27.1148],[-50.235,-27.1223],[-50.2315,-27.1309],[-50.2314,-27.1441],[-50.2176,-27.149],[-50.2012,-27.1548],[-50.1879,-27.1483],[-50.1605,-27.1424],[-50.1499,-27.1328],[-50.1381,-27.1343],[-50.122,-27.144],[-50.1049,-27.1472],[-50.0912,-27.1403],[-50.0849,-27.1479],[-50.0737,-27.1454],[-50.0611,-27.1503],[-50.0524,-27.1763],[-50.047,-27.1742],[-50.0497,-27.173],[-50.0455,-27.1697],[-50.018,-27.1736],[-50.0084,-27.172],[-49.9989,-27.1815],[-49.9913,-27.19],[-50.0022,-27.2055],[-50.0025,-27.2123],[-50.0156,-27.2104],[-50.0263,-27.2216],[-50.0444,-27.2163],[-50.0421,-27.2117],[-50.0498,-27.2037],[-50.053,-27.2125],[-50.0633,-27.2179],[-50.0642,-27.2212],[-50.0584,-27.226],[-50.0674,-27.2369],[-50.0914,-27.2423],[-50.1295,-27.2743],[-50.1349,-27.2752],[-50.1439,-27.2709],[-50.1686,-27.2741],[-50.1751,-27.2701],[-50.1892,-27.2518],[-50.1994,-27.2372],[-50.2076,-27.2446],[-50.2197,-27.247],[-50.228,-27.2417],[-50.2382,-27.2423],[-50.2442,-27.2354],[-50.2584,-27.2324],[-50.2666,-27.2265],[-50.2609,-27.202],[-50.2643,-27.1971],[-50.2726,-27.2104],[-50.277,-27.2061],[-50.2895,-27.2078],[-50.2871,-27.1826],[-50.2925,-27.1774],[-50.2847,-27.1719],[-50.2831,-27.1656],[-50.2981,-27.1612],[-50.3031,-27.1621],[-50.306,-27.1679],[-50.3038,-27.1508],[-50.3098,-27.1516],[-50.3088,-27.1463],[-50.3184,-27.1446],[-50.313,-27.1284],[-50.3175,-27.1261],[-50.3201,-27.1122],[-50.3262,-27.1065],[-50.3296,-27.113],[-50.332,-27.1006],[-50.3378,-27.1017],[-50.3442,-27.0975],[-50.3486,-27.1015],[-50.3465,-27.092],[-50.328,-27.0735],[-50.3151,-27.0753],[-50.3127,-27.081],[-50.3149,-27.088]]]}},{"type":"Feature","properties":{"nome":"Modelo","cod":"4210902","uf":"SC"},"geometry":{"type":"Polygon","coordinates":[[[-53.0469,-26.7383],[-53.0494,-26.7453],[-53.0409,-26.7444],[-53.0268,-26.7429],[-53.0216,-26.7458],[-53.0211,-26.7516],[-53.0226,-26.7535],[-53.0062,-26.7483],[-53.0031,-26.7399],[-52.9938,-26.7389],[-52.9734,-26.7437],[-52.9659,-26.7455],[-52.9644,-26.7478],[-52.9686,-26.7507],[-52.9607,-26.7536],[-52.9632,-26.7606],[-52.9716,-26.7623],[-52.9848,-26.7725],[-53.005,-26.7743],[-53.0065,-26.7792],[-52.9948,-26.7928],[-53.0009,-26.8033],[-53.0348,-26.8077],[-53.034,-26.8133],[-53.0423,-26.8128],[-53.044,-26.809],[-53.0967,-26.8059],[-53.1042,-26.8171],[-53.1157,-26.8155],[-53.1204,-26.8092],[-53.1246,-26.8013],[-53.1215,-26.7948],[-53.125,-26.7845],[-53.1159,-26.7822],[-53.1098,-26.7737],[-53.0951,-26.772],[-53.0958,-26.7676],[-53.0906,-26.766],[-53.0907,-26.7628],[-53.1006,-26.7588],[-53.1098,-26.7492],[-53.1083,-26.7468],[-53.1039,-26.7489],[-53.1016,-26.7426],[-53.109,-26.7399],[-53.0864,-26.7372],[-53.0694,-26.7368],[-53.0493,-26.7325],[-53.0469,-26.7383]]]}},{"type":"Feature","properties":{"nome":"Mondaí","cod":"4211009","uf":"SC"},"geometry":{"type":"Polygon","coordinates":[[[-53.4234,-27.0155],[-53.413,-27.0178],[-53.3964,-27.0081],[-53.3893,-27.0115],[-53.3759,-27.0134],[-53.3765,-27.0217],[-53.3787,-27.029],[-53.3892,-27.0289],[-53.4006,-27.0256],[-53.3979,-27.0344],[-53.3892,-27.0368],[-53.3683,-27.036],[-53.3657,-27.0661],[-53.3457,-27.0709],[-53.3478,-27.0757],[-53.3296,-27.0875],[-53.3241,-27.097],[-53.334,-27.0942],[-53.3352,-27.1096],[-53.3428,-27.1026],[-53.3528,-27.1116],[-53.3629,-27.0937],[-53.3735,-27.0901],[-53.3804,-27.0935],[-53.3931,-27.1096],[-53.3933,-27.1102],[-53.4006,-27.129],[-53.411,-27.1407],[-53.4183,-27.1433],[-53.4406,-27.1499],[-53.4577,-27.1556],[-53.4638,-27.1537],[-53.4685,-27.1477],[-53.4814,-27.1343],[-53.4913,-27.1321],[-53.4963,-27.1331],[-53.5013,-27.1342],[-53.5077,-27.1448],[-53.505,-27.1587],[-53.4929,-27.1747],[-53.4879,-27.1934],[-53.4933,-27.2032],[-53.5091,-27.2034],[-53.5164,-27.2018],[-53.5344,-27.1886],[-53.5442,-27.1785],[-53.548,-27.1757],[-53.5472,-27.1567],[-53.5469,-27.1489],[-53.5383,-27.1466],[-53.5376,-27.1401],[-53.5251,-27.1304],[-53.5263,-27.1209],[-53.5207,-27.1139],[-53.5263,-27.0916],[-53.5194,-27.0808],[-53.5092,-27.0782],[-53.4992,-27.084],[-53.489,-27.0826],[-53.4861,-27.0742],[-53.4763,-27.0692],[-53.4764,-27.0604],[-53.4763,-27.0603],[-53.4583,-27.0442],[-53.4511,-27.0417],[-53.4477,-27.0273],[-53.4462,-27.0239],[-53.4529,-27.0144],[-53.4481,-27.0072],[-53.4234,-27.0155]]]}},{"type":"Feature","properties":{"nome":"Monte Carlo","cod":"4211058","uf":"SC"},"geometry":{"type":"Polygon","coordinates":[[[-50.9312,-27.1184],[-50.9275,-27.1202],[-50.9229,-27.1188],[-50.9012,-27.1246],[-50.8805,-27.1258],[-50.8754,-27.132],[-50.8731,-27.149],[-50.865,-27.1554],[-50.8537,-27.1533],[-50.8408,-27.1633],[-50.8437,-27.167],[-50.8413,-27.169],[-50.846,-27.1718],[-50.8406,-27.1762],[-50.8433,-27.1826],[-50.8372,-27.1826],[-50.8341,-27.1883],[-50.826,-27.1905],[-50.8264,-27.2004],[-50.8179,-27.2063],[-50.8179,-27.2139],[-50.8223,-27.217],[-50.8211,-27.2285],[-50.8186,-27.2412],[-50.8286,-27.2428],[-50.833,-27.2414],[-50.831,-27.2362],[-50.8342,-27.2253],[-50.8454,-27.2295],[-50.8511,-27.228],[-50.8502,-27.2337],[-50.8448,-27.2354],[-50.8444,-27.2454],[-50.8468,-27.2489],[-50.8506,-27.247],[-50.8557,-27.2468],[-50.8601,-27.2378],[-50.869,-27.2414],[-50.8783,-27.228],[-50.8834,-27.2321],[-50.8941,-27.2334],[-50.8874,-27.2282],[-50.8902,-27.2227],[-50.896,-27.2209],[-50.8949,-27.2085],[-50.8997,-27.2061],[-50.9087,-27.2089],[-50.9109,-27.2066],[-50.9526,-27.2362],[-50.9575,-27.2401],[-50.9696,-27.237],[-50.9749,-27.2428],[-50.9889,-27.2481],[-50.9831,-27.2706],[-51.0002,-27.2753],[-51.0098,-27.2626],[-51.0215,-27.2585],[-51.0165,-27.2529],[-51.0176,-27.2441],[-51.0245,-27.242],[-51.0222,-27.2377],[-51.0375,-27.2331],[-51.0277,-27.2211],[-51.0234,-27.2022],[-51.0261,-27.1947],[-51.0235,-27.1929],[-51.0184,-27.1917],[-51.0112,-27.1727],[-50.9943,-27.1698],[-50.9893,-27.1642],[-50.9787,-27.1623],[-50.955,-27.1486],[-50.9449,-27.1367],[-50.9429,-27.1278],[-50.9312,-27.1184]]]}},{"type":"Feature","properties":{"nome":"Monte Castelo","cod":"4211108","uf":"SC"},"geometry":{"type":"Polygon","coordinates":[[[-50.2529,-26.4449],[-50.2469,-26.451],[-50.2422,-26.4475],[-50.2296,-26.4504],[-50.2238,-26.4505],[-50.2224,-26.4506],[-50.2091,-26.4447],[-50.196,-26.4472],[-50.1914,-26.4435],[-50.1862,-26.4442],[-50.1857,-26.4546],[-50.1679,-26.4698],[-50.1901,-26.4794],[-50.1898,-26.4822],[-50.1957,-26.4892],[-50.1979,-26.5081],[-50.2066,-26.5207],[-50.2041,-26.5347],[-50.1994,-26.54],[-50.2018,-26.5519],[-50.2037,-26.5708],[-50.2041,-26.5828],[-50.1992,-26.5889],[-50.1977,-26.5965],[-50.2081,-26.6133],[-50.208,-26.6258],[-50.2082,-26.6298],[-50.2082,-26.6456],[-50.2233,-26.6783],[-50.2257,-26.6814],[-50.2444,-26.6981],[-50.2464,-26.7145],[-50.2518,-26.7187],[-50.2536,-26.727],[-50.2471,-26.7312],[-50.2429,-26.7244],[-50.2386,-26.7287],[-50.2376,-26.7357],[-50.2323,-26.7397],[-50.2325,-26.7446],[-50.2379,-26.7481],[-50.2366,-26.7577],[-50.2277,-26.7637],[-50.2196,-26.7627],[-50.2203,-26.7699],[-50.2119,-26.7733],[-50.2197,-26.7929],[-50.2161,-26.8047],[-50.2192,-26.8134],[-50.2305,-26.8285],[-50.2443,-26.8358],[-50.2446,-26.8524],[-50.2553,-26.8628],[-50.2597,-26.8535],[-50.2684,-26.8521],[-50.2804,-26.8432],[-50.2826,-26.8316],[-50.2895,-26.8308],[-50.3033,-26.8371],[-50.3108,-26.8369],[-50.3478,-26.8279],[-50.3366,-26.8013],[-50.3353,-26.7823],[-50.3123,-26.7733],[-50.3247,-26.7627],[-50.3388,-26.7614],[-50.3424,-26.758],[-50.3534,-26.7516],[-50.3416,-26.7417],[-50.3555,-26.7373],[-50.3889,-26.7392],[-50.4044,-26.7311],[-50.4087,-26.7252],[-50.4174,-26.7102],[-50.4301,-26.7071],[-50.4344,-26.6995],[-50.4377,-26.6841],[-50.4263,-26.6687],[-50.4404,-26.6526],[-50.4211,-26.6426],[-50.4135,-26.6501],[-50.4043,-26.6455],[-50.3996,-26.6473],[-50.3878,-26.6404],[-50.382,-26.6304],[-50.3756,-26.6248],[-50.3749,-26.6099],[-50.373,-26.6061],[-50.3614,-26.5952],[-50.3655,-26.5852],[-50.3646,-26.5749],[-50.3564,-26.5764],[-50.3536,-26.5709],[-50.3407,-26.5712],[-50.3244,-26.5574],[-50.3178,-26.5593],[-50.3135,-26.5564],[-50.3053,-26.5629],[-50.2983,-26.5527],[-50.2923,-26.5538],[-50.2925,-26.5441],[-50.2726,-26.5418],[-50.2714,-26.5297],[-50.2633,-26.5276],[-50.2579,-26.5344],[-50.253,-26.5381],[-50.2479,-26.5379],[-50.2449,-26.5335],[-50.2385,-26.5341],[-50.2369,-26.5275],[-50.2335,-26.528],[-50.2376,-26.5193],[-50.2324,-26.5168],[-50.2322,-26.5129],[-50.2356,-26.5049],[-50.2406,-26.5035],[-50.2403,-26.4971],[-50.2457,-26.4959],[-50.2498,-26.4998],[-50.2498,-26.4963],[-50.2607,-26.4914],[-50.2631,-26.4839],[-50.2606,-26.4755],[-50.2657,-26.4689],[-50.2679,-26.4708],[-50.2689,-26.4666],[-50.2651,-26.4638],[-50.2688,-26.4632],[-50.271,-26.4558],[-50.2674,-26.4472],[-50.2529,-26.4449]]]}},{"type":"Feature","properties":{"nome":"Morro da Fumaça","cod":"4211207","uf":"SC"},"geometry":{"type":"Polygon","coordinates":[[[-49.2141,-28.6095],[-49.2014,-28.6185],[-49.1953,-28.6351],[-49.1872,-28.6385],[-49.1811,-28.6407],[-49.1753,-28.6464],[-49.1757,-28.6872],[-49.1754,-28.6878],[-49.1984,-28.6828],[-49.2065,-28.6748],[-49.2134,-28.6702],[-49.2232,-28.6701],[-49.2391,-28.6762],[-49.2439,-28.674],[-49.2438,-28.6729],[-49.2526,-28.6659],[-49.2539,-28.6658],[-49.265,-28.6541],[-49.2825,-28.647],[-49.2907,-28.6383],[-49.3029,-28.6404],[-49.3041,-28.6413],[-49.3089,-28.6435],[-49.3131,-28.6399],[-49.3202,-28.642],[-49.328,-28.6383],[-49.3331,-28.639],[-49.3368,-28.6452],[-49.3594,-28.6392],[-49.3594,-28.6365],[-49.3396,-28.6341],[-49.3348,-28.6336],[-49.3311,-28.6244],[-49.3163,-28.6263],[-49.3108,-28.6212],[-49.2911,-28.6208],[-49.2869,-28.6158],[-49.2649,-28.5972],[-49.2479,-28.5924],[-49.2454,-28.5906],[-49.2432,-28.5889],[-49.2385,-28.5918],[-49.2211,-28.6015],[-49.2211,-28.6057],[-49.2141,-28.6095]]]}},{"type":"Feature","properties":{"nome":"Morro Grande","cod":"4211256","uf":"SC"},"geometry":{"type":"Polygon","coordinates":[[[-49.7846,-28.6222],[-49.7804,-28.6298],[-49.7716,-28.6275],[-49.7577,-28.6151],[-49.7542,-28.6285],[-49.7278,-28.6229],[-49.7151,-28.6236],[-49.7057,-28.6274],[-49.7069,-28.6303],[-49.7042,-28.6291],[-49.7088,-28.6382],[-49.7067,-28.6471],[-49.7116,-28.6561],[-49.7103,-28.666],[-49.7075,-28.6693],[-49.6989,-28.682],[-49.6862,-28.6864],[-49.6767,-28.6948],[-49.6735,-28.6991],[-49.6751,-28.7079],[-49.6729,-28.7218],[-49.676,-28.7297],[-49.6818,-28.7354],[-49.6806,-28.7381],[-49.6722,-28.7457],[-49.6707,-28.7526],[-49.6664,-28.7568],[-49.6631,-28.772],[-49.6692,-28.7886],[-49.6631,-28.7934],[-49.6634,-28.8011],[-49.6602,-28.8028],[-49.6626,-28.8066],[-49.6487,-28.8199],[-49.6582,-28.8266],[-49.6715,-28.8246],[-49.6775,-28.8619],[-49.684,-28.8603],[-49.6963,-28.8439],[-49.7031,-28.843],[-49.7045,-28.8412],[-49.7267,-28.8067],[-49.7334,-28.8029],[-49.7616,-28.7854],[-49.7756,-28.7659],[-49.7813,-28.7547],[-49.7968,-28.7504],[-49.7979,-28.7118],[-49.8202,-28.7198],[-49.8244,-28.7164],[-49.8391,-28.7145],[-49.8357,-28.7081],[-49.8405,-28.7073],[-49.8387,-28.7018],[-49.8316,-28.6945],[-49.8203,-28.6934],[-49.8227,-28.6878],[-49.8335,-28.6879],[-49.8357,-28.6849],[-49.8349,-28.6788],[-49.8395,-28.6768],[-49.8371,-28.6667],[-49.8291,-28.6686],[-49.8221,-28.6615],[-49.8123,-28.658],[-49.8088,-28.6537],[-49.8179,-28.6536],[-49.8142,-28.6492],[-49.8168,-28.6402],[-49.8087,-28.6353],[-49.8076,-28.6295],[-49.8022,-28.6288],[-49.7939,-28.6154],[-49.7881,-28.6128],[-49.7821,-28.6109],[-49.7846,-28.6222]]]}},{"type":"Feature","properties":{"nome":"Navegantes","cod":"4211306","uf":"SC"},"geometry":{"type":"Polygon","coordinates":[[[-48.8031,-26.757],[-48.7966,-26.7632],[-48.789,-26.7569],[-48.7782,-26.7666],[-48.772,-26.763],[-48.766,-26.772],[-48.7486,-26.7831],[-48.7458,-26.7872],[-48.7462,-26.8069],[-48.7082,-26.8147],[-48.7089,-26.8332],[-48.7089,-26.8349],[-48.7107,-26.8424],[-48.7003,-26.8464],[-48.6908,-26.8387],[-48.6787,-26.8371],[-48.6714,-26.8414],[-48.6635,-26.8395],[-48.6561,-26.8295],[-48.6449,-26.831],[-48.6403,-26.8246],[-48.6373,-26.8267],[-48.6283,-26.8193],[-48.6265,-26.8217],[-48.622,-26.8195],[-48.6205,-26.8261],[-48.6277,-26.8352],[-48.6376,-26.869],[-48.6428,-26.9012],[-48.6399,-26.9131],[-48.6459,-26.9137],[-48.6531,-26.9022],[-48.6685,-26.8968],[-48.6698,-26.8925],[-48.6635,-26.886],[-48.6659,-26.882],[-48.6883,-26.8849],[-48.6914,-26.879],[-48.6875,-26.8688],[-48.6934,-26.8631],[-48.7018,-26.8647],[-48.7131,-26.8761],[-48.7219,-26.8755],[-48.7259,-26.8664],[-48.7179,-26.8519],[-48.7194,-26.8429],[-48.7217,-26.8403],[-48.7281,-26.8372],[-48.7337,-26.8397],[-48.7386,-26.853],[-48.7447,-26.8566],[-48.7585,-26.8547],[-48.7622,-26.8466],[-48.7691,-26.8376],[-48.7738,-26.8315],[-48.8176,-26.8234],[-48.8197,-26.823],[-48.8109,-26.8194],[-48.8148,-26.8171],[-48.8137,-26.8126],[-48.8067,-26.8135],[-48.7944,-26.8036],[-48.802,-26.798],[-48.8016,-26.7936],[-48.8108,-26.7891],[-48.808,-26.7747],[-48.8106,-26.7677],[-48.823,-26.7607],[-48.8228,-26.7491],[-48.8228,-26.749],[-48.8225,-26.7434],[-48.817,-26.7403],[-48.8032,-26.7458],[-48.8031,-26.757]]]}},{"type":"Feature","properties":{"nome":"Nova Erechim","cod":"4211405","uf":"SC"},"geometry":{"type":"Polygon","coordinates":[[[-52.8759,-26.8632],[-52.8844,-26.8658],[-52.8935,-26.8748],[-52.8795,-26.8775],[-52.8718,-26.8882],[-52.8759,-26.8934],[-52.8543,-26.8953],[-52.8529,-26.8874],[-52.8461,-26.8914],[-52.8604,-26.9074],[-52.8563,-26.9162],[-52.8531,-26.9232],[-52.8584,-26.9246],[-52.8847,-26.9022],[-52.89,-26.9066],[-52.8908,-26.9091],[-52.8882,-26.9233],[-52.8748,-26.9401],[-52.876,-26.9429],[-52.8897,-26.9428],[-52.9052,-26.9368],[-52.9133,-26.9168],[-52.918,-26.9187],[-52.921,-26.9292],[-52.9183,-26.938],[-52.8946,-26.9619],[-52.8937,-26.9736],[-52.9,-26.975],[-52.9053,-26.9719],[-52.9207,-26.9637],[-52.9426,-26.9619],[-52.9338,-26.947],[-52.9296,-26.948],[-52.9338,-26.9331],[-52.9289,-26.9311],[-52.9273,-26.9254],[-52.9363,-26.9187],[-52.9421,-26.915],[-52.9405,-26.8899],[-52.9475,-26.8811],[-52.95,-26.8676],[-52.9176,-26.863],[-52.9057,-26.8613],[-52.9037,-26.8646],[-52.896,-26.8643],[-52.8974,-26.8543],[-52.8902,-26.8491],[-52.8827,-26.8603],[-52.8759,-26.8632]]]}},{"type":"Feature","properties":{"nome":"Nova Itaberaba","cod":"4211454","uf":"SC"},"geometry":{"type":"Polygon","coordinates":[[[-52.8033,-26.9045],[-52.7944,-26.9149],[-52.7898,-26.9154],[-52.7841,-26.9275],[-52.7766,-26.9281],[-52.7629,-26.9385],[-52.7614,-26.9417],[-52.7606,-26.9381],[-52.7576,-26.941],[-52.762,-26.9625],[-52.7658,-26.981],[-52.7685,-26.994],[-52.7964,-27.0067],[-52.7969,-27.0069],[-52.8211,-27.0179],[-52.8413,-27.0174],[-52.8418,-27.0104],[-52.8471,-27.0104],[-52.8914,-27.01],[-52.8937,-26.9736],[-52.8946,-26.9619],[-52.9183,-26.938],[-52.921,-26.9292],[-52.918,-26.9187],[-52.9133,-26.9168],[-52.9052,-26.9368],[-52.8897,-26.9428],[-52.876,-26.9429],[-52.8748,-26.9401],[-52.8882,-26.9233],[-52.8908,-26.9091],[-52.89,-26.9066],[-52.8847,-26.9022],[-52.8584,-26.9246],[-52.8531,-26.9232],[-52.8563,-26.9162],[-52.8492,-26.9124],[-52.8427,-26.9149],[-52.84,-26.9105],[-52.8337,-26.9136],[-52.831,-26.9092],[-52.8263,-26.9113],[-52.8222,-26.9036],[-52.8153,-26.9014],[-52.8134,-26.9014],[-52.801,-26.902],[-52.8033,-26.9045]]]}},{"type":"Feature","properties":{"nome":"Nova Trento","cod":"4211504","uf":"SC"},"geometry":{"type":"Polygon","coordinates":[[[-48.8825,-27.1834],[-48.8949,-27.21],[-48.8947,-27.2161],[-48.8864,-27.2136],[-48.8658,-27.2196],[-48.8699,-27.2186],[-48.8757,-27.224],[-48.8753,-27.2355],[-48.8806,-27.2341],[-48.8889,-27.2462],[-48.8988,-27.2487],[-48.8931,-27.2643],[-48.8854,-27.2857],[-48.8832,-27.3058],[-48.8986,-27.3062],[-48.9222,-27.3285],[-48.9374,-27.3291],[-48.9428,-27.3369],[-48.9699,-27.3381],[-48.9708,-27.3408],[-48.9761,-27.3504],[-49.0,-27.3624],[-49.0082,-27.3756],[-49.015,-27.3705],[-49.0391,-27.3749],[-49.0455,-27.3837],[-49.0579,-27.3874],[-49.0634,-27.3973],[-49.0796,-27.4001],[-49.0821,-27.404],[-49.0868,-27.3999],[-49.0971,-27.3962],[-49.1181,-27.3965],[-49.1248,-27.4082],[-49.1224,-27.4125],[-49.1296,-27.4198],[-49.1417,-27.4252],[-49.1464,-27.4209],[-49.1632,-27.4199],[-49.1888,-27.4067],[-49.187,-27.3953],[-49.1816,-27.3902],[-49.1815,-27.3844],[-49.1729,-27.3825],[-49.1618,-27.3711],[-49.1735,-27.3567],[-49.184,-27.35],[-49.185,-27.3448],[-49.1937,-27.3302],[-49.2123,-27.3283],[-49.2252,-27.3205],[-49.2251,-27.3115],[-49.2048,-27.2945],[-49.1789,-27.2913],[-49.1752,-27.2935],[-49.1697,-27.2933],[-49.154,-27.2896],[-49.142,-27.2828],[-49.1376,-27.2817],[-49.1341,-27.2795],[-49.1283,-27.2814],[-49.1239,-27.2767],[-49.1111,-27.2793],[-49.1076,-27.2754],[-49.1011,-27.2761],[-49.0906,-27.2764],[-49.0875,-27.2754],[-49.0751,-27.2702],[-49.075,-27.2755],[-49.0742,-27.276],[-49.0647,-27.277],[-49.0502,-27.2717],[-49.0367,-27.2713],[-49.0257,-27.2611],[-49.0214,-27.256],[-49.0036,-27.2525],[-48.9959,-27.2467],[-48.986,-27.2467],[-48.9709,-27.2373],[-48.9579,-27.223],[-48.9349,-27.2121],[-48.9343,-27.2118],[-48.9318,-27.2047],[-48.9342,-27.2035],[-48.9309,-27.2012],[-48.9137,-27.1968],[-48.9059,-27.1885],[-48.898,-27.19],[-48.8937,-27.1825],[-48.8825,-27.1834]]]}},{"type":"Feature","properties":{"nome":"Nova Veneza","cod":"4211603","uf":"SC"},"geometry":{"type":"Polygon","coordinates":[[[-49.4763,-28.7126],[-49.4762,-28.7221],[-49.4814,-28.7174],[-49.4894,-28.7182],[-49.4878,-28.7214],[-49.5074,-28.7216],[-49.5123,-28.7216],[-49.5151,-28.7384],[-49.5266,-28.7512],[-49.5681,-28.7505],[-49.571,-28.7505],[-49.5723,-28.7629],[-49.5866,-28.7634],[-49.5874,-28.776],[-49.5948,-28.7761],[-49.5954,-28.7641],[-49.6065,-28.7573],[-49.6063,-28.7522],[-49.6297,-28.7508],[-49.6359,-28.7603],[-49.6498,-28.7482],[-49.6707,-28.7526],[-49.6722,-28.7457],[-49.6806,-28.7381],[-49.6818,-28.7354],[-49.676,-28.7297],[-49.6729,-28.7218],[-49.6751,-28.7079],[-49.6735,-28.6991],[-49.6767,-28.6948],[-49.6862,-28.6864],[-49.6989,-28.682],[-49.7075,-28.6693],[-49.7103,-28.666],[-49.7116,-28.6561],[-49.7067,-28.6471],[-49.7088,-28.6382],[-49.7042,-28.6291],[-49.7026,-28.6285],[-49.6931,-28.6245],[-49.6845,-28.6209],[-49.6671,-28.6219],[-49.6493,-28.6229],[-49.6469,-28.623],[-49.5509,-28.6283],[-49.5104,-28.6304],[-49.5011,-28.6309],[-49.4958,-28.6312],[-49.4912,-28.6315],[-49.4525,-28.6339],[-49.4514,-28.634],[-49.4547,-28.6546],[-49.456,-28.6623],[-49.4647,-28.6736],[-49.4617,-28.6762],[-49.4629,-28.687],[-49.4714,-28.6912],[-49.4752,-28.7014],[-49.4756,-28.7046],[-49.4756,-28.7051],[-49.4747,-28.7082],[-49.4779,-28.7092],[-49.4763,-28.7126]]]}},{"type":"Feature","properties":{"nome":"Novo Horizonte","cod":"4211652","uf":"SC"},"geometry":{"type":"Polygon","coordinates":[[[-52.8358,-26.4104],[-52.8072,-26.4341],[-52.7982,-26.437],[-52.7862,-26.4488],[-52.7772,-26.4524],[-52.7669,-26.4651],[-52.7594,-26.4608],[-52.7555,-26.4536],[-52.7472,-26.4576],[-52.7453,-26.4449],[-52.7377,-26.4534],[-52.742,-26.4574],[-52.7378,-26.4607],[-52.7397,-26.4621],[-52.743,-26.4642],[-52.739,-26.4692],[-52.7461,-26.4788],[-52.7399,-26.4791],[-52.7455,-26.4853],[-52.7375,-26.4867],[-52.7375,-26.4894],[-52.7474,-26.4906],[-52.7458,-26.4994],[-52.7557,-26.4976],[-52.7451,-26.5044],[-52.7449,-26.5099],[-52.7523,-26.5061],[-52.7549,-26.5105],[-52.7464,-26.5136],[-52.7346,-26.5298],[-52.7282,-26.5326],[-52.73,-26.5417],[-52.7273,-26.546],[-52.7204,-26.5467],[-52.722,-26.5513],[-52.7131,-26.5611],[-52.7103,-26.5558],[-52.704,-26.5612],[-52.7061,-26.5652],[-52.6906,-26.571],[-52.6994,-26.5755],[-52.6965,-26.5806],[-52.6912,-26.5792],[-52.689,-26.5833],[-52.707,-26.5832],[-52.7261,-26.5802],[-52.7499,-26.5954],[-52.7548,-26.5874],[-52.7644,-26.5817],[-52.773,-26.5611],[-52.7666,-26.5515],[-52.7691,-26.5472],[-52.7833,-26.5454],[-52.7923,-26.5326],[-52.7935,-26.5206],[-52.7763,-26.5126],[-52.7806,-26.5023],[-52.8004,-26.4968],[-52.8,-26.4925],[-52.8164,-26.4953],[-52.8168,-26.4953],[-52.8424,-26.4996],[-52.8438,-26.5117],[-52.8502,-26.5125],[-52.8512,-26.5172],[-52.8679,-26.5242],[-52.8694,-26.5084],[-52.8819,-26.4917],[-52.8831,-26.4888],[-52.8768,-26.4876],[-52.8789,-26.4772],[-52.8722,-26.4637],[-52.8738,-26.4562],[-52.869,-26.4423],[-52.8617,-26.4344],[-52.8704,-26.4289],[-52.8708,-26.419],[-52.8619,-26.4105],[-52.8558,-26.4128],[-52.8528,-26.411],[-52.8498,-26.404],[-52.8358,-26.4104]]]}},{"type":"Feature","properties":{"nome":"Orleans","cod":"4211702","uf":"SC"},"geometry":{"type":"Polygon","coordinates":[[[-49.461,-28.1354],[-49.4613,-28.1392],[-49.4407,-28.1319],[-49.4336,-28.1357],[-49.4333,-28.1443],[-49.4302,-28.1499],[-49.4167,-28.1478],[-49.4055,-28.1525],[-49.398,-28.1582],[-49.3935,-28.1748],[-49.3976,-28.1796],[-49.3976,-28.1888],[-49.3953,-28.1947],[-49.3918,-28.1947],[-49.3692,-28.2182],[-49.3666,-28.2251],[-49.3556,-28.2262],[-49.3537,-28.2323],[-49.3481,-28.2394],[-49.3271,-28.2392],[-49.3102,-28.2452],[-49.3045,-28.2507],[-49.2945,-28.2528],[-49.2782,-28.2455],[-49.2755,-28.2476],[-49.2331,-28.2562],[-49.2184,-28.2683],[-49.2054,-28.2732],[-49.2019,-28.2871],[-49.2174,-28.2896],[-49.2251,-28.2984],[-49.216,-28.3015],[-49.2141,-28.3145],[-49.2131,-28.3337],[-49.2179,-28.3394],[-49.2203,-28.3427],[-49.2151,-28.3504],[-49.2153,-28.3616],[-49.2269,-28.3678],[-49.2222,-28.3736],[-49.2241,-28.3785],[-49.2152,-28.3881],[-49.1998,-28.3857],[-49.1975,-28.3795],[-49.1901,-28.3894],[-49.2116,-28.4003],[-49.2054,-28.4189],[-49.1959,-28.4237],[-49.2037,-28.4256],[-49.2082,-28.4314],[-49.2214,-28.4325],[-49.2224,-28.4296],[-49.2136,-28.4223],[-49.2227,-28.4233],[-49.2236,-28.4191],[-49.2299,-28.4163],[-49.2368,-28.4191],[-49.24,-28.4175],[-49.2385,-28.4131],[-49.243,-28.4134],[-49.246,-28.4194],[-49.2591,-28.4166],[-49.2601,-28.421],[-49.2871,-28.4129],[-49.2891,-28.4076],[-49.2858,-28.4033],[-49.2907,-28.4036],[-49.2892,-28.4005],[-49.2887,-28.3954],[-49.2928,-28.3972],[-49.2934,-28.397],[-49.3006,-28.4025],[-49.3035,-28.3993],[-49.3099,-28.4065],[-49.3108,-28.4017],[-49.3164,-28.4055],[-49.322,-28.4036],[-49.328,-28.406],[-49.3271,-28.4111],[-49.3362,-28.4174],[-49.3429,-28.4093],[-49.3333,-28.4043],[-49.3387,-28.4011],[-49.341,-28.3654],[-49.3413,-28.3651],[-49.359,-28.3644],[-49.3548,-28.3542],[-49.3597,-28.3518],[-49.3578,-28.3452],[-49.3606,-28.3415],[-49.3741,-28.3391],[-49.3776,-28.3431],[-49.3859,-28.3364],[-49.3909,-28.3384],[-49.3982,-28.3341],[-49.4063,-28.3355],[-49.408,-28.3295],[-49.4201,-28.3224],[-49.4331,-28.3158],[-49.4397,-28.3184],[-49.4478,-28.3227],[-49.4584,-28.3208],[-49.468,-28.3122],[-49.4728,-28.3096],[-49.4837,-28.3036],[-49.4976,-28.3041],[-49.5041,-28.3081],[-49.5146,-28.3039],[-49.5235,-28.3077],[-49.526,-28.3057],[-49.5222,-28.2975],[-49.5275,-28.2859],[-49.5253,-28.2758],[-49.5206,-28.2752],[-49.516,-28.2625],[-49.5222,-28.2713],[-49.5343,-28.2663],[-49.5366,-28.2721],[-49.5419,-28.2726],[-49.5423,-28.2702],[-49.5473,-28.2728],[-49.5428,-28.2584],[-49.5377,-28.2589],[-49.5312,-28.2529],[-49.5356,-28.2501],[-49.5345,-28.2472],[-49.5411,-28.247],[-49.5336,-28.2409],[-49.5502,-28.2392],[-49.5299,-28.2257],[-49.5351,-28.2183],[-49.5281,-28.2144],[-49.5261,-28.2085],[-49.5319,-28.2069],[-49.5291,-28.2003],[-49.5321,-28.1979],[-49.5276,-28.1925],[-49.5301,-28.1873],[-49.5112,-28.1726],[-49.5145,-28.1705],[-49.5062,-28.1604],[-49.5108,-28.1591],[-49.5079,-28.1563],[-49.5103,-28.1547],[-49.5015,-28.1505],[-49.5002,-28.1466],[-49.4919,-28.1451],[-49.4933,-28.1338],[-49.488,-28.1269],[-49.474,-28.1251],[-49.4715,-28.1268],[-49.4766,-28.1319],[-49.461,-28.1354]]]}},{"type":"Feature","properties":{"nome":"Otacílio Costa","cod":"4211751","uf":"SC"},"geometry":{"type":"Polygon","coordinates":[[[-50.0706,-27.3036],[-50.0717,-27.3107],[-50.062,-27.31],[-50.0623,-27.3123],[-50.0596,-27.3131],[-50.0627,-27.3212],[-50.0621,-27.3246],[-50.0587,-27.3211],[-50.0568,-27.3186],[-50.0488,-27.3199],[-50.0528,-27.3156],[-50.0412,-27.3206],[-50.0272,-27.3252],[-50.0193,-27.3244],[-50.0176,-27.3199],[-50.0104,-27.3197],[-50.0188,-27.3302],[-50.0258,-27.3281],[-50.024,-27.335],[-50.0276,-27.3417],[-50.0329,-27.3416],[-50.0423,-27.3344],[-50.0476,-27.3352],[-50.0438,-27.3406],[-50.0491,-27.3558],[-50.0433,-27.3522],[-50.0405,-27.358],[-50.0324,-27.3569],[-50.0301,-27.3683],[-50.0334,-27.3724],[-50.0216,-27.373],[-50.0146,-27.3785],[-50.0115,-27.3883],[-50.0191,-27.3885],[-50.0149,-27.3941],[-50.0157,-27.4008],[-50.0086,-27.4058],[-50.0113,-27.3991],[-50.0079,-27.3975],[-49.9954,-27.4136],[-49.9911,-27.4129],[-49.9871,-27.4186],[-49.9783,-27.4165],[-49.9881,-27.4065],[-49.987,-27.4031],[-49.97,-27.4123],[-49.9688,-27.4078],[-49.9651,-27.4119],[-49.9617,-27.4053],[-49.9556,-27.4063],[-49.9559,-27.4023],[-49.9539,-27.4043],[-49.9492,-27.4104],[-49.9458,-27.4059],[-49.9507,-27.4157],[-49.9406,-27.4151],[-49.9466,-27.4205],[-49.9435,-27.4245],[-49.9286,-27.4191],[-49.9296,-27.4135],[-49.9226,-27.4188],[-49.9246,-27.4234],[-49.9191,-27.4226],[-49.9182,-27.4307],[-49.9142,-27.4334],[-49.9071,-27.4319],[-49.9107,-27.4405],[-49.9059,-27.4408],[-49.9003,-27.4468],[-49.9004,-27.4554],[-49.8955,-27.4587],[-49.8922,-27.4571],[-49.8944,-27.4607],[-49.8891,-27.4656],[-49.8945,-27.4816],[-49.8875,-27.4827],[-49.8932,-27.4891],[-49.8915,-27.4965],[-49.8806,-27.4931],[-49.8659,-27.498],[-49.849,-27.4933],[-49.8511,-27.5037],[-49.8451,-27.5153],[-49.8383,-27.52],[-49.8394,-27.5239],[-49.8315,-27.5288],[-49.8338,-27.5386],[-49.8291,-27.5398],[-49.824,-27.5488],[-49.7893,-27.5707],[-49.7828,-27.5819],[-49.776,-27.5857],[-49.7641,-27.5808],[-49.7647,-27.5857],[-49.7556,-27.5909],[-49.7573,-27.596],[-49.7534,-27.5973],[-49.7505,-27.5945],[-49.747,-27.601],[-49.7329,-27.619],[-49.7365,-27.6291],[-49.7419,-27.6309],[-49.7374,-27.6479],[-49.7302,-27.6508],[-49.7296,-27.6544],[-49.7338,-27.6634],[-49.7378,-27.6622],[-49.7412,-27.6681],[-49.7454,-27.6651],[-49.7451,-27.6684],[-49.7473,-27.6661],[-49.7587,-27.6682],[-49.7644,-27.6568],[-49.7745,-27.6595],[-49.7825,-27.6684],[-49.7861,-27.6668],[-49.7868,-27.6713],[-49.7946,-27.6642],[-49.8003,-27.6746],[-49.8035,-27.6744],[-49.8011,-27.6767],[-49.8086,-27.6789],[-49.8094,-27.6836],[-49.813,-27.6814],[-49.813,-27.6864],[-49.8188,-27.6863],[-49.8217,-27.6901],[-49.8212,-27.6841],[-49.8256,-27.6874],[-49.8339,-27.6859],[-49.8388,-27.6774],[-49.8337,-27.6751],[-49.8368,-27.6699],[-49.8543,-27.6689],[-49.8621,-27.6756],[-49.864,-27.6914],[-49.8735,-27.6846],[-49.8718,-27.6758],[-49.8846,-27.6647],[-49.887,-27.6479],[-49.8926,-27.662],[-49.8987,-27.6585],[-49.9014,-27.6521],[-49.9107,-27.6537],[-49.9174,-27.6499],[-49.9195,-27.6558],[-49.9091,-27.6599],[-49.9054,-27.6672],[-49.909,-27.6708],[-49.9189,-27.667],[-49.9364,-27.6472],[-49.945,-27.6474],[-49.9485,-27.6452],[-49.9454,-27.6363],[-49.9555,-27.6404],[-49.9527,-27.6557],[-49.9634,-27.6601],[-49.9704,-27.6566],[-49.9764,-27.6434],[-49.9906,-27.6405],[-49.9846,-27.6324],[-49.9724,-27.6342],[-49.9851,-27.6187],[-49.9941,-27.6247],[-50.0022,-27.6227],[-50.0064,-27.617],[-50.0101,-27.6182],[-50.0043,-27.6292],[-49.9956,-27.6346],[-49.9964,-27.6387],[-50.0006,-27.6398],[-50.0085,-27.6317],[-50.0205,-27.6335],[-50.0243,-27.6312],[-50.0218,-27.6252],[-50.0131,-27.6236],[-50.0219,-27.6136],[-50.0137,-27.6092],[-50.014,-27.6051],[-50.0302,-27.5938],[-50.0256,-27.5879],[-50.0173,-27.5849],[-50.0132,-27.5774],[-50.0204,-27.5689],[-50.0254,-27.5687],[-50.0347,-27.5838],[-50.0419,-27.5844],[-50.0471,-27.5773],[-50.052,-27.5648],[-50.0419,-27.5611],[-50.0456,-27.5548],[-50.0614,-27.5679],[-50.0698,-27.564],[-50.074,-27.5555],[-50.0785,-27.5585],[-50.0756,-27.5661],[-50.0871,-27.5649],[-50.0968,-27.56],[-50.0994,-27.555],[-50.0924,-27.5389],[-50.1137,-27.5304],[-50.1163,-27.5346],[-50.1274,-27.5369],[-50.1387,-27.5274],[-50.1316,-27.5159],[-50.1408,-27.5079],[-50.1367,-27.5024],[-50.1262,-27.498],[-50.1256,-27.4939],[-50.1299,-27.4916],[-50.1353,-27.4981],[-50.1515,-27.5027],[-50.1539,-27.4961],[-50.1429,-27.4911],[-50.1472,-27.4837],[-50.1599,-27.4748],[-50.1589,-27.4626],[-50.1793,-27.4593],[-50.1806,-27.4463],[-50.1754,-27.4505],[-50.1754,-27.4421],[-50.1696,-27.4428],[-50.1691,-27.4373],[-50.1675,-27.4404],[-50.1651,-27.4386],[-50.1675,-27.4308],[-50.1619,-27.4303],[-50.1621,-27.4268],[-50.1586,-27.4283],[-50.1575,-27.4182],[-50.1542,-27.4176],[-50.157,-27.4153],[-50.1539,-27.4104],[-50.1576,-27.4083],[-50.1519,-27.4064],[-50.1525,-27.4014],[-50.1464,-27.4015],[-50.1457,-27.378],[-50.1402,-27.3776],[-50.1426,-27.3711],[-50.1372,-27.3673],[-50.1384,-27.3628],[-50.1271,-27.3599],[-50.1279,-27.3495],[-50.1126,-27.3474],[-50.1131,-27.3403],[-50.1034,-27.3394],[-50.1002,-27.334],[-50.1025,-27.3274],[-50.0973,-27.3252],[-50.0909,-27.3291],[-50.0899,-27.322],[-50.0887,-27.3082],[-50.0748,-27.3032],[-50.0706,-27.3036]]]}},{"type":"Feature","properties":{"nome":"Ouro","cod":"4211801","uf":"SC"},"geometry":{"type":"Polygon","coordinates":[[[-51.674,-27.1973],[-51.6639,-27.2022],[-51.6563,-27.2016],[-51.6498,-27.2191],[-51.6473,-27.2141],[-51.6324,-27.2242],[-51.6353,-27.2303],[-51.6431,-27.2303],[-51.6483,-27.2359],[-51.6424,-27.247],[-51.6347,-27.2612],[-51.6274,-27.2549],[-51.5962,-27.2704],[-51.6026,-27.2871],[-51.5945,-27.2973],[-51.5982,-27.3098],[-51.609,-27.321],[-51.6103,-27.3286],[-51.6027,-27.3278],[-51.5959,-27.3267],[-51.592,-27.3314],[-51.5968,-27.3337],[-51.603,-27.3343],[-51.6168,-27.3438],[-51.6196,-27.3498],[-51.625,-27.352],[-51.6352,-27.3445],[-51.6412,-27.3494],[-51.6487,-27.3503],[-51.6571,-27.3402],[-51.6647,-27.3389],[-51.6707,-27.3444],[-51.6688,-27.3529],[-51.6726,-27.3573],[-51.6789,-27.3574],[-51.6871,-27.3517],[-51.6861,-27.3575],[-51.6866,-27.3652],[-51.692,-27.3687],[-51.7106,-27.3672],[-51.7253,-27.3581],[-51.7293,-27.3563],[-51.7298,-27.3505],[-51.7336,-27.3529],[-51.7365,-27.3498],[-51.7362,-27.3407],[-51.7272,-27.3406],[-51.7319,-27.3324],[-51.7387,-27.3301],[-51.7415,-27.3192],[-51.7592,-27.307],[-51.7554,-27.2976],[-51.7576,-27.2934],[-51.7504,-27.2849],[-51.7555,-27.2807],[-51.7638,-27.2593],[-51.76,-27.254],[-51.7551,-27.2576],[-51.7506,-27.2558],[-51.7505,-27.2519],[-51.745,-27.2498],[-51.7444,-27.2457],[-51.7383,-27.2458],[-51.7315,-27.2324],[-51.72,-27.2181],[-51.7247,-27.2077],[-51.6982,-27.1901],[-51.6959,-27.1846],[-51.6852,-27.183],[-51.674,-27.1973]]]}},{"type":"Feature","properties":{"nome":"Ouro Verde","cod":"4211850","uf":"SC"},"geometry":{"type":"Polygon","coordinates":[[[-52.2623,-26.6658],[-52.2543,-26.6754],[-52.2319,-26.6806],[-52.2179,-26.6744],[-52.2173,-26.6675],[-52.2089,-26.6651],[-52.1978,-26.6641],[-52.1863,-26.6695],[-52.1803,-26.6776],[-52.1803,-26.6815],[-52.1858,-26.6846],[-52.186,-26.6973],[-52.1791,-26.7004],[-52.1854,-26.7133],[-52.1904,-26.7298],[-52.2105,-26.7419],[-52.2058,-26.7633],[-52.2136,-26.769],[-52.2214,-26.7672],[-52.2269,-26.7775],[-52.2303,-26.7733],[-52.2259,-26.7691],[-52.2292,-26.7611],[-52.2337,-26.7597],[-52.2535,-26.7637],[-52.2572,-26.7618],[-52.2567,-26.7546],[-52.2626,-26.7522],[-52.2657,-26.7538],[-52.2656,-26.7602],[-52.2781,-26.7588],[-52.2731,-26.7699],[-52.2761,-26.7741],[-52.2813,-26.7744],[-52.2904,-26.7691],[-52.2925,-26.7637],[-52.2992,-26.7634],[-52.3049,-26.7638],[-52.304,-26.7729],[-52.3087,-26.7797],[-52.3182,-26.7733],[-52.3148,-26.7545],[-52.3293,-26.756],[-52.3354,-26.7619],[-52.3433,-26.7579],[-52.3487,-26.7559],[-52.3537,-26.762],[-52.3619,-26.7592],[-52.3692,-26.7506],[-52.3676,-26.7419],[-52.3529,-26.7237],[-52.3642,-26.7133],[-52.3593,-26.706],[-52.3681,-26.6718],[-52.3684,-26.667],[-52.356,-26.6599],[-52.3497,-26.6654],[-52.3375,-26.6667],[-52.3273,-26.6614],[-52.3097,-26.6545],[-52.2808,-26.6432],[-52.2623,-26.6658]]]}},{"type":"Feature","properties":{"nome":"Paial","cod":"4211876","uf":"SC"},"geometry":{"type":"Polygon","coordinates":[[[-52.4471,-27.1888],[-52.4327,-27.1989],[-52.4322,-27.1902],[-52.4382,-27.1833],[-52.4313,-27.1807],[-52.4217,-27.1928],[-52.4109,-27.1817],[-52.4,-27.1894],[-52.4109,-27.1989],[-52.4112,-27.203],[-52.4155,-27.2028],[-52.4159,-27.2074],[-52.4241,-27.2093],[-52.4273,-27.2156],[-52.4325,-27.218],[-52.4396,-27.2163],[-52.4511,-27.2204],[-52.4623,-27.2284],[-52.4772,-27.2336],[-52.4815,-27.2448],[-52.4769,-27.2623],[-52.4792,-27.2649],[-52.4856,-27.2665],[-52.4974,-27.2648],[-52.504,-27.2645],[-52.5358,-27.2597],[-52.5448,-27.2395],[-52.5441,-27.2343],[-52.5361,-27.2325],[-52.543,-27.2192],[-52.5351,-27.2168],[-52.5333,-27.2098],[-52.5236,-27.2078],[-52.5203,-27.1952],[-52.5135,-27.1901],[-52.5193,-27.1907],[-52.525,-27.182],[-52.5271,-27.1783],[-52.5194,-27.1777],[-52.5234,-27.1653],[-52.5159,-27.165],[-52.5066,-27.1591],[-52.4964,-27.1667],[-52.491,-27.1668],[-52.459,-27.1731],[-52.4471,-27.1888]]]}},{"type":"Feature","properties":{"nome":"Painel","cod":"4211892","uf":"SC"},"geometry":{"type":"Polygon","coordinates":[[[-49.9976,-27.8066],[-49.9857,-27.8168],[-49.9905,-27.8246],[-49.9803,-27.8294],[-49.9763,-27.8362],[-49.9707,-27.8329],[-49.9653,-27.8367],[-49.9635,-27.8451],[-49.9675,-27.8476],[-49.9693,-27.8492],[-49.9612,-27.8465],[-49.9522,-27.8481],[-49.9485,-27.8446],[-49.9376,-27.8449],[-49.9217,-27.8415],[-49.9041,-27.8437],[-49.9095,-27.8492],[-49.9106,-27.8551],[-49.8985,-27.857],[-49.8997,-27.8655],[-49.8887,-27.8762],[-49.8855,-27.8845],[-49.8772,-27.8873],[-49.8779,-27.8966],[-49.8692,-27.9006],[-49.8672,-27.9102],[-49.9342,-27.9365],[-49.9403,-27.9447],[-49.9428,-27.9493],[-49.965,-27.9554],[-49.9627,-27.9604],[-49.966,-27.9644],[-49.9603,-27.9706],[-49.9685,-27.9767],[-49.9687,-27.9838],[-49.9639,-27.9895],[-49.9659,-27.9953],[-49.9814,-27.9971],[-49.9878,-28.0058],[-49.9995,-28.0026],[-50.0016,-28.0187],[-49.9943,-28.0278],[-49.9981,-28.0318],[-50.0121,-28.0343],[-50.0081,-28.0437],[-50.0151,-28.043],[-50.0182,-28.0458],[-50.0108,-28.0568],[-50.0113,-28.0614],[-50.018,-28.0604],[-50.0152,-28.0695],[-50.0236,-28.071],[-50.029,-28.0653],[-50.0411,-28.0669],[-50.0443,-28.0757],[-50.0527,-28.0772],[-50.0533,-28.0802],[-50.0432,-28.0878],[-50.0548,-28.0936],[-50.0612,-28.0892],[-50.0643,-28.0967],[-50.0728,-28.1031],[-50.059,-28.1126],[-50.067,-28.1108],[-50.0741,-28.1142],[-50.0826,-28.1099],[-50.0764,-28.1223],[-50.089,-28.1182],[-50.1012,-28.1094],[-50.0952,-28.1215],[-50.1052,-28.124],[-50.1153,-28.1381],[-50.1036,-28.1597],[-50.1061,-28.1621],[-50.1108,-28.1622],[-50.1146,-28.1574],[-50.1303,-28.1567],[-50.1338,-28.1542],[-50.1322,-28.1467],[-50.1409,-28.1548],[-50.1483,-28.1424],[-50.1538,-28.144],[-50.1592,-28.1551],[-50.1724,-28.1614],[-50.1755,-28.1515],[-50.1887,-28.14],[-50.1886,-28.1338],[-50.194,-28.1282],[-50.1999,-28.1102],[-50.1951,-28.0981],[-50.1914,-28.0882],[-50.2011,-27.9933],[-50.1956,-27.9852],[-50.1969,-27.9809],[-50.1961,-27.9664],[-50.1821,-27.9394],[-50.1928,-27.9148],[-50.2064,-27.9087],[-50.2143,-27.8956],[-50.2136,-27.8742],[-50.2018,-27.8691],[-50.2056,-27.8663],[-50.2014,-27.8629],[-50.1897,-27.8657],[-50.1805,-27.8631],[-50.1698,-27.8689],[-50.1605,-27.8598],[-50.143,-27.858],[-50.1418,-27.853],[-50.1311,-27.8582],[-50.1128,-27.8528],[-50.1082,-27.8568],[-50.0966,-27.8545],[-50.0948,-27.8455],[-50.0909,-27.8486],[-50.08,-27.8401],[-50.0765,-27.8419],[-50.0723,-27.8391],[-50.0675,-27.8243],[-50.0686,-27.8102],[-50.0611,-27.8132],[-50.0576,-27.8095],[-50.0469,-27.809],[-50.0398,-27.8158],[-50.0349,-27.8108],[-50.0276,-27.8152],[-50.0255,-27.808],[-50.0169,-27.8065],[-50.0029,-27.7923],[-49.9962,-27.7912],[-49.9936,-27.7981],[-49.9976,-27.8066]]]}},{"type":"Feature","properties":{"nome":"Palhoça","cod":"4211900","uf":"SC"},"geometry":{"type":"Polygon","coordinates":[[[-48.6663,-27.6067],[-48.6532,-27.6219],[-48.643,-27.6273],[-48.6423,-27.6352],[-48.6435,-27.6428],[-48.6359,-27.6507],[-48.6218,-27.6574],[-48.6011,-27.6613],[-48.6047,-27.6733],[-48.6014,-27.685],[-48.5985,-27.6983],[-48.6,-27.7264],[-48.5882,-27.751],[-48.5962,-27.7593],[-48.5928,-27.7676],[-48.6013,-27.7769],[-48.591,-27.787],[-48.5926,-27.8075],[-48.5815,-27.8148],[-48.5779,-27.8217],[-48.5755,-27.8423],[-48.5789,-27.8524],[-48.5799,-27.8482],[-48.5861,-27.8473],[-48.5975,-27.8528],[-48.6018,-27.8645],[-48.5994,-27.878],[-48.5914,-27.8848],[-48.5875,-27.8809],[-48.5777,-27.8824],[-48.5742,-27.8771],[-48.5735,-27.8896],[-48.5829,-27.9055],[-48.5897,-27.9035],[-48.6063,-27.917],[-48.6244,-27.9104],[-48.6365,-27.9145],[-48.6409,-27.9049],[-48.6466,-27.9112],[-48.6437,-27.9055],[-48.6481,-27.9059],[-48.6474,-27.9024],[-48.6516,-27.901],[-48.6536,-27.9032],[-48.6564,-27.9098],[-48.6811,-27.9067],[-48.6909,-27.9021],[-48.6983,-27.9033],[-48.7028,-27.8963],[-48.7235,-27.8941],[-48.7231,-27.8873],[-48.727,-27.8825],[-48.7304,-27.8707],[-48.7369,-27.8619],[-48.7358,-27.8426],[-48.7477,-27.8279],[-48.7412,-27.8252],[-48.7447,-27.8172],[-48.74,-27.81],[-48.7384,-27.7975],[-48.7345,-27.7859],[-48.7265,-27.7836],[-48.7155,-27.7741],[-48.707,-27.774],[-48.675,-27.7576],[-48.6812,-27.7583],[-48.6852,-27.7547],[-48.6952,-27.7319],[-48.7027,-27.7144],[-48.7011,-27.7052],[-48.7056,-27.6958],[-48.7085,-27.6934],[-48.7145,-27.69],[-48.7229,-27.6888],[-48.7222,-27.685],[-48.7196,-27.679],[-48.7304,-27.6785],[-48.7377,-27.6555],[-48.7432,-27.6343],[-48.7382,-27.6143],[-48.6889,-27.6122],[-48.6707,-27.6191],[-48.6663,-27.6067]]]}},{"type":"Feature","properties":{"nome":"Palma Sola","cod":"4212007","uf":"SC"},"geometry":{"type":"Polygon","coordinates":[[[-53.2731,-26.2603],[-53.2593,-26.2796],[-53.2617,-26.2878],[-53.2545,-26.2888],[-53.2519,-26.2986],[-53.2455,-26.2972],[-53.2407,-26.3008],[-53.2316,-26.3115],[-53.2012,-26.3309],[-53.1971,-26.3294],[-53.184,-26.3434],[-53.1688,-26.3477],[-53.1615,-26.3513],[-53.1586,-26.3499],[-53.1703,-26.3608],[-53.1914,-26.3693],[-53.1992,-26.3665],[-53.2191,-26.3739],[-53.2293,-26.3699],[-53.2372,-26.3718],[-53.2477,-26.3787],[-53.251,-26.3776],[-53.2559,-26.382],[-53.2546,-26.3862],[-53.2624,-26.3891],[-53.2612,-26.3914],[-53.2632,-26.4045],[-53.2752,-26.3973],[-53.2731,-26.4089],[-53.2648,-26.4102],[-53.2731,-26.4119],[-53.2783,-26.4081],[-53.282,-26.4066],[-53.2839,-26.4096],[-53.275,-26.4172],[-53.2796,-26.42],[-53.284,-26.4168],[-53.2866,-26.4185],[-53.2828,-26.4234],[-53.2844,-26.4328],[-53.2888,-26.4308],[-53.2899,-26.4329],[-53.2871,-26.4385],[-53.2795,-26.4393],[-53.2857,-26.4441],[-53.2809,-26.4473],[-53.2819,-26.4521],[-53.2892,-26.4555],[-53.2891,-26.46],[-53.2936,-26.4564],[-53.3016,-26.4571],[-53.3041,-26.4647],[-53.3017,-26.4668],[-53.3061,-26.4687],[-53.3117,-26.4678],[-53.3159,-26.462],[-53.3121,-26.4571],[-53.3224,-26.4634],[-53.3211,-26.4684],[-53.3249,-26.4705],[-53.3286,-26.4641],[-53.3323,-26.4683],[-53.3311,-26.4737],[-53.3394,-26.4768],[-53.3389,-26.481],[-53.3487,-26.4782],[-53.3479,-26.4862],[-53.3518,-26.4889],[-53.3574,-26.4873],[-53.3609,-26.4889],[-53.3562,-26.4949],[-53.3606,-26.4971],[-53.3498,-26.5036],[-53.3562,-26.5029],[-53.3739,-26.5114],[-53.3764,-26.5147],[-53.3853,-26.5126],[-53.392,-26.515],[-53.3987,-26.5116],[-53.4002,-26.5238],[-53.4063,-26.5189],[-53.4181,-26.5071],[-53.4097,-26.5099],[-53.4065,-26.508],[-53.4159,-26.4939],[-53.4057,-26.493],[-53.4041,-26.4903],[-53.4139,-26.4808],[-53.4084,-26.4835],[-53.4009,-26.4804],[-53.4086,-26.4763],[-53.4059,-26.4719],[-53.4089,-26.4608],[-53.4055,-26.4602],[-53.4023,-26.4661],[-53.3923,-26.4632],[-53.391,-26.4625],[-53.3821,-26.4571],[-53.3803,-26.4492],[-53.3703,-26.4515],[-53.3744,-26.4465],[-53.3684,-26.446],[-53.3679,-26.4419],[-53.3774,-26.4345],[-53.371,-26.4298],[-53.3629,-26.4308],[-53.3681,-26.4239],[-53.3599,-26.4214],[-53.3925,-26.425],[-53.4022,-26.4274],[-53.4124,-26.4235],[-53.4117,-26.4119],[-53.4062,-26.412],[-53.4061,-26.4061],[-53.4006,-26.4065],[-53.4013,-26.3977],[-53.4055,-26.3969],[-53.4074,-26.3896],[-53.4016,-26.3933],[-53.4022,-26.3892],[-53.3982,-26.3903],[-53.3991,-26.3852],[-53.395,-26.3854],[-53.4044,-26.3788],[-53.4004,-26.371],[-53.3931,-26.3707],[-53.3949,-26.3652],[-53.3928,-26.3595],[-53.3898,-26.3532],[-53.3896,-26.3527],[-53.3859,-26.3549],[-53.385,-26.352],[-53.3799,-26.3522],[-53.3779,-26.3445],[-53.3722,-26.3449],[-53.3694,-26.3414],[-53.3753,-26.3398],[-53.3752,-26.3358],[-53.3693,-26.3386],[-53.3671,-26.3366],[-53.3664,-26.3339],[-53.3718,-26.3324],[-53.3628,-26.3261],[-53.3646,-26.3167],[-53.3579,-26.3169],[-53.3585,-26.3099],[-53.3539,-26.3055],[-53.3495,-26.3067],[-53.3498,-26.3034],[-53.3506,-26.3006],[-53.3424,-26.2964],[-53.3431,-26.2864],[-53.3421,-26.278],[-53.3418,-26.2673],[-53.3401,-26.2545],[-53.3452,-26.2464],[-53.3358,-26.249],[-53.3352,-26.2545],[-53.3193,-26.2538],[-53.3136,-26.2566],[-53.308,-26.2607],[-53.3048,-26.2593],[-53.2828,-26.2455],[-53.2783,-26.2479],[-53.2798,-26.2594],[-53.2731,-26.2603]]]}},{"type":"Feature","properties":{"nome":"Palmeira","cod":"4212056","uf":"SC"},"geometry":{"type":"Polygon","coordinates":[[[-50.1806,-27.4463],[-50.1793,-27.4593],[-50.1589,-27.4626],[-50.1599,-27.4748],[-50.1472,-27.4837],[-50.1429,-27.4911],[-50.1539,-27.4961],[-50.1515,-27.5027],[-50.1353,-27.4981],[-50.1299,-27.4916],[-50.1256,-27.4939],[-50.1262,-27.498],[-50.1367,-27.5024],[-50.1408,-27.5079],[-50.1316,-27.5159],[-50.1387,-27.5274],[-50.1274,-27.5369],[-50.1163,-27.5346],[-50.1137,-27.5304],[-50.0924,-27.5389],[-50.0994,-27.555],[-50.0968,-27.56],[-50.0871,-27.5649],[-50.0756,-27.5661],[-50.0785,-27.5585],[-50.074,-27.5555],[-50.0698,-27.564],[-50.0614,-27.5679],[-50.0456,-27.5548],[-50.0419,-27.5611],[-50.052,-27.5648],[-50.0471,-27.5773],[-50.0498,-27.5792],[-50.0485,-27.5909],[-50.0543,-27.5921],[-50.0523,-27.5981],[-50.0565,-27.6093],[-50.0558,-27.6177],[-50.0618,-27.618],[-50.069,-27.6254],[-50.0729,-27.6227],[-50.0805,-27.6262],[-50.0802,-27.6306],[-50.085,-27.6324],[-50.0857,-27.6397],[-50.0903,-27.6426],[-50.0905,-27.6494],[-50.0944,-27.6493],[-50.0934,-27.6534],[-50.099,-27.6581],[-50.0984,-27.6629],[-50.1036,-27.6628],[-50.1053,-27.6756],[-50.1343,-27.6944],[-50.1374,-27.7083],[-50.1386,-27.7035],[-50.1495,-27.6546],[-50.1533,-27.6514],[-50.1638,-27.6653],[-50.1878,-27.6519],[-50.1864,-27.6421],[-50.1935,-27.6392],[-50.1973,-27.6323],[-50.1934,-27.6271],[-50.195,-27.6174],[-50.1904,-27.6112],[-50.1948,-27.6052],[-50.1917,-27.5945],[-50.2029,-27.5859],[-50.1992,-27.5826],[-50.2079,-27.5757],[-50.2103,-27.5679],[-50.2049,-27.5662],[-50.2074,-27.5633],[-50.2164,-27.5584],[-50.2119,-27.5524],[-50.2239,-27.5424],[-50.225,-27.5311],[-50.2348,-27.5263],[-50.2348,-27.5193],[-50.2257,-27.5133],[-50.2414,-27.5167],[-50.2442,-27.5255],[-50.2511,-27.517],[-50.2505,-27.5223],[-50.2587,-27.5184],[-50.2708,-27.5238],[-50.2926,-27.5146],[-50.3013,-27.5002],[-50.2989,-27.4945],[-50.2736,-27.4941],[-50.283,-27.4789],[-50.2775,-27.4669],[-50.2692,-27.46],[-50.2661,-27.445],[-50.2523,-27.4534],[-50.2465,-27.4747],[-50.2283,-27.4839],[-50.2223,-27.4802],[-50.2266,-27.4703],[-50.2129,-27.4543],[-50.1916,-27.4574],[-50.188,-27.44],[-50.1806,-27.4463]]]}},{"type":"Feature","properties":{"nome":"Palmitos","cod":"4212106","uf":"SC"},"geometry":{"type":"Polygon","coordinates":[[[-53.1425,-26.9427],[-53.134,-26.9552],[-53.1374,-26.9634],[-53.1285,-26.9709],[-53.1284,-26.9711],[-53.125,-26.9791],[-53.1283,-26.9826],[-53.1343,-26.9816],[-53.1283,-26.9882],[-53.1348,-26.9906],[-53.1297,-26.9941],[-53.1305,-27.0007],[-53.1245,-27.0014],[-53.1252,-27.0092],[-53.1295,-27.0119],[-53.1174,-27.0181],[-53.1151,-27.0265],[-53.1113,-27.025],[-53.1072,-27.0289],[-53.1088,-27.0358],[-53.1023,-27.0369],[-53.1021,-27.0407],[-53.1094,-27.0402],[-53.1124,-27.044],[-53.1004,-27.051],[-53.1045,-27.0561],[-53.1017,-27.0595],[-53.1059,-27.064],[-53.1032,-27.0661],[-53.0943,-27.0624],[-53.0924,-27.0646],[-53.0976,-27.0774],[-53.0849,-27.0784],[-53.0745,-27.0869],[-53.0866,-27.0912],[-53.0761,-27.1032],[-53.0797,-27.1149],[-53.0702,-27.1366],[-53.0715,-27.1569],[-53.0722,-27.1579],[-53.0861,-27.1629],[-53.1123,-27.1697],[-53.1265,-27.1783],[-53.1335,-27.1778],[-53.1409,-27.1702],[-53.1494,-27.1419],[-53.1571,-27.1382],[-53.1659,-27.1408],[-53.1724,-27.1488],[-53.1767,-27.1786],[-53.1882,-27.1911],[-53.196,-27.1912],[-53.2297,-27.1715],[-53.2302,-27.1712],[-53.2424,-27.1702],[-53.2475,-27.1742],[-53.2561,-27.1798],[-53.2713,-27.1867],[-53.2919,-27.1962],[-53.3104,-27.218],[-53.3185,-27.2161],[-53.3205,-27.2092],[-53.319,-27.1969],[-53.3061,-27.1764],[-53.2992,-27.1599],[-53.2925,-27.141],[-53.2927,-27.1339],[-53.2837,-27.1334],[-53.2775,-27.1395],[-53.2743,-27.1315],[-53.2812,-27.1294],[-53.2782,-27.1256],[-53.2796,-27.1176],[-53.2712,-27.1201],[-53.2717,-27.1141],[-53.2646,-27.1118],[-53.2709,-27.1089],[-53.2645,-27.106],[-53.265,-27.1009],[-53.2571,-27.1049],[-53.2497,-27.1014],[-53.2537,-27.0891],[-53.2483,-27.0869],[-53.2432,-27.0905],[-53.2432,-27.0849],[-53.2324,-27.0832],[-53.2331,-27.0767],[-53.2342,-27.0702],[-53.2302,-27.0662],[-53.2174,-27.0664],[-53.2162,-27.0555],[-53.2237,-27.0568],[-53.2285,-27.0464],[-53.2254,-27.0447],[-53.2214,-27.0452],[-53.221,-27.0332],[-53.2055,-26.9883],[-53.2098,-26.9871],[-53.2039,-26.9664],[-53.1928,-26.9682],[-53.1907,-26.9514],[-53.1734,-26.9509],[-53.1712,-26.9534],[-53.1659,-26.9553],[-53.1425,-26.9427]]]}},{"type":"Feature","properties":{"nome":"Papanduva","cod":"4212205","uf":"SC"},"geometry":{"type":"Polygon","coordinates":[[[-50.1526,-26.2104],[-50.1498,-26.2206],[-50.1401,-26.2221],[-50.1455,-26.2269],[-50.1371,-26.2393],[-50.14,-26.2428],[-50.1435,-26.2382],[-50.1481,-26.2483],[-50.135,-26.2517],[-50.1328,-26.2491],[-50.1265,-26.2571],[-50.1217,-26.2531],[-50.1156,-26.2544],[-50.1123,-26.2575],[-50.1138,-26.2638],[-50.1224,-26.2687],[-50.1232,-26.2737],[-50.1143,-26.2815],[-50.1101,-26.2739],[-50.1043,-26.2771],[-50.1012,-26.2778],[-50.1123,-26.2894],[-50.1214,-26.2835],[-50.127,-26.292],[-50.116,-26.3078],[-50.1228,-26.3158],[-50.1236,-26.3245],[-50.1175,-26.3283],[-50.1167,-26.3374],[-50.1119,-26.3387],[-50.1112,-26.3528],[-50.106,-26.3538],[-50.1002,-26.3465],[-50.0942,-26.3519],[-50.0889,-26.3504],[-50.0842,-26.3629],[-50.0872,-26.3856],[-50.0823,-26.3961],[-50.0737,-26.4052],[-50.0755,-26.4233],[-50.0719,-26.4337],[-50.0644,-26.4416],[-50.0646,-26.4473],[-50.0692,-26.4493],[-50.0832,-26.4727],[-50.0877,-26.4978],[-50.0856,-26.5046],[-50.0936,-26.5159],[-50.091,-26.5236],[-50.1047,-26.5163],[-50.1111,-26.519],[-50.1151,-26.5174],[-50.121,-26.5231],[-50.1258,-26.5242],[-50.125,-26.5402],[-50.1316,-26.5504],[-50.123,-26.5566],[-50.1295,-26.5617],[-50.1205,-26.5621],[-50.1192,-26.5648],[-50.1248,-26.5764],[-50.132,-26.5766],[-50.1247,-26.5838],[-50.1322,-26.5864],[-50.1329,-26.5909],[-50.1283,-26.5886],[-50.1278,-26.5918],[-50.1318,-26.595],[-50.1296,-26.6008],[-50.1198,-26.604],[-50.1287,-26.6074],[-50.1188,-26.6119],[-50.1254,-26.6149],[-50.1133,-26.616],[-50.1113,-26.6232],[-50.1157,-26.626],[-50.111,-26.6329],[-50.1182,-26.6346],[-50.1174,-26.631],[-50.1211,-26.6293],[-50.1269,-26.6428],[-50.1325,-26.6404],[-50.1372,-26.6416],[-50.1379,-26.6455],[-50.1296,-26.6496],[-50.1353,-26.6651],[-50.1322,-26.6776],[-50.1236,-26.687],[-50.1187,-26.692],[-50.1161,-26.7037],[-50.1138,-26.7102],[-50.1207,-26.737],[-50.1071,-26.7561],[-50.1057,-26.7928],[-50.0986,-26.8022],[-50.0853,-26.8095],[-50.1022,-26.8159],[-50.1246,-26.8007],[-50.1371,-26.8],[-50.1435,-26.7943],[-50.1549,-26.7968],[-50.155,-26.7968],[-50.1704,-26.7905],[-50.1969,-26.8134],[-50.2192,-26.8134],[-50.2161,-26.8047],[-50.2197,-26.7929],[-50.2119,-26.7733],[-50.2203,-26.7699],[-50.2196,-26.7627],[-50.2277,-26.7637],[-50.2366,-26.7577],[-50.2379,-26.7481],[-50.2325,-26.7446],[-50.2323,-26.7397],[-50.2376,-26.7357],[-50.2386,-26.7287],[-50.2429,-26.7244],[-50.2471,-26.7312],[-50.2536,-26.727],[-50.2518,-26.7187],[-50.2464,-26.7145],[-50.2444,-26.6981],[-50.2257,-26.6814],[-50.2233,-26.6783],[-50.2082,-26.6456],[-50.2082,-26.6298],[-50.208,-26.6258],[-50.2081,-26.6133],[-50.1977,-26.5965],[-50.1992,-26.5889],[-50.2041,-26.5828],[-50.2037,-26.5708],[-50.2018,-26.5519],[-50.1994,-26.54],[-50.2041,-26.5347],[-50.2066,-26.5207],[-50.1979,-26.5081],[-50.1957,-26.4892],[-50.1898,-26.4822],[-50.1901,-26.4794],[-50.1679,-26.4698],[-50.1857,-26.4546],[-50.1862,-26.4442],[-50.1914,-26.4435],[-50.196,-26.4472],[-50.2091,-26.4447],[-50.2224,-26.4506],[-50.2238,-26.4505],[-50.2296,-26.4504],[-50.2422,-26.4475],[-50.2469,-26.451],[-50.2529,-26.4449],[-50.2674,-26.4472],[-50.2706,-26.4477],[-50.2672,-26.4384],[-50.2743,-26.4222],[-50.2664,-26.4166],[-50.2695,-26.4127],[-50.2643,-26.4066],[-50.2709,-26.4056],[-50.2712,-26.4112],[-50.2743,-26.4114],[-50.2716,-26.4145],[-50.2774,-26.412],[-50.277,-26.4156],[-50.286,-26.4178],[-50.2852,-26.4146],[-50.2905,-26.4137],[-50.2926,-26.4071],[-50.2797,-26.3934],[-50.2885,-26.3718],[-50.2885,-26.3711],[-50.2847,-26.3622],[-50.2866,-26.3566],[-50.2836,-26.3555],[-50.2861,-26.3541],[-50.281,-26.3496],[-50.288,-26.3472],[-50.2806,-26.3384],[-50.2801,-26.3348],[-50.2839,-26.3359],[-50.2853,-26.3326],[-50.2765,-26.328],[-50.2754,-26.3226],[-50.2777,-26.3157],[-50.2822,-26.3188],[-50.2842,-26.3085],[-50.2238,-26.2897],[-50.2074,-26.2847],[-50.2026,-26.2761],[-50.1876,-26.2726],[-50.1825,-26.226],[-50.1886,-26.2195],[-50.1883,-26.216],[-50.1811,-26.2166],[-50.1747,-26.2113],[-50.162,-26.2144],[-50.1526,-26.2104]]]}},{"type":"Feature","properties":{"nome":"Paraíso","cod":"4212239","uf":"SC"},"geometry":{"type":"Polygon","coordinates":[[[-53.6742,-26.5785],[-53.6525,-26.5888],[-53.6464,-26.5818],[-53.6377,-26.5882],[-53.6323,-26.5922],[-53.6407,-26.6044],[-53.6313,-26.6118],[-53.6226,-26.6147],[-53.6288,-26.6187],[-53.6313,-26.6292],[-53.6136,-26.6437],[-53.6153,-26.6472],[-53.6077,-26.6575],[-53.6014,-26.6544],[-53.5973,-26.6579],[-53.5878,-26.6691],[-53.5914,-26.6758],[-53.5988,-26.6795],[-53.5952,-26.6871],[-53.6014,-26.6846],[-53.6047,-26.691],[-53.6067,-26.688],[-53.6033,-26.6834],[-53.6105,-26.6837],[-53.6106,-26.6882],[-53.617,-26.6886],[-53.6125,-26.6911],[-53.6145,-26.6961],[-53.6198,-26.6896],[-53.6231,-26.6936],[-53.6187,-26.6981],[-53.6198,-26.7042],[-53.6238,-26.7014],[-53.6282,-26.7047],[-53.629,-26.7113],[-53.6253,-26.7137],[-53.6276,-26.7154],[-53.6407,-26.7157],[-53.64,-26.711],[-53.6439,-26.7105],[-53.6418,-26.7345],[-53.6477,-26.7306],[-53.6508,-26.7331],[-53.6625,-26.7293],[-53.66,-26.7254],[-53.6516,-26.7276],[-53.6532,-26.7197],[-53.6634,-26.7164],[-53.6873,-26.7211],[-53.6924,-26.7265],[-53.695,-26.7377],[-53.7033,-26.7376],[-53.7063,-26.7456],[-53.7139,-26.7488],[-53.7244,-26.7419],[-53.7312,-26.7303],[-53.7357,-26.7411],[-53.7495,-26.7398],[-53.7417,-26.7299],[-53.7568,-26.7189],[-53.7533,-26.7094],[-53.7474,-26.7186],[-53.7331,-26.7156],[-53.7315,-26.6996],[-53.741,-26.6891],[-53.7426,-26.6806],[-53.7363,-26.6817],[-53.7287,-26.6914],[-53.7154,-26.6823],[-53.7178,-26.6789],[-53.7298,-26.6761],[-53.7255,-26.6728],[-53.7258,-26.6666],[-53.718,-26.6665],[-53.7199,-26.6518],[-53.7241,-26.6475],[-53.7219,-26.6567],[-53.725,-26.6577],[-53.7328,-26.6516],[-53.7333,-26.645],[-53.7418,-26.6467],[-53.7584,-26.6406],[-53.75,-26.6347],[-53.739,-26.6432],[-53.7402,-26.6295],[-53.7319,-26.6294],[-53.7283,-26.6167],[-53.7342,-26.6084],[-53.7282,-26.6067],[-53.7289,-26.6018],[-53.7262,-26.6029],[-53.72,-26.5969],[-53.7203,-26.6029],[-53.7161,-26.6006],[-53.7104,-26.6064],[-53.7097,-26.5987],[-53.7037,-26.5978],[-53.7068,-26.5947],[-53.71,-26.5975],[-53.713,-26.5952],[-53.7007,-26.5904],[-53.6965,-26.5903],[-53.7,-26.5808],[-53.6887,-26.5864],[-53.687,-26.5818],[-53.6847,-26.5788],[-53.6742,-26.5785]]]}},{"type":"Feature","properties":{"nome":"Passo de Torres","cod":"4212254","uf":"SC"},"geometry":{"type":"Polygon","coordinates":[[[-49.6659,-29.2367],[-49.6604,-29.2402],[-49.6537,-29.2318],[-49.6444,-29.239],[-49.6869,-29.2906],[-49.7112,-29.3254],[-49.7292,-29.3287],[-49.7359,-29.325],[-49.7443,-29.3281],[-49.7461,-29.3243],[-49.743,-29.32],[-49.7298,-29.3172],[-49.7358,-29.31],[-49.7378,-29.3148],[-49.7433,-29.3109],[-49.7419,-29.3016],[-49.7383,-29.3011],[-49.7497,-29.2974],[-49.7619,-29.2998],[-49.7727,-29.298],[-49.7861,-29.2879],[-49.7913,-29.2851],[-49.7913,-29.2849],[-49.778,-29.2371],[-49.7777,-29.237],[-49.7521,-29.252],[-49.7528,-29.2607],[-49.7447,-29.2564],[-49.7395,-29.2479],[-49.7311,-29.2296],[-49.7114,-29.2055],[-49.6916,-29.2196],[-49.6679,-29.2354],[-49.6659,-29.2367]]]}},{"type":"Feature","properties":{"nome":"Passos Maia","cod":"4212270","uf":"SC"},"geometry":{"type":"Polygon","coordinates":[[[-52.0149,-26.5572],[-52.0107,-26.5661],[-52.0097,-26.566],[-51.9847,-26.5654],[-51.9807,-26.5693],[-51.9711,-26.5675],[-51.9594,-26.5742],[-51.9474,-26.5691],[-51.9279,-26.5844],[-51.9007,-26.5798],[-51.8839,-26.5858],[-51.8792,-26.5967],[-51.8739,-26.5999],[-51.8613,-26.5972],[-51.8546,-26.592],[-51.8433,-26.5946],[-51.8231,-26.5818],[-51.8207,-26.5939],[-51.8325,-26.6029],[-51.8297,-26.607],[-51.8335,-26.6125],[-51.833,-26.625],[-51.8476,-26.6388],[-51.847,-26.6469],[-51.8522,-26.6513],[-51.8479,-26.6601],[-51.855,-26.6682],[-51.8536,-26.6713],[-51.8617,-26.676],[-51.8827,-26.6765],[-51.8792,-26.6839],[-51.8712,-26.6871],[-51.8703,-26.6924],[-51.8481,-26.6824],[-51.8473,-26.6893],[-51.8534,-26.6888],[-51.8557,-26.695],[-51.8562,-26.7074],[-51.8526,-26.7097],[-51.8452,-26.7089],[-51.8436,-26.7002],[-51.8248,-26.7016],[-51.8251,-26.6967],[-51.8214,-26.6953],[-51.8139,-26.7],[-51.8103,-26.6938],[-51.7793,-26.7092],[-51.7701,-26.7277],[-51.7599,-26.7365],[-51.7741,-26.7447],[-51.775,-26.7503],[-51.7855,-26.7602],[-51.7944,-26.7588],[-51.8015,-26.769],[-51.8046,-26.7624],[-51.808,-26.7608],[-51.8101,-26.7649],[-51.8182,-26.7624],[-51.8269,-26.7537],[-51.8265,-26.7657],[-51.8308,-26.7673],[-51.8375,-26.7671],[-51.8407,-26.763],[-51.8473,-26.7653],[-51.8464,-26.7711],[-51.8579,-26.7694],[-51.875,-26.7756],[-51.8753,-26.7729],[-51.8806,-26.7746],[-51.8844,-26.7714],[-51.8853,-26.7765],[-51.8881,-26.7759],[-51.8897,-26.7765],[-51.8918,-26.7788],[-51.8969,-26.7739],[-51.8965,-26.7778],[-51.9009,-26.7781],[-51.9033,-26.7813],[-51.9009,-26.7867],[-51.9079,-26.7871],[-51.9081,-26.7838],[-51.9131,-26.7822],[-51.919,-26.7811],[-51.9233,-26.7857],[-51.9307,-26.7846],[-51.9283,-26.7762],[-51.9338,-26.7812],[-51.9401,-26.7806],[-51.9393,-26.7843],[-51.9626,-26.7799],[-51.9671,-26.7828],[-51.9707,-26.7819],[-51.9708,-26.7774],[-51.9792,-26.7781],[-51.9819,-26.7844],[-51.9781,-26.789],[-51.9833,-26.7937],[-51.9808,-26.8001],[-51.9984,-26.8157],[-52.0134,-26.8464],[-52.0421,-26.8374],[-52.0528,-26.8457],[-52.0562,-26.8567],[-52.0612,-26.8548],[-52.0685,-26.8527],[-52.0843,-26.8548],[-52.1055,-26.8541],[-52.1154,-26.8598],[-52.1349,-26.8531],[-52.1361,-26.8402],[-52.1396,-26.84],[-52.1423,-26.8312],[-52.1388,-26.8216],[-52.14,-26.8062],[-52.1476,-26.8026],[-52.1335,-26.791],[-52.1193,-26.788],[-52.1088,-26.7899],[-52.1062,-26.7819],[-52.1023,-26.7772],[-52.0958,-26.7809],[-52.0861,-26.7773],[-52.0748,-26.7827],[-52.0694,-26.7794],[-52.0542,-26.7761],[-52.0531,-26.7735],[-52.0395,-26.775],[-52.0378,-26.7712],[-52.0466,-26.7654],[-52.044,-26.7631],[-52.0432,-26.7552],[-52.0485,-26.7522],[-52.0511,-26.7353],[-52.0576,-26.7308],[-52.0612,-26.7195],[-52.052,-26.7101],[-52.0475,-26.6948],[-52.0576,-26.6922],[-52.0504,-26.6855],[-52.0701,-26.6861],[-52.0673,-26.6789],[-52.0662,-26.6725],[-52.0598,-26.6713],[-52.066,-26.6688],[-52.0682,-26.6633],[-52.0693,-26.6598],[-52.0613,-26.6582],[-52.0551,-26.6445],[-52.0516,-26.6284],[-52.0454,-26.6072],[-52.0413,-26.5999],[-52.0282,-26.595],[-52.0338,-26.5887],[-52.0269,-26.5819],[-52.027,-26.5777],[-52.0284,-26.5597],[-52.0327,-26.5545],[-52.0296,-26.5462],[-52.0207,-26.5482],[-52.0196,-26.5552],[-52.0149,-26.5572]]]}},{"type":"Feature","properties":{"nome":"Paulo Lopes","cod":"4212304","uf":"SC"},"geometry":{"type":"Polygon","coordinates":[[[-48.7384,-27.7975],[-48.74,-27.81],[-48.7447,-27.8172],[-48.7412,-27.8252],[-48.7477,-27.8279],[-48.7358,-27.8426],[-48.7369,-27.8619],[-48.7304,-27.8707],[-48.727,-27.8825],[-48.7231,-27.8873],[-48.7235,-27.8941],[-48.7028,-27.8963],[-48.6983,-27.9033],[-48.6909,-27.9021],[-48.6811,-27.9067],[-48.6564,-27.9098],[-48.6536,-27.9032],[-48.6516,-27.901],[-48.6474,-27.9024],[-48.6481,-27.9059],[-48.6437,-27.9055],[-48.6466,-27.9112],[-48.6409,-27.9049],[-48.6365,-27.9145],[-48.6244,-27.9104],[-48.6063,-27.917],[-48.5897,-27.9035],[-48.5829,-27.9055],[-48.5864,-27.9051],[-48.599,-27.9159],[-48.6197,-27.9442],[-48.6358,-27.9548],[-48.6428,-27.9683],[-48.6464,-27.9656],[-48.6501,-27.9674],[-48.6519,-27.9689],[-48.6547,-27.9731],[-48.6604,-27.9823],[-48.6568,-27.9884],[-48.6728,-28.0065],[-48.6816,-28.0061],[-48.6887,-28.0186],[-48.6917,-28.0176],[-48.6965,-28.0121],[-48.6981,-28.0212],[-48.7065,-28.026],[-48.7194,-28.0459],[-48.7187,-28.0534],[-48.7241,-28.0555],[-48.7222,-28.0602],[-48.7117,-28.0598],[-48.7073,-28.0652],[-48.7039,-28.0773],[-48.7067,-28.0828],[-48.716,-28.0841],[-48.7621,-28.0903],[-48.7702,-28.0871],[-48.7762,-28.0888],[-48.7962,-28.0948],[-48.8078,-28.0932],[-48.81,-28.0785],[-48.8217,-28.0737],[-48.8244,-28.0753],[-48.8323,-28.0714],[-48.8492,-28.0729],[-48.8694,-28.0802],[-48.8685,-28.0768],[-48.8727,-28.0773],[-48.8744,-28.0723],[-48.8891,-28.082],[-48.8941,-28.0797],[-48.8893,-28.0759],[-48.882,-28.0514],[-48.8605,-28.0433],[-48.8538,-28.0336],[-48.8541,-28.0225],[-48.8437,-28.0068],[-48.8437,-27.9959],[-48.8382,-27.9801],[-48.838,-27.964],[-48.8496,-27.951],[-48.8464,-27.9446],[-48.8404,-27.942],[-48.8428,-27.9373],[-48.8371,-27.933],[-48.843,-27.9303],[-48.8469,-27.9221],[-48.8455,-27.9062],[-48.842,-27.9006],[-48.8338,-27.9076],[-48.8257,-27.9051],[-48.8242,-27.8938],[-48.8275,-27.8893],[-48.8372,-27.8897],[-48.8467,-27.866],[-48.8431,-27.8608],[-48.8267,-27.8443],[-48.8196,-27.8254],[-48.8157,-27.8295],[-48.7999,-27.8287],[-48.7885,-27.835],[-48.7821,-27.831],[-48.7761,-27.8349],[-48.7717,-27.8331],[-48.7658,-27.8414],[-48.7563,-27.8405],[-48.7655,-27.8291],[-48.759,-27.823],[-48.759,-27.8121],[-48.7496,-27.8102],[-48.7479,-27.8031],[-48.7433,-27.804],[-48.7384,-27.7975]]]}},{"type":"Feature","properties":{"nome":"Pedras Grandes","cod":"4212403","uf":"SC"},"geometry":{"type":"Polygon","coordinates":[[[-49.1907,-28.4074],[-49.1816,-28.414],[-49.1616,-28.4055],[-49.1604,-28.4017],[-49.1559,-28.4013],[-49.1462,-28.4122],[-49.1381,-28.4142],[-49.1318,-28.4184],[-49.1247,-28.4196],[-49.1175,-28.431],[-49.1156,-28.4359],[-49.1129,-28.4443],[-49.1222,-28.4488],[-49.1247,-28.4551],[-49.1217,-28.4603],[-49.123,-28.4746],[-49.139,-28.4725],[-49.1841,-28.499],[-49.1925,-28.5112],[-49.2034,-28.5279],[-49.2432,-28.5889],[-49.2454,-28.5906],[-49.2515,-28.5905],[-49.2534,-28.5873],[-49.2594,-28.5803],[-49.2595,-28.5711],[-49.2643,-28.5627],[-49.2764,-28.5578],[-49.2822,-28.551],[-49.2827,-28.5434],[-49.2903,-28.5384],[-49.2948,-28.5247],[-49.2922,-28.5193],[-49.2862,-28.5143],[-49.2904,-28.5034],[-49.2816,-28.4927],[-49.2805,-28.4857],[-49.2589,-28.4749],[-49.2585,-28.4696],[-49.2571,-28.4634],[-49.245,-28.4594],[-49.2426,-28.4546],[-49.2347,-28.4561],[-49.2353,-28.4475],[-49.2274,-28.4391],[-49.2274,-28.4346],[-49.2214,-28.4325],[-49.2082,-28.4314],[-49.2037,-28.4256],[-49.1959,-28.4237],[-49.2054,-28.4189],[-49.2116,-28.4003],[-49.1901,-28.3894],[-49.1907,-28.4074]]]}},{"type":"Feature","properties":{"nome":"Penha","cod":"4212502","uf":"SC"},"geometry":{"type":"Polygon","coordinates":[[[-48.6401,-26.7652],[-48.6323,-26.7797],[-48.6198,-26.7886],[-48.6057,-26.7885],[-48.5985,-26.7715],[-48.5951,-26.7828],[-48.5849,-26.7828],[-48.5874,-26.7901],[-48.5843,-26.7954],[-48.591,-26.7963],[-48.5954,-26.8018],[-48.6021,-26.8266],[-48.6205,-26.8261],[-48.622,-26.8195],[-48.6265,-26.8217],[-48.6283,-26.8193],[-48.6373,-26.8267],[-48.6403,-26.8246],[-48.6449,-26.831],[-48.6561,-26.8295],[-48.6635,-26.8395],[-48.6714,-26.8414],[-48.6787,-26.8371],[-48.6908,-26.8387],[-48.7003,-26.8464],[-48.7107,-26.8424],[-48.7089,-26.8349],[-48.7089,-26.8332],[-48.7082,-26.8147],[-48.6847,-26.7994],[-48.6789,-26.7957],[-48.6612,-26.77],[-48.6519,-26.7709],[-48.6469,-26.7613],[-48.6401,-26.7652]]]}},{"type":"Feature","properties":{"nome":"Peritiba","cod":"4212601","uf":"SC"},"geometry":{"type":"Polygon","coordinates":[[[-51.8212,-27.2967],[-51.8192,-27.3484],[-51.8185,-27.3658],[-51.8184,-27.3713],[-51.8359,-27.3714],[-51.8643,-27.4008],[-51.8741,-27.4057],[-51.874,-27.4095],[-51.8777,-27.4133],[-51.8765,-27.418],[-51.8819,-27.4193],[-51.8772,-27.4257],[-51.8826,-27.4252],[-51.8907,-27.4147],[-51.8937,-27.4098],[-51.8904,-27.4067],[-51.8975,-27.4002],[-51.8939,-27.3994],[-51.9048,-27.3945],[-51.8999,-27.3887],[-51.9138,-27.3899],[-51.9183,-27.3827],[-51.9164,-27.3806],[-51.9223,-27.3612],[-51.9227,-27.3498],[-51.939,-27.3354],[-51.934,-27.3316],[-51.9353,-27.3261],[-51.9268,-27.3274],[-51.9211,-27.3221],[-51.9155,-27.3244],[-51.9143,-27.3202],[-51.9086,-27.3121],[-51.9149,-27.3067],[-51.9098,-27.3032],[-51.9048,-27.3061],[-51.902,-27.2999],[-51.8961,-27.3033],[-51.8901,-27.301],[-51.8802,-27.3035],[-51.8766,-27.3034],[-51.8762,-27.3088],[-51.8697,-27.3097],[-51.8656,-27.3155],[-51.8529,-27.319],[-51.8431,-27.3075],[-51.8345,-27.3065],[-51.8212,-27.2967]]]}},{"type":"Feature","properties":{"nome":"Petrolândia","cod":"4212700","uf":"SC"},"geometry":{"type":"Polygon","coordinates":[[[-49.6287,-27.4549],[-49.5829,-27.477],[-49.5849,-27.4837],[-49.5891,-27.4861],[-49.5862,-27.4958],[-49.589,-27.5055],[-49.6012,-27.5194],[-49.6015,-27.528],[-49.6061,-27.5327],[-49.604,-27.5359],[-49.6129,-27.5403],[-49.6148,-27.5474],[-49.5998,-27.5486],[-49.5992,-27.556],[-49.6033,-27.5598],[-49.603,-27.5655],[-49.6146,-27.5744],[-49.6083,-27.5704],[-49.5913,-27.5706],[-49.5894,-27.5728],[-49.6145,-27.5849],[-49.6243,-27.6172],[-49.6243,-27.6173],[-49.6289,-27.6182],[-49.6477,-27.6384],[-49.6637,-27.6488],[-49.675,-27.6471],[-49.685,-27.6527],[-49.7113,-27.643],[-49.7186,-27.6476],[-49.7223,-27.6554],[-49.7296,-27.6544],[-49.7302,-27.6508],[-49.7374,-27.6479],[-49.7419,-27.6309],[-49.7365,-27.6291],[-49.7329,-27.619],[-49.747,-27.601],[-49.7505,-27.5945],[-49.7534,-27.5973],[-49.7573,-27.596],[-49.7556,-27.5909],[-49.7647,-27.5857],[-49.7641,-27.5808],[-49.7698,-27.5643],[-49.7632,-27.5545],[-49.7659,-27.5496],[-49.7579,-27.5234],[-49.7538,-27.52],[-49.769,-27.5098],[-49.7869,-27.4957],[-49.7801,-27.4943],[-49.7827,-27.4821],[-49.7771,-27.4853],[-49.7768,-27.4769],[-49.7625,-27.4681],[-49.7549,-27.4743],[-49.7383,-27.4737],[-49.6811,-27.4588],[-49.6809,-27.4588],[-49.6748,-27.458],[-49.649,-27.4496],[-49.637,-27.4512],[-49.6287,-27.4549]]]}},{"type":"Feature","properties":{"nome":"Balneário Piçarras","cod":"4212809","uf":"SC"},"geometry":{"type":"Polygon","coordinates":[[[-48.762,-26.7371],[-48.7562,-26.7401],[-48.7409,-26.7368],[-48.7315,-26.7298],[-48.7181,-26.7286],[-48.7083,-26.7254],[-48.7061,-26.7247],[-48.6812,-26.718],[-48.6759,-26.7504],[-48.6709,-26.7619],[-48.6612,-26.77],[-48.6789,-26.7957],[-48.6847,-26.7994],[-48.7082,-26.8147],[-48.7462,-26.8069],[-48.7458,-26.7872],[-48.7486,-26.7831],[-48.766,-26.772],[-48.772,-26.763],[-48.7782,-26.7666],[-48.789,-26.7569],[-48.7966,-26.7632],[-48.8031,-26.757],[-48.8032,-26.7458],[-48.817,-26.7403],[-48.8075,-26.7186],[-48.8005,-26.7122],[-48.7903,-26.7054],[-48.7749,-26.7059],[-48.7616,-26.7285],[-48.762,-26.7371]]]}},{"type":"Feature","properties":{"nome":"Pinhalzinho","cod":"4212908","uf":"SC"},"geometry":{"type":"Polygon","coordinates":[[[-52.9543,-26.7613],[-52.9427,-26.769],[-52.939,-26.7671],[-52.9353,-26.7728],[-52.9295,-26.7711],[-52.9319,-26.7766],[-52.9401,-26.7753],[-52.9418,-26.7785],[-52.9267,-26.7856],[-52.928,-26.7962],[-52.9402,-26.7926],[-52.943,-26.7961],[-52.9319,-26.8023],[-52.9178,-26.8009],[-52.9182,-26.8142],[-52.9147,-26.8197],[-52.9085,-26.8113],[-52.9039,-26.8112],[-52.9112,-26.8219],[-52.9293,-26.8321],[-52.9223,-26.8375],[-52.919,-26.8455],[-52.9113,-26.8537],[-52.9073,-26.8497],[-52.9026,-26.8505],[-52.9006,-26.8557],[-52.9057,-26.8613],[-52.9176,-26.863],[-52.95,-26.8676],[-52.9475,-26.8811],[-52.9653,-26.8844],[-52.9794,-26.8863],[-52.978,-26.884],[-52.9923,-26.8838],[-52.993,-26.8859],[-53.0067,-26.8863],[-53.0064,-26.8753],[-53.012,-26.8725],[-53.027,-26.8747],[-53.0345,-26.8748],[-53.0379,-26.8713],[-53.0361,-26.8668],[-53.0439,-26.8611],[-53.0376,-26.8551],[-53.0447,-26.8541],[-53.0455,-26.849],[-53.0516,-26.8447],[-53.0524,-26.8378],[-53.0422,-26.8389],[-53.0482,-26.8328],[-53.046,-26.8287],[-53.0355,-26.828],[-53.0321,-26.826],[-53.0327,-26.819],[-53.0377,-26.821],[-53.0423,-26.8128],[-53.034,-26.8133],[-53.0348,-26.8077],[-53.0009,-26.8033],[-52.9948,-26.7928],[-53.0065,-26.7792],[-53.005,-26.7743],[-52.9848,-26.7725],[-52.9716,-26.7623],[-52.9632,-26.7606],[-52.9607,-26.7536],[-52.9545,-26.7517],[-52.9508,-26.7581],[-52.9543,-26.7613]]]}},{"type":"Feature","properties":{"nome":"Pinheiro Preto","cod":"4213005","uf":"SC"},"geometry":{"type":"Polygon","coordinates":[[[-51.302,-27.0216],[-51.2482,-27.0345],[-51.231,-27.0335],[-51.2299,-27.0275],[-51.2129,-27.0291],[-51.2159,-27.0222],[-51.2134,-27.0199],[-51.1996,-27.0314],[-51.1963,-27.0289],[-51.1951,-27.0256],[-51.1829,-27.0334],[-51.1476,-27.0781],[-51.1548,-27.0866],[-51.1587,-27.0878],[-51.1628,-27.0837],[-51.1719,-27.0875],[-51.1744,-27.0821],[-51.2031,-27.0789],[-51.2033,-27.0737],[-51.2136,-27.074],[-51.2131,-27.0679],[-51.2436,-27.0647],[-51.2466,-27.0694],[-51.2519,-27.0623],[-51.2712,-27.0671],[-51.2836,-27.0601],[-51.2837,-27.0511],[-51.2886,-27.0513],[-51.2886,-27.0475],[-51.3004,-27.058],[-51.3179,-27.0438],[-51.3162,-27.0181],[-51.302,-27.0216]]]}},{"type":"Feature","properties":{"nome":"Piratuba","cod":"4213104","uf":"SC"},"geometry":{"type":"Polygon","coordinates":[[[-51.6871,-27.432],[-51.6935,-27.4602],[-51.702,-27.4745],[-51.6993,-27.479],[-51.7064,-27.4847],[-51.7148,-27.5036],[-51.7165,-27.5104],[-51.7247,-27.5136],[-51.7422,-27.4973],[-51.7492,-27.4895],[-51.753,-27.487],[-51.7824,-27.4914],[-51.7981,-27.4906],[-51.8024,-27.499],[-51.8018,-27.5039],[-51.7897,-27.5148],[-51.7854,-27.5277],[-51.7966,-27.5301],[-51.8216,-27.5123],[-51.8288,-27.5143],[-51.8364,-27.5219],[-51.8427,-27.525],[-51.8485,-27.5251],[-51.854,-27.5182],[-51.8534,-27.5136],[-51.8422,-27.4857],[-51.8437,-27.481],[-51.8572,-27.4751],[-51.8572,-27.4692],[-51.8655,-27.4579],[-51.8696,-27.4496],[-51.8568,-27.4432],[-51.8465,-27.4636],[-51.8418,-27.4608],[-51.8385,-27.4537],[-51.8333,-27.4369],[-51.8203,-27.4296],[-51.8,-27.421],[-51.8041,-27.4315],[-51.7867,-27.4381],[-51.7782,-27.4446],[-51.7759,-27.4433],[-51.7792,-27.4329],[-51.7911,-27.4235],[-51.7868,-27.4196],[-51.776,-27.4179],[-51.764,-27.4163],[-51.7578,-27.4139],[-51.7577,-27.4086],[-51.762,-27.3901],[-51.7323,-27.3919],[-51.727,-27.4005],[-51.7142,-27.4077],[-51.7059,-27.4259],[-51.6877,-27.4318],[-51.6871,-27.432]]]}},{"type":"Feature","properties":{"nome":"Planalto Alegre","cod":"4213153","uf":"SC"},"geometry":{"type":"Polygon","coordinates":[[[-52.9053,-26.9719],[-52.9,-26.975],[-52.8937,-26.9736],[-52.8914,-27.01],[-52.8471,-27.0104],[-52.8418,-27.0104],[-52.8413,-27.0174],[-52.8406,-27.033],[-52.8401,-27.0435],[-52.8442,-27.048],[-52.8415,-27.0587],[-52.8442,-27.0658],[-52.8368,-27.073],[-52.8325,-27.0951],[-52.8294,-27.1048],[-52.8353,-27.1095],[-52.8479,-27.1074],[-52.8518,-27.1113],[-52.861,-27.1014],[-52.8801,-27.0913],[-52.8807,-27.091],[-52.8989,-27.0847],[-52.899,-27.0663],[-52.9,-27.031],[-52.9006,-27.0245],[-52.902,-27.0082],[-52.9053,-26.9719]]]}},{"type":"Feature","properties":{"nome":"Pomerode","cod":"4213203","uf":"SC"},"geometry":{"type":"Polygon","coordinates":[[[-49.1725,-26.6165],[-49.1662,-26.626],[-49.1632,-26.6478],[-49.1553,-26.6452],[-49.1476,-26.6425],[-49.1455,-26.6384],[-49.1409,-26.6394],[-49.1297,-26.6348],[-49.1328,-26.6525],[-49.127,-26.68],[-49.1228,-26.6824],[-49.1244,-26.6881],[-49.1315,-26.6936],[-49.1315,-26.7079],[-49.1204,-26.7097],[-49.1196,-26.7163],[-49.1193,-26.7216],[-49.1099,-26.7217],[-49.1136,-26.7342],[-49.106,-26.7399],[-49.1063,-26.7427],[-49.1181,-26.7446],[-49.1268,-26.7517],[-49.1268,-26.7585],[-49.1233,-26.7608],[-49.1239,-26.7768],[-49.1193,-26.7919],[-49.1275,-26.8069],[-49.1234,-26.8218],[-49.1277,-26.8321],[-49.1382,-26.8337],[-49.1387,-26.8338],[-49.1633,-26.8376],[-49.1696,-26.8341],[-49.182,-26.8345],[-49.1887,-26.8394],[-49.1987,-26.8368],[-49.2065,-26.8306],[-49.2009,-26.8188],[-49.2084,-26.8119],[-49.2096,-26.8039],[-49.1993,-26.7856],[-49.2077,-26.771],[-49.2046,-26.7584],[-49.2135,-26.7546],[-49.2178,-26.7536],[-49.223,-26.7522],[-49.2268,-26.751],[-49.235,-26.7513],[-49.2328,-26.7407],[-49.2356,-26.7284],[-49.2303,-26.7048],[-49.2335,-26.6903],[-49.2258,-26.6826],[-49.2233,-26.6733],[-49.2233,-26.6669],[-49.2162,-26.6661],[-49.2154,-26.655],[-49.2206,-26.6466],[-49.2208,-26.6331],[-49.2162,-26.6221],[-49.2228,-26.6204],[-49.2066,-26.6164],[-49.1997,-26.6218],[-49.1826,-26.6134],[-49.1725,-26.6165]]]}},{"type":"Feature","properties":{"nome":"Ponte Alta","cod":"4213302","uf":"SC"},"geometry":{"type":"Polygon","coordinates":[[[-50.1751,-27.2701],[-50.1686,-27.2741],[-50.1439,-27.2709],[-50.1349,-27.2752],[-50.1295,-27.2743],[-50.1033,-27.2922],[-50.0995,-27.298],[-50.0883,-27.296],[-50.0892,-27.3014],[-50.0752,-27.303],[-50.0748,-27.3032],[-50.0887,-27.3082],[-50.0899,-27.322],[-50.0909,-27.3291],[-50.0973,-27.3252],[-50.1025,-27.3274],[-50.1002,-27.334],[-50.1034,-27.3394],[-50.1131,-27.3403],[-50.1126,-27.3474],[-50.1279,-27.3495],[-50.1271,-27.3599],[-50.1384,-27.3628],[-50.1372,-27.3673],[-50.1426,-27.3711],[-50.1402,-27.3776],[-50.1457,-27.378],[-50.1464,-27.4015],[-50.1525,-27.4014],[-50.1519,-27.4064],[-50.1576,-27.4083],[-50.1539,-27.4104],[-50.157,-27.4153],[-50.1542,-27.4176],[-50.1575,-27.4182],[-50.1586,-27.4283],[-50.1621,-27.4268],[-50.1619,-27.4303],[-50.1675,-27.4308],[-50.1651,-27.4386],[-50.1675,-27.4404],[-50.1691,-27.4373],[-50.1696,-27.4428],[-50.1754,-27.4421],[-50.1754,-27.4505],[-50.1806,-27.4463],[-50.188,-27.44],[-50.1916,-27.4574],[-50.2129,-27.4543],[-50.2266,-27.4703],[-50.2223,-27.4802],[-50.2283,-27.4839],[-50.2465,-27.4747],[-50.2523,-27.4534],[-50.2661,-27.445],[-50.2692,-27.46],[-50.2775,-27.4669],[-50.283,-27.4789],[-50.2736,-27.4941],[-50.2989,-27.4945],[-50.3013,-27.5002],[-50.2926,-27.5146],[-50.2708,-27.5238],[-50.2626,-27.5328],[-50.2626,-27.5372],[-50.2713,-27.5361],[-50.2875,-27.5239],[-50.2993,-27.5216],[-50.3154,-27.5277],[-50.3263,-27.5258],[-50.3595,-27.5393],[-50.3668,-27.535],[-50.3711,-27.5377],[-50.3736,-27.5445],[-50.3685,-27.551],[-50.3774,-27.5613],[-50.3843,-27.5603],[-50.3836,-27.552],[-50.3931,-27.5563],[-50.4118,-27.5472],[-50.3969,-27.5468],[-50.39,-27.5361],[-50.3929,-27.5264],[-50.3808,-27.5152],[-50.377,-27.4996],[-50.3858,-27.4981],[-50.3849,-27.4929],[-50.3982,-27.4779],[-50.4037,-27.4743],[-50.4193,-27.477],[-50.4241,-27.4835],[-50.4307,-27.4753],[-50.435,-27.4753],[-50.4386,-27.48],[-50.4465,-27.4774],[-50.4533,-27.4847],[-50.4506,-27.4992],[-50.4765,-27.4838],[-50.4927,-27.4887],[-50.4923,-27.4814],[-50.4733,-27.4787],[-50.4696,-27.475],[-50.4719,-27.4695],[-50.4858,-27.4626],[-50.4869,-27.4577],[-50.482,-27.4448],[-50.477,-27.4441],[-50.4798,-27.4383],[-50.4876,-27.4342],[-50.4845,-27.4291],[-50.4818,-27.4303],[-50.4769,-27.4169],[-50.4814,-27.4151],[-50.4833,-27.4008],[-50.4883,-27.4052],[-50.49,-27.4012],[-50.4806,-27.3928],[-50.4801,-27.3872],[-50.4746,-27.3848],[-50.4756,-27.3812],[-50.4682,-27.37],[-50.4626,-27.3679],[-50.4504,-27.3661],[-50.4435,-27.3589],[-50.4343,-27.3611],[-50.4286,-27.3648],[-50.3995,-27.3607],[-50.3839,-27.3492],[-50.3753,-27.3512],[-50.3707,-27.3447],[-50.3166,-27.3483],[-50.2345,-27.3529],[-50.2247,-27.3477],[-50.216,-27.3477],[-50.203,-27.3424],[-50.2006,-27.3284],[-50.1963,-27.3249],[-50.1889,-27.3197],[-50.1825,-27.3082],[-50.1891,-27.2749],[-50.1751,-27.2701]]]}},{"type":"Feature","properties":{"nome":"Ponte Alta do Norte","cod":"4213351","uf":"SC"},"geometry":{"type":"Polygon","coordinates":[[[-50.3465,-27.092],[-50.3486,-27.1015],[-50.3442,-27.0975],[-50.3378,-27.1017],[-50.332,-27.1006],[-50.3296,-27.113],[-50.3262,-27.1065],[-50.3201,-27.1122],[-50.3175,-27.1261],[-50.313,-27.1284],[-50.3184,-27.1446],[-50.3088,-27.1463],[-50.3098,-27.1516],[-50.3038,-27.1508],[-50.306,-27.1679],[-50.3031,-27.1621],[-50.2981,-27.1612],[-50.2831,-27.1656],[-50.2847,-27.1719],[-50.2925,-27.1774],[-50.2871,-27.1826],[-50.2895,-27.2078],[-50.277,-27.2061],[-50.2726,-27.2104],[-50.2643,-27.1971],[-50.2609,-27.202],[-50.2666,-27.2265],[-50.2584,-27.2324],[-50.2442,-27.2354],[-50.2443,-27.2403],[-50.2568,-27.2555],[-50.2583,-27.2635],[-50.268,-27.2687],[-50.2804,-27.2653],[-50.297,-27.2505],[-50.3036,-27.2523],[-50.3097,-27.2575],[-50.3088,-27.2637],[-50.3187,-27.2686],[-50.3319,-27.2621],[-50.3399,-27.2667],[-50.3576,-27.2641],[-50.3568,-27.2568],[-50.3608,-27.2579],[-50.3656,-27.2513],[-50.3568,-27.2535],[-50.358,-27.244],[-50.35,-27.238],[-50.3617,-27.2363],[-50.3669,-27.2417],[-50.3722,-27.228],[-50.379,-27.2224],[-50.3804,-27.2301],[-50.3772,-27.2331],[-50.3819,-27.2392],[-50.3767,-27.2466],[-50.3902,-27.2491],[-50.3928,-27.2562],[-50.3951,-27.2621],[-50.4005,-27.2609],[-50.4028,-27.2547],[-50.4144,-27.2487],[-50.4082,-27.2404],[-50.421,-27.2345],[-50.4302,-27.2362],[-50.4402,-27.2332],[-50.4437,-27.228],[-50.455,-27.2313],[-50.4583,-27.2203],[-50.4659,-27.2155],[-50.471,-27.2165],[-50.478,-27.229],[-50.4926,-27.2181],[-50.5013,-27.2176],[-50.5077,-27.2124],[-50.5233,-27.212],[-50.5317,-27.2056],[-50.5364,-27.207],[-50.5354,-27.2105],[-50.544,-27.2094],[-50.5525,-27.2147],[-50.5617,-27.2015],[-50.57,-27.2003],[-50.5699,-27.1933],[-50.5809,-27.1926],[-50.5903,-27.2005],[-50.6036,-27.1977],[-50.6135,-27.1795],[-50.6057,-27.1755],[-50.608,-27.1668],[-50.6168,-27.1592],[-50.6278,-27.1567],[-50.6274,-27.1512],[-50.6119,-27.1525],[-50.6068,-27.1446],[-50.5976,-27.1476],[-50.5917,-27.1397],[-50.5846,-27.1398],[-50.5869,-27.1433],[-50.5811,-27.1561],[-50.5726,-27.1557],[-50.579,-27.1418],[-50.5721,-27.141],[-50.5696,-27.1319],[-50.5617,-27.1386],[-50.566,-27.1472],[-50.5623,-27.1511],[-50.5578,-27.1435],[-50.5461,-27.1421],[-50.5373,-27.1448],[-50.5371,-27.1418],[-50.553,-27.1325],[-50.5475,-27.1297],[-50.5383,-27.1341],[-50.5282,-27.1331],[-50.5252,-27.1171],[-50.5157,-27.1214],[-50.4572,-27.1122],[-50.4454,-27.1128],[-50.4391,-27.1079],[-50.4366,-27.1124],[-50.4284,-27.1104],[-50.4301,-27.0986],[-50.4222,-27.0949],[-50.4252,-27.1071],[-50.4187,-27.1101],[-50.4049,-27.1091],[-50.3808,-27.1175],[-50.3782,-27.107],[-50.3734,-27.1029],[-50.3465,-27.092]]]}},{"type":"Feature","properties":{"nome":"Ponte Serrada","cod":"4213401","uf":"SC"},"geometry":{"type":"Polygon","coordinates":[[[-51.8182,-26.7624],[-51.8101,-26.7649],[-51.808,-26.7608],[-51.8046,-26.7624],[-51.8015,-26.769],[-51.7944,-26.7588],[-51.7855,-26.7602],[-51.7808,-26.7602],[-51.7837,-26.7708],[-51.7776,-26.7693],[-51.7774,-26.7815],[-51.7679,-26.7877],[-51.7533,-26.7739],[-51.7368,-26.7883],[-51.723,-26.7874],[-51.7039,-26.7913],[-51.6919,-26.8015],[-51.6794,-26.818],[-51.7095,-26.8249],[-51.7168,-26.8406],[-51.7277,-26.8456],[-51.7282,-26.8524],[-51.7317,-26.8499],[-51.7311,-26.8523],[-51.7387,-26.8524],[-51.7389,-26.8471],[-51.7427,-26.8478],[-51.7491,-26.8417],[-51.7501,-26.8466],[-51.7576,-26.8443],[-51.7538,-26.8414],[-51.758,-26.8394],[-51.7654,-26.8442],[-51.7684,-26.8393],[-51.772,-26.8427],[-51.771,-26.8534],[-51.7796,-26.8572],[-51.782,-26.8529],[-51.7935,-26.8536],[-51.7949,-26.8603],[-51.8024,-26.8589],[-51.8029,-26.8651],[-51.8093,-26.8561],[-51.8067,-26.8516],[-51.813,-26.8538],[-51.8134,-26.8709],[-51.8206,-26.8836],[-51.8201,-26.9023],[-51.8259,-26.9071],[-51.8236,-26.9117],[-51.8268,-26.9234],[-51.8311,-26.9311],[-51.8367,-26.9311],[-51.8477,-26.9486],[-51.85,-26.9443],[-51.8619,-26.9394],[-51.8632,-26.9329],[-51.8745,-26.9287],[-51.885,-26.9458],[-51.8884,-26.9412],[-51.8914,-26.9433],[-51.8951,-26.9356],[-51.9003,-26.9393],[-51.9055,-26.9329],[-51.9109,-26.9341],[-51.9176,-26.9293],[-51.9249,-26.9315],[-51.9301,-26.9284],[-51.9303,-26.9324],[-51.9414,-26.9398],[-51.9498,-26.9388],[-51.9583,-26.9469],[-51.966,-26.9471],[-51.9684,-26.9413],[-51.9787,-26.9373],[-51.9865,-26.9423],[-51.9949,-26.9416],[-51.9954,-26.9478],[-52.0009,-26.9475],[-52.0051,-26.9404],[-52.012,-26.9486],[-52.0141,-26.9416],[-52.0239,-26.9502],[-52.031,-26.9476],[-52.0312,-26.9429],[-52.0358,-26.9477],[-52.0403,-26.947],[-52.0385,-26.9537],[-52.0424,-26.9575],[-52.048,-26.952],[-52.0554,-26.9519],[-52.0526,-26.959],[-52.0552,-26.9612],[-52.0672,-26.9598],[-52.0699,-26.9526],[-52.0722,-26.9425],[-52.0819,-26.9521],[-52.0934,-26.946],[-52.0942,-26.9511],[-52.102,-26.9501],[-52.1088,-26.9549],[-52.1081,-26.9494],[-52.1171,-26.9465],[-52.1264,-26.9485],[-52.1321,-26.944],[-52.1341,-26.9321],[-52.1401,-26.9346],[-52.1487,-26.9299],[-52.1452,-26.9292],[-52.1403,-26.9189],[-52.1437,-26.9113],[-52.1392,-26.9057],[-52.141,-26.8999],[-52.1644,-26.8856],[-52.1154,-26.8598],[-52.1055,-26.8541],[-52.0843,-26.8548],[-52.0685,-26.8527],[-52.0612,-26.8548],[-52.0562,-26.8567],[-52.0528,-26.8457],[-52.0421,-26.8374],[-52.0134,-26.8464],[-51.9984,-26.8157],[-51.9808,-26.8001],[-51.9833,-26.7937],[-51.9781,-26.789],[-51.9819,-26.7844],[-51.9792,-26.7781],[-51.9708,-26.7774],[-51.9707,-26.7819],[-51.9671,-26.7828],[-51.9626,-26.7799],[-51.9393,-26.7843],[-51.9401,-26.7806],[-51.9338,-26.7812],[-51.9283,-26.7762],[-51.9307,-26.7846],[-51.9233,-26.7857],[-51.919,-26.7811],[-51.9131,-26.7822],[-51.9081,-26.7838],[-51.9079,-26.7871],[-51.9009,-26.7867],[-51.9033,-26.7813],[-51.9009,-26.7781],[-51.8965,-26.7778],[-51.8969,-26.7739],[-51.8918,-26.7788],[-51.8897,-26.7765],[-51.8881,-26.7759],[-51.8853,-26.7765],[-51.8844,-26.7714],[-51.8806,-26.7746],[-51.8753,-26.7729],[-51.875,-26.7756],[-51.8579,-26.7694],[-51.8464,-26.7711],[-51.8473,-26.7653],[-51.8407,-26.763],[-51.8375,-26.7671],[-51.8308,-26.7673],[-51.8265,-26.7657],[-51.8269,-26.7537],[-51.8182,-26.7624]]]}},{"type":"Feature","properties":{"nome":"Porto Belo","cod":"4213500","uf":"SC"},"geometry":{"type":"Polygon","coordinates":[[[-48.5068,-27.1108],[-48.5226,-27.136],[-48.5291,-27.1632],[-48.5417,-27.1733],[-48.554,-27.1732],[-48.5626,-27.184],[-48.574,-27.1847],[-48.5839,-27.194],[-48.5843,-27.1994],[-48.5775,-27.2076],[-48.5792,-27.2115],[-48.5831,-27.2096],[-48.5979,-27.2185],[-48.6026,-27.2199],[-48.6035,-27.2176],[-48.608,-27.2104],[-48.6214,-27.2114],[-48.6371,-27.2124],[-48.6602,-27.2157],[-48.673,-27.2073],[-48.6753,-27.1979],[-48.6843,-27.1952],[-48.6895,-27.1799],[-48.6863,-27.1723],[-48.6881,-27.1688],[-48.692,-27.1698],[-48.6852,-27.1669],[-48.6769,-27.1694],[-48.6844,-27.1583],[-48.6825,-27.1536],[-48.6905,-27.1497],[-48.6891,-27.1419],[-48.6889,-27.142],[-48.6795,-27.1475],[-48.6527,-27.1514],[-48.6437,-27.1457],[-48.6345,-27.1502],[-48.6163,-27.1427],[-48.6125,-27.137],[-48.6095,-27.1366],[-48.6014,-27.1398],[-48.6026,-27.1457],[-48.5841,-27.1452],[-48.566,-27.1554],[-48.5585,-27.1527],[-48.5543,-27.1577],[-48.5488,-27.1571],[-48.533,-27.1475],[-48.5374,-27.1429],[-48.5248,-27.1294],[-48.5261,-27.1263],[-48.53,-27.1285],[-48.5276,-27.1237],[-48.521,-27.1183],[-48.5158,-27.1216],[-48.5068,-27.1108]]]}},{"type":"Feature","properties":{"nome":"Porto União","cod":"4213609","uf":"SC"},"geometry":{"type":"Polygon","coordinates":[[[-51.0624,-26.2427],[-51.0547,-26.2445],[-51.0161,-26.2344],[-51.0,-26.23],[-50.991,-26.2344],[-50.9727,-26.2465],[-50.9696,-26.2637],[-50.9528,-26.2691],[-50.9442,-26.282],[-50.9372,-26.2789],[-50.9313,-26.2679],[-50.944,-26.2401],[-50.9421,-26.2346],[-50.9349,-26.2331],[-50.9076,-26.2511],[-50.9087,-26.2844],[-50.9015,-26.289],[-50.8993,-26.2887],[-50.897,-26.2941],[-50.8894,-26.3019],[-50.9025,-26.3042],[-50.8954,-26.3124],[-50.9001,-26.3212],[-50.8912,-26.3254],[-50.8842,-26.3163],[-50.8806,-26.322],[-50.8837,-26.3273],[-50.8983,-26.3316],[-50.8883,-26.3381],[-50.8946,-26.3482],[-50.8829,-26.3581],[-50.884,-26.3795],[-50.8793,-26.3822],[-50.8707,-26.3845],[-50.8588,-26.3762],[-50.8486,-26.3775],[-50.8436,-26.3828],[-50.8465,-26.39],[-50.8415,-26.4046],[-50.8434,-26.4108],[-50.8492,-26.4269],[-50.8454,-26.4287],[-50.8156,-26.4403],[-50.8096,-26.4571],[-50.8213,-26.4629],[-50.8217,-26.4672],[-50.8018,-26.4916],[-50.7871,-26.4947],[-50.7855,-26.5019],[-50.7979,-26.5076],[-50.8011,-26.5074],[-50.803,-26.518],[-50.8178,-26.5302],[-50.8239,-26.5462],[-50.8572,-26.5586],[-50.8724,-26.557],[-50.9009,-26.5564],[-50.907,-26.5481],[-50.9168,-26.5445],[-50.9227,-26.5513],[-50.9403,-26.5504],[-50.9562,-26.5363],[-50.9617,-26.5215],[-50.9689,-26.5292],[-50.9847,-26.5096],[-50.9955,-26.5074],[-51.0109,-26.496],[-51.0113,-26.4912],[-51.0053,-26.4861],[-50.9965,-26.4849],[-50.9979,-26.4662],[-50.999,-26.4622],[-51.0046,-26.4652],[-51.0088,-26.4604],[-51.0,-26.4577],[-50.9965,-26.4472],[-50.9897,-26.4481],[-50.9769,-26.4413],[-50.9806,-26.4278],[-50.9648,-26.4283],[-50.9856,-26.4027],[-50.9938,-26.4083],[-50.9971,-26.4037],[-51.025,-26.4063],[-51.0424,-26.3948],[-51.0453,-26.3959],[-51.0534,-26.4004],[-51.0579,-26.3952],[-51.0622,-26.4022],[-51.0989,-26.3918],[-51.1008,-26.3946],[-51.1046,-26.3916],[-51.1173,-26.3913],[-51.1194,-26.4003],[-51.1274,-26.3996],[-51.1377,-26.4149],[-51.1536,-26.4186],[-51.1581,-26.424],[-51.1575,-26.4299],[-51.1808,-26.4449],[-51.1908,-26.4513],[-51.1962,-26.4484],[-51.2044,-26.4389],[-51.2021,-26.4278],[-51.2316,-26.4085],[-51.259,-26.4007],[-51.2695,-26.3867],[-51.2605,-26.3789],[-51.2577,-26.3787],[-51.2522,-26.3759],[-51.255,-26.3735],[-51.2589,-26.3687],[-51.2597,-26.3585],[-51.2536,-26.3499],[-51.2509,-26.348],[-51.2553,-26.3454],[-51.256,-26.34],[-51.2512,-26.3324],[-51.2449,-26.3297],[-51.2426,-26.3242],[-51.2262,-26.3221],[-51.2216,-26.316],[-51.2165,-26.3153],[-51.2069,-26.2962],[-51.2027,-26.2981],[-51.1933,-26.3015],[-51.1806,-26.2986],[-51.1694,-26.2911],[-51.1633,-26.291],[-51.1634,-26.283],[-51.1559,-26.2799],[-51.1492,-26.2791],[-51.1435,-26.2853],[-51.1376,-26.2856],[-51.1362,-26.2792],[-51.1218,-26.2791],[-51.1075,-26.2728],[-51.1045,-26.275],[-51.1035,-26.2722],[-51.1014,-26.2652],[-51.0933,-26.2585],[-51.094,-26.2495],[-51.0879,-26.2471],[-51.0849,-26.23],[-51.0795,-26.2278],[-51.0696,-26.239],[-51.0624,-26.2427]]]}},{"type":"Feature","properties":{"nome":"Pouso Redondo","cod":"4213708","uf":"SC"},"geometry":{"type":"Polygon","coordinates":[[[-49.9158,-27.1929],[-49.9125,-27.2183],[-49.8732,-27.2282],[-49.8454,-27.2328],[-49.8215,-27.2656],[-49.8293,-27.2642],[-49.8458,-27.2749],[-49.8463,-27.2757],[-49.8463,-27.2758],[-49.8566,-27.2777],[-49.8621,-27.288],[-49.8841,-27.3055],[-49.8966,-27.3071],[-49.9086,-27.315],[-49.9208,-27.3219],[-49.9297,-27.3214],[-49.9402,-27.3355],[-49.9371,-27.3504],[-49.9312,-27.3516],[-49.9339,-27.3642],[-49.9296,-27.3676],[-49.9331,-27.3748],[-49.9466,-27.3809],[-49.9488,-27.3809],[-49.9509,-27.3809],[-49.9486,-27.3898],[-49.9526,-27.3907],[-49.9541,-27.3972],[-49.9559,-27.4023],[-49.9556,-27.4063],[-49.9617,-27.4053],[-49.9651,-27.4119],[-49.9688,-27.4078],[-49.97,-27.4123],[-49.987,-27.4031],[-49.9881,-27.4065],[-49.9783,-27.4165],[-49.9871,-27.4186],[-49.9911,-27.4129],[-49.9954,-27.4136],[-50.0079,-27.3975],[-50.0113,-27.3991],[-50.0086,-27.4058],[-50.0157,-27.4008],[-50.0149,-27.3941],[-50.0191,-27.3885],[-50.0115,-27.3883],[-50.0146,-27.3785],[-50.0216,-27.373],[-50.0334,-27.3724],[-50.0301,-27.3683],[-50.0324,-27.3569],[-50.0405,-27.358],[-50.0433,-27.3522],[-50.0491,-27.3558],[-50.0438,-27.3406],[-50.0476,-27.3352],[-50.0423,-27.3344],[-50.0329,-27.3416],[-50.0276,-27.3417],[-50.024,-27.335],[-50.0258,-27.3281],[-50.0188,-27.3302],[-50.0104,-27.3197],[-50.0176,-27.3199],[-50.0193,-27.3244],[-50.0272,-27.3252],[-50.0412,-27.3206],[-50.0528,-27.3156],[-50.0488,-27.3199],[-50.0568,-27.3186],[-50.0587,-27.3211],[-50.0621,-27.3246],[-50.0627,-27.3212],[-50.0596,-27.3131],[-50.0623,-27.3123],[-50.062,-27.31],[-50.0717,-27.3107],[-50.0706,-27.3036],[-50.0748,-27.3032],[-50.0752,-27.303],[-50.0892,-27.3014],[-50.0883,-27.296],[-50.0995,-27.298],[-50.1033,-27.2922],[-50.1295,-27.2743],[-50.0914,-27.2423],[-50.0674,-27.2369],[-50.0584,-27.226],[-50.0642,-27.2212],[-50.0633,-27.2179],[-50.053,-27.2125],[-50.0498,-27.2037],[-50.0421,-27.2117],[-50.0444,-27.2163],[-50.0263,-27.2216],[-50.0156,-27.2104],[-50.0025,-27.2123],[-49.9963,-27.2143],[-49.9888,-27.2052],[-49.9764,-27.1988],[-49.9696,-27.1991],[-49.9657,-27.1957],[-49.9614,-27.1983],[-49.9572,-27.2015],[-49.957,-27.2017],[-49.9411,-27.2139],[-49.9323,-27.1889],[-49.9195,-27.1881],[-49.9158,-27.1929]]]}},{"type":"Feature","properties":{"nome":"Praia Grande","cod":"4213807","uf":"SC"},"geometry":{"type":"Polygon","coordinates":[[[-49.9558,-29.0683],[-49.9311,-29.0849],[-49.9275,-29.0889],[-49.9156,-29.1027],[-49.8973,-29.0986],[-49.8892,-29.1011],[-49.878,-29.0941],[-49.8676,-29.0968],[-49.8663,-29.0999],[-49.8659,-29.1001],[-49.8511,-29.102],[-49.8313,-29.1211],[-49.8277,-29.1397],[-49.8174,-29.1505],[-49.8286,-29.1495],[-49.8285,-29.1558],[-49.8382,-29.1542],[-49.837,-29.1586],[-49.8317,-29.1596],[-49.8375,-29.1621],[-49.8404,-29.1598],[-49.8486,-29.166],[-49.8582,-29.1654],[-49.864,-29.1706],[-49.8777,-29.1689],[-49.8847,-29.1708],[-49.8863,-29.1743],[-49.8918,-29.1759],[-49.9021,-29.1903],[-49.9111,-29.1916],[-49.9108,-29.1951],[-49.9221,-29.1942],[-49.923,-29.1968],[-49.9371,-29.1979],[-49.9396,-29.2007],[-49.9543,-29.1991],[-49.962,-29.1987],[-49.9692,-29.2027],[-49.9697,-29.2094],[-49.973,-29.2132],[-49.981,-29.2195],[-49.9897,-29.2242],[-49.9964,-29.2275],[-50.0001,-29.2266],[-50.0067,-29.225],[-50.0342,-29.2334],[-50.0417,-29.2403],[-50.0637,-29.2433],[-50.0637,-29.2433],[-50.0653,-29.2489],[-50.0687,-29.246],[-50.0894,-29.2541],[-50.1064,-29.254],[-50.108,-29.2576],[-50.1142,-29.2588],[-50.108,-29.2803],[-50.1015,-29.2833],[-50.0924,-29.2964],[-50.0734,-29.3091],[-50.0627,-29.3116],[-50.0333,-29.3491],[-50.0368,-29.3509],[-50.0494,-29.3389],[-50.0645,-29.3409],[-50.0588,-29.3363],[-50.0573,-29.3272],[-50.0728,-29.3274],[-50.0641,-29.3212],[-50.071,-29.3228],[-50.0724,-29.3197],[-50.0784,-29.3199],[-50.0863,-29.323],[-50.0841,-29.3161],[-50.0893,-29.3103],[-50.101,-29.3101],[-50.1096,-29.3045],[-50.1049,-29.3006],[-50.1064,-29.2978],[-50.1179,-29.2972],[-50.1159,-29.2915],[-50.1215,-29.2876],[-50.1231,-29.2814],[-50.1304,-29.2856],[-50.1274,-29.2981],[-50.1284,-29.3032],[-50.1357,-29.2988],[-50.1384,-29.2921],[-50.1423,-29.2919],[-50.1411,-29.2876],[-50.1472,-29.2878],[-50.1448,-29.283],[-50.1501,-29.2844],[-50.1499,-29.282],[-50.1445,-29.2758],[-50.1472,-29.2635],[-50.1455,-29.2577],[-50.138,-29.2545],[-50.1504,-29.2576],[-50.1498,-29.2493],[-50.1572,-29.2523],[-50.1609,-29.2486],[-50.1745,-29.2492],[-50.1412,-29.2377],[-50.1417,-29.2306],[-50.1501,-29.2295],[-50.1452,-29.2259],[-50.1473,-29.2196],[-50.1327,-29.2161],[-50.1334,-29.2084],[-50.1402,-29.2015],[-50.1509,-29.2038],[-50.152,-29.2014],[-50.1388,-29.1922],[-50.1372,-29.199],[-50.1228,-29.1976],[-50.1294,-29.2014],[-50.1156,-29.2053],[-50.1152,-29.2089],[-50.0933,-29.2129],[-50.101,-29.2248],[-50.1097,-29.2216],[-50.1127,-29.225],[-50.1081,-29.2301],[-50.1115,-29.2398],[-50.0925,-29.2233],[-50.0982,-29.2358],[-50.0935,-29.2374],[-50.0835,-29.2275],[-50.0876,-29.2225],[-50.0849,-29.2152],[-50.0926,-29.2206],[-50.0854,-29.1989],[-50.0922,-29.1988],[-50.0852,-29.1932],[-50.0927,-29.1951],[-50.0882,-29.1843],[-50.0909,-29.1802],[-50.0971,-29.1801],[-50.0934,-29.1759],[-50.0984,-29.1723],[-50.0956,-29.1657],[-50.0989,-29.1634],[-50.0816,-29.1598],[-50.0801,-29.1554],[-50.0665,-29.159],[-50.0775,-29.1572],[-50.0765,-29.1609],[-50.092,-29.167],[-50.0897,-29.1751],[-50.0789,-29.1755],[-50.0856,-29.1783],[-50.0757,-29.1826],[-50.0788,-29.1853],[-50.0761,-29.1899],[-50.0601,-29.1765],[-50.0654,-29.191],[-50.0555,-29.1833],[-50.0514,-29.186],[-50.0418,-29.1835],[-50.0342,-29.1766],[-50.03,-29.1803],[-50.0143,-29.1812],[-50.0213,-29.1784],[-50.0193,-29.1737],[-50.0277,-29.1706],[-50.0235,-29.1661],[-50.0265,-29.1639],[-50.02,-29.1666],[-50.0176,-29.1636],[-50.0189,-29.154],[-50.0094,-29.1569],[-50.0097,-29.1513],[-50.0047,-29.1504],[-50.0054,-29.1342],[-50.0136,-29.1278],[-49.9965,-29.1327],[-49.9898,-29.1283],[-49.9907,-29.1345],[-49.9864,-29.1362],[-49.9838,-29.1328],[-49.9917,-29.1184],[-49.9835,-29.1172],[-49.9819,-29.1197],[-49.9681,-29.1161],[-49.9686,-29.1205],[-49.9624,-29.1175],[-49.9638,-29.1142],[-49.9673,-29.1151],[-49.9695,-29.1041],[-49.969,-29.1011],[-49.9624,-29.0999],[-49.9667,-29.0949],[-49.967,-29.0835],[-49.954,-29.085],[-49.9536,-29.0758],[-49.9597,-29.0705],[-49.9558,-29.0683]]]}},{"type":"Feature","properties":{"nome":"Presidente Castello Branco","cod":"4213906","uf":"SC"},"geometry":{"type":"Polygon","coordinates":[[[-51.7845,-27.1998],[-51.7709,-27.2072],[-51.7541,-27.2037],[-51.7382,-27.2083],[-51.7247,-27.2077],[-51.72,-27.2181],[-51.7315,-27.2324],[-51.7383,-27.2458],[-51.7444,-27.2457],[-51.745,-27.2498],[-51.7505,-27.2519],[-51.7506,-27.2558],[-51.7551,-27.2576],[-51.76,-27.254],[-51.7638,-27.2593],[-51.7555,-27.2807],[-51.7648,-27.281],[-51.7672,-27.2775],[-51.7713,-27.2826],[-51.7825,-27.2832],[-51.7885,-27.2887],[-51.7954,-27.2931],[-51.7995,-27.284],[-51.7877,-27.2685],[-51.7895,-27.2596],[-51.7977,-27.2528],[-51.8064,-27.2501],[-51.8113,-27.2521],[-51.8177,-27.2459],[-51.8307,-27.2519],[-51.836,-27.2478],[-51.8378,-27.2498],[-51.8408,-27.2423],[-51.838,-27.2387],[-51.8422,-27.2366],[-51.8432,-27.2294],[-51.8293,-27.2346],[-51.8277,-27.2314],[-51.8328,-27.2294],[-51.8271,-27.2268],[-51.826,-27.2208],[-51.8212,-27.2234],[-51.8166,-27.2203],[-51.8137,-27.2219],[-51.8132,-27.2117],[-51.8163,-27.2062],[-51.8141,-27.1878],[-51.8088,-27.1837],[-51.8029,-27.1841],[-51.7956,-27.199],[-51.7845,-27.1998]]]}},{"type":"Feature","properties":{"nome":"Presidente Getúlio","cod":"4214003","uf":"SC"},"geometry":{"type":"Polygon","coordinates":[[[-49.632,-26.9956],[-49.6052,-27.0028],[-49.6007,-27.0099],[-49.5975,-27.0165],[-49.5928,-27.0226],[-49.5941,-27.0283],[-49.594,-27.0364],[-49.5896,-27.0452],[-49.592,-27.0452],[-49.5909,-27.0476],[-49.5857,-27.0588],[-49.5769,-27.078],[-49.5852,-27.0864],[-49.5989,-27.0857],[-49.6006,-27.0822],[-49.6133,-27.0801],[-49.6255,-27.0876],[-49.6328,-27.0993],[-49.6351,-27.1077],[-49.656,-27.1029],[-49.6635,-27.1086],[-49.6669,-27.1167],[-49.6961,-27.123],[-49.6988,-27.1297],[-49.708,-27.132],[-49.7171,-27.1426],[-49.7194,-27.1442],[-49.7243,-27.1439],[-49.7341,-27.1476],[-49.7414,-27.1452],[-49.7455,-27.1347],[-49.764,-27.1315],[-49.7729,-27.1382],[-49.7818,-27.1363],[-49.7839,-27.1337],[-49.7847,-27.1299],[-49.8019,-27.1271],[-49.8061,-27.1164],[-49.8235,-27.113],[-49.8331,-27.1131],[-49.8359,-27.0815],[-49.8441,-27.0689],[-49.8456,-27.0606],[-49.8399,-27.0472],[-49.8401,-27.0323],[-49.8455,-27.0232],[-49.8472,-27.0116],[-49.8257,-27.0133],[-49.8201,-27.0138],[-49.8079,-27.0174],[-49.8034,-27.0155],[-49.7766,-27.025],[-49.7729,-27.0198],[-49.7694,-27.0317],[-49.7627,-27.0305],[-49.7619,-27.038],[-49.7552,-27.0462],[-49.7515,-27.0452],[-49.7516,-27.0488],[-49.727,-27.0594],[-49.7221,-27.0567],[-49.731,-27.0507],[-49.7371,-27.0341],[-49.74,-27.0344],[-49.7358,-27.0288],[-49.7277,-27.0386],[-49.7223,-27.0306],[-49.7203,-27.0366],[-49.7111,-27.0411],[-49.695,-27.0414],[-49.6888,-27.0315],[-49.6821,-27.0299],[-49.6746,-27.0346],[-49.6705,-27.0329],[-49.6652,-27.0336],[-49.6659,-27.0271],[-49.661,-27.0246],[-49.665,-27.0179],[-49.6858,-27.0168],[-49.703,-27.0249],[-49.707,-27.0207],[-49.6917,-26.9925],[-49.6814,-27.0025],[-49.6749,-26.9977],[-49.677,-26.9874],[-49.6859,-26.9855],[-49.6816,-26.9782],[-49.6851,-26.9685],[-49.6807,-26.9645],[-49.6813,-26.9531],[-49.6886,-26.9463],[-49.6893,-26.9352],[-49.6958,-26.9285],[-49.6905,-26.9254],[-49.6767,-26.9459],[-49.6553,-26.9587],[-49.6539,-26.9654],[-49.6392,-26.9779],[-49.632,-26.9956]]]}},{"type":"Feature","properties":{"nome":"Presidente Nereu","cod":"4214102","uf":"SC"},"geometry":{"type":"Polygon","coordinates":[[[-49.2007,-27.2078],[-49.2035,-27.2139],[-49.2055,-27.2118],[-49.2102,-27.2143],[-49.2144,-27.2287],[-49.2191,-27.2276],[-49.2221,-27.2312],[-49.2315,-27.2304],[-49.2522,-27.2372],[-49.2516,-27.2432],[-49.2545,-27.2443],[-49.2682,-27.2491],[-49.2689,-27.2446],[-49.2754,-27.2453],[-49.2744,-27.2513],[-49.2839,-27.2581],[-49.2841,-27.2586],[-49.2855,-27.2607],[-49.3013,-27.2556],[-49.3036,-27.2577],[-49.2992,-27.2681],[-49.3039,-27.2677],[-49.3034,-27.2721],[-49.3094,-27.2718],[-49.3095,-27.2817],[-49.3162,-27.2847],[-49.3111,-27.2892],[-49.3124,-27.2978],[-49.3188,-27.3075],[-49.3133,-27.3139],[-49.317,-27.3116],[-49.3221,-27.3219],[-49.3276,-27.3151],[-49.3473,-27.3132],[-49.3705,-27.3249],[-49.3923,-27.3257],[-49.4003,-27.3307],[-49.3996,-27.3417],[-49.4095,-27.3464],[-49.4099,-27.3518],[-49.414,-27.3508],[-49.4378,-27.3479],[-49.4537,-27.3515],[-49.4588,-27.3571],[-49.4677,-27.3386],[-49.473,-27.3351],[-49.4739,-27.3265],[-49.4811,-27.3192],[-49.4802,-27.3042],[-49.4826,-27.3037],[-49.4888,-27.2982],[-49.4855,-27.2924],[-49.4744,-27.2888],[-49.467,-27.2798],[-49.4527,-27.2722],[-49.4465,-27.255],[-49.4267,-27.2532],[-49.4197,-27.2485],[-49.4169,-27.239],[-49.4102,-27.236],[-49.4033,-27.2315],[-49.3977,-27.2357],[-49.373,-27.2283],[-49.3416,-27.2373],[-49.3208,-27.2302],[-49.3093,-27.216],[-49.3089,-27.215],[-49.3027,-27.2111],[-49.2935,-27.2152],[-49.2847,-27.2101],[-49.2846,-27.21],[-49.2697,-27.2075],[-49.2629,-27.2107],[-49.249,-27.1976],[-49.2476,-27.1956],[-49.2431,-27.1793],[-49.2344,-27.1721],[-49.2263,-27.1714],[-49.2256,-27.1659],[-49.2202,-27.1632],[-49.2109,-27.162],[-49.2111,-27.1581],[-49.204,-27.1627],[-49.1978,-27.1772],[-49.1967,-27.1879],[-49.2013,-27.1947],[-49.1958,-27.1983],[-49.1891,-27.1999],[-49.188,-27.2038],[-49.1984,-27.2068],[-49.2007,-27.2078]]]}},{"type":"Feature","properties":{"nome":"Princesa","cod":"4214151","uf":"SC"},"geometry":{"type":"Polygon","coordinates":[[[-53.5909,-26.4064],[-53.5855,-26.4143],[-53.5823,-26.4157],[-53.582,-26.4128],[-53.5394,-26.4255],[-53.5402,-26.4267],[-53.5429,-26.4257],[-53.5488,-26.4374],[-53.5562,-26.4424],[-53.5577,-26.4502],[-53.5564,-26.4503],[-53.5582,-26.4688],[-53.5675,-26.4643],[-53.5702,-26.4672],[-53.5677,-26.4696],[-53.5765,-26.479],[-53.5808,-26.4759],[-53.6245,-26.4719],[-53.6304,-26.4669],[-53.6321,-26.4698],[-53.6391,-26.4649],[-53.6367,-26.4496],[-53.665,-26.4445],[-53.6875,-26.4434],[-53.6875,-26.4282],[-53.6822,-26.4282],[-53.6799,-26.4154],[-53.6659,-26.4251],[-53.6649,-26.4178],[-53.6696,-26.4139],[-53.6654,-26.4124],[-53.6567,-26.4186],[-53.6542,-26.4103],[-53.6572,-26.4081],[-53.6524,-26.4065],[-53.6485,-26.41],[-53.6449,-26.4045],[-53.6373,-26.3976],[-53.6325,-26.3959],[-53.618,-26.3761],[-53.601,-26.3761],[-53.5909,-26.4064]]]}},{"type":"Feature","properties":{"nome":"Quilombo","cod":"4214201","uf":"SC"},"geometry":{"type":"Polygon","coordinates":[[[-52.6259,-26.6452],[-52.6264,-26.6546],[-52.615,-26.6545],[-52.6119,-26.6502],[-52.6088,-26.6527],[-52.6084,-26.6625],[-52.6183,-26.6711],[-52.607,-26.675],[-52.6083,-26.6882],[-52.6175,-26.7005],[-52.6111,-26.7042],[-52.6012,-26.701],[-52.5992,-26.7081],[-52.5956,-26.7235],[-52.6152,-26.7231],[-52.6196,-26.7257],[-52.6251,-26.7307],[-52.6375,-26.7286],[-52.6278,-26.7417],[-52.6444,-26.7444],[-52.6471,-26.7488],[-52.6403,-26.7536],[-52.6297,-26.754],[-52.6389,-26.7642],[-52.6233,-26.7707],[-52.6281,-26.7787],[-52.6374,-26.7793],[-52.6509,-26.7641],[-52.6503,-26.7526],[-52.6616,-26.7545],[-52.6769,-26.7627],[-52.6963,-26.7606],[-52.6957,-26.7693],[-52.6649,-26.786],[-52.6679,-26.797],[-52.6795,-26.8017],[-52.6832,-26.8056],[-52.7004,-26.7999],[-52.7141,-26.7994],[-52.7167,-26.8028],[-52.7119,-26.819],[-52.7194,-26.8207],[-52.7283,-26.817],[-52.7285,-26.8169],[-52.7339,-26.8163],[-52.7438,-26.8219],[-52.7435,-26.8399],[-52.7634,-26.8198],[-52.7673,-26.81],[-52.777,-26.8028],[-52.7831,-26.7876],[-52.7913,-26.7889],[-52.802,-26.7756],[-52.8013,-26.7715],[-52.8028,-26.7507],[-52.8104,-26.7467],[-52.8169,-26.734],[-52.8171,-26.7338],[-52.8261,-26.6994],[-52.8348,-26.6968],[-52.8365,-26.6906],[-52.8436,-26.6863],[-52.8471,-26.6717],[-52.8465,-26.6691],[-52.8423,-26.6717],[-52.832,-26.6815],[-52.8183,-26.6795],[-52.8038,-26.6852],[-52.7988,-26.6835],[-52.7766,-26.6721],[-52.7574,-26.6774],[-52.7518,-26.6709],[-52.7504,-26.6589],[-52.744,-26.6578],[-52.7283,-26.6659],[-52.7214,-26.6706],[-52.7217,-26.6727],[-52.6987,-26.6736],[-52.6942,-26.6713],[-52.6783,-26.6734],[-52.6767,-26.6702],[-52.6636,-26.6632],[-52.6585,-26.6524],[-52.6451,-26.6502],[-52.6318,-26.6407],[-52.6259,-26.6452]]]}},{"type":"Feature","properties":{"nome":"Rancho Queimado","cod":"4214300","uf":"SC"},"geometry":{"type":"Polygon","coordinates":[[[-49.1379,-27.5815],[-49.1352,-27.5939],[-49.1284,-27.6004],[-49.0895,-27.5852],[-49.0845,-27.6074],[-49.081,-27.6226],[-49.0651,-27.6477],[-49.0108,-27.6222],[-49.0087,-27.63],[-49.0015,-27.6248],[-48.9886,-27.6323],[-48.9784,-27.6266],[-48.9697,-27.6347],[-48.9705,-27.6509],[-48.9625,-27.6532],[-48.9636,-27.6573],[-48.97,-27.6681],[-48.9745,-27.6694],[-48.9839,-27.6892],[-48.9894,-27.6889],[-48.9935,-27.6976],[-49.0028,-27.6957],[-49.006,-27.7007],[-49.0095,-27.7101],[-49.0064,-27.7224],[-49.0157,-27.7279],[-49.0151,-27.7345],[-49.0312,-27.774],[-49.0289,-27.751],[-49.0303,-27.7409],[-49.0358,-27.734],[-49.0418,-27.7569],[-49.0535,-27.7715],[-49.0611,-27.7666],[-49.0636,-27.7574],[-49.0729,-27.7643],[-49.0779,-27.7551],[-49.0765,-27.7509],[-49.0883,-27.7556],[-49.0931,-27.7517],[-49.1069,-27.7686],[-49.1158,-27.7682],[-49.1262,-27.7596],[-49.1284,-27.7465],[-49.1445,-27.7411],[-49.1482,-27.7445],[-49.1581,-27.7437],[-49.1591,-27.7325],[-49.1519,-27.7116],[-49.1584,-27.7064],[-49.1489,-27.6956],[-49.1485,-27.6876],[-49.1569,-27.6723],[-49.1775,-27.6609],[-49.2015,-27.6455],[-49.211,-27.6281],[-49.206,-27.6207],[-49.2085,-27.611],[-49.2049,-27.6022],[-49.1851,-27.5909],[-49.1782,-27.5954],[-49.163,-27.5888],[-49.1435,-27.5923],[-49.1379,-27.5815]]]}},{"type":"Feature","properties":{"nome":"Rio das Antas","cod":"4214409","uf":"SC"},"geometry":{"type":"Polygon","coordinates":[[[-51.1809,-26.8329],[-51.1401,-26.8381],[-51.1291,-26.8361],[-51.125,-26.8423],[-51.1132,-26.8348],[-51.1043,-26.8324],[-51.0955,-26.8383],[-51.065,-26.84],[-51.0503,-26.8422],[-51.0521,-26.849],[-51.0583,-26.8512],[-51.0528,-26.8585],[-51.0436,-26.8513],[-51.0412,-26.8596],[-51.0398,-26.8666],[-51.0346,-26.8614],[-51.0249,-26.8638],[-51.0215,-26.8572],[-51.016,-26.863],[-51.008,-26.8638],[-51.0063,-26.8714],[-50.9951,-26.8618],[-50.9832,-26.8695],[-50.9906,-26.8747],[-50.9866,-26.8799],[-50.9755,-26.8766],[-50.9772,-26.8816],[-50.967,-26.8823],[-50.9724,-26.8861],[-50.9752,-26.8875],[-50.9742,-26.8924],[-50.9701,-26.8965],[-50.9638,-26.8908],[-50.9585,-26.892],[-50.9432,-26.8839],[-50.9355,-26.8986],[-50.9258,-26.9028],[-50.9221,-26.894],[-50.9105,-26.8951],[-50.9044,-26.8849],[-50.8963,-26.8871],[-50.8866,-26.884],[-50.8815,-26.887],[-50.8744,-26.8771],[-50.8612,-26.8758],[-50.8522,-26.8711],[-50.8466,-26.8724],[-50.9864,-26.9586],[-50.9912,-26.961],[-50.9813,-26.9719],[-50.9851,-26.9788],[-51.0051,-26.9781],[-51.0027,-26.9821],[-51.0264,-26.9795],[-51.031,-26.9721],[-51.0356,-26.9718],[-51.0385,-26.9802],[-51.0497,-26.9806],[-51.0458,-26.9877],[-51.0506,-26.991],[-51.0634,-26.9881],[-51.0632,-26.9836],[-51.0708,-26.9809],[-51.117,-26.9839],[-51.1217,-26.9805],[-51.1278,-26.961],[-51.1388,-26.9629],[-51.1366,-26.9581],[-51.1443,-26.9508],[-51.1537,-26.9582],[-51.1612,-26.9536],[-51.1657,-26.9351],[-51.1638,-26.927],[-51.1799,-26.9153],[-51.1769,-26.9075],[-51.1833,-26.9003],[-51.1796,-26.8956],[-51.1844,-26.8862],[-51.1796,-26.8814],[-51.1784,-26.8703],[-51.1821,-26.864],[-51.1927,-26.8578],[-51.1893,-26.8523],[-51.1809,-26.8329]]]}},{"type":"Feature","properties":{"nome":"Rio do Campo","cod":"4214508","uf":"SC"},"geometry":{"type":"Polygon","coordinates":[[[-50.1704,-26.7905],[-50.155,-26.7968],[-50.1549,-26.7968],[-50.1435,-26.7943],[-50.1371,-26.8],[-50.1246,-26.8007],[-50.1022,-26.8159],[-50.0853,-26.8095],[-50.0685,-26.8062],[-50.0659,-26.8082],[-50.071,-26.8379],[-50.0602,-26.8383],[-50.0629,-26.8325],[-50.0563,-26.8212],[-50.0448,-26.8131],[-50.0359,-26.813],[-50.0333,-26.8137],[-49.9944,-26.8045],[-49.9949,-26.8016],[-49.9908,-26.8028],[-49.986,-26.7971],[-49.9796,-26.7939],[-49.9757,-26.7972],[-49.968,-26.8025],[-49.9521,-26.8007],[-49.9488,-26.8076],[-49.9469,-26.8148],[-49.9518,-26.8222],[-49.9529,-26.844],[-49.9564,-26.8462],[-49.9582,-26.8588],[-49.9684,-26.8678],[-49.9732,-26.8682],[-50.0044,-26.8794],[-50.0211,-26.9002],[-50.0154,-26.9093],[-50.0232,-26.9139],[-50.0246,-26.9214],[-50.0501,-26.9327],[-50.0623,-26.9491],[-50.0651,-26.9526],[-50.0726,-26.9684],[-50.0858,-26.9744],[-50.0919,-26.9875],[-50.0698,-27.0316],[-50.0882,-27.0261],[-50.0946,-27.0202],[-50.0977,-27.0257],[-50.1072,-27.018],[-50.1194,-27.0156],[-50.1083,-27.008],[-50.1154,-27.004],[-50.1055,-26.9967],[-50.1151,-26.9861],[-50.1573,-26.9864],[-50.1675,-26.9839],[-50.1677,-26.9838],[-50.2342,-26.9863],[-50.2905,-26.9682],[-50.2788,-26.9465],[-50.2847,-26.9314],[-50.2731,-26.9297],[-50.2753,-26.9167],[-50.2614,-26.8899],[-50.2632,-26.8798],[-50.278,-26.881],[-50.2825,-26.8749],[-50.2553,-26.8628],[-50.2446,-26.8524],[-50.2443,-26.8358],[-50.2305,-26.8285],[-50.2192,-26.8134],[-50.1969,-26.8134],[-50.1704,-26.7905]]]}},{"type":"Feature","properties":{"nome":"Rio do Oeste","cod":"4214607","uf":"SC"},"geometry":{"type":"Polygon","coordinates":[[[-49.8756,-27.0215],[-49.8684,-27.0246],[-49.8455,-27.0232],[-49.8401,-27.0323],[-49.8399,-27.0472],[-49.8456,-27.0606],[-49.8441,-27.0689],[-49.8359,-27.0815],[-49.8331,-27.1131],[-49.8235,-27.113],[-49.8061,-27.1164],[-49.8019,-27.1271],[-49.7847,-27.1299],[-49.7839,-27.1337],[-49.7818,-27.1363],[-49.7729,-27.1382],[-49.764,-27.1315],[-49.7455,-27.1347],[-49.7414,-27.1452],[-49.7538,-27.1521],[-49.7565,-27.1571],[-49.7605,-27.1764],[-49.7504,-27.1741],[-49.7592,-27.1949],[-49.7572,-27.202],[-49.7629,-27.2079],[-49.7647,-27.2082],[-49.7682,-27.2091],[-49.7697,-27.2143],[-49.7647,-27.2215],[-49.7771,-27.2243],[-49.7766,-27.2288],[-49.7878,-27.2406],[-49.8025,-27.2383],[-49.7982,-27.2441],[-49.8017,-27.2487],[-49.8087,-27.2634],[-49.8215,-27.2656],[-49.8454,-27.2328],[-49.8732,-27.2282],[-49.9125,-27.2183],[-49.9158,-27.1929],[-49.9195,-27.1881],[-49.9323,-27.1889],[-49.9163,-27.1573],[-49.9144,-27.1442],[-49.9078,-27.1502],[-49.9105,-27.1456],[-49.9083,-27.14],[-49.9006,-27.1362],[-49.9015,-27.15],[-49.8962,-27.1467],[-49.8911,-27.1483],[-49.8877,-27.1432],[-49.895,-27.1066],[-49.8951,-27.1062],[-49.898,-27.1022],[-49.8756,-27.0215]]]}},{"type":"Feature","properties":{"nome":"Rio dos Cedros","cod":"4214706","uf":"SC"},"geometry":{"type":"Polygon","coordinates":[[[-49.4245,-26.4954],[-49.4157,-26.5097],[-49.391,-26.4947],[-49.3776,-26.4924],[-49.3749,-26.4879],[-49.3658,-26.4907],[-49.3645,-26.4918],[-49.3542,-26.5027],[-49.3543,-26.5155],[-49.3396,-26.5239],[-49.3322,-26.5366],[-49.3209,-26.5416],[-49.2983,-26.5395],[-49.293,-26.5418],[-49.291,-26.5475],[-49.2896,-26.5597],[-49.2981,-26.5707],[-49.2879,-26.5879],[-49.2885,-26.5984],[-49.286,-26.6054],[-49.2757,-26.6082],[-49.2693,-26.6141],[-49.2651,-26.6121],[-49.2406,-26.6152],[-49.2403,-26.6151],[-49.2271,-26.6122],[-49.2203,-26.6125],[-49.2228,-26.6204],[-49.2162,-26.6221],[-49.2208,-26.6331],[-49.2206,-26.6466],[-49.2154,-26.655],[-49.2162,-26.6661],[-49.2233,-26.6669],[-49.2233,-26.6733],[-49.2258,-26.6826],[-49.2335,-26.6903],[-49.2303,-26.7048],[-49.2356,-26.7284],[-49.2328,-26.7407],[-49.235,-26.7513],[-49.2268,-26.751],[-49.223,-26.7522],[-49.2178,-26.7536],[-49.2135,-26.7546],[-49.2234,-26.7725],[-49.2384,-26.7701],[-49.2671,-26.7652],[-49.2722,-26.7643],[-49.2769,-26.7629],[-49.3346,-26.7454],[-49.3339,-26.74],[-49.329,-26.7372],[-49.3332,-26.7346],[-49.3411,-26.7273],[-49.3414,-26.7234],[-49.3533,-26.7223],[-49.3555,-26.7089],[-49.3644,-26.7048],[-49.3685,-26.6941],[-49.3782,-26.694],[-49.386,-26.6834],[-49.3948,-26.6805],[-49.3943,-26.6764],[-49.4036,-26.6687],[-49.4061,-26.6656],[-49.4114,-26.6675],[-49.4177,-26.6604],[-49.4421,-26.6564],[-49.4492,-26.6471],[-49.4654,-26.6507],[-49.4748,-26.6473],[-49.4835,-26.6486],[-49.4876,-26.6608],[-49.4891,-26.6596],[-49.4957,-26.6608],[-49.5026,-26.6523],[-49.4956,-26.6434],[-49.4991,-26.639],[-49.4964,-26.6248],[-49.4849,-26.6114],[-49.4947,-26.6051],[-49.5064,-26.5992],[-49.5091,-26.5911],[-49.5086,-26.5771],[-49.5224,-26.5718],[-49.5275,-26.566],[-49.5365,-26.5637],[-49.565,-26.5652],[-49.5655,-26.5566],[-49.5499,-26.5349],[-49.5492,-26.5239],[-49.5421,-26.5256],[-49.5377,-26.5211],[-49.527,-26.5249],[-49.5114,-26.5206],[-49.4914,-26.5087],[-49.4779,-26.5112],[-49.4515,-26.4994],[-49.4428,-26.4887],[-49.4393,-26.4886],[-49.4326,-26.4943],[-49.4245,-26.4954]]]}},{"type":"Feature","properties":{"nome":"Rio do Sul","cod":"4214805","uf":"SC"},"geometry":{"type":"Polygon","coordinates":[[[-49.5957,-27.1008],[-49.5947,-27.1108],[-49.5906,-27.1141],[-49.5883,-27.117],[-49.5927,-27.1273],[-49.5916,-27.1429],[-49.5723,-27.1435],[-49.5754,-27.162],[-49.5763,-27.1675],[-49.5744,-27.1739],[-49.572,-27.1781],[-49.5716,-27.1789],[-49.5555,-27.2068],[-49.5433,-27.2182],[-49.5427,-27.2282],[-49.5508,-27.232],[-49.5509,-27.2349],[-49.5438,-27.2504],[-49.536,-27.2563],[-49.5275,-27.2716],[-49.5384,-27.2759],[-49.5579,-27.2764],[-49.5659,-27.274],[-49.5774,-27.2591],[-49.585,-27.2635],[-49.6042,-27.2771],[-49.6153,-27.2786],[-49.6198,-27.2828],[-49.6251,-27.2833],[-49.6407,-27.2738],[-49.6464,-27.275],[-49.6508,-27.276],[-49.6592,-27.278],[-49.6602,-27.283],[-49.6802,-27.2896],[-49.6905,-27.2886],[-49.6958,-27.2833],[-49.6916,-27.2693],[-49.6938,-27.2602],[-49.6946,-27.2574],[-49.6966,-27.255],[-49.6986,-27.2499],[-49.6906,-27.2442],[-49.6884,-27.2361],[-49.6909,-27.2294],[-49.6965,-27.2274],[-49.6978,-27.2172],[-49.6891,-27.209],[-49.6955,-27.2004],[-49.6835,-27.198],[-49.694,-27.1888],[-49.7041,-27.1852],[-49.7019,-27.1747],[-49.7058,-27.1723],[-49.7043,-27.1639],[-49.7105,-27.1509],[-49.7171,-27.1426],[-49.708,-27.132],[-49.6988,-27.1297],[-49.6961,-27.123],[-49.6669,-27.1167],[-49.6635,-27.1086],[-49.656,-27.1029],[-49.6351,-27.1077],[-49.6328,-27.0993],[-49.6255,-27.0876],[-49.6133,-27.0801],[-49.6006,-27.0822],[-49.5989,-27.0857],[-49.5852,-27.0864],[-49.5957,-27.1008]]]}},{"type":"Feature","properties":{"nome":"Rio Fortuna","cod":"4214904","uf":"SC"},"geometry":{"type":"Polygon","coordinates":[[[-49.2896,-27.9962],[-49.2915,-28.0042],[-49.2818,-28.0206],[-49.2701,-28.0291],[-49.2642,-28.0294],[-49.2517,-28.0201],[-49.2445,-28.0209],[-49.2378,-28.0171],[-49.233,-28.0232],[-49.2224,-28.0223],[-49.2195,-28.027],[-49.2214,-28.0344],[-49.2143,-28.0362],[-49.2155,-28.0407],[-49.2084,-28.0458],[-49.2054,-28.0451],[-49.1926,-28.0604],[-49.1839,-28.0651],[-49.1887,-28.0667],[-49.1905,-28.073],[-49.1857,-28.0695],[-49.1587,-28.0858],[-49.1586,-28.0859],[-49.1546,-28.089],[-49.0828,-28.0463],[-49.0706,-28.052],[-49.0629,-28.0601],[-49.0658,-28.0674],[-49.0623,-28.105],[-49.0655,-28.1099],[-49.0587,-28.1269],[-49.0586,-28.127],[-49.0526,-28.1424],[-49.0406,-28.1502],[-49.0363,-28.1477],[-49.0306,-28.1508],[-49.0395,-28.16],[-49.0485,-28.1581],[-49.0607,-28.166],[-49.0801,-28.1879],[-49.081,-28.1733],[-49.0948,-28.1757],[-49.0993,-28.1698],[-49.1175,-28.1719],[-49.125,-28.1644],[-49.1295,-28.1616],[-49.1357,-28.1652],[-49.1411,-28.1631],[-49.1457,-28.1706],[-49.1493,-28.1708],[-49.1518,-28.1594],[-49.1548,-28.157],[-49.1624,-28.1584],[-49.164,-28.151],[-49.1702,-28.1502],[-49.175,-28.1411],[-49.1996,-28.1537],[-49.2175,-28.1629],[-49.2249,-28.16],[-49.2353,-28.1556],[-49.2431,-28.1578],[-49.247,-28.1527],[-49.2507,-28.1485],[-49.2491,-28.1373],[-49.2523,-28.1364],[-49.2551,-28.1273],[-49.2689,-28.1113],[-49.2775,-28.1099],[-49.2911,-28.1093],[-49.297,-28.103],[-49.3004,-28.0912],[-49.3082,-28.0556],[-49.3264,-28.0454],[-49.3316,-28.0341],[-49.3406,-28.026],[-49.3414,-28.0074],[-49.3341,-27.9943],[-49.3296,-27.9976],[-49.3302,-27.9942],[-49.3235,-27.9833],[-49.3179,-27.9825],[-49.3107,-27.9699],[-49.3022,-27.9852],[-49.2928,-27.9897],[-49.2896,-27.9962]]]}},{"type":"Feature","properties":{"nome":"Rio Negrinho","cod":"4215000","uf":"SC"},"geometry":{"type":"Polygon","coordinates":[[[-49.4828,-26.1975],[-49.4831,-26.2114],[-49.4775,-26.2175],[-49.4776,-26.2271],[-49.4702,-26.2406],[-49.4701,-26.2458],[-49.4694,-26.2809],[-49.4732,-26.2829],[-49.4777,-26.2795],[-49.48,-26.2866],[-49.4711,-26.2926],[-49.4758,-26.3023],[-49.4691,-26.3052],[-49.4684,-26.3032],[-49.4678,-26.3002],[-49.4656,-26.3065],[-49.469,-26.3239],[-49.4632,-26.3387],[-49.4668,-26.3456],[-49.4651,-26.3583],[-49.4696,-26.3614],[-49.4649,-26.3635],[-49.4525,-26.3893],[-49.4621,-26.398],[-49.4707,-26.4179],[-49.4743,-26.4206],[-49.4821,-26.419],[-49.4867,-26.4249],[-49.4955,-26.4264],[-49.4921,-26.4303],[-49.4934,-26.4388],[-49.4869,-26.4399],[-49.4755,-26.453],[-49.4706,-26.4525],[-49.4698,-26.4643],[-49.4651,-26.467],[-49.4666,-26.4718],[-49.4393,-26.4886],[-49.4428,-26.4887],[-49.4515,-26.4994],[-49.4779,-26.5112],[-49.4914,-26.5087],[-49.5114,-26.5206],[-49.527,-26.5249],[-49.5377,-26.5211],[-49.5421,-26.5256],[-49.5492,-26.5239],[-49.5499,-26.5349],[-49.5655,-26.5566],[-49.565,-26.5652],[-49.5822,-26.5818],[-49.579,-26.5949],[-49.585,-26.6079],[-49.5858,-26.6227],[-49.5945,-26.6271],[-49.6042,-26.6349],[-49.6159,-26.6385],[-49.6212,-26.6499],[-49.6231,-26.6634],[-49.6158,-26.6791],[-49.6163,-26.7001],[-49.6234,-26.7027],[-49.6406,-26.6911],[-49.6447,-26.693],[-49.6519,-26.6894],[-49.6532,-26.6918],[-49.6629,-26.687],[-49.677,-26.693],[-49.6872,-26.6913],[-49.6938,-26.6856],[-49.6943,-26.6794],[-49.7063,-26.662],[-49.7086,-26.6486],[-49.703,-26.6443],[-49.7,-26.6346],[-49.6964,-26.6352],[-49.6862,-26.6258],[-49.6816,-26.629],[-49.6758,-26.6224],[-49.6841,-26.6194],[-49.6857,-26.611],[-49.6866,-26.5853],[-49.6933,-26.5726],[-49.7023,-26.5726],[-49.7231,-26.5579],[-49.7333,-26.5482],[-49.7364,-26.5179],[-49.7567,-26.4942],[-49.758,-26.4829],[-49.7624,-26.4776],[-49.7588,-26.4734],[-49.7609,-26.4705],[-49.7494,-26.469],[-49.7619,-26.4604],[-49.7506,-26.4562],[-49.7504,-26.4473],[-49.7437,-26.4439],[-49.7473,-26.4334],[-49.7413,-26.4333],[-49.7302,-26.4165],[-49.7263,-26.4196],[-49.7293,-26.4223],[-49.7267,-26.4278],[-49.7208,-26.4142],[-49.7148,-26.412],[-49.7127,-26.4233],[-49.7118,-26.4131],[-49.7069,-26.4097],[-49.709,-26.4057],[-49.7027,-26.4087],[-49.7023,-26.4014],[-49.6978,-26.4056],[-49.6984,-26.3959],[-49.6954,-26.3945],[-49.6885,-26.3938],[-49.6927,-26.3891],[-49.6897,-26.3871],[-49.6865,-26.3899],[-49.685,-26.3863],[-49.6763,-26.3921],[-49.6656,-26.3833],[-49.6654,-26.3785],[-49.6507,-26.3762],[-49.6499,-26.3798],[-49.6394,-26.3734],[-49.6359,-26.3753],[-49.6364,-26.3801],[-49.6336,-26.3789],[-49.6325,-26.3707],[-49.6414,-26.3679],[-49.6357,-26.3605],[-49.6507,-26.3647],[-49.6462,-26.3583],[-49.6507,-26.3545],[-49.6445,-26.3539],[-49.6524,-26.3535],[-49.6529,-26.3502],[-49.6412,-26.3405],[-49.6264,-26.343],[-49.6287,-26.3351],[-49.626,-26.3297],[-49.6159,-26.3376],[-49.6117,-26.3348],[-49.6218,-26.3192],[-49.6111,-26.3123],[-49.6193,-26.3136],[-49.6252,-26.3105],[-49.6249,-26.3042],[-49.6341,-26.3055],[-49.6306,-26.2973],[-49.6325,-26.2938],[-49.6172,-26.2932],[-49.626,-26.2884],[-49.6315,-26.2901],[-49.6318,-26.2865],[-49.6205,-26.279],[-49.627,-26.2711],[-49.6196,-26.2654],[-49.6183,-26.2545],[-49.6184,-26.2542],[-49.6169,-26.25],[-49.622,-26.2429],[-49.6201,-26.2396],[-49.6124,-26.239],[-49.6168,-26.2337],[-49.6114,-26.2257],[-49.6056,-26.2241],[-49.6027,-26.2266],[-49.6004,-26.2281],[-49.5982,-26.2209],[-49.5922,-26.2229],[-49.5871,-26.217],[-49.5913,-26.2297],[-49.5831,-26.2297],[-49.5779,-26.2266],[-49.5774,-26.2135],[-49.5668,-26.2328],[-49.5602,-26.2364],[-49.5546,-26.2368],[-49.5471,-26.2297],[-49.5516,-26.2246],[-49.5452,-26.2246],[-49.5379,-26.2296],[-49.5355,-26.2253],[-49.5424,-26.2233],[-49.5403,-26.2131],[-49.5337,-26.2151],[-49.5289,-26.2241],[-49.5282,-26.2171],[-49.5201,-26.224],[-49.5188,-26.2267],[-49.5114,-26.2209],[-49.5039,-26.2261],[-49.5029,-26.2215],[-49.4961,-26.2208],[-49.4979,-26.2182],[-49.4904,-26.2137],[-49.4906,-26.2096],[-49.4945,-26.2111],[-49.4995,-26.203],[-49.4933,-26.2033],[-49.4864,-26.1941],[-49.4828,-26.1975]]]}},{"type":"Feature","properties":{"nome":"Rio Rufino","cod":"4215059","uf":"SC"},"geometry":{"type":"Polygon","coordinates":[[[-49.7839,-27.8303],[-49.7706,-27.8308],[-49.759,-27.8148],[-49.7478,-27.8258],[-49.7324,-27.822],[-49.7388,-27.8373],[-49.7421,-27.838],[-49.7541,-27.8269],[-49.759,-27.831],[-49.7597,-27.839],[-49.7531,-27.8373],[-49.7523,-27.8536],[-49.74,-27.8469],[-49.74,-27.852],[-49.7347,-27.8515],[-49.7342,-27.8465],[-49.7295,-27.8451],[-49.7184,-27.8383],[-49.703,-27.8408],[-49.6873,-27.8328],[-49.6851,-27.8379],[-49.6659,-27.8498],[-49.6557,-27.8589],[-49.6451,-27.8794],[-49.6353,-27.8822],[-49.6192,-27.8934],[-49.6089,-27.8936],[-49.6068,-27.9007],[-49.6116,-27.9003],[-49.6222,-27.9074],[-49.6244,-27.9048],[-49.6521,-27.9061],[-49.6873,-27.9173],[-49.6996,-27.9166],[-49.705,-27.9244],[-49.712,-27.9409],[-49.7161,-27.9508],[-49.7126,-27.9539],[-49.7143,-27.9758],[-49.7106,-28.0051],[-49.7132,-28.0101],[-49.7159,-28.0281],[-49.7254,-28.0243],[-49.7333,-28.03],[-49.7396,-28.0277],[-49.7446,-28.0306],[-49.7538,-28.0256],[-49.7639,-28.0116],[-49.7738,-27.9966],[-49.7855,-27.9966],[-49.7927,-27.9926],[-49.7942,-27.982],[-49.8041,-27.9773],[-49.8078,-27.9643],[-49.8124,-27.964],[-49.8214,-27.9707],[-49.8421,-27.9603],[-49.8508,-27.9507],[-49.8511,-27.9506],[-49.8551,-27.95],[-49.8423,-27.9363],[-49.851,-27.9296],[-49.8561,-27.9169],[-49.8672,-27.9102],[-49.8692,-27.9006],[-49.8486,-27.8847],[-49.836,-27.8858],[-49.8322,-27.8776],[-49.8229,-27.8712],[-49.8077,-27.8666],[-49.8048,-27.8499],[-49.7794,-27.8092],[-49.7781,-27.803],[-49.776,-27.8161],[-49.7817,-27.8236],[-49.7827,-27.8256],[-49.7839,-27.8303]]]}},{"type":"Feature","properties":{"nome":"Riqueza","cod":"4215075","uf":"SC"},"geometry":{"type":"Polygon","coordinates":[[[-53.374,-26.875],[-53.3529,-26.8926],[-53.3331,-26.8978],[-53.3267,-26.9081],[-53.3012,-26.9169],[-53.2917,-26.9273],[-53.2902,-26.9336],[-53.2805,-26.9364],[-53.2948,-26.943],[-53.2815,-26.9499],[-53.2936,-26.9593],[-53.2905,-26.9675],[-53.284,-26.9676],[-53.2856,-26.974],[-53.2867,-26.9818],[-53.3016,-26.9875],[-53.294,-26.9948],[-53.2876,-26.9876],[-53.2798,-26.9963],[-53.2859,-26.9957],[-53.2888,-27.0006],[-53.2944,-27.0017],[-53.2841,-27.0073],[-53.2876,-27.0135],[-53.2957,-27.0121],[-53.2938,-27.0228],[-53.2843,-27.0238],[-53.2851,-27.0293],[-53.301,-27.0322],[-53.3001,-27.0351],[-53.2917,-27.0363],[-53.2861,-27.0434],[-53.295,-27.0454],[-53.2897,-27.0613],[-53.2919,-27.0632],[-53.2958,-27.0595],[-53.3103,-27.0593],[-53.3123,-27.0669],[-53.3117,-27.0694],[-53.3053,-27.0714],[-53.3128,-27.0751],[-53.3156,-27.0713],[-53.323,-27.0746],[-53.3237,-27.0756],[-53.3174,-27.0835],[-53.3231,-27.0897],[-53.3296,-27.0875],[-53.3478,-27.0757],[-53.3457,-27.0709],[-53.3657,-27.0661],[-53.3683,-27.036],[-53.3892,-27.0368],[-53.3979,-27.0344],[-53.4006,-27.0256],[-53.3892,-27.0289],[-53.3787,-27.029],[-53.3765,-27.0217],[-53.3759,-27.0134],[-53.379,-26.9909],[-53.3871,-26.996],[-53.3894,-26.9945],[-53.3968,-26.9836],[-53.3899,-26.9787],[-53.3913,-26.9767],[-53.398,-26.9732],[-53.3964,-26.9515],[-53.4103,-26.9495],[-53.4086,-26.9414],[-53.3946,-26.941],[-53.3901,-26.9337],[-53.3977,-26.9278],[-53.4099,-26.9249],[-53.4051,-26.9022],[-53.4205,-26.8926],[-53.4227,-26.8875],[-53.4079,-26.8875],[-53.4005,-26.8871],[-53.3942,-26.8934],[-53.3929,-26.8903],[-53.39,-26.8916],[-53.3815,-26.8853],[-53.383,-26.8826],[-53.3769,-26.885],[-53.3734,-26.8849],[-53.374,-26.875]]]}},{"type":"Feature","properties":{"nome":"Rodeio","cod":"4215109","uf":"SC"},"geometry":{"type":"Polygon","coordinates":[[[-49.3178,-26.8233],[-49.3156,-26.8289],[-49.3111,-26.8261],[-49.3098,-26.8292],[-49.3073,-26.8378],[-49.3047,-26.8474],[-49.3149,-26.8896],[-49.3174,-26.8999],[-49.3037,-26.9241],[-49.2986,-26.9331],[-49.2885,-26.951],[-49.3055,-26.955],[-49.3244,-26.9515],[-49.3155,-26.9587],[-49.318,-26.963],[-49.3383,-26.9659],[-49.3515,-26.958],[-49.367,-26.9431],[-49.3795,-26.943],[-49.3814,-26.9362],[-49.3902,-26.9299],[-49.4071,-26.9329],[-49.4344,-26.9147],[-49.4266,-26.9155],[-49.4239,-26.9049],[-49.4118,-26.9002],[-49.4029,-26.8737],[-49.401,-26.8671],[-49.3828,-26.8642],[-49.3769,-26.8529],[-49.3715,-26.8519],[-49.3712,-26.8418],[-49.3565,-26.8317],[-49.3588,-26.8222],[-49.348,-26.8201],[-49.3447,-26.8193],[-49.3426,-26.818],[-49.3298,-26.8072],[-49.3209,-26.8223],[-49.3178,-26.8233]]]}},{"type":"Feature","properties":{"nome":"Romelândia","cod":"4215208","uf":"SC"},"geometry":{"type":"Polygon","coordinates":[[[-53.2344,-26.557],[-53.2231,-26.5613],[-53.2223,-26.5672],[-53.2304,-26.5669],[-53.2267,-26.5706],[-53.2289,-26.5761],[-53.2223,-26.5786],[-53.2312,-26.5818],[-53.2283,-26.5866],[-53.2212,-26.585],[-53.2223,-26.5899],[-53.2358,-26.5868],[-53.2422,-26.5896],[-53.2299,-26.6],[-53.2365,-26.6067],[-53.2345,-26.6109],[-53.234,-26.6163],[-53.2306,-26.6186],[-53.2341,-26.6262],[-53.2268,-26.6297],[-53.2313,-26.6326],[-53.2261,-26.6385],[-53.2271,-26.6465],[-53.2366,-26.6417],[-53.2365,-26.6464],[-53.2299,-26.6502],[-53.2313,-26.6547],[-53.2518,-26.6447],[-53.2504,-26.6496],[-53.2564,-26.6552],[-53.2449,-26.6607],[-53.2535,-26.6674],[-53.2599,-26.6641],[-53.258,-26.6722],[-53.2569,-26.6744],[-53.2559,-26.6783],[-53.2751,-26.6768],[-53.2767,-26.6846],[-53.2817,-26.6777],[-53.2852,-26.6802],[-53.2912,-26.6909],[-53.283,-26.6941],[-53.2933,-26.6968],[-53.2831,-26.7041],[-53.2923,-26.7071],[-53.3022,-26.7044],[-53.3035,-26.6974],[-53.3089,-26.6961],[-53.3121,-26.7084],[-53.3053,-26.7138],[-53.3043,-26.7194],[-53.317,-26.716],[-53.3161,-26.7089],[-53.3245,-26.7012],[-53.3306,-26.7202],[-53.3376,-26.7183],[-53.3355,-26.7111],[-53.3432,-26.7181],[-53.3432,-26.7209],[-53.3243,-26.7326],[-53.3344,-26.7353],[-53.3267,-26.7454],[-53.3378,-26.7376],[-53.3488,-26.7362],[-53.3521,-26.729],[-53.3538,-26.7457],[-53.3494,-26.7532],[-53.3653,-26.7481],[-53.3577,-26.7612],[-53.3616,-26.7646],[-53.3637,-26.7643],[-53.3623,-26.7585],[-53.366,-26.7534],[-53.3712,-26.758],[-53.3778,-26.752],[-53.3908,-26.7489],[-53.3935,-26.7431],[-53.3908,-26.7419],[-53.3836,-26.7437],[-53.3824,-26.7372],[-53.3669,-26.7339],[-53.3675,-26.7249],[-53.3796,-26.7162],[-53.3863,-26.7278],[-53.3909,-26.729],[-53.3967,-26.7281],[-53.4029,-26.715],[-53.3981,-26.71],[-53.391,-26.7109],[-53.3855,-26.7149],[-53.391,-26.7004],[-53.391,-26.6936],[-53.3968,-26.6898],[-53.3992,-26.6937],[-53.4103,-26.6936],[-53.4088,-26.6858],[-53.3956,-26.6794],[-53.3956,-26.6766],[-53.4002,-26.6766],[-53.3941,-26.6751],[-53.3911,-26.6798],[-53.3896,-26.6751],[-53.3834,-26.6661],[-53.3912,-26.6617],[-53.3912,-26.6574],[-53.3876,-26.643],[-53.3872,-26.631],[-53.3914,-26.6232],[-53.3914,-26.619],[-53.3453,-26.5845],[-53.3344,-26.5898],[-53.3339,-26.5902],[-53.3107,-26.5849],[-53.2872,-26.5787],[-53.274,-26.5767],[-53.2774,-26.5512],[-53.2557,-26.5575],[-53.257,-26.5541],[-53.2385,-26.5426],[-53.2414,-26.5491],[-53.2339,-26.551],[-53.2344,-26.557]]]}},{"type":"Feature","properties":{"nome":"Salete","cod":"4215307","uf":"SC"},"geometry":{"type":"Polygon","coordinates":[[[-49.9615,-26.9006],[-49.958,-26.906],[-49.9541,-26.9008],[-49.9502,-26.9055],[-49.9578,-26.9189],[-49.9485,-26.9277],[-49.955,-26.9314],[-49.9571,-26.9418],[-49.9545,-26.946],[-49.9587,-26.9602],[-49.9463,-26.9877],[-49.946,-26.9963],[-49.9481,-27.0023],[-49.9596,-27.0022],[-49.96,-27.0114],[-49.9765,-27.0111],[-49.976,-27.0462],[-49.9914,-27.0463],[-50.0349,-27.0467],[-50.0477,-27.0469],[-50.0468,-27.0412],[-50.0528,-27.0312],[-50.0555,-27.0289],[-50.0634,-27.0341],[-50.0698,-27.0316],[-50.0919,-26.9875],[-50.0858,-26.9744],[-50.0726,-26.9684],[-50.0651,-26.9526],[-50.0623,-26.9491],[-50.0501,-26.9327],[-50.0246,-26.9214],[-50.0232,-26.9139],[-50.0154,-26.9093],[-50.0211,-26.9002],[-50.0044,-26.8794],[-49.9732,-26.8682],[-49.9684,-26.8678],[-49.9634,-26.8779],[-49.9579,-26.8958],[-49.9615,-26.9006]]]}},{"type":"Feature","properties":{"nome":"Saltinho","cod":"4215356","uf":"SC"},"geometry":{"type":"Polygon","coordinates":[[[-53.0194,-26.54],[-53.0169,-26.5445],[-53.0047,-26.5413],[-52.9915,-26.5473],[-52.9856,-26.5401],[-52.9821,-26.5333],[-52.9771,-26.5338],[-52.9726,-26.5442],[-52.9456,-26.568],[-52.9273,-26.5725],[-52.9257,-26.581],[-52.9358,-26.5812],[-52.9282,-26.5882],[-52.931,-26.5972],[-52.9245,-26.5987],[-52.9283,-26.6058],[-52.9355,-26.6054],[-52.9337,-26.6109],[-52.9406,-26.6134],[-52.9978,-26.6347],[-52.9983,-26.6348],[-53.044,-26.641],[-53.0621,-26.6435],[-53.0602,-26.6401],[-53.0674,-26.6321],[-53.079,-26.6325],[-53.0867,-26.6384],[-53.0984,-26.6269],[-53.1137,-26.6287],[-53.1049,-26.6164],[-53.0944,-26.6035],[-53.0971,-26.5977],[-53.0921,-26.5936],[-53.123,-26.5726],[-53.1111,-26.5683],[-53.1104,-26.5651],[-53.0819,-26.5593],[-53.0708,-26.5506],[-53.0587,-26.5495],[-53.0417,-26.5453],[-53.0455,-26.5409],[-53.0185,-26.531],[-53.0194,-26.54]]]}},{"type":"Feature","properties":{"nome":"Salto Veloso","cod":"4215406","uf":"SC"},"geometry":{"type":"Polygon","coordinates":[[[-51.382,-26.866],[-51.3691,-26.8688],[-51.3697,-26.8714],[-51.374,-26.8688],[-51.3765,-26.8713],[-51.3753,-26.8762],[-51.3709,-26.8757],[-51.3727,-26.8848],[-51.368,-26.8885],[-51.362,-26.8874],[-51.3681,-26.8927],[-51.3678,-26.8956],[-51.3629,-26.8961],[-51.3659,-26.9017],[-51.3697,-26.9047],[-51.3639,-26.9084],[-51.3718,-26.9099],[-51.3684,-26.9185],[-51.3646,-26.9199],[-51.3679,-26.9229],[-51.3659,-26.9281],[-51.3703,-26.9277],[-51.3648,-26.9394],[-51.3815,-26.941],[-51.4067,-26.9434],[-51.4086,-26.9416],[-51.4113,-26.9465],[-51.4138,-26.9413],[-51.4167,-26.9451],[-51.4365,-26.9399],[-51.4395,-26.9291],[-51.4461,-26.9364],[-51.4493,-26.9326],[-51.4507,-26.9293],[-51.4653,-26.932],[-51.4794,-26.9239],[-51.4791,-26.8976],[-51.4857,-26.892],[-51.4873,-26.8765],[-51.4938,-26.8662],[-51.4878,-26.8587],[-51.4947,-26.8453],[-51.5075,-26.8432],[-51.5099,-26.8382],[-51.449,-26.8514],[-51.4379,-26.8538],[-51.382,-26.866]]]}},{"type":"Feature","properties":{"nome":"Sangão","cod":"4215455","uf":"SC"},"geometry":{"type":"Polygon","coordinates":[[[-49.1094,-28.6887],[-49.1142,-28.6927],[-49.1398,-28.6931],[-49.1547,-28.7011],[-49.1744,-28.6975],[-49.1739,-28.691],[-49.175,-28.6888],[-49.1754,-28.6878],[-49.1757,-28.6872],[-49.1753,-28.6464],[-49.1811,-28.6407],[-49.1555,-28.625],[-49.141,-28.6161],[-49.1034,-28.5929],[-49.0931,-28.6039],[-49.0767,-28.6213],[-49.0714,-28.6269],[-49.078,-28.6385],[-49.0704,-28.6443],[-49.0766,-28.6495],[-49.0846,-28.6553],[-49.0829,-28.6623],[-49.0772,-28.6665],[-49.0762,-28.6692],[-49.0989,-28.6855],[-49.1094,-28.6887]]]}},{"type":"Feature","properties":{"nome":"Santa Cecília","cod":"4215505","uf":"SC"},"geometry":{"type":"Polygon","coordinates":[[[-50.4925,-26.648],[-50.4868,-26.655],[-50.4802,-26.6529],[-50.4688,-26.6628],[-50.4713,-26.7007],[-50.4605,-26.7029],[-50.4522,-26.711],[-50.4375,-26.7125],[-50.4163,-26.7284],[-50.4087,-26.7252],[-50.4044,-26.7311],[-50.3889,-26.7392],[-50.3555,-26.7373],[-50.3416,-26.7417],[-50.3534,-26.7516],[-50.3424,-26.758],[-50.3388,-26.7614],[-50.3247,-26.7627],[-50.3123,-26.7733],[-50.3353,-26.7823],[-50.3366,-26.8013],[-50.3478,-26.8279],[-50.3108,-26.8369],[-50.3033,-26.8371],[-50.2895,-26.8308],[-50.2826,-26.8316],[-50.2804,-26.8432],[-50.2684,-26.8521],[-50.2597,-26.8535],[-50.2553,-26.8628],[-50.2825,-26.8749],[-50.278,-26.881],[-50.2632,-26.8798],[-50.2614,-26.8899],[-50.2753,-26.9167],[-50.2731,-26.9297],[-50.2847,-26.9314],[-50.2788,-26.9465],[-50.2905,-26.9682],[-50.2976,-26.971],[-50.2948,-26.9818],[-50.293,-26.9914],[-50.3056,-26.992],[-50.3139,-27.003],[-50.309,-27.0102],[-50.3187,-27.0193],[-50.316,-27.0241],[-50.3185,-27.0302],[-50.3146,-27.0363],[-50.3241,-27.0453],[-50.3191,-27.0491],[-50.3181,-27.0555],[-50.3341,-27.0598],[-50.3242,-27.0644],[-50.3107,-27.0641],[-50.3151,-27.0753],[-50.328,-27.0735],[-50.3465,-27.092],[-50.3734,-27.1029],[-50.3782,-27.107],[-50.3808,-27.1175],[-50.4049,-27.1091],[-50.4187,-27.1101],[-50.4252,-27.1071],[-50.4222,-27.0949],[-50.4301,-27.0986],[-50.4284,-27.1104],[-50.4366,-27.1124],[-50.4391,-27.1079],[-50.4454,-27.1128],[-50.4572,-27.1122],[-50.5157,-27.1214],[-50.5252,-27.1171],[-50.5298,-27.0877],[-50.5366,-27.0834],[-50.5354,-27.0798],[-50.5407,-27.0781],[-50.5427,-27.0724],[-50.5537,-27.0857],[-50.5579,-27.0818],[-50.5553,-27.0758],[-50.5617,-27.0709],[-50.5636,-27.0566],[-50.5796,-27.0513],[-50.5894,-27.0555],[-50.5981,-27.0514],[-50.6037,-27.0568],[-50.6108,-27.0639],[-50.6269,-27.0609],[-50.6273,-27.0554],[-50.6235,-27.052],[-50.6413,-27.0566],[-50.6474,-27.0614],[-50.6412,-27.0703],[-50.6555,-27.0723],[-50.6518,-27.079],[-50.6576,-27.0852],[-50.6699,-27.0759],[-50.671,-27.0671],[-50.6653,-27.0695],[-50.658,-27.0635],[-50.6627,-27.0535],[-50.6545,-27.0501],[-50.6562,-27.0471],[-50.6493,-27.0403],[-50.6568,-27.0272],[-50.6491,-27.0253],[-50.6412,-27.0293],[-50.6376,-27.0273],[-50.6301,-27.0179],[-50.6312,-27.0078],[-50.6189,-27.0014],[-50.6186,-26.9966],[-50.625,-26.9898],[-50.6133,-26.9872],[-50.6047,-26.9917],[-50.601,-26.9836],[-50.6051,-26.9775],[-50.6037,-26.9735],[-50.614,-26.9743],[-50.6088,-26.9694],[-50.6153,-26.9653],[-50.6185,-26.9532],[-50.6083,-26.9484],[-50.611,-26.9415],[-50.6055,-26.9355],[-50.5951,-26.9334],[-50.5914,-26.9221],[-50.5996,-26.911],[-50.5941,-26.9035],[-50.5906,-26.8923],[-50.5841,-26.8865],[-50.5882,-26.8748],[-50.5742,-26.8691],[-50.5758,-26.8655],[-50.5829,-26.8673],[-50.5875,-26.8648],[-50.5826,-26.8565],[-50.5761,-26.8532],[-50.5744,-26.8436],[-50.5622,-26.8431],[-50.5628,-26.8381],[-50.5524,-26.8282],[-50.5424,-26.8339],[-50.519,-26.8217],[-50.5116,-26.8244],[-50.4971,-26.8188],[-50.4876,-26.8168],[-50.5051,-26.8082],[-50.5086,-26.7953],[-50.527,-26.7805],[-50.5236,-26.7745],[-50.5195,-26.7775],[-50.5154,-26.7719],[-50.5001,-26.77],[-50.4955,-26.762],[-50.5156,-26.7153],[-50.5096,-26.6943],[-50.5145,-26.6861],[-50.4925,-26.648]]]}},{"type":"Feature","properties":{"nome":"Santa Helena","cod":"4215554","uf":"SC"},"geometry":{"type":"Polygon","coordinates":[[[-53.625,-26.8843],[-53.6185,-26.8919],[-53.6009,-26.885],[-53.5749,-26.8958],[-53.5756,-26.8967],[-53.5606,-26.9192],[-53.5611,-26.925],[-53.555,-26.9238],[-53.552,-26.9303],[-53.5398,-26.9346],[-53.5352,-26.9441],[-53.5419,-26.9471],[-53.5522,-26.9445],[-53.5588,-26.9459],[-53.5576,-26.9489],[-53.5683,-26.946],[-53.5713,-26.9521],[-53.5826,-26.9531],[-53.6275,-26.9502],[-53.6369,-26.9522],[-53.6703,-26.9418],[-53.6802,-26.9376],[-53.6962,-26.928],[-53.6805,-26.9152],[-53.6724,-26.9126],[-53.6788,-26.9075],[-53.6713,-26.8926],[-53.6331,-26.8858],[-53.625,-26.8843]]]}},{"type":"Feature","properties":{"nome":"Santa Rosa de Lima","cod":"4215604","uf":"SC"},"geometry":{"type":"Polygon","coordinates":[[[-49.2424,-27.9512],[-49.225,-27.9624],[-49.2185,-27.9614],[-49.1925,-27.9696],[-49.184,-27.9805],[-49.1764,-27.9814],[-49.1686,-27.9727],[-49.1557,-27.9672],[-49.1506,-27.9813],[-49.1458,-27.9912],[-49.1451,-27.9977],[-49.149,-28.0012],[-49.1469,-28.0056],[-49.1364,-28.0008],[-49.1282,-28.0042],[-49.1243,-28.0014],[-49.1164,-28.0058],[-49.1137,-28.0042],[-49.1036,-28.0068],[-49.051,-27.9899],[-49.0512,-27.9904],[-49.0477,-27.9979],[-49.0498,-28.0057],[-49.0434,-28.0192],[-49.0469,-28.0208],[-49.0473,-28.0285],[-49.0531,-28.0307],[-49.0532,-28.0345],[-49.0597,-28.0337],[-49.0642,-28.0404],[-49.0552,-28.0517],[-49.0575,-28.0579],[-49.0629,-28.0601],[-49.0706,-28.052],[-49.0828,-28.0463],[-49.1546,-28.089],[-49.1586,-28.0859],[-49.1587,-28.0858],[-49.1857,-28.0695],[-49.1905,-28.073],[-49.1887,-28.0667],[-49.1839,-28.0651],[-49.1926,-28.0604],[-49.2054,-28.0451],[-49.2084,-28.0458],[-49.2155,-28.0407],[-49.2143,-28.0362],[-49.2214,-28.0344],[-49.2195,-28.027],[-49.2224,-28.0223],[-49.233,-28.0232],[-49.2378,-28.0171],[-49.2445,-28.0209],[-49.2517,-28.0201],[-49.2642,-28.0294],[-49.2701,-28.0291],[-49.2818,-28.0206],[-49.2915,-28.0042],[-49.2896,-27.9962],[-49.2928,-27.9897],[-49.3022,-27.9852],[-49.3107,-27.9699],[-49.3077,-27.9651],[-49.3131,-27.9562],[-49.3082,-27.94],[-49.2861,-27.9358],[-49.2645,-27.9499],[-49.2424,-27.9512]]]}},{"type":"Feature","properties":{"nome":"Santa Rosa do Sul","cod":"4215653","uf":"SC"},"geometry":{"type":"Polygon","coordinates":[[[-49.7001,-29.0974],[-49.6955,-29.1136],[-49.6899,-29.1129],[-49.6819,-29.1212],[-49.6741,-29.1239],[-49.672,-29.1247],[-49.6639,-29.137],[-49.6545,-29.1434],[-49.6631,-29.1534],[-49.687,-29.1663],[-49.6997,-29.1924],[-49.7114,-29.2055],[-49.7525,-29.1766],[-49.7576,-29.173],[-49.7679,-29.1643],[-49.7914,-29.1408],[-49.8326,-29.0997],[-49.8325,-29.0938],[-49.8217,-29.0868],[-49.8068,-29.0797],[-49.8066,-29.0762],[-49.794,-29.069],[-49.7771,-29.0592],[-49.741,-29.0388],[-49.7304,-29.0444],[-49.745,-29.0561],[-49.7407,-29.0655],[-49.7377,-29.072],[-49.7165,-29.0725],[-49.7035,-29.0806],[-49.7005,-29.0955],[-49.7001,-29.0974]]]}},{"type":"Feature","properties":{"nome":"Santa Terezinha","cod":"4215679","uf":"SC"},"geometry":{"type":"Polygon","coordinates":[[[-49.9856,-26.5134],[-49.9817,-26.5211],[-49.9703,-26.5256],[-49.9723,-26.5302],[-49.9618,-26.5433],[-49.9557,-26.5439],[-49.9589,-26.5526],[-49.9538,-26.5611],[-49.9548,-26.5675],[-49.9457,-26.5695],[-49.9439,-26.5732],[-49.9316,-26.571],[-49.9128,-26.5844],[-49.9085,-26.5963],[-49.9106,-26.6009],[-49.8966,-26.6012],[-49.8955,-26.6062],[-49.8842,-26.6169],[-49.8794,-26.6277],[-49.8815,-26.645],[-49.8745,-26.6499],[-49.8716,-26.6525],[-49.8646,-26.6503],[-49.8566,-26.6524],[-49.8467,-26.6662],[-49.8468,-26.6722],[-49.8382,-26.6759],[-49.8389,-26.6905],[-49.8286,-26.7055],[-49.8353,-26.7042],[-49.8471,-26.7107],[-49.8747,-26.7315],[-49.8798,-26.7323],[-49.8864,-26.7428],[-49.89,-26.7412],[-49.8903,-26.7537],[-49.9032,-26.7735],[-49.9008,-26.7755],[-49.9057,-26.7791],[-49.9065,-26.7865],[-49.9134,-26.7831],[-49.9165,-26.7905],[-49.9216,-26.7876],[-49.9286,-26.7889],[-49.9294,-26.7969],[-49.9362,-26.7957],[-49.9464,-26.806],[-49.9488,-26.8076],[-49.9521,-26.8007],[-49.968,-26.8025],[-49.9757,-26.7972],[-49.9796,-26.7939],[-49.986,-26.7971],[-49.9908,-26.8028],[-49.9949,-26.8016],[-49.9944,-26.8045],[-50.0333,-26.8137],[-50.0359,-26.813],[-50.0448,-26.8131],[-50.0563,-26.8212],[-50.0629,-26.8325],[-50.0602,-26.8383],[-50.071,-26.8379],[-50.0659,-26.8082],[-50.0685,-26.8062],[-50.0853,-26.8095],[-50.0986,-26.8022],[-50.1057,-26.7928],[-50.1071,-26.7561],[-50.1207,-26.737],[-50.1138,-26.7102],[-50.1161,-26.7037],[-50.1187,-26.692],[-50.1236,-26.687],[-50.1322,-26.6776],[-50.1353,-26.6651],[-50.1296,-26.6496],[-50.1379,-26.6455],[-50.1372,-26.6416],[-50.1325,-26.6404],[-50.1269,-26.6428],[-50.1211,-26.6293],[-50.1174,-26.631],[-50.1182,-26.6346],[-50.111,-26.6329],[-50.1157,-26.626],[-50.1113,-26.6232],[-50.1133,-26.616],[-50.1254,-26.6149],[-50.1188,-26.6119],[-50.1287,-26.6074],[-50.1198,-26.604],[-50.1296,-26.6008],[-50.1318,-26.595],[-50.1278,-26.5918],[-50.1283,-26.5886],[-50.1329,-26.5909],[-50.1322,-26.5864],[-50.1247,-26.5838],[-50.132,-26.5766],[-50.1248,-26.5764],[-50.1192,-26.5648],[-50.1205,-26.5621],[-50.1295,-26.5617],[-50.123,-26.5566],[-50.1316,-26.5504],[-50.125,-26.5402],[-50.1258,-26.5242],[-50.121,-26.5231],[-50.1151,-26.5174],[-50.1111,-26.519],[-50.1047,-26.5163],[-50.091,-26.5236],[-50.0794,-26.5251],[-50.0672,-26.5192],[-50.0581,-26.5213],[-50.0329,-26.5191],[-50.0191,-26.5029],[-49.9957,-26.5048],[-49.9905,-26.5102],[-49.9856,-26.5134]]]}},{"type":"Feature","properties":{"nome":"Santa Terezinha do Progresso","cod":"4215687","uf":"SC"},"geometry":{"type":"Polygon","coordinates":[[[-53.1454,-26.5297],[-53.1421,-26.5441],[-53.1451,-26.5447],[-53.1454,-26.5539],[-53.1273,-26.5642],[-53.1265,-26.5733],[-53.123,-26.5726],[-53.0921,-26.5936],[-53.0971,-26.5977],[-53.0944,-26.6035],[-53.1049,-26.6164],[-53.1137,-26.6287],[-53.122,-26.6307],[-53.1289,-26.6375],[-53.1362,-26.6388],[-53.1383,-26.6363],[-53.147,-26.6395],[-53.1505,-26.6344],[-53.1578,-26.6366],[-53.1624,-26.6304],[-53.165,-26.6337],[-53.1709,-26.6373],[-53.1739,-26.6319],[-53.1798,-26.6374],[-53.1818,-26.6346],[-53.1977,-26.6404],[-53.2007,-26.6326],[-53.2009,-26.6388],[-53.2047,-26.6416],[-53.2198,-26.6421],[-53.2261,-26.6385],[-53.2313,-26.6326],[-53.2268,-26.6297],[-53.2341,-26.6262],[-53.2306,-26.6186],[-53.234,-26.6163],[-53.2345,-26.6109],[-53.2365,-26.6067],[-53.2299,-26.6],[-53.2422,-26.5896],[-53.2358,-26.5868],[-53.2223,-26.5899],[-53.2212,-26.585],[-53.2283,-26.5866],[-53.2312,-26.5818],[-53.2223,-26.5786],[-53.2212,-26.5725],[-53.2135,-26.5775],[-53.2166,-26.5639],[-53.2077,-26.5649],[-53.2086,-26.5618],[-53.2116,-26.5597],[-53.2071,-26.5563],[-53.2057,-26.5444],[-53.2011,-26.5444],[-53.1993,-26.5402],[-53.1948,-26.541],[-53.1925,-26.5329],[-53.1838,-26.5346],[-53.1814,-26.5317],[-53.1637,-26.535],[-53.1575,-26.5314],[-53.1612,-26.5262],[-53.1454,-26.5297]]]}},{"type":"Feature","properties":{"nome":"Santiago do Sul","cod":"4215695","uf":"SC"},"geometry":{"type":"Polygon","coordinates":[[[-52.707,-26.5832],[-52.7043,-26.5884],[-52.6969,-26.5868],[-52.6781,-26.6005],[-52.6732,-26.5985],[-52.6709,-26.6014],[-52.6695,-26.6121],[-52.6661,-26.6124],[-52.6751,-26.6171],[-52.6727,-26.6209],[-52.6622,-26.6184],[-52.6612,-26.6303],[-52.6515,-26.6327],[-52.6481,-26.6254],[-52.6433,-26.6336],[-52.6394,-26.6314],[-52.6396,-26.6214],[-52.6322,-26.6268],[-52.6321,-26.6355],[-52.6186,-26.637],[-52.618,-26.6406],[-52.6259,-26.6452],[-52.6318,-26.6407],[-52.6451,-26.6502],[-52.6585,-26.6524],[-52.6636,-26.6632],[-52.6767,-26.6702],[-52.6783,-26.6734],[-52.6942,-26.6713],[-52.6987,-26.6736],[-52.7217,-26.6727],[-52.7214,-26.6706],[-52.7283,-26.6659],[-52.744,-26.6578],[-52.742,-26.6384],[-52.7309,-26.6347],[-52.7273,-26.6367],[-52.7278,-26.6291],[-52.7282,-26.622],[-52.735,-26.6196],[-52.7369,-26.6149],[-52.7499,-26.5954],[-52.7261,-26.5802],[-52.707,-26.5832]]]}},{"type":"Feature","properties":{"nome":"Santo Amaro da Imperatriz","cod":"4215703","uf":"SC"},"geometry":{"type":"Polygon","coordinates":[[[-48.7011,-27.7052],[-48.7027,-27.7144],[-48.6952,-27.7319],[-48.6852,-27.7547],[-48.6812,-27.7583],[-48.675,-27.7576],[-48.707,-27.774],[-48.7155,-27.7741],[-48.7265,-27.7836],[-48.7345,-27.7859],[-48.7384,-27.7975],[-48.7433,-27.804],[-48.7479,-27.8031],[-48.7496,-27.8102],[-48.759,-27.8121],[-48.759,-27.823],[-48.7655,-27.8291],[-48.7563,-27.8405],[-48.7658,-27.8414],[-48.7717,-27.8331],[-48.7761,-27.8349],[-48.7821,-27.831],[-48.7885,-27.835],[-48.7999,-27.8287],[-48.8157,-27.8295],[-48.8196,-27.8254],[-48.8267,-27.8443],[-48.8431,-27.8608],[-48.8501,-27.8616],[-48.8522,-27.8665],[-48.8726,-27.8749],[-48.8783,-27.8704],[-48.8777,-27.8598],[-48.8849,-27.8602],[-48.8889,-27.8551],[-48.8958,-27.8565],[-48.8997,-27.8416],[-48.9128,-27.8422],[-48.901,-27.8191],[-48.8958,-27.821],[-48.8846,-27.8146],[-48.8769,-27.8125],[-48.8805,-27.8045],[-48.8734,-27.8009],[-48.8787,-27.8007],[-48.8823,-27.7962],[-48.8823,-27.7823],[-48.8743,-27.7722],[-48.8746,-27.7656],[-48.8601,-27.7554],[-48.8658,-27.738],[-48.8631,-27.7293],[-48.8681,-27.7183],[-48.8682,-27.7154],[-48.8477,-27.7087],[-48.8332,-27.7187],[-48.8315,-27.7127],[-48.8269,-27.7161],[-48.8246,-27.7108],[-48.8138,-27.7103],[-48.8053,-27.705],[-48.8123,-27.7025],[-48.8138,-27.6915],[-48.8368,-27.6916],[-48.8388,-27.6883],[-48.8412,-27.6788],[-48.8499,-27.676],[-48.8565,-27.664],[-48.8616,-27.6621],[-48.8616,-27.6551],[-48.8553,-27.6456],[-48.8443,-27.6396],[-48.839,-27.6323],[-48.8454,-27.6245],[-48.8095,-27.6211],[-48.7456,-27.615],[-48.7382,-27.6143],[-48.7432,-27.6343],[-48.7377,-27.6555],[-48.7304,-27.6785],[-48.7196,-27.679],[-48.7222,-27.685],[-48.7229,-27.6888],[-48.7145,-27.69],[-48.7085,-27.6934],[-48.7056,-27.6958],[-48.7011,-27.7052]]]}},{"type":"Feature","properties":{"nome":"São Bernardino","cod":"4215752","uf":"SC"},"geometry":{"type":"Polygon","coordinates":[[[-52.9657,-26.4389],[-52.9666,-26.4419],[-52.9605,-26.4399],[-52.9595,-26.4437],[-52.9369,-26.4423],[-52.9374,-26.4485],[-52.9314,-26.45],[-52.9346,-26.4868],[-52.9255,-26.5091],[-52.9225,-26.5186],[-52.9273,-26.5174],[-52.9298,-26.5116],[-52.9338,-26.5244],[-52.9397,-26.5227],[-52.9395,-26.5266],[-52.943,-26.5237],[-52.9458,-26.5251],[-52.9353,-26.5359],[-52.929,-26.5361],[-52.9248,-26.5406],[-52.9309,-26.5441],[-52.9314,-26.5495],[-52.9272,-26.5531],[-52.9263,-26.5594],[-52.922,-26.5577],[-52.9217,-26.5607],[-52.9446,-26.5655],[-52.9456,-26.568],[-52.9726,-26.5442],[-52.9771,-26.5338],[-52.9821,-26.5333],[-52.9856,-26.5401],[-52.9915,-26.5473],[-53.0047,-26.5413],[-53.0169,-26.5445],[-53.0194,-26.54],[-53.0185,-26.531],[-53.0272,-26.5214],[-53.0312,-26.5098],[-53.039,-26.5073],[-53.0448,-26.5106],[-53.0499,-26.5028],[-53.0596,-26.4948],[-53.0639,-26.4841],[-53.0623,-26.4785],[-53.0433,-26.4445],[-53.0338,-26.44],[-53.0296,-26.4357],[-53.0333,-26.4307],[-53.0298,-26.428],[-53.0323,-26.4254],[-53.0284,-26.4237],[-53.0258,-26.4084],[-53.018,-26.4079],[-52.9805,-26.4343],[-52.9657,-26.4389]]]}},{"type":"Feature","properties":{"nome":"São Bento do Sul","cod":"4215802","uf":"SC"},"geometry":{"type":"Polygon","coordinates":[[[-49.4382,-26.1639],[-49.4361,-26.1718],[-49.4288,-26.1698],[-49.4281,-26.1678],[-49.4231,-26.1817],[-49.4185,-26.1833],[-49.4192,-26.1885],[-49.4146,-26.1899],[-49.4132,-26.1849],[-49.408,-26.1833],[-49.3956,-26.1931],[-49.3874,-26.1962],[-49.3736,-26.2015],[-49.3672,-26.1911],[-49.362,-26.1913],[-49.3417,-26.1919],[-49.3259,-26.2002],[-49.3258,-26.2107],[-49.3258,-26.2139],[-49.3257,-26.2169],[-49.3257,-26.2214],[-49.3173,-26.2291],[-49.2785,-26.2528],[-49.2517,-26.2679],[-49.2221,-26.282],[-49.1682,-26.3079],[-49.1792,-26.3111],[-49.1773,-26.3183],[-49.1859,-26.3325],[-49.1848,-26.3493],[-49.1755,-26.3653],[-49.1857,-26.3713],[-49.1885,-26.3692],[-49.1973,-26.3716],[-49.2013,-26.3824],[-49.2194,-26.3856],[-49.2256,-26.3944],[-49.2305,-26.3959],[-49.2685,-26.3857],[-49.2749,-26.388],[-49.2732,-26.383],[-49.281,-26.3759],[-49.2856,-26.3784],[-49.2903,-26.3704],[-49.2986,-26.3738],[-49.3007,-26.3678],[-49.3163,-26.3699],[-49.3229,-26.3729],[-49.3218,-26.383],[-49.3244,-26.3872],[-49.3297,-26.3823],[-49.3533,-26.3774],[-49.3607,-26.3727],[-49.3572,-26.367],[-49.3629,-26.3604],[-49.3669,-26.3617],[-49.3897,-26.3534],[-49.4022,-26.3476],[-49.4043,-26.3521],[-49.4109,-26.3547],[-49.4143,-26.3535],[-49.4229,-26.3659],[-49.4358,-26.3715],[-49.4431,-26.3904],[-49.4403,-26.3937],[-49.4443,-26.4003],[-49.4385,-26.4109],[-49.4398,-26.4198],[-49.4449,-26.4257],[-49.455,-26.4259],[-49.4613,-26.4213],[-49.4643,-26.4252],[-49.4675,-26.4222],[-49.4754,-26.4249],[-49.4821,-26.419],[-49.4743,-26.4206],[-49.4707,-26.4179],[-49.4621,-26.398],[-49.4525,-26.3893],[-49.4649,-26.3635],[-49.4696,-26.3614],[-49.4651,-26.3583],[-49.4668,-26.3456],[-49.4632,-26.3387],[-49.469,-26.3239],[-49.4656,-26.3065],[-49.4678,-26.3002],[-49.4684,-26.3032],[-49.4691,-26.3052],[-49.4758,-26.3023],[-49.4711,-26.2926],[-49.48,-26.2866],[-49.4777,-26.2795],[-49.4732,-26.2829],[-49.4694,-26.2809],[-49.4701,-26.2458],[-49.4702,-26.2406],[-49.4776,-26.2271],[-49.4775,-26.2175],[-49.4831,-26.2114],[-49.4828,-26.1975],[-49.4864,-26.1941],[-49.4894,-26.1908],[-49.4853,-26.1849],[-49.4864,-26.1801],[-49.479,-26.1854],[-49.4638,-26.1727],[-49.4587,-26.1622],[-49.4511,-26.1616],[-49.4382,-26.1639]]]}},{"type":"Feature","properties":{"nome":"São Bonifácio","cod":"4215901","uf":"SC"},"geometry":{"type":"Polygon","coordinates":[[[-48.9048,-27.8083],[-48.9008,-27.8128],[-48.8867,-27.81],[-48.8846,-27.8146],[-48.8958,-27.821],[-48.901,-27.8191],[-48.9128,-27.8422],[-48.8997,-27.8416],[-48.8958,-27.8565],[-48.8889,-27.8551],[-48.8849,-27.8602],[-48.8777,-27.8598],[-48.8783,-27.8704],[-48.8726,-27.8749],[-48.8522,-27.8665],[-48.8501,-27.8616],[-48.8431,-27.8608],[-48.8467,-27.866],[-48.8372,-27.8897],[-48.8275,-27.8893],[-48.8242,-27.8938],[-48.8257,-27.9051],[-48.8338,-27.9076],[-48.842,-27.9006],[-48.8455,-27.9062],[-48.8469,-27.9221],[-48.843,-27.9303],[-48.8371,-27.933],[-48.8428,-27.9373],[-48.8404,-27.942],[-48.8464,-27.9446],[-48.8496,-27.951],[-48.838,-27.964],[-48.8382,-27.9801],[-48.8437,-27.9959],[-48.8437,-28.0068],[-48.8541,-28.0225],[-48.8538,-28.0336],[-48.8605,-28.0433],[-48.882,-28.0514],[-48.8893,-28.0759],[-48.8941,-28.0797],[-48.9015,-28.0607],[-48.917,-28.0664],[-48.9322,-28.0721],[-48.9424,-28.0827],[-48.938,-28.0901],[-48.9429,-28.0893],[-48.9474,-28.0969],[-48.9518,-28.097],[-48.9505,-28.1074],[-48.9698,-28.1079],[-48.9726,-28.1016],[-48.9693,-28.0983],[-48.9725,-28.0855],[-48.9677,-28.084],[-48.9751,-28.0788],[-48.9752,-28.0787],[-48.9804,-28.0743],[-48.984,-28.0758],[-48.9916,-28.0667],[-48.9973,-28.0659],[-49.005,-28.0543],[-49.0122,-28.0543],[-49.0223,-28.0486],[-49.0229,-28.042],[-49.0344,-28.0349],[-49.039,-28.0234],[-49.0356,-28.0103],[-49.0448,-28.0025],[-49.0446,-27.9939],[-49.0512,-27.9904],[-49.051,-27.9899],[-49.049,-27.9878],[-49.0482,-27.9727],[-49.0397,-27.9683],[-49.0391,-27.9588],[-49.0335,-27.956],[-49.0343,-27.9511],[-49.0439,-27.9448],[-49.0414,-27.9347],[-49.0366,-27.9241],[-49.0159,-27.9079],[-49.0153,-27.8984],[-49.0191,-27.8968],[-49.017,-27.8834],[-49.0065,-27.8792],[-49.0168,-27.8659],[-49.0153,-27.862],[-49.0034,-27.8599],[-48.9879,-27.8461],[-48.9881,-27.8427],[-48.9684,-27.8292],[-48.968,-27.8288],[-48.9556,-27.8268],[-48.9514,-27.8173],[-48.9471,-27.8153],[-48.9225,-27.8203],[-48.9151,-27.8084],[-48.9048,-27.8083]]]}},{"type":"Feature","properties":{"nome":"São Carlos","cod":"4216008","uf":"SC"},"geometry":{"type":"Polygon","coordinates":[[[-52.9652,-26.9613],[-52.9801,-26.9795],[-52.9785,-26.9861],[-52.97,-26.9928],[-52.9576,-26.9958],[-52.9512,-27.0014],[-52.969,-27.0194],[-52.968,-27.0245],[-52.9569,-27.028],[-52.9466,-27.0347],[-52.9494,-27.0385],[-52.9563,-27.0395],[-52.9732,-27.0361],[-52.9822,-27.0352],[-52.9829,-27.0398],[-52.9699,-27.0662],[-52.99,-27.0619],[-52.9923,-27.065],[-52.989,-27.0823],[-52.99,-27.0931],[-52.9935,-27.0958],[-53.0179,-27.0904],[-53.022,-27.0831],[-53.0285,-27.0801],[-53.058,-27.0859],[-53.0761,-27.1032],[-53.0866,-27.0912],[-53.0745,-27.0869],[-53.0849,-27.0784],[-53.0976,-27.0774],[-53.0924,-27.0646],[-53.0943,-27.0624],[-53.1032,-27.0661],[-53.1059,-27.064],[-53.1017,-27.0595],[-53.1045,-27.0561],[-53.1004,-27.051],[-53.1124,-27.044],[-53.1094,-27.0402],[-53.1021,-27.0407],[-53.1023,-27.0369],[-53.1088,-27.0358],[-53.1072,-27.0289],[-53.1058,-27.0277],[-53.0965,-27.0278],[-53.0898,-26.9906],[-53.0699,-26.9913],[-53.0695,-26.9822],[-53.0648,-26.9832],[-53.0468,-26.9681],[-53.0199,-26.9668],[-52.9929,-26.9671],[-52.9819,-26.9544],[-52.974,-26.9547],[-52.9723,-26.9606],[-52.9652,-26.9613]]]}},{"type":"Feature","properties":{"nome":"São Cristovão do Sul","cod":"4216057","uf":"SC"},"geometry":{"type":"Polygon","coordinates":[[[-50.4583,-27.2203],[-50.455,-27.2313],[-50.4437,-27.228],[-50.4402,-27.2332],[-50.4302,-27.2362],[-50.421,-27.2345],[-50.4082,-27.2404],[-50.4144,-27.2487],[-50.4028,-27.2547],[-50.4005,-27.2609],[-50.3951,-27.2621],[-50.3928,-27.2562],[-50.3902,-27.2491],[-50.3767,-27.2466],[-50.3819,-27.2392],[-50.3772,-27.2331],[-50.3804,-27.2301],[-50.379,-27.2224],[-50.3722,-27.228],[-50.3669,-27.2417],[-50.3617,-27.2363],[-50.35,-27.238],[-50.358,-27.244],[-50.3568,-27.2535],[-50.3656,-27.2513],[-50.3608,-27.2579],[-50.3568,-27.2568],[-50.3576,-27.2641],[-50.3399,-27.2667],[-50.3319,-27.2621],[-50.3187,-27.2686],[-50.3088,-27.2637],[-50.3097,-27.2575],[-50.3036,-27.2523],[-50.297,-27.2505],[-50.2804,-27.2653],[-50.268,-27.2687],[-50.2583,-27.2635],[-50.2568,-27.2555],[-50.2443,-27.2403],[-50.2442,-27.2354],[-50.2382,-27.2423],[-50.228,-27.2417],[-50.2197,-27.247],[-50.2076,-27.2446],[-50.1994,-27.2372],[-50.1892,-27.2518],[-50.1751,-27.2701],[-50.1891,-27.2749],[-50.1825,-27.3082],[-50.1889,-27.3197],[-50.1963,-27.3249],[-50.2006,-27.3284],[-50.203,-27.3424],[-50.216,-27.3477],[-50.2247,-27.3477],[-50.2345,-27.3529],[-50.3166,-27.3483],[-50.3707,-27.3447],[-50.3753,-27.3512],[-50.3839,-27.3492],[-50.3995,-27.3607],[-50.4286,-27.3648],[-50.4343,-27.3611],[-50.4435,-27.3589],[-50.4504,-27.3661],[-50.4626,-27.3679],[-50.4631,-27.3651],[-50.4673,-27.3567],[-50.4631,-27.3453],[-50.464,-27.3319],[-50.47,-27.3165],[-50.4829,-27.308],[-50.4989,-27.3065],[-50.4933,-27.304],[-50.5034,-27.2712],[-50.5085,-27.2572],[-50.5038,-27.2558],[-50.5038,-27.2501],[-50.4957,-27.2461],[-50.5013,-27.2176],[-50.4926,-27.2181],[-50.478,-27.229],[-50.471,-27.2165],[-50.4659,-27.2155],[-50.4583,-27.2203]]]}},{"type":"Feature","properties":{"nome":"São Domingos","cod":"4216107","uf":"SC"},"geometry":{"type":"Polygon","coordinates":[[[-52.5233,-26.3995],[-52.4952,-26.4197],[-52.4762,-26.421],[-52.4651,-26.4368],[-52.4586,-26.4407],[-52.449,-26.4405],[-52.4421,-26.4377],[-52.4516,-26.45],[-52.4743,-26.4579],[-52.4806,-26.4697],[-52.4785,-26.482],[-52.4811,-26.4893],[-52.475,-26.4937],[-52.4728,-26.5075],[-52.4667,-26.5108],[-52.475,-26.5158],[-52.4751,-26.5231],[-52.4804,-26.5314],[-52.4765,-26.5438],[-52.463,-26.5575],[-52.4619,-26.5751],[-52.4668,-26.5785],[-52.4657,-26.5684],[-52.4738,-26.5667],[-52.479,-26.5695],[-52.4797,-26.5778],[-52.4941,-26.5747],[-52.4973,-26.5776],[-52.4893,-26.5834],[-52.4711,-26.5895],[-52.4861,-26.6029],[-52.4903,-26.6047],[-52.4932,-26.6009],[-52.4917,-26.5897],[-52.512,-26.6024],[-52.5156,-26.6061],[-52.5349,-26.6012],[-52.541,-26.6054],[-52.5298,-26.6129],[-52.5244,-26.6115],[-52.5143,-26.636],[-52.5278,-26.6329],[-52.5338,-26.6218],[-52.5421,-26.6185],[-52.5436,-26.6274],[-52.5335,-26.6374],[-52.5358,-26.6506],[-52.526,-26.661],[-52.5432,-26.6646],[-52.5434,-26.6543],[-52.5751,-26.6504],[-52.5762,-26.6624],[-52.5634,-26.662],[-52.5576,-26.6691],[-52.5631,-26.6716],[-52.5786,-26.6788],[-52.5796,-26.6693],[-52.5808,-26.666],[-52.5854,-26.6641],[-52.5854,-26.6693],[-52.5914,-26.6793],[-52.595,-26.6694],[-52.6019,-26.6656],[-52.6056,-26.6695],[-52.607,-26.675],[-52.6183,-26.6711],[-52.6084,-26.6625],[-52.6088,-26.6527],[-52.6119,-26.6502],[-52.615,-26.6545],[-52.6264,-26.6546],[-52.6259,-26.6452],[-52.618,-26.6406],[-52.6186,-26.637],[-52.6321,-26.6355],[-52.6322,-26.6268],[-52.6396,-26.6214],[-52.6394,-26.6314],[-52.6433,-26.6336],[-52.6481,-26.6254],[-52.6515,-26.6327],[-52.6612,-26.6303],[-52.6622,-26.6184],[-52.6727,-26.6209],[-52.6751,-26.6171],[-52.6661,-26.6124],[-52.6695,-26.6121],[-52.6709,-26.6014],[-52.659,-26.5929],[-52.6606,-26.5896],[-52.6491,-26.5867],[-52.6533,-26.5841],[-52.6495,-26.5825],[-52.6486,-26.5753],[-52.6491,-26.569],[-52.6448,-26.5697],[-52.6462,-26.5671],[-52.6363,-26.5637],[-52.6366,-26.5608],[-52.6257,-26.557],[-52.6193,-26.5505],[-52.6136,-26.5511],[-52.6082,-26.5429],[-52.6079,-26.5264],[-52.6114,-26.5201],[-52.6158,-26.5125],[-52.6082,-26.5086],[-52.6097,-26.4907],[-52.606,-26.4847],[-52.6117,-26.4781],[-52.6105,-26.4738],[-52.6112,-26.4686],[-52.6026,-26.4623],[-52.6034,-26.4536],[-52.6085,-26.4501],[-52.6123,-26.4278],[-52.6022,-26.415],[-52.5937,-26.4151],[-52.5785,-26.4078],[-52.5645,-26.4101],[-52.559,-26.4075],[-52.5556,-26.4115],[-52.5385,-26.4035],[-52.5233,-26.3995]]]}},{"type":"Feature","properties":{"nome":"São Francisco do Sul","cod":"4216206","uf":"SC"},"geometry":{"type":"Polygon","coordinates":[[[-48.7419,-26.1281],[-48.6265,-26.1838],[-48.6195,-26.1986],[-48.6102,-26.2059],[-48.5811,-26.1851],[-48.5676,-26.1702],[-48.5626,-26.1701],[-48.5376,-26.1699],[-48.5307,-26.1638],[-48.5259,-26.1647],[-48.5219,-26.1696],[-48.5264,-26.1921],[-48.5211,-26.2141],[-48.5156,-26.2226],[-48.5083,-26.2262],[-48.5007,-26.2249],[-48.5006,-26.2199],[-48.4963,-26.2169],[-48.4923,-26.2188],[-48.4978,-26.2335],[-48.5053,-26.2386],[-48.5365,-26.2914],[-48.553,-26.3259],[-48.5646,-26.3607],[-48.5918,-26.4063],[-48.5982,-26.4304],[-48.5956,-26.45],[-48.5967,-26.4535],[-48.6068,-26.4535],[-48.6233,-26.4424],[-48.6261,-26.4288],[-48.6181,-26.4038],[-48.6333,-26.3704],[-48.6613,-26.3606],[-48.662,-26.3601],[-48.6775,-26.3555],[-48.7011,-26.344],[-48.7084,-26.3332],[-48.7188,-26.3267],[-48.7222,-26.3225],[-48.7214,-26.3053],[-48.7399,-26.2858],[-48.745,-26.2559],[-48.7491,-26.2507],[-48.7626,-26.2164],[-48.7632,-26.204],[-48.7564,-26.2],[-48.757,-26.1911],[-48.7763,-26.1671],[-48.7847,-26.1457],[-48.7748,-26.1474],[-48.7684,-26.1384],[-48.7623,-26.1393],[-48.7502,-26.1305],[-48.7419,-26.1281]]]}},{"type":"Feature","properties":{"nome":"São João do Oeste","cod":"4216255","uf":"SC"},"geometry":{"type":"Polygon","coordinates":[[[-53.5859,-27.0097],[-53.577,-27.0163],[-53.5713,-27.0261],[-53.5672,-27.0263],[-53.5449,-27.0276],[-53.5417,-27.0416],[-53.5474,-27.0532],[-53.5447,-27.0683],[-53.5473,-27.0738],[-53.5419,-27.0744],[-53.5441,-27.087],[-53.5401,-27.0882],[-53.5312,-27.09],[-53.5265,-27.076],[-53.5194,-27.0808],[-53.5263,-27.0916],[-53.5207,-27.1139],[-53.5263,-27.1209],[-53.5251,-27.1304],[-53.5376,-27.1401],[-53.5383,-27.1466],[-53.5469,-27.1489],[-53.5472,-27.1567],[-53.5668,-27.1595],[-53.5743,-27.1564],[-53.5978,-27.1381],[-53.5954,-27.1479],[-53.6062,-27.1535],[-53.6029,-27.1592],[-53.6057,-27.1629],[-53.6148,-27.1662],[-53.622,-27.1639],[-53.6276,-27.1564],[-53.638,-27.156],[-53.6413,-27.1559],[-53.6489,-27.1423],[-53.6434,-27.1392],[-53.6372,-27.1264],[-53.6537,-27.1187],[-53.6484,-27.1157],[-53.6475,-27.111],[-53.6623,-27.108],[-53.6586,-27.0946],[-53.652,-27.0757],[-53.6512,-27.0671],[-53.6419,-27.0674],[-53.6416,-27.0604],[-53.6455,-27.0599],[-53.649,-27.0594],[-53.6445,-27.0421],[-53.6416,-27.0393],[-53.6375,-27.0425],[-53.6216,-27.0335],[-53.6221,-27.0183],[-53.6192,-27.018],[-53.6189,-27.0227],[-53.6096,-27.0247],[-53.6038,-27.0149],[-53.5969,-27.0163],[-53.5967,-27.0107],[-53.5859,-27.0097]]]}},{"type":"Feature","properties":{"nome":"São João Batista","cod":"4216305","uf":"SC"},"geometry":{"type":"Polygon","coordinates":[[[-48.8658,-27.2196],[-48.8622,-27.2245],[-48.8549,-27.2226],[-48.837,-27.2297],[-48.8288,-27.2395],[-48.8229,-27.2494],[-48.8162,-27.2484],[-48.813,-27.2513],[-48.8157,-27.2591],[-48.8155,-27.263],[-48.8135,-27.2652],[-48.8129,-27.2711],[-48.8101,-27.2742],[-48.8025,-27.2741],[-48.8,-27.2792],[-48.7954,-27.2735],[-48.7873,-27.275],[-48.7864,-27.2782],[-48.7894,-27.2797],[-48.7943,-27.2853],[-48.8008,-27.3065],[-48.7948,-27.3216],[-48.8015,-27.3327],[-48.7968,-27.3457],[-48.8029,-27.3561],[-48.8012,-27.3587],[-48.8106,-27.3687],[-48.82,-27.387],[-48.8271,-27.3885],[-48.8329,-27.393],[-48.8357,-27.3962],[-48.8425,-27.4084],[-48.8692,-27.4353],[-48.8822,-27.4316],[-48.8957,-27.4441],[-48.9027,-27.4344],[-48.9093,-27.4325],[-48.9211,-27.4216],[-48.912,-27.4113],[-48.9156,-27.4087],[-48.9141,-27.3936],[-48.9184,-27.3822],[-48.9124,-27.3759],[-48.9187,-27.3746],[-48.9256,-27.381],[-48.9378,-27.3733],[-48.938,-27.37],[-48.9493,-27.3706],[-48.9526,-27.3537],[-48.96,-27.3488],[-48.9595,-27.3449],[-48.9672,-27.3452],[-48.9708,-27.3408],[-48.9699,-27.3381],[-48.9428,-27.3369],[-48.9374,-27.3291],[-48.9222,-27.3285],[-48.8986,-27.3062],[-48.8832,-27.3058],[-48.8854,-27.2857],[-48.8931,-27.2643],[-48.8988,-27.2487],[-48.8889,-27.2462],[-48.8806,-27.2341],[-48.8753,-27.2355],[-48.8757,-27.224],[-48.8699,-27.2186],[-48.8658,-27.2196]]]}},{"type":"Feature","properties":{"nome":"São João do Itaperiú","cod":"4216354","uf":"SC"},"geometry":{"type":"Polygon","coordinates":[[[-48.8062,-26.5138],[-48.8033,-26.519],[-48.7973,-26.5186],[-48.795,-26.5146],[-48.7909,-26.5159],[-48.7894,-26.5222],[-48.7531,-26.5381],[-48.742,-26.5574],[-48.7409,-26.5595],[-48.7427,-26.5717],[-48.7432,-26.5794],[-48.7395,-26.5814],[-48.7455,-26.5914],[-48.7432,-26.6117],[-48.7432,-26.6303],[-48.752,-26.6309],[-48.7513,-26.6339],[-48.7573,-26.6378],[-48.7586,-26.6472],[-48.7546,-26.6508],[-48.7536,-26.6598],[-48.7554,-26.6643],[-48.7602,-26.6612],[-48.7724,-26.6698],[-48.78,-26.6606],[-48.7854,-26.6603],[-48.7834,-26.6648],[-48.7873,-26.6671],[-48.7863,-26.6712],[-48.796,-26.6733],[-48.8001,-26.6793],[-48.8079,-26.6577],[-48.8149,-26.6573],[-48.8146,-26.6485],[-48.8192,-26.6456],[-48.8171,-26.6384],[-48.8323,-26.6408],[-48.8338,-26.6296],[-48.8427,-26.6274],[-48.8444,-26.6318],[-48.8533,-26.6331],[-48.8538,-26.599],[-48.8508,-26.5971],[-48.8528,-26.5943],[-48.8596,-26.5863],[-48.8617,-26.5837],[-48.8566,-26.5768],[-48.8597,-26.5618],[-48.8554,-26.5483],[-48.8483,-26.5433],[-48.8338,-26.5458],[-48.8316,-26.5304],[-48.8291,-26.5277],[-48.833,-26.524],[-48.8256,-26.516],[-48.815,-26.5185],[-48.8145,-26.514],[-48.8062,-26.5138]]]}},{"type":"Feature","properties":{"nome":"São João do Sul","cod":"4216404","uf":"SC"},"geometry":{"type":"Polygon","coordinates":[[[-49.7914,-29.1408],[-49.7679,-29.1643],[-49.7576,-29.173],[-49.7525,-29.1766],[-49.7114,-29.2055],[-49.7311,-29.2296],[-49.7395,-29.2479],[-49.7447,-29.2564],[-49.7528,-29.2607],[-49.7521,-29.252],[-49.7777,-29.237],[-49.778,-29.2371],[-49.7913,-29.2849],[-49.7913,-29.2851],[-49.7952,-29.2889],[-49.8089,-29.2866],[-49.8114,-29.2834],[-49.8171,-29.2859],[-49.8209,-29.2827],[-49.824,-29.2777],[-49.8364,-29.2748],[-49.8383,-29.2787],[-49.8467,-29.2731],[-49.8426,-29.2714],[-49.8416,-29.2602],[-49.8544,-29.2566],[-49.8516,-29.2489],[-49.8485,-29.2466],[-49.8538,-29.2452],[-49.857,-29.2443],[-49.8576,-29.2413],[-49.8597,-29.2308],[-49.8687,-29.2241],[-49.8764,-29.2245],[-49.8803,-29.22],[-49.9009,-29.2148],[-49.9133,-29.2074],[-49.935,-29.2079],[-49.945,-29.2014],[-49.9577,-29.1998],[-49.9543,-29.1991],[-49.9396,-29.2007],[-49.9371,-29.1979],[-49.923,-29.1968],[-49.9221,-29.1942],[-49.9108,-29.1951],[-49.9111,-29.1916],[-49.9021,-29.1903],[-49.8918,-29.1759],[-49.8863,-29.1743],[-49.8847,-29.1708],[-49.8777,-29.1689],[-49.864,-29.1706],[-49.8582,-29.1654],[-49.8486,-29.166],[-49.8404,-29.1598],[-49.8375,-29.1621],[-49.8317,-29.1596],[-49.837,-29.1586],[-49.8382,-29.1542],[-49.8285,-29.1558],[-49.8286,-29.1495],[-49.8174,-29.1505],[-49.8277,-29.1397],[-49.8313,-29.1211],[-49.8326,-29.0997],[-49.7914,-29.1408]]]}},{"type":"Feature","properties":{"nome":"São Joaquim","cod":"4216503","uf":"SC"},"geometry":{"type":"Polygon","coordinates":[[[-50.0125,-28.0986],[-50.012,-28.1022],[-50.0077,-28.1036],[-50.0009,-28.0977],[-49.9915,-28.1032],[-49.9903,-28.1039],[-49.9857,-28.1021],[-49.9843,-28.0952],[-49.9795,-28.0955],[-49.9738,-28.1097],[-49.9682,-28.0983],[-49.9539,-28.0978],[-49.9469,-28.109],[-49.9415,-28.1112],[-49.9409,-28.0989],[-49.9309,-28.1031],[-49.9281,-28.0995],[-49.926,-28.097],[-49.9203,-28.0993],[-49.9156,-28.1085],[-49.9052,-28.1111],[-49.9042,-28.1076],[-49.909,-28.1038],[-49.903,-28.104],[-49.9042,-28.0974],[-49.8948,-28.0939],[-49.8855,-28.0977],[-49.881,-28.111],[-49.8736,-28.1097],[-49.8777,-28.1031],[-49.8698,-28.097],[-49.8635,-28.1017],[-49.8493,-28.1029],[-49.8533,-28.1099],[-49.8257,-28.1101],[-49.8279,-28.1189],[-49.8201,-28.1155],[-49.8032,-28.1186],[-49.8008,-28.1103],[-49.7929,-28.1109],[-49.7942,-28.1264],[-49.7897,-28.13],[-49.7851,-28.1279],[-49.7772,-28.1447],[-49.7603,-28.1524],[-49.7568,-28.1584],[-49.7521,-28.1644],[-49.7465,-28.1661],[-49.7424,-28.176],[-49.7347,-28.1814],[-49.7297,-28.1814],[-49.7273,-28.1852],[-49.721,-28.1825],[-49.7166,-28.1911],[-49.7019,-28.2],[-49.6969,-28.2104],[-49.6845,-28.2122],[-49.6823,-28.2193],[-49.6717,-28.2298],[-49.6766,-28.2326],[-49.6897,-28.2269],[-49.7009,-28.2277],[-49.7089,-28.2203],[-49.7149,-28.2246],[-49.7214,-28.2225],[-49.7314,-28.2389],[-49.7506,-28.2437],[-49.7617,-28.2622],[-49.7623,-28.264],[-49.7733,-28.2776],[-49.7705,-28.2965],[-49.7659,-28.298],[-49.7712,-28.3065],[-49.7674,-28.3109],[-49.7725,-28.3178],[-49.7691,-28.319],[-49.7695,-28.3251],[-49.7736,-28.3308],[-49.7709,-28.3329],[-49.766,-28.3306],[-49.7667,-28.3393],[-49.7639,-28.3408],[-49.7651,-28.35],[-49.7771,-28.3544],[-49.7721,-28.3607],[-49.7714,-28.3742],[-49.7835,-28.3649],[-49.7953,-28.368],[-49.7954,-28.3685],[-49.7974,-28.3721],[-49.8049,-28.365],[-49.808,-28.3662],[-49.8084,-28.3838],[-49.7863,-28.3849],[-49.783,-28.3923],[-49.7721,-28.3925],[-49.7713,-28.4044],[-49.7622,-28.4064],[-49.7695,-28.4144],[-49.7533,-28.4185],[-49.7818,-28.4288],[-49.7826,-28.4208],[-49.7866,-28.4219],[-49.7879,-28.4269],[-49.7987,-28.4238],[-49.8008,-28.4327],[-49.8051,-28.4267],[-49.8032,-28.415],[-49.8091,-28.4165],[-49.8108,-28.4212],[-49.8217,-28.4207],[-49.8307,-28.4248],[-49.8153,-28.4382],[-49.8129,-28.4275],[-49.8072,-28.4289],[-49.8124,-28.4444],[-49.8099,-28.4521],[-49.8026,-28.4554],[-49.8101,-28.4628],[-49.8171,-28.4624],[-49.8165,-28.4686],[-49.8155,-28.4779],[-49.8105,-28.4834],[-49.8254,-28.4777],[-49.8393,-28.4958],[-49.845,-28.4928],[-49.8409,-28.4844],[-49.8659,-28.4872],[-49.8689,-28.4802],[-49.8634,-28.4732],[-49.8632,-28.4624],[-49.8769,-28.4542],[-49.8722,-28.4503],[-49.8585,-28.4486],[-49.8543,-28.4435],[-49.8595,-28.4416],[-49.8708,-28.4406],[-49.8826,-28.4469],[-49.8875,-28.4414],[-49.8926,-28.4396],[-49.8972,-28.4445],[-49.8881,-28.4576],[-49.8999,-28.4635],[-49.9143,-28.4591],[-49.9282,-28.4507],[-49.9375,-28.458],[-49.9303,-28.4631],[-49.9281,-28.4703],[-49.9437,-28.482],[-49.9507,-28.466],[-49.9518,-28.45],[-49.9584,-28.4492],[-49.9664,-28.455],[-49.9711,-28.4387],[-49.988,-28.4444],[-49.9871,-28.4555],[-50.0022,-28.4569],[-50.0124,-28.4503],[-50.0159,-28.4497],[-50.0191,-28.4511],[-50.0251,-28.4708],[-50.0359,-28.4774],[-50.0601,-28.4752],[-50.0682,-28.4787],[-50.0723,-28.4801],[-50.086,-28.4724],[-50.0994,-28.4851],[-50.1073,-28.4726],[-50.1214,-28.4755],[-50.126,-28.4726],[-50.1261,-28.4632],[-50.1155,-28.4546],[-50.1109,-28.4447],[-50.1153,-28.4366],[-50.1262,-28.4286],[-50.1297,-28.4309],[-50.1261,-28.4372],[-50.1452,-28.446],[-50.1469,-28.4591],[-50.1567,-28.4577],[-50.1597,-28.4601],[-50.1454,-28.4765],[-50.1389,-28.4942],[-50.1567,-28.4973],[-50.1612,-28.4946],[-50.1661,-28.4675],[-50.1783,-28.4514],[-50.1883,-28.4523],[-50.1996,-28.444],[-50.2041,-28.4449],[-50.2143,-28.4594],[-50.2226,-28.4625],[-50.2342,-28.4575],[-50.2412,-28.4323],[-50.2471,-28.4284],[-50.2632,-28.4425],[-50.2624,-28.4454],[-50.2513,-28.4485],[-50.2712,-28.4563],[-50.2911,-28.4509],[-50.2918,-28.4506],[-50.2923,-28.4501],[-50.2998,-28.44],[-50.3278,-28.4338],[-50.3389,-28.4399],[-50.3362,-28.4581],[-50.3453,-28.4629],[-50.351,-28.4548],[-50.3479,-28.4282],[-50.3567,-28.4203],[-50.3678,-28.4218],[-50.3751,-28.434],[-50.3759,-28.444],[-50.3782,-28.4457],[-50.3878,-28.4436],[-50.3962,-28.4325],[-50.4238,-28.4325],[-50.4166,-28.4234],[-50.4049,-28.4231],[-50.4026,-28.4102],[-50.4053,-28.3937],[-50.386,-28.3869],[-50.379,-28.3735],[-50.3688,-28.3719],[-50.3651,-28.3805],[-50.3347,-28.3814],[-50.3318,-28.3765],[-50.3362,-28.3681],[-50.3231,-28.3645],[-50.3086,-28.3541],[-50.2892,-28.3456],[-50.2783,-28.3491],[-50.2709,-28.343],[-50.2647,-28.3294],[-50.278,-28.3224],[-50.2768,-28.3108],[-50.271,-28.3095],[-50.25,-28.3148],[-50.2486,-28.3108],[-50.2552,-28.3037],[-50.2455,-28.3052],[-50.232,-28.302],[-50.2318,-28.2952],[-50.2443,-28.2894],[-50.2485,-28.2643],[-50.2452,-28.2568],[-50.2264,-28.2571],[-50.2171,-28.2507],[-50.2191,-28.247],[-50.2288,-28.2427],[-50.2265,-28.2339],[-50.2177,-28.235],[-50.2182,-28.2212],[-50.2297,-28.2214],[-50.2316,-28.2188],[-50.2163,-28.2065],[-50.2012,-28.2068],[-50.2001,-28.2146],[-50.1904,-28.2179],[-50.1875,-28.2111],[-50.1941,-28.2046],[-50.1933,-28.2011],[-50.18,-28.2077],[-50.1743,-28.2013],[-50.1671,-28.2018],[-50.1705,-28.196],[-50.1828,-28.1918],[-50.1715,-28.1845],[-50.1819,-28.1772],[-50.1821,-28.1712],[-50.1881,-28.1647],[-50.1869,-28.1617],[-50.1807,-28.1639],[-50.1724,-28.1614],[-50.1592,-28.1551],[-50.1538,-28.144],[-50.1483,-28.1424],[-50.1409,-28.1548],[-50.1322,-28.1467],[-50.1338,-28.1542],[-50.1303,-28.1567],[-50.1146,-28.1574],[-50.1108,-28.1622],[-50.1061,-28.1621],[-50.1036,-28.1597],[-50.1153,-28.1381],[-50.1052,-28.124],[-50.0952,-28.1215],[-50.1012,-28.1094],[-50.089,-28.1182],[-50.0764,-28.1223],[-50.0826,-28.1099],[-50.0741,-28.1142],[-50.067,-28.1108],[-50.059,-28.1126],[-50.0728,-28.1031],[-50.0643,-28.0967],[-50.0612,-28.0892],[-50.0548,-28.0936],[-50.049,-28.098],[-50.0404,-28.0983],[-50.037,-28.1029],[-50.034,-28.1029],[-50.0329,-28.0973],[-50.0237,-28.1025],[-50.0189,-28.092],[-50.0081,-28.0874],[-50.0019,-28.091],[-50.0038,-28.0951],[-50.0125,-28.0986]]]}},{"type":"Feature","properties":{"nome":"São José","cod":"4216602","uf":"SC"},"geometry":{"type":"Polygon","coordinates":[[[-48.6795,-27.5301],[-48.6726,-27.5396],[-48.6678,-27.538],[-48.6649,-27.5314],[-48.6564,-27.5366],[-48.6538,-27.5436],[-48.6495,-27.5415],[-48.6352,-27.5352],[-48.6307,-27.5291],[-48.5743,-27.5166],[-48.5774,-27.5308],[-48.5678,-27.545],[-48.5721,-27.5513],[-48.6002,-27.5726],[-48.6055,-27.588],[-48.6056,-27.6007],[-48.6125,-27.6141],[-48.6101,-27.6268],[-48.5939,-27.6415],[-48.6011,-27.6613],[-48.6218,-27.6574],[-48.6359,-27.6507],[-48.6435,-27.6428],[-48.6423,-27.6352],[-48.643,-27.6273],[-48.6532,-27.6219],[-48.6663,-27.6067],[-48.6707,-27.6191],[-48.6889,-27.6122],[-48.7382,-27.6143],[-48.7456,-27.615],[-48.7453,-27.5954],[-48.7353,-27.5906],[-48.7308,-27.5833],[-48.7353,-27.5815],[-48.73,-27.5747],[-48.732,-27.5669],[-48.7271,-27.5527],[-48.7226,-27.5363],[-48.7167,-27.5276],[-48.7051,-27.5252],[-48.705,-27.5252],[-48.6926,-27.5224],[-48.6909,-27.5194],[-48.6796,-27.5219],[-48.6795,-27.5301]]]}},{"type":"Feature","properties":{"nome":"São José do Cedro","cod":"4216701","uf":"SC"},"geometry":{"type":"Polygon","coordinates":[[[-53.4527,-26.4216],[-53.4244,-26.4346],[-53.4117,-26.4305],[-53.4013,-26.4315],[-53.4022,-26.4274],[-53.3925,-26.425],[-53.3599,-26.4214],[-53.3681,-26.4239],[-53.3629,-26.4308],[-53.371,-26.4298],[-53.3774,-26.4345],[-53.3679,-26.4419],[-53.3684,-26.446],[-53.3744,-26.4465],[-53.3703,-26.4515],[-53.3803,-26.4492],[-53.3821,-26.4571],[-53.391,-26.4625],[-53.3923,-26.4632],[-53.4023,-26.4661],[-53.4055,-26.4602],[-53.4089,-26.4608],[-53.4059,-26.4719],[-53.4086,-26.4763],[-53.4009,-26.4804],[-53.4084,-26.4835],[-53.4139,-26.4808],[-53.4041,-26.4903],[-53.4057,-26.493],[-53.4159,-26.4939],[-53.4065,-26.508],[-53.4097,-26.5099],[-53.4181,-26.5071],[-53.4063,-26.5189],[-53.4055,-26.5262],[-53.4177,-26.5216],[-53.4161,-26.5155],[-53.4272,-26.5119],[-53.424,-26.5194],[-53.4287,-26.532],[-53.4322,-26.5337],[-53.446,-26.5288],[-53.4473,-26.5355],[-53.4252,-26.544],[-53.4375,-26.5505],[-53.4458,-26.5452],[-53.4577,-26.548],[-53.4705,-26.5464],[-53.4939,-26.5169],[-53.515,-26.5165],[-53.5158,-26.5203],[-53.5251,-26.5228],[-53.5358,-26.5209],[-53.5629,-26.5293],[-53.5732,-26.5239],[-53.5797,-26.5254],[-53.5829,-26.5218],[-53.5789,-26.5208],[-53.5803,-26.5167],[-53.6066,-26.5165],[-53.6069,-26.5203],[-53.6171,-26.5215],[-53.619,-26.5252],[-53.6367,-26.5255],[-53.6372,-26.5159],[-53.6558,-26.5127],[-53.6702,-26.5054],[-53.6728,-26.5106],[-53.6818,-26.5046],[-53.6805,-26.5011],[-53.6859,-26.4996],[-53.6894,-26.5061],[-53.6861,-26.512],[-53.6929,-26.512],[-53.6909,-26.5161],[-53.6947,-26.5196],[-53.6968,-26.5123],[-53.7063,-26.513],[-53.7054,-26.5196],[-53.6999,-26.5238],[-53.703,-26.5297],[-53.7042,-26.5355],[-53.7103,-26.5244],[-53.7132,-26.5313],[-53.7054,-26.5443],[-53.7172,-26.5398],[-53.7168,-26.5346],[-53.7192,-26.537],[-53.7236,-26.5336],[-53.7155,-26.5259],[-53.7256,-26.5251],[-53.7289,-26.5026],[-53.7246,-26.5003],[-53.7184,-26.5067],[-53.7126,-26.5032],[-53.7029,-26.5078],[-53.7073,-26.5],[-53.7021,-26.49],[-53.6943,-26.4898],[-53.699,-26.4784],[-53.6946,-26.4748],[-53.7014,-26.4729],[-53.7061,-26.4808],[-53.7079,-26.4736],[-53.7141,-26.4705],[-53.703,-26.4627],[-53.6968,-26.4684],[-53.6956,-26.455],[-53.7012,-26.4498],[-53.703,-26.4413],[-53.6956,-26.4403],[-53.6959,-26.4452],[-53.6875,-26.4434],[-53.665,-26.4445],[-53.6367,-26.4496],[-53.6391,-26.4649],[-53.6321,-26.4698],[-53.6304,-26.4669],[-53.6245,-26.4719],[-53.5808,-26.4759],[-53.5765,-26.479],[-53.5677,-26.4696],[-53.5702,-26.4672],[-53.5675,-26.4643],[-53.5582,-26.4688],[-53.5564,-26.4503],[-53.5577,-26.4502],[-53.5562,-26.4424],[-53.5488,-26.4374],[-53.5429,-26.4257],[-53.5402,-26.4267],[-53.5253,-26.4317],[-53.5186,-26.4274],[-53.4899,-26.4294],[-53.4859,-26.4271],[-53.4869,-26.4232],[-53.4712,-26.4222],[-53.4683,-26.422],[-53.4648,-26.4043],[-53.4558,-26.4121],[-53.4527,-26.4216]]]}},{"type":"Feature","properties":{"nome":"São José do Cerrito","cod":"4216800","uf":"SC"},"geometry":{"type":"Polygon","coordinates":[[[-50.7529,-27.4307],[-50.7493,-27.4494],[-50.7365,-27.4373],[-50.7262,-27.4491],[-50.7148,-27.4496],[-50.7122,-27.4446],[-50.7197,-27.4363],[-50.7181,-27.425],[-50.7068,-27.4331],[-50.702,-27.4421],[-50.7009,-27.4286],[-50.6908,-27.4255],[-50.6876,-27.4338],[-50.6895,-27.4424],[-50.6801,-27.4361],[-50.6753,-27.4383],[-50.6755,-27.4465],[-50.67,-27.4543],[-50.6776,-27.4641],[-50.6717,-27.4686],[-50.6563,-27.4615],[-50.6502,-27.4519],[-50.6458,-27.4554],[-50.6461,-27.4628],[-50.6376,-27.4684],[-50.6343,-27.4648],[-50.639,-27.4585],[-50.6343,-27.4533],[-50.6151,-27.4606],[-50.603,-27.4689],[-50.5948,-27.4592],[-50.5847,-27.468],[-50.5746,-27.4644],[-50.564,-27.4665],[-50.5652,-27.4758],[-50.5758,-27.4848],[-50.5731,-27.4908],[-50.5759,-27.5039],[-50.5693,-27.5039],[-50.5609,-27.5033],[-50.5624,-27.5112],[-50.5489,-27.5278],[-50.5455,-27.5442],[-50.5377,-27.5538],[-50.5369,-27.5602],[-50.5304,-27.5603],[-50.5254,-27.5678],[-50.5248,-27.5827],[-50.5403,-27.5973],[-50.5366,-27.606],[-50.5172,-27.5955],[-50.5113,-27.5959],[-50.5128,-27.6052],[-50.507,-27.611],[-50.5059,-27.6203],[-50.523,-27.6322],[-50.5179,-27.6339],[-50.5066,-27.6284],[-50.5024,-27.6305],[-50.4953,-27.6277],[-50.4859,-27.6353],[-50.491,-27.6459],[-50.4838,-27.6533],[-50.471,-27.6581],[-50.468,-27.6644],[-50.4584,-27.667],[-50.4532,-27.6726],[-50.4372,-27.6727],[-50.4306,-27.6761],[-50.4272,-27.6847],[-50.4372,-27.6945],[-50.4271,-27.7054],[-50.4293,-27.7129],[-50.4189,-27.7114],[-50.4112,-27.7064],[-50.3915,-27.7286],[-50.393,-27.7474],[-50.3991,-27.7502],[-50.4056,-27.7468],[-50.408,-27.7533],[-50.419,-27.7616],[-50.4238,-27.7615],[-50.4349,-27.7735],[-50.4408,-27.7699],[-50.4433,-27.7752],[-50.4525,-27.7704],[-50.471,-27.774],[-50.4712,-27.767],[-50.4813,-27.7715],[-50.4958,-27.7688],[-50.4951,-27.7745],[-50.4982,-27.7769],[-50.5042,-27.783],[-50.5184,-27.7867],[-50.52,-27.7802],[-50.5295,-27.776],[-50.5228,-27.7665],[-50.5447,-27.7634],[-50.5403,-27.757],[-50.5423,-27.7511],[-50.5517,-27.7548],[-50.5564,-27.7521],[-50.5424,-27.7341],[-50.5515,-27.7338],[-50.5541,-27.7236],[-50.5591,-27.7234],[-50.5683,-27.7318],[-50.5727,-27.7242],[-50.5768,-27.7244],[-50.5803,-27.7307],[-50.5825,-27.7278],[-50.5744,-27.7148],[-50.5823,-27.7075],[-50.5868,-27.7139],[-50.5949,-27.7079],[-50.6048,-27.7283],[-50.6248,-27.7183],[-50.6275,-27.7093],[-50.6306,-27.7068],[-50.6362,-27.7142],[-50.6409,-27.7139],[-50.6505,-27.717],[-50.6527,-27.7263],[-50.665,-27.7093],[-50.6688,-27.7085],[-50.6771,-27.7152],[-50.6873,-27.7007],[-50.7052,-27.6895],[-50.7064,-27.6851],[-50.6972,-27.6703],[-50.701,-27.6684],[-50.7086,-27.669],[-50.7158,-27.6763],[-50.7231,-27.6731],[-50.7235,-27.6728],[-50.7268,-27.6647],[-50.7207,-27.6472],[-50.7247,-27.6457],[-50.7288,-27.6489],[-50.7351,-27.6464],[-50.742,-27.6307],[-50.7455,-27.6351],[-50.7434,-27.6475],[-50.7554,-27.6443],[-50.7579,-27.6198],[-50.7755,-27.6334],[-50.7809,-27.6342],[-50.7918,-27.6256],[-50.787,-27.6153],[-50.8012,-27.6132],[-50.8011,-27.5986],[-50.8117,-27.6062],[-50.8155,-27.6177],[-50.8389,-27.6039],[-50.8529,-27.6031],[-50.844,-27.5985],[-50.8435,-27.5934],[-50.872,-27.5967],[-50.8748,-27.6011],[-50.8821,-27.6093],[-50.886,-27.6082],[-50.8879,-27.5964],[-50.8808,-27.5869],[-50.8853,-27.5853],[-50.8914,-27.5903],[-50.8973,-27.5873],[-50.8993,-27.5741],[-50.9144,-27.5734],[-50.9268,-27.581],[-50.9336,-27.5795],[-50.9345,-27.5703],[-50.9411,-27.5637],[-50.96,-27.5584],[-50.9614,-27.5545],[-50.948,-27.5511],[-50.9269,-27.5593],[-50.9163,-27.56],[-50.9125,-27.5558],[-50.9143,-27.5367],[-50.9071,-27.533],[-50.9025,-27.538],[-50.9039,-27.5524],[-50.8982,-27.5611],[-50.8877,-27.5469],[-50.8861,-27.5353],[-50.8716,-27.5428],[-50.8637,-27.5417],[-50.862,-27.5377],[-50.8621,-27.5376],[-50.8656,-27.5303],[-50.8534,-27.519],[-50.8503,-27.5095],[-50.8334,-27.5155],[-50.8259,-27.5028],[-50.8091,-27.497],[-50.802,-27.4934],[-50.8048,-27.483],[-50.8272,-27.4791],[-50.8342,-27.4742],[-50.8328,-27.4636],[-50.8232,-27.451],[-50.8189,-27.4529],[-50.8101,-27.4693],[-50.8048,-27.4552],[-50.7843,-27.4576],[-50.7808,-27.4486],[-50.7955,-27.4346],[-50.7887,-27.4282],[-50.7822,-27.4298],[-50.7756,-27.4416],[-50.768,-27.4408],[-50.7647,-27.4356],[-50.7615,-27.4273],[-50.7542,-27.4216],[-50.7472,-27.4206],[-50.7424,-27.4258],[-50.7529,-27.4307]]]}},{"type":"Feature","properties":{"nome":"São Lourenço do Oeste","cod":"4216909","uf":"SC"},"geometry":{"type":"Polygon","coordinates":[[[-52.8448,-26.3451],[-52.842,-26.3478],[-52.8361,-26.3457],[-52.8351,-26.3452],[-52.8139,-26.344],[-52.7969,-26.3479],[-52.7905,-26.352],[-52.7749,-26.3474],[-52.763,-26.3532],[-52.7587,-26.3617],[-52.7758,-26.3801],[-52.76,-26.3978],[-52.7626,-26.4072],[-52.77,-26.4082],[-52.765,-26.4149],[-52.7612,-26.411],[-52.7575,-26.4133],[-52.7626,-26.4185],[-52.7598,-26.4228],[-52.7668,-26.4288],[-52.7629,-26.4325],[-52.7581,-26.4298],[-52.7586,-26.4356],[-52.7512,-26.4349],[-52.7482,-26.4426],[-52.7616,-26.4432],[-52.7601,-26.4507],[-52.7682,-26.4532],[-52.7614,-26.4572],[-52.7555,-26.4536],[-52.7594,-26.4608],[-52.7669,-26.4651],[-52.7772,-26.4524],[-52.7862,-26.4488],[-52.7982,-26.437],[-52.8072,-26.4341],[-52.8358,-26.4104],[-52.8498,-26.404],[-52.8528,-26.411],[-52.8558,-26.4128],[-52.8619,-26.4105],[-52.8708,-26.419],[-52.8704,-26.4289],[-52.8617,-26.4344],[-52.869,-26.4423],[-52.8738,-26.4562],[-52.8722,-26.4637],[-52.8789,-26.4772],[-52.8768,-26.4876],[-52.8831,-26.4888],[-52.8819,-26.4917],[-52.8694,-26.5084],[-52.8679,-26.5242],[-52.8512,-26.5172],[-52.8502,-26.5125],[-52.8438,-26.5117],[-52.8424,-26.4996],[-52.8168,-26.4953],[-52.8164,-26.4953],[-52.8,-26.4925],[-52.8004,-26.4968],[-52.7806,-26.5023],[-52.7763,-26.5126],[-52.7935,-26.5206],[-52.7923,-26.5326],[-52.7833,-26.5454],[-52.7691,-26.5472],[-52.7666,-26.5515],[-52.773,-26.5611],[-52.7644,-26.5817],[-52.7548,-26.5874],[-52.7901,-26.5898],[-52.8029,-26.5906],[-52.8392,-26.5929],[-52.8547,-26.5939],[-52.8778,-26.5955],[-52.8822,-26.5869],[-52.8908,-26.5891],[-52.9007,-26.5814],[-52.9257,-26.581],[-52.9273,-26.5725],[-52.9456,-26.568],[-52.9446,-26.5655],[-52.9217,-26.5607],[-52.922,-26.5577],[-52.9263,-26.5594],[-52.9272,-26.5531],[-52.9314,-26.5495],[-52.9309,-26.5441],[-52.9248,-26.5406],[-52.929,-26.5361],[-52.9353,-26.5359],[-52.9458,-26.5251],[-52.943,-26.5237],[-52.9395,-26.5266],[-52.9397,-26.5227],[-52.9338,-26.5244],[-52.9298,-26.5116],[-52.9273,-26.5174],[-52.9225,-26.5186],[-52.9255,-26.5091],[-52.9346,-26.4868],[-52.9314,-26.45],[-52.9374,-26.4485],[-52.9369,-26.4423],[-52.9595,-26.4437],[-52.9605,-26.4399],[-52.9666,-26.4419],[-52.9657,-26.4389],[-52.9683,-26.4307],[-52.9703,-26.4258],[-52.9641,-26.4228],[-52.9625,-26.4166],[-52.9634,-26.4069],[-52.9551,-26.395],[-52.9515,-26.3787],[-52.941,-26.3706],[-52.9371,-26.3617],[-52.9253,-26.3602],[-52.9163,-26.3551],[-52.9078,-26.3589],[-52.8775,-26.36],[-52.8719,-26.3591],[-52.8475,-26.3435],[-52.8448,-26.3451]]]}},{"type":"Feature","properties":{"nome":"São Ludgero","cod":"4217006","uf":"SC"},"geometry":{"type":"Polygon","coordinates":[[[-49.1839,-28.302],[-49.1747,-28.3026],[-49.1695,-28.2981],[-49.1644,-28.3017],[-49.158,-28.2991],[-49.1499,-28.3066],[-49.1562,-28.3178],[-49.152,-28.3165],[-49.15,-28.3161],[-49.1472,-28.3138],[-49.1391,-28.319],[-49.1314,-28.3175],[-49.1246,-28.3186],[-49.1246,-28.3307],[-49.1135,-28.3379],[-49.1118,-28.3496],[-49.1151,-28.3548],[-49.1054,-28.3583],[-49.1045,-28.3593],[-49.1014,-28.3622],[-49.1383,-28.409],[-49.1381,-28.4142],[-49.1462,-28.4122],[-49.1559,-28.4013],[-49.1604,-28.4017],[-49.1616,-28.4055],[-49.1816,-28.414],[-49.1907,-28.4074],[-49.1901,-28.3894],[-49.1975,-28.3795],[-49.1998,-28.3857],[-49.2152,-28.3881],[-49.2241,-28.3785],[-49.2222,-28.3736],[-49.2269,-28.3678],[-49.2153,-28.3616],[-49.2151,-28.3504],[-49.2203,-28.3427],[-49.2179,-28.3394],[-49.2131,-28.3337],[-49.2141,-28.3145],[-49.216,-28.3015],[-49.2251,-28.2984],[-49.2174,-28.2896],[-49.2019,-28.2871],[-49.1839,-28.302]]]}},{"type":"Feature","properties":{"nome":"São Martinho","cod":"4217105","uf":"SC"},"geometry":{"type":"Polygon","coordinates":[[[-49.039,-28.0234],[-49.0344,-28.0349],[-49.0229,-28.042],[-49.0223,-28.0486],[-49.0122,-28.0543],[-49.005,-28.0543],[-48.9973,-28.0659],[-48.9916,-28.0667],[-48.984,-28.0758],[-48.9804,-28.0743],[-48.9752,-28.0787],[-48.9751,-28.0788],[-48.9677,-28.084],[-48.9725,-28.0855],[-48.9693,-28.0983],[-48.9726,-28.1016],[-48.9698,-28.1079],[-48.9505,-28.1074],[-48.9518,-28.097],[-48.9474,-28.0969],[-48.9429,-28.0893],[-48.938,-28.0901],[-48.9424,-28.0827],[-48.9322,-28.0721],[-48.917,-28.0664],[-48.9015,-28.0607],[-48.8941,-28.0797],[-48.8891,-28.082],[-48.8744,-28.0723],[-48.8727,-28.0773],[-48.8685,-28.0768],[-48.8694,-28.0802],[-48.8725,-28.083],[-48.8706,-28.0906],[-48.8699,-28.0946],[-48.8758,-28.1119],[-48.8768,-28.117],[-48.886,-28.1515],[-48.9012,-28.1543],[-48.9035,-28.1534],[-48.9034,-28.1497],[-48.9094,-28.1488],[-48.9156,-28.1415],[-48.9237,-28.1459],[-48.9261,-28.1411],[-48.9391,-28.1747],[-48.934,-28.1824],[-48.9104,-28.2207],[-48.9102,-28.2342],[-48.9213,-28.2354],[-48.9459,-28.2397],[-48.9651,-28.2376],[-48.9702,-28.2297],[-48.9651,-28.2304],[-48.9628,-28.2217],[-48.9741,-28.2167],[-48.9769,-28.2089],[-48.9706,-28.204],[-48.9795,-28.1992],[-48.9749,-28.1953],[-48.9754,-28.1906],[-48.9712,-28.1892],[-48.974,-28.1814],[-48.9781,-28.1868],[-48.9817,-28.1808],[-48.9867,-28.1814],[-48.9929,-28.171],[-48.9982,-28.173],[-48.9977,-28.1631],[-49.006,-28.1669],[-49.0083,-28.1636],[-49.0127,-28.1642],[-49.0101,-28.1564],[-49.014,-28.1507],[-49.0193,-28.1483],[-49.0306,-28.1508],[-49.0363,-28.1477],[-49.0406,-28.1502],[-49.0526,-28.1424],[-49.0586,-28.127],[-49.0587,-28.1269],[-49.0655,-28.1099],[-49.0623,-28.105],[-49.0658,-28.0674],[-49.0629,-28.0601],[-49.0575,-28.0579],[-49.0552,-28.0517],[-49.0642,-28.0404],[-49.0597,-28.0337],[-49.0532,-28.0345],[-49.0531,-28.0307],[-49.0473,-28.0285],[-49.0469,-28.0208],[-49.0434,-28.0192],[-49.0498,-28.0057],[-49.0477,-27.9979],[-49.0512,-27.9904],[-49.0446,-27.9939],[-49.0448,-28.0025],[-49.0356,-28.0103],[-49.039,-28.0234]]]}},{"type":"Feature","properties":{"nome":"São Miguel da Boa Vista","cod":"4217154","uf":"SC"},"geometry":{"type":"Polygon","coordinates":[[[-53.2261,-26.6385],[-53.2198,-26.6421],[-53.2047,-26.6416],[-53.1949,-26.6593],[-53.1905,-26.657],[-53.1862,-26.6689],[-53.1871,-26.6741],[-53.1886,-26.679],[-53.1951,-26.7013],[-53.195,-26.7099],[-53.208,-26.7247],[-53.2209,-26.7254],[-53.2302,-26.7176],[-53.2449,-26.7177],[-53.2586,-26.7145],[-53.2717,-26.7177],[-53.2709,-26.7232],[-53.2838,-26.7292],[-53.2854,-26.7337],[-53.2955,-26.7255],[-53.3028,-26.7297],[-53.3043,-26.7194],[-53.3053,-26.7138],[-53.3121,-26.7084],[-53.3089,-26.6961],[-53.3035,-26.6974],[-53.3022,-26.7044],[-53.2923,-26.7071],[-53.2831,-26.7041],[-53.2933,-26.6968],[-53.283,-26.6941],[-53.2912,-26.6909],[-53.2852,-26.6802],[-53.2817,-26.6777],[-53.2767,-26.6846],[-53.2751,-26.6768],[-53.2559,-26.6783],[-53.2569,-26.6744],[-53.258,-26.6722],[-53.2599,-26.6641],[-53.2535,-26.6674],[-53.2449,-26.6607],[-53.2564,-26.6552],[-53.2504,-26.6496],[-53.2518,-26.6447],[-53.2313,-26.6547],[-53.2299,-26.6502],[-53.2365,-26.6464],[-53.2366,-26.6417],[-53.2271,-26.6465],[-53.2261,-26.6385]]]}},{"type":"Feature","properties":{"nome":"São Miguel do Oeste","cod":"4217204","uf":"SC"},"geometry":{"type":"Polygon","coordinates":[[[-53.5357,-26.6463],[-53.5163,-26.6541],[-53.4992,-26.6539],[-53.495,-26.6614],[-53.4842,-26.6706],[-53.4439,-26.705],[-53.4419,-26.7103],[-53.4369,-26.7101],[-53.4284,-26.7108],[-53.4226,-26.7266],[-53.4153,-26.7342],[-53.3935,-26.7431],[-53.3908,-26.7489],[-53.3778,-26.752],[-53.3712,-26.758],[-53.366,-26.7534],[-53.3623,-26.7585],[-53.3637,-26.7643],[-53.3709,-26.7665],[-53.3871,-26.7643],[-53.3887,-26.7701],[-53.4297,-26.7719],[-53.5048,-26.7752],[-53.5055,-26.7759],[-53.5039,-26.7809],[-53.5035,-26.7842],[-53.508,-26.7921],[-53.5062,-26.7997],[-53.5113,-26.801],[-53.5516,-26.8015],[-53.5869,-26.8019],[-53.5835,-26.8001],[-53.5855,-26.7948],[-53.5746,-26.7945],[-53.5738,-26.7912],[-53.5777,-26.7917],[-53.5815,-26.787],[-53.578,-26.7868],[-53.5753,-26.7806],[-53.5847,-26.7722],[-53.5903,-26.744],[-53.5952,-26.6871],[-53.5988,-26.6795],[-53.5914,-26.6758],[-53.5878,-26.6691],[-53.5973,-26.6579],[-53.5955,-26.6539],[-53.5901,-26.6553],[-53.5882,-26.651],[-53.5834,-26.6521],[-53.5842,-26.6495],[-53.5784,-26.6517],[-53.5686,-26.6554],[-53.5612,-26.6452],[-53.552,-26.6446],[-53.5357,-26.6463]]]}},{"type":"Feature","properties":{"nome":"São Pedro de Alcântara","cod":"4217253","uf":"SC"},"geometry":{"type":"Polygon","coordinates":[[[-48.7967,-27.5458],[-48.7887,-27.5494],[-48.7766,-27.5454],[-48.7691,-27.5572],[-48.7634,-27.5552],[-48.7271,-27.5527],[-48.732,-27.5669],[-48.73,-27.5747],[-48.7353,-27.5815],[-48.7308,-27.5833],[-48.7353,-27.5906],[-48.7453,-27.5954],[-48.7456,-27.615],[-48.8095,-27.6211],[-48.8454,-27.6245],[-48.8511,-27.625],[-48.9511,-27.6265],[-48.9504,-27.6194],[-48.9575,-27.6186],[-48.9582,-27.6118],[-48.9456,-27.5983],[-48.9376,-27.5957],[-48.9342,-27.5919],[-48.9356,-27.5851],[-48.9302,-27.5836],[-48.9225,-27.5731],[-48.9264,-27.5694],[-48.9198,-27.5566],[-48.9094,-27.5661],[-48.8946,-27.5676],[-48.8822,-27.5627],[-48.8637,-27.5701],[-48.8555,-27.5695],[-48.8535,-27.5753],[-48.8366,-27.5627],[-48.8261,-27.5644],[-48.8184,-27.55],[-48.8021,-27.5497],[-48.7991,-27.5513],[-48.7967,-27.5458]]]}},{"type":"Feature","properties":{"nome":"Saudades","cod":"4217303","uf":"SC"},"geometry":{"type":"Polygon","coordinates":[[[-53.0423,-26.8128],[-53.0377,-26.821],[-53.0327,-26.819],[-53.0321,-26.826],[-53.0355,-26.828],[-53.046,-26.8287],[-53.0482,-26.8328],[-53.0422,-26.8389],[-53.0524,-26.8378],[-53.0516,-26.8447],[-53.0455,-26.849],[-53.0447,-26.8541],[-53.0376,-26.8551],[-53.0439,-26.8611],[-53.0361,-26.8668],[-53.0379,-26.8713],[-53.0345,-26.8748],[-53.027,-26.8747],[-53.012,-26.8725],[-53.0064,-26.8753],[-53.0067,-26.8863],[-52.993,-26.8859],[-52.9923,-26.8838],[-52.978,-26.884],[-52.9794,-26.8863],[-52.9653,-26.8844],[-52.9475,-26.8811],[-52.9405,-26.8899],[-52.9421,-26.915],[-52.9363,-26.9187],[-52.9273,-26.9254],[-52.9289,-26.9311],[-52.9338,-26.9331],[-52.9296,-26.948],[-52.9338,-26.947],[-52.9482,-26.948],[-52.9495,-26.9488],[-52.954,-26.9514],[-52.9652,-26.9613],[-52.9723,-26.9606],[-52.974,-26.9547],[-52.9819,-26.9544],[-52.9929,-26.9671],[-53.0199,-26.9668],[-53.0468,-26.9681],[-53.047,-26.9639],[-53.0535,-26.9639],[-53.0487,-26.9543],[-53.0625,-26.9542],[-53.0878,-26.9467],[-53.0864,-26.9427],[-53.1032,-26.9382],[-53.1029,-26.9341],[-53.098,-26.9261],[-53.1109,-26.9233],[-53.1108,-26.9022],[-53.1029,-26.8896],[-53.1172,-26.8872],[-53.1215,-26.872],[-53.1156,-26.8673],[-53.1246,-26.861],[-53.125,-26.8572],[-53.115,-26.8499],[-53.1249,-26.8468],[-53.1307,-26.8285],[-53.1315,-26.8245],[-53.1237,-26.8261],[-53.1157,-26.8155],[-53.1042,-26.8171],[-53.0967,-26.8059],[-53.044,-26.809],[-53.0423,-26.8128]]]}},{"type":"Feature","properties":{"nome":"Schroeder","cod":"4217402","uf":"SC"},"geometry":{"type":"Polygon","coordinates":[[[-49.0335,-26.2756],[-49.0497,-26.2844],[-49.0536,-26.2922],[-49.051,-26.2951],[-49.06,-26.3021],[-49.0658,-26.3148],[-49.0604,-26.3162],[-49.0466,-26.306],[-49.0423,-26.3079],[-49.0441,-26.3116],[-49.0392,-26.3078],[-49.0339,-26.3132],[-49.0272,-26.3062],[-49.0183,-26.3099],[-49.0082,-26.3069],[-48.9967,-26.3137],[-49.0108,-26.3258],[-49.0181,-26.3382],[-49.0168,-26.3439],[-49.0203,-26.3504],[-49.0154,-26.3599],[-49.0034,-26.3676],[-49.0042,-26.3714],[-49.0032,-26.3878],[-49.0027,-26.398],[-49.0069,-26.3993],[-49.0194,-26.417],[-49.0086,-26.4381],[-48.9836,-26.4376],[-48.9788,-26.4431],[-48.9856,-26.4507],[-48.9837,-26.4563],[-49.0002,-26.4527],[-49.0235,-26.4548],[-49.0254,-26.4553],[-49.0285,-26.4565],[-49.0428,-26.4538],[-49.0438,-26.4475],[-49.0523,-26.4454],[-49.0732,-26.4315],[-49.0779,-26.4255],[-49.075,-26.4204],[-49.085,-26.4146],[-49.086,-26.4098],[-49.0893,-26.4123],[-49.094,-26.4053],[-49.0958,-26.4007],[-49.1003,-26.403],[-49.111,-26.3963],[-49.1125,-26.3918],[-49.1075,-26.3878],[-49.1155,-26.3827],[-49.1133,-26.3806],[-49.1089,-26.371],[-49.1108,-26.3703],[-49.1078,-26.3634],[-49.1051,-26.3607],[-49.1087,-26.3541],[-49.1078,-26.3416],[-49.0866,-26.3199],[-49.0882,-26.3163],[-49.083,-26.3099],[-49.0865,-26.3023],[-49.0817,-26.2947],[-49.0745,-26.2926],[-49.069,-26.2971],[-49.0623,-26.296],[-49.0572,-26.2789],[-49.0449,-26.2791],[-49.048,-26.2734],[-49.0408,-26.2681],[-49.0395,-26.2624],[-49.0344,-26.2609],[-49.031,-26.2692],[-49.0335,-26.2756]]]}},{"type":"Feature","properties":{"nome":"Seara","cod":"4217501","uf":"SC"},"geometry":{"type":"Polygon","coordinates":[[[-52.226,-27.0556],[-52.2272,-27.0685],[-52.2429,-27.0884],[-52.2476,-27.1081],[-52.2475,-27.1241],[-52.2511,-27.1301],[-52.2472,-27.1335],[-52.2437,-27.1381],[-52.2485,-27.1404],[-52.2389,-27.144],[-52.2377,-27.1514],[-52.2322,-27.1556],[-52.2347,-27.163],[-52.2309,-27.1698],[-52.2357,-27.1721],[-52.232,-27.1814],[-52.2346,-27.1834],[-52.2317,-27.1901],[-52.2463,-27.1877],[-52.2463,-27.2025],[-52.2523,-27.2009],[-52.2547,-27.2046],[-52.2479,-27.212],[-52.2599,-27.2197],[-52.2608,-27.2304],[-52.2664,-27.2268],[-52.2714,-27.2304],[-52.2731,-27.2322],[-52.2783,-27.2231],[-52.3131,-27.2327],[-52.3135,-27.2395],[-52.3212,-27.2396],[-52.3269,-27.2372],[-52.3402,-27.2383],[-52.3436,-27.2352],[-52.3412,-27.2304],[-52.3465,-27.2264],[-52.3566,-27.2264],[-52.3554,-27.2199],[-52.3547,-27.2081],[-52.3698,-27.193],[-52.3744,-27.1978],[-52.3751,-27.1929],[-52.382,-27.1888],[-52.3866,-27.1922],[-52.391,-27.1845],[-52.4,-27.1894],[-52.4109,-27.1817],[-52.4217,-27.1928],[-52.4313,-27.1807],[-52.4382,-27.1833],[-52.4322,-27.1902],[-52.4327,-27.1989],[-52.4471,-27.1888],[-52.459,-27.1731],[-52.491,-27.1668],[-52.4964,-27.1667],[-52.5066,-27.1591],[-52.5073,-27.1554],[-52.5179,-27.1486],[-52.5099,-27.1457],[-52.5092,-27.1426],[-52.5085,-27.1398],[-52.5006,-27.1438],[-52.4878,-27.1397],[-52.4884,-27.1343],[-52.5006,-27.1282],[-52.5034,-27.1214],[-52.5058,-27.1174],[-52.4995,-27.1117],[-52.4881,-27.1142],[-52.4678,-27.131],[-52.4433,-27.125],[-52.4316,-27.1144],[-52.4039,-27.1192],[-52.4036,-27.1193],[-52.403,-27.1191],[-52.3971,-27.1124],[-52.4047,-27.1103],[-52.3999,-27.1077],[-52.403,-27.1041],[-52.3924,-27.0966],[-52.3897,-27.0903],[-52.3794,-27.0886],[-52.3791,-27.0855],[-52.3297,-27.0887],[-52.3287,-27.0901],[-52.3078,-27.0916],[-52.3081,-27.087],[-52.2951,-27.0868],[-52.2953,-27.0776],[-52.2703,-27.0777],[-52.2581,-27.0755],[-52.2582,-27.0687],[-52.2513,-27.0688],[-52.2485,-27.0383],[-52.2311,-27.0267],[-52.2227,-27.0254],[-52.22,-27.0283],[-52.2157,-27.0462],[-52.2184,-27.0508],[-52.226,-27.0556]]]}},{"type":"Feature","properties":{"nome":"Serra Alta","cod":"4217550","uf":"SC"},"geometry":{"type":"Polygon","coordinates":[[[-52.9854,-26.6573],[-52.9856,-26.6614],[-52.9883,-26.66],[-52.9941,-26.6652],[-52.9858,-26.6696],[-52.9864,-26.6728],[-52.9856,-26.6748],[-52.9903,-26.6731],[-52.994,-26.6775],[-52.9877,-26.6785],[-52.991,-26.6833],[-52.9841,-26.6872],[-52.9824,-26.6918],[-52.9858,-26.696],[-52.9794,-26.699],[-52.9819,-26.7021],[-52.9926,-26.7019],[-52.9867,-26.7097],[-52.9836,-26.7197],[-52.989,-26.7233],[-52.9795,-26.7306],[-52.9809,-26.7392],[-52.9726,-26.7334],[-52.9693,-26.7362],[-52.9734,-26.7437],[-52.9938,-26.7389],[-53.0031,-26.7399],[-53.0062,-26.7483],[-53.0226,-26.7535],[-53.0211,-26.7516],[-53.0216,-26.7458],[-53.0268,-26.7429],[-53.0409,-26.7444],[-53.0494,-26.7453],[-53.0469,-26.7383],[-53.0493,-26.7325],[-53.0694,-26.7368],[-53.0696,-26.7308],[-53.0637,-26.7305],[-53.0656,-26.7285],[-53.0608,-26.7247],[-53.065,-26.7238],[-53.0579,-26.7137],[-53.0601,-26.6963],[-53.0713,-26.6855],[-53.0727,-26.6799],[-53.0673,-26.6765],[-53.0681,-26.6733],[-53.0759,-26.6685],[-53.0621,-26.6435],[-53.044,-26.641],[-52.9983,-26.6348],[-52.9947,-26.637],[-52.9998,-26.639],[-52.9983,-26.6448],[-52.9937,-26.6467],[-52.9952,-26.654],[-52.9854,-26.6573]]]}},{"type":"Feature","properties":{"nome":"Siderópolis","cod":"4217600","uf":"SC"},"geometry":{"type":"Polygon","coordinates":[[[-49.5684,-28.5037],[-49.5692,-28.5116],[-49.5601,-28.5141],[-49.5558,-28.5158],[-49.5492,-28.5231],[-49.5488,-28.5299],[-49.5337,-28.5352],[-49.5275,-28.5508],[-49.4882,-28.5521],[-49.4898,-28.5603],[-49.4817,-28.57],[-49.4845,-28.5805],[-49.4813,-28.5827],[-49.4734,-28.5745],[-49.4742,-28.571],[-49.4663,-28.5695],[-49.4684,-28.5645],[-49.465,-28.5577],[-49.4569,-28.5637],[-49.4471,-28.564],[-49.4371,-28.5487],[-49.4221,-28.5368],[-49.4223,-28.5408],[-49.4098,-28.5406],[-49.4081,-28.5253],[-49.4017,-28.5243],[-49.401,-28.5462],[-49.3902,-28.5561],[-49.3887,-28.5672],[-49.3859,-28.5788],[-49.4024,-28.596],[-49.3957,-28.6031],[-49.3929,-28.6097],[-49.3757,-28.621],[-49.3696,-28.6346],[-49.3988,-28.6362],[-49.4031,-28.637],[-49.4113,-28.6364],[-49.4514,-28.634],[-49.4525,-28.6339],[-49.4912,-28.6315],[-49.4958,-28.6312],[-49.5011,-28.6309],[-49.5104,-28.6304],[-49.5509,-28.6283],[-49.6469,-28.623],[-49.6493,-28.6229],[-49.6671,-28.6219],[-49.6845,-28.6209],[-49.6672,-28.6117],[-49.6706,-28.6062],[-49.6671,-28.6024],[-49.6539,-28.6023],[-49.647,-28.5982],[-49.6518,-28.5934],[-49.6435,-28.5836],[-49.6472,-28.5818],[-49.649,-28.5676],[-49.6562,-28.5659],[-49.6469,-28.5432],[-49.6168,-28.531],[-49.6053,-28.5202],[-49.5976,-28.5219],[-49.5953,-28.516],[-49.6002,-28.5141],[-49.5929,-28.5029],[-49.5892,-28.5057],[-49.5905,-28.5007],[-49.5684,-28.5037]]]}},{"type":"Feature","properties":{"nome":"Sombrio","cod":"4217709","uf":"SC"},"geometry":{"type":"Polygon","coordinates":[[[-49.6062,-29.1101],[-49.6218,-29.1247],[-49.6306,-29.1335],[-49.647,-29.1372],[-49.6545,-29.1434],[-49.6639,-29.137],[-49.672,-29.1247],[-49.6741,-29.1239],[-49.6819,-29.1212],[-49.6899,-29.1129],[-49.6955,-29.1136],[-49.7001,-29.0974],[-49.7005,-29.0955],[-49.7035,-29.0806],[-49.7165,-29.0725],[-49.7377,-29.072],[-49.7407,-29.0655],[-49.745,-29.0561],[-49.7304,-29.0444],[-49.741,-29.0388],[-49.7303,-29.0343],[-49.7025,-29.0221],[-49.6983,-29.0203],[-49.6925,-29.02],[-49.6882,-29.0198],[-49.6229,-29.0167],[-49.6042,-29.0303],[-49.6041,-29.0304],[-49.5661,-29.0581],[-49.5802,-29.0719],[-49.5947,-29.0779],[-49.5968,-29.0846],[-49.6062,-29.1101]]]}},{"type":"Feature","properties":{"nome":"Sul Brasil","cod":"4217758","uf":"SC"},"geometry":{"type":"Polygon","coordinates":[[[-52.9441,-26.6197],[-52.9406,-26.6251],[-52.9349,-26.6207],[-52.9344,-26.6466],[-52.9333,-26.6502],[-52.9233,-26.6506],[-52.9286,-26.6592],[-52.9227,-26.6637],[-52.9171,-26.6554],[-52.9082,-26.6567],[-52.9082,-26.6656],[-52.9174,-26.665],[-52.9197,-26.6723],[-52.917,-26.6808],[-52.908,-26.6787],[-52.894,-26.6811],[-52.9007,-26.6851],[-52.9007,-26.6912],[-52.9069,-26.694],[-52.8966,-26.6968],[-52.8861,-26.7048],[-52.8959,-26.703],[-52.9033,-26.7069],[-52.897,-26.712],[-52.8867,-26.7142],[-52.9016,-26.7193],[-52.9131,-26.7164],[-52.9107,-26.73],[-52.9038,-26.7278],[-52.8974,-26.74],[-52.909,-26.7414],[-52.9152,-26.747],[-52.9103,-26.7493],[-52.907,-26.7552],[-52.9092,-26.7581],[-52.9226,-26.7599],[-52.9124,-26.7707],[-52.9251,-26.7733],[-52.9173,-26.779],[-52.9176,-26.7824],[-52.9319,-26.7766],[-52.9295,-26.7711],[-52.9353,-26.7728],[-52.939,-26.7671],[-52.9427,-26.769],[-52.9543,-26.7613],[-52.9508,-26.7581],[-52.9545,-26.7517],[-52.9607,-26.7536],[-52.9686,-26.7507],[-52.9644,-26.7478],[-52.9659,-26.7455],[-52.9734,-26.7437],[-52.9693,-26.7362],[-52.9726,-26.7334],[-52.9809,-26.7392],[-52.9795,-26.7306],[-52.989,-26.7233],[-52.9836,-26.7197],[-52.9867,-26.7097],[-52.9926,-26.7019],[-52.9819,-26.7021],[-52.9794,-26.699],[-52.9858,-26.696],[-52.9824,-26.6918],[-52.9841,-26.6872],[-52.991,-26.6833],[-52.9877,-26.6785],[-52.994,-26.6775],[-52.9903,-26.6731],[-52.9856,-26.6748],[-52.9864,-26.6728],[-52.9858,-26.6696],[-52.9941,-26.6652],[-52.9883,-26.66],[-52.9856,-26.6614],[-52.9854,-26.6573],[-52.9952,-26.654],[-52.9937,-26.6467],[-52.9983,-26.6448],[-52.9998,-26.639],[-52.9947,-26.637],[-52.9983,-26.6348],[-52.9978,-26.6347],[-52.9406,-26.6134],[-52.9441,-26.6197]]]}},{"type":"Feature","properties":{"nome":"Taió","cod":"4217808","uf":"SC"},"geometry":{"type":"Polygon","coordinates":[[[-50.2905,-26.9682],[-50.2342,-26.9863],[-50.1677,-26.9838],[-50.1675,-26.9839],[-50.1573,-26.9864],[-50.1151,-26.9861],[-50.1055,-26.9967],[-50.1154,-27.004],[-50.1083,-27.008],[-50.1194,-27.0156],[-50.1072,-27.018],[-50.0977,-27.0257],[-50.0946,-27.0202],[-50.0882,-27.0261],[-50.0698,-27.0316],[-50.0634,-27.0341],[-50.0555,-27.0289],[-50.0528,-27.0312],[-50.0468,-27.0412],[-50.0477,-27.0469],[-50.0349,-27.0467],[-49.9914,-27.0463],[-49.976,-27.0462],[-49.9765,-27.0111],[-49.96,-27.0114],[-49.9596,-27.0022],[-49.9481,-27.0023],[-49.946,-26.9963],[-49.9149,-27.0],[-49.8966,-26.999],[-49.8957,-26.9965],[-49.8713,-27.0013],[-49.8756,-27.0215],[-49.898,-27.1022],[-49.8951,-27.1062],[-49.895,-27.1066],[-49.8877,-27.1432],[-49.8911,-27.1483],[-49.8962,-27.1467],[-49.9015,-27.15],[-49.9006,-27.1362],[-49.9083,-27.14],[-49.9105,-27.1456],[-49.9078,-27.1502],[-49.9144,-27.1442],[-49.9163,-27.1573],[-49.9323,-27.1889],[-49.9411,-27.2139],[-49.957,-27.2017],[-49.9572,-27.2015],[-49.9614,-27.1983],[-49.9657,-27.1957],[-49.9696,-27.1991],[-49.9764,-27.1988],[-49.9888,-27.2052],[-49.9963,-27.2143],[-50.0025,-27.2123],[-50.0022,-27.2055],[-49.9913,-27.19],[-49.9989,-27.1815],[-50.0084,-27.172],[-50.018,-27.1736],[-50.0455,-27.1697],[-50.0497,-27.173],[-50.047,-27.1742],[-50.0524,-27.1763],[-50.0611,-27.1503],[-50.0737,-27.1454],[-50.0849,-27.1479],[-50.0912,-27.1403],[-50.1049,-27.1472],[-50.122,-27.144],[-50.1381,-27.1343],[-50.1499,-27.1328],[-50.1605,-27.1424],[-50.1879,-27.1483],[-50.2012,-27.1548],[-50.2176,-27.149],[-50.2314,-27.1441],[-50.2315,-27.1309],[-50.235,-27.1223],[-50.2457,-27.1148],[-50.2476,-27.0997],[-50.282,-27.0937],[-50.2882,-27.109],[-50.2973,-27.1117],[-50.3062,-27.1062],[-50.3149,-27.088],[-50.3127,-27.081],[-50.3151,-27.0753],[-50.3107,-27.0641],[-50.3242,-27.0644],[-50.3341,-27.0598],[-50.3181,-27.0555],[-50.3191,-27.0491],[-50.3241,-27.0453],[-50.3146,-27.0363],[-50.3185,-27.0302],[-50.316,-27.0241],[-50.3187,-27.0193],[-50.309,-27.0102],[-50.3139,-27.003],[-50.3056,-26.992],[-50.293,-26.9914],[-50.2948,-26.9818],[-50.2976,-26.971],[-50.2905,-26.9682]]]}},{"type":"Feature","properties":{"nome":"Tangará","cod":"4217907","uf":"SC"},"geometry":{"type":"Polygon","coordinates":[[[-51.2886,-27.0475],[-51.2886,-27.0513],[-51.2837,-27.0511],[-51.2836,-27.0601],[-51.2712,-27.0671],[-51.2519,-27.0623],[-51.2466,-27.0694],[-51.2436,-27.0647],[-51.2131,-27.0679],[-51.2136,-27.074],[-51.2033,-27.0737],[-51.2031,-27.0789],[-51.1744,-27.0821],[-51.1719,-27.0875],[-51.1628,-27.0837],[-51.1587,-27.0878],[-51.1548,-27.0866],[-51.142,-27.0993],[-51.1402,-27.1057],[-51.1425,-27.1123],[-51.1298,-27.1133],[-51.1287,-27.111],[-51.1341,-27.1092],[-51.1289,-27.106],[-51.1287,-27.098],[-51.1213,-27.1037],[-51.1123,-27.0969],[-51.1064,-27.1016],[-51.1022,-27.1015],[-51.086,-27.0955],[-51.0911,-27.1052],[-51.0994,-27.1113],[-51.0893,-27.1152],[-51.0833,-27.1239],[-51.0779,-27.1231],[-51.0687,-27.124],[-51.0694,-27.1186],[-51.0768,-27.1193],[-51.0757,-27.1109],[-51.0703,-27.1127],[-51.0695,-27.1165],[-51.0633,-27.1165],[-51.0666,-27.1068],[-51.0569,-27.1036],[-51.0549,-27.0956],[-51.0495,-27.0986],[-51.0513,-27.1056],[-51.0393,-27.1047],[-51.0329,-27.1087],[-51.0433,-27.115],[-51.0415,-27.1199],[-51.0326,-27.117],[-51.0227,-27.1265],[-51.0177,-27.1186],[-51.0093,-27.1183],[-51.0017,-27.1241],[-50.9983,-27.1372],[-50.9865,-27.1309],[-50.9583,-27.1324],[-50.9448,-27.1215],[-50.9315,-27.1182],[-50.9312,-27.1184],[-50.9429,-27.1278],[-50.9449,-27.1367],[-50.955,-27.1486],[-50.9787,-27.1623],[-50.9893,-27.1642],[-50.9943,-27.1698],[-51.0112,-27.1727],[-51.0184,-27.1917],[-51.0235,-27.1929],[-51.0261,-27.1947],[-51.0234,-27.2022],[-51.0277,-27.2211],[-51.0375,-27.2331],[-51.0384,-27.2364],[-51.0463,-27.2373],[-51.0541,-27.2445],[-51.0618,-27.2444],[-51.0661,-27.2516],[-51.0902,-27.2507],[-51.1027,-27.2449],[-51.1123,-27.2391],[-51.1127,-27.2389],[-51.1167,-27.2299],[-51.1259,-27.2315],[-51.1246,-27.2225],[-51.1299,-27.2206],[-51.131,-27.2154],[-51.1354,-27.2187],[-51.1443,-27.2152],[-51.1541,-27.221],[-51.1669,-27.2064],[-51.1741,-27.2048],[-51.1753,-27.194],[-51.1858,-27.1852],[-51.1867,-27.1775],[-51.1929,-27.1761],[-51.1933,-27.1704],[-51.2019,-27.1713],[-51.2103,-27.1602],[-51.2291,-27.1609],[-51.2252,-27.1488],[-51.2365,-27.1429],[-51.2333,-27.1387],[-51.2468,-27.1377],[-51.2616,-27.1382],[-51.2696,-27.1409],[-51.2774,-27.1528],[-51.2851,-27.1529],[-51.2953,-27.1607],[-51.3051,-27.1547],[-51.3218,-27.151],[-51.3343,-27.1428],[-51.3323,-27.1339],[-51.3382,-27.1321],[-51.3334,-27.1275],[-51.3376,-27.1169],[-51.3268,-27.1088],[-51.32,-27.0781],[-51.3114,-27.0763],[-51.2978,-27.0672],[-51.2947,-27.0624],[-51.3004,-27.058],[-51.2886,-27.0475]]]}},{"type":"Feature","properties":{"nome":"Tigrinhos","cod":"4217956","uf":"SC"},"geometry":{"type":"Polygon","coordinates":[[[-53.1624,-26.6304],[-53.1578,-26.6366],[-53.1505,-26.6344],[-53.147,-26.6395],[-53.1383,-26.6363],[-53.1362,-26.6388],[-53.1341,-26.6473],[-53.1251,-26.6564],[-53.1261,-26.6677],[-53.1193,-26.6737],[-53.1119,-26.679],[-53.1175,-26.681],[-53.1242,-26.705],[-53.13,-26.7108],[-53.1284,-26.7198],[-53.1379,-26.7244],[-53.159,-26.7195],[-53.1619,-26.7125],[-53.1642,-26.7166],[-53.1777,-26.7039],[-53.1778,-26.6938],[-53.1951,-26.7013],[-53.1886,-26.679],[-53.1871,-26.6741],[-53.1862,-26.6689],[-53.1905,-26.657],[-53.1949,-26.6593],[-53.2047,-26.6416],[-53.2009,-26.6388],[-53.2007,-26.6326],[-53.1977,-26.6404],[-53.1818,-26.6346],[-53.1798,-26.6374],[-53.1739,-26.6319],[-53.1709,-26.6373],[-53.165,-26.6337],[-53.1624,-26.6304]]]}},{"type":"Feature","properties":{"nome":"Tijucas","cod":"4218004","uf":"SC"},"geometry":{"type":"Polygon","coordinates":[[[-48.7492,-27.1488],[-48.7361,-27.1485],[-48.7214,-27.143],[-48.7162,-27.1447],[-48.698,-27.138],[-48.6912,-27.14],[-48.6891,-27.1419],[-48.6905,-27.1497],[-48.6825,-27.1536],[-48.6844,-27.1583],[-48.6769,-27.1694],[-48.6852,-27.1669],[-48.692,-27.1698],[-48.6881,-27.1688],[-48.6863,-27.1723],[-48.6895,-27.1799],[-48.6843,-27.1952],[-48.6753,-27.1979],[-48.673,-27.2073],[-48.6602,-27.2157],[-48.6371,-27.2124],[-48.6214,-27.2114],[-48.608,-27.2104],[-48.6035,-27.2176],[-48.6097,-27.2262],[-48.613,-27.2484],[-48.6162,-27.2508],[-48.6152,-27.2741],[-48.5958,-27.3161],[-48.6274,-27.3242],[-48.6383,-27.327],[-48.6546,-27.3204],[-48.6618,-27.3258],[-48.6576,-27.3354],[-48.6637,-27.3462],[-48.6718,-27.3475],[-48.6741,-27.3401],[-48.6839,-27.3419],[-48.6885,-27.341],[-48.695,-27.3496],[-48.6999,-27.3496],[-48.7069,-27.354],[-48.7111,-27.3478],[-48.7168,-27.348],[-48.7312,-27.3397],[-48.75,-27.3451],[-48.7628,-27.3433],[-48.7681,-27.3497],[-48.7741,-27.346],[-48.7932,-27.3513],[-48.7632,-27.321],[-48.741,-27.3018],[-48.7415,-27.2903],[-48.7231,-27.2819],[-48.7194,-27.2788],[-48.7165,-27.2769],[-48.7084,-27.2757],[-48.7021,-27.2703],[-48.7012,-27.2645],[-48.7054,-27.264],[-48.7045,-27.2681],[-48.7119,-27.2608],[-48.7155,-27.263],[-48.7156,-27.26],[-48.7199,-27.2614],[-48.7168,-27.2657],[-48.7311,-27.2631],[-48.741,-27.2708],[-48.741,-27.2654],[-48.747,-27.2637],[-48.7492,-27.2609],[-48.7437,-27.2569],[-48.7442,-27.2506],[-48.7443,-27.2383],[-48.7482,-27.2313],[-48.754,-27.2325],[-48.7563,-27.2274],[-48.7638,-27.2285],[-48.7734,-27.2108],[-48.7887,-27.206],[-48.7938,-27.1973],[-48.8038,-27.1917],[-48.8039,-27.1859],[-48.7986,-27.181],[-48.7987,-27.1769],[-48.8092,-27.1744],[-48.8034,-27.1733],[-48.7928,-27.1619],[-48.7993,-27.1549],[-48.7814,-27.1514],[-48.7725,-27.1451],[-48.7745,-27.1357],[-48.772,-27.1342],[-48.7544,-27.1355],[-48.7492,-27.1488]]]}},{"type":"Feature","properties":{"nome":"Timbé do Sul","cod":"4218103","uf":"SC"},"geometry":{"type":"Polygon","coordinates":[[[-49.8628,-28.7026],[-49.8459,-28.705],[-49.8428,-28.7132],[-49.8396,-28.7144],[-49.8391,-28.7145],[-49.8244,-28.7164],[-49.8202,-28.7198],[-49.7979,-28.7118],[-49.7968,-28.7504],[-49.7813,-28.7547],[-49.7756,-28.7659],[-49.7616,-28.7854],[-49.7334,-28.8029],[-49.7465,-28.8161],[-49.7491,-28.8304],[-49.7717,-28.8431],[-49.7878,-28.8521],[-49.7914,-28.8541],[-49.7915,-28.8542],[-49.8672,-28.8798],[-49.873,-28.8842],[-49.8796,-28.8817],[-49.8975,-28.8916],[-49.9058,-28.9017],[-49.9203,-28.9087],[-49.9296,-28.9205],[-49.9421,-28.9209],[-49.9475,-28.9253],[-49.9445,-28.9412],[-49.9549,-28.9393],[-49.9553,-28.9465],[-49.9642,-28.9272],[-49.9707,-28.9238],[-49.9655,-28.9159],[-49.9588,-28.8953],[-49.9584,-28.8827],[-49.9547,-28.8748],[-49.9685,-28.8806],[-49.9716,-28.8803],[-49.9638,-28.8588],[-49.9608,-28.8322],[-49.9695,-28.8286],[-49.9686,-28.8227],[-49.9622,-28.8094],[-49.9623,-28.8011],[-49.9464,-28.8057],[-49.9471,-28.7979],[-49.9528,-28.7972],[-49.9562,-28.791],[-49.9524,-28.7836],[-49.9585,-28.7788],[-49.9538,-28.7762],[-49.9563,-28.7708],[-49.9511,-28.768],[-49.9474,-28.77],[-49.9456,-28.7654],[-49.9496,-28.7547],[-49.9364,-28.7586],[-49.9275,-28.7557],[-49.9279,-28.7512],[-49.9215,-28.7457],[-49.9305,-28.7401],[-49.9349,-28.7276],[-49.925,-28.7185],[-49.9135,-28.7153],[-49.9047,-28.7068],[-49.9085,-28.7152],[-49.9142,-28.7244],[-49.9042,-28.7198],[-49.8939,-28.7243],[-49.8848,-28.7181],[-49.8812,-28.721],[-49.8845,-28.7295],[-49.8914,-28.7391],[-49.8869,-28.7401],[-49.8881,-28.7462],[-49.8752,-28.7444],[-49.8797,-28.7358],[-49.8657,-28.7207],[-49.8702,-28.7207],[-49.8658,-28.715],[-49.87,-28.714],[-49.8666,-28.7095],[-49.8683,-28.7036],[-49.8712,-28.7039],[-49.86,-28.6996],[-49.8628,-28.7026]]]}},{"type":"Feature","properties":{"nome":"Timbó","cod":"4218202","uf":"SC"},"geometry":{"type":"Polygon","coordinates":[[[-49.2384,-26.7701],[-49.2234,-26.7725],[-49.2135,-26.7546],[-49.2046,-26.7584],[-49.2077,-26.771],[-49.1993,-26.7856],[-49.2096,-26.8039],[-49.2084,-26.8119],[-49.2009,-26.8188],[-49.2065,-26.8306],[-49.2252,-26.8461],[-49.2297,-26.8497],[-49.238,-26.8565],[-49.2547,-26.8702],[-49.2648,-26.8687],[-49.2839,-26.8803],[-49.2872,-26.8757],[-49.3047,-26.8474],[-49.3073,-26.8378],[-49.3098,-26.8292],[-49.3111,-26.8261],[-49.3156,-26.8289],[-49.3178,-26.8233],[-49.3209,-26.8223],[-49.3298,-26.8072],[-49.3336,-26.7968],[-49.3278,-26.785],[-49.3331,-26.777],[-49.3276,-26.772],[-49.3332,-26.7644],[-49.3394,-26.7562],[-49.3344,-26.7523],[-49.3346,-26.7454],[-49.2769,-26.7629],[-49.2722,-26.7643],[-49.2671,-26.7652],[-49.2384,-26.7701]]]}},{"type":"Feature","properties":{"nome":"Timbó Grande","cod":"4218251","uf":"SC"},"geometry":{"type":"Polygon","coordinates":[[[-50.636,-26.522],[-50.6311,-26.5235],[-50.6311,-26.5328],[-50.6245,-26.5349],[-50.6214,-26.5391],[-50.6051,-26.5417],[-50.6009,-26.5582],[-50.5947,-26.5657],[-50.5976,-26.568],[-50.5794,-26.5718],[-50.5811,-26.5827],[-50.5728,-26.5842],[-50.5606,-26.594],[-50.5634,-26.5987],[-50.5697,-26.5977],[-50.579,-26.603],[-50.5657,-26.6017],[-50.5641,-26.609],[-50.5414,-26.6042],[-50.5298,-26.6078],[-50.53,-26.6123],[-50.5235,-26.618],[-50.5272,-26.6237],[-50.5184,-26.6338],[-50.5154,-26.6401],[-50.5077,-26.6378],[-50.5085,-26.6347],[-50.496,-26.6431],[-50.4925,-26.6424],[-50.4876,-26.6455],[-50.4925,-26.648],[-50.5145,-26.6861],[-50.5096,-26.6943],[-50.5156,-26.7153],[-50.4955,-26.762],[-50.5001,-26.77],[-50.5154,-26.7719],[-50.5195,-26.7775],[-50.5236,-26.7745],[-50.527,-26.7805],[-50.5412,-26.7721],[-50.5442,-26.7746],[-50.5472,-26.7676],[-50.556,-26.7709],[-50.5645,-26.7656],[-50.5699,-26.7578],[-50.5816,-26.7551],[-50.5869,-26.7498],[-50.5893,-26.7391],[-50.6017,-26.739],[-50.6057,-26.7322],[-50.6242,-26.7193],[-50.6322,-26.7188],[-50.6371,-26.7123],[-50.6522,-26.7114],[-50.655,-26.7078],[-50.649,-26.6968],[-50.6586,-26.6765],[-50.6725,-26.6707],[-50.6757,-26.6617],[-50.6809,-26.6638],[-50.6898,-26.6575],[-50.7025,-26.6605],[-50.7031,-26.6742],[-50.7184,-26.676],[-50.7181,-26.6848],[-50.7294,-26.6849],[-50.7345,-26.6889],[-50.7505,-26.6828],[-50.7557,-26.6912],[-50.7825,-26.6833],[-50.8077,-26.6539],[-50.8088,-26.6527],[-50.8572,-26.5586],[-50.8239,-26.5462],[-50.8178,-26.5302],[-50.803,-26.518],[-50.8011,-26.5074],[-50.7979,-26.5076],[-50.7957,-26.51],[-50.7846,-26.5074],[-50.7739,-26.5163],[-50.753,-26.5186],[-50.7383,-26.525],[-50.7078,-26.5054],[-50.6986,-26.4995],[-50.6685,-26.4991],[-50.6534,-26.5093],[-50.6552,-26.5128],[-50.6412,-26.5126],[-50.636,-26.522]]]}},{"type":"Feature","properties":{"nome":"Três Barras","cod":"4218301","uf":"SC"},"geometry":{"type":"Polygon","coordinates":[[[-50.2336,-26.0467],[-50.2236,-26.0603],[-50.2182,-26.0565],[-50.2094,-26.0567],[-50.2076,-26.0611],[-50.1937,-26.0648],[-50.1925,-26.0712],[-50.2008,-26.0741],[-50.2073,-26.0833],[-50.1963,-26.0842],[-50.1888,-26.0913],[-50.184,-26.1138],[-50.1706,-26.1213],[-50.1672,-26.1163],[-50.1675,-26.1217],[-50.1591,-26.1319],[-50.1545,-26.1365],[-50.1583,-26.1395],[-50.1606,-26.1412],[-50.1563,-26.1487],[-50.1526,-26.1471],[-50.1525,-26.1508],[-50.146,-26.1519],[-50.1472,-26.1594],[-50.1435,-26.1661],[-50.1414,-26.168],[-50.135,-26.1634],[-50.1276,-26.1637],[-50.1279,-26.1693],[-50.1346,-26.1695],[-50.1331,-26.173],[-50.1363,-26.174],[-50.1252,-26.2038],[-50.1296,-26.2068],[-50.1436,-26.1997],[-50.1473,-26.2064],[-50.1531,-26.2074],[-50.1526,-26.2104],[-50.162,-26.2144],[-50.1747,-26.2113],[-50.1811,-26.2166],[-50.1883,-26.216],[-50.1886,-26.2195],[-50.1825,-26.226],[-50.1876,-26.2726],[-50.2026,-26.2761],[-50.2074,-26.2847],[-50.2238,-26.2897],[-50.2842,-26.3085],[-50.2894,-26.2957],[-50.2866,-26.2914],[-50.2965,-26.2863],[-50.2932,-26.2808],[-50.2987,-26.2796],[-50.2953,-26.2769],[-50.3003,-26.2741],[-50.2979,-26.2697],[-50.3003,-26.2653],[-50.2965,-26.2639],[-50.2988,-26.2613],[-50.3024,-26.263],[-50.3024,-26.2579],[-50.3066,-26.2597],[-50.3174,-26.2664],[-50.322,-26.2593],[-50.3187,-26.2584],[-50.3222,-26.2556],[-50.3204,-26.2536],[-50.3251,-26.2527],[-50.323,-26.2397],[-50.3363,-26.2362],[-50.3308,-26.2334],[-50.3256,-26.2242],[-50.3238,-26.2075],[-50.3345,-26.2075],[-50.3403,-26.2032],[-50.3462,-26.2058],[-50.3545,-26.2041],[-50.3547,-26.1882],[-50.3527,-26.1819],[-50.3563,-26.1728],[-50.3576,-26.1686],[-50.3499,-26.1567],[-50.3493,-26.1533],[-50.361,-26.1585],[-50.3758,-26.1548],[-50.3779,-26.1614],[-50.3862,-26.1692],[-50.3903,-26.1634],[-50.3827,-26.1593],[-50.3803,-26.1616],[-50.3827,-26.1578],[-50.3873,-26.159],[-50.385,-26.1558],[-50.3875,-26.1531],[-50.3854,-26.1413],[-50.385,-26.14],[-50.3795,-26.1224],[-50.3756,-26.1216],[-50.3773,-26.1174],[-50.3724,-26.1161],[-50.37,-26.1201],[-50.3611,-26.122],[-50.3643,-26.1258],[-50.3593,-26.1252],[-50.3569,-26.1205],[-50.3659,-26.1124],[-50.3606,-26.11],[-50.3593,-26.1169],[-50.3523,-26.1188],[-50.3404,-26.1302],[-50.332,-26.1341],[-50.3283,-26.1286],[-50.3231,-26.1345],[-50.3217,-26.1255],[-50.3335,-26.1253],[-50.3327,-26.1222],[-50.3248,-26.1234],[-50.3261,-26.1148],[-50.332,-26.1078],[-50.3294,-26.0983],[-50.3252,-26.0981],[-50.3316,-26.0832],[-50.3217,-26.0804],[-50.3177,-26.0681],[-50.2984,-26.0549],[-50.2764,-26.0513],[-50.2678,-26.0421],[-50.2515,-26.0508],[-50.2546,-26.0372],[-50.251,-26.0298],[-50.2355,-26.0358],[-50.2336,-26.0467]]]}},{"type":"Feature","properties":{"nome":"Treviso","cod":"4218350","uf":"SC"},"geometry":{"type":"Polygon","coordinates":[[[-49.5343,-28.4352],[-49.5318,-28.4383],[-49.5196,-28.4355],[-49.486,-28.4414],[-49.4686,-28.4366],[-49.4555,-28.4422],[-49.4459,-28.4513],[-49.4287,-28.4587],[-49.4265,-28.48],[-49.4264,-28.4902],[-49.4261,-28.5091],[-49.4208,-28.5089],[-49.4214,-28.5211],[-49.4218,-28.529],[-49.4221,-28.5368],[-49.4371,-28.5487],[-49.4471,-28.564],[-49.4569,-28.5637],[-49.465,-28.5577],[-49.4684,-28.5645],[-49.4663,-28.5695],[-49.4742,-28.571],[-49.4734,-28.5745],[-49.4813,-28.5827],[-49.4845,-28.5805],[-49.4817,-28.57],[-49.4898,-28.5603],[-49.4882,-28.5521],[-49.5275,-28.5508],[-49.5337,-28.5352],[-49.5488,-28.5299],[-49.5492,-28.5231],[-49.5558,-28.5158],[-49.5601,-28.5141],[-49.5692,-28.5116],[-49.5684,-28.5037],[-49.5668,-28.4976],[-49.562,-28.4937],[-49.5553,-28.4937],[-49.5489,-28.4835],[-49.5519,-28.4837],[-49.5549,-28.4739],[-49.5623,-28.4665],[-49.5589,-28.4652],[-49.5596,-28.4599],[-49.5548,-28.4605],[-49.5508,-28.4507],[-49.5467,-28.4532],[-49.5491,-28.4489],[-49.543,-28.4397],[-49.5343,-28.4352]]]}},{"type":"Feature","properties":{"nome":"Treze de Maio","cod":"4218400","uf":"SC"},"geometry":{"type":"Polygon","coordinates":[[[-49.1816,-28.5085],[-49.176,-28.5127],[-49.1669,-28.5061],[-49.1657,-28.5011],[-49.1504,-28.5019],[-49.1431,-28.4981],[-49.1344,-28.4981],[-49.1334,-28.5027],[-49.1249,-28.5084],[-49.1077,-28.5207],[-49.0979,-28.5277],[-49.0679,-28.5518],[-49.055,-28.5563],[-49.0451,-28.5562],[-49.0303,-28.5491],[-49.0768,-28.577],[-49.1034,-28.5929],[-49.141,-28.6161],[-49.1555,-28.625],[-49.1811,-28.6407],[-49.1872,-28.6385],[-49.1953,-28.6351],[-49.2014,-28.6185],[-49.2141,-28.6095],[-49.2211,-28.6057],[-49.2211,-28.6015],[-49.2385,-28.5918],[-49.2432,-28.5889],[-49.2034,-28.5279],[-49.1925,-28.5112],[-49.1841,-28.499],[-49.1816,-28.5085]]]}},{"type":"Feature","properties":{"nome":"Treze Tílias","cod":"4218509","uf":"SC"},"geometry":{"type":"Polygon","coordinates":[[[-51.4794,-26.9239],[-51.4653,-26.932],[-51.4507,-26.9293],[-51.4493,-26.9326],[-51.4461,-26.9364],[-51.4395,-26.9291],[-51.4365,-26.9399],[-51.4167,-26.9451],[-51.4138,-26.9413],[-51.4113,-26.9465],[-51.4086,-26.9416],[-51.4067,-26.9434],[-51.4083,-26.9537],[-51.4016,-26.9529],[-51.3956,-26.9696],[-51.3857,-26.9732],[-51.3814,-26.9687],[-51.3773,-26.9741],[-51.3817,-26.9784],[-51.3699,-26.9836],[-51.3656,-26.9802],[-51.3516,-26.9807],[-51.3525,-26.9869],[-51.3413,-26.9967],[-51.3495,-26.9985],[-51.352,-27.003],[-51.338,-27.0042],[-51.3449,-27.0155],[-51.3343,-27.0207],[-51.3442,-27.0302],[-51.3438,-27.034],[-51.3482,-27.0354],[-51.3421,-27.0364],[-51.3447,-27.0395],[-51.3889,-27.0393],[-51.4204,-27.0392],[-51.4618,-27.0273],[-51.4514,-27.0187],[-51.4553,-27.0121],[-51.4593,-27.0109],[-51.465,-27.0146],[-51.4723,-27.0128],[-51.4998,-26.9781],[-51.5053,-26.9722],[-51.5065,-26.961],[-51.515,-26.9618],[-51.5249,-26.9563],[-51.5404,-26.939],[-51.5315,-26.8924],[-51.5283,-26.8772],[-51.524,-26.8679],[-51.5099,-26.8382],[-51.5075,-26.8432],[-51.4947,-26.8453],[-51.4878,-26.8587],[-51.4938,-26.8662],[-51.4873,-26.8765],[-51.4857,-26.892],[-51.4791,-26.8976],[-51.4794,-26.9239]]]}},{"type":"Feature","properties":{"nome":"Trombudo Central","cod":"4218608","uf":"SC"},"geometry":{"type":"Polygon","coordinates":[[[-49.7777,-27.2511],[-49.7793,-27.2608],[-49.7683,-27.2683],[-49.7581,-27.2687],[-49.7535,-27.2771],[-49.7528,-27.2781],[-49.7534,-27.2813],[-49.7554,-27.2795],[-49.7604,-27.2822],[-49.7619,-27.2878],[-49.7579,-27.2925],[-49.7612,-27.2962],[-49.7585,-27.3123],[-49.7624,-27.3276],[-49.7712,-27.3405],[-49.7645,-27.3472],[-49.7621,-27.3641],[-49.7666,-27.3742],[-49.7784,-27.3701],[-49.7873,-27.3618],[-49.8081,-27.3542],[-49.8149,-27.355],[-49.8151,-27.3551],[-49.8243,-27.3562],[-49.8338,-27.3468],[-49.8424,-27.3482],[-49.864,-27.3777],[-49.8711,-27.3516],[-49.8479,-27.3267],[-49.8522,-27.3229],[-49.8556,-27.3199],[-49.856,-27.3196],[-49.862,-27.3194],[-49.8634,-27.3155],[-49.8688,-27.3101],[-49.8841,-27.3055],[-49.8621,-27.288],[-49.8566,-27.2777],[-49.8463,-27.2758],[-49.8463,-27.2757],[-49.8458,-27.2749],[-49.8293,-27.2642],[-49.8215,-27.2656],[-49.8087,-27.2634],[-49.8017,-27.2487],[-49.7922,-27.2532],[-49.7862,-27.2471],[-49.7777,-27.2511]]]}},{"type":"Feature","properties":{"nome":"Tubarão","cod":"4218707","uf":"SC"},"geometry":{"type":"Polygon","coordinates":[[[-49.0749,-28.3922],[-49.0716,-28.3972],[-49.0678,-28.3925],[-49.0603,-28.3928],[-49.0579,-28.4009],[-49.0523,-28.4033],[-49.0235,-28.3984],[-49.0236,-28.4043],[-49.0205,-28.4131],[-49.0243,-28.4157],[-49.0179,-28.4208],[-49.0135,-28.425],[-49.0127,-28.4249],[-48.9869,-28.4225],[-48.9796,-28.4219],[-48.9682,-28.4325],[-48.9679,-28.4411],[-48.9725,-28.4496],[-48.9748,-28.4573],[-48.9793,-28.4552],[-48.9855,-28.4584],[-48.9844,-28.4621],[-48.9877,-28.4616],[-48.9849,-28.4642],[-48.9763,-28.4618],[-48.9749,-28.4672],[-48.9746,-28.4718],[-48.9702,-28.473],[-48.952,-28.4873],[-48.9473,-28.4951],[-48.9484,-28.5022],[-48.9413,-28.501],[-48.9376,-28.5079],[-48.9224,-28.5127],[-48.9035,-28.529],[-48.9019,-28.5325],[-48.9344,-28.5797],[-48.9443,-28.5942],[-48.9593,-28.5814],[-48.9616,-28.5751],[-48.9708,-28.5723],[-48.9637,-28.5632],[-48.9678,-28.555],[-48.9741,-28.5527],[-48.9756,-28.558],[-48.9849,-28.5591],[-48.9993,-28.5545],[-49.0019,-28.553],[-49.0164,-28.5341],[-49.0255,-28.5338],[-49.0303,-28.5491],[-49.0451,-28.5562],[-49.055,-28.5563],[-49.0679,-28.5518],[-49.0979,-28.5277],[-49.1077,-28.5207],[-49.1249,-28.5084],[-49.1334,-28.5027],[-49.1344,-28.4981],[-49.1431,-28.4981],[-49.1504,-28.5019],[-49.1657,-28.5011],[-49.1669,-28.5061],[-49.176,-28.5127],[-49.1816,-28.5085],[-49.1841,-28.499],[-49.139,-28.4725],[-49.123,-28.4746],[-49.1217,-28.4603],[-49.1247,-28.4551],[-49.1222,-28.4488],[-49.1129,-28.4443],[-49.1156,-28.4359],[-49.1175,-28.431],[-49.1247,-28.4196],[-49.1318,-28.4184],[-49.1381,-28.4142],[-49.1383,-28.409],[-49.1014,-28.3622],[-49.0823,-28.3785],[-49.0816,-28.3833],[-49.0766,-28.3843],[-49.0749,-28.3922]]]}},{"type":"Feature","properties":{"nome":"Tunápolis","cod":"4218756","uf":"SC"},"geometry":{"type":"Polygon","coordinates":[[[-53.6784,-26.9444],[-53.6729,-26.9455],[-53.6703,-26.9418],[-53.6369,-26.9522],[-53.6275,-26.9502],[-53.5826,-26.9531],[-53.5884,-26.965],[-53.578,-26.9592],[-53.5577,-26.9663],[-53.5525,-26.9699],[-53.5503,-26.9802],[-53.5548,-26.982],[-53.5587,-26.9923],[-53.5691,-26.995],[-53.5779,-27.0053],[-53.5858,-27.0064],[-53.5859,-27.0097],[-53.5967,-27.0107],[-53.5969,-27.0163],[-53.6038,-27.0149],[-53.6096,-27.0247],[-53.6189,-27.0227],[-53.6192,-27.018],[-53.6221,-27.0183],[-53.6216,-27.0335],[-53.6375,-27.0425],[-53.6416,-27.0393],[-53.6445,-27.0421],[-53.6518,-27.0351],[-53.6657,-27.0337],[-53.6681,-27.0359],[-53.6744,-27.0281],[-53.6821,-27.0303],[-53.6843,-27.0374],[-53.6795,-27.0444],[-53.6896,-27.0451],[-53.6892,-27.0411],[-53.6941,-27.0377],[-53.7051,-27.0147],[-53.7003,-27.0134],[-53.7311,-27.0043],[-53.7424,-26.9906],[-53.7237,-26.9927],[-53.7164,-26.9877],[-53.7166,-26.9841],[-53.7358,-26.9739],[-53.7291,-26.9714],[-53.7252,-26.9578],[-53.7116,-26.9643],[-53.7038,-26.9595],[-53.6997,-26.9522],[-53.7087,-26.9381],[-53.7072,-26.9323],[-53.6784,-26.9444]]]}},{"type":"Feature","properties":{"nome":"Turvo","cod":"4218806","uf":"SC"},"geometry":{"type":"Polygon","coordinates":[[[-49.6782,-28.8711],[-49.6734,-28.8743],[-49.67,-28.8734],[-49.66,-28.8848],[-49.657,-28.8828],[-49.6555,-28.8863],[-49.6495,-28.8851],[-49.6418,-28.8862],[-49.6401,-28.8984],[-49.6341,-28.8989],[-49.6258,-28.9],[-49.6196,-28.9063],[-49.613,-28.9054],[-49.6138,-28.9085],[-49.6085,-28.902],[-49.6058,-28.9074],[-49.6038,-28.9032],[-49.5815,-28.906],[-49.5788,-28.91],[-49.5701,-28.9045],[-49.5624,-28.9051],[-49.5563,-28.9004],[-49.5427,-28.9064],[-49.5398,-28.9166],[-49.5351,-28.9167],[-49.5469,-28.9252],[-49.5573,-28.9253],[-49.5717,-28.9233],[-49.5758,-28.9291],[-49.5678,-28.9288],[-49.5707,-28.9342],[-49.5754,-28.9359],[-49.5804,-28.9301],[-49.5837,-28.9375],[-49.5897,-28.9348],[-49.6045,-28.9427],[-49.6068,-28.951],[-49.6137,-28.9495],[-49.6201,-28.9547],[-49.6265,-28.9545],[-49.6353,-28.9484],[-49.6475,-28.9591],[-49.6386,-28.9724],[-49.6494,-28.972],[-49.6535,-28.9824],[-49.6599,-28.9814],[-49.6707,-28.9801],[-49.6972,-28.9648],[-49.7062,-28.9685],[-49.7086,-28.965],[-49.7187,-28.9664],[-49.7208,-28.9618],[-49.7285,-28.9614],[-49.7415,-28.9595],[-49.7387,-28.9568],[-49.7462,-28.9556],[-49.7477,-28.9504],[-49.7636,-28.9473],[-49.7679,-28.9449],[-49.7637,-28.9411],[-49.7703,-28.939],[-49.7683,-28.9265],[-49.7624,-28.9253],[-49.763,-28.9207],[-49.7639,-28.9149],[-49.7735,-28.9139],[-49.7789,-28.9046],[-49.7904,-28.9048],[-49.7917,-28.9011],[-49.7982,-28.9007],[-49.8079,-28.8943],[-49.8073,-28.888],[-49.8131,-28.8867],[-49.8225,-28.8909],[-49.8303,-28.8907],[-49.8437,-28.8814],[-49.8522,-28.8822],[-49.8573,-28.8864],[-49.8653,-28.8858],[-49.8672,-28.8798],[-49.7915,-28.8542],[-49.7914,-28.8541],[-49.7878,-28.8521],[-49.7717,-28.8431],[-49.7491,-28.8304],[-49.7465,-28.8161],[-49.7334,-28.8029],[-49.7267,-28.8067],[-49.7045,-28.8412],[-49.7031,-28.843],[-49.6963,-28.8439],[-49.684,-28.8603],[-49.6775,-28.8619],[-49.6806,-28.8684],[-49.6765,-28.8688],[-49.6782,-28.8711]]]}},{"type":"Feature","properties":{"nome":"União do Oeste","cod":"4218855","uf":"SC"},"geometry":{"type":"Polygon","coordinates":[[[-52.8169,-26.734],[-52.8104,-26.7467],[-52.8028,-26.7507],[-52.8013,-26.7715],[-52.802,-26.7756],[-52.7913,-26.7889],[-52.7945,-26.7955],[-52.8048,-26.7951],[-52.806,-26.8098],[-52.801,-26.818],[-52.8058,-26.8303],[-52.8182,-26.8328],[-52.8335,-26.836],[-52.8421,-26.8237],[-52.8471,-26.8235],[-52.8536,-26.8101],[-52.8651,-26.8066],[-52.8686,-26.8005],[-52.8771,-26.7967],[-52.8832,-26.8042],[-52.8914,-26.8068],[-52.8953,-26.8228],[-52.902,-26.8268],[-52.9057,-26.8267],[-52.9081,-26.8339],[-52.9173,-26.8385],[-52.919,-26.8455],[-52.9223,-26.8375],[-52.9293,-26.8321],[-52.9112,-26.8219],[-52.9039,-26.8112],[-52.9085,-26.8113],[-52.9147,-26.8197],[-52.9182,-26.8142],[-52.9178,-26.8009],[-52.9319,-26.8023],[-52.943,-26.7961],[-52.9402,-26.7926],[-52.928,-26.7962],[-52.9267,-26.7856],[-52.9418,-26.7785],[-52.9401,-26.7753],[-52.9319,-26.7766],[-52.9176,-26.7824],[-52.9124,-26.7825],[-52.8979,-26.7692],[-52.8758,-26.7485],[-52.8737,-26.7402],[-52.8693,-26.7383],[-52.8593,-26.7458],[-52.8589,-26.7457],[-52.8463,-26.74],[-52.8365,-26.7428],[-52.8234,-26.7404],[-52.8171,-26.7338],[-52.8169,-26.734]]]}},{"type":"Feature","properties":{"nome":"Urubici","cod":"4218905","uf":"SC"},"geometry":{"type":"Polygon","coordinates":[[[-49.5891,-27.8987],[-49.5835,-27.8988],[-49.5818,-27.8987],[-49.5548,-27.9109],[-49.5184,-27.9142],[-49.4926,-27.931],[-49.4639,-27.9281],[-49.4607,-27.9325],[-49.456,-27.9307],[-49.447,-27.9337],[-49.4398,-27.943],[-49.4342,-27.9365],[-49.4262,-27.9348],[-49.4217,-27.9409],[-49.4227,-27.9473],[-49.4168,-27.9522],[-49.3891,-27.9452],[-49.3804,-27.9416],[-49.3771,-27.9346],[-49.3679,-27.9318],[-49.3603,-27.9233],[-49.3478,-27.9268],[-49.3281,-27.9228],[-49.3234,-27.9184],[-49.3262,-27.9112],[-49.3176,-27.9027],[-49.3011,-27.9002],[-49.2996,-27.9008],[-49.3005,-27.909],[-49.3054,-27.9145],[-49.3104,-27.9335],[-49.3082,-27.94],[-49.3131,-27.9562],[-49.3077,-27.9651],[-49.3107,-27.9699],[-49.3179,-27.9825],[-49.3235,-27.9833],[-49.3402,-27.9873],[-49.3496,-27.9983],[-49.3478,-28.0046],[-49.3579,-28.0203],[-49.3551,-28.0283],[-49.3718,-28.045],[-49.3667,-28.0528],[-49.3684,-28.0611],[-49.3885,-28.0714],[-49.3927,-28.0675],[-49.395,-28.0701],[-49.3943,-28.0734],[-49.3978,-28.0733],[-49.3983,-28.0797],[-49.4041,-28.0803],[-49.4054,-28.0877],[-49.3995,-28.0874],[-49.3995,-28.0976],[-49.3894,-28.1005],[-49.3952,-28.1061],[-49.3943,-28.111],[-49.4139,-28.113],[-49.4279,-28.1182],[-49.4332,-28.1141],[-49.4421,-28.127],[-49.4407,-28.1319],[-49.4613,-28.1392],[-49.461,-28.1354],[-49.4766,-28.1319],[-49.4715,-28.1268],[-49.474,-28.1251],[-49.4791,-28.1183],[-49.4943,-28.1199],[-49.4948,-28.1246],[-49.4997,-28.1239],[-49.5093,-28.1268],[-49.533,-28.1227],[-49.5434,-28.125],[-49.5511,-28.1175],[-49.5634,-28.115],[-49.5654,-28.1256],[-49.5769,-28.1319],[-49.5729,-28.1353],[-49.5771,-28.1486],[-49.5851,-28.1486],[-49.5962,-28.1592],[-49.6047,-28.159],[-49.6094,-28.1628],[-49.6152,-28.1582],[-49.644,-28.164],[-49.6438,-28.1697],[-49.6569,-28.1784],[-49.6594,-28.1848],[-49.6691,-28.1844],[-49.6659,-28.214],[-49.6717,-28.2298],[-49.6823,-28.2193],[-49.6845,-28.2122],[-49.6969,-28.2104],[-49.7019,-28.2],[-49.7166,-28.1911],[-49.721,-28.1825],[-49.7273,-28.1852],[-49.7297,-28.1814],[-49.7347,-28.1814],[-49.7424,-28.176],[-49.7465,-28.1661],[-49.7521,-28.1644],[-49.7568,-28.1584],[-49.7603,-28.1524],[-49.7772,-28.1447],[-49.7851,-28.1279],[-49.7897,-28.13],[-49.7942,-28.1264],[-49.7929,-28.1109],[-49.8008,-28.1103],[-49.8032,-28.1186],[-49.8201,-28.1155],[-49.8279,-28.1189],[-49.8257,-28.1101],[-49.8533,-28.1099],[-49.8493,-28.1029],[-49.8466,-28.0975],[-49.842,-28.0974],[-49.8382,-28.0852],[-49.8324,-28.0865],[-49.8219,-28.0786],[-49.8104,-28.0551],[-49.794,-28.0465],[-49.7903,-28.0469],[-49.7846,-28.0345],[-49.7769,-28.033],[-49.7709,-28.0242],[-49.7536,-28.033],[-49.7446,-28.0306],[-49.7396,-28.0277],[-49.7333,-28.03],[-49.7254,-28.0243],[-49.7159,-28.0281],[-49.7132,-28.0101],[-49.7106,-28.0051],[-49.7143,-27.9758],[-49.7126,-27.9539],[-49.7161,-27.9508],[-49.712,-27.9409],[-49.705,-27.9244],[-49.6996,-27.9166],[-49.6873,-27.9173],[-49.6521,-27.9061],[-49.6244,-27.9048],[-49.6222,-27.9074],[-49.6116,-27.9003],[-49.6068,-27.9007],[-49.6051,-27.9042],[-49.5931,-27.9038],[-49.5891,-27.8987]]]}},{"type":"Feature","properties":{"nome":"Urupema","cod":"4218954","uf":"SC"},"geometry":{"type":"Polygon","coordinates":[[[-49.8421,-27.9603],[-49.8214,-27.9707],[-49.8124,-27.964],[-49.8078,-27.9643],[-49.8041,-27.9773],[-49.7942,-27.982],[-49.7927,-27.9926],[-49.7855,-27.9966],[-49.7738,-27.9966],[-49.7639,-28.0116],[-49.7538,-28.0256],[-49.7446,-28.0306],[-49.7536,-28.033],[-49.7709,-28.0242],[-49.7769,-28.033],[-49.7846,-28.0345],[-49.7903,-28.0469],[-49.794,-28.0465],[-49.8104,-28.0551],[-49.8219,-28.0786],[-49.8324,-28.0865],[-49.8382,-28.0852],[-49.842,-28.0974],[-49.8466,-28.0975],[-49.8493,-28.1029],[-49.8635,-28.1017],[-49.8698,-28.097],[-49.8777,-28.1031],[-49.8736,-28.1097],[-49.881,-28.111],[-49.8855,-28.0977],[-49.8948,-28.0939],[-49.9042,-28.0974],[-49.903,-28.104],[-49.909,-28.1038],[-49.9042,-28.1076],[-49.9052,-28.1111],[-49.9156,-28.1085],[-49.9203,-28.0993],[-49.926,-28.097],[-49.9281,-28.0995],[-49.9309,-28.1031],[-49.9409,-28.0989],[-49.9415,-28.1112],[-49.9469,-28.109],[-49.9539,-28.0978],[-49.9682,-28.0983],[-49.9738,-28.1097],[-49.9795,-28.0955],[-49.9843,-28.0952],[-49.9857,-28.1021],[-49.9903,-28.1039],[-49.9915,-28.1032],[-50.0009,-28.0977],[-50.0077,-28.1036],[-50.012,-28.1022],[-50.0125,-28.0986],[-50.0038,-28.0951],[-50.0019,-28.091],[-50.0081,-28.0874],[-50.0189,-28.092],[-50.0237,-28.1025],[-50.0329,-28.0973],[-50.034,-28.1029],[-50.037,-28.1029],[-50.0404,-28.0983],[-50.049,-28.098],[-50.0548,-28.0936],[-50.0432,-28.0878],[-50.0533,-28.0802],[-50.0527,-28.0772],[-50.0443,-28.0757],[-50.0411,-28.0669],[-50.029,-28.0653],[-50.0236,-28.071],[-50.0152,-28.0695],[-50.018,-28.0604],[-50.0113,-28.0614],[-50.0108,-28.0568],[-50.0182,-28.0458],[-50.0151,-28.043],[-50.0081,-28.0437],[-50.0121,-28.0343],[-49.9981,-28.0318],[-49.9943,-28.0278],[-50.0016,-28.0187],[-49.9995,-28.0026],[-49.9878,-28.0058],[-49.9814,-27.9971],[-49.9659,-27.9953],[-49.9639,-27.9895],[-49.9687,-27.9838],[-49.9685,-27.9767],[-49.9603,-27.9706],[-49.966,-27.9644],[-49.9627,-27.9604],[-49.965,-27.9554],[-49.9428,-27.9493],[-49.9403,-27.9447],[-49.9342,-27.9365],[-49.8672,-27.9102],[-49.8561,-27.9169],[-49.851,-27.9296],[-49.8423,-27.9363],[-49.8551,-27.95],[-49.8511,-27.9506],[-49.8508,-27.9507],[-49.8421,-27.9603]]]}},{"type":"Feature","properties":{"nome":"Urussanga","cod":"4219002","uf":"SC"},"geometry":{"type":"Polygon","coordinates":[[[-49.2887,-28.3954],[-49.2892,-28.4005],[-49.2907,-28.4036],[-49.2858,-28.4033],[-49.2891,-28.4076],[-49.2871,-28.4129],[-49.2601,-28.421],[-49.2591,-28.4166],[-49.246,-28.4194],[-49.243,-28.4134],[-49.2385,-28.4131],[-49.24,-28.4175],[-49.2368,-28.4191],[-49.2299,-28.4163],[-49.2236,-28.4191],[-49.2227,-28.4233],[-49.2136,-28.4223],[-49.2224,-28.4296],[-49.2214,-28.4325],[-49.2274,-28.4346],[-49.2274,-28.4391],[-49.2353,-28.4475],[-49.2347,-28.4561],[-49.2426,-28.4546],[-49.245,-28.4594],[-49.2571,-28.4634],[-49.2585,-28.4696],[-49.2589,-28.4749],[-49.2805,-28.4857],[-49.2816,-28.4927],[-49.2904,-28.5034],[-49.2862,-28.5143],[-49.2922,-28.5193],[-49.2948,-28.5247],[-49.2903,-28.5384],[-49.2827,-28.5434],[-49.2822,-28.551],[-49.2764,-28.5578],[-49.2643,-28.5627],[-49.2595,-28.5711],[-49.2594,-28.5803],[-49.2534,-28.5873],[-49.2597,-28.584],[-49.2739,-28.5862],[-49.2793,-28.5812],[-49.3044,-28.5742],[-49.3102,-28.5662],[-49.321,-28.5649],[-49.335,-28.5671],[-49.3357,-28.5637],[-49.3517,-28.5624],[-49.3661,-28.5744],[-49.3859,-28.5788],[-49.3887,-28.5672],[-49.3902,-28.5561],[-49.401,-28.5462],[-49.4017,-28.5243],[-49.4081,-28.5253],[-49.4098,-28.5406],[-49.4223,-28.5408],[-49.4221,-28.5368],[-49.4218,-28.529],[-49.4214,-28.5211],[-49.4208,-28.5089],[-49.4261,-28.5091],[-49.4264,-28.4902],[-49.4265,-28.48],[-49.4287,-28.4587],[-49.4117,-28.4625],[-49.4013,-28.4601],[-49.3975,-28.4642],[-49.3812,-28.4559],[-49.3726,-28.439],[-49.3672,-28.4361],[-49.365,-28.416],[-49.363,-28.4116],[-49.3532,-28.4184],[-49.3454,-28.4165],[-49.3385,-28.4213],[-49.3362,-28.4174],[-49.3271,-28.4111],[-49.328,-28.406],[-49.322,-28.4036],[-49.3164,-28.4055],[-49.3108,-28.4017],[-49.3099,-28.4065],[-49.3035,-28.3993],[-49.3006,-28.4025],[-49.2934,-28.397],[-49.2928,-28.3972],[-49.2887,-28.3954]]]}},{"type":"Feature","properties":{"nome":"Vargeão","cod":"4219101","uf":"SC"},"geometry":{"type":"Polygon","coordinates":[[[-52.0865,-26.6716],[-52.0963,-26.6783],[-52.0861,-26.6778],[-52.086,-26.6873],[-52.0713,-26.6778],[-52.0673,-26.6789],[-52.0701,-26.6861],[-52.0504,-26.6855],[-52.0576,-26.6922],[-52.0475,-26.6948],[-52.052,-26.7101],[-52.0612,-26.7195],[-52.0576,-26.7308],[-52.0511,-26.7353],[-52.0485,-26.7522],[-52.0432,-26.7552],[-52.044,-26.7631],[-52.0466,-26.7654],[-52.0378,-26.7712],[-52.0395,-26.775],[-52.0531,-26.7735],[-52.0542,-26.7761],[-52.0694,-26.7794],[-52.0748,-26.7827],[-52.0861,-26.7773],[-52.0958,-26.7809],[-52.1023,-26.7772],[-52.1062,-26.7819],[-52.1088,-26.7899],[-52.1193,-26.788],[-52.1335,-26.791],[-52.1476,-26.8026],[-52.14,-26.8062],[-52.1388,-26.8216],[-52.1423,-26.8312],[-52.1396,-26.84],[-52.1361,-26.8402],[-52.1349,-26.8531],[-52.1154,-26.8598],[-52.1644,-26.8856],[-52.141,-26.8999],[-52.1392,-26.9057],[-52.1437,-26.9113],[-52.1403,-26.9189],[-52.1452,-26.9292],[-52.1487,-26.9299],[-52.1537,-26.9255],[-52.1594,-26.918],[-52.163,-26.8953],[-52.1809,-26.8814],[-52.1926,-26.8767],[-52.2053,-26.8666],[-52.1945,-26.8457],[-52.198,-26.8427],[-52.1844,-26.8269],[-52.1894,-26.8245],[-52.1895,-26.8102],[-52.1965,-26.799],[-52.1987,-26.7943],[-52.1779,-26.7925],[-52.1805,-26.7901],[-52.1679,-26.7784],[-52.1581,-26.7824],[-52.1529,-26.783],[-52.1461,-26.7607],[-52.1232,-26.725],[-52.1309,-26.7234],[-52.1315,-26.7051],[-52.1436,-26.6929],[-52.1437,-26.6839],[-52.1488,-26.6773],[-52.1443,-26.672],[-52.1333,-26.6787],[-52.1318,-26.6869],[-52.1221,-26.6828],[-52.1172,-26.6811],[-52.1167,-26.6889],[-52.1104,-26.689],[-52.1082,-26.6797],[-52.0999,-26.6808],[-52.101,-26.675],[-52.0901,-26.6694],[-52.0865,-26.6716]]]}},{"type":"Feature","properties":{"nome":"Vargem","cod":"4219150","uf":"SC"},"geometry":{"type":"Polygon","coordinates":[[[-50.9306,-27.3781],[-50.9201,-27.3813],[-50.9063,-27.3792],[-50.9036,-27.3852],[-50.9079,-27.3924],[-50.8976,-27.4002],[-50.9019,-27.4137],[-50.8925,-27.4174],[-50.8917,-27.4262],[-50.8884,-27.4282],[-50.8822,-27.4224],[-50.872,-27.4339],[-50.8507,-27.4275],[-50.8508,-27.4358],[-50.8413,-27.4448],[-50.8363,-27.4406],[-50.8424,-27.432],[-50.8369,-27.4293],[-50.8317,-27.4349],[-50.8266,-27.4332],[-50.8204,-27.4377],[-50.8232,-27.451],[-50.8328,-27.4636],[-50.8342,-27.4742],[-50.8272,-27.4791],[-50.8048,-27.483],[-50.802,-27.4934],[-50.8091,-27.497],[-50.8259,-27.5028],[-50.8334,-27.5155],[-50.8503,-27.5095],[-50.8534,-27.519],[-50.8656,-27.5303],[-50.8621,-27.5376],[-50.862,-27.5377],[-50.8637,-27.5417],[-50.8716,-27.5428],[-50.8861,-27.5353],[-50.8877,-27.5469],[-50.8982,-27.5611],[-50.9039,-27.5524],[-50.9025,-27.538],[-50.9071,-27.533],[-50.9143,-27.5367],[-50.9125,-27.5558],[-50.9163,-27.56],[-50.9269,-27.5593],[-50.948,-27.5511],[-50.9614,-27.5545],[-50.9687,-27.5485],[-50.9646,-27.5388],[-50.9692,-27.5345],[-50.9859,-27.5302],[-50.9903,-27.5334],[-51.0176,-27.531],[-51.0308,-27.5197],[-51.0378,-27.5044],[-51.072,-27.5098],[-51.048,-27.493],[-51.0566,-27.4696],[-51.0554,-27.463],[-51.0665,-27.4546],[-51.066,-27.4399],[-51.0715,-27.4427],[-51.086,-27.44],[-51.0978,-27.433],[-51.1035,-27.4229],[-51.0981,-27.4229],[-51.0907,-27.4154],[-51.08,-27.4179],[-51.0806,-27.4142],[-51.0685,-27.4047],[-51.0522,-27.401],[-51.0484,-27.3948],[-51.0462,-27.3906],[-51.0431,-27.3933],[-51.0263,-27.3888],[-51.0178,-27.3959],[-50.9996,-27.3943],[-50.9918,-27.4023],[-50.9792,-27.3975],[-50.9725,-27.3812],[-50.9618,-27.3792],[-50.9585,-27.3833],[-50.9434,-27.3885],[-50.9306,-27.3781]]]}},{"type":"Feature","properties":{"nome":"Vargem Bonita","cod":"4219176","uf":"SC"},"geometry":{"type":"Polygon","coordinates":[[[-51.7684,-26.8393],[-51.7654,-26.8442],[-51.758,-26.8394],[-51.7538,-26.8414],[-51.7576,-26.8443],[-51.7501,-26.8466],[-51.7491,-26.8417],[-51.7427,-26.8478],[-51.7389,-26.8471],[-51.7387,-26.8524],[-51.7311,-26.8523],[-51.7317,-26.8499],[-51.7282,-26.8524],[-51.7277,-26.8456],[-51.7226,-26.8475],[-51.7234,-26.8525],[-51.7085,-26.8526],[-51.7039,-26.857],[-51.6955,-26.8517],[-51.6899,-26.8583],[-51.6951,-26.8768],[-51.6904,-26.8872],[-51.6743,-26.8845],[-51.6738,-26.9008],[-51.6721,-26.9038],[-51.6742,-26.9128],[-51.686,-26.914],[-51.6914,-26.9306],[-51.6727,-26.9322],[-51.6657,-26.9267],[-51.6527,-26.9316],[-51.6285,-26.9351],[-51.6223,-26.9353],[-51.632,-26.9428],[-51.6487,-26.9451],[-51.6542,-26.9554],[-51.6805,-26.9578],[-51.6969,-26.9863],[-51.6845,-26.9979],[-51.6841,-27.0082],[-51.7007,-27.0049],[-51.7244,-27.0283],[-51.7246,-27.0286],[-51.7332,-27.0397],[-51.7398,-27.0393],[-51.7494,-27.0462],[-51.7571,-27.0419],[-51.7636,-27.0427],[-51.7584,-27.0508],[-51.7927,-27.0504],[-51.792,-27.0454],[-51.8012,-27.0405],[-51.8095,-27.0371],[-51.8049,-27.0331],[-51.8133,-27.0316],[-51.813,-27.0251],[-51.8214,-27.0155],[-51.8264,-27.0147],[-51.8403,-27.0011],[-51.8493,-26.9914],[-51.8622,-26.9843],[-51.862,-26.977],[-51.8535,-26.9702],[-51.841,-26.9646],[-51.8183,-26.9381],[-51.8268,-26.9234],[-51.8236,-26.9117],[-51.8259,-26.9071],[-51.8201,-26.9023],[-51.8206,-26.8836],[-51.8134,-26.8709],[-51.813,-26.8538],[-51.8067,-26.8516],[-51.8093,-26.8561],[-51.8029,-26.8651],[-51.8024,-26.8589],[-51.7949,-26.8603],[-51.7935,-26.8536],[-51.782,-26.8529],[-51.7796,-26.8572],[-51.771,-26.8534],[-51.772,-26.8427],[-51.7684,-26.8393]]]}},{"type":"Feature","properties":{"nome":"Vidal Ramos","cod":"4219200","uf":"SC"},"geometry":{"type":"Polygon","coordinates":[[[-49.2213,-27.2367],[-49.2347,-27.253],[-49.2351,-27.2653],[-49.2519,-27.2844],[-49.2601,-27.2888],[-49.2587,-27.2937],[-49.2633,-27.2938],[-49.2608,-27.2964],[-49.2481,-27.3067],[-49.2251,-27.3115],[-49.2252,-27.3205],[-49.2332,-27.327],[-49.2465,-27.3249],[-49.2714,-27.3323],[-49.279,-27.337],[-49.2783,-27.345],[-49.2933,-27.3556],[-49.2965,-27.3596],[-49.295,-27.3658],[-49.2927,-27.373],[-49.3037,-27.3819],[-49.3094,-27.3926],[-49.3083,-27.4064],[-49.307,-27.4168],[-49.2963,-27.4246],[-49.295,-27.4297],[-49.2934,-27.4385],[-49.2994,-27.4504],[-49.293,-27.4709],[-49.3097,-27.5043],[-49.3234,-27.5201],[-49.325,-27.5333],[-49.3179,-27.5463],[-49.3265,-27.5576],[-49.318,-27.5673],[-49.3186,-27.5724],[-49.3255,-27.5723],[-49.3347,-27.5575],[-49.3485,-27.5579],[-49.3611,-27.5513],[-49.3624,-27.5436],[-49.3584,-27.5355],[-49.3616,-27.517],[-49.3593,-27.5119],[-49.3522,-27.5087],[-49.3523,-27.5016],[-49.358,-27.5003],[-49.3552,-27.4902],[-49.3463,-27.4859],[-49.3426,-27.4752],[-49.3484,-27.4792],[-49.3468,-27.4726],[-49.3524,-27.4743],[-49.3504,-27.4705],[-49.3586,-27.4749],[-49.3546,-27.4674],[-49.3571,-27.4607],[-49.3511,-27.4486],[-49.3494,-27.4428],[-49.358,-27.4486],[-49.3607,-27.4353],[-49.3634,-27.4491],[-49.3681,-27.4543],[-49.3652,-27.4624],[-49.369,-27.4655],[-49.3724,-27.456],[-49.373,-27.4618],[-49.3847,-27.4725],[-49.3824,-27.465],[-49.3851,-27.4645],[-49.3809,-27.46],[-49.3841,-27.4564],[-49.3825,-27.4495],[-49.3962,-27.4579],[-49.4053,-27.4485],[-49.4205,-27.4593],[-49.4248,-27.4718],[-49.43,-27.4514],[-49.4408,-27.4448],[-49.4522,-27.4428],[-49.4594,-27.4462],[-49.466,-27.4432],[-49.4654,-27.4413],[-49.4584,-27.4289],[-49.4689,-27.4227],[-49.466,-27.4141],[-49.4631,-27.4065],[-49.4696,-27.4002],[-49.4657,-27.3983],[-49.4664,-27.387],[-49.4712,-27.3846],[-49.4665,-27.3765],[-49.4693,-27.3648],[-49.4588,-27.3571],[-49.4537,-27.3515],[-49.4378,-27.3479],[-49.414,-27.3508],[-49.4099,-27.3518],[-49.4095,-27.3464],[-49.3996,-27.3417],[-49.4003,-27.3307],[-49.3923,-27.3257],[-49.3705,-27.3249],[-49.3473,-27.3132],[-49.3276,-27.3151],[-49.3221,-27.3219],[-49.317,-27.3116],[-49.3133,-27.3139],[-49.3188,-27.3075],[-49.3124,-27.2978],[-49.3111,-27.2892],[-49.3162,-27.2847],[-49.3095,-27.2817],[-49.3094,-27.2718],[-49.3034,-27.2721],[-49.3039,-27.2677],[-49.2992,-27.2681],[-49.3036,-27.2577],[-49.3013,-27.2556],[-49.2855,-27.2607],[-49.2841,-27.2586],[-49.2839,-27.2581],[-49.2744,-27.2513],[-49.2754,-27.2453],[-49.2689,-27.2446],[-49.2682,-27.2491],[-49.2545,-27.2443],[-49.2516,-27.2432],[-49.2522,-27.2372],[-49.2315,-27.2304],[-49.2221,-27.2312],[-49.2213,-27.2367]]]}},{"type":"Feature","properties":{"nome":"Videira","cod":"4219309","uf":"SC"},"geometry":{"type":"Polygon","coordinates":[[[-51.1796,-26.8814],[-51.1844,-26.8862],[-51.1796,-26.8956],[-51.1833,-26.9003],[-51.1769,-26.9075],[-51.1799,-26.9153],[-51.1638,-26.927],[-51.1657,-26.9351],[-51.1612,-26.9536],[-51.1537,-26.9582],[-51.1443,-26.9508],[-51.1366,-26.9581],[-51.1388,-26.9629],[-51.1278,-26.961],[-51.1217,-26.9805],[-51.117,-26.9839],[-51.0708,-26.9809],[-51.0632,-26.9836],[-51.0634,-26.9881],[-51.0506,-26.991],[-51.0458,-26.9877],[-51.0417,-26.9911],[-51.0349,-26.9887],[-51.028,-26.991],[-51.0263,-26.9973],[-51.0191,-26.9999],[-51.0174,-27.0026],[-51.0172,-27.0027],[-51.0146,-27.0041],[-51.0158,-27.0133],[-51.0044,-27.0362],[-50.9784,-27.0352],[-50.9697,-27.041],[-50.9686,-27.0527],[-50.9723,-27.0624],[-50.9708,-27.077],[-50.9774,-27.0858],[-50.9784,-27.0887],[-50.9842,-27.0888],[-50.9868,-27.0942],[-50.9842,-27.0974],[-50.9874,-27.0999],[-50.9935,-27.0981],[-50.9965,-27.1018],[-50.9933,-27.1085],[-51.0127,-27.1126],[-51.0093,-27.1183],[-51.0177,-27.1186],[-51.0227,-27.1265],[-51.0326,-27.117],[-51.0415,-27.1199],[-51.0433,-27.115],[-51.0329,-27.1087],[-51.0393,-27.1047],[-51.0513,-27.1056],[-51.0495,-27.0986],[-51.0549,-27.0956],[-51.0569,-27.1036],[-51.0666,-27.1068],[-51.0633,-27.1165],[-51.0695,-27.1165],[-51.0703,-27.1127],[-51.0757,-27.1109],[-51.0768,-27.1193],[-51.0694,-27.1186],[-51.0687,-27.124],[-51.0779,-27.1231],[-51.0833,-27.1239],[-51.0893,-27.1152],[-51.0994,-27.1113],[-51.0911,-27.1052],[-51.086,-27.0955],[-51.1022,-27.1015],[-51.1064,-27.1016],[-51.1123,-27.0969],[-51.1213,-27.1037],[-51.1287,-27.098],[-51.1289,-27.106],[-51.1341,-27.1092],[-51.1287,-27.111],[-51.1298,-27.1133],[-51.1425,-27.1123],[-51.1402,-27.1057],[-51.142,-27.0993],[-51.1548,-27.0866],[-51.1476,-27.0781],[-51.1829,-27.0334],[-51.1951,-27.0256],[-51.1963,-27.0289],[-51.2013,-27.0227],[-51.1987,-27.0187],[-51.1959,-27.0142],[-51.2097,-26.9931],[-51.215,-26.9903],[-51.2097,-26.9834],[-51.2156,-26.9788],[-51.211,-26.9731],[-51.2188,-26.9745],[-51.2218,-26.9718],[-51.2158,-26.9602],[-51.2315,-26.9544],[-51.2325,-26.9611],[-51.2525,-26.9613],[-51.252,-26.9694],[-51.2617,-26.9675],[-51.2643,-26.95],[-51.2605,-26.9407],[-51.2636,-26.9357],[-51.2668,-26.925],[-51.2752,-26.9282],[-51.2828,-26.9215],[-51.2809,-26.9176],[-51.2739,-26.9178],[-51.2687,-26.9139],[-51.2773,-26.9056],[-51.2772,-26.8989],[-51.2881,-26.8944],[-51.2762,-26.8882],[-51.2781,-26.8843],[-51.2865,-26.8872],[-51.2803,-26.8785],[-51.2841,-26.8769],[-51.2856,-26.8734],[-51.2455,-26.8847],[-51.2401,-26.8756],[-51.2284,-26.8737],[-51.2263,-26.8666],[-51.2198,-26.8663],[-51.2161,-26.8564],[-51.1995,-26.8486],[-51.1893,-26.8523],[-51.1927,-26.8578],[-51.1821,-26.864],[-51.1784,-26.8703],[-51.1796,-26.8814]]]}},{"type":"Feature","properties":{"nome":"Vitor Meireles","cod":"4219358","uf":"SC"},"geometry":{"type":"Polygon","coordinates":[[[-49.7938,-26.7393],[-49.7924,-26.7486],[-49.7814,-26.7506],[-49.7752,-26.7598],[-49.7723,-26.7713],[-49.772,-26.773],[-49.7539,-26.7764],[-49.75,-26.7852],[-49.7535,-26.7936],[-49.7435,-26.7987],[-49.7339,-26.8175],[-49.7139,-26.8348],[-49.7053,-26.847],[-49.708,-26.851],[-49.7054,-26.8579],[-49.7052,-26.8682],[-49.7194,-26.8585],[-49.7458,-26.8809],[-49.7691,-26.8891],[-49.7801,-26.8927],[-49.782,-26.8851],[-49.7888,-26.8914],[-49.8049,-26.8909],[-49.8045,-26.8971],[-49.811,-26.8931],[-49.8136,-26.8954],[-49.8135,-26.8924],[-49.8174,-26.8974],[-49.8212,-26.8935],[-49.8272,-26.8988],[-49.8325,-26.8966],[-49.8351,-26.9022],[-49.84,-26.9002],[-49.8435,-26.9081],[-49.8474,-26.9029],[-49.8485,-26.9073],[-49.8613,-26.9097],[-49.863,-26.9059],[-49.8678,-26.9061],[-49.8702,-26.9163],[-49.8778,-26.9158],[-49.8798,-26.9088],[-49.887,-26.9058],[-49.893,-26.9126],[-49.9234,-26.9123],[-49.9333,-26.925],[-49.9485,-26.9277],[-49.9578,-26.9189],[-49.9502,-26.9055],[-49.9541,-26.9008],[-49.958,-26.906],[-49.9615,-26.9006],[-49.9579,-26.8958],[-49.9634,-26.8779],[-49.9684,-26.8678],[-49.9582,-26.8588],[-49.9564,-26.8462],[-49.9529,-26.844],[-49.9518,-26.8222],[-49.9469,-26.8148],[-49.9488,-26.8076],[-49.9464,-26.806],[-49.9362,-26.7957],[-49.9294,-26.7969],[-49.9286,-26.7889],[-49.9216,-26.7876],[-49.9165,-26.7905],[-49.9134,-26.7831],[-49.9065,-26.7865],[-49.9057,-26.7791],[-49.9008,-26.7755],[-49.9032,-26.7735],[-49.8903,-26.7537],[-49.89,-26.7412],[-49.8864,-26.7428],[-49.8798,-26.7323],[-49.8747,-26.7315],[-49.8471,-26.7107],[-49.8353,-26.7042],[-49.8286,-26.7055],[-49.8255,-26.7077],[-49.8127,-26.7108],[-49.8072,-26.7158],[-49.8039,-26.7269],[-49.7938,-26.7393]]]}},{"type":"Feature","properties":{"nome":"Witmarsum","cod":"4219408","uf":"SC"},"geometry":{"type":"Polygon","coordinates":[[[-49.782,-26.8851],[-49.7801,-26.8927],[-49.7691,-26.8891],[-49.7701,-26.8932],[-49.76,-26.9029],[-49.7384,-26.9118],[-49.7251,-26.9115],[-49.7232,-26.9171],[-49.7088,-26.9179],[-49.714,-26.9382],[-49.7216,-26.9469],[-49.7289,-26.9586],[-49.7414,-26.9591],[-49.7458,-26.9562],[-49.7533,-26.96],[-49.7568,-26.9581],[-49.7635,-26.9659],[-49.7748,-26.9624],[-49.7699,-26.9576],[-49.7707,-26.9524],[-49.7831,-26.9599],[-49.7886,-26.9572],[-49.791,-26.9536],[-49.7941,-26.9549],[-49.7872,-26.9424],[-49.7905,-26.9397],[-49.8026,-26.9523],[-49.8016,-26.959],[-49.8221,-26.9534],[-49.8172,-26.951],[-49.8137,-26.9429],[-49.8241,-26.9462],[-49.8278,-26.9434],[-49.8317,-26.9478],[-49.838,-26.9462],[-49.8388,-26.9601],[-49.8471,-26.9593],[-49.844,-26.9532],[-49.8465,-26.9472],[-49.855,-26.951],[-49.8602,-26.9482],[-49.8612,-26.973],[-49.8671,-26.9672],[-49.8705,-26.9511],[-49.8724,-26.9493],[-49.8796,-26.9556],[-49.8823,-26.9531],[-49.8852,-26.9599],[-49.8804,-26.984],[-49.8896,-26.9768],[-49.8868,-26.9723],[-49.8919,-26.9605],[-49.8977,-26.9606],[-49.8998,-26.9692],[-49.9034,-26.9614],[-49.9083,-26.9645],[-49.9101,-26.962],[-49.9119,-26.9688],[-49.9101,-26.9861],[-49.9151,-26.994],[-49.8984,-26.9932],[-49.8957,-26.9965],[-49.8966,-26.999],[-49.9149,-27.0],[-49.946,-26.9963],[-49.9463,-26.9877],[-49.9587,-26.9602],[-49.9545,-26.946],[-49.9571,-26.9418],[-49.955,-26.9314],[-49.9485,-26.9277],[-49.9333,-26.925],[-49.9234,-26.9123],[-49.893,-26.9126],[-49.887,-26.9058],[-49.8798,-26.9088],[-49.8778,-26.9158],[-49.8702,-26.9163],[-49.8678,-26.9061],[-49.863,-26.9059],[-49.8613,-26.9097],[-49.8485,-26.9073],[-49.8474,-26.9029],[-49.8435,-26.9081],[-49.84,-26.9002],[-49.8351,-26.9022],[-49.8325,-26.8966],[-49.8272,-26.8988],[-49.8212,-26.8935],[-49.8174,-26.8974],[-49.8135,-26.8924],[-49.8136,-26.8954],[-49.811,-26.8931],[-49.8045,-26.8971],[-49.8049,-26.8909],[-49.7888,-26.8914],[-49.782,-26.8851]]]}},{"type":"Feature","properties":{"nome":"Xanxerê","cod":"4219507","uf":"SC"},"geometry":{"type":"Polygon","coordinates":[[[-52.4307,-26.7524],[-52.4346,-26.7619],[-52.429,-26.767],[-52.4397,-26.7712],[-52.428,-26.7799],[-52.4206,-26.7812],[-52.4207,-26.793],[-52.4159,-26.7943],[-52.4091,-26.79],[-52.4075,-26.7826],[-52.391,-26.7841],[-52.3697,-26.7943],[-52.3632,-26.786],[-52.3551,-26.785],[-52.3538,-26.7869],[-52.3452,-26.7891],[-52.3394,-26.7947],[-52.3368,-26.809],[-52.3299,-26.8088],[-52.3256,-26.8124],[-52.3288,-26.8149],[-52.3254,-26.8172],[-52.3274,-26.8204],[-52.3224,-26.8334],[-52.3074,-26.8461],[-52.3142,-26.8664],[-52.3109,-26.8699],[-52.3108,-26.87],[-52.2944,-26.8874],[-52.3084,-26.9012],[-52.31,-26.912],[-52.3161,-26.9213],[-52.3143,-26.9323],[-52.321,-26.943],[-52.3277,-26.9463],[-52.3381,-26.9455],[-52.3391,-26.9428],[-52.3501,-26.944],[-52.3545,-26.9435],[-52.3482,-26.9511],[-52.3508,-26.9581],[-52.3451,-26.959],[-52.3519,-26.9703],[-52.3669,-26.9697],[-52.3701,-26.9677],[-52.3764,-26.9728],[-52.3749,-26.9836],[-52.3831,-26.9768],[-52.3953,-26.9881],[-52.3939,-26.9976],[-52.3975,-26.9976],[-52.4038,-26.9894],[-52.4191,-27.0065],[-52.4279,-27.0131],[-52.4415,-26.9924],[-52.4533,-26.9954],[-52.4529,-26.9944],[-52.4561,-26.9749],[-52.4532,-26.9718],[-52.4609,-26.9647],[-52.4576,-26.9541],[-52.468,-26.9436],[-52.4705,-26.9315],[-52.4798,-26.9217],[-52.4787,-26.915],[-52.4795,-26.9115],[-52.4799,-26.8987],[-52.4756,-26.89],[-52.4666,-26.8918],[-52.4721,-26.8574],[-52.4728,-26.8514],[-52.4794,-26.8448],[-52.4989,-26.8422],[-52.528,-26.8303],[-52.5291,-26.8245],[-52.5342,-26.8082],[-52.5066,-26.7948],[-52.51,-26.7886],[-52.5224,-26.7893],[-52.5213,-26.7755],[-52.5126,-26.7765],[-52.5028,-26.7886],[-52.4989,-26.7885],[-52.5024,-26.7757],[-52.4925,-26.7702],[-52.4987,-26.7539],[-52.4892,-26.7633],[-52.4782,-26.7598],[-52.4672,-26.7656],[-52.4671,-26.761],[-52.4642,-26.7575],[-52.4613,-26.7508],[-52.4543,-26.7546],[-52.4424,-26.7488],[-52.4307,-26.7524]]]}},{"type":"Feature","properties":{"nome":"Xavantina","cod":"4219606","uf":"SC"},"geometry":{"type":"Polygon","coordinates":[[[-52.2434,-26.9456],[-52.2422,-26.9537],[-52.234,-26.9479],[-52.2407,-26.9898],[-52.2462,-27.0237],[-52.2485,-27.0383],[-52.2513,-27.0688],[-52.2582,-27.0687],[-52.2581,-27.0755],[-52.2703,-27.0777],[-52.2953,-27.0776],[-52.2951,-27.0868],[-52.3081,-27.087],[-52.3078,-27.0916],[-52.3287,-27.0901],[-52.3297,-27.0887],[-52.3791,-27.0855],[-52.3794,-27.0886],[-52.3897,-27.0903],[-52.4002,-27.0905],[-52.4007,-27.0736],[-52.4016,-27.036],[-52.4131,-27.036],[-52.4136,-27.0187],[-52.4135,-27.0084],[-52.4191,-27.0065],[-52.4038,-26.9894],[-52.3975,-26.9976],[-52.3939,-26.9976],[-52.3953,-26.9881],[-52.3831,-26.9768],[-52.3749,-26.9836],[-52.3764,-26.9728],[-52.3701,-26.9677],[-52.3669,-26.9697],[-52.3519,-26.9703],[-52.3451,-26.959],[-52.3508,-26.9581],[-52.3482,-26.9511],[-52.3545,-26.9435],[-52.3501,-26.944],[-52.3391,-26.9428],[-52.3381,-26.9455],[-52.3358,-26.9518],[-52.3402,-26.9568],[-52.3398,-26.965],[-52.3302,-26.9649],[-52.315,-26.9756],[-52.3123,-26.9755],[-52.3129,-26.9603],[-52.3092,-26.9541],[-52.2987,-26.9556],[-52.3,-26.9602],[-52.2966,-26.9616],[-52.2858,-26.9589],[-52.2865,-26.95],[-52.2814,-26.9469],[-52.2663,-26.9603],[-52.2599,-26.9466],[-52.2646,-26.9446],[-52.2613,-26.9399],[-52.2539,-26.9389],[-52.2502,-26.9424],[-52.2434,-26.9456]]]}},{"type":"Feature","properties":{"nome":"Xaxim","cod":"4219705","uf":"SC"},"geometry":{"type":"Polygon","coordinates":[[[-52.4721,-26.8574],[-52.4666,-26.8918],[-52.4756,-26.89],[-52.4799,-26.8987],[-52.4795,-26.9115],[-52.4787,-26.915],[-52.4798,-26.9217],[-52.4705,-26.9315],[-52.468,-26.9436],[-52.4576,-26.9541],[-52.4609,-26.9647],[-52.4532,-26.9718],[-52.4561,-26.9749],[-52.4529,-26.9944],[-52.4533,-26.9954],[-52.4644,-27.0063],[-52.4663,-27.0139],[-52.463,-27.0254],[-52.4491,-27.0296],[-52.447,-27.0248],[-52.4359,-27.0312],[-52.4495,-27.0373],[-52.4443,-27.0526],[-52.4486,-27.056],[-52.4523,-27.0579],[-52.4595,-27.0439],[-52.4716,-27.0415],[-52.4791,-27.0475],[-52.473,-27.0497],[-52.4614,-27.0745],[-52.4591,-27.0783],[-52.4688,-27.0793],[-52.4743,-27.0731],[-52.4793,-27.0738],[-52.4851,-27.0779],[-52.4876,-27.0903],[-52.4995,-27.0885],[-52.5088,-27.0934],[-52.5163,-27.0943],[-52.5176,-27.0878],[-52.5144,-27.0838],[-52.5248,-27.0798],[-52.5317,-27.0803],[-52.5367,-27.0734],[-52.5389,-27.0776],[-52.5408,-27.0759],[-52.5455,-27.0694],[-52.5529,-27.0705],[-52.5627,-27.0593],[-52.5549,-27.059],[-52.5597,-27.0523],[-52.5723,-27.0507],[-52.5718,-27.0485],[-52.572,-27.0405],[-52.5861,-27.0343],[-52.5886,-27.0284],[-52.585,-26.9734],[-52.5933,-26.9809],[-52.5909,-26.9616],[-52.5985,-26.9568],[-52.6154,-26.9334],[-52.6214,-26.9254],[-52.6315,-26.9211],[-52.6177,-26.9082],[-52.6296,-26.8962],[-52.6256,-26.8877],[-52.6364,-26.879],[-52.6226,-26.8732],[-52.6208,-26.8645],[-52.6084,-26.8848],[-52.5881,-26.8936],[-52.5776,-26.8907],[-52.5717,-26.8891],[-52.5567,-26.8849],[-52.5528,-26.8747],[-52.5407,-26.874],[-52.5382,-26.8777],[-52.5344,-26.8751],[-52.5279,-26.8775],[-52.5106,-26.868],[-52.5054,-26.8695],[-52.48,-26.8563],[-52.4721,-26.8574]]]}},{"type":"Feature","properties":{"nome":"Zortéa","cod":"4219853","uf":"SC"},"geometry":{"type":"Polygon","coordinates":[[[-51.4957,-27.3916],[-51.4789,-27.3978],[-51.4681,-27.3891],[-51.4618,-27.4003],[-51.4685,-27.406],[-51.4677,-27.4203],[-51.472,-27.4225],[-51.4699,-27.4303],[-51.4634,-27.4337],[-51.4607,-27.4269],[-51.4462,-27.4206],[-51.4494,-27.4274],[-51.4395,-27.4374],[-51.4467,-27.4635],[-51.4598,-27.465],[-51.4662,-27.4734],[-51.4679,-27.4817],[-51.4977,-27.4836],[-51.4973,-27.4933],[-51.4929,-27.4967],[-51.5007,-27.4987],[-51.5006,-27.5099],[-51.5063,-27.5102],[-51.5067,-27.5302],[-51.5217,-27.5261],[-51.5224,-27.535],[-51.5267,-27.5387],[-51.5337,-27.5385],[-51.5331,-27.5465],[-51.5374,-27.5454],[-51.5486,-27.5596],[-51.5549,-27.5671],[-51.5578,-27.5811],[-51.5599,-27.5834],[-51.5675,-27.5844],[-51.5779,-27.5766],[-51.5851,-27.5692],[-51.5865,-27.5628],[-51.5775,-27.5296],[-51.5816,-27.5226],[-51.5935,-27.5249],[-51.6073,-27.5412],[-51.618,-27.5461],[-51.626,-27.5448],[-51.631,-27.5311],[-51.6192,-27.5003],[-51.6222,-27.4937],[-51.6317,-27.4884],[-51.6343,-27.4815],[-51.6281,-27.4775],[-51.6255,-27.48],[-51.6194,-27.4786],[-51.6166,-27.4837],[-51.6134,-27.4817],[-51.6095,-27.4892],[-51.6,-27.4866],[-51.5905,-27.4743],[-51.5815,-27.4758],[-51.573,-27.4631],[-51.5635,-27.4617],[-51.5566,-27.454],[-51.5569,-27.4533],[-51.5552,-27.4442],[-51.5581,-27.4374],[-51.5522,-27.4303],[-51.5533,-27.3999],[-51.5445,-27.3941],[-51.5338,-27.3939],[-51.5307,-27.3895],[-51.4957,-27.3916]]]}}]}