{"type":"FeatureCollection","metadata":{"fonte":"IBGE, via github.com/tbrugz/geodata-br"},"features":[{"type":"Feature","properties":{"nome":"Abreulândia","cod":"1700251","uf":"TO"},"geometry":{"type":"Polygon","coordinates":[[[-49.6892,-9.174],[-49.6833,-9.1832],[-49.6803,-9.18],[-49.6753,-9.1819],[-49.6729,-9.1888],[-49.6621,-9.1987],[-49.6609,-9.2047],[-49.6505,-9.2106],[-49.6393,-9.2108],[-49.6187,-9.2224],[-49.6113,-9.2307],[-49.5987,-9.2588],[-49.5719,-9.263],[-49.5503,-9.2742],[-49.5404,-9.2709],[-49.535,-9.2602],[-49.5229,-9.2573],[-49.4991,-9.2656],[-49.4958,-9.2694],[-49.4597,-9.2779],[-49.4514,-9.2403],[-49.4363,-9.2303],[-49.4287,-9.2127],[-49.3998,-9.1851],[-49.3952,-9.1718],[-49.3995,-9.1654],[-49.394,-9.1606],[-49.3879,-9.1694],[-49.3911,-9.1741],[-49.3833,-9.1782],[-49.3804,-9.1851],[-49.3745,-9.1866],[-49.3769,-9.1952],[-49.372,-9.1949],[-49.3704,-9.198],[-49.3724,-9.2033],[-49.3679,-9.2069],[-49.3701,-9.2086],[-49.3673,-9.21],[-49.3698,-9.2131],[-49.3674,-9.2232],[-49.3615,-9.2259],[-49.3639,-9.233],[-49.3603,-9.2347],[-49.3602,-9.2392],[-49.3639,-9.2387],[-49.3661,-9.2431],[-49.3631,-9.2446],[-49.3639,-9.2488],[-49.3589,-9.2535],[-49.3519,-9.2533],[-49.3503,-9.2631],[-49.337,-9.2653],[-49.3358,-9.2707],[-49.3327,-9.2704],[-49.3295,-9.2762],[-49.3318,-9.2789],[-49.3243,-9.2862],[-49.3273,-9.2889],[-49.3267,-9.2934],[-49.323,-9.2942],[-49.3254,-9.2975],[-49.3179,-9.3013],[-49.3166,-9.3081],[-49.3111,-9.3091],[-49.3091,-9.315],[-49.3112,-9.3162],[-49.3001,-9.3162],[-49.2897,-9.3229],[-49.2908,-9.3276],[-49.2785,-9.3333],[-49.2681,-9.3503],[-49.266,-9.3623],[-49.2698,-9.3642],[-49.2673,-9.3681],[-49.2693,-9.374],[-49.2626,-9.3849],[-49.2636,-9.3927],[-49.2681,-9.395],[-49.264,-9.4029],[-49.265,-9.4117],[-49.2547,-9.4198],[-49.2536,-9.4333],[-49.2479,-9.4385],[-49.2494,-9.4472],[-49.2464,-9.4514],[-49.2495,-9.458],[-49.2426,-9.4565],[-49.2335,-9.4624],[-49.2316,-9.4751],[-49.2204,-9.4869],[-49.2202,-9.4901],[-49.2247,-9.4903],[-49.2232,-9.4942],[-49.2174,-9.4953],[-49.2163,-9.4921],[-49.2072,-9.4911],[-49.2019,-9.4934],[-49.1983,-9.5011],[-49.192,-9.502],[-49.1895,-9.5098],[-49.1819,-9.5167],[-49.1824,-9.5263],[-49.1757,-9.543],[-49.159,-9.5488],[-49.1629,-9.5573],[-49.1614,-9.5605],[-49.1485,-9.5701],[-49.1417,-9.5704],[-49.1312,-9.5629],[-49.1199,-9.5628],[-49.1164,-9.5686],[-49.1082,-9.5652],[-49.1011,-9.5664],[-49.0949,-9.5734],[-49.0856,-9.5655],[-49.0767,-9.5684],[-49.0708,-9.5733],[-49.0458,-9.5737],[-49.0355,-9.5887],[-49.0183,-9.5892],[-49.01,-9.5833],[-48.996,-9.5884],[-48.9909,-9.5983],[-48.9785,-9.5955],[-48.9709,-9.5972],[-48.9667,-9.6143],[-48.9558,-9.6244],[-48.9571,-9.6321],[-48.9534,-9.641],[-48.9555,-9.6469],[-48.9503,-9.6496],[-48.9451,-9.645],[-48.9398,-9.6459],[-48.938,-9.6503],[-48.9406,-9.6559],[-48.929,-9.6607],[-48.9257,-9.6585],[-48.9231,-9.6625],[-48.9206,-9.6531],[-48.9154,-9.6581],[-48.9049,-9.6557],[-48.9011,-9.6612],[-48.9071,-9.6647],[-48.9073,-9.6754],[-48.8994,-9.6781],[-48.8853,-9.6716],[-48.8783,-9.6805],[-48.8752,-9.6798],[-48.8782,-9.6852],[-48.886,-9.6862],[-48.8897,-9.6979],[-48.8887,-9.707],[-48.8768,-9.7133],[-48.869,-9.733],[-48.8678,-9.7504],[-48.8829,-9.7618],[-48.8861,-9.7715],[-48.9087,-9.7355],[-48.9176,-9.7293],[-48.9199,-9.7333],[-48.9252,-9.7306],[-48.9354,-9.7335],[-48.9401,-9.7179],[-48.9673,-9.7187],[-48.9749,-9.7123],[-48.9986,-9.7169],[-49.0027,-9.7215],[-49.0217,-9.7276],[-49.0366,-9.7283],[-49.0462,-9.7236],[-49.0712,-9.7218],[-49.1102,-9.7269],[-49.1196,-9.7327],[-49.1525,-9.7371],[-49.1656,-9.7427],[-49.1707,-9.7407],[-49.1708,-9.7355],[-49.1764,-9.7301],[-49.1822,-9.7329],[-49.1869,-9.7281],[-49.1873,-9.728],[-49.1998,-9.728],[-49.2118,-9.7235],[-49.2296,-9.7118],[-49.2417,-9.7132],[-49.2501,-9.7181],[-49.2574,-9.7104],[-49.2655,-9.7095],[-49.2688,-9.6986],[-49.2981,-9.6718],[-49.2997,-9.6566],[-49.3092,-9.6511],[-49.3083,-9.6392],[-49.3153,-9.623],[-49.3187,-9.6238],[-49.3256,-9.611],[-49.3329,-9.6104],[-49.3372,-9.6062],[-49.3413,-9.5938],[-49.3566,-9.58],[-49.3557,-9.5761],[-49.3634,-9.5759],[-49.3678,-9.5685],[-49.3822,-9.5589],[-49.3873,-9.5594],[-49.3929,-9.5483],[-49.4,-9.5469],[-49.4001,-9.5429],[-49.4062,-9.5405],[-49.4082,-9.5338],[-49.406,-9.5312],[-49.4108,-9.5219],[-49.4164,-9.5231],[-49.4206,-9.5194],[-49.4245,-9.5163],[-49.4251,-9.4982],[-49.4325,-9.4785],[-49.4536,-9.4576],[-49.4631,-9.4414],[-49.4728,-9.4412],[-49.4889,-9.426],[-49.4985,-9.4255],[-49.5157,-9.4137],[-49.5338,-9.4144],[-49.5392,-9.4073],[-49.5524,-9.4092],[-49.5658,-9.4008],[-49.5637,-9.385],[-49.569,-9.3749],[-49.5662,-9.3637],[-49.572,-9.3541],[-49.5781,-9.3509],[-49.5775,-9.3447],[-49.5863,-9.3246],[-49.5974,-9.3151],[-49.6115,-9.3141],[-49.6226,-9.3076],[-49.6278,-9.3082],[-49.6299,-9.3141],[-49.6395,-9.3141],[-49.6442,-9.3173],[-49.6612,-9.3154],[-49.6709,-9.3234],[-49.6725,-9.3212],[-49.6836,-9.3229],[-49.6862,-9.326],[-49.6965,-9.3249],[-49.7082,-9.3405],[-49.7145,-9.3413],[-49.7206,-9.3478],[-49.7312,-9.3484],[-49.7237,-9.3241],[-49.7174,-9.3123],[-49.7243,-9.3111],[-49.7226,-9.3016],[-49.7086,-9.2976],[-49.7066,-9.2939],[-49.722,-9.2832],[-49.7252,-9.2693],[-49.7151,-9.2609],[-49.7132,-9.2517],[-49.7059,-9.2424],[-49.7044,-9.2318],[-49.7123,-9.2275],[-49.7149,-9.2201],[-49.7015,-9.2111],[-49.7012,-9.1993],[-49.7202,-9.1852],[-49.7097,-9.1742],[-49.7041,-9.1708],[-49.7062,-9.1675],[-49.7036,-9.1631],[-49.6996,-9.1692],[-49.6892,-9.174]]]}},{"type":"Feature","properties":{"nome":"Aguiarnópolis","cod":"1700301","uf":"TO"},"geometry":{"type":"Polygon","coordinates":[[[-47.5761,-6.4143],[-47.5421,-6.4369],[-47.5268,-6.4299],[-47.4944,-6.4345],[-47.4657,-6.4514],[-47.4557,-6.4474],[-47.4391,-6.4268],[-47.4315,-6.4251],[-47.4338,-6.4308],[-47.4159,-6.4835],[-47.4248,-6.497],[-47.4338,-6.504],[-47.4561,-6.5379],[-47.4584,-6.5492],[-47.4595,-6.5589],[-47.4606,-6.5617],[-47.464,-6.5852],[-47.4801,-6.5885],[-47.5052,-6.572],[-47.5069,-6.5601],[-47.5772,-6.4996],[-47.5775,-6.4993],[-47.6002,-6.4796],[-47.6003,-6.4796],[-47.6346,-6.4497],[-47.6311,-6.4425],[-47.622,-6.443],[-47.621,-6.4303],[-47.6185,-6.4337],[-47.6039,-6.4326],[-47.5839,-6.4153],[-47.5761,-6.4143]]]}},{"type":"Feature","properties":{"nome":"Aliança do Tocantins","cod":"1700350","uf":"TO"},"geometry":{"type":"Polygon","coordinates":[[[-48.6956,-11.1752],[-48.688,-11.1898],[-48.6744,-11.1842],[-48.6633,-11.1862],[-48.6565,-11.1816],[-48.6454,-11.1884],[-48.6511,-11.1989],[-48.6448,-11.215],[-48.647,-11.2257],[-48.6364,-11.2624],[-48.6304,-11.2667],[-48.6295,-11.2785],[-48.6014,-11.2758],[-48.6008,-11.2833],[-48.597,-11.2863],[-48.592,-11.2852],[-48.5832,-11.3032],[-48.5704,-11.3071],[-48.5657,-11.3135],[-48.5658,-11.3261],[-48.548,-11.3492],[-48.5476,-11.3695],[-48.5421,-11.3829],[-48.5685,-11.3948],[-48.5834,-11.3906],[-48.606,-11.378],[-48.6077,-11.3815],[-48.6245,-11.3868],[-48.6274,-11.3909],[-48.6353,-11.3912],[-48.6565,-11.379],[-48.6624,-11.3854],[-48.6862,-11.384],[-48.7011,-11.3882],[-48.704,-11.3778],[-48.7276,-11.3569],[-48.7411,-11.3572],[-48.7471,-11.3539],[-48.7661,-11.3683],[-48.7739,-11.3926],[-48.7736,-11.4046],[-48.784,-11.4178],[-48.7794,-11.4267],[-48.7851,-11.4361],[-48.786,-11.4472],[-48.7998,-11.4543],[-48.8124,-11.4609],[-48.8302,-11.4624],[-48.8384,-11.4679],[-48.8582,-11.4694],[-48.8668,-11.4848],[-48.8744,-11.4887],[-48.8727,-11.493],[-48.8815,-11.5177],[-48.8786,-11.5261],[-48.8824,-11.5421],[-48.8915,-11.5518],[-48.907,-11.5555],[-48.9252,-11.5344],[-48.9336,-11.532],[-48.9362,-11.5264],[-48.95,-11.5176],[-48.9945,-11.4868],[-48.9952,-11.4804],[-49.0074,-11.4707],[-49.0119,-11.4513],[-49.0237,-11.443],[-49.0351,-11.4396],[-49.0453,-11.429],[-49.0524,-11.4283],[-49.0554,-11.4153],[-49.064,-11.4122],[-49.0728,-11.3974],[-49.082,-11.3992],[-49.093,-11.3945],[-49.0983,-11.3985],[-49.11,-11.399],[-49.116,-11.3933],[-49.1137,-11.3902],[-49.1163,-11.3835],[-49.1133,-11.3808],[-49.1235,-11.3657],[-49.1334,-11.3493],[-49.138,-11.3477],[-49.1367,-11.3425],[-49.1409,-11.336],[-49.1486,-11.3288],[-49.1617,-11.3251],[-49.1726,-11.3327],[-49.1796,-11.3272],[-49.1868,-11.3285],[-49.2054,-11.3457],[-49.2152,-11.3388],[-49.2182,-11.3294],[-49.2248,-11.3254],[-49.2332,-11.3253],[-49.2331,-11.3281],[-49.2464,-11.3357],[-49.2486,-11.3327],[-49.249,-11.3284],[-49.2562,-11.3221],[-49.2608,-11.3246],[-49.2709,-11.3219],[-49.2635,-11.3061],[-49.275,-11.2957],[-49.2803,-11.2981],[-49.2859,-11.2946],[-49.2957,-11.295],[-49.3028,-11.275],[-49.3111,-11.2729],[-49.3146,-11.2616],[-49.3263,-11.2578],[-49.3301,-11.2508],[-49.3231,-11.2423],[-49.3144,-11.2417],[-49.2973,-11.2312],[-49.2811,-11.239],[-49.2717,-11.2398],[-49.2593,-11.233],[-49.2413,-11.2366],[-49.2227,-11.2259],[-49.2099,-11.2328],[-49.2047,-11.2253],[-49.1935,-11.2226],[-49.1901,-11.2099],[-49.1829,-11.2059],[-49.18,-11.1901],[-49.1751,-11.188],[-49.1736,-11.2067],[-49.1538,-11.2269],[-49.1186,-11.2375],[-49.0928,-11.2439],[-49.0716,-11.2532],[-48.9849,-11.244],[-48.9633,-11.2501],[-48.9408,-11.2344],[-48.9342,-11.2352],[-48.9282,-11.231],[-48.9245,-11.2173],[-48.9216,-11.2172],[-48.9124,-11.2514],[-48.8996,-11.2522],[-48.8949,-11.2562],[-48.8779,-11.2469],[-48.8683,-11.2364],[-48.8573,-11.233],[-48.8387,-11.2407],[-48.8206,-11.2358],[-48.8106,-11.2274],[-48.8008,-11.2126],[-48.7854,-11.2112],[-48.7578,-11.1981],[-48.7391,-11.2009],[-48.7293,-11.1981],[-48.7182,-11.1769],[-48.7169,-11.164],[-48.7121,-11.1695],[-48.6956,-11.1752]]]}},{"type":"Feature","properties":{"nome":"Almas","cod":"1700400","uf":"TO"},"geometry":{"type":"Polygon","coordinates":[[[-47.2654,-10.9776],[-47.262,-10.9882],[-47.259,-10.9891],[-47.2564,-11.0041],[-47.2511,-10.9954],[-47.2459,-10.9967],[-47.2401,-11.0058],[-47.2313,-11.0094],[-47.2212,-11.0077],[-47.2207,-11.025],[-47.213,-11.0228],[-47.1999,-11.03],[-47.1954,-11.0269],[-47.1902,-11.0365],[-47.1928,-11.0388],[-47.1838,-11.0363],[-47.1812,-11.0396],[-47.1739,-11.0395],[-47.1691,-11.045],[-47.1596,-11.0436],[-47.1551,-11.0506],[-47.1583,-11.0588],[-47.1536,-11.0597],[-47.1501,-11.0671],[-47.147,-11.0655],[-47.1473,-11.0735],[-47.1416,-11.0855],[-47.1253,-11.1063],[-47.1217,-11.1035],[-47.1071,-11.105],[-47.1041,-11.1127],[-47.0941,-11.1175],[-47.0909,-11.1243],[-47.0717,-11.131],[-47.067,-11.1382],[-47.0636,-11.1333],[-47.054,-11.1336],[-47.0377,-11.1538],[-47.0206,-11.1615],[-47.0201,-11.1624],[-47.0074,-11.1553],[-47.0013,-11.1631],[-46.9827,-11.1637],[-46.9706,-11.1531],[-46.9627,-11.1547],[-46.9511,-11.1463],[-46.9416,-11.1443],[-46.9391,-11.1393],[-46.9341,-11.1403],[-46.9278,-11.1322],[-46.9211,-11.134],[-46.9082,-11.1228],[-46.8886,-11.1194],[-46.882,-11.1222],[-46.8642,-11.1101],[-46.8535,-11.1123],[-46.8436,-11.0976],[-46.8361,-11.0964],[-46.8328,-11.0912],[-46.8119,-11.0968],[-46.795,-11.0905],[-46.7904,-11.098],[-46.7825,-11.0972],[-46.7809,-11.1018],[-46.7638,-11.0993],[-46.7583,-11.1027],[-46.7444,-11.1234],[-46.7163,-11.1234],[-46.703,-11.1292],[-46.6972,-11.1369],[-46.7113,-11.201],[-46.7202,-11.2026],[-46.728,-11.1948],[-46.7426,-11.1961],[-46.7575,-11.2168],[-46.774,-11.2203],[-46.7868,-11.2165],[-46.7933,-11.2247],[-46.8094,-11.2347],[-46.8118,-11.2558],[-46.8174,-11.2629],[-46.8878,-11.299],[-46.8986,-11.3174],[-46.9021,-11.3307],[-46.9027,-11.3318],[-46.9122,-11.3371],[-46.922,-11.3495],[-46.9252,-11.3462],[-46.9497,-11.3441],[-46.9604,-11.3523],[-46.9618,-11.359],[-46.9669,-11.3602],[-46.9642,-11.3797],[-46.9749,-11.3895],[-46.9779,-11.3965],[-47.0101,-11.3685],[-47.0136,-11.3619],[-47.0177,-11.3611],[-47.0194,-11.3539],[-47.0338,-11.3553],[-47.0392,-11.3529],[-47.0467,-11.3596],[-47.0514,-11.3561],[-47.0644,-11.3567],[-47.0762,-11.3636],[-47.0909,-11.363],[-47.0958,-11.3684],[-47.1098,-11.3739],[-47.1207,-11.372],[-47.1158,-11.3838],[-47.1028,-11.3887],[-47.0991,-11.3842],[-47.0966,-11.3858],[-47.0856,-11.4046],[-47.0797,-11.4226],[-47.0819,-11.4288],[-47.089,-11.4331],[-47.0841,-11.4381],[-47.1081,-11.4446],[-47.1187,-11.4515],[-47.1208,-11.4684],[-47.1261,-11.4733],[-47.113,-11.4682],[-47.1045,-11.4706],[-47.089,-11.4954],[-47.0911,-11.5142],[-47.0844,-11.5222],[-47.0823,-11.5326],[-47.1453,-11.6145],[-47.1477,-11.6176],[-47.1437,-11.6204],[-47.1438,-11.6282],[-47.1516,-11.6529],[-47.1453,-11.6701],[-47.1509,-11.6835],[-47.1398,-11.6888],[-47.1335,-11.7054],[-47.1464,-11.7194],[-47.1537,-11.7343],[-47.1527,-11.7477],[-47.1559,-11.7581],[-47.1614,-11.7571],[-47.1671,-11.7606],[-47.1783,-11.7721],[-47.1771,-11.7882],[-47.1878,-11.793],[-47.1804,-11.8027],[-47.1816,-11.8151],[-47.1759,-11.8206],[-47.1885,-11.8245],[-47.195,-11.8319],[-47.1993,-11.8313],[-47.2091,-11.8446],[-47.2095,-11.8498],[-47.2118,-11.8463],[-47.2226,-11.8474],[-47.2314,-11.8384],[-47.249,-11.8517],[-47.2513,-11.8484],[-47.2581,-11.8508],[-47.2688,-11.8485],[-47.2811,-11.8615],[-47.2839,-11.8694],[-47.2895,-11.8699],[-47.2969,-11.8804],[-47.3131,-11.8802],[-47.32,-11.8843],[-47.3287,-11.8824],[-47.3407,-11.8884],[-47.3419,-11.898],[-47.3473,-11.905],[-47.3798,-11.9157],[-47.3904,-11.9414],[-47.4117,-11.9496],[-47.4131,-11.9538],[-47.422,-11.9538],[-47.4216,-11.9627],[-47.4267,-11.9656],[-47.4416,-11.9689],[-47.4493,-11.9575],[-47.4705,-11.9606],[-47.4751,-11.9639],[-47.4838,-11.9601],[-47.486,-11.9557],[-47.4947,-11.9541],[-47.495,-11.9488],[-47.5015,-11.9464],[-47.4984,-11.9381],[-47.504,-11.9302],[-47.5208,-11.9176],[-47.5286,-11.9159],[-47.5345,-11.919],[-47.5523,-11.9112],[-47.5536,-11.9029],[-47.5465,-11.8908],[-47.5462,-11.8823],[-47.5405,-11.8786],[-47.5408,-11.8749],[-47.5228,-11.8755],[-47.5218,-11.8699],[-47.526,-11.8655],[-47.5128,-11.8607],[-47.5113,-11.8456],[-47.501,-11.849],[-47.4972,-11.8431],[-47.4932,-11.8443],[-47.4906,-11.8413],[-47.4838,-11.8461],[-47.4752,-11.8416],[-47.4638,-11.8475],[-47.4648,-11.8398],[-47.456,-11.8371],[-47.4555,-11.8327],[-47.4489,-11.8338],[-47.4503,-11.8278],[-47.4418,-11.8228],[-47.4436,-11.8152],[-47.4361,-11.8037],[-47.4394,-11.8002],[-47.4347,-11.7964],[-47.4367,-11.7913],[-47.433,-11.7862],[-47.4303,-11.7852],[-47.4281,-11.7889],[-47.4227,-11.7853],[-47.4253,-11.7806],[-47.4288,-11.7715],[-47.4374,-11.7641],[-47.4356,-11.754],[-47.4443,-11.7416],[-47.4462,-11.7318],[-47.4504,-11.731],[-47.4504,-11.7216],[-47.4576,-11.7156],[-47.4543,-11.6999],[-47.4443,-11.701],[-47.4479,-11.6892],[-47.4407,-11.6907],[-47.4416,-11.6687],[-47.4331,-11.655],[-47.4313,-11.643],[-47.4337,-11.6355],[-47.4406,-11.632],[-47.4381,-11.6269],[-47.4497,-11.6178],[-47.4483,-11.6127],[-47.4408,-11.6089],[-47.4411,-11.6027],[-47.4334,-11.5977],[-47.4374,-11.5912],[-47.4354,-11.5833],[-47.4289,-11.5839],[-47.4227,-11.5643],[-47.4295,-11.5628],[-47.4304,-11.5524],[-47.4353,-11.5517],[-47.4368,-11.5461],[-47.4471,-11.5412],[-47.4453,-11.5394],[-47.4548,-11.5394],[-47.4578,-11.5356],[-47.4629,-11.5407],[-47.4649,-11.5325],[-47.4598,-11.5275],[-47.466,-11.5231],[-47.4726,-11.5234],[-47.4776,-11.518],[-47.4724,-11.4875],[-47.4786,-11.479],[-47.4826,-11.4625],[-47.4785,-11.4529],[-47.4815,-11.4427],[-47.4746,-11.4423],[-47.4728,-11.4353],[-47.469,-11.4345],[-47.4723,-11.4218],[-47.4692,-11.4089],[-47.4597,-11.4051],[-47.4646,-11.3983],[-47.4605,-11.3901],[-47.4473,-11.3692],[-47.4389,-11.3684],[-47.4396,-11.3656],[-47.427,-11.3529],[-47.4211,-11.3371],[-47.4136,-11.3292],[-47.4042,-11.3103],[-47.4064,-11.304],[-47.4015,-11.2974],[-47.3959,-11.2738],[-47.4092,-11.2675],[-47.3964,-11.2592],[-47.389,-11.2596],[-47.3819,-11.2534],[-47.3819,-11.246],[-47.3751,-11.2436],[-47.3745,-11.2328],[-47.3629,-11.2166],[-47.3722,-11.2108],[-47.3562,-11.1831],[-47.3526,-11.1791],[-47.3349,-11.1758],[-47.333,-11.1711],[-47.3168,-11.1621],[-47.3136,-11.157],[-47.3134,-11.1466],[-47.3207,-11.1321],[-47.3183,-11.1201],[-47.3263,-11.104],[-47.3363,-11.0979],[-47.3389,-11.088],[-47.3268,-11.0583],[-47.3278,-11.0252],[-47.3326,-11.0048],[-47.3269,-10.9956],[-47.3184,-10.9986],[-47.3186,-10.9888],[-47.3156,-10.9938],[-47.3028,-10.9975],[-47.298,-10.9888],[-47.2834,-10.985],[-47.2835,-10.9821],[-47.2681,-10.9833],[-47.2654,-10.9776]]]}},{"type":"Feature","properties":{"nome":"Alvorada","cod":"1700707","uf":"TO"},"geometry":{"type":"Polygon","coordinates":[[[-49.0191,-12.2428],[-49.0043,-12.2589],[-48.9843,-12.2667],[-48.9731,-12.2649],[-48.9406,-12.2769],[-48.9262,-12.2934],[-48.9211,-12.2937],[-48.9107,-12.295],[-48.9073,-12.3121],[-48.9023,-12.3167],[-48.9028,-12.3233],[-48.9114,-12.3319],[-48.9257,-12.3275],[-48.9349,-12.3356],[-48.9231,-12.3457],[-48.9221,-12.3511],[-48.9309,-12.3542],[-48.936,-12.3629],[-48.9428,-12.3663],[-48.9309,-12.3714],[-48.9281,-12.3819],[-48.9306,-12.3951],[-48.938,-12.3993],[-48.948,-12.3984],[-48.9572,-12.4117],[-48.9641,-12.4085],[-48.9623,-12.4055],[-48.9667,-12.4056],[-48.9703,-12.4165],[-48.9785,-12.424],[-48.9844,-12.4205],[-48.9924,-12.4211],[-48.9939,-12.4244],[-49.0044,-12.424],[-49.0094,-12.4355],[-49.0086,-12.4398],[-49.0022,-12.4396],[-48.9969,-12.444],[-48.9982,-12.4539],[-48.9919,-12.4587],[-48.9953,-12.4637],[-48.9925,-12.4727],[-48.9827,-12.4823],[-48.9909,-12.485],[-48.9962,-12.4825],[-48.9975,-12.4869],[-48.9873,-12.4918],[-48.9964,-12.4943],[-49.0257,-12.4972],[-49.029,-12.5112],[-49.0258,-12.5251],[-49.0328,-12.5545],[-49.0298,-12.5728],[-49.0344,-12.5875],[-49.0453,-12.5989],[-49.0525,-12.6173],[-49.0695,-12.6252],[-49.0769,-12.6327],[-49.0769,-12.6378],[-49.0886,-12.6419],[-49.1159,-12.6169],[-49.1149,-12.6058],[-49.1383,-12.5834],[-49.1436,-12.5667],[-49.1586,-12.5544],[-49.1951,-12.5589],[-49.206,-12.5532],[-49.2153,-12.5536],[-49.2257,-12.5605],[-49.2336,-12.5593],[-49.2391,-12.5661],[-49.2546,-12.5673],[-49.262,-12.5589],[-49.2627,-12.5533],[-49.269,-12.5505],[-49.2796,-12.5515],[-49.2867,-12.5419],[-49.3031,-12.5429],[-49.3081,-12.549],[-49.3155,-12.5365],[-49.323,-12.5362],[-49.3289,-12.5401],[-49.3358,-12.5327],[-49.3314,-12.5094],[-49.3257,-12.5032],[-49.3168,-12.5001],[-49.3072,-12.4868],[-49.3001,-12.4858],[-49.2891,-12.4654],[-49.2762,-12.4517],[-49.2697,-12.4366],[-49.2699,-12.4256],[-49.2667,-12.4252],[-49.2642,-12.4163],[-49.2602,-12.4153],[-49.2624,-12.409],[-49.2542,-12.3934],[-49.2511,-12.3885],[-49.2392,-12.3834],[-49.2308,-12.3636],[-49.2305,-12.3456],[-49.2398,-12.3237],[-49.2373,-12.3146],[-49.2224,-12.2878],[-49.2131,-12.2828],[-49.1964,-12.2615],[-49.1891,-12.2616],[-49.1863,-12.256],[-49.1949,-12.2348],[-49.1938,-12.224],[-49.2025,-12.2163],[-49.2101,-12.1919],[-49.2045,-12.194],[-49.1985,-12.2019],[-49.1919,-12.2107],[-49.1642,-12.2258],[-49.1586,-12.236],[-49.1579,-12.2367],[-49.1366,-12.252],[-49.1257,-12.2543],[-49.1074,-12.252],[-49.0992,-12.2409],[-49.0929,-12.2142],[-49.0839,-12.2116],[-49.0776,-12.1982],[-49.0677,-12.19],[-49.0608,-12.1766],[-49.0561,-12.175],[-49.0501,-12.1921],[-49.0387,-12.2016],[-49.0373,-12.2256],[-49.0238,-12.2322],[-49.0191,-12.2428]]]}},{"type":"Feature","properties":{"nome":"Ananás","cod":"1701002","uf":"TO"},"geometry":{"type":"Polygon","coordinates":[[[-48.2284,-5.9927],[-48.2356,-6.0083],[-48.2302,-6.0032],[-48.2233,-6.0051],[-48.2236,-6.0127],[-48.2291,-6.0157],[-48.2285,-6.021],[-48.2228,-6.0157],[-48.2189,-6.0163],[-48.2179,-6.0201],[-48.2237,-6.0209],[-48.222,-6.0255],[-48.2195,-6.0232],[-48.2146,-6.0251],[-48.2086,-6.0362],[-48.2047,-6.0352],[-48.2049,-6.0383],[-48.1981,-6.0396],[-48.1971,-6.0469],[-48.2073,-6.0427],[-48.2062,-6.0468],[-48.2097,-6.0503],[-48.2049,-6.0553],[-48.2088,-6.065],[-48.2046,-6.0671],[-48.2062,-6.0747],[-48.1979,-6.0739],[-48.1955,-6.0798],[-48.205,-6.0854],[-48.2018,-6.0872],[-48.2035,-6.0942],[-48.1951,-6.0911],[-48.1976,-6.0985],[-48.1946,-6.1018],[-48.1855,-6.1047],[-48.1751,-6.1016],[-48.1694,-6.1114],[-48.153,-6.1209],[-48.1451,-6.1203],[-48.1349,-6.1128],[-48.1326,-6.1157],[-48.1269,-6.1134],[-48.1138,-6.1189],[-48.1088,-6.117],[-48.1019,-6.1222],[-48.092,-6.1217],[-48.0866,-6.128],[-48.0824,-6.1238],[-48.0646,-6.1281],[-48.0599,-6.133],[-48.0555,-6.1277],[-48.0407,-6.1296],[-48.0377,-6.127],[-48.0268,-6.1395],[-48.0116,-6.146],[-47.998,-6.1577],[-47.9911,-6.157],[-47.9932,-6.1624],[-47.9881,-6.1657],[-47.9931,-6.1728],[-47.9853,-6.1826],[-47.9721,-6.1842],[-47.9764,-6.1899],[-47.9742,-6.1957],[-47.9799,-6.2024],[-47.9744,-6.2088],[-47.976,-6.2117],[-47.9698,-6.2167],[-47.9625,-6.2167],[-47.9573,-6.2263],[-47.9547,-6.2335],[-47.9572,-6.2405],[-47.9516,-6.2434],[-47.9529,-6.2527],[-47.9447,-6.2697],[-47.9494,-6.2719],[-47.9447,-6.2763],[-47.9557,-6.2922],[-47.957,-6.3078],[-47.9682,-6.3278],[-47.9702,-6.3378],[-47.9614,-6.3635],[-47.9773,-6.4154],[-48.0172,-6.4212],[-48.0304,-6.4378],[-48.0539,-6.4381],[-48.0583,-6.4323],[-48.0687,-6.4312],[-48.0715,-6.4348],[-48.0903,-6.4369],[-48.1008,-6.4425],[-48.1158,-6.4288],[-48.116,-6.4287],[-48.1266,-6.4223],[-48.1197,-6.4166],[-48.1296,-6.3882],[-48.1306,-6.3697],[-48.1392,-6.3585],[-48.1528,-6.3556],[-48.1588,-6.3472],[-48.1854,-6.3473],[-48.1898,-6.3509],[-48.2122,-6.3468],[-48.2688,-6.3566],[-48.2801,-6.3558],[-48.2822,-6.3597],[-48.2914,-6.3731],[-48.3015,-6.3766],[-48.3191,-6.3801],[-48.327,-6.3747],[-48.3351,-6.3761],[-48.3458,-6.3567],[-48.3578,-6.3559],[-48.3749,-6.3464],[-48.3807,-6.3282],[-48.4116,-6.3057],[-48.4167,-6.2982],[-48.4169,-6.2891],[-48.4123,-6.2809],[-48.4186,-6.2679],[-48.436,-6.193],[-48.4315,-6.1769],[-48.4078,-6.153],[-48.3909,-6.1463],[-48.3651,-6.147],[-48.3241,-6.1323],[-48.3034,-6.1165],[-48.2851,-6.0911],[-48.2827,-6.0812],[-48.2854,-6.07],[-48.3016,-6.0469],[-48.3323,-6.0379],[-48.3379,-6.028],[-48.3343,-6.0039],[-48.3139,-5.9788],[-48.3067,-5.9745],[-48.2864,-5.9672],[-48.2515,-5.96],[-48.2312,-5.9458],[-48.2266,-5.9554],[-48.2365,-5.9722],[-48.2343,-5.9786],[-48.2394,-5.9877],[-48.237,-5.9912],[-48.2284,-5.9927]]]}},{"type":"Feature","properties":{"nome":"Angico","cod":"1701051","uf":"TO"},"geometry":{"type":"Polygon","coordinates":[[[-47.9397,-6.2827],[-47.938,-6.2921],[-47.9247,-6.2857],[-47.9175,-6.2883],[-47.9177,-6.2915],[-47.8675,-6.3377],[-47.8556,-6.3438],[-47.843,-6.3383],[-47.8392,-6.3365],[-47.8268,-6.3355],[-47.8229,-6.3302],[-47.8163,-6.3388],[-47.8155,-6.3492],[-47.8049,-6.3614],[-47.801,-6.3727],[-47.8158,-6.4012],[-47.8251,-6.4044],[-47.8248,-6.4292],[-47.8585,-6.5398],[-47.873,-6.5452],[-47.879,-6.5435],[-47.8983,-6.5475],[-47.9052,-6.5454],[-47.9222,-6.5509],[-47.9266,-6.5481],[-47.9284,-6.5526],[-47.9421,-6.5496],[-47.9473,-6.5564],[-47.9503,-6.552],[-47.9511,-6.5548],[-47.9578,-6.5542],[-47.9634,-6.5603],[-47.9691,-6.5564],[-47.981,-6.5618],[-47.9864,-6.5603],[-47.9917,-6.5632],[-47.9917,-6.5674],[-48.0,-6.5664],[-48.0026,-6.5693],[-48.0057,-6.5665],[-48.0134,-6.5691],[-48.0107,-6.5564],[-48.0254,-6.5254],[-48.0208,-6.507],[-48.014,-6.4813],[-48.006,-6.4849],[-47.9937,-6.4784],[-47.9824,-6.4773],[-47.9751,-6.4707],[-47.9742,-6.4606],[-47.9687,-6.4518],[-47.9703,-6.4427],[-47.9649,-6.4352],[-47.9652,-6.4263],[-47.9773,-6.4154],[-47.9614,-6.3635],[-47.9702,-6.3378],[-47.9682,-6.3278],[-47.957,-6.3078],[-47.9557,-6.2922],[-47.9447,-6.2763],[-47.9397,-6.2827]]]}},{"type":"Feature","properties":{"nome":"Aparecida do Rio Negro","cod":"1701101","uf":"TO"},"geometry":{"type":"Polygon","coordinates":[[[-47.895,-9.7715],[-47.8905,-9.7986],[-47.8806,-9.8173],[-47.88,-9.8286],[-47.8781,-9.8392],[-47.8687,-9.8556],[-47.8521,-9.8728],[-47.8403,-9.8794],[-47.8443,-9.8953],[-47.8422,-9.9092],[-47.8516,-9.9147],[-47.8603,-9.931],[-47.853,-9.9383],[-47.8503,-9.9513],[-47.838,-9.9562],[-47.8336,-9.9618],[-47.8309,-9.9704],[-47.8328,-9.994],[-47.8302,-9.9997],[-47.8212,-10.0047],[-47.8192,-10.0192],[-47.82,-10.0222],[-47.8337,-10.0269],[-47.8309,-10.0303],[-47.8347,-10.0322],[-47.8317,-10.0349],[-47.8344,-10.0346],[-47.8343,-10.0389],[-47.8305,-10.0413],[-47.8351,-10.0455],[-47.8315,-10.0536],[-47.8466,-10.0647],[-47.8458,-10.0783],[-47.8547,-10.0778],[-47.87,-10.0909],[-47.872,-10.0884],[-47.872,-10.0945],[-47.876,-10.0915],[-47.8797,-10.0959],[-47.882,-10.1109],[-47.8872,-10.1087],[-47.8906,-10.1111],[-47.8964,-10.1061],[-47.9022,-10.1076],[-47.8987,-10.1124],[-47.9059,-10.1144],[-47.8995,-10.1206],[-47.9046,-10.1233],[-47.9004,-10.129],[-47.8973,-10.1274],[-47.8959,-10.1365],[-47.9024,-10.1367],[-47.9031,-10.1316],[-47.905,-10.1361],[-47.909,-10.1329],[-47.9133,-10.1347],[-47.9139,-10.1437],[-47.9282,-10.1481],[-47.9268,-10.1528],[-47.9302,-10.151],[-47.9397,-10.16],[-47.9465,-10.1588],[-47.9477,-10.1551],[-47.9537,-10.1557],[-47.9513,-10.166],[-47.9609,-10.1618],[-47.9636,-10.1644],[-47.9576,-10.173],[-47.9609,-10.1768],[-47.9704,-10.1731],[-47.9761,-10.1821],[-47.9799,-10.1817],[-47.9796,-10.1712],[-47.9878,-10.1766],[-47.9926,-10.168],[-48.0134,-10.174],[-48.0184,-10.1623],[-48.0192,-10.1474],[-48.0177,-10.1397],[-48.0114,-10.1319],[-48.0128,-10.1235],[-48.0207,-10.1186],[-48.0419,-10.1137],[-48.0473,-10.1201],[-48.051,-10.1172],[-48.0658,-10.1208],[-48.0756,-10.1147],[-48.0905,-10.1172],[-48.1093,-10.115],[-48.1278,-10.1081],[-48.1401,-10.1263],[-48.1495,-10.1342],[-48.1601,-10.1307],[-48.1703,-10.1342],[-48.1777,-10.1224],[-48.1791,-10.1197],[-48.183,-10.1123],[-48.1702,-10.1069],[-48.1703,-10.0838],[-48.162,-10.0671],[-48.1619,-10.0605],[-48.1679,-10.0546],[-48.1744,-10.0377],[-48.184,-10.0336],[-48.2007,-10.016],[-48.2063,-10.0039],[-48.2033,-9.9882],[-48.209,-9.9777],[-48.2156,-9.9754],[-48.2218,-9.9589],[-48.2258,-9.9489],[-48.2099,-9.9395],[-48.1826,-9.9322],[-48.1694,-9.9393],[-48.1583,-9.9395],[-48.1582,-9.942],[-48.1492,-9.9356],[-48.1316,-9.9318],[-48.101,-9.9071],[-48.101,-9.8913],[-47.9551,-9.7949],[-47.9465,-9.7991],[-47.9324,-9.7979],[-47.917,-9.7829],[-47.9051,-9.7789],[-47.9004,-9.7718],[-47.895,-9.7715]]]}},{"type":"Feature","properties":{"nome":"Aragominas","cod":"1701309","uf":"TO"},"geometry":{"type":"Polygon","coordinates":[[[-48.663,-6.7517],[-48.6645,-6.7566],[-48.6584,-6.7641],[-48.6498,-6.7659],[-48.6478,-6.7776],[-48.6518,-6.7853],[-48.642,-6.7979],[-48.6421,-6.8033],[-48.6449,-6.8026],[-48.6458,-6.8065],[-48.6388,-6.8081],[-48.6335,-6.8141],[-48.6325,-6.8265],[-48.6434,-6.8358],[-48.6403,-6.8497],[-48.6377,-6.8466],[-48.6318,-6.8488],[-48.6108,-6.8341],[-48.601,-6.8327],[-48.5942,-6.8398],[-48.5948,-6.8497],[-48.5918,-6.853],[-48.5641,-6.8566],[-48.5555,-6.8489],[-48.5511,-6.8586],[-48.5548,-6.8668],[-48.5483,-6.8801],[-48.5532,-6.8872],[-48.5521,-6.8951],[-48.5586,-6.9002],[-48.5556,-6.911],[-48.559,-6.9198],[-48.5541,-6.9302],[-48.5547,-6.9365],[-48.5631,-6.9427],[-48.5636,-6.9501],[-48.557,-6.9538],[-48.5456,-6.9497],[-48.5158,-6.9711],[-48.5108,-6.9807],[-48.498,-6.9839],[-48.4803,-6.9749],[-48.4775,-6.9586],[-48.472,-6.9521],[-48.4713,-6.9376],[-48.4666,-6.9349],[-48.4596,-6.9579],[-48.4394,-6.972],[-48.4238,-6.9774],[-48.4289,-6.9878],[-48.4288,-6.996],[-48.4345,-7.0],[-48.4375,-7.01],[-48.4474,-7.0214],[-48.4516,-7.0219],[-48.4509,-7.0252],[-48.4586,-7.026],[-48.4423,-7.0439],[-48.4512,-7.051],[-48.4608,-7.0509],[-48.4612,-7.0613],[-48.4687,-7.0785],[-48.4683,-7.0822],[-48.4565,-7.0927],[-48.4535,-7.1025],[-48.4567,-7.1266],[-48.4519,-7.129],[-48.4398,-7.1474],[-48.4261,-7.1515],[-48.4302,-7.1593],[-48.4378,-7.1612],[-48.4402,-7.1755],[-48.4421,-7.1777],[-48.4541,-7.1897],[-48.4624,-7.1899],[-48.468,-7.1968],[-48.4676,-7.2068],[-48.4785,-7.2113],[-48.4828,-7.2063],[-48.4873,-7.2073],[-48.4796,-7.2355],[-48.4867,-7.2465],[-48.4836,-7.2574],[-48.4916,-7.2725],[-48.5017,-7.2798],[-48.5033,-7.2894],[-48.5152,-7.2996],[-48.5459,-7.3153],[-48.5541,-7.2921],[-48.5618,-7.2893],[-48.5605,-7.2824],[-48.5538,-7.2635],[-48.5535,-7.2442],[-48.5503,-7.237],[-48.556,-7.22],[-48.5633,-7.2204],[-48.5602,-7.2022],[-48.5637,-7.1896],[-48.5524,-7.1565],[-48.554,-7.1523],[-48.5596,-7.1256],[-48.5584,-7.113],[-48.5637,-7.0972],[-48.564,-7.08],[-48.5883,-7.0657],[-48.5952,-7.0652],[-48.5998,-7.0639],[-48.5997,-7.0522],[-48.6053,-7.0546],[-48.6094,-7.027],[-48.6209,-7.0235],[-48.6215,-7.0165],[-48.6165,-7.0106],[-48.6238,-7.0105],[-48.6212,-6.9873],[-48.6265,-6.9681],[-48.6305,-6.9748],[-48.6388,-6.9734],[-48.6375,-6.9678],[-48.6302,-6.9669],[-48.6285,-6.9622],[-48.6307,-6.9488],[-48.6425,-6.946],[-48.6487,-6.9508],[-48.656,-6.9511],[-48.6616,-6.9604],[-48.6699,-6.9649],[-48.6734,-6.97],[-48.6743,-6.9785],[-48.6704,-6.9863],[-48.6731,-6.9904],[-48.7236,-6.9557],[-48.8699,-6.8551],[-48.8607,-6.8216],[-48.8714,-6.8127],[-48.8695,-6.7983],[-48.8648,-6.7851],[-48.855,-6.7746],[-48.8538,-6.7604],[-48.8394,-6.7502],[-48.8318,-6.7536],[-48.7776,-6.7359],[-48.7687,-6.7303],[-48.7562,-6.7167],[-48.7364,-6.6924],[-48.6823,-6.6775],[-48.6644,-6.6624],[-48.6613,-6.6748],[-48.6569,-6.6756],[-48.6593,-6.6817],[-48.6547,-6.6841],[-48.6594,-6.6866],[-48.6544,-6.7052],[-48.6588,-6.707],[-48.6506,-6.7088],[-48.6524,-6.7111],[-48.6454,-6.7165],[-48.6456,-6.7223],[-48.6419,-6.7244],[-48.6457,-6.7345],[-48.6521,-6.7366],[-48.6492,-6.7384],[-48.6499,-6.7426],[-48.663,-6.7517]]]}},{"type":"Feature","properties":{"nome":"Araguacema","cod":"1701903","uf":"TO"},"geometry":{"type":"Polygon","coordinates":[[[-49.3906,-8.5409],[-49.3875,-8.5476],[-49.3829,-8.546],[-49.384,-8.5416],[-49.3764,-8.5449],[-49.3621,-8.5433],[-49.3546,-8.5444],[-49.3544,-8.5506],[-49.3525,-8.5489],[-49.3498,-8.5546],[-49.3421,-8.5548],[-49.3361,-8.5689],[-49.3385,-8.5704],[-49.3349,-8.5722],[-49.3381,-8.5764],[-49.3341,-8.5819],[-49.3322,-8.5799],[-49.3229,-8.584],[-49.3254,-8.5852],[-49.3234,-8.5998],[-49.3178,-8.602],[-49.3201,-8.6052],[-49.3161,-8.6052],[-49.3151,-8.6122],[-49.3083,-8.6127],[-49.307,-8.6159],[-49.3104,-8.6172],[-49.3078,-8.6205],[-49.3038,-8.6207],[-49.3032,-8.617],[-49.2982,-8.6246],[-49.2946,-8.622],[-49.2936,-8.632],[-49.2888,-8.635],[-49.2877,-8.6422],[-49.2753,-8.6545],[-49.2643,-8.677],[-49.2451,-8.6968],[-49.2467,-8.7026],[-49.2432,-8.7134],[-49.234,-8.7232],[-49.2271,-8.7524],[-49.2284,-8.7582],[-49.2227,-8.7689],[-49.2268,-8.7956],[-49.243,-8.812],[-49.2461,-8.8285],[-49.2443,-8.8366],[-49.2546,-8.8498],[-49.2686,-8.8602],[-49.2553,-8.8751],[-49.2509,-8.8876],[-49.2268,-8.8929],[-49.2277,-8.9067],[-49.2199,-8.9255],[-49.2217,-8.942],[-49.2315,-8.9488],[-49.2382,-8.9474],[-49.2529,-8.9535],[-49.2568,-8.9487],[-49.2704,-8.946],[-49.2972,-8.9509],[-49.3148,-8.9374],[-49.3285,-8.9364],[-49.3361,-8.931],[-49.3592,-8.9248],[-49.3659,-8.9183],[-49.3714,-8.9195],[-49.3966,-8.8989],[-49.3976,-8.8948],[-49.4031,-8.8926],[-49.4021,-8.8983],[-49.4069,-8.9009],[-49.4028,-8.9056],[-49.4063,-8.9077],[-49.3999,-8.9087],[-49.4017,-8.9104],[-49.3976,-8.9164],[-49.4041,-8.9241],[-49.3996,-8.9328],[-49.3937,-8.9312],[-49.3924,-8.9387],[-49.3867,-8.9394],[-49.3848,-8.9451],[-49.3793,-8.9465],[-49.3751,-8.9418],[-49.3725,-8.9482],[-49.3727,-8.9526],[-49.3781,-8.9564],[-49.3751,-8.9681],[-49.3782,-8.9691],[-49.3777,-8.9762],[-49.3819,-8.9796],[-49.3783,-8.9843],[-49.3839,-8.9854],[-49.3804,-8.9892],[-49.3812,-9.0188],[-49.3747,-9.0241],[-49.381,-9.0327],[-49.3791,-9.038],[-49.3859,-9.0446],[-49.3804,-9.0452],[-49.38,-9.0504],[-49.3872,-9.0598],[-49.3803,-9.069],[-49.3849,-9.0697],[-49.3827,-9.0801],[-49.3867,-9.0816],[-49.3875,-9.0861],[-49.3847,-9.0871],[-49.3907,-9.0952],[-49.3894,-9.1044],[-49.392,-9.1058],[-49.3864,-9.1091],[-49.3928,-9.1142],[-49.3891,-9.1159],[-49.3957,-9.1194],[-49.3961,-9.132],[-49.3918,-9.1414],[-49.3954,-9.1457],[-49.3916,-9.1469],[-49.3931,-9.1545],[-49.3906,-9.1589],[-49.394,-9.1606],[-49.3995,-9.1654],[-49.3952,-9.1718],[-49.3998,-9.1851],[-49.4287,-9.2127],[-49.4363,-9.2303],[-49.4514,-9.2403],[-49.4597,-9.2779],[-49.4958,-9.2694],[-49.4991,-9.2656],[-49.5229,-9.2573],[-49.535,-9.2602],[-49.5404,-9.2709],[-49.5503,-9.2742],[-49.5719,-9.263],[-49.5987,-9.2588],[-49.6113,-9.2307],[-49.6187,-9.2224],[-49.6393,-9.2108],[-49.6505,-9.2106],[-49.6609,-9.2047],[-49.6621,-9.1987],[-49.6729,-9.1888],[-49.6753,-9.1819],[-49.6803,-9.18],[-49.6833,-9.1832],[-49.6892,-9.174],[-49.6996,-9.1692],[-49.7036,-9.1631],[-49.7062,-9.1675],[-49.7041,-9.1708],[-49.7097,-9.1742],[-49.8502,-9.0585],[-49.8499,-9.0463],[-49.8421,-9.0269],[-49.7932,-8.979],[-49.7811,-8.9617],[-49.7704,-8.9381],[-49.7541,-8.9216],[-49.7446,-8.9058],[-49.7288,-8.8989],[-49.6839,-8.8561],[-49.6411,-8.8463],[-49.6122,-8.8458],[-49.592,-8.8391],[-49.5841,-8.8229],[-49.571,-8.8082],[-49.5646,-8.8006],[-49.543,-8.761],[-49.4894,-8.6916],[-49.4813,-8.6733],[-49.4709,-8.6477],[-49.4634,-8.639],[-49.451,-8.6121],[-49.4094,-8.5796],[-49.4025,-8.5631],[-49.3992,-8.5467],[-49.3917,-8.5466],[-49.3934,-8.5415],[-49.3906,-8.5409]]]}},{"type":"Feature","properties":{"nome":"Araguaçu","cod":"1702000","uf":"TO"},"geometry":{"type":"Polygon","coordinates":[[[-49.5357,-12.4339],[-49.5293,-12.4347],[-49.5191,-12.4304],[-49.5227,-12.4403],[-49.513,-12.444],[-49.5086,-12.4506],[-49.5159,-12.4608],[-49.4954,-12.4595],[-49.507,-12.4749],[-49.4944,-12.4874],[-49.4876,-12.4872],[-49.4857,-12.4751],[-49.4789,-12.4797],[-49.4757,-12.4708],[-49.4676,-12.4674],[-49.4596,-12.484],[-49.4301,-12.4849],[-49.4263,-12.4949],[-49.4275,-12.5164],[-49.4218,-12.5162],[-49.4102,-12.5082],[-49.4038,-12.5124],[-49.3951,-12.5108],[-49.3921,-12.5119],[-49.3914,-12.519],[-49.3755,-12.5312],[-49.3622,-12.5329],[-49.3639,-12.537],[-49.3561,-12.5451],[-49.3592,-12.5533],[-49.3549,-12.5557],[-49.3604,-12.5616],[-49.3567,-12.5675],[-49.3581,-12.5717],[-49.3479,-12.5867],[-49.3478,-12.6047],[-49.3415,-12.6116],[-49.3364,-12.6251],[-49.3295,-12.6277],[-49.3291,-12.6322],[-49.3325,-12.6335],[-49.3304,-12.637],[-49.3351,-12.6498],[-49.3318,-12.6695],[-49.3394,-12.6732],[-49.3418,-12.69],[-49.3499,-12.6915],[-49.3446,-12.7028],[-49.3504,-12.7259],[-49.346,-12.7354],[-49.3506,-12.7457],[-49.3489,-12.7537],[-49.3541,-12.757],[-49.352,-12.7674],[-49.3473,-12.7679],[-49.3436,-12.7791],[-49.346,-12.7917],[-49.3388,-12.7978],[-49.336,-12.7951],[-49.3213,-12.8039],[-49.3231,-12.8153],[-49.3174,-12.8196],[-49.3155,-12.8153],[-49.2921,-12.8141],[-49.279,-12.8363],[-49.2633,-12.8403],[-49.2557,-12.8501],[-49.2516,-12.86],[-49.2548,-12.8666],[-49.2537,-12.8742],[-49.248,-12.8706],[-49.2432,-12.8797],[-49.237,-12.8836],[-49.2349,-12.8932],[-49.2491,-12.9022],[-49.246,-12.9165],[-49.2522,-12.9313],[-49.2568,-12.9347],[-49.2574,-12.9414],[-49.2627,-12.9398],[-49.267,-12.9442],[-49.2786,-12.9687],[-49.2793,-12.9764],[-49.2753,-12.9803],[-49.2784,-12.9886],[-49.2834,-12.9912],[-49.3002,-13.0227],[-49.3218,-13.0517],[-49.337,-13.0659],[-49.3539,-13.1026],[-49.3535,-13.1103],[-49.3444,-13.117],[-49.3415,-13.1268],[-49.3523,-13.1436],[-49.3544,-13.1533],[-49.3444,-13.1769],[-49.3479,-13.1892],[-49.3442,-13.2032],[-49.3485,-13.2135],[-49.3395,-13.2342],[-49.3399,-13.2535],[-49.3691,-13.2742],[-49.4314,-13.2407],[-49.5293,-13.1871],[-49.7972,-13.036],[-49.8969,-12.9801],[-49.9087,-12.9736],[-49.911,-12.9663],[-49.939,-12.9565],[-49.9523,-12.9594],[-49.9787,-12.9389],[-49.9893,-12.9455],[-50.0026,-12.9333],[-50.0175,-12.9288],[-50.0385,-12.9348],[-50.044,-12.9331],[-50.0499,-12.9221],[-50.0708,-12.9176],[-50.0784,-12.9055],[-50.1035,-12.9076],[-50.1093,-12.911],[-50.1265,-12.9047],[-50.1494,-12.9025],[-50.1602,-12.8932],[-50.1725,-12.8967],[-50.1761,-12.8915],[-50.1806,-12.8919],[-50.183,-12.8963],[-50.1953,-12.8902],[-50.1996,-12.8838],[-50.2043,-12.885],[-50.2107,-12.8758],[-50.2129,-12.8778],[-50.2247,-12.8739],[-50.225,-12.8612],[-50.2313,-12.858],[-50.2311,-12.8537],[-50.2357,-12.8572],[-50.2419,-12.8523],[-50.2504,-12.8535],[-50.2506,-12.8494],[-50.2631,-12.8473],[-50.2618,-12.8444],[-50.2712,-12.8406],[-50.2755,-12.8437],[-50.2829,-12.8402],[-50.2842,-12.843],[-50.2868,-12.8366],[-50.2922,-12.8395],[-50.2949,-12.8288],[-50.3016,-12.824],[-50.3014,-12.8199],[-50.3041,-12.822],[-50.3067,-12.8192],[-50.3055,-12.8054],[-50.3108,-12.7981],[-50.3089,-12.789],[-50.3036,-12.7856],[-50.3062,-12.7669],[-50.2951,-12.7531],[-50.3018,-12.7453],[-50.2962,-12.7422],[-50.2979,-12.7394],[-50.2883,-12.7348],[-50.2838,-12.7178],[-50.2967,-12.7106],[-50.2991,-12.7055],[-50.2951,-12.7046],[-50.2938,-12.6952],[-50.2969,-12.6915],[-50.3,-12.6818],[-50.2948,-12.6758],[-50.2923,-12.6881],[-50.2901,-12.6826],[-50.2856,-12.6816],[-50.2808,-12.6886],[-50.2779,-12.6776],[-50.2725,-12.6828],[-50.2664,-12.682],[-50.2701,-12.6772],[-50.2637,-12.6635],[-50.2694,-12.6544],[-50.2591,-12.6454],[-50.262,-12.6373],[-50.2567,-12.6345],[-50.2547,-12.6246],[-50.2481,-12.6306],[-50.2365,-12.6236],[-50.2453,-12.5969],[-50.2378,-12.5792],[-50.2345,-12.5774],[-50.2314,-12.5849],[-50.2268,-12.5861],[-50.2079,-12.5726],[-50.2036,-12.5638],[-50.1927,-12.5639],[-50.187,-12.5849],[-50.1705,-12.6078],[-50.1545,-12.6126],[-50.1401,-12.623],[-50.1099,-12.6106],[-50.1026,-12.611],[-50.0744,-12.6233],[-50.0554,-12.6379],[-50.0376,-12.6598],[-49.9986,-12.6442],[-49.9855,-12.6461],[-49.983,-12.6445],[-49.9846,-12.6405],[-49.9482,-12.6476],[-49.9473,-12.6517],[-49.9403,-12.6534],[-49.9261,-12.6643],[-49.912,-12.6684],[-49.9055,-12.6679],[-49.8947,-12.6598],[-49.8846,-12.6662],[-49.8763,-12.6668],[-49.8698,-12.6737],[-49.8495,-12.6773],[-49.8378,-12.6869],[-49.8284,-12.6842],[-49.8194,-12.6878],[-49.8119,-12.6845],[-49.8042,-12.6862],[-49.7967,-12.6973],[-49.7935,-12.6958],[-49.7962,-12.7181],[-49.7889,-12.7058],[-49.7698,-12.7056],[-49.7474,-12.6929],[-49.7163,-12.6433],[-49.7039,-12.6316],[-49.6649,-12.6151],[-49.6578,-12.6198],[-49.64,-12.6103],[-49.6153,-12.6115],[-49.614,-12.6028],[-49.6068,-12.5958],[-49.5906,-12.5908],[-49.5854,-12.5811],[-49.5742,-12.5714],[-49.5661,-12.5701],[-49.5548,-12.5534],[-49.5465,-12.5505],[-49.5466,-12.5444],[-49.5262,-12.5328],[-49.5168,-12.5215],[-49.5173,-12.514],[-49.5197,-12.5087],[-49.5333,-12.5067],[-49.5385,-12.4968],[-49.5459,-12.4915],[-49.5438,-12.4738],[-49.5545,-12.4719],[-49.5572,-12.4671],[-49.553,-12.4613],[-49.5415,-12.4565],[-49.5441,-12.4518],[-49.5521,-12.4528],[-49.5559,-12.4484],[-49.5568,-12.4407],[-49.5509,-12.4222],[-49.5579,-12.4186],[-49.553,-12.4056],[-49.5378,-12.4183],[-49.5382,-12.4321],[-49.5357,-12.4339]]]}},{"type":"Feature","properties":{"nome":"Araguaína","cod":"1702109","uf":"TO"},"geometry":{"type":"Polygon","coordinates":[[[-48.2794,-6.9776],[-48.275,-6.9778],[-48.273,-6.9748],[-48.2676,-6.9786],[-48.2572,-6.9905],[-48.2423,-6.9909],[-48.2366,-6.9867],[-48.2258,-6.9887],[-48.2102,-7.0008],[-48.206,-7.0078],[-48.1888,-7.0105],[-48.1827,-7.0147],[-48.1939,-7.0446],[-48.1888,-7.0555],[-48.1966,-7.0664],[-48.1955,-7.0759],[-48.1898,-7.0809],[-48.1929,-7.1069],[-48.1827,-7.1263],[-48.1969,-7.1459],[-48.1744,-7.1376],[-48.1345,-7.1228],[-48.1323,-7.1315],[-48.1065,-7.1533],[-48.1023,-7.1633],[-48.0928,-7.164],[-48.0829,-7.1577],[-48.0768,-7.1594],[-48.0782,-7.1701],[-48.0874,-7.185],[-48.0861,-7.1975],[-48.094,-7.2021],[-48.0959,-7.2086],[-48.0914,-7.2129],[-48.0837,-7.2134],[-48.0726,-7.2225],[-48.0799,-7.2564],[-48.0773,-7.269],[-48.0818,-7.2876],[-48.0639,-7.3212],[-48.0598,-7.3244],[-48.0601,-7.3354],[-48.0548,-7.3458],[-48.0518,-7.3534],[-48.0572,-7.3547],[-48.0583,-7.3664],[-48.0554,-7.3819],[-48.0609,-7.3937],[-48.0595,-7.4021],[-48.065,-7.4196],[-48.0687,-7.4255],[-48.0768,-7.4265],[-48.0773,-7.4476],[-48.0832,-7.4565],[-48.0888,-7.4574],[-48.0947,-7.4693],[-48.1051,-7.48],[-48.1056,-7.4866],[-48.0983,-7.4928],[-48.0998,-7.4965],[-48.094,-7.503],[-48.0902,-7.5148],[-48.0934,-7.5243],[-48.0825,-7.5371],[-48.0835,-7.5502],[-48.0873,-7.5475],[-48.0991,-7.5496],[-48.1287,-7.5312],[-48.1517,-7.5272],[-48.155,-7.5236],[-48.1836,-7.5244],[-48.1934,-7.508],[-48.209,-7.4986],[-48.2207,-7.4982],[-48.2373,-7.4909],[-48.2443,-7.4874],[-48.2569,-7.4897],[-48.2686,-7.4867],[-48.2828,-7.4799],[-48.279,-7.4699],[-48.2881,-7.4617],[-48.2931,-7.4511],[-48.3218,-7.4495],[-48.3322,-7.4442],[-48.3381,-7.447],[-48.3404,-7.4581],[-48.366,-7.4645],[-48.3745,-7.4729],[-48.3784,-7.4859],[-48.3891,-7.4989],[-48.4042,-7.5008],[-48.4201,-7.4946],[-48.4331,-7.5049],[-48.4408,-7.4986],[-48.4457,-7.4991],[-48.4528,-7.49],[-48.4753,-7.4776],[-48.4776,-7.4679],[-48.4849,-7.4648],[-48.4832,-7.4585],[-48.4797,-7.459],[-48.484,-7.4443],[-48.4877,-7.4467],[-48.4905,-7.4442],[-48.5065,-7.4383],[-48.5113,-7.4426],[-48.5153,-7.4391],[-48.5236,-7.4423],[-48.5278,-7.4397],[-48.5289,-7.4453],[-48.5389,-7.4434],[-48.5388,-7.4457],[-48.5504,-7.4494],[-48.5551,-7.4461],[-48.5557,-7.4527],[-48.5594,-7.4468],[-48.5639,-7.4503],[-48.5714,-7.4453],[-48.5774,-7.4538],[-48.5826,-7.4516],[-48.5813,-7.4452],[-48.5903,-7.4441],[-48.588,-7.4619],[-48.591,-7.463],[-48.5856,-7.4985],[-48.5944,-7.5182],[-48.5998,-7.5222],[-48.6002,-7.5278],[-48.5973,-7.5374],[-48.5996,-7.5438],[-48.5919,-7.5621],[-48.6112,-7.5584],[-48.6092,-7.5454],[-48.6146,-7.5402],[-48.6335,-7.5394],[-48.6241,-7.5226],[-48.614,-7.5185],[-48.6146,-7.5112],[-48.6242,-7.5013],[-48.6363,-7.5016],[-48.6443,-7.5082],[-48.6511,-7.5088],[-48.6707,-7.4892],[-48.6811,-7.4837],[-48.726,-7.4994],[-48.7305,-7.4973],[-48.7347,-7.4864],[-48.7379,-7.4862],[-48.7574,-7.4844],[-48.7642,-7.4901],[-48.7681,-7.4844],[-48.7816,-7.4856],[-48.7882,-7.4839],[-48.7888,-7.4809],[-48.7855,-7.4693],[-48.7946,-7.4632],[-48.7953,-7.4537],[-48.809,-7.4407],[-48.8196,-7.4412],[-48.8217,-7.4493],[-48.8299,-7.4547],[-48.8507,-7.4532],[-48.8578,-7.4477],[-48.861,-7.4525],[-48.8646,-7.4509],[-48.8671,-7.4456],[-48.8751,-7.4425],[-48.8825,-7.4432],[-48.8937,-7.4552],[-48.9092,-7.4611],[-48.9128,-7.4764],[-48.9242,-7.4836],[-48.9276,-7.4811],[-48.9296,-7.4714],[-48.9397,-7.4623],[-48.9379,-7.4459],[-48.9436,-7.4325],[-48.9514,-7.4395],[-48.9592,-7.4403],[-48.9609,-7.4453],[-48.9683,-7.4462],[-48.9861,-7.4651],[-48.9924,-7.4616],[-48.9949,-7.4686],[-49.0053,-7.4768],[-49.008,-7.4915],[-49.0155,-7.5031],[-49.0471,-7.5018],[-49.1036,-7.5008],[-49.1229,-7.496],[-49.1802,-7.4936],[-49.1964,-7.4995],[-49.2105,-7.4949],[-49.2161,-7.4897],[-49.2374,-7.4879],[-49.2389,-7.4525],[-49.2595,-7.4168],[-49.2539,-7.393],[-49.2554,-7.3817],[-49.2654,-7.3667],[-49.2539,-7.349],[-49.231,-7.3254],[-49.2155,-7.2973],[-49.2063,-7.2703],[-49.1848,-7.2348],[-49.1828,-7.2142],[-49.1868,-7.1921],[-49.1731,-7.2004],[-49.1681,-7.1983],[-49.1163,-7.2118],[-49.1069,-7.2159],[-49.1059,-7.2231],[-49.0979,-7.2213],[-49.0698,-7.2291],[-49.0609,-7.2371],[-49.044,-7.2448],[-49.0355,-7.243],[-49.0331,-7.25],[-49.0235,-7.2523],[-49.0156,-7.2607],[-49.009,-7.2513],[-48.9974,-7.2515],[-48.9899,-7.2414],[-48.9645,-7.2304],[-48.9543,-7.235],[-48.9316,-7.2306],[-48.9105,-7.2423],[-48.9011,-7.2416],[-48.8853,-7.2492],[-48.8842,-7.2553],[-48.8815,-7.2601],[-48.8693,-7.2438],[-48.8628,-7.2436],[-48.8541,-7.2579],[-48.8414,-7.2627],[-48.8108,-7.2631],[-48.7794,-7.269],[-48.7593,-7.2695],[-48.7538,-7.2641],[-48.7489,-7.2652],[-48.7285,-7.2752],[-48.7097,-7.2715],[-48.6854,-7.2769],[-48.6827,-7.2803],[-48.6744,-7.2785],[-48.6675,-7.269],[-48.6658,-7.2851],[-48.6181,-7.2839],[-48.5605,-7.2824],[-48.5618,-7.2893],[-48.5541,-7.2921],[-48.5459,-7.3153],[-48.5152,-7.2996],[-48.5033,-7.2894],[-48.5017,-7.2798],[-48.4916,-7.2725],[-48.4836,-7.2574],[-48.4867,-7.2465],[-48.4796,-7.2355],[-48.4873,-7.2073],[-48.4828,-7.2063],[-48.4785,-7.2113],[-48.4676,-7.2068],[-48.468,-7.1968],[-48.4624,-7.1899],[-48.4541,-7.1897],[-48.4421,-7.1777],[-48.4402,-7.1755],[-48.4378,-7.1612],[-48.4302,-7.1593],[-48.4261,-7.1515],[-48.4228,-7.1491],[-48.4179,-7.1515],[-48.415,-7.1465],[-48.4049,-7.146],[-48.3967,-7.1393],[-48.3796,-7.1391],[-48.3727,-7.1352],[-48.3652,-7.1416],[-48.3593,-7.139],[-48.3524,-7.1404],[-48.3446,-7.1345],[-48.3351,-7.1385],[-48.307,-7.121],[-48.3057,-7.113],[-48.3164,-7.106],[-48.3104,-7.1009],[-48.3067,-7.1057],[-48.3044,-7.1045],[-48.3044,-7.1043],[-48.3046,-7.0723],[-48.3087,-7.0723],[-48.3092,-7.0691],[-48.3045,-7.0636],[-48.3017,-7.0627],[-48.2961,-7.0466],[-48.2975,-7.04],[-48.3079,-7.031],[-48.3035,-7.0224],[-48.3096,-7.0009],[-48.3097,-6.987],[-48.3054,-6.9857],[-48.3026,-6.9683],[-48.2969,-6.9596],[-48.299,-6.9453],[-48.2922,-6.942],[-48.2851,-6.9564],[-48.2897,-6.9628],[-48.2887,-6.9687],[-48.2794,-6.9776]]]}},{"type":"Feature","properties":{"nome":"Araguanã","cod":"1702158","uf":"TO"},"geometry":{"type":"Polygon","coordinates":[[[-48.6294,-6.5463],[-48.6344,-6.5506],[-48.638,-6.5479],[-48.6407,-6.5563],[-48.634,-6.5665],[-48.6325,-6.559],[-48.627,-6.5593],[-48.6261,-6.5689],[-48.6328,-6.5699],[-48.6354,-6.5749],[-48.6357,-6.5813],[-48.6053,-6.5824],[-48.6006,-6.5885],[-48.6014,-6.5985],[-48.5916,-6.595],[-48.5937,-6.602],[-48.5864,-6.6073],[-48.5886,-6.6153],[-48.5856,-6.6264],[-48.5703,-6.6258],[-48.5725,-6.6371],[-48.5575,-6.6369],[-48.5469,-6.6432],[-48.5406,-6.6528],[-48.5249,-6.6596],[-48.5245,-6.665],[-48.5147,-6.668],[-48.5076,-6.6649],[-48.5006,-6.6666],[-48.4995,-6.6575],[-48.4919,-6.6522],[-48.4872,-6.6613],[-48.4756,-6.6623],[-48.4672,-6.6755],[-48.4661,-6.6706],[-48.4627,-6.6714],[-48.464,-6.6847],[-48.4597,-6.686],[-48.4564,-6.6931],[-48.4584,-6.7046],[-48.4547,-6.7105],[-48.4495,-6.7121],[-48.4561,-6.7148],[-48.4581,-6.7199],[-48.4558,-6.7267],[-48.466,-6.7325],[-48.4608,-6.7385],[-48.4657,-6.7511],[-48.4711,-6.7529],[-48.4763,-6.7485],[-48.4794,-6.7504],[-48.4741,-6.7578],[-48.4654,-6.7608],[-48.4715,-6.763],[-48.4638,-6.7704],[-48.4698,-6.7693],[-48.4587,-6.785],[-48.4595,-6.8059],[-48.4652,-6.806],[-48.4632,-6.8232],[-48.4561,-6.8198],[-48.456,-6.8129],[-48.4483,-6.8098],[-48.4414,-6.8189],[-48.4416,-6.8236],[-48.4268,-6.8378],[-48.4233,-6.8358],[-48.4252,-6.8294],[-48.4225,-6.8273],[-48.4159,-6.8334],[-48.4157,-6.8411],[-48.4057,-6.8424],[-48.4011,-6.8396],[-48.3867,-6.851],[-48.3732,-6.8563],[-48.3696,-6.8615],[-48.3591,-6.8627],[-48.3517,-6.8753],[-48.3548,-6.8748],[-48.3608,-6.8848],[-48.3405,-6.8851],[-48.3424,-6.8967],[-48.3297,-6.8929],[-48.3228,-6.8978],[-48.3216,-6.8947],[-48.3131,-6.8985],[-48.317,-6.9144],[-48.3138,-6.9195],[-48.3168,-6.925],[-48.333,-6.9233],[-48.3381,-6.9334],[-48.3551,-6.9402],[-48.3624,-6.9395],[-48.3737,-6.9473],[-48.3847,-6.9494],[-48.4018,-6.9616],[-48.4125,-6.9639],[-48.4148,-6.9724],[-48.4214,-6.9735],[-48.4238,-6.9774],[-48.4394,-6.972],[-48.4596,-6.9579],[-48.4666,-6.9349],[-48.4713,-6.9376],[-48.472,-6.9521],[-48.4775,-6.9586],[-48.4803,-6.9749],[-48.498,-6.9839],[-48.5108,-6.9807],[-48.5158,-6.9711],[-48.5456,-6.9497],[-48.557,-6.9538],[-48.5636,-6.9501],[-48.5631,-6.9427],[-48.5547,-6.9365],[-48.5541,-6.9302],[-48.559,-6.9198],[-48.5556,-6.911],[-48.5586,-6.9002],[-48.5521,-6.8951],[-48.5532,-6.8872],[-48.5483,-6.8801],[-48.5548,-6.8668],[-48.5511,-6.8586],[-48.5555,-6.8489],[-48.5641,-6.8566],[-48.5918,-6.853],[-48.5948,-6.8497],[-48.5942,-6.8398],[-48.601,-6.8327],[-48.6108,-6.8341],[-48.6318,-6.8488],[-48.6377,-6.8466],[-48.6403,-6.8497],[-48.6434,-6.8358],[-48.6325,-6.8265],[-48.6335,-6.8141],[-48.6388,-6.8081],[-48.6458,-6.8065],[-48.6449,-6.8026],[-48.6421,-6.8033],[-48.642,-6.7979],[-48.6518,-6.7853],[-48.6478,-6.7776],[-48.6498,-6.7659],[-48.6584,-6.7641],[-48.6645,-6.7566],[-48.663,-6.7517],[-48.6499,-6.7426],[-48.6492,-6.7384],[-48.6521,-6.7366],[-48.6457,-6.7345],[-48.6419,-6.7244],[-48.6456,-6.7223],[-48.6454,-6.7165],[-48.6524,-6.7111],[-48.6506,-6.7088],[-48.6588,-6.707],[-48.6544,-6.7052],[-48.6594,-6.6866],[-48.6547,-6.6841],[-48.6593,-6.6817],[-48.6569,-6.6756],[-48.6613,-6.6748],[-48.6644,-6.6624],[-48.6548,-6.6501],[-48.6515,-6.6396],[-48.6518,-6.6117],[-48.6639,-6.5702],[-48.6635,-6.5622],[-48.6577,-6.539],[-48.6463,-6.5234],[-48.6449,-6.5066],[-48.6314,-6.4875],[-48.6256,-6.4926],[-48.6329,-6.5327],[-48.6294,-6.5463]]]}},{"type":"Feature","properties":{"nome":"Araguatins","cod":"1702208","uf":"TO"},"geometry":{"type":"Polygon","coordinates":[[[-48.3289,-5.281],[-48.3216,-5.2956],[-48.2929,-5.3049],[-48.2872,-5.3024],[-48.2758,-5.3038],[-48.2747,-5.3086],[-48.2577,-5.3102],[-48.2502,-5.3184],[-48.228,-5.3206],[-48.2227,-5.324],[-48.2198,-5.3231],[-48.2189,-5.33],[-48.2359,-5.3365],[-48.238,-5.3479],[-48.2255,-5.3471],[-48.2201,-5.3589],[-48.2086,-5.3628],[-48.2073,-5.38],[-48.2005,-5.3736],[-48.1923,-5.372],[-48.1877,-5.3753],[-48.1866,-5.3838],[-48.1696,-5.3887],[-48.1619,-5.3877],[-48.1618,-5.3925],[-48.139,-5.4003],[-48.1232,-5.428],[-48.1144,-5.4288],[-48.1088,-5.4208],[-48.0945,-5.4204],[-48.0896,-5.4301],[-48.0759,-5.4396],[-48.0712,-5.4442],[-48.0482,-5.4447],[-48.046,-5.4629],[-48.0372,-5.4621],[-48.0289,-5.4688],[-48.0208,-5.4664],[-48.0219,-5.4767],[-48.0129,-5.4825],[-48.0132,-5.4957],[-48.0046,-5.5099],[-48.0006,-5.5107],[-47.9981,-5.5166],[-47.9861,-5.5238],[-47.9793,-5.541],[-47.9689,-5.5478],[-47.9725,-5.5664],[-47.9536,-5.5612],[-47.9367,-5.5673],[-47.9286,-5.5801],[-47.9308,-5.5899],[-47.9171,-5.5945],[-47.9084,-5.6158],[-47.8973,-5.6094],[-47.8863,-5.6091],[-47.8867,-5.6211],[-47.8805,-5.6273],[-47.8866,-5.6312],[-47.8826,-5.635],[-47.8813,-5.6447],[-47.8754,-5.6489],[-47.877,-5.6572],[-47.8687,-5.6641],[-47.844,-5.6627],[-47.8389,-5.6485],[-47.8331,-5.649],[-47.8331,-5.6589],[-47.8235,-5.666],[-47.8141,-5.6636],[-47.8097,-5.6662],[-47.7984,-5.6727],[-47.7895,-5.6838],[-47.7872,-5.692],[-47.7786,-5.6999],[-47.7804,-5.7066],[-47.7681,-5.7203],[-47.7714,-5.7329],[-47.7651,-5.7406],[-47.7698,-5.7488],[-47.7809,-5.7518],[-47.7792,-5.7559],[-47.7929,-5.7654],[-47.8103,-5.7633],[-47.8192,-5.7497],[-47.8302,-5.7496],[-47.844,-5.7564],[-47.8647,-5.7531],[-47.8664,-5.7631],[-47.859,-5.7675],[-47.8627,-5.7735],[-47.8513,-5.8683],[-47.8608,-5.8756],[-47.8688,-5.8753],[-47.8738,-5.8813],[-47.8806,-5.8766],[-47.8846,-5.88],[-47.8796,-5.944],[-47.904,-5.9636],[-47.9291,-5.9687],[-47.932,-5.9725],[-47.9379,-5.9686],[-47.9438,-5.9572],[-47.9613,-5.9462],[-47.9656,-5.9368],[-47.9768,-5.937],[-47.9915,-5.9285],[-47.9994,-5.9321],[-48.0036,-5.9182],[-47.9988,-5.9153],[-48.0013,-5.9078],[-48.0175,-5.9011],[-48.0146,-5.8958],[-48.0168,-5.8916],[-48.0226,-5.8945],[-48.0282,-5.8962],[-48.0363,-5.8898],[-48.0456,-5.889],[-48.0485,-5.8808],[-48.0538,-5.8783],[-48.0617,-5.8827],[-48.0668,-5.8823],[-48.0622,-5.8783],[-48.0665,-5.8773],[-48.0773,-5.8806],[-48.0824,-5.9085],[-48.0912,-5.9227],[-48.0865,-5.9364],[-48.0742,-5.9451],[-48.0693,-5.9534],[-48.0749,-5.9653],[-48.0911,-5.9648],[-48.1043,-5.9727],[-48.1192,-5.9739],[-48.1367,-5.9868],[-48.1465,-6.0011],[-48.1543,-6.0016],[-48.1634,-6.0086],[-48.178,-6.0077],[-48.1928,-5.9986],[-48.2064,-6.0038],[-48.2162,-5.9985],[-48.2233,-6.0051],[-48.2302,-6.0032],[-48.2356,-6.0083],[-48.2284,-5.9927],[-48.237,-5.9912],[-48.2394,-5.9877],[-48.2343,-5.9786],[-48.2365,-5.9722],[-48.2266,-5.9554],[-48.2312,-5.9458],[-48.229,-5.93],[-48.2335,-5.9141],[-48.2452,-5.8958],[-48.2785,-5.8607],[-48.2904,-5.839],[-48.295,-5.8213],[-48.2994,-5.7843],[-48.2931,-5.7508],[-48.2887,-5.7416],[-48.2791,-5.729],[-48.2721,-5.7251],[-48.2196,-5.7278],[-48.1935,-5.7198],[-48.1732,-5.7096],[-48.1388,-5.6465],[-48.135,-5.6373],[-48.1318,-5.6177],[-48.1377,-5.6023],[-48.1817,-5.5729],[-48.2122,-5.5539],[-48.2281,-5.5507],[-48.2376,-5.5524],[-48.2611,-5.5477],[-48.2783,-5.54],[-48.2908,-5.5296],[-48.3003,-5.5226],[-48.3187,-5.4999],[-48.3251,-5.4934],[-48.3277,-5.4962],[-48.3269,-5.4865],[-48.3407,-5.4667],[-48.3429,-5.4445],[-48.3512,-5.4275],[-48.3673,-5.4146],[-48.3731,-5.4024],[-48.3812,-5.3956],[-48.3931,-5.3938],[-48.401,-5.403],[-48.4191,-5.4014],[-48.4414,-5.4078],[-48.4457,-5.3871],[-48.44,-5.3792],[-48.4432,-5.3574],[-48.452,-5.3457],[-48.4501,-5.3367],[-48.4396,-5.3204],[-48.4244,-5.3198],[-48.4075,-5.3137],[-48.4073,-5.2871],[-48.4073,-5.2846],[-48.3901,-5.2796],[-48.3734,-5.285],[-48.3693,-5.279],[-48.3636,-5.2813],[-48.3529,-5.275],[-48.3469,-5.2801],[-48.3289,-5.281]]]}},{"type":"Feature","properties":{"nome":"Arapoema","cod":"1702307","uf":"TO"},"geometry":{"type":"Polygon","coordinates":[[[-48.7952,-7.5728],[-48.7941,-7.5811],[-48.7893,-7.5804],[-48.7805,-7.586],[-48.778,-7.6014],[-48.7671,-7.6053],[-48.7647,-7.6022],[-48.7581,-7.6027],[-48.7539,-7.6123],[-48.7546,-7.622],[-48.748,-7.6308],[-48.7489,-7.6393],[-48.7417,-7.6415],[-48.7418,-7.6497],[-48.78,-7.7957],[-48.7869,-7.7997],[-48.7864,-7.8161],[-48.7956,-7.8372],[-48.8038,-7.8473],[-48.8064,-7.8659],[-48.8294,-7.882],[-48.8473,-7.8879],[-48.8548,-7.8799],[-48.8609,-7.8828],[-48.8682,-7.8801],[-48.8725,-7.8742],[-48.8806,-7.8759],[-48.8875,-7.8723],[-48.888,-7.8676],[-48.8958,-7.8656],[-48.896,-7.8598],[-48.9067,-7.848],[-48.9118,-7.8484],[-48.9124,-7.8535],[-48.9198,-7.8495],[-48.9309,-7.8569],[-48.9409,-7.8521],[-48.9446,-7.8599],[-48.952,-7.8637],[-48.9512,-7.8666],[-48.9611,-7.8675],[-48.961,-7.8704],[-48.9675,-7.8688],[-48.9756,-7.8734],[-48.9843,-7.8719],[-48.9996,-7.8767],[-49.0016,-7.8803],[-49.0109,-7.873],[-49.0325,-7.8689],[-49.0372,-7.8698],[-49.0332,-7.8738],[-49.0422,-7.8815],[-49.0468,-7.8786],[-49.0469,-7.8817],[-49.0568,-7.8817],[-49.0611,-7.8772],[-49.0818,-7.8744],[-49.0835,-7.8715],[-49.0887,-7.8824],[-49.092,-7.8885],[-49.0948,-7.8851],[-49.0931,-7.8824],[-49.1182,-7.8718],[-49.121,-7.8661],[-49.1268,-7.871],[-49.1329,-7.8711],[-49.1331,-7.8675],[-49.1381,-7.8705],[-49.147,-7.87],[-49.1513,-7.8661],[-49.1484,-7.8649],[-49.1487,-7.8584],[-49.1596,-7.8579],[-49.1664,-7.8491],[-49.1645,-7.8325],[-49.1582,-7.8242],[-49.148,-7.8069],[-49.1501,-7.8018],[-49.1574,-7.7934],[-49.2027,-7.7741],[-49.2207,-7.7612],[-49.2396,-7.7403],[-49.2635,-7.7231],[-49.2961,-7.696],[-49.3276,-7.6774],[-49.3367,-7.665],[-49.3412,-7.6569],[-49.3162,-7.6468],[-49.3079,-7.6529],[-49.2943,-7.6388],[-49.2842,-7.6377],[-49.2813,-7.6401],[-49.2797,-7.6356],[-49.2657,-7.6333],[-49.2608,-7.6209],[-49.2509,-7.6247],[-49.243,-7.6191],[-49.2452,-7.6129],[-49.2272,-7.6066],[-49.2181,-7.6073],[-49.2166,-7.6119],[-49.2126,-7.6097],[-49.2122,-7.6158],[-49.2088,-7.6165],[-49.1983,-7.6074],[-49.1866,-7.6083],[-49.1819,-7.6128],[-49.1721,-7.6121],[-49.1566,-7.6046],[-49.1497,-7.6138],[-49.1465,-7.6089],[-49.14,-7.6076],[-49.1399,-7.603],[-49.1275,-7.598],[-49.0957,-7.6041],[-49.0821,-7.6135],[-49.0668,-7.6079],[-49.0493,-7.6149],[-49.0448,-7.6137],[-49.0454,-7.6187],[-49.035,-7.6198],[-49.0267,-7.6169],[-49.0287,-7.6119],[-49.026,-7.6089],[-49.0144,-7.6113],[-49.0058,-7.6036],[-48.9954,-7.6037],[-48.9949,-7.5973],[-48.9837,-7.6016],[-48.9803,-7.6051],[-48.9657,-7.5953],[-48.9525,-7.6034],[-48.9447,-7.5881],[-48.9347,-7.5908],[-48.9316,-7.5869],[-48.9278,-7.5887],[-48.9208,-7.5841],[-48.9036,-7.5859],[-48.8917,-7.5803],[-48.8695,-7.5766],[-48.8443,-7.5841],[-48.8377,-7.5809],[-48.8259,-7.5811],[-48.8158,-7.5716],[-48.8038,-7.5702],[-48.7952,-7.5728]]]}},{"type":"Feature","properties":{"nome":"Arraias","cod":"1702406","uf":"TO"},"geometry":{"type":"Polygon","coordinates":[[[-47.0736,-12.36],[-47.0591,-12.3615],[-47.0438,-12.3704],[-47.0355,-12.3703],[-47.0315,-12.3668],[-47.0117,-12.3723],[-46.9923,-12.3615],[-46.9789,-12.367],[-46.977,-12.371],[-46.9686,-12.3713],[-46.9664,-12.3779],[-46.9602,-12.3736],[-46.9459,-12.377],[-46.9363,-12.3833],[-46.9325,-12.3901],[-46.8996,-12.4035],[-46.8998,-12.4179],[-46.9032,-12.4212],[-46.8969,-12.4222],[-46.8982,-12.4304],[-46.8903,-12.4401],[-46.8958,-12.4523],[-46.8936,-12.4617],[-46.8864,-12.4642],[-46.8839,-12.4601],[-46.8698,-12.4576],[-46.8573,-12.4775],[-46.8528,-12.4734],[-46.8401,-12.4789],[-46.8363,-12.4853],[-46.8231,-12.4844],[-46.8177,-12.491],[-46.8072,-12.4949],[-46.8066,-12.5068],[-46.7997,-12.508],[-46.7954,-12.5157],[-46.7864,-12.5238],[-46.7786,-12.5381],[-46.7672,-12.5414],[-46.7608,-12.5485],[-46.75,-12.5494],[-46.7479,-12.5619],[-46.7417,-12.5727],[-46.7355,-12.5752],[-46.7339,-12.5703],[-46.7301,-12.5704],[-46.7271,-12.5763],[-46.7167,-12.5753],[-46.7142,-12.5883],[-46.7056,-12.5846],[-46.7023,-12.5921],[-46.7043,-12.5951],[-46.6952,-12.5946],[-46.687,-12.6032],[-46.687,-12.6099],[-46.6785,-12.611],[-46.682,-12.6162],[-46.6785,-12.6225],[-46.6806,-12.6275],[-46.6887,-12.6288],[-46.6818,-12.6316],[-46.6823,-12.643],[-46.6733,-12.6468],[-46.6651,-12.6425],[-46.6653,-12.6384],[-46.6619,-12.6388],[-46.6535,-12.6544],[-46.6474,-12.6583],[-46.6385,-12.6547],[-46.6323,-12.6592],[-46.6295,-12.6637],[-46.6249,-12.6641],[-46.6229,-12.6703],[-46.6253,-12.6749],[-46.6191,-12.6756],[-46.6171,-12.6822],[-46.622,-12.6849],[-46.6148,-12.6904],[-46.6096,-12.7036],[-46.6109,-12.7105],[-46.6057,-12.7141],[-46.6109,-12.725],[-46.606,-12.7319],[-46.5929,-12.7593],[-46.5953,-12.7643],[-46.5933,-12.7717],[-46.6008,-12.7847],[-46.5929,-12.8042],[-46.6004,-12.8138],[-46.6009,-12.8246],[-46.6057,-12.8262],[-46.612,-12.8371],[-46.6167,-12.8373],[-46.6164,-12.8463],[-46.6216,-12.8473],[-46.6246,-12.854],[-46.6244,-12.8709],[-46.6176,-12.8735],[-46.6151,-12.8794],[-46.6239,-12.8865],[-46.6255,-12.9206],[-46.6294,-12.9266],[-46.6271,-12.9337],[-46.6338,-12.9418],[-46.6334,-12.9695],[-46.6356,-12.9695],[-46.7065,-12.969],[-46.7502,-12.9687],[-46.8193,-13.002],[-46.8227,-13.0077],[-46.8185,-13.0136],[-46.8285,-13.0182],[-46.8338,-13.0333],[-46.8397,-13.0341],[-46.8471,-13.045],[-46.8445,-13.0493],[-46.847,-13.0534],[-46.8483,-13.0505],[-46.8546,-13.0552],[-46.8541,-13.0669],[-46.8684,-13.0681],[-46.8707,-13.0631],[-46.8713,-13.0595],[-46.8762,-13.0615],[-46.8798,-13.0589],[-46.8786,-13.0484],[-46.8925,-13.0528],[-46.9019,-13.0669],[-46.9104,-13.0686],[-46.9285,-13.0827],[-46.9287,-13.0924],[-46.9459,-13.0989],[-46.9535,-13.1107],[-46.9633,-13.1117],[-46.9782,-13.1212],[-46.9784,-13.1311],[-46.988,-13.1277],[-46.9869,-13.1214],[-46.9916,-13.1237],[-47.0007,-13.1209],[-47.005,-13.1247],[-47.0046,-13.1317],[-47.0093,-13.1404],[-47.019,-13.1453],[-47.0224,-13.1416],[-47.0351,-13.1475],[-47.0355,-13.1504],[-47.0414,-13.1482],[-47.0471,-13.1572],[-47.0509,-13.1555],[-47.0622,-13.1614],[-47.0687,-13.1551],[-47.072,-13.1601],[-47.0771,-13.1611],[-47.0804,-13.1615],[-47.0798,-13.166],[-47.0844,-13.1701],[-47.0797,-13.1777],[-47.0869,-13.182],[-47.0896,-13.1736],[-47.0969,-13.1714],[-47.1021,-13.1742],[-47.1049,-13.1813],[-47.1076,-13.181],[-47.1085,-13.1706],[-47.1178,-13.1774],[-47.1322,-13.1781],[-47.1399,-13.1871],[-47.1334,-13.1894],[-47.1348,-13.2027],[-47.1534,-13.2095],[-47.1617,-13.2053],[-47.1673,-13.2108],[-47.1721,-13.206],[-47.1828,-13.2053],[-47.1843,-13.2032],[-47.1748,-13.1947],[-47.1824,-13.1877],[-47.1964,-13.1932],[-47.211,-13.1921],[-47.2171,-13.1961],[-47.2255,-13.1931],[-47.2316,-13.1989],[-47.2316,-13.2042],[-47.2511,-13.2119],[-47.2478,-13.2297],[-47.2524,-13.2347],[-47.2674,-13.2379],[-47.267,-13.2477],[-47.2749,-13.2505],[-47.2817,-13.2645],[-47.2895,-13.2618],[-47.2852,-13.2559],[-47.2931,-13.2561],[-47.2941,-13.2485],[-47.3085,-13.2493],[-47.3226,-13.2579],[-47.3372,-13.2459],[-47.352,-13.2484],[-47.3676,-13.2357],[-47.3712,-13.2283],[-47.3789,-13.2307],[-47.3833,-13.241],[-47.3876,-13.2401],[-47.3934,-13.2451],[-47.392,-13.2619],[-47.3971,-13.2607],[-47.4157,-13.2699],[-47.4253,-13.2893],[-47.4324,-13.2876],[-47.4373,-13.2786],[-47.4344,-13.2678],[-47.4547,-13.2489],[-47.4479,-13.2403],[-47.4309,-13.2376],[-47.4353,-13.2267],[-47.443,-13.222],[-47.4612,-13.2271],[-47.4852,-13.2217],[-47.4874,-13.2077],[-47.4777,-13.1872],[-47.4842,-13.182],[-47.5094,-13.1894],[-47.5235,-13.1815],[-47.5326,-13.1834],[-47.541,-13.1919],[-47.5626,-13.1838],[-47.5681,-13.1491],[-47.5609,-13.1242],[-47.5712,-13.1163],[-47.5628,-13.1104],[-47.5551,-13.1109],[-47.5342,-13.1285],[-47.515,-13.132],[-47.5052,-13.128],[-47.4989,-13.1144],[-47.4931,-13.1107],[-47.4734,-13.1121],[-47.4696,-13.1151],[-47.4602,-13.111],[-47.4102,-13.1176],[-47.4064,-13.1206],[-47.3996,-13.1177],[-47.3997,-13.1082],[-47.4048,-13.101],[-47.3967,-13.0935],[-47.3952,-13.0751],[-47.4102,-13.0617],[-47.412,-13.0542],[-47.4089,-13.0429],[-47.4138,-13.0345],[-47.4202,-13.0284],[-47.4378,-13.0237],[-47.4403,-13.0018],[-47.4382,-12.9799],[-47.4449,-12.9678],[-47.4621,-12.9593],[-47.4594,-12.956],[-47.4407,-12.9308],[-47.427,-12.9325],[-47.4154,-12.9281],[-47.4048,-12.9372],[-47.3879,-12.9336],[-47.3836,-12.9291],[-47.3771,-12.9299],[-47.3663,-12.924],[-47.3591,-12.9256],[-47.3574,-12.9158],[-47.3525,-12.9188],[-47.3459,-12.9166],[-47.3185,-12.8851],[-47.3148,-12.8588],[-47.2981,-12.8519],[-47.2763,-12.841],[-47.2552,-12.8396],[-47.2179,-12.825],[-47.2488,-12.8097],[-47.2806,-12.8117],[-47.2934,-12.7867],[-47.306,-12.782],[-47.3288,-12.7614],[-47.3368,-12.7614],[-47.344,-12.756],[-47.3497,-12.7507],[-47.3678,-12.7143],[-47.3707,-12.7007],[-47.3608,-12.6966],[-47.3597,-12.6961],[-47.3515,-12.6971],[-47.3403,-12.6866],[-47.3353,-12.6859],[-47.3208,-12.6893],[-47.2914,-12.6868],[-47.2848,-12.6783],[-47.2651,-12.6674],[-47.2593,-12.656],[-47.2412,-12.6403],[-47.2416,-12.6365],[-47.2282,-12.6336],[-47.2239,-12.6284],[-47.2238,-12.6186],[-47.2058,-12.6097],[-47.2271,-12.5808],[-47.2364,-12.571],[-47.2429,-12.5732],[-47.2521,-12.5701],[-47.2412,-12.5513],[-47.2407,-12.5423],[-47.2357,-12.5385],[-47.2295,-12.5182],[-47.2363,-12.5099],[-47.2339,-12.4978],[-47.2388,-12.4918],[-47.2574,-12.4818],[-47.2629,-12.4569],[-47.2839,-12.4484],[-47.2907,-12.4432],[-47.2898,-12.4402],[-47.2824,-12.4274],[-47.2701,-12.4214],[-47.2502,-12.4262],[-47.2391,-12.4333],[-47.197,-12.4189],[-47.1969,-12.4188],[-47.1901,-12.4074],[-47.1642,-12.396],[-47.1623,-12.3896],[-47.1497,-12.3789],[-47.1499,-12.3745],[-47.1438,-12.3682],[-47.1356,-12.3643],[-47.1268,-12.3668],[-47.1193,-12.3625],[-47.1086,-12.3596],[-47.1036,-12.3614],[-47.0917,-12.3523],[-47.0824,-12.3507],[-47.0736,-12.36]]]}},{"type":"Feature","properties":{"nome":"Augustinópolis","cod":"1702554","uf":"TO"},"geometry":{"type":"Polygon","coordinates":[[[-47.9779,-5.423],[-47.9281,-5.4482],[-47.9246,-5.4402],[-47.9258,-5.4269],[-47.9357,-5.4173],[-47.9326,-5.4025],[-47.9401,-5.3929],[-47.9374,-5.3837],[-47.9134,-5.4047],[-47.8693,-5.4169],[-47.8271,-5.3862],[-47.829,-5.3924],[-47.8255,-5.4062],[-47.8302,-5.4174],[-47.8251,-5.4384],[-47.8303,-5.444],[-47.8433,-5.4433],[-47.8528,-5.4493],[-47.8519,-5.4745],[-47.8656,-5.4861],[-47.8591,-5.4936],[-47.8651,-5.5112],[-47.8563,-5.5248],[-47.8573,-5.5383],[-47.8619,-5.5433],[-47.8595,-5.5579],[-47.8593,-5.5702],[-47.838,-5.5897],[-47.8384,-5.5992],[-47.8363,-5.6117],[-47.8404,-5.6212],[-47.8357,-5.6272],[-47.8346,-5.6361],[-47.8394,-5.6472],[-47.8389,-5.6485],[-47.844,-5.6627],[-47.8687,-5.6641],[-47.877,-5.6572],[-47.8754,-5.6489],[-47.8813,-5.6447],[-47.8826,-5.635],[-47.8866,-5.6312],[-47.8805,-5.6273],[-47.8867,-5.6211],[-47.8863,-5.6091],[-47.8973,-5.6094],[-47.9084,-5.6158],[-47.9171,-5.5945],[-47.9308,-5.5899],[-47.9286,-5.5801],[-47.9367,-5.5673],[-47.9536,-5.5612],[-47.9725,-5.5664],[-47.9689,-5.5478],[-47.9793,-5.541],[-47.9861,-5.5238],[-47.9981,-5.5166],[-48.0006,-5.5107],[-48.0046,-5.5099],[-48.0132,-5.4957],[-48.0129,-5.4825],[-48.0219,-5.4767],[-48.0208,-5.4664],[-48.0289,-5.4688],[-48.0372,-5.4621],[-48.046,-5.4629],[-48.0482,-5.4447],[-48.0712,-5.4442],[-48.0759,-5.4396],[-48.074,-5.4171],[-48.0656,-5.4084],[-48.0644,-5.3792],[-48.0566,-5.3831],[-48.0437,-5.3894],[-48.0098,-5.4063],[-48.0007,-5.4108],[-47.9783,-5.4227],[-47.9779,-5.423]]]}},{"type":"Feature","properties":{"nome":"Aurora do Tocantins","cod":"1702703","uf":"TO"},"geometry":{"type":"Polygon","coordinates":[[[-46.1516,-12.5134],[-46.1602,-12.5281],[-46.2013,-12.5298],[-46.2266,-12.5359],[-46.2456,-12.5459],[-46.256,-12.5467],[-46.2607,-12.5493],[-46.2659,-12.5719],[-46.2795,-12.5845],[-46.2728,-12.5935],[-46.2903,-12.6325],[-46.2732,-12.6376],[-46.271,-12.6433],[-46.261,-12.646],[-46.2557,-12.6547],[-46.2651,-12.6676],[-46.2843,-12.6789],[-46.2928,-12.6924],[-46.2858,-12.6981],[-46.2863,-12.7048],[-46.2762,-12.7054],[-46.2645,-12.7165],[-46.2671,-12.7388],[-46.2799,-12.7503],[-46.2759,-12.7588],[-46.2832,-12.7651],[-46.2951,-12.7685],[-46.3106,-12.7575],[-46.3497,-12.7543],[-46.3526,-12.7589],[-46.3484,-12.7684],[-46.3627,-12.7703],[-46.374,-12.7616],[-46.3804,-12.7497],[-46.3926,-12.7448],[-46.4416,-12.7706],[-46.4548,-12.7658],[-46.4717,-12.743],[-46.4877,-12.73],[-46.4902,-12.7176],[-46.4869,-12.7109],[-46.4907,-12.7021],[-46.4841,-12.6938],[-46.479,-12.6931],[-46.4786,-12.6804],[-46.4893,-12.6806],[-46.4966,-12.6875],[-46.5166,-12.6953],[-46.5383,-12.6903],[-46.5425,-12.6829],[-46.5647,-12.6764],[-46.5812,-12.6634],[-46.5895,-12.6639],[-46.6169,-12.655],[-46.6249,-12.6641],[-46.6295,-12.6637],[-46.6323,-12.6592],[-46.6385,-12.6547],[-46.6474,-12.6583],[-46.6535,-12.6544],[-46.6619,-12.6388],[-46.6653,-12.6384],[-46.6651,-12.6425],[-46.6733,-12.6468],[-46.6823,-12.643],[-46.6818,-12.6316],[-46.6887,-12.6288],[-46.6806,-12.6275],[-46.6785,-12.6225],[-46.682,-12.6162],[-46.6785,-12.611],[-46.687,-12.6099],[-46.687,-12.6032],[-46.6952,-12.5946],[-46.7043,-12.5951],[-46.7023,-12.5921],[-46.7056,-12.5846],[-46.7004,-12.5771],[-46.6983,-12.5789],[-46.6942,-12.576],[-46.6927,-12.5787],[-46.684,-12.5716],[-46.6769,-12.5781],[-46.6723,-12.5776],[-46.6767,-12.5836],[-46.674,-12.5824],[-46.6631,-12.5954],[-46.6552,-12.5942],[-46.6357,-12.5989],[-46.6258,-12.5944],[-46.6167,-12.5961],[-46.6116,-12.5854],[-46.6071,-12.5894],[-46.5931,-12.582],[-46.5795,-12.5939],[-46.563,-12.5953],[-46.5632,-12.591],[-46.552,-12.5827],[-46.5456,-12.5811],[-46.5458,-12.585],[-46.5363,-12.5766],[-46.5175,-12.5795],[-46.5002,-12.5728],[-46.4987,-12.575],[-46.4914,-12.5662],[-46.4812,-12.5654],[-46.4697,-12.5701],[-46.4646,-12.5647],[-46.457,-12.5659],[-46.4549,-12.572],[-46.4352,-12.5816],[-46.4191,-12.5791],[-46.4182,-12.5824],[-46.4173,-12.5791],[-46.4084,-12.5798],[-46.4072,-12.5761],[-46.4048,-12.5785],[-46.4032,-12.5783],[-46.4005,-12.5756],[-46.3955,-12.5789],[-46.3905,-12.5739],[-46.3825,-12.5738],[-46.3813,-12.564],[-46.3772,-12.5623],[-46.3722,-12.5658],[-46.3609,-12.5605],[-46.356,-12.5559],[-46.3554,-12.5494],[-46.3433,-12.5496],[-46.3389,-12.5464],[-46.3391,-12.54],[-46.3276,-12.5382],[-46.3267,-12.5346],[-46.3063,-12.5332],[-46.2831,-12.5264],[-46.2674,-12.5283],[-46.2227,-12.5135],[-46.2135,-12.5062],[-46.1817,-12.4998],[-46.1535,-12.4829],[-46.1616,-12.4951],[-46.1516,-12.5134]]]}},{"type":"Feature","properties":{"nome":"Axixá do Tocantins","cod":"1702901","uf":"TO"},"geometry":{"type":"Polygon","coordinates":[[[-47.7277,-5.6574],[-47.7281,-5.6704],[-47.7335,-5.6771],[-47.7379,-5.6982],[-47.7423,-5.7037],[-47.7506,-5.7145],[-47.7567,-5.729],[-47.7508,-5.7548],[-47.7519,-5.7654],[-47.7556,-5.7636],[-47.7583,-5.7503],[-47.7651,-5.7406],[-47.7714,-5.7329],[-47.7681,-5.7203],[-47.7804,-5.7066],[-47.7786,-5.6999],[-47.7872,-5.692],[-47.7895,-5.6838],[-47.7984,-5.6727],[-47.8097,-5.6662],[-47.8141,-5.6636],[-47.8235,-5.666],[-47.8331,-5.6589],[-47.8331,-5.649],[-47.8389,-5.6485],[-47.8394,-5.6472],[-47.8346,-5.6361],[-47.8357,-5.6272],[-47.8404,-5.6212],[-47.8363,-5.6117],[-47.8384,-5.5992],[-47.8379,-5.5987],[-47.7478,-5.5968],[-47.7371,-5.5966],[-47.6791,-5.5954],[-47.6894,-5.6146],[-47.6934,-5.6346],[-47.711,-5.638],[-47.7151,-5.6499],[-47.7277,-5.6574]]]}},{"type":"Feature","properties":{"nome":"Babaçulândia","cod":"1703008","uf":"TO"},"geometry":{"type":"Polygon","coordinates":[[[-47.6409,-6.985],[-47.6307,-6.9897],[-47.6275,-6.9839],[-47.6171,-6.9844],[-47.6174,-6.9874],[-47.6033,-6.9937],[-47.6012,-6.9907],[-47.5825,-6.9971],[-47.5724,-6.995],[-47.5709,-7.0002],[-47.5746,-7.0038],[-47.5645,-7.0063],[-47.5479,-6.9997],[-47.5351,-6.9871],[-47.5445,-7.0124],[-47.5574,-7.0308],[-47.5744,-7.0499],[-47.5943,-7.0615],[-47.618,-7.0908],[-47.6258,-7.1182],[-47.644,-7.1432],[-47.6599,-7.151],[-47.6748,-7.1473],[-47.6936,-7.1366],[-47.7043,-7.1355],[-47.738,-7.1556],[-47.7475,-7.1674],[-47.75,-7.1891],[-47.7432,-7.2079],[-47.7356,-7.2177],[-47.7346,-7.2185],[-47.6906,-7.2379],[-47.6741,-7.2594],[-47.6826,-7.2622],[-47.6821,-7.2668],[-47.696,-7.2697],[-47.6951,-7.274],[-47.6998,-7.2798],[-47.6965,-7.2811],[-47.6975,-7.2853],[-47.7091,-7.2875],[-47.7137,-7.2938],[-47.7219,-7.2958],[-47.7221,-7.3072],[-47.7328,-7.3173],[-47.7338,-7.3222],[-47.7391,-7.325],[-47.7489,-7.3227],[-47.748,-7.3306],[-47.753,-7.3344],[-47.7511,-7.3452],[-47.7578,-7.3434],[-47.7629,-7.3528],[-47.7796,-7.3565],[-47.7837,-7.3605],[-47.7903,-7.3522],[-47.797,-7.3619],[-47.8217,-7.3679],[-47.8386,-7.3648],[-47.8446,-7.3811],[-47.8484,-7.3836],[-47.857,-7.3787],[-47.8661,-7.3822],[-47.8742,-7.372],[-47.8834,-7.3828],[-47.8932,-7.3809],[-47.8979,-7.3931],[-47.9171,-7.3834],[-47.929,-7.3898],[-47.9306,-7.3958],[-47.9366,-7.3901],[-47.9521,-7.3934],[-47.9631,-7.414],[-47.9727,-7.4194],[-47.9758,-7.4189],[-47.9791,-7.4107],[-47.9971,-7.3982],[-48.0099,-7.3993],[-48.0141,-7.3965],[-48.0141,-7.3868],[-48.0265,-7.3806],[-48.0307,-7.3722],[-48.0364,-7.3717],[-48.0437,-7.3567],[-48.0518,-7.3534],[-48.0548,-7.3458],[-48.0601,-7.3354],[-48.0598,-7.3244],[-48.0639,-7.3212],[-48.0818,-7.2876],[-48.0773,-7.269],[-48.0799,-7.2564],[-48.0726,-7.2225],[-48.0837,-7.2134],[-48.0914,-7.2129],[-48.0959,-7.2086],[-48.094,-7.2021],[-48.0861,-7.1975],[-48.0874,-7.185],[-48.0782,-7.1701],[-48.0768,-7.1594],[-48.0829,-7.1577],[-48.0928,-7.164],[-48.1023,-7.1633],[-48.1065,-7.1533],[-48.1323,-7.1315],[-48.1345,-7.1228],[-48.0871,-7.1053],[-48.022,-7.0812],[-47.8695,-7.0278],[-47.8693,-7.0278],[-47.7341,-6.9833],[-47.7555,-6.9054],[-47.743,-6.9046],[-47.7073,-6.9105],[-47.6997,-6.9219],[-47.6982,-6.9346],[-47.6771,-6.9436],[-47.6706,-6.9536],[-47.6586,-6.9594],[-47.6535,-6.9739],[-47.6409,-6.985]]]}},{"type":"Feature","properties":{"nome":"Bandeirantes do Tocantins","cod":"1703057","uf":"TO"},"geometry":{"type":"Polygon","coordinates":[[[-48.7076,-7.5797],[-48.6959,-7.5846],[-48.6877,-7.5844],[-48.6599,-7.624],[-48.6521,-7.6219],[-48.6135,-7.624],[-48.6023,-7.6357],[-48.6051,-7.6503],[-48.5996,-7.6628],[-48.5679,-7.6757],[-48.5582,-7.6967],[-48.5546,-7.6975],[-48.5561,-7.7026],[-48.5519,-7.7096],[-48.5386,-7.7196],[-48.5345,-7.7294],[-48.5363,-7.734],[-48.5303,-7.7377],[-48.5163,-7.737],[-48.5181,-7.7498],[-48.5104,-7.7658],[-48.5071,-7.7898],[-48.5133,-7.8014],[-48.5072,-7.8026],[-48.5,-7.8085],[-48.4963,-7.8217],[-48.4967,-7.8505],[-48.4992,-7.8526],[-48.5057,-7.8562],[-48.5077,-7.8785],[-48.5153,-7.8841],[-48.5246,-7.8801],[-48.5335,-7.8885],[-48.5454,-7.8903],[-48.5496,-7.8951],[-48.5457,-7.9009],[-48.5534,-7.9082],[-48.5572,-7.9111],[-48.5752,-7.9247],[-48.5867,-7.9269],[-48.5924,-7.9363],[-48.6124,-7.9389],[-48.615,-7.9425],[-48.6143,-7.9564],[-48.6289,-7.9647],[-48.6296,-7.9701],[-48.6225,-7.9742],[-48.62,-7.9846],[-48.63,-8.0172],[-48.6368,-8.0223],[-48.6477,-8.0234],[-48.6561,-8.0305],[-48.6558,-8.0368],[-48.6611,-8.0465],[-48.6559,-8.052],[-48.644,-8.0486],[-48.6293,-8.0544],[-48.6266,-8.077],[-48.6329,-8.0813],[-48.6364,-8.0937],[-48.6519,-8.1192],[-48.6385,-8.1211],[-48.63,-8.1313],[-48.6174,-8.1299],[-48.6154,-8.137],[-48.6209,-8.1455],[-48.6159,-8.1611],[-48.6283,-8.1759],[-48.6231,-8.1848],[-48.623,-8.1974],[-48.6138,-8.2049],[-48.6239,-8.2156],[-48.6358,-8.2214],[-48.6377,-8.2347],[-48.6308,-8.2387],[-48.6324,-8.2463],[-48.6289,-8.255],[-48.6161,-8.2566],[-48.6103,-8.2676],[-48.6128,-8.2749],[-48.6202,-8.2697],[-48.6256,-8.2697],[-48.6349,-8.2734],[-48.6347,-8.2764],[-48.6328,-8.2848],[-48.6191,-8.2885],[-48.6146,-8.2948],[-48.6192,-8.2996],[-48.6267,-8.3209],[-48.6171,-8.3266],[-48.6225,-8.3339],[-48.6296,-8.339],[-48.6272,-8.3467],[-48.6322,-8.3529],[-48.6201,-8.3885],[-48.6267,-8.4006],[-48.6402,-8.3971],[-48.6319,-8.3973],[-48.6278,-8.3892],[-48.6379,-8.3689],[-48.6376,-8.3504],[-48.6624,-8.316],[-48.6614,-8.2981],[-48.6665,-8.2907],[-48.6668,-8.2833],[-48.6737,-8.2772],[-48.6844,-8.2828],[-48.6955,-8.2681],[-48.6921,-8.2645],[-48.6964,-8.2574],[-48.6926,-8.2517],[-48.6957,-8.2449],[-48.6922,-8.2452],[-48.6888,-8.2396],[-48.695,-8.2325],[-48.6967,-8.2213],[-48.7018,-8.2186],[-48.6982,-8.2102],[-48.7052,-8.2065],[-48.7103,-8.1962],[-48.7095,-8.189],[-48.7062,-8.1875],[-48.7183,-8.1794],[-48.7276,-8.1829],[-48.734,-8.1792],[-48.7316,-8.1706],[-48.7383,-8.167],[-48.7435,-8.1523],[-48.7386,-8.1459],[-48.7414,-8.1471],[-48.7427,-8.1443],[-48.7445,-8.1479],[-48.7544,-8.1485],[-48.7519,-8.1457],[-48.7596,-8.1251],[-48.7649,-8.1271],[-48.766,-8.1235],[-48.7659,-8.1189],[-48.7616,-8.1189],[-48.7635,-8.111],[-48.7683,-8.1139],[-48.7747,-8.1102],[-48.7729,-8.117],[-48.7757,-8.1196],[-48.783,-8.1098],[-48.7838,-8.0994],[-48.7816,-8.0912],[-48.7885,-8.0912],[-48.7906,-8.0848],[-48.7855,-8.0773],[-48.7863,-8.0722],[-48.7929,-8.0763],[-48.798,-8.0663],[-48.7956,-8.0559],[-48.7878,-8.0458],[-48.7953,-8.0378],[-48.7891,-8.0295],[-48.7962,-8.0253],[-48.8019,-8.0286],[-48.807,-8.0043],[-48.7994,-7.9948],[-48.8,-7.9897],[-48.795,-7.9869],[-48.7992,-7.977],[-48.807,-7.9697],[-48.8062,-7.9655],[-48.8088,-7.9662],[-48.8138,-7.958],[-48.8183,-7.94],[-48.8097,-7.9264],[-48.8128,-7.9136],[-48.82,-7.9104],[-48.8207,-7.9036],[-48.8422,-7.8995],[-48.8473,-7.8879],[-48.8294,-7.882],[-48.8064,-7.8659],[-48.8038,-7.8473],[-48.7956,-7.8372],[-48.7864,-7.8161],[-48.7869,-7.7997],[-48.78,-7.7957],[-48.7418,-7.6497],[-48.7417,-7.6415],[-48.7489,-7.6393],[-48.748,-7.6308],[-48.7546,-7.622],[-48.7539,-7.6123],[-48.7581,-7.6027],[-48.7535,-7.6034],[-48.7519,-7.5965],[-48.7343,-7.5895],[-48.7316,-7.5801],[-48.7276,-7.5803],[-48.7273,-7.5866],[-48.7076,-7.5797]]]}},{"type":"Feature","properties":{"nome":"Barra do Ouro","cod":"1703073","uf":"TO"},"geometry":{"type":"Polygon","coordinates":[[[-47.5043,-7.4362],[-47.4992,-7.4533],[-47.4975,-7.4788],[-47.4799,-7.4917],[-47.4797,-7.5255],[-47.4748,-7.533],[-47.4682,-7.531],[-47.4609,-7.5189],[-47.4378,-7.5211],[-47.4272,-7.5254],[-47.4239,-7.5307],[-47.4249,-7.5414],[-47.4297,-7.5476],[-47.4406,-7.5506],[-47.4521,-7.5597],[-47.4541,-7.5747],[-47.4585,-7.5817],[-47.4646,-7.5836],[-47.4637,-7.5881],[-47.4693,-7.5942],[-47.471,-7.6055],[-47.4849,-7.6147],[-47.4936,-7.6284],[-47.5051,-7.6339],[-47.5089,-7.662],[-47.5273,-7.6646],[-47.5256,-7.6796],[-47.5356,-7.6974],[-47.5453,-7.6996],[-47.5495,-7.7075],[-47.5638,-7.715],[-47.5677,-7.7201],[-47.5597,-7.7288],[-47.5499,-7.7294],[-47.5398,-7.7377],[-47.5262,-7.7408],[-47.5219,-7.7555],[-47.5093,-7.7626],[-47.5058,-7.7684],[-47.4869,-7.7665],[-47.4771,-7.7725],[-47.4731,-7.7955],[-47.4761,-7.8007],[-47.4748,-7.8148],[-47.4746,-7.815],[-47.4708,-7.8267],[-47.4741,-7.8322],[-47.4871,-7.8487],[-47.4894,-7.8568],[-47.4971,-7.8577],[-47.5014,-7.8636],[-47.5069,-7.8644],[-47.503,-7.8755],[-47.5044,-7.8902],[-47.5008,-7.8967],[-47.5001,-7.9142],[-47.4906,-7.9288],[-47.4872,-7.9322],[-47.4664,-7.9332],[-47.4566,-7.9554],[-47.4646,-7.9688],[-47.472,-7.9653],[-47.4968,-7.9708],[-47.5129,-7.9646],[-47.5359,-7.9889],[-47.5481,-7.9922],[-47.5525,-7.9889],[-47.5612,-7.9794],[-47.5709,-7.9782],[-47.5794,-7.9625],[-47.5917,-7.9696],[-47.5948,-7.9685],[-47.6065,-7.9446],[-47.6139,-7.9454],[-47.6133,-7.9346],[-47.6177,-7.9316],[-47.6213,-7.9211],[-47.6496,-7.9128],[-47.6572,-7.9075],[-47.6611,-7.8978],[-47.6654,-7.8957],[-47.6649,-7.8906],[-47.6695,-7.8882],[-47.6655,-7.8799],[-47.6545,-7.8831],[-47.6658,-7.8692],[-47.6657,-7.8602],[-47.6714,-7.8691],[-47.6807,-7.869],[-47.6864,-7.8753],[-47.6903,-7.873],[-47.6876,-7.8642],[-47.6936,-7.8537],[-47.6859,-7.8456],[-47.6899,-7.8399],[-47.6825,-7.8376],[-47.6884,-7.8254],[-47.6949,-7.8259],[-47.697,-7.822],[-47.7129,-7.8151],[-47.7236,-7.8],[-47.7199,-7.7941],[-47.7283,-7.7933],[-47.7296,-7.7903],[-47.7229,-7.7857],[-47.7241,-7.7797],[-47.7183,-7.7809],[-47.7247,-7.7724],[-47.7175,-7.7672],[-47.7154,-7.7705],[-47.7109,-7.7653],[-47.7169,-7.7601],[-47.7233,-7.7626],[-47.7243,-7.758],[-47.729,-7.7558],[-47.7312,-7.7453],[-47.7388,-7.7456],[-47.7381,-7.7356],[-47.7454,-7.7339],[-47.7393,-7.7292],[-47.7408,-7.7222],[-47.7344,-7.7244],[-47.7286,-7.7175],[-47.726,-7.7192],[-47.72,-7.7155],[-47.7204,-7.7102],[-47.7138,-7.7037],[-47.7199,-7.6971],[-47.7049,-7.6903],[-47.69,-7.6847],[-47.6811,-7.6807],[-47.6512,-7.6553],[-47.6299,-7.6198],[-47.6312,-7.5903],[-47.6314,-7.5676],[-47.622,-7.5331],[-47.6332,-7.5011],[-47.6261,-7.4863],[-47.5905,-7.4391],[-47.5628,-7.4496],[-47.55,-7.4392],[-47.5199,-7.4317],[-47.5043,-7.4362]]]}},{"type":"Feature","properties":{"nome":"Barrolândia","cod":"1703107","uf":"TO"},"geometry":{"type":"Polygon","coordinates":[[[-48.8229,-9.745],[-48.8165,-9.7509],[-48.8129,-9.748],[-48.8134,-9.7398],[-48.8105,-9.7392],[-48.8082,-9.7431],[-48.8062,-9.7376],[-48.8013,-9.7361],[-48.7981,-9.7359],[-48.7954,-9.7457],[-48.7901,-9.7469],[-48.7856,-9.7397],[-48.7642,-9.7348],[-48.7543,-9.7379],[-48.746,-9.7325],[-48.7504,-9.7502],[-48.7544,-9.751],[-48.7497,-9.7603],[-48.7421,-9.7622],[-48.7321,-9.7587],[-48.7174,-9.7688],[-48.7036,-9.7709],[-48.695,-9.7368],[-48.6807,-9.7573],[-48.6778,-9.762],[-48.6499,-9.7576],[-48.654,-9.7699],[-48.6522,-9.79],[-48.6464,-9.7989],[-48.6416,-9.8177],[-48.629,-9.8317],[-48.6229,-9.8641],[-48.6407,-9.8961],[-48.6462,-9.8988],[-48.6965,-9.8934],[-48.7227,-9.9069],[-48.7294,-9.9066],[-48.7337,-9.9311],[-48.7388,-9.9395],[-48.7434,-9.9476],[-48.7428,-9.9688],[-48.8049,-10.05],[-48.816,-10.0658],[-48.8217,-10.0661],[-48.8237,-10.0698],[-48.8312,-10.0641],[-48.8381,-10.0678],[-48.8426,-10.0627],[-48.8405,-10.0581],[-48.8429,-10.0497],[-48.8587,-10.0475],[-48.8595,-10.0337],[-48.8692,-10.032],[-48.8746,-10.0386],[-48.8833,-10.0382],[-48.8838,-10.0577],[-48.8882,-10.0678],[-48.8935,-10.0617],[-48.9014,-10.0485],[-48.9037,-10.028],[-48.8961,-10.017],[-48.8888,-10.0155],[-48.881,-10.005],[-48.8801,-9.9899],[-48.8703,-9.9755],[-48.8729,-9.9642],[-48.8703,-9.9519],[-48.861,-9.9481],[-48.8584,-9.9304],[-48.8541,-9.9266],[-48.8577,-9.9049],[-48.8506,-9.8996],[-48.8541,-9.8946],[-48.8533,-9.8856],[-48.8651,-9.8712],[-48.8832,-9.8595],[-48.8859,-9.8398],[-48.9053,-9.8318],[-48.9178,-9.8307],[-48.9244,-9.8369],[-48.928,-9.8314],[-48.9269,-9.8247],[-48.93,-9.8228],[-48.9451,-9.8424],[-48.951,-9.8431],[-48.9578,-9.8389],[-48.9636,-9.8423],[-48.9664,-9.8531],[-48.9712,-9.8405],[-48.961,-9.8253],[-48.9633,-9.8166],[-48.9501,-9.8024],[-48.9434,-9.8039],[-48.9406,-9.7998],[-48.9467,-9.788],[-48.9401,-9.7791],[-48.9395,-9.7667],[-48.9314,-9.7593],[-48.9293,-9.7449],[-48.9219,-9.7403],[-48.9058,-9.7679],[-48.8861,-9.7715],[-48.8856,-9.7721],[-48.8771,-9.7735],[-48.8615,-9.7584],[-48.8636,-9.742],[-48.8602,-9.7316],[-48.8531,-9.7304],[-48.8501,-9.7362],[-48.8229,-9.745]]]}},{"type":"Feature","properties":{"nome":"Bernardo Sayão","cod":"1703206","uf":"TO"},"geometry":{"type":"Polygon","coordinates":[[[-49.147,-7.87],[-49.1381,-7.8705],[-49.1331,-7.8675],[-49.1329,-7.8711],[-49.1268,-7.871],[-49.121,-7.8661],[-49.1182,-7.8718],[-49.0931,-7.8824],[-49.0948,-7.8851],[-49.092,-7.8885],[-49.0887,-7.8824],[-49.0835,-7.8715],[-49.0818,-7.8744],[-49.0611,-7.8772],[-49.0568,-7.8817],[-49.0469,-7.8817],[-49.0468,-7.8786],[-49.0422,-7.8815],[-49.0332,-7.8738],[-49.0372,-7.8698],[-49.0325,-7.8689],[-49.0109,-7.873],[-49.0016,-7.8803],[-48.9996,-7.8767],[-48.9843,-7.8719],[-48.9756,-7.8734],[-48.9675,-7.8688],[-48.961,-7.8704],[-48.9611,-7.8675],[-48.9512,-7.8666],[-48.952,-7.8637],[-48.9446,-7.8599],[-48.9409,-7.8521],[-48.9309,-7.8569],[-48.9198,-7.8495],[-48.9124,-7.8535],[-48.9118,-7.8484],[-48.9067,-7.848],[-48.896,-7.8598],[-48.8958,-7.8656],[-48.888,-7.8676],[-48.8875,-7.8723],[-48.8806,-7.8759],[-48.8725,-7.8742],[-48.8682,-7.8801],[-48.8609,-7.8828],[-48.8548,-7.8799],[-48.8473,-7.8879],[-48.8422,-7.8995],[-48.8207,-7.9036],[-48.82,-7.9104],[-48.8128,-7.9136],[-48.8097,-7.9264],[-48.8183,-7.94],[-48.8138,-7.958],[-48.8088,-7.9662],[-48.8062,-7.9655],[-48.807,-7.9697],[-48.7992,-7.977],[-48.795,-7.9869],[-48.8,-7.9897],[-48.7994,-7.9948],[-48.807,-8.0043],[-48.8019,-8.0286],[-48.7962,-8.0253],[-48.7891,-8.0295],[-48.7953,-8.0378],[-48.7878,-8.0458],[-48.7956,-8.0559],[-48.798,-8.0663],[-48.7929,-8.0763],[-48.7863,-8.0722],[-48.7855,-8.0773],[-48.7906,-8.0848],[-48.7885,-8.0912],[-48.7816,-8.0912],[-48.7838,-8.0994],[-48.8001,-8.1085],[-48.8096,-8.1234],[-48.8136,-8.1235],[-48.8177,-8.1292],[-48.8278,-8.1263],[-48.8432,-8.1309],[-48.8538,-8.1236],[-48.8599,-8.1116],[-48.873,-8.1138],[-48.8963,-8.1019],[-48.9074,-8.1123],[-48.9228,-8.1122],[-48.9278,-8.1165],[-48.941,-8.1021],[-48.9738,-8.1055],[-48.9817,-8.1032],[-49.002,-8.0843],[-49.0086,-8.0848],[-49.0181,-8.087],[-49.0307,-8.0845],[-49.043,-8.087],[-49.0444,-8.0849],[-49.0451,-8.0871],[-49.0518,-8.0844],[-49.0591,-8.0635],[-49.0661,-8.0561],[-49.076,-8.0533],[-49.0744,-8.0486],[-49.0831,-8.032],[-49.0921,-8.0304],[-49.0938,-8.0258],[-49.108,-8.025],[-49.1125,-8.0101],[-49.1162,-8.0126],[-49.1206,-8.0081],[-49.1287,-8.0104],[-49.1354,-8.0067],[-49.1403,-8.0119],[-49.1455,-8.0095],[-49.1489,-8.0123],[-49.1526,-8.0099],[-49.1516,-8.0055],[-49.1555,-8.0093],[-49.1752,-8.0088],[-49.1816,-7.9766],[-49.1692,-7.9544],[-49.1628,-7.9209],[-49.1623,-7.9001],[-49.1659,-7.8799],[-49.1673,-7.8539],[-49.1664,-7.8491],[-49.1596,-7.8579],[-49.1487,-7.8584],[-49.1484,-7.8649],[-49.1513,-7.8661],[-49.147,-7.87]]]}},{"type":"Feature","properties":{"nome":"Bom Jesus do Tocantins","cod":"1703305","uf":"TO"},"geometry":{"type":"Polygon","coordinates":[[[-48.1235,-8.8361],[-48.1214,-8.8374],[-48.1209,-8.8293],[-48.1163,-8.8317],[-48.1157,-8.8462],[-48.1062,-8.851],[-48.1052,-8.8559],[-48.1101,-8.8658],[-48.106,-8.868],[-48.0951,-8.8616],[-48.0925,-8.8721],[-48.0878,-8.873],[-48.0875,-8.8643],[-48.0831,-8.8637],[-48.0742,-8.8663],[-48.074,-8.8711],[-48.0575,-8.8697],[-48.0571,-8.8752],[-48.0507,-8.8804],[-48.0181,-8.8774],[-48.0183,-8.8833],[-48.0105,-8.8888],[-48.0089,-8.8792],[-48.0047,-8.8857],[-48.0005,-8.8807],[-47.9943,-8.8816],[-47.9884,-8.8724],[-47.9892,-8.8821],[-47.9831,-8.8801],[-47.9785,-8.8806],[-47.9804,-8.8895],[-47.9771,-8.8939],[-47.9743,-8.8931],[-47.9739,-8.8969],[-47.9658,-8.8967],[-47.9673,-8.9014],[-47.9594,-8.9031],[-47.9567,-8.9055],[-47.9634,-8.9106],[-47.9557,-8.9139],[-47.9579,-8.9189],[-47.9459,-8.9182],[-47.9433,-8.924],[-47.9412,-8.9222],[-47.9347,-8.9319],[-47.9311,-8.9314],[-47.925,-8.9372],[-47.9254,-8.9431],[-47.9195,-8.9472],[-47.9212,-8.9553],[-47.9116,-8.9589],[-47.9036,-8.9545],[-47.8936,-8.9604],[-47.8917,-8.9551],[-47.8817,-8.959],[-47.8792,-8.9532],[-47.8726,-8.9508],[-47.8712,-8.9533],[-47.8688,-8.9486],[-47.863,-8.9516],[-47.859,-8.9487],[-47.8551,-8.952],[-47.8514,-8.9485],[-47.8413,-8.9583],[-47.838,-8.955],[-47.8301,-8.9563],[-47.8285,-8.9517],[-47.8142,-8.9559],[-47.8118,-8.9486],[-47.8055,-8.948],[-47.8021,-8.9512],[-47.7971,-8.9458],[-47.7741,-8.9601],[-47.7671,-8.9597],[-47.7607,-8.9648],[-47.7468,-8.9682],[-47.7375,-8.9676],[-47.7214,-8.955],[-47.7141,-8.9567],[-47.7132,-8.9615],[-47.7036,-8.966],[-47.6998,-8.9582],[-47.6906,-8.9505],[-47.6778,-8.9567],[-47.6762,-8.953],[-47.6624,-8.9541],[-47.6577,-8.96],[-47.6544,-8.9587],[-47.6566,-8.9542],[-47.6421,-8.953],[-47.6388,-8.9494],[-47.6226,-8.9497],[-47.6097,-8.9395],[-47.588,-8.8841],[-47.5724,-8.8858],[-47.5716,-8.9009],[-47.5661,-8.9073],[-47.567,-8.9164],[-47.5626,-8.9182],[-47.5594,-8.9157],[-47.5456,-8.9287],[-47.5977,-9.0198],[-47.6092,-9.039],[-47.6059,-9.0458],[-47.6069,-9.0531],[-47.6192,-9.0682],[-47.625,-9.0814],[-47.6188,-9.0928],[-47.6211,-9.1244],[-47.617,-9.1407],[-47.6254,-9.1461],[-47.6259,-9.1549],[-47.6443,-9.1683],[-47.6484,-9.1672],[-47.6499,-9.1732],[-47.6622,-9.1688],[-47.679,-9.1768],[-47.6824,-9.1721],[-47.6849,-9.1824],[-47.7121,-9.1694],[-47.7198,-9.1566],[-47.7169,-9.1326],[-47.704,-9.1191],[-47.7064,-9.1097],[-47.7044,-9.1023],[-47.7251,-9.0876],[-47.7235,-9.0929],[-47.7342,-9.1014],[-47.7509,-9.1071],[-47.7741,-9.1209],[-47.7914,-9.1213],[-47.8007,-9.1131],[-47.8389,-9.1193],[-47.8446,-9.1153],[-47.8505,-9.1175],[-47.8589,-9.1137],[-47.8705,-9.1159],[-47.8832,-9.1247],[-47.8911,-9.1348],[-47.9193,-9.1372],[-47.9297,-9.1367],[-47.934,-9.1274],[-47.9497,-9.1236],[-47.9582,-9.1151],[-47.9741,-9.1174],[-47.9762,-9.1221],[-47.9802,-9.118],[-47.9836,-9.1208],[-47.992,-9.1175],[-47.9983,-9.1231],[-47.9945,-9.1289],[-48.0004,-9.1314],[-48.0008,-9.1265],[-48.0062,-9.1235],[-48.0044,-9.1211],[-48.0221,-9.1146],[-48.0262,-9.1034],[-48.0312,-9.1045],[-48.0325,-9.0973],[-48.037,-9.0971],[-48.0412,-9.0877],[-48.0496,-9.0861],[-48.0511,-9.0811],[-48.0555,-9.0857],[-48.0573,-9.0812],[-48.063,-9.0844],[-48.0642,-9.0816],[-48.0696,-9.0817],[-48.0745,-9.0731],[-48.0803,-9.078],[-48.0786,-9.0744],[-48.0844,-9.0692],[-48.0842,-9.0647],[-48.0944,-9.0647],[-48.0951,-9.0545],[-48.1018,-9.055],[-48.0998,-9.0596],[-48.1033,-9.0609],[-48.1133,-9.0491],[-48.127,-9.0214],[-48.1388,-9.0075],[-48.1386,-8.9914],[-48.1448,-8.9839],[-48.1544,-8.9844],[-48.1595,-8.9828],[-48.1693,-8.9685],[-48.1785,-8.9563],[-48.1723,-8.9336],[-48.1725,-8.9072],[-48.1669,-8.8925],[-48.1407,-8.8396],[-48.1245,-8.8212],[-48.1235,-8.8361]]]}},{"type":"Feature","properties":{"nome":"Brasilândia do Tocantins","cod":"1703602","uf":"TO"},"geometry":{"type":"Polygon","coordinates":[[[-48.3385,-8.1334],[-48.3227,-8.1342],[-48.3239,-8.1284],[-48.318,-8.1332],[-48.3129,-8.1305],[-48.3039,-8.1326],[-48.3058,-8.1372],[-48.2998,-8.1376],[-48.2966,-8.145],[-48.3029,-8.1503],[-48.3036,-8.1564],[-48.3138,-8.1695],[-48.3333,-8.2386],[-48.3548,-8.254],[-48.3516,-8.2654],[-48.3405,-8.267],[-48.3338,-8.2745],[-48.328,-8.2748],[-48.3201,-8.2812],[-48.2886,-8.3264],[-48.289,-8.3323],[-48.2835,-8.3334],[-48.2821,-8.3369],[-48.2949,-8.3429],[-48.3164,-8.3395],[-48.3198,-8.3415],[-48.3261,-8.3361],[-48.3307,-8.3376],[-48.3377,-8.3433],[-48.3361,-8.3456],[-48.3462,-8.3615],[-48.3509,-8.3622],[-48.3596,-8.3798],[-48.3739,-8.3862],[-48.3779,-8.3917],[-48.3813,-8.3897],[-48.3867,-8.3936],[-48.3991,-8.3915],[-48.4025,-8.3938],[-48.4101,-8.3912],[-48.4288,-8.4002],[-48.435,-8.3935],[-48.4371,-8.3986],[-48.4471,-8.3915],[-48.4535,-8.401],[-48.4651,-8.4029],[-48.4819,-8.4229],[-48.5226,-8.3947],[-48.5306,-8.3992],[-48.5333,-8.3914],[-48.5557,-8.3785],[-48.5561,-8.3705],[-48.5611,-8.374],[-48.5634,-8.3706],[-48.5718,-8.3732],[-48.5689,-8.3601],[-48.5792,-8.3573],[-48.5932,-8.3587],[-48.6009,-8.3553],[-48.605,-8.3449],[-48.6174,-8.3399],[-48.6225,-8.3339],[-48.6171,-8.3266],[-48.6267,-8.3209],[-48.6192,-8.2996],[-48.6146,-8.2948],[-48.6191,-8.2885],[-48.6328,-8.2848],[-48.6347,-8.2764],[-48.6268,-8.2803],[-48.6192,-8.2771],[-48.6129,-8.2835],[-48.6035,-8.2868],[-48.5952,-8.284],[-48.581,-8.267],[-48.5835,-8.256],[-48.5779,-8.2571],[-48.5373,-8.2322],[-48.5237,-8.234],[-48.5145,-8.262],[-48.5016,-8.2625],[-48.4881,-8.2558],[-48.4858,-8.2462],[-48.4759,-8.2384],[-48.4717,-8.2187],[-48.4336,-8.1992],[-48.4275,-8.1806],[-48.417,-8.181],[-48.3951,-8.1719],[-48.3929,-8.1448],[-48.3883,-8.1391],[-48.3781,-8.1376],[-48.3704,-8.1442],[-48.3676,-8.1384],[-48.3611,-8.1412],[-48.3596,-8.1328],[-48.3526,-8.1355],[-48.3484,-8.1253],[-48.3439,-8.1237],[-48.3454,-8.1262],[-48.3385,-8.1334]]]}},{"type":"Feature","properties":{"nome":"Brejinho de Nazaré","cod":"1703701","uf":"TO"},"geometry":{"type":"Polygon","coordinates":[[[-48.4007,-10.7579],[-48.3972,-10.7834],[-48.4001,-10.8075],[-48.3967,-10.8219],[-48.4015,-10.8416],[-48.4201,-10.8829],[-48.4578,-10.9277],[-48.5126,-10.9536],[-48.5223,-10.9715],[-48.5346,-10.9978],[-48.5527,-11.0132],[-48.5552,-11.018],[-48.5573,-11.0381],[-48.5525,-11.0548],[-48.5436,-11.0686],[-48.5357,-11.1044],[-48.5204,-11.124],[-48.5165,-11.1581],[-48.4963,-11.2061],[-48.4843,-11.2259],[-48.4635,-11.2475],[-48.4534,-11.2634],[-48.4507,-11.2751],[-48.4574,-11.3009],[-48.4785,-11.3629],[-48.5014,-11.3854],[-48.5129,-11.3911],[-48.5278,-11.3897],[-48.5421,-11.3829],[-48.5476,-11.3695],[-48.548,-11.3492],[-48.5658,-11.3261],[-48.5657,-11.3135],[-48.5704,-11.3071],[-48.5832,-11.3032],[-48.592,-11.2852],[-48.597,-11.2863],[-48.6008,-11.2833],[-48.6014,-11.2758],[-48.6295,-11.2785],[-48.6304,-11.2667],[-48.6364,-11.2624],[-48.647,-11.2257],[-48.6448,-11.215],[-48.6511,-11.1989],[-48.6454,-11.1884],[-48.6565,-11.1816],[-48.6633,-11.1862],[-48.6744,-11.1842],[-48.688,-11.1898],[-48.6956,-11.1752],[-48.7121,-11.1695],[-48.7169,-11.164],[-48.7102,-11.1479],[-48.7099,-11.1317],[-48.7146,-11.1246],[-48.7191,-11.1248],[-48.7351,-11.1466],[-48.7409,-11.1387],[-48.7497,-11.1419],[-48.7627,-11.1236],[-48.7676,-11.1304],[-48.7773,-11.1276],[-48.7822,-11.1302],[-48.7833,-11.1362],[-48.7891,-11.1371],[-48.7936,-11.1325],[-48.7989,-11.1335],[-48.8031,-11.1252],[-48.8084,-11.1302],[-48.8118,-11.1285],[-48.8123,-11.1204],[-48.8169,-11.1196],[-48.8157,-11.1153],[-48.8209,-11.1172],[-48.8296,-11.1078],[-48.8394,-11.1086],[-48.8496,-11.1044],[-48.854,-11.1083],[-48.8571,-11.1045],[-48.8572,-11.0979],[-48.8416,-11.0788],[-48.8297,-11.0511],[-48.8386,-11.024],[-48.8408,-11.0056],[-48.8541,-10.9937],[-48.8531,-10.9673],[-48.831,-10.9588],[-48.8087,-10.9283],[-48.8088,-10.9186],[-48.7982,-10.893],[-48.8001,-10.8854],[-48.7944,-10.8684],[-48.8105,-10.845],[-48.7941,-10.8084],[-48.7883,-10.7958],[-48.7847,-10.8049],[-48.7723,-10.8092],[-48.7609,-10.8019],[-48.7443,-10.812],[-48.7254,-10.8021],[-48.7182,-10.8119],[-48.7055,-10.8183],[-48.694,-10.8331],[-48.687,-10.8371],[-48.6625,-10.8351],[-48.6521,-10.838],[-48.6447,-10.832],[-48.6434,-10.8438],[-48.6355,-10.8574],[-48.637,-10.8699],[-48.6246,-10.8666],[-48.6065,-10.8454],[-48.5966,-10.8434],[-48.5924,-10.8669],[-48.5804,-10.8711],[-48.5809,-10.8622],[-48.5746,-10.8548],[-48.5673,-10.8533],[-48.5498,-10.8568],[-48.5453,-10.8539],[-48.5433,-10.8431],[-48.546,-10.8299],[-48.5343,-10.8275],[-48.5324,-10.8168],[-48.5458,-10.8081],[-48.5442,-10.7962],[-48.5136,-10.7929],[-48.509,-10.7847],[-48.496,-10.7807],[-48.4725,-10.7821],[-48.4535,-10.7632],[-48.429,-10.7578],[-48.4216,-10.7596],[-48.4156,-10.7553],[-48.4172,-10.7436],[-48.4149,-10.7411],[-48.4007,-10.7579]]]}},{"type":"Feature","properties":{"nome":"Buriti do Tocantins","cod":"1703800","uf":"TO"},"geometry":{"type":"Polygon","coordinates":[[[-48.0542,-5.3186],[-48.0605,-5.3371],[-48.0726,-5.3416],[-48.0786,-5.352],[-48.0925,-5.3651],[-48.0644,-5.3792],[-48.0656,-5.4084],[-48.074,-5.4171],[-48.0759,-5.4396],[-48.0896,-5.4301],[-48.0945,-5.4204],[-48.1088,-5.4208],[-48.1144,-5.4288],[-48.1232,-5.428],[-48.139,-5.4003],[-48.1618,-5.3925],[-48.1619,-5.3877],[-48.1696,-5.3887],[-48.1866,-5.3838],[-48.1877,-5.3753],[-48.1923,-5.372],[-48.2005,-5.3736],[-48.2073,-5.38],[-48.2086,-5.3628],[-48.2201,-5.3589],[-48.2255,-5.3471],[-48.238,-5.3479],[-48.2359,-5.3365],[-48.2189,-5.33],[-48.2198,-5.3231],[-48.2227,-5.324],[-48.228,-5.3206],[-48.2502,-5.3184],[-48.1727,-5.2684],[-48.1781,-5.2604],[-48.1067,-5.2668],[-48.0788,-5.2747],[-48.0686,-5.286],[-48.0542,-5.3186]]]}},{"type":"Feature","properties":{"nome":"Cachoeirinha","cod":"1703826","uf":"TO"},"geometry":{"type":"Polygon","coordinates":[[[-47.7627,-6.0094],[-47.7406,-6.0162],[-47.7269,-6.012],[-47.6923,-6.0182],[-47.7119,-6.0337],[-47.7196,-6.073],[-47.7395,-6.0957],[-47.7462,-6.0974],[-47.7484,-6.1277],[-47.7653,-6.1526],[-47.852,-6.1485],[-47.8675,-6.1534],[-47.8869,-6.143],[-47.9096,-6.1502],[-47.9161,-6.1566],[-47.9383,-6.1657],[-47.9621,-6.1838],[-47.9721,-6.1842],[-47.9853,-6.1826],[-47.9931,-6.1728],[-47.9881,-6.1657],[-47.9932,-6.1624],[-47.9911,-6.157],[-47.9721,-6.1537],[-47.9553,-6.1328],[-47.9604,-6.1078],[-47.9549,-6.1007],[-47.9578,-6.0946],[-47.9557,-6.0902],[-47.9697,-6.074],[-47.97,-6.0649],[-47.908,-6.072],[-47.9059,-6.0498],[-47.8952,-6.0223],[-47.8876,-6.0183],[-47.878,-6.026],[-47.848,-6.0276],[-47.8295,-6.0207],[-47.79,-6.0235],[-47.7818,-6.016],[-47.7627,-6.0094]]]}},{"type":"Feature","properties":{"nome":"Campos Lindos","cod":"1703842","uf":"TO"},"geometry":{"type":"Polygon","coordinates":[[[-46.5904,-7.9058],[-46.581,-7.9081],[-46.5756,-7.9159],[-46.5719,-7.914],[-46.562,-7.9201],[-46.5577,-7.9257],[-46.5573,-7.9383],[-46.549,-7.9491],[-46.5434,-7.9483],[-46.5183,-7.9587],[-46.4899,-7.9828],[-46.4854,-7.9948],[-46.486,-8.0027],[-46.4765,-8.0118],[-46.4794,-8.0424],[-46.4772,-8.0527],[-46.4662,-8.0658],[-46.4665,-8.0739],[-46.47,-8.0843],[-46.482,-8.088],[-46.4887,-8.0973],[-46.4916,-8.1152],[-46.5082,-8.1571],[-46.5142,-8.1662],[-46.5142,-8.1755],[-46.5084,-8.1832],[-46.4981,-8.185],[-46.4871,-8.1995],[-46.4895,-8.2075],[-46.5021,-8.2198],[-46.5087,-8.237],[-46.5072,-8.2704],[-46.5221,-8.2932],[-46.5334,-8.3002],[-46.5432,-8.3185],[-46.5584,-8.3248],[-46.5769,-8.3219],[-46.5902,-8.3278],[-46.6064,-8.328],[-46.6152,-8.3271],[-46.6303,-8.3184],[-46.6409,-8.3211],[-46.6592,-8.3327],[-46.6779,-8.3361],[-46.685,-8.3441],[-46.7064,-8.3511],[-46.7123,-8.362],[-46.7212,-8.3681],[-46.7262,-8.3827],[-46.7339,-8.385],[-46.7403,-8.3765],[-46.7522,-8.3737],[-46.7608,-8.378],[-46.7765,-8.368],[-46.782,-8.3677],[-46.7861,-8.374],[-46.7862,-8.3818],[-46.7913,-8.3857],[-46.7853,-8.395],[-46.7866,-8.3987],[-46.7946,-8.4045],[-46.8064,-8.3986],[-46.7983,-8.4124],[-46.7992,-8.4223],[-46.7951,-8.4296],[-46.8016,-8.4436],[-46.7961,-8.4462],[-46.8151,-8.47],[-46.8204,-8.4651],[-46.8231,-8.4741],[-46.828,-8.4725],[-46.8319,-8.4645],[-46.8347,-8.4687],[-46.8414,-8.4655],[-46.8407,-8.4731],[-46.8507,-8.4758],[-46.8485,-8.4876],[-46.8506,-8.4893],[-46.8467,-8.493],[-46.8459,-8.501],[-46.8506,-8.5033],[-46.8465,-8.5105],[-46.8517,-8.5155],[-46.8429,-8.5224],[-46.8504,-8.5254],[-46.8462,-8.5317],[-46.8689,-8.5261],[-46.8848,-8.5283],[-46.887,-8.5219],[-46.8961,-8.5159],[-46.9018,-8.5168],[-46.9136,-8.5105],[-46.9269,-8.5082],[-46.9373,-8.5013],[-46.9402,-8.5054],[-46.9431,-8.5006],[-46.9486,-8.5001],[-46.9532,-8.4909],[-46.9581,-8.499],[-46.9808,-8.4963],[-46.9909,-8.5012],[-47.0158,-8.4946],[-47.0307,-8.5025],[-47.0331,-8.4942],[-47.0373,-8.4985],[-47.0396,-8.4935],[-47.044,-8.4931],[-47.0499,-8.485],[-47.0484,-8.4801],[-47.0567,-8.4758],[-47.0556,-8.4708],[-47.0614,-8.4646],[-47.0678,-8.4634],[-47.0703,-8.4702],[-47.0804,-8.4742],[-47.0926,-8.4754],[-47.0947,-8.4708],[-47.1045,-8.4662],[-47.1062,-8.4723],[-47.1161,-8.4592],[-47.1215,-8.461],[-47.125,-8.4413],[-47.1299,-8.432],[-47.1491,-8.4236],[-47.1534,-8.412],[-47.1662,-8.3934],[-47.1706,-8.3888],[-47.1691,-8.3776],[-47.1719,-8.3742],[-47.1702,-8.3661],[-47.1737,-8.3669],[-47.1732,-8.358],[-47.1531,-8.3539],[-47.1491,-8.3422],[-47.1503,-8.3234],[-47.1371,-8.31],[-47.1403,-8.2911],[-47.1103,-8.2797],[-47.1045,-8.2724],[-47.0961,-8.2767],[-47.0914,-8.2717],[-47.0865,-8.2786],[-47.0756,-8.273],[-47.0681,-8.2731],[-47.0614,-8.2591],[-47.0598,-8.2453],[-47.0443,-8.2304],[-47.0472,-8.2085],[-47.0576,-8.2001],[-47.0398,-8.1831],[-47.0349,-8.1574],[-47.0181,-8.1407],[-47.0152,-8.122],[-47.0064,-8.1093],[-47.012,-8.1032],[-47.0086,-8.0986],[-47.0139,-8.0948],[-47.0099,-8.0924],[-47.0161,-8.0831],[-47.013,-8.0736],[-47.0176,-8.064],[-47.0141,-8.0572],[-47.0081,-8.0618],[-47.0016,-8.0572],[-47.0008,-8.0659],[-46.997,-8.0668],[-46.9888,-8.0475],[-46.9816,-8.0501],[-46.9798,-8.0452],[-46.9624,-8.0391],[-46.9657,-8.0343],[-46.9539,-8.0258],[-46.956,-8.0162],[-46.953,-8.0062],[-46.9491,-8.008],[-46.9452,-8.0049],[-46.941,-7.9965],[-46.9232,-7.9916],[-46.921,-7.9949],[-46.9224,-7.985],[-46.9179,-7.9814],[-46.909,-7.9801],[-46.9048,-7.9865],[-46.8958,-7.9865],[-46.8889,-7.9746],[-46.8822,-7.9727],[-46.8822,-7.9637],[-46.8723,-7.9552],[-46.869,-7.956],[-46.8707,-7.9613],[-46.8659,-7.9689],[-46.8612,-7.9606],[-46.8504,-7.957],[-46.8435,-7.9649],[-46.8395,-7.9651],[-46.8377,-7.9591],[-46.8309,-7.9628],[-46.824,-7.959],[-46.8094,-7.9519],[-46.8061,-7.9508],[-46.8016,-7.9495],[-46.7997,-7.955],[-46.7919,-7.953],[-46.7888,-7.9467],[-46.7862,-7.9514],[-46.783,-7.951],[-46.7814,-7.9447],[-46.7734,-7.9427],[-46.7678,-7.9352],[-46.767,-7.9383],[-46.7629,-7.9384],[-46.7558,-7.922],[-46.7463,-7.9263],[-46.7416,-7.9225],[-46.737,-7.9241],[-46.7324,-7.9185],[-46.7261,-7.9231],[-46.7217,-7.9145],[-46.7126,-7.9138],[-46.708,-7.9095],[-46.6966,-7.9164],[-46.685,-7.9123],[-46.6728,-7.914],[-46.6677,-7.9037],[-46.6601,-7.9002],[-46.6565,-7.9036],[-46.6502,-7.9085],[-46.6403,-7.9061],[-46.6309,-7.8983],[-46.6143,-7.8964],[-46.5966,-7.8989],[-46.5904,-7.9058]]]}},{"type":"Feature","properties":{"nome":"Cariri do Tocantins","cod":"1703867","uf":"TO"},"geometry":{"type":"Polygon","coordinates":[[[-49.1485,-11.7356],[-49.1157,-11.7503],[-49.1105,-11.7735],[-49.0987,-11.7799],[-49.0933,-11.7926],[-49.0813,-11.7983],[-49.0796,-11.8033],[-49.0917,-11.831],[-49.0909,-11.8356],[-49.1014,-11.8569],[-49.1052,-11.8653],[-49.1204,-11.8772],[-49.1213,-11.8876],[-49.1133,-11.89],[-49.0996,-11.8832],[-49.0887,-11.8823],[-49.0865,-11.888],[-49.0943,-11.9016],[-49.0902,-11.9107],[-49.0795,-11.9053],[-49.0616,-11.9064],[-49.0266,-11.9326],[-49.001,-11.962],[-49.006,-11.9638],[-49.0089,-11.9614],[-49.0109,-11.964],[-49.0097,-11.9701],[-49.0242,-11.9849],[-49.0355,-12.0104],[-49.0547,-12.0173],[-49.0612,-12.0276],[-49.0667,-12.0718],[-49.0731,-12.0804],[-49.085,-12.0867],[-49.0985,-12.0884],[-49.1189,-12.0844],[-49.1352,-12.0728],[-49.1463,-12.0703],[-49.1561,-12.076],[-49.1859,-12.1057],[-49.186,-12.1059],[-49.1946,-12.1127],[-49.2202,-12.1133],[-49.2365,-12.1346],[-49.2457,-12.141],[-49.2637,-12.1438],[-49.2697,-12.1407],[-49.2858,-12.1545],[-49.3207,-12.1524],[-49.3409,-12.1591],[-49.3485,-12.158],[-49.3557,-12.1508],[-49.3624,-12.1491],[-49.3948,-12.1545],[-49.4066,-12.1566],[-49.4005,-12.1517],[-49.3465,-12.125],[-49.3471,-12.1064],[-49.3398,-12.0947],[-49.3358,-12.077],[-49.3255,-12.0661],[-49.3265,-12.0513],[-49.3212,-12.0377],[-49.3052,-12.0232],[-49.277,-12.0105],[-49.2657,-11.9957],[-49.2708,-11.9831],[-49.2588,-11.9671],[-49.2625,-11.9526],[-49.2718,-11.9369],[-49.278,-11.9165],[-49.2863,-11.9047],[-49.3014,-11.8951],[-49.3081,-11.8803],[-49.3084,-11.8742],[-49.3,-11.8667],[-49.3033,-11.8543],[-49.3096,-11.8524],[-49.3246,-11.8557],[-49.3331,-11.8533],[-49.3328,-11.8464],[-49.3404,-11.8396],[-49.3459,-11.8231],[-49.3497,-11.8129],[-49.3598,-11.814],[-49.3769,-11.8081],[-49.3856,-11.7819],[-49.3965,-11.7737],[-49.4061,-11.7607],[-49.3886,-11.7597],[-49.3826,-11.7544],[-49.3572,-11.7486],[-49.3515,-11.7519],[-49.3394,-11.7496],[-49.3255,-11.744],[-49.289,-11.753],[-49.2763,-11.7463],[-49.2651,-11.7505],[-49.2524,-11.745],[-49.2405,-11.7489],[-49.2226,-11.7378],[-49.2166,-11.7429],[-49.1684,-11.7464],[-49.1717,-11.7393],[-49.1485,-11.7356]]]}},{"type":"Feature","properties":{"nome":"Carmolândia","cod":"1703883","uf":"TO"},"geometry":{"type":"Polygon","coordinates":[[[-48.3168,-6.925],[-48.3163,-6.929],[-48.3043,-6.9247],[-48.3009,-6.9298],[-48.3023,-6.9332],[-48.2922,-6.942],[-48.299,-6.9453],[-48.2969,-6.9596],[-48.3026,-6.9683],[-48.3054,-6.9857],[-48.3097,-6.987],[-48.3096,-7.0009],[-48.3035,-7.0224],[-48.3079,-7.031],[-48.2975,-7.04],[-48.2961,-7.0466],[-48.3017,-7.0627],[-48.3045,-7.0636],[-48.3092,-7.0691],[-48.3087,-7.0723],[-48.3046,-7.0723],[-48.3044,-7.1043],[-48.3044,-7.1045],[-48.3067,-7.1057],[-48.3104,-7.1009],[-48.3164,-7.106],[-48.3057,-7.113],[-48.307,-7.121],[-48.3351,-7.1385],[-48.3446,-7.1345],[-48.3524,-7.1404],[-48.3593,-7.139],[-48.3652,-7.1416],[-48.3727,-7.1352],[-48.3796,-7.1391],[-48.3967,-7.1393],[-48.4049,-7.146],[-48.415,-7.1465],[-48.4179,-7.1515],[-48.4228,-7.1491],[-48.4261,-7.1515],[-48.4398,-7.1474],[-48.4519,-7.129],[-48.4567,-7.1266],[-48.4535,-7.1025],[-48.4565,-7.0927],[-48.4683,-7.0822],[-48.4687,-7.0785],[-48.4612,-7.0613],[-48.4608,-7.0509],[-48.4512,-7.051],[-48.4423,-7.0439],[-48.4586,-7.026],[-48.4509,-7.0252],[-48.4516,-7.0219],[-48.4474,-7.0214],[-48.4375,-7.01],[-48.4345,-7.0],[-48.4288,-6.996],[-48.4289,-6.9878],[-48.4238,-6.9774],[-48.4214,-6.9735],[-48.4148,-6.9724],[-48.4125,-6.9639],[-48.4018,-6.9616],[-48.3847,-6.9494],[-48.3737,-6.9473],[-48.3624,-6.9395],[-48.3551,-6.9402],[-48.3381,-6.9334],[-48.333,-6.9233],[-48.3168,-6.925]]]}},{"type":"Feature","properties":{"nome":"Carrasco Bonito","cod":"1703891","uf":"TO"},"geometry":{"type":"Polygon","coordinates":[[[-48.0142,-5.2376],[-47.9334,-5.353],[-47.9364,-5.353],[-47.9435,-5.3659],[-47.9523,-5.3909],[-47.9605,-5.3965],[-47.9704,-5.4165],[-47.9779,-5.423],[-47.9783,-5.4227],[-48.0007,-5.4108],[-48.0098,-5.4063],[-48.0437,-5.3894],[-48.0566,-5.3831],[-48.0644,-5.3792],[-48.0925,-5.3651],[-48.0786,-5.352],[-48.0726,-5.3416],[-48.0605,-5.3371],[-48.0542,-5.3186],[-48.0686,-5.286],[-48.0788,-5.2747],[-48.0519,-5.2672],[-48.0142,-5.2376]]]}},{"type":"Feature","properties":{"nome":"Caseara","cod":"1703909","uf":"TO"},"geometry":{"type":"Polygon","coordinates":[[[-49.7237,-9.3241],[-49.7312,-9.3484],[-49.7206,-9.3478],[-49.7177,-9.356],[-49.7092,-9.3535],[-49.7036,-9.3616],[-49.7062,-9.367],[-49.7231,-9.3724],[-49.7141,-9.3809],[-49.724,-9.3872],[-49.7221,-9.3924],[-49.7166,-9.3941],[-49.7166,-9.3999],[-49.7287,-9.4036],[-49.7227,-9.4165],[-49.7183,-9.4191],[-49.7262,-9.4303],[-49.7227,-9.438],[-49.7157,-9.4322],[-49.7042,-9.4393],[-49.7035,-9.443],[-49.7097,-9.45],[-49.7046,-9.4558],[-49.7029,-9.4626],[-49.7104,-9.4666],[-49.7088,-9.4721],[-49.712,-9.4777],[-49.7076,-9.4835],[-49.7101,-9.4882],[-49.7076,-9.4916],[-49.702,-9.4877],[-49.6993,-9.4905],[-49.6991,-9.5011],[-49.6958,-9.5072],[-49.6922,-9.5077],[-49.6905,-9.5304],[-49.6842,-9.5325],[-49.6837,-9.5395],[-49.68,-9.5395],[-49.6829,-9.5504],[-49.6793,-9.5549],[-49.683,-9.5559],[-49.6829,-9.5603],[-49.6918,-9.5637],[-49.7205,-9.5891],[-49.7305,-9.5911],[-49.7485,-9.5822],[-49.7569,-9.5927],[-49.7666,-9.5967],[-49.77,-9.6043],[-49.787,-9.6098],[-49.7951,-9.6296],[-49.8026,-9.6345],[-49.7966,-9.6492],[-49.8005,-9.6668],[-49.823,-9.6639],[-49.8361,-9.6687],[-49.8498,-9.6811],[-49.8738,-9.6808],[-49.8767,-9.6847],[-49.8871,-9.6812],[-49.8932,-9.6852],[-49.9136,-9.6764],[-49.9249,-9.6825],[-49.9466,-9.6759],[-49.9537,-9.6678],[-49.9757,-9.6747],[-49.9811,-9.6715],[-49.9875,-9.6716],[-49.9899,-9.676],[-49.9944,-9.6736],[-49.9972,-9.6715],[-49.9986,-9.6584],[-49.9949,-9.6517],[-49.9894,-9.6518],[-49.9887,-9.6366],[-49.999,-9.6026],[-49.9978,-9.5962],[-49.9882,-9.5892],[-49.9881,-9.5841],[-49.9838,-9.5862],[-49.9823,-9.5823],[-49.9837,-9.5775],[-49.9914,-9.572],[-49.9871,-9.5668],[-49.9799,-9.5669],[-49.9924,-9.5513],[-49.9945,-9.5361],[-50.0012,-9.5351],[-49.9949,-9.5319],[-49.9819,-9.5043],[-49.9861,-9.4982],[-49.9963,-9.5067],[-50.0058,-9.5031],[-49.9949,-9.4911],[-49.9772,-9.4812],[-49.9856,-9.4639],[-49.9811,-9.4402],[-49.9831,-9.4321],[-49.989,-9.4281],[-49.9879,-9.4101],[-50.0009,-9.3893],[-49.9951,-9.3817],[-49.9779,-9.3753],[-49.9728,-9.3698],[-49.976,-9.354],[-49.9714,-9.3454],[-49.9716,-9.3207],[-49.962,-9.3038],[-49.9634,-9.2955],[-49.9749,-9.2802],[-49.9728,-9.2707],[-49.9618,-9.2567],[-49.967,-9.2431],[-49.9657,-9.2305],[-49.943,-9.2005],[-49.9072,-9.1734],[-49.9048,-9.1649],[-49.9096,-9.1531],[-49.8964,-9.1433],[-49.8669,-9.0967],[-49.8622,-9.0811],[-49.8502,-9.0585],[-49.7097,-9.1742],[-49.7202,-9.1852],[-49.7012,-9.1993],[-49.7015,-9.2111],[-49.7149,-9.2201],[-49.7123,-9.2275],[-49.7044,-9.2318],[-49.7059,-9.2424],[-49.7132,-9.2517],[-49.7151,-9.2609],[-49.7252,-9.2693],[-49.722,-9.2832],[-49.7066,-9.2939],[-49.7086,-9.2976],[-49.7226,-9.3016],[-49.7243,-9.3111],[-49.7174,-9.3123],[-49.7237,-9.3241]]]}},{"type":"Feature","properties":{"nome":"Centenário","cod":"1704105","uf":"TO"},"geometry":{"type":"Polygon","coordinates":[[[-47.4484,-8.8128],[-47.4378,-8.813],[-47.4294,-8.8119],[-47.4036,-8.7967],[-47.3934,-8.804],[-47.3835,-8.8202],[-47.371,-8.851],[-47.3618,-8.8516],[-47.353,-8.8584],[-47.3378,-8.8558],[-47.336,-8.8536],[-47.3413,-8.8505],[-47.3402,-8.8463],[-47.333,-8.8468],[-47.3328,-8.8419],[-47.3199,-8.8402],[-47.3119,-8.8447],[-47.3104,-8.8364],[-47.2868,-8.8281],[-47.2747,-8.8331],[-47.2657,-8.8438],[-47.2595,-8.8454],[-47.2585,-8.8134],[-47.2481,-8.8386],[-47.228,-8.8487],[-47.2178,-8.85],[-47.2208,-8.8534],[-47.2178,-8.857],[-47.2188,-8.8655],[-47.2257,-8.8716],[-47.2243,-8.8768],[-47.228,-8.8844],[-47.2252,-8.8896],[-47.2317,-8.8944],[-47.2286,-8.9029],[-47.2315,-8.9113],[-47.229,-8.9143],[-47.2321,-8.9175],[-47.229,-8.9221],[-47.2321,-8.9363],[-47.2296,-8.9399],[-47.2333,-8.9439],[-47.2311,-8.9514],[-47.2361,-8.953],[-47.2368,-8.959],[-47.2411,-8.9696],[-47.2348,-8.9747],[-47.2402,-8.9802],[-47.2453,-8.977],[-47.2481,-8.9822],[-47.2398,-8.9876],[-47.2455,-8.9958],[-47.2464,-9.0046],[-47.2383,-9.0106],[-47.2286,-8.9943],[-47.2256,-8.995],[-47.2244,-9.0038],[-47.2345,-9.0073],[-47.2319,-9.0141],[-47.2481,-9.0157],[-47.2516,-9.0216],[-47.2508,-9.0317],[-47.2588,-9.0435],[-47.2488,-9.0518],[-47.2529,-9.0545],[-47.2531,-9.0629],[-47.2469,-9.0646],[-47.2525,-9.0703],[-47.2573,-9.0832],[-47.2569,-9.0889],[-47.251,-9.0884],[-47.2544,-9.1001],[-47.2535,-9.1094],[-47.2596,-9.108],[-47.2647,-9.112],[-47.2567,-9.1151],[-47.2596,-9.1222],[-47.256,-9.1306],[-47.2626,-9.1359],[-47.2589,-9.1395],[-47.2716,-9.1402],[-47.2668,-9.151],[-47.2599,-9.1565],[-47.2651,-9.1603],[-47.2609,-9.1822],[-47.2665,-9.187],[-47.2694,-9.1987],[-47.2648,-9.2044],[-47.2831,-9.2135],[-47.2828,-9.2201],[-47.2898,-9.2288],[-47.2762,-9.2338],[-47.2863,-9.2382],[-47.2983,-9.252],[-47.3325,-9.2564],[-47.3353,-9.2609],[-47.3302,-9.2683],[-47.3396,-9.2737],[-47.3461,-9.2875],[-47.3618,-9.2855],[-47.3572,-9.2706],[-47.3619,-9.266],[-47.3692,-9.2672],[-47.3746,-9.2637],[-47.3831,-9.2494],[-47.4067,-9.2382],[-47.4245,-9.2376],[-47.4329,-9.2322],[-47.4535,-9.2488],[-47.4624,-9.2495],[-47.4661,-9.2434],[-47.4951,-9.2586],[-47.4966,-9.2628],[-47.5203,-9.2548],[-47.5283,-9.2607],[-47.529,-9.2652],[-47.5174,-9.2746],[-47.5165,-9.2863],[-47.5321,-9.3014],[-47.5616,-9.3152],[-47.5981,-9.3016],[-47.6051,-9.3088],[-47.6067,-9.3199],[-47.6144,-9.3263],[-47.6202,-9.3312],[-47.6344,-9.3277],[-47.6388,-9.3298],[-47.6419,-9.348],[-47.6475,-9.3545],[-47.6533,-9.355],[-47.6677,-9.3416],[-47.6823,-9.3332],[-47.6943,-9.3309],[-47.7098,-9.3305],[-47.7159,-9.3355],[-47.7231,-9.3359],[-47.7272,-9.3333],[-47.724,-9.3185],[-47.7209,-9.3122],[-47.6987,-9.3003],[-47.6924,-9.2914],[-47.6914,-9.2811],[-47.686,-9.2777],[-47.6881,-9.258],[-47.695,-9.2492],[-47.6897,-9.2403],[-47.6942,-9.2392],[-47.695,-9.2297],[-47.6913,-9.2298],[-47.6986,-9.2239],[-47.6903,-9.2184],[-47.6915,-9.2119],[-47.6885,-9.2072],[-47.6895,-9.2022],[-47.6935,-9.2011],[-47.69,-9.1959],[-47.6934,-9.193],[-47.6889,-9.191],[-47.69,-9.1849],[-47.6849,-9.1824],[-47.6824,-9.1721],[-47.679,-9.1768],[-47.6622,-9.1688],[-47.6499,-9.1732],[-47.6484,-9.1672],[-47.6443,-9.1683],[-47.6259,-9.1549],[-47.6254,-9.1461],[-47.617,-9.1407],[-47.6211,-9.1244],[-47.6188,-9.0928],[-47.625,-9.0814],[-47.6192,-9.0682],[-47.6069,-9.0531],[-47.6059,-9.0458],[-47.6092,-9.039],[-47.5977,-9.0198],[-47.5456,-8.9287],[-47.5436,-8.9363],[-47.4721,-8.7971],[-47.4645,-8.7972],[-47.4484,-8.8128]]]}},{"type":"Feature","properties":{"nome":"Chapada de Areia","cod":"1704600","uf":"TO"},"geometry":{"type":"Polygon","coordinates":[[[-49.2981,-10.0346],[-49.2925,-10.0413],[-49.2911,-10.0375],[-49.2816,-10.0413],[-49.2767,-10.0398],[-49.2781,-10.0483],[-49.2614,-10.0594],[-49.2434,-10.0574],[-49.2302,-10.0665],[-49.2214,-10.0642],[-49.2171,-10.0666],[-49.2169,-10.073],[-49.2136,-10.073],[-49.2133,-10.0698],[-49.2103,-10.0738],[-49.2108,-10.0858],[-49.2058,-10.0919],[-49.1948,-10.0944],[-49.1905,-10.1002],[-49.1728,-10.0969],[-49.1584,-10.1082],[-49.1508,-10.1244],[-49.143,-10.1283],[-49.1346,-10.137],[-49.137,-10.1394],[-49.1322,-10.1472],[-49.1278,-10.1477],[-49.1281,-10.1431],[-49.121,-10.1425],[-49.1157,-10.1491],[-49.1091,-10.1486],[-49.1039,-10.1583],[-49.0847,-10.171],[-49.0796,-10.1809],[-49.0673,-10.1844],[-49.0629,-10.1911],[-49.0639,-10.196],[-49.0547,-10.2017],[-49.0529,-10.2077],[-49.0387,-10.2188],[-49.0377,-10.2323],[-49.0329,-10.2324],[-49.0323,-10.2403],[-49.0248,-10.2485],[-49.025,-10.2529],[-49.0195,-10.2557],[-49.0096,-10.2535],[-49.015,-10.2685],[-49.0102,-10.2717],[-49.0136,-10.2765],[-49.0065,-10.2802],[-49.0085,-10.2862],[-49.0059,-10.2925],[-48.9915,-10.2879],[-48.9871,-10.3061],[-48.9895,-10.3088],[-48.9861,-10.3235],[-48.9889,-10.3322],[-48.9865,-10.3494],[-48.9803,-10.3578],[-48.998,-10.3708],[-49.011,-10.3673],[-49.031,-10.3711],[-49.0376,-10.365],[-49.0459,-10.366],[-49.0539,-10.3602],[-49.0572,-10.3552],[-49.0546,-10.3499],[-49.0673,-10.3422],[-49.0691,-10.3339],[-49.0878,-10.3419],[-49.093,-10.3382],[-49.1027,-10.3408],[-49.1077,-10.3353],[-49.0928,-10.3259],[-49.0901,-10.3167],[-49.0938,-10.3113],[-49.0925,-10.3001],[-49.0807,-10.2904],[-49.0886,-10.2749],[-49.0924,-10.2735],[-49.0997,-10.2794],[-49.129,-10.2777],[-49.1352,-10.2803],[-49.1409,-10.2744],[-49.1665,-10.2741],[-49.1733,-10.2702],[-49.1758,-10.2555],[-49.181,-10.2524],[-49.1958,-10.2525],[-49.2042,-10.2395],[-49.1998,-10.2253],[-49.2026,-10.2039],[-49.2325,-10.1804],[-49.2408,-10.177],[-49.2517,-10.1664],[-49.2635,-10.1654],[-49.2723,-10.1581],[-49.2871,-10.1604],[-49.3035,-10.1559],[-49.3096,-10.1488],[-49.3255,-10.1471],[-49.3351,-10.1326],[-49.349,-10.1321],[-49.356,-10.1284],[-49.3566,-10.1117],[-49.3698,-10.0696],[-49.384,-10.0548],[-49.3892,-10.0546],[-49.4024,-10.0342],[-49.4181,-10.0285],[-49.4342,-10.0106],[-49.444,-10.0065],[-49.4311,-10.002],[-49.4263,-9.9905],[-49.4133,-9.9831],[-49.4137,-9.9782],[-49.4091,-9.9738],[-49.4105,-9.9698],[-49.4044,-9.9687],[-49.4031,-9.9644],[-49.3978,-9.9599],[-49.3776,-9.9699],[-49.3698,-9.9791],[-49.3522,-9.9797],[-49.3485,-9.9854],[-49.318,-10.0045],[-49.3088,-10.0172],[-49.3053,-10.034],[-49.2981,-10.0346]]]}},{"type":"Feature","properties":{"nome":"Chapada da Natividade","cod":"1705102","uf":"TO"},"geometry":{"type":"Polygon","coordinates":[[[-47.7652,-11.2721],[-47.7426,-11.3059],[-47.7172,-11.2875],[-47.7189,-11.2999],[-47.6865,-11.3174],[-47.6841,-11.3299],[-47.6801,-11.3334],[-47.6698,-11.3302],[-47.6679,-11.3212],[-47.6635,-11.318],[-47.6519,-11.3179],[-47.6414,-11.3072],[-47.6341,-11.3053],[-47.6339,-11.3076],[-47.6245,-11.303],[-47.6195,-11.3058],[-47.6186,-11.321],[-47.6046,-11.3394],[-47.6033,-11.3502],[-47.6009,-11.3643],[-47.5973,-11.3675],[-47.5973,-11.3819],[-47.6217,-11.4424],[-47.6311,-11.4443],[-47.6358,-11.4418],[-47.6672,-11.4656],[-47.6801,-11.4824],[-47.6795,-11.4978],[-47.6944,-11.5004],[-47.6974,-11.5086],[-47.6939,-11.5211],[-47.6883,-11.5263],[-47.6877,-11.5383],[-47.6689,-11.5444],[-47.6631,-11.5585],[-47.6632,-11.5695],[-47.6678,-11.5713],[-47.678,-11.5958],[-47.6851,-11.5968],[-47.6925,-11.6085],[-47.6958,-11.6252],[-47.6903,-11.6397],[-47.6952,-11.6534],[-47.7154,-11.6666],[-47.7305,-11.6702],[-47.7336,-11.6756],[-47.7792,-11.7028],[-47.7826,-11.7124],[-47.7964,-11.7204],[-47.7973,-11.7256],[-47.8039,-11.7296],[-47.814,-11.7297],[-47.8265,-11.7594],[-47.8414,-11.7574],[-47.8467,-11.7527],[-47.8874,-11.7409],[-47.9051,-11.732],[-47.9153,-11.7327],[-47.9224,-11.7432],[-47.943,-11.7445],[-47.9575,-11.7382],[-47.9616,-11.7279],[-47.9705,-11.721],[-47.9709,-11.7157],[-47.9901,-11.7085],[-47.9969,-11.7097],[-48.0002,-11.7203],[-48.0061,-11.7223],[-48.0184,-11.7178],[-48.0248,-11.7189],[-48.0337,-11.7108],[-48.0436,-11.7079],[-48.0603,-11.7189],[-48.0784,-11.725],[-48.0888,-11.7229],[-48.0978,-11.7162],[-48.1157,-11.7151],[-48.121,-11.7102],[-48.1377,-11.7087],[-48.1537,-11.6914],[-48.1543,-11.6875],[-48.1457,-11.6751],[-48.1447,-11.6633],[-48.1582,-11.6612],[-48.1627,-11.6559],[-48.1617,-11.6529],[-48.1553,-11.6531],[-48.1585,-11.6351],[-48.1638,-11.6217],[-48.1785,-11.6013],[-48.17,-11.6039],[-48.1684,-11.6073],[-48.1578,-11.6044],[-48.1538,-11.6072],[-48.1532,-11.6149],[-48.1402,-11.6199],[-48.1368,-11.6018],[-48.1285,-11.6049],[-48.1121,-11.5921],[-48.1021,-11.5992],[-48.1027,-11.5894],[-48.09,-11.5932],[-48.0826,-11.5886],[-48.0813,-11.5816],[-48.0696,-11.5876],[-48.0652,-11.5976],[-48.059,-11.5896],[-48.0531,-11.5899],[-48.0525,-11.594],[-48.0498,-11.5907],[-48.0524,-11.5849],[-48.0451,-11.5887],[-48.0404,-11.5808],[-48.0329,-11.5809],[-48.0191,-11.6009],[-48.0159,-11.5988],[-48.0176,-11.5956],[-48.0074,-11.5912],[-48.0005,-11.5839],[-47.9887,-11.5806],[-47.9911,-11.5719],[-47.9882,-11.5618],[-47.9906,-11.5593],[-47.9872,-11.5585],[-47.9779,-11.5554],[-47.9763,-11.5574],[-47.9747,-11.5453],[-47.9684,-11.5412],[-47.9698,-11.5282],[-47.9624,-11.5101],[-47.9514,-11.4984],[-47.9458,-11.4811],[-47.9412,-11.4812],[-47.9299,-11.4677],[-47.9236,-11.4455],[-47.9248,-11.4211],[-47.9168,-11.4098],[-47.909,-11.405],[-47.907,-11.3947],[-47.8836,-11.3829],[-47.8521,-11.3764],[-47.8316,-11.3648],[-47.8041,-11.3501],[-47.8175,-11.3439],[-47.8142,-11.3364],[-47.816,-11.3287],[-47.811,-11.3279],[-47.8113,-11.3213],[-47.8038,-11.3038],[-47.8083,-11.2912],[-47.8014,-11.2871],[-47.7951,-11.2885],[-47.7899,-11.2829],[-47.7808,-11.28],[-47.7684,-11.2676],[-47.7652,-11.2721]]]}},{"type":"Feature","properties":{"nome":"Colinas do Tocantins","cod":"1705508","uf":"TO"},"geometry":{"type":"Polygon","coordinates":[[[-48.4712,-7.846],[-48.4599,-7.8554],[-48.4657,-7.8532],[-48.4657,-7.8583],[-48.453,-7.8805],[-48.4506,-7.9042],[-48.4446,-7.9075],[-48.4421,-7.9247],[-48.4449,-7.9305],[-48.4429,-7.948],[-48.4463,-7.9558],[-48.4423,-7.9637],[-48.4386,-7.9936],[-48.4466,-8.0145],[-48.4448,-8.0172],[-48.4424,-8.0156],[-48.4409,-8.0228],[-48.447,-8.032],[-48.4433,-8.0457],[-48.4521,-8.0662],[-48.4511,-8.071],[-48.4455,-8.0724],[-48.4428,-8.0793],[-48.4385,-8.0778],[-48.4339,-8.0851],[-48.4287,-8.0928],[-48.4329,-8.1007],[-48.4317,-8.1132],[-48.4288,-8.115],[-48.4319,-8.1201],[-48.4301,-8.1231],[-48.4278,-8.1203],[-48.4264,-8.125],[-48.418,-8.1288],[-48.4104,-8.1211],[-48.384,-8.1257],[-48.3781,-8.1376],[-48.3883,-8.1391],[-48.3929,-8.1448],[-48.3951,-8.1719],[-48.417,-8.181],[-48.4275,-8.1806],[-48.4336,-8.1992],[-48.4717,-8.2187],[-48.4759,-8.2384],[-48.4858,-8.2462],[-48.4881,-8.2558],[-48.5016,-8.2625],[-48.5145,-8.262],[-48.5237,-8.234],[-48.5373,-8.2322],[-48.5779,-8.2571],[-48.5835,-8.256],[-48.581,-8.267],[-48.5952,-8.284],[-48.6035,-8.2868],[-48.6129,-8.2835],[-48.6192,-8.2771],[-48.6268,-8.2803],[-48.6347,-8.2764],[-48.6349,-8.2734],[-48.6256,-8.2697],[-48.6202,-8.2697],[-48.6128,-8.2749],[-48.6103,-8.2676],[-48.6161,-8.2566],[-48.6289,-8.255],[-48.6324,-8.2463],[-48.6308,-8.2387],[-48.6377,-8.2347],[-48.6358,-8.2214],[-48.6239,-8.2156],[-48.6138,-8.2049],[-48.623,-8.1974],[-48.6231,-8.1848],[-48.6283,-8.1759],[-48.6159,-8.1611],[-48.6209,-8.1455],[-48.6154,-8.137],[-48.6174,-8.1299],[-48.63,-8.1313],[-48.6385,-8.1211],[-48.6519,-8.1192],[-48.6364,-8.0937],[-48.6329,-8.0813],[-48.6266,-8.077],[-48.6293,-8.0544],[-48.644,-8.0486],[-48.6559,-8.052],[-48.6611,-8.0465],[-48.6558,-8.0368],[-48.6561,-8.0305],[-48.6477,-8.0234],[-48.6368,-8.0223],[-48.63,-8.0172],[-48.62,-7.9846],[-48.6225,-7.9742],[-48.6296,-7.9701],[-48.6289,-7.9647],[-48.6143,-7.9564],[-48.615,-7.9425],[-48.6124,-7.9389],[-48.5924,-7.9363],[-48.5867,-7.9269],[-48.5752,-7.9247],[-48.5572,-7.9111],[-48.5534,-7.9082],[-48.5457,-7.9009],[-48.5496,-7.8951],[-48.5454,-7.8903],[-48.5335,-7.8885],[-48.5246,-7.8801],[-48.5153,-7.8841],[-48.5077,-7.8785],[-48.5057,-7.8562],[-48.4992,-7.8526],[-48.4784,-7.8548],[-48.4712,-7.846]]]}},{"type":"Feature","properties":{"nome":"Combinado","cod":"1705557","uf":"TO"},"geometry":{"type":"Polygon","coordinates":[[[-46.5466,-12.7857],[-46.5453,-12.7885],[-46.524,-12.785],[-46.5115,-12.7911],[-46.5087,-12.7924],[-46.5071,-12.7992],[-46.4873,-12.7965],[-46.4799,-12.8026],[-46.4761,-12.8013],[-46.4713,-12.8098],[-46.4639,-12.8098],[-46.4553,-12.8219],[-46.4528,-12.8193],[-46.4435,-12.8228],[-46.4321,-12.8195],[-46.4315,-12.8265],[-46.4275,-12.8229],[-46.421,-12.8282],[-46.4214,-12.8247],[-46.4172,-12.823],[-46.4324,-12.9303],[-46.437,-12.9351],[-46.4456,-12.9358],[-46.457,-12.9294],[-46.4654,-12.9311],[-46.4701,-12.9252],[-46.4866,-12.9226],[-46.4951,-12.9158],[-46.494,-12.9088],[-46.5001,-12.9015],[-46.5301,-12.9023],[-46.5372,-12.8989],[-46.5392,-12.8905],[-46.5451,-12.8895],[-46.5586,-12.8722],[-46.5637,-12.872],[-46.564,-12.8608],[-46.5578,-12.8473],[-46.5608,-12.8355],[-46.5577,-12.8266],[-46.5596,-12.8211],[-46.5758,-12.8133],[-46.5847,-12.8153],[-46.588,-12.8066],[-46.5929,-12.8042],[-46.6008,-12.7847],[-46.5933,-12.7717],[-46.5953,-12.7643],[-46.5929,-12.7593],[-46.606,-12.7319],[-46.5848,-12.7415],[-46.5865,-12.7452],[-46.5835,-12.7502],[-46.5696,-12.7559],[-46.568,-12.7661],[-46.5581,-12.7676],[-46.5534,-12.7829],[-46.5422,-12.7832],[-46.5466,-12.7857]]]}},{"type":"Feature","properties":{"nome":"Conceição do Tocantins","cod":"1705607","uf":"TO"},"geometry":{"type":"Polygon","coordinates":[[[-47.2314,-11.8384],[-47.2226,-11.8474],[-47.2118,-11.8463],[-47.2095,-11.8498],[-47.2091,-11.8446],[-47.1986,-11.852],[-47.0565,-11.9508],[-47.0561,-11.951],[-47.0661,-11.9586],[-47.0777,-11.9607],[-47.126,-11.9404],[-47.1356,-11.9514],[-47.1323,-11.957],[-47.1357,-11.9586],[-47.1346,-11.9624],[-47.1444,-11.9692],[-47.1453,-11.9746],[-47.1383,-11.9803],[-47.139,-11.9874],[-47.1297,-11.9957],[-47.1278,-12.0023],[-47.1309,-12.0281],[-47.1188,-12.0393],[-47.1163,-12.0488],[-47.1023,-12.0517],[-47.0762,-12.0766],[-47.071,-12.086],[-47.0751,-12.0976],[-47.0815,-12.1018],[-47.0848,-12.119],[-47.09,-12.1193],[-47.0852,-12.127],[-47.0853,-12.1345],[-47.0921,-12.1413],[-47.0927,-12.1495],[-47.0988,-12.1506],[-47.098,-12.1559],[-47.1046,-12.1636],[-47.1009,-12.1769],[-47.1028,-12.1825],[-47.109,-12.1857],[-47.1105,-12.1915],[-47.1075,-12.1944],[-47.1039,-12.2001],[-47.1076,-12.203],[-47.1101,-12.2182],[-47.1174,-12.2272],[-47.1179,-12.2491],[-47.1232,-12.259],[-47.1216,-12.2645],[-47.1172,-12.2665],[-47.1183,-12.2735],[-47.1127,-12.2757],[-47.1097,-12.2821],[-47.1087,-12.291],[-47.0907,-12.3035],[-47.0886,-12.3082],[-47.1068,-12.3427],[-47.1162,-12.3436],[-47.1195,-12.3482],[-47.1193,-12.3625],[-47.1268,-12.3668],[-47.1356,-12.3643],[-47.1438,-12.3682],[-47.1499,-12.3745],[-47.1497,-12.3789],[-47.1623,-12.3896],[-47.1642,-12.396],[-47.1901,-12.4074],[-47.1969,-12.4188],[-47.197,-12.4189],[-47.2391,-12.4333],[-47.2502,-12.4262],[-47.2701,-12.4214],[-47.2824,-12.4274],[-47.2898,-12.4402],[-47.2967,-12.4463],[-47.3183,-12.4489],[-47.3335,-12.4427],[-47.3431,-12.4456],[-47.3598,-12.4394],[-47.3663,-12.4401],[-47.3771,-12.4483],[-47.3916,-12.446],[-47.4025,-12.4308],[-47.404,-12.4194],[-47.4146,-12.408],[-47.4284,-12.417],[-47.4479,-12.4191],[-47.4588,-12.4386],[-47.475,-12.4527],[-47.4887,-12.4534],[-47.4994,-12.4472],[-47.5058,-12.4472],[-47.5142,-12.4381],[-47.5113,-12.414],[-47.5169,-12.4064],[-47.5363,-12.4001],[-47.5294,-12.3972],[-47.5253,-12.3995],[-47.5263,-12.3859],[-47.5411,-12.3797],[-47.5474,-12.3608],[-47.5237,-12.3573],[-47.5242,-12.3264],[-47.531,-12.3188],[-47.5231,-12.2947],[-47.5233,-12.2774],[-47.5183,-12.2759],[-47.5144,-12.2669],[-47.5185,-12.2487],[-47.5219,-12.2449],[-47.5337,-12.2452],[-47.5409,-12.2369],[-47.545,-12.2244],[-47.5611,-12.1866],[-47.5729,-12.1892],[-47.554,-12.1668],[-47.5427,-12.1711],[-47.5361,-12.169],[-47.5206,-12.175],[-47.5127,-12.1866],[-47.4952,-12.1861],[-47.4901,-12.1805],[-47.4893,-12.1653],[-47.4832,-12.1655],[-47.4857,-12.1545],[-47.4827,-12.1471],[-47.4859,-12.1445],[-47.4848,-12.1324],[-47.4788,-12.1282],[-47.4763,-12.1177],[-47.475,-12.1016],[-47.4793,-12.0898],[-47.4734,-12.0841],[-47.4723,-12.0704],[-47.475,-12.0625],[-47.4705,-12.059],[-47.4611,-12.0285],[-47.4561,-12.0249],[-47.4555,-12.0157],[-47.4465,-12.0039],[-47.4477,-11.9902],[-47.4611,-11.9816],[-47.4751,-11.9639],[-47.4705,-11.9606],[-47.4493,-11.9575],[-47.4416,-11.9689],[-47.4267,-11.9656],[-47.4216,-11.9627],[-47.422,-11.9538],[-47.4131,-11.9538],[-47.4117,-11.9496],[-47.3904,-11.9414],[-47.3798,-11.9157],[-47.3473,-11.905],[-47.3419,-11.898],[-47.3407,-11.8884],[-47.3287,-11.8824],[-47.32,-11.8843],[-47.3131,-11.8802],[-47.2969,-11.8804],[-47.2895,-11.8699],[-47.2839,-11.8694],[-47.2811,-11.8615],[-47.2688,-11.8485],[-47.2581,-11.8508],[-47.2513,-11.8484],[-47.249,-11.8517],[-47.2314,-11.8384]]]}},{"type":"Feature","properties":{"nome":"Couto Magalhães","cod":"1706001","uf":"TO"},"geometry":{"type":"Polygon","coordinates":[[[-48.9736,-8.2204],[-48.9692,-8.2264],[-48.9712,-8.2367],[-48.9772,-8.2449],[-48.971,-8.2549],[-48.9574,-8.2627],[-48.9612,-8.2809],[-48.9592,-8.3014],[-48.9803,-8.3332],[-48.9856,-8.334],[-48.9928,-8.3421],[-48.9913,-8.3507],[-49.0059,-8.366],[-49.006,-8.3718],[-48.9965,-8.3773],[-48.9912,-8.3878],[-48.988,-8.3855],[-48.982,-8.4001],[-48.9737,-8.4024],[-48.9728,-8.4066],[-48.9685,-8.4135],[-48.9722,-8.4156],[-48.9723,-8.4256],[-48.9762,-8.4301],[-48.9762,-8.4456],[-48.9767,-8.4542],[-48.988,-8.4694],[-48.9921,-8.483],[-48.9887,-8.4894],[-48.9912,-8.4955],[-49.0151,-8.5033],[-49.0363,-8.5303],[-49.0509,-8.5368],[-49.0524,-8.5458],[-49.119,-8.6478],[-49.1244,-8.646],[-49.1279,-8.6499],[-49.1258,-8.6516],[-49.1326,-8.6515],[-49.1312,-8.6551],[-49.1362,-8.6566],[-49.1381,-8.6635],[-49.1433,-8.6631],[-49.1471,-8.6739],[-49.153,-8.6739],[-49.1566,-8.6763],[-49.1578,-8.673],[-49.1645,-8.6731],[-49.162,-8.6752],[-49.1662,-8.6748],[-49.1674,-8.6778],[-49.1722,-8.6751],[-49.1737,-8.6798],[-49.1742,-8.6763],[-49.1786,-8.6754],[-49.1796,-8.6833],[-49.1941,-8.6759],[-49.195,-8.6703],[-49.1994,-8.6709],[-49.2003,-8.6668],[-49.2032,-8.6681],[-49.2073,-8.6558],[-49.2154,-8.6533],[-49.2131,-8.6486],[-49.2229,-8.6437],[-49.2304,-8.6475],[-49.2349,-8.6449],[-49.2367,-8.6492],[-49.2407,-8.6434],[-49.2429,-8.6455],[-49.2458,-8.6403],[-49.252,-8.6391],[-49.2534,-8.6431],[-49.263,-8.6449],[-49.2641,-8.6488],[-49.2749,-8.6443],[-49.2792,-8.6494],[-49.2808,-8.6414],[-49.2877,-8.6422],[-49.2888,-8.635],[-49.2936,-8.632],[-49.2946,-8.622],[-49.2982,-8.6246],[-49.3032,-8.617],[-49.3038,-8.6207],[-49.3078,-8.6205],[-49.3104,-8.6172],[-49.307,-8.6159],[-49.3083,-8.6127],[-49.3151,-8.6122],[-49.3161,-8.6052],[-49.3201,-8.6052],[-49.3178,-8.602],[-49.3234,-8.5998],[-49.3254,-8.5852],[-49.3229,-8.584],[-49.3322,-8.5799],[-49.3341,-8.5819],[-49.3381,-8.5764],[-49.3349,-8.5722],[-49.3385,-8.5704],[-49.3361,-8.5689],[-49.3421,-8.5548],[-49.3498,-8.5546],[-49.3525,-8.5489],[-49.3544,-8.5506],[-49.3546,-8.5444],[-49.3621,-8.5433],[-49.3764,-8.5449],[-49.384,-8.5416],[-49.3829,-8.546],[-49.3875,-8.5476],[-49.3906,-8.5409],[-49.3934,-8.5415],[-49.3917,-8.5466],[-49.3992,-8.5467],[-49.3911,-8.4894],[-49.3735,-8.4508],[-49.349,-8.418],[-49.3376,-8.4103],[-49.3129,-8.4025],[-49.29,-8.388],[-49.2829,-8.3792],[-49.2758,-8.3633],[-49.2696,-8.3429],[-49.2647,-8.3228],[-49.2556,-8.2866],[-49.2482,-8.255],[-49.2359,-8.2321],[-49.2217,-8.2051],[-49.2219,-8.2093],[-49.2124,-8.2223],[-49.2173,-8.2322],[-49.2103,-8.24],[-49.2028,-8.2366],[-49.1919,-8.2405],[-49.1899,-8.2463],[-49.1771,-8.2508],[-49.1713,-8.2564],[-49.1446,-8.2532],[-49.094,-8.2206],[-49.069,-8.2259],[-49.06,-8.2216],[-49.0469,-8.2241],[-49.0275,-8.2202],[-49.013,-8.2037],[-48.996,-8.2023],[-48.9918,-8.1959],[-48.9755,-8.1918],[-48.978,-8.1973],[-48.9716,-8.2039],[-48.9736,-8.2204]]]}},{"type":"Feature","properties":{"nome":"Cristalândia","cod":"1706100","uf":"TO"},"geometry":{"type":"Polygon","coordinates":[[[-49.4253,-10.4391],[-49.4051,-10.4438],[-49.3994,-10.4529],[-49.3896,-10.4508],[-49.3662,-10.4644],[-49.3452,-10.4704],[-49.3422,-10.4915],[-49.3383,-10.497],[-49.3152,-10.4963],[-49.3007,-10.5067],[-49.2838,-10.5142],[-49.2742,-10.5143],[-49.2682,-10.5201],[-49.2467,-10.5281],[-49.2318,-10.5435],[-49.2219,-10.5447],[-49.2156,-10.5407],[-49.1848,-10.5374],[-49.1778,-10.5333],[-49.1607,-10.5309],[-49.1493,-10.5342],[-49.146,-10.5398],[-49.1399,-10.5405],[-49.1389,-10.5438],[-49.1275,-10.5493],[-49.1213,-10.5446],[-49.1121,-10.5451],[-49.1024,-10.5392],[-49.097,-10.54],[-49.066,-10.5179],[-49.0727,-10.5324],[-49.0646,-10.5483],[-49.0726,-10.557],[-49.0699,-10.5775],[-49.0723,-10.5794],[-49.0701,-10.583],[-49.0658,-10.5811],[-49.0644,-10.5878],[-49.0544,-10.592],[-49.0545,-10.5973],[-49.0595,-10.6045],[-49.0644,-10.6034],[-49.0662,-10.6104],[-49.0635,-10.6145],[-49.0694,-10.6186],[-49.0712,-10.6258],[-49.077,-10.6273],[-49.0782,-10.6466],[-49.0816,-10.6483],[-49.0763,-10.6475],[-49.0738,-10.6532],[-49.071,-10.6522],[-49.0684,-10.6603],[-49.0596,-10.6561],[-49.0508,-10.6612],[-49.0475,-10.6515],[-49.0367,-10.6549],[-49.0285,-10.6607],[-49.0267,-10.6692],[-49.0239,-10.6686],[-49.0246,-10.6784],[-49.0176,-10.6803],[-49.0181,-10.6856],[-49.0134,-10.6875],[-49.0023,-10.6828],[-48.9862,-10.6667],[-48.9652,-10.6665],[-48.9652,-10.6794],[-48.9611,-10.6885],[-48.9654,-10.7107],[-48.9606,-10.7519],[-48.9665,-10.7567],[-48.9819,-10.7643],[-49.0081,-10.7681],[-49.0212,-10.7804],[-49.028,-10.7792],[-49.0353,-10.7831],[-49.0386,-10.7918],[-49.0504,-10.7937],[-49.0617,-10.8096],[-49.0716,-10.8103],[-49.075,-10.8161],[-49.085,-10.8134],[-49.0907,-10.8061],[-49.0936,-10.8099],[-49.1044,-10.8077],[-49.1093,-10.815],[-49.1276,-10.8128],[-49.133,-10.8081],[-49.1399,-10.8136],[-49.1559,-10.7934],[-49.1649,-10.8007],[-49.1776,-10.797],[-49.1854,-10.8046],[-49.2059,-10.7971],[-49.2144,-10.776],[-49.227,-10.7616],[-49.2344,-10.7615],[-49.243,-10.7551],[-49.2741,-10.7588],[-49.281,-10.7545],[-49.2865,-10.7582],[-49.2955,-10.7493],[-49.3002,-10.7514],[-49.3068,-10.7464],[-49.3163,-10.7479],[-49.3204,-10.7388],[-49.3255,-10.738],[-49.325,-10.7415],[-49.3386,-10.7406],[-49.3592,-10.7487],[-49.3674,-10.7596],[-49.3747,-10.7524],[-49.3888,-10.7593],[-49.404,-10.7773],[-49.4199,-10.784],[-49.4244,-10.7827],[-49.4341,-10.7966],[-49.4432,-10.8035],[-49.4532,-10.8048],[-49.4655,-10.8163],[-49.4839,-10.8157],[-49.4947,-10.8218],[-49.5005,-10.8225],[-49.5016,-10.8283],[-49.5129,-10.8376],[-49.5215,-10.8344],[-49.5273,-10.8386],[-49.5428,-10.8317],[-49.5522,-10.8346],[-49.5549,-10.8273],[-49.5392,-10.8113],[-49.5303,-10.8108],[-49.5246,-10.8039],[-49.5207,-10.7825],[-49.5076,-10.7639],[-49.4742,-10.7573],[-49.4695,-10.7528],[-49.4706,-10.7436],[-49.4672,-10.7368],[-49.4469,-10.7281],[-49.4522,-10.7117],[-49.459,-10.7114],[-49.465,-10.7055],[-49.4769,-10.7045],[-49.4903,-10.6918],[-49.5136,-10.6908],[-49.5288,-10.6789],[-49.5465,-10.6418],[-49.545,-10.619],[-49.5608,-10.6016],[-49.5646,-10.5916],[-49.5822,-10.5825],[-49.5853,-10.5699],[-49.596,-10.5688],[-49.608,-10.5771],[-49.6195,-10.5751],[-49.6372,-10.5655],[-49.6419,-10.5674],[-49.6467,-10.5609],[-49.6453,-10.5519],[-49.6501,-10.5472],[-49.6726,-10.5505],[-49.6767,-10.5451],[-49.6903,-10.5407],[-49.7007,-10.5425],[-49.7134,-10.5296],[-49.742,-10.5274],[-49.763,-10.5137],[-49.7583,-10.5081],[-49.7456,-10.5126],[-49.743,-10.508],[-49.7354,-10.5063],[-49.7358,-10.5029],[-49.7294,-10.5064],[-49.7259,-10.501],[-49.7194,-10.502],[-49.7157,-10.5103],[-49.7141,-10.5084],[-49.7046,-10.5159],[-49.7066,-10.5187],[-49.6989,-10.517],[-49.6953,-10.5122],[-49.6861,-10.5162],[-49.6836,-10.5086],[-49.6813,-10.5096],[-49.6834,-10.5118],[-49.6771,-10.5121],[-49.6722,-10.5193],[-49.6575,-10.5147],[-49.6494,-10.5159],[-49.6512,-10.5099],[-49.6473,-10.5085],[-49.6354,-10.5126],[-49.6282,-10.5042],[-49.6234,-10.5085],[-49.6161,-10.5049],[-49.6131,-10.5098],[-49.609,-10.5051],[-49.5971,-10.5042],[-49.5894,-10.5],[-49.5631,-10.4762],[-49.5579,-10.4815],[-49.5453,-10.4837],[-49.5433,-10.4868],[-49.5285,-10.4765],[-49.5234,-10.4835],[-49.5107,-10.4884],[-49.511,-10.4836],[-49.5042,-10.4842],[-49.4796,-10.4622],[-49.4728,-10.4605],[-49.4707,-10.456],[-49.458,-10.4485],[-49.4375,-10.4406],[-49.4288,-10.4435],[-49.4253,-10.4391]]]}},{"type":"Feature","properties":{"nome":"Crixás do Tocantins","cod":"1706258","uf":"TO"},"geometry":{"type":"Polygon","coordinates":[[[-49.1686,-11.0638],[-49.166,-11.0809],[-49.15,-11.1116],[-49.1433,-11.1095],[-49.114,-11.1167],[-49.0886,-11.117],[-49.0703,-11.1208],[-49.0519,-11.1318],[-49.0468,-11.1307],[-49.0211,-11.1255],[-49.0084,-11.1276],[-48.9981,-11.1219],[-48.9801,-11.126],[-48.9699,-11.1246],[-48.9542,-11.1165],[-48.9413,-11.1138],[-48.9247,-11.0956],[-48.9099,-11.0992],[-48.9017,-11.0951],[-48.8863,-11.0961],[-48.8824,-11.0997],[-48.8761,-11.0968],[-48.8663,-11.1009],[-48.8643,-11.1059],[-48.8571,-11.1045],[-48.854,-11.1083],[-48.8496,-11.1044],[-48.8394,-11.1086],[-48.8296,-11.1078],[-48.8209,-11.1172],[-48.8157,-11.1153],[-48.8169,-11.1196],[-48.8123,-11.1204],[-48.8118,-11.1285],[-48.8084,-11.1302],[-48.8031,-11.1252],[-48.7989,-11.1335],[-48.7936,-11.1325],[-48.7891,-11.1371],[-48.7833,-11.1362],[-48.7822,-11.1302],[-48.7773,-11.1276],[-48.7676,-11.1304],[-48.7627,-11.1236],[-48.7497,-11.1419],[-48.7409,-11.1387],[-48.7351,-11.1466],[-48.7191,-11.1248],[-48.7146,-11.1246],[-48.7099,-11.1317],[-48.7102,-11.1479],[-48.7169,-11.164],[-48.7182,-11.1769],[-48.7293,-11.1981],[-48.7391,-11.2009],[-48.7578,-11.1981],[-48.7854,-11.2112],[-48.8008,-11.2126],[-48.8106,-11.2274],[-48.8206,-11.2358],[-48.8387,-11.2407],[-48.8573,-11.233],[-48.8683,-11.2364],[-48.8779,-11.2469],[-48.8949,-11.2562],[-48.8996,-11.2522],[-48.9124,-11.2514],[-48.9216,-11.2172],[-48.9245,-11.2173],[-48.9282,-11.231],[-48.9342,-11.2352],[-48.9408,-11.2344],[-48.9633,-11.2501],[-48.9849,-11.244],[-49.0716,-11.2532],[-49.0928,-11.2439],[-49.1186,-11.2375],[-49.1538,-11.2269],[-49.1736,-11.2067],[-49.1751,-11.188],[-49.18,-11.1901],[-49.1829,-11.2059],[-49.1901,-11.2099],[-49.1935,-11.2226],[-49.2047,-11.2253],[-49.2099,-11.2328],[-49.2227,-11.2259],[-49.2413,-11.2366],[-49.2593,-11.233],[-49.2717,-11.2398],[-49.2811,-11.239],[-49.2973,-11.2312],[-49.3144,-11.2417],[-49.3231,-11.2423],[-49.3301,-11.2508],[-49.3334,-11.2535],[-49.3389,-11.2508],[-49.3493,-11.231],[-49.3569,-11.234],[-49.3616,-11.2316],[-49.3588,-11.2246],[-49.3637,-11.2155],[-49.3692,-11.2149],[-49.3689,-11.2058],[-49.3772,-11.1988],[-49.3877,-11.2004],[-49.3867,-11.1953],[-49.3919,-11.1912],[-49.3919,-11.1835],[-49.4039,-11.1787],[-49.426,-11.1899],[-49.4419,-11.1734],[-49.4383,-11.1679],[-49.426,-11.1685],[-49.4183,-11.1624],[-49.4047,-11.1423],[-49.3945,-11.1365],[-49.3912,-11.1286],[-49.382,-11.1262],[-49.3752,-11.1115],[-49.3533,-11.108],[-49.3465,-11.1098],[-49.3385,-11.1031],[-49.3329,-11.1042],[-49.3178,-11.0964],[-49.2966,-11.0961],[-49.2921,-11.1016],[-49.2934,-11.1184],[-49.2869,-11.1268],[-49.2784,-11.1226],[-49.264,-11.1225],[-49.2391,-11.1046],[-49.2299,-11.1036],[-49.2202,-11.1124],[-49.2149,-11.113],[-49.2077,-11.0951],[-49.1966,-11.0896],[-49.1992,-11.0823],[-49.1929,-11.0751],[-49.1904,-11.0627],[-49.1814,-11.0657],[-49.1767,-11.0636],[-49.175,-11.0572],[-49.1686,-11.0638]]]}},{"type":"Feature","properties":{"nome":"Darcinópolis","cod":"1706506","uf":"TO"},"geometry":{"type":"Polygon","coordinates":[[[-47.8585,-6.5398],[-47.8725,-6.5903],[-47.8556,-6.5795],[-47.8442,-6.5782],[-47.8203,-6.5896],[-47.8096,-6.6055],[-47.7924,-6.6189],[-47.7673,-6.65],[-47.7696,-6.6674],[-47.775,-6.6745],[-47.7599,-6.6688],[-47.747,-6.6793],[-47.7465,-6.6833],[-47.7401,-6.6856],[-47.7336,-6.6869],[-47.7321,-6.6911],[-47.7231,-6.692],[-47.7109,-6.702],[-47.7092,-6.7071],[-47.6997,-6.7077],[-47.6952,-6.7036],[-47.6899,-6.711],[-47.6801,-6.7079],[-47.6704,-6.7121],[-47.6671,-6.7081],[-47.6634,-6.7107],[-47.653,-6.709],[-47.6486,-6.7041],[-47.6395,-6.709],[-47.6214,-6.701],[-47.616,-6.704],[-47.6139,-6.7021],[-47.6118,-6.707],[-47.6074,-6.7048],[-47.5925,-6.7086],[-47.5928,-6.711],[-47.5859,-6.7106],[-47.5831,-6.7068],[-47.5759,-6.7081],[-47.5676,-6.7017],[-47.5559,-6.7073],[-47.5327,-6.7053],[-47.5331,-6.7083],[-47.5264,-6.7098],[-47.5252,-6.7149],[-47.5202,-6.7153],[-47.519,-6.7209],[-47.5111,-6.7208],[-47.4958,-6.6968],[-47.4968,-6.7206],[-47.4932,-6.7509],[-47.5163,-6.7899],[-47.5292,-6.831],[-47.527,-6.8374],[-47.5201,-6.8401],[-47.5066,-6.8716],[-47.5048,-6.8933],[-47.5072,-6.9068],[-47.5291,-6.9456],[-47.5279,-6.973],[-47.5351,-6.9871],[-47.5479,-6.9997],[-47.5645,-7.0063],[-47.5746,-7.0038],[-47.5709,-7.0002],[-47.5724,-6.995],[-47.5825,-6.9971],[-47.6012,-6.9907],[-47.6033,-6.9937],[-47.6174,-6.9874],[-47.6171,-6.9844],[-47.6275,-6.9839],[-47.6307,-6.9897],[-47.6409,-6.985],[-47.6535,-6.9739],[-47.6586,-6.9594],[-47.6706,-6.9536],[-47.6771,-6.9436],[-47.6982,-6.9346],[-47.6997,-6.9219],[-47.7073,-6.9105],[-47.743,-6.9046],[-47.7555,-6.9054],[-47.7662,-6.9006],[-47.7928,-6.9086],[-47.8136,-6.9035],[-47.8185,-6.9064],[-47.8361,-6.8953],[-47.8466,-6.8934],[-47.8554,-6.8803],[-47.8578,-6.8686],[-47.8664,-6.8629],[-47.8772,-6.8639],[-47.8832,-6.829],[-47.8965,-6.8183],[-47.905,-6.8049],[-47.8981,-6.7914],[-47.8999,-6.7811],[-47.912,-6.7776],[-47.9161,-6.7702],[-47.9304,-6.7584],[-47.9377,-6.7596],[-47.9432,-6.7566],[-47.9455,-6.7601],[-47.9463,-6.7524],[-47.9607,-6.7363],[-47.9673,-6.7336],[-47.968,-6.7383],[-47.9714,-6.7388],[-47.9832,-6.7268],[-47.9808,-6.7135],[-47.9946,-6.7107],[-47.9954,-6.7066],[-48.0011,-6.7034],[-48.0067,-6.7059],[-48.0155,-6.7027],[-48.0178,-6.6908],[-48.0395,-6.6896],[-48.0508,-6.6739],[-48.0621,-6.6689],[-48.0615,-6.6618],[-48.07,-6.6585],[-48.082,-6.6596],[-48.0878,-6.6561],[-48.0916,-6.6588],[-48.107,-6.6527],[-48.1097,-6.6475],[-48.1143,-6.6478],[-48.1143,-6.6382],[-48.1251,-6.6348],[-48.1288,-6.6229],[-48.127,-6.6119],[-48.1231,-6.6115],[-48.1232,-6.6039],[-48.1198,-6.6013],[-48.1197,-6.5935],[-48.1185,-6.5891],[-48.1008,-6.5877],[-48.0946,-6.593],[-48.089,-6.5913],[-48.0832,-6.5954],[-48.0777,-6.5923],[-48.0585,-6.6035],[-48.0503,-6.5996],[-48.0409,-6.6016],[-48.0328,-6.5935],[-48.0337,-6.5906],[-48.0227,-6.5892],[-48.0241,-6.579],[-48.0134,-6.5691],[-48.0057,-6.5665],[-48.0026,-6.5693],[-48.0,-6.5664],[-47.9917,-6.5674],[-47.9917,-6.5632],[-47.9864,-6.5603],[-47.981,-6.5618],[-47.9691,-6.5564],[-47.9634,-6.5603],[-47.9578,-6.5542],[-47.9511,-6.5548],[-47.9503,-6.552],[-47.9473,-6.5564],[-47.9421,-6.5496],[-47.9284,-6.5526],[-47.9266,-6.5481],[-47.9222,-6.5509],[-47.9052,-6.5454],[-47.8983,-6.5475],[-47.879,-6.5435],[-47.873,-6.5452],[-47.8585,-6.5398]]]}},{"type":"Feature","properties":{"nome":"Dianópolis","cod":"1707009","uf":"TO"},"geometry":{"type":"Polygon","coordinates":[[[-46.5489,-11.3803],[-46.5485,-11.408],[-46.5427,-11.4153],[-46.5278,-11.4221],[-46.5248,-11.4324],[-46.5264,-11.4656],[-46.5215,-11.4793],[-46.5018,-11.4991],[-46.4859,-11.5047],[-46.4789,-11.516],[-46.4681,-11.5181],[-46.4579,-11.514],[-46.4451,-11.5142],[-46.4266,-11.5256],[-46.4168,-11.5388],[-46.4109,-11.5415],[-46.4014,-11.5407],[-46.3922,-11.5344],[-46.3799,-11.534],[-46.3596,-11.5352],[-46.3458,-11.5444],[-46.313,-11.5391],[-46.2895,-11.5509],[-46.2699,-11.557],[-46.2584,-11.5563],[-46.2359,-11.5649],[-46.2258,-11.5708],[-46.2179,-11.582],[-46.213,-11.5953],[-46.2024,-11.6022],[-46.1866,-11.6057],[-46.166,-11.599],[-46.158,-11.6068],[-46.1407,-11.6077],[-46.1266,-11.6038],[-46.0949,-11.6146],[-46.0863,-11.6217],[-46.0871,-11.6245],[-46.129,-11.6209],[-46.1415,-11.6258],[-46.1952,-11.621],[-46.2143,-11.6145],[-46.2425,-11.5844],[-46.2868,-11.5807],[-46.3007,-11.5718],[-46.3299,-11.5705],[-46.3377,-11.5729],[-46.3397,-11.5775],[-46.3468,-11.5771],[-46.3607,-11.5893],[-46.3682,-11.5909],[-46.3845,-11.609],[-46.3897,-11.6094],[-46.3963,-11.6163],[-46.4091,-11.6198],[-46.4186,-11.6286],[-46.4292,-11.6288],[-46.4419,-11.641],[-46.4498,-11.6408],[-46.46,-11.6556],[-46.4769,-11.6583],[-46.4809,-11.6548],[-46.4898,-11.6576],[-46.5004,-11.6502],[-46.5172,-11.6509],[-46.5208,-11.6471],[-46.5208,-11.6509],[-46.5281,-11.653],[-46.5295,-11.6506],[-46.5364,-11.6563],[-46.5426,-11.6533],[-46.545,-11.6562],[-46.5521,-11.6536],[-46.5565,-11.656],[-46.5615,-11.6513],[-46.5672,-11.6539],[-46.5673,-11.6512],[-46.5751,-11.6508],[-46.5785,-11.6572],[-46.5829,-11.6555],[-46.5901,-11.6601],[-46.6067,-11.6576],[-46.6101,-11.6594],[-46.6103,-11.6647],[-46.6209,-11.6634],[-46.6215,-11.6601],[-46.6267,-11.6655],[-46.6347,-11.6624],[-46.6403,-11.668],[-46.6456,-11.6626],[-46.6497,-11.672],[-46.6576,-11.6703],[-46.6573,-11.6679],[-46.6611,-11.6689],[-46.6614,-11.6739],[-46.668,-11.6742],[-46.669,-11.6867],[-46.681,-11.6912],[-46.688,-11.6888],[-46.6925,-11.6951],[-46.6989,-11.6891],[-46.7038,-11.691],[-46.7214,-11.6807],[-46.7418,-11.7045],[-46.7436,-11.7053],[-46.7522,-11.7098],[-46.7521,-11.7356],[-46.7611,-11.7554],[-46.7582,-11.7603],[-46.7634,-11.7622],[-46.7616,-11.7667],[-46.7635,-11.7823],[-46.7712,-11.788],[-46.7666,-11.7894],[-46.7655,-11.7939],[-46.7695,-11.7975],[-46.7751,-11.7971],[-46.778,-11.8021],[-46.7751,-11.8074],[-46.7777,-11.8055],[-46.7791,-11.81],[-46.7845,-11.8097],[-46.7822,-11.8137],[-46.7879,-11.8177],[-46.7785,-11.8311],[-46.7818,-11.832],[-46.782,-11.8512],[-46.7672,-11.8567],[-46.7714,-11.8663],[-46.7672,-11.872],[-46.7734,-11.882],[-46.7702,-11.8841],[-46.7714,-11.8896],[-46.7668,-11.8902],[-46.7665,-11.8955],[-46.7595,-11.9016],[-46.7587,-11.9118],[-46.7538,-11.9156],[-46.7558,-11.9182],[-46.7531,-11.9272],[-46.7578,-11.934],[-46.7528,-11.9411],[-46.7538,-11.9581],[-46.7467,-11.9616],[-46.7473,-11.9728],[-46.7415,-11.9766],[-46.7361,-11.9869],[-46.7405,-11.9919],[-46.7423,-12.0047],[-46.7409,-12.0155],[-46.7371,-12.0195],[-46.7454,-12.0268],[-46.743,-12.031],[-46.7517,-12.0448],[-46.7563,-12.062],[-46.7676,-12.0656],[-46.7737,-12.0842],[-46.7683,-12.088],[-46.7689,-12.093],[-46.7849,-12.1056],[-46.7928,-12.1354],[-46.8,-12.1415],[-46.7989,-12.1462],[-46.8088,-12.1527],[-46.8193,-12.1522],[-46.8248,-12.1696],[-46.8346,-12.1769],[-46.8396,-12.1959],[-46.8527,-12.2052],[-46.8541,-12.2127],[-46.8622,-12.2126],[-46.8664,-12.2179],[-46.8777,-12.22],[-46.8799,-12.2148],[-46.8736,-12.2094],[-46.8785,-12.2048],[-46.8743,-12.1996],[-46.881,-12.1949],[-46.8784,-12.1865],[-46.869,-12.1826],[-46.8587,-12.1706],[-46.8621,-12.1527],[-46.8694,-12.1455],[-46.8668,-12.1445],[-46.8688,-12.1404],[-46.8646,-12.1363],[-46.8655,-12.1265],[-46.862,-12.1219],[-46.866,-12.1061],[-46.8622,-12.0991],[-46.8482,-12.0989],[-46.841,-12.09],[-46.8412,-12.0763],[-46.854,-12.0225],[-46.8603,-12.0156],[-46.8587,-11.9916],[-46.879,-11.981],[-46.8888,-11.9663],[-46.9056,-11.9608],[-46.9108,-11.9578],[-46.933,-11.9611],[-46.9483,-11.9417],[-46.9617,-11.9371],[-46.9724,-11.9373],[-46.9814,-11.9465],[-47.0208,-11.9428],[-47.0389,-11.9539],[-47.0561,-11.951],[-47.0565,-11.9508],[-47.1986,-11.852],[-47.2091,-11.8446],[-47.1993,-11.8313],[-47.195,-11.8319],[-47.1885,-11.8245],[-47.1759,-11.8206],[-47.1816,-11.8151],[-47.1804,-11.8027],[-47.1878,-11.793],[-47.1771,-11.7882],[-47.1783,-11.7721],[-47.1671,-11.7606],[-47.1614,-11.7571],[-47.1559,-11.7581],[-47.1527,-11.7477],[-47.1447,-11.7429],[-47.1414,-11.7447],[-47.1423,-11.7538],[-47.1347,-11.7549],[-47.1333,-11.7486],[-47.1224,-11.7468],[-47.1168,-11.7363],[-47.1099,-11.7373],[-47.1082,-11.7321],[-47.1003,-11.7271],[-47.0972,-11.7175],[-47.0899,-11.7105],[-47.0926,-11.7013],[-47.0827,-11.6969],[-47.0799,-11.7009],[-47.0799,-11.688],[-47.073,-11.684],[-47.0671,-11.6615],[-47.0596,-11.6482],[-47.0508,-11.644],[-47.0512,-11.638],[-47.0409,-11.6362],[-47.0381,-11.6283],[-47.0451,-11.6206],[-47.0437,-11.6121],[-47.045,-11.6065],[-47.0462,-11.5869],[-47.0441,-11.5772],[-47.037,-11.5703],[-47.0358,-11.5291],[-47.0288,-11.516],[-47.0088,-11.5156],[-46.9952,-11.5447],[-46.9816,-11.5464],[-46.9853,-11.5448],[-46.9866,-11.5359],[-46.9828,-11.534],[-46.9815,-11.5247],[-46.9742,-11.5259],[-46.9717,-11.522],[-46.9671,-11.5226],[-46.9666,-11.5148],[-46.9571,-11.5081],[-46.9594,-11.5058],[-46.9571,-11.4982],[-46.9602,-11.4969],[-46.9567,-11.491],[-46.9628,-11.4836],[-46.9583,-11.479],[-46.9621,-11.4765],[-46.9602,-11.4681],[-46.9552,-11.4661],[-46.9556,-11.4617],[-46.9503,-11.4613],[-46.9517,-11.4568],[-46.947,-11.4501],[-46.9373,-11.4539],[-46.9361,-11.4474],[-46.9284,-11.4563],[-46.929,-11.4644],[-46.9215,-11.4634],[-46.922,-11.4702],[-46.9164,-11.4655],[-46.9265,-11.4027],[-46.9231,-11.4037],[-46.9183,-11.3991],[-46.9124,-11.4013],[-46.9059,-11.3959],[-46.8993,-11.4004],[-46.8969,-11.4084],[-46.8884,-11.4183],[-46.8649,-11.4334],[-46.8523,-11.4556],[-46.8433,-11.4563],[-46.832,-11.4709],[-46.8226,-11.4669],[-46.8182,-11.4684],[-46.8085,-11.4723],[-46.7941,-11.4693],[-46.7801,-11.4723],[-46.7759,-11.4683],[-46.7486,-11.4797],[-46.7287,-11.4656],[-46.7189,-11.4648],[-46.7133,-11.468],[-46.7058,-11.4657],[-46.687,-11.4508],[-46.6674,-11.4421],[-46.6639,-11.4294],[-46.6523,-11.4182],[-46.6437,-11.4161],[-46.6372,-11.4091],[-46.6085,-11.3925],[-46.5946,-11.3927],[-46.591,-11.3889],[-46.5806,-11.3876],[-46.5614,-11.3741],[-46.5489,-11.3803]]]}},{"type":"Feature","properties":{"nome":"Divinópolis do Tocantins","cod":"1707108","uf":"TO"},"geometry":{"type":"Polygon","coordinates":[[[-49.6226,-9.3076],[-49.6115,-9.3141],[-49.5974,-9.3151],[-49.5863,-9.3246],[-49.5775,-9.3447],[-49.5781,-9.3509],[-49.572,-9.3541],[-49.5662,-9.3637],[-49.569,-9.3749],[-49.5637,-9.385],[-49.5658,-9.4008],[-49.5524,-9.4092],[-49.5392,-9.4073],[-49.5338,-9.4144],[-49.5157,-9.4137],[-49.4985,-9.4255],[-49.4889,-9.426],[-49.4728,-9.4412],[-49.4631,-9.4414],[-49.4536,-9.4576],[-49.4325,-9.4785],[-49.4251,-9.4982],[-49.4245,-9.5163],[-49.4206,-9.5194],[-49.4164,-9.5231],[-49.4108,-9.5219],[-49.406,-9.5312],[-49.4082,-9.5338],[-49.4062,-9.5405],[-49.4001,-9.5429],[-49.4,-9.5469],[-49.3929,-9.5483],[-49.3873,-9.5594],[-49.3822,-9.5589],[-49.3678,-9.5685],[-49.3634,-9.5759],[-49.3557,-9.5761],[-49.3566,-9.58],[-49.3413,-9.5938],[-49.3372,-9.6062],[-49.3329,-9.6104],[-49.3256,-9.611],[-49.3187,-9.6238],[-49.3153,-9.623],[-49.3083,-9.6392],[-49.3092,-9.6511],[-49.2997,-9.6566],[-49.2981,-9.6718],[-49.2688,-9.6986],[-49.2655,-9.7095],[-49.2574,-9.7104],[-49.2501,-9.7181],[-49.2417,-9.7132],[-49.2296,-9.7118],[-49.2118,-9.7235],[-49.1998,-9.728],[-49.1873,-9.728],[-49.1869,-9.7281],[-49.1822,-9.7329],[-49.1764,-9.7301],[-49.1708,-9.7355],[-49.1707,-9.7407],[-49.1656,-9.7427],[-49.1525,-9.7371],[-49.1196,-9.7327],[-49.1102,-9.7269],[-49.0712,-9.7218],[-49.0462,-9.7236],[-49.0366,-9.7283],[-49.0217,-9.7276],[-49.0027,-9.7215],[-48.9986,-9.7169],[-48.9749,-9.7123],[-48.9673,-9.7187],[-48.9401,-9.7179],[-48.9354,-9.7335],[-48.9252,-9.7306],[-48.9199,-9.7333],[-48.9176,-9.7293],[-48.9087,-9.7355],[-48.8861,-9.7715],[-48.9058,-9.7679],[-48.9219,-9.7403],[-48.9293,-9.7449],[-48.9314,-9.7593],[-48.9395,-9.7667],[-48.9401,-9.7791],[-48.9467,-9.788],[-48.9406,-9.7998],[-48.9434,-9.8039],[-48.9501,-9.8024],[-48.9633,-9.8166],[-48.961,-9.8253],[-48.9712,-9.8405],[-48.9664,-9.8531],[-48.9765,-9.8532],[-48.9849,-9.8583],[-49.01,-9.857],[-49.0192,-9.8633],[-49.0214,-9.8616],[-49.0431,-9.8687],[-49.0563,-9.8657],[-49.0638,-9.874],[-49.0711,-9.8768],[-49.0629,-9.8827],[-49.0566,-9.896],[-49.0561,-9.924],[-49.0495,-9.9292],[-49.0473,-9.9406],[-49.0569,-9.9591],[-49.0666,-9.9635],[-49.0737,-9.949],[-49.0838,-9.9535],[-49.0934,-9.9645],[-49.1013,-9.9681],[-49.1199,-9.9717],[-49.1434,-9.9708],[-49.1545,-9.9663],[-49.1588,-9.9572],[-49.1645,-9.9544],[-49.1837,-9.953],[-49.193,-9.9564],[-49.2203,-9.9464],[-49.2412,-9.9256],[-49.2516,-9.9256],[-49.2789,-9.9395],[-49.2903,-9.9312],[-49.3179,-9.9382],[-49.331,-9.9251],[-49.3356,-9.9247],[-49.3544,-9.9342],[-49.3641,-9.9478],[-49.37,-9.9458],[-49.3763,-9.9488],[-49.3764,-9.9519],[-49.3786,-9.9488],[-49.3885,-9.9514],[-49.3977,-9.9559],[-49.3978,-9.9599],[-49.4031,-9.9644],[-49.4018,-9.9605],[-49.4068,-9.9507],[-49.3966,-9.9369],[-49.3977,-9.8973],[-49.4124,-9.9009],[-49.4358,-9.8945],[-49.4423,-9.8893],[-49.4489,-9.8907],[-49.4629,-9.8842],[-49.4701,-9.8686],[-49.4782,-9.8602],[-49.4997,-9.8545],[-49.5136,-9.8652],[-49.5227,-9.8541],[-49.5246,-9.8431],[-49.5044,-9.8333],[-49.5016,-9.8257],[-49.5032,-9.8192],[-49.517,-9.8177],[-49.5085,-9.7904],[-49.5032,-9.7799],[-49.4947,-9.7726],[-49.4791,-9.7685],[-49.473,-9.748],[-49.4679,-9.7306],[-49.4481,-9.7006],[-49.4631,-9.6955],[-49.4702,-9.6895],[-49.4723,-9.6832],[-49.4813,-9.6785],[-49.4996,-9.6479],[-49.5064,-9.6466],[-49.5109,-9.6394],[-49.5344,-9.6229],[-49.5414,-9.6236],[-49.5494,-9.6167],[-49.5568,-9.6173],[-49.5662,-9.6071],[-49.5705,-9.5863],[-49.5798,-9.5814],[-49.5868,-9.5707],[-49.6132,-9.563],[-49.6244,-9.5535],[-49.6506,-9.554],[-49.6664,-9.5434],[-49.6652,-9.5384],[-49.6697,-9.5396],[-49.6747,-9.5359],[-49.68,-9.5395],[-49.6837,-9.5395],[-49.6842,-9.5325],[-49.6905,-9.5304],[-49.6922,-9.5077],[-49.6958,-9.5072],[-49.6991,-9.5011],[-49.6993,-9.4905],[-49.702,-9.4877],[-49.7076,-9.4916],[-49.7101,-9.4882],[-49.7076,-9.4835],[-49.712,-9.4777],[-49.7088,-9.4721],[-49.7104,-9.4666],[-49.7029,-9.4626],[-49.7046,-9.4558],[-49.7097,-9.45],[-49.7035,-9.443],[-49.7042,-9.4393],[-49.7157,-9.4322],[-49.7227,-9.438],[-49.7262,-9.4303],[-49.7183,-9.4191],[-49.7227,-9.4165],[-49.7287,-9.4036],[-49.7166,-9.3999],[-49.7166,-9.3941],[-49.7221,-9.3924],[-49.724,-9.3872],[-49.7141,-9.3809],[-49.7231,-9.3724],[-49.7062,-9.367],[-49.7036,-9.3616],[-49.7092,-9.3535],[-49.7177,-9.356],[-49.7206,-9.3478],[-49.7145,-9.3413],[-49.7082,-9.3405],[-49.6965,-9.3249],[-49.6862,-9.326],[-49.6836,-9.3229],[-49.6725,-9.3212],[-49.6709,-9.3234],[-49.6612,-9.3154],[-49.6442,-9.3173],[-49.6395,-9.3141],[-49.6299,-9.3141],[-49.6278,-9.3082],[-49.6226,-9.3076]]]}},{"type":"Feature","properties":{"nome":"Dois Irmãos do Tocantins","cod":"1707207","uf":"TO"},"geometry":{"type":"Polygon","coordinates":[[[-49.3966,-8.8989],[-49.3714,-8.9195],[-49.3659,-8.9183],[-49.3592,-8.9248],[-49.3361,-8.931],[-49.3285,-8.9364],[-49.3148,-8.9374],[-49.2972,-8.9509],[-49.2704,-8.946],[-49.2568,-8.9487],[-49.2529,-8.9535],[-49.2382,-8.9474],[-49.2315,-8.9488],[-49.2217,-8.942],[-49.2078,-8.9423],[-49.1934,-8.9334],[-49.1833,-8.9332],[-49.1691,-8.9451],[-49.1482,-8.9532],[-49.1334,-8.968],[-49.125,-8.9692],[-49.1223,-8.9753],[-49.1149,-8.98],[-49.1116,-8.9911],[-49.1141,-8.9927],[-49.11,-8.9953],[-49.1026,-8.992],[-49.0938,-8.9939],[-49.0869,-9.0037],[-49.0701,-9.0077],[-49.0612,-9.0178],[-49.0444,-9.0175],[-49.036,-9.0217],[-49.0279,-9.0425],[-49.0209,-9.0496],[-49.006,-9.0492],[-49.0029,-9.0587],[-48.9958,-9.0621],[-48.9921,-9.0578],[-48.9731,-9.0584],[-48.9664,-9.0646],[-48.9619,-9.0653],[-48.9359,-9.0734],[-48.9304,-9.0798],[-48.9075,-9.0675],[-48.8759,-9.0649],[-48.8675,-9.0679],[-48.8598,-9.0656],[-48.8496,-9.073],[-48.8423,-9.0849],[-48.8362,-9.0826],[-48.8332,-9.0765],[-48.8195,-9.0743],[-48.8131,-9.0777],[-48.8097,-9.0807],[-48.8077,-9.1168],[-48.8054,-9.1192],[-48.7959,-9.1166],[-48.7896,-9.1282],[-48.7821,-9.1315],[-48.7776,-9.139],[-48.7755,-9.1493],[-48.7777,-9.1656],[-48.7831,-9.1785],[-48.7748,-9.1794],[-48.7646,-9.1936],[-48.7515,-9.1997],[-48.7517,-9.2283],[-48.7489,-9.231],[-48.7523,-9.2471],[-48.756,-9.2501],[-48.7562,-9.256],[-48.7716,-9.2634],[-48.7691,-9.2683],[-48.7622,-9.2801],[-48.7639,-9.2855],[-48.7703,-9.2897],[-48.7644,-9.3031],[-48.7688,-9.3106],[-48.7604,-9.3158],[-48.7584,-9.3207],[-48.76,-9.3392],[-48.7538,-9.3515],[-48.7599,-9.3751],[-48.75,-9.3838],[-48.7502,-9.4102],[-48.7537,-9.4108],[-48.7549,-9.4056],[-48.7694,-9.4118],[-48.7769,-9.4068],[-48.7857,-9.407],[-48.8003,-9.4219],[-48.7983,-9.4406],[-48.8155,-9.4518],[-48.8197,-9.47],[-48.8105,-9.4844],[-48.8241,-9.5006],[-48.8176,-9.511],[-48.8295,-9.519],[-48.8301,-9.5342],[-48.8399,-9.5492],[-48.8527,-9.5518],[-48.8644,-9.5593],[-48.871,-9.5705],[-48.8734,-9.583],[-48.8639,-9.5928],[-48.8651,-9.5982],[-48.8582,-9.6028],[-48.8557,-9.612],[-48.8609,-9.6256],[-48.8564,-9.6297],[-48.8616,-9.6504],[-48.8526,-9.6537],[-48.86,-9.6778],[-48.8691,-9.6794],[-48.8674,-9.6953],[-48.8622,-9.6997],[-48.8686,-9.7088],[-48.8602,-9.7316],[-48.8636,-9.742],[-48.8615,-9.7584],[-48.8771,-9.7735],[-48.8856,-9.7721],[-48.8861,-9.7715],[-48.8829,-9.7618],[-48.8678,-9.7504],[-48.869,-9.733],[-48.8768,-9.7133],[-48.8887,-9.707],[-48.8897,-9.6979],[-48.886,-9.6862],[-48.8782,-9.6852],[-48.8752,-9.6798],[-48.8783,-9.6805],[-48.8853,-9.6716],[-48.8994,-9.6781],[-48.9073,-9.6754],[-48.9071,-9.6647],[-48.9011,-9.6612],[-48.9049,-9.6557],[-48.9154,-9.6581],[-48.9206,-9.6531],[-48.9231,-9.6625],[-48.9257,-9.6585],[-48.929,-9.6607],[-48.9406,-9.6559],[-48.938,-9.6503],[-48.9398,-9.6459],[-48.9451,-9.645],[-48.9503,-9.6496],[-48.9555,-9.6469],[-48.9534,-9.641],[-48.9571,-9.6321],[-48.9558,-9.6244],[-48.9667,-9.6143],[-48.9709,-9.5972],[-48.9785,-9.5955],[-48.9909,-9.5983],[-48.996,-9.5884],[-49.01,-9.5833],[-49.0183,-9.5892],[-49.0355,-9.5887],[-49.0458,-9.5737],[-49.0708,-9.5733],[-49.0767,-9.5684],[-49.0856,-9.5655],[-49.0949,-9.5734],[-49.1011,-9.5664],[-49.1082,-9.5652],[-49.1164,-9.5686],[-49.1199,-9.5628],[-49.1312,-9.5629],[-49.1417,-9.5704],[-49.1485,-9.5701],[-49.1614,-9.5605],[-49.1629,-9.5573],[-49.159,-9.5488],[-49.1757,-9.543],[-49.1824,-9.5263],[-49.1819,-9.5167],[-49.1895,-9.5098],[-49.192,-9.502],[-49.1983,-9.5011],[-49.2019,-9.4934],[-49.2072,-9.4911],[-49.2163,-9.4921],[-49.2174,-9.4953],[-49.2232,-9.4942],[-49.2247,-9.4903],[-49.2202,-9.4901],[-49.2204,-9.4869],[-49.2316,-9.4751],[-49.2335,-9.4624],[-49.2426,-9.4565],[-49.2495,-9.458],[-49.2464,-9.4514],[-49.2494,-9.4472],[-49.2479,-9.4385],[-49.2536,-9.4333],[-49.2547,-9.4198],[-49.265,-9.4117],[-49.264,-9.4029],[-49.2681,-9.395],[-49.2636,-9.3927],[-49.2626,-9.3849],[-49.2693,-9.374],[-49.2673,-9.3681],[-49.2698,-9.3642],[-49.266,-9.3623],[-49.2681,-9.3503],[-49.2785,-9.3333],[-49.2908,-9.3276],[-49.2897,-9.3229],[-49.3001,-9.3162],[-49.3112,-9.3162],[-49.3091,-9.315],[-49.3111,-9.3091],[-49.3166,-9.3081],[-49.3179,-9.3013],[-49.3254,-9.2975],[-49.323,-9.2942],[-49.3267,-9.2934],[-49.3273,-9.2889],[-49.3243,-9.2862],[-49.3318,-9.2789],[-49.3295,-9.2762],[-49.3327,-9.2704],[-49.3358,-9.2707],[-49.337,-9.2653],[-49.3503,-9.2631],[-49.3519,-9.2533],[-49.3589,-9.2535],[-49.3639,-9.2488],[-49.3631,-9.2446],[-49.3661,-9.2431],[-49.3639,-9.2387],[-49.3602,-9.2392],[-49.3603,-9.2347],[-49.3639,-9.233],[-49.3615,-9.2259],[-49.3674,-9.2232],[-49.3698,-9.2131],[-49.3673,-9.21],[-49.3701,-9.2086],[-49.3679,-9.2069],[-49.3724,-9.2033],[-49.3704,-9.198],[-49.372,-9.1949],[-49.3769,-9.1952],[-49.3745,-9.1866],[-49.3804,-9.1851],[-49.3833,-9.1782],[-49.3911,-9.1741],[-49.3879,-9.1694],[-49.394,-9.1606],[-49.3906,-9.1589],[-49.3931,-9.1545],[-49.3916,-9.1469],[-49.3954,-9.1457],[-49.3918,-9.1414],[-49.3961,-9.132],[-49.3957,-9.1194],[-49.3891,-9.1159],[-49.3928,-9.1142],[-49.3864,-9.1091],[-49.392,-9.1058],[-49.3894,-9.1044],[-49.3907,-9.0952],[-49.3847,-9.0871],[-49.3875,-9.0861],[-49.3867,-9.0816],[-49.3827,-9.0801],[-49.3849,-9.0697],[-49.3803,-9.069],[-49.3872,-9.0598],[-49.38,-9.0504],[-49.3804,-9.0452],[-49.3859,-9.0446],[-49.3791,-9.038],[-49.381,-9.0327],[-49.3747,-9.0241],[-49.3812,-9.0188],[-49.3804,-8.9892],[-49.3839,-8.9854],[-49.3783,-8.9843],[-49.3819,-8.9796],[-49.3777,-8.9762],[-49.3782,-8.9691],[-49.3751,-8.9681],[-49.3781,-8.9564],[-49.3727,-8.9526],[-49.3725,-8.9482],[-49.3751,-8.9418],[-49.3793,-8.9465],[-49.3848,-8.9451],[-49.3867,-8.9394],[-49.3924,-8.9387],[-49.3937,-8.9312],[-49.3996,-8.9328],[-49.4041,-8.9241],[-49.3976,-8.9164],[-49.4017,-8.9104],[-49.3999,-8.9087],[-49.4063,-8.9077],[-49.4028,-8.9056],[-49.4069,-8.9009],[-49.4021,-8.8983],[-49.4031,-8.8926],[-49.3976,-8.8948],[-49.3966,-8.8989]]]}},{"type":"Feature","properties":{"nome":"Dueré","cod":"1707306","uf":"TO"},"geometry":{"type":"Polygon","coordinates":[[[-49.793,-11.0047],[-49.7933,-11.0151],[-49.7789,-11.0102],[-49.7773,-11.0063],[-49.7696,-11.0077],[-49.766,-11.0244],[-49.754,-11.0252],[-49.7502,-11.0374],[-49.7462,-11.0345],[-49.7359,-11.0362],[-49.7408,-11.0524],[-49.7299,-11.0619],[-49.7216,-11.06],[-49.7097,-11.0816],[-49.6965,-11.0892],[-49.6926,-11.1001],[-49.6642,-11.1113],[-49.6616,-11.1203],[-49.6534,-11.1246],[-49.639,-11.1267],[-49.6308,-11.1243],[-49.6185,-11.1324],[-49.6194,-11.136],[-49.6116,-11.1462],[-49.5989,-11.1525],[-49.5971,-11.1574],[-49.5854,-11.1614],[-49.5806,-11.1527],[-49.5727,-11.1614],[-49.5698,-11.1554],[-49.5631,-11.1611],[-49.5551,-11.1612],[-49.5562,-11.1651],[-49.562,-11.1655],[-49.5609,-11.1714],[-49.5576,-11.1713],[-49.5586,-11.1761],[-49.5478,-11.1733],[-49.5405,-11.1758],[-49.5408,-11.1834],[-49.5396,-11.1811],[-49.5306,-11.1824],[-49.5284,-11.1779],[-49.5193,-11.1831],[-49.5131,-11.1774],[-49.5026,-11.1882],[-49.4957,-11.1827],[-49.4893,-11.1843],[-49.4761,-11.1751],[-49.4592,-11.1845],[-49.4558,-11.1761],[-49.4525,-11.1761],[-49.4546,-11.1742],[-49.4481,-11.1713],[-49.4419,-11.1734],[-49.426,-11.1899],[-49.4039,-11.1787],[-49.3919,-11.1835],[-49.3919,-11.1912],[-49.3867,-11.1953],[-49.3877,-11.2004],[-49.3772,-11.1988],[-49.3689,-11.2058],[-49.3692,-11.2149],[-49.3637,-11.2155],[-49.3588,-11.2246],[-49.3616,-11.2316],[-49.3569,-11.234],[-49.3493,-11.231],[-49.3389,-11.2508],[-49.3334,-11.2535],[-49.3301,-11.2508],[-49.3263,-11.2578],[-49.3146,-11.2616],[-49.3111,-11.2729],[-49.3028,-11.275],[-49.2957,-11.295],[-49.2859,-11.2946],[-49.2803,-11.2981],[-49.275,-11.2957],[-49.2635,-11.3061],[-49.2709,-11.3219],[-49.2608,-11.3246],[-49.2562,-11.3221],[-49.249,-11.3284],[-49.2486,-11.3327],[-49.2464,-11.3357],[-49.2331,-11.3281],[-49.2332,-11.3253],[-49.2248,-11.3254],[-49.2182,-11.3294],[-49.2152,-11.3388],[-49.2054,-11.3457],[-49.1868,-11.3285],[-49.1796,-11.3272],[-49.1726,-11.3327],[-49.1617,-11.3251],[-49.1486,-11.3288],[-49.1409,-11.336],[-49.1367,-11.3425],[-49.138,-11.3477],[-49.1334,-11.3493],[-49.1235,-11.3657],[-49.1133,-11.3808],[-49.1163,-11.3835],[-49.1137,-11.3902],[-49.116,-11.3933],[-49.11,-11.399],[-49.0983,-11.3985],[-49.093,-11.3945],[-49.082,-11.3992],[-49.0728,-11.3974],[-49.064,-11.4122],[-49.0554,-11.4153],[-49.0524,-11.4283],[-49.0453,-11.429],[-49.0351,-11.4396],[-49.0237,-11.443],[-49.0119,-11.4513],[-49.0074,-11.4707],[-48.9952,-11.4804],[-48.9945,-11.4868],[-48.95,-11.5176],[-48.9484,-11.5342],[-48.9874,-11.5691],[-48.9935,-11.5931],[-48.9953,-11.5978],[-49.0015,-11.6002],[-49.0041,-11.5911],[-49.01,-11.5886],[-49.0281,-11.5903],[-49.0416,-11.5838],[-49.0464,-11.6049],[-49.0589,-11.6058],[-49.0671,-11.5994],[-49.0792,-11.5959],[-49.0871,-11.6012],[-49.097,-11.6028],[-49.0989,-11.6159],[-49.1022,-11.6365],[-49.1113,-11.6472],[-49.1092,-11.6553],[-49.1261,-11.6578],[-49.1335,-11.6675],[-49.1453,-11.6632],[-49.1615,-11.6714],[-49.1644,-11.6846],[-49.1682,-11.6888],[-49.1666,-11.7003],[-49.17,-11.7138],[-49.1797,-11.7271],[-49.1717,-11.7393],[-49.1684,-11.7464],[-49.2166,-11.7429],[-49.2226,-11.7378],[-49.2405,-11.7489],[-49.2524,-11.745],[-49.2651,-11.7505],[-49.2763,-11.7463],[-49.289,-11.753],[-49.3255,-11.744],[-49.3394,-11.7496],[-49.3515,-11.7519],[-49.3572,-11.7486],[-49.3826,-11.7544],[-49.3886,-11.7597],[-49.4061,-11.7607],[-49.408,-11.7538],[-49.413,-11.7503],[-49.428,-11.7464],[-49.428,-11.7316],[-49.4547,-11.7209],[-49.4586,-11.7132],[-49.4568,-11.7088],[-49.4696,-11.7004],[-49.4714,-11.6953],[-49.4774,-11.6962],[-49.4903,-11.6911],[-49.4944,-11.6843],[-49.4814,-11.6765],[-49.4847,-11.6706],[-49.4852,-11.6533],[-49.4928,-11.65],[-49.4914,-11.6389],[-49.4967,-11.6297],[-49.4929,-11.6248],[-49.4949,-11.61],[-49.4994,-11.6093],[-49.4987,-11.6053],[-49.4934,-11.6042],[-49.495,-11.5919],[-49.4976,-11.5866],[-49.5107,-11.5803],[-49.5161,-11.5698],[-49.5141,-11.5631],[-49.5193,-11.5492],[-49.5254,-11.5513],[-49.5342,-11.5471],[-49.5392,-11.5402],[-49.5382,-11.5292],[-49.5436,-11.5235],[-49.5514,-11.5224],[-49.5486,-11.5181],[-49.5552,-11.5066],[-49.5629,-11.5063],[-49.5622,-11.5026],[-49.5653,-11.5016],[-49.5705,-11.5049],[-49.5735,-11.5136],[-49.5827,-11.5022],[-49.5789,-11.4896],[-49.5715,-11.4877],[-49.5714,-11.4836],[-49.5775,-11.4772],[-49.5745,-11.4694],[-49.5777,-11.4669],[-49.5771,-11.4619],[-49.5815,-11.4607],[-49.5805,-11.4527],[-49.5731,-11.4477],[-49.5766,-11.4402],[-49.5754,-11.4262],[-49.578,-11.4278],[-49.5851,-11.4192],[-49.5853,-11.4131],[-49.5929,-11.4114],[-49.5956,-11.4068],[-49.5931,-11.3988],[-49.6031,-11.3963],[-49.6072,-11.3921],[-49.6061,-11.3878],[-49.6129,-11.3898],[-49.6166,-11.3803],[-49.6278,-11.3796],[-49.6264,-11.3833],[-49.6317,-11.3849],[-49.635,-11.3971],[-49.6383,-11.396],[-49.6431,-11.4005],[-49.6521,-11.3982],[-49.6568,-11.4029],[-49.6704,-11.3992],[-49.6723,-11.393],[-49.6775,-11.3895],[-49.6811,-11.3792],[-49.6978,-11.3627],[-49.6934,-11.3579],[-49.6981,-11.3516],[-49.7078,-11.3561],[-49.7096,-11.354],[-49.7031,-11.346],[-49.7064,-11.3378],[-49.7133,-11.3354],[-49.7197,-11.3388],[-49.7263,-11.3201],[-49.725,-11.3154],[-49.7348,-11.3141],[-49.7279,-11.3001],[-49.737,-11.2938],[-49.7348,-11.2847],[-49.7419,-11.2844],[-49.7399,-11.272],[-49.7455,-11.2737],[-49.7473,-11.2823],[-49.7511,-11.282],[-49.7492,-11.2713],[-49.7434,-11.2655],[-49.7515,-11.2632],[-49.7514,-11.2598],[-49.7423,-11.2599],[-49.7558,-11.251],[-49.7628,-11.2519],[-49.7496,-11.2433],[-49.7612,-11.239],[-49.7515,-11.2301],[-49.7526,-11.2265],[-49.7601,-11.2271],[-49.7608,-11.2234],[-49.7486,-11.2219],[-49.7612,-11.2085],[-49.765,-11.2077],[-49.7691,-11.2116],[-49.7642,-11.1998],[-49.7563,-11.204],[-49.7655,-11.1945],[-49.7602,-11.1901],[-49.7583,-11.1813],[-49.7672,-11.1643],[-49.765,-11.1622],[-49.7586,-11.1648],[-49.7649,-11.1591],[-49.7699,-11.14],[-49.777,-11.132],[-49.7827,-11.1316],[-49.7839,-11.1176],[-49.7917,-11.1215],[-49.8011,-11.1127],[-49.8032,-11.1019],[-49.8221,-11.0938],[-49.8182,-11.0793],[-49.8142,-11.076],[-49.8169,-11.064],[-49.8282,-11.045],[-49.8159,-11.0433],[-49.8158,-11.05],[-49.8134,-11.053],[-49.8107,-11.0513],[-49.8105,-11.0445],[-49.8232,-11.0254],[-49.8166,-11.0114],[-49.8074,-11.009],[-49.8073,-11.0001],[-49.7988,-10.9966],[-49.793,-11.0047]]]}},{"type":"Feature","properties":{"nome":"Esperantina","cod":"1707405","uf":"TO"},"geometry":{"type":"Polygon","coordinates":[[[-48.4611,-5.2403],[-48.4527,-5.246],[-48.4304,-5.2377],[-48.4257,-5.2466],[-48.4031,-5.259],[-48.3821,-5.259],[-48.3815,-5.2626],[-48.3894,-5.2695],[-48.4026,-5.2729],[-48.4073,-5.2846],[-48.4073,-5.2871],[-48.4075,-5.3137],[-48.4244,-5.3198],[-48.4396,-5.3204],[-48.4501,-5.3367],[-48.452,-5.3457],[-48.4432,-5.3574],[-48.44,-5.3792],[-48.4457,-5.3871],[-48.4414,-5.4078],[-48.453,-5.4104],[-48.4642,-5.4119],[-48.4761,-5.4183],[-48.4911,-5.4256],[-48.5135,-5.4294],[-48.5306,-5.4244],[-48.5571,-5.4163],[-48.5963,-5.4222],[-48.6113,-5.4183],[-48.6287,-5.4097],[-48.6501,-5.3845],[-48.6801,-5.3784],[-48.7163,-5.3768],[-48.7199,-5.3733],[-48.7258,-5.3758],[-48.7451,-5.3693],[-48.7563,-5.3525],[-48.7547,-5.3488],[-48.7405,-5.3524],[-48.73,-5.3476],[-48.7146,-5.3527],[-48.7084,-5.3506],[-48.704,-5.3443],[-48.6988,-5.3197],[-48.6918,-5.3113],[-48.679,-5.3054],[-48.651,-5.3111],[-48.6382,-5.3196],[-48.6297,-5.3326],[-48.6119,-5.338],[-48.6057,-5.3361],[-48.5837,-5.3109],[-48.5681,-5.2826],[-48.5681,-5.2624],[-48.5607,-5.2345],[-48.5606,-5.2298],[-48.5386,-5.2045],[-48.5226,-5.1929],[-48.4859,-5.1934],[-48.4715,-5.2099],[-48.4611,-5.2403]]]}},{"type":"Feature","properties":{"nome":"Fátima","cod":"1707553","uf":"TO"},"geometry":{"type":"Polygon","coordinates":[[[-48.7754,-10.712],[-48.7756,-10.7319],[-48.7693,-10.7493],[-48.7741,-10.758],[-48.7751,-10.7693],[-48.7794,-10.7727],[-48.7883,-10.7958],[-48.7941,-10.8084],[-48.8105,-10.845],[-48.7944,-10.8684],[-48.8001,-10.8854],[-48.7982,-10.893],[-48.8088,-10.9186],[-48.8087,-10.9283],[-48.831,-10.9588],[-48.8531,-10.9673],[-48.856,-10.9576],[-48.8516,-10.9394],[-48.8577,-10.9271],[-48.8712,-10.9174],[-48.8683,-10.8903],[-48.8791,-10.8723],[-48.8867,-10.8503],[-48.8983,-10.8442],[-48.9801,-10.8431],[-48.9976,-10.842],[-49.0076,-10.8122],[-49.0116,-10.7854],[-49.0212,-10.7804],[-49.0081,-10.7681],[-48.9819,-10.7643],[-48.9665,-10.7567],[-48.9629,-10.7616],[-48.9501,-10.7588],[-48.9392,-10.7401],[-48.9234,-10.7319],[-48.9085,-10.7166],[-48.9064,-10.7161],[-48.9059,-10.7297],[-48.8991,-10.7261],[-48.8868,-10.7301],[-48.8581,-10.7257],[-48.8356,-10.7282],[-48.81,-10.7182],[-48.7912,-10.6889],[-48.7832,-10.697],[-48.7806,-10.6999],[-48.7754,-10.712]]]}},{"type":"Feature","properties":{"nome":"Figueirópolis","cod":"1707652","uf":"TO"},"geometry":{"type":"Polygon","coordinates":[[[-48.9706,-11.9533],[-48.9691,-11.966],[-48.9775,-11.9948],[-48.978,-12.0155],[-48.9631,-12.0394],[-48.9655,-12.0553],[-48.9358,-12.0896],[-48.9293,-12.1052],[-48.9315,-12.1138],[-48.9273,-12.124],[-48.9373,-12.1371],[-48.9507,-12.1397],[-48.9681,-12.1642],[-48.9746,-12.1671],[-48.969,-12.1862],[-48.9103,-12.1941],[-48.9144,-12.21],[-48.9094,-12.2477],[-48.9214,-12.2789],[-48.9211,-12.2937],[-48.9262,-12.2934],[-48.9406,-12.2769],[-48.9731,-12.2649],[-48.9843,-12.2667],[-49.0043,-12.2589],[-49.0191,-12.2428],[-49.0238,-12.2322],[-49.0373,-12.2256],[-49.0387,-12.2016],[-49.0501,-12.1921],[-49.0561,-12.175],[-49.0608,-12.1766],[-49.0677,-12.19],[-49.0776,-12.1982],[-49.0839,-12.2116],[-49.0929,-12.2142],[-49.0992,-12.2409],[-49.1074,-12.252],[-49.1257,-12.2543],[-49.1366,-12.252],[-49.1579,-12.2367],[-49.1586,-12.236],[-49.1642,-12.2258],[-49.1919,-12.2107],[-49.1985,-12.2019],[-49.2045,-12.194],[-49.2101,-12.1919],[-49.2025,-12.2163],[-49.1938,-12.224],[-49.1949,-12.2348],[-49.1863,-12.256],[-49.1891,-12.2616],[-49.1964,-12.2615],[-49.2131,-12.2828],[-49.2224,-12.2878],[-49.2373,-12.3146],[-49.2398,-12.3237],[-49.2305,-12.3456],[-49.2308,-12.3636],[-49.2392,-12.3834],[-49.2511,-12.3885],[-49.2542,-12.3934],[-49.2624,-12.409],[-49.2602,-12.4153],[-49.2642,-12.4163],[-49.2667,-12.4252],[-49.2699,-12.4256],[-49.2697,-12.4366],[-49.2762,-12.4517],[-49.2891,-12.4654],[-49.3001,-12.4858],[-49.3072,-12.4868],[-49.3168,-12.5001],[-49.3257,-12.5032],[-49.3314,-12.5094],[-49.3358,-12.5327],[-49.3403,-12.5365],[-49.3482,-12.5317],[-49.3521,-12.5351],[-49.3566,-12.531],[-49.3622,-12.5329],[-49.3755,-12.5312],[-49.3914,-12.519],[-49.3921,-12.5119],[-49.3951,-12.5108],[-49.4038,-12.5124],[-49.4102,-12.5082],[-49.4218,-12.5162],[-49.4275,-12.5164],[-49.4263,-12.4949],[-49.4301,-12.4849],[-49.4596,-12.484],[-49.4676,-12.4674],[-49.4757,-12.4708],[-49.4789,-12.4797],[-49.4857,-12.4751],[-49.4876,-12.4872],[-49.4944,-12.4874],[-49.507,-12.4749],[-49.4954,-12.4595],[-49.5159,-12.4608],[-49.5086,-12.4506],[-49.513,-12.444],[-49.5227,-12.4403],[-49.5191,-12.4304],[-49.5293,-12.4347],[-49.5357,-12.4339],[-49.5382,-12.4321],[-49.5378,-12.4183],[-49.553,-12.4056],[-49.5579,-12.4186],[-49.5623,-12.4232],[-49.5671,-12.4226],[-49.5718,-12.4097],[-49.5885,-12.4189],[-49.5847,-12.4071],[-49.5937,-12.4006],[-49.5937,-12.3917],[-49.5761,-12.3852],[-49.5912,-12.3744],[-49.5989,-12.3565],[-49.6104,-12.3413],[-49.6075,-12.3366],[-49.6016,-12.3367],[-49.5969,-12.3324],[-49.5898,-12.3265],[-49.5855,-12.3288],[-49.5782,-12.3246],[-49.5816,-12.3038],[-49.5906,-12.3035],[-49.5985,-12.2937],[-49.5968,-12.2827],[-49.6226,-12.2681],[-49.6434,-12.2726],[-49.6497,-12.2709],[-49.6484,-12.2484],[-49.6438,-12.2448],[-49.6359,-12.2485],[-49.6339,-12.2392],[-49.6431,-12.2384],[-49.6469,-12.2255],[-49.639,-12.2329],[-49.6234,-12.2286],[-49.6102,-12.2373],[-49.6005,-12.2303],[-49.5875,-12.2325],[-49.567,-12.2298],[-49.5396,-12.2377],[-49.5314,-12.2364],[-49.5201,-12.2282],[-49.4754,-12.2294],[-49.4565,-12.2218],[-49.4449,-12.2073],[-49.4274,-12.1929],[-49.4265,-12.1841],[-49.4066,-12.1566],[-49.3948,-12.1545],[-49.3624,-12.1491],[-49.3557,-12.1508],[-49.3485,-12.158],[-49.3409,-12.1591],[-49.3207,-12.1524],[-49.2858,-12.1545],[-49.2697,-12.1407],[-49.2637,-12.1438],[-49.2457,-12.141],[-49.2365,-12.1346],[-49.2202,-12.1133],[-49.1946,-12.1127],[-49.186,-12.1059],[-49.1859,-12.1057],[-49.1561,-12.076],[-49.1463,-12.0703],[-49.1352,-12.0728],[-49.1189,-12.0844],[-49.0985,-12.0884],[-49.085,-12.0867],[-49.0731,-12.0804],[-49.0667,-12.0718],[-49.0612,-12.0276],[-49.0547,-12.0173],[-49.0355,-12.0104],[-49.0242,-11.9849],[-49.0097,-11.9701],[-49.0109,-11.964],[-49.0089,-11.9614],[-49.006,-11.9638],[-49.001,-11.962],[-48.9916,-11.9574],[-48.9868,-11.9499],[-48.9869,-11.9414],[-48.9777,-11.9445],[-48.9706,-11.9533]]]}},{"type":"Feature","properties":{"nome":"Filadélfia","cod":"1707702","uf":"TO"},"geometry":{"type":"Polygon","coordinates":[[[-47.6473,-7.3037],[-47.6387,-7.305],[-47.6337,-7.3044],[-47.6226,-7.296],[-47.6069,-7.2717],[-47.5997,-7.2663],[-47.5871,-7.2633],[-47.5425,-7.265],[-47.5314,-7.2689],[-47.5034,-7.2897],[-47.4849,-7.3172],[-47.4825,-7.3219],[-47.4778,-7.3364],[-47.4784,-7.3455],[-47.48,-7.3526],[-47.4827,-7.3608],[-47.4978,-7.3783],[-47.5094,-7.3852],[-47.5635,-7.4064],[-47.5771,-7.4157],[-47.5905,-7.4391],[-47.6261,-7.4863],[-47.6332,-7.5011],[-47.622,-7.5331],[-47.6314,-7.5676],[-47.6312,-7.5903],[-47.6299,-7.6198],[-47.6512,-7.6553],[-47.6811,-7.6807],[-47.69,-7.6847],[-47.7049,-7.6903],[-47.7199,-7.6971],[-47.7753,-7.7377],[-47.7857,-7.7517],[-47.8156,-7.759],[-47.829,-7.7675],[-47.836,-7.7606],[-47.8489,-7.7605],[-47.8396,-7.749],[-47.8394,-7.7342],[-47.849,-7.7351],[-47.8554,-7.7267],[-47.8657,-7.7314],[-47.8673,-7.7268],[-47.8721,-7.7256],[-47.8702,-7.7142],[-47.879,-7.7098],[-47.8793,-7.6997],[-47.8842,-7.6965],[-47.8894,-7.6801],[-47.8941,-7.6851],[-47.8997,-7.6816],[-47.8996,-7.6757],[-47.9076,-7.6783],[-47.9144,-7.673],[-47.9165,-7.6599],[-47.9293,-7.6614],[-47.9296,-7.6558],[-47.9332,-7.6582],[-47.9386,-7.6527],[-47.946,-7.6528],[-47.949,-7.6499],[-47.9471,-7.6483],[-47.9436,-7.6421],[-47.947,-7.6422],[-47.9546,-7.6397],[-47.9544,-7.6338],[-47.9607,-7.6342],[-47.9651,-7.6386],[-47.9683,-7.6327],[-47.9763,-7.6315],[-47.9741,-7.6266],[-47.9776,-7.6292],[-47.9817,-7.6268],[-47.9847,-7.6205],[-47.9836,-7.6116],[-47.9799,-7.6112],[-47.9836,-7.6023],[-48.0121,-7.593],[-48.0181,-7.5968],[-48.0222,-7.5954],[-48.0338,-7.5873],[-48.0427,-7.5739],[-48.0461,-7.5761],[-48.0568,-7.5644],[-48.0618,-7.5651],[-48.0835,-7.5502],[-48.0825,-7.5371],[-48.0934,-7.5243],[-48.0902,-7.5148],[-48.094,-7.503],[-48.0998,-7.4965],[-48.0983,-7.4928],[-48.1056,-7.4866],[-48.1051,-7.48],[-48.0947,-7.4693],[-48.0888,-7.4574],[-48.0832,-7.4565],[-48.0773,-7.4476],[-48.0768,-7.4265],[-48.0687,-7.4255],[-48.065,-7.4196],[-48.0595,-7.4021],[-48.0609,-7.3937],[-48.0554,-7.3819],[-48.0583,-7.3664],[-48.0572,-7.3547],[-48.0518,-7.3534],[-48.0437,-7.3567],[-48.0364,-7.3717],[-48.0307,-7.3722],[-48.0265,-7.3806],[-48.0141,-7.3868],[-48.0141,-7.3965],[-48.0099,-7.3993],[-47.9971,-7.3982],[-47.9791,-7.4107],[-47.9758,-7.4189],[-47.9727,-7.4194],[-47.9631,-7.414],[-47.9521,-7.3934],[-47.9366,-7.3901],[-47.9306,-7.3958],[-47.929,-7.3898],[-47.9171,-7.3834],[-47.8979,-7.3931],[-47.8932,-7.3809],[-47.8834,-7.3828],[-47.8742,-7.372],[-47.8661,-7.3822],[-47.857,-7.3787],[-47.8484,-7.3836],[-47.8446,-7.3811],[-47.8386,-7.3648],[-47.8217,-7.3679],[-47.797,-7.3619],[-47.7903,-7.3522],[-47.7837,-7.3605],[-47.7796,-7.3565],[-47.7629,-7.3528],[-47.7578,-7.3434],[-47.7511,-7.3452],[-47.753,-7.3344],[-47.748,-7.3306],[-47.7489,-7.3227],[-47.7391,-7.325],[-47.7338,-7.3222],[-47.7328,-7.3173],[-47.7221,-7.3072],[-47.7219,-7.2958],[-47.7137,-7.2938],[-47.7091,-7.2875],[-47.6975,-7.2853],[-47.6965,-7.2811],[-47.6998,-7.2798],[-47.6951,-7.274],[-47.696,-7.2697],[-47.6821,-7.2668],[-47.6826,-7.2622],[-47.6741,-7.2594],[-47.6535,-7.2978],[-47.6473,-7.3037]]]}},{"type":"Feature","properties":{"nome":"Formoso do Araguaia","cod":"1708205","uf":"TO"},"geometry":{"type":"Polygon","coordinates":[[[-49.6166,-11.3803],[-49.6129,-11.3898],[-49.6061,-11.3878],[-49.6072,-11.3921],[-49.6031,-11.3963],[-49.5931,-11.3988],[-49.5956,-11.4068],[-49.5929,-11.4114],[-49.5853,-11.4131],[-49.5851,-11.4192],[-49.578,-11.4278],[-49.5754,-11.4262],[-49.5766,-11.4402],[-49.5731,-11.4477],[-49.5805,-11.4527],[-49.5815,-11.4607],[-49.5771,-11.4619],[-49.5777,-11.4669],[-49.5745,-11.4694],[-49.5775,-11.4772],[-49.5714,-11.4836],[-49.5715,-11.4877],[-49.5789,-11.4896],[-49.5827,-11.5022],[-49.5735,-11.5136],[-49.5705,-11.5049],[-49.5653,-11.5016],[-49.5622,-11.5026],[-49.5629,-11.5063],[-49.5552,-11.5066],[-49.5486,-11.5181],[-49.5514,-11.5224],[-49.5436,-11.5235],[-49.5382,-11.5292],[-49.5392,-11.5402],[-49.5342,-11.5471],[-49.5254,-11.5513],[-49.5193,-11.5492],[-49.5141,-11.5631],[-49.5161,-11.5698],[-49.5107,-11.5803],[-49.4976,-11.5866],[-49.495,-11.5919],[-49.4934,-11.6042],[-49.4987,-11.6053],[-49.4994,-11.6093],[-49.4949,-11.61],[-49.4929,-11.6248],[-49.4967,-11.6297],[-49.4914,-11.6389],[-49.4928,-11.65],[-49.4852,-11.6533],[-49.4847,-11.6706],[-49.4814,-11.6765],[-49.4944,-11.6843],[-49.4903,-11.6911],[-49.4774,-11.6962],[-49.4714,-11.6953],[-49.4696,-11.7004],[-49.4568,-11.7088],[-49.4586,-11.7132],[-49.4547,-11.7209],[-49.428,-11.7316],[-49.428,-11.7464],[-49.413,-11.7503],[-49.408,-11.7538],[-49.4061,-11.7607],[-49.3965,-11.7737],[-49.3856,-11.7819],[-49.3769,-11.8081],[-49.3598,-11.814],[-49.3497,-11.8129],[-49.3459,-11.8231],[-49.3404,-11.8396],[-49.3328,-11.8464],[-49.3331,-11.8533],[-49.3246,-11.8557],[-49.3096,-11.8524],[-49.3033,-11.8543],[-49.3,-11.8667],[-49.3084,-11.8742],[-49.3081,-11.8803],[-49.3014,-11.8951],[-49.2863,-11.9047],[-49.278,-11.9165],[-49.2718,-11.9369],[-49.2625,-11.9526],[-49.2588,-11.9671],[-49.2708,-11.9831],[-49.2657,-11.9957],[-49.277,-12.0105],[-49.3052,-12.0232],[-49.3212,-12.0377],[-49.3265,-12.0513],[-49.3255,-12.0661],[-49.3358,-12.077],[-49.3398,-12.0947],[-49.3471,-12.1064],[-49.3465,-12.125],[-49.4005,-12.1517],[-49.4066,-12.1566],[-49.4265,-12.1841],[-49.4274,-12.1929],[-49.4449,-12.2073],[-49.4565,-12.2218],[-49.4754,-12.2294],[-49.5201,-12.2282],[-49.5314,-12.2364],[-49.5396,-12.2377],[-49.567,-12.2298],[-49.5875,-12.2325],[-49.6005,-12.2303],[-49.6102,-12.2373],[-49.6234,-12.2286],[-49.639,-12.2329],[-49.6469,-12.2255],[-49.6563,-12.2201],[-49.6724,-12.2012],[-49.6769,-12.1813],[-49.69,-12.179],[-49.6997,-12.1729],[-49.7043,-12.18],[-49.7095,-12.1809],[-49.7152,-12.1779],[-49.7177,-12.1695],[-49.7184,-12.175],[-49.7225,-12.1737],[-49.7298,-12.1598],[-49.7345,-12.1578],[-49.7326,-12.1517],[-49.7357,-12.1512],[-49.7342,-12.1468],[-49.7377,-12.143],[-49.7313,-12.1384],[-49.7394,-12.1365],[-49.7351,-12.129],[-49.738,-12.1263],[-49.7406,-12.13],[-49.7449,-12.1287],[-49.7492,-12.1209],[-49.9391,-12.0902],[-49.9711,-12.085],[-50.0095,-12.0786],[-50.0153,-12.0619],[-50.0205,-12.0584],[-50.0267,-12.0643],[-50.023,-12.0721],[-50.0258,-12.0799],[-50.0418,-12.0842],[-50.049,-12.0911],[-50.0487,-12.1046],[-50.0518,-12.1074],[-50.0634,-12.1181],[-50.0688,-12.1301],[-50.0759,-12.1249],[-50.0974,-12.1325],[-50.0862,-12.1434],[-50.0917,-12.1708],[-50.0861,-12.1794],[-50.0831,-12.1962],[-50.087,-12.2007],[-50.0993,-12.2004],[-50.1009,-12.2042],[-50.0954,-12.217],[-50.104,-12.2252],[-50.1113,-12.2202],[-50.1265,-12.2206],[-50.1309,-12.224],[-50.1276,-12.2456],[-50.1236,-12.2515],[-50.1308,-12.2566],[-50.1142,-12.2632],[-50.1175,-12.2711],[-50.1124,-12.2907],[-50.1132,-12.3022],[-50.1045,-12.3154],[-50.1046,-12.3237],[-50.1098,-12.3251],[-50.116,-12.3216],[-50.127,-12.3284],[-50.1207,-12.3414],[-50.1229,-12.3548],[-50.1173,-12.3594],[-50.1149,-12.3674],[-50.1201,-12.3742],[-50.1357,-12.3706],[-50.1373,-12.3747],[-50.1289,-12.3817],[-50.1302,-12.3882],[-50.1422,-12.3955],[-50.172,-12.4081],[-50.1708,-12.4196],[-50.1746,-12.4233],[-50.1848,-12.4225],[-50.1882,-12.4202],[-50.1886,-12.4133],[-50.1961,-12.4129],[-50.1976,-12.4192],[-50.1865,-12.4233],[-50.1836,-12.431],[-50.1982,-12.4317],[-50.2119,-12.4367],[-50.2153,-12.441],[-50.2077,-12.442],[-50.2072,-12.4484],[-50.2221,-12.4457],[-50.2297,-12.4553],[-50.2534,-12.4619],[-50.2628,-12.4778],[-50.2742,-12.481],[-50.2809,-12.4785],[-50.2893,-12.4877],[-50.3074,-12.494],[-50.3247,-12.5084],[-50.3184,-12.5088],[-50.3124,-12.516],[-50.3137,-12.5211],[-50.3298,-12.5146],[-50.3341,-12.52],[-50.3308,-12.5351],[-50.3461,-12.5334],[-50.3459,-12.5427],[-50.3593,-12.5413],[-50.3657,-12.5478],[-50.3581,-12.5533],[-50.3661,-12.5542],[-50.3693,-12.5596],[-50.3661,-12.571],[-50.3703,-12.5751],[-50.3818,-12.5768],[-50.3869,-12.5898],[-50.3984,-12.6017],[-50.3909,-12.6063],[-50.3923,-12.6132],[-50.4067,-12.6143],[-50.4182,-12.6242],[-50.4113,-12.6458],[-50.4129,-12.6497],[-50.4181,-12.6512],[-50.4269,-12.642],[-50.4404,-12.6528],[-50.4381,-12.6577],[-50.4324,-12.6496],[-50.4275,-12.6525],[-50.4366,-12.6609],[-50.4319,-12.6688],[-50.4364,-12.6776],[-50.4321,-12.6896],[-50.4394,-12.6976],[-50.4613,-12.6939],[-50.4639,-12.7031],[-50.4776,-12.7095],[-50.4783,-12.7159],[-50.4677,-12.7209],[-50.4658,-12.7311],[-50.4679,-12.7357],[-50.4819,-12.7388],[-50.4856,-12.7481],[-50.4827,-12.7522],[-50.4715,-12.7518],[-50.4681,-12.755],[-50.477,-12.7599],[-50.4753,-12.7717],[-50.4842,-12.7755],[-50.4934,-12.7852],[-50.4844,-12.8115],[-50.4907,-12.8136],[-50.4937,-12.8189],[-50.4906,-12.8284],[-50.495,-12.8416],[-50.5108,-12.8604],[-50.5126,-12.8442],[-50.5199,-12.836],[-50.5315,-12.8432],[-50.5665,-12.843],[-50.5974,-12.8263],[-50.6002,-12.8185],[-50.5832,-12.8093],[-50.5786,-12.8023],[-50.5841,-12.7994],[-50.6029,-12.8],[-50.6131,-12.818],[-50.6177,-12.8212],[-50.6223,-12.8193],[-50.6261,-12.8115],[-50.6249,-12.7996],[-50.6113,-12.7755],[-50.6144,-12.7712],[-50.6298,-12.7756],[-50.6355,-12.7714],[-50.6268,-12.7605],[-50.6225,-12.7342],[-50.6368,-12.7194],[-50.6297,-12.7041],[-50.6327,-12.7011],[-50.6447,-12.7018],[-50.6543,-12.6788],[-50.6544,-12.6731],[-50.6459,-12.6634],[-50.6465,-12.6507],[-50.6557,-12.6456],[-50.6821,-12.6474],[-50.6992,-12.6474],[-50.7007,-12.6238],[-50.7057,-12.6131],[-50.7037,-12.5994],[-50.6996,-12.5947],[-50.6894,-12.593],[-50.6734,-12.5997],[-50.6675,-12.5956],[-50.669,-12.5803],[-50.686,-12.5688],[-50.6771,-12.5517],[-50.6633,-12.537],[-50.6591,-12.5057],[-50.6456,-12.4817],[-50.6526,-12.4596],[-50.6418,-12.4521],[-50.6267,-12.458],[-50.6231,-12.4549],[-50.6178,-12.4286],[-50.6218,-12.4224],[-50.6322,-12.4167],[-50.6264,-12.3836],[-50.6318,-12.3664],[-50.6438,-12.3472],[-50.6374,-12.3249],[-50.6431,-12.3185],[-50.6485,-12.2987],[-50.6291,-12.2805],[-50.6299,-12.2715],[-50.6495,-12.2487],[-50.6433,-12.2225],[-50.655,-12.2178],[-50.6782,-12.2184],[-50.6864,-12.2017],[-50.6787,-12.1877],[-50.6786,-12.1549],[-50.6699,-12.1372],[-50.6756,-12.1235],[-50.6668,-12.0807],[-50.6672,-12.0641],[-50.6861,-12.0447],[-50.6866,-12.0352],[-50.6774,-12.0191],[-50.6836,-12.0104],[-50.6818,-11.9905],[-50.6564,-11.9664],[-50.6543,-11.9476],[-50.6674,-11.9273],[-50.6587,-11.9139],[-50.6401,-11.9023],[-50.6388,-11.8841],[-50.6649,-11.864],[-50.6822,-11.8625],[-50.6858,-11.8586],[-50.6876,-11.8246],[-50.7001,-11.803],[-50.7074,-11.7678],[-50.7135,-11.757],[-50.7216,-11.7393],[-50.7211,-11.7313],[-50.692,-11.7007],[-50.6736,-11.6923],[-50.6632,-11.6771],[-50.6617,-11.668],[-50.6624,-11.6465],[-50.6642,-11.6262],[-50.6577,-11.6162],[-50.657,-11.5924],[-50.6696,-11.5812],[-50.6681,-11.5809],[-50.2774,-11.5071],[-50.02,-11.4566],[-50.0194,-11.4564],[-49.873,-11.4278],[-49.6881,-11.3916],[-49.6775,-11.3895],[-49.6723,-11.393],[-49.6704,-11.3992],[-49.6568,-11.4029],[-49.6521,-11.3982],[-49.6431,-11.4005],[-49.6383,-11.396],[-49.635,-11.3971],[-49.6317,-11.3849],[-49.6264,-11.3833],[-49.6278,-11.3796],[-49.6166,-11.3803]]]}},{"type":"Feature","properties":{"nome":"Fortaleza do Tabocão","cod":"1708254","uf":"TO"},"geometry":{"type":"Polygon","coordinates":[[[-48.4552,-8.9323],[-48.3953,-8.9747],[-48.3807,-8.9722],[-48.3647,-8.9759],[-48.3595,-9.0221],[-48.3735,-9.0664],[-48.3672,-9.0744],[-48.3812,-9.0778],[-48.3867,-9.0685],[-48.3921,-9.0681],[-48.4003,-9.07],[-48.4029,-9.0758],[-48.4043,-9.0729],[-48.4075,-9.0753],[-48.4085,-9.0701],[-48.4137,-9.0702],[-48.4102,-9.0602],[-48.4257,-9.0671],[-48.4365,-9.0642],[-48.4376,-9.0683],[-48.4436,-9.0609],[-48.4469,-9.0647],[-48.4536,-9.0618],[-48.4542,-9.0653],[-48.4588,-9.0642],[-48.4656,-9.0714],[-48.4649,-9.0614],[-48.4701,-9.064],[-48.4694,-9.0593],[-48.476,-9.0551],[-48.4767,-9.0496],[-48.4913,-9.0568],[-48.497,-9.0642],[-48.5103,-9.1174],[-48.5245,-9.1304],[-48.5329,-9.1312],[-48.5329,-9.1688],[-48.5367,-9.1908],[-48.5418,-9.221],[-48.5438,-9.22],[-48.5496,-9.2168],[-48.5575,-9.2205],[-48.5645,-9.2154],[-48.5736,-9.2087],[-48.5964,-9.2093],[-48.6039,-9.2053],[-48.6074,-9.2088],[-48.6134,-9.2081],[-48.6182,-9.2052],[-48.6197,-9.1974],[-48.6237,-9.1941],[-48.645,-9.1879],[-48.6461,-9.1984],[-48.6417,-9.2065],[-48.6503,-9.2157],[-48.6498,-9.2315],[-48.6561,-9.2401],[-48.6634,-9.2361],[-48.6682,-9.2208],[-48.673,-9.2199],[-48.6765,-9.2129],[-48.6826,-9.214],[-48.6935,-9.2042],[-48.6942,-9.1934],[-48.7081,-9.1818],[-48.7086,-9.1775],[-48.7192,-9.1749],[-48.7324,-9.1834],[-48.7236,-9.1686],[-48.7158,-9.1709],[-48.6928,-9.1549],[-48.6854,-9.1556],[-48.677,-9.1323],[-48.6655,-9.118],[-48.6586,-9.1134],[-48.6535,-9.0808],[-48.6604,-9.0743],[-48.6693,-9.0785],[-48.6721,-9.0758],[-48.6614,-9.0601],[-48.6778,-9.0552],[-48.6775,-9.0516],[-48.671,-9.0499],[-48.6736,-9.0366],[-48.6593,-9.0229],[-48.65,-9.0214],[-48.662,-9.007],[-48.6591,-8.9968],[-48.6514,-9.0056],[-48.6436,-9.0063],[-48.6355,-9.0011],[-48.6303,-9.0073],[-48.6197,-9.01],[-48.6008,-8.9955],[-48.5724,-8.9946],[-48.5664,-8.9874],[-48.5595,-8.9869],[-48.5599,-8.9955],[-48.5562,-8.9975],[-48.5467,-8.9865],[-48.5495,-8.9758],[-48.5463,-8.9687],[-48.5009,-8.9524],[-48.4596,-8.9315],[-48.4552,-8.9323]]]}},{"type":"Feature","properties":{"nome":"Goianorte","cod":"1708304","uf":"TO"},"geometry":{"type":"Polygon","coordinates":[[[-49.2458,-8.6403],[-49.2429,-8.6455],[-49.2407,-8.6434],[-49.2367,-8.6492],[-49.2349,-8.6449],[-49.2304,-8.6475],[-49.2229,-8.6437],[-49.2131,-8.6486],[-49.2154,-8.6533],[-49.2073,-8.6558],[-49.2032,-8.6681],[-49.2003,-8.6668],[-49.1994,-8.6709],[-49.195,-8.6703],[-49.1941,-8.6759],[-49.1796,-8.6833],[-49.1786,-8.6754],[-49.1742,-8.6763],[-49.1737,-8.6798],[-49.1722,-8.6751],[-49.1674,-8.6778],[-49.1662,-8.6748],[-49.162,-8.6752],[-49.1645,-8.6731],[-49.1578,-8.673],[-49.1566,-8.6763],[-49.153,-8.6739],[-49.1471,-8.6739],[-49.1433,-8.6631],[-49.1381,-8.6635],[-49.1362,-8.6566],[-49.1312,-8.6551],[-49.1326,-8.6515],[-49.1258,-8.6516],[-49.1279,-8.6499],[-49.1244,-8.646],[-49.119,-8.6478],[-49.1203,-8.6508],[-49.1148,-8.6586],[-49.1069,-8.6527],[-49.1061,-8.6458],[-49.0979,-8.6459],[-49.098,-8.6427],[-49.0936,-8.6436],[-49.0939,-8.6411],[-49.0876,-8.6462],[-49.0798,-8.6434],[-49.0799,-8.6469],[-49.0702,-8.6429],[-49.0706,-8.6469],[-49.0656,-8.6506],[-49.0619,-8.6489],[-49.0604,-8.6543],[-49.0581,-8.6535],[-49.0572,-8.6567],[-49.0436,-8.6586],[-49.0424,-8.6636],[-49.0334,-8.663],[-49.0312,-8.6688],[-49.0209,-8.6674],[-49.0118,-8.6703],[-49.0085,-8.6675],[-49.0051,-8.674],[-48.9916,-8.6757],[-48.9887,-8.6849],[-48.9727,-8.6906],[-48.9769,-8.6946],[-48.9718,-8.6975],[-48.9731,-8.7044],[-48.9674,-8.7079],[-48.9659,-8.704],[-48.9601,-8.7029],[-48.9573,-8.6968],[-48.9506,-8.6977],[-48.9464,-8.7049],[-48.946,-8.7147],[-48.9349,-8.7124],[-48.9264,-8.7156],[-48.9281,-8.7184],[-48.9209,-8.7269],[-48.9146,-8.7437],[-48.9015,-8.7478],[-48.9011,-8.7542],[-48.8904,-8.7677],[-48.8901,-8.7606],[-48.8799,-8.7664],[-48.8866,-8.78],[-48.8819,-8.7797],[-48.8799,-8.7891],[-48.8748,-8.7954],[-48.8715,-8.7943],[-48.8663,-8.7915],[-48.8712,-8.7972],[-48.8674,-8.8008],[-48.8579,-8.7981],[-48.8524,-8.8007],[-48.8591,-8.8057],[-48.8541,-8.8111],[-48.8449,-8.8088],[-48.8492,-8.8143],[-48.8465,-8.8215],[-48.8508,-8.8203],[-48.8531,-8.8231],[-48.8468,-8.8305],[-48.8349,-8.8229],[-48.8301,-8.8294],[-48.8265,-8.8419],[-48.8349,-8.8513],[-48.8314,-8.8544],[-48.834,-8.861],[-48.8262,-8.8482],[-48.8247,-8.8526],[-48.8169,-8.8494],[-48.8123,-8.8567],[-48.8211,-8.8678],[-48.8166,-8.8692],[-48.8176,-8.8733],[-48.8122,-8.8792],[-48.8171,-8.8979],[-48.8145,-8.9099],[-48.8103,-8.914],[-48.8128,-8.9208],[-48.8144,-8.9318],[-48.8004,-8.9292],[-48.792,-8.9456],[-48.788,-8.9496],[-48.7863,-8.9465],[-48.7844,-8.9516],[-48.7796,-8.9533],[-48.7783,-8.9685],[-48.7816,-8.9696],[-48.7761,-8.9774],[-48.7689,-8.9778],[-48.7681,-8.9826],[-48.7761,-8.9939],[-48.7691,-8.994],[-48.7666,-9.0102],[-48.7613,-9.012],[-48.7588,-9.0232],[-48.7545,-9.0275],[-48.7508,-9.0247],[-48.7483,-9.0264],[-48.7506,-9.035],[-48.7469,-9.0392],[-48.7463,-9.0502],[-48.7529,-9.0547],[-48.7526,-9.0872],[-48.7588,-9.088],[-48.7606,-9.0994],[-48.7599,-9.1043],[-48.7563,-9.106],[-48.7578,-9.111],[-48.7545,-9.1124],[-48.7644,-9.1141],[-48.7658,-9.1255],[-48.7622,-9.1325],[-48.7438,-9.1398],[-48.7442,-9.1477],[-48.7478,-9.1476],[-48.7485,-9.1522],[-48.7386,-9.1508],[-48.7462,-9.1652],[-48.7395,-9.1725],[-48.7422,-9.1849],[-48.7344,-9.1963],[-48.7465,-9.1962],[-48.7515,-9.1997],[-48.7646,-9.1936],[-48.7748,-9.1794],[-48.7831,-9.1785],[-48.7777,-9.1656],[-48.7755,-9.1493],[-48.7776,-9.139],[-48.7821,-9.1315],[-48.7896,-9.1282],[-48.7959,-9.1166],[-48.8054,-9.1192],[-48.8077,-9.1168],[-48.8097,-9.0807],[-48.8131,-9.0777],[-48.8195,-9.0743],[-48.8332,-9.0765],[-48.8362,-9.0826],[-48.8423,-9.0849],[-48.8496,-9.073],[-48.8598,-9.0656],[-48.8675,-9.0679],[-48.8759,-9.0649],[-48.9075,-9.0675],[-48.9304,-9.0798],[-48.9359,-9.0734],[-48.9619,-9.0653],[-48.9664,-9.0646],[-48.9731,-9.0584],[-48.9921,-9.0578],[-48.9958,-9.0621],[-49.0029,-9.0587],[-49.006,-9.0492],[-49.0209,-9.0496],[-49.0279,-9.0425],[-49.036,-9.0217],[-49.0444,-9.0175],[-49.0612,-9.0178],[-49.0701,-9.0077],[-49.0869,-9.0037],[-49.0938,-8.9939],[-49.1026,-8.992],[-49.11,-8.9953],[-49.1141,-8.9927],[-49.1116,-8.9911],[-49.1149,-8.98],[-49.1223,-8.9753],[-49.125,-8.9692],[-49.1334,-8.968],[-49.1482,-8.9532],[-49.1691,-8.9451],[-49.1833,-8.9332],[-49.1934,-8.9334],[-49.2078,-8.9423],[-49.2217,-8.942],[-49.2199,-8.9255],[-49.2277,-8.9067],[-49.2268,-8.8929],[-49.2509,-8.8876],[-49.2553,-8.8751],[-49.2686,-8.8602],[-49.2546,-8.8498],[-49.2443,-8.8366],[-49.2461,-8.8285],[-49.243,-8.812],[-49.2268,-8.7956],[-49.2227,-8.7689],[-49.2284,-8.7582],[-49.2271,-8.7524],[-49.234,-8.7232],[-49.2432,-8.7134],[-49.2467,-8.7026],[-49.2451,-8.6968],[-49.2643,-8.677],[-49.2753,-8.6545],[-49.2877,-8.6422],[-49.2808,-8.6414],[-49.2792,-8.6494],[-49.2749,-8.6443],[-49.2641,-8.6488],[-49.263,-8.6449],[-49.2534,-8.6431],[-49.252,-8.6391],[-49.2458,-8.6403]]]}},{"type":"Feature","properties":{"nome":"Goiatins","cod":"1709005","uf":"TO"},"geometry":{"type":"Polygon","coordinates":[[[-47.3815,-7.6537],[-47.3647,-7.6554],[-47.3518,-7.6464],[-47.3534,-7.6399],[-47.3643,-7.6351],[-47.3725,-7.625],[-47.3717,-7.6209],[-47.3594,-7.6157],[-47.3512,-7.6206],[-47.3481,-7.6309],[-47.3354,-7.6366],[-47.323,-7.6546],[-47.3138,-7.6602],[-47.3198,-7.6644],[-47.3291,-7.6627],[-47.3373,-7.6666],[-47.3306,-7.6737],[-47.3331,-7.6777],[-47.3311,-7.6848],[-47.3021,-7.6887],[-47.3023,-7.7016],[-47.3055,-7.7033],[-47.3101,-7.6979],[-47.3156,-7.7011],[-47.3136,-7.706],[-47.3055,-7.713],[-47.3147,-7.7171],[-47.312,-7.7312],[-47.3011,-7.7345],[-47.2929,-7.7275],[-47.282,-7.7345],[-47.2731,-7.7306],[-47.2705,-7.7344],[-47.2735,-7.7449],[-47.2608,-7.7408],[-47.2609,-7.7514],[-47.2663,-7.7609],[-47.2585,-7.7555],[-47.2553,-7.7589],[-47.2458,-7.7581],[-47.2546,-7.7647],[-47.245,-7.7811],[-47.247,-7.7854],[-47.2405,-7.7936],[-47.2466,-7.8005],[-47.2347,-7.8037],[-47.2465,-7.8089],[-47.2446,-7.8151],[-47.2388,-7.8135],[-47.2339,-7.8192],[-47.2292,-7.8163],[-47.2341,-7.8235],[-47.2231,-7.8263],[-47.2146,-7.8352],[-47.2062,-7.8342],[-47.207,-7.8394],[-47.2001,-7.8399],[-47.2006,-7.8446],[-47.1961,-7.8489],[-47.1868,-7.8427],[-47.1867,-7.8574],[-47.1823,-7.8581],[-47.1788,-7.8546],[-47.1741,-7.8566],[-47.1796,-7.8614],[-47.1749,-7.8707],[-47.163,-7.8792],[-47.1604,-7.8874],[-47.1524,-7.8946],[-47.1424,-7.8944],[-47.1449,-7.9125],[-47.1407,-7.9249],[-47.1313,-7.9216],[-47.1251,-7.9247],[-47.1211,-7.9216],[-47.1161,-7.9385],[-47.1068,-7.9366],[-47.1155,-7.9522],[-47.1119,-7.9588],[-47.1053,-7.9528],[-47.1016,-7.9541],[-47.1044,-7.9608],[-47.1013,-7.9661],[-47.1063,-7.9689],[-47.0974,-7.9797],[-47.1061,-7.9904],[-47.0833,-7.988],[-47.0718,-7.9961],[-47.0715,-7.9996],[-47.0645,-8.0023],[-47.0602,-8.0105],[-47.0586,-8.0274],[-47.0506,-8.0354],[-47.0531,-8.0413],[-47.0444,-8.0465],[-47.0431,-8.0532],[-47.0241,-8.0563],[-47.0204,-8.0601],[-47.0141,-8.0572],[-47.0176,-8.064],[-47.013,-8.0736],[-47.0161,-8.0831],[-47.0099,-8.0924],[-47.0139,-8.0948],[-47.0086,-8.0986],[-47.012,-8.1032],[-47.0064,-8.1093],[-47.0152,-8.122],[-47.0181,-8.1407],[-47.0349,-8.1574],[-47.0398,-8.1831],[-47.0576,-8.2001],[-47.0472,-8.2085],[-47.0443,-8.2304],[-47.0598,-8.2453],[-47.0614,-8.2591],[-47.0681,-8.2731],[-47.0756,-8.273],[-47.0865,-8.2786],[-47.0914,-8.2717],[-47.0961,-8.2767],[-47.1045,-8.2724],[-47.1103,-8.2797],[-47.1403,-8.2911],[-47.1371,-8.31],[-47.1503,-8.3234],[-47.1491,-8.3422],[-47.1531,-8.3539],[-47.1732,-8.358],[-47.1737,-8.3669],[-47.1702,-8.3661],[-47.1719,-8.3742],[-47.1691,-8.3776],[-47.1706,-8.3888],[-47.1662,-8.3934],[-47.1795,-8.4032],[-47.1862,-8.4156],[-47.2033,-8.4211],[-47.197,-8.4268],[-47.2131,-8.4428],[-47.2121,-8.4468],[-47.2068,-8.4455],[-47.2085,-8.4585],[-47.2127,-8.4573],[-47.2207,-8.4613],[-47.2269,-8.4732],[-47.2397,-8.4741],[-47.2382,-8.4853],[-47.251,-8.4791],[-47.2628,-8.4674],[-47.2956,-8.4541],[-47.305,-8.4581],[-47.3069,-8.471],[-47.3176,-8.4749],[-47.3273,-8.4729],[-47.3401,-8.4792],[-47.3479,-8.4678],[-47.3541,-8.4752],[-47.3635,-8.4755],[-47.3674,-8.48],[-47.3787,-8.4818],[-47.3849,-8.4791],[-47.3921,-8.483],[-47.4021,-8.4762],[-47.4049,-8.4834],[-47.4125,-8.4875],[-47.4211,-8.482],[-47.4342,-8.4842],[-47.438,-8.4926],[-47.4441,-8.4881],[-47.4489,-8.4908],[-47.4572,-8.4881],[-47.4634,-8.4836],[-47.4769,-8.484],[-47.4773,-8.4768],[-47.4924,-8.47],[-47.4973,-8.461],[-47.4947,-8.4563],[-47.5008,-8.4612],[-47.5037,-8.4583],[-47.5184,-8.4635],[-47.5296,-8.4633],[-47.5327,-8.4792],[-47.5419,-8.4683],[-47.5501,-8.4723],[-47.5544,-8.4673],[-47.563,-8.4631],[-47.5707,-8.4584],[-47.573,-8.4498],[-47.5872,-8.4491],[-47.6136,-8.4357],[-47.6231,-8.4401],[-47.6261,-8.4342],[-47.6422,-8.4444],[-47.6437,-8.4492],[-47.6526,-8.4467],[-47.661,-8.4503],[-47.6612,-8.4537],[-47.6743,-8.451],[-47.6774,-8.4561],[-47.6817,-8.4522],[-47.6968,-8.4582],[-47.7044,-8.4554],[-47.7035,-8.4522],[-47.7138,-8.4523],[-47.741,-8.4229],[-47.7441,-8.4089],[-47.764,-8.3958],[-47.7648,-8.3889],[-47.7702,-8.3857],[-47.7758,-8.3833],[-47.7826,-8.3861],[-47.7871,-8.3893],[-47.7937,-8.3844],[-47.7872,-8.3677],[-47.7899,-8.3646],[-47.7854,-8.3576],[-47.7928,-8.3521],[-47.7922,-8.3455],[-47.7961,-8.3406],[-47.8116,-8.3379],[-47.8159,-8.3421],[-47.8215,-8.342],[-47.8174,-8.3308],[-47.8068,-8.3239],[-47.8201,-8.3194],[-47.8317,-8.3281],[-47.8365,-8.3254],[-47.8388,-8.3204],[-47.8317,-8.3075],[-47.8356,-8.3022],[-47.8331,-8.2886],[-47.8353,-8.2868],[-47.8394,-8.2905],[-47.8503,-8.2861],[-47.8486,-8.2695],[-47.8724,-8.2458],[-47.8713,-8.2402],[-47.8616,-8.2296],[-47.8649,-8.2215],[-47.8717,-8.2205],[-47.8778,-8.2313],[-47.8854,-8.2254],[-47.8929,-8.226],[-47.8976,-8.2188],[-47.8947,-8.2093],[-47.889,-8.2129],[-47.8841,-8.2112],[-47.8843,-8.2012],[-47.8945,-8.1788],[-47.9026,-8.1809],[-47.9098,-8.1759],[-47.9014,-8.169],[-47.9012,-8.1651],[-47.8971,-8.1533],[-47.9006,-8.1401],[-47.8929,-8.1349],[-47.8983,-8.1251],[-47.8905,-8.1138],[-47.8985,-8.1086],[-47.8943,-8.1014],[-47.8982,-8.0917],[-47.8877,-8.0859],[-47.8829,-8.0747],[-47.8842,-8.0686],[-47.8915,-8.0666],[-47.8965,-8.06],[-47.8864,-8.0497],[-47.8939,-8.0274],[-47.8883,-8.023],[-47.8884,-8.0136],[-47.8966,-8.0108],[-47.9055,-8.0141],[-47.9073,-8.009],[-47.9053,-7.9939],[-47.8987,-7.9829],[-47.9109,-7.9787],[-47.9233,-7.9827],[-47.9263,-7.968],[-47.9371,-7.96],[-47.9309,-7.9502],[-47.9454,-7.9469],[-47.9455,-7.9445],[-47.9407,-7.9447],[-47.936,-7.9321],[-47.9532,-7.9261],[-47.9369,-7.9042],[-47.9385,-7.8726],[-47.9194,-7.8599],[-47.9098,-7.8438],[-47.9066,-7.8103],[-47.9004,-7.7973],[-47.8655,-7.7795],[-47.829,-7.7675],[-47.8156,-7.759],[-47.7857,-7.7517],[-47.7753,-7.7377],[-47.7199,-7.6971],[-47.7138,-7.7037],[-47.7204,-7.7102],[-47.72,-7.7155],[-47.726,-7.7192],[-47.7286,-7.7175],[-47.7344,-7.7244],[-47.7408,-7.7222],[-47.7393,-7.7292],[-47.7454,-7.7339],[-47.7381,-7.7356],[-47.7388,-7.7456],[-47.7312,-7.7453],[-47.729,-7.7558],[-47.7243,-7.758],[-47.7233,-7.7626],[-47.7169,-7.7601],[-47.7109,-7.7653],[-47.7154,-7.7705],[-47.7175,-7.7672],[-47.7247,-7.7724],[-47.7183,-7.7809],[-47.7241,-7.7797],[-47.7229,-7.7857],[-47.7296,-7.7903],[-47.7283,-7.7933],[-47.7199,-7.7941],[-47.7236,-7.8],[-47.7129,-7.8151],[-47.697,-7.822],[-47.6949,-7.8259],[-47.6884,-7.8254],[-47.6825,-7.8376],[-47.6899,-7.8399],[-47.6859,-7.8456],[-47.6936,-7.8537],[-47.6876,-7.8642],[-47.6903,-7.873],[-47.6864,-7.8753],[-47.6807,-7.869],[-47.6714,-7.8691],[-47.6657,-7.8602],[-47.6658,-7.8692],[-47.6545,-7.8831],[-47.6655,-7.8799],[-47.6695,-7.8882],[-47.6649,-7.8906],[-47.6654,-7.8957],[-47.6611,-7.8978],[-47.6572,-7.9075],[-47.6496,-7.9128],[-47.6213,-7.9211],[-47.6177,-7.9316],[-47.6133,-7.9346],[-47.6139,-7.9454],[-47.6065,-7.9446],[-47.5948,-7.9685],[-47.5917,-7.9696],[-47.5794,-7.9625],[-47.5709,-7.9782],[-47.5612,-7.9794],[-47.5525,-7.9889],[-47.5481,-7.9922],[-47.5359,-7.9889],[-47.5129,-7.9646],[-47.4968,-7.9708],[-47.472,-7.9653],[-47.4646,-7.9688],[-47.4566,-7.9554],[-47.4664,-7.9332],[-47.4872,-7.9322],[-47.4906,-7.9288],[-47.5001,-7.9142],[-47.5008,-7.8967],[-47.5044,-7.8902],[-47.503,-7.8755],[-47.5069,-7.8644],[-47.5014,-7.8636],[-47.4971,-7.8577],[-47.4894,-7.8568],[-47.4871,-7.8487],[-47.4741,-7.8322],[-47.4708,-7.8267],[-47.4746,-7.815],[-47.4748,-7.8148],[-47.4761,-7.8007],[-47.4731,-7.7955],[-47.4771,-7.7725],[-47.4869,-7.7665],[-47.5058,-7.7684],[-47.5093,-7.7626],[-47.5219,-7.7555],[-47.5262,-7.7408],[-47.5398,-7.7377],[-47.5499,-7.7294],[-47.5597,-7.7288],[-47.5677,-7.7201],[-47.5638,-7.715],[-47.5495,-7.7075],[-47.5453,-7.6996],[-47.5356,-7.6974],[-47.5256,-7.6796],[-47.5273,-7.6646],[-47.5089,-7.662],[-47.5051,-7.6339],[-47.4936,-7.6284],[-47.4849,-7.6147],[-47.471,-7.6055],[-47.4693,-7.5942],[-47.4637,-7.5881],[-47.4646,-7.5836],[-47.4585,-7.5817],[-47.4541,-7.5747],[-47.4521,-7.5597],[-47.4406,-7.5506],[-47.4297,-7.5476],[-47.439,-7.5558],[-47.422,-7.5624],[-47.4053,-7.5635],[-47.3974,-7.5723],[-47.4038,-7.5867],[-47.3817,-7.5996],[-47.3818,-7.6186],[-47.3869,-7.6347],[-47.3815,-7.6537]]]}},{"type":"Feature","properties":{"nome":"Guaraí","cod":"1709302","uf":"TO"},"geometry":{"type":"Polygon","coordinates":[[[-48.5654,-8.524],[-48.5494,-8.5295],[-48.5461,-8.527],[-48.5469,-8.5441],[-48.5361,-8.5447],[-48.5288,-8.5508],[-48.5245,-8.5501],[-48.5217,-8.5558],[-48.5133,-8.5506],[-48.5098,-8.5518],[-48.5078,-8.5528],[-48.4973,-8.5618],[-48.4891,-8.5637],[-48.4881,-8.5691],[-48.4923,-8.5776],[-48.4903,-8.586],[-48.4715,-8.5917],[-48.4582,-8.5958],[-48.4539,-8.5902],[-48.446,-8.5901],[-48.4427,-8.5806],[-48.4339,-8.5806],[-48.4307,-8.5755],[-48.4232,-8.5732],[-48.4192,-8.5754],[-48.4071,-8.5672],[-48.4003,-8.5689],[-48.3912,-8.5602],[-48.376,-8.5621],[-48.3612,-8.5564],[-48.3556,-8.5602],[-48.3492,-8.5559],[-48.3439,-8.5422],[-48.3404,-8.5407],[-48.3352,-8.5451],[-48.3358,-8.5375],[-48.3271,-8.5347],[-48.324,-8.5298],[-48.3024,-8.526],[-48.2992,-8.5219],[-48.2928,-8.5229],[-48.2894,-8.5211],[-48.285,-8.5286],[-48.2803,-8.5287],[-48.2799,-8.5363],[-48.2767,-8.5384],[-48.2783,-8.542],[-48.2696,-8.5518],[-48.2536,-8.5503],[-48.2472,-8.5552],[-48.2409,-8.5522],[-48.2354,-8.5553],[-48.233,-8.5488],[-48.2272,-8.5482],[-48.2214,-8.5499],[-48.2169,-8.5461],[-48.2129,-8.5516],[-48.213,-8.5596],[-48.1996,-8.5602],[-48.1957,-8.5738],[-48.1868,-8.5704],[-48.1883,-8.5787],[-48.1828,-8.5774],[-48.1801,-8.5844],[-48.1734,-8.5853],[-48.1711,-8.5818],[-48.164,-8.5867],[-48.1546,-8.5831],[-48.1521,-8.5726],[-48.1466,-8.5709],[-48.1476,-8.5671],[-48.1325,-8.5445],[-48.1354,-8.5955],[-48.1293,-8.636],[-48.1228,-8.6709],[-48.1289,-8.7317],[-48.1266,-8.741],[-48.1298,-8.744],[-48.1312,-8.7554],[-48.1368,-8.7575],[-48.1307,-8.769],[-48.1334,-8.7683],[-48.1452,-8.785],[-48.1613,-8.7816],[-48.1621,-8.7745],[-48.167,-8.7777],[-48.17,-8.772],[-48.1758,-8.7725],[-48.1816,-8.7678],[-48.1805,-8.7705],[-48.1842,-8.774],[-48.1905,-8.7698],[-48.1972,-8.7716],[-48.2066,-8.7812],[-48.2226,-8.7742],[-48.2275,-8.7805],[-48.2329,-8.7768],[-48.239,-8.7824],[-48.2502,-8.7766],[-48.2537,-8.7767],[-48.2547,-8.7721],[-48.2577,-8.7742],[-48.2615,-8.7719],[-48.2746,-8.7782],[-48.2779,-8.783],[-48.2744,-8.7864],[-48.2865,-8.7938],[-48.2872,-8.7978],[-48.2901,-8.7953],[-48.2937,-8.8012],[-48.2991,-8.8051],[-48.2954,-8.8096],[-48.3004,-8.8102],[-48.3047,-8.8173],[-48.303,-8.8204],[-48.3087,-8.8324],[-48.3131,-8.8413],[-48.317,-8.8423],[-48.3165,-8.8612],[-48.3245,-8.8667],[-48.327,-8.8774],[-48.3389,-8.8953],[-48.3408,-8.9059],[-48.3553,-8.9192],[-48.3764,-8.9262],[-48.3931,-8.9427],[-48.3953,-8.9747],[-48.4552,-8.9323],[-48.4596,-8.9315],[-48.5009,-8.9524],[-48.5463,-8.9687],[-48.5495,-8.9758],[-48.5467,-8.9865],[-48.5562,-8.9975],[-48.5599,-8.9955],[-48.5595,-8.9869],[-48.5664,-8.9874],[-48.5724,-8.9946],[-48.6008,-8.9955],[-48.6197,-9.01],[-48.6303,-9.0073],[-48.6355,-9.0011],[-48.6436,-9.0063],[-48.6514,-9.0056],[-48.6591,-8.9968],[-48.6488,-8.9955],[-48.6473,-8.9814],[-48.6454,-8.9744],[-48.6487,-8.9626],[-48.6594,-8.9447],[-48.672,-8.9448],[-48.6826,-8.9264],[-48.7018,-8.9263],[-48.7084,-8.9235],[-48.7099,-8.9178],[-48.7028,-8.9104],[-48.6931,-8.9074],[-48.6907,-8.9113],[-48.6857,-8.9071],[-48.6763,-8.9075],[-48.6679,-8.9052],[-48.6658,-8.9005],[-48.6767,-8.8897],[-48.6715,-8.8602],[-48.6754,-8.8551],[-48.682,-8.855],[-48.6792,-8.8477],[-48.683,-8.8352],[-48.6787,-8.8079],[-48.6964,-8.8045],[-48.7,-8.7994],[-48.697,-8.7934],[-48.6928,-8.7926],[-48.6927,-8.7753],[-48.6846,-8.7747],[-48.6789,-8.7653],[-48.6841,-8.753],[-48.6801,-8.7463],[-48.6839,-8.7413],[-48.6981,-8.7295],[-48.7072,-8.7222],[-48.7051,-8.7129],[-48.697,-8.7096],[-48.6891,-8.6957],[-48.6764,-8.6918],[-48.6777,-8.6862],[-48.6622,-8.6644],[-48.6475,-8.6558],[-48.6398,-8.6361],[-48.6283,-8.623],[-48.6319,-8.6168],[-48.6281,-8.6033],[-48.6351,-8.5961],[-48.6357,-8.5817],[-48.6481,-8.5479],[-48.6524,-8.5452],[-48.6426,-8.5309],[-48.6422,-8.5207],[-48.5688,-8.5198],[-48.5654,-8.524]]]}},{"type":"Feature","properties":{"nome":"Gurupi","cod":"1709500","uf":"TO"},"geometry":{"type":"Polygon","coordinates":[[[-48.7471,-11.3539],[-48.7411,-11.3572],[-48.7276,-11.3569],[-48.704,-11.3778],[-48.7011,-11.3882],[-48.6862,-11.384],[-48.6624,-11.3854],[-48.6565,-11.379],[-48.6353,-11.3912],[-48.6274,-11.3909],[-48.6245,-11.3868],[-48.6077,-11.3815],[-48.606,-11.378],[-48.5834,-11.3906],[-48.5685,-11.3948],[-48.5797,-11.4039],[-48.5901,-11.4195],[-48.5907,-11.43],[-48.5808,-11.4521],[-48.5833,-11.4693],[-48.5906,-11.4814],[-48.6234,-11.5173],[-48.631,-11.5207],[-48.6334,-11.5176],[-48.6394,-11.5217],[-48.6363,-11.5177],[-48.6389,-11.5169],[-48.6448,-11.5209],[-48.6533,-11.5076],[-48.6593,-11.5072],[-48.6631,-11.5105],[-48.6587,-11.5109],[-48.6616,-11.5203],[-48.6781,-11.5236],[-48.6785,-11.5262],[-48.6727,-11.5264],[-48.6792,-11.5305],[-48.68,-11.5367],[-48.6853,-11.5363],[-48.6903,-11.5404],[-48.6917,-11.55],[-48.6966,-11.5501],[-48.6967,-11.5541],[-48.7008,-11.5522],[-48.7007,-11.5563],[-48.7121,-11.5642],[-48.7057,-11.5742],[-48.7189,-11.5837],[-48.7162,-11.5892],[-48.7115,-11.5877],[-48.7133,-11.5913],[-48.7107,-11.5953],[-48.7155,-11.6048],[-48.7133,-11.6118],[-48.7219,-11.6149],[-48.7204,-11.6217],[-48.725,-11.6424],[-48.7179,-11.6444],[-48.7173,-11.651],[-48.7102,-11.6525],[-48.7076,-11.6566],[-48.7111,-11.6605],[-48.717,-11.6578],[-48.725,-11.6626],[-48.7265,-11.6703],[-48.7303,-11.6727],[-48.73,-11.6798],[-48.7253,-11.6823],[-48.7366,-11.687],[-48.7347,-11.6985],[-48.7503,-11.7048],[-48.7476,-11.7064],[-48.7501,-11.715],[-48.7466,-11.7138],[-48.7484,-11.7224],[-48.7572,-11.7274],[-48.7545,-11.7342],[-48.7646,-11.7441],[-48.7836,-11.7361],[-48.8083,-11.7439],[-48.8104,-11.7532],[-48.8185,-11.7552],[-48.8154,-11.7575],[-48.8153,-11.7652],[-48.8197,-11.7696],[-48.8222,-11.7673],[-48.8247,-11.7719],[-48.8328,-11.7693],[-48.8354,-11.7758],[-48.8428,-11.7862],[-48.8393,-11.7881],[-48.8405,-11.8043],[-48.8364,-11.8048],[-48.8345,-11.8103],[-48.8392,-11.8193],[-48.8362,-11.8203],[-48.8382,-11.8243],[-48.8341,-11.8264],[-48.8371,-11.831],[-48.8334,-11.8342],[-48.8396,-11.8374],[-48.8434,-11.8357],[-48.8457,-11.8394],[-48.8413,-11.8482],[-48.8465,-11.8497],[-48.8452,-11.8558],[-48.8548,-11.8557],[-48.8582,-11.8511],[-48.8702,-11.8494],[-48.875,-11.8522],[-48.8762,-11.8497],[-48.8916,-11.8665],[-48.9083,-11.8572],[-48.923,-11.8598],[-48.9251,-11.8719],[-48.9356,-11.8834],[-48.9352,-11.8896],[-48.9409,-11.8989],[-48.9525,-11.9035],[-48.9512,-11.9063],[-48.9548,-11.906],[-48.9557,-11.9097],[-48.9611,-11.9092],[-48.965,-11.9164],[-48.9782,-11.9182],[-48.9877,-11.9236],[-48.9883,-11.932],[-48.9911,-11.9364],[-48.9869,-11.9414],[-48.9868,-11.9499],[-48.9916,-11.9574],[-49.001,-11.962],[-49.0266,-11.9326],[-49.0616,-11.9064],[-49.0795,-11.9053],[-49.0902,-11.9107],[-49.0943,-11.9016],[-49.0865,-11.888],[-49.0887,-11.8823],[-49.0996,-11.8832],[-49.1133,-11.89],[-49.1213,-11.8876],[-49.1204,-11.8772],[-49.1052,-11.8653],[-49.1014,-11.8569],[-49.0909,-11.8356],[-49.0917,-11.831],[-49.0796,-11.8033],[-49.0813,-11.7983],[-49.0933,-11.7926],[-49.0987,-11.7799],[-49.1105,-11.7735],[-49.1157,-11.7503],[-49.1485,-11.7356],[-49.1717,-11.7393],[-49.1797,-11.7271],[-49.17,-11.7138],[-49.1666,-11.7003],[-49.1682,-11.6888],[-49.1644,-11.6846],[-49.1615,-11.6714],[-49.1453,-11.6632],[-49.1335,-11.6675],[-49.1261,-11.6578],[-49.1092,-11.6553],[-49.1113,-11.6472],[-49.1022,-11.6365],[-49.0989,-11.6159],[-49.097,-11.6028],[-49.0871,-11.6012],[-49.0792,-11.5959],[-49.0671,-11.5994],[-49.0589,-11.6058],[-49.0464,-11.6049],[-49.0416,-11.5838],[-49.0281,-11.5903],[-49.01,-11.5886],[-49.0041,-11.5911],[-49.0015,-11.6002],[-48.9953,-11.5978],[-48.9935,-11.5931],[-48.9874,-11.5691],[-48.9484,-11.5342],[-48.95,-11.5176],[-48.9362,-11.5264],[-48.9336,-11.532],[-48.9252,-11.5344],[-48.907,-11.5555],[-48.8915,-11.5518],[-48.8824,-11.5421],[-48.8786,-11.5261],[-48.8815,-11.5177],[-48.8727,-11.493],[-48.8744,-11.4887],[-48.8668,-11.4848],[-48.8582,-11.4694],[-48.8384,-11.4679],[-48.8302,-11.4624],[-48.8124,-11.4609],[-48.7998,-11.4543],[-48.786,-11.4472],[-48.7851,-11.4361],[-48.7794,-11.4267],[-48.784,-11.4178],[-48.7736,-11.4046],[-48.7739,-11.3926],[-48.7661,-11.3683],[-48.7471,-11.3539]]]}},{"type":"Feature","properties":{"nome":"Ipueiras","cod":"1709807","uf":"TO"},"geometry":{"type":"Polygon","coordinates":[[[-48.4088,-11.0054],[-48.3908,-11.0057],[-48.3848,-11.002],[-48.3615,-11.014],[-48.358,-11.0199],[-48.3271,-11.0405],[-48.3262,-11.0564],[-48.3316,-11.0729],[-48.324,-11.0794],[-48.3277,-11.0856],[-48.3186,-11.0912],[-48.3232,-11.1042],[-48.3179,-11.1345],[-48.3059,-11.1379],[-48.2991,-11.153],[-48.2897,-11.1532],[-48.2746,-11.1628],[-48.2601,-11.1944],[-48.2474,-11.1921],[-48.2278,-11.1972],[-48.2178,-11.2106],[-48.2212,-11.225],[-48.2321,-11.2342],[-48.2396,-11.266],[-48.2478,-11.2722],[-48.2554,-11.2849],[-48.264,-11.2885],[-48.2771,-11.2879],[-48.2825,-11.2974],[-48.3055,-11.2946],[-48.3099,-11.2901],[-48.3169,-11.3045],[-48.3131,-11.3047],[-48.3177,-11.3096],[-48.3287,-11.2993],[-48.3306,-11.2928],[-48.3377,-11.2964],[-48.3386,-11.2868],[-48.3499,-11.2884],[-48.36,-11.2752],[-48.3658,-11.2803],[-48.3716,-11.2719],[-48.3776,-11.2771],[-48.3876,-11.2736],[-48.3918,-11.2796],[-48.399,-11.2733],[-48.4045,-11.2779],[-48.4217,-11.2741],[-48.4329,-11.265],[-48.4476,-11.2598],[-48.4534,-11.2634],[-48.4635,-11.2475],[-48.4843,-11.2259],[-48.4963,-11.2061],[-48.5165,-11.1581],[-48.5204,-11.124],[-48.5357,-11.1044],[-48.5436,-11.0686],[-48.5525,-11.0548],[-48.5573,-11.0381],[-48.5552,-11.018],[-48.5527,-11.0132],[-48.5346,-10.9978],[-48.5223,-10.9715],[-48.5126,-10.9536],[-48.4578,-10.9277],[-48.463,-10.9418],[-48.4733,-10.9457],[-48.4715,-10.9565],[-48.46,-10.9606],[-48.4524,-10.9748],[-48.4308,-10.9856],[-48.4256,-10.9937],[-48.4088,-11.0054]]]}},{"type":"Feature","properties":{"nome":"Itacajá","cod":"1710508","uf":"TO"},"geometry":{"type":"Polygon","coordinates":[[[-47.9098,-8.1759],[-47.9026,-8.1809],[-47.8945,-8.1788],[-47.8843,-8.2012],[-47.8841,-8.2112],[-47.889,-8.2129],[-47.8947,-8.2093],[-47.8976,-8.2188],[-47.8929,-8.226],[-47.8854,-8.2254],[-47.8778,-8.2313],[-47.8717,-8.2205],[-47.8649,-8.2215],[-47.8616,-8.2296],[-47.8713,-8.2402],[-47.8724,-8.2458],[-47.8486,-8.2695],[-47.8503,-8.2861],[-47.8394,-8.2905],[-47.8353,-8.2868],[-47.8331,-8.2886],[-47.8356,-8.3022],[-47.8317,-8.3075],[-47.8388,-8.3204],[-47.8365,-8.3254],[-47.8317,-8.3281],[-47.8201,-8.3194],[-47.8068,-8.3239],[-47.8174,-8.3308],[-47.8215,-8.342],[-47.8159,-8.3421],[-47.8116,-8.3379],[-47.7961,-8.3406],[-47.7922,-8.3455],[-47.7928,-8.3521],[-47.7854,-8.3576],[-47.7899,-8.3646],[-47.7872,-8.3677],[-47.7937,-8.3844],[-47.7871,-8.3893],[-47.7826,-8.3861],[-47.7758,-8.3833],[-47.7702,-8.3857],[-47.7648,-8.3889],[-47.764,-8.3958],[-47.7441,-8.4089],[-47.741,-8.4229],[-47.7138,-8.4523],[-47.7035,-8.4522],[-47.7044,-8.4554],[-47.6968,-8.4582],[-47.6817,-8.4522],[-47.6774,-8.4561],[-47.6743,-8.451],[-47.6612,-8.4537],[-47.661,-8.4503],[-47.6526,-8.4467],[-47.6437,-8.4492],[-47.6422,-8.4444],[-47.6261,-8.4342],[-47.6231,-8.4401],[-47.6136,-8.4357],[-47.5872,-8.4491],[-47.573,-8.4498],[-47.5707,-8.4584],[-47.563,-8.4631],[-47.5544,-8.4673],[-47.5501,-8.4723],[-47.5419,-8.4683],[-47.5327,-8.4792],[-47.5296,-8.4633],[-47.5184,-8.4635],[-47.5037,-8.4583],[-47.5008,-8.4612],[-47.4947,-8.4563],[-47.4973,-8.461],[-47.4924,-8.47],[-47.4773,-8.4768],[-47.4769,-8.484],[-47.4634,-8.4836],[-47.4572,-8.4881],[-47.4489,-8.4908],[-47.4441,-8.4881],[-47.438,-8.4926],[-47.4342,-8.4842],[-47.4211,-8.482],[-47.4125,-8.4875],[-47.4049,-8.4834],[-47.4021,-8.4762],[-47.3921,-8.483],[-47.3849,-8.4791],[-47.3787,-8.4818],[-47.3674,-8.48],[-47.3635,-8.4755],[-47.3541,-8.4752],[-47.3479,-8.4678],[-47.3401,-8.4792],[-47.3273,-8.4729],[-47.3176,-8.4749],[-47.3069,-8.471],[-47.305,-8.4581],[-47.2956,-8.4541],[-47.2628,-8.4674],[-47.251,-8.4791],[-47.2507,-8.4847],[-47.2583,-8.4841],[-47.2548,-8.488],[-47.2621,-8.4943],[-47.2576,-8.5012],[-47.2611,-8.504],[-47.2589,-8.5133],[-47.2666,-8.5116],[-47.2647,-8.5187],[-47.2693,-8.52],[-47.2665,-8.5266],[-47.2717,-8.5285],[-47.2639,-8.5321],[-47.2611,-8.5304],[-47.2613,-8.5333],[-47.2679,-8.5356],[-47.2669,-8.539],[-47.2713,-8.5413],[-47.2781,-8.541],[-47.2721,-8.5469],[-47.2733,-8.5523],[-47.2772,-8.5476],[-47.2772,-8.5509],[-47.2809,-8.5495],[-47.2872,-8.5543],[-47.2852,-8.5631],[-47.2964,-8.5745],[-47.2977,-8.5836],[-47.3078,-8.5911],[-47.3051,-8.5974],[-47.312,-8.6096],[-47.3119,-8.617],[-47.3156,-8.6224],[-47.3211,-8.6227],[-47.3291,-8.6366],[-47.3239,-8.6451],[-47.3266,-8.6575],[-47.319,-8.6634],[-47.3189,-8.6751],[-47.3151,-8.6827],[-47.3195,-8.6949],[-47.3162,-8.7047],[-47.3242,-8.7181],[-47.3106,-8.7315],[-47.3026,-8.746],[-47.3398,-8.7658],[-47.3502,-8.7661],[-47.3607,-8.7729],[-47.3701,-8.7746],[-47.3838,-8.7719],[-47.3879,-8.7671],[-47.3986,-8.7947],[-47.4036,-8.7967],[-47.4294,-8.8119],[-47.4378,-8.813],[-47.4484,-8.8128],[-47.4645,-8.7972],[-47.4721,-8.7971],[-47.4722,-8.7966],[-47.4828,-8.8016],[-47.4978,-8.8002],[-47.5017,-8.8074],[-47.5165,-8.8117],[-47.5269,-8.8289],[-47.543,-8.8366],[-47.5531,-8.8377],[-47.562,-8.8312],[-47.5714,-8.8329],[-47.5752,-8.8251],[-47.5839,-8.8202],[-47.5883,-8.8236],[-47.5897,-8.8204],[-47.5973,-8.8204],[-47.6083,-8.809],[-47.6132,-8.8119],[-47.6236,-8.8051],[-47.6363,-8.8069],[-47.6391,-8.8048],[-47.6433,-8.8088],[-47.6497,-8.8085],[-47.6557,-8.7997],[-47.6613,-8.7975],[-47.6653,-8.8016],[-47.6738,-8.8025],[-47.6838,-8.8002],[-47.6846,-8.795],[-47.6881,-8.7938],[-47.6884,-8.7844],[-47.6922,-8.7797],[-47.6904,-8.7754],[-47.6956,-8.7731],[-47.6945,-8.7688],[-47.6999,-8.763],[-47.7007,-8.7544],[-47.6975,-8.7473],[-47.698,-8.7365],[-47.6924,-8.7273],[-47.683,-8.7244],[-47.6778,-8.715],[-47.6807,-8.7032],[-47.6785,-8.7001],[-47.7429,-8.7289],[-47.75,-8.7315],[-47.7659,-8.7286],[-47.7885,-8.7437],[-47.809,-8.7356],[-47.8523,-8.7455],[-47.8693,-8.7419],[-47.8784,-8.7361],[-47.8903,-8.7363],[-47.894,-8.7391],[-47.9149,-8.736],[-47.9219,-8.7333],[-47.9411,-8.687],[-47.9526,-8.6779],[-47.9622,-8.6781],[-47.968,-8.6728],[-47.9784,-8.6709],[-47.9856,-8.6623],[-47.9901,-8.6636],[-47.9903,-8.661],[-48.0036,-8.6588],[-48.0116,-8.6465],[-48.0158,-8.6502],[-48.0233,-8.6401],[-48.0239,-8.6213],[-48.0025,-8.6089],[-47.9886,-8.6089],[-47.9803,-8.6027],[-47.9707,-8.6041],[-47.9661,-8.5974],[-47.9521,-8.5889],[-47.9433,-8.5739],[-47.9435,-8.5697],[-47.9514,-8.5669],[-47.955,-8.5594],[-47.9638,-8.5566],[-47.9641,-8.5517],[-47.969,-8.5514],[-47.9621,-8.5422],[-47.9741,-8.5307],[-47.9932,-8.5247],[-47.9891,-8.5192],[-47.9919,-8.5177],[-47.9838,-8.5159],[-47.9876,-8.5051],[-47.9833,-8.5031],[-47.9823,-8.5067],[-47.9777,-8.5074],[-47.9722,-8.5073],[-47.9706,-8.4984],[-47.9583,-8.4865],[-47.9594,-8.4625],[-47.9531,-8.4549],[-47.9543,-8.4527],[-47.9706,-8.4213],[-47.9771,-8.4145],[-47.9847,-8.4131],[-47.9855,-8.4006],[-47.9917,-8.3986],[-47.9882,-8.3558],[-47.9776,-8.345],[-47.9644,-8.3398],[-47.9487,-8.323],[-47.9514,-8.3143],[-47.9576,-8.3088],[-47.9571,-8.3032],[-47.9629,-8.2989],[-47.9597,-8.2818],[-47.9686,-8.262],[-47.9673,-8.2429],[-47.9736,-8.2284],[-47.9699,-8.2202],[-47.9748,-8.2042],[-47.9692,-8.2025],[-47.9516,-8.1786],[-47.9305,-8.1849],[-47.9239,-8.1777],[-47.919,-8.1796],[-47.9078,-8.1646],[-47.9012,-8.1651],[-47.9014,-8.169],[-47.9098,-8.1759]]]}},{"type":"Feature","properties":{"nome":"Itaguatins","cod":"1710706","uf":"TO"},"geometry":{"type":"Polygon","coordinates":[[[-47.4768,-5.6347],[-47.4733,-5.6616],[-47.4814,-5.6782],[-47.4927,-5.7097],[-47.4929,-5.7301],[-47.4833,-5.756],[-47.47,-5.7715],[-47.4419,-5.8304],[-47.4374,-5.8575],[-47.4419,-5.8583],[-47.4497,-5.8719],[-47.4692,-5.8733],[-47.4733,-5.8765],[-47.4751,-5.8787],[-47.4841,-5.8786],[-47.4961,-5.8849],[-47.4989,-5.8806],[-47.5191,-5.8801],[-47.5185,-5.8887],[-47.5364,-5.9085],[-47.5534,-5.9056],[-47.5542,-5.9101],[-47.5626,-5.9102],[-47.5653,-5.9158],[-47.5718,-5.9175],[-47.5726,-5.9229],[-47.5865,-5.929],[-47.5997,-5.9254],[-47.6115,-5.9316],[-47.6176,-5.9307],[-47.6201,-5.9247],[-47.6374,-5.9265],[-47.6728,-5.9342],[-47.7019,-5.9399],[-47.7021,-5.9394],[-47.706,-5.9268],[-47.7279,-5.9169],[-47.7328,-5.9102],[-47.7223,-5.8814],[-47.7228,-5.8738],[-47.7336,-5.8624],[-47.7365,-5.854],[-47.7375,-5.8371],[-47.7343,-5.823],[-47.744,-5.8143],[-47.7521,-5.8004],[-47.7471,-5.7832],[-47.748,-5.7658],[-47.7486,-5.7635],[-47.6341,-5.6989],[-47.6009,-5.6801],[-47.593,-5.6795],[-47.5542,-5.6775],[-47.541,-5.6703],[-47.5355,-5.6616],[-47.5227,-5.6535],[-47.5174,-5.6379],[-47.5089,-5.6362],[-47.4908,-5.643],[-47.4768,-5.6347]]]}},{"type":"Feature","properties":{"nome":"Itapiratins","cod":"1710904","uf":"TO"},"geometry":{"type":"Polygon","coordinates":[[[-47.936,-7.9321],[-47.9407,-7.9447],[-47.9455,-7.9445],[-47.9454,-7.9469],[-47.9309,-7.9502],[-47.9371,-7.96],[-47.9263,-7.968],[-47.9233,-7.9827],[-47.9109,-7.9787],[-47.8987,-7.9829],[-47.9053,-7.9939],[-47.9073,-8.009],[-47.9055,-8.0141],[-47.8966,-8.0108],[-47.8884,-8.0136],[-47.8883,-8.023],[-47.8939,-8.0274],[-47.8864,-8.0497],[-47.8965,-8.06],[-47.8915,-8.0666],[-47.8842,-8.0686],[-47.8829,-8.0747],[-47.8877,-8.0859],[-47.8982,-8.0917],[-47.8943,-8.1014],[-47.8985,-8.1086],[-47.8905,-8.1138],[-47.8983,-8.1251],[-47.8929,-8.1349],[-47.9006,-8.1401],[-47.8971,-8.1533],[-47.9012,-8.1651],[-47.9078,-8.1646],[-47.919,-8.1796],[-47.9239,-8.1777],[-47.9305,-8.1849],[-47.9516,-8.1786],[-47.9692,-8.2025],[-47.9748,-8.2042],[-47.9699,-8.2202],[-47.9736,-8.2284],[-47.9673,-8.2429],[-47.9686,-8.262],[-47.9597,-8.2818],[-47.9629,-8.2989],[-47.9571,-8.3032],[-47.9576,-8.3088],[-47.9514,-8.3143],[-47.9487,-8.323],[-47.9644,-8.3398],[-47.9776,-8.345],[-47.9882,-8.3558],[-47.9917,-8.3986],[-47.9855,-8.4006],[-47.9847,-8.4131],[-47.9771,-8.4145],[-47.9706,-8.4213],[-47.9543,-8.4527],[-47.9531,-8.4549],[-47.9594,-8.4625],[-47.9583,-8.4865],[-47.9706,-8.4984],[-47.9722,-8.5073],[-47.9777,-8.5074],[-47.9823,-8.5067],[-47.9833,-8.5031],[-47.9876,-8.5051],[-47.9838,-8.5159],[-47.9919,-8.5177],[-47.9891,-8.5192],[-47.9932,-8.5247],[-47.9741,-8.5307],[-47.9621,-8.5422],[-47.969,-8.5514],[-47.9641,-8.5517],[-47.9638,-8.5566],[-47.955,-8.5594],[-47.9514,-8.5669],[-47.9435,-8.5697],[-47.9433,-8.5739],[-47.9521,-8.5889],[-47.9661,-8.5974],[-47.9707,-8.6041],[-47.9803,-8.6027],[-47.9886,-8.6089],[-48.0025,-8.6089],[-48.0239,-8.6213],[-48.0233,-8.6401],[-48.0158,-8.6502],[-48.0188,-8.6556],[-48.0161,-8.6569],[-48.0246,-8.6582],[-48.0209,-8.6667],[-48.0257,-8.6646],[-48.0297,-8.6673],[-48.0287,-8.6706],[-48.0335,-8.668],[-48.0383,-8.6716],[-48.0378,-8.669],[-48.0499,-8.6679],[-48.0584,-8.6738],[-48.0589,-8.6691],[-48.0654,-8.664],[-48.0719,-8.6659],[-48.0767,-8.6622],[-48.08,-8.6668],[-48.0806,-8.6589],[-48.0885,-8.6564],[-48.0927,-8.6619],[-48.0952,-8.6604],[-48.095,-8.6634],[-48.0979,-8.6573],[-48.1022,-8.6589],[-48.1117,-8.6509],[-48.1124,-8.6448],[-48.1191,-8.6441],[-48.127,-8.6338],[-48.1293,-8.636],[-48.1354,-8.5955],[-48.1325,-8.5445],[-48.1297,-8.5272],[-48.1078,-8.524],[-48.0962,-8.5116],[-48.0822,-8.4568],[-48.0811,-8.4483],[-48.0824,-8.4161],[-48.104,-8.3953],[-48.1151,-8.3855],[-48.1269,-8.3665],[-48.1328,-8.3107],[-48.1321,-8.2873],[-48.1433,-8.2338],[-48.1615,-8.1957],[-48.1605,-8.1742],[-48.1536,-8.1549],[-48.1283,-8.1066],[-48.1101,-8.0875],[-48.1026,-8.0853],[-48.0674,-8.0905],[-48.041,-8.0885],[-48.0122,-8.0821],[-48.0073,-8.0783],[-47.9991,-8.0789],[-47.9752,-8.0681],[-47.9507,-8.0558],[-47.9441,-8.0446],[-47.955,-7.9639],[-47.9586,-7.941],[-47.9532,-7.9261],[-47.936,-7.9321]]]}},{"type":"Feature","properties":{"nome":"Itaporã do Tocantins","cod":"1711100","uf":"TO"},"geometry":{"type":"Polygon","coordinates":[[[-48.6888,-8.2396],[-48.6922,-8.2452],[-48.6957,-8.2449],[-48.6926,-8.2517],[-48.6964,-8.2574],[-48.6921,-8.2645],[-48.6955,-8.2681],[-48.6844,-8.2828],[-48.6737,-8.2772],[-48.6668,-8.2833],[-48.6665,-8.2907],[-48.6614,-8.2981],[-48.6624,-8.316],[-48.6376,-8.3504],[-48.6379,-8.3689],[-48.6278,-8.3892],[-48.6319,-8.3973],[-48.6402,-8.3971],[-48.6606,-8.4015],[-48.6533,-8.4175],[-48.6537,-8.4349],[-48.6638,-8.4613],[-48.6697,-8.4652],[-48.6727,-8.4746],[-48.6605,-8.491],[-48.6511,-8.4957],[-48.6535,-8.5002],[-48.6422,-8.5207],[-48.6426,-8.5309],[-48.6524,-8.5452],[-48.6481,-8.5479],[-48.6357,-8.5817],[-48.6351,-8.5961],[-48.6281,-8.6033],[-48.6319,-8.6168],[-48.6283,-8.623],[-48.6398,-8.6361],[-48.6475,-8.6558],[-48.6622,-8.6644],[-48.6777,-8.6862],[-48.6793,-8.6878],[-48.6807,-8.6837],[-48.6768,-8.6683],[-48.6831,-8.6567],[-48.702,-8.6539],[-48.7103,-8.63],[-48.7177,-8.6261],[-48.7262,-8.6342],[-48.7288,-8.6315],[-48.7363,-8.6342],[-48.7407,-8.6259],[-48.7567,-8.6254],[-48.7548,-8.6189],[-48.7665,-8.6072],[-48.7779,-8.6086],[-48.799,-8.5978],[-48.8063,-8.602],[-48.8212,-8.5908],[-48.8244,-8.5951],[-48.8365,-8.5979],[-48.8394,-8.6029],[-48.8417,-8.5953],[-48.8462,-8.5932],[-48.845,-8.5994],[-48.8574,-8.5971],[-48.8732,-8.5876],[-48.8704,-8.5853],[-48.8721,-8.5808],[-48.8815,-8.5804],[-48.8797,-8.5759],[-48.8847,-8.5704],[-48.8865,-8.5615],[-48.8938,-8.5608],[-48.8941,-8.5525],[-48.8976,-8.5561],[-48.9001,-8.5504],[-48.903,-8.5531],[-48.9065,-8.5494],[-48.8979,-8.5393],[-48.9089,-8.5362],[-48.9086,-8.5238],[-48.9136,-8.517],[-48.9118,-8.5086],[-48.9201,-8.5073],[-48.9166,-8.4945],[-48.8913,-8.4682],[-48.8566,-8.4297],[-48.8257,-8.3552],[-48.8254,-8.3545],[-48.76,-8.1905],[-48.7018,-8.2186],[-48.6967,-8.2213],[-48.695,-8.2325],[-48.6888,-8.2396]]]}},{"type":"Feature","properties":{"nome":"Jaú do Tocantins","cod":"1711506","uf":"TO"},"geometry":{"type":"Polygon","coordinates":[[[-48.7153,-12.3966],[-48.7154,-12.4025],[-48.7109,-12.3981],[-48.6969,-12.4058],[-48.6792,-12.4087],[-48.697,-12.4423],[-48.6888,-12.4514],[-48.6718,-12.4559],[-48.6478,-12.4805],[-48.6302,-12.4879],[-48.6237,-12.4962],[-48.58,-12.491],[-48.5702,-12.4799],[-48.5675,-12.4624],[-48.5593,-12.4567],[-48.5263,-12.4493],[-48.5145,-12.434],[-48.505,-12.4307],[-48.5039,-12.4185],[-48.4794,-12.4164],[-48.4685,-12.4267],[-48.4477,-12.4386],[-48.4524,-12.4404],[-48.4536,-12.4463],[-48.4594,-12.4481],[-48.4559,-12.457],[-48.4585,-12.4604],[-48.4569,-12.4736],[-48.4602,-12.4744],[-48.4624,-12.4817],[-48.4552,-12.489],[-48.4538,-12.4956],[-48.4618,-12.5111],[-48.4602,-12.5179],[-48.4637,-12.5207],[-48.4656,-12.5359],[-48.4727,-12.5419],[-48.4655,-12.5497],[-48.4652,-12.5561],[-48.4595,-12.5569],[-48.4597,-12.5536],[-48.4568,-12.5568],[-48.4571,-12.5726],[-48.4603,-12.572],[-48.4605,-12.5758],[-48.4671,-12.5764],[-48.4737,-12.5823],[-48.4748,-12.6068],[-48.4814,-12.6048],[-48.4916,-12.6096],[-48.4915,-12.6071],[-48.5065,-12.6095],[-48.5101,-12.6163],[-48.5147,-12.6147],[-48.5243,-12.6323],[-48.5194,-12.6439],[-48.5255,-12.6609],[-48.5213,-12.6717],[-48.5253,-12.6919],[-48.5236,-12.7025],[-48.528,-12.7082],[-48.5385,-12.7082],[-48.5368,-12.7176],[-48.5464,-12.7309],[-48.5453,-12.7342],[-48.5395,-12.7407],[-48.5373,-12.7507],[-48.5399,-12.7578],[-48.5321,-12.7598],[-48.5336,-12.7653],[-48.5288,-12.7691],[-48.534,-12.7735],[-48.5268,-12.7759],[-48.5263,-12.7809],[-48.5235,-12.778],[-48.5214,-12.7812],[-48.5179,-12.7783],[-48.5098,-12.7799],[-48.507,-12.7769],[-48.5013,-12.7828],[-48.5024,-12.7914],[-48.5009,-12.7982],[-48.5133,-12.8012],[-48.5186,-12.8052],[-48.5183,-12.8092],[-48.5263,-12.8104],[-48.5278,-12.8076],[-48.5317,-12.8137],[-48.52,-12.8243],[-48.5175,-12.8337],[-48.5284,-12.8441],[-48.5411,-12.8464],[-48.5449,-12.8521],[-48.5404,-12.856],[-48.5546,-12.8665],[-48.5518,-12.8803],[-48.5475,-12.8798],[-48.5457,-12.8856],[-48.5379,-12.8859],[-48.5377,-12.8929],[-48.5472,-12.8913],[-48.5464,-12.8982],[-48.5547,-12.9093],[-48.5502,-12.9106],[-48.55,-12.9177],[-48.555,-12.9185],[-48.5577,-12.9284],[-48.5632,-12.9312],[-48.5581,-12.9478],[-48.5418,-12.9547],[-48.5443,-12.9818],[-48.5303,-12.9756],[-48.5137,-12.9845],[-48.5075,-12.9942],[-48.4966,-12.9955],[-48.5002,-13.0013],[-48.5068,-13.0024],[-48.5073,-13.0087],[-48.5133,-13.0142],[-48.5064,-13.0141],[-48.5037,-13.0185],[-48.5206,-13.0258],[-48.5115,-13.0436],[-48.5138,-13.0598],[-48.5041,-13.0639],[-48.49,-13.0787],[-48.4941,-13.0956],[-48.4978,-13.1129],[-48.5075,-13.1222],[-48.5083,-13.1285],[-48.5216,-13.1405],[-48.5208,-13.1663],[-48.5297,-13.1844],[-48.5299,-13.1921],[-48.5465,-13.1952],[-48.5542,-13.2045],[-48.5533,-13.2249],[-48.5494,-13.2301],[-48.5553,-13.2381],[-48.555,-13.2631],[-48.5593,-13.2735],[-48.5534,-13.2801],[-48.5532,-13.3015],[-48.5672,-13.3114],[-48.5778,-13.3143],[-48.586,-13.3172],[-48.5891,-13.3082],[-48.5968,-13.3024],[-48.6003,-13.2921],[-48.5978,-13.2838],[-48.5891,-13.2635],[-48.5912,-13.256],[-48.5872,-13.2543],[-48.5975,-13.2462],[-48.6001,-13.2382],[-48.5933,-13.2351],[-48.5829,-13.2217],[-48.5832,-13.2101],[-48.5793,-13.207],[-48.5801,-13.1909],[-48.5775,-13.187],[-48.5833,-13.1805],[-48.5781,-13.1724],[-48.5868,-13.1666],[-48.586,-13.1586],[-48.5921,-13.1582],[-48.5963,-13.1522],[-48.5902,-13.1504],[-48.5888,-13.1447],[-48.5818,-13.1415],[-48.5814,-13.128],[-48.5776,-13.1273],[-48.577,-13.1234],[-48.5821,-13.1179],[-48.5806,-13.1139],[-48.5852,-13.1056],[-48.5959,-13.107],[-48.5937,-13.1013],[-48.5885,-13.0991],[-48.5958,-13.0883],[-48.596,-13.0782],[-48.6023,-13.0779],[-48.601,-13.0605],[-48.6039,-13.058],[-48.6098,-13.06],[-48.6194,-13.052],[-48.6273,-13.0517],[-48.6367,-13.0342],[-48.6386,-13.0257],[-48.6361,-13.0208],[-48.6398,-13.0135],[-48.6474,-13.0104],[-48.6561,-13.0123],[-48.6567,-13.005],[-48.6639,-13.0011],[-48.6677,-13.0032],[-48.6749,-12.9938],[-48.683,-12.9935],[-48.6862,-13.002],[-48.6902,-13.0029],[-48.693,-12.997],[-48.7013,-12.9977],[-48.7075,-13.0047],[-48.712,-12.9993],[-48.7174,-13.0019],[-48.7248,-12.9909],[-48.7303,-12.9894],[-48.734,-12.9751],[-48.7303,-12.9611],[-48.7371,-12.9493],[-48.7388,-12.9457],[-48.7331,-12.9297],[-48.7361,-12.9206],[-48.7484,-12.9172],[-48.7541,-12.9076],[-48.7622,-12.9055],[-48.7707,-12.8941],[-48.7856,-12.8802],[-48.7863,-12.8847],[-48.7909,-12.8838],[-48.7945,-12.876],[-48.7996,-12.8763],[-48.7994,-12.873],[-48.8056,-12.8695],[-48.8049,-12.8665],[-48.8141,-12.8637],[-48.8112,-12.8596],[-48.8176,-12.8531],[-48.8205,-12.8439],[-48.8255,-12.8451],[-48.8308,-12.8415],[-48.8309,-12.844],[-48.8419,-12.844],[-48.8449,-12.8403],[-48.8417,-12.83],[-48.8471,-12.8178],[-48.8463,-12.8094],[-48.8571,-12.805],[-48.8621,-12.8093],[-48.8624,-12.8046],[-48.8694,-12.804],[-48.8576,-12.7861],[-48.8534,-12.7848],[-48.8392,-12.7899],[-48.8244,-12.7896],[-48.8212,-12.8016],[-48.8166,-12.8001],[-48.8112,-12.7925],[-48.8158,-12.7806],[-48.8124,-12.7795],[-48.813,-12.7701],[-48.8203,-12.76],[-48.8329,-12.7511],[-48.8358,-12.7416],[-48.8297,-12.7368],[-48.8196,-12.7366],[-48.8109,-12.7183],[-48.8066,-12.7219],[-48.8076,-12.7271],[-48.8022,-12.7356],[-48.793,-12.7358],[-48.7876,-12.7405],[-48.7731,-12.7409],[-48.7714,-12.7362],[-48.7748,-12.7317],[-48.7706,-12.7262],[-48.7832,-12.7175],[-48.7779,-12.7107],[-48.7803,-12.7041],[-48.7847,-12.6898],[-48.7903,-12.686],[-48.7899,-12.6819],[-48.7798,-12.6798],[-48.7792,-12.6754],[-48.7895,-12.6684],[-48.7785,-12.6572],[-48.7804,-12.6546],[-48.7872,-12.6559],[-48.8089,-12.6462],[-48.8116,-12.6385],[-48.8083,-12.6234],[-48.8137,-12.6241],[-48.8273,-12.6419],[-48.8337,-12.6391],[-48.8408,-12.628],[-48.8514,-12.5955],[-48.8499,-12.5811],[-48.8408,-12.5673],[-48.8461,-12.5585],[-48.8452,-12.5543],[-48.8415,-12.5532],[-48.8334,-12.5608],[-48.8077,-12.5534],[-48.8101,-12.5436],[-48.8239,-12.5493],[-48.8248,-12.5436],[-48.8062,-12.5177],[-48.799,-12.5146],[-48.7959,-12.5084],[-48.8103,-12.4955],[-48.8003,-12.4906],[-48.797,-12.4847],[-48.781,-12.4822],[-48.7772,-12.4696],[-48.7824,-12.4651],[-48.787,-12.4515],[-48.7831,-12.4377],[-48.7714,-12.4295],[-48.7608,-12.4289],[-48.7457,-12.4215],[-48.7355,-12.4255],[-48.7331,-12.4093],[-48.7211,-12.3978],[-48.7153,-12.3966]]]}},{"type":"Feature","properties":{"nome":"Juarina","cod":"1711803","uf":"TO"},"geometry":{"type":"Polygon","coordinates":[[[-49.1516,-8.0055],[-49.1526,-8.0099],[-49.1489,-8.0123],[-49.1455,-8.0095],[-49.1403,-8.0119],[-49.1354,-8.0067],[-49.1287,-8.0104],[-49.1206,-8.0081],[-49.1162,-8.0126],[-49.1125,-8.0101],[-49.108,-8.025],[-49.0938,-8.0258],[-49.0921,-8.0304],[-49.0831,-8.032],[-49.0744,-8.0486],[-49.076,-8.0533],[-49.0661,-8.0561],[-49.0591,-8.0635],[-49.0518,-8.0844],[-49.0451,-8.0871],[-49.0444,-8.0849],[-49.043,-8.087],[-49.0307,-8.0845],[-49.0181,-8.087],[-49.0086,-8.0848],[-49.0056,-8.0934],[-48.9878,-8.1053],[-48.9882,-8.1176],[-48.9845,-8.1206],[-48.987,-8.1329],[-48.9839,-8.1387],[-48.9949,-8.1478],[-48.9975,-8.154],[-48.9919,-8.1608],[-48.9932,-8.1779],[-48.9863,-8.1785],[-48.9844,-8.1842],[-48.9755,-8.1918],[-48.9918,-8.1959],[-48.996,-8.2023],[-49.013,-8.2037],[-49.0275,-8.2202],[-49.0469,-8.2241],[-49.06,-8.2216],[-49.069,-8.2259],[-49.094,-8.2206],[-49.1446,-8.2532],[-49.1713,-8.2564],[-49.1771,-8.2508],[-49.1899,-8.2463],[-49.1919,-8.2405],[-49.2028,-8.2366],[-49.2103,-8.24],[-49.2173,-8.2322],[-49.2124,-8.2223],[-49.2219,-8.2093],[-49.2217,-8.2051],[-49.2091,-8.1751],[-49.2034,-8.1396],[-49.2069,-8.1221],[-49.2012,-8.108],[-49.1989,-8.0872],[-49.1927,-8.0761],[-49.1797,-8.0672],[-49.1744,-8.0502],[-49.1728,-8.0206],[-49.1752,-8.0088],[-49.1555,-8.0093],[-49.1516,-8.0055]]]}},{"type":"Feature","properties":{"nome":"Lagoa da Confusão","cod":"1711902","uf":"TO"},"geometry":{"type":"Polygon","coordinates":[[[-49.7134,-10.5296],[-49.7007,-10.5425],[-49.6903,-10.5407],[-49.6767,-10.5451],[-49.6726,-10.5505],[-49.6501,-10.5472],[-49.6453,-10.5519],[-49.6467,-10.5609],[-49.6419,-10.5674],[-49.6372,-10.5655],[-49.6195,-10.5751],[-49.608,-10.5771],[-49.596,-10.5688],[-49.5853,-10.5699],[-49.5822,-10.5825],[-49.5646,-10.5916],[-49.5608,-10.6016],[-49.545,-10.619],[-49.5465,-10.6418],[-49.5288,-10.6789],[-49.5136,-10.6908],[-49.4903,-10.6918],[-49.4769,-10.7045],[-49.465,-10.7055],[-49.459,-10.7114],[-49.4522,-10.7117],[-49.4469,-10.7281],[-49.4672,-10.7368],[-49.4706,-10.7436],[-49.4695,-10.7528],[-49.4742,-10.7573],[-49.5076,-10.7639],[-49.5207,-10.7825],[-49.5246,-10.8039],[-49.5303,-10.8108],[-49.5392,-10.8113],[-49.5549,-10.8273],[-49.5616,-10.8336],[-49.5593,-10.8424],[-49.5709,-10.8508],[-49.5694,-10.8557],[-49.5764,-10.8648],[-49.5746,-10.8825],[-49.584,-10.8972],[-49.6042,-10.9104],[-49.6206,-10.9114],[-49.6308,-10.9285],[-49.6426,-10.9214],[-49.6471,-10.9233],[-49.6653,-10.9148],[-49.6775,-10.9217],[-49.6864,-10.9181],[-49.6918,-10.9266],[-49.7029,-10.9115],[-49.7095,-10.9086],[-49.7133,-10.9132],[-49.7098,-10.9154],[-49.717,-10.9174],[-49.7181,-10.9228],[-49.7273,-10.9159],[-49.7299,-10.9074],[-49.7582,-10.9027],[-49.765,-10.9087],[-49.7607,-10.918],[-49.7834,-10.9385],[-49.7783,-10.9488],[-49.7829,-10.9533],[-49.7885,-10.9717],[-49.7951,-10.9764],[-49.7941,-10.9893],[-49.7988,-10.9966],[-49.8073,-11.0001],[-49.8074,-11.009],[-49.8166,-11.0114],[-49.8232,-11.0254],[-49.8105,-11.0445],[-49.8107,-11.0513],[-49.8134,-11.053],[-49.8158,-11.05],[-49.8159,-11.0433],[-49.8282,-11.045],[-49.8169,-11.064],[-49.8142,-11.076],[-49.8182,-11.0793],[-49.8221,-11.0938],[-49.8032,-11.1019],[-49.8011,-11.1127],[-49.7917,-11.1215],[-49.7839,-11.1176],[-49.7827,-11.1316],[-49.777,-11.132],[-49.7699,-11.14],[-49.7649,-11.1591],[-49.7586,-11.1648],[-49.765,-11.1622],[-49.7672,-11.1643],[-49.7583,-11.1813],[-49.7602,-11.1901],[-49.7655,-11.1945],[-49.7563,-11.204],[-49.7642,-11.1998],[-49.7691,-11.2116],[-49.765,-11.2077],[-49.7612,-11.2085],[-49.7486,-11.2219],[-49.7608,-11.2234],[-49.7601,-11.2271],[-49.7526,-11.2265],[-49.7515,-11.2301],[-49.7612,-11.239],[-49.7496,-11.2433],[-49.7628,-11.2519],[-49.7558,-11.251],[-49.7423,-11.2599],[-49.7514,-11.2598],[-49.7515,-11.2632],[-49.7434,-11.2655],[-49.7492,-11.2713],[-49.7511,-11.282],[-49.7473,-11.2823],[-49.7455,-11.2737],[-49.7399,-11.272],[-49.7419,-11.2844],[-49.7348,-11.2847],[-49.737,-11.2938],[-49.7279,-11.3001],[-49.7348,-11.3141],[-49.725,-11.3154],[-49.7263,-11.3201],[-49.7197,-11.3388],[-49.7133,-11.3354],[-49.7064,-11.3378],[-49.7031,-11.346],[-49.7096,-11.354],[-49.7078,-11.3561],[-49.6981,-11.3516],[-49.6934,-11.3579],[-49.6978,-11.3627],[-49.6811,-11.3792],[-49.6775,-11.3895],[-49.6881,-11.3916],[-49.873,-11.4278],[-50.0194,-11.4564],[-50.02,-11.4566],[-50.2774,-11.5071],[-50.6681,-11.5809],[-50.6696,-11.5812],[-50.6817,-11.5827],[-50.7155,-11.5785],[-50.7405,-11.5368],[-50.7343,-11.5114],[-50.7389,-11.4987],[-50.7387,-11.4709],[-50.7416,-11.4599],[-50.7388,-11.435],[-50.7265,-11.4107],[-50.7281,-11.3821],[-50.7118,-11.3594],[-50.7053,-11.3411],[-50.7066,-11.3277],[-50.6982,-11.3101],[-50.6964,-11.3042],[-50.6785,-11.2945],[-50.6697,-11.2842],[-50.6556,-11.2398],[-50.6538,-11.2182],[-50.6614,-11.2027],[-50.6594,-11.187],[-50.6641,-11.1542],[-50.6582,-11.1284],[-50.647,-11.1262],[-50.6434,-11.1228],[-50.6366,-11.1001],[-50.6171,-11.0854],[-50.609,-11.067],[-50.611,-11.0426],[-50.617,-11.0316],[-50.6171,-11.002],[-50.6244,-10.9834],[-50.6198,-10.9685],[-50.6325,-10.9355],[-50.6217,-10.9178],[-50.6003,-10.9003],[-50.599,-10.884],[-50.6045,-10.8721],[-50.6186,-10.8637],[-50.6216,-10.839],[-50.6113,-10.8211],[-50.6117,-10.8099],[-50.6067,-10.8043],[-50.5973,-10.8043],[-50.5911,-10.7996],[-50.5897,-10.786],[-50.5701,-10.7521],[-50.5773,-10.733],[-50.5765,-10.719],[-50.5854,-10.7038],[-50.5872,-10.6856],[-50.6024,-10.6733],[-50.6029,-10.6596],[-50.2634,-10.6154],[-50.2623,-10.6152],[-49.9589,-10.5737],[-49.9365,-10.5669],[-49.763,-10.5137],[-49.742,-10.5274],[-49.7134,-10.5296]]]}},{"type":"Feature","properties":{"nome":"Lagoa do Tocantins","cod":"1711951","uf":"TO"},"geometry":{"type":"Polygon","coordinates":[[[-47.4974,-10.176],[-47.4901,-10.1842],[-47.481,-10.1833],[-47.4742,-10.19],[-47.4631,-10.1861],[-47.4627,-10.1774],[-47.4585,-10.1738],[-47.4474,-10.1607],[-47.4337,-10.166],[-47.4353,-10.1734],[-47.4347,-10.1764],[-47.4275,-10.1773],[-47.4216,-10.1923],[-47.4146,-10.199],[-47.4078,-10.2019],[-47.4019,-10.1991],[-47.4279,-10.2361],[-47.4216,-10.2344],[-47.4126,-10.2391],[-47.3996,-10.2372],[-47.3959,-10.2434],[-47.3905,-10.2453],[-47.3722,-10.2388],[-47.3666,-10.2411],[-47.3607,-10.2501],[-47.3653,-10.2544],[-47.3599,-10.2683],[-47.3619,-10.2755],[-47.3554,-10.2738],[-47.3507,-10.2786],[-47.3539,-10.2824],[-47.3596,-10.2814],[-47.3608,-10.2974],[-47.3677,-10.2989],[-47.3704,-10.3076],[-47.373,-10.3073],[-47.3715,-10.3132],[-47.3762,-10.315],[-47.3708,-10.3169],[-47.3775,-10.328],[-47.3742,-10.3273],[-47.3704,-10.332],[-47.3744,-10.3397],[-47.3719,-10.3454],[-47.3681,-10.346],[-47.3695,-10.3531],[-47.3749,-10.3531],[-47.3772,-10.3635],[-47.3716,-10.3612],[-47.366,-10.3672],[-47.3619,-10.3657],[-47.3655,-10.37],[-47.3555,-10.3819],[-47.3384,-10.3826],[-47.3348,-10.3801],[-47.3292,-10.3842],[-47.3243,-10.3955],[-47.3268,-10.4004],[-47.3229,-10.4238],[-47.3164,-10.4249],[-47.3123,-10.4361],[-47.3038,-10.4392],[-47.3986,-10.5128],[-47.4237,-10.5196],[-47.4292,-10.526],[-47.4352,-10.5237],[-47.4421,-10.5211],[-47.4547,-10.5363],[-47.4627,-10.5309],[-47.4686,-10.5076],[-47.4787,-10.5053],[-47.4801,-10.4953],[-47.4869,-10.4896],[-47.4886,-10.4714],[-47.4959,-10.4706],[-47.4961,-10.4603],[-47.5006,-10.4572],[-47.5071,-10.4592],[-47.5121,-10.4569],[-47.5076,-10.4511],[-47.5102,-10.4485],[-47.5207,-10.4522],[-47.5214,-10.441],[-47.531,-10.4368],[-47.5402,-10.4246],[-47.5436,-10.4279],[-47.5482,-10.4226],[-47.5664,-10.421],[-47.5818,-10.4082],[-47.5874,-10.413],[-47.5933,-10.4097],[-47.6032,-10.4106],[-47.6044,-10.414],[-47.6124,-10.4141],[-47.6161,-10.4184],[-47.6212,-10.4127],[-47.6194,-10.407],[-47.6308,-10.4001],[-47.6316,-10.404],[-47.6432,-10.3986],[-47.646,-10.4052],[-47.656,-10.4021],[-47.656,-10.3953],[-47.6676,-10.3936],[-47.6692,-10.3868],[-47.6653,-10.3806],[-47.6202,-10.3487],[-47.6206,-10.3402],[-47.6356,-10.3333],[-47.6405,-10.3273],[-47.6342,-10.2917],[-47.6408,-10.2896],[-47.6443,-10.2827],[-47.6445,-10.2677],[-47.641,-10.2689],[-47.6358,-10.264],[-47.6327,-10.267],[-47.6274,-10.2662],[-47.619,-10.256],[-47.6081,-10.2558],[-47.597,-10.2497],[-47.5753,-10.2511],[-47.5722,-10.254],[-47.5691,-10.2495],[-47.5675,-10.2471],[-47.567,-10.2411],[-47.5782,-10.2261],[-47.576,-10.2147],[-47.5802,-10.205],[-47.5776,-10.1908],[-47.5808,-10.1853],[-47.5756,-10.1761],[-47.5691,-10.1637],[-47.5524,-10.1702],[-47.5485,-10.1756],[-47.54,-10.1832],[-47.5247,-10.1532],[-47.514,-10.1725],[-47.5098,-10.1748],[-47.4974,-10.176]]]}},{"type":"Feature","properties":{"nome":"Lajeado","cod":"1712009","uf":"TO"},"geometry":{"type":"Polygon","coordinates":[[[-48.3199,-9.7348],[-48.2974,-9.7505],[-48.2857,-9.7376],[-48.2824,-9.7398],[-48.2772,-9.7319],[-48.2762,-9.7379],[-48.2722,-9.738],[-48.2717,-9.7413],[-48.2593,-9.7429],[-48.2509,-9.755],[-48.2525,-9.7734],[-48.2387,-9.8363],[-48.2436,-9.8427],[-48.2482,-9.8434],[-48.2353,-9.8544],[-48.2323,-9.865],[-48.2304,-9.8684],[-48.2206,-9.8712],[-48.2084,-9.8833],[-48.204,-9.8831],[-48.1968,-9.8953],[-48.1853,-9.9058],[-48.2258,-9.9489],[-48.2218,-9.9589],[-48.2241,-9.9627],[-48.2306,-9.9617],[-48.2558,-9.9699],[-48.2618,-9.9757],[-48.2622,-9.9821],[-48.2775,-9.9745],[-48.2856,-9.9658],[-48.2822,-9.9568],[-48.2857,-9.9496],[-48.2847,-9.9298],[-48.2888,-9.9277],[-48.299,-9.932],[-48.3088,-9.9414],[-48.3094,-9.9345],[-48.3132,-9.9322],[-48.3357,-9.9332],[-48.3706,-9.9177],[-48.3648,-9.9029],[-48.3476,-9.8962],[-48.3379,-9.8827],[-48.332,-9.8646],[-48.3323,-9.8293],[-48.3379,-9.8168],[-48.3759,-9.7873],[-48.3777,-9.7753],[-48.3738,-9.7654],[-48.3659,-9.7527],[-48.3613,-9.7468],[-48.359,-9.7262],[-48.3674,-9.705],[-48.3652,-9.6951],[-48.3426,-9.7079],[-48.3354,-9.7292],[-48.3199,-9.7348]]]}},{"type":"Feature","properties":{"nome":"Lavandeira","cod":"1712157","uf":"TO"},"geometry":{"type":"Polygon","coordinates":[[[-46.6169,-12.655],[-46.5895,-12.6639],[-46.5812,-12.6634],[-46.5647,-12.6764],[-46.5425,-12.6829],[-46.5383,-12.6903],[-46.5166,-12.6953],[-46.4966,-12.6875],[-46.4893,-12.6806],[-46.4786,-12.6804],[-46.479,-12.6931],[-46.4841,-12.6938],[-46.4907,-12.7021],[-46.4869,-12.7109],[-46.4902,-12.7176],[-46.4877,-12.73],[-46.4717,-12.743],[-46.4548,-12.7658],[-46.4416,-12.7706],[-46.3926,-12.7448],[-46.3804,-12.7497],[-46.374,-12.7616],[-46.3627,-12.7703],[-46.3484,-12.7684],[-46.3526,-12.7589],[-46.3497,-12.7543],[-46.3106,-12.7575],[-46.2951,-12.7685],[-46.2832,-12.7651],[-46.2759,-12.7588],[-46.2746,-12.7745],[-46.2828,-12.7831],[-46.2776,-12.7923],[-46.2804,-12.8055],[-46.272,-12.8116],[-46.2696,-12.8211],[-46.2619,-12.8312],[-46.2729,-12.8467],[-46.2874,-12.8558],[-46.2926,-12.8599],[-46.2841,-12.878],[-46.2858,-12.8948],[-46.2971,-12.9069],[-46.292,-12.9191],[-46.3044,-12.9494],[-46.2793,-12.9425],[-46.2752,-12.9348],[-46.2663,-12.9319],[-46.2201,-12.9401],[-46.1977,-12.9249],[-46.184,-12.9234],[-46.1385,-12.909],[-46.1253,-12.9095],[-46.1135,-12.9178],[-46.1195,-12.9254],[-46.1486,-12.9366],[-46.1609,-12.9336],[-46.1766,-12.9392],[-46.1795,-12.9469],[-46.1874,-12.9493],[-46.1941,-12.9562],[-46.2233,-12.9565],[-46.2767,-12.9709],[-46.2799,-12.9681],[-46.2869,-12.9735],[-46.2899,-12.972],[-46.3112,-12.9804],[-46.3337,-12.9804],[-46.3351,-12.9833],[-46.3384,-12.982],[-46.3639,-12.9909],[-46.3729,-12.9843],[-46.3678,-12.9721],[-46.3765,-12.963],[-46.3711,-12.958],[-46.3718,-12.9443],[-46.3663,-12.9392],[-46.3642,-12.9311],[-46.3651,-12.9128],[-46.3603,-12.9084],[-46.3678,-12.9026],[-46.3616,-12.89],[-46.3671,-12.8872],[-46.3638,-12.8816],[-46.3687,-12.8771],[-46.3658,-12.8644],[-46.3738,-12.8594],[-46.3759,-12.8498],[-46.376,-12.8529],[-46.3833,-12.8485],[-46.3971,-12.851],[-46.4079,-12.8454],[-46.4063,-12.8384],[-46.4107,-12.8401],[-46.411,-12.8275],[-46.4172,-12.823],[-46.4214,-12.8247],[-46.421,-12.8282],[-46.4275,-12.8229],[-46.4315,-12.8265],[-46.4321,-12.8195],[-46.4435,-12.8228],[-46.4528,-12.8193],[-46.4553,-12.8219],[-46.4639,-12.8098],[-46.4713,-12.8098],[-46.4761,-12.8013],[-46.4799,-12.8026],[-46.4873,-12.7965],[-46.5071,-12.7992],[-46.5087,-12.7924],[-46.5115,-12.7911],[-46.524,-12.785],[-46.5453,-12.7885],[-46.5466,-12.7857],[-46.5422,-12.7832],[-46.5534,-12.7829],[-46.5581,-12.7676],[-46.568,-12.7661],[-46.5696,-12.7559],[-46.5835,-12.7502],[-46.5865,-12.7452],[-46.5848,-12.7415],[-46.606,-12.7319],[-46.6109,-12.725],[-46.6057,-12.7141],[-46.6109,-12.7105],[-46.6096,-12.7036],[-46.6148,-12.6904],[-46.622,-12.6849],[-46.6171,-12.6822],[-46.6191,-12.6756],[-46.6253,-12.6749],[-46.6229,-12.6703],[-46.6249,-12.6641],[-46.6169,-12.655]]]}},{"type":"Feature","properties":{"nome":"Lizarda","cod":"1712405","uf":"TO"},"geometry":{"type":"Polygon","coordinates":[[[-47.1531,-8.9174],[-47.1539,-8.9244],[-47.1399,-8.9223],[-47.1327,-8.9286],[-47.1293,-8.9382],[-47.1211,-8.9378],[-47.1207,-8.9332],[-47.1167,-8.9312],[-47.0967,-8.935],[-47.0949,-8.9417],[-47.0885,-8.9444],[-47.0794,-8.9576],[-47.0716,-8.9516],[-47.0604,-8.9552],[-47.0487,-8.9784],[-47.0442,-8.9808],[-47.0456,-8.9895],[-47.0384,-9.0005],[-47.0436,-9.0065],[-47.0617,-9.0073],[-47.0681,-9.0116],[-47.0561,-9.0185],[-47.0482,-9.0152],[-47.0483,-9.0214],[-47.0436,-9.0225],[-47.0431,-9.0261],[-47.0537,-9.0333],[-47.0538,-9.0478],[-47.0613,-9.0477],[-47.0573,-9.0525],[-47.0676,-9.0556],[-47.0683,-9.0635],[-47.048,-9.0709],[-47.0453,-9.0681],[-47.034,-9.0691],[-47.0231,-9.0756],[-47.0098,-9.0699],[-47.0132,-9.0777],[-47.0069,-9.0818],[-47.0,-9.0811],[-46.9983,-9.076],[-46.9851,-9.0761],[-46.9755,-9.0813],[-46.9399,-9.0633],[-46.9229,-9.0653],[-46.9117,-9.0823],[-46.9186,-9.0868],[-46.9287,-9.0829],[-46.9311,-9.0855],[-46.9279,-9.0922],[-46.9302,-9.0953],[-46.9231,-9.0975],[-46.9298,-9.1056],[-46.9258,-9.1172],[-46.9311,-9.1204],[-46.9314,-9.1277],[-46.9259,-9.1345],[-46.9173,-9.1317],[-46.9063,-9.1351],[-46.8984,-9.1253],[-46.8931,-9.1219],[-46.8884,-9.1283],[-46.8913,-9.1401],[-46.8607,-9.146],[-46.852,-9.154],[-46.8474,-9.1676],[-46.8519,-9.1857],[-46.8503,-9.1914],[-46.8389,-9.1972],[-46.8274,-9.1939],[-46.8189,-9.2089],[-46.8264,-9.2229],[-46.8285,-9.2397],[-46.8185,-9.2596],[-46.8223,-9.2659],[-46.8313,-9.2683],[-46.8323,-9.2792],[-46.8442,-9.2838],[-46.8466,-9.292],[-46.8418,-9.304],[-46.8349,-9.3078],[-46.8183,-9.303],[-46.8129,-9.3044],[-46.8077,-9.3213],[-46.7987,-9.3384],[-46.7829,-9.3507],[-46.7792,-9.3581],[-46.7679,-9.3651],[-46.7583,-9.3808],[-46.7655,-9.4015],[-46.7607,-9.4098],[-46.7456,-9.414],[-46.7406,-9.4116],[-46.7375,-9.4044],[-46.7229,-9.396],[-46.6958,-9.3982],[-46.6745,-9.3904],[-46.6656,-9.3915],[-46.6512,-9.4057],[-46.6324,-9.4112],[-46.6433,-9.4192],[-46.6475,-9.4267],[-46.6491,-9.4437],[-46.6396,-9.4573],[-46.6272,-9.4653],[-46.613,-9.4649],[-46.6001,-9.47],[-46.5936,-9.4823],[-46.5728,-9.4773],[-46.5606,-9.4836],[-46.5588,-9.4926],[-46.5754,-9.5078],[-46.5753,-9.5171],[-46.5576,-9.5338],[-46.5569,-9.5386],[-46.5401,-9.5497],[-46.5363,-9.5567],[-46.5789,-9.5837],[-46.592,-9.5868],[-46.592,-9.6073],[-46.6057,-9.6298],[-46.6064,-9.6515],[-46.6126,-9.6654],[-46.6529,-9.693],[-46.65,-9.7041],[-46.6452,-9.7162],[-46.646,-9.7333],[-46.6418,-9.7423],[-46.6318,-9.7485],[-46.5957,-9.7468],[-46.5747,-9.7582],[-46.5689,-9.7693],[-46.5704,-9.7807],[-46.5792,-9.7959],[-46.5766,-9.8048],[-46.5621,-9.8103],[-46.542,-9.8099],[-46.5124,-9.7971],[-46.509,-9.801],[-46.5084,-9.8088],[-46.4932,-9.827],[-46.4967,-9.8433],[-46.4926,-9.8487],[-46.4799,-9.8548],[-46.4897,-9.8607],[-46.4912,-9.8697],[-46.4725,-9.877],[-46.4704,-9.8976],[-46.4752,-9.9061],[-46.4893,-9.8959],[-46.5022,-9.8806],[-46.5069,-9.8659],[-46.5543,-9.8573],[-46.5731,-9.8733],[-46.5798,-9.8754],[-46.5963,-9.8968],[-46.6129,-9.9032],[-46.6245,-9.9145],[-46.6359,-9.9112],[-46.6392,-9.9193],[-46.6451,-9.9152],[-46.6534,-9.915],[-46.6568,-9.9184],[-46.6599,-9.9138],[-46.6582,-9.9102],[-46.6691,-9.9108],[-46.6702,-9.9159],[-46.6811,-9.9136],[-46.6832,-9.9177],[-46.692,-9.9121],[-46.7062,-9.9179],[-46.711,-9.9142],[-46.7216,-9.9137],[-46.7232,-9.9196],[-46.7276,-9.9182],[-46.7259,-9.9228],[-46.7308,-9.9228],[-46.7303,-9.9293],[-46.7333,-9.9307],[-46.7369,-9.9274],[-46.7372,-9.9339],[-46.7414,-9.9356],[-46.746,-9.9334],[-46.7504,-9.9447],[-46.7528,-9.9408],[-46.759,-9.9429],[-46.7635,-9.939],[-46.7639,-9.9472],[-46.7802,-9.9478],[-46.7822,-9.9567],[-46.7961,-9.9623],[-46.7983,-9.9697],[-46.8067,-9.9711],[-46.8115,-9.976],[-46.8148,-9.9725],[-46.8238,-9.9736],[-46.8246,-9.9707],[-46.833,-9.9787],[-46.8387,-9.9696],[-46.8505,-9.9669],[-46.8541,-9.9625],[-46.8548,-9.9672],[-46.8611,-9.9662],[-46.863,-9.9687],[-46.8679,-9.9635],[-46.872,-9.9726],[-46.8783,-9.9693],[-46.8852,-9.9734],[-46.8842,-9.9766],[-46.8953,-9.9767],[-46.8986,-9.9822],[-46.9074,-9.9719],[-46.9196,-9.9782],[-46.9243,-9.985],[-46.9395,-9.9805],[-46.9416,-9.9853],[-46.946,-9.9864],[-46.9454,-9.9941],[-46.9434,-9.9911],[-46.9459,-9.9961],[-46.952,-9.9869],[-46.9594,-9.9914],[-46.9612,-9.988],[-46.9662,-9.9889],[-46.9674,-9.994],[-46.9707,-9.9929],[-46.9684,-9.9897],[-46.9734,-9.9892],[-46.9782,-9.9949],[-46.98,-9.9912],[-46.9768,-9.99],[-46.9815,-9.9855],[-46.9811,-9.9896],[-46.9853,-9.9862],[-46.9891,-9.9903],[-46.9819,-9.9909],[-46.9832,-9.9967],[-46.9902,-9.9969],[-46.9986,-10.0034],[-47.0006,-9.9988],[-47.0076,-10.0003],[-47.003,-10.0028],[-47.0071,-10.0054],[-47.0097,-10.0011],[-47.0204,-10.01],[-47.0247,-10.0076],[-47.0298,-10.0162],[-47.0315,-10.0134],[-47.037,-10.0162],[-47.0326,-10.0242],[-47.0356,-10.0257],[-47.0405,-10.0217],[-47.0416,-10.027],[-47.037,-10.0324],[-47.0468,-10.0362],[-47.0449,-10.0398],[-47.0491,-10.0397],[-47.046,-10.0428],[-47.0558,-10.0479],[-47.0553,-10.0528],[-47.0727,-10.0576],[-47.0669,-10.0595],[-47.0693,-10.0673],[-47.0739,-10.0648],[-47.0849,-10.0726],[-47.0899,-10.07],[-47.095,-10.072],[-47.1171,-10.0416],[-47.1304,-10.0395],[-47.1486,-10.0421],[-47.1704,-10.0379],[-47.1807,-10.0216],[-47.1845,-10.0235],[-47.2033,-10.0206],[-47.2006,-10.01],[-47.21,-10.002],[-47.2029,-9.9915],[-47.1924,-9.9894],[-47.2063,-9.9839],[-47.2032,-9.9744],[-47.1923,-9.9714],[-47.1999,-9.9695],[-47.2025,-9.9647],[-47.2009,-9.9564],[-47.1883,-9.9576],[-47.185,-9.9507],[-47.1778,-9.9546],[-47.171,-9.9471],[-47.1703,-9.9386],[-47.1659,-9.9334],[-47.1514,-9.9326],[-47.1558,-9.9112],[-47.1401,-9.9151],[-47.1394,-9.9101],[-47.1475,-9.9023],[-47.1401,-9.9015],[-47.1343,-9.89],[-47.1357,-9.8827],[-47.1432,-9.8762],[-47.1391,-9.867],[-47.1316,-9.8631],[-47.1282,-9.8646],[-47.1232,-9.8564],[-47.1182,-9.8566],[-47.1243,-9.8478],[-47.1212,-9.8422],[-47.114,-9.8423],[-47.1097,-9.8379],[-47.1109,-9.8331],[-47.1036,-9.8341],[-47.0979,-9.828],[-47.0936,-9.8296],[-47.0774,-9.8175],[-47.0741,-9.8118],[-47.077,-9.8034],[-47.0716,-9.8011],[-47.0758,-9.7941],[-47.0699,-9.789],[-47.0792,-9.7868],[-47.0808,-9.7799],[-47.0858,-9.7803],[-47.0894,-9.774],[-47.0872,-9.7722],[-47.0901,-9.7661],[-47.086,-9.7636],[-47.0885,-9.7589],[-47.0803,-9.7446],[-47.0868,-9.7437],[-47.0855,-9.7213],[-47.0984,-9.7016],[-47.0999,-9.694],[-47.095,-9.6886],[-47.0856,-9.6902],[-47.0831,-9.6878],[-47.0858,-9.6674],[-47.0838,-9.6572],[-47.0765,-9.6476],[-47.0636,-9.6449],[-47.0609,-9.6298],[-47.054,-9.6225],[-47.0639,-9.6218],[-47.0697,-9.6258],[-47.075,-9.6077],[-47.0798,-9.5912],[-47.083,-9.5913],[-47.0865,-9.5852],[-47.0845,-9.5783],[-47.0889,-9.568],[-47.089,-9.5449],[-47.0969,-9.5149],[-47.0928,-9.5063],[-47.0933,-9.4978],[-47.0889,-9.4911],[-47.0811,-9.4875],[-47.0846,-9.4711],[-47.1035,-9.4809],[-47.1032,-9.4692],[-47.0901,-9.4613],[-47.0926,-9.4563],[-47.0963,-9.4582],[-47.1051,-9.4548],[-47.1066,-9.4501],[-47.1164,-9.4475],[-47.1169,-9.4398],[-47.1211,-9.4434],[-47.1417,-9.4337],[-47.1478,-9.4308],[-47.1517,-9.4233],[-47.1672,-9.4246],[-47.1762,-9.4219],[-47.1918,-9.4113],[-47.1983,-9.3979],[-47.2037,-9.4014],[-47.2085,-9.3968],[-47.2254,-9.3956],[-47.2394,-9.3858],[-47.2413,-9.382],[-47.2384,-9.3749],[-47.2551,-9.3594],[-47.2622,-9.3378],[-47.2815,-9.3317],[-47.2882,-9.3333],[-47.2999,-9.3271],[-47.3098,-9.3322],[-47.3154,-9.3302],[-47.3247,-9.3221],[-47.3251,-9.3096],[-47.3327,-9.3031],[-47.3353,-9.2892],[-47.3461,-9.2875],[-47.3396,-9.2737],[-47.3302,-9.2683],[-47.3353,-9.2609],[-47.3325,-9.2564],[-47.2983,-9.252],[-47.2863,-9.2382],[-47.2762,-9.2338],[-47.2898,-9.2288],[-47.2828,-9.2201],[-47.2831,-9.2135],[-47.2648,-9.2044],[-47.2694,-9.1987],[-47.2665,-9.187],[-47.2609,-9.1822],[-47.2651,-9.1603],[-47.2599,-9.1565],[-47.2668,-9.151],[-47.2716,-9.1402],[-47.2589,-9.1395],[-47.2626,-9.1359],[-47.256,-9.1306],[-47.2596,-9.1222],[-47.2567,-9.1151],[-47.2647,-9.112],[-47.2596,-9.108],[-47.2535,-9.1094],[-47.2544,-9.1001],[-47.251,-9.0884],[-47.2569,-9.0889],[-47.2573,-9.0832],[-47.2525,-9.0703],[-47.2469,-9.0646],[-47.2531,-9.0629],[-47.2529,-9.0545],[-47.2488,-9.0518],[-47.2588,-9.0435],[-47.2508,-9.0317],[-47.2516,-9.0216],[-47.2481,-9.0157],[-47.2319,-9.0141],[-47.2345,-9.0073],[-47.2244,-9.0038],[-47.2256,-8.995],[-47.2286,-8.9943],[-47.2383,-9.0106],[-47.2464,-9.0046],[-47.2455,-8.9958],[-47.2398,-8.9876],[-47.2481,-8.9822],[-47.2453,-8.977],[-47.2402,-8.9802],[-47.2348,-8.9747],[-47.2411,-8.9696],[-47.2368,-8.959],[-47.2231,-8.9512],[-47.2219,-8.9458],[-47.2173,-8.9498],[-47.2228,-8.9408],[-47.2213,-8.9384],[-47.209,-8.9372],[-47.2062,-8.9491],[-47.202,-8.9481],[-47.1983,-8.9444],[-47.1919,-8.9448],[-47.1896,-8.9382],[-47.1791,-8.9356],[-47.1767,-8.9307],[-47.1604,-8.9311],[-47.1642,-8.9243],[-47.1584,-8.9243],[-47.1572,-8.9183],[-47.1531,-8.9174]]]}},{"type":"Feature","properties":{"nome":"Luzinópolis","cod":"1712454","uf":"TO"},"geometry":{"type":"Polygon","coordinates":[[[-47.8869,-6.143],[-47.8675,-6.1534],[-47.852,-6.1485],[-47.7653,-6.1526],[-47.7245,-6.1839],[-47.7232,-6.2818],[-47.7365,-6.2839],[-47.7565,-6.2826],[-47.8249,-6.2566],[-47.8425,-6.2571],[-47.8469,-6.2537],[-47.8513,-6.2564],[-47.8531,-6.2507],[-47.8571,-6.2495],[-47.8543,-6.2421],[-47.8664,-6.2404],[-47.864,-6.2371],[-47.8675,-6.228],[-47.8709,-6.2287],[-47.8758,-6.2239],[-47.8838,-6.2267],[-47.883,-6.2224],[-47.8899,-6.2224],[-47.8911,-6.2188],[-47.9164,-6.2192],[-47.9288,-6.2281],[-47.9301,-6.237],[-47.9383,-6.2398],[-47.944,-6.2357],[-47.9459,-6.2298],[-47.9516,-6.2302],[-47.955,-6.2235],[-47.9573,-6.2263],[-47.9625,-6.2167],[-47.9698,-6.2167],[-47.976,-6.2117],[-47.9744,-6.2088],[-47.9799,-6.2024],[-47.9742,-6.1957],[-47.9764,-6.1899],[-47.9721,-6.1842],[-47.9621,-6.1838],[-47.9383,-6.1657],[-47.9161,-6.1566],[-47.9096,-6.1502],[-47.8869,-6.143]]]}},{"type":"Feature","properties":{"nome":"Marianópolis do Tocantins","cod":"1712504","uf":"TO"},"geometry":{"type":"Polygon","coordinates":[[[-49.6747,-9.5359],[-49.6697,-9.5396],[-49.6652,-9.5384],[-49.6664,-9.5434],[-49.6506,-9.554],[-49.6244,-9.5535],[-49.6132,-9.563],[-49.5868,-9.5707],[-49.5798,-9.5814],[-49.5705,-9.5863],[-49.5662,-9.6071],[-49.5568,-9.6173],[-49.5494,-9.6167],[-49.5414,-9.6236],[-49.5344,-9.6229],[-49.5109,-9.6394],[-49.5064,-9.6466],[-49.4996,-9.6479],[-49.4813,-9.6785],[-49.4723,-9.6832],[-49.4702,-9.6895],[-49.4631,-9.6955],[-49.4481,-9.7006],[-49.4679,-9.7306],[-49.473,-9.748],[-49.4791,-9.7685],[-49.4947,-9.7726],[-49.5032,-9.7799],[-49.5085,-9.7904],[-49.517,-9.8177],[-49.5032,-9.8192],[-49.5016,-9.8257],[-49.5044,-9.8333],[-49.5246,-9.8431],[-49.5227,-9.8541],[-49.5136,-9.8652],[-49.4997,-9.8545],[-49.4782,-9.8602],[-49.4701,-9.8686],[-49.4629,-9.8842],[-49.4489,-9.8907],[-49.4423,-9.8893],[-49.4358,-9.8945],[-49.4124,-9.9009],[-49.3977,-9.8973],[-49.3966,-9.9369],[-49.4068,-9.9507],[-49.4018,-9.9605],[-49.4031,-9.9644],[-49.4044,-9.9687],[-49.4105,-9.9698],[-49.4091,-9.9738],[-49.4137,-9.9782],[-49.4133,-9.9831],[-49.4263,-9.9905],[-49.4311,-10.002],[-49.444,-10.0065],[-49.4543,-10.007],[-49.4523,-10.0035],[-49.4657,-9.9973],[-49.4663,-9.9853],[-49.4717,-9.9804],[-49.4809,-9.9782],[-49.4867,-9.9826],[-49.493,-9.9795],[-49.495,-9.9714],[-49.4979,-9.9744],[-49.5207,-9.9757],[-49.5339,-9.9578],[-49.543,-9.9582],[-49.5501,-9.9492],[-49.5639,-9.9543],[-49.5659,-9.9606],[-49.5753,-9.9581],[-49.5837,-9.963],[-49.5896,-9.9679],[-49.5882,-9.9735],[-49.5975,-9.977],[-49.5996,-9.9845],[-49.6079,-9.9828],[-49.6214,-9.9949],[-49.628,-9.9947],[-49.6387,-10.0011],[-49.6448,-9.9968],[-49.6489,-9.9872],[-49.6511,-9.9893],[-49.6561,-9.9859],[-49.671,-9.9945],[-49.6788,-9.9872],[-49.6824,-9.9912],[-49.6856,-9.9867],[-49.6897,-9.9901],[-49.6982,-9.9848],[-49.7045,-9.9856],[-49.7091,-9.9795],[-49.7137,-9.9791],[-49.7143,-9.9747],[-49.7235,-9.9788],[-49.7332,-9.9734],[-49.7372,-9.9665],[-49.7454,-9.9684],[-49.7473,-9.9654],[-49.7438,-9.9592],[-49.7472,-9.9549],[-49.7632,-9.9491],[-49.7727,-9.9496],[-49.7711,-9.9406],[-49.7801,-9.9345],[-49.7817,-9.9256],[-49.7897,-9.9236],[-49.788,-9.9192],[-49.7964,-9.9018],[-49.8073,-9.8976],[-49.8162,-9.9007],[-49.8199,-9.9072],[-49.8258,-9.9033],[-49.8358,-9.9071],[-49.8385,-9.9167],[-49.8442,-9.9198],[-49.8418,-9.9261],[-49.8471,-9.9263],[-49.8528,-9.9202],[-49.8698,-9.9141],[-49.8744,-9.9197],[-49.8843,-9.9159],[-49.8968,-9.9264],[-49.9044,-9.9201],[-49.9037,-9.9055],[-49.9096,-9.8936],[-49.9133,-9.898],[-49.9209,-9.8903],[-49.9244,-9.8933],[-49.9233,-9.8991],[-49.9361,-9.8927],[-49.9318,-9.8914],[-49.9328,-9.8884],[-49.9392,-9.8881],[-49.9441,-9.8799],[-49.9424,-9.8762],[-49.9538,-9.8647],[-49.965,-9.8608],[-49.9654,-9.8556],[-49.9615,-9.8547],[-49.9723,-9.8493],[-49.9679,-9.844],[-49.9734,-9.8432],[-49.9752,-9.8369],[-49.9791,-9.8374],[-49.9792,-9.8344],[-49.9753,-9.8347],[-49.9809,-9.8319],[-49.9786,-9.8299],[-49.9824,-9.8297],[-49.9846,-9.825],[-49.9878,-9.826],[-49.9872,-9.82],[-49.9799,-9.8131],[-49.9832,-9.8051],[-49.9875,-9.805],[-49.9884,-9.8105],[-49.9916,-9.8106],[-49.9922,-9.8044],[-49.9978,-9.8043],[-49.9987,-9.7982],[-50.0112,-9.7937],[-50.0117,-9.7906],[-50.0081,-9.7892],[-50.0129,-9.7743],[-50.0254,-9.7761],[-50.0243,-9.7645],[-50.0325,-9.7583],[-50.0289,-9.7532],[-50.021,-9.7553],[-50.0221,-9.7458],[-50.0171,-9.7505],[-50.0097,-9.751],[-50.0059,-9.7346],[-50.0129,-9.7203],[-50.0255,-9.7105],[-50.0288,-9.7021],[-50.0246,-9.6991],[-50.0162,-9.7009],[-50.0128,-9.6893],[-50.0042,-9.6851],[-50.0001,-9.6867],[-50.0023,-9.6764],[-49.9944,-9.6736],[-49.9899,-9.676],[-49.9875,-9.6716],[-49.9811,-9.6715],[-49.9757,-9.6747],[-49.9537,-9.6678],[-49.9466,-9.6759],[-49.9249,-9.6825],[-49.9136,-9.6764],[-49.8932,-9.6852],[-49.8871,-9.6812],[-49.8767,-9.6847],[-49.8738,-9.6808],[-49.8498,-9.6811],[-49.8361,-9.6687],[-49.823,-9.6639],[-49.8005,-9.6668],[-49.7966,-9.6492],[-49.8026,-9.6345],[-49.7951,-9.6296],[-49.787,-9.6098],[-49.77,-9.6043],[-49.7666,-9.5967],[-49.7569,-9.5927],[-49.7485,-9.5822],[-49.7305,-9.5911],[-49.7205,-9.5891],[-49.6918,-9.5637],[-49.6829,-9.5603],[-49.683,-9.5559],[-49.6793,-9.5549],[-49.6829,-9.5504],[-49.68,-9.5395],[-49.6747,-9.5359]]]}},{"type":"Feature","properties":{"nome":"Mateiros","cod":"1712702","uf":"TO"},"geometry":{"type":"Polygon","coordinates":[[[-46.7556,-10.1481],[-46.7491,-10.1531],[-46.7423,-10.152],[-46.7348,-10.1519],[-46.7214,-10.1591],[-46.713,-10.1519],[-46.7053,-10.158],[-46.691,-10.1597],[-46.6901,-10.1637],[-46.68,-10.1623],[-46.6728,-10.1726],[-46.6678,-10.1778],[-46.6665,-10.1865],[-46.658,-10.186],[-46.6553,-10.1962],[-46.6478,-10.1948],[-46.6415,-10.2054],[-46.6447,-10.2061],[-46.6431,-10.2089],[-46.636,-10.2114],[-46.6324,-10.2092],[-46.6309,-10.2136],[-46.6217,-10.2174],[-46.6176,-10.2116],[-46.6144,-10.2236],[-46.6073,-10.2254],[-46.6049,-10.2276],[-46.5984,-10.2145],[-46.5954,-10.2182],[-46.5842,-10.2191],[-46.5798,-10.2157],[-46.5767,-10.2173],[-46.5738,-10.2119],[-46.5689,-10.2155],[-46.5631,-10.2147],[-46.5629,-10.2085],[-46.5513,-10.2067],[-46.5481,-10.2021],[-46.5457,-10.2067],[-46.535,-10.2015],[-46.5317,-10.2054],[-46.5249,-10.2004],[-46.513,-10.2054],[-46.4994,-10.2037],[-46.4941,-10.2078],[-46.4915,-10.204],[-46.4777,-10.2036],[-46.4725,-10.2103],[-46.4628,-10.2118],[-46.453,-10.2089],[-46.443,-10.2147],[-46.4382,-10.2135],[-46.436,-10.2173],[-46.4258,-10.2153],[-46.4198,-10.2105],[-46.3913,-10.212],[-46.3694,-10.223],[-46.3602,-10.2212],[-46.3492,-10.2103],[-46.3299,-10.2063],[-46.3192,-10.2085],[-46.2941,-10.2299],[-46.2826,-10.227],[-46.2632,-10.1967],[-46.2194,-10.1953],[-46.2116,-10.2022],[-46.1944,-10.1826],[-46.1653,-10.2127],[-46.14,-10.2063],[-46.1266,-10.2068],[-46.0993,-10.2125],[-46.0504,-10.1813],[-46.0386,-10.1763],[-46.0279,-10.1765],[-46.0228,-10.183],[-46.0173,-10.24],[-46.0036,-10.2612],[-45.9945,-10.2497],[-45.9735,-10.248],[-45.9459,-10.2584],[-45.9254,-10.2498],[-45.8774,-10.2389],[-45.8428,-10.2588],[-45.7933,-10.2673],[-45.7436,-10.2395],[-45.7334,-10.2282],[-45.7264,-10.2067],[-45.7338,-10.1846],[-45.7346,-10.1717],[-45.7262,-10.1564],[-45.7227,-10.1547],[-45.7154,-10.1665],[-45.6989,-10.1664],[-45.6998,-10.178],[-45.7055,-10.1879],[-45.6977,-10.215],[-45.6971,-10.2631],[-45.7052,-10.2698],[-45.7141,-10.2841],[-45.7236,-10.3168],[-45.7427,-10.3463],[-45.7528,-10.3519],[-45.7971,-10.3523],[-45.8179,-10.3601],[-45.827,-10.3678],[-45.8304,-10.3936],[-45.8207,-10.4053],[-45.8199,-10.4135],[-45.8304,-10.4383],[-45.8644,-10.4385],[-45.8872,-10.4488],[-45.9003,-10.4605],[-45.9063,-10.4733],[-45.9617,-10.5093],[-45.9708,-10.5282],[-45.9837,-10.5296],[-45.9939,-10.5359],[-46.0136,-10.535],[-46.0246,-10.5424],[-46.0274,-10.5667],[-46.0361,-10.5693],[-46.0595,-10.5741],[-46.059,-10.593],[-46.0641,-10.6023],[-46.0767,-10.6067],[-46.0952,-10.6042],[-46.1156,-10.6191],[-46.1369,-10.6219],[-46.1559,-10.6295],[-46.167,-10.6189],[-46.1875,-10.6261],[-46.1888,-10.6314],[-46.2106,-10.6493],[-46.2116,-10.6541],[-46.1875,-10.6826],[-46.1903,-10.71],[-46.1921,-10.7193],[-46.2175,-10.7325],[-46.251,-10.7567],[-46.2495,-10.7618],[-46.2272,-10.7664],[-46.2294,-10.7982],[-46.2334,-10.8044],[-46.2459,-10.812],[-46.2727,-10.8203],[-46.2835,-10.8316],[-46.2969,-10.8668],[-46.2831,-10.8971],[-46.283,-10.9063],[-46.3169,-10.9272],[-46.3283,-10.9422],[-46.3548,-10.9573],[-46.3775,-10.9804],[-46.3985,-10.994],[-46.4057,-11.0193],[-46.4213,-11.0355],[-46.4471,-11.0919],[-46.453,-11.1558],[-46.4719,-11.1908],[-46.4877,-11.2046],[-46.4999,-11.2065],[-46.5816,-11.2463],[-46.6086,-11.2553],[-46.6362,-11.2287],[-46.6431,-11.2256],[-46.6763,-11.2166],[-46.6866,-11.2066],[-46.6907,-11.1945],[-46.6838,-11.1739],[-46.6972,-11.1369],[-46.703,-11.1292],[-46.7001,-11.1224],[-46.7145,-11.1022],[-46.7104,-11.0902],[-46.7182,-11.0868],[-46.7338,-11.0656],[-46.7658,-11.0488],[-46.7787,-11.0352],[-46.7878,-11.038],[-46.8023,-11.0509],[-46.8416,-11.0579],[-46.8727,-11.0411],[-46.8683,-11.0268],[-46.8579,-11.0157],[-46.8606,-11.0109],[-46.853,-11.0085],[-46.8561,-11.0001],[-46.849,-10.9919],[-46.8417,-10.9965],[-46.8386,-10.9943],[-46.8392,-10.9808],[-46.8331,-10.9785],[-46.8324,-10.9639],[-46.8222,-10.9701],[-46.8303,-10.9531],[-46.8217,-10.9573],[-46.8192,-10.9567],[-46.8194,-10.9521],[-46.8105,-10.9576],[-46.8063,-10.9536],[-46.8102,-10.9498],[-46.8085,-10.9446],[-46.825,-10.9453],[-46.825,-10.9418],[-46.8151,-10.9373],[-46.8279,-10.9303],[-46.8422,-10.9404],[-46.844,-10.955],[-46.8535,-10.9606],[-46.8547,-10.9663],[-46.868,-10.957],[-46.8552,-10.9544],[-46.8538,-10.9461],[-46.8588,-10.9478],[-46.8586,-10.942],[-46.8505,-10.9303],[-46.8462,-10.9344],[-46.8447,-10.9276],[-46.8398,-10.9275],[-46.8439,-10.9155],[-46.8483,-10.9122],[-46.8441,-10.9085],[-46.8467,-10.9038],[-46.8413,-10.8958],[-46.8505,-10.8944],[-46.8488,-10.885],[-46.8521,-10.8817],[-46.8582,-10.8871],[-46.8747,-10.8919],[-46.8715,-10.9027],[-46.8801,-10.8985],[-46.8844,-10.9039],[-46.8881,-10.9017],[-46.8849,-10.8931],[-46.888,-10.8857],[-46.8865,-10.8695],[-46.8923,-10.8709],[-46.8935,-10.8656],[-46.8874,-10.8595],[-46.8894,-10.8559],[-46.8989,-10.8534],[-46.9121,-10.8577],[-46.9147,-10.8556],[-46.907,-10.8413],[-46.9037,-10.8424],[-46.9033,-10.8493],[-46.8962,-10.8464],[-46.8894,-10.8479],[-46.8911,-10.8398],[-46.8884,-10.8387],[-46.8874,-10.8299],[-46.882,-10.8288],[-46.8825,-10.8238],[-46.8792,-10.8297],[-46.8748,-10.8285],[-46.8794,-10.8095],[-46.8766,-10.8015],[-46.8901,-10.8079],[-46.8939,-10.7869],[-46.8871,-10.7786],[-46.8886,-10.769],[-46.8928,-10.7691],[-46.8994,-10.7807],[-46.902,-10.7766],[-46.9099,-10.7843],[-46.9118,-10.7808],[-46.9137,-10.7837],[-46.9139,-10.7674],[-46.9069,-10.7627],[-46.9088,-10.7587],[-46.9184,-10.7694],[-46.9254,-10.7685],[-46.9194,-10.7533],[-46.912,-10.7492],[-46.9058,-10.7528],[-46.9008,-10.7297],[-46.9065,-10.7301],[-46.9101,-10.7165],[-46.905,-10.7188],[-46.9012,-10.7139],[-46.8963,-10.7196],[-46.8919,-10.7096],[-46.8845,-10.7169],[-46.8802,-10.7157],[-46.8791,-10.7099],[-46.8877,-10.7016],[-46.8857,-10.6979],[-46.889,-10.6888],[-46.8943,-10.6902],[-46.8973,-10.6963],[-46.8983,-10.6878],[-46.9061,-10.6915],[-46.9038,-10.6832],[-46.9059,-10.6698],[-46.9093,-10.6739],[-46.9151,-10.673],[-46.9149,-10.6806],[-46.9244,-10.6722],[-46.9273,-10.6797],[-46.9309,-10.6802],[-46.9334,-10.6752],[-46.932,-10.6688],[-46.927,-10.6655],[-46.9277,-10.6579],[-46.9417,-10.6637],[-46.9477,-10.6624],[-46.9469,-10.6681],[-46.9515,-10.6663],[-46.9545,-10.6612],[-46.9528,-10.6504],[-46.9471,-10.6529],[-46.9456,-10.6401],[-46.9585,-10.6389],[-46.9577,-10.6214],[-46.9634,-10.6153],[-46.9704,-10.6222],[-46.973,-10.6194],[-46.9595,-10.6063],[-46.9616,-10.6026],[-46.9677,-10.6061],[-46.9691,-10.6032],[-46.9594,-10.5865],[-46.9659,-10.5755],[-46.9691,-10.5763],[-46.968,-10.5811],[-46.9752,-10.5841],[-46.9849,-10.5803],[-46.9936,-10.5821],[-46.9972,-10.5878],[-47.0018,-10.5854],[-46.9932,-10.5749],[-46.9972,-10.5687],[-46.9926,-10.5638],[-46.9973,-10.5577],[-46.9933,-10.5511],[-46.9985,-10.548],[-46.9989,-10.5346],[-47.0077,-10.5314],[-47.0036,-10.5221],[-47.0074,-10.5136],[-47.014,-10.5085],[-47.0183,-10.5131],[-47.0229,-10.5109],[-47.0213,-10.5181],[-47.0317,-10.517],[-47.04,-10.5107],[-47.048,-10.5127],[-47.0532,-10.5184],[-47.0576,-10.5024],[-47.0632,-10.5073],[-47.0734,-10.5072],[-47.0807,-10.4945],[-47.0804,-10.4904],[-47.0744,-10.4855],[-47.0757,-10.4811],[-47.0823,-10.4791],[-47.08,-10.4707],[-47.0973,-10.4856],[-47.1152,-10.4841],[-47.117,-10.4756],[-47.1089,-10.4554],[-47.1009,-10.4544],[-47.0928,-10.4597],[-47.0871,-10.4502],[-47.1017,-10.4479],[-47.101,-10.4441],[-47.1003,-10.4396],[-47.1159,-10.4501],[-47.1259,-10.4516],[-47.1269,-10.437],[-47.1177,-10.4246],[-47.1096,-10.4213],[-47.109,-10.4131],[-47.1028,-10.4066],[-47.1047,-10.4044],[-47.1154,-10.4074],[-47.1155,-10.4048],[-47.1066,-10.3972],[-47.1015,-10.3808],[-47.0903,-10.3801],[-47.0922,-10.3737],[-47.0887,-10.3649],[-47.0733,-10.3589],[-47.065,-10.3413],[-47.0558,-10.3368],[-47.0485,-10.3169],[-47.0446,-10.3178],[-47.0366,-10.331],[-47.0323,-10.331],[-47.0292,-10.3231],[-47.0348,-10.3101],[-47.02,-10.3068],[-47.0234,-10.303],[-47.0182,-10.3023],[-47.0234,-10.291],[-47.0228,-10.2849],[-47.0145,-10.2811],[-47.0161,-10.2746],[-47.0132,-10.2705],[-47.0069,-10.2679],[-46.9883,-10.2749],[-46.9872,-10.2688],[-46.9771,-10.2657],[-46.9766,-10.257],[-46.9885,-10.2532],[-46.9902,-10.2464],[-46.9951,-10.2448],[-46.9786,-10.2278],[-46.9717,-10.2144],[-46.961,-10.2054],[-46.9555,-10.1906],[-46.9455,-10.1795],[-46.9472,-10.1758],[-46.9372,-10.1837],[-46.9264,-10.1759],[-46.9265,-10.1803],[-46.9156,-10.1858],[-46.9063,-10.186],[-46.9015,-10.1939],[-46.8938,-10.1946],[-46.8833,-10.1906],[-46.8599,-10.193],[-46.8554,-10.1869],[-46.8464,-10.1874],[-46.8433,-10.1832],[-46.8383,-10.1837],[-46.8371,-10.1769],[-46.8166,-10.1605],[-46.8003,-10.1612],[-46.7982,-10.1639],[-46.7858,-10.1626],[-46.7839,-10.1598],[-46.7772,-10.152],[-46.7688,-10.1576],[-46.7556,-10.1481]]]}},{"type":"Feature","properties":{"nome":"Maurilândia do Tocantins","cod":"1712801","uf":"TO"},"geometry":{"type":"Polygon","coordinates":[[[-47.4306,-5.8688],[-47.4324,-5.8935],[-47.4294,-5.9111],[-47.4296,-5.9349],[-47.4476,-5.9926],[-47.4383,-6.0124],[-47.4404,-6.0155],[-47.4476,-6.0257],[-47.4485,-6.0363],[-47.4658,-6.054],[-47.4759,-6.0597],[-47.492,-6.0584],[-47.4967,-6.0678],[-47.5028,-6.0692],[-47.503,-6.0693],[-47.5046,-6.0764],[-47.5157,-6.0783],[-47.5275,-6.0896],[-47.5338,-6.1045],[-47.5609,-6.1288],[-47.6021,-6.1394],[-47.6245,-6.1545],[-47.6381,-6.1554],[-47.641,-6.1605],[-47.6566,-6.1701],[-47.6868,-6.1599],[-47.6963,-6.1633],[-47.7057,-6.1783],[-47.7211,-6.1825],[-47.7245,-6.1839],[-47.7653,-6.1526],[-47.7484,-6.1277],[-47.7462,-6.0974],[-47.7395,-6.0957],[-47.7196,-6.073],[-47.7119,-6.0337],[-47.6923,-6.0182],[-47.702,-6.0147],[-47.7083,-6.0055],[-47.6999,-5.9894],[-47.7039,-5.9593],[-47.7004,-5.9488],[-47.7019,-5.9399],[-47.6728,-5.9342],[-47.6374,-5.9265],[-47.6201,-5.9247],[-47.6176,-5.9307],[-47.6115,-5.9316],[-47.5997,-5.9254],[-47.5865,-5.929],[-47.5726,-5.9229],[-47.5718,-5.9175],[-47.5653,-5.9158],[-47.5626,-5.9102],[-47.5542,-5.9101],[-47.5534,-5.9056],[-47.5364,-5.9085],[-47.5185,-5.8887],[-47.5191,-5.8801],[-47.4989,-5.8806],[-47.4961,-5.8849],[-47.4841,-5.8786],[-47.4751,-5.8787],[-47.4733,-5.8765],[-47.4692,-5.8733],[-47.4497,-5.8719],[-47.4419,-5.8583],[-47.4374,-5.8575],[-47.4306,-5.8688]]]}},{"type":"Feature","properties":{"nome":"Miracema do Tocantins","cod":"1713205","uf":"TO"},"geometry":{"type":"Polygon","coordinates":[[[-48.3663,-9.3578],[-48.3569,-9.3915],[-48.3766,-9.4372],[-48.3693,-9.4963],[-48.3735,-9.5313],[-48.3795,-9.5618],[-48.3882,-9.5805],[-48.3959,-9.5936],[-48.4016,-9.6042],[-48.4042,-9.62],[-48.3978,-9.6433],[-48.3965,-9.6454],[-48.3796,-9.6707],[-48.3722,-9.6749],[-48.3652,-9.6951],[-48.3674,-9.705],[-48.359,-9.7262],[-48.3613,-9.7468],[-48.3659,-9.7527],[-48.3738,-9.7654],[-48.3777,-9.7753],[-48.3759,-9.7873],[-48.3379,-9.8168],[-48.3323,-9.8293],[-48.332,-9.8646],[-48.3379,-9.8827],[-48.3476,-9.8962],[-48.3648,-9.9029],[-48.3706,-9.9177],[-48.3739,-9.9442],[-48.3678,-9.9572],[-48.3509,-9.973],[-48.3389,-9.9988],[-48.3341,-10.0214],[-48.3358,-10.0349],[-48.3468,-10.0467],[-48.3472,-10.0547],[-48.3678,-10.0632],[-48.3656,-10.0567],[-48.3858,-10.0557],[-48.3927,-10.0477],[-48.3973,-10.0475],[-48.3964,-10.0438],[-48.4036,-10.0512],[-48.402,-10.0444],[-48.4107,-10.0366],[-48.4108,-10.0316],[-48.4179,-10.0321],[-48.424,-10.0228],[-48.43,-10.0256],[-48.4352,-10.0171],[-48.4391,-10.0198],[-48.4431,-10.0182],[-48.4462,-10.0238],[-48.4493,-10.017],[-48.4582,-10.0201],[-48.4648,-10.027],[-48.4606,-10.0276],[-48.464,-10.0326],[-48.4832,-10.0264],[-48.4847,-10.0295],[-48.497,-10.0322],[-48.497,-10.041],[-48.5022,-10.0376],[-48.5045,-10.0423],[-48.5131,-10.0436],[-48.5194,-10.0321],[-48.5272,-10.039],[-48.5386,-10.0351],[-48.5557,-10.0411],[-48.5612,-10.0395],[-48.5696,-10.0278],[-48.578,-10.0268],[-48.5866,-10.0448],[-48.5949,-10.045],[-48.5938,-10.0485],[-48.5984,-10.052],[-48.5978,-10.0639],[-48.6157,-10.0641],[-48.6204,-10.0676],[-48.6248,-10.0791],[-48.6359,-10.0726],[-48.6366,-10.082],[-48.6486,-10.0855],[-48.6543,-10.0809],[-48.6597,-10.0874],[-48.6648,-10.0861],[-48.6698,-10.0917],[-48.7062,-10.0825],[-48.7079,-10.0747],[-48.7246,-10.061],[-48.7265,-10.0439],[-48.7378,-10.0381],[-48.7412,-10.0319],[-48.7544,-10.0359],[-48.7637,-10.0299],[-48.7776,-10.0277],[-48.7849,-10.0347],[-48.7929,-10.0371],[-48.7998,-10.0491],[-48.8049,-10.05],[-48.7428,-9.9688],[-48.7434,-9.9476],[-48.7388,-9.9395],[-48.7337,-9.9311],[-48.7294,-9.9066],[-48.7227,-9.9069],[-48.6965,-9.8934],[-48.6462,-9.8988],[-48.6407,-9.8961],[-48.6229,-9.8641],[-48.629,-9.8317],[-48.6416,-9.8177],[-48.6464,-9.7989],[-48.6522,-9.79],[-48.654,-9.7699],[-48.6499,-9.7576],[-48.6778,-9.762],[-48.6807,-9.7573],[-48.695,-9.7368],[-48.7036,-9.7709],[-48.7174,-9.7688],[-48.7321,-9.7587],[-48.7421,-9.7622],[-48.7497,-9.7603],[-48.7544,-9.751],[-48.7504,-9.7502],[-48.746,-9.7325],[-48.7543,-9.7379],[-48.7642,-9.7348],[-48.7856,-9.7397],[-48.7901,-9.7469],[-48.7954,-9.7457],[-48.7981,-9.7359],[-48.8013,-9.7361],[-48.8062,-9.7376],[-48.8082,-9.7431],[-48.8105,-9.7392],[-48.8134,-9.7398],[-48.8129,-9.748],[-48.8165,-9.7509],[-48.8229,-9.745],[-48.8501,-9.7362],[-48.8531,-9.7304],[-48.8602,-9.7316],[-48.8686,-9.7088],[-48.8622,-9.6997],[-48.8674,-9.6953],[-48.8691,-9.6794],[-48.86,-9.6778],[-48.8526,-9.6537],[-48.8616,-9.6504],[-48.8564,-9.6297],[-48.8609,-9.6256],[-48.8557,-9.612],[-48.8582,-9.6028],[-48.8651,-9.5982],[-48.8639,-9.5928],[-48.8734,-9.583],[-48.7324,-9.5851],[-48.7259,-9.5829],[-48.7078,-9.5927],[-48.7024,-9.6019],[-48.6894,-9.608],[-48.6878,-9.6061],[-48.6805,-9.6129],[-48.6653,-9.6133],[-48.657,-9.6089],[-48.6531,-9.6159],[-48.6549,-9.6043],[-48.6484,-9.5962],[-48.6511,-9.5936],[-48.6433,-9.59],[-48.6413,-9.5933],[-48.6313,-9.5902],[-48.6233,-9.5928],[-48.6231,-9.593],[-48.5878,-9.5731],[-48.5807,-9.563],[-48.5721,-9.5594],[-48.5636,-9.5479],[-48.5651,-9.5418],[-48.5548,-9.5459],[-48.5293,-9.5244],[-48.5114,-9.5189],[-48.5105,-9.5156],[-48.5174,-9.5093],[-48.5174,-9.5054],[-48.5273,-9.5007],[-48.5273,-9.5062],[-48.5344,-9.5048],[-48.5325,-9.4984],[-48.541,-9.4945],[-48.5501,-9.4981],[-48.5533,-9.4931],[-48.5503,-9.4874],[-48.5522,-9.4818],[-48.562,-9.4772],[-48.5634,-9.4717],[-48.5779,-9.4598],[-48.5699,-9.4202],[-48.5481,-9.4266],[-48.5386,-9.421],[-48.5235,-9.428],[-48.5168,-9.4166],[-48.503,-9.4074],[-48.505,-9.3987],[-48.4948,-9.3907],[-48.4777,-9.387],[-48.4701,-9.3765],[-48.4485,-9.3791],[-48.4235,-9.3612],[-48.4096,-9.3571],[-48.4077,-9.3617],[-48.4013,-9.3594],[-48.3825,-9.3636],[-48.3771,-9.3547],[-48.3816,-9.3508],[-48.3826,-9.342],[-48.3781,-9.3374],[-48.3731,-9.3424],[-48.3667,-9.3426],[-48.3663,-9.3578]]]}},{"type":"Feature","properties":{"nome":"Miranorte","cod":"1713304","uf":"TO"},"geometry":{"type":"Polygon","coordinates":[[[-48.6942,-9.1934],[-48.6935,-9.2042],[-48.6826,-9.214],[-48.6765,-9.2129],[-48.673,-9.2199],[-48.6682,-9.2208],[-48.6634,-9.2361],[-48.6561,-9.2401],[-48.6498,-9.2315],[-48.6503,-9.2157],[-48.6417,-9.2065],[-48.6461,-9.1984],[-48.645,-9.1879],[-48.6237,-9.1941],[-48.6197,-9.1974],[-48.6182,-9.2052],[-48.6134,-9.2081],[-48.6074,-9.2088],[-48.6039,-9.2053],[-48.5964,-9.2093],[-48.5736,-9.2087],[-48.5645,-9.2154],[-48.5629,-9.228],[-48.5685,-9.2383],[-48.571,-9.2547],[-48.5781,-9.2606],[-48.5919,-9.2845],[-48.5859,-9.2941],[-48.5897,-9.3041],[-48.5854,-9.3137],[-48.5738,-9.3147],[-48.5619,-9.3208],[-48.5657,-9.3256],[-48.5714,-9.3211],[-48.5763,-9.3276],[-48.5803,-9.3246],[-48.5811,-9.3311],[-48.5863,-9.3305],[-48.5848,-9.3381],[-48.5746,-9.3408],[-48.5808,-9.349],[-48.5795,-9.3608],[-48.587,-9.3748],[-48.5791,-9.3871],[-48.5925,-9.4118],[-48.5717,-9.4197],[-48.5699,-9.4202],[-48.5779,-9.4598],[-48.5634,-9.4717],[-48.562,-9.4772],[-48.5522,-9.4818],[-48.5503,-9.4874],[-48.5533,-9.4931],[-48.5501,-9.4981],[-48.541,-9.4945],[-48.5325,-9.4984],[-48.5344,-9.5048],[-48.5273,-9.5062],[-48.5273,-9.5007],[-48.5174,-9.5054],[-48.5174,-9.5093],[-48.5105,-9.5156],[-48.5114,-9.5189],[-48.5293,-9.5244],[-48.5548,-9.5459],[-48.5651,-9.5418],[-48.5636,-9.5479],[-48.5721,-9.5594],[-48.5807,-9.563],[-48.5878,-9.5731],[-48.6231,-9.593],[-48.6233,-9.5928],[-48.6313,-9.5902],[-48.6413,-9.5933],[-48.6433,-9.59],[-48.6511,-9.5936],[-48.6484,-9.5962],[-48.6549,-9.6043],[-48.6531,-9.6159],[-48.657,-9.6089],[-48.6653,-9.6133],[-48.6805,-9.6129],[-48.6878,-9.6061],[-48.6894,-9.608],[-48.7024,-9.6019],[-48.7078,-9.5927],[-48.7259,-9.5829],[-48.7324,-9.5851],[-48.8734,-9.583],[-48.871,-9.5705],[-48.8644,-9.5593],[-48.8527,-9.5518],[-48.8399,-9.5492],[-48.8301,-9.5342],[-48.8295,-9.519],[-48.8176,-9.511],[-48.8241,-9.5006],[-48.8105,-9.4844],[-48.8197,-9.47],[-48.8155,-9.4518],[-48.7983,-9.4406],[-48.8003,-9.4219],[-48.7857,-9.407],[-48.7769,-9.4068],[-48.7694,-9.4118],[-48.7549,-9.4056],[-48.7537,-9.4108],[-48.7502,-9.4102],[-48.75,-9.3838],[-48.7599,-9.3751],[-48.7538,-9.3515],[-48.76,-9.3392],[-48.7584,-9.3207],[-48.7604,-9.3158],[-48.7688,-9.3106],[-48.7644,-9.3031],[-48.7703,-9.2897],[-48.7639,-9.2855],[-48.7622,-9.2801],[-48.7691,-9.2683],[-48.7716,-9.2634],[-48.7562,-9.256],[-48.756,-9.2501],[-48.7523,-9.2471],[-48.7489,-9.231],[-48.7517,-9.2283],[-48.7515,-9.1997],[-48.7465,-9.1962],[-48.7344,-9.1963],[-48.7324,-9.1834],[-48.7192,-9.1749],[-48.7086,-9.1775],[-48.7081,-9.1818],[-48.6942,-9.1934]]]}},{"type":"Feature","properties":{"nome":"Monte do Carmo","cod":"1713601","uf":"TO"},"geometry":{"type":"Polygon","coordinates":[[[-47.9059,-10.3085],[-47.8896,-10.3162],[-47.8783,-10.3158],[-47.8709,-10.3059],[-47.8546,-10.3114],[-47.8564,-10.3221],[-47.8676,-10.3289],[-47.8629,-10.3521],[-47.8662,-10.3717],[-47.86,-10.3798],[-47.8419,-10.3812],[-47.8374,-10.395],[-47.8426,-10.4081],[-47.8329,-10.4274],[-47.8392,-10.4378],[-47.8303,-10.4482],[-47.8253,-10.4668],[-47.8271,-10.4762],[-47.8196,-10.4884],[-47.84,-10.4966],[-47.8427,-10.5049],[-47.8401,-10.5158],[-47.8482,-10.5318],[-47.8401,-10.5465],[-47.8461,-10.5622],[-47.8531,-10.5607],[-47.857,-10.5638],[-47.8457,-10.5796],[-47.8493,-10.5856],[-47.8459,-10.5942],[-47.8367,-10.6035],[-47.8299,-10.6033],[-47.8255,-10.6078],[-47.8315,-10.627],[-47.8234,-10.64],[-47.8245,-10.6465],[-47.8201,-10.6541],[-47.8079,-10.6584],[-47.8039,-10.6664],[-47.8111,-10.6802],[-47.7922,-10.6895],[-47.7938,-10.7016],[-47.7846,-10.709],[-47.7909,-10.7188],[-47.7992,-10.7136],[-47.7979,-10.7236],[-47.8063,-10.726],[-47.8149,-10.741],[-47.8235,-10.7454],[-47.8238,-10.7519],[-47.8082,-10.7609],[-47.8068,-10.7724],[-47.801,-10.7687],[-47.7941,-10.7756],[-47.7892,-10.7883],[-47.7973,-10.7873],[-47.7978,-10.7907],[-47.7899,-10.7942],[-47.7836,-10.8054],[-47.7818,-10.8217],[-47.7754,-10.8279],[-47.7754,-10.8321],[-47.7704,-10.8321],[-47.7675,-10.836],[-47.7695,-10.8476],[-47.765,-10.8489],[-47.7575,-10.8596],[-47.7614,-10.8688],[-47.7556,-10.8707],[-47.7529,-10.8848],[-47.7546,-10.8936],[-47.7436,-10.9003],[-47.7427,-10.9074],[-47.7459,-10.9111],[-47.7557,-10.9123],[-47.7576,-10.9195],[-47.7624,-10.9163],[-47.7729,-10.9284],[-47.7822,-10.9296],[-47.7838,-10.9381],[-47.7959,-10.9497],[-47.8205,-10.9461],[-47.8472,-10.9537],[-47.8559,-10.9589],[-47.8596,-10.957],[-47.8668,-10.9599],[-47.8823,-10.9725],[-47.8846,-10.9897],[-47.8508,-11.1251],[-47.8584,-11.1155],[-47.8717,-11.1187],[-47.881,-11.1086],[-47.8942,-11.1146],[-47.8981,-11.1101],[-47.9114,-11.1142],[-47.9204,-11.1118],[-47.9302,-11.122],[-47.9357,-11.1352],[-47.9484,-11.1537],[-47.9699,-11.159],[-47.9802,-11.1703],[-48.0149,-11.1758],[-48.0382,-11.1628],[-48.0691,-11.1547],[-48.0861,-11.1306],[-48.113,-11.133],[-48.1206,-11.1252],[-48.1275,-11.1083],[-48.1551,-11.0794],[-48.1598,-11.0562],[-48.1865,-11.0293],[-48.2,-11.0175],[-48.2109,-11.0206],[-48.2168,-11.0121],[-48.2212,-10.9894],[-48.2194,-10.9875],[-48.2252,-10.9707],[-48.2367,-10.9597],[-48.2406,-10.9464],[-48.254,-10.9398],[-48.2333,-10.9219],[-48.2247,-10.9191],[-48.2128,-10.9222],[-48.2005,-10.9186],[-48.1996,-10.8953],[-48.1953,-10.8853],[-48.1889,-10.8801],[-48.1784,-10.8792],[-48.1785,-10.8674],[-48.2051,-10.8617],[-48.2088,-10.8502],[-48.2142,-10.8508],[-48.2428,-10.8396],[-48.2511,-10.8501],[-48.2595,-10.8452],[-48.2689,-10.83],[-48.2681,-10.8122],[-48.2739,-10.8033],[-48.2681,-10.7891],[-48.2693,-10.7829],[-48.2369,-10.739],[-48.2167,-10.7182],[-48.1944,-10.711],[-48.1831,-10.7037],[-48.1702,-10.696],[-48.1581,-10.6802],[-48.1675,-10.6692],[-48.1698,-10.6706],[-48.1783,-10.6636],[-48.1906,-10.6605],[-48.2002,-10.664],[-48.1986,-10.6608],[-48.2021,-10.6541],[-48.2096,-10.6528],[-48.2182,-10.6419],[-48.2359,-10.6278],[-48.2584,-10.6225],[-48.2607,-10.6182],[-48.2715,-10.6184],[-48.2756,-10.612],[-48.2841,-10.6034],[-48.2923,-10.6016],[-48.2999,-10.5861],[-48.3059,-10.5814],[-48.2632,-10.5291],[-48.2828,-10.5158],[-48.2915,-10.5162],[-48.3048,-10.4989],[-48.2817,-10.4863],[-48.2681,-10.4899],[-48.2631,-10.501],[-48.2549,-10.5015],[-48.247,-10.4973],[-48.2336,-10.497],[-48.2211,-10.4861],[-48.216,-10.48],[-48.2154,-10.4729],[-48.2103,-10.4692],[-48.1938,-10.4674],[-48.1772,-10.4525],[-48.1574,-10.4579],[-48.1401,-10.4577],[-48.0837,-10.4598],[-48.0836,-10.4598],[-48.065,-10.4375],[-48.0469,-10.389],[-48.031,-10.3948],[-48.0213,-10.3895],[-48.0097,-10.3781],[-48.0079,-10.368],[-48.0008,-10.3631],[-47.995,-10.3428],[-47.9878,-10.3386],[-47.9841,-10.331],[-47.9695,-10.3226],[-47.9612,-10.3218],[-47.9448,-10.31],[-47.9392,-10.2987],[-47.9274,-10.2948],[-47.9146,-10.3082],[-47.9059,-10.3085]]]}},{"type":"Feature","properties":{"nome":"Monte Santo do Tocantins","cod":"1713700","uf":"TO"},"geometry":{"type":"Polygon","coordinates":[[[-48.928,-9.8314],[-48.9244,-9.8369],[-48.9178,-9.8307],[-48.9053,-9.8318],[-48.8859,-9.8398],[-48.8832,-9.8595],[-48.8651,-9.8712],[-48.8533,-9.8856],[-48.8541,-9.8946],[-48.8506,-9.8996],[-48.8577,-9.9049],[-48.8541,-9.9266],[-48.8584,-9.9304],[-48.861,-9.9481],[-48.8703,-9.9519],[-48.8729,-9.9642],[-48.8703,-9.9755],[-48.8801,-9.9899],[-48.881,-10.005],[-48.8888,-10.0155],[-48.8961,-10.017],[-48.9037,-10.028],[-48.9014,-10.0485],[-48.8935,-10.0617],[-48.8968,-10.0805],[-48.9042,-10.0846],[-48.9066,-10.092],[-48.9135,-10.0932],[-48.9183,-10.1046],[-48.924,-10.1082],[-48.9314,-10.1078],[-48.9348,-10.1168],[-48.9481,-10.1292],[-48.9495,-10.1337],[-48.9456,-10.14],[-48.9651,-10.1386],[-48.9683,-10.1343],[-48.9753,-10.1331],[-48.9797,-10.1351],[-48.9817,-10.1435],[-48.9942,-10.1423],[-48.9998,-10.1392],[-48.9999,-10.1314],[-49.006,-10.1203],[-49.018,-10.1312],[-49.0236,-10.1287],[-49.0242,-10.1376],[-49.0302,-10.1372],[-49.0288,-10.1399],[-49.0318,-10.141],[-49.0293,-10.1494],[-49.0424,-10.1437],[-49.0439,-10.1512],[-49.0507,-10.1513],[-49.0528,-10.1473],[-49.0568,-10.1473],[-49.0596,-10.1406],[-49.064,-10.1435],[-49.0749,-10.1379],[-49.0873,-10.142],[-49.1005,-10.1401],[-49.1092,-10.1448],[-49.1091,-10.1486],[-49.1157,-10.1491],[-49.121,-10.1425],[-49.1281,-10.1431],[-49.1278,-10.1477],[-49.1322,-10.1472],[-49.137,-10.1394],[-49.1346,-10.137],[-49.143,-10.1283],[-49.1508,-10.1244],[-49.1584,-10.1082],[-49.1728,-10.0969],[-49.1905,-10.1002],[-49.1948,-10.0944],[-49.2058,-10.0919],[-49.2108,-10.0858],[-49.2103,-10.0738],[-49.2133,-10.0698],[-49.2136,-10.073],[-49.2169,-10.073],[-49.2171,-10.0666],[-49.2214,-10.0642],[-49.2302,-10.0665],[-49.2434,-10.0574],[-49.2614,-10.0594],[-49.2781,-10.0483],[-49.2767,-10.0398],[-49.2816,-10.0413],[-49.2911,-10.0375],[-49.2925,-10.0413],[-49.2981,-10.0346],[-49.3053,-10.034],[-49.3088,-10.0172],[-49.318,-10.0045],[-49.3485,-9.9854],[-49.3522,-9.9797],[-49.3698,-9.9791],[-49.3776,-9.9699],[-49.3978,-9.9599],[-49.3977,-9.9559],[-49.3885,-9.9514],[-49.3786,-9.9488],[-49.3764,-9.9519],[-49.3763,-9.9488],[-49.37,-9.9458],[-49.3641,-9.9478],[-49.3544,-9.9342],[-49.3356,-9.9247],[-49.331,-9.9251],[-49.3179,-9.9382],[-49.2903,-9.9312],[-49.2789,-9.9395],[-49.2516,-9.9256],[-49.2412,-9.9256],[-49.2203,-9.9464],[-49.193,-9.9564],[-49.1837,-9.953],[-49.1645,-9.9544],[-49.1588,-9.9572],[-49.1545,-9.9663],[-49.1434,-9.9708],[-49.1199,-9.9717],[-49.1013,-9.9681],[-49.0934,-9.9645],[-49.0838,-9.9535],[-49.0737,-9.949],[-49.0666,-9.9635],[-49.0569,-9.9591],[-49.0473,-9.9406],[-49.0495,-9.9292],[-49.0561,-9.924],[-49.0566,-9.896],[-49.0629,-9.8827],[-49.0711,-9.8768],[-49.0638,-9.874],[-49.0563,-9.8657],[-49.0431,-9.8687],[-49.0214,-9.8616],[-49.0192,-9.8633],[-49.01,-9.857],[-48.9849,-9.8583],[-48.9765,-9.8532],[-48.9664,-9.8531],[-48.9636,-9.8423],[-48.9578,-9.8389],[-48.951,-9.8431],[-48.9451,-9.8424],[-48.93,-9.8228],[-48.9269,-9.8247],[-48.928,-9.8314]]]}},{"type":"Feature","properties":{"nome":"Palmeiras do Tocantins","cod":"1713809","uf":"TO"},"geometry":{"type":"Polygon","coordinates":[[[-47.6346,-6.4497],[-47.6003,-6.4796],[-47.6002,-6.4796],[-47.5775,-6.4993],[-47.5772,-6.4996],[-47.5069,-6.5601],[-47.5052,-6.572],[-47.4801,-6.5885],[-47.464,-6.5852],[-47.4628,-6.6067],[-47.4982,-6.6708],[-47.4929,-6.6894],[-47.4958,-6.6968],[-47.5111,-6.7208],[-47.519,-6.7209],[-47.5202,-6.7153],[-47.5252,-6.7149],[-47.5264,-6.7098],[-47.5331,-6.7083],[-47.5327,-6.7053],[-47.5559,-6.7073],[-47.5676,-6.7017],[-47.5759,-6.7081],[-47.5831,-6.7068],[-47.5859,-6.7106],[-47.5928,-6.711],[-47.5925,-6.7086],[-47.6074,-6.7048],[-47.6118,-6.707],[-47.6139,-6.7021],[-47.616,-6.704],[-47.6214,-6.701],[-47.6395,-6.709],[-47.6486,-6.7041],[-47.653,-6.709],[-47.6634,-6.7107],[-47.6671,-6.7081],[-47.6704,-6.7121],[-47.6801,-6.7079],[-47.6899,-6.711],[-47.6952,-6.7036],[-47.6997,-6.7077],[-47.7092,-6.7071],[-47.7109,-6.702],[-47.7231,-6.692],[-47.7321,-6.6911],[-47.7336,-6.6869],[-47.7401,-6.6856],[-47.7465,-6.6833],[-47.747,-6.6793],[-47.7599,-6.6688],[-47.775,-6.6745],[-47.7696,-6.6674],[-47.7673,-6.65],[-47.7924,-6.6189],[-47.8096,-6.6055],[-47.8203,-6.5896],[-47.8442,-6.5782],[-47.8556,-6.5795],[-47.8725,-6.5903],[-47.8585,-6.5398],[-47.8235,-6.5664],[-47.7706,-6.5567],[-47.7664,-6.5463],[-47.7682,-6.5342],[-47.7628,-6.5333],[-47.7477,-6.5079],[-47.7456,-6.5095],[-47.7303,-6.4972],[-47.7205,-6.4987],[-47.7206,-6.5031],[-47.7168,-6.5054],[-47.7122,-6.4997],[-47.7088,-6.5031],[-47.7064,-6.499],[-47.6982,-6.5011],[-47.6961,-6.4951],[-47.6879,-6.489],[-47.6849,-6.4797],[-47.6759,-6.4752],[-47.6718,-6.4774],[-47.6616,-6.4688],[-47.6486,-6.4698],[-47.6443,-6.4534],[-47.6346,-6.4497]]]}},{"type":"Feature","properties":{"nome":"Muricilândia","cod":"1713957","uf":"TO"},"geometry":{"type":"Polygon","coordinates":[[[-48.7236,-6.9557],[-48.6731,-6.9904],[-48.6704,-6.9863],[-48.6743,-6.9785],[-48.6734,-6.97],[-48.6699,-6.9649],[-48.6616,-6.9604],[-48.656,-6.9511],[-48.6487,-6.9508],[-48.6425,-6.946],[-48.6307,-6.9488],[-48.6285,-6.9622],[-48.6302,-6.9669],[-48.6375,-6.9678],[-48.6388,-6.9734],[-48.6305,-6.9748],[-48.6265,-6.9681],[-48.6212,-6.9873],[-48.6238,-7.0105],[-48.6165,-7.0106],[-48.6215,-7.0165],[-48.6209,-7.0235],[-48.6094,-7.027],[-48.6053,-7.0546],[-48.5997,-7.0522],[-48.5998,-7.0639],[-48.5952,-7.0652],[-48.5883,-7.0657],[-48.564,-7.08],[-48.5637,-7.0972],[-48.5584,-7.113],[-48.5596,-7.1256],[-48.554,-7.1523],[-48.5524,-7.1565],[-48.5637,-7.1896],[-48.5602,-7.2022],[-48.5633,-7.2204],[-48.556,-7.22],[-48.5503,-7.237],[-48.5535,-7.2442],[-48.5538,-7.2635],[-48.5605,-7.2824],[-48.6181,-7.2839],[-48.6658,-7.2851],[-48.6675,-7.269],[-48.6744,-7.2785],[-48.6827,-7.2803],[-48.6796,-7.255],[-48.6646,-7.133],[-48.6678,-7.1187],[-48.6768,-7.1084],[-48.6834,-7.1031],[-48.6923,-7.1044],[-48.7059,-7.0974],[-48.7144,-7.0706],[-48.7256,-7.0657],[-48.7321,-7.0547],[-48.7504,-7.0506],[-48.7587,-7.0433],[-48.763,-7.0473],[-48.7618,-7.0573],[-48.7678,-7.0852],[-48.774,-7.0912],[-48.7849,-7.0923],[-48.7895,-7.106],[-48.8654,-7.0693],[-48.8983,-7.0483],[-48.8995,-7.04],[-48.8954,-7.0386],[-48.8998,-7.0337],[-48.9106,-7.0319],[-48.9155,-7.0178],[-48.927,-7.004],[-48.9265,-6.9968],[-48.9391,-6.9917],[-48.9454,-6.9857],[-48.9501,-6.9878],[-48.9556,-6.9847],[-48.9714,-6.969],[-48.9816,-6.9707],[-48.9881,-6.9674],[-48.9942,-6.9583],[-49.0038,-6.9518],[-49.0099,-6.938],[-49.0121,-6.9219],[-49.0166,-6.9166],[-49.015,-6.9038],[-49.0191,-6.8687],[-49.0272,-6.8603],[-49.0197,-6.8408],[-49.0226,-6.8341],[-49.0201,-6.8263],[-49.0316,-6.8045],[-49.0307,-6.8011],[-49.0184,-6.7838],[-48.9633,-6.7791],[-48.9457,-6.7693],[-48.9391,-6.7663],[-48.9134,-6.757],[-48.8746,-6.7524],[-48.8466,-6.7481],[-48.8394,-6.7502],[-48.8538,-6.7604],[-48.855,-6.7746],[-48.8648,-6.7851],[-48.8695,-6.7983],[-48.8714,-6.8127],[-48.8607,-6.8216],[-48.8699,-6.8551],[-48.7236,-6.9557]]]}},{"type":"Feature","properties":{"nome":"Natividade","cod":"1714203","uf":"TO"},"geometry":{"type":"Polygon","coordinates":[[[-47.4473,-11.3692],[-47.4605,-11.3901],[-47.4646,-11.3983],[-47.4597,-11.4051],[-47.4692,-11.4089],[-47.4723,-11.4218],[-47.469,-11.4345],[-47.4728,-11.4353],[-47.4746,-11.4423],[-47.4815,-11.4427],[-47.4785,-11.4529],[-47.4826,-11.4625],[-47.4786,-11.479],[-47.4724,-11.4875],[-47.4776,-11.518],[-47.4726,-11.5234],[-47.466,-11.5231],[-47.4598,-11.5275],[-47.4649,-11.5325],[-47.4629,-11.5407],[-47.4578,-11.5356],[-47.4548,-11.5394],[-47.4453,-11.5394],[-47.4471,-11.5412],[-47.4368,-11.5461],[-47.4353,-11.5517],[-47.4304,-11.5524],[-47.4295,-11.5628],[-47.4227,-11.5643],[-47.4289,-11.5839],[-47.4354,-11.5833],[-47.4374,-11.5912],[-47.4334,-11.5977],[-47.4411,-11.6027],[-47.4408,-11.6089],[-47.4483,-11.6127],[-47.4497,-11.6178],[-47.4381,-11.6269],[-47.4406,-11.632],[-47.4337,-11.6355],[-47.4313,-11.643],[-47.4331,-11.655],[-47.4416,-11.6687],[-47.4407,-11.6907],[-47.4479,-11.6892],[-47.4443,-11.701],[-47.4543,-11.6999],[-47.4576,-11.7156],[-47.4504,-11.7216],[-47.4504,-11.731],[-47.4462,-11.7318],[-47.4443,-11.7416],[-47.4356,-11.754],[-47.4374,-11.7641],[-47.4288,-11.7715],[-47.4253,-11.7806],[-47.4227,-11.7853],[-47.4281,-11.7889],[-47.4303,-11.7852],[-47.433,-11.7862],[-47.4367,-11.7913],[-47.4347,-11.7964],[-47.4394,-11.8002],[-47.4361,-11.8037],[-47.4436,-11.8152],[-47.4418,-11.8228],[-47.4503,-11.8278],[-47.4489,-11.8338],[-47.4555,-11.8327],[-47.456,-11.8371],[-47.4648,-11.8398],[-47.4638,-11.8475],[-47.4752,-11.8416],[-47.4838,-11.8461],[-47.4906,-11.8413],[-47.4932,-11.8443],[-47.4972,-11.8431],[-47.501,-11.849],[-47.5113,-11.8456],[-47.5128,-11.8607],[-47.526,-11.8655],[-47.5218,-11.8699],[-47.5228,-11.8755],[-47.5408,-11.8749],[-47.5405,-11.8786],[-47.5462,-11.8823],[-47.5465,-11.8908],[-47.5536,-11.9029],[-47.5523,-11.9112],[-47.5345,-11.919],[-47.5286,-11.9159],[-47.5208,-11.9176],[-47.504,-11.9302],[-47.4984,-11.9381],[-47.5015,-11.9464],[-47.495,-11.9488],[-47.4947,-11.9541],[-47.486,-11.9557],[-47.4838,-11.9601],[-47.4751,-11.9639],[-47.4611,-11.9816],[-47.4477,-11.9902],[-47.4465,-12.0039],[-47.4555,-12.0157],[-47.4561,-12.0249],[-47.4611,-12.0285],[-47.4705,-12.059],[-47.475,-12.0625],[-47.4723,-12.0704],[-47.4734,-12.0841],[-47.4793,-12.0898],[-47.475,-12.1016],[-47.4763,-12.1177],[-47.4788,-12.1282],[-47.4848,-12.1324],[-47.4859,-12.1445],[-47.4827,-12.1471],[-47.4857,-12.1545],[-47.4832,-12.1655],[-47.4893,-12.1653],[-47.4901,-12.1805],[-47.4952,-12.1861],[-47.5127,-12.1866],[-47.5206,-12.175],[-47.5361,-12.169],[-47.5427,-12.1711],[-47.554,-12.1668],[-47.5729,-12.1892],[-47.5893,-12.2076],[-47.6052,-12.2069],[-47.6095,-12.1937],[-47.6249,-12.1858],[-47.6308,-12.1882],[-47.6423,-12.168],[-47.6399,-12.1633],[-47.6419,-12.1577],[-47.6505,-12.1485],[-47.6586,-12.1292],[-47.6646,-12.133],[-47.6753,-12.1493],[-47.6794,-12.138],[-47.6879,-12.1336],[-47.7003,-12.1411],[-47.7124,-12.1435],[-47.7224,-12.1551],[-47.7344,-12.1436],[-47.7521,-12.1377],[-47.7681,-12.1387],[-47.7747,-12.1335],[-47.7826,-12.1354],[-47.7992,-12.153],[-47.7993,-12.144],[-47.808,-12.1336],[-47.8056,-12.1255],[-47.79,-12.1066],[-47.7791,-12.1002],[-47.776,-12.0931],[-47.7664,-12.0924],[-47.7618,-12.0821],[-47.7596,-12.0637],[-47.7681,-12.0489],[-47.7668,-12.0413],[-47.7764,-12.0521],[-47.7952,-12.0566],[-47.7996,-12.0624],[-47.8137,-12.0654],[-47.8162,-12.0736],[-47.8238,-12.0729],[-47.8322,-12.0831],[-47.8363,-12.0835],[-47.8419,-12.0778],[-47.8573,-12.0475],[-47.8597,-12.0293],[-47.8719,-12.0222],[-47.8704,-12.0126],[-47.8568,-11.9926],[-47.8556,-11.9703],[-47.8446,-11.952],[-47.8469,-11.944],[-47.8579,-11.939],[-47.8519,-11.9176],[-47.8551,-11.9096],[-47.8559,-11.903],[-47.8652,-11.894],[-47.8681,-11.8805],[-47.8755,-11.8716],[-47.8928,-11.8644],[-47.9032,-11.8664],[-47.9253,-11.8586],[-47.9485,-11.8526],[-47.9496,-11.8468],[-47.9738,-11.8324],[-47.9848,-11.832],[-47.9904,-11.8219],[-47.9979,-11.8194],[-48.0003,-11.8027],[-48.0056,-11.8016],[-48.0049,-11.7925],[-48.0133,-11.7919],[-48.0083,-11.7801],[-48.0171,-11.7798],[-48.0202,-11.7754],[-48.039,-11.7875],[-48.0414,-11.7861],[-48.0394,-11.7823],[-48.0548,-11.779],[-48.0601,-11.7721],[-48.0688,-11.772],[-48.0707,-11.7768],[-48.078,-11.7737],[-48.0823,-11.7691],[-48.0803,-11.7536],[-48.0896,-11.7447],[-48.0997,-11.7432],[-48.0936,-11.7373],[-48.093,-11.7267],[-48.0893,-11.7267],[-48.0888,-11.7229],[-48.0784,-11.725],[-48.0603,-11.7189],[-48.0436,-11.7079],[-48.0337,-11.7108],[-48.0248,-11.7189],[-48.0184,-11.7178],[-48.0061,-11.7223],[-48.0002,-11.7203],[-47.9969,-11.7097],[-47.9901,-11.7085],[-47.9709,-11.7157],[-47.9705,-11.721],[-47.9616,-11.7279],[-47.9575,-11.7382],[-47.943,-11.7445],[-47.9224,-11.7432],[-47.9153,-11.7327],[-47.9051,-11.732],[-47.8874,-11.7409],[-47.8467,-11.7527],[-47.8414,-11.7574],[-47.8265,-11.7594],[-47.814,-11.7297],[-47.8039,-11.7296],[-47.7973,-11.7256],[-47.7964,-11.7204],[-47.7826,-11.7124],[-47.7792,-11.7028],[-47.7336,-11.6756],[-47.7305,-11.6702],[-47.7154,-11.6666],[-47.6952,-11.6534],[-47.6903,-11.6397],[-47.6958,-11.6252],[-47.6925,-11.6085],[-47.6851,-11.5968],[-47.678,-11.5958],[-47.6678,-11.5713],[-47.6632,-11.5695],[-47.6631,-11.5585],[-47.6689,-11.5444],[-47.6877,-11.5383],[-47.6883,-11.5263],[-47.6939,-11.5211],[-47.6974,-11.5086],[-47.6944,-11.5004],[-47.6795,-11.4978],[-47.6801,-11.4824],[-47.6672,-11.4656],[-47.6358,-11.4418],[-47.6311,-11.4443],[-47.6217,-11.4424],[-47.6168,-11.4472],[-47.5969,-11.4279],[-47.587,-11.3976],[-47.5878,-11.3841],[-47.5772,-11.3818],[-47.5749,-11.3685],[-47.5684,-11.3682],[-47.5559,-11.3756],[-47.5473,-11.3701],[-47.5328,-11.3679],[-47.4958,-11.337],[-47.4816,-11.3178],[-47.481,-11.3008],[-47.4705,-11.2888],[-47.4597,-11.2572],[-47.4605,-11.2496],[-47.4553,-11.2432],[-47.4092,-11.2675],[-47.3959,-11.2738],[-47.4015,-11.2974],[-47.4064,-11.304],[-47.4042,-11.3103],[-47.4136,-11.3292],[-47.4211,-11.3371],[-47.427,-11.3529],[-47.4396,-11.3656],[-47.4389,-11.3684],[-47.4473,-11.3692]]]}},{"type":"Feature","properties":{"nome":"Nazaré","cod":"1714302","uf":"TO"},"geometry":{"type":"Polygon","coordinates":[[[-47.883,-6.2224],[-47.8838,-6.2267],[-47.8758,-6.2239],[-47.8709,-6.2287],[-47.8675,-6.228],[-47.864,-6.2371],[-47.8664,-6.2404],[-47.8543,-6.2421],[-47.8571,-6.2495],[-47.8531,-6.2507],[-47.8513,-6.2564],[-47.8469,-6.2537],[-47.8425,-6.2571],[-47.8249,-6.2566],[-47.7565,-6.2826],[-47.7365,-6.2839],[-47.7232,-6.2818],[-47.7173,-6.2991],[-47.6867,-6.3089],[-47.6863,-6.3186],[-47.6802,-6.3247],[-47.6781,-6.3322],[-47.661,-6.3451],[-47.6488,-6.3656],[-47.6475,-6.3803],[-47.641,-6.39],[-47.6228,-6.3814],[-47.6061,-6.3785],[-47.5925,-6.3912],[-47.5802,-6.3902],[-47.5583,-6.4047],[-47.5587,-6.4069],[-47.5686,-6.4055],[-47.5673,-6.4093],[-47.5761,-6.4143],[-47.5839,-6.4153],[-47.5939,-6.4138],[-47.5947,-6.4068],[-47.6568,-6.4146],[-47.6857,-6.4032],[-47.7315,-6.4118],[-47.7482,-6.4269],[-47.7695,-6.4114],[-47.8004,-6.4211],[-47.8112,-6.4204],[-47.8248,-6.4292],[-47.8251,-6.4044],[-47.8158,-6.4012],[-47.801,-6.3727],[-47.8049,-6.3614],[-47.8155,-6.3492],[-47.8163,-6.3388],[-47.8229,-6.3302],[-47.8268,-6.3355],[-47.8392,-6.3365],[-47.843,-6.3383],[-47.8556,-6.3438],[-47.8675,-6.3377],[-47.9177,-6.2915],[-47.9175,-6.2883],[-47.9247,-6.2857],[-47.938,-6.2921],[-47.9397,-6.2827],[-47.9447,-6.2763],[-47.9494,-6.2719],[-47.9447,-6.2697],[-47.9529,-6.2527],[-47.9516,-6.2434],[-47.9572,-6.2405],[-47.9547,-6.2335],[-47.9573,-6.2263],[-47.955,-6.2235],[-47.9516,-6.2302],[-47.9459,-6.2298],[-47.944,-6.2357],[-47.9383,-6.2398],[-47.9301,-6.237],[-47.9288,-6.2281],[-47.9164,-6.2192],[-47.8911,-6.2188],[-47.8899,-6.2224],[-47.883,-6.2224]]]}},{"type":"Feature","properties":{"nome":"Nova Olinda","cod":"1714880","uf":"TO"},"geometry":{"type":"Polygon","coordinates":[[[-48.5065,-7.4383],[-48.4905,-7.4442],[-48.4877,-7.4467],[-48.484,-7.4443],[-48.4797,-7.459],[-48.4832,-7.4585],[-48.4849,-7.4648],[-48.4776,-7.4679],[-48.4753,-7.4776],[-48.4528,-7.49],[-48.4457,-7.4991],[-48.4408,-7.4986],[-48.4331,-7.5049],[-48.4201,-7.4946],[-48.4042,-7.5008],[-48.3891,-7.4989],[-48.3784,-7.4859],[-48.3745,-7.4729],[-48.366,-7.4645],[-48.3404,-7.4581],[-48.3381,-7.447],[-48.3322,-7.4442],[-48.3218,-7.4495],[-48.2931,-7.4511],[-48.2881,-7.4617],[-48.279,-7.4699],[-48.2828,-7.4799],[-48.2686,-7.4867],[-48.2569,-7.4897],[-48.2443,-7.4874],[-48.2373,-7.4909],[-48.2207,-7.4982],[-48.209,-7.4986],[-48.1934,-7.508],[-48.1836,-7.5244],[-48.155,-7.5236],[-48.1517,-7.5272],[-48.1584,-7.5487],[-48.1446,-7.5774],[-48.151,-7.5919],[-48.1494,-7.6064],[-48.1565,-7.6299],[-48.1655,-7.639],[-48.1749,-7.656],[-48.1989,-7.6644],[-48.2035,-7.6721],[-48.1994,-7.6802],[-48.2005,-7.6974],[-48.1952,-7.7009],[-48.1924,-7.7003],[-48.1885,-7.7061],[-48.191,-7.7118],[-48.1861,-7.711],[-48.1822,-7.718],[-48.1779,-7.7163],[-48.1783,-7.7186],[-48.1722,-7.7196],[-48.1682,-7.7457],[-48.1611,-7.7505],[-48.1611,-7.7546],[-48.1566,-7.7543],[-48.1543,-7.7669],[-48.1466,-7.7662],[-48.139,-7.7762],[-48.1417,-7.7846],[-48.1378,-7.7886],[-48.1379,-7.7949],[-48.1433,-7.8058],[-48.1398,-7.812],[-48.1476,-7.8176],[-48.1482,-7.8231],[-48.1536,-7.822],[-48.1509,-7.8304],[-48.1517,-7.8309],[-48.154,-7.8337],[-48.1602,-7.8293],[-48.1661,-7.8334],[-48.1696,-7.8276],[-48.1727,-7.8281],[-48.1717,-7.8224],[-48.1903,-7.8162],[-48.1994,-7.8221],[-48.2062,-7.8219],[-48.2103,-7.8277],[-48.2138,-7.8238],[-48.2163,-7.8284],[-48.2229,-7.8277],[-48.2238,-7.8233],[-48.2388,-7.8171],[-48.2428,-7.8189],[-48.2642,-7.8122],[-48.2702,-7.8099],[-48.2746,-7.797],[-48.2835,-7.796],[-48.2869,-7.7899],[-48.2821,-7.7878],[-48.3109,-7.7949],[-48.3244,-7.7906],[-48.345,-7.7998],[-48.3574,-7.8007],[-48.3603,-7.7932],[-48.3828,-7.7863],[-48.3948,-7.7977],[-48.4121,-7.8023],[-48.4149,-7.8107],[-48.4184,-7.8091],[-48.4294,-7.8207],[-48.441,-7.8402],[-48.4371,-7.8511],[-48.4386,-7.8636],[-48.4578,-7.856],[-48.4599,-7.8554],[-48.4712,-7.846],[-48.4784,-7.8548],[-48.4992,-7.8526],[-48.4967,-7.8505],[-48.4963,-7.8217],[-48.5,-7.8085],[-48.5072,-7.8026],[-48.5133,-7.8014],[-48.5071,-7.7898],[-48.5104,-7.7658],[-48.5181,-7.7498],[-48.5163,-7.737],[-48.5212,-7.7182],[-48.5297,-7.7044],[-48.5347,-7.7016],[-48.5272,-7.6952],[-48.5302,-7.6855],[-48.5214,-7.6784],[-48.5144,-7.6628],[-48.5247,-7.6327],[-48.5241,-7.6071],[-48.5305,-7.6017],[-48.5274,-7.5946],[-48.5286,-7.5907],[-48.5388,-7.5855],[-48.5392,-7.5755],[-48.5638,-7.5604],[-48.5702,-7.5495],[-48.5856,-7.5464],[-48.5873,-7.5585],[-48.5919,-7.5621],[-48.5996,-7.5438],[-48.5973,-7.5374],[-48.6002,-7.5278],[-48.5998,-7.5222],[-48.5944,-7.5182],[-48.5856,-7.4985],[-48.591,-7.463],[-48.588,-7.4619],[-48.5903,-7.4441],[-48.5813,-7.4452],[-48.5826,-7.4516],[-48.5774,-7.4538],[-48.5714,-7.4453],[-48.5639,-7.4503],[-48.5594,-7.4468],[-48.5557,-7.4527],[-48.5551,-7.4461],[-48.5504,-7.4494],[-48.5388,-7.4457],[-48.5389,-7.4434],[-48.5289,-7.4453],[-48.5278,-7.4397],[-48.5236,-7.4423],[-48.5153,-7.4391],[-48.5113,-7.4426],[-48.5065,-7.4383]]]}},{"type":"Feature","properties":{"nome":"Nova Rosalândia","cod":"1715002","uf":"TO"},"geometry":{"type":"Polygon","coordinates":[[[-48.9393,-10.5185],[-48.9334,-10.5249],[-48.9257,-10.5245],[-48.9199,-10.5332],[-48.9045,-10.5419],[-48.8987,-10.5405],[-48.8966,-10.5442],[-48.8867,-10.5384],[-48.88,-10.5426],[-48.8684,-10.5305],[-48.8596,-10.5287],[-48.8487,-10.5208],[-48.8428,-10.511],[-48.8233,-10.5025],[-48.8162,-10.4937],[-48.8048,-10.4892],[-48.8094,-10.5066],[-48.8069,-10.5129],[-48.8132,-10.53],[-48.8091,-10.544],[-48.8265,-10.5583],[-48.8368,-10.569],[-48.8557,-10.5768],[-48.8651,-10.6027],[-48.8646,-10.6154],[-48.8715,-10.6223],[-48.8796,-10.6227],[-48.8885,-10.6278],[-48.8974,-10.6467],[-48.9086,-10.6536],[-48.9221,-10.6448],[-48.9271,-10.645],[-48.9386,-10.65],[-48.9418,-10.6561],[-48.9602,-10.6696],[-48.9652,-10.6665],[-48.9862,-10.6667],[-49.0023,-10.6828],[-49.0134,-10.6875],[-49.0181,-10.6856],[-49.0176,-10.6803],[-49.0246,-10.6784],[-49.0239,-10.6686],[-49.0267,-10.6692],[-49.0285,-10.6607],[-49.0367,-10.6549],[-49.0475,-10.6515],[-49.0508,-10.6612],[-49.0596,-10.6561],[-49.0684,-10.6603],[-49.071,-10.6522],[-49.0738,-10.6532],[-49.0763,-10.6475],[-49.0816,-10.6483],[-49.0782,-10.6466],[-49.077,-10.6273],[-49.0712,-10.6258],[-49.0694,-10.6186],[-49.0635,-10.6145],[-49.0662,-10.6104],[-49.0644,-10.6034],[-49.0595,-10.6045],[-49.0545,-10.5973],[-49.0544,-10.592],[-49.0644,-10.5878],[-49.0658,-10.5811],[-49.0701,-10.583],[-49.0723,-10.5794],[-49.0699,-10.5775],[-49.0726,-10.557],[-49.0646,-10.5483],[-49.0727,-10.5324],[-49.066,-10.5179],[-49.0706,-10.5077],[-49.0618,-10.4986],[-49.0508,-10.4675],[-49.0654,-10.4552],[-49.0672,-10.4453],[-49.0531,-10.4232],[-49.0327,-10.4104],[-49.0201,-10.3925],[-49.0034,-10.3901],[-48.9955,-10.3741],[-48.9787,-10.3661],[-48.9773,-10.373],[-48.9824,-10.3794],[-48.964,-10.4096],[-48.9627,-10.4243],[-48.9816,-10.4532],[-48.9735,-10.4603],[-48.9621,-10.4627],[-48.9545,-10.4721],[-48.9419,-10.4767],[-48.9377,-10.4935],[-48.9422,-10.5034],[-48.9393,-10.5185]]]}},{"type":"Feature","properties":{"nome":"Novo Acordo","cod":"1715101","uf":"TO"},"geometry":{"type":"Polygon","coordinates":[[[-47.6295,-9.9877],[-47.6158,-9.9904],[-47.6053,-9.9872],[-47.5982,-9.9792],[-47.5908,-9.9803],[-47.5775,-9.983],[-47.552,-9.9808],[-47.5307,-9.9886],[-47.5132,-9.9843],[-47.5035,-9.9889],[-47.4934,-9.9878],[-47.4819,-9.9813],[-47.4794,-9.9916],[-47.4479,-10.0036],[-47.4415,-10.0147],[-47.4309,-10.0173],[-47.4219,-10.0239],[-47.4122,-10.04],[-47.3812,-10.0482],[-47.3696,-10.0373],[-47.3537,-10.0413],[-47.3374,-10.0375],[-47.3242,-10.043],[-47.3073,-10.039],[-47.2968,-10.0492],[-47.2891,-10.0498],[-47.2768,-10.0569],[-47.2693,-10.056],[-47.263,-10.0531],[-47.261,-10.0469],[-47.2528,-10.0394],[-47.2364,-10.0375],[-47.2263,-10.0279],[-47.2033,-10.0206],[-47.1845,-10.0235],[-47.1807,-10.0216],[-47.1704,-10.0379],[-47.1486,-10.0421],[-47.1304,-10.0395],[-47.1171,-10.0416],[-47.095,-10.072],[-47.0857,-10.079],[-47.0757,-10.0806],[-47.0639,-10.0939],[-47.0507,-10.1016],[-47.0523,-10.1087],[-47.0464,-10.1138],[-47.0472,-10.1218],[-47.0398,-10.1255],[-47.0338,-10.1215],[-47.0232,-10.1233],[-47.0157,-10.1325],[-46.9933,-10.1369],[-46.9817,-10.1533],[-46.972,-10.1561],[-46.9703,-10.1614],[-46.9536,-10.1645],[-46.9472,-10.1758],[-46.9455,-10.1795],[-46.9555,-10.1906],[-46.961,-10.2054],[-46.9717,-10.2144],[-46.9786,-10.2278],[-46.9951,-10.2448],[-46.9902,-10.2464],[-46.9885,-10.2532],[-46.9766,-10.257],[-46.9771,-10.2657],[-46.9872,-10.2688],[-46.9883,-10.2749],[-47.0069,-10.2679],[-47.0132,-10.2705],[-47.0161,-10.2746],[-47.0145,-10.2811],[-47.0228,-10.2849],[-47.0234,-10.291],[-47.0182,-10.3023],[-47.0234,-10.303],[-47.02,-10.3068],[-47.0348,-10.3101],[-47.0292,-10.3231],[-47.0323,-10.331],[-47.0366,-10.331],[-47.0446,-10.3178],[-47.0485,-10.3169],[-47.0558,-10.3368],[-47.065,-10.3413],[-47.0733,-10.3589],[-47.0887,-10.3649],[-47.095,-10.3675],[-47.1021,-10.3413],[-47.1103,-10.3519],[-47.1178,-10.3556],[-47.1251,-10.3818],[-47.1475,-10.3963],[-47.1683,-10.4004],[-47.1827,-10.3994],[-47.2114,-10.4063],[-47.2311,-10.3887],[-47.2355,-10.3938],[-47.2519,-10.3949],[-47.2584,-10.4007],[-47.2741,-10.4063],[-47.2889,-10.406],[-47.2906,-10.4228],[-47.2874,-10.4263],[-47.3038,-10.4392],[-47.3123,-10.4361],[-47.3164,-10.4249],[-47.3229,-10.4238],[-47.3268,-10.4004],[-47.3243,-10.3955],[-47.3292,-10.3842],[-47.3348,-10.3801],[-47.3384,-10.3826],[-47.3555,-10.3819],[-47.3655,-10.37],[-47.3619,-10.3657],[-47.366,-10.3672],[-47.3716,-10.3612],[-47.3772,-10.3635],[-47.3749,-10.3531],[-47.3695,-10.3531],[-47.3681,-10.346],[-47.3719,-10.3454],[-47.3744,-10.3397],[-47.3704,-10.332],[-47.3742,-10.3273],[-47.3775,-10.328],[-47.3708,-10.3169],[-47.3762,-10.315],[-47.3715,-10.3132],[-47.373,-10.3073],[-47.3704,-10.3076],[-47.3677,-10.2989],[-47.3608,-10.2974],[-47.3596,-10.2814],[-47.3539,-10.2824],[-47.3507,-10.2786],[-47.3554,-10.2738],[-47.3619,-10.2755],[-47.3599,-10.2683],[-47.3653,-10.2544],[-47.3607,-10.2501],[-47.3666,-10.2411],[-47.3722,-10.2388],[-47.3905,-10.2453],[-47.3959,-10.2434],[-47.3996,-10.2372],[-47.4126,-10.2391],[-47.4216,-10.2344],[-47.4279,-10.2361],[-47.4019,-10.1991],[-47.4078,-10.2019],[-47.4146,-10.199],[-47.4216,-10.1923],[-47.4275,-10.1773],[-47.4347,-10.1764],[-47.4353,-10.1734],[-47.4337,-10.166],[-47.4474,-10.1607],[-47.4585,-10.1738],[-47.4627,-10.1774],[-47.4631,-10.1861],[-47.4742,-10.19],[-47.481,-10.1833],[-47.4901,-10.1842],[-47.4974,-10.176],[-47.5098,-10.1748],[-47.514,-10.1725],[-47.5247,-10.1532],[-47.54,-10.1832],[-47.5485,-10.1756],[-47.5524,-10.1702],[-47.5691,-10.1637],[-47.5756,-10.1761],[-47.5808,-10.1853],[-47.5776,-10.1908],[-47.5802,-10.205],[-47.576,-10.2147],[-47.5782,-10.2261],[-47.567,-10.2411],[-47.5675,-10.2471],[-47.6144,-10.2385],[-47.6139,-10.2334],[-47.6243,-10.2309],[-47.6317,-10.2166],[-47.6377,-10.2214],[-47.6444,-10.2213],[-47.6542,-10.2138],[-47.6596,-10.2043],[-47.6806,-10.1949],[-47.7109,-10.1931],[-47.7118,-10.1981],[-47.7153,-10.1981],[-47.7209,-10.1923],[-47.7331,-10.189],[-47.7357,-10.1835],[-47.7519,-10.1849],[-47.7545,-10.1796],[-47.7554,-10.1765],[-47.7624,-10.1744],[-47.7611,-10.1671],[-47.7708,-10.1664],[-47.7728,-10.162],[-47.7937,-10.166],[-47.8001,-10.1227],[-47.81,-10.0987],[-47.8083,-10.0682],[-47.8032,-10.0476],[-47.817,-10.0356],[-47.8192,-10.0192],[-47.8212,-10.0047],[-47.8302,-9.9997],[-47.8328,-9.994],[-47.8309,-9.9704],[-47.8336,-9.9618],[-47.838,-9.9562],[-47.8503,-9.9513],[-47.853,-9.9383],[-47.8603,-9.931],[-47.8516,-9.9147],[-47.8422,-9.9092],[-47.8443,-9.8953],[-47.8403,-9.8794],[-47.8174,-9.8873],[-47.8084,-9.9025],[-47.7953,-9.9121],[-47.7887,-9.923],[-47.7517,-9.9284],[-47.7239,-9.9419],[-47.7154,-9.9527],[-47.6995,-9.9576],[-47.6755,-9.9608],[-47.6663,-9.9651],[-47.6641,-9.9694],[-47.6579,-9.9773],[-47.637,-9.9806],[-47.6295,-9.9877]]]}},{"type":"Feature","properties":{"nome":"Novo Alegre","cod":"1715150","uf":"TO"},"geometry":{"type":"Polygon","coordinates":[[[-46.588,-12.8066],[-46.5847,-12.8153],[-46.5758,-12.8133],[-46.5596,-12.8211],[-46.5577,-12.8266],[-46.5608,-12.8355],[-46.5578,-12.8473],[-46.564,-12.8608],[-46.5637,-12.872],[-46.5586,-12.8722],[-46.5451,-12.8895],[-46.5392,-12.8905],[-46.5372,-12.8989],[-46.5301,-12.9023],[-46.5001,-12.9015],[-46.494,-12.9088],[-46.4951,-12.9158],[-46.4866,-12.9226],[-46.4701,-12.9252],[-46.4654,-12.9311],[-46.457,-12.9294],[-46.4456,-12.9358],[-46.4542,-12.9707],[-46.5502,-12.9701],[-46.6334,-12.9695],[-46.6338,-12.9418],[-46.6271,-12.9337],[-46.6294,-12.9266],[-46.6255,-12.9206],[-46.6239,-12.8865],[-46.6151,-12.8794],[-46.6176,-12.8735],[-46.6244,-12.8709],[-46.6246,-12.854],[-46.6216,-12.8473],[-46.6164,-12.8463],[-46.6167,-12.8373],[-46.612,-12.8371],[-46.6057,-12.8262],[-46.6009,-12.8246],[-46.6004,-12.8138],[-46.5929,-12.8042],[-46.588,-12.8066]]]}},{"type":"Feature","properties":{"nome":"Novo Jardim","cod":"1715259","uf":"TO"},"geometry":{"type":"Polygon","coordinates":[[[-46.3007,-11.5718],[-46.2868,-11.5807],[-46.2425,-11.5844],[-46.2143,-11.6145],[-46.1952,-11.621],[-46.1415,-11.6258],[-46.129,-11.6209],[-46.0871,-11.6245],[-46.0828,-11.6357],[-46.0866,-11.6422],[-46.1314,-11.646],[-46.1406,-11.6482],[-46.1536,-11.6566],[-46.1722,-11.652],[-46.1874,-11.6551],[-46.2213,-11.6443],[-46.2559,-11.6207],[-46.2654,-11.6239],[-46.2769,-11.6229],[-46.2911,-11.6283],[-46.3042,-11.6249],[-46.3111,-11.6268],[-46.3161,-11.6368],[-46.3147,-11.6442],[-46.3011,-11.6612],[-46.2945,-11.6783],[-46.2936,-11.6923],[-46.2971,-11.6978],[-46.3086,-11.7036],[-46.3289,-11.7369],[-46.3657,-11.7453],[-46.3731,-11.7507],[-46.3705,-11.7599],[-46.3565,-11.7588],[-46.3469,-11.7534],[-46.3387,-11.7661],[-46.3223,-11.7703],[-46.3243,-11.7776],[-46.3351,-11.7864],[-46.3312,-11.8025],[-46.3375,-11.816],[-46.3533,-11.8018],[-46.3562,-11.7956],[-46.3542,-11.789],[-46.3585,-11.7823],[-46.3695,-11.7772],[-46.3834,-11.7764],[-46.3936,-11.7626],[-46.4111,-11.7674],[-46.4243,-11.7648],[-46.4314,-11.7566],[-46.4375,-11.7551],[-46.4435,-11.7585],[-46.483,-11.7641],[-46.5191,-11.7894],[-46.5301,-11.8091],[-46.5367,-11.8138],[-46.5408,-11.8436],[-46.533,-11.8575],[-46.5435,-11.8719],[-46.5503,-11.8784],[-46.5626,-11.9003],[-46.5846,-11.9119],[-46.5909,-11.9219],[-46.5891,-11.9243],[-46.5937,-11.9326],[-46.5917,-11.9361],[-46.5995,-11.9409],[-46.5945,-11.9445],[-46.5913,-11.9594],[-46.5963,-11.9656],[-46.6033,-11.9651],[-46.6114,-11.9592],[-46.6217,-11.9619],[-46.6365,-11.9796],[-46.6621,-11.9898],[-46.6706,-11.9941],[-46.673,-12.005],[-46.6801,-12.0059],[-46.6779,-12.0091],[-46.6823,-12.0116],[-46.6837,-12.0226],[-46.7059,-12.0248],[-46.7162,-12.0335],[-46.7159,-12.0367],[-46.7383,-12.0379],[-46.7412,-12.0451],[-46.7517,-12.0448],[-46.743,-12.031],[-46.7454,-12.0268],[-46.7371,-12.0195],[-46.7409,-12.0155],[-46.7423,-12.0047],[-46.7405,-11.9919],[-46.7361,-11.9869],[-46.7415,-11.9766],[-46.7473,-11.9728],[-46.7467,-11.9616],[-46.7538,-11.9581],[-46.7528,-11.9411],[-46.7578,-11.934],[-46.7531,-11.9272],[-46.7558,-11.9182],[-46.7538,-11.9156],[-46.7587,-11.9118],[-46.7595,-11.9016],[-46.7665,-11.8955],[-46.7668,-11.8902],[-46.7714,-11.8896],[-46.7702,-11.8841],[-46.7734,-11.882],[-46.7672,-11.872],[-46.7714,-11.8663],[-46.7672,-11.8567],[-46.782,-11.8512],[-46.7818,-11.832],[-46.7785,-11.8311],[-46.7879,-11.8177],[-46.7822,-11.8137],[-46.7845,-11.8097],[-46.7791,-11.81],[-46.7777,-11.8055],[-46.7751,-11.8074],[-46.778,-11.8021],[-46.7751,-11.7971],[-46.7695,-11.7975],[-46.7655,-11.7939],[-46.7666,-11.7894],[-46.7712,-11.788],[-46.7635,-11.7823],[-46.7616,-11.7667],[-46.7634,-11.7622],[-46.7582,-11.7603],[-46.7611,-11.7554],[-46.7521,-11.7356],[-46.7522,-11.7098],[-46.7436,-11.7053],[-46.7418,-11.7045],[-46.7214,-11.6807],[-46.7038,-11.691],[-46.6989,-11.6891],[-46.6925,-11.6951],[-46.688,-11.6888],[-46.681,-11.6912],[-46.669,-11.6867],[-46.668,-11.6742],[-46.6614,-11.6739],[-46.6611,-11.6689],[-46.6573,-11.6679],[-46.6576,-11.6703],[-46.6497,-11.672],[-46.6456,-11.6626],[-46.6403,-11.668],[-46.6347,-11.6624],[-46.6267,-11.6655],[-46.6215,-11.6601],[-46.6209,-11.6634],[-46.6103,-11.6647],[-46.6101,-11.6594],[-46.6067,-11.6576],[-46.5901,-11.6601],[-46.5829,-11.6555],[-46.5785,-11.6572],[-46.5751,-11.6508],[-46.5673,-11.6512],[-46.5672,-11.6539],[-46.5615,-11.6513],[-46.5565,-11.656],[-46.5521,-11.6536],[-46.545,-11.6562],[-46.5426,-11.6533],[-46.5364,-11.6563],[-46.5295,-11.6506],[-46.5281,-11.653],[-46.5208,-11.6509],[-46.5208,-11.6471],[-46.5172,-11.6509],[-46.5004,-11.6502],[-46.4898,-11.6576],[-46.4809,-11.6548],[-46.4769,-11.6583],[-46.46,-11.6556],[-46.4498,-11.6408],[-46.4419,-11.641],[-46.4292,-11.6288],[-46.4186,-11.6286],[-46.4091,-11.6198],[-46.3963,-11.6163],[-46.3897,-11.6094],[-46.3845,-11.609],[-46.3682,-11.5909],[-46.3607,-11.5893],[-46.3468,-11.5771],[-46.3397,-11.5775],[-46.3377,-11.5729],[-46.3299,-11.5705],[-46.3007,-11.5718]]]}},{"type":"Feature","properties":{"nome":"Oliveira de Fátima","cod":"1715507","uf":"TO"},"geometry":{"type":"Polygon","coordinates":[[[-48.8104,-10.6457],[-48.8067,-10.662],[-48.7934,-10.674],[-48.7912,-10.6889],[-48.81,-10.7182],[-48.8356,-10.7282],[-48.8581,-10.7257],[-48.8868,-10.7301],[-48.8991,-10.7261],[-48.9059,-10.7297],[-48.9064,-10.7161],[-48.9085,-10.7166],[-48.9234,-10.7319],[-48.9392,-10.7401],[-48.9501,-10.7588],[-48.9629,-10.7616],[-48.9665,-10.7567],[-48.9606,-10.7519],[-48.9654,-10.7107],[-48.9611,-10.6885],[-48.9652,-10.6794],[-48.9652,-10.6665],[-48.9602,-10.6696],[-48.9418,-10.6561],[-48.9386,-10.65],[-48.9271,-10.645],[-48.9221,-10.6448],[-48.9086,-10.6536],[-48.8974,-10.6467],[-48.8885,-10.6278],[-48.8796,-10.6227],[-48.8715,-10.6223],[-48.8646,-10.6154],[-48.8651,-10.6027],[-48.8557,-10.5768],[-48.8368,-10.569],[-48.8265,-10.5583],[-48.8234,-10.5868],[-48.813,-10.5988],[-48.8255,-10.6125],[-48.8239,-10.6245],[-48.8271,-10.6341],[-48.8104,-10.6457]]]}},{"type":"Feature","properties":{"nome":"Palmeirante","cod":"1715705","uf":"TO"},"geometry":{"type":"Polygon","coordinates":[[[-48.1287,-7.5312],[-48.0991,-7.5496],[-48.0873,-7.5475],[-48.0835,-7.5502],[-48.0618,-7.5651],[-48.0568,-7.5644],[-48.0461,-7.5761],[-48.0427,-7.5739],[-48.0338,-7.5873],[-48.0222,-7.5954],[-48.0181,-7.5968],[-48.0121,-7.593],[-47.9836,-7.6023],[-47.9799,-7.6112],[-47.9836,-7.6116],[-47.9847,-7.6205],[-47.9817,-7.6268],[-47.9776,-7.6292],[-47.9741,-7.6266],[-47.9763,-7.6315],[-47.9683,-7.6327],[-47.9651,-7.6386],[-47.9607,-7.6342],[-47.9544,-7.6338],[-47.9546,-7.6397],[-47.947,-7.6422],[-47.9436,-7.6421],[-47.9471,-7.6483],[-47.949,-7.6499],[-47.946,-7.6528],[-47.9386,-7.6527],[-47.9332,-7.6582],[-47.9296,-7.6558],[-47.9293,-7.6614],[-47.9165,-7.6599],[-47.9144,-7.673],[-47.9076,-7.6783],[-47.8996,-7.6757],[-47.8997,-7.6816],[-47.8941,-7.6851],[-47.8894,-7.6801],[-47.8842,-7.6965],[-47.8793,-7.6997],[-47.879,-7.7098],[-47.8702,-7.7142],[-47.8721,-7.7256],[-47.8673,-7.7268],[-47.8657,-7.7314],[-47.8554,-7.7267],[-47.849,-7.7351],[-47.8394,-7.7342],[-47.8396,-7.749],[-47.8489,-7.7605],[-47.836,-7.7606],[-47.829,-7.7675],[-47.8655,-7.7795],[-47.9004,-7.7973],[-47.9066,-7.8103],[-47.9098,-7.8438],[-47.9194,-7.8599],[-47.9385,-7.8726],[-47.9369,-7.9042],[-47.9532,-7.9261],[-47.9586,-7.941],[-47.955,-7.9639],[-47.9441,-8.0446],[-47.9507,-8.0558],[-47.9752,-8.0681],[-47.9991,-8.0789],[-48.0073,-8.0783],[-48.0122,-8.0821],[-48.041,-8.0885],[-48.0674,-8.0905],[-48.1026,-8.0853],[-48.1101,-8.0875],[-48.1283,-8.1066],[-48.1536,-8.1549],[-48.1651,-8.1563],[-48.1664,-8.1633],[-48.1851,-8.1645],[-48.1898,-8.1618],[-48.1901,-8.1511],[-48.1956,-8.1545],[-48.2043,-8.1471],[-48.2164,-8.1413],[-48.2294,-8.1289],[-48.2296,-8.1246],[-48.2379,-8.1239],[-48.2394,-8.1299],[-48.2456,-8.1287],[-48.2543,-8.1368],[-48.2597,-8.1352],[-48.265,-8.1392],[-48.2682,-8.1345],[-48.2714,-8.1351],[-48.2719,-8.1395],[-48.2783,-8.1377],[-48.2786,-8.1414],[-48.2854,-8.1366],[-48.2966,-8.145],[-48.2998,-8.1376],[-48.3058,-8.1372],[-48.3039,-8.1326],[-48.3129,-8.1305],[-48.318,-8.1332],[-48.3239,-8.1284],[-48.3227,-8.1342],[-48.3385,-8.1334],[-48.3454,-8.1262],[-48.3439,-8.1237],[-48.3484,-8.1253],[-48.3526,-8.1355],[-48.3596,-8.1328],[-48.3611,-8.1412],[-48.3676,-8.1384],[-48.3704,-8.1442],[-48.3781,-8.1376],[-48.384,-8.1257],[-48.4104,-8.1211],[-48.418,-8.1288],[-48.4264,-8.125],[-48.4278,-8.1203],[-48.4301,-8.1231],[-48.4319,-8.1201],[-48.4288,-8.115],[-48.4317,-8.1132],[-48.4329,-8.1007],[-48.4287,-8.0928],[-48.4339,-8.0851],[-48.4385,-8.0778],[-48.4428,-8.0793],[-48.4455,-8.0724],[-48.4511,-8.071],[-48.4521,-8.0662],[-48.4433,-8.0457],[-48.447,-8.032],[-48.4409,-8.0228],[-48.4424,-8.0156],[-48.4448,-8.0172],[-48.4466,-8.0145],[-48.4386,-7.9936],[-48.4423,-7.9637],[-48.4463,-7.9558],[-48.4429,-7.948],[-48.4449,-7.9305],[-48.4421,-7.9247],[-48.4446,-7.9075],[-48.4506,-7.9042],[-48.453,-7.8805],[-48.4657,-7.8583],[-48.4657,-7.8532],[-48.4599,-7.8554],[-48.4578,-7.856],[-48.4386,-7.8636],[-48.4371,-7.8511],[-48.441,-7.8402],[-48.4294,-7.8207],[-48.4184,-7.8091],[-48.4149,-7.8107],[-48.4121,-7.8023],[-48.3948,-7.7977],[-48.3828,-7.7863],[-48.3603,-7.7932],[-48.3574,-7.8007],[-48.345,-7.7998],[-48.3244,-7.7906],[-48.3109,-7.7949],[-48.2821,-7.7878],[-48.2869,-7.7899],[-48.2835,-7.796],[-48.2746,-7.797],[-48.2702,-7.8099],[-48.2642,-7.8122],[-48.2428,-7.8189],[-48.2388,-7.8171],[-48.2238,-7.8233],[-48.2229,-7.8277],[-48.2163,-7.8284],[-48.2138,-7.8238],[-48.2103,-7.8277],[-48.2062,-7.8219],[-48.1994,-7.8221],[-48.1903,-7.8162],[-48.1717,-7.8224],[-48.1727,-7.8281],[-48.1696,-7.8276],[-48.1661,-7.8334],[-48.1602,-7.8293],[-48.154,-7.8337],[-48.1517,-7.8309],[-48.1509,-7.8304],[-48.1536,-7.822],[-48.1482,-7.8231],[-48.1476,-7.8176],[-48.1398,-7.812],[-48.1433,-7.8058],[-48.1379,-7.7949],[-48.1378,-7.7886],[-48.1417,-7.7846],[-48.139,-7.7762],[-48.1466,-7.7662],[-48.1543,-7.7669],[-48.1566,-7.7543],[-48.1611,-7.7546],[-48.1611,-7.7505],[-48.1682,-7.7457],[-48.1722,-7.7196],[-48.1783,-7.7186],[-48.1779,-7.7163],[-48.1822,-7.718],[-48.1861,-7.711],[-48.191,-7.7118],[-48.1885,-7.7061],[-48.1924,-7.7003],[-48.1952,-7.7009],[-48.2005,-7.6974],[-48.1994,-7.6802],[-48.2035,-7.6721],[-48.1989,-7.6644],[-48.1749,-7.656],[-48.1655,-7.639],[-48.1565,-7.6299],[-48.1494,-7.6064],[-48.151,-7.5919],[-48.1446,-7.5774],[-48.1584,-7.5487],[-48.1517,-7.5272],[-48.1287,-7.5312]]]}},{"type":"Feature","properties":{"nome":"Palmeirópolis","cod":"1715754","uf":"TO"},"geometry":{"type":"Polygon","coordinates":[[[-48.4931,-12.7991],[-48.4875,-12.8047],[-48.4737,-12.8001],[-48.4687,-12.813],[-48.4543,-12.8155],[-48.4279,-12.8439],[-48.4154,-12.8437],[-48.4095,-12.8404],[-48.4081,-12.8277],[-48.396,-12.8183],[-48.3959,-12.8142],[-48.3921,-12.8129],[-48.3934,-12.8096],[-48.3898,-12.8063],[-48.3829,-12.812],[-48.3542,-12.8089],[-48.3273,-12.8078],[-48.3086,-12.818],[-48.289,-12.8184],[-48.2713,-12.8273],[-48.2573,-12.8256],[-48.2418,-12.8323],[-48.237,-12.8324],[-48.2326,-12.828],[-48.2279,-12.8335],[-48.217,-12.8355],[-48.2104,-12.841],[-48.2018,-12.8597],[-48.1965,-12.8637],[-48.1947,-12.8741],[-48.1893,-12.9069],[-48.1776,-12.9164],[-48.182,-12.9253],[-48.1813,-12.932],[-48.1695,-12.9483],[-48.1631,-12.9617],[-48.1586,-12.9639],[-48.1474,-12.9695],[-48.1393,-12.9881],[-48.1485,-13.0093],[-48.1423,-13.0251],[-48.1527,-13.0518],[-48.1503,-13.0617],[-48.1425,-13.071],[-48.1383,-13.0873],[-48.1279,-13.1015],[-48.1395,-13.1184],[-48.1393,-13.1362],[-48.1462,-13.1516],[-48.1575,-13.1565],[-48.1621,-13.1537],[-48.1649,-13.1575],[-48.1735,-13.1477],[-48.1833,-13.1553],[-48.1902,-13.154],[-48.1859,-13.1564],[-48.1965,-13.1632],[-48.1932,-13.1721],[-48.2111,-13.1737],[-48.2165,-13.1682],[-48.2247,-13.1733],[-48.2314,-13.1677],[-48.2384,-13.18],[-48.245,-13.1841],[-48.2424,-13.187],[-48.2468,-13.1917],[-48.2505,-13.1966],[-48.2623,-13.1968],[-48.265,-13.2046],[-48.2682,-13.2024],[-48.2796,-13.2062],[-48.2761,-13.1991],[-48.2801,-13.1992],[-48.2846,-13.2055],[-48.2875,-13.2036],[-48.2884,-13.2152],[-48.2927,-13.2149],[-48.2922,-13.2191],[-48.3085,-13.2265],[-48.3064,-13.228],[-48.3103,-13.2319],[-48.3059,-13.2337],[-48.3095,-13.2345],[-48.3162,-13.2342],[-48.3171,-13.2295],[-48.328,-13.2321],[-48.3417,-13.228],[-48.3403,-13.2364],[-48.3435,-13.2412],[-48.3365,-13.2467],[-48.3418,-13.2494],[-48.3504,-13.2414],[-48.3577,-13.2426],[-48.3706,-13.249],[-48.3736,-13.2555],[-48.379,-13.2554],[-48.3852,-13.2656],[-48.388,-13.2606],[-48.3907,-13.2675],[-48.4015,-13.27],[-48.4068,-13.267],[-48.4163,-13.2743],[-48.4294,-13.2711],[-48.4321,-13.2749],[-48.4304,-13.2798],[-48.4364,-13.2838],[-48.4348,-13.2884],[-48.4413,-13.2919],[-48.4464,-13.2833],[-48.4571,-13.2824],[-48.4612,-13.2743],[-48.4615,-13.2627],[-48.456,-13.2592],[-48.461,-13.2581],[-48.4603,-13.2492],[-48.4567,-13.2483],[-48.4676,-13.2439],[-48.47,-13.2357],[-48.4748,-13.2353],[-48.4721,-13.2227],[-48.4749,-13.2158],[-48.4714,-13.2111],[-48.4724,-13.2019],[-48.4773,-13.1965],[-48.4747,-13.1913],[-48.4771,-13.1783],[-48.4715,-13.1727],[-48.472,-13.166],[-48.4682,-13.1619],[-48.4693,-13.1492],[-48.4755,-13.1342],[-48.4792,-13.1328],[-48.4802,-13.1415],[-48.4876,-13.1423],[-48.4946,-13.1361],[-48.5061,-13.1331],[-48.5083,-13.1285],[-48.5075,-13.1222],[-48.4978,-13.1129],[-48.4941,-13.0956],[-48.49,-13.0787],[-48.5041,-13.0639],[-48.5138,-13.0598],[-48.5115,-13.0436],[-48.5206,-13.0258],[-48.5037,-13.0185],[-48.5064,-13.0141],[-48.5133,-13.0142],[-48.5073,-13.0087],[-48.5068,-13.0024],[-48.5002,-13.0013],[-48.4966,-12.9955],[-48.5075,-12.9942],[-48.5137,-12.9845],[-48.5303,-12.9756],[-48.5443,-12.9818],[-48.5418,-12.9547],[-48.5581,-12.9478],[-48.5632,-12.9312],[-48.5577,-12.9284],[-48.555,-12.9185],[-48.55,-12.9177],[-48.5502,-12.9106],[-48.5547,-12.9093],[-48.5464,-12.8982],[-48.5472,-12.8913],[-48.5377,-12.8929],[-48.5379,-12.8859],[-48.5457,-12.8856],[-48.5475,-12.8798],[-48.5518,-12.8803],[-48.5546,-12.8665],[-48.5404,-12.856],[-48.5449,-12.8521],[-48.5411,-12.8464],[-48.5284,-12.8441],[-48.5175,-12.8337],[-48.52,-12.8243],[-48.5317,-12.8137],[-48.5278,-12.8076],[-48.5263,-12.8104],[-48.5183,-12.8092],[-48.5186,-12.8052],[-48.5133,-12.8012],[-48.5009,-12.7982],[-48.5024,-12.7914],[-48.4942,-12.791],[-48.4931,-12.7991]]]}},{"type":"Feature","properties":{"nome":"Paraíso do Tocantins","cod":"1716109","uf":"TO"},"geometry":{"type":"Polygon","coordinates":[[[-48.7637,-10.0299],[-48.7544,-10.0359],[-48.7412,-10.0319],[-48.7378,-10.0381],[-48.7265,-10.0439],[-48.7246,-10.061],[-48.7079,-10.0747],[-48.7062,-10.0825],[-48.6698,-10.0917],[-48.676,-10.1225],[-48.6908,-10.1454],[-48.6986,-10.1832],[-48.6997,-10.1904],[-48.6947,-10.1961],[-48.6881,-10.2091],[-48.6912,-10.2238],[-48.6819,-10.2249],[-48.6615,-10.2482],[-48.647,-10.2484],[-48.642,-10.2446],[-48.6378,-10.2562],[-48.6246,-10.2601],[-48.6191,-10.2751],[-48.5979,-10.288],[-48.5966,-10.2919],[-48.6039,-10.3055],[-48.596,-10.3219],[-48.6054,-10.3309],[-48.6142,-10.3311],[-48.6206,-10.3255],[-48.6257,-10.3305],[-48.6227,-10.3345],[-48.6265,-10.3431],[-48.638,-10.3482],[-48.6474,-10.3468],[-48.6532,-10.3555],[-48.6593,-10.3539],[-48.6618,-10.3627],[-48.6605,-10.3688],[-48.6711,-10.3716],[-48.6737,-10.3753],[-48.6747,-10.3717],[-48.6815,-10.371],[-48.6802,-10.3736],[-48.6847,-10.3777],[-48.6946,-10.3827],[-48.6968,-10.3771],[-48.6975,-10.3939],[-48.7068,-10.3918],[-48.7057,-10.4011],[-48.7246,-10.4073],[-48.7286,-10.3943],[-48.7347,-10.39],[-48.7481,-10.3884],[-48.7543,-10.3919],[-48.7585,-10.3897],[-48.7636,-10.3937],[-48.7711,-10.391],[-48.7899,-10.3993],[-48.7956,-10.3965],[-48.8083,-10.4007],[-48.8114,-10.3957],[-48.8193,-10.3964],[-48.836,-10.3912],[-48.8397,-10.3859],[-48.8464,-10.3858],[-48.8484,-10.3755],[-48.8521,-10.3771],[-48.8552,-10.3729],[-48.8537,-10.3595],[-48.8586,-10.3474],[-48.8642,-10.3424],[-48.8645,-10.3349],[-48.8684,-10.3282],[-48.8725,-10.3282],[-48.8771,-10.3183],[-48.8867,-10.314],[-48.903,-10.3125],[-48.9067,-10.3001],[-48.916,-10.2971],[-48.933,-10.2969],[-48.9444,-10.3045],[-48.9609,-10.3049],[-48.9686,-10.3145],[-48.9668,-10.3356],[-48.9747,-10.3487],[-48.9689,-10.3701],[-48.9773,-10.373],[-48.9787,-10.3661],[-48.9803,-10.3578],[-48.9865,-10.3494],[-48.9889,-10.3322],[-48.9861,-10.3235],[-48.9895,-10.3088],[-48.9871,-10.3061],[-48.9915,-10.2879],[-49.0059,-10.2925],[-49.0085,-10.2862],[-49.0065,-10.2802],[-49.0136,-10.2765],[-49.0102,-10.2717],[-49.015,-10.2685],[-49.0096,-10.2535],[-49.0195,-10.2557],[-49.025,-10.2529],[-49.0248,-10.2485],[-49.0323,-10.2403],[-49.0329,-10.2324],[-49.0377,-10.2323],[-49.0387,-10.2188],[-49.0529,-10.2077],[-49.0547,-10.2017],[-49.0639,-10.196],[-49.0629,-10.1911],[-49.0673,-10.1844],[-49.0796,-10.1809],[-49.0847,-10.171],[-49.1039,-10.1583],[-49.1091,-10.1486],[-49.1092,-10.1448],[-49.1005,-10.1401],[-49.0873,-10.142],[-49.0749,-10.1379],[-49.064,-10.1435],[-49.0596,-10.1406],[-49.0568,-10.1473],[-49.0528,-10.1473],[-49.0507,-10.1513],[-49.0439,-10.1512],[-49.0424,-10.1437],[-49.0293,-10.1494],[-49.0318,-10.141],[-49.0288,-10.1399],[-49.0302,-10.1372],[-49.0242,-10.1376],[-49.0236,-10.1287],[-49.018,-10.1312],[-49.006,-10.1203],[-48.9999,-10.1314],[-48.9998,-10.1392],[-48.9942,-10.1423],[-48.9817,-10.1435],[-48.9797,-10.1351],[-48.9753,-10.1331],[-48.9683,-10.1343],[-48.9651,-10.1386],[-48.9456,-10.14],[-48.9495,-10.1337],[-48.9481,-10.1292],[-48.9348,-10.1168],[-48.9314,-10.1078],[-48.924,-10.1082],[-48.9183,-10.1046],[-48.9135,-10.0932],[-48.9066,-10.092],[-48.9042,-10.0846],[-48.8968,-10.0805],[-48.8935,-10.0617],[-48.8882,-10.0678],[-48.8838,-10.0577],[-48.8833,-10.0382],[-48.8746,-10.0386],[-48.8692,-10.032],[-48.8595,-10.0337],[-48.8587,-10.0475],[-48.8429,-10.0497],[-48.8405,-10.0581],[-48.8426,-10.0627],[-48.8381,-10.0678],[-48.8312,-10.0641],[-48.8237,-10.0698],[-48.8217,-10.0661],[-48.816,-10.0658],[-48.8049,-10.05],[-48.7998,-10.0491],[-48.7929,-10.0371],[-48.7849,-10.0347],[-48.7776,-10.0277],[-48.7637,-10.0299]]]}},{"type":"Feature","properties":{"nome":"Paranã","cod":"1716208","uf":"TO"},"geometry":{"type":"Polygon","coordinates":[[[-47.9961,-12.0548],[-47.9888,-12.0605],[-47.9782,-12.0526],[-47.9518,-12.0552],[-47.9501,-12.0509],[-47.9419,-12.0496],[-47.9302,-12.0563],[-47.9226,-12.0674],[-47.9101,-12.0665],[-47.9083,-12.0708],[-47.9115,-12.074],[-47.907,-12.0804],[-47.9027,-12.0796],[-47.8918,-12.0883],[-47.8833,-12.0876],[-47.8803,-12.0903],[-47.876,-12.0985],[-47.8714,-12.0998],[-47.8684,-12.1083],[-47.872,-12.1148],[-47.8673,-12.12],[-47.8519,-12.1167],[-47.8489,-12.1232],[-47.8523,-12.1248],[-47.8531,-12.1314],[-47.8491,-12.1365],[-47.8553,-12.1553],[-47.8414,-12.1645],[-47.8547,-12.19],[-47.8551,-12.2055],[-47.8812,-12.2196],[-47.8804,-12.2411],[-47.8698,-12.2424],[-47.8689,-12.2255],[-47.8563,-12.2125],[-47.8328,-12.2181],[-47.8219,-12.2184],[-47.812,-12.2096],[-47.8143,-12.1987],[-47.8111,-12.1837],[-47.814,-12.1745],[-47.8049,-12.1551],[-47.7992,-12.153],[-47.7826,-12.1354],[-47.7747,-12.1335],[-47.7681,-12.1387],[-47.7521,-12.1377],[-47.7344,-12.1436],[-47.7224,-12.1551],[-47.7124,-12.1435],[-47.7003,-12.1411],[-47.6879,-12.1336],[-47.6794,-12.138],[-47.6753,-12.1493],[-47.6646,-12.133],[-47.6586,-12.1292],[-47.6505,-12.1485],[-47.6419,-12.1577],[-47.6399,-12.1633],[-47.6423,-12.168],[-47.6308,-12.1882],[-47.6249,-12.1858],[-47.6095,-12.1937],[-47.6052,-12.2069],[-47.5893,-12.2076],[-47.5729,-12.1892],[-47.5611,-12.1866],[-47.545,-12.2244],[-47.5409,-12.2369],[-47.5337,-12.2452],[-47.5219,-12.2449],[-47.5185,-12.2487],[-47.5144,-12.2669],[-47.5183,-12.2759],[-47.5233,-12.2774],[-47.5231,-12.2947],[-47.531,-12.3188],[-47.5242,-12.3264],[-47.5237,-12.3573],[-47.5474,-12.3608],[-47.5411,-12.3797],[-47.5263,-12.3859],[-47.5253,-12.3995],[-47.5294,-12.3972],[-47.5363,-12.4001],[-47.5169,-12.4064],[-47.5113,-12.414],[-47.5142,-12.4381],[-47.5058,-12.4472],[-47.4994,-12.4472],[-47.4887,-12.4534],[-47.475,-12.4527],[-47.4588,-12.4386],[-47.4479,-12.4191],[-47.4284,-12.417],[-47.4146,-12.408],[-47.404,-12.4194],[-47.4025,-12.4308],[-47.3916,-12.446],[-47.3771,-12.4483],[-47.3663,-12.4401],[-47.3598,-12.4394],[-47.3431,-12.4456],[-47.3335,-12.4427],[-47.3183,-12.4489],[-47.2967,-12.4463],[-47.2898,-12.4402],[-47.2907,-12.4432],[-47.2839,-12.4484],[-47.2629,-12.4569],[-47.2574,-12.4818],[-47.2388,-12.4918],[-47.2339,-12.4978],[-47.2363,-12.5099],[-47.2295,-12.5182],[-47.2357,-12.5385],[-47.2407,-12.5423],[-47.2412,-12.5513],[-47.2521,-12.5701],[-47.2429,-12.5732],[-47.2364,-12.571],[-47.2271,-12.5808],[-47.2058,-12.6097],[-47.2238,-12.6186],[-47.2239,-12.6284],[-47.2282,-12.6336],[-47.2416,-12.6365],[-47.2412,-12.6403],[-47.2593,-12.656],[-47.2651,-12.6674],[-47.2848,-12.6783],[-47.2914,-12.6868],[-47.3208,-12.6893],[-47.3353,-12.6859],[-47.3403,-12.6866],[-47.3515,-12.6971],[-47.3597,-12.6961],[-47.3608,-12.6966],[-47.3707,-12.7007],[-47.3678,-12.7143],[-47.3497,-12.7507],[-47.344,-12.756],[-47.3368,-12.7614],[-47.3288,-12.7614],[-47.306,-12.782],[-47.2934,-12.7867],[-47.2806,-12.8117],[-47.2488,-12.8097],[-47.2179,-12.825],[-47.2552,-12.8396],[-47.2763,-12.841],[-47.2981,-12.8519],[-47.3148,-12.8588],[-47.3185,-12.8851],[-47.3459,-12.9166],[-47.3525,-12.9188],[-47.3574,-12.9158],[-47.3591,-12.9256],[-47.3663,-12.924],[-47.3771,-12.9299],[-47.3836,-12.9291],[-47.3879,-12.9336],[-47.4048,-12.9372],[-47.4154,-12.9281],[-47.427,-12.9325],[-47.4407,-12.9308],[-47.4594,-12.956],[-47.4621,-12.9593],[-47.4449,-12.9678],[-47.4382,-12.9799],[-47.4403,-13.0018],[-47.4378,-13.0237],[-47.4202,-13.0284],[-47.4138,-13.0345],[-47.4089,-13.0429],[-47.412,-13.0542],[-47.4102,-13.0617],[-47.3952,-13.0751],[-47.3967,-13.0935],[-47.4048,-13.101],[-47.3997,-13.1082],[-47.3996,-13.1177],[-47.4064,-13.1206],[-47.4102,-13.1176],[-47.4602,-13.111],[-47.4696,-13.1151],[-47.4734,-13.1121],[-47.4931,-13.1107],[-47.4989,-13.1144],[-47.5052,-13.128],[-47.515,-13.132],[-47.5342,-13.1285],[-47.5551,-13.1109],[-47.5628,-13.1104],[-47.5712,-13.1163],[-47.5925,-13.1162],[-47.6175,-13.1043],[-47.6272,-13.11],[-47.634,-13.1028],[-47.6355,-13.1139],[-47.6462,-13.1202],[-47.6451,-13.1281],[-47.6503,-13.1329],[-47.6451,-13.1383],[-47.6486,-13.139],[-47.6434,-13.1454],[-47.6441,-13.1494],[-47.6515,-13.1497],[-47.6541,-13.1579],[-47.6594,-13.1586],[-47.6696,-13.1679],[-47.6549,-13.1774],[-47.6575,-13.192],[-47.6654,-13.1963],[-47.6605,-13.1984],[-47.665,-13.2034],[-47.6607,-13.2069],[-47.6685,-13.209],[-47.6646,-13.2136],[-47.6658,-13.2182],[-47.6542,-13.2199],[-47.6532,-13.2286],[-47.657,-13.2343],[-47.6462,-13.2416],[-47.6477,-13.2502],[-47.64,-13.2628],[-47.6491,-13.2737],[-47.6564,-13.2765],[-47.6588,-13.2954],[-47.6566,-13.2995],[-47.6618,-13.3034],[-47.6538,-13.3152],[-47.6559,-13.3219],[-47.6493,-13.3422],[-47.6497,-13.3508],[-47.6368,-13.3644],[-47.6223,-13.3672],[-47.6267,-13.384],[-47.6334,-13.3904],[-47.6385,-13.3906],[-47.6425,-13.4025],[-47.6542,-13.4146],[-47.6564,-13.4273],[-47.6618,-13.433],[-47.6673,-13.4358],[-47.6754,-13.4488],[-47.6785,-13.4673],[-47.7702,-13.3665],[-47.8004,-13.3333],[-47.8014,-13.3276],[-47.8154,-13.3176],[-47.8165,-13.3173],[-47.8236,-13.3114],[-47.844,-13.3182],[-47.8609,-13.3139],[-47.8662,-13.3146],[-47.8699,-13.3194],[-47.8831,-13.3201],[-47.8885,-13.3176],[-47.8927,-13.3068],[-47.9017,-13.3114],[-47.9033,-13.302],[-47.9079,-13.2985],[-47.9196,-13.2983],[-47.9239,-13.291],[-47.9295,-13.2941],[-47.9354,-13.2903],[-47.9434,-13.3066],[-47.9476,-13.3049],[-47.9514,-13.3098],[-47.956,-13.3083],[-47.9659,-13.3148],[-47.9706,-13.3111],[-47.9716,-13.3004],[-47.9784,-13.2943],[-47.9864,-13.2764],[-47.9988,-13.2745],[-48.0221,-13.2794],[-48.0287,-13.271],[-48.0323,-13.2736],[-48.0338,-13.2654],[-48.0285,-13.264],[-48.0327,-13.2535],[-48.052,-13.2554],[-48.0514,-13.2515],[-48.0562,-13.2479],[-48.0546,-13.2385],[-48.0584,-13.2402],[-48.062,-13.235],[-48.0714,-13.24],[-48.0759,-13.2382],[-48.0787,-13.2425],[-48.0719,-13.2672],[-48.0769,-13.266],[-48.0777,-13.2773],[-48.0804,-13.2789],[-48.0776,-13.2816],[-48.0826,-13.2883],[-48.0928,-13.2859],[-48.0971,-13.2915],[-48.1063,-13.2874],[-48.1127,-13.2916],[-48.1179,-13.2903],[-48.1214,-13.297],[-48.1504,-13.3066],[-48.1559,-13.3026],[-48.1571,-13.3101],[-48.1596,-13.302],[-48.165,-13.3054],[-48.1694,-13.2989],[-48.1533,-13.2788],[-48.156,-13.2498],[-48.1682,-13.2432],[-48.1685,-13.2397],[-48.1529,-13.2192],[-48.1622,-13.2066],[-48.1647,-13.1967],[-48.1634,-13.1825],[-48.1551,-13.1745],[-48.1554,-13.1658],[-48.1447,-13.1539],[-48.1462,-13.1516],[-48.1393,-13.1362],[-48.1395,-13.1184],[-48.1279,-13.1015],[-48.1383,-13.0873],[-48.1425,-13.071],[-48.1503,-13.0617],[-48.1527,-13.0518],[-48.1423,-13.0251],[-48.1485,-13.0093],[-48.1393,-12.9881],[-48.1474,-12.9695],[-48.1586,-12.9639],[-48.1631,-12.9617],[-48.1695,-12.9483],[-48.1813,-12.932],[-48.182,-12.9253],[-48.1776,-12.9164],[-48.1893,-12.9069],[-48.1947,-12.8741],[-48.1965,-12.8637],[-48.2018,-12.8597],[-48.2104,-12.841],[-48.217,-12.8355],[-48.2279,-12.8335],[-48.2326,-12.828],[-48.2402,-12.8064],[-48.2405,-12.7927],[-48.2354,-12.7766],[-48.2255,-12.7632],[-48.2241,-12.7495],[-48.2399,-12.741],[-48.2603,-12.747],[-48.2695,-12.7394],[-48.2677,-12.725],[-48.2548,-12.7179],[-48.242,-12.6987],[-48.24,-12.6843],[-48.2427,-12.679],[-48.246,-12.6781],[-48.2494,-12.6847],[-48.2735,-12.6829],[-48.2847,-12.6775],[-48.2896,-12.6683],[-48.2907,-12.657],[-48.2877,-12.651],[-48.2714,-12.633],[-48.2747,-12.601],[-48.2686,-12.5974],[-48.2549,-12.5989],[-48.253,-12.5944],[-48.2554,-12.5896],[-48.2883,-12.5675],[-48.2883,-12.56],[-48.2533,-12.55],[-48.2397,-12.5428],[-48.2309,-12.5333],[-48.2287,-12.5256],[-48.2366,-12.5009],[-48.2324,-12.4937],[-48.2116,-12.4843],[-48.2061,-12.4765],[-48.2113,-12.4661],[-48.2232,-12.4604],[-48.2363,-12.4623],[-48.2556,-12.4585],[-48.2674,-12.4469],[-48.2644,-12.4379],[-48.2438,-12.4196],[-48.2312,-12.3898],[-48.2326,-12.3794],[-48.2519,-12.3637],[-48.2563,-12.3548],[-48.2581,-12.3436],[-48.2547,-12.3198],[-48.262,-12.3095],[-48.3116,-12.27],[-48.3036,-12.27],[-48.3039,-12.2579],[-48.2897,-12.2491],[-48.2819,-12.2249],[-48.2893,-12.2163],[-48.2884,-12.2084],[-48.2725,-12.2099],[-48.264,-12.1887],[-48.2651,-12.1795],[-48.2605,-12.1728],[-48.2542,-12.1763],[-48.242,-12.1738],[-48.2213,-12.1607],[-48.2213,-12.1697],[-48.2109,-12.17],[-48.1994,-12.1764],[-48.1957,-12.1843],[-48.1868,-12.1844],[-48.1697,-12.1856],[-48.1703,-12.1927],[-48.1583,-12.2083],[-48.1497,-12.197],[-48.1564,-12.181],[-48.1503,-12.1738],[-48.1515,-12.1601],[-48.1431,-12.1524],[-48.1373,-12.1524],[-48.1226,-12.1363],[-48.1127,-12.1387],[-48.113,-12.1531],[-48.1006,-12.1289],[-48.1188,-12.1177],[-48.1208,-12.1115],[-48.1156,-12.1047],[-48.1144,-12.0923],[-48.1157,-12.0872],[-48.1109,-12.0859],[-48.1109,-12.081],[-48.1045,-12.0825],[-48.0934,-12.0744],[-48.0876,-12.0761],[-48.0796,-12.0731],[-48.0662,-12.0538],[-48.0583,-12.0532],[-48.0545,-12.0634],[-48.0465,-12.0642],[-48.0451,-12.0609],[-48.0382,-12.0635],[-48.0309,-12.0511],[-48.0311,-12.0424],[-48.0367,-12.042],[-48.0336,-12.038],[-48.0224,-12.0428],[-48.0065,-12.0447],[-47.9961,-12.0509],[-47.9961,-12.0548]]]}},{"type":"Feature","properties":{"nome":"Pau D'Arco","cod":"1716307","uf":"TO"},"geometry":{"type":"Polygon","coordinates":[[[-49.2105,-7.4949],[-49.1964,-7.4995],[-49.1802,-7.4936],[-49.1229,-7.496],[-49.1036,-7.5008],[-49.0471,-7.5018],[-49.0155,-7.5031],[-49.008,-7.4915],[-49.0053,-7.4768],[-48.9949,-7.4686],[-48.9924,-7.4616],[-48.9861,-7.4651],[-48.9683,-7.4462],[-48.9609,-7.4453],[-48.9592,-7.4403],[-48.9514,-7.4395],[-48.9436,-7.4325],[-48.9379,-7.4459],[-48.9397,-7.4623],[-48.9296,-7.4714],[-48.9276,-7.4811],[-48.9242,-7.4836],[-48.9128,-7.4764],[-48.9092,-7.4611],[-48.8937,-7.4552],[-48.8825,-7.4432],[-48.8751,-7.4425],[-48.8671,-7.4456],[-48.8646,-7.4509],[-48.861,-7.4525],[-48.8578,-7.4477],[-48.8507,-7.4532],[-48.8299,-7.4547],[-48.8217,-7.4493],[-48.8196,-7.4412],[-48.809,-7.4407],[-48.7953,-7.4537],[-48.7946,-7.4632],[-48.7855,-7.4693],[-48.7888,-7.4809],[-48.7882,-7.4839],[-48.7816,-7.4856],[-48.7681,-7.4844],[-48.7642,-7.4901],[-48.7574,-7.4844],[-48.7379,-7.4862],[-48.7347,-7.4864],[-48.7305,-7.4973],[-48.726,-7.4994],[-48.6811,-7.4837],[-48.6707,-7.4892],[-48.6511,-7.5088],[-48.6443,-7.5082],[-48.6363,-7.5016],[-48.6242,-7.5013],[-48.6146,-7.5112],[-48.614,-7.5185],[-48.6241,-7.5226],[-48.6335,-7.5394],[-48.6146,-7.5402],[-48.6092,-7.5454],[-48.6112,-7.5584],[-48.5919,-7.5621],[-48.5873,-7.5585],[-48.5856,-7.5464],[-48.5702,-7.5495],[-48.5638,-7.5604],[-48.5392,-7.5755],[-48.5388,-7.5855],[-48.5286,-7.5907],[-48.5274,-7.5946],[-48.5305,-7.6017],[-48.5241,-7.6071],[-48.5247,-7.6327],[-48.5144,-7.6628],[-48.5214,-7.6784],[-48.5302,-7.6855],[-48.5272,-7.6952],[-48.5347,-7.7016],[-48.5297,-7.7044],[-48.5212,-7.7182],[-48.5163,-7.737],[-48.5303,-7.7377],[-48.5363,-7.734],[-48.5345,-7.7294],[-48.5386,-7.7196],[-48.5519,-7.7096],[-48.5561,-7.7026],[-48.5546,-7.6975],[-48.5582,-7.6967],[-48.5679,-7.6757],[-48.5996,-7.6628],[-48.6051,-7.6503],[-48.6023,-7.6357],[-48.6135,-7.624],[-48.6521,-7.6219],[-48.6599,-7.624],[-48.6877,-7.5844],[-48.6959,-7.5846],[-48.7076,-7.5797],[-48.7273,-7.5866],[-48.7276,-7.5803],[-48.7316,-7.5801],[-48.7343,-7.5895],[-48.7519,-7.5965],[-48.7535,-7.6034],[-48.7581,-7.6027],[-48.7647,-7.6022],[-48.7671,-7.6053],[-48.778,-7.6014],[-48.7805,-7.586],[-48.7893,-7.5804],[-48.7941,-7.5811],[-48.7952,-7.5728],[-48.8038,-7.5702],[-48.8158,-7.5716],[-48.8259,-7.5811],[-48.8377,-7.5809],[-48.8443,-7.5841],[-48.8695,-7.5766],[-48.8917,-7.5803],[-48.9036,-7.5859],[-48.9208,-7.5841],[-48.9278,-7.5887],[-48.9316,-7.5869],[-48.9347,-7.5908],[-48.9447,-7.5881],[-48.9525,-7.6034],[-48.9657,-7.5953],[-48.9803,-7.6051],[-48.9837,-7.6016],[-48.9949,-7.5973],[-48.9954,-7.6037],[-49.0058,-7.6036],[-49.0144,-7.6113],[-49.026,-7.6089],[-49.0287,-7.6119],[-49.0267,-7.6169],[-49.035,-7.6198],[-49.0454,-7.6187],[-49.0448,-7.6137],[-49.0493,-7.6149],[-49.0668,-7.6079],[-49.0821,-7.6135],[-49.0957,-7.6041],[-49.1275,-7.598],[-49.1399,-7.603],[-49.14,-7.6076],[-49.1465,-7.6089],[-49.1497,-7.6138],[-49.1566,-7.6046],[-49.1721,-7.6121],[-49.1819,-7.6128],[-49.1866,-7.6083],[-49.1983,-7.6074],[-49.2088,-7.6165],[-49.2122,-7.6158],[-49.2126,-7.6097],[-49.2166,-7.6119],[-49.2181,-7.6073],[-49.2272,-7.6066],[-49.2452,-7.6129],[-49.243,-7.6191],[-49.2509,-7.6247],[-49.2608,-7.6209],[-49.2657,-7.6333],[-49.2797,-7.6356],[-49.2813,-7.6401],[-49.2842,-7.6377],[-49.2943,-7.6388],[-49.3079,-7.6529],[-49.3162,-7.6468],[-49.3412,-7.6569],[-49.3605,-7.6145],[-49.3816,-7.5657],[-49.3835,-7.5458],[-49.3775,-7.4966],[-49.3468,-7.4612],[-49.3193,-7.4309],[-49.2839,-7.3877],[-49.2654,-7.3667],[-49.2554,-7.3817],[-49.2539,-7.393],[-49.2595,-7.4168],[-49.2389,-7.4525],[-49.2374,-7.4879],[-49.2161,-7.4897],[-49.2105,-7.4949]]]}},{"type":"Feature","properties":{"nome":"Pedro Afonso","cod":"1716505","uf":"TO"},"geometry":{"type":"Polygon","coordinates":[[[-48.1595,-8.9828],[-48.1544,-8.9844],[-48.1448,-8.9839],[-48.1386,-8.9914],[-48.1388,-9.0075],[-48.127,-9.0214],[-48.1133,-9.0491],[-48.1033,-9.0609],[-48.0998,-9.0596],[-48.1018,-9.055],[-48.0951,-9.0545],[-48.0944,-9.0647],[-48.0842,-9.0647],[-48.0844,-9.0692],[-48.0786,-9.0744],[-48.0803,-9.078],[-48.0745,-9.0731],[-48.0696,-9.0817],[-48.0642,-9.0816],[-48.063,-9.0844],[-48.0573,-9.0812],[-48.0555,-9.0857],[-48.0511,-9.0811],[-48.0496,-9.0861],[-48.0412,-9.0877],[-48.037,-9.0971],[-48.0325,-9.0973],[-48.0312,-9.1045],[-48.0262,-9.1034],[-48.0221,-9.1146],[-48.0044,-9.1211],[-48.0062,-9.1235],[-48.0008,-9.1265],[-48.0004,-9.1314],[-47.9945,-9.1289],[-47.9983,-9.1231],[-47.992,-9.1175],[-47.9836,-9.1208],[-47.9802,-9.118],[-47.9762,-9.1221],[-47.9741,-9.1174],[-47.9582,-9.1151],[-47.9497,-9.1236],[-47.934,-9.1274],[-47.9297,-9.1367],[-47.9193,-9.1372],[-47.8911,-9.1348],[-47.8832,-9.1247],[-47.8705,-9.1159],[-47.8589,-9.1137],[-47.8505,-9.1175],[-47.8446,-9.1153],[-47.8389,-9.1193],[-47.8007,-9.1131],[-47.7914,-9.1213],[-47.7741,-9.1209],[-47.7509,-9.1071],[-47.7342,-9.1014],[-47.7235,-9.0929],[-47.7251,-9.0876],[-47.7044,-9.1023],[-47.7064,-9.1097],[-47.704,-9.1191],[-47.7169,-9.1326],[-47.7198,-9.1566],[-47.7121,-9.1694],[-47.6849,-9.1824],[-47.69,-9.1849],[-47.6889,-9.191],[-47.6934,-9.193],[-47.69,-9.1959],[-47.6935,-9.2011],[-47.6895,-9.2022],[-47.6885,-9.2072],[-47.6915,-9.2119],[-47.6903,-9.2184],[-47.6986,-9.2239],[-47.6913,-9.2298],[-47.695,-9.2297],[-47.6942,-9.2392],[-47.6897,-9.2403],[-47.695,-9.2492],[-47.6881,-9.258],[-47.686,-9.2777],[-47.6914,-9.2811],[-47.6924,-9.2914],[-47.6987,-9.3003],[-47.7209,-9.3122],[-47.724,-9.3185],[-47.7252,-9.3146],[-47.7354,-9.315],[-47.7393,-9.3334],[-47.7419,-9.3344],[-47.7568,-9.3307],[-47.7648,-9.3208],[-47.7881,-9.3233],[-47.8083,-9.3194],[-47.8185,-9.3105],[-47.8162,-9.3207],[-47.8256,-9.3342],[-47.8517,-9.3526],[-47.8621,-9.3497],[-47.8775,-9.3334],[-47.8911,-9.3403],[-47.9025,-9.3397],[-47.9047,-9.3397],[-47.9096,-9.3226],[-47.9249,-9.3173],[-47.936,-9.3051],[-47.9541,-9.3281],[-47.9628,-9.3296],[-47.9659,-9.3359],[-47.9849,-9.3493],[-47.9878,-9.3579],[-47.9866,-9.3711],[-47.9985,-9.3863],[-48.0365,-9.3959],[-48.0652,-9.3895],[-48.078,-9.3763],[-48.0777,-9.3958],[-48.074,-9.4052],[-48.0789,-9.4187],[-48.0947,-9.4225],[-48.1105,-9.4365],[-48.1572,-9.4489],[-48.1631,-9.4518],[-48.1691,-9.4437],[-48.1878,-9.4366],[-48.1942,-9.4206],[-48.1918,-9.4024],[-48.1963,-9.3818],[-48.1995,-9.3802],[-48.2053,-9.362],[-48.2059,-9.3506],[-48.2168,-9.3441],[-48.2179,-9.3325],[-48.2227,-9.3342],[-48.2267,-9.3274],[-48.2324,-9.3262],[-48.2354,-9.3291],[-48.2414,-9.3266],[-48.2479,-9.3238],[-48.2573,-9.3283],[-48.2581,-9.3365],[-48.2624,-9.3357],[-48.2668,-9.3432],[-48.2727,-9.3437],[-48.2786,-9.3403],[-48.2851,-9.3302],[-48.2907,-9.3308],[-48.2876,-9.3238],[-48.2992,-9.324],[-48.3058,-9.3092],[-48.3161,-9.3043],[-48.3222,-9.305],[-48.3244,-9.3088],[-48.3347,-9.3048],[-48.3369,-9.2982],[-48.3479,-9.2867],[-48.3349,-9.2474],[-48.3174,-9.2212],[-48.3121,-9.1851],[-48.2825,-9.1357],[-48.2776,-9.1227],[-48.2527,-9.0968],[-48.2453,-9.0847],[-48.2236,-9.0595],[-48.1973,-9.0383],[-48.1885,-9.0258],[-48.1802,-8.9949],[-48.1802,-8.9712],[-48.1802,-8.9708],[-48.1785,-8.9563],[-48.1693,-8.9685],[-48.1595,-8.9828]]]}},{"type":"Feature","properties":{"nome":"Peixe","cod":"1716604","uf":"TO"},"geometry":{"type":"Polygon","coordinates":[[[-48.4785,-11.3629],[-48.4769,-11.3674],[-48.4724,-11.3637],[-48.47,-11.3666],[-48.4751,-11.3713],[-48.4819,-11.3916],[-48.4796,-11.3972],[-48.4818,-11.4088],[-48.4757,-11.42],[-48.4676,-11.426],[-48.4618,-11.4575],[-48.4694,-11.4732],[-48.475,-11.4764],[-48.4684,-11.4891],[-48.458,-11.4976],[-48.4635,-11.5282],[-48.4587,-11.5294],[-48.4566,-11.5409],[-48.4482,-11.5455],[-48.4436,-11.5538],[-48.4265,-11.5678],[-48.4262,-11.5936],[-48.4214,-11.5999],[-48.4177,-11.6001],[-48.4209,-11.6078],[-48.4151,-11.6173],[-48.4037,-11.6199],[-48.4095,-11.6289],[-48.4083,-11.6342],[-48.4035,-11.6358],[-48.3985,-11.6329],[-48.3955,-11.6402],[-48.3823,-11.6429],[-48.3845,-11.6522],[-48.3817,-11.6528],[-48.3823,-11.6632],[-48.3758,-11.6674],[-48.3783,-11.6697],[-48.3762,-11.6749],[-48.3789,-11.6759],[-48.3751,-11.6812],[-48.3794,-11.6843],[-48.3801,-11.6987],[-48.3842,-11.7056],[-48.3777,-11.7104],[-48.3759,-11.7155],[-48.3786,-11.7192],[-48.3735,-11.7326],[-48.3792,-11.7382],[-48.3761,-11.7453],[-48.3799,-11.7498],[-48.3797,-11.7615],[-48.3741,-11.7774],[-48.3751,-11.7827],[-48.3686,-11.7856],[-48.364,-11.798],[-48.3659,-11.8176],[-48.3605,-11.82],[-48.3618,-11.825],[-48.3582,-11.8311],[-48.3621,-11.834],[-48.3618,-11.8392],[-48.3566,-11.8455],[-48.3453,-11.8446],[-48.336,-11.8545],[-48.3419,-11.857],[-48.3398,-11.8597],[-48.347,-11.8663],[-48.3484,-11.8823],[-48.3463,-11.89],[-48.3396,-11.8957],[-48.342,-11.8993],[-48.3386,-11.908],[-48.3427,-11.9101],[-48.3372,-11.9129],[-48.3365,-11.9197],[-48.3283,-11.9248],[-48.3186,-11.9398],[-48.3099,-11.9378],[-48.3028,-11.9428],[-48.304,-11.9492],[-48.3013,-11.9522],[-48.2945,-11.9532],[-48.292,-11.9582],[-48.2826,-11.9553],[-48.2775,-11.9646],[-48.2594,-11.9786],[-48.2425,-11.986],[-48.24,-11.9881],[-48.2313,-11.9909],[-48.2206,-11.999],[-48.2172,-12.0083],[-48.2201,-12.0164],[-48.2088,-12.0267],[-48.2108,-12.0293],[-48.2082,-12.0336],[-48.2156,-12.0421],[-48.2161,-12.0501],[-48.2112,-12.0569],[-48.2024,-12.061],[-48.1987,-12.0572],[-48.1893,-12.0655],[-48.1872,-12.0631],[-48.1847,-12.066],[-48.1796,-12.0644],[-48.179,-12.0554],[-48.1709,-12.0479],[-48.1575,-12.057],[-48.1587,-12.0656],[-48.1557,-12.0632],[-48.1466,-12.0647],[-48.1439,-12.0673],[-48.1471,-12.0705],[-48.1157,-12.0872],[-48.1144,-12.0923],[-48.1156,-12.1047],[-48.1208,-12.1115],[-48.1188,-12.1177],[-48.1006,-12.1289],[-48.113,-12.1531],[-48.1127,-12.1387],[-48.1226,-12.1363],[-48.1373,-12.1524],[-48.1431,-12.1524],[-48.1515,-12.1601],[-48.1503,-12.1738],[-48.1564,-12.181],[-48.1497,-12.197],[-48.1583,-12.2083],[-48.1703,-12.1927],[-48.1697,-12.1856],[-48.1868,-12.1844],[-48.1957,-12.1843],[-48.1994,-12.1764],[-48.2109,-12.17],[-48.2213,-12.1697],[-48.2213,-12.1607],[-48.242,-12.1738],[-48.2542,-12.1763],[-48.2605,-12.1728],[-48.2651,-12.1795],[-48.264,-12.1887],[-48.2725,-12.2099],[-48.2884,-12.2084],[-48.2893,-12.2163],[-48.2819,-12.2249],[-48.2897,-12.2491],[-48.3039,-12.2579],[-48.3036,-12.27],[-48.3116,-12.27],[-48.3214,-12.2661],[-48.356,-12.2409],[-48.3924,-12.2376],[-48.3951,-12.2409],[-48.389,-12.2425],[-48.3972,-12.2521],[-48.3932,-12.2603],[-48.4049,-12.269],[-48.4023,-12.276],[-48.3926,-12.2831],[-48.3901,-12.2927],[-48.3947,-12.2947],[-48.3951,-12.2989],[-48.3868,-12.3044],[-48.388,-12.3088],[-48.3988,-12.3107],[-48.393,-12.3165],[-48.3931,-12.3221],[-48.397,-12.3249],[-48.3928,-12.333],[-48.3945,-12.341],[-48.384,-12.3546],[-48.39,-12.3694],[-48.3865,-12.3741],[-48.3954,-12.3751],[-48.3998,-12.3811],[-48.3944,-12.3873],[-48.3911,-12.3866],[-48.3922,-12.392],[-48.3963,-12.3952],[-48.3962,-12.4035],[-48.403,-12.4091],[-48.4083,-12.409],[-48.4083,-12.4133],[-48.4043,-12.4149],[-48.4084,-12.421],[-48.4143,-12.4225],[-48.4188,-12.418],[-48.4269,-12.4176],[-48.4295,-12.4267],[-48.4378,-12.4257],[-48.4419,-12.4359],[-48.4477,-12.4386],[-48.4685,-12.4267],[-48.4794,-12.4164],[-48.5039,-12.4185],[-48.505,-12.4307],[-48.5145,-12.434],[-48.5263,-12.4493],[-48.5593,-12.4567],[-48.5675,-12.4624],[-48.5702,-12.4799],[-48.58,-12.491],[-48.6237,-12.4962],[-48.6302,-12.4879],[-48.6478,-12.4805],[-48.6718,-12.4559],[-48.6888,-12.4514],[-48.697,-12.4423],[-48.6792,-12.4087],[-48.6969,-12.4058],[-48.7109,-12.3981],[-48.7122,-12.3931],[-48.7134,-12.3912],[-48.7208,-12.3934],[-48.7488,-12.385],[-48.7976,-12.386],[-48.8189,-12.3936],[-48.8413,-12.4095],[-48.9131,-12.477],[-48.9903,-12.4974],[-48.9957,-12.4944],[-48.9964,-12.4943],[-48.9873,-12.4918],[-48.9975,-12.4869],[-48.9962,-12.4825],[-48.9909,-12.485],[-48.9827,-12.4823],[-48.9925,-12.4727],[-48.9953,-12.4637],[-48.9919,-12.4587],[-48.9982,-12.4539],[-48.9969,-12.444],[-49.0022,-12.4396],[-49.0086,-12.4398],[-49.0094,-12.4355],[-49.0044,-12.424],[-48.9939,-12.4244],[-48.9924,-12.4211],[-48.9844,-12.4205],[-48.9785,-12.424],[-48.9703,-12.4165],[-48.9667,-12.4056],[-48.9623,-12.4055],[-48.9641,-12.4085],[-48.9572,-12.4117],[-48.948,-12.3984],[-48.938,-12.3993],[-48.9306,-12.3951],[-48.9281,-12.3819],[-48.9309,-12.3714],[-48.9428,-12.3663],[-48.936,-12.3629],[-48.9309,-12.3542],[-48.9221,-12.3511],[-48.9231,-12.3457],[-48.9349,-12.3356],[-48.9257,-12.3275],[-48.9114,-12.3319],[-48.9028,-12.3233],[-48.9023,-12.3167],[-48.9073,-12.3121],[-48.9107,-12.295],[-48.9059,-12.2924],[-48.9002,-12.2949],[-48.8974,-12.2918],[-48.8913,-12.2942],[-48.8836,-12.2887],[-48.8723,-12.2964],[-48.8613,-12.2899],[-48.8601,-12.2831],[-48.8445,-12.2911],[-48.8391,-12.2902],[-48.8352,-12.2943],[-48.8227,-12.2905],[-48.8214,-12.2953],[-48.8129,-12.3017],[-48.7984,-12.3044],[-48.7984,-12.3105],[-48.7814,-12.2969],[-48.7778,-12.2997],[-48.7877,-12.313],[-48.7624,-12.3195],[-48.7587,-12.3191],[-48.7564,-12.3114],[-48.7472,-12.308],[-48.7484,-12.2997],[-48.7346,-12.2722],[-48.7293,-12.2715],[-48.7163,-12.2775],[-48.6841,-12.2512],[-48.6833,-12.2402],[-48.6786,-12.234],[-48.6427,-12.2309],[-48.6274,-12.2159],[-48.6363,-12.1934],[-48.6292,-12.1739],[-48.6435,-12.1658],[-48.6454,-12.1538],[-48.6424,-12.1407],[-48.6516,-12.1386],[-48.6581,-12.1326],[-48.6857,-12.1451],[-48.7207,-12.1448],[-48.7275,-12.148],[-48.742,-12.1391],[-48.7502,-12.1274],[-48.7597,-12.1325],[-48.7753,-12.1344],[-48.7697,-12.0696],[-48.7643,-12.0609],[-48.7685,-12.0521],[-48.7623,-12.0369],[-48.7624,-12.021],[-48.7542,-11.9984],[-48.7621,-11.9753],[-48.7514,-11.9674],[-48.7473,-11.949],[-48.7393,-11.941],[-48.7546,-11.9462],[-48.7572,-11.9549],[-48.7637,-11.958],[-48.7679,-11.9661],[-48.7909,-11.9696],[-48.799,-11.9741],[-48.809,-11.9716],[-48.8156,-11.9634],[-48.8289,-11.9619],[-48.8307,-11.9508],[-48.8404,-11.9349],[-48.8546,-11.9296],[-48.8742,-11.8991],[-48.8829,-11.8925],[-48.8853,-11.8806],[-48.8941,-11.8781],[-48.8956,-11.8699],[-48.8916,-11.8665],[-48.8762,-11.8497],[-48.875,-11.8522],[-48.8702,-11.8494],[-48.8582,-11.8511],[-48.8548,-11.8557],[-48.8452,-11.8558],[-48.8465,-11.8497],[-48.8413,-11.8482],[-48.8457,-11.8394],[-48.8434,-11.8357],[-48.8396,-11.8374],[-48.8334,-11.8342],[-48.8371,-11.831],[-48.8341,-11.8264],[-48.8382,-11.8243],[-48.8362,-11.8203],[-48.8392,-11.8193],[-48.8345,-11.8103],[-48.8364,-11.8048],[-48.8405,-11.8043],[-48.8393,-11.7881],[-48.8428,-11.7862],[-48.8354,-11.7758],[-48.8328,-11.7693],[-48.8247,-11.7719],[-48.8222,-11.7673],[-48.8197,-11.7696],[-48.8153,-11.7652],[-48.8154,-11.7575],[-48.8185,-11.7552],[-48.8104,-11.7532],[-48.8083,-11.7439],[-48.7836,-11.7361],[-48.7646,-11.7441],[-48.7545,-11.7342],[-48.7572,-11.7274],[-48.7484,-11.7224],[-48.7466,-11.7138],[-48.7501,-11.715],[-48.7476,-11.7064],[-48.7503,-11.7048],[-48.7347,-11.6985],[-48.7366,-11.687],[-48.7253,-11.6823],[-48.73,-11.6798],[-48.7303,-11.6727],[-48.7265,-11.6703],[-48.725,-11.6626],[-48.717,-11.6578],[-48.7111,-11.6605],[-48.7076,-11.6566],[-48.7102,-11.6525],[-48.7173,-11.651],[-48.7179,-11.6444],[-48.725,-11.6424],[-48.7204,-11.6217],[-48.7219,-11.6149],[-48.7133,-11.6118],[-48.7155,-11.6048],[-48.7107,-11.5953],[-48.7133,-11.5913],[-48.7115,-11.5877],[-48.7162,-11.5892],[-48.7189,-11.5837],[-48.7057,-11.5742],[-48.7121,-11.5642],[-48.7007,-11.5563],[-48.7008,-11.5522],[-48.6967,-11.5541],[-48.6966,-11.5501],[-48.6917,-11.55],[-48.6903,-11.5404],[-48.6853,-11.5363],[-48.68,-11.5367],[-48.6792,-11.5305],[-48.6727,-11.5264],[-48.6785,-11.5262],[-48.6781,-11.5236],[-48.6616,-11.5203],[-48.6587,-11.5109],[-48.6631,-11.5105],[-48.6593,-11.5072],[-48.6533,-11.5076],[-48.6448,-11.5209],[-48.6389,-11.5169],[-48.6363,-11.5177],[-48.6394,-11.5217],[-48.6334,-11.5176],[-48.631,-11.5207],[-48.6234,-11.5173],[-48.5906,-11.4814],[-48.5833,-11.4693],[-48.5808,-11.4521],[-48.5907,-11.43],[-48.5901,-11.4195],[-48.5797,-11.4039],[-48.5685,-11.3948],[-48.5421,-11.3829],[-48.5278,-11.3897],[-48.5129,-11.3911],[-48.5014,-11.3854],[-48.4785,-11.3629]]]}},{"type":"Feature","properties":{"nome":"Pequizeiro","cod":"1716653","uf":"TO"},"geometry":{"type":"Polygon","coordinates":[[[-48.9817,-8.1032],[-48.9738,-8.1055],[-48.941,-8.1021],[-48.9278,-8.1165],[-48.9228,-8.1122],[-48.9074,-8.1123],[-48.8963,-8.1019],[-48.873,-8.1138],[-48.8599,-8.1116],[-48.8538,-8.1236],[-48.8432,-8.1309],[-48.8278,-8.1263],[-48.8177,-8.1292],[-48.8136,-8.1235],[-48.8096,-8.1234],[-48.8001,-8.1085],[-48.7838,-8.0994],[-48.783,-8.1098],[-48.7757,-8.1196],[-48.7729,-8.117],[-48.7747,-8.1102],[-48.7683,-8.1139],[-48.7635,-8.111],[-48.7616,-8.1189],[-48.7659,-8.1189],[-48.766,-8.1235],[-48.7649,-8.1271],[-48.7596,-8.1251],[-48.7519,-8.1457],[-48.7544,-8.1485],[-48.7445,-8.1479],[-48.7427,-8.1443],[-48.7414,-8.1471],[-48.7386,-8.1459],[-48.7435,-8.1523],[-48.7383,-8.167],[-48.7316,-8.1706],[-48.734,-8.1792],[-48.7276,-8.1829],[-48.7183,-8.1794],[-48.7062,-8.1875],[-48.7095,-8.189],[-48.7103,-8.1962],[-48.7052,-8.2065],[-48.6982,-8.2102],[-48.7018,-8.2186],[-48.76,-8.1905],[-48.8254,-8.3545],[-48.8257,-8.3552],[-48.8566,-8.4297],[-48.8913,-8.4682],[-48.9166,-8.4945],[-48.9201,-8.5073],[-48.9118,-8.5086],[-48.9136,-8.517],[-48.9086,-8.5238],[-48.9089,-8.5362],[-48.8979,-8.5393],[-48.9065,-8.5494],[-48.903,-8.5531],[-48.9001,-8.5504],[-48.8976,-8.5561],[-48.8941,-8.5525],[-48.8938,-8.5608],[-48.8865,-8.5615],[-48.8847,-8.5704],[-48.8797,-8.5759],[-48.8815,-8.5804],[-48.8721,-8.5808],[-48.8704,-8.5853],[-48.8732,-8.5876],[-48.8574,-8.5971],[-48.8829,-8.6351],[-48.9349,-8.7124],[-48.946,-8.7147],[-48.9464,-8.7049],[-48.9506,-8.6977],[-48.9573,-8.6968],[-48.9601,-8.7029],[-48.9659,-8.704],[-48.9674,-8.7079],[-48.9731,-8.7044],[-48.9718,-8.6975],[-48.9769,-8.6946],[-48.9727,-8.6906],[-48.9887,-8.6849],[-48.9916,-8.6757],[-49.0051,-8.674],[-49.0085,-8.6675],[-49.0118,-8.6703],[-49.0209,-8.6674],[-49.0312,-8.6688],[-49.0334,-8.663],[-49.0424,-8.6636],[-49.0436,-8.6586],[-49.0572,-8.6567],[-49.0581,-8.6535],[-49.0604,-8.6543],[-49.0619,-8.6489],[-49.0656,-8.6506],[-49.0706,-8.6469],[-49.0702,-8.6429],[-49.0799,-8.6469],[-49.0798,-8.6434],[-49.0876,-8.6462],[-49.0939,-8.6411],[-49.0936,-8.6436],[-49.098,-8.6427],[-49.0979,-8.6459],[-49.1061,-8.6458],[-49.1069,-8.6527],[-49.1148,-8.6586],[-49.1203,-8.6508],[-49.119,-8.6478],[-49.0524,-8.5458],[-49.0509,-8.5368],[-49.0363,-8.5303],[-49.0151,-8.5033],[-48.9912,-8.4955],[-48.9887,-8.4894],[-48.9921,-8.483],[-48.988,-8.4694],[-48.9767,-8.4542],[-48.9762,-8.4456],[-48.9762,-8.4301],[-48.9723,-8.4256],[-48.9722,-8.4156],[-48.9685,-8.4135],[-48.9728,-8.4066],[-48.9737,-8.4024],[-48.982,-8.4001],[-48.988,-8.3855],[-48.9912,-8.3878],[-48.9965,-8.3773],[-49.006,-8.3718],[-49.0059,-8.366],[-48.9913,-8.3507],[-48.9928,-8.3421],[-48.9856,-8.334],[-48.9803,-8.3332],[-48.9592,-8.3014],[-48.9612,-8.2809],[-48.9574,-8.2627],[-48.971,-8.2549],[-48.9772,-8.2449],[-48.9712,-8.2367],[-48.9692,-8.2264],[-48.9736,-8.2204],[-48.9716,-8.2039],[-48.978,-8.1973],[-48.9755,-8.1918],[-48.9844,-8.1842],[-48.9863,-8.1785],[-48.9932,-8.1779],[-48.9919,-8.1608],[-48.9975,-8.154],[-48.9949,-8.1478],[-48.9839,-8.1387],[-48.987,-8.1329],[-48.9845,-8.1206],[-48.9882,-8.1176],[-48.9878,-8.1053],[-49.0056,-8.0934],[-49.0086,-8.0848],[-49.002,-8.0843],[-48.9817,-8.1032]]]}},{"type":"Feature","properties":{"nome":"Colméia","cod":"1716703","uf":"TO"},"geometry":{"type":"Polygon","coordinates":[[[-48.8212,-8.5908],[-48.8063,-8.602],[-48.799,-8.5978],[-48.7779,-8.6086],[-48.7665,-8.6072],[-48.7548,-8.6189],[-48.7567,-8.6254],[-48.7407,-8.6259],[-48.7363,-8.6342],[-48.7288,-8.6315],[-48.7262,-8.6342],[-48.7177,-8.6261],[-48.7103,-8.63],[-48.702,-8.6539],[-48.6831,-8.6567],[-48.6768,-8.6683],[-48.6807,-8.6837],[-48.6793,-8.6878],[-48.6777,-8.6862],[-48.6764,-8.6918],[-48.6891,-8.6957],[-48.697,-8.7096],[-48.7051,-8.7129],[-48.7072,-8.7222],[-48.6981,-8.7295],[-48.6839,-8.7413],[-48.6801,-8.7463],[-48.6841,-8.753],[-48.6789,-8.7653],[-48.6846,-8.7747],[-48.6927,-8.7753],[-48.6928,-8.7926],[-48.697,-8.7934],[-48.7,-8.7994],[-48.6964,-8.8045],[-48.6787,-8.8079],[-48.683,-8.8352],[-48.6792,-8.8477],[-48.682,-8.855],[-48.6754,-8.8551],[-48.6715,-8.8602],[-48.6767,-8.8897],[-48.6658,-8.9005],[-48.6679,-8.9052],[-48.6763,-8.9075],[-48.6857,-8.9071],[-48.6907,-8.9113],[-48.6931,-8.9074],[-48.7028,-8.9104],[-48.7099,-8.9178],[-48.7084,-8.9235],[-48.7018,-8.9263],[-48.6826,-8.9264],[-48.672,-8.9448],[-48.6594,-8.9447],[-48.6487,-8.9626],[-48.6454,-8.9744],[-48.6473,-8.9814],[-48.6488,-8.9955],[-48.6591,-8.9968],[-48.662,-9.007],[-48.65,-9.0214],[-48.6593,-9.0229],[-48.6736,-9.0366],[-48.671,-9.0499],[-48.6775,-9.0516],[-48.6778,-9.0552],[-48.6614,-9.0601],[-48.6721,-9.0758],[-48.6693,-9.0785],[-48.6604,-9.0743],[-48.6535,-9.0808],[-48.6586,-9.1134],[-48.6655,-9.118],[-48.677,-9.1323],[-48.6854,-9.1556],[-48.6928,-9.1549],[-48.7158,-9.1709],[-48.7236,-9.1686],[-48.7324,-9.1834],[-48.7344,-9.1963],[-48.7422,-9.1849],[-48.7395,-9.1725],[-48.7462,-9.1652],[-48.7386,-9.1508],[-48.7485,-9.1522],[-48.7478,-9.1476],[-48.7442,-9.1477],[-48.7438,-9.1398],[-48.7622,-9.1325],[-48.7658,-9.1255],[-48.7644,-9.1141],[-48.7545,-9.1124],[-48.7578,-9.111],[-48.7563,-9.106],[-48.7599,-9.1043],[-48.7606,-9.0994],[-48.7588,-9.088],[-48.7526,-9.0872],[-48.7529,-9.0547],[-48.7463,-9.0502],[-48.7469,-9.0392],[-48.7506,-9.035],[-48.7483,-9.0264],[-48.7508,-9.0247],[-48.7545,-9.0275],[-48.7588,-9.0232],[-48.7613,-9.012],[-48.7666,-9.0102],[-48.7691,-8.994],[-48.7761,-8.9939],[-48.7681,-8.9826],[-48.7689,-8.9778],[-48.7761,-8.9774],[-48.7816,-8.9696],[-48.7783,-8.9685],[-48.7796,-8.9533],[-48.7844,-8.9516],[-48.7863,-8.9465],[-48.788,-8.9496],[-48.792,-8.9456],[-48.8004,-8.9292],[-48.8144,-8.9318],[-48.8128,-8.9208],[-48.8103,-8.914],[-48.8145,-8.9099],[-48.8171,-8.8979],[-48.8122,-8.8792],[-48.8176,-8.8733],[-48.8166,-8.8692],[-48.8211,-8.8678],[-48.8123,-8.8567],[-48.8169,-8.8494],[-48.8247,-8.8526],[-48.8262,-8.8482],[-48.834,-8.861],[-48.8314,-8.8544],[-48.8349,-8.8513],[-48.8265,-8.8419],[-48.8301,-8.8294],[-48.8349,-8.8229],[-48.8468,-8.8305],[-48.8531,-8.8231],[-48.8508,-8.8203],[-48.8465,-8.8215],[-48.8492,-8.8143],[-48.8449,-8.8088],[-48.8541,-8.8111],[-48.8591,-8.8057],[-48.8524,-8.8007],[-48.8579,-8.7981],[-48.8674,-8.8008],[-48.8712,-8.7972],[-48.8663,-8.7915],[-48.8715,-8.7943],[-48.8748,-8.7954],[-48.8799,-8.7891],[-48.8819,-8.7797],[-48.8866,-8.78],[-48.8799,-8.7664],[-48.8901,-8.7606],[-48.8904,-8.7677],[-48.9011,-8.7542],[-48.9015,-8.7478],[-48.9146,-8.7437],[-48.9209,-8.7269],[-48.9281,-8.7184],[-48.9264,-8.7156],[-48.9349,-8.7124],[-48.8829,-8.6351],[-48.8574,-8.5971],[-48.845,-8.5994],[-48.8462,-8.5932],[-48.8417,-8.5953],[-48.8394,-8.6029],[-48.8365,-8.5979],[-48.8244,-8.5951],[-48.8212,-8.5908]]]}},{"type":"Feature","properties":{"nome":"Pindorama do Tocantins","cod":"1717008","uf":"TO"},"geometry":{"type":"Polygon","coordinates":[[[-47.7076,-10.9501],[-47.7012,-10.9548],[-47.7001,-10.9511],[-47.6908,-10.9462],[-47.6852,-10.9582],[-47.6725,-10.9611],[-47.6669,-10.959],[-47.6621,-10.9627],[-47.6661,-10.9721],[-47.6623,-10.978],[-47.6544,-10.9653],[-47.645,-10.9689],[-47.653,-10.9719],[-47.6492,-10.9786],[-47.6364,-10.9703],[-47.6309,-10.9726],[-47.6303,-10.9776],[-47.6201,-10.9772],[-47.6076,-10.9907],[-47.6053,-10.9997],[-47.5935,-10.9924],[-47.5855,-11.0005],[-47.5872,-10.9949],[-47.5848,-10.9912],[-47.5764,-10.9976],[-47.5741,-10.991],[-47.5695,-10.9889],[-47.5667,-10.9952],[-47.5699,-10.9996],[-47.5654,-11.0129],[-47.5591,-11.0143],[-47.554,-11.0083],[-47.5451,-11.0095],[-47.5483,-10.9985],[-47.5435,-10.9956],[-47.5386,-11.0126],[-47.5315,-11.0094],[-47.5311,-10.9994],[-47.5253,-10.9951],[-47.5241,-11.0125],[-47.5166,-11.0198],[-47.5112,-11.015],[-47.5017,-11.0192],[-47.4771,-11.0147],[-47.4733,-11.0242],[-47.4664,-11.0269],[-47.4599,-11.0183],[-47.4559,-11.019],[-47.4581,-11.0247],[-47.4545,-11.0238],[-47.4496,-11.0208],[-47.4462,-11.0248],[-47.4353,-11.0196],[-47.4203,-11.0096],[-47.4182,-11.0047],[-47.414,-11.0068],[-47.4161,-11.0124],[-47.4097,-11.0121],[-47.4022,-11.0183],[-47.4033,-11.0136],[-47.3981,-11.0144],[-47.3951,-11.0087],[-47.4003,-11.0029],[-47.3857,-11.0074],[-47.3798,-11.0012],[-47.374,-11.0029],[-47.3722,-10.9994],[-47.3684,-11.0025],[-47.3626,-10.9983],[-47.3553,-11.0092],[-47.3501,-11.0013],[-47.3537,-10.9962],[-47.3503,-10.9977],[-47.3487,-10.9941],[-47.3326,-11.0048],[-47.3278,-11.0252],[-47.3268,-11.0583],[-47.3389,-11.088],[-47.3363,-11.0979],[-47.3263,-11.104],[-47.3183,-11.1201],[-47.3207,-11.1321],[-47.3134,-11.1466],[-47.3136,-11.157],[-47.3168,-11.1621],[-47.333,-11.1711],[-47.3349,-11.1758],[-47.3526,-11.1791],[-47.3562,-11.1831],[-47.3722,-11.2108],[-47.3629,-11.2166],[-47.3745,-11.2328],[-47.3751,-11.2436],[-47.3819,-11.246],[-47.3819,-11.2534],[-47.389,-11.2596],[-47.3964,-11.2592],[-47.4092,-11.2675],[-47.4553,-11.2432],[-47.4605,-11.2496],[-47.4597,-11.2572],[-47.4705,-11.2888],[-47.481,-11.3008],[-47.4816,-11.3178],[-47.4958,-11.337],[-47.5328,-11.3679],[-47.5473,-11.3701],[-47.5559,-11.3756],[-47.5684,-11.3682],[-47.5749,-11.3685],[-47.5772,-11.3818],[-47.5878,-11.3841],[-47.587,-11.3976],[-47.5969,-11.4279],[-47.6168,-11.4472],[-47.6217,-11.4424],[-47.5973,-11.3819],[-47.5973,-11.3675],[-47.6009,-11.3643],[-47.6033,-11.3502],[-47.6046,-11.3394],[-47.6186,-11.321],[-47.6195,-11.3058],[-47.6245,-11.303],[-47.6339,-11.3076],[-47.6341,-11.3053],[-47.6414,-11.3072],[-47.6519,-11.3179],[-47.6635,-11.318],[-47.6679,-11.3212],[-47.6698,-11.3302],[-47.6801,-11.3334],[-47.6841,-11.3299],[-47.6865,-11.3174],[-47.7189,-11.2999],[-47.7172,-11.2875],[-47.7426,-11.3059],[-47.7652,-11.2721],[-47.7684,-11.2676],[-47.7729,-11.2593],[-47.7683,-11.2467],[-47.7723,-11.2363],[-47.7758,-11.2359],[-47.7791,-11.2295],[-47.7936,-11.2234],[-47.7944,-11.2161],[-47.8032,-11.2103],[-47.7875,-11.1835],[-47.78,-11.1801],[-47.7801,-11.1734],[-47.7776,-11.1739],[-47.7734,-11.1648],[-47.7658,-11.1611],[-47.7659,-11.1565],[-47.7618,-11.1536],[-47.7558,-11.1378],[-47.7473,-11.1298],[-47.7435,-11.1191],[-47.7346,-11.1148],[-47.7352,-11.1103],[-47.6908,-11.0485],[-47.6942,-11.0468],[-47.6911,-11.0414],[-47.6962,-11.0405],[-47.6997,-11.0312],[-47.7087,-11.0319],[-47.7127,-11.0208],[-47.7083,-11.0143],[-47.7132,-11.0089],[-47.7122,-10.9992],[-47.7243,-10.9846],[-47.7305,-10.9832],[-47.7241,-10.9744],[-47.7298,-10.9684],[-47.7262,-10.9508],[-47.721,-10.9497],[-47.7162,-10.9533],[-47.709,-10.9439],[-47.7076,-10.9501]]]}},{"type":"Feature","properties":{"nome":"Piraquê","cod":"1717206","uf":"TO"},"geometry":{"type":"Polygon","coordinates":[[[-48.2633,-6.4393],[-48.261,-6.4462],[-48.2461,-6.4424],[-48.2421,-6.4468],[-48.2417,-6.4565],[-48.2306,-6.4662],[-48.2257,-6.4678],[-48.2145,-6.4511],[-48.205,-6.4618],[-48.2014,-6.4733],[-48.1892,-6.4792],[-48.1901,-6.4912],[-48.1833,-6.4963],[-48.1812,-6.5047],[-48.1614,-6.5083],[-48.1584,-6.515],[-48.1523,-6.5171],[-48.1517,-6.5246],[-48.1501,-6.5218],[-48.1411,-6.5266],[-48.1367,-6.5333],[-48.1376,-6.541],[-48.1291,-6.5465],[-48.1261,-6.5553],[-48.1303,-6.5661],[-48.1342,-6.5676],[-48.133,-6.5799],[-48.1313,-6.5778],[-48.1294,-6.5846],[-48.1254,-6.5836],[-48.1271,-6.5878],[-48.1197,-6.5935],[-48.1198,-6.6013],[-48.1232,-6.6039],[-48.1231,-6.6115],[-48.127,-6.6119],[-48.1288,-6.6229],[-48.1291,-6.7826],[-48.1292,-6.8116],[-48.1294,-7.0319],[-48.1559,-7.0248],[-48.1721,-7.015],[-48.1827,-7.0147],[-48.1888,-7.0105],[-48.206,-7.0078],[-48.2102,-7.0008],[-48.2258,-6.9887],[-48.2366,-6.9867],[-48.2423,-6.9909],[-48.2572,-6.9905],[-48.2676,-6.9786],[-48.273,-6.9748],[-48.275,-6.9778],[-48.2794,-6.9776],[-48.2887,-6.9687],[-48.2897,-6.9628],[-48.2851,-6.9564],[-48.2922,-6.942],[-48.3023,-6.9332],[-48.3009,-6.9298],[-48.3043,-6.9247],[-48.3163,-6.929],[-48.3168,-6.925],[-48.3138,-6.9195],[-48.317,-6.9144],[-48.3131,-6.8985],[-48.3216,-6.8947],[-48.3228,-6.8978],[-48.3297,-6.8929],[-48.3424,-6.8967],[-48.3405,-6.8851],[-48.3608,-6.8848],[-48.3548,-6.8748],[-48.3517,-6.8753],[-48.3591,-6.8627],[-48.3696,-6.8615],[-48.3732,-6.8563],[-48.3867,-6.851],[-48.3713,-6.8287],[-48.3632,-6.8234],[-48.3584,-6.811],[-48.3656,-6.8018],[-48.3652,-6.7937],[-48.3693,-6.7882],[-48.3867,-6.6459],[-48.3841,-6.6361],[-48.3733,-6.6265],[-48.3709,-6.6014],[-48.3727,-6.5874],[-48.3626,-6.58],[-48.3464,-6.5827],[-48.3415,-6.5763],[-48.328,-6.5769],[-48.3203,-6.57],[-48.3143,-6.5737],[-48.3131,-6.5647],[-48.2907,-6.5203],[-48.2932,-6.5111],[-48.2806,-6.5073],[-48.2776,-6.4918],[-48.2808,-6.4874],[-48.2842,-6.4847],[-48.2809,-6.4808],[-48.2734,-6.4665],[-48.2756,-6.4592],[-48.2811,-6.4561],[-48.2871,-6.4495],[-48.2812,-6.4496],[-48.279,-6.4429],[-48.2755,-6.4413],[-48.274,-6.4446],[-48.2678,-6.4372],[-48.2633,-6.4393]]]}},{"type":"Feature","properties":{"nome":"Pium","cod":"1717503","uf":"TO"},"geometry":{"type":"Polygon","coordinates":[[[-50.0058,-9.5031],[-49.9963,-9.5067],[-49.9861,-9.4982],[-49.9819,-9.5043],[-49.9949,-9.5319],[-50.0012,-9.5351],[-49.9945,-9.5361],[-49.9924,-9.5513],[-49.9799,-9.5669],[-49.9871,-9.5668],[-49.9914,-9.572],[-49.9837,-9.5775],[-49.9823,-9.5823],[-49.9838,-9.5862],[-49.9881,-9.5841],[-49.9882,-9.5892],[-49.9978,-9.5962],[-49.999,-9.6026],[-49.9887,-9.6366],[-49.9894,-9.6518],[-49.9949,-9.6517],[-49.9986,-9.6584],[-49.9972,-9.6715],[-49.9944,-9.6736],[-50.0023,-9.6764],[-50.0001,-9.6867],[-50.0042,-9.6851],[-50.0128,-9.6893],[-50.0162,-9.7009],[-50.0246,-9.6991],[-50.0288,-9.7021],[-50.0255,-9.7105],[-50.0129,-9.7203],[-50.0059,-9.7346],[-50.0097,-9.751],[-50.0171,-9.7505],[-50.0221,-9.7458],[-50.021,-9.7553],[-50.0289,-9.7532],[-50.0325,-9.7583],[-50.0243,-9.7645],[-50.0254,-9.7761],[-50.0129,-9.7743],[-50.0081,-9.7892],[-50.0117,-9.7906],[-50.0112,-9.7937],[-49.9987,-9.7982],[-49.9978,-9.8043],[-49.9922,-9.8044],[-49.9916,-9.8106],[-49.9884,-9.8105],[-49.9875,-9.805],[-49.9832,-9.8051],[-49.9799,-9.8131],[-49.9872,-9.82],[-49.9878,-9.826],[-49.9846,-9.825],[-49.9824,-9.8297],[-49.9786,-9.8299],[-49.9809,-9.8319],[-49.9753,-9.8347],[-49.9792,-9.8344],[-49.9791,-9.8374],[-49.9752,-9.8369],[-49.9734,-9.8432],[-49.9679,-9.844],[-49.9723,-9.8493],[-49.9615,-9.8547],[-49.9654,-9.8556],[-49.965,-9.8608],[-49.9538,-9.8647],[-49.9424,-9.8762],[-49.9441,-9.8799],[-49.9392,-9.8881],[-49.9328,-9.8884],[-49.9318,-9.8914],[-49.9361,-9.8927],[-49.9233,-9.8991],[-49.9244,-9.8933],[-49.9209,-9.8903],[-49.9133,-9.898],[-49.9096,-9.8936],[-49.9037,-9.9055],[-49.9044,-9.9201],[-49.8968,-9.9264],[-49.8843,-9.9159],[-49.8744,-9.9197],[-49.8698,-9.9141],[-49.8528,-9.9202],[-49.8471,-9.9263],[-49.8418,-9.9261],[-49.8442,-9.9198],[-49.8385,-9.9167],[-49.8358,-9.9071],[-49.8258,-9.9033],[-49.8199,-9.9072],[-49.8162,-9.9007],[-49.8073,-9.8976],[-49.7964,-9.9018],[-49.788,-9.9192],[-49.7897,-9.9236],[-49.7817,-9.9256],[-49.7801,-9.9345],[-49.7711,-9.9406],[-49.7727,-9.9496],[-49.7632,-9.9491],[-49.7472,-9.9549],[-49.7438,-9.9592],[-49.7473,-9.9654],[-49.7454,-9.9684],[-49.7372,-9.9665],[-49.7332,-9.9734],[-49.7235,-9.9788],[-49.7143,-9.9747],[-49.7137,-9.9791],[-49.7091,-9.9795],[-49.7045,-9.9856],[-49.6982,-9.9848],[-49.6897,-9.9901],[-49.6856,-9.9867],[-49.6824,-9.9912],[-49.6788,-9.9872],[-49.671,-9.9945],[-49.6561,-9.9859],[-49.6511,-9.9893],[-49.6489,-9.9872],[-49.6448,-9.9968],[-49.6387,-10.0011],[-49.628,-9.9947],[-49.6214,-9.9949],[-49.6079,-9.9828],[-49.5996,-9.9845],[-49.5975,-9.977],[-49.5882,-9.9735],[-49.5896,-9.9679],[-49.5837,-9.963],[-49.5753,-9.9581],[-49.5659,-9.9606],[-49.5639,-9.9543],[-49.5501,-9.9492],[-49.543,-9.9582],[-49.5339,-9.9578],[-49.5207,-9.9757],[-49.4979,-9.9744],[-49.495,-9.9714],[-49.493,-9.9795],[-49.4867,-9.9826],[-49.4809,-9.9782],[-49.4717,-9.9804],[-49.4663,-9.9853],[-49.4657,-9.9973],[-49.4523,-10.0035],[-49.4543,-10.007],[-49.444,-10.0065],[-49.4342,-10.0106],[-49.4181,-10.0285],[-49.4024,-10.0342],[-49.3892,-10.0546],[-49.384,-10.0548],[-49.3698,-10.0696],[-49.3566,-10.1117],[-49.356,-10.1284],[-49.349,-10.1321],[-49.3351,-10.1326],[-49.3255,-10.1471],[-49.3096,-10.1488],[-49.3035,-10.1559],[-49.2871,-10.1604],[-49.2723,-10.1581],[-49.2635,-10.1654],[-49.2517,-10.1664],[-49.2408,-10.177],[-49.2325,-10.1804],[-49.2026,-10.2039],[-49.1998,-10.2253],[-49.2042,-10.2395],[-49.1958,-10.2525],[-49.181,-10.2524],[-49.1758,-10.2555],[-49.1733,-10.2702],[-49.1665,-10.2741],[-49.1409,-10.2744],[-49.1352,-10.2803],[-49.129,-10.2777],[-49.0997,-10.2794],[-49.0924,-10.2735],[-49.0886,-10.2749],[-49.0807,-10.2904],[-49.0925,-10.3001],[-49.0938,-10.3113],[-49.0901,-10.3167],[-49.0928,-10.3259],[-49.1077,-10.3353],[-49.1027,-10.3408],[-49.093,-10.3382],[-49.0878,-10.3419],[-49.0691,-10.3339],[-49.0673,-10.3422],[-49.0546,-10.3499],[-49.0572,-10.3552],[-49.0539,-10.3602],[-49.0459,-10.366],[-49.0376,-10.365],[-49.031,-10.3711],[-49.011,-10.3673],[-48.998,-10.3708],[-48.9803,-10.3578],[-48.9787,-10.3661],[-48.9955,-10.3741],[-49.0034,-10.3901],[-49.0201,-10.3925],[-49.0327,-10.4104],[-49.0531,-10.4232],[-49.0672,-10.4453],[-49.0654,-10.4552],[-49.0508,-10.4675],[-49.0618,-10.4986],[-49.0706,-10.5077],[-49.066,-10.5179],[-49.097,-10.54],[-49.1024,-10.5392],[-49.1121,-10.5451],[-49.1213,-10.5446],[-49.1275,-10.5493],[-49.1389,-10.5438],[-49.1399,-10.5405],[-49.146,-10.5398],[-49.1493,-10.5342],[-49.1607,-10.5309],[-49.1778,-10.5333],[-49.1848,-10.5374],[-49.2156,-10.5407],[-49.2219,-10.5447],[-49.2318,-10.5435],[-49.2467,-10.5281],[-49.2682,-10.5201],[-49.2742,-10.5143],[-49.2838,-10.5142],[-49.3007,-10.5067],[-49.3152,-10.4963],[-49.3383,-10.497],[-49.3422,-10.4915],[-49.3452,-10.4704],[-49.3662,-10.4644],[-49.3896,-10.4508],[-49.3994,-10.4529],[-49.4051,-10.4438],[-49.4253,-10.4391],[-49.4288,-10.4435],[-49.4375,-10.4406],[-49.458,-10.4485],[-49.4707,-10.456],[-49.4728,-10.4605],[-49.4796,-10.4622],[-49.5042,-10.4842],[-49.511,-10.4836],[-49.5107,-10.4884],[-49.5234,-10.4835],[-49.5285,-10.4765],[-49.5433,-10.4868],[-49.5453,-10.4837],[-49.5579,-10.4815],[-49.5631,-10.4762],[-49.5894,-10.5],[-49.5971,-10.5042],[-49.609,-10.5051],[-49.6131,-10.5098],[-49.6161,-10.5049],[-49.6234,-10.5085],[-49.6282,-10.5042],[-49.6354,-10.5126],[-49.6473,-10.5085],[-49.6512,-10.5099],[-49.6494,-10.5159],[-49.6575,-10.5147],[-49.6722,-10.5193],[-49.6771,-10.5121],[-49.6834,-10.5118],[-49.6813,-10.5096],[-49.6836,-10.5086],[-49.6861,-10.5162],[-49.6953,-10.5122],[-49.6989,-10.517],[-49.7066,-10.5187],[-49.7046,-10.5159],[-49.7141,-10.5084],[-49.7157,-10.5103],[-49.7194,-10.502],[-49.7259,-10.501],[-49.7294,-10.5064],[-49.7358,-10.5029],[-49.7354,-10.5063],[-49.743,-10.508],[-49.7456,-10.5126],[-49.7583,-10.5081],[-49.763,-10.5137],[-49.9365,-10.5669],[-49.9589,-10.5737],[-50.2623,-10.6152],[-50.2634,-10.6154],[-50.6029,-10.6596],[-50.5821,-10.6437],[-50.5769,-10.6288],[-50.5627,-10.6109],[-50.5433,-10.6095],[-50.537,-10.6048],[-50.5311,-10.5803],[-50.5193,-10.5621],[-50.5226,-10.5404],[-50.5145,-10.5255],[-50.5163,-10.5051],[-50.5033,-10.4955],[-50.4999,-10.4955],[-50.4873,-10.4942],[-50.4819,-10.4883],[-50.4862,-10.4768],[-50.4874,-10.4676],[-50.4863,-10.4615],[-50.4733,-10.4045],[-50.4478,-10.3912],[-50.4406,-10.3752],[-50.4242,-10.3641],[-50.4178,-10.3559],[-50.4241,-10.3336],[-50.4058,-10.2878],[-50.3976,-10.254],[-50.3825,-10.2246],[-50.3815,-10.2117],[-50.3863,-10.187],[-50.3889,-10.1745],[-50.3965,-10.1705],[-50.3983,-10.1637],[-50.3917,-10.1336],[-50.3774,-10.1103],[-50.3589,-10.0941],[-50.3542,-10.0768],[-50.3394,-10.0605],[-50.312,-10.0452],[-50.3022,-10.035],[-50.2938,-10.0157],[-50.2902,-9.9904],[-50.2775,-9.9704],[-50.2785,-9.9548],[-50.2668,-9.9342],[-50.2638,-9.9081],[-50.2433,-9.8708],[-50.225,-9.8535],[-50.2268,-9.8452],[-50.2244,-9.8407],[-50.2172,-9.8342],[-50.2139,-9.8128],[-50.2033,-9.7905],[-50.1974,-9.7584],[-50.1608,-9.7124],[-50.1587,-9.699],[-50.1506,-9.6952],[-50.1497,-9.6743],[-50.1396,-9.6541],[-50.1386,-9.6271],[-50.125,-9.6183],[-50.1197,-9.6066],[-50.1069,-9.5939],[-50.1069,-9.5721],[-50.103,-9.5624],[-50.0891,-9.5453],[-50.0937,-9.5256],[-50.1075,-9.5082],[-50.1074,-9.5041],[-50.101,-9.4999],[-50.1049,-9.4891],[-50.1049,-9.475],[-50.0897,-9.4312],[-50.0651,-9.4004],[-50.0581,-9.3794],[-50.0531,-9.373],[-50.055,-9.3343],[-50.0503,-9.3127],[-50.0475,-9.307],[-50.0373,-9.289],[-50.0187,-9.2808],[-50.0046,-9.2684],[-49.9936,-9.2337],[-49.9657,-9.2305],[-49.967,-9.2431],[-49.9618,-9.2567],[-49.9728,-9.2707],[-49.9749,-9.2802],[-49.9634,-9.2955],[-49.962,-9.3038],[-49.9716,-9.3207],[-49.9714,-9.3454],[-49.976,-9.354],[-49.9728,-9.3698],[-49.9779,-9.3753],[-49.9951,-9.3817],[-50.0009,-9.3893],[-49.9879,-9.4101],[-49.989,-9.4281],[-49.9831,-9.4321],[-49.9811,-9.4402],[-49.9856,-9.4639],[-49.9772,-9.4812],[-49.9949,-9.4911],[-50.0058,-9.5031]]]}},{"type":"Feature","properties":{"nome":"Ponte Alta do Bom Jesus","cod":"1717800","uf":"TO"},"geometry":{"type":"Polygon","coordinates":[[[-46.4243,-11.7648],[-46.4111,-11.7674],[-46.3936,-11.7626],[-46.3834,-11.7764],[-46.3695,-11.7772],[-46.3585,-11.7823],[-46.3542,-11.789],[-46.3562,-11.7956],[-46.3533,-11.8018],[-46.3375,-11.816],[-46.3505,-11.8218],[-46.3471,-11.8355],[-46.355,-11.8418],[-46.3681,-11.8343],[-46.373,-11.8362],[-46.3709,-11.854],[-46.3742,-11.8682],[-46.3651,-11.884],[-46.3509,-11.8821],[-46.3263,-11.8963],[-46.3176,-11.8981],[-46.2846,-11.8855],[-46.256,-11.8982],[-46.2377,-11.9022],[-46.213,-11.8982],[-46.1933,-11.8841],[-46.1807,-11.885],[-46.1719,-11.8975],[-46.1747,-11.9096],[-46.1921,-11.9291],[-46.2101,-11.93],[-46.2475,-11.9471],[-46.2951,-11.9488],[-46.3253,-11.9581],[-46.3426,-11.975],[-46.3558,-11.981],[-46.3731,-12.0039],[-46.3732,-12.015],[-46.395,-12.0259],[-46.3974,-12.0399],[-46.3814,-12.0525],[-46.3781,-12.0594],[-46.388,-12.0721],[-46.3811,-12.0825],[-46.3852,-12.092],[-46.3677,-12.0978],[-46.3805,-12.1057],[-46.4005,-12.1064],[-46.4156,-12.1126],[-46.4256,-12.1095],[-46.4332,-12.1027],[-46.437,-12.1058],[-46.4367,-12.1036],[-46.4437,-12.1051],[-46.4513,-12.1143],[-46.459,-12.1121],[-46.4649,-12.1029],[-46.4806,-12.0998],[-46.4862,-12.0984],[-46.501,-12.1114],[-46.511,-12.113],[-46.5197,-12.1211],[-46.5275,-12.1216],[-46.5281,-12.1267],[-46.5347,-12.129],[-46.5377,-12.1347],[-46.5354,-12.1374],[-46.5437,-12.1437],[-46.5547,-12.1606],[-46.5608,-12.1718],[-46.559,-12.1789],[-46.569,-12.1849],[-46.5796,-12.1859],[-46.5829,-12.1906],[-46.5955,-12.1931],[-46.5954,-12.2067],[-46.5998,-12.214],[-46.6078,-12.2166],[-46.6097,-12.2271],[-46.6179,-12.2304],[-46.6297,-12.2455],[-46.6443,-12.25],[-46.6454,-12.2514],[-46.6439,-12.2537],[-46.6483,-12.2579],[-46.6543,-12.2586],[-46.6584,-12.2694],[-46.6757,-12.2677],[-46.6875,-12.2766],[-46.6984,-12.272],[-46.6994,-12.2666],[-46.7226,-12.2611],[-46.7336,-12.2626],[-46.7336,-12.2575],[-46.7394,-12.2593],[-46.7451,-12.2683],[-46.7555,-12.2705],[-46.7542,-12.2743],[-46.7614,-12.2738],[-46.7623,-12.2774],[-46.7762,-12.2747],[-46.7781,-12.2774],[-46.7771,-12.2829],[-46.781,-12.287],[-46.7796,-12.2996],[-46.785,-12.307],[-46.7789,-12.31],[-46.7804,-12.3133],[-46.79,-12.3138],[-46.7931,-12.3099],[-46.8003,-12.3114],[-46.8039,-12.3035],[-46.8104,-12.3006],[-46.8124,-12.3051],[-46.8227,-12.3047],[-46.8218,-12.3096],[-46.8264,-12.3091],[-46.8244,-12.3123],[-46.8301,-12.3095],[-46.8339,-12.315],[-46.8301,-12.3178],[-46.8347,-12.3201],[-46.8328,-12.323],[-46.8397,-12.3259],[-46.8393,-12.333],[-46.8489,-12.3348],[-46.8493,-12.343],[-46.8674,-12.3488],[-46.8687,-12.3533],[-46.8717,-12.3532],[-46.8859,-12.3378],[-46.8916,-12.3416],[-46.8922,-12.3482],[-46.8972,-12.3465],[-46.8968,-12.3514],[-46.9028,-12.3525],[-46.903,-12.349],[-46.9094,-12.3528],[-46.9101,-12.3568],[-46.9187,-12.3584],[-46.9239,-12.3671],[-46.925,-12.3645],[-46.9275,-12.3663],[-46.9255,-12.368],[-46.9288,-12.369],[-46.9295,-12.3748],[-46.9359,-12.3725],[-46.9368,-12.3778],[-46.9402,-12.3753],[-46.9459,-12.377],[-46.9602,-12.3736],[-46.9664,-12.3779],[-46.9686,-12.3713],[-46.977,-12.371],[-46.9789,-12.367],[-46.9611,-12.3561],[-46.9445,-12.3226],[-46.9484,-12.3178],[-46.9453,-12.3038],[-46.9362,-12.299],[-46.9338,-12.2918],[-46.9177,-12.2791],[-46.9099,-12.28],[-46.9099,-12.2757],[-46.9039,-12.2755],[-46.8987,-12.2699],[-46.8977,-12.2629],[-46.8936,-12.2616],[-46.8889,-12.2534],[-46.8896,-12.2474],[-46.8811,-12.2398],[-46.8841,-12.2302],[-46.8809,-12.2256],[-46.8776,-12.2264],[-46.8777,-12.22],[-46.8664,-12.2179],[-46.8622,-12.2126],[-46.8541,-12.2127],[-46.8527,-12.2052],[-46.8396,-12.1959],[-46.8346,-12.1769],[-46.8248,-12.1696],[-46.8193,-12.1522],[-46.8088,-12.1527],[-46.7989,-12.1462],[-46.8,-12.1415],[-46.7928,-12.1354],[-46.7849,-12.1056],[-46.7689,-12.093],[-46.7683,-12.088],[-46.7737,-12.0842],[-46.7676,-12.0656],[-46.7563,-12.062],[-46.7517,-12.0448],[-46.7412,-12.0451],[-46.7383,-12.0379],[-46.7159,-12.0367],[-46.7162,-12.0335],[-46.7059,-12.0248],[-46.6837,-12.0226],[-46.6823,-12.0116],[-46.6779,-12.0091],[-46.6801,-12.0059],[-46.673,-12.005],[-46.6706,-11.9941],[-46.6621,-11.9898],[-46.6365,-11.9796],[-46.6217,-11.9619],[-46.6114,-11.9592],[-46.6033,-11.9651],[-46.5963,-11.9656],[-46.5913,-11.9594],[-46.5945,-11.9445],[-46.5995,-11.9409],[-46.5917,-11.9361],[-46.5937,-11.9326],[-46.5891,-11.9243],[-46.5909,-11.9219],[-46.5846,-11.9119],[-46.5626,-11.9003],[-46.5503,-11.8784],[-46.5435,-11.8719],[-46.533,-11.8575],[-46.5408,-11.8436],[-46.5367,-11.8138],[-46.5301,-11.8091],[-46.5191,-11.7894],[-46.483,-11.7641],[-46.4435,-11.7585],[-46.4375,-11.7551],[-46.4314,-11.7566],[-46.4243,-11.7648]]]}},{"type":"Feature","properties":{"nome":"Ponte Alta do Tocantins","cod":"1717909","uf":"TO"},"geometry":{"type":"Polygon","coordinates":[[[-47.1021,-10.3413],[-47.095,-10.3675],[-47.0887,-10.3649],[-47.0922,-10.3737],[-47.0903,-10.3801],[-47.1015,-10.3808],[-47.1066,-10.3972],[-47.1155,-10.4048],[-47.1154,-10.4074],[-47.1047,-10.4044],[-47.1028,-10.4066],[-47.109,-10.4131],[-47.1096,-10.4213],[-47.1177,-10.4246],[-47.1269,-10.437],[-47.1259,-10.4516],[-47.1159,-10.4501],[-47.1003,-10.4396],[-47.101,-10.4441],[-47.1017,-10.4479],[-47.0871,-10.4502],[-47.0928,-10.4597],[-47.1009,-10.4544],[-47.1089,-10.4554],[-47.117,-10.4756],[-47.1152,-10.4841],[-47.0973,-10.4856],[-47.08,-10.4707],[-47.0823,-10.4791],[-47.0757,-10.4811],[-47.0744,-10.4855],[-47.0804,-10.4904],[-47.0807,-10.4945],[-47.0734,-10.5072],[-47.0632,-10.5073],[-47.0576,-10.5024],[-47.0532,-10.5184],[-47.048,-10.5127],[-47.04,-10.5107],[-47.0317,-10.517],[-47.0213,-10.5181],[-47.0229,-10.5109],[-47.0183,-10.5131],[-47.014,-10.5085],[-47.0074,-10.5136],[-47.0036,-10.5221],[-47.0077,-10.5314],[-46.9989,-10.5346],[-46.9985,-10.548],[-46.9933,-10.5511],[-46.9973,-10.5577],[-46.9926,-10.5638],[-46.9972,-10.5687],[-46.9932,-10.5749],[-47.0018,-10.5854],[-46.9972,-10.5878],[-46.9936,-10.5821],[-46.9849,-10.5803],[-46.9752,-10.5841],[-46.968,-10.5811],[-46.9691,-10.5763],[-46.9659,-10.5755],[-46.9594,-10.5865],[-46.9691,-10.6032],[-46.9677,-10.6061],[-46.9616,-10.6026],[-46.9595,-10.6063],[-46.973,-10.6194],[-46.9704,-10.6222],[-46.9634,-10.6153],[-46.9577,-10.6214],[-46.9585,-10.6389],[-46.9456,-10.6401],[-46.9471,-10.6529],[-46.9528,-10.6504],[-46.9545,-10.6612],[-46.9515,-10.6663],[-46.9469,-10.6681],[-46.9477,-10.6624],[-46.9417,-10.6637],[-46.9277,-10.6579],[-46.927,-10.6655],[-46.932,-10.6688],[-46.9334,-10.6752],[-46.9309,-10.6802],[-46.9273,-10.6797],[-46.9244,-10.6722],[-46.9149,-10.6806],[-46.9151,-10.673],[-46.9093,-10.6739],[-46.9059,-10.6698],[-46.9038,-10.6832],[-46.9061,-10.6915],[-46.8983,-10.6878],[-46.8973,-10.6963],[-46.8943,-10.6902],[-46.889,-10.6888],[-46.8857,-10.6979],[-46.8877,-10.7016],[-46.8791,-10.7099],[-46.8802,-10.7157],[-46.8845,-10.7169],[-46.8919,-10.7096],[-46.8963,-10.7196],[-46.9012,-10.7139],[-46.905,-10.7188],[-46.9101,-10.7165],[-46.9065,-10.7301],[-46.9008,-10.7297],[-46.9058,-10.7528],[-46.912,-10.7492],[-46.9194,-10.7533],[-46.9254,-10.7685],[-46.9184,-10.7694],[-46.9088,-10.7587],[-46.9069,-10.7627],[-46.9139,-10.7674],[-46.9137,-10.7837],[-46.9118,-10.7808],[-46.9099,-10.7843],[-46.902,-10.7766],[-46.8994,-10.7807],[-46.8928,-10.7691],[-46.8886,-10.769],[-46.8871,-10.7786],[-46.8939,-10.7869],[-46.8901,-10.8079],[-46.8766,-10.8015],[-46.8794,-10.8095],[-46.8748,-10.8285],[-46.8792,-10.8297],[-46.8825,-10.8238],[-46.882,-10.8288],[-46.8874,-10.8299],[-46.8884,-10.8387],[-46.8911,-10.8398],[-46.8894,-10.8479],[-46.8962,-10.8464],[-46.9033,-10.8493],[-46.9037,-10.8424],[-46.907,-10.8413],[-46.9147,-10.8556],[-46.9121,-10.8577],[-46.8989,-10.8534],[-46.8894,-10.8559],[-46.8874,-10.8595],[-46.8935,-10.8656],[-46.8923,-10.8709],[-46.8865,-10.8695],[-46.888,-10.8857],[-46.8849,-10.8931],[-46.8881,-10.9017],[-46.8844,-10.9039],[-46.8801,-10.8985],[-46.8715,-10.9027],[-46.8747,-10.8919],[-46.8582,-10.8871],[-46.8521,-10.8817],[-46.8488,-10.885],[-46.8505,-10.8944],[-46.8413,-10.8958],[-46.8467,-10.9038],[-46.8441,-10.9085],[-46.8483,-10.9122],[-46.8439,-10.9155],[-46.8398,-10.9275],[-46.8447,-10.9276],[-46.8462,-10.9344],[-46.8505,-10.9303],[-46.8586,-10.942],[-46.8588,-10.9478],[-46.8538,-10.9461],[-46.8552,-10.9544],[-46.868,-10.957],[-46.8547,-10.9663],[-46.8535,-10.9606],[-46.844,-10.955],[-46.8422,-10.9404],[-46.8279,-10.9303],[-46.8151,-10.9373],[-46.825,-10.9418],[-46.825,-10.9453],[-46.8085,-10.9446],[-46.8102,-10.9498],[-46.8063,-10.9536],[-46.8105,-10.9576],[-46.8194,-10.9521],[-46.8192,-10.9567],[-46.8217,-10.9573],[-46.8303,-10.9531],[-46.8222,-10.9701],[-46.8324,-10.9639],[-46.8331,-10.9785],[-46.8392,-10.9808],[-46.8386,-10.9943],[-46.8417,-10.9965],[-46.849,-10.9919],[-46.8561,-11.0001],[-46.853,-11.0085],[-46.8606,-11.0109],[-46.8579,-11.0157],[-46.8683,-11.0268],[-46.8727,-11.0411],[-46.8416,-11.0579],[-46.8023,-11.0509],[-46.7878,-11.038],[-46.7787,-11.0352],[-46.7658,-11.0488],[-46.7338,-11.0656],[-46.7182,-11.0868],[-46.7104,-11.0902],[-46.7145,-11.1022],[-46.7001,-11.1224],[-46.703,-11.1292],[-46.7163,-11.1234],[-46.7444,-11.1234],[-46.7583,-11.1027],[-46.7638,-11.0993],[-46.7809,-11.1018],[-46.7825,-11.0972],[-46.7904,-11.098],[-46.795,-11.0905],[-46.8119,-11.0968],[-46.8328,-11.0912],[-46.8361,-11.0964],[-46.8436,-11.0976],[-46.8535,-11.1123],[-46.8642,-11.1101],[-46.882,-11.1222],[-46.8886,-11.1194],[-46.9082,-11.1228],[-46.9211,-11.134],[-46.9278,-11.1322],[-46.9341,-11.1403],[-46.9391,-11.1393],[-46.9416,-11.1443],[-46.9511,-11.1463],[-46.9627,-11.1547],[-46.9706,-11.1531],[-46.9827,-11.1637],[-47.0013,-11.1631],[-47.0074,-11.1553],[-47.0201,-11.1624],[-47.0206,-11.1615],[-47.0377,-11.1538],[-47.054,-11.1336],[-47.0636,-11.1333],[-47.067,-11.1382],[-47.0717,-11.131],[-47.0909,-11.1243],[-47.0941,-11.1175],[-47.1041,-11.1127],[-47.1071,-11.105],[-47.1217,-11.1035],[-47.1253,-11.1063],[-47.1416,-11.0855],[-47.1473,-11.0735],[-47.147,-11.0655],[-47.1501,-11.0671],[-47.1536,-11.0597],[-47.1583,-11.0588],[-47.1551,-11.0506],[-47.1596,-11.0436],[-47.1691,-11.045],[-47.1739,-11.0395],[-47.1812,-11.0396],[-47.1838,-11.0363],[-47.1928,-11.0388],[-47.1902,-11.0365],[-47.1954,-11.0269],[-47.1999,-11.03],[-47.213,-11.0228],[-47.2207,-11.025],[-47.2212,-11.0077],[-47.2313,-11.0094],[-47.2401,-11.0058],[-47.2459,-10.9967],[-47.2511,-10.9954],[-47.2564,-11.0041],[-47.259,-10.9891],[-47.262,-10.9882],[-47.2654,-10.9776],[-47.2681,-10.9833],[-47.2835,-10.9821],[-47.2834,-10.985],[-47.298,-10.9888],[-47.3028,-10.9975],[-47.3156,-10.9938],[-47.3186,-10.9888],[-47.3184,-10.9986],[-47.3269,-10.9956],[-47.3326,-11.0048],[-47.3487,-10.9941],[-47.3503,-10.9977],[-47.3537,-10.9962],[-47.3501,-11.0013],[-47.3553,-11.0092],[-47.3626,-10.9983],[-47.3684,-11.0025],[-47.3722,-10.9994],[-47.374,-11.0029],[-47.3798,-11.0012],[-47.3857,-11.0074],[-47.4003,-11.0029],[-47.3951,-11.0087],[-47.3981,-11.0144],[-47.4033,-11.0136],[-47.4022,-11.0183],[-47.4097,-11.0121],[-47.4161,-11.0124],[-47.414,-11.0068],[-47.4182,-11.0047],[-47.4203,-11.0096],[-47.4353,-11.0196],[-47.4462,-11.0248],[-47.4496,-11.0208],[-47.4545,-11.0238],[-47.4581,-11.0247],[-47.4559,-11.019],[-47.4599,-11.0183],[-47.4664,-11.0269],[-47.4733,-11.0242],[-47.4771,-11.0147],[-47.5017,-11.0192],[-47.5112,-11.015],[-47.5166,-11.0198],[-47.5241,-11.0125],[-47.5253,-10.9951],[-47.5311,-10.9994],[-47.5315,-11.0094],[-47.5386,-11.0126],[-47.5435,-10.9956],[-47.5483,-10.9985],[-47.5451,-11.0095],[-47.554,-11.0083],[-47.5591,-11.0143],[-47.5654,-11.0129],[-47.5699,-10.9996],[-47.5667,-10.9952],[-47.5695,-10.9889],[-47.5741,-10.991],[-47.5764,-10.9976],[-47.5848,-10.9912],[-47.5872,-10.9949],[-47.5855,-11.0005],[-47.5935,-10.9924],[-47.6053,-10.9997],[-47.6076,-10.9907],[-47.6201,-10.9772],[-47.6303,-10.9776],[-47.6309,-10.9726],[-47.6364,-10.9703],[-47.6492,-10.9786],[-47.653,-10.9719],[-47.645,-10.9689],[-47.6544,-10.9653],[-47.6623,-10.978],[-47.6661,-10.9721],[-47.6621,-10.9627],[-47.6669,-10.959],[-47.6725,-10.9611],[-47.6852,-10.9582],[-47.6908,-10.9462],[-47.7001,-10.9511],[-47.7012,-10.9548],[-47.7076,-10.9501],[-47.709,-10.9439],[-47.7162,-10.9533],[-47.721,-10.9497],[-47.7262,-10.9508],[-47.737,-10.9507],[-47.7462,-10.9365],[-47.7356,-10.9195],[-47.7427,-10.9074],[-47.7436,-10.9003],[-47.7546,-10.8936],[-47.7529,-10.8848],[-47.7556,-10.8707],[-47.7614,-10.8688],[-47.7575,-10.8596],[-47.765,-10.8489],[-47.7695,-10.8476],[-47.7675,-10.836],[-47.7704,-10.8321],[-47.7754,-10.8321],[-47.7754,-10.8279],[-47.7818,-10.8217],[-47.7836,-10.8054],[-47.7899,-10.7942],[-47.7978,-10.7907],[-47.7973,-10.7873],[-47.7892,-10.7883],[-47.7941,-10.7756],[-47.801,-10.7687],[-47.8068,-10.7724],[-47.8082,-10.7609],[-47.8238,-10.7519],[-47.8235,-10.7454],[-47.8149,-10.741],[-47.8063,-10.726],[-47.7979,-10.7236],[-47.7992,-10.7136],[-47.7909,-10.7188],[-47.7846,-10.709],[-47.7938,-10.7016],[-47.7922,-10.6895],[-47.8111,-10.6802],[-47.8039,-10.6664],[-47.8079,-10.6584],[-47.8201,-10.6541],[-47.8245,-10.6465],[-47.8234,-10.64],[-47.8315,-10.627],[-47.8255,-10.6078],[-47.8299,-10.6033],[-47.8367,-10.6035],[-47.8459,-10.5942],[-47.8493,-10.5856],[-47.8457,-10.5796],[-47.857,-10.5638],[-47.8531,-10.5607],[-47.8461,-10.5622],[-47.8401,-10.5465],[-47.8482,-10.5318],[-47.8401,-10.5158],[-47.8427,-10.5049],[-47.84,-10.4966],[-47.8196,-10.4884],[-47.8271,-10.4762],[-47.8253,-10.4668],[-47.8303,-10.4482],[-47.8392,-10.4378],[-47.8329,-10.4274],[-47.8426,-10.4081],[-47.8374,-10.395],[-47.8259,-10.3996],[-47.8231,-10.4074],[-47.8053,-10.4085],[-47.7981,-10.4039],[-47.7877,-10.4091],[-47.7837,-10.4066],[-47.7791,-10.4107],[-47.7763,-10.4067],[-47.7715,-10.4157],[-47.7691,-10.411],[-47.7629,-10.4179],[-47.7526,-10.4153],[-47.7528,-10.4214],[-47.746,-10.4117],[-47.7409,-10.4113],[-47.738,-10.415],[-47.7371,-10.4117],[-47.734,-10.4131],[-47.7287,-10.4089],[-47.7233,-10.4017],[-47.7164,-10.4041],[-47.7093,-10.3993],[-47.6954,-10.4046],[-47.6942,-10.4018],[-47.6772,-10.4003],[-47.677,-10.3941],[-47.6699,-10.398],[-47.6727,-10.3932],[-47.6676,-10.3936],[-47.656,-10.3953],[-47.656,-10.4021],[-47.646,-10.4052],[-47.6432,-10.3986],[-47.6316,-10.404],[-47.6308,-10.4001],[-47.6194,-10.407],[-47.6212,-10.4127],[-47.6161,-10.4184],[-47.6124,-10.4141],[-47.6044,-10.414],[-47.6032,-10.4106],[-47.5933,-10.4097],[-47.5874,-10.413],[-47.5818,-10.4082],[-47.5664,-10.421],[-47.5482,-10.4226],[-47.5436,-10.4279],[-47.5402,-10.4246],[-47.531,-10.4368],[-47.5214,-10.441],[-47.5207,-10.4522],[-47.5102,-10.4485],[-47.5076,-10.4511],[-47.5121,-10.4569],[-47.5071,-10.4592],[-47.5006,-10.4572],[-47.4961,-10.4603],[-47.4959,-10.4706],[-47.4886,-10.4714],[-47.4869,-10.4896],[-47.4801,-10.4953],[-47.4787,-10.5053],[-47.4686,-10.5076],[-47.4627,-10.5309],[-47.4547,-10.5363],[-47.4421,-10.5211],[-47.4352,-10.5237],[-47.4292,-10.526],[-47.4237,-10.5196],[-47.3986,-10.5128],[-47.3038,-10.4392],[-47.2874,-10.4263],[-47.2906,-10.4228],[-47.2889,-10.406],[-47.2741,-10.4063],[-47.2584,-10.4007],[-47.2519,-10.3949],[-47.2355,-10.3938],[-47.2311,-10.3887],[-47.2114,-10.4063],[-47.1827,-10.3994],[-47.1683,-10.4004],[-47.1475,-10.3963],[-47.1251,-10.3818],[-47.1178,-10.3556],[-47.1103,-10.3519],[-47.1021,-10.3413]]]}},{"type":"Feature","properties":{"nome":"Porto Alegre do Tocantins","cod":"1718006","uf":"TO"},"geometry":{"type":"Polygon","coordinates":[[[-46.9253,-11.3904],[-46.9265,-11.4027],[-46.9164,-11.4655],[-46.922,-11.4702],[-46.9215,-11.4634],[-46.929,-11.4644],[-46.9284,-11.4563],[-46.9361,-11.4474],[-46.9373,-11.4539],[-46.947,-11.4501],[-46.9517,-11.4568],[-46.9503,-11.4613],[-46.9556,-11.4617],[-46.9552,-11.4661],[-46.9602,-11.4681],[-46.9621,-11.4765],[-46.9583,-11.479],[-46.9628,-11.4836],[-46.9567,-11.491],[-46.9602,-11.4969],[-46.9571,-11.4982],[-46.9594,-11.5058],[-46.9571,-11.5081],[-46.9666,-11.5148],[-46.9671,-11.5226],[-46.9717,-11.522],[-46.9742,-11.5259],[-46.9815,-11.5247],[-46.9828,-11.534],[-46.9866,-11.5359],[-46.9853,-11.5448],[-46.9816,-11.5464],[-46.9952,-11.5447],[-47.0088,-11.5156],[-47.0288,-11.516],[-47.0358,-11.5291],[-47.037,-11.5703],[-47.0441,-11.5772],[-47.0462,-11.5869],[-47.045,-11.6065],[-47.0437,-11.6121],[-47.0451,-11.6206],[-47.0381,-11.6283],[-47.0409,-11.6362],[-47.0512,-11.638],[-47.0508,-11.644],[-47.0596,-11.6482],[-47.0671,-11.6615],[-47.073,-11.684],[-47.0799,-11.688],[-47.0799,-11.7009],[-47.0827,-11.6969],[-47.0926,-11.7013],[-47.0899,-11.7105],[-47.0972,-11.7175],[-47.1003,-11.7271],[-47.1082,-11.7321],[-47.1099,-11.7373],[-47.1168,-11.7363],[-47.1224,-11.7468],[-47.1333,-11.7486],[-47.1347,-11.7549],[-47.1423,-11.7538],[-47.1414,-11.7447],[-47.1447,-11.7429],[-47.1527,-11.7477],[-47.1537,-11.7343],[-47.1464,-11.7194],[-47.1335,-11.7054],[-47.1398,-11.6888],[-47.1509,-11.6835],[-47.1453,-11.6701],[-47.1516,-11.6529],[-47.1438,-11.6282],[-47.1437,-11.6204],[-47.1477,-11.6176],[-47.1453,-11.6145],[-47.0823,-11.5326],[-47.0844,-11.5222],[-47.0911,-11.5142],[-47.089,-11.4954],[-47.1045,-11.4706],[-47.113,-11.4682],[-47.1261,-11.4733],[-47.1208,-11.4684],[-47.1187,-11.4515],[-47.1081,-11.4446],[-47.0841,-11.4381],[-47.089,-11.4331],[-47.0819,-11.4288],[-47.0797,-11.4226],[-47.0856,-11.4046],[-47.0966,-11.3858],[-47.0991,-11.3842],[-47.1028,-11.3887],[-47.1158,-11.3838],[-47.1207,-11.372],[-47.1098,-11.3739],[-47.0958,-11.3684],[-47.0909,-11.363],[-47.0762,-11.3636],[-47.0644,-11.3567],[-47.0514,-11.3561],[-47.0467,-11.3596],[-47.0392,-11.3529],[-47.0338,-11.3553],[-47.0194,-11.3539],[-47.0177,-11.3611],[-47.0136,-11.3619],[-47.0101,-11.3685],[-46.9779,-11.3965],[-46.9749,-11.3895],[-46.9642,-11.3797],[-46.9669,-11.3602],[-46.9618,-11.359],[-46.9604,-11.3523],[-46.9497,-11.3441],[-46.9252,-11.3462],[-46.922,-11.3495],[-46.9249,-11.3552],[-46.9182,-11.3662],[-46.9251,-11.3766],[-46.9222,-11.3776],[-46.9211,-11.389],[-46.9253,-11.3904]]]}},{"type":"Feature","properties":{"nome":"Porto Nacional","cod":"1718204","uf":"TO"},"geometry":{"type":"Polygon","coordinates":[[[-48.4493,-10.017],[-48.4462,-10.0238],[-48.4431,-10.0182],[-48.4391,-10.0198],[-48.4352,-10.0171],[-48.43,-10.0256],[-48.424,-10.0228],[-48.4179,-10.0321],[-48.4108,-10.0316],[-48.4107,-10.0366],[-48.402,-10.0444],[-48.4036,-10.0512],[-48.3964,-10.0438],[-48.3973,-10.0475],[-48.3927,-10.0477],[-48.3858,-10.0557],[-48.3656,-10.0567],[-48.3678,-10.0632],[-48.3793,-10.0725],[-48.3846,-10.0814],[-48.3925,-10.111],[-48.416,-10.1722],[-48.4212,-10.1916],[-48.4226,-10.2032],[-48.4115,-10.2247],[-48.3883,-10.2321],[-48.3822,-10.2425],[-48.384,-10.2567],[-48.3959,-10.2763],[-48.4029,-10.2955],[-48.4033,-10.3331],[-48.4083,-10.3586],[-48.4006,-10.3824],[-48.3684,-10.4093],[-48.3397,-10.4088],[-48.3211,-10.4144],[-48.3108,-10.4116],[-48.3054,-10.4166],[-48.2951,-10.4105],[-48.2792,-10.4135],[-48.2641,-10.4111],[-48.2569,-10.4017],[-48.2376,-10.3885],[-48.223,-10.3838],[-48.2204,-10.3827],[-48.2101,-10.383],[-48.2046,-10.3773],[-48.1936,-10.3807],[-48.1899,-10.3784],[-48.1829,-10.3851],[-48.1764,-10.3987],[-48.1771,-10.4087],[-48.1721,-10.4225],[-48.1539,-10.4323],[-48.1401,-10.4577],[-48.1574,-10.4579],[-48.1772,-10.4525],[-48.1938,-10.4674],[-48.2103,-10.4692],[-48.2154,-10.4729],[-48.216,-10.48],[-48.2211,-10.4861],[-48.2336,-10.497],[-48.247,-10.4973],[-48.2549,-10.5015],[-48.2631,-10.501],[-48.2681,-10.4899],[-48.2817,-10.4863],[-48.3048,-10.4989],[-48.2915,-10.5162],[-48.2828,-10.5158],[-48.2632,-10.5291],[-48.3059,-10.5814],[-48.2999,-10.5861],[-48.2923,-10.6016],[-48.2841,-10.6034],[-48.2756,-10.612],[-48.2715,-10.6184],[-48.2607,-10.6182],[-48.2584,-10.6225],[-48.2359,-10.6278],[-48.2182,-10.6419],[-48.2096,-10.6528],[-48.2021,-10.6541],[-48.1986,-10.6608],[-48.2002,-10.664],[-48.1906,-10.6605],[-48.1783,-10.6636],[-48.1698,-10.6706],[-48.1675,-10.6692],[-48.1581,-10.6802],[-48.1702,-10.696],[-48.1831,-10.7037],[-48.1944,-10.711],[-48.2167,-10.7182],[-48.2369,-10.739],[-48.2693,-10.7829],[-48.2681,-10.7891],[-48.2739,-10.8033],[-48.2681,-10.8122],[-48.2689,-10.83],[-48.2595,-10.8452],[-48.2511,-10.8501],[-48.2428,-10.8396],[-48.2142,-10.8508],[-48.2088,-10.8502],[-48.2051,-10.8617],[-48.1785,-10.8674],[-48.1784,-10.8792],[-48.1889,-10.8801],[-48.1953,-10.8853],[-48.1996,-10.8953],[-48.2005,-10.9186],[-48.2128,-10.9222],[-48.2247,-10.9191],[-48.2333,-10.9219],[-48.254,-10.9398],[-48.2406,-10.9464],[-48.2367,-10.9597],[-48.2252,-10.9707],[-48.2194,-10.9875],[-48.2212,-10.9894],[-48.2473,-10.9997],[-48.2497,-11.0054],[-48.2538,-11.0061],[-48.2611,-11.0222],[-48.2886,-11.0417],[-48.291,-11.0503],[-48.3142,-11.059],[-48.324,-11.0794],[-48.3316,-11.0729],[-48.3262,-11.0564],[-48.3271,-11.0405],[-48.358,-11.0199],[-48.3615,-11.014],[-48.3848,-11.002],[-48.3908,-11.0057],[-48.4088,-11.0054],[-48.4256,-10.9937],[-48.4308,-10.9856],[-48.4524,-10.9748],[-48.46,-10.9606],[-48.4715,-10.9565],[-48.4733,-10.9457],[-48.463,-10.9418],[-48.4578,-10.9277],[-48.4201,-10.8829],[-48.4015,-10.8416],[-48.3967,-10.8219],[-48.4001,-10.8075],[-48.3972,-10.7834],[-48.4007,-10.7579],[-48.4149,-10.7411],[-48.4172,-10.7436],[-48.4156,-10.7553],[-48.4216,-10.7596],[-48.429,-10.7578],[-48.4535,-10.7632],[-48.4725,-10.7821],[-48.496,-10.7807],[-48.509,-10.7847],[-48.5136,-10.7929],[-48.5442,-10.7962],[-48.5458,-10.8081],[-48.5324,-10.8168],[-48.5343,-10.8275],[-48.546,-10.8299],[-48.5433,-10.8431],[-48.5453,-10.8539],[-48.5498,-10.8568],[-48.5673,-10.8533],[-48.5746,-10.8548],[-48.5809,-10.8622],[-48.5804,-10.8711],[-48.5924,-10.8669],[-48.5966,-10.8434],[-48.6065,-10.8454],[-48.6246,-10.8666],[-48.637,-10.8699],[-48.6355,-10.8574],[-48.6434,-10.8438],[-48.6447,-10.832],[-48.6521,-10.838],[-48.6625,-10.8351],[-48.687,-10.8371],[-48.694,-10.8331],[-48.7055,-10.8183],[-48.7182,-10.8119],[-48.7254,-10.8021],[-48.7443,-10.812],[-48.7609,-10.8019],[-48.7723,-10.8092],[-48.7847,-10.8049],[-48.7883,-10.7958],[-48.7794,-10.7727],[-48.7751,-10.7693],[-48.7741,-10.758],[-48.7693,-10.7493],[-48.7756,-10.7319],[-48.7754,-10.712],[-48.7806,-10.6999],[-48.7832,-10.697],[-48.7912,-10.6889],[-48.7934,-10.674],[-48.8067,-10.662],[-48.8104,-10.6457],[-48.8271,-10.6341],[-48.8239,-10.6245],[-48.8255,-10.6125],[-48.813,-10.5988],[-48.8234,-10.5868],[-48.8265,-10.5583],[-48.8091,-10.544],[-48.8132,-10.53],[-48.8069,-10.5129],[-48.8094,-10.5066],[-48.8048,-10.4892],[-48.8024,-10.4869],[-48.8086,-10.4697],[-48.7948,-10.4628],[-48.7861,-10.4673],[-48.7781,-10.4572],[-48.7685,-10.4596],[-48.7674,-10.4516],[-48.7576,-10.4354],[-48.7599,-10.4273],[-48.7649,-10.4241],[-48.7593,-10.4192],[-48.7591,-10.4143],[-48.7524,-10.4117],[-48.7477,-10.4143],[-48.7371,-10.4081],[-48.7246,-10.4073],[-48.7057,-10.4011],[-48.7068,-10.3918],[-48.6975,-10.3939],[-48.6968,-10.3771],[-48.6946,-10.3827],[-48.6847,-10.3777],[-48.6802,-10.3736],[-48.6815,-10.371],[-48.6747,-10.3717],[-48.6737,-10.3753],[-48.6711,-10.3716],[-48.6605,-10.3688],[-48.6618,-10.3627],[-48.6593,-10.3539],[-48.6532,-10.3555],[-48.6474,-10.3468],[-48.638,-10.3482],[-48.6265,-10.3431],[-48.6227,-10.3345],[-48.6257,-10.3305],[-48.6206,-10.3255],[-48.6142,-10.3311],[-48.6054,-10.3309],[-48.596,-10.3219],[-48.6039,-10.3055],[-48.5966,-10.2919],[-48.5979,-10.288],[-48.6191,-10.2751],[-48.6246,-10.2601],[-48.6378,-10.2562],[-48.642,-10.2446],[-48.647,-10.2484],[-48.6615,-10.2482],[-48.6819,-10.2249],[-48.6912,-10.2238],[-48.6881,-10.2091],[-48.6947,-10.1961],[-48.6997,-10.1904],[-48.6986,-10.1832],[-48.6908,-10.1454],[-48.676,-10.1225],[-48.6698,-10.0917],[-48.6648,-10.0861],[-48.6597,-10.0874],[-48.6543,-10.0809],[-48.6486,-10.0855],[-48.6366,-10.082],[-48.6359,-10.0726],[-48.6248,-10.0791],[-48.6204,-10.0676],[-48.6157,-10.0641],[-48.5978,-10.0639],[-48.5984,-10.052],[-48.5938,-10.0485],[-48.5949,-10.045],[-48.5866,-10.0448],[-48.578,-10.0268],[-48.5696,-10.0278],[-48.5612,-10.0395],[-48.5557,-10.0411],[-48.5386,-10.0351],[-48.5272,-10.039],[-48.5194,-10.0321],[-48.5131,-10.0436],[-48.5045,-10.0423],[-48.5022,-10.0376],[-48.497,-10.041],[-48.497,-10.0322],[-48.4847,-10.0295],[-48.4832,-10.0264],[-48.464,-10.0326],[-48.4606,-10.0276],[-48.4648,-10.027],[-48.4582,-10.0201],[-48.4493,-10.017]]]}},{"type":"Feature","properties":{"nome":"Praia Norte","cod":"1718303","uf":"TO"},"geometry":{"type":"Polygon","coordinates":[[[-47.6929,-5.4292],[-47.7049,-5.4486],[-47.7049,-5.4487],[-47.7026,-5.4613],[-47.7104,-5.5003],[-47.7242,-5.5136],[-47.7302,-5.5301],[-47.7506,-5.5343],[-47.7786,-5.5454],[-47.7823,-5.548],[-47.7847,-5.5445],[-47.7809,-5.539],[-47.7872,-5.5379],[-47.7935,-5.542],[-47.7994,-5.5575],[-47.8071,-5.5582],[-47.8277,-5.5853],[-47.8379,-5.5987],[-47.8384,-5.5992],[-47.838,-5.5897],[-47.8593,-5.5702],[-47.8595,-5.5579],[-47.8619,-5.5433],[-47.8573,-5.5383],[-47.8563,-5.5248],[-47.8651,-5.5112],[-47.8591,-5.4936],[-47.8656,-5.4861],[-47.8519,-5.4745],[-47.8528,-5.4493],[-47.8433,-5.4433],[-47.8303,-5.444],[-47.8251,-5.4384],[-47.8302,-5.4174],[-47.8255,-5.4062],[-47.829,-5.3924],[-47.8271,-5.3862],[-47.7926,-5.3843],[-47.7679,-5.3778],[-47.7439,-5.3797],[-47.7361,-5.3833],[-47.6853,-5.4123],[-47.6932,-5.4249],[-47.6929,-5.4292]]]}},{"type":"Feature","properties":{"nome":"Presidente Kennedy","cod":"1718402","uf":"TO"},"geometry":{"type":"Polygon","coordinates":[[[-48.6009,-8.3553],[-48.5932,-8.3587],[-48.5792,-8.3573],[-48.5689,-8.3601],[-48.5718,-8.3732],[-48.5634,-8.3706],[-48.5611,-8.374],[-48.5561,-8.3705],[-48.5557,-8.3785],[-48.5333,-8.3914],[-48.5306,-8.3992],[-48.5226,-8.3947],[-48.4819,-8.4229],[-48.4651,-8.4029],[-48.4535,-8.401],[-48.4471,-8.3915],[-48.4371,-8.3986],[-48.435,-8.3935],[-48.4288,-8.4002],[-48.4101,-8.3912],[-48.4025,-8.3938],[-48.3991,-8.3915],[-48.3867,-8.3936],[-48.3813,-8.3897],[-48.3779,-8.3917],[-48.3739,-8.3862],[-48.3596,-8.3798],[-48.3509,-8.3622],[-48.3462,-8.3615],[-48.3361,-8.3456],[-48.3377,-8.3433],[-48.3307,-8.3376],[-48.3261,-8.3361],[-48.3198,-8.3415],[-48.3164,-8.3395],[-48.2949,-8.3429],[-48.2821,-8.3369],[-48.2738,-8.3351],[-48.2731,-8.3419],[-48.271,-8.3397],[-48.2664,-8.3675],[-48.2699,-8.3725],[-48.2726,-8.3978],[-48.2954,-8.4293],[-48.2955,-8.4572],[-48.2911,-8.4599],[-48.2768,-8.4709],[-48.2766,-8.4749],[-48.2925,-8.4961],[-48.2981,-8.5153],[-48.2928,-8.5229],[-48.2992,-8.5219],[-48.3024,-8.526],[-48.324,-8.5298],[-48.3271,-8.5347],[-48.3358,-8.5375],[-48.3352,-8.5451],[-48.3404,-8.5407],[-48.3439,-8.5422],[-48.3492,-8.5559],[-48.3556,-8.5602],[-48.3612,-8.5564],[-48.376,-8.5621],[-48.3912,-8.5602],[-48.4003,-8.5689],[-48.4071,-8.5672],[-48.4192,-8.5754],[-48.4232,-8.5732],[-48.4307,-8.5755],[-48.4339,-8.5806],[-48.4427,-8.5806],[-48.446,-8.5901],[-48.4539,-8.5902],[-48.4582,-8.5958],[-48.4715,-8.5917],[-48.4903,-8.586],[-48.4923,-8.5776],[-48.4881,-8.5691],[-48.4891,-8.5637],[-48.4973,-8.5618],[-48.5078,-8.5528],[-48.5098,-8.5518],[-48.5133,-8.5506],[-48.5217,-8.5558],[-48.5245,-8.5501],[-48.5288,-8.5508],[-48.5361,-8.5447],[-48.5469,-8.5441],[-48.5461,-8.527],[-48.5494,-8.5295],[-48.5654,-8.524],[-48.5688,-8.5198],[-48.6422,-8.5207],[-48.6535,-8.5002],[-48.6511,-8.4957],[-48.6605,-8.491],[-48.6727,-8.4746],[-48.6697,-8.4652],[-48.6638,-8.4613],[-48.6537,-8.4349],[-48.6533,-8.4175],[-48.6606,-8.4015],[-48.6402,-8.3971],[-48.6267,-8.4006],[-48.6201,-8.3885],[-48.6322,-8.3529],[-48.6272,-8.3467],[-48.6296,-8.339],[-48.6225,-8.3339],[-48.6174,-8.3399],[-48.605,-8.3449],[-48.6009,-8.3553]]]}},{"type":"Feature","properties":{"nome":"Pugmil","cod":"1718451","uf":"TO"},"geometry":{"type":"Polygon","coordinates":[[[-48.8552,-10.3729],[-48.8521,-10.3771],[-48.8484,-10.3755],[-48.8464,-10.3858],[-48.8397,-10.3859],[-48.836,-10.3912],[-48.8193,-10.3964],[-48.8114,-10.3957],[-48.8083,-10.4007],[-48.7956,-10.3965],[-48.7899,-10.3993],[-48.7711,-10.391],[-48.7636,-10.3937],[-48.7585,-10.3897],[-48.7543,-10.3919],[-48.7481,-10.3884],[-48.7347,-10.39],[-48.7286,-10.3943],[-48.7246,-10.4073],[-48.7371,-10.4081],[-48.7477,-10.4143],[-48.7524,-10.4117],[-48.7591,-10.4143],[-48.7593,-10.4192],[-48.7649,-10.4241],[-48.7599,-10.4273],[-48.7576,-10.4354],[-48.7674,-10.4516],[-48.7685,-10.4596],[-48.7781,-10.4572],[-48.7861,-10.4673],[-48.7948,-10.4628],[-48.8086,-10.4697],[-48.8024,-10.4869],[-48.8048,-10.4892],[-48.8162,-10.4937],[-48.8233,-10.5025],[-48.8428,-10.511],[-48.8487,-10.5208],[-48.8596,-10.5287],[-48.8684,-10.5305],[-48.88,-10.5426],[-48.8867,-10.5384],[-48.8966,-10.5442],[-48.8987,-10.5405],[-48.9045,-10.5419],[-48.9199,-10.5332],[-48.9257,-10.5245],[-48.9334,-10.5249],[-48.9393,-10.5185],[-48.9422,-10.5034],[-48.9377,-10.4935],[-48.9419,-10.4767],[-48.9545,-10.4721],[-48.9621,-10.4627],[-48.9735,-10.4603],[-48.9816,-10.4532],[-48.9627,-10.4243],[-48.964,-10.4096],[-48.9824,-10.3794],[-48.9773,-10.373],[-48.9689,-10.3701],[-48.9747,-10.3487],[-48.9668,-10.3356],[-48.9686,-10.3145],[-48.9609,-10.3049],[-48.9444,-10.3045],[-48.933,-10.2969],[-48.916,-10.2971],[-48.9067,-10.3001],[-48.903,-10.3125],[-48.8867,-10.314],[-48.8771,-10.3183],[-48.8725,-10.3282],[-48.8684,-10.3282],[-48.8645,-10.3349],[-48.8642,-10.3424],[-48.8586,-10.3474],[-48.8537,-10.3595],[-48.8552,-10.3729]]]}},{"type":"Feature","properties":{"nome":"Recursolândia","cod":"1718501","uf":"TO"},"geometry":{"type":"Polygon","coordinates":[[[-47.125,-8.4413],[-47.1215,-8.461],[-47.1161,-8.4592],[-47.1062,-8.4723],[-47.1045,-8.4662],[-47.0947,-8.4708],[-47.0926,-8.4754],[-47.0804,-8.4742],[-47.0703,-8.4702],[-47.0678,-8.4634],[-47.0614,-8.4646],[-47.0556,-8.4708],[-47.0567,-8.4758],[-47.0484,-8.4801],[-47.0499,-8.485],[-47.044,-8.4931],[-47.0396,-8.4935],[-47.0373,-8.4985],[-47.0331,-8.4942],[-47.0307,-8.5025],[-47.0158,-8.4946],[-46.9909,-8.5012],[-46.9808,-8.4963],[-46.9581,-8.499],[-46.9532,-8.4909],[-46.9486,-8.5001],[-46.9431,-8.5006],[-46.9402,-8.5054],[-46.9373,-8.5013],[-46.9269,-8.5082],[-46.9136,-8.5105],[-46.9018,-8.5168],[-46.8961,-8.5159],[-46.887,-8.5219],[-46.8848,-8.5283],[-46.8689,-8.5261],[-46.8462,-8.5317],[-46.8456,-8.5332],[-46.8517,-8.5366],[-46.8539,-8.5447],[-46.8597,-8.5449],[-46.8579,-8.5511],[-46.8624,-8.5587],[-46.875,-8.5549],[-46.8725,-8.5623],[-46.8765,-8.5631],[-46.8744,-8.5671],[-46.8783,-8.5652],[-46.8783,-8.5721],[-46.8829,-8.5664],[-46.8886,-8.5765],[-46.8926,-8.5701],[-46.8932,-8.578],[-46.8974,-8.5763],[-46.8971,-8.583],[-46.9018,-8.5859],[-46.8988,-8.588],[-46.9002,-8.5919],[-46.9061,-8.5923],[-46.9139,-8.5867],[-46.9123,-8.5914],[-46.916,-8.5954],[-46.9101,-8.5952],[-46.9094,-8.5982],[-46.9058,-8.5953],[-46.9005,-8.597],[-46.8973,-8.6006],[-46.9034,-8.6037],[-46.8974,-8.6059],[-46.9049,-8.6084],[-46.9015,-8.6128],[-46.9046,-8.616],[-46.9075,-8.6136],[-46.9068,-8.6193],[-46.9115,-8.619],[-46.9115,-8.6264],[-46.9167,-8.6325],[-46.9113,-8.6393],[-46.916,-8.648],[-46.9058,-8.6539],[-46.9022,-8.6528],[-46.9035,-8.6613],[-46.8953,-8.6593],[-46.8958,-8.6649],[-46.8888,-8.6694],[-46.8865,-8.6861],[-46.8903,-8.6908],[-46.9002,-8.694],[-46.9139,-8.7082],[-46.9136,-8.722],[-46.9168,-8.7257],[-46.9221,-8.7273],[-46.9282,-8.723],[-46.9308,-8.7262],[-46.9244,-8.7438],[-46.9175,-8.7509],[-46.9169,-8.762],[-46.9092,-8.7641],[-46.9109,-8.7684],[-46.9069,-8.7708],[-46.9038,-8.7782],[-46.9025,-8.7918],[-46.9061,-8.7961],[-46.9024,-8.8141],[-46.9133,-8.8224],[-46.9069,-8.828],[-46.9094,-8.8349],[-46.9139,-8.8348],[-46.9177,-8.8393],[-46.9179,-8.8433],[-46.913,-8.8474],[-46.9177,-8.8566],[-46.9411,-8.8591],[-46.9565,-8.8741],[-46.9593,-8.875],[-46.9651,-8.8673],[-46.9777,-8.8674],[-46.9932,-8.8798],[-46.9856,-8.888],[-46.9885,-8.8922],[-46.9837,-8.8945],[-46.986,-8.8983],[-46.9824,-8.9025],[-46.9752,-8.9026],[-46.9699,-8.9141],[-46.982,-8.9196],[-46.9835,-8.9315],[-46.9966,-8.9322],[-46.9943,-8.9451],[-47.0108,-8.9462],[-47.0126,-8.9519],[-47.0179,-8.9525],[-47.0128,-8.9664],[-47.0149,-8.9759],[-47.0211,-8.9801],[-47.0211,-8.9882],[-47.0314,-8.988],[-47.0314,-8.9795],[-47.0353,-8.9785],[-47.032,-8.9859],[-47.0384,-9.0005],[-47.0456,-8.9895],[-47.0442,-8.9808],[-47.0487,-8.9784],[-47.0604,-8.9552],[-47.0716,-8.9516],[-47.0794,-8.9576],[-47.0885,-8.9444],[-47.0949,-8.9417],[-47.0967,-8.935],[-47.1167,-8.9312],[-47.1207,-8.9332],[-47.1211,-8.9378],[-47.1293,-8.9382],[-47.1327,-8.9286],[-47.1399,-8.9223],[-47.1539,-8.9244],[-47.1531,-8.9174],[-47.1572,-8.9183],[-47.1584,-8.9243],[-47.1642,-8.9243],[-47.1604,-8.9311],[-47.1767,-8.9307],[-47.1791,-8.9356],[-47.1896,-8.9382],[-47.1919,-8.9448],[-47.1983,-8.9444],[-47.202,-8.9481],[-47.2062,-8.9491],[-47.209,-8.9372],[-47.2213,-8.9384],[-47.2228,-8.9408],[-47.2173,-8.9498],[-47.2219,-8.9458],[-47.2231,-8.9512],[-47.2368,-8.959],[-47.2361,-8.953],[-47.2311,-8.9514],[-47.2333,-8.9439],[-47.2296,-8.9399],[-47.2321,-8.9363],[-47.229,-8.9221],[-47.2321,-8.9175],[-47.229,-8.9143],[-47.2315,-8.9113],[-47.2286,-8.9029],[-47.2317,-8.8944],[-47.2252,-8.8896],[-47.228,-8.8844],[-47.2243,-8.8768],[-47.2257,-8.8716],[-47.2188,-8.8655],[-47.2178,-8.857],[-47.2208,-8.8534],[-47.2178,-8.85],[-47.228,-8.8487],[-47.2481,-8.8386],[-47.2585,-8.8134],[-47.2595,-8.8454],[-47.2657,-8.8438],[-47.2747,-8.8331],[-47.2868,-8.8281],[-47.3104,-8.8364],[-47.3119,-8.8447],[-47.3199,-8.8402],[-47.3328,-8.8419],[-47.333,-8.8468],[-47.3402,-8.8463],[-47.3413,-8.8505],[-47.336,-8.8536],[-47.3378,-8.8558],[-47.353,-8.8584],[-47.3618,-8.8516],[-47.371,-8.851],[-47.3835,-8.8202],[-47.3934,-8.804],[-47.4036,-8.7967],[-47.3986,-8.7947],[-47.3879,-8.7671],[-47.3838,-8.7719],[-47.3701,-8.7746],[-47.3607,-8.7729],[-47.3502,-8.7661],[-47.3398,-8.7658],[-47.3026,-8.746],[-47.3106,-8.7315],[-47.3242,-8.7181],[-47.3162,-8.7047],[-47.3195,-8.6949],[-47.3151,-8.6827],[-47.3189,-8.6751],[-47.319,-8.6634],[-47.3266,-8.6575],[-47.3239,-8.6451],[-47.3291,-8.6366],[-47.3211,-8.6227],[-47.3156,-8.6224],[-47.3119,-8.617],[-47.312,-8.6096],[-47.3051,-8.5974],[-47.3078,-8.5911],[-47.2977,-8.5836],[-47.2964,-8.5745],[-47.2852,-8.5631],[-47.2872,-8.5543],[-47.2809,-8.5495],[-47.2772,-8.5509],[-47.2772,-8.5476],[-47.2733,-8.5523],[-47.2721,-8.5469],[-47.2781,-8.541],[-47.2713,-8.5413],[-47.2669,-8.539],[-47.2679,-8.5356],[-47.2613,-8.5333],[-47.2611,-8.5304],[-47.2639,-8.5321],[-47.2717,-8.5285],[-47.2665,-8.5266],[-47.2693,-8.52],[-47.2647,-8.5187],[-47.2666,-8.5116],[-47.2589,-8.5133],[-47.2611,-8.504],[-47.2576,-8.5012],[-47.2621,-8.4943],[-47.2548,-8.488],[-47.2583,-8.4841],[-47.2507,-8.4847],[-47.251,-8.4791],[-47.2382,-8.4853],[-47.2397,-8.4741],[-47.2269,-8.4732],[-47.2207,-8.4613],[-47.2127,-8.4573],[-47.2085,-8.4585],[-47.2068,-8.4455],[-47.2121,-8.4468],[-47.2131,-8.4428],[-47.197,-8.4268],[-47.2033,-8.4211],[-47.1862,-8.4156],[-47.1795,-8.4032],[-47.1662,-8.3934],[-47.1534,-8.412],[-47.1491,-8.4236],[-47.1299,-8.432],[-47.125,-8.4413]]]}},{"type":"Feature","properties":{"nome":"Riachinho","cod":"1718550","uf":"TO"},"geometry":{"type":"Polygon","coordinates":[[[-48.2122,-6.3468],[-48.1898,-6.3509],[-48.1854,-6.3473],[-48.1588,-6.3472],[-48.1528,-6.3556],[-48.1392,-6.3585],[-48.1306,-6.3697],[-48.1296,-6.3882],[-48.1197,-6.4166],[-48.1266,-6.4223],[-48.116,-6.4287],[-48.1158,-6.4288],[-48.1008,-6.4425],[-48.0903,-6.4369],[-48.0715,-6.4348],[-48.0687,-6.4312],[-48.0583,-6.4323],[-48.0539,-6.4381],[-48.0304,-6.4378],[-48.0172,-6.4212],[-47.9773,-6.4154],[-47.9652,-6.4263],[-47.9649,-6.4352],[-47.9703,-6.4427],[-47.9687,-6.4518],[-47.9742,-6.4606],[-47.9751,-6.4707],[-47.9824,-6.4773],[-47.9937,-6.4784],[-48.006,-6.4849],[-48.014,-6.4813],[-48.0208,-6.507],[-48.0254,-6.5254],[-48.0107,-6.5564],[-48.0134,-6.5691],[-48.0241,-6.579],[-48.0227,-6.5892],[-48.0337,-6.5906],[-48.0328,-6.5935],[-48.0409,-6.6016],[-48.0503,-6.5996],[-48.0585,-6.6035],[-48.0777,-6.5923],[-48.0832,-6.5954],[-48.089,-6.5913],[-48.0946,-6.593],[-48.1008,-6.5877],[-48.1185,-6.5891],[-48.1197,-6.5935],[-48.1271,-6.5878],[-48.1254,-6.5836],[-48.1294,-6.5846],[-48.1313,-6.5778],[-48.133,-6.5799],[-48.1342,-6.5676],[-48.1303,-6.5661],[-48.1261,-6.5553],[-48.1291,-6.5465],[-48.1376,-6.541],[-48.1367,-6.5333],[-48.1411,-6.5266],[-48.1501,-6.5218],[-48.1517,-6.5246],[-48.1523,-6.5171],[-48.1584,-6.515],[-48.1614,-6.5083],[-48.1812,-6.5047],[-48.1833,-6.4963],[-48.1901,-6.4912],[-48.1892,-6.4792],[-48.2014,-6.4733],[-48.205,-6.4618],[-48.2145,-6.4511],[-48.2257,-6.4678],[-48.2306,-6.4662],[-48.2417,-6.4565],[-48.2421,-6.4468],[-48.2461,-6.4424],[-48.261,-6.4462],[-48.2633,-6.4393],[-48.2678,-6.4372],[-48.274,-6.4446],[-48.2755,-6.4413],[-48.279,-6.4429],[-48.2812,-6.4496],[-48.2871,-6.4495],[-48.2946,-6.4463],[-48.2939,-6.4346],[-48.2898,-6.4341],[-48.2931,-6.432],[-48.2894,-6.4287],[-48.3014,-6.4197],[-48.3004,-6.412],[-48.305,-6.4022],[-48.3075,-6.4047],[-48.3075,-6.402],[-48.3111,-6.4047],[-48.3124,-6.4024],[-48.315,-6.4076],[-48.3201,-6.4073],[-48.3213,-6.4036],[-48.324,-6.4053],[-48.3245,-6.4014],[-48.322,-6.4019],[-48.3251,-6.3962],[-48.3294,-6.3965],[-48.3291,-6.3914],[-48.3391,-6.3957],[-48.3403,-6.3922],[-48.3422,-6.3836],[-48.3351,-6.3761],[-48.327,-6.3747],[-48.3191,-6.3801],[-48.3015,-6.3766],[-48.2914,-6.3731],[-48.2822,-6.3597],[-48.2801,-6.3558],[-48.2688,-6.3566],[-48.2122,-6.3468]]]}},{"type":"Feature","properties":{"nome":"Rio da Conceição","cod":"1718659","uf":"TO"},"geometry":{"type":"Polygon","coordinates":[[[-46.6907,-11.1945],[-46.6866,-11.2066],[-46.6763,-11.2166],[-46.6431,-11.2256],[-46.6362,-11.2287],[-46.6086,-11.2553],[-46.5992,-11.265],[-46.6087,-11.2843],[-46.6167,-11.289],[-46.6155,-11.3018],[-46.6095,-11.3079],[-46.605,-11.3214],[-46.6013,-11.3468],[-46.5859,-11.3661],[-46.567,-11.3721],[-46.5614,-11.3741],[-46.5806,-11.3876],[-46.591,-11.3889],[-46.5946,-11.3927],[-46.6085,-11.3925],[-46.6372,-11.4091],[-46.6437,-11.4161],[-46.6523,-11.4182],[-46.6639,-11.4294],[-46.6674,-11.4421],[-46.687,-11.4508],[-46.7058,-11.4657],[-46.7133,-11.468],[-46.7189,-11.4648],[-46.7287,-11.4656],[-46.7486,-11.4797],[-46.7759,-11.4683],[-46.7801,-11.4723],[-46.7941,-11.4693],[-46.8085,-11.4723],[-46.8182,-11.4684],[-46.8226,-11.4669],[-46.832,-11.4709],[-46.8433,-11.4563],[-46.8523,-11.4556],[-46.8649,-11.4334],[-46.8884,-11.4183],[-46.8969,-11.4084],[-46.8993,-11.4004],[-46.9059,-11.3959],[-46.9124,-11.4013],[-46.9183,-11.3991],[-46.9231,-11.4037],[-46.9265,-11.4027],[-46.9253,-11.3904],[-46.9211,-11.389],[-46.9222,-11.3776],[-46.9251,-11.3766],[-46.9182,-11.3662],[-46.9249,-11.3552],[-46.922,-11.3495],[-46.9122,-11.3371],[-46.9027,-11.3318],[-46.9021,-11.3307],[-46.8986,-11.3174],[-46.8878,-11.299],[-46.8174,-11.2629],[-46.8118,-11.2558],[-46.8094,-11.2347],[-46.7933,-11.2247],[-46.7868,-11.2165],[-46.774,-11.2203],[-46.7575,-11.2168],[-46.7426,-11.1961],[-46.728,-11.1948],[-46.7202,-11.2026],[-46.7113,-11.201],[-46.6972,-11.1369],[-46.6838,-11.1739],[-46.6907,-11.1945]]]}},{"type":"Feature","properties":{"nome":"Rio dos Bois","cod":"1718709","uf":"TO"},"geometry":{"type":"Polygon","coordinates":[[[-48.4694,-9.0593],[-48.4701,-9.064],[-48.4649,-9.0614],[-48.4656,-9.0714],[-48.4588,-9.0642],[-48.4542,-9.0653],[-48.4536,-9.0618],[-48.4469,-9.0647],[-48.4436,-9.0609],[-48.4376,-9.0683],[-48.4365,-9.0642],[-48.4257,-9.0671],[-48.4102,-9.0602],[-48.4137,-9.0702],[-48.4085,-9.0701],[-48.4075,-9.0753],[-48.4043,-9.0729],[-48.4029,-9.0758],[-48.4003,-9.07],[-48.3921,-9.0681],[-48.3867,-9.0685],[-48.3812,-9.0778],[-48.3672,-9.0744],[-48.3644,-9.0766],[-48.3556,-9.0748],[-48.3511,-9.0816],[-48.3538,-9.0869],[-48.3468,-9.0955],[-48.3504,-9.0976],[-48.3479,-9.1014],[-48.3452,-9.0997],[-48.3449,-9.1092],[-48.35,-9.1102],[-48.3468,-9.1186],[-48.3395,-9.1157],[-48.3301,-9.1297],[-48.3067,-9.1276],[-48.2986,-9.1401],[-48.2934,-9.1327],[-48.2825,-9.1357],[-48.3121,-9.1851],[-48.3174,-9.2212],[-48.3349,-9.2474],[-48.3479,-9.2867],[-48.3528,-9.2991],[-48.3667,-9.3426],[-48.3731,-9.3424],[-48.3781,-9.3374],[-48.3826,-9.342],[-48.3816,-9.3508],[-48.3771,-9.3547],[-48.3825,-9.3636],[-48.4013,-9.3594],[-48.4077,-9.3617],[-48.4096,-9.3571],[-48.4235,-9.3612],[-48.4485,-9.3791],[-48.4701,-9.3765],[-48.4777,-9.387],[-48.4948,-9.3907],[-48.505,-9.3987],[-48.503,-9.4074],[-48.5168,-9.4166],[-48.5235,-9.428],[-48.5386,-9.421],[-48.5481,-9.4266],[-48.5699,-9.4202],[-48.5717,-9.4197],[-48.5925,-9.4118],[-48.5791,-9.3871],[-48.587,-9.3748],[-48.5795,-9.3608],[-48.5808,-9.349],[-48.5746,-9.3408],[-48.5848,-9.3381],[-48.5863,-9.3305],[-48.5811,-9.3311],[-48.5803,-9.3246],[-48.5763,-9.3276],[-48.5714,-9.3211],[-48.5657,-9.3256],[-48.5619,-9.3208],[-48.5738,-9.3147],[-48.5854,-9.3137],[-48.5897,-9.3041],[-48.5859,-9.2941],[-48.5919,-9.2845],[-48.5781,-9.2606],[-48.571,-9.2547],[-48.5685,-9.2383],[-48.5629,-9.228],[-48.5645,-9.2154],[-48.5575,-9.2205],[-48.5496,-9.2168],[-48.5438,-9.22],[-48.5418,-9.221],[-48.5367,-9.1908],[-48.5329,-9.1688],[-48.5329,-9.1312],[-48.5245,-9.1304],[-48.5103,-9.1174],[-48.497,-9.0642],[-48.4913,-9.0568],[-48.4767,-9.0496],[-48.476,-9.0551],[-48.4694,-9.0593]]]}},{"type":"Feature","properties":{"nome":"Rio Sono","cod":"1718758","uf":"TO"},"geometry":{"type":"Polygon","coordinates":[[[-47.4067,-9.2382],[-47.3831,-9.2494],[-47.3746,-9.2637],[-47.3692,-9.2672],[-47.3619,-9.266],[-47.3572,-9.2706],[-47.3618,-9.2855],[-47.3461,-9.2875],[-47.3353,-9.2892],[-47.3327,-9.3031],[-47.3251,-9.3096],[-47.3247,-9.3221],[-47.3154,-9.3302],[-47.3098,-9.3322],[-47.2999,-9.3271],[-47.2882,-9.3333],[-47.2815,-9.3317],[-47.2622,-9.3378],[-47.2551,-9.3594],[-47.2384,-9.3749],[-47.2413,-9.382],[-47.2394,-9.3858],[-47.2254,-9.3956],[-47.2085,-9.3968],[-47.2037,-9.4014],[-47.1983,-9.3979],[-47.1918,-9.4113],[-47.1762,-9.4219],[-47.1672,-9.4246],[-47.1517,-9.4233],[-47.1478,-9.4308],[-47.1417,-9.4337],[-47.1211,-9.4434],[-47.1169,-9.4398],[-47.1164,-9.4475],[-47.1066,-9.4501],[-47.1051,-9.4548],[-47.0963,-9.4582],[-47.0926,-9.4563],[-47.0901,-9.4613],[-47.1032,-9.4692],[-47.1035,-9.4809],[-47.0846,-9.4711],[-47.0811,-9.4875],[-47.0889,-9.4911],[-47.0933,-9.4978],[-47.0928,-9.5063],[-47.0969,-9.5149],[-47.089,-9.5449],[-47.0889,-9.568],[-47.0845,-9.5783],[-47.0865,-9.5852],[-47.083,-9.5913],[-47.0798,-9.5912],[-47.075,-9.6077],[-47.0697,-9.6258],[-47.0639,-9.6218],[-47.054,-9.6225],[-47.0609,-9.6298],[-47.0636,-9.6449],[-47.0765,-9.6476],[-47.0838,-9.6572],[-47.0858,-9.6674],[-47.0831,-9.6878],[-47.0856,-9.6902],[-47.095,-9.6886],[-47.0999,-9.694],[-47.0984,-9.7016],[-47.0855,-9.7213],[-47.0868,-9.7437],[-47.0803,-9.7446],[-47.0885,-9.7589],[-47.086,-9.7636],[-47.0901,-9.7661],[-47.0872,-9.7722],[-47.0894,-9.774],[-47.0858,-9.7803],[-47.0808,-9.7799],[-47.0792,-9.7868],[-47.0699,-9.789],[-47.0758,-9.7941],[-47.0716,-9.8011],[-47.077,-9.8034],[-47.0741,-9.8118],[-47.0774,-9.8175],[-47.0936,-9.8296],[-47.0979,-9.828],[-47.1036,-9.8341],[-47.1109,-9.8331],[-47.1097,-9.8379],[-47.114,-9.8423],[-47.1212,-9.8422],[-47.1243,-9.8478],[-47.1182,-9.8566],[-47.1232,-9.8564],[-47.1282,-9.8646],[-47.1316,-9.8631],[-47.1391,-9.867],[-47.1432,-9.8762],[-47.1357,-9.8827],[-47.1343,-9.89],[-47.1401,-9.9015],[-47.1475,-9.9023],[-47.1394,-9.9101],[-47.1401,-9.9151],[-47.1558,-9.9112],[-47.1514,-9.9326],[-47.1659,-9.9334],[-47.1703,-9.9386],[-47.171,-9.9471],[-47.1778,-9.9546],[-47.185,-9.9507],[-47.1883,-9.9576],[-47.2009,-9.9564],[-47.2025,-9.9647],[-47.1999,-9.9695],[-47.1923,-9.9714],[-47.2032,-9.9744],[-47.2063,-9.9839],[-47.1924,-9.9894],[-47.2029,-9.9915],[-47.21,-10.002],[-47.2006,-10.01],[-47.2033,-10.0206],[-47.2263,-10.0279],[-47.2364,-10.0375],[-47.2528,-10.0394],[-47.261,-10.0469],[-47.263,-10.0531],[-47.2693,-10.056],[-47.2768,-10.0569],[-47.2891,-10.0498],[-47.2968,-10.0492],[-47.3073,-10.039],[-47.3242,-10.043],[-47.3374,-10.0375],[-47.3537,-10.0413],[-47.3696,-10.0373],[-47.3812,-10.0482],[-47.4122,-10.04],[-47.4219,-10.0239],[-47.4309,-10.0173],[-47.4415,-10.0147],[-47.4479,-10.0036],[-47.4794,-9.9916],[-47.4819,-9.9813],[-47.4934,-9.9878],[-47.5035,-9.9889],[-47.5132,-9.9843],[-47.5307,-9.9886],[-47.552,-9.9808],[-47.5775,-9.983],[-47.5908,-9.9803],[-47.5982,-9.9792],[-47.6053,-9.9872],[-47.6158,-9.9904],[-47.6295,-9.9877],[-47.637,-9.9806],[-47.6579,-9.9773],[-47.6641,-9.9694],[-47.6663,-9.9651],[-47.6755,-9.9608],[-47.6995,-9.9576],[-47.7154,-9.9527],[-47.7239,-9.9419],[-47.7517,-9.9284],[-47.7887,-9.923],[-47.7953,-9.9121],[-47.8084,-9.9025],[-47.8174,-9.8873],[-47.8403,-9.8794],[-47.8521,-9.8728],[-47.8687,-9.8556],[-47.8781,-9.8392],[-47.88,-9.8286],[-47.8806,-9.8173],[-47.8905,-9.7986],[-47.895,-9.7715],[-47.8963,-9.7429],[-47.9022,-9.7174],[-47.9078,-9.6567],[-47.9123,-9.6486],[-47.9143,-9.646],[-47.9194,-9.6245],[-47.911,-9.6076],[-47.922,-9.5895],[-47.9254,-9.5803],[-47.9233,-9.5583],[-47.9344,-9.5451],[-47.9361,-9.5384],[-47.9247,-9.5167],[-47.9267,-9.5038],[-47.929,-9.4787],[-47.9176,-9.4542],[-47.8995,-9.3996],[-47.8972,-9.373],[-47.8972,-9.3609],[-47.8987,-9.355],[-47.9047,-9.3397],[-47.9025,-9.3397],[-47.8911,-9.3403],[-47.8775,-9.3334],[-47.8621,-9.3497],[-47.8517,-9.3526],[-47.8256,-9.3342],[-47.8162,-9.3207],[-47.8185,-9.3105],[-47.8083,-9.3194],[-47.7881,-9.3233],[-47.7648,-9.3208],[-47.7568,-9.3307],[-47.7419,-9.3344],[-47.7393,-9.3334],[-47.7354,-9.315],[-47.7252,-9.3146],[-47.724,-9.3185],[-47.7272,-9.3333],[-47.7231,-9.3359],[-47.7159,-9.3355],[-47.7098,-9.3305],[-47.6943,-9.3309],[-47.6823,-9.3332],[-47.6677,-9.3416],[-47.6533,-9.355],[-47.6475,-9.3545],[-47.6419,-9.348],[-47.6388,-9.3298],[-47.6344,-9.3277],[-47.6202,-9.3312],[-47.6144,-9.3263],[-47.6067,-9.3199],[-47.6051,-9.3088],[-47.5981,-9.3016],[-47.5616,-9.3152],[-47.5321,-9.3014],[-47.5165,-9.2863],[-47.5174,-9.2746],[-47.529,-9.2652],[-47.5283,-9.2607],[-47.5203,-9.2548],[-47.4966,-9.2628],[-47.4951,-9.2586],[-47.4661,-9.2434],[-47.4624,-9.2495],[-47.4535,-9.2488],[-47.4329,-9.2322],[-47.4245,-9.2376],[-47.4067,-9.2382]]]}},{"type":"Feature","properties":{"nome":"Sampaio","cod":"1718808","uf":"TO"},"geometry":{"type":"Polygon","coordinates":[[[-47.8672,-5.3424],[-47.8433,-5.3758],[-47.8271,-5.3862],[-47.8693,-5.4169],[-47.9134,-5.4047],[-47.9374,-5.3837],[-47.9401,-5.3929],[-47.9326,-5.4025],[-47.9357,-5.4173],[-47.9258,-5.4269],[-47.9246,-5.4402],[-47.9281,-5.4482],[-47.9779,-5.423],[-47.9704,-5.4165],[-47.9605,-5.3965],[-47.9523,-5.3909],[-47.9435,-5.3659],[-47.9364,-5.353],[-47.9334,-5.353],[-48.0142,-5.2376],[-48.0036,-5.2342],[-47.9369,-5.2392],[-47.8851,-5.2603],[-47.8725,-5.272],[-47.87,-5.2801],[-47.8663,-5.3049],[-47.8672,-5.3424]]]}},{"type":"Feature","properties":{"nome":"Sandolândia","cod":"1718840","uf":"TO"},"geometry":{"type":"Polygon","coordinates":[[[-49.7492,-12.1209],[-49.7449,-12.1287],[-49.7406,-12.13],[-49.738,-12.1263],[-49.7351,-12.129],[-49.7394,-12.1365],[-49.7313,-12.1384],[-49.7377,-12.143],[-49.7342,-12.1468],[-49.7357,-12.1512],[-49.7326,-12.1517],[-49.7345,-12.1578],[-49.7298,-12.1598],[-49.7225,-12.1737],[-49.7184,-12.175],[-49.7177,-12.1695],[-49.7152,-12.1779],[-49.7095,-12.1809],[-49.7043,-12.18],[-49.6997,-12.1729],[-49.69,-12.179],[-49.6769,-12.1813],[-49.6724,-12.2012],[-49.6563,-12.2201],[-49.6469,-12.2255],[-49.6431,-12.2384],[-49.6339,-12.2392],[-49.6359,-12.2485],[-49.6438,-12.2448],[-49.6484,-12.2484],[-49.6497,-12.2709],[-49.6434,-12.2726],[-49.6226,-12.2681],[-49.5968,-12.2827],[-49.5985,-12.2937],[-49.5906,-12.3035],[-49.5816,-12.3038],[-49.5782,-12.3246],[-49.5855,-12.3288],[-49.5898,-12.3265],[-49.5969,-12.3324],[-49.6016,-12.3367],[-49.6075,-12.3366],[-49.6104,-12.3413],[-49.5989,-12.3565],[-49.5912,-12.3744],[-49.5761,-12.3852],[-49.5937,-12.3917],[-49.5937,-12.4006],[-49.5847,-12.4071],[-49.5885,-12.4189],[-49.5718,-12.4097],[-49.5671,-12.4226],[-49.5623,-12.4232],[-49.5579,-12.4186],[-49.5509,-12.4222],[-49.5568,-12.4407],[-49.5559,-12.4484],[-49.5521,-12.4528],[-49.5441,-12.4518],[-49.5415,-12.4565],[-49.553,-12.4613],[-49.5572,-12.4671],[-49.5545,-12.4719],[-49.5438,-12.4738],[-49.5459,-12.4915],[-49.5385,-12.4968],[-49.5333,-12.5067],[-49.5197,-12.5087],[-49.5173,-12.514],[-49.5168,-12.5215],[-49.5262,-12.5328],[-49.5466,-12.5444],[-49.5465,-12.5505],[-49.5548,-12.5534],[-49.5661,-12.5701],[-49.5742,-12.5714],[-49.5854,-12.5811],[-49.5906,-12.5908],[-49.6068,-12.5958],[-49.614,-12.6028],[-49.6153,-12.6115],[-49.64,-12.6103],[-49.6578,-12.6198],[-49.6649,-12.6151],[-49.7039,-12.6316],[-49.7163,-12.6433],[-49.7474,-12.6929],[-49.7698,-12.7056],[-49.7889,-12.7058],[-49.7962,-12.7181],[-49.7935,-12.6958],[-49.7967,-12.6973],[-49.8042,-12.6862],[-49.8119,-12.6845],[-49.8194,-12.6878],[-49.8284,-12.6842],[-49.8378,-12.6869],[-49.8495,-12.6773],[-49.8698,-12.6737],[-49.8763,-12.6668],[-49.8846,-12.6662],[-49.8947,-12.6598],[-49.9055,-12.6679],[-49.912,-12.6684],[-49.9261,-12.6643],[-49.9403,-12.6534],[-49.9473,-12.6517],[-49.9482,-12.6476],[-49.9846,-12.6405],[-49.983,-12.6445],[-49.9855,-12.6461],[-49.9986,-12.6442],[-50.0376,-12.6598],[-50.0554,-12.6379],[-50.0744,-12.6233],[-50.1026,-12.611],[-50.1099,-12.6106],[-50.1401,-12.623],[-50.1545,-12.6126],[-50.1705,-12.6078],[-50.187,-12.5849],[-50.1927,-12.5639],[-50.1975,-12.555],[-50.2031,-12.5532],[-50.2056,-12.5536],[-50.206,-12.5616],[-50.2116,-12.561],[-50.2133,-12.548],[-50.2225,-12.5432],[-50.2289,-12.5335],[-50.2194,-12.5172],[-50.2172,-12.4885],[-50.214,-12.4819],[-50.2045,-12.4767],[-50.2048,-12.4654],[-50.1962,-12.4581],[-50.1838,-12.4549],[-50.1793,-12.4395],[-50.1644,-12.4366],[-50.1591,-12.4306],[-50.1578,-12.4119],[-50.1422,-12.3955],[-50.1302,-12.3882],[-50.1289,-12.3817],[-50.1373,-12.3747],[-50.1357,-12.3706],[-50.1201,-12.3742],[-50.1149,-12.3674],[-50.1173,-12.3594],[-50.1229,-12.3548],[-50.1207,-12.3414],[-50.127,-12.3284],[-50.116,-12.3216],[-50.1098,-12.3251],[-50.1046,-12.3237],[-50.1045,-12.3154],[-50.1132,-12.3022],[-50.1124,-12.2907],[-50.1175,-12.2711],[-50.1142,-12.2632],[-50.1308,-12.2566],[-50.1236,-12.2515],[-50.1276,-12.2456],[-50.1309,-12.224],[-50.1265,-12.2206],[-50.1113,-12.2202],[-50.104,-12.2252],[-50.0954,-12.217],[-50.1009,-12.2042],[-50.0993,-12.2004],[-50.087,-12.2007],[-50.0831,-12.1962],[-50.0861,-12.1794],[-50.0917,-12.1708],[-50.0862,-12.1434],[-50.0974,-12.1325],[-50.0759,-12.1249],[-50.0688,-12.1301],[-50.0634,-12.1181],[-50.0518,-12.1074],[-50.0487,-12.1046],[-50.049,-12.0911],[-50.0418,-12.0842],[-50.0258,-12.0799],[-50.023,-12.0721],[-50.0267,-12.0643],[-50.0205,-12.0584],[-50.0153,-12.0619],[-50.0095,-12.0786],[-49.9711,-12.085],[-49.9391,-12.0902],[-49.7492,-12.1209]]]}},{"type":"Feature","properties":{"nome":"Santa Fé do Araguaia","cod":"1718865","uf":"TO"},"geometry":{"type":"Polygon","coordinates":[[[-48.9881,-6.9674],[-48.9816,-6.9707],[-48.9714,-6.969],[-48.9556,-6.9847],[-48.9501,-6.9878],[-48.9454,-6.9857],[-48.9391,-6.9917],[-48.9265,-6.9968],[-48.927,-7.004],[-48.9155,-7.0178],[-48.9106,-7.0319],[-48.8998,-7.0337],[-48.8954,-7.0386],[-48.8995,-7.04],[-48.8983,-7.0483],[-48.8654,-7.0693],[-48.7895,-7.106],[-48.7849,-7.0923],[-48.774,-7.0912],[-48.7678,-7.0852],[-48.7618,-7.0573],[-48.763,-7.0473],[-48.7587,-7.0433],[-48.7504,-7.0506],[-48.7321,-7.0547],[-48.7256,-7.0657],[-48.7144,-7.0706],[-48.7059,-7.0974],[-48.6923,-7.1044],[-48.6834,-7.1031],[-48.6768,-7.1084],[-48.6678,-7.1187],[-48.6646,-7.133],[-48.6796,-7.255],[-48.6827,-7.2803],[-48.6854,-7.2769],[-48.7097,-7.2715],[-48.7285,-7.2752],[-48.7489,-7.2652],[-48.7538,-7.2641],[-48.7593,-7.2695],[-48.7794,-7.269],[-48.8108,-7.2631],[-48.8414,-7.2627],[-48.8541,-7.2579],[-48.8628,-7.2436],[-48.8693,-7.2438],[-48.8815,-7.2601],[-48.8842,-7.2553],[-48.8853,-7.2492],[-48.9011,-7.2416],[-48.9105,-7.2423],[-48.9316,-7.2306],[-48.9543,-7.235],[-48.9645,-7.2304],[-48.9899,-7.2414],[-48.9974,-7.2515],[-49.009,-7.2513],[-49.0156,-7.2607],[-49.0235,-7.2523],[-49.0331,-7.25],[-49.0355,-7.243],[-49.044,-7.2448],[-49.0609,-7.2371],[-49.0698,-7.2291],[-49.0979,-7.2213],[-49.1059,-7.2231],[-49.1069,-7.2159],[-49.1163,-7.2118],[-49.1681,-7.1983],[-49.1731,-7.2004],[-49.1868,-7.1921],[-49.1872,-7.1877],[-49.1873,-7.1873],[-49.1934,-7.1294],[-49.1929,-7.1046],[-49.1909,-7.0745],[-49.1931,-7.0403],[-49.1948,-7.0259],[-49.2088,-6.9826],[-49.2149,-6.9753],[-49.217,-6.9611],[-49.2141,-6.9379],[-49.2091,-6.925],[-49.1918,-6.9128],[-49.1835,-6.9075],[-49.1791,-6.8977],[-49.1715,-6.8925],[-49.15,-6.8885],[-49.1148,-6.8696],[-49.083,-6.8429],[-49.0433,-6.8154],[-49.0307,-6.8011],[-49.0316,-6.8045],[-49.0201,-6.8263],[-49.0226,-6.8341],[-49.0197,-6.8408],[-49.0272,-6.8603],[-49.0191,-6.8687],[-49.015,-6.9038],[-49.0166,-6.9166],[-49.0121,-6.9219],[-49.0099,-6.938],[-49.0038,-6.9518],[-48.9942,-6.9583],[-48.9881,-6.9674]]]}},{"type":"Feature","properties":{"nome":"Santa Maria do Tocantins","cod":"1718881","uf":"TO"},"geometry":{"type":"Polygon","coordinates":[[[-48.1117,-8.6509],[-48.1022,-8.6589],[-48.0979,-8.6573],[-48.095,-8.6634],[-48.0952,-8.6604],[-48.0927,-8.6619],[-48.0885,-8.6564],[-48.0806,-8.6589],[-48.08,-8.6668],[-48.0767,-8.6622],[-48.0719,-8.6659],[-48.0654,-8.664],[-48.0589,-8.6691],[-48.0584,-8.6738],[-48.0499,-8.6679],[-48.0378,-8.669],[-48.0383,-8.6716],[-48.0335,-8.668],[-48.0287,-8.6706],[-48.0297,-8.6673],[-48.0257,-8.6646],[-48.0209,-8.6667],[-48.0246,-8.6582],[-48.0161,-8.6569],[-48.0188,-8.6556],[-48.0158,-8.6502],[-48.0116,-8.6465],[-48.0036,-8.6588],[-47.9903,-8.661],[-47.9901,-8.6636],[-47.9856,-8.6623],[-47.9784,-8.6709],[-47.968,-8.6728],[-47.9622,-8.6781],[-47.9526,-8.6779],[-47.9411,-8.687],[-47.9219,-8.7333],[-47.9149,-8.736],[-47.894,-8.7391],[-47.8903,-8.7363],[-47.8784,-8.7361],[-47.8693,-8.7419],[-47.8523,-8.7455],[-47.809,-8.7356],[-47.7885,-8.7437],[-47.7659,-8.7286],[-47.75,-8.7315],[-47.7429,-8.7289],[-47.6785,-8.7001],[-47.6807,-8.7032],[-47.6778,-8.715],[-47.683,-8.7244],[-47.6924,-8.7273],[-47.698,-8.7365],[-47.6975,-8.7473],[-47.7007,-8.7544],[-47.6999,-8.763],[-47.6945,-8.7688],[-47.6956,-8.7731],[-47.6904,-8.7754],[-47.6922,-8.7797],[-47.6884,-8.7844],[-47.6881,-8.7938],[-47.6846,-8.795],[-47.6838,-8.8002],[-47.6738,-8.8025],[-47.6653,-8.8016],[-47.6613,-8.7975],[-47.6557,-8.7997],[-47.6497,-8.8085],[-47.6433,-8.8088],[-47.6391,-8.8048],[-47.6363,-8.8069],[-47.6236,-8.8051],[-47.6132,-8.8119],[-47.6083,-8.809],[-47.5973,-8.8204],[-47.5897,-8.8204],[-47.5883,-8.8236],[-47.5839,-8.8202],[-47.5752,-8.8251],[-47.5714,-8.8329],[-47.562,-8.8312],[-47.5531,-8.8377],[-47.543,-8.8366],[-47.5269,-8.8289],[-47.5165,-8.8117],[-47.5017,-8.8074],[-47.4978,-8.8002],[-47.4828,-8.8016],[-47.4722,-8.7966],[-47.4721,-8.7971],[-47.5436,-8.9363],[-47.5456,-8.9287],[-47.5594,-8.9157],[-47.5626,-8.9182],[-47.567,-8.9164],[-47.5661,-8.9073],[-47.5716,-8.9009],[-47.5724,-8.8858],[-47.588,-8.8841],[-47.6097,-8.9395],[-47.6226,-8.9497],[-47.6388,-8.9494],[-47.6421,-8.953],[-47.6566,-8.9542],[-47.6544,-8.9587],[-47.6577,-8.96],[-47.6624,-8.9541],[-47.6762,-8.953],[-47.6778,-8.9567],[-47.6906,-8.9505],[-47.6998,-8.9582],[-47.7036,-8.966],[-47.7132,-8.9615],[-47.7141,-8.9567],[-47.7214,-8.955],[-47.7375,-8.9676],[-47.7468,-8.9682],[-47.7607,-8.9648],[-47.7671,-8.9597],[-47.7741,-8.9601],[-47.7971,-8.9458],[-47.8021,-8.9512],[-47.8055,-8.948],[-47.8118,-8.9486],[-47.8142,-8.9559],[-47.8285,-8.9517],[-47.8301,-8.9563],[-47.838,-8.955],[-47.8413,-8.9583],[-47.8514,-8.9485],[-47.8551,-8.952],[-47.859,-8.9487],[-47.863,-8.9516],[-47.8688,-8.9486],[-47.8712,-8.9533],[-47.8726,-8.9508],[-47.8792,-8.9532],[-47.8817,-8.959],[-47.8917,-8.9551],[-47.8936,-8.9604],[-47.9036,-8.9545],[-47.9116,-8.9589],[-47.9212,-8.9553],[-47.9195,-8.9472],[-47.9254,-8.9431],[-47.925,-8.9372],[-47.9311,-8.9314],[-47.9347,-8.9319],[-47.9412,-8.9222],[-47.9433,-8.924],[-47.9459,-8.9182],[-47.9579,-8.9189],[-47.9557,-8.9139],[-47.9634,-8.9106],[-47.9567,-8.9055],[-47.9594,-8.9031],[-47.9673,-8.9014],[-47.9658,-8.8967],[-47.9739,-8.8969],[-47.9743,-8.8931],[-47.9771,-8.8939],[-47.9804,-8.8895],[-47.9785,-8.8806],[-47.9831,-8.8801],[-47.9892,-8.8821],[-47.9884,-8.8724],[-47.9943,-8.8816],[-48.0005,-8.8807],[-48.0047,-8.8857],[-48.0089,-8.8792],[-48.0105,-8.8888],[-48.0183,-8.8833],[-48.0181,-8.8774],[-48.0507,-8.8804],[-48.0571,-8.8752],[-48.0575,-8.8697],[-48.074,-8.8711],[-48.0742,-8.8663],[-48.0831,-8.8637],[-48.0875,-8.8643],[-48.0878,-8.873],[-48.0925,-8.8721],[-48.0951,-8.8616],[-48.106,-8.868],[-48.1101,-8.8658],[-48.1052,-8.8559],[-48.1062,-8.851],[-48.1157,-8.8462],[-48.1163,-8.8317],[-48.1209,-8.8293],[-48.1214,-8.8374],[-48.1235,-8.8361],[-48.1245,-8.8212],[-48.1147,-8.799],[-48.1097,-8.7732],[-48.1138,-8.7597],[-48.1266,-8.741],[-48.1289,-8.7317],[-48.1228,-8.6709],[-48.1293,-8.636],[-48.127,-8.6338],[-48.1191,-8.6441],[-48.1124,-8.6448],[-48.1117,-8.6509]]]}},{"type":"Feature","properties":{"nome":"Santa Rita do Tocantins","cod":"1718899","uf":"TO"},"geometry":{"type":"Polygon","coordinates":[[[-49.3204,-10.7388],[-49.3163,-10.7479],[-49.3068,-10.7464],[-49.3002,-10.7514],[-49.2955,-10.7493],[-49.2865,-10.7582],[-49.281,-10.7545],[-49.2741,-10.7588],[-49.243,-10.7551],[-49.2344,-10.7615],[-49.227,-10.7616],[-49.2144,-10.776],[-49.2059,-10.7971],[-49.1854,-10.8046],[-49.1776,-10.797],[-49.1649,-10.8007],[-49.1559,-10.7934],[-49.1399,-10.8136],[-49.133,-10.8081],[-49.1276,-10.8128],[-49.1093,-10.815],[-49.1044,-10.8077],[-49.0936,-10.8099],[-49.0907,-10.8061],[-49.085,-10.8134],[-49.075,-10.8161],[-49.0716,-10.8103],[-49.0617,-10.8096],[-49.0504,-10.7937],[-49.0386,-10.7918],[-49.0353,-10.7831],[-49.028,-10.7792],[-49.0212,-10.7804],[-49.0116,-10.7854],[-49.0076,-10.8122],[-48.9976,-10.842],[-48.9801,-10.8431],[-48.8983,-10.8442],[-48.8867,-10.8503],[-48.8791,-10.8723],[-48.8683,-10.8903],[-48.8712,-10.9174],[-48.8577,-10.9271],[-48.8516,-10.9394],[-48.856,-10.9576],[-48.8531,-10.9673],[-48.8541,-10.9937],[-48.8408,-11.0056],[-48.8386,-11.024],[-48.8297,-11.0511],[-48.8416,-11.0788],[-48.8572,-11.0979],[-48.8571,-11.1045],[-48.8643,-11.1059],[-48.8663,-11.1009],[-48.8761,-11.0968],[-48.8824,-11.0997],[-48.8863,-11.0961],[-48.9017,-11.0951],[-48.9099,-11.0992],[-48.9247,-11.0956],[-48.9413,-11.1138],[-48.9542,-11.1165],[-48.9699,-11.1246],[-48.9801,-11.126],[-48.9981,-11.1219],[-49.0084,-11.1276],[-49.0211,-11.1255],[-49.0468,-11.1307],[-49.0519,-11.1318],[-49.0703,-11.1208],[-49.0886,-11.117],[-49.114,-11.1167],[-49.1433,-11.1095],[-49.15,-11.1116],[-49.166,-11.0809],[-49.1686,-11.0638],[-49.175,-11.0572],[-49.1767,-11.0636],[-49.1814,-11.0657],[-49.1904,-11.0627],[-49.1929,-11.0751],[-49.1992,-11.0823],[-49.1966,-11.0896],[-49.2077,-11.0951],[-49.2149,-11.113],[-49.2202,-11.1124],[-49.2299,-11.1036],[-49.2391,-11.1046],[-49.264,-11.1225],[-49.2784,-11.1226],[-49.2869,-11.1268],[-49.2934,-11.1184],[-49.2921,-11.1016],[-49.2966,-11.0961],[-49.3178,-11.0964],[-49.3329,-11.1042],[-49.3385,-11.1031],[-49.3465,-11.1098],[-49.3533,-11.108],[-49.3752,-11.1115],[-49.382,-11.1262],[-49.3912,-11.1286],[-49.3945,-11.1365],[-49.4047,-11.1423],[-49.4183,-11.1624],[-49.426,-11.1685],[-49.4383,-11.1679],[-49.4419,-11.1734],[-49.4481,-11.1713],[-49.4546,-11.1742],[-49.4525,-11.1761],[-49.4558,-11.1761],[-49.4592,-11.1845],[-49.4761,-11.1751],[-49.4893,-11.1843],[-49.4957,-11.1827],[-49.5026,-11.1882],[-49.5131,-11.1774],[-49.5193,-11.1831],[-49.5284,-11.1779],[-49.5306,-11.1824],[-49.5396,-11.1811],[-49.5408,-11.1834],[-49.5405,-11.1758],[-49.5478,-11.1733],[-49.5586,-11.1761],[-49.5576,-11.1713],[-49.5609,-11.1714],[-49.562,-11.1655],[-49.5562,-11.1651],[-49.5551,-11.1612],[-49.5631,-11.1611],[-49.5698,-11.1554],[-49.5727,-11.1614],[-49.5806,-11.1527],[-49.5854,-11.1614],[-49.5971,-11.1574],[-49.5989,-11.1525],[-49.6116,-11.1462],[-49.6194,-11.136],[-49.6185,-11.1324],[-49.6308,-11.1243],[-49.639,-11.1267],[-49.6534,-11.1246],[-49.6616,-11.1203],[-49.6642,-11.1113],[-49.6926,-11.1001],[-49.6965,-11.0892],[-49.7097,-11.0816],[-49.7216,-11.06],[-49.7299,-11.0619],[-49.7408,-11.0524],[-49.7359,-11.0362],[-49.7462,-11.0345],[-49.7502,-11.0374],[-49.754,-11.0252],[-49.766,-11.0244],[-49.7696,-11.0077],[-49.7773,-11.0063],[-49.7789,-11.0102],[-49.7933,-11.0151],[-49.793,-11.0047],[-49.7988,-10.9966],[-49.7941,-10.9893],[-49.7951,-10.9764],[-49.7885,-10.9717],[-49.7829,-10.9533],[-49.7783,-10.9488],[-49.7834,-10.9385],[-49.7607,-10.918],[-49.765,-10.9087],[-49.7582,-10.9027],[-49.7299,-10.9074],[-49.7273,-10.9159],[-49.7181,-10.9228],[-49.717,-10.9174],[-49.7098,-10.9154],[-49.7133,-10.9132],[-49.7095,-10.9086],[-49.7029,-10.9115],[-49.6918,-10.9266],[-49.6864,-10.9181],[-49.6775,-10.9217],[-49.6653,-10.9148],[-49.6471,-10.9233],[-49.6426,-10.9214],[-49.6308,-10.9285],[-49.6206,-10.9114],[-49.6042,-10.9104],[-49.584,-10.8972],[-49.5746,-10.8825],[-49.5764,-10.8648],[-49.5694,-10.8557],[-49.5709,-10.8508],[-49.5593,-10.8424],[-49.5616,-10.8336],[-49.5549,-10.8273],[-49.5522,-10.8346],[-49.5428,-10.8317],[-49.5273,-10.8386],[-49.5215,-10.8344],[-49.5129,-10.8376],[-49.5016,-10.8283],[-49.5005,-10.8225],[-49.4947,-10.8218],[-49.4839,-10.8157],[-49.4655,-10.8163],[-49.4532,-10.8048],[-49.4432,-10.8035],[-49.4341,-10.7966],[-49.4244,-10.7827],[-49.4199,-10.784],[-49.404,-10.7773],[-49.3888,-10.7593],[-49.3747,-10.7524],[-49.3674,-10.7596],[-49.3592,-10.7487],[-49.3386,-10.7406],[-49.325,-10.7415],[-49.3255,-10.738],[-49.3204,-10.7388]]]}},{"type":"Feature","properties":{"nome":"Santa Rosa do Tocantins","cod":"1718907","uf":"TO"},"geometry":{"type":"Polygon","coordinates":[[[-47.8484,-11.2205],[-47.8323,-11.2206],[-47.8266,-11.2157],[-47.8121,-11.2162],[-47.8067,-11.2085],[-47.8032,-11.2103],[-47.7944,-11.2161],[-47.7936,-11.2234],[-47.7791,-11.2295],[-47.7758,-11.2359],[-47.7723,-11.2363],[-47.7683,-11.2467],[-47.7729,-11.2593],[-47.7684,-11.2676],[-47.7808,-11.28],[-47.7899,-11.2829],[-47.7951,-11.2885],[-47.8014,-11.2871],[-47.8083,-11.2912],[-47.8038,-11.3038],[-47.8113,-11.3213],[-47.811,-11.3279],[-47.816,-11.3287],[-47.8142,-11.3364],[-47.8175,-11.3439],[-47.8041,-11.3501],[-47.8316,-11.3648],[-47.8521,-11.3764],[-47.8836,-11.3829],[-47.907,-11.3947],[-47.909,-11.405],[-47.9168,-11.4098],[-47.9248,-11.4211],[-47.9236,-11.4455],[-47.9299,-11.4677],[-47.9412,-11.4812],[-47.9458,-11.4811],[-47.9514,-11.4984],[-47.9624,-11.5101],[-47.9698,-11.5282],[-47.9684,-11.5412],[-47.9747,-11.5453],[-47.9763,-11.5574],[-47.9779,-11.5554],[-47.9872,-11.5585],[-47.9906,-11.5593],[-47.9882,-11.5618],[-47.9911,-11.5719],[-47.9887,-11.5806],[-48.0005,-11.5839],[-48.0074,-11.5912],[-48.0176,-11.5956],[-48.0159,-11.5988],[-48.0191,-11.6009],[-48.0329,-11.5809],[-48.0404,-11.5808],[-48.0451,-11.5887],[-48.0524,-11.5849],[-48.0498,-11.5907],[-48.0525,-11.594],[-48.0531,-11.5899],[-48.059,-11.5896],[-48.0652,-11.5976],[-48.0696,-11.5876],[-48.0813,-11.5816],[-48.0826,-11.5886],[-48.09,-11.5932],[-48.1027,-11.5894],[-48.1021,-11.5992],[-48.1121,-11.5921],[-48.1285,-11.6049],[-48.1368,-11.6018],[-48.1402,-11.6199],[-48.1532,-11.6149],[-48.1538,-11.6072],[-48.1578,-11.6044],[-48.1684,-11.6073],[-48.17,-11.6039],[-48.1785,-11.6013],[-48.1792,-11.5944],[-48.1873,-11.5853],[-48.1996,-11.5778],[-48.2125,-11.5889],[-48.2196,-11.5864],[-48.2313,-11.5743],[-48.24,-11.5703],[-48.2538,-11.5458],[-48.2871,-11.5328],[-48.2891,-11.5256],[-48.2935,-11.4961],[-48.2985,-11.489],[-48.3056,-11.4825],[-48.3177,-11.4829],[-48.3356,-11.4729],[-48.339,-11.4631],[-48.3555,-11.4502],[-48.3588,-11.4419],[-48.3414,-11.4311],[-48.3424,-11.4252],[-48.3638,-11.4085],[-48.3665,-11.3999],[-48.3749,-11.395],[-48.3861,-11.3657],[-48.3986,-11.3678],[-48.4262,-11.3552],[-48.4327,-11.3491],[-48.4509,-11.3187],[-48.4574,-11.3009],[-48.4507,-11.2751],[-48.4534,-11.2634],[-48.4476,-11.2598],[-48.4329,-11.265],[-48.4217,-11.2741],[-48.4045,-11.2779],[-48.399,-11.2733],[-48.3918,-11.2796],[-48.3876,-11.2736],[-48.3776,-11.2771],[-48.3716,-11.2719],[-48.3658,-11.2803],[-48.36,-11.2752],[-48.3499,-11.2884],[-48.3386,-11.2868],[-48.3377,-11.2964],[-48.3306,-11.2928],[-48.3287,-11.2993],[-48.3177,-11.3096],[-48.3131,-11.3047],[-48.3169,-11.3045],[-48.3099,-11.2901],[-48.3055,-11.2946],[-48.2825,-11.2974],[-48.2771,-11.2879],[-48.264,-11.2885],[-48.2554,-11.2849],[-48.2493,-11.2877],[-48.2387,-11.281],[-48.2264,-11.2843],[-48.2124,-11.2814],[-48.2058,-11.2758],[-48.1956,-11.2748],[-48.18,-11.2731],[-48.1701,-11.2678],[-48.1624,-11.2688],[-48.1443,-11.2871],[-48.1411,-11.3],[-48.135,-11.3061],[-48.104,-11.3168],[-48.0983,-11.316],[-48.0967,-11.3192],[-48.0922,-11.3171],[-48.0886,-11.3152],[-48.0786,-11.2884],[-48.0707,-11.2821],[-48.0524,-11.2772],[-48.0501,-11.2723],[-48.0392,-11.2684],[-48.0197,-11.2661],[-48.012,-11.2613],[-48.0103,-11.2559],[-48.005,-11.258],[-47.9929,-11.247],[-47.9728,-11.2556],[-47.9522,-11.252],[-47.948,-11.2484],[-47.9409,-11.2506],[-47.9297,-11.2475],[-47.9168,-11.2365],[-47.9038,-11.2354],[-47.8724,-11.2054],[-47.8624,-11.2063],[-47.8484,-11.2205]]]}},{"type":"Feature","properties":{"nome":"Santa Tereza do Tocantins","cod":"1719004","uf":"TO"},"geometry":{"type":"Polygon","coordinates":[[[-47.7545,-10.1796],[-47.7519,-10.1849],[-47.7357,-10.1835],[-47.7331,-10.189],[-47.7209,-10.1923],[-47.7153,-10.1981],[-47.7118,-10.1981],[-47.7109,-10.1931],[-47.6806,-10.1949],[-47.6596,-10.2043],[-47.6542,-10.2138],[-47.6444,-10.2213],[-47.6377,-10.2214],[-47.6317,-10.2166],[-47.6243,-10.2309],[-47.6139,-10.2334],[-47.6144,-10.2385],[-47.5675,-10.2471],[-47.5691,-10.2495],[-47.5722,-10.254],[-47.5753,-10.2511],[-47.597,-10.2497],[-47.6081,-10.2558],[-47.619,-10.256],[-47.6274,-10.2662],[-47.6327,-10.267],[-47.6358,-10.264],[-47.641,-10.2689],[-47.6445,-10.2677],[-47.6443,-10.2827],[-47.6408,-10.2896],[-47.6342,-10.2917],[-47.6405,-10.3273],[-47.6356,-10.3333],[-47.6206,-10.3402],[-47.6202,-10.3487],[-47.6653,-10.3806],[-47.6692,-10.3868],[-47.6676,-10.3936],[-47.6727,-10.3932],[-47.6699,-10.398],[-47.677,-10.3941],[-47.6772,-10.4003],[-47.6942,-10.4018],[-47.6954,-10.4046],[-47.7093,-10.3993],[-47.7164,-10.4041],[-47.7233,-10.4017],[-47.7287,-10.4089],[-47.734,-10.4131],[-47.7371,-10.4117],[-47.738,-10.415],[-47.7409,-10.4113],[-47.746,-10.4117],[-47.7528,-10.4214],[-47.7526,-10.4153],[-47.7629,-10.4179],[-47.7691,-10.411],[-47.7715,-10.4157],[-47.7763,-10.4067],[-47.7791,-10.4107],[-47.7837,-10.4066],[-47.7877,-10.4091],[-47.7981,-10.4039],[-47.8053,-10.4085],[-47.8231,-10.4074],[-47.8259,-10.3996],[-47.8374,-10.395],[-47.8419,-10.3812],[-47.86,-10.3798],[-47.8662,-10.3717],[-47.8629,-10.3521],[-47.8676,-10.3289],[-47.8564,-10.3221],[-47.8546,-10.3114],[-47.8582,-10.289],[-47.8399,-10.2748],[-47.8299,-10.2624],[-47.8259,-10.2488],[-47.8173,-10.2374],[-47.8131,-10.2186],[-47.8146,-10.2069],[-47.7966,-10.1804],[-47.7937,-10.166],[-47.7728,-10.162],[-47.7708,-10.1664],[-47.7611,-10.1671],[-47.7624,-10.1744],[-47.7554,-10.1765],[-47.7545,-10.1796]]]}},{"type":"Feature","properties":{"nome":"Santa Terezinha do Tocantins","cod":"1720002","uf":"TO"},"geometry":{"type":"Polygon","coordinates":[[[-47.6857,-6.4032],[-47.6568,-6.4146],[-47.5947,-6.4068],[-47.5939,-6.4138],[-47.5839,-6.4153],[-47.6039,-6.4326],[-47.6185,-6.4337],[-47.621,-6.4303],[-47.622,-6.443],[-47.6311,-6.4425],[-47.6346,-6.4497],[-47.6443,-6.4534],[-47.6486,-6.4698],[-47.6616,-6.4688],[-47.6718,-6.4774],[-47.6759,-6.4752],[-47.6849,-6.4797],[-47.6879,-6.489],[-47.6961,-6.4951],[-47.6982,-6.5011],[-47.7064,-6.499],[-47.7088,-6.5031],[-47.7122,-6.4997],[-47.7168,-6.5054],[-47.7206,-6.5031],[-47.7205,-6.4987],[-47.7303,-6.4972],[-47.7456,-6.5095],[-47.7477,-6.5079],[-47.7628,-6.5333],[-47.7682,-6.5342],[-47.7664,-6.5463],[-47.7706,-6.5567],[-47.8235,-6.5664],[-47.8585,-6.5398],[-47.8248,-6.4292],[-47.8112,-6.4204],[-47.8004,-6.4211],[-47.7695,-6.4114],[-47.7482,-6.4269],[-47.7315,-6.4118],[-47.6857,-6.4032]]]}},{"type":"Feature","properties":{"nome":"São Bento do Tocantins","cod":"1720101","uf":"TO"},"geometry":{"type":"Polygon","coordinates":[[[-47.7556,-5.7636],[-47.7519,-5.7654],[-47.7486,-5.7635],[-47.748,-5.7658],[-47.7471,-5.7832],[-47.7521,-5.8004],[-47.744,-5.8143],[-47.7343,-5.823],[-47.7375,-5.8371],[-47.7365,-5.854],[-47.7336,-5.8624],[-47.7228,-5.8738],[-47.7223,-5.8814],[-47.7328,-5.9102],[-47.7279,-5.9169],[-47.706,-5.9268],[-47.7021,-5.9394],[-47.7019,-5.9399],[-47.7004,-5.9488],[-47.7039,-5.9593],[-47.6999,-5.9894],[-47.7083,-6.0055],[-47.702,-6.0147],[-47.6923,-6.0182],[-47.7269,-6.012],[-47.7406,-6.0162],[-47.7627,-6.0094],[-47.7818,-6.016],[-47.79,-6.0235],[-47.8295,-6.0207],[-47.848,-6.0276],[-47.878,-6.026],[-47.8876,-6.0183],[-47.8952,-6.0223],[-47.9059,-6.0498],[-47.908,-6.072],[-47.97,-6.0649],[-47.9697,-6.074],[-47.9557,-6.0902],[-47.9578,-6.0946],[-47.9549,-6.1007],[-47.9604,-6.1078],[-47.9553,-6.1328],[-47.9721,-6.1537],[-47.9911,-6.157],[-47.998,-6.1577],[-48.0116,-6.146],[-48.0268,-6.1395],[-48.0377,-6.127],[-48.0407,-6.1296],[-48.0555,-6.1277],[-48.0599,-6.133],[-48.0646,-6.1281],[-48.0824,-6.1238],[-48.0866,-6.128],[-48.092,-6.1217],[-48.1019,-6.1222],[-48.1088,-6.117],[-48.1138,-6.1189],[-48.1269,-6.1134],[-48.1326,-6.1157],[-48.1349,-6.1128],[-48.1451,-6.1203],[-48.153,-6.1209],[-48.1694,-6.1114],[-48.1751,-6.1016],[-48.1855,-6.1047],[-48.1946,-6.1018],[-48.1976,-6.0985],[-48.1951,-6.0911],[-48.2035,-6.0942],[-48.2018,-6.0872],[-48.205,-6.0854],[-48.1955,-6.0798],[-48.1979,-6.0739],[-48.2062,-6.0747],[-48.2046,-6.0671],[-48.2088,-6.065],[-48.2049,-6.0553],[-48.2097,-6.0503],[-48.2062,-6.0468],[-48.2073,-6.0427],[-48.1971,-6.0469],[-48.1981,-6.0396],[-48.2049,-6.0383],[-48.2047,-6.0352],[-48.2086,-6.0362],[-48.2146,-6.0251],[-48.2195,-6.0232],[-48.222,-6.0255],[-48.2237,-6.0209],[-48.2179,-6.0201],[-48.2189,-6.0163],[-48.2228,-6.0157],[-48.2285,-6.021],[-48.2291,-6.0157],[-48.2236,-6.0127],[-48.2233,-6.0051],[-48.2162,-5.9985],[-48.2064,-6.0038],[-48.1928,-5.9986],[-48.178,-6.0077],[-48.1634,-6.0086],[-48.1543,-6.0016],[-48.1465,-6.0011],[-48.1367,-5.9868],[-48.1192,-5.9739],[-48.1043,-5.9727],[-48.0911,-5.9648],[-48.0749,-5.9653],[-48.0693,-5.9534],[-48.0742,-5.9451],[-48.0865,-5.9364],[-48.0912,-5.9227],[-48.0824,-5.9085],[-48.0773,-5.8806],[-48.0665,-5.8773],[-48.0622,-5.8783],[-48.0668,-5.8823],[-48.0617,-5.8827],[-48.0538,-5.8783],[-48.0485,-5.8808],[-48.0456,-5.889],[-48.0363,-5.8898],[-48.0282,-5.8962],[-48.0226,-5.8945],[-48.0168,-5.8916],[-48.0146,-5.8958],[-48.0175,-5.9011],[-48.0013,-5.9078],[-47.9988,-5.9153],[-48.0036,-5.9182],[-47.9994,-5.9321],[-47.9915,-5.9285],[-47.9768,-5.937],[-47.9656,-5.9368],[-47.9613,-5.9462],[-47.9438,-5.9572],[-47.9379,-5.9686],[-47.932,-5.9725],[-47.9291,-5.9687],[-47.904,-5.9636],[-47.8796,-5.944],[-47.8846,-5.88],[-47.8806,-5.8766],[-47.8738,-5.8813],[-47.8688,-5.8753],[-47.8608,-5.8756],[-47.8513,-5.8683],[-47.8627,-5.7735],[-47.859,-5.7675],[-47.8664,-5.7631],[-47.8647,-5.7531],[-47.844,-5.7564],[-47.8302,-5.7496],[-47.8192,-5.7497],[-47.8103,-5.7633],[-47.7929,-5.7654],[-47.7792,-5.7559],[-47.7809,-5.7518],[-47.7698,-5.7488],[-47.7651,-5.7406],[-47.7583,-5.7503],[-47.7556,-5.7636]]]}},{"type":"Feature","properties":{"nome":"São Félix do Tocantins","cod":"1720150","uf":"TO"},"geometry":{"type":"Polygon","coordinates":[[[-46.4752,-9.9061],[-46.4782,-9.9235],[-46.4653,-9.9366],[-46.4766,-9.9523],[-46.4714,-9.9732],[-46.4772,-9.9879],[-46.4567,-10.0176],[-46.457,-10.0469],[-46.4429,-10.0777],[-46.4203,-10.0805],[-46.3835,-10.1197],[-46.3675,-10.1684],[-46.3478,-10.1727],[-46.3271,-10.1833],[-46.3127,-10.1724],[-46.301,-10.1779],[-46.2726,-10.1812],[-46.2404,-10.1715],[-46.2196,-10.1704],[-46.2104,-10.1693],[-46.2016,-10.1736],[-46.1944,-10.1826],[-46.2116,-10.2022],[-46.2194,-10.1953],[-46.2632,-10.1967],[-46.2826,-10.227],[-46.2941,-10.2299],[-46.3192,-10.2085],[-46.3299,-10.2063],[-46.3492,-10.2103],[-46.3602,-10.2212],[-46.3694,-10.223],[-46.3913,-10.212],[-46.4198,-10.2105],[-46.4258,-10.2153],[-46.436,-10.2173],[-46.4382,-10.2135],[-46.443,-10.2147],[-46.453,-10.2089],[-46.4628,-10.2118],[-46.4725,-10.2103],[-46.4777,-10.2036],[-46.4915,-10.204],[-46.4941,-10.2078],[-46.4994,-10.2037],[-46.513,-10.2054],[-46.5249,-10.2004],[-46.5317,-10.2054],[-46.535,-10.2015],[-46.5457,-10.2067],[-46.5481,-10.2021],[-46.5513,-10.2067],[-46.5629,-10.2085],[-46.5631,-10.2147],[-46.5689,-10.2155],[-46.5738,-10.2119],[-46.5767,-10.2173],[-46.5798,-10.2157],[-46.5842,-10.2191],[-46.5954,-10.2182],[-46.5984,-10.2145],[-46.6049,-10.2276],[-46.6073,-10.2254],[-46.6144,-10.2236],[-46.6176,-10.2116],[-46.6217,-10.2174],[-46.6309,-10.2136],[-46.6324,-10.2092],[-46.636,-10.2114],[-46.6431,-10.2089],[-46.6447,-10.2061],[-46.6415,-10.2054],[-46.6478,-10.1948],[-46.6553,-10.1962],[-46.658,-10.186],[-46.6665,-10.1865],[-46.6678,-10.1778],[-46.6728,-10.1726],[-46.68,-10.1623],[-46.6901,-10.1637],[-46.691,-10.1597],[-46.7053,-10.158],[-46.713,-10.1519],[-46.7214,-10.1591],[-46.7348,-10.1519],[-46.7423,-10.152],[-46.7491,-10.1531],[-46.7556,-10.1481],[-46.7688,-10.1576],[-46.7772,-10.152],[-46.7839,-10.1598],[-46.7858,-10.1626],[-46.7982,-10.1639],[-46.8003,-10.1612],[-46.8166,-10.1605],[-46.8371,-10.1769],[-46.8383,-10.1837],[-46.8433,-10.1832],[-46.8464,-10.1874],[-46.8554,-10.1869],[-46.8599,-10.193],[-46.8833,-10.1906],[-46.8938,-10.1946],[-46.9015,-10.1939],[-46.9063,-10.186],[-46.9156,-10.1858],[-46.9265,-10.1803],[-46.9264,-10.1759],[-46.9372,-10.1837],[-46.9472,-10.1758],[-46.9536,-10.1645],[-46.9703,-10.1614],[-46.972,-10.1561],[-46.9817,-10.1533],[-46.9933,-10.1369],[-47.0157,-10.1325],[-47.0232,-10.1233],[-47.0338,-10.1215],[-47.0398,-10.1255],[-47.0472,-10.1218],[-47.0464,-10.1138],[-47.0523,-10.1087],[-47.0507,-10.1016],[-47.0639,-10.0939],[-47.0757,-10.0806],[-47.0857,-10.079],[-47.095,-10.072],[-47.0899,-10.07],[-47.0849,-10.0726],[-47.0739,-10.0648],[-47.0693,-10.0673],[-47.0669,-10.0595],[-47.0727,-10.0576],[-47.0553,-10.0528],[-47.0558,-10.0479],[-47.046,-10.0428],[-47.0491,-10.0397],[-47.0449,-10.0398],[-47.0468,-10.0362],[-47.037,-10.0324],[-47.0416,-10.027],[-47.0405,-10.0217],[-47.0356,-10.0257],[-47.0326,-10.0242],[-47.037,-10.0162],[-47.0315,-10.0134],[-47.0298,-10.0162],[-47.0247,-10.0076],[-47.0204,-10.01],[-47.0097,-10.0011],[-47.0071,-10.0054],[-47.003,-10.0028],[-47.0076,-10.0003],[-47.0006,-9.9988],[-46.9986,-10.0034],[-46.9902,-9.9969],[-46.9832,-9.9967],[-46.9819,-9.9909],[-46.9891,-9.9903],[-46.9853,-9.9862],[-46.9811,-9.9896],[-46.9815,-9.9855],[-46.9768,-9.99],[-46.98,-9.9912],[-46.9782,-9.9949],[-46.9734,-9.9892],[-46.9684,-9.9897],[-46.9707,-9.9929],[-46.9674,-9.994],[-46.9662,-9.9889],[-46.9612,-9.988],[-46.9594,-9.9914],[-46.952,-9.9869],[-46.9459,-9.9961],[-46.9434,-9.9911],[-46.9454,-9.9941],[-46.946,-9.9864],[-46.9416,-9.9853],[-46.9395,-9.9805],[-46.9243,-9.985],[-46.9196,-9.9782],[-46.9074,-9.9719],[-46.8986,-9.9822],[-46.8953,-9.9767],[-46.8842,-9.9766],[-46.8852,-9.9734],[-46.8783,-9.9693],[-46.872,-9.9726],[-46.8679,-9.9635],[-46.863,-9.9687],[-46.8611,-9.9662],[-46.8548,-9.9672],[-46.8541,-9.9625],[-46.8505,-9.9669],[-46.8387,-9.9696],[-46.833,-9.9787],[-46.8246,-9.9707],[-46.8238,-9.9736],[-46.8148,-9.9725],[-46.8115,-9.976],[-46.8067,-9.9711],[-46.7983,-9.9697],[-46.7961,-9.9623],[-46.7822,-9.9567],[-46.7802,-9.9478],[-46.7639,-9.9472],[-46.7635,-9.939],[-46.759,-9.9429],[-46.7528,-9.9408],[-46.7504,-9.9447],[-46.746,-9.9334],[-46.7414,-9.9356],[-46.7372,-9.9339],[-46.7369,-9.9274],[-46.7333,-9.9307],[-46.7303,-9.9293],[-46.7308,-9.9228],[-46.7259,-9.9228],[-46.7276,-9.9182],[-46.7232,-9.9196],[-46.7216,-9.9137],[-46.711,-9.9142],[-46.7062,-9.9179],[-46.692,-9.9121],[-46.6832,-9.9177],[-46.6811,-9.9136],[-46.6702,-9.9159],[-46.6691,-9.9108],[-46.6582,-9.9102],[-46.6599,-9.9138],[-46.6568,-9.9184],[-46.6534,-9.915],[-46.6451,-9.9152],[-46.6392,-9.9193],[-46.6359,-9.9112],[-46.6245,-9.9145],[-46.6129,-9.9032],[-46.5963,-9.8968],[-46.5798,-9.8754],[-46.5731,-9.8733],[-46.5543,-9.8573],[-46.5069,-9.8659],[-46.5022,-9.8806],[-46.4893,-9.8959],[-46.4752,-9.9061]]]}},{"type":"Feature","properties":{"nome":"São Miguel do Tocantins","cod":"1720200","uf":"TO"},"geometry":{"type":"Polygon","coordinates":[[[-47.602,-5.465],[-47.5801,-5.4696],[-47.5637,-5.4628],[-47.5549,-5.4654],[-47.5232,-5.5001],[-47.4997,-5.5252],[-47.4936,-5.5394],[-47.4828,-5.5645],[-47.484,-5.5952],[-47.4793,-5.6213],[-47.4768,-5.6347],[-47.4908,-5.643],[-47.5089,-5.6362],[-47.5174,-5.6379],[-47.5227,-5.6535],[-47.5355,-5.6616],[-47.541,-5.6703],[-47.5542,-5.6775],[-47.593,-5.6795],[-47.5893,-5.5642],[-47.6331,-5.5478],[-47.6364,-5.5466],[-47.6547,-5.5398],[-47.6548,-5.5398],[-47.6583,-5.5397],[-47.6597,-5.5454],[-47.672,-5.5583],[-47.7397,-5.5577],[-47.7393,-5.5456],[-47.7322,-5.5382],[-47.7302,-5.5301],[-47.7242,-5.5136],[-47.7104,-5.5003],[-47.7026,-5.4613],[-47.7049,-5.4487],[-47.7049,-5.4486],[-47.6929,-5.4292],[-47.6932,-5.4249],[-47.6853,-5.4123],[-47.6663,-5.4214],[-47.6182,-5.4593],[-47.602,-5.465]]]}},{"type":"Feature","properties":{"nome":"São Salvador do Tocantins","cod":"1720259","uf":"TO"},"geometry":{"type":"Polygon","coordinates":[[[-48.2326,-12.3794],[-48.2312,-12.3898],[-48.2438,-12.4196],[-48.2644,-12.4379],[-48.2674,-12.4469],[-48.2556,-12.4585],[-48.2363,-12.4623],[-48.2232,-12.4604],[-48.2113,-12.4661],[-48.2061,-12.4765],[-48.2116,-12.4843],[-48.2324,-12.4937],[-48.2366,-12.5009],[-48.2287,-12.5256],[-48.2309,-12.5333],[-48.2397,-12.5428],[-48.2533,-12.55],[-48.2883,-12.56],[-48.2883,-12.5675],[-48.2554,-12.5896],[-48.253,-12.5944],[-48.2549,-12.5989],[-48.2686,-12.5974],[-48.2747,-12.601],[-48.2714,-12.633],[-48.2877,-12.651],[-48.2907,-12.657],[-48.2896,-12.6683],[-48.2847,-12.6775],[-48.2735,-12.6829],[-48.2494,-12.6847],[-48.246,-12.6781],[-48.2427,-12.679],[-48.24,-12.6843],[-48.242,-12.6987],[-48.2548,-12.7179],[-48.2677,-12.725],[-48.2695,-12.7394],[-48.2603,-12.747],[-48.2399,-12.741],[-48.2241,-12.7495],[-48.2255,-12.7632],[-48.2354,-12.7766],[-48.2405,-12.7927],[-48.2402,-12.8064],[-48.2326,-12.828],[-48.237,-12.8324],[-48.2418,-12.8323],[-48.2573,-12.8256],[-48.2713,-12.8273],[-48.289,-12.8184],[-48.3086,-12.818],[-48.3273,-12.8078],[-48.3542,-12.8089],[-48.3829,-12.812],[-48.3898,-12.8063],[-48.3934,-12.8096],[-48.3921,-12.8129],[-48.3959,-12.8142],[-48.396,-12.8183],[-48.4081,-12.8277],[-48.4095,-12.8404],[-48.4154,-12.8437],[-48.4279,-12.8439],[-48.4543,-12.8155],[-48.4687,-12.813],[-48.4737,-12.8001],[-48.4875,-12.8047],[-48.4931,-12.7991],[-48.4942,-12.791],[-48.5024,-12.7914],[-48.5013,-12.7828],[-48.507,-12.7769],[-48.5098,-12.7799],[-48.5179,-12.7783],[-48.5214,-12.7812],[-48.5235,-12.778],[-48.5263,-12.7809],[-48.5268,-12.7759],[-48.534,-12.7735],[-48.5288,-12.7691],[-48.5336,-12.7653],[-48.5321,-12.7598],[-48.5399,-12.7578],[-48.5373,-12.7507],[-48.5395,-12.7407],[-48.5453,-12.7342],[-48.5464,-12.7309],[-48.5368,-12.7176],[-48.5385,-12.7082],[-48.528,-12.7082],[-48.5236,-12.7025],[-48.5253,-12.6919],[-48.5213,-12.6717],[-48.5255,-12.6609],[-48.5194,-12.6439],[-48.5243,-12.6323],[-48.5147,-12.6147],[-48.5101,-12.6163],[-48.5065,-12.6095],[-48.4915,-12.6071],[-48.4916,-12.6096],[-48.4814,-12.6048],[-48.4748,-12.6068],[-48.4737,-12.5823],[-48.4671,-12.5764],[-48.4605,-12.5758],[-48.4603,-12.572],[-48.4571,-12.5726],[-48.4568,-12.5568],[-48.4597,-12.5536],[-48.4595,-12.5569],[-48.4652,-12.5561],[-48.4655,-12.5497],[-48.4727,-12.5419],[-48.4656,-12.5359],[-48.4637,-12.5207],[-48.4602,-12.5179],[-48.4618,-12.5111],[-48.4538,-12.4956],[-48.4552,-12.489],[-48.4624,-12.4817],[-48.4602,-12.4744],[-48.4569,-12.4736],[-48.4585,-12.4604],[-48.4559,-12.457],[-48.4594,-12.4481],[-48.4536,-12.4463],[-48.4524,-12.4404],[-48.4477,-12.4386],[-48.4419,-12.4359],[-48.4378,-12.4257],[-48.4295,-12.4267],[-48.4269,-12.4176],[-48.4188,-12.418],[-48.4143,-12.4225],[-48.4084,-12.421],[-48.4043,-12.4149],[-48.4083,-12.4133],[-48.4083,-12.409],[-48.403,-12.4091],[-48.3962,-12.4035],[-48.3963,-12.3952],[-48.3922,-12.392],[-48.3911,-12.3866],[-48.3944,-12.3873],[-48.3998,-12.3811],[-48.3954,-12.3751],[-48.3865,-12.3741],[-48.39,-12.3694],[-48.384,-12.3546],[-48.3945,-12.341],[-48.3928,-12.333],[-48.397,-12.3249],[-48.3931,-12.3221],[-48.393,-12.3165],[-48.3988,-12.3107],[-48.388,-12.3088],[-48.3868,-12.3044],[-48.3951,-12.2989],[-48.3947,-12.2947],[-48.3901,-12.2927],[-48.3926,-12.2831],[-48.4023,-12.276],[-48.4049,-12.269],[-48.3932,-12.2603],[-48.3972,-12.2521],[-48.389,-12.2425],[-48.3951,-12.2409],[-48.3924,-12.2376],[-48.356,-12.2409],[-48.3214,-12.2661],[-48.3116,-12.27],[-48.262,-12.3095],[-48.2547,-12.3198],[-48.2581,-12.3436],[-48.2563,-12.3548],[-48.2519,-12.3637],[-48.2326,-12.3794]]]}},{"type":"Feature","properties":{"nome":"São Sebastião do Tocantins","cod":"1720309","uf":"TO"},"geometry":{"type":"Polygon","coordinates":[[[-48.2245,-5.2351],[-48.2061,-5.2486],[-48.1899,-5.253],[-48.1781,-5.2604],[-48.1727,-5.2684],[-48.2502,-5.3184],[-48.2577,-5.3102],[-48.2747,-5.3086],[-48.2758,-5.3038],[-48.2872,-5.3024],[-48.2929,-5.3049],[-48.3216,-5.2956],[-48.3289,-5.281],[-48.3469,-5.2801],[-48.3529,-5.275],[-48.3636,-5.2813],[-48.3693,-5.279],[-48.3734,-5.285],[-48.3901,-5.2796],[-48.4073,-5.2846],[-48.4026,-5.2729],[-48.3894,-5.2695],[-48.3815,-5.2626],[-48.3821,-5.259],[-48.4031,-5.259],[-48.4257,-5.2466],[-48.4304,-5.2377],[-48.4527,-5.246],[-48.4611,-5.2403],[-48.4715,-5.2099],[-48.4859,-5.1934],[-48.4657,-5.1851],[-48.3819,-5.1721],[-48.3635,-5.168],[-48.3557,-5.1715],[-48.3205,-5.201],[-48.293,-5.2037],[-48.2726,-5.2156],[-48.2345,-5.2279],[-48.2245,-5.2351]]]}},{"type":"Feature","properties":{"nome":"São Valério da Natividade","cod":"1720499","uf":"TO"},"geometry":{"type":"Polygon","coordinates":[[[-48.4262,-11.3552],[-48.3986,-11.3678],[-48.3861,-11.3657],[-48.3749,-11.395],[-48.3665,-11.3999],[-48.3638,-11.4085],[-48.3424,-11.4252],[-48.3414,-11.4311],[-48.3588,-11.4419],[-48.3555,-11.4502],[-48.339,-11.4631],[-48.3356,-11.4729],[-48.3177,-11.4829],[-48.3056,-11.4825],[-48.2985,-11.489],[-48.2935,-11.4961],[-48.2891,-11.5256],[-48.2871,-11.5328],[-48.2538,-11.5458],[-48.24,-11.5703],[-48.2313,-11.5743],[-48.2196,-11.5864],[-48.2125,-11.5889],[-48.1996,-11.5778],[-48.1873,-11.5853],[-48.1792,-11.5944],[-48.1785,-11.6013],[-48.1638,-11.6217],[-48.1585,-11.6351],[-48.1553,-11.6531],[-48.1617,-11.6529],[-48.1627,-11.6559],[-48.1582,-11.6612],[-48.1447,-11.6633],[-48.1457,-11.6751],[-48.1543,-11.6875],[-48.1537,-11.6914],[-48.1377,-11.7087],[-48.121,-11.7102],[-48.1157,-11.7151],[-48.0978,-11.7162],[-48.0888,-11.7229],[-48.0893,-11.7267],[-48.093,-11.7267],[-48.0936,-11.7373],[-48.0997,-11.7432],[-48.0896,-11.7447],[-48.0803,-11.7536],[-48.0823,-11.7691],[-48.078,-11.7737],[-48.0707,-11.7768],[-48.0688,-11.772],[-48.0601,-11.7721],[-48.0548,-11.779],[-48.0394,-11.7823],[-48.0414,-11.7861],[-48.039,-11.7875],[-48.0202,-11.7754],[-48.0171,-11.7798],[-48.0083,-11.7801],[-48.0133,-11.7919],[-48.0049,-11.7925],[-48.0056,-11.8016],[-48.0003,-11.8027],[-47.9979,-11.8194],[-47.9904,-11.8219],[-47.9848,-11.832],[-47.9738,-11.8324],[-47.9496,-11.8468],[-47.9485,-11.8526],[-47.9253,-11.8586],[-47.9032,-11.8664],[-47.8928,-11.8644],[-47.8755,-11.8716],[-47.8681,-11.8805],[-47.8652,-11.894],[-47.8559,-11.903],[-47.8551,-11.9096],[-47.8519,-11.9176],[-47.8579,-11.939],[-47.8469,-11.944],[-47.8446,-11.952],[-47.8556,-11.9703],[-47.8568,-11.9926],[-47.8704,-12.0126],[-47.8719,-12.0222],[-47.8597,-12.0293],[-47.8573,-12.0475],[-47.8419,-12.0778],[-47.8363,-12.0835],[-47.8322,-12.0831],[-47.8238,-12.0729],[-47.8162,-12.0736],[-47.8137,-12.0654],[-47.7996,-12.0624],[-47.7952,-12.0566],[-47.7764,-12.0521],[-47.7668,-12.0413],[-47.7681,-12.0489],[-47.7596,-12.0637],[-47.7618,-12.0821],[-47.7664,-12.0924],[-47.776,-12.0931],[-47.7791,-12.1002],[-47.79,-12.1066],[-47.8056,-12.1255],[-47.808,-12.1336],[-47.7993,-12.144],[-47.7992,-12.153],[-47.8049,-12.1551],[-47.814,-12.1745],[-47.8111,-12.1837],[-47.8143,-12.1987],[-47.812,-12.2096],[-47.8219,-12.2184],[-47.8328,-12.2181],[-47.8563,-12.2125],[-47.8689,-12.2255],[-47.8698,-12.2424],[-47.8804,-12.2411],[-47.8812,-12.2196],[-47.8551,-12.2055],[-47.8547,-12.19],[-47.8414,-12.1645],[-47.8553,-12.1553],[-47.8491,-12.1365],[-47.8531,-12.1314],[-47.8523,-12.1248],[-47.8489,-12.1232],[-47.8519,-12.1167],[-47.8673,-12.12],[-47.872,-12.1148],[-47.8684,-12.1083],[-47.8714,-12.0998],[-47.876,-12.0985],[-47.8803,-12.0903],[-47.8833,-12.0876],[-47.8918,-12.0883],[-47.9027,-12.0796],[-47.907,-12.0804],[-47.9115,-12.074],[-47.9083,-12.0708],[-47.9101,-12.0665],[-47.9226,-12.0674],[-47.9302,-12.0563],[-47.9419,-12.0496],[-47.9501,-12.0509],[-47.9518,-12.0552],[-47.9782,-12.0526],[-47.9888,-12.0605],[-47.9961,-12.0548],[-47.9961,-12.0509],[-48.0065,-12.0447],[-48.0224,-12.0428],[-48.0336,-12.038],[-48.0367,-12.042],[-48.0311,-12.0424],[-48.0309,-12.0511],[-48.0382,-12.0635],[-48.0451,-12.0609],[-48.0465,-12.0642],[-48.0545,-12.0634],[-48.0583,-12.0532],[-48.0662,-12.0538],[-48.0796,-12.0731],[-48.0876,-12.0761],[-48.0934,-12.0744],[-48.1045,-12.0825],[-48.1109,-12.081],[-48.1109,-12.0859],[-48.1157,-12.0872],[-48.1471,-12.0705],[-48.1439,-12.0673],[-48.1466,-12.0647],[-48.1557,-12.0632],[-48.1587,-12.0656],[-48.1575,-12.057],[-48.1709,-12.0479],[-48.179,-12.0554],[-48.1796,-12.0644],[-48.1847,-12.066],[-48.1872,-12.0631],[-48.1893,-12.0655],[-48.1987,-12.0572],[-48.2024,-12.061],[-48.2112,-12.0569],[-48.2161,-12.0501],[-48.2156,-12.0421],[-48.2082,-12.0336],[-48.2108,-12.0293],[-48.2088,-12.0267],[-48.2201,-12.0164],[-48.2172,-12.0083],[-48.2206,-11.999],[-48.2313,-11.9909],[-48.24,-11.9881],[-48.2425,-11.986],[-48.2594,-11.9786],[-48.2775,-11.9646],[-48.2826,-11.9553],[-48.292,-11.9582],[-48.2945,-11.9532],[-48.3013,-11.9522],[-48.304,-11.9492],[-48.3028,-11.9428],[-48.3099,-11.9378],[-48.3186,-11.9398],[-48.3283,-11.9248],[-48.3365,-11.9197],[-48.3372,-11.9129],[-48.3427,-11.9101],[-48.3386,-11.908],[-48.342,-11.8993],[-48.3396,-11.8957],[-48.3463,-11.89],[-48.3484,-11.8823],[-48.347,-11.8663],[-48.3398,-11.8597],[-48.3419,-11.857],[-48.336,-11.8545],[-48.3453,-11.8446],[-48.3566,-11.8455],[-48.3618,-11.8392],[-48.3621,-11.834],[-48.3582,-11.8311],[-48.3618,-11.825],[-48.3605,-11.82],[-48.3659,-11.8176],[-48.364,-11.798],[-48.3686,-11.7856],[-48.3751,-11.7827],[-48.3741,-11.7774],[-48.3797,-11.7615],[-48.3799,-11.7498],[-48.3761,-11.7453],[-48.3792,-11.7382],[-48.3735,-11.7326],[-48.3786,-11.7192],[-48.3759,-11.7155],[-48.3777,-11.7104],[-48.3842,-11.7056],[-48.3801,-11.6987],[-48.3794,-11.6843],[-48.3751,-11.6812],[-48.3789,-11.6759],[-48.3762,-11.6749],[-48.3783,-11.6697],[-48.3758,-11.6674],[-48.3823,-11.6632],[-48.3817,-11.6528],[-48.3845,-11.6522],[-48.3823,-11.6429],[-48.3955,-11.6402],[-48.3985,-11.6329],[-48.4035,-11.6358],[-48.4083,-11.6342],[-48.4095,-11.6289],[-48.4037,-11.6199],[-48.4151,-11.6173],[-48.4209,-11.6078],[-48.4177,-11.6001],[-48.4214,-11.5999],[-48.4262,-11.5936],[-48.4265,-11.5678],[-48.4436,-11.5538],[-48.4482,-11.5455],[-48.4566,-11.5409],[-48.4587,-11.5294],[-48.4635,-11.5282],[-48.458,-11.4976],[-48.4684,-11.4891],[-48.475,-11.4764],[-48.4694,-11.4732],[-48.4618,-11.4575],[-48.4676,-11.426],[-48.4757,-11.42],[-48.4818,-11.4088],[-48.4796,-11.3972],[-48.4819,-11.3916],[-48.4751,-11.3713],[-48.47,-11.3666],[-48.4724,-11.3637],[-48.4769,-11.3674],[-48.4785,-11.3629],[-48.4574,-11.3009],[-48.4509,-11.3187],[-48.4327,-11.3491],[-48.4262,-11.3552]]]}},{"type":"Feature","properties":{"nome":"Silvanópolis","cod":"1720655","uf":"TO"},"geometry":{"type":"Polygon","coordinates":[[[-47.7427,-10.9074],[-47.7356,-10.9195],[-47.7462,-10.9365],[-47.737,-10.9507],[-47.7262,-10.9508],[-47.7298,-10.9684],[-47.7241,-10.9744],[-47.7305,-10.9832],[-47.7243,-10.9846],[-47.7122,-10.9992],[-47.7132,-11.0089],[-47.7083,-11.0143],[-47.7127,-11.0208],[-47.7087,-11.0319],[-47.6997,-11.0312],[-47.6962,-11.0405],[-47.6911,-11.0414],[-47.6942,-11.0468],[-47.6908,-11.0485],[-47.7352,-11.1103],[-47.7346,-11.1148],[-47.7435,-11.1191],[-47.7473,-11.1298],[-47.7558,-11.1378],[-47.7618,-11.1536],[-47.7659,-11.1565],[-47.7658,-11.1611],[-47.7734,-11.1648],[-47.7776,-11.1739],[-47.7801,-11.1734],[-47.78,-11.1801],[-47.7875,-11.1835],[-47.8032,-11.2103],[-47.8067,-11.2085],[-47.8121,-11.2162],[-47.8266,-11.2157],[-47.8323,-11.2206],[-47.8484,-11.2205],[-47.8624,-11.2063],[-47.8724,-11.2054],[-47.9038,-11.2354],[-47.9168,-11.2365],[-47.9297,-11.2475],[-47.9409,-11.2506],[-47.948,-11.2484],[-47.9522,-11.252],[-47.9728,-11.2556],[-47.9929,-11.247],[-48.005,-11.258],[-48.0103,-11.2559],[-48.012,-11.2613],[-48.0197,-11.2661],[-48.0392,-11.2684],[-48.0501,-11.2723],[-48.0524,-11.2772],[-48.0707,-11.2821],[-48.0786,-11.2884],[-48.0886,-11.3152],[-48.0922,-11.3171],[-48.0967,-11.3192],[-48.0983,-11.316],[-48.104,-11.3168],[-48.135,-11.3061],[-48.1411,-11.3],[-48.1443,-11.2871],[-48.1624,-11.2688],[-48.1701,-11.2678],[-48.18,-11.2731],[-48.1956,-11.2748],[-48.2058,-11.2758],[-48.2124,-11.2814],[-48.2264,-11.2843],[-48.2387,-11.281],[-48.2493,-11.2877],[-48.2554,-11.2849],[-48.2478,-11.2722],[-48.2396,-11.266],[-48.2321,-11.2342],[-48.2212,-11.225],[-48.2178,-11.2106],[-48.2278,-11.1972],[-48.2474,-11.1921],[-48.2601,-11.1944],[-48.2746,-11.1628],[-48.2897,-11.1532],[-48.2991,-11.153],[-48.3059,-11.1379],[-48.3179,-11.1345],[-48.3232,-11.1042],[-48.3186,-11.0912],[-48.3277,-11.0856],[-48.324,-11.0794],[-48.3142,-11.059],[-48.291,-11.0503],[-48.2886,-11.0417],[-48.2611,-11.0222],[-48.2538,-11.0061],[-48.2497,-11.0054],[-48.2473,-10.9997],[-48.2212,-10.9894],[-48.2168,-11.0121],[-48.2109,-11.0206],[-48.2,-11.0175],[-48.1865,-11.0293],[-48.1598,-11.0562],[-48.1551,-11.0794],[-48.1275,-11.1083],[-48.1206,-11.1252],[-48.113,-11.133],[-48.0861,-11.1306],[-48.0691,-11.1547],[-48.0382,-11.1628],[-48.0149,-11.1758],[-47.9802,-11.1703],[-47.9699,-11.159],[-47.9484,-11.1537],[-47.9357,-11.1352],[-47.9302,-11.122],[-47.9204,-11.1118],[-47.9114,-11.1142],[-47.8981,-11.1101],[-47.8942,-11.1146],[-47.881,-11.1086],[-47.8717,-11.1187],[-47.8584,-11.1155],[-47.8508,-11.1251],[-47.8846,-10.9897],[-47.8823,-10.9725],[-47.8668,-10.9599],[-47.8596,-10.957],[-47.8559,-10.9589],[-47.8472,-10.9537],[-47.8205,-10.9461],[-47.7959,-10.9497],[-47.7838,-10.9381],[-47.7822,-10.9296],[-47.7729,-10.9284],[-47.7624,-10.9163],[-47.7576,-10.9195],[-47.7557,-10.9123],[-47.7459,-10.9111],[-47.7427,-10.9074]]]}},{"type":"Feature","properties":{"nome":"Sítio Novo do Tocantins","cod":"1720804","uf":"TO"},"geometry":{"type":"Polygon","coordinates":[[[-47.7393,-5.5456],[-47.7397,-5.5577],[-47.672,-5.5583],[-47.6597,-5.5454],[-47.6583,-5.5397],[-47.6548,-5.5398],[-47.6547,-5.5398],[-47.6364,-5.5466],[-47.6331,-5.5478],[-47.5893,-5.5642],[-47.593,-5.6795],[-47.6009,-5.6801],[-47.6341,-5.6989],[-47.7486,-5.7635],[-47.7519,-5.7654],[-47.7508,-5.7548],[-47.7567,-5.729],[-47.7506,-5.7145],[-47.7423,-5.7037],[-47.7379,-5.6982],[-47.7335,-5.6771],[-47.7281,-5.6704],[-47.7277,-5.6574],[-47.7151,-5.6499],[-47.711,-5.638],[-47.6934,-5.6346],[-47.6894,-5.6146],[-47.6791,-5.5954],[-47.7371,-5.5966],[-47.7478,-5.5968],[-47.8379,-5.5987],[-47.8277,-5.5853],[-47.8071,-5.5582],[-47.7994,-5.5575],[-47.7935,-5.542],[-47.7872,-5.5379],[-47.7809,-5.539],[-47.7847,-5.5445],[-47.7823,-5.548],[-47.7786,-5.5454],[-47.7506,-5.5343],[-47.7302,-5.5301],[-47.7322,-5.5382],[-47.7393,-5.5456]]]}},{"type":"Feature","properties":{"nome":"Sucupira","cod":"1720853","uf":"TO"},"geometry":{"type":"Polygon","coordinates":[[[-48.8742,-11.8991],[-48.8546,-11.9296],[-48.8404,-11.9349],[-48.8307,-11.9508],[-48.8289,-11.9619],[-48.8156,-11.9634],[-48.809,-11.9716],[-48.799,-11.9741],[-48.7909,-11.9696],[-48.7679,-11.9661],[-48.7637,-11.958],[-48.7572,-11.9549],[-48.7546,-11.9462],[-48.7393,-11.941],[-48.7473,-11.949],[-48.7514,-11.9674],[-48.7621,-11.9753],[-48.7542,-11.9984],[-48.7624,-12.021],[-48.7623,-12.0369],[-48.7685,-12.0521],[-48.7643,-12.0609],[-48.7697,-12.0696],[-48.7753,-12.1344],[-48.7597,-12.1325],[-48.7502,-12.1274],[-48.742,-12.1391],[-48.7275,-12.148],[-48.7207,-12.1448],[-48.6857,-12.1451],[-48.6581,-12.1326],[-48.6516,-12.1386],[-48.6424,-12.1407],[-48.6454,-12.1538],[-48.6435,-12.1658],[-48.6292,-12.1739],[-48.6363,-12.1934],[-48.6274,-12.2159],[-48.6427,-12.2309],[-48.6786,-12.234],[-48.6833,-12.2402],[-48.6841,-12.2512],[-48.7163,-12.2775],[-48.7293,-12.2715],[-48.7346,-12.2722],[-48.7484,-12.2997],[-48.7472,-12.308],[-48.7564,-12.3114],[-48.7587,-12.3191],[-48.7624,-12.3195],[-48.7877,-12.313],[-48.7778,-12.2997],[-48.7814,-12.2969],[-48.7984,-12.3105],[-48.7984,-12.3044],[-48.8129,-12.3017],[-48.8214,-12.2953],[-48.8227,-12.2905],[-48.8352,-12.2943],[-48.8391,-12.2902],[-48.8445,-12.2911],[-48.8601,-12.2831],[-48.8613,-12.2899],[-48.8723,-12.2964],[-48.8836,-12.2887],[-48.8913,-12.2942],[-48.8974,-12.2918],[-48.9002,-12.2949],[-48.9059,-12.2924],[-48.9107,-12.295],[-48.9211,-12.2937],[-48.9214,-12.2789],[-48.9094,-12.2477],[-48.9144,-12.21],[-48.9103,-12.1941],[-48.969,-12.1862],[-48.9746,-12.1671],[-48.9681,-12.1642],[-48.9507,-12.1397],[-48.9373,-12.1371],[-48.9273,-12.124],[-48.9315,-12.1138],[-48.9293,-12.1052],[-48.9358,-12.0896],[-48.9655,-12.0553],[-48.9631,-12.0394],[-48.978,-12.0155],[-48.9775,-11.9948],[-48.9691,-11.966],[-48.9706,-11.9533],[-48.9777,-11.9445],[-48.9869,-11.9414],[-48.9911,-11.9364],[-48.9883,-11.932],[-48.9877,-11.9236],[-48.9782,-11.9182],[-48.965,-11.9164],[-48.9611,-11.9092],[-48.9557,-11.9097],[-48.9548,-11.906],[-48.9512,-11.9063],[-48.9525,-11.9035],[-48.9409,-11.8989],[-48.9352,-11.8896],[-48.9356,-11.8834],[-48.9251,-11.8719],[-48.923,-11.8598],[-48.9083,-11.8572],[-48.8916,-11.8665],[-48.8956,-11.8699],[-48.8941,-11.8781],[-48.8853,-11.8806],[-48.8829,-11.8925],[-48.8742,-11.8991]]]}},{"type":"Feature","properties":{"nome":"Taguatinga","cod":"1720903","uf":"TO"},"geometry":{"type":"Polygon","coordinates":[[[-46.459,-12.1121],[-46.4513,-12.1143],[-46.4437,-12.1051],[-46.4367,-12.1036],[-46.437,-12.1058],[-46.4332,-12.1027],[-46.4256,-12.1095],[-46.4156,-12.1126],[-46.4005,-12.1064],[-46.3805,-12.1057],[-46.3677,-12.0978],[-46.3659,-12.1108],[-46.3708,-12.1221],[-46.3696,-12.1343],[-46.3749,-12.1527],[-46.3789,-12.1604],[-46.3893,-12.1665],[-46.3895,-12.1701],[-46.3826,-12.1736],[-46.3803,-12.179],[-46.3906,-12.1934],[-46.3682,-12.1994],[-46.3679,-12.2143],[-46.3594,-12.2236],[-46.366,-12.241],[-46.3804,-12.247],[-46.3782,-12.2539],[-46.3657,-12.2662],[-46.3664,-12.2754],[-46.3739,-12.2894],[-46.35,-12.2969],[-46.3289,-12.2977],[-46.323,-12.3031],[-46.3247,-12.308],[-46.3458,-12.3144],[-46.3511,-12.3204],[-46.3492,-12.3265],[-46.3526,-12.3303],[-46.352,-12.337],[-46.3401,-12.3365],[-46.3337,-12.3422],[-46.3326,-12.3441],[-46.3322,-12.3448],[-46.3243,-12.3557],[-46.3125,-12.3559],[-46.2956,-12.3671],[-46.2852,-12.3786],[-46.2939,-12.3843],[-46.2956,-12.3973],[-46.3043,-12.4051],[-46.3006,-12.4153],[-46.2924,-12.4172],[-46.283,-12.4108],[-46.2734,-12.414],[-46.2645,-12.4122],[-46.256,-12.4239],[-46.2474,-12.4385],[-46.2472,-12.4481],[-46.2532,-12.4598],[-46.2544,-12.4939],[-46.2274,-12.4979],[-46.1864,-12.4771],[-46.1593,-12.4741],[-46.1535,-12.4829],[-46.1817,-12.4998],[-46.2135,-12.5062],[-46.2227,-12.5135],[-46.2674,-12.5283],[-46.2831,-12.5264],[-46.3063,-12.5332],[-46.3267,-12.5346],[-46.3276,-12.5382],[-46.3391,-12.54],[-46.3389,-12.5464],[-46.3433,-12.5496],[-46.3554,-12.5494],[-46.356,-12.5559],[-46.3609,-12.5605],[-46.3722,-12.5658],[-46.3772,-12.5623],[-46.3813,-12.564],[-46.3825,-12.5738],[-46.3905,-12.5739],[-46.3955,-12.5789],[-46.4005,-12.5756],[-46.4032,-12.5783],[-46.4048,-12.5785],[-46.4072,-12.5761],[-46.4084,-12.5798],[-46.4173,-12.5791],[-46.4182,-12.5824],[-46.4191,-12.5791],[-46.4352,-12.5816],[-46.4549,-12.572],[-46.457,-12.5659],[-46.4646,-12.5647],[-46.4697,-12.5701],[-46.4812,-12.5654],[-46.4914,-12.5662],[-46.4987,-12.575],[-46.5002,-12.5728],[-46.5175,-12.5795],[-46.5363,-12.5766],[-46.5458,-12.585],[-46.5456,-12.5811],[-46.552,-12.5827],[-46.5632,-12.591],[-46.563,-12.5953],[-46.5795,-12.5939],[-46.5931,-12.582],[-46.6071,-12.5894],[-46.6116,-12.5854],[-46.6167,-12.5961],[-46.6258,-12.5944],[-46.6357,-12.5989],[-46.6552,-12.5942],[-46.6631,-12.5954],[-46.674,-12.5824],[-46.6767,-12.5836],[-46.6723,-12.5776],[-46.6769,-12.5781],[-46.684,-12.5716],[-46.6927,-12.5787],[-46.6942,-12.576],[-46.6983,-12.5789],[-46.7004,-12.5771],[-46.7056,-12.5846],[-46.7142,-12.5883],[-46.7167,-12.5753],[-46.7271,-12.5763],[-46.7301,-12.5704],[-46.7339,-12.5703],[-46.7355,-12.5752],[-46.7417,-12.5727],[-46.7479,-12.5619],[-46.75,-12.5494],[-46.7608,-12.5485],[-46.7672,-12.5414],[-46.7786,-12.5381],[-46.7864,-12.5238],[-46.7954,-12.5157],[-46.7997,-12.508],[-46.8066,-12.5068],[-46.8072,-12.4949],[-46.8177,-12.491],[-46.8231,-12.4844],[-46.8363,-12.4853],[-46.8401,-12.4789],[-46.8528,-12.4734],[-46.8573,-12.4775],[-46.8698,-12.4576],[-46.8839,-12.4601],[-46.8864,-12.4642],[-46.8936,-12.4617],[-46.8958,-12.4523],[-46.8903,-12.4401],[-46.8982,-12.4304],[-46.8969,-12.4222],[-46.9032,-12.4212],[-46.8998,-12.4179],[-46.8996,-12.4035],[-46.9325,-12.3901],[-46.9363,-12.3833],[-46.9459,-12.377],[-46.9402,-12.3753],[-46.9368,-12.3778],[-46.9359,-12.3725],[-46.9295,-12.3748],[-46.9288,-12.369],[-46.9255,-12.368],[-46.9275,-12.3663],[-46.925,-12.3645],[-46.9239,-12.3671],[-46.9187,-12.3584],[-46.9101,-12.3568],[-46.9094,-12.3528],[-46.903,-12.349],[-46.9028,-12.3525],[-46.8968,-12.3514],[-46.8972,-12.3465],[-46.8922,-12.3482],[-46.8916,-12.3416],[-46.8859,-12.3378],[-46.8717,-12.3532],[-46.8687,-12.3533],[-46.8674,-12.3488],[-46.8493,-12.343],[-46.8489,-12.3348],[-46.8393,-12.333],[-46.8397,-12.3259],[-46.8328,-12.323],[-46.8347,-12.3201],[-46.8301,-12.3178],[-46.8339,-12.315],[-46.8301,-12.3095],[-46.8244,-12.3123],[-46.8264,-12.3091],[-46.8218,-12.3096],[-46.8227,-12.3047],[-46.8124,-12.3051],[-46.8104,-12.3006],[-46.8039,-12.3035],[-46.8003,-12.3114],[-46.7931,-12.3099],[-46.79,-12.3138],[-46.7804,-12.3133],[-46.7789,-12.31],[-46.785,-12.307],[-46.7796,-12.2996],[-46.781,-12.287],[-46.7771,-12.2829],[-46.7781,-12.2774],[-46.7762,-12.2747],[-46.7623,-12.2774],[-46.7614,-12.2738],[-46.7542,-12.2743],[-46.7555,-12.2705],[-46.7451,-12.2683],[-46.7394,-12.2593],[-46.7336,-12.2575],[-46.7336,-12.2626],[-46.7226,-12.2611],[-46.6994,-12.2666],[-46.6984,-12.272],[-46.6875,-12.2766],[-46.6757,-12.2677],[-46.6584,-12.2694],[-46.6543,-12.2586],[-46.6483,-12.2579],[-46.6439,-12.2537],[-46.6454,-12.2514],[-46.6443,-12.25],[-46.6297,-12.2455],[-46.6179,-12.2304],[-46.6097,-12.2271],[-46.6078,-12.2166],[-46.5998,-12.214],[-46.5954,-12.2067],[-46.5955,-12.1931],[-46.5829,-12.1906],[-46.5796,-12.1859],[-46.569,-12.1849],[-46.559,-12.1789],[-46.5608,-12.1718],[-46.5547,-12.1606],[-46.5437,-12.1437],[-46.5354,-12.1374],[-46.5377,-12.1347],[-46.5347,-12.129],[-46.5281,-12.1267],[-46.5275,-12.1216],[-46.5197,-12.1211],[-46.511,-12.113],[-46.501,-12.1114],[-46.4862,-12.0984],[-46.4806,-12.0998],[-46.4649,-12.1029],[-46.459,-12.1121]]]}},{"type":"Feature","properties":{"nome":"Taipas do Tocantins","cod":"1720937","uf":"TO"},"geometry":{"type":"Polygon","coordinates":[[[-47.126,-11.9404],[-47.0777,-11.9607],[-47.0661,-11.9586],[-47.0561,-11.951],[-47.0389,-11.9539],[-47.0208,-11.9428],[-46.9814,-11.9465],[-46.9724,-11.9373],[-46.9617,-11.9371],[-46.9483,-11.9417],[-46.933,-11.9611],[-46.9108,-11.9578],[-46.9056,-11.9608],[-46.8888,-11.9663],[-46.879,-11.981],[-46.8587,-11.9916],[-46.8603,-12.0156],[-46.854,-12.0225],[-46.8412,-12.0763],[-46.841,-12.09],[-46.8482,-12.0989],[-46.8622,-12.0991],[-46.866,-12.1061],[-46.862,-12.1219],[-46.8655,-12.1265],[-46.8646,-12.1363],[-46.8688,-12.1404],[-46.8668,-12.1445],[-46.8694,-12.1455],[-46.8621,-12.1527],[-46.8587,-12.1706],[-46.869,-12.1826],[-46.8784,-12.1865],[-46.881,-12.1949],[-46.8743,-12.1996],[-46.8785,-12.2048],[-46.8736,-12.2094],[-46.8799,-12.2148],[-46.8777,-12.22],[-46.8776,-12.2264],[-46.8809,-12.2256],[-46.8841,-12.2302],[-46.8811,-12.2398],[-46.8896,-12.2474],[-46.8889,-12.2534],[-46.8936,-12.2616],[-46.8977,-12.2629],[-46.8987,-12.2699],[-46.9039,-12.2755],[-46.9099,-12.2757],[-46.9099,-12.28],[-46.9177,-12.2791],[-46.9338,-12.2918],[-46.9362,-12.299],[-46.9453,-12.3038],[-46.9484,-12.3178],[-46.9445,-12.3226],[-46.9611,-12.3561],[-46.9789,-12.367],[-46.9923,-12.3615],[-47.0117,-12.3723],[-47.0315,-12.3668],[-47.0355,-12.3703],[-47.0438,-12.3704],[-47.0591,-12.3615],[-47.0736,-12.36],[-47.0824,-12.3507],[-47.0917,-12.3523],[-47.1036,-12.3614],[-47.1086,-12.3596],[-47.1193,-12.3625],[-47.1195,-12.3482],[-47.1162,-12.3436],[-47.1068,-12.3427],[-47.0886,-12.3082],[-47.0907,-12.3035],[-47.1087,-12.291],[-47.1097,-12.2821],[-47.1127,-12.2757],[-47.1183,-12.2735],[-47.1172,-12.2665],[-47.1216,-12.2645],[-47.1232,-12.259],[-47.1179,-12.2491],[-47.1174,-12.2272],[-47.1101,-12.2182],[-47.1076,-12.203],[-47.1039,-12.2001],[-47.1075,-12.1944],[-47.1105,-12.1915],[-47.109,-12.1857],[-47.1028,-12.1825],[-47.1009,-12.1769],[-47.1046,-12.1636],[-47.098,-12.1559],[-47.0988,-12.1506],[-47.0927,-12.1495],[-47.0921,-12.1413],[-47.0853,-12.1345],[-47.0852,-12.127],[-47.09,-12.1193],[-47.0848,-12.119],[-47.0815,-12.1018],[-47.0751,-12.0976],[-47.071,-12.086],[-47.0762,-12.0766],[-47.1023,-12.0517],[-47.1163,-12.0488],[-47.1188,-12.0393],[-47.1309,-12.0281],[-47.1278,-12.0023],[-47.1297,-11.9957],[-47.139,-11.9874],[-47.1383,-11.9803],[-47.1453,-11.9746],[-47.1444,-11.9692],[-47.1346,-11.9624],[-47.1357,-11.9586],[-47.1323,-11.957],[-47.1356,-11.9514],[-47.126,-11.9404]]]}},{"type":"Feature","properties":{"nome":"Talismã","cod":"1720978","uf":"TO"},"geometry":{"type":"Polygon","coordinates":[[[-48.7488,-12.385],[-48.7208,-12.3934],[-48.7134,-12.3912],[-48.7122,-12.3931],[-48.7109,-12.3981],[-48.7154,-12.4025],[-48.7153,-12.3966],[-48.7211,-12.3978],[-48.7331,-12.4093],[-48.7355,-12.4255],[-48.7457,-12.4215],[-48.7608,-12.4289],[-48.7714,-12.4295],[-48.7831,-12.4377],[-48.787,-12.4515],[-48.7824,-12.4651],[-48.7772,-12.4696],[-48.781,-12.4822],[-48.797,-12.4847],[-48.8003,-12.4906],[-48.8103,-12.4955],[-48.7959,-12.5084],[-48.799,-12.5146],[-48.8062,-12.5177],[-48.8248,-12.5436],[-48.8239,-12.5493],[-48.8101,-12.5436],[-48.8077,-12.5534],[-48.8334,-12.5608],[-48.8415,-12.5532],[-48.8452,-12.5543],[-48.8461,-12.5585],[-48.8408,-12.5673],[-48.8499,-12.5811],[-48.8514,-12.5955],[-48.8408,-12.628],[-48.8337,-12.6391],[-48.8273,-12.6419],[-48.8137,-12.6241],[-48.8083,-12.6234],[-48.8116,-12.6385],[-48.8089,-12.6462],[-48.7872,-12.6559],[-48.7804,-12.6546],[-48.7785,-12.6572],[-48.7895,-12.6684],[-48.7792,-12.6754],[-48.7798,-12.6798],[-48.7899,-12.6819],[-48.7903,-12.686],[-48.7847,-12.6898],[-48.7803,-12.7041],[-48.7779,-12.7107],[-48.7832,-12.7175],[-48.7706,-12.7262],[-48.7748,-12.7317],[-48.7714,-12.7362],[-48.7731,-12.7409],[-48.7876,-12.7405],[-48.793,-12.7358],[-48.8022,-12.7356],[-48.8076,-12.7271],[-48.8066,-12.7219],[-48.8109,-12.7183],[-48.8196,-12.7366],[-48.8297,-12.7368],[-48.8358,-12.7416],[-48.8329,-12.7511],[-48.8203,-12.76],[-48.813,-12.7701],[-48.8124,-12.7795],[-48.8158,-12.7806],[-48.8112,-12.7925],[-48.8166,-12.8001],[-48.8212,-12.8016],[-48.8244,-12.7896],[-48.8392,-12.7899],[-48.8534,-12.7848],[-48.8576,-12.7861],[-48.8694,-12.804],[-48.8736,-12.807],[-48.8681,-12.8155],[-48.8746,-12.8142],[-48.8793,-12.817],[-48.9752,-12.9568],[-48.9798,-12.9478],[-49.0044,-12.9321],[-49.0095,-12.9163],[-49.0204,-12.9116],[-49.0226,-12.9067],[-49.0331,-12.903],[-49.0496,-12.9125],[-49.053,-12.9082],[-49.0773,-12.9037],[-49.0848,-12.894],[-49.0821,-12.8921],[-49.0872,-12.8911],[-49.0874,-12.888],[-49.0805,-12.8835],[-49.0849,-12.8787],[-49.0734,-12.8691],[-49.0701,-12.8592],[-49.0719,-12.8523],[-49.0671,-12.8469],[-49.0826,-12.845],[-49.0963,-12.8356],[-49.1058,-12.8357],[-49.1206,-12.79],[-49.1365,-12.8005],[-49.1407,-12.81],[-49.1455,-12.8196],[-49.1509,-12.8209],[-49.1609,-12.8341],[-49.1927,-12.8567],[-49.1961,-12.8668],[-49.2084,-12.8731],[-49.2106,-12.8779],[-49.2222,-12.8762],[-49.2281,-12.8775],[-49.231,-12.8834],[-49.237,-12.8836],[-49.2432,-12.8797],[-49.248,-12.8706],[-49.2537,-12.8742],[-49.2548,-12.8666],[-49.2516,-12.86],[-49.2557,-12.8501],[-49.2633,-12.8403],[-49.279,-12.8363],[-49.2921,-12.8141],[-49.3155,-12.8153],[-49.3174,-12.8196],[-49.3231,-12.8153],[-49.3213,-12.8039],[-49.336,-12.7951],[-49.3388,-12.7978],[-49.346,-12.7917],[-49.3436,-12.7791],[-49.3473,-12.7679],[-49.352,-12.7674],[-49.3541,-12.757],[-49.3489,-12.7537],[-49.3506,-12.7457],[-49.346,-12.7354],[-49.3504,-12.7259],[-49.3446,-12.7028],[-49.3499,-12.6915],[-49.3418,-12.69],[-49.3394,-12.6732],[-49.3318,-12.6695],[-49.3351,-12.6498],[-49.3304,-12.637],[-49.3325,-12.6335],[-49.3291,-12.6322],[-49.3295,-12.6277],[-49.3364,-12.6251],[-49.3415,-12.6116],[-49.3478,-12.6047],[-49.3479,-12.5867],[-49.3581,-12.5717],[-49.3567,-12.5675],[-49.3604,-12.5616],[-49.3549,-12.5557],[-49.3592,-12.5533],[-49.3561,-12.5451],[-49.3639,-12.537],[-49.3622,-12.5329],[-49.3566,-12.531],[-49.3521,-12.5351],[-49.3482,-12.5317],[-49.3403,-12.5365],[-49.3358,-12.5327],[-49.3289,-12.5401],[-49.323,-12.5362],[-49.3155,-12.5365],[-49.3081,-12.549],[-49.3031,-12.5429],[-49.2867,-12.5419],[-49.2796,-12.5515],[-49.269,-12.5505],[-49.2627,-12.5533],[-49.262,-12.5589],[-49.2546,-12.5673],[-49.2391,-12.5661],[-49.2336,-12.5593],[-49.2257,-12.5605],[-49.2153,-12.5536],[-49.206,-12.5532],[-49.1951,-12.5589],[-49.1586,-12.5544],[-49.1436,-12.5667],[-49.1383,-12.5834],[-49.1149,-12.6058],[-49.1159,-12.6169],[-49.0886,-12.6419],[-49.0769,-12.6378],[-49.0769,-12.6327],[-49.0695,-12.6252],[-49.0525,-12.6173],[-49.0453,-12.5989],[-49.0344,-12.5875],[-49.0298,-12.5728],[-49.0328,-12.5545],[-49.0258,-12.5251],[-49.029,-12.5112],[-49.0257,-12.4972],[-48.9964,-12.4943],[-48.9957,-12.4944],[-48.9903,-12.4974],[-48.9131,-12.477],[-48.8413,-12.4095],[-48.8189,-12.3936],[-48.7976,-12.386],[-48.7488,-12.385]]]}},{"type":"Feature","properties":{"nome":"Palmas","cod":"1721000","uf":"TO"},"geometry":{"type":"Polygon","coordinates":[[[-48.3706,-9.9177],[-48.3357,-9.9332],[-48.3132,-9.9322],[-48.3094,-9.9345],[-48.3088,-9.9414],[-48.299,-9.932],[-48.2888,-9.9277],[-48.2847,-9.9298],[-48.2857,-9.9496],[-48.2822,-9.9568],[-48.2856,-9.9658],[-48.2775,-9.9745],[-48.2622,-9.9821],[-48.2618,-9.9757],[-48.2558,-9.9699],[-48.2306,-9.9617],[-48.2241,-9.9627],[-48.2218,-9.9589],[-48.2156,-9.9754],[-48.209,-9.9777],[-48.2033,-9.9882],[-48.2063,-10.0039],[-48.2007,-10.016],[-48.184,-10.0336],[-48.1744,-10.0377],[-48.1679,-10.0546],[-48.1619,-10.0605],[-48.162,-10.0671],[-48.1703,-10.0838],[-48.1702,-10.1069],[-48.183,-10.1123],[-48.1791,-10.1197],[-48.1777,-10.1224],[-48.1703,-10.1342],[-48.1601,-10.1307],[-48.1495,-10.1342],[-48.1401,-10.1263],[-48.1278,-10.1081],[-48.1093,-10.115],[-48.0905,-10.1172],[-48.0756,-10.1147],[-48.0658,-10.1208],[-48.051,-10.1172],[-48.0473,-10.1201],[-48.0419,-10.1137],[-48.0207,-10.1186],[-48.0128,-10.1235],[-48.0114,-10.1319],[-48.0177,-10.1397],[-48.0192,-10.1474],[-48.0184,-10.1623],[-48.0134,-10.174],[-47.9926,-10.168],[-47.9878,-10.1766],[-47.9796,-10.1712],[-47.9799,-10.1817],[-47.9761,-10.1821],[-47.9704,-10.1731],[-47.9609,-10.1768],[-47.9576,-10.173],[-47.9636,-10.1644],[-47.9609,-10.1618],[-47.9513,-10.166],[-47.9537,-10.1557],[-47.9477,-10.1551],[-47.9465,-10.1588],[-47.9397,-10.16],[-47.9302,-10.151],[-47.9268,-10.1528],[-47.9282,-10.1481],[-47.9139,-10.1437],[-47.9133,-10.1347],[-47.909,-10.1329],[-47.905,-10.1361],[-47.9031,-10.1316],[-47.9024,-10.1367],[-47.8959,-10.1365],[-47.8973,-10.1274],[-47.9004,-10.129],[-47.9046,-10.1233],[-47.8995,-10.1206],[-47.9059,-10.1144],[-47.8987,-10.1124],[-47.9022,-10.1076],[-47.8964,-10.1061],[-47.8906,-10.1111],[-47.8872,-10.1087],[-47.882,-10.1109],[-47.8797,-10.0959],[-47.876,-10.0915],[-47.872,-10.0945],[-47.872,-10.0884],[-47.87,-10.0909],[-47.8547,-10.0778],[-47.8458,-10.0783],[-47.8466,-10.0647],[-47.8315,-10.0536],[-47.8351,-10.0455],[-47.8305,-10.0413],[-47.8343,-10.0389],[-47.8344,-10.0346],[-47.8317,-10.0349],[-47.8347,-10.0322],[-47.8309,-10.0303],[-47.8337,-10.0269],[-47.82,-10.0222],[-47.8192,-10.0192],[-47.817,-10.0356],[-47.8032,-10.0476],[-47.8083,-10.0682],[-47.81,-10.0987],[-47.8001,-10.1227],[-47.7937,-10.166],[-47.7966,-10.1804],[-47.8146,-10.2069],[-47.8131,-10.2186],[-47.8173,-10.2374],[-47.8259,-10.2488],[-47.8299,-10.2624],[-47.8399,-10.2748],[-47.8582,-10.289],[-47.8546,-10.3114],[-47.8709,-10.3059],[-47.8783,-10.3158],[-47.8896,-10.3162],[-47.9059,-10.3085],[-47.9146,-10.3082],[-47.9274,-10.2948],[-47.9392,-10.2987],[-47.9448,-10.31],[-47.9612,-10.3218],[-47.9695,-10.3226],[-47.9841,-10.331],[-47.9878,-10.3386],[-47.995,-10.3428],[-48.0008,-10.3631],[-48.0079,-10.368],[-48.0097,-10.3781],[-48.0213,-10.3895],[-48.031,-10.3948],[-48.0469,-10.389],[-48.065,-10.4375],[-48.0836,-10.4598],[-48.0837,-10.4598],[-48.1401,-10.4577],[-48.1539,-10.4323],[-48.1721,-10.4225],[-48.1771,-10.4087],[-48.1764,-10.3987],[-48.1829,-10.3851],[-48.1899,-10.3784],[-48.1936,-10.3807],[-48.2046,-10.3773],[-48.2101,-10.383],[-48.2204,-10.3827],[-48.223,-10.3838],[-48.2376,-10.3885],[-48.2569,-10.4017],[-48.2641,-10.4111],[-48.2792,-10.4135],[-48.2951,-10.4105],[-48.3054,-10.4166],[-48.3108,-10.4116],[-48.3211,-10.4144],[-48.3397,-10.4088],[-48.3684,-10.4093],[-48.4006,-10.3824],[-48.4083,-10.3586],[-48.4033,-10.3331],[-48.4029,-10.2955],[-48.3959,-10.2763],[-48.384,-10.2567],[-48.3822,-10.2425],[-48.3883,-10.2321],[-48.4115,-10.2247],[-48.4226,-10.2032],[-48.4212,-10.1916],[-48.416,-10.1722],[-48.3925,-10.111],[-48.3846,-10.0814],[-48.3793,-10.0725],[-48.3678,-10.0632],[-48.3472,-10.0547],[-48.3468,-10.0467],[-48.3358,-10.0349],[-48.3341,-10.0214],[-48.3389,-9.9988],[-48.3509,-9.973],[-48.3678,-9.9572],[-48.3739,-9.9442],[-48.3706,-9.9177]]]}},{"type":"Feature","properties":{"nome":"Tocantínia","cod":"1721109","uf":"TO"},"geometry":{"type":"Polygon","coordinates":[[[-48.3347,-9.3048],[-48.3244,-9.3088],[-48.3222,-9.305],[-48.3161,-9.3043],[-48.3058,-9.3092],[-48.2992,-9.324],[-48.2876,-9.3238],[-48.2907,-9.3308],[-48.2851,-9.3302],[-48.2786,-9.3403],[-48.2727,-9.3437],[-48.2668,-9.3432],[-48.2624,-9.3357],[-48.2581,-9.3365],[-48.2573,-9.3283],[-48.2479,-9.3238],[-48.2414,-9.3266],[-48.2354,-9.3291],[-48.2324,-9.3262],[-48.2267,-9.3274],[-48.2227,-9.3342],[-48.2179,-9.3325],[-48.2168,-9.3441],[-48.2059,-9.3506],[-48.2053,-9.362],[-48.1995,-9.3802],[-48.1963,-9.3818],[-48.1918,-9.4024],[-48.1942,-9.4206],[-48.1878,-9.4366],[-48.1691,-9.4437],[-48.1631,-9.4518],[-48.1572,-9.4489],[-48.1105,-9.4365],[-48.0947,-9.4225],[-48.0789,-9.4187],[-48.074,-9.4052],[-48.0777,-9.3958],[-48.078,-9.3763],[-48.0652,-9.3895],[-48.0365,-9.3959],[-47.9985,-9.3863],[-47.9866,-9.3711],[-47.9878,-9.3579],[-47.9849,-9.3493],[-47.9659,-9.3359],[-47.9628,-9.3296],[-47.9541,-9.3281],[-47.936,-9.3051],[-47.9249,-9.3173],[-47.9096,-9.3226],[-47.9047,-9.3397],[-47.8987,-9.355],[-47.8972,-9.3609],[-47.8972,-9.373],[-47.8995,-9.3996],[-47.9176,-9.4542],[-47.929,-9.4787],[-47.9267,-9.5038],[-47.9247,-9.5167],[-47.9361,-9.5384],[-47.9344,-9.5451],[-47.9233,-9.5583],[-47.9254,-9.5803],[-47.922,-9.5895],[-47.911,-9.6076],[-47.9194,-9.6245],[-47.9143,-9.646],[-47.9123,-9.6486],[-47.9078,-9.6567],[-47.9022,-9.7174],[-47.8963,-9.7429],[-47.895,-9.7715],[-47.9004,-9.7718],[-47.9051,-9.7789],[-47.917,-9.7829],[-47.9324,-9.7979],[-47.9465,-9.7991],[-47.9551,-9.7949],[-48.101,-9.8913],[-48.101,-9.9071],[-48.1316,-9.9318],[-48.1492,-9.9356],[-48.1582,-9.942],[-48.1583,-9.9395],[-48.1694,-9.9393],[-48.1826,-9.9322],[-48.2099,-9.9395],[-48.2258,-9.9489],[-48.1853,-9.9058],[-48.1968,-9.8953],[-48.204,-9.8831],[-48.2084,-9.8833],[-48.2206,-9.8712],[-48.2304,-9.8684],[-48.2323,-9.865],[-48.2353,-9.8544],[-48.2482,-9.8434],[-48.2436,-9.8427],[-48.2387,-9.8363],[-48.2525,-9.7734],[-48.2509,-9.755],[-48.2593,-9.7429],[-48.2717,-9.7413],[-48.2722,-9.738],[-48.2762,-9.7379],[-48.2772,-9.7319],[-48.2824,-9.7398],[-48.2857,-9.7376],[-48.2974,-9.7505],[-48.3199,-9.7348],[-48.3354,-9.7292],[-48.3426,-9.7079],[-48.3652,-9.6951],[-48.3722,-9.6749],[-48.3796,-9.6707],[-48.3965,-9.6454],[-48.3978,-9.6433],[-48.4042,-9.62],[-48.4016,-9.6042],[-48.3959,-9.5936],[-48.3882,-9.5805],[-48.3795,-9.5618],[-48.3735,-9.5313],[-48.3693,-9.4963],[-48.3766,-9.4372],[-48.3569,-9.3915],[-48.3663,-9.3578],[-48.3667,-9.3426],[-48.3528,-9.2991],[-48.3479,-9.2867],[-48.3369,-9.2982],[-48.3347,-9.3048]]]}},{"type":"Feature","properties":{"nome":"Tocantinópolis","cod":"1721208","uf":"TO"},"geometry":{"type":"Polygon","coordinates":[[[-47.4276,-6.0388],[-47.4298,-6.068],[-47.4341,-6.0927],[-47.4327,-6.1117],[-47.4228,-6.1598],[-47.3942,-6.2189],[-47.3849,-6.23],[-47.3803,-6.2496],[-47.3768,-6.2664],[-47.403,-6.3196],[-47.4036,-6.3205],[-47.4104,-6.3344],[-47.4114,-6.3442],[-47.4106,-6.3541],[-47.4093,-6.366],[-47.4118,-6.3761],[-47.4195,-6.4012],[-47.4315,-6.4251],[-47.4391,-6.4268],[-47.4557,-6.4474],[-47.4657,-6.4514],[-47.4944,-6.4345],[-47.5268,-6.4299],[-47.5421,-6.4369],[-47.5761,-6.4143],[-47.5673,-6.4093],[-47.5686,-6.4055],[-47.5587,-6.4069],[-47.5583,-6.4047],[-47.5802,-6.3902],[-47.5925,-6.3912],[-47.6061,-6.3785],[-47.6228,-6.3814],[-47.641,-6.39],[-47.6475,-6.3803],[-47.6488,-6.3656],[-47.661,-6.3451],[-47.6781,-6.3322],[-47.6802,-6.3247],[-47.6863,-6.3186],[-47.6867,-6.3089],[-47.7173,-6.2991],[-47.7232,-6.2818],[-47.7245,-6.1839],[-47.7211,-6.1825],[-47.7057,-6.1783],[-47.6963,-6.1633],[-47.6868,-6.1599],[-47.6566,-6.1701],[-47.641,-6.1605],[-47.6381,-6.1554],[-47.6245,-6.1545],[-47.6021,-6.1394],[-47.5609,-6.1288],[-47.5338,-6.1045],[-47.5275,-6.0896],[-47.5157,-6.0783],[-47.5046,-6.0764],[-47.503,-6.0693],[-47.5028,-6.0692],[-47.4967,-6.0678],[-47.492,-6.0584],[-47.4759,-6.0597],[-47.4658,-6.054],[-47.4485,-6.0363],[-47.4476,-6.0257],[-47.4404,-6.0155],[-47.4383,-6.0124],[-47.4276,-6.0388]]]}},{"type":"Feature","properties":{"nome":"Tupirama","cod":"1721257","uf":"TO"},"geometry":{"type":"Polygon","coordinates":[[[-48.1138,-8.7597],[-48.1097,-8.7732],[-48.1147,-8.799],[-48.1245,-8.8212],[-48.1407,-8.8396],[-48.1669,-8.8925],[-48.1725,-8.9072],[-48.1723,-8.9336],[-48.1785,-8.9563],[-48.1802,-8.9708],[-48.1802,-8.9712],[-48.1802,-8.9949],[-48.1885,-9.0258],[-48.1973,-9.0383],[-48.2236,-9.0595],[-48.2453,-9.0847],[-48.2527,-9.0968],[-48.2776,-9.1227],[-48.2825,-9.1357],[-48.2934,-9.1327],[-48.2986,-9.1401],[-48.3067,-9.1276],[-48.3301,-9.1297],[-48.3395,-9.1157],[-48.3468,-9.1186],[-48.35,-9.1102],[-48.3449,-9.1092],[-48.3452,-9.0997],[-48.3479,-9.1014],[-48.3504,-9.0976],[-48.3468,-9.0955],[-48.3538,-9.0869],[-48.3511,-9.0816],[-48.3556,-9.0748],[-48.3644,-9.0766],[-48.3672,-9.0744],[-48.3735,-9.0664],[-48.3595,-9.0221],[-48.3647,-8.9759],[-48.3807,-8.9722],[-48.3953,-8.9747],[-48.3931,-8.9427],[-48.3764,-8.9262],[-48.3553,-8.9192],[-48.3408,-8.9059],[-48.3389,-8.8953],[-48.327,-8.8774],[-48.3245,-8.8667],[-48.3165,-8.8612],[-48.317,-8.8423],[-48.3131,-8.8413],[-48.3087,-8.8324],[-48.303,-8.8204],[-48.3047,-8.8173],[-48.3004,-8.8102],[-48.2954,-8.8096],[-48.2991,-8.8051],[-48.2937,-8.8012],[-48.2901,-8.7953],[-48.2872,-8.7978],[-48.2865,-8.7938],[-48.2744,-8.7864],[-48.2779,-8.783],[-48.2746,-8.7782],[-48.2615,-8.7719],[-48.2577,-8.7742],[-48.2547,-8.7721],[-48.2537,-8.7767],[-48.2502,-8.7766],[-48.239,-8.7824],[-48.2329,-8.7768],[-48.2275,-8.7805],[-48.2226,-8.7742],[-48.2066,-8.7812],[-48.1972,-8.7716],[-48.1905,-8.7698],[-48.1842,-8.774],[-48.1805,-8.7705],[-48.1816,-8.7678],[-48.1758,-8.7725],[-48.17,-8.772],[-48.167,-8.7777],[-48.1621,-8.7745],[-48.1613,-8.7816],[-48.1452,-8.785],[-48.1334,-8.7683],[-48.1307,-8.769],[-48.1368,-8.7575],[-48.1312,-8.7554],[-48.1298,-8.744],[-48.1266,-8.741],[-48.1138,-8.7597]]]}},{"type":"Feature","properties":{"nome":"Tupiratins","cod":"1721307","uf":"TO"},"geometry":{"type":"Polygon","coordinates":[[[-48.2294,-8.1289],[-48.2164,-8.1413],[-48.2043,-8.1471],[-48.1956,-8.1545],[-48.1901,-8.1511],[-48.1898,-8.1618],[-48.1851,-8.1645],[-48.1664,-8.1633],[-48.1651,-8.1563],[-48.1536,-8.1549],[-48.1605,-8.1742],[-48.1615,-8.1957],[-48.1433,-8.2338],[-48.1321,-8.2873],[-48.1328,-8.3107],[-48.1269,-8.3665],[-48.1151,-8.3855],[-48.104,-8.3953],[-48.0824,-8.4161],[-48.0811,-8.4483],[-48.0822,-8.4568],[-48.0962,-8.5116],[-48.1078,-8.524],[-48.1297,-8.5272],[-48.1325,-8.5445],[-48.1476,-8.5671],[-48.1466,-8.5709],[-48.1521,-8.5726],[-48.1546,-8.5831],[-48.164,-8.5867],[-48.1711,-8.5818],[-48.1734,-8.5853],[-48.1801,-8.5844],[-48.1828,-8.5774],[-48.1883,-8.5787],[-48.1868,-8.5704],[-48.1957,-8.5738],[-48.1996,-8.5602],[-48.213,-8.5596],[-48.2129,-8.5516],[-48.2169,-8.5461],[-48.2214,-8.5499],[-48.2272,-8.5482],[-48.233,-8.5488],[-48.2354,-8.5553],[-48.2409,-8.5522],[-48.2472,-8.5552],[-48.2536,-8.5503],[-48.2696,-8.5518],[-48.2783,-8.542],[-48.2767,-8.5384],[-48.2799,-8.5363],[-48.2803,-8.5287],[-48.285,-8.5286],[-48.2894,-8.5211],[-48.2928,-8.5229],[-48.2981,-8.5153],[-48.2925,-8.4961],[-48.2766,-8.4749],[-48.2768,-8.4709],[-48.2911,-8.4599],[-48.2955,-8.4572],[-48.2954,-8.4293],[-48.2726,-8.3978],[-48.2699,-8.3725],[-48.2664,-8.3675],[-48.271,-8.3397],[-48.2731,-8.3419],[-48.2738,-8.3351],[-48.2821,-8.3369],[-48.2835,-8.3334],[-48.289,-8.3323],[-48.2886,-8.3264],[-48.3201,-8.2812],[-48.328,-8.2748],[-48.3338,-8.2745],[-48.3405,-8.267],[-48.3516,-8.2654],[-48.3548,-8.254],[-48.3333,-8.2386],[-48.3138,-8.1695],[-48.3036,-8.1564],[-48.3029,-8.1503],[-48.2966,-8.145],[-48.2854,-8.1366],[-48.2786,-8.1414],[-48.2783,-8.1377],[-48.2719,-8.1395],[-48.2714,-8.1351],[-48.2682,-8.1345],[-48.265,-8.1392],[-48.2597,-8.1352],[-48.2543,-8.1368],[-48.2456,-8.1287],[-48.2394,-8.1299],[-48.2379,-8.1239],[-48.2296,-8.1246],[-48.2294,-8.1289]]]}},{"type":"Feature","properties":{"nome":"Wanderlândia","cod":"1722081","uf":"TO"},"geometry":{"type":"Polygon","coordinates":[[[-48.1143,-6.6382],[-48.1143,-6.6478],[-48.1097,-6.6475],[-48.107,-6.6527],[-48.0916,-6.6588],[-48.0878,-6.6561],[-48.082,-6.6596],[-48.07,-6.6585],[-48.0615,-6.6618],[-48.0621,-6.6689],[-48.0508,-6.6739],[-48.0395,-6.6896],[-48.0178,-6.6908],[-48.0155,-6.7027],[-48.0067,-6.7059],[-48.0011,-6.7034],[-47.9954,-6.7066],[-47.9946,-6.7107],[-47.9808,-6.7135],[-47.9832,-6.7268],[-47.9714,-6.7388],[-47.968,-6.7383],[-47.9673,-6.7336],[-47.9607,-6.7363],[-47.9463,-6.7524],[-47.9455,-6.7601],[-47.9432,-6.7566],[-47.9377,-6.7596],[-47.9304,-6.7584],[-47.9161,-6.7702],[-47.912,-6.7776],[-47.8999,-6.7811],[-47.8981,-6.7914],[-47.905,-6.8049],[-47.8965,-6.8183],[-47.8832,-6.829],[-47.8772,-6.8639],[-47.8664,-6.8629],[-47.8578,-6.8686],[-47.8554,-6.8803],[-47.8466,-6.8934],[-47.8361,-6.8953],[-47.8185,-6.9064],[-47.8136,-6.9035],[-47.7928,-6.9086],[-47.7662,-6.9006],[-47.7555,-6.9054],[-47.7341,-6.9833],[-47.8693,-7.0278],[-47.8695,-7.0278],[-48.022,-7.0812],[-48.0871,-7.1053],[-48.1345,-7.1228],[-48.1744,-7.1376],[-48.1969,-7.1459],[-48.1827,-7.1263],[-48.1929,-7.1069],[-48.1898,-7.0809],[-48.1955,-7.0759],[-48.1966,-7.0664],[-48.1888,-7.0555],[-48.1939,-7.0446],[-48.1827,-7.0147],[-48.1721,-7.015],[-48.1559,-7.0248],[-48.1294,-7.0319],[-48.1292,-6.8116],[-48.1291,-6.7826],[-48.1288,-6.6229],[-48.1251,-6.6348],[-48.1143,-6.6382]]]}},{"type":"Feature","properties":{"nome":"Xambioá","cod":"1722107","uf":"TO"},"geometry":{"type":"Polygon","coordinates":[[[-48.3351,-6.3761],[-48.3422,-6.3836],[-48.3403,-6.3922],[-48.3391,-6.3957],[-48.3291,-6.3914],[-48.3294,-6.3965],[-48.3251,-6.3962],[-48.322,-6.4019],[-48.3245,-6.4014],[-48.324,-6.4053],[-48.3213,-6.4036],[-48.3201,-6.4073],[-48.315,-6.4076],[-48.3124,-6.4024],[-48.3111,-6.4047],[-48.3075,-6.402],[-48.3075,-6.4047],[-48.305,-6.4022],[-48.3004,-6.412],[-48.3014,-6.4197],[-48.2894,-6.4287],[-48.2931,-6.432],[-48.2898,-6.4341],[-48.2939,-6.4346],[-48.2946,-6.4463],[-48.2871,-6.4495],[-48.2811,-6.4561],[-48.2756,-6.4592],[-48.2734,-6.4665],[-48.2809,-6.4808],[-48.2842,-6.4847],[-48.2808,-6.4874],[-48.2776,-6.4918],[-48.2806,-6.5073],[-48.2932,-6.5111],[-48.2907,-6.5203],[-48.3131,-6.5647],[-48.3143,-6.5737],[-48.3203,-6.57],[-48.328,-6.5769],[-48.3415,-6.5763],[-48.3464,-6.5827],[-48.3626,-6.58],[-48.3727,-6.5874],[-48.3709,-6.6014],[-48.3733,-6.6265],[-48.3841,-6.6361],[-48.3867,-6.6459],[-48.3693,-6.7882],[-48.3652,-6.7937],[-48.3656,-6.8018],[-48.3584,-6.811],[-48.3632,-6.8234],[-48.3713,-6.8287],[-48.3867,-6.851],[-48.4011,-6.8396],[-48.4057,-6.8424],[-48.4157,-6.8411],[-48.4159,-6.8334],[-48.4225,-6.8273],[-48.4252,-6.8294],[-48.4233,-6.8358],[-48.4268,-6.8378],[-48.4416,-6.8236],[-48.4414,-6.8189],[-48.4483,-6.8098],[-48.456,-6.8129],[-48.4561,-6.8198],[-48.4632,-6.8232],[-48.4652,-6.806],[-48.4595,-6.8059],[-48.4587,-6.785],[-48.4698,-6.7693],[-48.4638,-6.7704],[-48.4715,-6.763],[-48.4654,-6.7608],[-48.4741,-6.7578],[-48.4794,-6.7504],[-48.4763,-6.7485],[-48.4711,-6.7529],[-48.4657,-6.7511],[-48.4608,-6.7385],[-48.466,-6.7325],[-48.4558,-6.7267],[-48.4581,-6.7199],[-48.4561,-6.7148],[-48.4495,-6.7121],[-48.4547,-6.7105],[-48.4584,-6.7046],[-48.4564,-6.6931],[-48.4597,-6.686],[-48.464,-6.6847],[-48.4627,-6.6714],[-48.4661,-6.6706],[-48.4672,-6.6755],[-48.4756,-6.6623],[-48.4872,-6.6613],[-48.4919,-6.6522],[-48.4995,-6.6575],[-48.5006,-6.6666],[-48.5076,-6.6649],[-48.5147,-6.668],[-48.5245,-6.665],[-48.5249,-6.6596],[-48.5406,-6.6528],[-48.5469,-6.6432],[-48.5575,-6.6369],[-48.5725,-6.6371],[-48.5703,-6.6258],[-48.5856,-6.6264],[-48.5886,-6.6153],[-48.5864,-6.6073],[-48.5937,-6.602],[-48.5916,-6.595],[-48.6014,-6.5985],[-48.6006,-6.5885],[-48.6053,-6.5824],[-48.6357,-6.5813],[-48.6354,-6.5749],[-48.6328,-6.5699],[-48.6261,-6.5689],[-48.627,-6.5593],[-48.6325,-6.559],[-48.634,-6.5665],[-48.6407,-6.5563],[-48.638,-6.5479],[-48.6344,-6.5506],[-48.6294,-6.5463],[-48.6329,-6.5327],[-48.6256,-6.4926],[-48.6314,-6.4875],[-48.6256,-6.4781],[-48.6127,-6.4533],[-48.5699,-6.4204],[-48.5646,-6.4147],[-48.5485,-6.4065],[-48.5304,-6.3893],[-48.5108,-6.3565],[-48.4998,-6.3505],[-48.4473,-6.3508],[-48.4239,-6.3566],[-48.386,-6.3798],[-48.3809,-6.3752],[-48.3749,-6.3464],[-48.3578,-6.3559],[-48.3458,-6.3567],[-48.3351,-6.3761]]]}}]}