{"type":"FeatureCollection","metadata":{"camada":"feiras","fonte":"GeoSampa (Prefeitura de São Paulo)","camada_fonte":"geoportal:equipamento_feira_livre","atualizado_em":"2026-10-06","total":975},"features":[{"type":"Feature","geometry":{"type":"Point","coordinates":[-46.63521,-23.568385]},"properties":{"nome":"Feira Aclimacao","endereco":"Rua Loureiro da Cruz C/ Urano,1","dia":"Sabado","id_fonte":"equipamento_feira_livre.20763","id":"feiras-20763"}},{"type":"Feature","geometry":{"type":"Point","coordinates":[-46.633197,-23.578715]},"properties":{"nome":"Feira Aclimacao","endereco":"Rua Guimaraes Passos,304","dia":"Terca-Feira","id_fonte":"equipamento_feira_livre.20813","id":"feiras-20813"}},{"type":"Feature","geometry":{"type":"Point","coordinates":[-46.628721,-23.578584]},"properties":{"nome":"Feira Aclimacao","endereco":"Rua Eng Luiz Gomes C Sangirardi,640","dia":"Sexta-Feira","id_fonte":"equipamento_feira_livre.20815","id":"feiras-20815"}},{"type":"Feature","geometry":{"type":"Point","coordinates":[-46.488894,-23.508267]},"properties":{"nome":"Feira Agenor de Barros","endereco":"Rua Rafael Frederico,70","dia":"Sabado","id_fonte":"equipamento_feira_livre.20201","id":"feiras-20201"}},{"type":"Feature","geometry":{"type":"Point","coordinates":[-46.616728,-23.542774]},"properties":{"nome":"Feira Agente Cicero","endereco":"Rua Inacio Preto de Morais,1","dia":"Terca-Feira","id_fonte":"equipamento_feira_livre.20493","id":"feiras-20493"}},{"type":"Feature","geometry":{"type":"Point","coordinates":[-46.69431,-23.53241]},"properties":{"nome":"Feira Agua Branca","endereco":"Rua Silveira Rodrigues C/ Mario,35","dia":"Quinta-Feira","id_fonte":"equipamento_feira_livre.20749","id":"feiras-20749"}},{"type":"Feature","geometry":{"type":"Point","coordinates":[-46.621266,-23.482875]},"properties":{"nome":"Feira Agua Fria","endereco":"Rua Aureliano Leal C Guatiaia,300","dia":"Terca-Feira","id_fonte":"equipamento_feira_livre.20244","id":"feiras-20244"}},{"type":"Feature","geometry":{"type":"Point","coordinates":[-46.624062,-23.631311]},"properties":{"nome":"Feira Agua Funda","endereco":"Rua Mario Schiopa,200","dia":"Terca-Feira","id_fonte":"equipamento_feira_livre.20780","id":"feiras-20780"}},{"type":"Feature","geometry":{"type":"Point","coordinates":[-46.588736,-23.557592]},"properties":{"nome":"Feira Agua Rasa","endereco":"Rua Decio Abramo,500","dia":"Terca-Feira","id_fonte":"equipamento_feira_livre.20027","id":"feiras-20027"}},{"type":"Feature","geometry":{"type":"Point","coordinates":[-46.517666,-23.573522]},"properties":{"nome":"Feira Aguiar da Beira","endereco":"Rua Antonio Caldeira,125","dia":"Sabado","id_fonte":"equipamento_feira_livre.20473","id":"feiras-20473"}},{"type":"Feature","geometry":{"type":"Point","coordinates":[-46.623966,-23.551189]},"properties":{"nome":"Feira Alcantara Machado","endereco":"Rua Dom Bosco,100","dia":"Sexta-Feira","id_fonte":"equipamento_feira_livre.20496","id":"feiras-20496"}},{"type":"Feature","geometry":{"type":"Point","coordinates":[-46.649732,-23.574414]},"properties":{"nome":"Feira Alcino Braga","endereco":"Rua Alcino Braga C/ Sampaio Viana,219","dia":"Sexta-Feira","id_fonte":"equipamento_feira_livre.20821","id":"feiras-20821"}},{"type":"Feature","geometry":{"type":"Point","coordinates":[-46.552774,-23.539409]},"properties":{"nome":"Feira Alferes Frazao","endereco":"Rua Diamante Preto,250","dia":"Quarta-Feira","id_fonte":"equipamento_feira_livre.20582","id":"feiras-20582"}},{"type":"Feature","geometry":{"type":"Point","coordinates":[-46.645109,-23.610148]},"properties":{"nome":"Feira Altino Arantes","endereco":"Rua Jose Maria Witaker,1780","dia":"Sexta-Feira","id_fonte":"equipamento_feira_livre.20776","id":"feiras-20776"}},{"type":"Feature","geometry":{"type":"Point","coordinates":[-46.709211,-23.520266]},"properties":{"nome":"Feira Alto da Lapa","endereco":"Rua Dom Joao V C Sacadura Cabral,85","dia":"Quinta-Feira","id_fonte":"equipamento_feira_livre.20755","id":"feiras-20755"}},{"type":"Feature","geometry":{"type":"Point","coordinates":[-46.742641,-23.690758]},"properties":{"nome":"Feira Alto da Rivieira","endereco":"Rua Mons Joao Pedro Fusenig,166","dia":"Terca-Feira","id_fonte":"equipamento_feira_livre.20897","id":"feiras-20897"}},{"type":"Feature","geometry":{"type":"Point","coordinates":[-46.673111,-23.539462]},"properties":{"nome":"Feira Alto das Perdizes","endereco":"Rua Min Godoy,1261","dia":"Terca-Feira","id_fonte":"equipamento_feira_livre.20157","id":"feiras-20157"}},{"type":"Feature","geometry":{"type":"Point","coordinates":[-46.578377,-23.504183]},"properties":{"nome":"Feira Alto de Vila Maria","endereco":"Rua Kaneda,300","dia":"Domingo","id_fonte":"equipamento_feira_livre.20390","id":"feiras-20390"}},{"type":"Feature","geometry":{"type":"Point","coordinates":[-46.688382,-23.532629]},"properties":{"nome":"Feira Alto de Vila Pompeia","endereco":"Rua Tavares Bastos,901","dia":"Quarta-Feira","id_fonte":"equipamento_feira_livre.20153","id":"feiras-20153"}},{"type":"Feature","geometry":{"type":"Point","coordinates":[-46.690934,-23.536734]},"properties":{"nome":"Feira Alto de Vila Pompeia","endereco":"Rua Barao do Bananal C Coari,1000","dia":"Sabado","id_fonte":"equipamento_feira_livre.20154","id":"feiras-20154"}},{"type":"Feature","geometry":{"type":"Point","coordinates":[-46.633851,-23.474766]},"properties":{"nome":"Feira Alto do Mandaqui","endereco":"Rua Alvaro Gomes,100","dia":"Quinta-Feira","id_fonte":"equipamento_feira_livre.20021","id":"feiras-20021"}},{"type":"Feature","geometry":{"type":"Point","coordinates":[-46.699874,-23.566013]},"properties":{"nome":"Feira Amaro Cavalheiro","endereco":"Rua Eugenio de Medeiros,200","dia":"Quinta-Feira","id_fonte":"equipamento_feira_livre.20168","id":"feiras-20168"}},{"type":"Feature","geometry":{"type":"Point","coordinates":[-46.528085,-23.601081]},"properties":{"nome":"Feira Amazonia","endereco":"Rua Nubia,50","dia":"Sexta-Feira","id_fonte":"equipamento_feira_livre.20067","id":"feiras-20067"}},{"type":"Feature","geometry":{"type":"Point","coordinates":[-46.644444,-23.579089]},"properties":{"nome":"Feira Ambrosina","endereco":"Rua Eca de Queiroz,276","dia":"Quarta-Feira","id_fonte":"equipamento_feira_livre.20817","id":"feiras-20817"}},{"type":"Feature","geometry":{"type":"Point","coordinates":[-46.642391,-23.660584]},"properties":{"nome":"Feira Americanopolis","endereco":"Rua Deodoro de Campos,100","dia":"Sexta-Feira","id_fonte":"equipamento_feira_livre.20121","id":"feiras-20121"}},{"type":"Feature","geometry":{"type":"Point","coordinates":[-46.634934,-23.556415]},"properties":{"nome":"Feira Americo de Campos","endereco":"Rua Americo de Campos,100","dia":"Terca-Feira","id_fonte":"equipamento_feira_livre.20765","id":"feiras-20765"}},{"type":"Feature","geometry":{"type":"Point","coordinates":[-46.527099,-23.609457]},"properties":{"nome":"Feira Ana Clara","endereco":"Rua Pascoal Ranieri Mazili,650","dia":"Quarta-Feira","id_fonte":"equipamento_feira_livre.20062","id":"feiras-20062"}},{"type":"Feature","geometry":{"type":"Point","coordinates":[-46.737314,-23.489092]},"properties":{"nome":"Feira Anastacio","endereco":"Av do Anastacio,2148","dia":"Domingo","id_fonte":"equipamento_feira_livre.20270","id":"feiras-20270"}},{"type":"Feature","geometry":{"type":"Point","coordinates":[-46.738436,-23.616531]},"properties":{"nome":"Feira Anatole de Baudot","endereco":"Rua Anatole de Baudot,200","dia":"Sabado","id_fonte":"equipamento_feira_livre.20334","id":"feiras-20334"}},{"type":"Feature","geometry":{"type":"Point","coordinates":[-46.503097,-23.552305]},"properties":{"nome":"Feira Anchieta","endereco":"Rua Palmeira Laca,15","dia":"Domingo","id_fonte":"equipamento_feira_livre.20614","id":"feiras-20614"}},{"type":"Feature","geometry":{"type":"Point","coordinates":[-46.638561,-23.537721]},"properties":{"nome":"Feira Andradas","endereco":"Rua dos Andradas,335","dia":"Quinta-Feira","id_fonte":"equipamento_feira_livre.20203","id":"feiras-20203"}},{"type":"Feature","geometry":{"type":"Point","coordinates":[-46.617905,-23.578864]},"properties":{"nome":"Feira Andre Botelho","endereco":"Rua Mariz e Barros,316","dia":"Sexta-Feira","id_fonte":"equipamento_feira_livre.20812","id":"feiras-20812"}},{"type":"Feature","geometry":{"type":"Point","coordinates":[-46.659307,-23.550557]},"properties":{"nome":"Feira Angelica","endereco":"Rua Mato Grosso C/ Para,100","dia":"Sexta-Feira","id_fonte":"equipamento_feira_livre.20640","id":"feiras-20640"}},{"type":"Feature","geometry":{"type":"Point","coordinates":[-46.640291,-23.552832]},"properties":{"nome":"Feira Anhangabau","endereco":"Rua Santo Amaro,100","dia":"Domingo","id_fonte":"equipamento_feira_livre.20206","id":"feiras-20206"}},{"type":"Feature","geometry":{"type":"Point","coordinates":[-46.716319,-23.45426]},"properties":{"nome":"Feira Anhembi","endereco":"Rua Colonial do Irai,250","dia":"Quinta-Feira","id_fonte":"equipamento_feira_livre.20178","id":"feiras-20178"}},{"type":"Feature","geometry":{"type":"Point","coordinates":[-46.753225,-23.405243]},"properties":{"nome":"Feira Antonio Bartolomeu","endereco":"Rua Antonio Bartolomeu","dia":"Terca-Feira","id_fonte":"equipamento_feira_livre.20966","id":"feiras-20966"}},{"type":"Feature","geometry":{"type":"Point","coordinates":[-46.397024,-23.500447]},"properties":{"nome":"Feira Antonio Eneas Matias","endereco":"Pç Antonio Eneas Matias","dia":"Terca-Feira","id_fonte":"equipamento_feira_livre.20975","id":"feiras-20975"}},{"type":"Feature","geometry":{"type":"Point","coordinates":[-46.728139,-23.632216]},"properties":{"nome":"Feira Antonio da Costa Barbosa","endereco":"Rua Antonio da Costa Barbosa,89","dia":"Domingo","id_fonte":"equipamento_feira_livre.20338","id":"feiras-20338"}},{"type":"Feature","geometry":{"type":"Point","coordinates":[-46.566554,-23.53974]},"properties":{"nome":"Feira Antonio de Barros","endereco":"Rua Platina,10","dia":"Quinta-Feira","id_fonte":"equipamento_feira_livre.20331","id":"feiras-20331"}},{"type":"Feature","geometry":{"type":"Point","coordinates":[-46.646056,-23.644599]},"properties":{"nome":"Feira Apace","endereco":"Rua Apace,110","dia":"Sabado","id_fonte":"equipamento_feira_livre.20117","id":"feiras-20117"}},{"type":"Feature","geometry":{"type":"Point","coordinates":[-46.680638,-23.519242]},"properties":{"nome":"Feira Arnaldo Jose Pacifico","endereco":"Rua Pablo Picasso,1","dia":"Quinta-Feira","id_fonte":"equipamento_feira_livre.20478","id":"feiras-20478"}},{"type":"Feature","geometry":{"type":"Point","coordinates":[-46.680638,-23.519242]},"properties":{"nome":"Feira Arnaldo Jose Pacifico","endereco":"Rua Pablo Picasso,1","dia":"Sabado","id_fonte":"equipamento_feira_livre.20479","id":"feiras-20479"}},{"type":"Feature","geometry":{"type":"Point","coordinates":[-46.488454,-23.539346]},"properties":{"nome":"Feira Artur Alvim","endereco":"Rua Benedito Leal,398","dia":"Domingo","id_fonte":"equipamento_feira_livre.20884","id":"feiras-20884"}},{"type":"Feature","geometry":{"type":"Point","coordinates":[-46.528272,-23.530829]},"properties":{"nome":"Feira Atuai","endereco":"Rua Atuai,1026","dia":"Domingo","id_fonte":"equipamento_feira_livre.20141","id":"feiras-20141"}},{"type":"Feature","geometry":{"type":"Point","coordinates":[-46.594682,-23.594625]},"properties":{"nome":"Feira Auri Verde","endereco":"Rua Campante,1000","dia":"Quinta-Feira","id_fonte":"equipamento_feira_livre.20793","id":"feiras-20793"}},{"type":"Feature","geometry":{"type":"Point","coordinates":[-46.776398,-23.575381]},"properties":{"nome":"Feira Auriflama","endereco":"Rua Dr Virgilio Alvin Franco,10","dia":"Sabado","id_fonte":"equipamento_feira_livre.20207","id":"feiras-20207"}},{"type":"Feature","geometry":{"type":"Point","coordinates":[-46.599395,-23.477997]},"properties":{"nome":"Feira Av Sao Paulo","endereco":"Av Maestro Villa Lobos,384","dia":"Sexta-Feira","id_fonte":"equipamento_feira_livre.20835","id":"feiras-20835"}},{"type":"Feature","geometry":{"type":"Point","coordinates":[-46.688809,-23.721445]},"properties":{"nome":"Feira Av das Jaboticabeiras","endereco":"Es do Capoeirao,8","dia":"Domingo","id_fonte":"equipamento_feira_livre.20606","id":"feiras-20606"}},{"type":"Feature","geometry":{"type":"Point","coordinates":[-46.493743,-23.520095]},"properties":{"nome":"Feira Azevedo","endereco":"Rua Hermenegildo Gois Parente,110","dia":"Quinta-Feira","id_fonte":"equipamento_feira_livre.20196","id":"feiras-20196"}},{"type":"Feature","geometry":{"type":"Point","coordinates":[-46.668189,-23.503731]},"properties":{"nome":"Feira Bairro do Limao","endereco":"Rua Madalena Madureira,54","dia":"Quinta-Feira","id_fonte":"equipamento_feira_livre.20930","id":"feiras-20930"}},{"type":"Feature","geometry":{"type":"Point","coordinates":[-46.706916,-23.740116]},"properties":{"nome":"Feira Bandeirantes","endereco":"Pç Jose Schunch,529","dia":"Quarta-Feira","id_fonte":"equipamento_feira_livre.20607","id":"feiras-20607"}},{"type":"Feature","geometry":{"type":"Point","coordinates":[-46.441154,-23.503792]},"properties":{"nome":"Feira Baquirivu","endereco":"Rua Helio Vessoni,100","dia":"Sexta-Feira","id_fonte":"equipamento_feira_livre.20311","id":"feiras-20311"}},{"type":"Feature","geometry":{"type":"Point","coordinates":[-46.714721,-23.769771]},"properties":{"nome":"Feira Barro Branco","endereco":"Rua Mario Wilches,10","dia":"Quinta-Feira","id_fonte":"equipamento_feira_livre.20440","id":"feiras-20440"}},{"type":"Feature","geometry":{"type":"Point","coordinates":[-46.652022,-23.617435]},"properties":{"nome":"Feira Bartira","endereco":"Al dos Araes,1758","dia":"Terca-Feira","id_fonte":"equipamento_feira_livre.20773","id":"feiras-20773"}},{"type":"Feature","geometry":{"type":"Point","coordinates":[-46.628314,-23.568708]},"properties":{"nome":"Feira Baturite","endereco":"Rua Oliveira Peixoto,100","dia":"Quarta-Feira","id_fonte":"equipamento_feira_livre.20758","id":"feiras-20758"}},{"type":"Feature","geometry":{"type":"Point","coordinates":[-46.586221,-23.538563]},"properties":{"nome":"Feira Belem","endereco":"Rua Irma Carolina,50","dia":"Quinta-Feira","id_fonte":"equipamento_feira_livre.20935","id":"feiras-20935"}},{"type":"Feature","geometry":{"type":"Point","coordinates":[-46.662997,-23.50774]},"properties":{"nome":"Feira Benedito Nicoletti","endereco":"Rua Reims,50","dia":"Sabado","id_fonte":"equipamento_feira_livre.20601","id":"feiras-20601"}},{"type":"Feature","geometry":{"type":"Point","coordinates":[-46.479958,-23.49396]},"properties":{"nome":"Feira Benedito Ramos","endereco":"Pç Benedito Ramos Rodrigues,742","dia":"Sexta-Feira","id_fonte":"equipamento_feira_livre.20650","id":"feiras-20650"}},{"type":"Feature","geometry":{"type":"Point","coordinates":[-46.588345,-23.467647]},"properties":{"nome":"Feira Benjamim Pereir","endereco":"Rua Benjamim Pereira,331","dia":"Sexta-Feira","id_fonte":"equipamento_feira_livre.20733","id":"feiras-20733"}},{"type":"Feature","geometry":{"type":"Point","coordinates":[-46.644677,-23.544709]},"properties":{"nome":"Feira Bento Freitas","endereco":"Rua Bento Freitas,50","dia":"Sabado","id_fonte":"equipamento_feira_livre.20204","id":"feiras-20204"}},{"type":"Feature","geometry":{"type":"Point","coordinates":[-46.705707,-23.579312]},"properties":{"nome":"Feira Bibi","endereco":"Pç Roberto Gomes Pedrosa,520","dia":"Quarta-Feira","id_fonte":"equipamento_feira_livre.20882","id":"feiras-20882"}},{"type":"Feature","geometry":{"type":"Point","coordinates":[-46.646321,-23.523637]},"properties":{"nome":"Feira Bom Retiro","endereco":"Rua Jaragua,129","dia":"Sabado","id_fonte":"equipamento_feira_livre.20492","id":"feiras-20492"}},{"type":"Feature","geometry":{"type":"Point","coordinates":[-46.598764,-23.489962]},"properties":{"nome":"Feira Borges","endereco":"Rua Cruz de Malta,300","dia":"Sabado","id_fonte":"equipamento_feira_livre.20838","id":"feiras-20838"}},{"type":"Feature","geometry":{"type":"Point","coordinates":[-46.63506,-23.61788]},"properties":{"nome":"Feira Bosque","endereco":"Rua Carneiro da Cunha,608","dia":"Domingo","id_fonte":"equipamento_feira_livre.20772","id":"feiras-20772"}},{"type":"Feature","geometry":{"type":"Point","coordinates":[-46.488897,-23.484873]},"properties":{"nome":"Feira Brasilia","endereco":"Rua Belizario Benites,115","dia":"Terca-Feira","id_fonte":"equipamento_feira_livre.20643","id":"feiras-20643"}},{"type":"Feature","geometry":{"type":"Point","coordinates":[-46.689582,-23.605878]},"properties":{"nome":"Feira Brejo Alegre","endereco":"Rua Indiana,1428","dia":"Terca-Feira","id_fonte":"equipamento_feira_livre.20708","id":"feiras-20708"}},{"type":"Feature","geometry":{"type":"Point","coordinates":[-46.650531,-23.569608]},"properties":{"nome":"Feira Brigadeiro","endereco":"Rua Chris Tronbjerg,10","dia":"Sabado","id_fonte":"equipamento_feira_livre.20822","id":"feiras-20822"}},{"type":"Feature","geometry":{"type":"Point","coordinates":[-46.68819,-23.619102]},"properties":{"nome":"Feira Brooklim Paulista","endereco":"Rua Roque Petrela,300","dia":"Terca-Feira","id_fonte":"equipamento_feira_livre.20705","id":"feiras-20705"}},{"type":"Feature","geometry":{"type":"Point","coordinates":[-46.677605,-23.623362]},"properties":{"nome":"Feira Brooklin Paulista","endereco":"Rua Conde de Porto Alegre,100","dia":"Quinta-Feira","id_fonte":"equipamento_feira_livre.20108","id":"feiras-20108"}},{"type":"Feature","geometry":{"type":"Point","coordinates":[-46.688154,-23.615468]},"properties":{"nome":"Feira Brooklin Paulista","endereco":"Rua Godoi Colaco,1016","dia":"Sexta-Feira","id_fonte":"equipamento_feira_livre.20706","id":"feiras-20706"}},{"type":"Feature","geometry":{"type":"Point","coordinates":[-46.480899,-23.517466]},"properties":{"nome":"Feira Burgo Paulista","endereco":"Rua Acaipe,178","dia":"Quinta-Feira","id_fonte":"equipamento_feira_livre.20197","id":"feiras-20197"}},{"type":"Feature","geometry":{"type":"Point","coordinates":[-46.48836,-23.520241]},"properties":{"nome":"Feira Burgo Paulista","endereco":"Rua Joao Jose de Queiroz,595","dia":"Sabado","id_fonte":"equipamento_feira_livre.20198","id":"feiras-20198"}},{"type":"Feature","geometry":{"type":"Point","coordinates":[-46.719025,-23.631529]},"properties":{"nome":"Feira Burle Marx","endereco":"Pq Burle Marx,200","dia":"Sabado","id_fonte":"equipamento_feira_livre.20341","id":"feiras-20341"}},{"type":"Feature","geometry":{"type":"Point","coordinates":[-46.70358,-23.570818]},"properties":{"nome":"Feira Butanta","endereco":"Rua Agostinho Cantu C/ Romao Gomes,1","dia":"Quinta-Feira","id_fonte":"equipamento_feira_livre.20514","id":"feiras-20514"}},{"type":"Feature","geometry":{"type":"Point","coordinates":[-46.65837,-23.606047]},"properties":{"nome":"Feira Caboquenas","endereco":"Rua Caboquenas,115","dia":"Sexta-Feira","id_fonte":"equipamento_feira_livre.20552","id":"feiras-20552"}},{"type":"Feature","geometry":{"type":"Point","coordinates":[-46.398854,-23.537778]},"properties":{"nome":"Feira Cabral de Ataide","endereco":"Rua Cabral de Ataide","dia":"Sabado","id_fonte":"equipamento_feira_livre.20969","id":"feiras-20969"}},{"type":"Feature","geometry":{"type":"Point","coordinates":[-46.611952,-23.488123]},"properties":{"nome":"Feira Cabucu","endereco":"Rua Maria do Carmo Sene,128","dia":"Quarta-Feira","id_fonte":"equipamento_feira_livre.20251","id":"feiras-20251"}},{"type":"Feature","geometry":{"type":"Point","coordinates":[-46.614969,-23.52685]},"properties":{"nome":"Feira Cachoeira","endereco":"Rua Cap Mor Passos,225","dia":"Terca-Feira","id_fonte":"equipamento_feira_livre.20122","id":"feiras-20122"}},{"type":"Feature","geometry":{"type":"Point","coordinates":[-46.401391,-23.572045]},"properties":{"nome":"Feira Cachoeira das Jangadas","endereco":"Rua Cachoeira das Jangadas","dia":"Domingo","id_fonte":"equipamento_feira_livre.20938","id":"feiras-20938"}},{"type":"Feature","geometry":{"type":"Point","coordinates":[-46.665044,-23.474534]},"properties":{"nome":"Feira Cachoeirinha","endereco":"Rua Juarana C/ do Canavial,45","dia":"Sabado","id_fonte":"equipamento_feira_livre.20526","id":"feiras-20526"}},{"type":"Feature","geometry":{"type":"Point","coordinates":[-46.673556,-23.481138]},"properties":{"nome":"Feira Cachoeirinha","endereco":"Rua Cleusa Milochi,163","dia":"Domingo","id_fonte":"equipamento_feira_livre.20923","id":"feiras-20923"}},{"type":"Feature","geometry":{"type":"Point","coordinates":[-46.673627,-23.53079]},"properties":{"nome":"Feira Caiovas","endereco":"Rua Dr Costa Junior C Tanabi,500","dia":"Domingo","id_fonte":"equipamento_feira_livre.20484","id":"feiras-20484"}},{"type":"Feature","geometry":{"type":"Point","coordinates":[-46.431336,-23.539602]},"properties":{"nome":"Feira Calcadão da Estação CPTM José Bonifácio","endereco":"Calcadão Estação CPTM José Bonifácio","dia":"Quinta-Feira","id_fonte":"equipamento_feira_livre.20950","id":"feiras-20950"}},{"type":"Feature","geometry":{"type":"Point","coordinates":[-46.381817,-23.505586]},"properties":{"nome":"Feira Camargo Velho","endereco":"Av Academia de Sao Paulo,772","dia":"Domingo","id_fonte":"equipamento_feira_livre.20715","id":"feiras-20715"}},{"type":"Feature","geometry":{"type":"Point","coordinates":[-46.61868,-23.563092]},"properties":{"nome":"Feira Cambuci","endereco":"Rua Stefano,1000","dia":"Terca-Feira","id_fonte":"equipamento_feira_livre.20527","id":"feiras-20527"}},{"type":"Feature","geometry":{"type":"Point","coordinates":[-46.669966,-23.61514]},"properties":{"nome":"Feira Campo Belo","endereco":"Rua Barao de Jaceguai,1768","dia":"Quarta-Feira","id_fonte":"equipamento_feira_livre.20098","id":"feiras-20098"}},{"type":"Feature","geometry":{"type":"Point","coordinates":[-46.686217,-23.673852]},"properties":{"nome":"Feira Campo Grande","endereco":"Rua Arnaldo Magnicaro,370","dia":"Domingo","id_fonte":"equipamento_feira_livre.20533","id":"feiras-20533"}},{"type":"Feature","geometry":{"type":"Point","coordinates":[-46.772472,-23.633785]},"properties":{"nome":"Feira Campo Limpo","endereco":"Rua Martinho Vaz de Barros,5","dia":"Quinta-Feira","id_fonte":"equipamento_feira_livre.20538","id":"feiras-20538"}},{"type":"Feature","geometry":{"type":"Point","coordinates":[-46.768559,-23.630168]},"properties":{"nome":"Feira Campo Limpo","endereco":"Av Amadeu da Silva Samello,1","dia":"Domingo","id_fonte":"equipamento_feira_livre.20540","id":"feiras-20540"}},{"type":"Feature","geometry":{"type":"Point","coordinates":[-46.678213,-23.486476]},"properties":{"nome":"Feira Canaa","endereco":"Av Eulina,331","dia":"Domingo","id_fonte":"equipamento_feira_livre.20922","id":"feiras-20922"}},{"type":"Feature","geometry":{"type":"Point","coordinates":[-46.54303,-23.510511]},"properties":{"nome":"Feira Cangaiba","endereco":"Rua Bartolomeu Quadros,10","dia":"Terca-Feira","id_fonte":"equipamento_feira_livre.20558","id":"feiras-20558"}},{"type":"Feature","geometry":{"type":"Point","coordinates":[-46.624456,-23.529389]},"properties":{"nome":"Feira Caninde","endereco":"Rua Vidal de Negreiros,50","dia":"Quarta-Feira","id_fonte":"equipamento_feira_livre.20123","id":"feiras-20123"}},{"type":"Feature","geometry":{"type":"Point","coordinates":[-46.764898,-23.660357]},"properties":{"nome":"Feira Capao Redondo","endereco":"Rua Paulino Vital de Moraes,50","dia":"Quarta-Feira","id_fonte":"equipamento_feira_livre.20575","id":"feiras-20575"}},{"type":"Feature","geometry":{"type":"Point","coordinates":[-46.772366,-23.669693]},"properties":{"nome":"Feira Capao Redondo","endereco":"Av Athos Thomaz Ferracio,50","dia":"Sexta-Feira","id_fonte":"equipamento_feira_livre.20579","id":"feiras-20579"}},{"type":"Feature","geometry":{"type":"Point","coordinates":[-46.755413,-23.584862]},"properties":{"nome":"Feira Caramuru","endereco":"Rua Pde Alarico Zacarias,21","dia":"Quinta-Feira","id_fonte":"equipamento_feira_livre.20214","id":"feiras-20214"}},{"type":"Feature","geometry":{"type":"Point","coordinates":[-46.648901,-23.556552]},"properties":{"nome":"Feira Cardeal Leme","endereco":"Rua Santo Antonio,22","dia":"Terca-Feira","id_fonte":"equipamento_feira_livre.20486","id":"feiras-20486"}},{"type":"Feature","geometry":{"type":"Point","coordinates":[-46.439412,-23.554558]},"properties":{"nome":"Feira Carlos Albacini","endereco":"Rua Carlos Albacini,100","dia":"Quinta-Feira","id_fonte":"equipamento_feira_livre.20920","id":"feiras-20920"}},{"type":"Feature","geometry":{"type":"Point","coordinates":[-46.660717,-23.490698]},"properties":{"nome":"Feira Carmem","endereco":"Rua Cesar Pena Ramos,592","dia":"Sexta-Feira","id_fonte":"equipamento_feira_livre.20593","id":"feiras-20593"}},{"type":"Feature","geometry":{"type":"Point","coordinates":[-46.454646,-23.551649]},"properties":{"nome":"Feira Carmosina","endereco":"Rua Sao Felix do Piaui,1057","dia":"Sexta-Feira","id_fonte":"equipamento_feira_livre.20852","id":"feiras-20852"}},{"type":"Feature","geometry":{"type":"Point","coordinates":[-46.748155,-23.626099]},"properties":{"nome":"Feira Carvaxi","endereco":"Rua Carvaxi","dia":"Domingo","id_fonte":"equipamento_feira_livre.20939","id":"feiras-20939"}},{"type":"Feature","geometry":{"type":"Point","coordinates":[-46.669544,-23.653761]},"properties":{"nome":"Feira Casa Palma","endereco":"Av Cupece,1784","dia":"Domingo","id_fonte":"equipamento_feira_livre.20046","id":"feiras-20046"}},{"type":"Feature","geometry":{"type":"Point","coordinates":[-46.656963,-23.505544]},"properties":{"nome":"Feira Casa Verde","endereco":"Rua Caetano Desco,155","dia":"Sexta-Feira","id_fonte":"equipamento_feira_livre.20600","id":"feiras-20600"}},{"type":"Feature","geometry":{"type":"Point","coordinates":[-46.600625,-23.454995]},"properties":{"nome":"Feira Casa de Pedra","endereco":"Rua Cel Esdras de Oliveira,51","dia":"Quarta-Feira","id_fonte":"equipamento_feira_livre.20058","id":"feiras-20058"}},{"type":"Feature","geometry":{"type":"Point","coordinates":[-46.616186,-23.602466]},"properties":{"nome":"Feira Castelo Branco","endereco":"Rua Assungui C/ Americo Ribeiro,100","dia":"Domingo","id_fonte":"equipamento_feira_livre.20788","id":"feiras-20788"}},{"type":"Feature","geometry":{"type":"Point","coordinates":[-46.401984,-23.581976]},"properties":{"nome":"Feira Castro Alves","endereco":"Rua Coracao de Maca,50","dia":"Sabado","id_fonte":"equipamento_feira_livre.20633","id":"feiras-20633"}},{"type":"Feature","geometry":{"type":"Point","coordinates":[-46.425291,-23.48464]},"properties":{"nome":"Feira Cavalieri","endereco":"Rua Mons Lourenco Giordano","dia":"Sexta-Feira","id_fonte":"equipamento_feira_livre.20956","id":"feiras-20956"}},{"type":"Feature","geometry":{"type":"Point","coordinates":[-46.714064,-23.579977]},"properties":{"nome":"Feira Caxingui","endereco":"Rua Ladislau Roman,7","dia":"Sabado","id_fonte":"equipamento_feira_livre.20515","id":"feiras-20515"}},{"type":"Feature","geometry":{"type":"Point","coordinates":[-46.720147,-23.599532]},"properties":{"nome":"Feira Caxingui","endereco":"Pç Roberto Gomes Pedrosa,25","dia":"Terca-Feira","id_fonte":"equipamento_feira_livre.20881","id":"feiras-20881"}},{"type":"Feature","geometry":{"type":"Point","coordinates":[-46.415732,-23.579213]},"properties":{"nome":"Feira Cdhu Conjunto Hab Guaianases","endereco":"","dia":"Domingo","id_fonte":"equipamento_feira_livre.20912","id":"feiras-20912"}},{"type":"Feature","geometry":{"type":"Point","coordinates":[-46.420136,-23.595482]},"properties":{"nome":"Feira Cdhu Jardim Iguatemi","endereco":"Av Ponte da Amizade,s/n","dia":"Domingo","id_fonte":"equipamento_feira_livre.20694","id":"feiras-20694"}},{"type":"Feature","geometry":{"type":"Point","coordinates":[-46.762051,-23.665273]},"properties":{"nome":"Feira Cdhu Jardim Sao Luiz-A","endereco":"Rua Andre Lens,300","dia":"Sabado","id_fonte":"equipamento_feira_livre.20576","id":"feiras-20576"}},{"type":"Feature","geometry":{"type":"Point","coordinates":[-46.435023,-23.521563]},"properties":{"nome":"Feira Cecilia Iter","endereco":"Av Mons Agnelo,305","dia":"Quarta-Feira","id_fonte":"equipamento_feira_livre.20316","id":"feiras-20316"}},{"type":"Feature","geometry":{"type":"Point","coordinates":[-46.617675,-23.51296]},"properties":{"nome":"Feira Center Norte","endereco":"Rua Anna Papini Guaranha,1000","dia":"Domingo","id_fonte":"equipamento_feira_livre.20363","id":"feiras-20363"}},{"type":"Feature","geometry":{"type":"Point","coordinates":[-46.577213,-23.485694]},"properties":{"nome":"Feira Central","endereco":"Rua Antenor Navarro,420","dia":"Quarta-Feira","id_fonte":"equipamento_feira_livre.20408","id":"feiras-20408"}},{"type":"Feature","geometry":{"type":"Point","coordinates":[-46.700193,-23.518143]},"properties":{"nome":"Feira Central Park Lapa","endereco":"Rua Dom Romeu Alberti,50","dia":"Sabado","id_fonte":"equipamento_feira_livre.20756","id":"feiras-20756"}},{"type":"Feature","geometry":{"type":"Point","coordinates":[-46.415942,-23.543683]},"properties":{"nome":"Feira Centralina","endereco":"Rua Centralina","dia":"Quarta-Feira","id_fonte":"equipamento_feira_livre.20946","id":"feiras-20946"}},{"type":"Feature","geometry":{"type":"Point","coordinates":[-46.746194,-23.542058]},"properties":{"nome":"Feira Centro Industrial do Jaguare","endereco":"Rua Barcelona,99","dia":"Domingo","id_fonte":"equipamento_feira_livre.20861","id":"feiras-20861"}},{"type":"Feature","geometry":{"type":"Point","coordinates":[-46.687263,-23.566863]},"properties":{"nome":"Feira Cerqueira Cezar","endereco":"Rua Antonio Bicudo,50","dia":"Quinta-Feira","id_fonte":"equipamento_feira_livre.20171","id":"feiras-20171"}},{"type":"Feature","geometry":{"type":"Point","coordinates":[-46.610903,-23.60928]},"properties":{"nome":"Feira Cerracao","endereco":"Rua Lino Guedes,109","dia":"Quarta-Feira","id_fonte":"equipamento_feira_livre.20785","id":"feiras-20785"}},{"type":"Feature","geometry":{"type":"Point","coordinates":[-46.479983,-23.5511]},"properties":{"nome":"Feira Cezar Dias","endereco":"Rua Cesar Dias,10","dia":"Domingo","id_fonte":"equipamento_feira_livre.20889","id":"feiras-20889"}},{"type":"Feature","geometry":{"type":"Point","coordinates":[-46.692897,-23.660638]},"properties":{"nome":"Feira Chacara Flora","endereco":"Rua Frei Canisio,50","dia":"Sexta-Feira","id_fonte":"equipamento_feira_livre.20535","id":"feiras-20535"}},{"type":"Feature","geometry":{"type":"Point","coordinates":[-46.727914,-23.491099]},"properties":{"nome":"Feira Chacara Inglesa","endereco":"Rua Pedro Marigliani,10","dia":"Quarta-Feira","id_fonte":"equipamento_feira_livre.20190","id":"feiras-20190"}},{"type":"Feature","geometry":{"type":"Point","coordinates":[-46.674099,-23.583026]},"properties":{"nome":"Feira Chacara Itaim","endereco":"Rua Prof Tamandare de Toledo,100","dia":"Terca-Feira","id_fonte":"equipamento_feira_livre.20714","id":"feiras-20714"}},{"type":"Feature","geometry":{"type":"Point","coordinates":[-46.556519,-23.532926]},"properties":{"nome":"Feira Chacara Maranhao","endereco":"Rua Adelino de Almeida Castilho,27","dia":"Sabado","id_fonte":"equipamento_feira_livre.20327","id":"feiras-20327"}},{"type":"Feature","geometry":{"type":"Point","coordinates":[-46.703526,-23.631881]},"properties":{"nome":"Feira Chacara Santo Antonio","endereco":"Rua Alexandre Dumas,1200","dia":"Quarta-Feira","id_fonte":"equipamento_feira_livre.20265","id":"feiras-20265"}},{"type":"Feature","geometry":{"type":"Point","coordinates":[-46.431785,-23.490654]},"properties":{"nome":"Feira Chacara Tres Meninas","endereco":"Av Pedroso da Silva,10","dia":"Sabado","id_fonte":"equipamento_feira_livre.20011","id":"feiras-20011"}},{"type":"Feature","geometry":{"type":"Point","coordinates":[-46.641351,-23.488849]},"properties":{"nome":"Feira Chora Menino","endereco":"Rua Dr Eugenio Fortes Coelho,100","dia":"Quarta-Feira","id_fonte":"equipamento_feira_livre.20246","id":"feiras-20246"}},{"type":"Feature","geometry":{"type":"Point","coordinates":[-46.634393,-23.495802]},"properties":{"nome":"Feira Chora Menino","endereco":"Rua Prof Lourival Gomes Machado,100","dia":"Sexta-Feira","id_fonte":"equipamento_feira_livre.20257","id":"feiras-20257"}},{"type":"Feature","geometry":{"type":"Point","coordinates":[-46.660136,-23.50336]},"properties":{"nome":"Feira Chora Menino","endereco":"Av Baruel,661","dia":"Domingo","id_fonte":"equipamento_feira_livre.20595","id":"feiras-20595"}},{"type":"Feature","geometry":{"type":"Point","coordinates":[-46.473948,-23.534641]},"properties":{"nome":"Feira Cidade A e Carvalho","endereco":"Rua Tales de Mileto,392","dia":"Sabado","id_fonte":"equipamento_feira_livre.20895","id":"feiras-20895"}},{"type":"Feature","geometry":{"type":"Point","coordinates":[-46.65366,-23.665002]},"properties":{"nome":"Feira Cidade Ademar","endereco":"Rua Antonio de Pinho Azevedo,691","dia":"Sexta-Feira","id_fonte":"equipamento_feira_livre.20036","id":"feiras-20036"}},{"type":"Feature","geometry":{"type":"Point","coordinates":[-46.748461,-23.453407]},"properties":{"nome":"Feira Cidade D Abril","endereco":"Rua Mauro Araujo Ribeiro,46","dia":"Sabado","id_fonte":"equipamento_feira_livre.20868","id":"feiras-20868"}},{"type":"Feature","geometry":{"type":"Point","coordinates":[-46.70339,-23.710444]},"properties":{"nome":"Feira Cidade Dutra","endereco":"Rua Sao Guilherme,7377","dia":"Quinta-Feira","id_fonte":"equipamento_feira_livre.20608","id":"feiras-20608"}},{"type":"Feature","geometry":{"type":"Point","coordinates":[-46.699778,-23.712823]},"properties":{"nome":"Feira Cidade Dutra","endereco":"Rua Nossa Senhora do Outeiro,10","dia":"Domingo","id_fonte":"equipamento_feira_livre.20611","id":"feiras-20611"}},{"type":"Feature","geometry":{"type":"Point","coordinates":[-46.474241,-23.56022]},"properties":{"nome":"Feira Cidade Lider","endereco":"Rua Jeronimo de Barros,15","dia":"Quarta-Feira","id_fonte":"equipamento_feira_livre.20620","id":"feiras-20620"}},{"type":"Feature","geometry":{"type":"Point","coordinates":[-46.465252,-23.554392]},"properties":{"nome":"Feira Cidade Lider","endereco":"Rua Francisco Munhoz Filho,500","dia":"Sabado","id_fonte":"equipamento_feira_livre.20621","id":"feiras-20621"}},{"type":"Feature","geometry":{"type":"Point","coordinates":[-46.689591,-23.601662]},"properties":{"nome":"Feira Cidade Moncoes","endereco":"Av Nova Independencia,600","dia":"Domingo","id_fonte":"equipamento_feira_livre.20704","id":"feiras-20704"}},{"type":"Feature","geometry":{"type":"Point","coordinates":[-46.684597,-23.612529]},"properties":{"nome":"Feira Cidade Moncoes","endereco":"Rua Pensylvania,610","dia":"Quarta-Feira","id_fonte":"equipamento_feira_livre.20709","id":"feiras-20709"}},{"type":"Feature","geometry":{"type":"Point","coordinates":[-46.504523,-23.529779]},"properties":{"nome":"Feira Cidade Patriarca","endereco":"Rua Cachoeira Paulista,80","dia":"Sabado","id_fonte":"equipamento_feira_livre.20403","id":"feiras-20403"}},{"type":"Feature","geometry":{"type":"Point","coordinates":[-46.483286,-23.60655]},"properties":{"nome":"Feira Cidade Sao Mateus","endereco":"Rua Maria Luiza do Val Penteado,560","dia":"Quinta-Feira","id_fonte":"equipamento_feira_livre.20288","id":"feiras-20288"}},{"type":"Feature","geometry":{"type":"Point","coordinates":[-46.460568,-23.60452]},"properties":{"nome":"Feira Cidade Satelite","endereco":"Rua Phobus,50","dia":"Quarta-Feira","id_fonte":"equipamento_feira_livre.20283","id":"feiras-20283"}},{"type":"Feature","geometry":{"type":"Point","coordinates":[-46.405925,-23.593169]},"properties":{"nome":"Feira Cidade Tiradentes","endereco":"Rua Dona Eloa do Valle Quadros,50","dia":"Sexta-Feira","id_fonte":"equipamento_feira_livre.20624","id":"feiras-20624"}},{"type":"Feature","geometry":{"type":"Point","coordinates":[-46.399823,-23.591684]},"properties":{"nome":"Feira Cidade Tiradentes","endereco":"Rua Cristiano Lobe,100","dia":"Sabado","id_fonte":"equipamento_feira_livre.20625","id":"feiras-20625"}},{"type":"Feature","geometry":{"type":"Point","coordinates":[-46.396582,-23.59468]},"properties":{"nome":"Feira Cidade Tiradentes Setor G","endereco":"Rua Moises de Corena,940","dia":"Quarta-Feira","id_fonte":"equipamento_feira_livre.20623","id":"feiras-20623"}},{"type":"Feature","geometry":{"type":"Point","coordinates":[-46.635503,-23.640444]},"properties":{"nome":"Feira Cidade Vargas","endereco":"Pç Nova America,15","dia":"Domingo","id_fonte":"equipamento_feira_livre.20112","id":"feiras-20112"}},{"type":"Feature","geometry":{"type":"Point","coordinates":[-46.739066,-23.628704]},"properties":{"nome":"Feira Cidade do Rio Pardo","endereco":"Rua Cidade do Rio Pardo,5","dia":"Domingo","id_fonte":"equipamento_feira_livre.20335","id":"feiras-20335"}},{"type":"Feature","geometry":{"type":"Point","coordinates":[-46.741251,-23.627929]},"properties":{"nome":"Feira Cidade do Rio Pardo","endereco":"Rua Cidade do Rio Pardo,100","dia":"Quinta-Feira","id_fonte":"equipamento_feira_livre.20337","id":"feiras-20337"}},{"type":"Feature","geometry":{"type":"Point","coordinates":[-46.681995,-23.752411]},"properties":{"nome":"Feira Cocaia","endereco":"Av Trinta e Sete Conj Faria Lima,10","dia":"Domingo","id_fonte":"equipamento_feira_livre.20671","id":"feiras-20671"}},{"type":"Feature","geometry":{"type":"Point","coordinates":[-46.779198,-23.661857]},"properties":{"nome":"Feira Cohab Adventista II","endereco":"Rua Modelar,50","dia":"Domingo","id_fonte":"equipamento_feira_livre.20574","id":"feiras-20574"}},{"type":"Feature","geometry":{"type":"Point","coordinates":[-46.506445,-23.588099]},"properties":{"nome":"Feira Cohab Barreira Grande","endereco":"Av Rufino Fernandes Inivarri,154","dia":"Sabado","id_fonte":"equipamento_feira_livre.20472","id":"feiras-20472"}},{"type":"Feature","geometry":{"type":"Point","coordinates":[-46.410969,-23.58549]},"properties":{"nome":"Feira Cohab Cidade Tiradentes","endereco":"Rua Padre Aldemar Moreira,250","dia":"Domingo","id_fonte":"equipamento_feira_livre.20634","id":"feiras-20634"}},{"type":"Feature","geometry":{"type":"Point","coordinates":[-46.569822,-23.486533]},"properties":{"nome":"Feira Cohab Fernao Dias","endereco":"Rua Combate Lagoa Branca,100","dia":"Domingo","id_fonte":"equipamento_feira_livre.20411","id":"feiras-20411"}},{"type":"Feature","geometry":{"type":"Point","coordinates":[-46.43451,-23.546558]},"properties":{"nome":"Feira Cohab II","endereco":"Pç Bom Pastor,265","dia":"Domingo","id_fonte":"equipamento_feira_livre.20914","id":"feiras-20914"}},{"type":"Feature","geometry":{"type":"Point","coordinates":[-46.435931,-23.554863]},"properties":{"nome":"Feira Cohab III","endereco":"Rua Frei Antonio Faggiano,41","dia":"Terca-Feira","id_fonte":"equipamento_feira_livre.20919","id":"feiras-20919"}},{"type":"Feature","geometry":{"type":"Point","coordinates":[-46.803311,-23.584445]},"properties":{"nome":"Feira Cohab Raposo Tavares","endereco":"Rua Cachoeira do Arrependimento,100","dia":"Domingo","id_fonte":"equipamento_feira_livre.20828","id":"feiras-20828"}},{"type":"Feature","geometry":{"type":"Point","coordinates":[-46.411718,-23.588968]},"properties":{"nome":"Feira Cohab Santa Etelvina Iia","endereco":"Av Nascer do Sol,100","dia":"Sabado","id_fonte":"equipamento_feira_livre.20636","id":"feiras-20636"}},{"type":"Feature","geometry":{"type":"Point","coordinates":[-46.501553,-23.605672]},"properties":{"nome":"Feira Cohab Sapopemba","endereco":"Rua Walter Rummel,1","dia":"Quarta-Feira","id_fonte":"equipamento_feira_livre.20089","id":"feiras-20089"}},{"type":"Feature","geometry":{"type":"Point","coordinates":[-46.499867,-23.605065]},"properties":{"nome":"Feira Cohab Sapopemba I","endereco":"Av Arquiteto Vl Nova Artigas,1","dia":"Domingo","id_fonte":"equipamento_feira_livre.20088","id":"feiras-20088"}},{"type":"Feature","geometry":{"type":"Point","coordinates":[-46.503677,-23.60645]},"properties":{"nome":"Feira Cohab Sapopemba I","endereco":"Rua Felici Tosi,100","dia":"Sabado","id_fonte":"equipamento_feira_livre.20091","id":"feiras-20091"}},{"type":"Feature","geometry":{"type":"Point","coordinates":[-46.394843,-23.565679]},"properties":{"nome":"Feira Cohab-Juscelino Kubtscheck","endereco":"Av Utaro Kanai C/ Festa Chinesa,546","dia":"Domingo","id_fonte":"equipamento_feira_livre.20683","id":"feiras-20683"}},{"type":"Feature","geometry":{"type":"Point","coordinates":[-46.467127,-23.542707]},"properties":{"nome":"Feira Cohab-Tiradentes I","endereco":"Rua Bartolino de Padua,200","dia":"Domingo","id_fonte":"equipamento_feira_livre.20850","id":"feiras-20850"}},{"type":"Feature","geometry":{"type":"Point","coordinates":[-46.403661,-23.590369]},"properties":{"nome":"Feira Cohab-Tiradentes II","endereco":"Av dos Texteis,800","dia":"Quinta-Feira","id_fonte":"equipamento_feira_livre.20632","id":"feiras-20632"}},{"type":"Feature","geometry":{"type":"Point","coordinates":[-46.739651,-23.625012]},"properties":{"nome":"Feira Colantonio","endereco":"Rua Colantonio,314","dia":"Sabado","id_fonte":"equipamento_feira_livre.20336","id":"feiras-20336"}},{"type":"Feature","geometry":{"type":"Point","coordinates":[-46.528001,-23.585608]},"properties":{"nome":"Feira Colorado","endereco":"Rua Pedro Vitorato,474","dia":"Terca-Feira","id_fonte":"equipamento_feira_livre.20097","id":"feiras-20097"}},{"type":"Feature","geometry":{"type":"Point","coordinates":[-46.692399,-23.612097]},"properties":{"nome":"Feira Conceicao de Monte Alegre","endereco":"Rua Conceicao de Monte Alegre,355","dia":"Sexta-Feira","id_fonte":"equipamento_feira_livre.20710","id":"feiras-20710"}},{"type":"Feature","geometry":{"type":"Point","coordinates":[-46.615839,-23.53899]},"properties":{"nome":"Feira Concordia","endereco":"Rua Conselheiro Belisario,400","dia":"Domingo","id_fonte":"equipamento_feira_livre.20494","id":"feiras-20494"}},{"type":"Feature","geometry":{"type":"Point","coordinates":[-46.610386,-23.536224]},"properties":{"nome":"Feira Concordia","endereco":"Rua Sampson C Mendes Junior,50","dia":"Quarta-Feira","id_fonte":"equipamento_feira_livre.20495","id":"feiras-20495"}},{"type":"Feature","geometry":{"type":"Point","coordinates":[-46.605909,-23.475183]},"properties":{"nome":"Feira Conego Ladeira","endereco":"Rua Aragao,200","dia":"Quarta-Feira","id_fonte":"equipamento_feira_livre.20831","id":"feiras-20831"}},{"type":"Feature","geometry":{"type":"Point","coordinates":[-46.664382,-23.623611]},"properties":{"nome":"Feira Congonhas","endereco":"Av Invernada,351","dia":"Quinta-Feira","id_fonte":"equipamento_feira_livre.20101","id":"feiras-20101"}},{"type":"Feature","geometry":{"type":"Point","coordinates":[-46.418237,-23.565941]},"properties":{"nome":"Feira Conj Habit Fazenda do Carmo","endereco":"Av Henriqueta Noguez Brieba,1","dia":"Domingo","id_fonte":"equipamento_feira_livre.20627","id":"feiras-20627"}},{"type":"Feature","geometry":{"type":"Point","coordinates":[-46.394569,-23.510298]},"properties":{"nome":"Feira Conj Habit Padre Nildo","endereco":"Rua Aracarana,320","dia":"Sexta-Feira","id_fonte":"equipamento_feira_livre.20731","id":"feiras-20731"}},{"type":"Feature","geometry":{"type":"Point","coordinates":[-46.59503,-23.60381]},"properties":{"nome":"Feira Conj Res Heliopolis","endereco":"Rua Freire Brayner,121","dia":"Domingo","id_fonte":"equipamento_feira_livre.20795","id":"feiras-20795"}},{"type":"Feature","geometry":{"type":"Point","coordinates":[-46.40698,-23.564269]},"properties":{"nome":"Feira Conj Resid de Guaianazes","endereco":"Av Dr Guilherme de Abreu Sodre,1414","dia":"Sexta-Feira","id_fonte":"equipamento_feira_livre.20628","id":"feiras-20628"}},{"type":"Feature","geometry":{"type":"Point","coordinates":[-46.436599,-23.54039]},"properties":{"nome":"Feira Conj Residencial de Itaquera","endereco":"Rua Laura Bossi C Alfredo Ricci,50","dia":"Sabado","id_fonte":"equipamento_feira_livre.20918","id":"feiras-20918"}},{"type":"Feature","geometry":{"type":"Point","coordinates":[-46.580686,-23.570774]},"properties":{"nome":"Feira Conj Residencial do Butanta","endereco":"Rua Luis Antonio Martins,21","dia":"Domingo","id_fonte":"equipamento_feira_livre.20460","id":"feiras-20460"}},{"type":"Feature","geometry":{"type":"Point","coordinates":[-46.684318,-23.755441]},"properties":{"nome":"Feira Conj.res.brig.faria Lima","endereco":"Rua Sao Caetano do Sul,518","dia":"Sabado","id_fonte":"equipamento_feira_livre.20674","id":"feiras-20674"}},{"type":"Feature","geometry":{"type":"Point","coordinates":[-46.464938,-23.534029]},"properties":{"nome":"Feira Conjunto A e Carvalho","endereco":"Rua Andre Cavalcante,100","dia":"Domingo","id_fonte":"equipamento_feira_livre.20857","id":"feiras-20857"}},{"type":"Feature","geometry":{"type":"Point","coordinates":[-46.668614,-23.641057]},"properties":{"nome":"Feira Conjunto Astor","endereco":"Rua Helade,80","dia":"Sabado","id_fonte":"equipamento_feira_livre.20102","id":"feiras-20102"}},{"type":"Feature","geometry":{"type":"Point","coordinates":[-46.395851,-23.507373]},"properties":{"nome":"Feira Conjunto Cdhu Camargo Velho","endereco":"Rua da Conquista-G,17","dia":"Sabado","id_fonte":"equipamento_feira_livre.20729","id":"feiras-20729"}},{"type":"Feature","geometry":{"type":"Point","coordinates":[-46.426158,-23.563167]},"properties":{"nome":"Feira Conjunto Hab Fazenda do Carmo","endereco":"Rua Prof Hasegawa,100","dia":"Sabado","id_fonte":"equipamento_feira_livre.20913","id":"feiras-20913"}},{"type":"Feature","geometry":{"type":"Point","coordinates":[-46.505077,-23.491917]},"properties":{"nome":"Feira Conjunto Habit Vila Silvia","endereco":"Rua Serra Verde,10","dia":"Sexta-Feira","id_fonte":"equipamento_feira_livre.20570","id":"feiras-20570"}},{"type":"Feature","geometry":{"type":"Point","coordinates":[-46.399607,-23.565915]},"properties":{"nome":"Feira Conjunto Jk","endereco":"Av Utaro Kanai C/ Festa Chinesa,432","dia":"Sabado","id_fonte":"equipamento_feira_livre.20689","id":"feiras-20689"}},{"type":"Feature","geometry":{"type":"Point","coordinates":[-46.572359,-23.453149]},"properties":{"nome":"Feira Conjunto Jova Rural","endereco":"Rua Ari da Rocha Miranda,s/n","dia":"Domingo","id_fonte":"equipamento_feira_livre.20732","id":"feiras-20732"}},{"type":"Feature","geometry":{"type":"Point","coordinates":[-46.408198,-23.591415]},"properties":{"nome":"Feira Conjunto Sta. Etelvina","endereco":"Av Nascer do Sol,100","dia":"Domingo","id_fonte":"equipamento_feira_livre.20635","id":"feiras-20635"}},{"type":"Feature","geometry":{"type":"Point","coordinates":[-46.647028,-23.548031]},"properties":{"nome":"Feira Consolacao","endereco":"Rua Major Quedinho,89","dia":"Domingo","id_fonte":"equipamento_feira_livre.20637","id":"feiras-20637"}},{"type":"Feature","geometry":{"type":"Point","coordinates":[-46.755733,-23.662783]},"properties":{"nome":"Feira Corrego dos Freitas","endereco":"Rua Maria Benedita Rodrigues,42","dia":"Domingo","id_fonte":"equipamento_feira_livre.20904","id":"feiras-20904"}},{"type":"Feature","geometry":{"type":"Point","coordinates":[-46.596706,-23.496278]},"properties":{"nome":"Feira Cristovam Lins","endereco":"Rua Luciano Broinizzi C Japi,200","dia":"Domingo","id_fonte":"equipamento_feira_livre.20369","id":"feiras-20369"}},{"type":"Feature","geometry":{"type":"Point","coordinates":[-46.520959,-23.51301]},"properties":{"nome":"Feira Crubixa","endereco":"Rua Crubixa,40","dia":"Sabado","id_fonte":"equipamento_feira_livre.20562","id":"feiras-20562"}},{"type":"Feature","geometry":{"type":"Point","coordinates":[-46.701084,-23.481776]},"properties":{"nome":"Feira Cruz das Almas","endereco":"Es do Sabao,448","dia":"Domingo","id_fonte":"equipamento_feira_livre.20657","id":"feiras-20657"}},{"type":"Feature","geometry":{"type":"Point","coordinates":[-46.653464,-23.580732]},"properties":{"nome":"Feira Curitiba","endereco":"Rua Curitiba,290","dia":"Sabado","id_fonte":"equipamento_feira_livre.20551","id":"feiras-20551"}},{"type":"Feature","geometry":{"type":"Point","coordinates":[-46.441828,-23.493749]},"properties":{"nome":"Feira Daniel Bernardo","endereco":"Rua Daniel Bernardo,10","dia":"Quarta-Feira","id_fonte":"equipamento_feira_livre.20307","id":"feiras-20307"}},{"type":"Feature","geometry":{"type":"Point","coordinates":[-46.442885,-23.494602]},"properties":{"nome":"Feira Daniel Bernardo II","endereco":"Rua Daniel Bernardo","dia":"Sabado","id_fonte":"equipamento_feira_livre.20963","id":"feiras-20963"}},{"type":"Feature","geometry":{"type":"Point","coordinates":[-46.716225,-23.538141]},"properties":{"nome":"Feira Dardanelos","endereco":"Rua Dardanelos,430","dia":"Sexta-Feira","id_fonte":"equipamento_feira_livre.20464","id":"feiras-20464"}},{"type":"Feature","geometry":{"type":"Point","coordinates":[-46.519262,-23.582163]},"properties":{"nome":"Feira Dedo de Deus","endereco":"Rua Alfaro,391","dia":"Quinta-Feira","id_fonte":"equipamento_feira_livre.20476","id":"feiras-20476"}},{"type":"Feature","geometry":{"type":"Point","coordinates":[-46.693414,-23.639433]},"properties":{"nome":"Feira Deodoro","endereco":"Rua Comen Elias Zarzur,1800","dia":"Sexta-Feira","id_fonte":"equipamento_feira_livre.20261","id":"feiras-20261"}},{"type":"Feature","geometry":{"type":"Point","coordinates":[-46.673888,-23.492567]},"properties":{"nome":"Feira Deputado Emilio Carlos","endereco":"Av Monte Celeste,200","dia":"Sexta-Feira","id_fonte":"equipamento_feira_livre.20931","id":"feiras-20931"}},{"type":"Feature","geometry":{"type":"Point","coordinates":[-46.368892,-23.503616]},"properties":{"nome":"Feira Desem. Fausto Whitaker M. Alvim","endereco":"Rua Desem Fausto Whitaker M Alvim,7","dia":"Quarta-Feira","id_fonte":"equipamento_feira_livre.20719","id":"feiras-20719"}},{"type":"Feature","geometry":{"type":"Point","coordinates":[-46.368892,-23.503616]},"properties":{"nome":"Feira Desem. Fausto Whitaker M. Alvim","endereco":"Rua Desem Fausto Whitaker M Alvim,3","dia":"Terca-Feira","id_fonte":"equipamento_feira_livre.20720","id":"feiras-20720"}},{"type":"Feature","geometry":{"type":"Point","coordinates":[-46.367077,-23.51065]},"properties":{"nome":"Feira Desembargador Isnard dos Reis","endereco":"Rua Desem Isnard dos Reis,37","dia":"Domingo","id_fonte":"equipamento_feira_livre.20721","id":"feiras-20721"}},{"type":"Feature","geometry":{"type":"Point","coordinates":[-46.482639,-23.545433]},"properties":{"nome":"Feira Dilva Gomes","endereco":"Pç Dilva Gomes,124","dia":"Sexta-Feira","id_fonte":"equipamento_feira_livre.20888","id":"feiras-20888"}},{"type":"Feature","geometry":{"type":"Point","coordinates":[-46.445682,-23.541141]},"properties":{"nome":"Feira Dom Bosco","endereco":"Rua Antonio Gandine,100","dia":"Quarta-Feira","id_fonte":"equipamento_feira_livre.20845","id":"feiras-20845"}},{"type":"Feature","geometry":{"type":"Point","coordinates":[-46.672973,-23.527487]},"properties":{"nome":"Feira Dona Ana Germaine Buchard","endereco":"Rua Dona Ana Germaine Buchard,286","dia":"Sabado","id_fonte":"equipamento_feira_livre.20480","id":"feiras-20480"}},{"type":"Feature","geometry":{"type":"Point","coordinates":[-46.672973,-23.527487]},"properties":{"nome":"Feira Dona Ana Germaine Buchard","endereco":"Rua Dona Ana Germaine Buchard,286","dia":"Domingo","id_fonte":"equipamento_feira_livre.20481","id":"feiras-20481"}},{"type":"Feature","geometry":{"type":"Point","coordinates":[-46.638316,-23.581306]},"properties":{"nome":"Feira Dona Ana Rosa","endereco":"Lg Dona Ana Rosa,33","dia":"Quinta-Feira","id_fonte":"equipamento_feira_livre.20816","id":"feiras-20816"}},{"type":"Feature","geometry":{"type":"Point","coordinates":[-46.646554,-23.593005]},"properties":{"nome":"Feira Dr Bacelar","endereco":"Rua Dra Neyde Apparecida Sollito,12","dia":"Domingo","id_fonte":"equipamento_feira_livre.20807","id":"feiras-20807"}},{"type":"Feature","geometry":{"type":"Point","coordinates":[-46.705233,-23.51807]},"properties":{"nome":"Feira Dronsfield","endereco":"Rua Dronsfield,263","dia":"Sabado","id_fonte":"equipamento_feira_livre.20752","id":"feiras-20752"}},{"type":"Feature","geometry":{"type":"Point","coordinates":[-46.702457,-23.518796]},"properties":{"nome":"Feira Dronsfield","endereco":"Rua Dronsfield,263","dia":"Terca-Feira","id_fonte":"equipamento_feira_livre.20757","id":"feiras-20757"}},{"type":"Feature","geometry":{"type":"Point","coordinates":[-46.536899,-23.507702]},"properties":{"nome":"Feira Edimburgo","endereco":"Rua Goita,100","dia":"Domingo","id_fonte":"equipamento_feira_livre.20557","id":"feiras-20557"}},{"type":"Feature","geometry":{"type":"Point","coordinates":[-46.478439,-23.60849]},"properties":{"nome":"Feira Edmur Witaker","endereco":"Rua Edmur Witaker,50","dia":"Quarta-Feira","id_fonte":"equipamento_feira_livre.20277","id":"feiras-20277"}},{"type":"Feature","geometry":{"type":"Point","coordinates":[-46.564629,-23.475838]},"properties":{"nome":"Feira Edu Chaves","endereco":"Rua Liliental,734","dia":"Quinta-Feira","id_fonte":"equipamento_feira_livre.20736","id":"feiras-20736"}},{"type":"Feature","geometry":{"type":"Point","coordinates":[-46.627705,-23.479136]},"properties":{"nome":"Feira Engenheiro Caetano Alvares","endereco":"Av Eng Caetano Alvares,6550","dia":"Quarta-Feira","id_fonte":"equipamento_feira_livre.20020","id":"feiras-20020"}},{"type":"Feature","geometry":{"type":"Point","coordinates":[-46.515955,-23.498244]},"properties":{"nome":"Feira Engenheiro Goulart","endereco":"Rua Dr Augusto S Lopes,200","dia":"Quinta-Feira","id_fonte":"equipamento_feira_livre.20568","id":"feiras-20568"}},{"type":"Feature","geometry":{"type":"Point","coordinates":[-46.551209,-23.511431]},"properties":{"nome":"Feira Engenheiro Trindade","endereco":"Rua Eng Trindade,20","dia":"Quarta-Feira","id_fonte":"equipamento_feira_livre.20137","id":"feiras-20137"}},{"type":"Feature","geometry":{"type":"Point","coordinates":[-46.494786,-23.597838]},"properties":{"nome":"Feira Engenho Novo","endereco":"Av Engenho Novo,10","dia":"Quarta-Feira","id_fonte":"equipamento_feira_livre.20287","id":"feiras-20287"}},{"type":"Feature","geometry":{"type":"Point","coordinates":[-46.696388,-23.552722]},"properties":{"nome":"Feira Epeira","endereco":"Rua Pde Artur Somensi,48","dia":"Quarta-Feira","id_fonte":"equipamento_feira_livre.20462","id":"feiras-20462"}},{"type":"Feature","geometry":{"type":"Point","coordinates":[-46.473119,-23.492239]},"properties":{"nome":"Feira Ermelino Matarazzo","endereco":"Rua Shobee Kumagai,6996","dia":"Domingo","id_fonte":"equipamento_feira_livre.20647","id":"feiras-20647"}},{"type":"Feature","geometry":{"type":"Point","coordinates":[-46.448069,-23.542075]},"properties":{"nome":"Feira Estação CPTM Dom Bosco","endereco":"Calcadão Estação CPTM Dom Bosco","dia":"Terca-Feira","id_fonte":"equipamento_feira_livre.20940","id":"feiras-20940"}},{"type":"Feature","geometry":{"type":"Point","coordinates":[-46.715805,-23.434608]},"properties":{"nome":"Feira Estrada da Parada","endereco":"Rua Fragata da Constituicao,1","dia":"Quinta-Feira","id_fonte":"equipamento_feira_livre.20002","id":"feiras-20002"}},{"type":"Feature","geometry":{"type":"Point","coordinates":[-46.486998,-23.618018]},"properties":{"nome":"Feira Fazenda da Juta","endereco":"Rua Augustin Luberti,100","dia":"Quarta-Feira","id_fonte":"equipamento_feira_livre.20076","id":"feiras-20076"}},{"type":"Feature","geometry":{"type":"Point","coordinates":[-46.68374,-23.506348]},"properties":{"nome":"Feira Feira Cel Euclides Machado","endereco":"","dia":"Domingo","id_fonte":"equipamento_feira_livre.20927","id":"feiras-20927"}},{"type":"Feature","geometry":{"type":"Point","coordinates":[-46.583717,-23.5817]},"properties":{"nome":"Feira Feira Ingai","endereco":"Rua Ingai,50","dia":"Quarta-Feira","id_fonte":"equipamento_feira_livre.20425","id":"feiras-20425"}},{"type":"Feature","geometry":{"type":"Point","coordinates":[-46.67611,-23.526062]},"properties":{"nome":"Feira Feira Linda","endereco":"","dia":"Terca-Feira","id_fonte":"equipamento_feira_livre.20483","id":"feiras-20483"}},{"type":"Feature","geometry":{"type":"Point","coordinates":[-46.76333,-23.651936]},"properties":{"nome":"Feira Feira Livre Horto do Ype","endereco":"Rua Francisco da Cruz Mellao,213","dia":"Sabado","id_fonte":"equipamento_feira_livre.20546","id":"feiras-20546"}},{"type":"Feature","geometry":{"type":"Point","coordinates":[-46.640512,-23.542414]},"properties":{"nome":"Feira Feira Livre Ipiranga","endereco":"Av Ipiranga,700","dia":"Sexta-Feira","id_fonte":"equipamento_feira_livre.20205","id":"feiras-20205"}},{"type":"Feature","geometry":{"type":"Point","coordinates":[-46.568868,-23.584066]},"properties":{"nome":"Feira Feira Livre Jd Avelino","endereco":"","dia":"Quinta-Feira","id_fonte":"equipamento_feira_livre.20426","id":"feiras-20426"}},{"type":"Feature","geometry":{"type":"Point","coordinates":[-46.642756,-23.614682]},"properties":{"nome":"Feira Feira Livre Organica Whitaker","endereco":"Av Jose Maria Whitaker,1681","dia":"Quarta-Feira","id_fonte":"equipamento_feira_livre.20779","id":"feiras-20779"}},{"type":"Feature","geometry":{"type":"Point","coordinates":[-46.634707,-23.554653]},"properties":{"nome":"Feira Feira Livre Praca Liberdade","endereco":"Pç Liberdade,5145","dia":"Quarta-Feira","id_fonte":"equipamento_feira_livre.20306","id":"feiras-20306"}},{"type":"Feature","geometry":{"type":"Point","coordinates":[-46.598893,-23.6477]},"properties":{"nome":"Feira Feira Livre Santa Emilia","endereco":"Rua Henri Cross,200","dia":"Terca-Feira","id_fonte":"equipamento_feira_livre.20223","id":"feiras-20223"}},{"type":"Feature","geometry":{"type":"Point","coordinates":[-46.47997,-23.60972]},"properties":{"nome":"Feira Feira da Agricultura Limpa","endereco":"Av Afonso Penteado,2019","dia":"Sabado","id_fonte":"equipamento_feira_livre.20281","id":"feiras-20281"}},{"type":"Feature","geometry":{"type":"Point","coordinates":[-46.477745,-23.608014]},"properties":{"nome":"Feira Feira da Economia Solidaria","endereco":"Av Mateo Bei,1900","dia":"Sabado","id_fonte":"equipamento_feira_livre.20282","id":"feiras-20282"}},{"type":"Feature","geometry":{"type":"Point","coordinates":[-46.451846,-23.49965]},"properties":{"nome":"Feira Feira do Morumbizinho","endereco":"Rua Joao Felisberto Moreira","dia":"Sabado","id_fonte":"equipamento_feira_livre.20962","id":"feiras-20962"}},{"type":"Feature","geometry":{"type":"Point","coordinates":[-46.673784,-23.622388]},"properties":{"nome":"Feira Feirao Econ C de Porto Alegre","endereco":"Rua Conde de Porto Alegre,50","dia":"Domingo","id_fonte":"equipamento_feira_livre.20106","id":"feiras-20106"}},{"type":"Feature","geometry":{"type":"Point","coordinates":[-46.710291,-23.485179]},"properties":{"nome":"Feira Feirao Especial de Pirituba","endereco":"Pç Monsenhor Escriva,20","dia":"Sabado","id_fonte":"equipamento_feira_livre.20193","id":"feiras-20193"}},{"type":"Feature","geometry":{"type":"Point","coordinates":[-46.705082,-23.610668]},"properties":{"nome":"Feira Feirao da Economia Real Parque","endereco":"Av Barao de Monte Mor,21","dia":"Quinta-Feira","id_fonte":"equipamento_feira_livre.20883","id":"feiras-20883"}},{"type":"Feature","geometry":{"type":"Point","coordinates":[-46.592258,-23.557399]},"properties":{"nome":"Feira Fernandes Falcao","endereco":"Rua Pires de Campos,197","dia":"Terca-Feira","id_fonte":"equipamento_feira_livre.20026","id":"feiras-20026"}},{"type":"Feature","geometry":{"type":"Point","coordinates":[-46.65278,-23.568529]},"properties":{"nome":"Feira Fernao Cardim","endereco":"Rua Fernao Cardim,100","dia":"Quarta-Feira","id_fonte":"equipamento_feira_livre.20877","id":"feiras-20877"}},{"type":"Feature","geometry":{"type":"Point","coordinates":[-46.422134,-23.508955]},"properties":{"nome":"Feira Flamingo","endereco":"Av Flamingo,302","dia":"Sexta-Feira","id_fonte":"equipamento_feira_livre.20348","id":"feiras-20348"}},{"type":"Feature","geometry":{"type":"Point","coordinates":[-46.706948,-23.650938]},"properties":{"nome":"Feira Floriano Peixoto","endereco":"Pç Floriano Peixoto,80","dia":"Sabado","id_fonte":"equipamento_feira_livre.20258","id":"feiras-20258"}},{"type":"Feature","geometry":{"type":"Point","coordinates":[-46.706948,-23.650938]},"properties":{"nome":"Feira Floriano Peixoto","endereco":"Pç Floriano Peixoto,100","dia":"Quarta-Feira","id_fonte":"equipamento_feira_livre.20259","id":"feiras-20259"}},{"type":"Feature","geometry":{"type":"Point","coordinates":[-46.45455,-23.514739]},"properties":{"nome":"Feira Flôr do Espírito Santo","endereco":"Rua Flor do Espirito Santo","dia":"Sabado","id_fonte":"equipamento_feira_livre.20960","id":"feiras-20960"}},{"type":"Feature","geometry":{"type":"Point","coordinates":[-46.719862,-23.628806]},"properties":{"nome":"Feira Forte William","endereco":"Rua Forte William,3","dia":"Quarta-Feira","id_fonte":"equipamento_feira_livre.20339","id":"feiras-20339"}},{"type":"Feature","geometry":{"type":"Point","coordinates":[-46.653846,-23.5408]},"properties":{"nome":"Feira Fortunato","endereco":"Rua Martim Francisco,20","dia":"Quinta-Feira","id_fonte":"equipamento_feira_livre.20242","id":"feiras-20242"}},{"type":"Feature","geometry":{"type":"Point","coordinates":[-46.593085,-23.630458]},"properties":{"nome":"Feira Francisco Leme","endereco":"Rua Francisco Lema,50","dia":"Quinta-Feira","id_fonte":"equipamento_feira_livre.20220","id":"feiras-20220"}},{"type":"Feature","geometry":{"type":"Point","coordinates":[-46.546047,-23.540024]},"properties":{"nome":"Feira Francisco Machado de Campos","endereco":"Rua Francisco Machado de Campos","dia":"Quinta-Feira","id_fonte":"equipamento_feira_livre.20972","id":"feiras-20972"}},{"type":"Feature","geometry":{"type":"Point","coordinates":[-46.701413,-23.499113]},"properties":{"nome":"Feira Freguesia do O","endereco":"Rua Chico de Paula,61","dia":"Terca-Feira","id_fonte":"equipamento_feira_livre.20658","id":"feiras-20658"}},{"type":"Feature","geometry":{"type":"Point","coordinates":[-46.40594,-23.584113]},"properties":{"nome":"Feira Frei Anibal Genova","endereco":"Rua Frei Anibal Genova,190","dia":"Quinta-Feira","id_fonte":"equipamento_feira_livre.20629","id":"feiras-20629"}},{"type":"Feature","geometry":{"type":"Point","coordinates":[-46.40594,-23.584113]},"properties":{"nome":"Feira Frei Anibal de Genova","endereco":"Rua Inacio Preto de Moraes,50","dia":"Quinta-Feira","id_fonte":"equipamento_feira_livre.20630","id":"feiras-20630"}},{"type":"Feature","geometry":{"type":"Point","coordinates":[-46.589588,-23.442953]},"properties":{"nome":"Feira Furnas","endereco":"Av Antonelo da Messina,100","dia":"Domingo","id_fonte":"equipamento_feira_livre.20054","id":"feiras-20054"}},{"type":"Feature","geometry":{"type":"Point","coordinates":[-46.65573,-23.493391]},"properties":{"nome":"Feira Galo de Ouro","endereco":"Rua Dr Ignacio Proenca Gouveia,1031","dia":"Quinta-Feira","id_fonte":"equipamento_feira_livre.20592","id":"feiras-20592"}},{"type":"Feature","geometry":{"type":"Point","coordinates":[-46.642971,-23.59143]},"properties":{"nome":"Feira Gandavo","endereco":"Rua Gandavo C/ Napoleao de Barros,276","dia":"Sexta-Feira","id_fonte":"equipamento_feira_livre.20818","id":"feiras-20818"}},{"type":"Feature","geometry":{"type":"Point","coordinates":[-46.693312,-23.604579]},"properties":{"nome":"Feira General Gentil Falcao","endereco":"Pç Gal Gentil Falcao,0","dia":"Quarta-Feira","id_fonte":"equipamento_feira_livre.20703","id":"feiras-20703"}},{"type":"Feature","geometry":{"type":"Point","coordinates":[-46.693427,-23.604871]},"properties":{"nome":"Feira Gentil Falcao","endereco":"Pç Gal Gentil Falcao","dia":"Sexta-Feira","id_fonte":"equipamento_feira_livre.20974","id":"feiras-20974"}},{"type":"Feature","geometry":{"type":"Point","coordinates":[-46.679857,-23.617303]},"properties":{"nome":"Feira Gil Eanes","endereco":"Rua Gil Eanes,44","dia":"Terca-Feira","id_fonte":"equipamento_feira_livre.20107","id":"feiras-20107"}},{"type":"Feature","geometry":{"type":"Point","coordinates":[-46.571231,-23.58896]},"properties":{"nome":"Feira Gonçalo Marinho de Castro","endereco":"Rua Goncalo Marinho de Castro","dia":"Sabado","id_fonte":"equipamento_feira_livre.20958","id":"feiras-20958"}},{"type":"Feature","geometry":{"type":"Point","coordinates":[-46.718316,-23.501245]},"properties":{"nome":"Feira Grand Reserva Paulista","endereco":"Pç Grand Reserva Paulista,2150","dia":"Domingo","id_fonte":"equipamento_feira_livre.20186","id":"feiras-20186"}},{"type":"Feature","geometry":{"type":"Point","coordinates":[-46.718316,-23.501245]},"properties":{"nome":"Feira Grand Reserva Paulista","endereco":"Pç Grand Reserva Paulista,2610","dia":"Quinta-Feira","id_fonte":"equipamento_feira_livre.20187","id":"feiras-20187"}},{"type":"Feature","geometry":{"type":"Point","coordinates":[-46.409191,-23.550959]},"properties":{"nome":"Feira Guaianazes","endereco":"Rua Coutinho e Melo,100","dia":"Domingo","id_fonte":"equipamento_feira_livre.20681","id":"feiras-20681"}},{"type":"Feature","geometry":{"type":"Point","coordinates":[-46.413522,-23.538743]},"properties":{"nome":"Feira Guaianazes","endereco":"Pç Andes,200","dia":"Quarta-Feira","id_fonte":"equipamento_feira_livre.20744","id":"feiras-20744"}},{"type":"Feature","geometry":{"type":"Point","coordinates":[-46.550739,-23.529559]},"properties":{"nome":"Feira Guaiauna","endereco":"Rua Guaiauna,200","dia":"Domingo","id_fonte":"equipamento_feira_livre.20136","id":"feiras-20136"}},{"type":"Feature","geometry":{"type":"Point","coordinates":[-46.545634,-23.537077]},"properties":{"nome":"Feira Guaiauna","endereco":"Rua Edgard de Souza,82","dia":"Sexta-Feira","id_fonte":"equipamento_feira_livre.20398","id":"feiras-20398"}},{"type":"Feature","geometry":{"type":"Point","coordinates":[-46.64613,-23.573914]},"properties":{"nome":"Feira Guanabara","endereco":"Rua Cel Oscar Porto,429","dia":"Domingo","id_fonte":"equipamento_feira_livre.20820","id":"feiras-20820"}},{"type":"Feature","geometry":{"type":"Point","coordinates":[-46.593222,-23.494499]},"properties":{"nome":"Feira Guarinos","endereco":"Rua Santo Antonio de Lisboa,550","dia":"Sexta-Feira","id_fonte":"equipamento_feira_livre.20415","id":"feiras-20415"}},{"type":"Feature","geometry":{"type":"Point","coordinates":[-46.69407,-23.469611]},"properties":{"nome":"Feira Guariroba","endereco":"Rua Jose Felix Alves Pacheco,209","dia":"Terca-Feira","id_fonte":"equipamento_feira_livre.20509","id":"feiras-20509"}},{"type":"Feature","geometry":{"type":"Point","coordinates":[-46.665908,-23.563123]},"properties":{"nome":"Feira Haddock Lobo","endereco":"Al Lorena,400","dia":"Domingo","id_fonte":"equipamento_feira_livre.20875","id":"feiras-20875"}},{"type":"Feature","geometry":{"type":"Point","coordinates":[-46.669792,-23.561661]},"properties":{"nome":"Feira Heitor Penteado","endereco":"Rua Oscar Freire,2400","dia":"Domingo","id_fonte":"equipamento_feira_livre.20874","id":"feiras-20874"}},{"type":"Feature","geometry":{"type":"Point","coordinates":[-46.643746,-23.471913]},"properties":{"nome":"Feira Herison","endereco":"Rua Herison,253","dia":"Sabado","id_fonte":"equipamento_feira_livre.20019","id":"feiras-20019"}},{"type":"Feature","geometry":{"type":"Point","coordinates":[-46.651152,-23.580564]},"properties":{"nome":"Feira Ibirapuera","endereco":"Rua Joinville,323","dia":"Terca-Feira","id_fonte":"equipamento_feira_livre.20548","id":"feiras-20548"}},{"type":"Feature","geometry":{"type":"Point","coordinates":[-46.631098,-23.621791]},"properties":{"nome":"Feira Ibituruna","endereco":"Rua Paracatu,730","dia":"Terca-Feira","id_fonte":"equipamento_feira_livre.20766","id":"feiras-20766"}},{"type":"Feature","geometry":{"type":"Point","coordinates":[-46.519911,-23.60525]},"properties":{"nome":"Feira Iguacu","endereco":"Rua Jose Domingues de Pontes,50","dia":"Sexta-Feira","id_fonte":"equipamento_feira_livre.20087","id":"feiras-20087"}},{"type":"Feature","geometry":{"type":"Point","coordinates":[-46.689104,-23.589372]},"properties":{"nome":"Feira Iguatemi","endereco":"Rua Sao Marum,300","dia":"Sabado","id_fonte":"equipamento_feira_livre.20707","id":"feiras-20707"}},{"type":"Feature","geometry":{"type":"Point","coordinates":[-46.699083,-23.654333]},"properties":{"nome":"Feira Iguatinga","endereco":"Rua Eng Tomas Whately,252","dia":"Sabado","id_fonte":"equipamento_feira_livre.20262","id":"feiras-20262"}},{"type":"Feature","geometry":{"type":"Point","coordinates":[-46.635091,-23.627501]},"properties":{"nome":"Feira Imigrantes","endereco":"Rua Major Freire,565","dia":"Quarta-Feira","id_fonte":"equipamento_feira_livre.20767","id":"feiras-20767"}},{"type":"Feature","geometry":{"type":"Point","coordinates":[-46.643312,-23.49663]},"properties":{"nome":"Feira Imirim","endereco":"Rua Francisca Biriba,100","dia":"Sabado","id_fonte":"equipamento_feira_livre.20248","id":"feiras-20248"}},{"type":"Feature","geometry":{"type":"Point","coordinates":[-46.513559,-23.510412]},"properties":{"nome":"Feira Imperial","endereco":"Av Gentil Braga,38","dia":"Sabado","id_fonte":"equipamento_feira_livre.20563","id":"feiras-20563"}},{"type":"Feature","geometry":{"type":"Point","coordinates":[-46.560514,-23.584142]},"properties":{"nome":"Feira Independencia","endereco":"Rua Ernesto dos Santos,100","dia":"Quarta-Feira","id_fonte":"equipamento_feira_livre.20070","id":"feiras-20070"}},{"type":"Feature","geometry":{"type":"Point","coordinates":[-46.665224,-23.601324]},"properties":{"nome":"Feira Indianopolis","endereco":"Av Lavandisca,644","dia":"Domingo","id_fonte":"equipamento_feira_livre.20553","id":"feiras-20553"}},{"type":"Feature","geometry":{"type":"Point","coordinates":[-46.646557,-23.599971]},"properties":{"nome":"Feira Indianopolis","endereco":"Al Agostinho Rodrigues Filho,363","dia":"Quarta-Feira","id_fonte":"equipamento_feira_livre.20769","id":"feiras-20769"}},{"type":"Feature","geometry":{"type":"Point","coordinates":[-46.604064,-23.583154]},"properties":{"nome":"Feira Ipiranga","endereco":"Rua Agostinho Gomes,352","dia":"Domingo","id_fonte":"equipamento_feira_livre.20791","id":"feiras-20791"}},{"type":"Feature","geometry":{"type":"Point","coordinates":[-46.613047,-23.598123]},"properties":{"nome":"Feira Ipiranga","endereco":"Rua Dr Mario Vicente,1199","dia":"Quinta-Feira","id_fonte":"equipamento_feira_livre.20802","id":"feiras-20802"}},{"type":"Feature","geometry":{"type":"Point","coordinates":[-46.606409,-23.61]},"properties":{"nome":"Feira Ipiranga","endereco":"Pç Pedro Balint,1","dia":"Quinta-Feira","id_fonte":"equipamento_feira_livre.20803","id":"feiras-20803"}},{"type":"Feature","geometry":{"type":"Point","coordinates":[-46.645058,-23.610207]},"properties":{"nome":"Feira Irere","endereco":"Av Jose Maria Witaker,1780","dia":"Sabado","id_fonte":"equipamento_feira_livre.20777","id":"feiras-20777"}},{"type":"Feature","geometry":{"type":"Point","coordinates":[-46.582891,-23.536904]},"properties":{"nome":"Feira Irma Carolina","endereco":"Rua Eng Reinaldo Cajado,215","dia":"Sabado","id_fonte":"equipamento_feira_livre.20937","id":"feiras-20937"}},{"type":"Feature","geometry":{"type":"Point","coordinates":[-46.692836,-23.488662]},"properties":{"nome":"Feira Itaberaba","endereco":"Rua dos Sitiantes,360","dia":"Sabado","id_fonte":"equipamento_feira_livre.20656","id":"feiras-20656"}},{"type":"Feature","geometry":{"type":"Point","coordinates":[-46.635915,-23.490764]},"properties":{"nome":"Feira Itaicy","endereco":"Rua Itaicy,100","dia":"Terca-Feira","id_fonte":"equipamento_feira_livre.20245","id":"feiras-20245"}},{"type":"Feature","geometry":{"type":"Point","coordinates":[-46.587749,-23.543724]},"properties":{"nome":"Feira Itamaraca","endereco":"Rua Serra de Jaire,832","dia":"Sabado","id_fonte":"equipamento_feira_livre.20936","id":"feiras-20936"}},{"type":"Feature","geometry":{"type":"Point","coordinates":[-46.73386,-23.62641]},"properties":{"nome":"Feira Itamira","endereco":"Rua Itamira","dia":"Sexta-Feira","id_fonte":"equipamento_feira_livre.20953","id":"feiras-20953"}},{"type":"Feature","geometry":{"type":"Point","coordinates":[-46.473599,-23.512312]},"properties":{"nome":"Feira Itapoa","endereco":"Rua Olegario Maciel,20","dia":"Sexta-Feira","id_fonte":"equipamento_feira_livre.20379","id":"feiras-20379"}},{"type":"Feature","geometry":{"type":"Point","coordinates":[-46.451806,-23.52868]},"properties":{"nome":"Feira Itaquera","endereco":"Rua Bento Vieira Castro,344","dia":"Quinta-Feira","id_fonte":"equipamento_feira_livre.20841","id":"feiras-20841"}},{"type":"Feature","geometry":{"type":"Point","coordinates":[-46.453042,-23.539967]},"properties":{"nome":"Feira Itaquera","endereco":"Rua Ken Sugaya,100","dia":"Domingo","id_fonte":"equipamento_feira_livre.20849","id":"feiras-20849"}},{"type":"Feature","geometry":{"type":"Point","coordinates":[-46.480299,-23.550162]},"properties":{"nome":"Feira Itaquera","endereco":"Rua Andrea Feliciani,10","dia":"Quarta-Feira","id_fonte":"equipamento_feira_livre.20890","id":"feiras-20890"}},{"type":"Feature","geometry":{"type":"Point","coordinates":[-46.43613,-23.541167]},"properties":{"nome":"Feira Itaquera II","endereco":"Rua Laura Boss,100","dia":"Domingo","id_fonte":"equipamento_feira_livre.20915","id":"feiras-20915"}},{"type":"Feature","geometry":{"type":"Point","coordinates":[-46.447823,-23.530396]},"properties":{"nome":"Feira Itaquera III","endereco":"","dia":"Sabado","id_fonte":"equipamento_feira_livre.20848","id":"feiras-20848"}},{"type":"Feature","geometry":{"type":"Point","coordinates":[-46.653033,-23.555034]},"properties":{"nome":"Feira Itarare","endereco":"Rua Itarare,295","dia":"Quinta-Feira","id_fonte":"equipamento_feira_livre.20485","id":"feiras-20485"}},{"type":"Feature","geometry":{"type":"Point","coordinates":[-46.636947,-23.663318]},"properties":{"nome":"Feira Jabaquara","endereco":"Av Eng Armando de Arruda Pereira,3248","dia":"Quarta-Feira","id_fonte":"equipamento_feira_livre.20111","id":"feiras-20111"}},{"type":"Feature","geometry":{"type":"Point","coordinates":[-46.646518,-23.627367]},"properties":{"nome":"Feira Jabaquara","endereco":"Av Ceci,1828","dia":"Quinta-Feira","id_fonte":"equipamento_feira_livre.20775","id":"feiras-20775"}},{"type":"Feature","geometry":{"type":"Point","coordinates":[-46.588257,-23.467627]},"properties":{"nome":"Feira Jacana","endereco":"Rua Benjamim Pereira,331","dia":"Domingo","id_fonte":"equipamento_feira_livre.20734","id":"feiras-20734"}},{"type":"Feature","geometry":{"type":"Point","coordinates":[-46.613226,-23.506461]},"properties":{"nome":"Feira Jacuna","endereco":"Rua Guaracininga,200","dia":"Quinta-Feira","id_fonte":"equipamento_feira_livre.20366","id":"feiras-20366"}},{"type":"Feature","geometry":{"type":"Point","coordinates":[-46.749541,-23.550629]},"properties":{"nome":"Feira Jaguare","endereco":"Rua Rolandia,50","dia":"Terca-Feira","id_fonte":"equipamento_feira_livre.20862","id":"feiras-20862"}},{"type":"Feature","geometry":{"type":"Point","coordinates":[-46.619047,-23.613385]},"properties":{"nome":"Feira Jaguari","endereco":"Pç Bras Goncalves,100","dia":"Quinta-Feira","id_fonte":"equipamento_feira_livre.20786","id":"feiras-20786"}},{"type":"Feature","geometry":{"type":"Point","coordinates":[-46.764476,-23.562681]},"properties":{"nome":"Feira Jardim Adalgiza","endereco":"Av Gustavo Berthier,307","dia":"Sabado","id_fonte":"equipamento_feira_livre.20211","id":"feiras-20211"}},{"type":"Feature","geometry":{"type":"Point","coordinates":[-46.661924,-23.632448]},"properties":{"nome":"Feira Jardim Aeroporto","endereco":"Rua Tapes,680","dia":"Quinta-Feira","id_fonte":"equipamento_feira_livre.20100","id":"feiras-20100"}},{"type":"Feature","geometry":{"type":"Point","coordinates":[-46.689601,-23.772573]},"properties":{"nome":"Feira Jardim Almeida Prado","endereco":"Rua Marco Aurelio Marilan,10","dia":"Sabado","id_fonte":"equipamento_feira_livre.20677","id":"feiras-20677"}},{"type":"Feature","geometry":{"type":"Point","coordinates":[-46.663505,-23.568878]},"properties":{"nome":"Feira Jardim America","endereco":"Rua Barao de Capanema,100","dia":"Quinta-Feira","id_fonte":"equipamento_feira_livre.20810","id":"feiras-20810"}},{"type":"Feature","geometry":{"type":"Point","coordinates":[-46.684868,-23.46874]},"properties":{"nome":"Feira Jardim Ana Maria","endereco":"Rua Jairo Pinto Araujo,166","dia":"Sabado","id_fonte":"equipamento_feira_livre.20511","id":"feiras-20511"}},{"type":"Feature","geometry":{"type":"Point","coordinates":[-46.7699,-23.68652]},"properties":{"nome":"Feira Jardim Angela","endereco":"Rua Marcelino Coelho,34","dia":"Domingo","id_fonte":"equipamento_feira_livre.20430","id":"feiras-20430"}},{"type":"Feature","geometry":{"type":"Point","coordinates":[-46.758082,-23.580966]},"properties":{"nome":"Feira Jardim Antonia","endereco":"Rua Dr Paulo Ribeiro Coelho,10","dia":"Sabado","id_fonte":"equipamento_feira_livre.20208","id":"feiras-20208"}},{"type":"Feature","geometry":{"type":"Point","coordinates":[-46.509778,-23.566184]},"properties":{"nome":"Feira Jardim Aricanduva","endereco":"Av Odilon Pires,128","dia":"Sexta-Feira","id_fonte":"equipamento_feira_livre.20471","id":"feiras-20471"}},{"type":"Feature","geometry":{"type":"Point","coordinates":[-46.50974,-23.555445]},"properties":{"nome":"Feira Jardim Arizi","endereco":"Rua Uacuma,58","dia":"Quarta-Feira","id_fonte":"equipamento_feira_livre.20615","id":"feiras-20615"}},{"type":"Feature","geometry":{"type":"Point","coordinates":[-46.793738,-23.589064]},"properties":{"nome":"Feira Jardim Arpoador","endereco":"Rua Aderbal Stresser,25","dia":"Domingo","id_fonte":"equipamento_feira_livre.20825","id":"feiras-20825"}},{"type":"Feature","geometry":{"type":"Point","coordinates":[-46.446852,-23.596759]},"properties":{"nome":"Feira Jardim Augusto","endereco":"Rua Heliodoro Paiva,50","dia":"Terca-Feira","id_fonte":"equipamento_feira_livre.20698","id":"feiras-20698"}},{"type":"Feature","geometry":{"type":"Point","coordinates":[-46.743381,-23.576201]},"properties":{"nome":"Feira Jardim Bonfiglioli","endereco":"Av Octacilio Tomanik,21","dia":"Terca-Feira","id_fonte":"equipamento_feira_livre.20213","id":"feiras-20213"}},{"type":"Feature","geometry":{"type":"Point","coordinates":[-46.605103,-23.638952]},"properties":{"nome":"Feira Jardim Botucatu","endereco":"Rua Dr Eugenio Egas,250","dia":"Sabado","id_fonte":"equipamento_feira_livre.20233","id":"feiras-20233"}},{"type":"Feature","geometry":{"type":"Point","coordinates":[-46.581648,-23.478785]},"properties":{"nome":"Feira Jardim Brasil","endereco":"Rua Paulino de Brito,700","dia":"Sabado","id_fonte":"equipamento_feira_livre.20416","id":"feiras-20416"}},{"type":"Feature","geometry":{"type":"Point","coordinates":[-46.707992,-23.441761]},"properties":{"nome":"Feira Jardim Brasilia","endereco":"Rua Alexandre Silva,100","dia":"Sabado","id_fonte":"equipamento_feira_livre.20500","id":"feiras-20500"}},{"type":"Feature","geometry":{"type":"Point","coordinates":[-46.792352,-23.433267]},"properties":{"nome":"Feira Jardim Britania","endereco":"Rua Florencio Carpi,262","dia":"Domingo","id_fonte":"equipamento_feira_livre.20465","id":"feiras-20465"}},{"type":"Feature","geometry":{"type":"Point","coordinates":[-46.38562,-23.504408]},"properties":{"nome":"Feira Jardim Camargo Novo","endereco":"Rua Canal de Tutoia,320","dia":"Quinta-Feira","id_fonte":"equipamento_feira_livre.20717","id":"feiras-20717"}},{"type":"Feature","geometry":{"type":"Point","coordinates":[-46.40702,-23.508273]},"properties":{"nome":"Feira Jardim Campos","endereco":"Rua Lagoa Cajuba,38","dia":"Terca-Feira","id_fonte":"equipamento_feira_livre.20349","id":"feiras-20349"}},{"type":"Feature","geometry":{"type":"Point","coordinates":[-46.762182,-23.633097]},"properties":{"nome":"Feira Jardim Catanduva","endereco":"Rua Dr Renato Bueno Neto,5","dia":"Quinta-Feira","id_fonte":"equipamento_feira_livre.20541","id":"feiras-20541"}},{"type":"Feature","geometry":{"type":"Point","coordinates":[-46.752015,-23.597239]},"properties":{"nome":"Feira Jardim Celeste","endereco":"Rua Edward Carmillo,1000","dia":"Quarta-Feira","id_fonte":"equipamento_feira_livre.20444","id":"feiras-20444"}},{"type":"Feature","geometry":{"type":"Point","coordinates":[-46.418069,-23.528471]},"properties":{"nome":"Feira Jardim Celia","endereco":"Rua Joaquim Miguel Dutra,237","dia":"Sabado","id_fonte":"equipamento_feira_livre.20745","id":"feiras-20745"}},{"type":"Feature","geometry":{"type":"Point","coordinates":[-46.724812,-23.477914]},"properties":{"nome":"Feira Jardim Cidade Pirituba","endereco":"Rua Goncalves de Barros,50","dia":"Quarta-Feira","id_fonte":"equipamento_feira_livre.20177","id":"feiras-20177"}},{"type":"Feature","geometry":{"type":"Point","coordinates":[-46.732046,-23.439017]},"properties":{"nome":"Feira Jardim City Jaragua","endereco":"Rua Samuel Bovy,37","dia":"Domingo","id_fonte":"equipamento_feira_livre.20869","id":"feiras-20869"}},{"type":"Feature","geometry":{"type":"Point","coordinates":[-46.479098,-23.531474]},"properties":{"nome":"Feira Jardim Coimbra","endereco":"Rua Pitagoras,579","dia":"Terca-Feira","id_fonte":"equipamento_feira_livre.20893","id":"feiras-20893"}},{"type":"Feature","geometry":{"type":"Point","coordinates":[-46.732263,-23.598828]},"properties":{"nome":"Feira Jardim Colombo","endereco":"Rua Salomao Waimberg,145","dia":"Quarta-Feira","id_fonte":"equipamento_feira_livre.20447","id":"feiras-20447"}},{"type":"Feature","geometry":{"type":"Point","coordinates":[-46.673158,-23.669798]},"properties":{"nome":"Feira Jardim Consorcio","endereco":"Rua Joao Batista Di Vitoriano,150","dia":"Sexta-Feira","id_fonte":"equipamento_feira_livre.20529","id":"feiras-20529"}},{"type":"Feature","geometry":{"type":"Point","coordinates":[-46.749365,-23.673977]},"properties":{"nome":"Feira Jardim Cris","endereco":"Rua Albino Correa de Campos,14","dia":"Domingo","id_fonte":"equipamento_feira_livre.20902","id":"feiras-20902"}},{"type":"Feature","geometry":{"type":"Point","coordinates":[-46.508228,-23.504209]},"properties":{"nome":"Feira Jardim Danfer","endereco":"Rua Jose da Penha,100","dia":"Terca-Feira","id_fonte":"equipamento_feira_livre.20567","id":"feiras-20567"}},{"type":"Feature","geometry":{"type":"Point","coordinates":[-46.690228,-23.736617]},"properties":{"nome":"Feira Jardim Eda","endereco":"Rua Jose Antunes Cerdeira,235","dia":"Terca-Feira","id_fonte":"equipamento_feira_livre.20666","id":"feiras-20666"}},{"type":"Feature","geometry":{"type":"Point","coordinates":[-46.667374,-23.753189]},"properties":{"nome":"Feira Jardim Eliana","endereco":"Rua Amazonas Marcondes,45","dia":"Terca-Feira","id_fonte":"equipamento_feira_livre.20672","id":"feiras-20672"}},{"type":"Feature","geometry":{"type":"Point","coordinates":[-46.462632,-23.623439]},"properties":{"nome":"Feira Jardim Ester","endereco":"Av Mendonca e Vasconcelos,300","dia":"Terca-Feira","id_fonte":"equipamento_feira_livre.20301","id":"feiras-20301"}},{"type":"Feature","geometry":{"type":"Point","coordinates":[-46.577108,-23.439405]},"properties":{"nome":"Feira Jardim Fontalis","endereco":"Rua Manoel Pereira Rosa,28","dia":"Sabado","id_fonte":"equipamento_feira_livre.20061","id":"feiras-20061"}},{"type":"Feature","geometry":{"type":"Point","coordinates":[-46.39275,-23.544933]},"properties":{"nome":"Feira Jardim Franganielo","endereco":"Rua Gaspar Sardinha,50","dia":"Domingo","id_fonte":"equipamento_feira_livre.20742","id":"feiras-20742"}},{"type":"Feature","geometry":{"type":"Point","coordinates":[-46.429716,-23.520713]},"properties":{"nome":"Feira Jardim Gianetti","endereco":"Rua Guabiroba de Minas,26","dia":"Quarta-Feira","id_fonte":"equipamento_feira_livre.20344","id":"feiras-20344"}},{"type":"Feature","geometry":{"type":"Point","coordinates":[-46.515602,-23.600171]},"properties":{"nome":"Feira Jardim Grimaldi","endereco":"Rua Jose Joaquim,17","dia":"Sabado","id_fonte":"equipamento_feira_livre.20095","id":"feiras-20095"}},{"type":"Feature","geometry":{"type":"Point","coordinates":[-46.689601,-23.460943]},"properties":{"nome":"Feira Jardim Guarani","endereco":"Rua Souza Carvalho,21","dia":"Quinta-Feira","id_fonte":"equipamento_feira_livre.20505","id":"feiras-20505"}},{"type":"Feature","geometry":{"type":"Point","coordinates":[-46.765945,-23.597077]},"properties":{"nome":"Feira Jardim Guarau","endereco":"Rua Jeronimo Fernandes,32","dia":"Quinta-Feira","id_fonte":"equipamento_feira_livre.20823","id":"feiras-20823"}},{"type":"Feature","geometry":{"type":"Point","coordinates":[-46.422003,-23.477606]},"properties":{"nome":"Feira Jardim Helena","endereco":"Rua Camomila,852","dia":"Domingo","id_fonte":"equipamento_feira_livre.20004","id":"feiras-20004"}},{"type":"Feature","geometry":{"type":"Point","coordinates":[-46.453249,-23.575365]},"properties":{"nome":"Feira Jardim Helian","endereco":"Rua Manoel Bacelar,50","dia":"Sexta-Feira","id_fonte":"equipamento_feira_livre.20125","id":"feiras-20125"}},{"type":"Feature","geometry":{"type":"Point","coordinates":[-46.732735,-23.657176]},"properties":{"nome":"Feira Jardim Ibirapuera","endereco":"Rua Salgueiro do Campo,85","dia":"Terca-Feira","id_fonte":"equipamento_feira_livre.20905","id":"feiras-20905"}},{"type":"Feature","geometry":{"type":"Point","coordinates":[-46.442149,-23.599437]},"properties":{"nome":"Feira Jardim Iguatemi","endereco":"Rua Cubas de Mendonca,50","dia":"Quinta-Feira","id_fonte":"equipamento_feira_livre.20696","id":"feiras-20696"}},{"type":"Feature","geometry":{"type":"Point","coordinates":[-46.762899,-23.677789]},"properties":{"nome":"Feira Jardim Imbe","endereco":"Rua Erasmus Grasser,12","dia":"Sabado","id_fonte":"equipamento_feira_livre.20433","id":"feiras-20433"}},{"type":"Feature","geometry":{"type":"Point","coordinates":[-46.554748,-23.593335]},"properties":{"nome":"Feira Jardim Independencia","endereco":"Rua Secundino Domingues,300","dia":"Sexta-Feira","id_fonte":"equipamento_feira_livre.20071","id":"feiras-20071"}},{"type":"Feature","geometry":{"type":"Point","coordinates":[-46.746057,-23.448455]},"properties":{"nome":"Feira Jardim Ipanema","endereco":"Rua Vasco Balboa,10","dia":"Quarta-Feira","id_fonte":"equipamento_feira_livre.20866","id":"feiras-20866"}},{"type":"Feature","geometry":{"type":"Point","coordinates":[-46.772077,-23.654998]},"properties":{"nome":"Feira Jardim Ipe","endereco":"Rua Gastao Raul de Fonton Bosquet,50","dia":"Sexta-Feira","id_fonte":"equipamento_feira_livre.20577","id":"feiras-20577"}},{"type":"Feature","geometry":{"type":"Point","coordinates":[-46.709953,-23.782674]},"properties":{"nome":"Feira Jardim Ipora","endereco":"Rua Forte do Guara,10","dia":"Domingo","id_fonte":"equipamento_feira_livre.20439","id":"feiras-20439"}},{"type":"Feature","geometry":{"type":"Point","coordinates":[-46.703169,-23.726644]},"properties":{"nome":"Feira Jardim Iporanga","endereco":"Rua Antonio Pereira Taques,100","dia":"Domingo","id_fonte":"equipamento_feira_livre.20613","id":"feiras-20613"}},{"type":"Feature","geometry":{"type":"Point","coordinates":[-46.457046,-23.535651]},"properties":{"nome":"Feira Jardim Itapemirim","endereco":"Rua Diogo Jose Machado,20","dia":"Quarta-Feira","id_fonte":"equipamento_feira_livre.20858","id":"feiras-20858"}},{"type":"Feature","geometry":{"type":"Point","coordinates":[-46.458021,-23.534482]},"properties":{"nome":"Feira Jardim Itapemirim","endereco":"Rua Dr Olivio Montenegro,50","dia":"Sabado","id_fonte":"equipamento_feira_livre.20860","id":"feiras-20860"}},{"type":"Feature","geometry":{"type":"Point","coordinates":[-46.515608,-23.586596]},"properties":{"nome":"Feira Jardim Iva","endereco":"Rua Romildo Finozzi,354","dia":"Sexta-Feira","id_fonte":"equipamento_feira_livre.20467","id":"feiras-20467"}},{"type":"Feature","geometry":{"type":"Point","coordinates":[-46.776728,-23.674465]},"properties":{"nome":"Feira Jardim Jangadeiro","endereco":"Rua Rosario Scamarti,5","dia":"Terca-Feira","id_fonte":"equipamento_feira_livre.20573","id":"feiras-20573"}},{"type":"Feature","geometry":{"type":"Point","coordinates":[-46.794071,-23.442361]},"properties":{"nome":"Feira Jardim Jaragua","endereco":"Rua Presidente Felix Paiva,150","dia":"Sabado","id_fonte":"equipamento_feira_livre.20466","id":"feiras-20466"}},{"type":"Feature","geometry":{"type":"Point","coordinates":[-46.592055,-23.448807]},"properties":{"nome":"Feira Jardim Joamar","endereco":"Rua Josino Vieira Goes,28","dia":"Sexta-Feira","id_fonte":"equipamento_feira_livre.20060","id":"feiras-20060"}},{"type":"Feature","geometry":{"type":"Point","coordinates":[-46.793145,-23.599893]},"properties":{"nome":"Feira Jardim Joao Xxiii","endereco":"Av Vaticano,4","dia":"Terca-Feira","id_fonte":"equipamento_feira_livre.20826","id":"feiras-20826"}},{"type":"Feature","geometry":{"type":"Point","coordinates":[-46.715305,-23.451318]},"properties":{"nome":"Feira Jardim Jose Maria","endereco":"Rua Salto de Itarare,30","dia":"Domingo","id_fonte":"equipamento_feira_livre.20176","id":"feiras-20176"}},{"type":"Feature","geometry":{"type":"Point","coordinates":[-46.587158,-23.643081]},"properties":{"nome":"Feira Jardim Lear","endereco":"Rua Jose Antonio Valadares,476","dia":"Quarta-Feira","id_fonte":"equipamento_feira_livre.20221","id":"feiras-20221"}},{"type":"Feature","geometry":{"type":"Point","coordinates":[-46.79154,-23.652838]},"properties":{"nome":"Feira Jardim Macedonia","endereco":"Rua Agostinho Paiva,230","dia":"Quarta-Feira","id_fonte":"equipamento_feira_livre.20572","id":"feiras-20572"}},{"type":"Feature","geometry":{"type":"Point","coordinates":[-46.411762,-23.488829]},"properties":{"nome":"Feira Jardim Maia","endereco":"Rua Francisco Antonio Meira,10","dia":"Terca-Feira","id_fonte":"equipamento_feira_livre.20006","id":"feiras-20006"}},{"type":"Feature","geometry":{"type":"Point","coordinates":[-46.677283,-23.658883]},"properties":{"nome":"Feira Jardim Marajoara","endereco":"Rua Juca de Azevedo,50","dia":"Sabado","id_fonte":"equipamento_feira_livre.20050","id":"feiras-20050"}},{"type":"Feature","geometry":{"type":"Point","coordinates":[-46.599502,-23.6364]},"properties":{"nome":"Feira Jardim Maria Estela","endereco":"Pç Prof Jaime Poggi,10","dia":"Sabado","id_fonte":"equipamento_feira_livre.20236","id":"feiras-20236"}},{"type":"Feature","geometry":{"type":"Point","coordinates":[-46.782857,-23.641894]},"properties":{"nome":"Feira Jardim Maria Sampaio","endereco":"Rua Antonio Viegas de Ataide,50","dia":"Sabado","id_fonte":"equipamento_feira_livre.20539","id":"feiras-20539"}},{"type":"Feature","geometry":{"type":"Point","coordinates":[-46.7257,-23.429668]},"properties":{"nome":"Feira Jardim Marilu","endereco":"Rua Maximo Barbosa,30","dia":"Sabado","id_fonte":"equipamento_feira_livre.20870","id":"feiras-20870"}},{"type":"Feature","geometry":{"type":"Point","coordinates":[-46.516281,-23.552581]},"properties":{"nome":"Feira Jardim Maringa","endereco":"Rua Mendonca Drumont,185","dia":"Sexta-Feira","id_fonte":"equipamento_feira_livre.20399","id":"feiras-20399"}},{"type":"Feature","geometry":{"type":"Point","coordinates":[-46.757865,-23.507807]},"properties":{"nome":"Feira Jardim Marisa","endereco":"","dia":"Sexta-Feira","id_fonte":"equipamento_feira_livre.20741","id":"feiras-20741"}},{"type":"Feature","geometry":{"type":"Point","coordinates":[-46.373388,-23.494874]},"properties":{"nome":"Feira Jardim Miliunas","endereco":"Rua Monsenhor Salim,12","dia":"Quinta-Feira","id_fonte":"equipamento_feira_livre.20716","id":"feiras-20716"}},{"type":"Feature","geometry":{"type":"Point","coordinates":[-46.637851,-23.681084]},"properties":{"nome":"Feira Jardim Miriam","endereco":"Av Angelo Cristianini,50","dia":"Domingo","id_fonte":"equipamento_feira_livre.20038","id":"feiras-20038"}},{"type":"Feature","geometry":{"type":"Point","coordinates":[-46.640761,-23.679746]},"properties":{"nome":"Feira Jardim Miriam","endereco":"Rua Bras de Abreu,32","dia":"Quarta-Feira","id_fonte":"equipamento_feira_livre.20039","id":"feiras-20039"}},{"type":"Feature","geometry":{"type":"Point","coordinates":[-46.695481,-23.768604]},"properties":{"nome":"Feira Jardim Mirna","endereco":"Av Carlos Alberto Bastos Machado,100","dia":"Quinta-Feira","id_fonte":"equipamento_feira_livre.20676","id":"feiras-20676"}},{"type":"Feature","geometry":{"type":"Point","coordinates":[-46.69703,-23.493235]},"properties":{"nome":"Feira Jardim Monjolo","endereco":"Rua Nazario Pagano,24","dia":"Sexta-Feira","id_fonte":"equipamento_feira_livre.20655","id":"feiras-20655"}},{"type":"Feature","geometry":{"type":"Point","coordinates":[-46.745662,-23.484915]},"properties":{"nome":"Feira Jardim Monte Alegre","endereco":"Rua Jurubim,10","dia":"Sabado","id_fonte":"equipamento_feira_livre.20268","id":"feiras-20268"}},{"type":"Feature","geometry":{"type":"Point","coordinates":[-46.717484,-23.459324]},"properties":{"nome":"Feira Jardim N Sra Aparecida","endereco":"Rua Laranjeiras do Sul,30","dia":"Sabado","id_fonte":"equipamento_feira_livre.20181","id":"feiras-20181"}},{"type":"Feature","geometry":{"type":"Point","coordinates":[-46.397083,-23.519248]},"properties":{"nome":"Feira Jardim Nazare","endereco":"Rua Augusto Albereci,15","dia":"Domingo","id_fonte":"equipamento_feira_livre.20730","id":"feiras-20730"}},{"type":"Feature","geometry":{"type":"Point","coordinates":[-46.41251,-23.515229]},"properties":{"nome":"Feira Jardim Nazare II","endereco":"Rua Jose Greef Borba,8","dia":"Quarta-Feira","id_fonte":"equipamento_feira_livre.20353","id":"feiras-20353"}},{"type":"Feature","geometry":{"type":"Point","coordinates":[-46.383437,-23.509677]},"properties":{"nome":"Feira Jardim Nelia","endereco":"Rua Anastacio Trancoso,3","dia":"Sabado","id_fonte":"equipamento_feira_livre.20723","id":"feiras-20723"}},{"type":"Feature","geometry":{"type":"Point","coordinates":[-46.662322,-23.686492]},"properties":{"nome":"Feira Jardim Niteroi","endereco":"Rua Eduardo Pereira Ramos,130","dia":"Sexta-Feira","id_fonte":"equipamento_feira_livre.20045","id":"feiras-20045"}},{"type":"Feature","geometry":{"type":"Point","coordinates":[-46.485236,-23.533379]},"properties":{"nome":"Feira Jardim Nordeste","endereco":"Av Maraial,323","dia":"Quinta-Feira","id_fonte":"equipamento_feira_livre.20894","id":"feiras-20894"}},{"type":"Feature","geometry":{"type":"Point","coordinates":[-46.47745,-23.570234]},"properties":{"nome":"Feira Jardim Nossa Senhora do Carmo","endereco":"Rua Estevao Dias Vergara,100","dia":"Terca-Feira","id_fonte":"equipamento_feira_livre.20128","id":"feiras-20128"}},{"type":"Feature","geometry":{"type":"Point","coordinates":[-46.490776,-23.560204]},"properties":{"nome":"Feira Jardim Nova Brasilia","endereco":"Rua Jasmim da Espanha,100","dia":"Domingo","id_fonte":"equipamento_feira_livre.20617","id":"feiras-20617"}},{"type":"Feature","geometry":{"type":"Point","coordinates":[-46.491986,-23.621813]},"properties":{"nome":"Feira Jardim Nova Sapopemba","endereco":"Rua Carlo Coccia,448","dia":"Domingo","id_fonte":"equipamento_feira_livre.20077","id":"feiras-20077"}},{"type":"Feature","geometry":{"type":"Point","coordinates":[-46.484357,-23.589673]},"properties":{"nome":"Feira Jardim Nove de Julho","endereco":"Rua das Capitanias,496","dia":"Sexta-Feira","id_fonte":"equipamento_feira_livre.20286","id":"feiras-20286"}},{"type":"Feature","geometry":{"type":"Point","coordinates":[-46.759133,-23.628567]},"properties":{"nome":"Feira Jardim Olinda","endereco":"Rua Cardoso Moreira,100","dia":"Sabado","id_fonte":"equipamento_feira_livre.20542","id":"feiras-20542"}},{"type":"Feature","geometry":{"type":"Point","coordinates":[-46.729972,-23.448759]},"properties":{"nome":"Feira Jardim Panamericano","endereco":"Rua Antonio Sebastiao Sobrinho,480","dia":"Quarta-Feira","id_fonte":"equipamento_feira_livre.20873","id":"feiras-20873"}},{"type":"Feature","geometry":{"type":"Point","coordinates":[-46.501862,-23.595814]},"properties":{"nome":"Feira Jardim Paraguassu","endereco":"Rua Douradoquara,50","dia":"Domingo","id_fonte":"equipamento_feira_livre.20289","id":"feiras-20289"}},{"type":"Feature","geometry":{"type":"Point","coordinates":[-46.586459,-23.62599]},"properties":{"nome":"Feira Jardim Patente","endereco":"Av Patente,194","dia":"Sexta-Feira","id_fonte":"equipamento_feira_livre.20219","id":"feiras-20219"}},{"type":"Feature","geometry":{"type":"Point","coordinates":[-46.654768,-23.57161]},"properties":{"nome":"Feira Jardim Paulista","endereco":"Rua Cap Pinto Ferreira C/ Batataes,100","dia":"Sexta-Feira","id_fonte":"equipamento_feira_livre.20878","id":"feiras-20878"}},{"type":"Feature","geometry":{"type":"Point","coordinates":[-46.496197,-23.494376]},"properties":{"nome":"Feira Jardim Penha","endereco":"Rua do Acapuzal,9","dia":"Sabado","id_fonte":"equipamento_feira_livre.20646","id":"feiras-20646"}},{"type":"Feature","geometry":{"type":"Point","coordinates":[-46.651387,-23.46012]},"properties":{"nome":"Feira Jardim Peri Alto","endereco":"Rua Sao Lourenco do Sul,201","dia":"Domingo","id_fonte":"equipamento_feira_livre.20522","id":"feiras-20522"}},{"type":"Feature","geometry":{"type":"Point","coordinates":[-46.734063,-23.585503]},"properties":{"nome":"Feira Jardim Peri Peri","endereco":"Rua Plinio Salgado,21","dia":"Terca-Feira","id_fonte":"equipamento_feira_livre.20517","id":"feiras-20517"}},{"type":"Feature","geometry":{"type":"Point","coordinates":[-46.700523,-23.756333]},"properties":{"nome":"Feira Jardim Petronita","endereco":"Rua Dr Antonio Simoes de Carvalho,100","dia":"Sabado","id_fonte":"equipamento_feira_livre.20679","id":"feiras-20679"}},{"type":"Feature","geometry":{"type":"Point","coordinates":[-46.740219,-23.582312]},"properties":{"nome":"Feira Jardim Pinheiros","endereco":"","dia":"Sabado","id_fonte":"equipamento_feira_livre.20519","id":"feiras-20519"}},{"type":"Feature","geometry":{"type":"Point","coordinates":[-46.535314,-23.501465]},"properties":{"nome":"Feira Jardim Piratininga","endereco":"Rua Adelina Linhares,10","dia":"Sabado","id_fonte":"equipamento_feira_livre.20561","id":"feiras-20561"}},{"type":"Feature","geometry":{"type":"Point","coordinates":[-46.515443,-23.609799]},"properties":{"nome":"Feira Jardim Planalto","endereco":"Rua Rio Hipiaugui,1","dia":"Terca-Feira","id_fonte":"equipamento_feira_livre.20084","id":"feiras-20084"}},{"type":"Feature","geometry":{"type":"Point","coordinates":[-46.508271,-23.515888]},"properties":{"nome":"Feira Jardim Popular","endereco":"Rua Andre Natale,98","dia":"Quinta-Feira","id_fonte":"equipamento_feira_livre.20195","id":"feiras-20195"}},{"type":"Feature","geometry":{"type":"Point","coordinates":[-46.608016,-23.611606]},"properties":{"nome":"Feira Jardim Previdencia","endereco":"Av Inhaiba,250","dia":"Domingo","id_fonte":"equipamento_feira_livre.20782","id":"feiras-20782"}},{"type":"Feature","geometry":{"type":"Point","coordinates":[-46.686774,-23.713881]},"properties":{"nome":"Feira Jardim Primavera","endereco":"Rua Francisco Barreto,100","dia":"Sabado","id_fonte":"equipamento_feira_livre.20604","id":"feiras-20604"}},{"type":"Feature","geometry":{"type":"Point","coordinates":[-46.672049,-23.656476]},"properties":{"nome":"Feira Jardim Prudencia","endereco":"Rua Maria Jose Rangel,649","dia":"Terca-Feira","id_fonte":"equipamento_feira_livre.20047","id":"feiras-20047"}},{"type":"Feature","geometry":{"type":"Point","coordinates":[-46.777546,-23.696494]},"properties":{"nome":"Feira Jardim Ranieri","endereco":"Rua Manoel da Costa Dantas,99","dia":"Domingo","id_fonte":"equipamento_feira_livre.20427","id":"feiras-20427"}},{"type":"Feature","geometry":{"type":"Point","coordinates":[-46.71183,-23.573857]},"properties":{"nome":"Feira Jardim Raposo Tavares","endereco":"Av Caxingui,1000","dia":"Sabado","id_fonte":"equipamento_feira_livre.20516","id":"feiras-20516"}},{"type":"Feature","geometry":{"type":"Point","coordinates":[-46.523551,-23.570787]},"properties":{"nome":"Feira Jardim Record","endereco":"Av dos Pequis,321","dia":"Quarta-Feira","id_fonte":"equipamento_feira_livre.20475","id":"feiras-20475"}},{"type":"Feature","geometry":{"type":"Point","coordinates":[-46.741501,-23.474733]},"properties":{"nome":"Feira Jardim Regina","endereco":"Rua Pde Marcigaglia,50","dia":"Quarta-Feira","id_fonte":"equipamento_feira_livre.20173","id":"feiras-20173"}},{"type":"Feature","geometry":{"type":"Point","coordinates":[-46.725591,-23.435915]},"properties":{"nome":"Feira Jardim Rincao","endereco":"Rua Dr Carmelo D'agostinho,90","dia":"Sexta-Feira","id_fonte":"equipamento_feira_livre.20864","id":"feiras-20864"}},{"type":"Feature","geometry":{"type":"Point","coordinates":[-46.412482,-23.523781]},"properties":{"nome":"Feira Jardim Robru","endereco":"Rua Benedito de Souza Borges,33","dia":"Domingo","id_fonte":"equipamento_feira_livre.20343","id":"feiras-20343"}},{"type":"Feature","geometry":{"type":"Point","coordinates":[-46.410388,-23.519316]},"properties":{"nome":"Feira Jardim Robru","endereco":"Rua Joao Barbosa de Lima,38","dia":"Quinta-Feira","id_fonte":"equipamento_feira_livre.20354","id":"feiras-20354"}},{"type":"Feature","geometry":{"type":"Point","coordinates":[-46.384516,-23.483526]},"properties":{"nome":"Feira Jardim Romano","endereco":"Rua Diogo Goncalves Laco,10","dia":"Quarta-Feira","id_fonte":"equipamento_feira_livre.20010","id":"feiras-20010"}},{"type":"Feature","geometry":{"type":"Point","coordinates":[-46.778337,-23.645747]},"properties":{"nome":"Feira Jardim Rosana","endereco":"Rua Carlos Nahas C/ Carlos Lacerda,1","dia":"Domingo","id_fonte":"equipamento_feira_livre.20537","id":"feiras-20537"}},{"type":"Feature","geometry":{"type":"Point","coordinates":[-46.7766,-23.645365]},"properties":{"nome":"Feira Jardim Rosana","endereco":"Rua Carlos Nahas,5","dia":"Terca-Feira","id_fonte":"equipamento_feira_livre.20544","id":"feiras-20544"}},{"type":"Feature","geometry":{"type":"Point","coordinates":[-46.439958,-23.59657]},"properties":{"nome":"Feira Jardim Roseli","endereco":"Rua Luiza de Jesus Ferreira,30","dia":"Domingo","id_fonte":"equipamento_feira_livre.20695","id":"feiras-20695"}},{"type":"Feature","geometry":{"type":"Point","coordinates":[-46.446933,-23.51776]},"properties":{"nome":"Feira Jardim Ruth","endereco":"Rua Flor de Pelicano,50","dia":"Terca-Feira","id_fonte":"equipamento_feira_livre.20839","id":"feiras-20839"}},{"type":"Feature","geometry":{"type":"Point","coordinates":[-46.7063,-23.758006]},"properties":{"nome":"Feira Jardim S Francisca","endereco":"Rua Henry Lacordaire,100","dia":"Quarta-Feira","id_fonte":"equipamento_feira_livre.20678","id":"feiras-20678"}},{"type":"Feature","geometry":{"type":"Point","coordinates":[-46.479647,-23.61892]},"properties":{"nome":"Feira Jardim Santa Adelia","endereco":"Rua Cachoeira de Minas,10","dia":"Sabado","id_fonte":"equipamento_feira_livre.20280","id":"feiras-20280"}},{"type":"Feature","geometry":{"type":"Point","coordinates":[-46.668229,-23.459115]},"properties":{"nome":"Feira Jardim Santa Cruz","endereco":"Rua Monte Sao Martinho,349","dia":"Terca-Feira","id_fonte":"equipamento_feira_livre.20521","id":"feiras-20521"}},{"type":"Feature","geometry":{"type":"Point","coordinates":[-46.427191,-23.538025]},"properties":{"nome":"Feira Jardim Santa Helena","endereco":"Rua Santa Edith,100","dia":"Sexta-Feira","id_fonte":"equipamento_feira_livre.20917","id":"feiras-20917"}},{"type":"Feature","geometry":{"type":"Point","coordinates":[-46.748793,-23.474253]},"properties":{"nome":"Feira Jardim Santa Monica","endereco":"Av Santa Monica,300","dia":"Quinta-Feira","id_fonte":"equipamento_feira_livre.20174","id":"feiras-20174"}},{"type":"Feature","geometry":{"type":"Point","coordinates":[-46.452532,-23.512141]},"properties":{"nome":"Feira Jardim Santana","endereco":"Rua Fruto do Paraiso,10","dia":"Sabado","id_fonte":"equipamento_feira_livre.20375","id":"feiras-20375"}},{"type":"Feature","geometry":{"type":"Point","coordinates":[-46.445017,-23.625154]},"properties":{"nome":"Feira Jardim Santo Andre","endereco":"Rua Afonso Furtado de Castro,50","dia":"Terca-Feira","id_fonte":"equipamento_feira_livre.20294","id":"feiras-20294"}},{"type":"Feature","geometry":{"type":"Point","coordinates":[-46.443124,-23.632801]},"properties":{"nome":"Feira Jardim Santo Andre","endereco":"Rua Duarte Teixeira Chaves,50","dia":"Sabado","id_fonte":"equipamento_feira_livre.20295","id":"feiras-20295"}},{"type":"Feature","geometry":{"type":"Point","coordinates":[-46.73312,-23.641786]},"properties":{"nome":"Feira Jardim Santo Antonio","endereco":"Rua Manuel Homem de Andrade,10","dia":"Domingo","id_fonte":"equipamento_feira_livre.20340","id":"feiras-20340"}},{"type":"Feature","geometry":{"type":"Point","coordinates":[-46.640063,-23.502879]},"properties":{"nome":"Feira Jardim Sao Bento","endereco":"Rua Cap Manoel Novaes,100","dia":"Quarta-Feira","id_fonte":"equipamento_feira_livre.20256","id":"feiras-20256"}},{"type":"Feature","geometry":{"type":"Point","coordinates":[-46.459938,-23.633238]},"properties":{"nome":"Feira Jardim Sao Francisco","endereco":"Rua Morro das Pedras,100","dia":"Domingo","id_fonte":"equipamento_feira_livre.20296","id":"feiras-20296"}},{"type":"Feature","geometry":{"type":"Point","coordinates":[-46.733704,-23.449081]},"properties":{"nome":"Feira Jardim Sao Joao","endereco":"Rua Pastoril de Almenara,50","dia":"Domingo","id_fonte":"equipamento_feira_livre.20871","id":"feiras-20871"}},{"type":"Feature","geometry":{"type":"Point","coordinates":[-46.781639,-23.596519]},"properties":{"nome":"Feira Jardim Sao Jorge","endereco":"Rua Prof Joao de Lorenzo,32","dia":"Quinta-Feira","id_fonte":"equipamento_feira_livre.20829","id":"feiras-20829"}},{"type":"Feature","geometry":{"type":"Point","coordinates":[-46.709126,-23.498219]},"properties":{"nome":"Feira Jardim Sao Jose","endereco":"Rua Pde Mariano Ronchi,39","dia":"Terca-Feira","id_fonte":"equipamento_feira_livre.20184","id":"feiras-20184"}},{"type":"Feature","geometry":{"type":"Point","coordinates":[-46.735094,-23.652925]},"properties":{"nome":"Feira Jardim Sao Luiz","endereco":"Rua Arraial dos Couros,19","dia":"Quarta-Feira","id_fonte":"equipamento_feira_livre.20906","id":"feiras-20906"}},{"type":"Feature","geometry":{"type":"Point","coordinates":[-46.735063,-23.652099]},"properties":{"nome":"Feira Jardim Sao Luiz","endereco":"Rua Arraial dos Couros,33","dia":"Domingo","id_fonte":"equipamento_feira_livre.20909","id":"feiras-20909"}},{"type":"Feature","geometry":{"type":"Point","coordinates":[-46.413819,-23.482098]},"properties":{"nome":"Feira Jardim Sao Martinho","endereco":"Av Borboleta Amarela,10","dia":"Quinta-Feira","id_fonte":"equipamento_feira_livre.20008","id":"feiras-20008"}},{"type":"Feature","geometry":{"type":"Point","coordinates":[-46.618778,-23.492011]},"properties":{"nome":"Feira Jardim Sao Paulo","endereco":"Rua Prof Joaquim Ozorio de Azevedo,200","dia":"Sexta-Feira","id_fonte":"equipamento_feira_livre.20253","id":"feiras-20253"}},{"type":"Feature","geometry":{"type":"Point","coordinates":[-46.398752,-23.559142]},"properties":{"nome":"Feira Jardim Sao Paulo","endereco":"Rua Jeronimo Dias Ribeiro,50","dia":"Domingo","id_fonte":"equipamento_feira_livre.20684","id":"feiras-20684"}},{"type":"Feature","geometry":{"type":"Point","coordinates":[-46.399635,-23.56595]},"properties":{"nome":"Feira Jardim Sao Paulo","endereco":"Av Utaro Kanai C/ Festa Chinesa,546","dia":"Quarta-Feira","id_fonte":"equipamento_feira_livre.20685","id":"feiras-20685"}},{"type":"Feature","geometry":{"type":"Point","coordinates":[-46.405245,-23.553014]},"properties":{"nome":"Feira Jardim Sao Paulo","endereco":"Rua Ideal,100","dia":"Quinta-Feira","id_fonte":"equipamento_feira_livre.20686","id":"feiras-20686"}},{"type":"Feature","geometry":{"type":"Point","coordinates":[-46.403558,-23.558352]},"properties":{"nome":"Feira Jardim Sao Paulo","endereco":"Rua Alvaro da Costa,50","dia":"Sexta-Feira","id_fonte":"equipamento_feira_livre.20687","id":"feiras-20687"}},{"type":"Feature","geometry":{"type":"Point","coordinates":[-46.430886,-23.502766]},"properties":{"nome":"Feira Jardim Sao Vicente","endereco":"Av Prof Assis Veloso,820","dia":"Domingo","id_fonte":"equipamento_feira_livre.20313","id":"feiras-20313"}},{"type":"Feature","geometry":{"type":"Point","coordinates":[-46.498518,-23.613143]},"properties":{"nome":"Feira Jardim Sapopemba","endereco":"Rua Joao Lopes de Lima,300","dia":"Terca-Feira","id_fonte":"equipamento_feira_livre.20078","id":"feiras-20078"}},{"type":"Feature","geometry":{"type":"Point","coordinates":[-46.68809,-23.702578]},"properties":{"nome":"Feira Jardim Satelite","endereco":"Rua Claudio Sergio Bere,10","dia":"Sabado","id_fonte":"equipamento_feira_livre.20605","id":"feiras-20605"}},{"type":"Feature","geometry":{"type":"Point","coordinates":[-46.413709,-23.504839]},"properties":{"nome":"Feira Jardim Silva Telles","endereco":"Rua Caraipe das Aguas,176","dia":"Sabado","id_fonte":"equipamento_feira_livre.20351","id":"feiras-20351"}},{"type":"Feature","geometry":{"type":"Point","coordinates":[-46.40052,-23.550974]},"properties":{"nome":"Feira Jardim Soares","endereco":"Rua Inacio Moreira,100","dia":"Quarta-Feira","id_fonte":"equipamento_feira_livre.20682","id":"feiras-20682"}},{"type":"Feature","geometry":{"type":"Point","coordinates":[-46.709624,-23.690166]},"properties":{"nome":"Feira Jardim Suzano","endereco":"Av Inacio Cunha Leme,357","dia":"Domingo","id_fonte":"equipamento_feira_livre.20318","id":"feiras-20318"}},{"type":"Feature","geometry":{"type":"Point","coordinates":[-46.551739,-23.577859]},"properties":{"nome":"Feira Jardim Tialha","endereco":"Rua Pinto da Luz,50","dia":"Terca-Feira","id_fonte":"equipamento_feira_livre.20072","id":"feiras-20072"}},{"type":"Feature","geometry":{"type":"Point","coordinates":[-46.605182,-23.469214]},"properties":{"nome":"Feira Jardim Tremembe","endereco":"Rua Mere Marie Annais do Sion,100","dia":"Domingo","id_fonte":"equipamento_feira_livre.20830","id":"feiras-20830"}},{"type":"Feature","geometry":{"type":"Point","coordinates":[-46.68354,-23.766986]},"properties":{"nome":"Feira Jardim Tres Coracoes","endereco":"Rua Benedita Martins Ramos,115","dia":"Domingo","id_fonte":"equipamento_feira_livre.20670","id":"feiras-20670"}},{"type":"Feature","geometry":{"type":"Point","coordinates":[-46.497535,-23.526489]},"properties":{"nome":"Feira Jardim Tres Marias","endereco":"Rua Municipal,1213","dia":"Terca-Feira","id_fonte":"equipamento_feira_livre.20150","id":"feiras-20150"}},{"type":"Feature","geometry":{"type":"Point","coordinates":[-46.603836,-23.63244]},"properties":{"nome":"Feira Jardim Tropical","endereco":"Rua Eng Jose Bueno Bicalho,50","dia":"Sabado","id_fonte":"equipamento_feira_livre.20234","id":"feiras-20234"}},{"type":"Feature","geometry":{"type":"Point","coordinates":[-46.66916,-23.693331]},"properties":{"nome":"Feira Jardim Ubirajara","endereco":"Av Batista Maciel,313","dia":"Quarta-Feira","id_fonte":"equipamento_feira_livre.20131","id":"feiras-20131"}},{"type":"Feature","geometry":{"type":"Point","coordinates":[-46.756414,-23.618527]},"properties":{"nome":"Feira Jardim Umarizal","endereco":"Av Anace,50","dia":"Sexta-Feira","id_fonte":"equipamento_feira_livre.20543","id":"feiras-20543"}},{"type":"Feature","geometry":{"type":"Point","coordinates":[-46.767571,-23.642645]},"properties":{"nome":"Feira Jardim Umuarama","endereco":"Rua Odemis,168","dia":"Sabado","id_fonte":"equipamento_feira_livre.20545","id":"feiras-20545"}},{"type":"Feature","geometry":{"type":"Point","coordinates":[-46.683584,-23.784028]},"properties":{"nome":"Feira Jardim Varginha","endereco":"Rua Raimunda P de Alencar da Silva,10","dia":"Domingo","id_fonte":"equipamento_feira_livre.20663","id":"feiras-20663"}},{"type":"Feature","geometry":{"type":"Point","coordinates":[-46.756235,-23.674672]},"properties":{"nome":"Feira Jardim Vaz de Lima","endereco":"Rua Luca de Marenzio,130","dia":"Quinta-Feira","id_fonte":"equipamento_feira_livre.20903","id":"feiras-20903"}},{"type":"Feature","geometry":{"type":"Point","coordinates":[-46.47379,-23.615964]},"properties":{"nome":"Feira Jardim Vera Cruz","endereco":"Rua Pires Caleiro,50","dia":"Quarta-Feira","id_fonte":"equipamento_feira_livre.20298","id":"feiras-20298"}},{"type":"Feature","geometry":{"type":"Point","coordinates":[-46.434253,-23.510177]},"properties":{"nome":"Feira Jardim Vera Cruz","endereco":"Av Moacir Dantas Itapicuru,135","dia":"Quinta-Feira","id_fonte":"equipamento_feira_livre.20317","id":"feiras-20317"}},{"type":"Feature","geometry":{"type":"Point","coordinates":[-46.475471,-23.612426]},"properties":{"nome":"Feira Jardim Vera Cruz Noturna","endereco":"Av Sapopemba,15600","dia":"Terca-Feira","id_fonte":"equipamento_feira_livre.20276","id":"feiras-20276"}},{"type":"Feature","geometry":{"type":"Point","coordinates":[-46.730059,-23.665285]},"properties":{"nome":"Feira Jardim Vergueiro","endereco":"Rua Antonio Vaz,38","dia":"Sabado","id_fonte":"equipamento_feira_livre.20901","id":"feiras-20901"}},{"type":"Feature","geometry":{"type":"Point","coordinates":[-46.488489,-23.489452]},"properties":{"nome":"Feira Jardim Veronia","endereco":"Rua Antonio Leite Penteado,318","dia":"Sabado","id_fonte":"equipamento_feira_livre.20644","id":"feiras-20644"}},{"type":"Feature","geometry":{"type":"Point","coordinates":[-46.455816,-23.612761]},"properties":{"nome":"Feira Jardim Vila Carrao I","endereco":"Av Bassano Del Grapa,100","dia":"Domingo","id_fonte":"equipamento_feira_livre.20303","id":"feiras-20303"}},{"type":"Feature","geometry":{"type":"Point","coordinates":[-46.523543,-23.568526]},"properties":{"nome":"Feira Jardim Vila Formosa","endereco":"Av Dom Azeredo Coutinho,125","dia":"Sabado","id_fonte":"equipamento_feira_livre.20477","id":"feiras-20477"}},{"type":"Feature","geometry":{"type":"Point","coordinates":[-46.653944,-23.681515]},"properties":{"nome":"Feira Jardim Vila Lucia","endereco":"Rua Delfino Facchina,4040","dia":"Domingo","id_fonte":"equipamento_feira_livre.20043","id":"feiras-20043"}},{"type":"Feature","geometry":{"type":"Point","coordinates":[-46.465201,-23.616877]},"properties":{"nome":"Feira Jardim Vila Nova Carrao","endereco":"Av Mariana de Souza Guerra,50","dia":"Quinta-Feira","id_fonte":"equipamento_feira_livre.20302","id":"feiras-20302"}},{"type":"Feature","geometry":{"type":"Point","coordinates":[-46.641511,-23.674592]},"properties":{"nome":"Feira Jardim Vilas Boas","endereco":"Rua Luis Stolb,35","dia":"Sabado","id_fonte":"equipamento_feira_livre.20037","id":"feiras-20037"}},{"type":"Feature","geometry":{"type":"Point","coordinates":[-46.683209,-23.450358]},"properties":{"nome":"Feira Jardim Vista Alegre","endereco":"Rua Itatiba do Sul,100","dia":"Terca-Feira","id_fonte":"equipamento_feira_livre.20503","id":"feiras-20503"}},{"type":"Feature","geometry":{"type":"Point","coordinates":[-46.724854,-23.495319]},"properties":{"nome":"Feira Jardim da Felicidade","endereco":"Rua Laudelino Vieira de Campos,50","dia":"Sabado","id_fonte":"equipamento_feira_livre.20191","id":"feiras-20191"}},{"type":"Feature","geometry":{"type":"Point","coordinates":[-46.623923,-23.584001]},"properties":{"nome":"Feira Jardim da Gloria","endereco":"Rua Professor Macedo Soares,276","dia":"Quarta-Feira","id_fonte":"equipamento_feira_livre.20809","id":"feiras-20809"}},{"type":"Feature","geometry":{"type":"Point","coordinates":[-46.618877,-23.613326]},"properties":{"nome":"Feira Jardim da Saude","endereco":"Pç Bras Goncalves,99","dia":"Domingo","id_fonte":"equipamento_feira_livre.20783","id":"feiras-20783"}},{"type":"Feature","geometry":{"type":"Point","coordinates":[-46.687916,-23.547802]},"properties":{"nome":"Feira Jardim das Bandeiras","endereco":"Rua Luminarias,100","dia":"Quarta-Feira","id_fonte":"equipamento_feira_livre.20169","id":"feiras-20169"}},{"type":"Feature","geometry":{"type":"Point","coordinates":[-46.461413,-23.512984]},"properties":{"nome":"Feira Jardim das Camelias","endereco":"Rua Lirio da Serra,2","dia":"Quinta-Feira","id_fonte":"equipamento_feira_livre.20378","id":"feiras-20378"}},{"type":"Feature","geometry":{"type":"Point","coordinates":[-46.740898,-23.671927]},"properties":{"nome":"Feira Jardim das Flores","endereco":"Av Inacio Dias da Silva,80","dia":"Domingo","id_fonte":"equipamento_feira_livre.20899","id":"feiras-20899"}},{"type":"Feature","geometry":{"type":"Point","coordinates":[-46.71094,-23.727419]},"properties":{"nome":"Feira Jardim das Imbuias","endereco":"Rua Jose Luiz Monteiro,100","dia":"Sexta-Feira","id_fonte":"equipamento_feira_livre.20609","id":"feiras-20609"}},{"type":"Feature","geometry":{"type":"Point","coordinates":[-46.663794,-23.504966]},"properties":{"nome":"Feira Jardim das Laranjeiras","endereco":"Rua Frederico Penteado Junior,20","dia":"Terca-Feira","id_fonte":"equipamento_feira_livre.20596","id":"feiras-20596"}},{"type":"Feature","geometry":{"type":"Point","coordinates":[-46.432223,-23.604361]},"properties":{"nome":"Feira Jardim das Laranjeiras","endereco":"Rua Maria Garcia Betim,5","dia":"Sabado","id_fonte":"equipamento_feira_livre.20697","id":"feiras-20697"}},{"type":"Feature","geometry":{"type":"Point","coordinates":[-46.379358,-23.49443]},"properties":{"nome":"Feira Jardim das Oliveiras","endereco":"Rua Monsenhor Salim,4","dia":"Sabado","id_fonte":"equipamento_feira_livre.20718","id":"feiras-20718"}},{"type":"Feature","geometry":{"type":"Point","coordinates":[-46.788094,-23.662115]},"properties":{"nome":"Feira Jardim das Rosas","endereco":"Rua Serra dos Dois Irmaos,10","dia":"Domingo","id_fonte":"equipamento_feira_livre.20571","id":"feiras-20571"}},{"type":"Feature","geometry":{"type":"Point","coordinates":[-46.775185,-23.675928]},"properties":{"nome":"Feira Jardim do Colegio","endereco":"Rua Dr Humberto Pascale,106","dia":"Domingo","id_fonte":"equipamento_feira_livre.20578","id":"feiras-20578"}},{"type":"Feature","geometry":{"type":"Point","coordinates":[-46.681822,-23.450203]},"properties":{"nome":"Feira Jardim do Recanto","endereco":"Rua Araripira,25","dia":"Domingo","id_fonte":"equipamento_feira_livre.20502","id":"feiras-20502"}},{"type":"Feature","geometry":{"type":"Point","coordinates":[-46.762604,-23.407435]},"properties":{"nome":"Feira Jardim do Russo","endereco":"Rua Eng Nogueira Soares,45","dia":"Domingo","id_fonte":"equipamento_feira_livre.20159","id":"feiras-20159"}},{"type":"Feature","geometry":{"type":"Point","coordinates":[-46.75505,-23.811338]},"properties":{"nome":"Feira Jardim dos Alamos","endereco":"Rua Henrique Roschel Christi,344","dia":"Terca-Feira","id_fonte":"equipamento_feira_livre.20437","id":"feiras-20437"}},{"type":"Feature","geometry":{"type":"Point","coordinates":[-46.694106,-23.776176]},"properties":{"nome":"Feira Jd. Novo Horizonte","endereco":"Rua Luar de Lagrimas,15","dia":"Domingo","id_fonte":"equipamento_feira_livre.20675","id":"feiras-20675"}},{"type":"Feature","geometry":{"type":"Point","coordinates":[-46.450479,-23.602675]},"properties":{"nome":"Feira Jd.boa Esperanca","endereco":"Rua Igupiara,30","dia":"Quinta-Feira","id_fonte":"equipamento_feira_livre.20699","id":"feiras-20699"}},{"type":"Feature","geometry":{"type":"Point","coordinates":[-46.500596,-23.573925]},"properties":{"nome":"Feira Jd.santa Terezinha","endereco":"Rua Campo de Vinha,50","dia":"Sabado","id_fonte":"equipamento_feira_livre.20618","id":"feiras-20618"}},{"type":"Feature","geometry":{"type":"Point","coordinates":[-46.667597,-23.468054]},"properties":{"nome":"Feira Jeronimo de Andrade","endereco":"Rua Afonso Lopes Vieira,582","dia":"Domingo","id_fonte":"equipamento_feira_livre.20523","id":"feiras-20523"}},{"type":"Feature","geometry":{"type":"Point","coordinates":[-46.712285,-23.644154]},"properties":{"nome":"Feira Joao Dias","endereco":"Rua do Carreiro de Pedra,100","dia":"Terca-Feira","id_fonte":"equipamento_feira_livre.20264","id":"feiras-20264"}},{"type":"Feature","geometry":{"type":"Point","coordinates":[-46.650463,-23.479616]},"properties":{"nome":"Feira Joao Pessoa","endereco":"Rua Ribeirao do Salto,100","dia":"Quarta-Feira","id_fonte":"equipamento_feira_livre.20018","id":"feiras-20018"}},{"type":"Feature","geometry":{"type":"Point","coordinates":[-46.67197,-23.539628]},"properties":{"nome":"Feira Joao Ramalho","endereco":"Rua Aimbere C Caiubi,501","dia":"Quinta-Feira","id_fonte":"equipamento_feira_livre.20158","id":"feiras-20158"}},{"type":"Feature","geometry":{"type":"Point","coordinates":[-46.512796,-23.592479]},"properties":{"nome":"Feira Joao da Praia","endereco":"Rua Joao da Praia","dia":"Sabado","id_fonte":"equipamento_feira_livre.20965","id":"feiras-20965"}},{"type":"Feature","geometry":{"type":"Point","coordinates":[-46.648372,-23.58954]},"properties":{"nome":"Feira Joaquim Tavora","endereco":"Rua Franca Pinto,1200","dia":"Sabado","id_fonte":"equipamento_feira_livre.20819","id":"feiras-20819"}},{"type":"Feature","geometry":{"type":"Point","coordinates":[-46.628667,-23.597678]},"properties":{"nome":"Feira Jorge Tibirica","endereco":"Rua Jureia,41","dia":"Domingo","id_fonte":"equipamento_feira_livre.20806","id":"feiras-20806"}},{"type":"Feature","geometry":{"type":"Point","coordinates":[-46.669064,-23.601375]},"properties":{"nome":"Feira Jornalista Otavio Muniz","endereco":"Tv Jornalista Otavio Muniz,50","dia":"Sexta-Feira","id_fonte":"equipamento_feira_livre.20556","id":"feiras-20556"}},{"type":"Feature","geometry":{"type":"Point","coordinates":[-46.4346,-23.546506]},"properties":{"nome":"Feira Jose Bonifacio","endereco":"Pç Bom Pastor,462","dia":"Quinta-Feira","id_fonte":"equipamento_feira_livre.20916","id":"feiras-20916"}},{"type":"Feature","geometry":{"type":"Point","coordinates":[-46.525834,-23.538451]},"properties":{"nome":"Feira Jose Mascarenhas","endereco":"Av Melchert,1515","dia":"Sabado","id_fonte":"equipamento_feira_livre.20400","id":"feiras-20400"}},{"type":"Feature","geometry":{"type":"Point","coordinates":[-46.464673,-23.501388]},"properties":{"nome":"Feira Jose Nunes","endereco":"Av Pau D'arco Roxo,220","dia":"Terca-Feira","id_fonte":"equipamento_feira_livre.20373","id":"feiras-20373"}},{"type":"Feature","geometry":{"type":"Point","coordinates":[-46.766973,-23.642009]},"properties":{"nome":"Feira José de Salcedo","endereco":"Rua Jose de Salcedo","dia":"Terca-Feira","id_fonte":"equipamento_feira_livre.20942","id":"feiras-20942"}},{"type":"Feature","geometry":{"type":"Point","coordinates":[-46.620742,-23.536287]},"properties":{"nome":"Feira Julio Ribeiro","endereco":"Rua Henrique Dias,200","dia":"Sexta-Feira","id_fonte":"equipamento_feira_livre.20497","id":"feiras-20497"}},{"type":"Feature","geometry":{"type":"Point","coordinates":[-46.683965,-23.588579]},"properties":{"nome":"Feira Jussepe","endereco":"Rua Jusseape","dia":"Quarta-Feira","id_fonte":"equipamento_feira_livre.20967","id":"feiras-20967"}},{"type":"Feature","geometry":{"type":"Point","coordinates":[-46.749807,-23.552996]},"properties":{"nome":"Feira Lageado","endereco":"Av Araicas,254","dia":"Quinta-Feira","id_fonte":"equipamento_feira_livre.20863","id":"feiras-20863"}},{"type":"Feature","geometry":{"type":"Point","coordinates":[-46.5055,-23.49317]},"properties":{"nome":"Feira Lagoa Dentro","endereco":"Rua Lagoa Dentro","dia":"Domingo","id_fonte":"equipamento_feira_livre.20973","id":"feiras-20973"}},{"type":"Feature","geometry":{"type":"Point","coordinates":[-46.426394,-23.523218]},"properties":{"nome":"Feira Lajeado","endereco":"Rua Jose Martins dos Santos,100","dia":"Sabado","id_fonte":"equipamento_feira_livre.20746","id":"feiras-20746"}},{"type":"Feature","geometry":{"type":"Point","coordinates":[-46.700113,-23.526689]},"properties":{"nome":"Feira Lapa","endereco":"Rua Fabia C Aurelia,701","dia":"Domingo","id_fonte":"equipamento_feira_livre.20753","id":"feiras-20753"}},{"type":"Feature","geometry":{"type":"Point","coordinates":[-46.63916,-23.487297]},"properties":{"nome":"Feira Lauzane Paulista","endereco":"Rua Dona Maria Custodia,100","dia":"Sabado","id_fonte":"equipamento_feira_livre.20249","id":"feiras-20249"}},{"type":"Feature","geometry":{"type":"Point","coordinates":[-46.741655,-23.453952]},"properties":{"nome":"Feira Lavrinha","endereco":"Av Jerimanduba,50","dia":"Sexta-Feira","id_fonte":"equipamento_feira_livre.20867","id":"feiras-20867"}},{"type":"Feature","geometry":{"type":"Point","coordinates":[-46.636095,-23.561567]},"properties":{"nome":"Feira Liberdade","endereco":"Rua Tagua,1","dia":"Sabado","id_fonte":"equipamento_feira_livre.20764","id":"feiras-20764"}},{"type":"Feature","geometry":{"type":"Point","coordinates":[-46.634356,-23.563756]},"properties":{"nome":"Feira Liberdade/moderna","endereco":"Rua Pandia Calogeras,37","dia":"Quarta-Feira","id_fonte":"equipamento_feira_livre.20762","id":"feiras-20762"}},{"type":"Feature","geometry":{"type":"Point","coordinates":[-46.670614,-23.501137]},"properties":{"nome":"Feira Limao","endereco":"Pç Antonio Franco Velasco,0","dia":"Domingo","id_fonte":"equipamento_feira_livre.20929","id":"feiras-20929"}},{"type":"Feature","geometry":{"type":"Point","coordinates":[-46.46932,-23.506537]},"properties":{"nome":"Feira Limoeiro","endereco":"Av Manoel dos Santos Braga,50","dia":"Terca-Feira","id_fonte":"equipamento_feira_livre.20377","id":"feiras-20377"}},{"type":"Feature","geometry":{"type":"Point","coordinates":[-46.530528,-23.610974]},"properties":{"nome":"Feira Maestro João Evangelista","endereco":"Pç Flavio Jose Amadeu","dia":"Quinta-Feira","id_fonte":"equipamento_feira_livre.20948","id":"feiras-20948"}},{"type":"Feature","geometry":{"type":"Point","coordinates":[-46.632993,-23.470371]},"properties":{"nome":"Feira Mandaqui","endereco":"Rua General Jose Almeida Botelho,100","dia":"Terca-Feira","id_fonte":"equipamento_feira_livre.20015","id":"feiras-20015"}},{"type":"Feature","geometry":{"type":"Point","coordinates":[-46.632351,-23.48247]},"properties":{"nome":"Feira Mandaqui","endereco":"Av Engenheiro Caetano Alvares,5200","dia":"Domingo","id_fonte":"equipamento_feira_livre.20024","id":"feiras-20024"}},{"type":"Feature","geometry":{"type":"Point","coordinates":[-46.658558,-23.483186]},"properties":{"nome":"Feira Mandiba","endereco":"Rua Lasar Segal,409","dia":"Sexta-Feira","id_fonte":"equipamento_feira_livre.20594","id":"feiras-20594"}},{"type":"Feature","geometry":{"type":"Point","coordinates":[-46.382168,-23.515152]},"properties":{"nome":"Feira Manoel Rodrigues Santiago","endereco":"Rua Linaria,80","dia":"Domingo","id_fonte":"equipamento_feira_livre.20722","id":"feiras-20722"}},{"type":"Feature","geometry":{"type":"Point","coordinates":[-46.62627,-23.490125]},"properties":{"nome":"Feira Manoel Soveral","endereco":"Rua Antonio Pereira de Souza,100","dia":"Quinta-Feira","id_fonte":"equipamento_feira_livre.20247","id":"feiras-20247"}},{"type":"Feature","geometry":{"type":"Point","coordinates":[-46.704788,-23.653141]},"properties":{"nome":"Feira Manuel Borba","endereco":"Rua Manuel Borba","dia":"Quarta-Feira","id_fonte":"equipamento_feira_livre.20947","id":"feiras-20947"}},{"type":"Feature","geometry":{"type":"Point","coordinates":[-46.660007,-23.691884]},"properties":{"nome":"Feira Mar Paulista","endereco":"Rua Augusto de Castro,74","dia":"Domingo","id_fonte":"equipamento_feira_livre.20134","id":"feiras-20134"}},{"type":"Feature","geometry":{"type":"Point","coordinates":[-46.681013,-23.474173]},"properties":{"nome":"Feira Maracana","endereco":"Rua Rodolfo Marcos Teofilo,248","dia":"Domingo","id_fonte":"equipamento_feira_livre.20506","id":"feiras-20506"}},{"type":"Feature","geometry":{"type":"Point","coordinates":[-46.655599,-23.512068]},"properties":{"nome":"Feira Marambaia","endereco":"Rua Marambaia,25","dia":"Terca-Feira","id_fonte":"equipamento_feira_livre.20597","id":"feiras-20597"}},{"type":"Feature","geometry":{"type":"Point","coordinates":[-46.561315,-23.530739]},"properties":{"nome":"Feira Maranhao","endereco":"Rua Mateus Gomes,50","dia":"Terca-Feira","id_fonte":"equipamento_feira_livre.20325","id":"feiras-20325"}},{"type":"Feature","geometry":{"type":"Point","coordinates":[-46.533825,-23.535841]},"properties":{"nome":"Feira Marcondes de Brito","endereco":"Av Marcondes de Brito","dia":"Sexta-Feira","id_fonte":"equipamento_feira_livre.20952","id":"feiras-20952"}},{"type":"Feature","geometry":{"type":"Point","coordinates":[-46.480688,-23.600301]},"properties":{"nome":"Feira Margarida","endereco":"Rua Margarida Cardoso dos Santos","dia":"Sabado","id_fonte":"equipamento_feira_livre.20959","id":"feiras-20959"}},{"type":"Feature","geometry":{"type":"Point","coordinates":[-46.563516,-23.54908]},"properties":{"nome":"Feira Maria Candida","endereco":"Rua Antonio Camardo,1625","dia":"Sexta-Feira","id_fonte":"equipamento_feira_livre.20333","id":"feiras-20333"}},{"type":"Feature","geometry":{"type":"Point","coordinates":[-46.527243,-23.530877]},"properties":{"nome":"Feira Maria Carlota","endereco":"Rua Maria Carlota,20","dia":"Quarta-Feira","id_fonte":"equipamento_feira_livre.20145","id":"feiras-20145"}},{"type":"Feature","geometry":{"type":"Point","coordinates":[-46.520355,-23.524023]},"properties":{"nome":"Feira Maria Carlota","endereco":"Rua Nilza,373","dia":"Domingo","id_fonte":"equipamento_feira_livre.20149","id":"feiras-20149"}},{"type":"Feature","geometry":{"type":"Point","coordinates":[-46.474869,-23.599888]},"properties":{"nome":"Feira Maria Cursi","endereco":"Rua Domiziano Rossi,50","dia":"Quarta-Feira","id_fonte":"equipamento_feira_livre.20278","id":"feiras-20278"}},{"type":"Feature","geometry":{"type":"Point","coordinates":[-46.594734,-23.63657]},"properties":{"nome":"Feira Maria Estela","endereco":"Pç Dr Curado Fleury,20","dia":"Quinta-Feira","id_fonte":"equipamento_feira_livre.20232","id":"feiras-20232"}},{"type":"Feature","geometry":{"type":"Point","coordinates":[-46.642863,-23.558828]},"properties":{"nome":"Feira Maria Jose","endereco":"Rua Maria Jose C/ Fortaleza,129","dia":"Sexta-Feira","id_fonte":"equipamento_feira_livre.20489","id":"feiras-20489"}},{"type":"Feature","geometry":{"type":"Point","coordinates":[-46.519584,-23.612028]},"properties":{"nome":"Feira Maria Tereza","endereco":"Rua Serra de Itabaiana,87","dia":"Sexta-Feira","id_fonte":"equipamento_feira_livre.20086","id":"feiras-20086"}},{"type":"Feature","geometry":{"type":"Point","coordinates":[-46.741907,-23.600308]},"properties":{"nome":"Feira Mario Moura Andrade","endereco":"Av Claudio Franchi,49","dia":"Sabado","id_fonte":"equipamento_feira_livre.20443","id":"feiras-20443"}},{"type":"Feature","geometry":{"type":"Point","coordinates":[-46.487476,-23.598048]},"properties":{"nome":"Feira Mateo Bei","endereco":"Rua Osvaldo Nevola,10","dia":"Sexta-Feira","id_fonte":"equipamento_feira_livre.20293","id":"feiras-20293"}},{"type":"Feature","geometry":{"type":"Point","coordinates":[-46.70112,-23.519512]},"properties":{"nome":"Feira Melvim Jones","endereco":"Pç Melvim Jones,1405","dia":"Quinta-Feira","id_fonte":"equipamento_feira_livre.20751","id":"feiras-20751"}},{"type":"Feature","geometry":{"type":"Point","coordinates":[-46.629919,-23.540337]},"properties":{"nome":"Feira Mercado Central Organico","endereco":"Rua Cantareira,1000","dia":"Sabado","id_fonte":"equipamento_feira_livre.20305","id":"feiras-20305"}},{"type":"Feature","geometry":{"type":"Point","coordinates":[-46.441485,-23.49152]},"properties":{"nome":"Feira Miguel Angelo Lapena","endereco":"Rua Miguel Angelo Lapena,150","dia":"Terca-Feira","id_fonte":"equipamento_feira_livre.20308","id":"feiras-20308"}},{"type":"Feature","geometry":{"type":"Point","coordinates":[-46.717338,-23.480728]},"properties":{"nome":"Feira Miguel de Castro","endereco":"Av Miguel de Castro,1023","dia":"Quinta-Feira","id_fonte":"equipamento_feira_livre.20182","id":"feiras-20182"}},{"type":"Feature","geometry":{"type":"Point","coordinates":[-46.536344,-23.522729]},"properties":{"nome":"Feira Mirandinha","endereco":"Rua Mirandinha,399","dia":"Terca-Feira","id_fonte":"equipamento_feira_livre.20143","id":"feiras-20143"}},{"type":"Feature","geometry":{"type":"Point","coordinates":[-46.634669,-23.603503]},"properties":{"nome":"Feira Mirandopolis","endereco":"Rua Afonso Celso,1500","dia":"Terca-Feira","id_fonte":"equipamento_feira_livre.20768","id":"feiras-20768"}},{"type":"Feature","geometry":{"type":"Point","coordinates":[-46.790126,-23.686685]},"properties":{"nome":"Feira Moenda Velha","endereco":"Av Moenda Velha Gomes Pedrosa,12","dia":"Sexta-Feira","id_fonte":"equipamento_feira_livre.20429","id":"feiras-20429"}},{"type":"Feature","geometry":{"type":"Point","coordinates":[-46.699015,-23.630549]},"properties":{"nome":"Feira Monark","endereco":"Rua da Paz,1600","dia":"Quinta-Feira","id_fonte":"equipamento_feira_livre.20266","id":"feiras-20266"}},{"type":"Feature","geometry":{"type":"Point","coordinates":[-46.596765,-23.561198]},"properties":{"nome":"Feira Mooca","endereco":"Rua Madre de Deus,604","dia":"Quarta-Feira","id_fonte":"equipamento_feira_livre.20028","id":"feiras-20028"}},{"type":"Feature","geometry":{"type":"Point","coordinates":[-46.599961,-23.563407]},"properties":{"nome":"Feira Mooca","endereco":"Rua Tabajaras,100","dia":"Sabado","id_fonte":"equipamento_feira_livre.20035","id":"feiras-20035"}},{"type":"Feature","geometry":{"type":"Point","coordinates":[-46.604611,-23.53913]},"properties":{"nome":"Feira Moraes Barros","endereco":"Rua Firmiano Pinto,50","dia":"Terca-Feira","id_fonte":"equipamento_feira_livre.20933","id":"feiras-20933"}},{"type":"Feature","geometry":{"type":"Point","coordinates":[-46.694791,-23.480137]},"properties":{"nome":"Feira Morgados","endereco":"Rua Montreal,26","dia":"Quarta-Feira","id_fonte":"equipamento_feira_livre.20651","id":"feiras-20651"}},{"type":"Feature","geometry":{"type":"Point","coordinates":[-46.704719,-23.469688]},"properties":{"nome":"Feira Morro Grande","endereco":"Rua Maria Nazaro da Silva,224","dia":"Sabado","id_fonte":"equipamento_feira_livre.20652","id":"feiras-20652"}},{"type":"Feature","geometry":{"type":"Point","coordinates":[-46.451221,-23.606347]},"properties":{"nome":"Feira Morro do Frade","endereco":"Rua Morro do Frade,0","dia":"Sexta-Feira","id_fonte":"equipamento_feira_livre.20700","id":"feiras-20700"}},{"type":"Feature","geometry":{"type":"Point","coordinates":[-46.698731,-23.458239]},"properties":{"nome":"Feira Muniz Barreto","endereco":"Rua Helcio da Silva,50","dia":"Sabado","id_fonte":"equipamento_feira_livre.20499","id":"feiras-20499"}},{"type":"Feature","geometry":{"type":"Point","coordinates":[-46.74999,-23.659651]},"properties":{"nome":"Feira Musica Aquatica","endereco":"Rua Musica Aquatica","dia":"Quarta-Feira","id_fonte":"equipamento_feira_livre.20970","id":"feiras-20970"}},{"type":"Feature","geometry":{"type":"Point","coordinates":[-46.741252,-23.482842]},"properties":{"nome":"Feira Mutinga","endereco":"Rua Maria Lucia Duarte,35","dia":"Sexta-Feira","id_fonte":"equipamento_feira_livre.20175","id":"feiras-20175"}},{"type":"Feature","geometry":{"type":"Point","coordinates":[-46.594722,-23.513719]},"properties":{"nome":"Feira Nadir Dias de Figueiredo","endereco":"Av Nadir Dias de Figueiredo,1253","dia":"Domingo","id_fonte":"equipamento_feira_livre.20389","id":"feiras-20389"}},{"type":"Feature","geometry":{"type":"Point","coordinates":[-46.56029,-23.556059]},"properties":{"nome":"Feira Nello Bini","endereco":"Rua Nello Bini,86","dia":"Domingo","id_fonte":"equipamento_feira_livre.20358","id":"feiras-20358"}},{"type":"Feature","geometry":{"type":"Point","coordinates":[-46.64336,-23.648162]},"properties":{"nome":"Feira Nhandirobas","endereco":"Rua Grumixamas,374","dia":"Quarta-Feira","id_fonte":"equipamento_feira_livre.20109","id":"feiras-20109"}},{"type":"Feature","geometry":{"type":"Point","coordinates":[-46.544705,-23.5275]},"properties":{"nome":"Feira Nossa Senhora de Fatima","endereco":"Pç Maria Helena Bonelli Palma,355","dia":"Sexta-Feira","id_fonte":"equipamento_feira_livre.20138","id":"feiras-20138"}},{"type":"Feature","geometry":{"type":"Point","coordinates":[-46.529243,-23.502299]},"properties":{"nome":"Feira Ouro","endereco":"Rua Miguel Garcia,354","dia":"Terca-Feira","id_fonte":"equipamento_feira_livre.20560","id":"feiras-20560"}},{"type":"Feature","geometry":{"type":"Point","coordinates":[-46.468967,-23.617668]},"properties":{"nome":"Feira Ouro Fino","endereco":"Rua Leonor de Siqueira,50","dia":"Domingo","id_fonte":"equipamento_feira_livre.20297","id":"feiras-20297"}},{"type":"Feature","geometry":{"type":"Point","coordinates":[-46.664547,-23.544695]},"properties":{"nome":"Feira Pacaembu","endereco":"Pç Charles Muller,0","dia":"Sexta-Feira","id_fonte":"equipamento_feira_livre.20641","id":"feiras-20641"}},{"type":"Feature","geometry":{"type":"Point","coordinates":[-46.445347,-23.49156]},"properties":{"nome":"Feira Padre Aleixo Monteiro Mafra","endereco":"Pç Aleixo Monteiro Mafra,20","dia":"Quarta-Feira","id_fonte":"equipamento_feira_livre.20309","id":"feiras-20309"}},{"type":"Feature","geometry":{"type":"Point","coordinates":[-46.696091,-23.56396]},"properties":{"nome":"Feira Padre Carvalho","endereco":"Rua Nsra Bom Conselho,301","dia":"Domingo","id_fonte":"equipamento_feira_livre.20167","id":"feiras-20167"}},{"type":"Feature","geometry":{"type":"Point","coordinates":[-46.484648,-23.552464]},"properties":{"nome":"Feira Padre Jose de Anchieta","endereco":"Rua Silvio Torres,10","dia":"Quinta-Feira","id_fonte":"equipamento_feira_livre.20891","id":"feiras-20891"}},{"type":"Feature","geometry":{"type":"Point","coordinates":[-46.718224,-23.550654]},"properties":{"nome":"Feira Padre Larivieri","endereco":"Rua Pde Lariviere","dia":"Terca-Feira","id_fonte":"equipamento_feira_livre.20943","id":"feiras-20943"}},{"type":"Feature","geometry":{"type":"Point","coordinates":[-46.485264,-23.545005]},"properties":{"nome":"Feira Padre Manoel da Nobrega","endereco":"Rua Pde Francisco de Toledo,10","dia":"Sabado","id_fonte":"equipamento_feira_livre.20892","id":"feiras-20892"}},{"type":"Feature","geometry":{"type":"Point","coordinates":[-46.60986,-23.469771]},"properties":{"nome":"Feira Palmas do Tremembe","endereco":"Pç Antonio Jose de Araujo,60","dia":"Quarta-Feira","id_fonte":"equipamento_feira_livre.20832","id":"feiras-20832"}},{"type":"Feature","geometry":{"type":"Point","coordinates":[-46.652483,-23.561085]},"properties":{"nome":"Feira Pamplona","endereco":"Al Ribeirão Preto,537","dia":"Sabado","id_fonte":"equipamento_feira_livre.20487","id":"feiras-20487"}},{"type":"Feature","geometry":{"type":"Point","coordinates":[-46.654111,-23.564104]},"properties":{"nome":"Feira Pamplona","endereco":"Al Min Rocha Azevedo,1596","dia":"Domingo","id_fonte":"equipamento_feira_livre.20879","id":"feiras-20879"}},{"type":"Feature","geometry":{"type":"Point","coordinates":[-46.571407,-23.561896]},"properties":{"nome":"Feira Pantojo","endereco":"Rua Bom Jesus,50","dia":"Sexta-Feira","id_fonte":"equipamento_feira_livre.20457","id":"feiras-20457"}},{"type":"Feature","geometry":{"type":"Point","coordinates":[-46.70004,-23.503548]},"properties":{"nome":"Feira Papaterra","endereco":"RUA Rua Bruno Bertucci","dia":"Sexta-Feira","id_fonte":"equipamento_feira_livre.20954","id":"feiras-20954"}},{"type":"Feature","geometry":{"type":"Point","coordinates":[-46.715753,-23.447365]},"properties":{"nome":"Feira Parada de Taipas","endereco":"Rua Jose Pizza,100","dia":"Sexta-Feira","id_fonte":"equipamento_feira_livre.20003","id":"feiras-20003"}},{"type":"Feature","geometry":{"type":"Point","coordinates":[-46.719412,-23.614915]},"properties":{"nome":"Feira Paraizopolis","endereco":"Rua Herbert Spencer,50","dia":"Sabado","id_fonte":"equipamento_feira_livre.20342","id":"feiras-20342"}},{"type":"Feature","geometry":{"type":"Point","coordinates":[-46.721018,-23.85632]},"properties":{"nome":"Feira Parelheiros","endereco":"Pç Pedro Rocha,s/n","dia":"Domingo","id_fonte":"equipamento_feira_livre.20434","id":"feiras-20434"}},{"type":"Feature","geometry":{"type":"Point","coordinates":[-46.613899,-23.532487]},"properties":{"nome":"Feira Pari","endereco":"Rua Mendes Goncalves,100","dia":"Sabado","id_fonte":"equipamento_feira_livre.20124","id":"feiras-20124"}},{"type":"Feature","geometry":{"type":"Point","coordinates":[-46.7495,-23.633334]},"properties":{"nome":"Feira Parque Arariba","endereco":"Rua Francisco Soares,246","dia":"Domingo","id_fonte":"equipamento_feira_livre.20547","id":"feiras-20547"}},{"type":"Feature","geometry":{"type":"Point","coordinates":[-46.680635,-23.467096]},"properties":{"nome":"Feira Parque Belem","endereco":"Av Guilherme de Almeida,107","dia":"Domingo","id_fonte":"equipamento_feira_livre.20504","id":"feiras-20504"}},{"type":"Feature","geometry":{"type":"Point","coordinates":[-46.452061,-23.597758]},"properties":{"nome":"Feira Parque Boa Esperanca","endereco":"Rua Diogo Garcia,283","dia":"Sabado","id_fonte":"equipamento_feira_livre.20701","id":"feiras-20701"}},{"type":"Feature","geometry":{"type":"Point","coordinates":[-46.481752,-23.50478]},"properties":{"nome":"Feira Parque Boturussu","endereco":"Rua Dario Costa Matos,45","dia":"Sexta-Feira","id_fonte":"equipamento_feira_livre.20649","id":"feiras-20649"}},{"type":"Feature","geometry":{"type":"Point","coordinates":[-46.602315,-23.653355]},"properties":{"nome":"Feira Parque Bristol","endereco":"Rua Prof Arnaldo Joao Semeraro,99","dia":"Domingo","id_fonte":"equipamento_feira_livre.20224","id":"feiras-20224"}},{"type":"Feature","geometry":{"type":"Point","coordinates":[-46.609129,-23.646704]},"properties":{"nome":"Feira Parque Bristol","endereco":"Av Jose Caetano da Rocha,93","dia":"Sexta-Feira","id_fonte":"equipamento_feira_livre.20225","id":"feiras-20225"}},{"type":"Feature","geometry":{"type":"Point","coordinates":[-46.460669,-23.496727]},"properties":{"nome":"Feira Parque Cruzeiro do Sul","endereco":"Rua Antonio de Siqueira,330","dia":"Sabado","id_fonte":"equipamento_feira_livre.20371","id":"feiras-20371"}},{"type":"Feature","geometry":{"type":"Point","coordinates":[-46.736142,-23.6425]},"properties":{"nome":"Feira Parque Fernanda","endereco":"Es de Itapecerica,6303","dia":"Domingo","id_fonte":"equipamento_feira_livre.20910","id":"feiras-20910"}},{"type":"Feature","geometry":{"type":"Point","coordinates":[-46.747773,-23.6749]},"properties":{"nome":"Feira Parque Figueira Grande","endereco":"Rua Belchior Felix,30","dia":"Quinta-Feira","id_fonte":"equipamento_feira_livre.20898","id":"feiras-20898"}},{"type":"Feature","geometry":{"type":"Point","coordinates":[-46.686072,-23.747356]},"properties":{"nome":"Feira Parque Grajau","endereco":"Rua Jose Bezerra Filho,1","dia":"Domingo","id_fonte":"equipamento_feira_livre.20664","id":"feiras-20664"}},{"type":"Feature","geometry":{"type":"Point","coordinates":[-46.457583,-23.518149]},"properties":{"nome":"Feira Parque Guarani","endereco":"Rua Flor de Caboclo,1","dia":"Domingo","id_fonte":"equipamento_feira_livre.20853","id":"feiras-20853"}},{"type":"Feature","geometry":{"type":"Point","coordinates":[-46.655089,-23.637777]},"properties":{"nome":"Feira Parque Jabaquara","endereco":"Rua Bonifacio de Abreu,50","dia":"Sabado","id_fonte":"equipamento_feira_livre.20103","id":"feiras-20103"}},{"type":"Feature","geometry":{"type":"Point","coordinates":[-46.519079,-23.558297]},"properties":{"nome":"Feira Parque Maria Luiza","endereco":"Av Prof Carlos Caliolli,200","dia":"Terca-Feira","id_fonte":"equipamento_feira_livre.20468","id":"feiras-20468"}},{"type":"Feature","geometry":{"type":"Point","coordinates":[-46.734711,-23.441749]},"properties":{"nome":"Feira Parque Nacoes Unidas","endereco":"Rua Ciriaco Jimenez,50","dia":"Terca-Feira","id_fonte":"equipamento_feira_livre.20872","id":"feiras-20872"}},{"type":"Feature","geometry":{"type":"Point","coordinates":[-46.56691,-23.516063]},"properties":{"nome":"Feira Parque Novo Mundo","endereco":"Al Sub Tenente Francisco Hierro,300","dia":"Sabado","id_fonte":"equipamento_feira_livre.20384","id":"feiras-20384"}},{"type":"Feature","geometry":{"type":"Point","coordinates":[-46.783018,-23.691809]},"properties":{"nome":"Feira Parque Novo Santo Amaro","endereco":"Rua Alberto Borges Soveral,20","dia":"Quarta-Feira","id_fonte":"equipamento_feira_livre.20428","id":"feiras-20428"}},{"type":"Feature","geometry":{"type":"Point","coordinates":[-46.654009,-23.499786]},"properties":{"nome":"Feira Parque Peruche","endereco":"Rua Carlos Belmiro Correa,461","dia":"Domingo","id_fonte":"equipamento_feira_livre.20590","id":"feiras-20590"}},{"type":"Feature","geometry":{"type":"Point","coordinates":[-46.50578,-23.612815]},"properties":{"nome":"Feira Parque Santa Madalena","endereco":"Rua Alm Otacilio Cunha,100","dia":"Domingo","id_fonte":"equipamento_feira_livre.20081","id":"feiras-20081"}},{"type":"Feature","geometry":{"type":"Point","coordinates":[-46.407667,-23.507056]},"properties":{"nome":"Feira Parque Santa Rita","endereco":"Rua Anajatuba,47","dia":"Sexta-Feira","id_fonte":"equipamento_feira_livre.20350","id":"feiras-20350"}},{"type":"Feature","geometry":{"type":"Point","coordinates":[-46.407997,-23.52649]},"properties":{"nome":"Feira Parque Santa Rita","endereco":"Rua Teodoro Bernardo do Nascimento,120","dia":"Domingo","id_fonte":"equipamento_feira_livre.20352","id":"feiras-20352"}},{"type":"Feature","geometry":{"type":"Point","coordinates":[-46.739985,-23.506143]},"properties":{"nome":"Feira Parque Sao Domingos","endereco":"Rua Brig Henrique Fontenelle,10","dia":"Terca-Feira","id_fonte":"equipamento_feira_livre.20271","id":"feiras-20271"}},{"type":"Feature","geometry":{"type":"Point","coordinates":[-46.541196,-23.595801]},"properties":{"nome":"Feira Parque Sao Lucas","endereco":"Rua Carlos Cesar,50","dia":"Domingo","id_fonte":"equipamento_feira_livre.20065","id":"feiras-20065"}},{"type":"Feature","geometry":{"type":"Point","coordinates":[-46.547888,-23.598659]},"properties":{"nome":"Feira Parque Sao Lucas","endereco":"Rua Dr Jose Cassio Soares,100","dia":"Quinta-Feira","id_fonte":"equipamento_feira_livre.20066","id":"feiras-20066"}},{"type":"Feature","geometry":{"type":"Point","coordinates":[-46.549532,-23.587724]},"properties":{"nome":"Feira Parque Sao Lucas","endereco":"Rua Domingos Pires Brito,50","dia":"Terca-Feira","id_fonte":"equipamento_feira_livre.20069","id":"feiras-20069"}},{"type":"Feature","geometry":{"type":"Point","coordinates":[-46.693995,-23.736932]},"properties":{"nome":"Feira Parque Sao Paulo","endereco":"Rua Gaetano Donizetti,100","dia":"Quinta-Feira","id_fonte":"equipamento_feira_livre.20667","id":"feiras-20667"}},{"type":"Feature","geometry":{"type":"Point","coordinates":[-46.46873,-23.627742]},"properties":{"nome":"Feira Parque Sao Rafael","endereco":"Rua Joao do Canto e Melo,671","dia":"Sabado","id_fonte":"equipamento_feira_livre.20300","id":"feiras-20300"}},{"type":"Feature","geometry":{"type":"Point","coordinates":[-46.485053,-23.568758]},"properties":{"nome":"Feira Parque Savoy City","endereco":"Rua Dr Celso Pacheco Betim,100","dia":"Sabado","id_fonte":"equipamento_feira_livre.20619","id":"feiras-20619"}},{"type":"Feature","geometry":{"type":"Point","coordinates":[-46.439752,-23.517825]},"properties":{"nome":"Feira Parque Sonia","endereco":"Rua Inaja Guacu,500","dia":"Terca-Feira","id_fonte":"equipamento_feira_livre.20315","id":"feiras-20315"}},{"type":"Feature","geometry":{"type":"Point","coordinates":[-46.662093,-23.507487]},"properties":{"nome":"Feira Parque Souza Aranha","endereco":"Pç Benito Nicoletti,253","dia":"Quarta-Feira","id_fonte":"equipamento_feira_livre.20599","id":"feiras-20599"}},{"type":"Feature","geometry":{"type":"Point","coordinates":[-46.675552,-23.46034]},"properties":{"nome":"Feira Parque Tiete","endereco":"Rua Sao Francisco do Humaita,464","dia":"Sexta-Feira","id_fonte":"equipamento_feira_livre.20508","id":"feiras-20508"}},{"type":"Feature","geometry":{"type":"Point","coordinates":[-46.600411,-23.480119]},"properties":{"nome":"Feira Parque Vitoria","endereco":"Av Maestro Vila Lobos,500","dia":"Terca-Feira","id_fonte":"equipamento_feira_livre.20834","id":"feiras-20834"}},{"type":"Feature","geometry":{"type":"Point","coordinates":[-46.598258,-23.566005]},"properties":{"nome":"Feira Parque da Mooca","endereco":"Rua Conde Prates,466","dia":"Terca-Feira","id_fonte":"equipamento_feira_livre.20031","id":"feiras-20031"}},{"type":"Feature","geometry":{"type":"Point","coordinates":[-46.694585,-23.732202]},"properties":{"nome":"Feira Parque das Arvores","endereco":"Av do Arvoreiro,100","dia":"Sabado","id_fonte":"equipamento_feira_livre.20612","id":"feiras-20612"}},{"type":"Feature","geometry":{"type":"Point","coordinates":[-46.505802,-23.536306]},"properties":{"nome":"Feira Patrocinio Paulista","endereco":"Rua Ivan Maia Vasconcelos,183","dia":"Quarta-Feira","id_fonte":"equipamento_feira_livre.20402","id":"feiras-20402"}},{"type":"Feature","geometry":{"type":"Point","coordinates":[-46.537821,-23.604111]},"properties":{"nome":"Feira Pauliceia","endereco":"Rua Hileia Amazonica,420","dia":"Quarta-Feira","id_fonte":"equipamento_feira_livre.20063","id":"feiras-20063"}},{"type":"Feature","geometry":{"type":"Point","coordinates":[-46.605397,-23.525259]},"properties":{"nome":"Feira Paulo Andreguetti","endereco":"Rua Silva Teles,1528","dia":"Quinta-Feira","id_fonte":"equipamento_feira_livre.20934","id":"feiras-20934"}},{"type":"Feature","geometry":{"type":"Point","coordinates":[-46.669638,-23.606068]},"properties":{"nome":"Feira Pavao","endereco":"Av Bentevi C Jauaperi,104","dia":"Quarta-Feira","id_fonte":"equipamento_feira_livre.20555","id":"feiras-20555"}},{"type":"Feature","geometry":{"type":"Point","coordinates":[-46.660575,-23.689838]},"properties":{"nome":"Feira Pedreira","endereco":"Av Augusto de Castro,32","dia":"Quinta-Feira","id_fonte":"equipamento_feira_livre.20132","id":"feiras-20132"}},{"type":"Feature","geometry":{"type":"Point","coordinates":[-46.613247,-23.498414]},"properties":{"nome":"Feira Pedro Ribeiro","endereco":"Rua Pedro Ribeiro","dia":"Terca-Feira","id_fonte":"equipamento_feira_livre.20941","id":"feiras-20941"}},{"type":"Feature","geometry":{"type":"Point","coordinates":[-46.527584,-23.535113]},"properties":{"nome":"Feira Pelagio Marquez","endereco":"Rua Durvalina,151","dia":"Quarta-Feira","id_fonte":"equipamento_feira_livre.20405","id":"feiras-20405"}},{"type":"Feature","geometry":{"type":"Point","coordinates":[-46.593942,-23.452473]},"properties":{"nome":"Feira Penaforte","endereco":"Rua Penaforte,55","dia":"Domingo","id_fonte":"equipamento_feira_livre.20055","id":"feiras-20055"}},{"type":"Feature","geometry":{"type":"Point","coordinates":[-46.53914,-23.516889]},"properties":{"nome":"Feira Penha","endereco":"Rua Omacha,530","dia":"Domingo","id_fonte":"equipamento_feira_livre.20142","id":"feiras-20142"}},{"type":"Feature","geometry":{"type":"Point","coordinates":[-46.539254,-23.521331]},"properties":{"nome":"Feira Penha","endereco":"Rua Pedro Alegretti,512","dia":"Quarta-Feira","id_fonte":"equipamento_feira_livre.20144","id":"feiras-20144"}},{"type":"Feature","geometry":{"type":"Point","coordinates":[-46.6592,-23.529473]},"properties":{"nome":"Feira Perdizes","endereco":"Rua Camaragibe C/ Lopes Chaves,122","dia":"Sexta-Feira","id_fonte":"equipamento_feira_livre.20239","id":"feiras-20239"}},{"type":"Feature","geometry":{"type":"Point","coordinates":[-46.749963,-23.408149]},"properties":{"nome":"Feira Perus","endereco":"Rua Joao Batistia Fanton,3","dia":"Terca-Feira","id_fonte":"equipamento_feira_livre.20160","id":"feiras-20160"}},{"type":"Feature","geometry":{"type":"Point","coordinates":[-46.753293,-23.405418]},"properties":{"nome":"Feira Perus","endereco":"Rua Antonio Bartolomeu,20","dia":"Sexta-Feira","id_fonte":"equipamento_feira_livre.20162","id":"feiras-20162"}},{"type":"Feature","geometry":{"type":"Point","coordinates":[-46.662359,-23.62286]},"properties":{"nome":"Feira Petropolis","endereco":"Rua Bela Vista,702","dia":"Sabado","id_fonte":"equipamento_feira_livre.20104","id":"feiras-20104"}},{"type":"Feature","geometry":{"type":"Point","coordinates":[-46.650705,-23.700137]},"properties":{"nome":"Feira Piavunas","endereco":"Rua Piavunas,69","dia":"Sabado","id_fonte":"equipamento_feira_livre.20130","id":"feiras-20130"}},{"type":"Feature","geometry":{"type":"Point","coordinates":[-46.680468,-23.557966]},"properties":{"nome":"Feira Pinheiros","endereco":"Pç Benedito Calixto,100","dia":"Terca-Feira","id_fonte":"equipamento_feira_livre.20876","id":"feiras-20876"}},{"type":"Feature","geometry":{"type":"Point","coordinates":[-46.71775,-23.530986]},"properties":{"nome":"Feira Pio Xi","endereco":"Rua Sales Junior,500","dia":"Quarta-Feira","id_fonte":"equipamento_feira_livre.20748","id":"feiras-20748"}},{"type":"Feature","geometry":{"type":"Point","coordinates":[-46.643105,-23.564811]},"properties":{"nome":"Feira Pio Xii","endereco":"Rua Pio Xii,1","dia":"Quinta-Feira","id_fonte":"equipamento_feira_livre.20488","id":"feiras-20488"}},{"type":"Feature","geometry":{"type":"Point","coordinates":[-46.710487,-23.503]},"properties":{"nome":"Feira Piqueri","endereco":"Rua Salvador Sala,425","dia":"Quarta-Feira","id_fonte":"equipamento_feira_livre.20185","id":"feiras-20185"}},{"type":"Feature","geometry":{"type":"Point","coordinates":[-46.74112,-23.672266]},"properties":{"nome":"Feira Piraporinha","endereco":"Rua Estevam Fernandes,17","dia":"Terca-Feira","id_fonte":"equipamento_feira_livre.20900","id":"feiras-20900"}},{"type":"Feature","geometry":{"type":"Point","coordinates":[-46.671136,-23.627582]},"properties":{"nome":"Feira Piraquara","endereco":"Rua Cristovao Pereira,1650","dia":"Quarta-Feira","id_fonte":"equipamento_feira_livre.20099","id":"feiras-20099"}},{"type":"Feature","geometry":{"type":"Point","coordinates":[-46.673483,-23.613149]},"properties":{"nome":"Feira Piraquara","endereco":"Rua Otavio Tarquinio de Souza,1000","dia":"Sabado","id_fonte":"equipamento_feira_livre.20105","id":"feiras-20105"}},{"type":"Feature","geometry":{"type":"Point","coordinates":[-46.719752,-23.484815]},"properties":{"nome":"Feira Pirituba","endereco":"Rua Santa Cruz de La Sierra,1","dia":"Sabado","id_fonte":"equipamento_feira_livre.20179","id":"feiras-20179"}},{"type":"Feature","geometry":{"type":"Point","coordinates":[-46.74726,-23.505507]},"properties":{"nome":"Feira Pirituba","endereco":"Av Elisio Cordeiro de Siqueira,30","dia":"Quarta-Feira","id_fonte":"equipamento_feira_livre.20272","id":"feiras-20272"}},{"type":"Feature","geometry":{"type":"Point","coordinates":[-46.644978,-23.610328]},"properties":{"nome":"Feira Planalto Paulista","endereco":"Av Jose Maria Witaker,1780","dia":"Terca-Feira","id_fonte":"equipamento_feira_livre.20774","id":"feiras-20774"}},{"type":"Feature","geometry":{"type":"Point","coordinates":[-46.645023,-23.610262]},"properties":{"nome":"Feira Planalto Paulista II","endereco":"Av Jose Maria Witaker,1780","dia":"Sabado","id_fonte":"equipamento_feira_livre.20778","id":"feiras-20778"}},{"type":"Feature","geometry":{"type":"Point","coordinates":[-46.629091,-23.522619]},"properties":{"nome":"Feira Ponte Pequena","endereco":"Rua Guapore,210","dia":"Domingo","id_fonte":"equipamento_feira_livre.20490","id":"feiras-20490"}},{"type":"Feature","geometry":{"type":"Point","coordinates":[-46.489489,-23.503374]},"properties":{"nome":"Feira Ponte Raza","endereco":"Rua Boaventura R da Silva,200","dia":"Quarta-Feira","id_fonte":"equipamento_feira_livre.20645","id":"feiras-20645"}},{"type":"Feature","geometry":{"type":"Point","coordinates":[-46.623389,-23.610571]},"properties":{"nome":"Feira Porongaba","endereco":"Rua Matias Teixeira,200","dia":"Terca-Feira","id_fonte":"equipamento_feira_livre.20784","id":"feiras-20784"}},{"type":"Feature","geometry":{"type":"Point","coordinates":[-46.742644,-23.614221]},"properties":{"nome":"Feira Portal do Morumbi","endereco":"Rua Isaac Albeniz C/ Franco Alfano,20","dia":"Sexta-Feira","id_fonte":"equipamento_feira_livre.20445","id":"feiras-20445"}},{"type":"Feature","geometry":{"type":"Point","coordinates":[-46.673869,-23.595359]},"properties":{"nome":"Feira Porto","endereco":"Rua Joao Cachoeira C/ Dr F Haidar,1600","dia":"Quinta-Feira","id_fonte":"equipamento_feira_livre.20712","id":"feiras-20712"}},{"type":"Feature","geometry":{"type":"Point","coordinates":[-46.667956,-23.745041]},"properties":{"nome":"Feira Pq Res. Cocaia Independente","endereco":"Av Ver Jose Gomes Moraes Neto,100","dia":"Sabado","id_fonte":"equipamento_feira_livre.20669","id":"feiras-20669"}},{"type":"Feature","geometry":{"type":"Point","coordinates":[-46.693021,-23.737137]},"properties":{"nome":"Feira Pque America","endereco":"Rua Benedito Marcello,167","dia":"Domingo","id_fonte":"equipamento_feira_livre.20665","id":"feiras-20665"}},{"type":"Feature","geometry":{"type":"Point","coordinates":[-46.6671,-23.737035]},"properties":{"nome":"Feira Pque Residencial Cocaia I","endereco":"Rua Rubens de Oliveira,1000","dia":"Quarta-Feira","id_fonte":"equipamento_feira_livre.20668","id":"feiras-20668"}},{"type":"Feature","geometry":{"type":"Point","coordinates":[-46.588342,-23.506619]},"properties":{"nome":"Feira Praca 57","endereco":"Av Alberto Byington,500","dia":"Quinta-Feira","id_fonte":"equipamento_feira_livre.20393","id":"feiras-20393"}},{"type":"Feature","geometry":{"type":"Point","coordinates":[-46.536578,-23.560338]},"properties":{"nome":"Feira Praca Albino Fco de Figueiredo","endereco":"","dia":"Quarta-Feira","id_fonte":"equipamento_feira_livre.20588","id":"feiras-20588"}},{"type":"Feature","geometry":{"type":"Point","coordinates":[-46.487949,-23.537926]},"properties":{"nome":"Feira Praca Artur Alvim","endereco":"Rua Benedito Leal,334","dia":"Quarta-Feira","id_fonte":"equipamento_feira_livre.20885","id":"feiras-20885"}},{"type":"Feature","geometry":{"type":"Point","coordinates":[-46.568073,-23.540618]},"properties":{"nome":"Feira Praca Luzitania","endereco":"Rua Airi,437","dia":"Quarta-Feira","id_fonte":"equipamento_feira_livre.20329","id":"feiras-20329"}},{"type":"Feature","geometry":{"type":"Point","coordinates":[-46.536103,-23.576913]},"properties":{"nome":"Feira Praca Manoel Ariza","endereco":"Av Antonio Manograsso,234","dia":"Sabado","id_fonte":"equipamento_feira_livre.20356","id":"feiras-20356"}},{"type":"Feature","geometry":{"type":"Point","coordinates":[-46.580711,-23.506857]},"properties":{"nome":"Feira Praca Nipon","endereco":"Rua Osaka,910","dia":"Quarta-Feira","id_fonte":"equipamento_feira_livre.20391","id":"feiras-20391"}},{"type":"Feature","geometry":{"type":"Point","coordinates":[-46.581429,-23.58685]},"properties":{"nome":"Feira Praca Santa Helena","endereco":"Rua Pedro de Godoi,1","dia":"Quarta-Feira","id_fonte":"equipamento_feira_livre.20423","id":"feiras-20423"}},{"type":"Feature","geometry":{"type":"Point","coordinates":[-46.4841,-23.52709]},"properties":{"nome":"Feira Praca Santa Quiteria","endereco":"Rua Jose Aloysio Brandao Vilela,574","dia":"Sabado","id_fonte":"equipamento_feira_livre.20896","id":"feiras-20896"}},{"type":"Feature","geometry":{"type":"Point","coordinates":[-46.744559,-23.499523]},"properties":{"nome":"Feira Praca Vista Alegre","endereco":"Rua Jose Ataliba Ortiz,40","dia":"Sabado","id_fonte":"equipamento_feira_livre.20274","id":"feiras-20274"}},{"type":"Feature","geometry":{"type":"Point","coordinates":[-46.582386,-23.497095]},"properties":{"nome":"Feira Praca Vista Alegre","endereco":"Av Benedito Estevao dos Santos,1200","dia":"Terca-Feira","id_fonte":"equipamento_feira_livre.20385","id":"feiras-20385"}},{"type":"Feature","geometry":{"type":"Point","coordinates":[-46.636599,-23.609309]},"properties":{"nome":"Feira Praca da Arvore","endereco":"Rua Caramuru,600","dia":"Quarta-Feira","id_fonte":"equipamento_feira_livre.20770","id":"feiras-20770"}},{"type":"Feature","geometry":{"type":"Point","coordinates":[-46.63035,-23.609327]},"properties":{"nome":"Feira Praca da Arvore","endereco":"Rua Guiratinga,610","dia":"Sabado","id_fonte":"equipamento_feira_livre.20771","id":"feiras-20771"}},{"type":"Feature","geometry":{"type":"Point","coordinates":[-46.545631,-23.521588]},"properties":{"nome":"Feira Praca do Cerquilho","endereco":"Pç Danilo Jose Fernandes,516","dia":"Sexta-Feira","id_fonte":"equipamento_feira_livre.20139","id":"feiras-20139"}},{"type":"Feature","geometry":{"type":"Point","coordinates":[-46.435846,-23.545886]},"properties":{"nome":"Feira Praça Brasil","endereco":"Pç Brasil","dia":"Quinta-Feira","id_fonte":"equipamento_feira_livre.20949","id":"feiras-20949"}},{"type":"Feature","geometry":{"type":"Point","coordinates":[-46.633779,-23.551655]},"properties":{"nome":"Feira Praça João Garcia Gimeses","endereco":"Rua Enxovia,454","dia":"Quarta-Feira","id_fonte":"equipamento_feira_livre.20304","id":"feiras-20304"}},{"type":"Feature","geometry":{"type":"Point","coordinates":[-46.730887,-23.828316]},"properties":{"nome":"Feira Praça Júlio César de Campos","endereco":"PÇ Júlio César de Campos","dia":"Sexta-Feira","id_fonte":"equipamento_feira_livre.20955","id":"feiras-20955"}},{"type":"Feature","geometry":{"type":"Point","coordinates":[-46.714922,-23.503056]},"properties":{"nome":"Feira Preta","endereco":"Rua Preta,1320","dia":"Quarta-Feira","id_fonte":"equipamento_feira_livre.20188","id":"feiras-20188"}},{"type":"Feature","geometry":{"type":"Point","coordinates":[-46.714922,-23.503056]},"properties":{"nome":"Feira Preta","endereco":"Rua Preta,10","dia":"Sabado","id_fonte":"equipamento_feira_livre.20189","id":"feiras-20189"}},{"type":"Feature","geometry":{"type":"Point","coordinates":[-46.529518,-23.539941]},"properties":{"nome":"Feira Princeza Izabel","endereco":"Rua Cap Jose Leite,723","dia":"Quinta-Feira","id_fonte":"equipamento_feira_livre.20397","id":"feiras-20397"}},{"type":"Feature","geometry":{"type":"Point","coordinates":[-46.669932,-23.525325]},"properties":{"nome":"Feira Professor Abrahao Berezin","endereco":"Rua Professor Abrahao Berezin,410","dia":"Quarta-Feira","id_fonte":"equipamento_feira_livre.20482","id":"feiras-20482"}},{"type":"Feature","geometry":{"type":"Point","coordinates":[-46.392504,-23.50774]},"properties":{"nome":"Feira Progresso","endereco":"Av Jose Borges do Canto,8","dia":"Quarta-Feira","id_fonte":"equipamento_feira_livre.20726","id":"feiras-20726"}},{"type":"Feature","geometry":{"type":"Point","coordinates":[-46.483387,-23.588951]},"properties":{"nome":"Feira Quebedo e Vasconcelos","endereco":"","dia":"Quarta-Feira","id_fonte":"equipamento_feira_livre.20284","id":"feiras-20284"}},{"type":"Feature","geometry":{"type":"Point","coordinates":[-46.584121,-23.588701]},"properties":{"nome":"Feira Quinta das Paineiras","endereco":"Rua Sao Luis do Paraitinga,24","dia":"Sabado","id_fonte":"equipamento_feira_livre.20421","id":"feiras-20421"}},{"type":"Feature","geometry":{"type":"Point","coordinates":[-46.458554,-23.516009]},"properties":{"nome":"Feira Rainha da Noite","endereco":"Rua Rodolfo Barbosa de Castro,50","dia":"Terca-Feira","id_fonte":"equipamento_feira_livre.20854","id":"feiras-20854"}},{"type":"Feature","geometry":{"type":"Point","coordinates":[-46.790517,-23.583791]},"properties":{"nome":"Feira Raposo Tavares","endereco":"Rua Gabriel de Carvalho,32","dia":"Domingo","id_fonte":"equipamento_feira_livre.20827","id":"feiras-20827"}},{"type":"Feature","geometry":{"type":"Point","coordinates":[-46.707121,-23.60934]},"properties":{"nome":"Feira Real Parque","endereco":"Rua Barao de Monte Mor,50","dia":"Domingo","id_fonte":"equipamento_feira_livre.20880","id":"feiras-20880"}},{"type":"Feature","geometry":{"type":"Point","coordinates":[-46.737261,-23.794859]},"properties":{"nome":"Feira Recanto Campo Belo","endereco":"Rua Maria da Costa Bezerra,30","dia":"Quarta-Feira","id_fonte":"equipamento_feira_livre.20438","id":"feiras-20438"}},{"type":"Feature","geometry":{"type":"Point","coordinates":[-46.749538,-23.413176]},"properties":{"nome":"Feira Recanto dos Humildes","endereco":"Rua Recanto dos Humildes,s/n","dia":"Sabado","id_fonte":"equipamento_feira_livre.20163","id":"feiras-20163"}},{"type":"Feature","geometry":{"type":"Point","coordinates":[-46.646158,-23.698438]},"properties":{"nome":"Feira Refugio Santa Terezinha","endereco":"Rua dos Aniquis e dos Caratais,80","dia":"Sexta-Feira","id_fonte":"equipamento_feira_livre.20133","id":"feiras-20133"}},{"type":"Feature","geometry":{"type":"Point","coordinates":[-46.665814,-23.594058]},"properties":{"nome":"Feira Republica do Libano","endereco":"Rua Diogo Jacome,291","dia":"Sabado","id_fonte":"equipamento_feira_livre.20550","id":"feiras-20550"}},{"type":"Feature","geometry":{"type":"Point","coordinates":[-46.422466,-23.546577]},"properties":{"nome":"Feira Ribeirao Itaquera","endereco":"Av Ribeirao Itaquera,7","dia":"Quinta-Feira","id_fonte":"equipamento_feira_livre.20691","id":"feiras-20691"}},{"type":"Feature","geometry":{"type":"Point","coordinates":[-46.52859,-23.535037]},"properties":{"nome":"Feira Ricardo Casanova","endereco":"Rua Ricardo Casanova","dia":"Domingo","id_fonte":"equipamento_feira_livre.20971","id":"feiras-20971"}},{"type":"Feature","geometry":{"type":"Point","coordinates":[-46.507042,-23.610527]},"properties":{"nome":"Feira Rio Claro","endereco":"Av Lourival Fontes,50","dia":"Quinta-Feira","id_fonte":"equipamento_feira_livre.20085","id":"feiras-20085"}},{"type":"Feature","geometry":{"type":"Point","coordinates":[-46.751104,-23.570716]},"properties":{"nome":"Feira Rio Pequeno","endereco":"Av Pujais Sabate,732","dia":"Sexta-Feira","id_fonte":"equipamento_feira_livre.20215","id":"feiras-20215"}},{"type":"Feature","geometry":{"type":"Point","coordinates":[-46.683071,-23.75442]},"properties":{"nome":"Feira Rio Preto","endereco":"Rua Sao Jose do Rio Preto,10","dia":"Quarta-Feira","id_fonte":"equipamento_feira_livre.20673","id":"feiras-20673"}},{"type":"Feature","geometry":{"type":"Point","coordinates":[-46.424243,-23.548241]},"properties":{"nome":"Feira Rodolfo Albino Silva","endereco":"Rua Rodolfo Albino Silva,25","dia":"Sabado","id_fonte":"equipamento_feira_livre.20693","id":"feiras-20693"}},{"type":"Feature","geometry":{"type":"Point","coordinates":[-46.572467,-23.554159]},"properties":{"nome":"Feira Rodrigues Barbosa","endereco":"Rua Sebastiao Barbosa,333","dia":"Quarta-Feira","id_fonte":"equipamento_feira_livre.20455","id":"feiras-20455"}},{"type":"Feature","geometry":{"type":"Point","coordinates":[-46.701001,-23.670976]},"properties":{"nome":"Feira Rosa Galvao Trigueirinho","endereco":"Rua Rosa Galvao Trigueirinho,1180","dia":"Quinta-Feira","id_fonte":"equipamento_feira_livre.20532","id":"feiras-20532"}},{"type":"Feature","geometry":{"type":"Point","coordinates":[-46.664841,-23.465379]},"properties":{"nome":"Feira Rosa dos Ventos","endereco":"Rua Augusto Gil,207","dia":"Quinta-Feira","id_fonte":"equipamento_feira_livre.20524","id":"feiras-20524"}},{"type":"Feature","geometry":{"type":"Point","coordinates":[-46.548567,-23.524839]},"properties":{"nome":"Feira Rosario","endereco":"Pç do Rosario,10","dia":"Sexta-Feira","id_fonte":"equipamento_feira_livre.20135","id":"feiras-20135"}},{"type":"Feature","geometry":{"type":"Point","coordinates":[-46.747937,-23.618719]},"properties":{"nome":"Feira Rua Miguel Masi Neto","endereco":"Rua Miguel Masi Neto","dia":"Sabado","id_fonte":"equipamento_feira_livre.20961","id":"feiras-20961"}},{"type":"Feature","geometry":{"type":"Point","coordinates":[-46.57377,-23.545799]},"properties":{"nome":"Feira Rua Tuiuti","endereco":"Rua Tuiuti,2753","dia":"Domingo","id_fonte":"equipamento_feira_livre.20328","id":"feiras-20328"}},{"type":"Feature","geometry":{"type":"Point","coordinates":[-46.707046,-23.654384]},"properties":{"nome":"Feira Rua da Matriz","endereco":"Rua Matriz","dia":"Sexta-Feira","id_fonte":"equipamento_feira_livre.20957","id":"feiras-20957"}},{"type":"Feature","geometry":{"type":"Point","coordinates":[-46.59993,-23.552661]},"properties":{"nome":"Feira Rua dos Trilhos","endereco":"Rua Bresser,2701","dia":"Domingo","id_fonte":"equipamento_feira_livre.20030","id":"feiras-20030"}},{"type":"Feature","geometry":{"type":"Point","coordinates":[-46.59877,-23.55296]},"properties":{"nome":"Feira Rua dos Trilhos","endereco":"Pç Ciro Pontes,50","dia":"Quarta-Feira","id_fonte":"equipamento_feira_livre.20032","id":"feiras-20032"}},{"type":"Feature","geometry":{"type":"Point","coordinates":[-46.599848,-23.552685]},"properties":{"nome":"Feira Rua dos Trilhos","endereco":"Pç Ciro Pontes,50","dia":"Sexta-Feira","id_fonte":"equipamento_feira_livre.20034","id":"feiras-20034"}},{"type":"Feature","geometry":{"type":"Point","coordinates":[-46.526415,-23.510538]},"properties":{"nome":"Feira Rui Barbosa","endereco":"Av da Justica,10","dia":"Quinta-Feira","id_fonte":"equipamento_feira_livre.20559","id":"feiras-20559"}},{"type":"Feature","geometry":{"type":"Point","coordinates":[-46.440414,-23.532417]},"properties":{"nome":"Feira Sabado D'angelo","endereco":"Rua Virginia Ferni,50","dia":"Quarta-Feira","id_fonte":"equipamento_feira_livre.20843","id":"feiras-20843"}},{"type":"Feature","geometry":{"type":"Point","coordinates":[-46.67788,-23.685985]},"properties":{"nome":"Feira Sabara","endereco":"Rua Joaquim Neves Monteiro,228","dia":"Sabado","id_fonte":"equipamento_feira_livre.20531","id":"feiras-20531"}},{"type":"Feature","geometry":{"type":"Point","coordinates":[-46.600221,-23.604982]},"properties":{"nome":"Feira Sacoma","endereco":"Rua Americo Samarone,300","dia":"Sabado","id_fonte":"equipamento_feira_livre.20230","id":"feiras-20230"}},{"type":"Feature","geometry":{"type":"Point","coordinates":[-46.601941,-23.592823]},"properties":{"nome":"Feira Sacoma","endereco":"Rua Lino Coutinho,1000","dia":"Quinta-Feira","id_fonte":"equipamento_feira_livre.20792","id":"feiras-20792"}},{"type":"Feature","geometry":{"type":"Point","coordinates":[-46.479732,-23.618086]},"properties":{"nome":"Feira Santa Adelia","endereco":"Rua Cachoeira de Minas,50","dia":"Terca-Feira","id_fonte":"equipamento_feira_livre.20275","id":"feiras-20275"}},{"type":"Feature","geometry":{"type":"Point","coordinates":[-46.6132,-23.632694]},"properties":{"nome":"Feira Santa Angela","endereco":"Rua Cel Fawcett C/ Evolucao,700","dia":"Quarta-Feira","id_fonte":"equipamento_feira_livre.20781","id":"feiras-20781"}},{"type":"Feature","geometry":{"type":"Point","coordinates":[-46.652883,-23.640397]},"properties":{"nome":"Feira Santa Catarina","endereco":"Rua Alba C Joaquim Morais,302","dia":"Domingo","id_fonte":"equipamento_feira_livre.20114","id":"feiras-20114"}},{"type":"Feature","geometry":{"type":"Point","coordinates":[-46.656104,-23.651584]},"properties":{"nome":"Feira Santa Catarina","endereco":"Rua Franklin Magalhaes,289","dia":"Quinta-Feira","id_fonte":"equipamento_feira_livre.20118","id":"feiras-20118"}},{"type":"Feature","geometry":{"type":"Point","coordinates":[-46.648809,-23.538718]},"properties":{"nome":"Feira Santa Cecilia","endereco":"Rua Sebastiao Pereira,553","dia":"Domingo","id_fonte":"equipamento_feira_livre.20240","id":"feiras-20240"}},{"type":"Feature","geometry":{"type":"Point","coordinates":[-46.615756,-23.601744]},"properties":{"nome":"Feira Santa Cruz","endereco":"Rua Jose Cocciuffo,100","dia":"Quinta-Feira","id_fonte":"equipamento_feira_livre.20789","id":"feiras-20789"}},{"type":"Feature","geometry":{"type":"Point","coordinates":[-46.75516,-23.511415]},"properties":{"nome":"Feira Santa Edwiges","endereco":"Rua Agamenon Magalhaes,138","dia":"Domingo","id_fonte":"equipamento_feira_livre.20737","id":"feiras-20737"}},{"type":"Feature","geometry":{"type":"Point","coordinates":[-46.637646,-23.537866]},"properties":{"nome":"Feira Santa Efigenia","endereco":"Rua dos Andradas C/ Timbiras,100","dia":"Domingo","id_fonte":"equipamento_feira_livre.20202","id":"feiras-20202"}},{"type":"Feature","geometry":{"type":"Point","coordinates":[-46.401757,-23.595885]},"properties":{"nome":"Feira Santa Etelvina","endereco":"Av Luis Jose Costa (leandro),50","dia":"Quarta-Feira","id_fonte":"equipamento_feira_livre.20631","id":"feiras-20631"}},{"type":"Feature","geometry":{"type":"Point","coordinates":[-46.615781,-23.584271]},"properties":{"nome":"Feira Santa Eulalia","endereco":"Rua Monte Alverne,200","dia":"Terca-Feira","id_fonte":"equipamento_feira_livre.20800","id":"feiras-20800"}},{"type":"Feature","geometry":{"type":"Point","coordinates":[-46.555647,-23.547542]},"properties":{"nome":"Feira Santa Gertrudes","endereco":"Rua Santa Gertrudes,400","dia":"Terca-Feira","id_fonte":"equipamento_feira_livre.20332","id":"feiras-20332"}},{"type":"Feature","geometry":{"type":"Point","coordinates":[-46.631521,-23.46935]},"properties":{"nome":"Feira Santa Ines","endereco":"Rua Ana de Barros,100","dia":"Quarta-Feira","id_fonte":"equipamento_feira_livre.20016","id":"feiras-20016"}},{"type":"Feature","geometry":{"type":"Point","coordinates":[-46.46398,-23.560825]},"properties":{"nome":"Feira Santa Marcelina","endereco":"Rua Praia de Torres,50","dia":"Quinta-Feira","id_fonte":"equipamento_feira_livre.20129","id":"feiras-20129"}},{"type":"Feature","geometry":{"type":"Point","coordinates":[-46.693705,-23.496037]},"properties":{"nome":"Feira Santa Marina","endereco":"Rua Estevao Furquim,428","dia":"Sexta-Feira","id_fonte":"equipamento_feira_livre.20654","id":"feiras-20654"}},{"type":"Feature","geometry":{"type":"Point","coordinates":[-46.746079,-23.478879]},"properties":{"nome":"Feira Santa Monica","endereco":"Rua Amilcar de Magalhaes,50","dia":"Domingo","id_fonte":"equipamento_feira_livre.20172","id":"feiras-20172"}},{"type":"Feature","geometry":{"type":"Point","coordinates":[-46.626198,-23.473835]},"properties":{"nome":"Feira Santana","endereco":"Av Engenheiro Caetano Alvares,10000","dia":"Quinta-Feira","id_fonte":"equipamento_feira_livre.20022","id":"feiras-20022"}},{"type":"Feature","geometry":{"type":"Point","coordinates":[-46.625552,-23.501595]},"properties":{"nome":"Feira Santana","endereco":"Rua Gabriel Pizza,400","dia":"Quarta-Feira","id_fonte":"equipamento_feira_livre.20250","id":"feiras-20250"}},{"type":"Feature","geometry":{"type":"Point","coordinates":[-46.61273,-23.496915]},"properties":{"nome":"Feira Santana","endereco":"Rua Pedro Ribeiro,100","dia":"Sabado","id_fonte":"equipamento_feira_livre.20254","id":"feiras-20254"}},{"type":"Feature","geometry":{"type":"Point","coordinates":[-46.703309,-23.651443]},"properties":{"nome":"Feira Santo Amaro","endereco":"Rua Sao Benedito,1406","dia":"Quinta-Feira","id_fonte":"equipamento_feira_livre.20260","id":"feiras-20260"}},{"type":"Feature","geometry":{"type":"Point","coordinates":[-46.711336,-23.651286]},"properties":{"nome":"Feira Santo Amaro","endereco":"Av Mario Lopes Leao,710","dia":"Domingo","id_fonte":"equipamento_feira_livre.20263","id":"feiras-20263"}},{"type":"Feature","geometry":{"type":"Point","coordinates":[-46.71032,-23.634557]},"properties":{"nome":"Feira Santo Amaro","endereco":"Av Prof Alceu Maynard Araujo,30","dia":"Sexta-Feira","id_fonte":"equipamento_feira_livre.20267","id":"feiras-20267"}},{"type":"Feature","geometry":{"type":"Point","coordinates":[-46.636865,-23.469879]},"properties":{"nome":"Feira Santo Antonio","endereco":"Pç Salvador Tolezano,100","dia":"Sabado","id_fonte":"equipamento_feira_livre.20017","id":"feiras-20017"}},{"type":"Feature","geometry":{"type":"Point","coordinates":[-46.597057,-23.624514]},"properties":{"nome":"Feira Santo Antonio de Categero","endereco":"Rua Santo Antonio de Categero,100","dia":"Sabado","id_fonte":"equipamento_feira_livre.20231","id":"feiras-20231"}},{"type":"Feature","geometry":{"type":"Point","coordinates":[-46.567701,-23.520923]},"properties":{"nome":"Feira Santo Elisio","endereco":"Rua Sold Jose Vicente de Paula,200","dia":"Quinta-Feira","id_fonte":"equipamento_feira_livre.20383","id":"feiras-20383"}},{"type":"Feature","geometry":{"type":"Point","coordinates":[-46.553557,-23.550988]},"properties":{"nome":"Feira Santo Estevao","endereco":"Rua Areiao,56","dia":"Sabado","id_fonte":"equipamento_feira_livre.20580","id":"feiras-20580"}},{"type":"Feature","geometry":{"type":"Point","coordinates":[-46.508654,-23.514531]},"properties":{"nome":"Feira Santos Dumont","endereco":"Av Cachoeira Santa Cruz,751","dia":"Domingo","id_fonte":"equipamento_feira_livre.20194","id":"feiras-20194"}},{"type":"Feature","geometry":{"type":"Point","coordinates":[-46.752935,-23.570566]},"properties":{"nome":"Feira Sao Domingos","endereco":"Rua Jose Joaquim Seabra,1186","dia":"Domingo","id_fonte":"equipamento_feira_livre.20212","id":"feiras-20212"}},{"type":"Feature","geometry":{"type":"Point","coordinates":[-46.57024,-23.527879]},"properties":{"nome":"Feira Sao Felippe","endereco":"Rua Sao Felippe,737","dia":"Sabado","id_fonte":"equipamento_feira_livre.20323","id":"feiras-20323"}},{"type":"Feature","geometry":{"type":"Point","coordinates":[-46.419498,-23.481369]},"properties":{"nome":"Feira Sao Francisco","endereco":"Av Jose Martins Lisboa,10","dia":"Domingo","id_fonte":"equipamento_feira_livre.20013","id":"feiras-20013"}},{"type":"Feature","geometry":{"type":"Point","coordinates":[-46.42103,-23.489005]},"properties":{"nome":"Feira Sao Goncalo do Rio das Pedras","endereco":"Rua Sao Goncalo do Rio das Pedras,200","dia":"Quarta-Feira","id_fonte":"equipamento_feira_livre.20014","id":"feiras-20014"}},{"type":"Feature","geometry":{"type":"Point","coordinates":[-46.594811,-23.615474]},"properties":{"nome":"Feira Sao Joao Climaco","endereco":"Rua Japaratuba,131","dia":"Quarta-Feira","id_fonte":"equipamento_feira_livre.20227","id":"feiras-20227"}},{"type":"Feature","geometry":{"type":"Point","coordinates":[-46.569008,-23.53012]},"properties":{"nome":"Feira Sao Jorge","endereco":"Rua Santa Catarina,284","dia":"Sexta-Feira","id_fonte":"equipamento_feira_livre.20326","id":"feiras-20326"}},{"type":"Feature","geometry":{"type":"Point","coordinates":[-46.642282,-23.668121]},"properties":{"nome":"Feira Sao Jose","endereco":"Rua Hugo Vitor da Silva,50","dia":"Domingo","id_fonte":"equipamento_feira_livre.20120","id":"feiras-20120"}},{"type":"Feature","geometry":{"type":"Point","coordinates":[-46.708545,-23.741051]},"properties":{"nome":"Feira Sao Jose","endereco":"Av Carlos Obheruber,123","dia":"Sabado","id_fonte":"equipamento_feira_livre.20610","id":"feiras-20610"}},{"type":"Feature","geometry":{"type":"Point","coordinates":[-46.594746,-23.541138]},"properties":{"nome":"Feira Sao Jose do Belem","endereco":"Lg Sao Jose do Belem","dia":"Sexta-Feira","id_fonte":"equipamento_feira_livre.20951","id":"feiras-20951"}},{"type":"Feature","geometry":{"type":"Point","coordinates":[-46.749721,-23.663035]},"properties":{"nome":"Feira Sao Luis","endereco":"Rua Jose Rodrigues Maciel,33","dia":"Sabado","id_fonte":"equipamento_feira_livre.20907","id":"feiras-20907"}},{"type":"Feature","geometry":{"type":"Point","coordinates":[-46.48225,-23.613274]},"properties":{"nome":"Feira Sao Mateus","endereco":"Rua Ministro Luiz Sparano,50","dia":"Quinta-Feira","id_fonte":"equipamento_feira_livre.20279","id":"feiras-20279"}},{"type":"Feature","geometry":{"type":"Point","coordinates":[-46.500141,-23.590741]},"properties":{"nome":"Feira Sao Mateus","endereco":"Rua Seritinga,20","dia":"Terca-Feira","id_fonte":"equipamento_feira_livre.20291","id":"feiras-20291"}},{"type":"Feature","geometry":{"type":"Point","coordinates":[-46.486242,-23.598561]},"properties":{"nome":"Feira Sao Matheus","endereco":"Rua Joaquim Gouveia Franco,173","dia":"Domingo","id_fonte":"equipamento_feira_livre.20290","id":"feiras-20290"}},{"type":"Feature","geometry":{"type":"Point","coordinates":[-46.448903,-23.494931]},"properties":{"nome":"Feira Sao Miguel","endereco":"Rua Silvio Cervellini,5","dia":"Sexta-Feira","id_fonte":"equipamento_feira_livre.20312","id":"feiras-20312"}},{"type":"Feature","geometry":{"type":"Point","coordinates":[-46.631082,-23.556841]},"properties":{"nome":"Feira Sao Paulo","endereco":"Rua Dr Pedro Severiano,100","dia":"Quarta-Feira","id_fonte":"equipamento_feira_livre.20761","id":"feiras-20761"}},{"type":"Feature","geometry":{"type":"Point","coordinates":[-46.472271,-23.626876]},"properties":{"nome":"Feira Sao Rafael","endereco":"Rua Bento do Amaral da Silva,15","dia":"Quarta-Feira","id_fonte":"equipamento_feira_livre.20299","id":"feiras-20299"}},{"type":"Feature","geometry":{"type":"Point","coordinates":[-46.611183,-23.652256]},"properties":{"nome":"Feira Sao Saverio","endereco":"Rua Cancao do Exilio,65","dia":"Sabado","id_fonte":"equipamento_feira_livre.20226","id":"feiras-20226"}},{"type":"Feature","geometry":{"type":"Point","coordinates":[-46.506578,-23.606952]},"properties":{"nome":"Feira Sapopemba","endereco":"Rua Adutora do Rio Claro,15","dia":"Quarta-Feira","id_fonte":"equipamento_feira_livre.20090","id":"feiras-20090"}},{"type":"Feature","geometry":{"type":"Point","coordinates":[-46.518913,-23.587488]},"properties":{"nome":"Feira Sapopemba","endereco":"Rua Gal Porfirio da Paz,371","dia":"Quinta-Feira","id_fonte":"equipamento_feira_livre.20094","id":"feiras-20094"}},{"type":"Feature","geometry":{"type":"Point","coordinates":[-46.55147,-23.574439]},"properties":{"nome":"Feira Sapopemba","endereco":"Rua Grecco,521","dia":"Sexta-Feira","id_fonte":"equipamento_feira_livre.20355","id":"feiras-20355"}},{"type":"Feature","geometry":{"type":"Point","coordinates":[-46.484499,-23.575853]},"properties":{"nome":"Feira Savoy City","endereco":"Rua Xavier Palmerim,35","dia":"Domingo","id_fonte":"equipamento_feira_livre.20127","id":"feiras-20127"}},{"type":"Feature","geometry":{"type":"Point","coordinates":[-46.507492,-23.622889]},"properties":{"nome":"Feira Serra de Capivarucu","endereco":"Rua Aguias Reais,1","dia":"Quinta-Feira","id_fonte":"equipamento_feira_livre.20083","id":"feiras-20083"}},{"type":"Feature","geometry":{"type":"Point","coordinates":[-46.713105,-23.47254]},"properties":{"nome":"Feira Serra do Cachimbo","endereco":"Rua Serra do Cachimbo,10","dia":"Sexta-Feira","id_fonte":"equipamento_feira_livre.20192","id":"feiras-20192"}},{"type":"Feature","geometry":{"type":"Point","coordinates":[-46.600605,-23.537249]},"properties":{"nome":"Feira Silva Telles","endereco":"Rua Dr Carlos Guimaraes,10","dia":"Terca-Feira","id_fonte":"equipamento_feira_livre.20932","id":"feiras-20932"}},{"type":"Feature","geometry":{"type":"Point","coordinates":[-46.710724,-23.671747]},"properties":{"nome":"Feira Socorro","endereco":"Rua dos Inocentes C/ Mendel,100","dia":"Sexta-Feira","id_fonte":"equipamento_feira_livre.20321","id":"feiras-20321"}},{"type":"Feature","geometry":{"type":"Point","coordinates":[-46.664539,-23.544761]},"properties":{"nome":"Feira Sumare Moderna","endereco":"Pç Charles Muller,0","dia":"Terca-Feira","id_fonte":"equipamento_feira_livre.20638","id":"feiras-20638"}},{"type":"Feature","geometry":{"type":"Point","coordinates":[-46.664563,-23.544637]},"properties":{"nome":"Feira Sumare Moderna","endereco":"Pç Charles Muller,0","dia":"Quinta-Feira","id_fonte":"equipamento_feira_livre.20639","id":"feiras-20639"}},{"type":"Feature","geometry":{"type":"Point","coordinates":[-46.664527,-23.544823]},"properties":{"nome":"Feira Sumare Moderna","endereco":"Pç Charles Muller,0","dia":"Sabado","id_fonte":"equipamento_feira_livre.20642","id":"feiras-20642"}},{"type":"Feature","geometry":{"type":"Point","coordinates":[-46.687679,-23.544301]},"properties":{"nome":"Feira Sumarezinho","endereco":"Rua Cayowaa,2008","dia":"Quarta-Feira","id_fonte":"equipamento_feira_livre.20155","id":"feiras-20155"}},{"type":"Feature","geometry":{"type":"Point","coordinates":[-46.61029,-23.603578]},"properties":{"nome":"Feira Sussuarama","endereco":"Rua Cinco de Julho,250","dia":"Quarta-Feira","id_fonte":"equipamento_feira_livre.20801","id":"feiras-20801"}},{"type":"Feature","geometry":{"type":"Point","coordinates":[-46.594476,-23.479534]},"properties":{"nome":"Feira Tanque Velho","endereco":"Rua Tanque Velho,600","dia":"Quarta-Feira","id_fonte":"equipamento_feira_livre.20837","id":"feiras-20837"}},{"type":"Feature","geometry":{"type":"Point","coordinates":[-46.576512,-23.535023]},"properties":{"nome":"Feira Tatuape","endereco":"Rua Andre Vidal C/ Alm Calheiros,100","dia":"Terca-Feira","id_fonte":"equipamento_feira_livre.20324","id":"feiras-20324"}},{"type":"Feature","geometry":{"type":"Point","coordinates":[-46.629098,-23.556238]},"properties":{"nome":"Feira Teixeira Leite","endereco":"Rua Teixeira Leite C/ Sao Paulo,553","dia":"Domingo","id_fonte":"equipamento_feira_livre.20760","id":"feiras-20760"}},{"type":"Feature","geometry":{"type":"Point","coordinates":[-46.448992,-23.506276]},"properties":{"nome":"Feira Tejuguacu","endereco":"Rua Tejuguacu,50","dia":"Domingo","id_fonte":"equipamento_feira_livre.20372","id":"feiras-20372"}},{"type":"Feature","geometry":{"type":"Point","coordinates":[-46.653491,-23.642695]},"properties":{"nome":"Feira Tejupa","endereco":"Rua Tejupa,40","dia":"Sexta-Feira","id_fonte":"equipamento_feira_livre.20116","id":"feiras-20116"}},{"type":"Feature","geometry":{"type":"Point","coordinates":[-46.621131,-23.572919]},"properties":{"nome":"Feira Teodoreto Souto","endereco":"Rua Teodoreto Souto,957","dia":"Quinta-Feira","id_fonte":"equipamento_feira_livre.20528","id":"feiras-20528"}},{"type":"Feature","geometry":{"type":"Point","coordinates":[-46.594235,-23.455265]},"properties":{"nome":"Feira Tereza Bortolo","endereco":"Rua Tereza Bortolo,300","dia":"Terca-Feira","id_fonte":"equipamento_feira_livre.20057","id":"feiras-20057"}},{"type":"Feature","geometry":{"type":"Point","coordinates":[-46.606951,-23.57614]},"properties":{"nome":"Feira Tereza Cristina","endereco":"Rua Costa Aguiar,261","dia":"Sexta-Feira","id_fonte":"equipamento_feira_livre.20797","id":"feiras-20797"}},{"type":"Feature","geometry":{"type":"Point","coordinates":[-46.583026,-23.564804]},"properties":{"nome":"Feira Terezina","endereco":"Rua Terezina,615","dia":"Domingo","id_fonte":"equipamento_feira_livre.20453","id":"feiras-20453"}},{"type":"Feature","geometry":{"type":"Point","coordinates":[-46.47163,-23.522872]},"properties":{"nome":"Feira Terra Brasileira","endereco":"Rua Terra Brasileira,50","dia":"Domingo","id_fonte":"equipamento_feira_livre.20856","id":"feiras-20856"}},{"type":"Feature","geometry":{"type":"Point","coordinates":[-46.737839,-23.407102]},"properties":{"nome":"Feira Tiburno","endereco":"Rua Tiburno,200","dia":"Sexta-Feira","id_fonte":"equipamento_feira_livre.20166","id":"feiras-20166"}},{"type":"Feature","geometry":{"type":"Point","coordinates":[-46.526005,-23.51424]},"properties":{"nome":"Feira Tiquatira","endereco":"Rua Paulo Marques,10","dia":"Quarta-Feira","id_fonte":"equipamento_feira_livre.20146","id":"feiras-20146"}},{"type":"Feature","geometry":{"type":"Point","coordinates":[-46.636951,-23.526935]},"properties":{"nome":"Feira Tiradentes","endereco":"Rua Antonio Coruja,67","dia":"Quinta-Feira","id_fonte":"equipamento_feira_livre.20491","id":"feiras-20491"}},{"type":"Feature","geometry":{"type":"Point","coordinates":[-46.5352,-23.542342]},"properties":{"nome":"Feira Tiuba","endereco":"Rua Tiuba,230","dia":"Terca-Feira","id_fonte":"equipamento_feira_livre.20586","id":"feiras-20586"}},{"type":"Feature","geometry":{"type":"Point","coordinates":[-46.599399,-23.546471]},"properties":{"nome":"Feira Toledo Barbosa","endereco":"Rua Belarmino Matos,10","dia":"Domingo","id_fonte":"equipamento_feira_livre.20025","id":"feiras-20025"}},{"type":"Feature","geometry":{"type":"Point","coordinates":[-46.524049,-23.595859]},"properties":{"nome":"Feira Tolstoi","endereco":"Rua Dr Tolstoi de Carvalho,1000","dia":"Domingo","id_fonte":"equipamento_feira_livre.20096","id":"feiras-20096"}},{"type":"Feature","geometry":{"type":"Point","coordinates":[-46.674134,-23.486753]},"properties":{"nome":"Feira Tomaz Antonio Vilane","endereco":"Rua Tomaz Antonio Vilane,353","dia":"Terca-Feira","id_fonte":"equipamento_feira_livre.20924","id":"feiras-20924"}},{"type":"Feature","geometry":{"type":"Point","coordinates":[-46.510956,-23.618332]},"properties":{"nome":"Feira Tome da Rocha","endereco":"Rua Tome da Rocha,100","dia":"Domingo","id_fonte":"equipamento_feira_livre.20082","id":"feiras-20082"}},{"type":"Feature","geometry":{"type":"Point","coordinates":[-46.620186,-23.548198]},"properties":{"nome":"Feira Torquato Neto","endereco":"Rua Torquato Neto,500","dia":"Sabado","id_fonte":"equipamento_feira_livre.20498","id":"feiras-20498"}},{"type":"Feature","geometry":{"type":"Point","coordinates":[-46.516022,-23.59858]},"properties":{"nome":"Feira Torquato Plaz","endereco":"Pç Torquato Plaza,152","dia":"Terca-Feira","id_fonte":"equipamento_feira_livre.20092","id":"feiras-20092"}},{"type":"Feature","geometry":{"type":"Point","coordinates":[-46.516022,-23.59858]},"properties":{"nome":"Feira Torquato Plaza","endereco":"Pç Torquato Plaza,152","dia":"Sexta-Feira","id_fonte":"equipamento_feira_livre.20093","id":"feiras-20093"}},{"type":"Feature","geometry":{"type":"Point","coordinates":[-46.719267,-23.50038]},"properties":{"nome":"Feira Trav Sao Gabriel","endereco":"Tv Sao Gabriel da Cachoeira","dia":"Quarta-Feira","id_fonte":"equipamento_feira_livre.20944","id":"feiras-20944"}},{"type":"Feature","geometry":{"type":"Point","coordinates":[-46.623277,-23.458847]},"properties":{"nome":"Feira Tremembe","endereco":"Pç Dona Mariquinha Sciascia,0","dia":"Quarta-Feira","id_fonte":"equipamento_feira_livre.20052","id":"feiras-20052"}},{"type":"Feature","geometry":{"type":"Point","coordinates":[-46.621892,-23.459832]},"properties":{"nome":"Feira Tremembe","endereco":"Rua Almeida Merces,72","dia":"Sabado","id_fonte":"equipamento_feira_livre.20053","id":"feiras-20053"}},{"type":"Feature","geometry":{"type":"Point","coordinates":[-46.591433,-23.54818]},"properties":{"nome":"Feira Trilhos","endereco":"Rua Prof Machado Tolosa,90","dia":"Quinta-Feira","id_fonte":"equipamento_feira_livre.20029","id":"feiras-20029"}},{"type":"Feature","geometry":{"type":"Point","coordinates":[-46.497695,-23.614698]},"properties":{"nome":"Feira Tte Godofredo Cerqueira Leite","endereco":"Rua Tte Godofredo Cerqueira Leite,213","dia":"Quinta-Feira","id_fonte":"equipamento_feira_livre.20079","id":"feiras-20079"}},{"type":"Feature","geometry":{"type":"Point","coordinates":[-46.614146,-23.482792]},"properties":{"nome":"Feira Tucuruvi","endereco":"Rua Casa Forte,100","dia":"Domingo","id_fonte":"equipamento_feira_livre.20243","id":"feiras-20243"}},{"type":"Feature","geometry":{"type":"Point","coordinates":[-46.767114,-23.658905]},"properties":{"nome":"Feira Tullio Mugnaini","endereco":"Rua Tullio Mugnaini","dia":"Domingo","id_fonte":"equipamento_feira_livre.20968","id":"feiras-20968"}},{"type":"Feature","geometry":{"type":"Point","coordinates":[-46.639342,-23.505987]},"properties":{"nome":"Feira Tupiguaes","endereco":"Rua Tupiguaes,260","dia":"Sexta-Feira","id_fonte":"equipamento_feira_livre.20252","id":"feiras-20252"}},{"type":"Feature","geometry":{"type":"Point","coordinates":[-46.72241,-23.769198]},"properties":{"nome":"Feira Uirapuru do Sertao","endereco":"Rua Uirapuru do Sertao,s/n","dia":"Sabado","id_fonte":"equipamento_feira_livre.20441","id":"feiras-20441"}},{"type":"Feature","geometry":{"type":"Point","coordinates":[-46.574344,-23.572884]},"properties":{"nome":"Feira Umuarama","endereco":"Rua Min Salgado Filho,485","dia":"Quarta-Feira","id_fonte":"equipamento_feira_livre.20451","id":"feiras-20451"}},{"type":"Feature","geometry":{"type":"Point","coordinates":[-46.472587,-23.610953]},"properties":{"nome":"Feira Ursa Menor","endereco":"Rua Ursa Menor,286","dia":"Sexta-Feira","id_fonte":"equipamento_feira_livre.20285","id":"feiras-20285"}},{"type":"Feature","geometry":{"type":"Point","coordinates":[-46.710073,-23.44741]},"properties":{"nome":"Feira Vale do Sol","endereco":"Rua Interativa,8","dia":"Sabado","id_fonte":"equipamento_feira_livre.20001","id":"feiras-20001"}},{"type":"Feature","geometry":{"type":"Point","coordinates":[-46.395539,-23.500698]},"properties":{"nome":"Feira Valente de Novaes","endereco":"Rua Valente de Novaes,60","dia":"Domingo","id_fonte":"equipamento_feira_livre.20724","id":"feiras-20724"}},{"type":"Feature","geometry":{"type":"Point","coordinates":[-46.587706,-23.564015]},"properties":{"nome":"Feira Valentim Magalhaes","endereco":"Rua Valentim Magalhaes,156","dia":"Sabado","id_fonte":"equipamento_feira_livre.20458","id":"feiras-20458"}},{"type":"Feature","geometry":{"type":"Point","coordinates":[-46.55847,-23.557868]},"properties":{"nome":"Feira Valter Gazarra","endereco":"Rua Valter Gazarra,362","dia":"Quinta-Feira","id_fonte":"equipamento_feira_livre.20362","id":"feiras-20362"}},{"type":"Feature","geometry":{"type":"Point","coordinates":[-46.711736,-23.680511]},"properties":{"nome":"Feira Veleiros","endereco":"Rua das Paineiras,353","dia":"Terca-Feira","id_fonte":"equipamento_feira_livre.20319","id":"feiras-20319"}},{"type":"Feature","geometry":{"type":"Point","coordinates":[-46.443262,-23.606748]},"properties":{"nome":"Feira Veneza do Amor","endereco":"Tv Veneza do Amor,10","dia":"Terca-Feira","id_fonte":"equipamento_feira_livre.20702","id":"feiras-20702"}},{"type":"Feature","geometry":{"type":"Point","coordinates":[-46.454174,-23.545476]},"properties":{"nome":"Feira Venturosa","endereco":"Rua Venturosa,50","dia":"Quinta-Feira","id_fonte":"equipamento_feira_livre.20851","id":"feiras-20851"}},{"type":"Feature","geometry":{"type":"Point","coordinates":[-46.447987,-23.519074]},"properties":{"nome":"Feira Verde","endereco":"Rua Flor de Santa Cruz,55","dia":"Quarta-Feira","id_fonte":"equipamento_feira_livre.20840","id":"feiras-20840"}},{"type":"Feature","geometry":{"type":"Point","coordinates":[-46.405408,-23.498692]},"properties":{"nome":"Feira Vereda do Paraiso","endereco":"Rua Vereda do Paraiso,18","dia":"Quinta-Feira","id_fonte":"equipamento_feira_livre.20728","id":"feiras-20728"}},{"type":"Feature","geometry":{"type":"Point","coordinates":[-46.634671,-23.58453]},"properties":{"nome":"Feira Vergueiro","endereco":"Rua Conceicao Veloso,91","dia":"Sexta-Feira","id_fonte":"equipamento_feira_livre.20814","id":"feiras-20814"}},{"type":"Feature","geometry":{"type":"Point","coordinates":[-46.627861,-23.495098]},"properties":{"nome":"Feira Vicente Soares","endereco":"Rua Vicente Soares,50","dia":"Domingo","id_fonte":"equipamento_feira_livre.20255","id":"feiras-20255"}},{"type":"Feature","geometry":{"type":"Point","coordinates":[-46.493385,-23.610007]},"properties":{"nome":"Feira Victoria Marconato Zonta","endereco":"Rua Victoria Marconato Zonta,214","dia":"Sabado","id_fonte":"equipamento_feira_livre.20080","id":"feiras-20080"}},{"type":"Feature","geometry":{"type":"Point","coordinates":[-46.398578,-23.493784]},"properties":{"nome":"Feira Vila Alabama","endereco":"Av Itaim,150","dia":"Terca-Feira","id_fonte":"equipamento_feira_livre.20725","id":"feiras-20725"}},{"type":"Feature","geometry":{"type":"Point","coordinates":[-46.614895,-23.449225]},"properties":{"nome":"Feira Vila Albertina","endereco":"Rua Maestro Bortolucci,26","dia":"Domingo","id_fonte":"equipamento_feira_livre.20056","id":"feiras-20056"}},{"type":"Feature","geometry":{"type":"Point","coordinates":[-46.613759,-23.448173]},"properties":{"nome":"Feira Vila Albertina","endereco":"Rua Elias de Souza Pinto,37","dia":"Quinta-Feira","id_fonte":"equipamento_feira_livre.20059","id":"feiras-20059"}},{"type":"Feature","geometry":{"type":"Point","coordinates":[-46.583009,-23.48225]},"properties":{"nome":"Feira Vila Alegria","endereco":"Av Roland Garros,1000","dia":"Quinta-Feira","id_fonte":"equipamento_feira_livre.20414","id":"feiras-20414"}},{"type":"Feature","geometry":{"type":"Point","coordinates":[-46.56493,-23.597106]},"properties":{"nome":"Feira Vila Alpina","endereco":"Rua Dr Vicente Giacaglini,50","dia":"Domingo","id_fonte":"equipamento_feira_livre.20418","id":"feiras-20418"}},{"type":"Feature","geometry":{"type":"Point","coordinates":[-46.720123,-23.515358]},"properties":{"nome":"Feira Vila Anastacio","endereco":"Rua Bartolomeu Bueno,200","dia":"Terca-Feira","id_fonte":"equipamento_feira_livre.20754","id":"feiras-20754"}},{"type":"Feature","geometry":{"type":"Point","coordinates":[-46.512982,-23.573407]},"properties":{"nome":"Feira Vila Antonieta","endereco":"Rua Petrobras,251","dia":"Quarta-Feira","id_fonte":"equipamento_feira_livre.20470","id":"feiras-20470"}},{"type":"Feature","geometry":{"type":"Point","coordinates":[-46.59211,-23.634992]},"properties":{"nome":"Feira Vila Arapua","endereco":"Rua Rizzieri Negrini,199","dia":"Terca-Feira","id_fonte":"equipamento_feira_livre.20218","id":"feiras-20218"}},{"type":"Feature","geometry":{"type":"Point","coordinates":[-46.539553,-23.53534]},"properties":{"nome":"Feira Vila Aricanduva","endereco":"Rua Francisca de Paula,278","dia":"Sabado","id_fonte":"equipamento_feira_livre.20401","id":"feiras-20401"}},{"type":"Feature","geometry":{"type":"Point","coordinates":[-46.682124,-23.679533]},"properties":{"nome":"Feira Vila Arriete","endereco":"Rua Orlando Pinto Ribeiro,277","dia":"Sexta-Feira","id_fonte":"equipamento_feira_livre.20530","id":"feiras-20530"}},{"type":"Feature","geometry":{"type":"Point","coordinates":[-46.623152,-23.475102]},"properties":{"nome":"Feira Vila Aurora","endereco":"Rua Albertina Vieira da S Gordo,50","dia":"Sexta-Feira","id_fonte":"equipamento_feira_livre.20023","id":"feiras-20023"}},{"type":"Feature","geometry":{"type":"Point","coordinates":[-46.752539,-23.43611]},"properties":{"nome":"Feira Vila Aurora","endereco":"Rua Aleixos Jafet,2000","dia":"Terca-Feira","id_fonte":"equipamento_feira_livre.20865","id":"feiras-20865"}},{"type":"Feature","geometry":{"type":"Point","coordinates":[-46.685344,-23.480375]},"properties":{"nome":"Feira Vila Bancaria","endereco":"Rua Marques do Recife,330","dia":"Terca-Feira","id_fonte":"equipamento_feira_livre.20512","id":"feiras-20512"}},{"type":"Feature","geometry":{"type":"Point","coordinates":[-46.599864,-23.619159]},"properties":{"nome":"Feira Vila Bandeirantes","endereco":"Rua Prof Raul Pederneiras,100","dia":"Sexta-Feira","id_fonte":"equipamento_feira_livre.20229","id":"feiras-20229"}},{"type":"Feature","geometry":{"type":"Point","coordinates":[-46.575433,-23.594069]},"properties":{"nome":"Feira Vila Bela","endereco":"Rua Pitinga,396","dia":"Quarta-Feira","id_fonte":"equipamento_feira_livre.20419","id":"feiras-20419"}},{"type":"Feature","geometry":{"type":"Point","coordinates":[-46.575308,-23.560173]},"properties":{"nome":"Feira Vila Belem","endereco":"Rua Adutora do Rio Claro,413","dia":"Sabado","id_fonte":"equipamento_feira_livre.20459","id":"feiras-20459"}},{"type":"Feature","geometry":{"type":"Point","coordinates":[-46.583524,-23.566428]},"properties":{"nome":"Feira Vila Bertioga","endereco":"Rua Florianopolis,50","dia":"Quinta-Feira","id_fonte":"equipamento_feira_livre.20456","id":"feiras-20456"}},{"type":"Feature","geometry":{"type":"Point","coordinates":[-46.713024,-23.497485]},"properties":{"nome":"Feira Vila Bonilha","endereco":"Rua Antonio Correia,618","dia":"Domingo","id_fonte":"equipamento_feira_livre.20183","id":"feiras-20183"}},{"type":"Feature","geometry":{"type":"Point","coordinates":[-46.768971,-23.588258]},"properties":{"nome":"Feira Vila Borges","endereco":"Rua Orestes Colombari,21","dia":"Sexta-Feira","id_fonte":"equipamento_feira_livre.20824","id":"feiras-20824"}},{"type":"Feature","geometry":{"type":"Point","coordinates":[-46.592683,-23.489464]},"properties":{"nome":"Feira Vila Boschetti","endereco":"Av Boschetti,234","dia":"Terca-Feira","id_fonte":"equipamento_feira_livre.20412","id":"feiras-20412"}},{"type":"Feature","geometry":{"type":"Point","coordinates":[-46.443494,-23.528947]},"properties":{"nome":"Feira Vila Brasil","endereco":"Rua Candido de Godoi,20","dia":"Quarta-Feira","id_fonte":"equipamento_feira_livre.20844","id":"feiras-20844"}},{"type":"Feature","geometry":{"type":"Point","coordinates":[-46.687712,-23.471621]},"properties":{"nome":"Feira Vila Brasilandia","endereco":"Rua Columbia,100","dia":"Quinta-Feira","id_fonte":"equipamento_feira_livre.20510","id":"feiras-20510"}},{"type":"Feature","geometry":{"type":"Point","coordinates":[-46.514423,-23.510199]},"properties":{"nome":"Feira Vila Buenos Aires","endereco":"Av Buenos Aires,300","dia":"Terca-Feira","id_fonte":"equipamento_feira_livre.20566","id":"feiras-20566"}},{"type":"Feature","geometry":{"type":"Point","coordinates":[-46.747173,-23.563088]},"properties":{"nome":"Feira Vila Butanta","endereco":"Rua Jose Alves da Cunha Lima,172","dia":"Sabado","id_fonte":"equipamento_feira_livre.20210","id":"feiras-20210"}},{"type":"Feature","geometry":{"type":"Point","coordinates":[-46.747035,-23.400163]},"properties":{"nome":"Feira Vila Caiuba","endereco":"Rua Iritua,20","dia":"Quinta-Feira","id_fonte":"equipamento_feira_livre.20165","id":"feiras-20165"}},{"type":"Feature","geometry":{"type":"Point","coordinates":[-46.558188,-23.605241]},"properties":{"nome":"Feira Vila California","endereco":"Av Mata Machado,50","dia":"Quinta-Feira","id_fonte":"equipamento_feira_livre.20417","id":"feiras-20417"}},{"type":"Feature","geometry":{"type":"Point","coordinates":[-46.467543,-23.535039]},"properties":{"nome":"Feira Vila Campanela","endereco":"Rua Caxiu,50","dia":"Quinta-Feira","id_fonte":"equipamento_feira_livre.20859","id":"feiras-20859"}},{"type":"Feature","geometry":{"type":"Point","coordinates":[-46.644855,-23.657687]},"properties":{"nome":"Feira Vila Campestre","endereco":"Rua Rosalia de Castro,559","dia":"Quinta-Feira","id_fonte":"equipamento_feira_livre.20119","id":"feiras-20119"}},{"type":"Feature","geometry":{"type":"Point","coordinates":[-46.548055,-23.529487]},"properties":{"nome":"Feira Vila Carezzi","endereco":"Rua General Socrates,32","dia":"Sabado","id_fonte":"equipamento_feira_livre.20140","id":"feiras-20140"}},{"type":"Feature","geometry":{"type":"Point","coordinates":[-46.59166,-23.60145]},"properties":{"nome":"Feira Vila Carioca","endereco":"Rua Albino de Moraes,20","dia":"Sabado","id_fonte":"equipamento_feira_livre.20794","id":"feiras-20794"}},{"type":"Feature","geometry":{"type":"Point","coordinates":[-46.455097,-23.554791]},"properties":{"nome":"Feira Vila Carmosina","endereco":"Rua Lagoa Feia,303","dia":"Sabado","id_fonte":"equipamento_feira_livre.20126","id":"feiras-20126"}},{"type":"Feature","geometry":{"type":"Point","coordinates":[-46.68395,-23.501545]},"properties":{"nome":"Feira Vila Carolina","endereco":"Rua Antonio Munhos Bonilha,235","dia":"Quarta-Feira","id_fonte":"equipamento_feira_livre.20925","id":"feiras-20925"}},{"type":"Feature","geometry":{"type":"Point","coordinates":[-46.545208,-23.541153]},"properties":{"nome":"Feira Vila Carrao","endereco":"Rua Comen Gil Pinheiro,325","dia":"Domingo","id_fonte":"equipamento_feira_livre.20581","id":"feiras-20581"}},{"type":"Feature","geometry":{"type":"Point","coordinates":[-46.543244,-23.546039]},"properties":{"nome":"Feira Vila Carrao","endereco":"Rua Dentista Barreto,120","dia":"Quinta-Feira","id_fonte":"equipamento_feira_livre.20583","id":"feiras-20583"}},{"type":"Feature","geometry":{"type":"Point","coordinates":[-46.574169,-23.579186]},"properties":{"nome":"Feira Vila Celeste","endereco":"Rua Pianco,220","dia":"Sexta-Feira","id_fonte":"equipamento_feira_livre.20424","id":"feiras-20424"}},{"type":"Feature","geometry":{"type":"Point","coordinates":[-46.497482,-23.502495]},"properties":{"nome":"Feira Vila Cisper","endereco":"Rua Jose Gomes Faria,23","dia":"Sexta-Feira","id_fonte":"equipamento_feira_livre.20569","id":"feiras-20569"}},{"type":"Feature","geometry":{"type":"Point","coordinates":[-46.63921,-23.593459]},"properties":{"nome":"Feira Vila Clementino","endereco":"Rua Cel Lisboa C/ Estado de Israel,60","dia":"Quinta-Feira","id_fonte":"equipamento_feira_livre.20811","id":"feiras-20811"}},{"type":"Feature","geometry":{"type":"Point","coordinates":[-46.666237,-23.669489]},"properties":{"nome":"Feira Vila Constancia","endereco":"Rua Salvador Rodrigues Negrao,100","dia":"Terca-Feira","id_fonte":"equipamento_feira_livre.20041","id":"feiras-20041"}},{"type":"Feature","geometry":{"type":"Point","coordinates":[-46.588763,-23.470519]},"properties":{"nome":"Feira Vila Constancia","endereco":"Rua Sebastiao de Freitas,246","dia":"Sabado","id_fonte":"equipamento_feira_livre.20836","id":"feiras-20836"}},{"type":"Feature","geometry":{"type":"Point","coordinates":[-46.653933,-23.46252]},"properties":{"nome":"Feira Vila Continental","endereco":"Av Mariana Caligiuri Ronchetti,237","dia":"Quarta-Feira","id_fonte":"equipamento_feira_livre.20520","id":"feiras-20520"}},{"type":"Feature","geometry":{"type":"Point","coordinates":[-46.585212,-23.630492]},"properties":{"nome":"Feira Vila Cristalia","endereco":"Rua Antonio Lamas,320","dia":"Domingo","id_fonte":"equipamento_feira_livre.20216","id":"feiras-20216"}},{"type":"Feature","geometry":{"type":"Point","coordinates":[-46.528209,-23.580717]},"properties":{"nome":"Feira Vila Cruzeiro","endereco":"Rua Maria Francisca do Nascimento,125","dia":"Sabado","id_fonte":"equipamento_feira_livre.20357","id":"feiras-20357"}},{"type":"Feature","geometry":{"type":"Point","coordinates":[-46.423826,-23.497666]},"properties":{"nome":"Feira Vila Curuca","endereco":"Rua Ivoturucaia,411","dia":"Terca-Feira","id_fonte":"equipamento_feira_livre.20345","id":"feiras-20345"}},{"type":"Feature","geometry":{"type":"Point","coordinates":[-46.518223,-23.545029]},"properties":{"nome":"Feira Vila Dalila","endereco":"Pç Bauxita,202","dia":"Domingo","id_fonte":"equipamento_feira_livre.20395","id":"feiras-20395"}},{"type":"Feature","geometry":{"type":"Point","coordinates":[-46.757252,-23.567769]},"properties":{"nome":"Feira Vila Dalva","endereco":"Rua Jorge Word,49","dia":"Quarta-Feira","id_fonte":"equipamento_feira_livre.20209","id":"feiras-20209"}},{"type":"Feature","geometry":{"type":"Point","coordinates":[-46.622293,-23.578942]},"properties":{"nome":"Feira Vila Deodoro","endereco":"Rua Ingles de Souza,400","dia":"Domingo","id_fonte":"equipamento_feira_livre.20805","id":"feiras-20805"}},{"type":"Feature","geometry":{"type":"Point","coordinates":[-46.556146,-23.577572]},"properties":{"nome":"Feira Vila Diva","endereco":"Rua Solidonio Leite,50","dia":"Quinta-Feira","id_fonte":"equipamento_feira_livre.20074","id":"feiras-20074"}},{"type":"Feature","geometry":{"type":"Point","coordinates":[-46.563696,-23.575542]},"properties":{"nome":"Feira Vila Diva","endereco":"Rua Buenopolis,117","dia":"Domingo","id_fonte":"equipamento_feira_livre.20450","id":"feiras-20450"}},{"type":"Feature","geometry":{"type":"Point","coordinates":[-46.590347,-23.496967]},"properties":{"nome":"Feira Vila Elisa","endereco":"Rua dos Guarinos,100","dia":"Quarta-Feira","id_fonte":"equipamento_feira_livre.20413","id":"feiras-20413"}},{"type":"Feature","geometry":{"type":"Point","coordinates":[-46.594197,-23.519054]},"properties":{"nome":"Feira Vila Elza","endereco":"Rua Andarai,800","dia":"Sexta-Feira","id_fonte":"equipamento_feira_livre.20386","id":"feiras-20386"}},{"type":"Feature","geometry":{"type":"Point","coordinates":[-46.534848,-23.591401]},"properties":{"nome":"Feira Vila Ema","endereco":"Rua Pde Pedro Magnoni,511","dia":"Quarta-Feira","id_fonte":"equipamento_feira_livre.20073","id":"feiras-20073"}},{"type":"Feature","geometry":{"type":"Point","coordinates":[-46.568513,-23.571323]},"properties":{"nome":"Feira Vila Ema","endereco":"Rua Dr Joao Bizarro da Nave,50","dia":"Terca-Feira","id_fonte":"equipamento_feira_livre.20454","id":"feiras-20454"}},{"type":"Feature","geometry":{"type":"Point","coordinates":[-46.656099,-23.50149]},"properties":{"nome":"Feira Vila Espanhola","endereco":"Rua Galileia,430","dia":"Quarta-Feira","id_fonte":"equipamento_feira_livre.20598","id":"feiras-20598"}},{"type":"Feature","geometry":{"type":"Point","coordinates":[-46.636322,-23.656605]},"properties":{"nome":"Feira Vila Facchini","endereco":"Rua Luiz Carlos Facchini,50","dia":"Quinta-Feira","id_fonte":"equipamento_feira_livre.20110","id":"feiras-20110"}},{"type":"Feature","geometry":{"type":"Point","coordinates":[-46.755026,-23.397027]},"properties":{"nome":"Feira Vila Fanton","endereco":"Rua Felipe Cardoso Campos,10","dia":"Domingo","id_fonte":"equipamento_feira_livre.20164","id":"feiras-20164"}},{"type":"Feature","geometry":{"type":"Point","coordinates":[-46.667759,-23.659688]},"properties":{"nome":"Feira Vila Filomena","endereco":"Rua Joao Gomes Batista,420","dia":"Quinta-Feira","id_fonte":"equipamento_feira_livre.20048","id":"feiras-20048"}},{"type":"Feature","geometry":{"type":"Point","coordinates":[-46.534912,-23.562865]},"properties":{"nome":"Feira Vila Formosa","endereco":"Av Trumain C/ Henrique Morize,500","dia":"Domingo","id_fonte":"equipamento_feira_livre.20359","id":"feiras-20359"}},{"type":"Feature","geometry":{"type":"Point","coordinates":[-46.550218,-23.558826]},"properties":{"nome":"Feira Vila Formosa","endereco":"Rua Maragojipe,320","dia":"Quarta-Feira","id_fonte":"equipamento_feira_livre.20361","id":"feiras-20361"}},{"type":"Feature","geometry":{"type":"Point","coordinates":[-46.705144,-23.684012]},"properties":{"nome":"Feira Vila Friburgo","endereco":"Av Berna,228","dia":"Sabado","id_fonte":"equipamento_feira_livre.20322","id":"feiras-20322"}},{"type":"Feature","geometry":{"type":"Point","coordinates":[-46.730405,-23.579531]},"properties":{"nome":"Feira Vila Gomes","endereco":"Rua Pereira do Lago,20","dia":"Sexta-Feira","id_fonte":"equipamento_feira_livre.20518","id":"feiras-20518"}},{"type":"Feature","geometry":{"type":"Point","coordinates":[-46.70577,-23.497884]},"properties":{"nome":"Feira Vila Goncalves","endereco":"Rua Dr Jose de Queiros Matoso,719","dia":"Sabado","id_fonte":"equipamento_feira_livre.20662","id":"feiras-20662"}},{"type":"Feature","geometry":{"type":"Point","coordinates":[-46.535946,-23.583145]},"properties":{"nome":"Feira Vila Guarani","endereco":"Rua Joao Rodrigues Pires,200","dia":"Sexta-Feira","id_fonte":"equipamento_feira_livre.20075","id":"feiras-20075"}},{"type":"Feature","geometry":{"type":"Point","coordinates":[-46.640871,-23.632764]},"properties":{"nome":"Feira Vila Guarani","endereco":"Av Diederichsen,60","dia":"Sabado","id_fonte":"equipamento_feira_livre.20113","id":"feiras-20113"}},{"type":"Feature","geometry":{"type":"Point","coordinates":[-46.649214,-23.638278]},"properties":{"nome":"Feira Vila Guarani","endereco":"Av Waldomiro de Lima,437","dia":"Terca-Feira","id_fonte":"equipamento_feira_livre.20115","id":"feiras-20115"}},{"type":"Feature","geometry":{"type":"Point","coordinates":[-46.604839,-23.518614]},"properties":{"nome":"Feira Vila Guilherme","endereco":"Rua Alfredo Mario Pizzotti,370","dia":"Terca-Feira","id_fonte":"equipamento_feira_livre.20364","id":"feiras-20364"}},{"type":"Feature","geometry":{"type":"Point","coordinates":[-46.601676,-23.508359]},"properties":{"nome":"Feira Vila Guilherme","endereco":"Rua Marieta da Silva,400","dia":"Sabado","id_fonte":"equipamento_feira_livre.20368","id":"feiras-20368"}},{"type":"Feature","geometry":{"type":"Point","coordinates":[-46.514739,-23.532562]},"properties":{"nome":"Feira Vila Guilhermina","endereco":"Rua Assis Valente C Gil Ribeiro,666","dia":"Terca-Feira","id_fonte":"equipamento_feira_livre.20404","id":"feiras-20404"}},{"type":"Feature","geometry":{"type":"Point","coordinates":[-46.515687,-23.531554]},"properties":{"nome":"Feira Vila Guilhermina","endereco":"Rua Santo Alexandre,2","dia":"Sexta-Feira","id_fonte":"equipamento_feira_livre.20406","id":"feiras-20406"}},{"type":"Feature","geometry":{"type":"Point","coordinates":[-46.622729,-23.599718]},"properties":{"nome":"Feira Vila Gumercindo","endereco":"Rua Dom Antonio Alvarenga,100","dia":"Sexta-Feira","id_fonte":"equipamento_feira_livre.20790","id":"feiras-20790"}},{"type":"Feature","geometry":{"type":"Point","coordinates":[-46.5898,-23.480049]},"properties":{"nome":"Feira Vila Gustavo","endereco":"Rua Canedos,1000","dia":"Domingo","id_fonte":"equipamento_feira_livre.20833","id":"feiras-20833"}},{"type":"Feature","geometry":{"type":"Point","coordinates":[-46.725417,-23.528424]},"properties":{"nome":"Feira Vila Hamburguesa","endereco":"Rua Lauro Muller,12","dia":"Quarta-Feira","id_fonte":"equipamento_feira_livre.20381","id":"feiras-20381"}},{"type":"Feature","geometry":{"type":"Point","coordinates":[-46.429397,-23.481679]},"properties":{"nome":"Feira Vila Helena","endereco":"Rua Santa Rosa de Lima,310","dia":"Quarta-Feira","id_fonte":"equipamento_feira_livre.20005","id":"feiras-20005"}},{"type":"Feature","geometry":{"type":"Point","coordinates":[-46.652131,-23.601018]},"properties":{"nome":"Feira Vila Helena","endereco":"Al dos Anapurus,1690","dia":"Sexta-Feira","id_fonte":"equipamento_feira_livre.20549","id":"feiras-20549"}},{"type":"Feature","geometry":{"type":"Point","coordinates":[-46.600184,-23.637146]},"properties":{"nome":"Feira Vila Heliopolis","endereco":"Rua Embu de Heliopolis,200","dia":"Sabado","id_fonte":"equipamento_feira_livre.20235","id":"feiras-20235"}},{"type":"Feature","geometry":{"type":"Point","coordinates":[-46.49872,-23.589001]},"properties":{"nome":"Feira Vila IV Centenario","endereco":"Av Ouro Verde de Minas,100","dia":"Quinta-Feira","id_fonte":"equipamento_feira_livre.20292","id":"feiras-20292"}},{"type":"Feature","geometry":{"type":"Point","coordinates":[-46.703829,-23.543247]},"properties":{"nome":"Feira Vila Ida","endereco":"Rua Realengo,132","dia":"Quinta-Feira","id_fonte":"equipamento_feira_livre.20463","id":"feiras-20463"}},{"type":"Feature","geometry":{"type":"Point","coordinates":[-46.585963,-23.618191]},"properties":{"nome":"Feira Vila Independencia","endereco":"Lg Leon de Tolstoi C/ Any,430","dia":"Domingo","id_fonte":"equipamento_feira_livre.20217","id":"feiras-20217"}},{"type":"Feature","geometry":{"type":"Point","coordinates":[-46.727079,-23.572951]},"properties":{"nome":"Feira Vila Indiana","endereco":"Rua Iquiririm,496","dia":"Quarta-Feira","id_fonte":"equipamento_feira_livre.20513","id":"feiras-20513"}},{"type":"Feature","geometry":{"type":"Point","coordinates":[-46.564217,-23.570071]},"properties":{"nome":"Feira Vila Invernada","endereco":"Rua Dom Pedro I,s/n","dia":"Sabado","id_fonte":"equipamento_feira_livre.20452","id":"feiras-20452"}},{"type":"Feature","geometry":{"type":"Point","coordinates":[-46.395248,-23.539144]},"properties":{"nome":"Feira Vila Iolanda","endereco":"Rua Joao de Siqueira Afonso,0","dia":"Domingo","id_fonte":"equipamento_feira_livre.20743","id":"feiras-20743"}},{"type":"Feature","geometry":{"type":"Point","coordinates":[-46.704868,-23.485903]},"properties":{"nome":"Feira Vila Iorio","endereco":"Rua Jaguarurama,129","dia":"Quarta-Feira","id_fonte":"equipamento_feira_livre.20659","id":"feiras-20659"}},{"type":"Feature","geometry":{"type":"Point","coordinates":[-46.703904,-23.536696]},"properties":{"nome":"Feira Vila Ipojuca","endereco":"Rua Salvador Caruso,10","dia":"Sexta-Feira","id_fonte":"equipamento_feira_livre.20750","id":"feiras-20750"}},{"type":"Feature","geometry":{"type":"Point","coordinates":[-46.688685,-23.6683]},"properties":{"nome":"Feira Vila Isa","endereco":"Rua Amoipira,50","dia":"Quarta-Feira","id_fonte":"equipamento_feira_livre.20534","id":"feiras-20534"}},{"type":"Feature","geometry":{"type":"Point","coordinates":[-46.390794,-23.485823]},"properties":{"nome":"Feira Vila Itaim","endereco":"Rua Cachoeira Mangaval,37","dia":"Domingo","id_fonte":"equipamento_feira_livre.20009","id":"feiras-20009"}},{"type":"Feature","geometry":{"type":"Point","coordinates":[-46.398533,-23.493782]},"properties":{"nome":"Feira Vila Itaim","endereco":"Av Itaim,180","dia":"Quarta-Feira","id_fonte":"equipamento_feira_livre.20727","id":"feiras-20727"}},{"type":"Feature","geometry":{"type":"Point","coordinates":[-46.453987,-23.505681]},"properties":{"nome":"Feira Vila Jacui","endereco":"Rua Tsutomu Henni,720","dia":"Quarta-Feira","id_fonte":"equipamento_feira_livre.20374","id":"feiras-20374"}},{"type":"Feature","geometry":{"type":"Point","coordinates":[-46.746134,-23.510068]},"properties":{"nome":"Feira Vila Jaguara","endereco":"Rua Pedro Henrique de O Braganca,676","dia":"Domingo","id_fonte":"equipamento_feira_livre.20738","id":"feiras-20738"}},{"type":"Feature","geometry":{"type":"Point","coordinates":[-46.744309,-23.512328]},"properties":{"nome":"Feira Vila Jaguara","endereco":"Rua Cachoeira do Sul,450","dia":"Quarta-Feira","id_fonte":"equipamento_feira_livre.20740","id":"feiras-20740"}},{"type":"Feature","geometry":{"type":"Point","coordinates":[-46.659627,-23.67592]},"properties":{"nome":"Feira Vila Joanisa","endereco":"Rua Estanislau Moniusko,1300","dia":"Domingo","id_fonte":"equipamento_feira_livre.20044","id":"feiras-20044"}},{"type":"Feature","geometry":{"type":"Point","coordinates":[-46.727296,-23.521906]},"properties":{"nome":"Feira Vila Leopoldina","endereco":"Rua Alianca Liberal,500","dia":"Quinta-Feira","id_fonte":"equipamento_feira_livre.20382","id":"feiras-20382"}},{"type":"Feature","geometry":{"type":"Point","coordinates":[-46.691754,-23.556633]},"properties":{"nome":"Feira Vila Madalena","endereco":"Rua Mourato Coelho,1100","dia":"Sabado","id_fonte":"equipamento_feira_livre.20170","id":"feiras-20170"}},{"type":"Feature","geometry":{"type":"Point","coordinates":[-46.539587,-23.543747]},"properties":{"nome":"Feira Vila Manchester","endereco":"Pç Haroldo Daltro,26","dia":"Sexta-Feira","id_fonte":"equipamento_feira_livre.20584","id":"feiras-20584"}},{"type":"Feature","geometry":{"type":"Point","coordinates":[-46.748837,-23.498536]},"properties":{"nome":"Feira Vila Mangalot","endereco":"Rua Sandoval Ferreira Cabral,50","dia":"Quinta-Feira","id_fonte":"equipamento_feira_livre.20273","id":"feiras-20273"}},{"type":"Feature","geometry":{"type":"Point","coordinates":[-46.420918,-23.484205]},"properties":{"nome":"Feira Vila Mara","endereco":"Rua Sao Goncalo do Rio das Pedras,132","dia":"Domingo","id_fonte":"equipamento_feira_livre.20012","id":"feiras-20012"}},{"type":"Feature","geometry":{"type":"Point","coordinates":[-46.585228,-23.511986]},"properties":{"nome":"Feira Vila Maria","endereco":"Rua Araritaguaba,200","dia":"Sabado","id_fonte":"equipamento_feira_livre.20387","id":"feiras-20387"}},{"type":"Feature","geometry":{"type":"Point","coordinates":[-46.585286,-23.504417]},"properties":{"nome":"Feira Vila Maria","endereco":"Rua Moreira de Vasconcelos,200","dia":"Quarta-Feira","id_fonte":"equipamento_feira_livre.20392","id":"feiras-20392"}},{"type":"Feature","geometry":{"type":"Point","coordinates":[-46.585229,-23.505254]},"properties":{"nome":"Feira Vila Maria","endereco":"Pç Gomes Figueiredo,200","dia":"Sexta-Feira","id_fonte":"equipamento_feira_livre.20394","id":"feiras-20394"}},{"type":"Feature","geometry":{"type":"Point","coordinates":[-46.449546,-23.534255]},"properties":{"nome":"Feira Vila Mastrocola","endereco":"Rua Prof Brito Machado,196","dia":"Sabado","id_fonte":"equipamento_feira_livre.20847","id":"feiras-20847"}},{"type":"Feature","geometry":{"type":"Point","coordinates":[-46.493291,-23.55929]},"properties":{"nome":"Feira Vila Matilde","endereco":"Rua Pedro Luiz de Souza,22","dia":"Sexta-Feira","id_fonte":"equipamento_feira_livre.20616","id":"feiras-20616"}},{"type":"Feature","geometry":{"type":"Point","coordinates":[-46.603147,-23.462029]},"properties":{"nome":"Feira Vila Mazzei","endereco":"Rua Manoel Gaya,26","dia":"Quinta-Feira","id_fonte":"equipamento_feira_livre.20051","id":"feiras-20051"}},{"type":"Feature","geometry":{"type":"Point","coordinates":[-46.604742,-23.495498]},"properties":{"nome":"Feira Vila Mazzei","endereco":"Rua Quedas,567","dia":"Terca-Feira","id_fonte":"equipamento_feira_livre.20370","id":"feiras-20370"}},{"type":"Feature","geometry":{"type":"Point","coordinates":[-46.584666,-23.498151]},"properties":{"nome":"Feira Vila Medeiros","endereco":"Rua Santa Fe do Sul,288","dia":"Sabado","id_fonte":"equipamento_feira_livre.20388","id":"feiras-20388"}},{"type":"Feature","geometry":{"type":"Point","coordinates":[-46.582526,-23.490318]},"properties":{"nome":"Feira Vila Medeiros","endereco":"Rua Ataliba Vieira,200","dia":"Domingo","id_fonte":"equipamento_feira_livre.20407","id":"feiras-20407"}},{"type":"Feature","geometry":{"type":"Point","coordinates":[-46.577998,-23.491667]},"properties":{"nome":"Feira Vila Medeiros","endereco":"Rua Geolandia,100","dia":"Quinta-Feira","id_fonte":"equipamento_feira_livre.20409","id":"feiras-20409"}},{"type":"Feature","geometry":{"type":"Point","coordinates":[-46.721962,-23.470961]},"properties":{"nome":"Feira Vila Mirante","endereco":"Rua Povoado do Rio Novo,100","dia":"Sabado","id_fonte":"equipamento_feira_livre.20180","id":"feiras-20180"}},{"type":"Feature","geometry":{"type":"Point","coordinates":[-46.707427,-23.48254]},"properties":{"nome":"Feira Vila Miriam","endereco":"Rua Antonio Gomes de Oliveira,458","dia":"Sexta-Feira","id_fonte":"equipamento_feira_livre.20661","id":"feiras-20661"}},{"type":"Feature","geometry":{"type":"Point","coordinates":[-46.647241,-23.687244]},"properties":{"nome":"Feira Vila Missionaria","endereco":"Rua Rainha das Missoes,70","dia":"Domingo","id_fonte":"equipamento_feira_livre.20042","id":"feiras-20042"}},{"type":"Feature","geometry":{"type":"Point","coordinates":[-46.4724,-23.505137]},"properties":{"nome":"Feira Vila Monte Santo","endereco":"Rua Quilombo do Ambrosio,20","dia":"Sabado","id_fonte":"equipamento_feira_livre.20380","id":"feiras-20380"}},{"type":"Feature","geometry":{"type":"Point","coordinates":[-46.61269,-23.573928]},"properties":{"nome":"Feira Vila Monumento","endereco":"Rua Guinle C/ Frederico V Martius,250","dia":"Quarta-Feira","id_fonte":"equipamento_feira_livre.20796","id":"feiras-20796"}},{"type":"Feature","geometry":{"type":"Point","coordinates":[-46.618617,-23.620324]},"properties":{"nome":"Feira Vila Moraes","endereco":"Rua Divinopolis C/ Nsa da Saude,234","dia":"Sabado","id_fonte":"equipamento_feira_livre.20787","id":"feiras-20787"}},{"type":"Feature","geometry":{"type":"Point","coordinates":[-46.728772,-23.595001]},"properties":{"nome":"Feira Vila Morse","endereco":"Rua Ibiapaba,252","dia":"Domingo","id_fonte":"equipamento_feira_livre.20446","id":"feiras-20446"}},{"type":"Feature","geometry":{"type":"Point","coordinates":[-46.606147,-23.502982]},"properties":{"nome":"Feira Vila Munhoz","endereco":"Pç Oscar da Silva,500","dia":"Terca-Feira","id_fonte":"equipamento_feira_livre.20365","id":"feiras-20365"}},{"type":"Feature","geometry":{"type":"Point","coordinates":[-46.610905,-23.600915]},"properties":{"nome":"Feira Vila Nair","endereco":"Rua Dona Leopoldina,243","dia":"Sabado","id_fonte":"equipamento_feira_livre.20804","id":"feiras-20804"}},{"type":"Feature","geometry":{"type":"Point","coordinates":[-46.70378,-23.762333]},"properties":{"nome":"Feira Vila Natal","endereco":"","dia":"Sabado","id_fonte":"equipamento_feira_livre.20680","id":"feiras-20680"}},{"type":"Feature","geometry":{"type":"Point","coordinates":[-46.500053,-23.545758]},"properties":{"nome":"Feira Vila Nhocune","endereco":"Rua Madre Luisa dos Anjos,25","dia":"Quarta-Feira","id_fonte":"equipamento_feira_livre.20886","id":"feiras-20886"}},{"type":"Feature","geometry":{"type":"Point","coordinates":[-46.494775,-23.543447]},"properties":{"nome":"Feira Vila Nhocune","endereco":"Rua Sao Vitorio,79","dia":"Sexta-Feira","id_fonte":"equipamento_feira_livre.20887","id":"feiras-20887"}},{"type":"Feature","geometry":{"type":"Point","coordinates":[-46.706448,-23.491078]},"properties":{"nome":"Feira Vila Nigri","endereco":"Rua Moinho Velho,135","dia":"Quinta-Feira","id_fonte":"equipamento_feira_livre.20660","id":"feiras-20660"}},{"type":"Feature","geometry":{"type":"Point","coordinates":[-46.582162,-23.463327]},"properties":{"nome":"Feira Vila Nilo","endereco":"Rua Dr Carlos Bastos Aranha,258","dia":"Quarta-Feira","id_fonte":"equipamento_feira_livre.20735","id":"feiras-20735"}},{"type":"Feature","geometry":{"type":"Point","coordinates":[-46.475954,-23.506039]},"properties":{"nome":"Feira Vila Norma","endereco":"Rua Glicerio Rodrigues,50","dia":"Domingo","id_fonte":"equipamento_feira_livre.20376","id":"feiras-20376"}},{"type":"Feature","geometry":{"type":"Point","coordinates":[-46.660668,-23.471175]},"properties":{"nome":"Feira Vila Nova Cachoeirinha","endereco":"Rua dos Patis,335","dia":"Domingo","id_fonte":"equipamento_feira_livre.20525","id":"feiras-20525"}},{"type":"Feature","geometry":{"type":"Point","coordinates":[-46.671111,-23.597883]},"properties":{"nome":"Feira Vila Nova Conceicao","endereco":"Rua Marcos Lopes C/ Silvania,345","dia":"Terca-Feira","id_fonte":"equipamento_feira_livre.20554","id":"feiras-20554"}},{"type":"Feature","geometry":{"type":"Point","coordinates":[-46.427722,-23.515777]},"properties":{"nome":"Feira Vila Nova Curuca","endereco":"Rua Arvore de Cera,37","dia":"Terca-Feira","id_fonte":"equipamento_feira_livre.20346","id":"feiras-20346"}},{"type":"Feature","geometry":{"type":"Point","coordinates":[-46.422802,-23.516175]},"properties":{"nome":"Feira Vila Nova Curuca","endereco":"Rua Ananai,37","dia":"Quinta-Feira","id_fonte":"equipamento_feira_livre.20347","id":"feiras-20347"}},{"type":"Feature","geometry":{"type":"Point","coordinates":[-46.757165,-23.474426]},"properties":{"nome":"Feira Vila Nova Esperanca","endereco":"Rua Caldas Novas,10","dia":"Sabado","id_fonte":"equipamento_feira_livre.20269","id":"feiras-20269"}},{"type":"Feature","geometry":{"type":"Point","coordinates":[-46.705171,-23.681775]},"properties":{"nome":"Feira Vila Nova Friburgo","endereco":"Av Danton Jobim,1141","dia":"Quarta-Feira","id_fonte":"equipamento_feira_livre.20320","id":"feiras-20320"}},{"type":"Feature","geometry":{"type":"Point","coordinates":[-46.513503,-23.520973]},"properties":{"nome":"Feira Vila Nova Granada","endereco":"Rua Francisco de Oliveira Braga,132","dia":"Terca-Feira","id_fonte":"equipamento_feira_livre.20151","id":"feiras-20151"}},{"type":"Feature","geometry":{"type":"Point","coordinates":[-46.52778,-23.55122]},"properties":{"nome":"Feira Vila Nova Manchester","endereco":"Rua Sao Valentim,120","dia":"Quarta-Feira","id_fonte":"equipamento_feira_livre.20587","id":"feiras-20587"}},{"type":"Feature","geometry":{"type":"Point","coordinates":[-46.509965,-23.5798]},"properties":{"nome":"Feira Vila Nova York","endereco":"Rua Mal Marques Porto,120","dia":"Terca-Feira","id_fonte":"equipamento_feira_livre.20469","id":"feiras-20469"}},{"type":"Feature","geometry":{"type":"Point","coordinates":[-46.675251,-23.597954]},"properties":{"nome":"Feira Vila Olimpia","endereco":"Rua Helion Povoa,165","dia":"Domingo","id_fonte":"equipamento_feira_livre.20711","id":"feiras-20711"}},{"type":"Feature","geometry":{"type":"Point","coordinates":[-46.595022,-23.646035]},"properties":{"nome":"Feira Vila Olivieri","endereco":"Rua Claudio Ferreira Manoel,29","dia":"Sexta-Feira","id_fonte":"equipamento_feira_livre.20222","id":"feiras-20222"}},{"type":"Feature","geometry":{"type":"Point","coordinates":[-46.756173,-23.409579]},"properties":{"nome":"Feira Vila Operaria","endereco":"Rua Raphael Di Sandro,100","dia":"Sexta-Feira","id_fonte":"equipamento_feira_livre.20161","id":"feiras-20161"}},{"type":"Feature","geometry":{"type":"Point","coordinates":[-46.580686,-23.570774]},"properties":{"nome":"Feira Vila Oratorio","endereco":"Rua Silva Coutinho,50","dia":"Quinta-Feira","id_fonte":"equipamento_feira_livre.20461","id":"feiras-20461"}},{"type":"Feature","geometry":{"type":"Point","coordinates":[-46.607791,-23.501083]},"properties":{"nome":"Feira Vila Paiva","endereco":"Rua Catapara,87","dia":"Quinta-Feira","id_fonte":"equipamento_feira_livre.20367","id":"feiras-20367"}},{"type":"Feature","geometry":{"type":"Point","coordinates":[-46.544448,-23.589919]},"properties":{"nome":"Feira Vila Paulo Silas","endereco":"Rua Antonio Fontoura Xavier,50","dia":"Sabado","id_fonte":"equipamento_feira_livre.20068","id":"feiras-20068"}},{"type":"Feature","geometry":{"type":"Point","coordinates":[-46.759884,-23.501356]},"properties":{"nome":"Feira Vila Piaui","endereco":"Rua Flor Cachoeira e S do Teixeira,48","dia":"Terca-Feira","id_fonte":"equipamento_feira_livre.20739","id":"feiras-20739"}},{"type":"Feature","geometry":{"type":"Point","coordinates":[-46.684166,-23.529837]},"properties":{"nome":"Feira Vila Pompeia","endereco":"Rua Min Ferreira Alves C/ Tucuna,50","dia":"Sexta-Feira","id_fonte":"equipamento_feira_livre.20156","id":"feiras-20156"}},{"type":"Feature","geometry":{"type":"Point","coordinates":[-46.67212,-23.495461]},"properties":{"nome":"Feira Vila Prado","endereco":"Rua Maria Elisa Siqueira,130","dia":"Domingo","id_fonte":"equipamento_feira_livre.20928","id":"feiras-20928"}},{"type":"Feature","geometry":{"type":"Point","coordinates":[-46.753571,-23.646874]},"properties":{"nome":"Feira Vila Prell","endereco":"Rua Thereza Maia Pinto,5","dia":"Quarta-Feira","id_fonte":"equipamento_feira_livre.20908","id":"feiras-20908"}},{"type":"Feature","geometry":{"type":"Point","coordinates":[-46.486438,-23.509909]},"properties":{"nome":"Feira Vila Prima","endereco":"Rua Honorio Emiliano Bueno,155","dia":"Quinta-Feira","id_fonte":"equipamento_feira_livre.20200","id":"feiras-20200"}},{"type":"Feature","geometry":{"type":"Point","coordinates":[-46.419093,-23.54634]},"properties":{"nome":"Feira Vila Princesa Isabel","endereco":"Rua Comte Carlos Rhul,50","dia":"Terca-Feira","id_fonte":"equipamento_feira_livre.20690","id":"feiras-20690"}},{"type":"Feature","geometry":{"type":"Point","coordinates":[-46.419046,-23.544565]},"properties":{"nome":"Feira Vila Princesa Isabel","endereco":"Rua Irmao Deodoro,100","dia":"Sabado","id_fonte":"equipamento_feira_livre.20692","id":"feiras-20692"}},{"type":"Feature","geometry":{"type":"Point","coordinates":[-46.432017,-23.519559]},"properties":{"nome":"Feira Vila Progresso","endereco":"Rua Criuva,12","dia":"Domingo","id_fonte":"equipamento_feira_livre.20314","id":"feiras-20314"}},{"type":"Feature","geometry":{"type":"Point","coordinates":[-46.589176,-23.575451]},"properties":{"nome":"Feira Vila Prudente","endereco":"Rua Domingos da Fonseca,321","dia":"Quinta-Feira","id_fonte":"equipamento_feira_livre.20033","id":"feiras-20033"}},{"type":"Feature","geometry":{"type":"Point","coordinates":[-46.584981,-23.580345]},"properties":{"nome":"Feira Vila Prudente","endereco":"Rua Jose Zappi,255","dia":"Domingo","id_fonte":"equipamento_feira_livre.20422","id":"feiras-20422"}},{"type":"Feature","geometry":{"type":"Point","coordinates":[-46.463785,-23.520188]},"properties":{"nome":"Feira Vila Ramos","endereco":"Av Augusto Antunes,1000","dia":"Sexta-Feira","id_fonte":"equipamento_feira_livre.20855","id":"feiras-20855"}},{"type":"Feature","geometry":{"type":"Point","coordinates":[-46.506978,-23.521244]},"properties":{"nome":"Feira Vila Re","endereco":"Rua Municipal,10","dia":"Sexta-Feira","id_fonte":"equipamento_feira_livre.20152","id":"feiras-20152"}},{"type":"Feature","geometry":{"type":"Point","coordinates":[-46.758495,-23.59648]},"properties":{"nome":"Feira Vila Regina","endereco":"Rua Edward Carmilo,675","dia":"Domingo","id_fonte":"equipamento_feira_livre.20448","id":"feiras-20448"}},{"type":"Feature","geometry":{"type":"Point","coordinates":[-46.756545,-23.67766]},"properties":{"nome":"Feira Vila Remo","endereco":"Rua Itaparoquera,130","dia":"Sexta-Feira","id_fonte":"equipamento_feira_livre.20432","id":"feiras-20432"}},{"type":"Feature","geometry":{"type":"Point","coordinates":[-46.534217,-23.610603]},"properties":{"nome":"Feira Vila Reunidas","endereco":"Av Morais Costa,1050","dia":"Sabado","id_fonte":"equipamento_feira_livre.20064","id":"feiras-20064"}},{"type":"Feature","geometry":{"type":"Point","coordinates":[-46.669969,-23.665509]},"properties":{"nome":"Feira Vila Rica","endereco":"Av Celso dos Santos,90","dia":"Quinta-Feira","id_fonte":"equipamento_feira_livre.20049","id":"feiras-20049"}},{"type":"Feature","geometry":{"type":"Point","coordinates":[-46.515099,-23.583136]},"properties":{"nome":"Feira Vila Rica","endereco":"Rua Prof Alzira de O Gilioli,177","dia":"Domingo","id_fonte":"equipamento_feira_livre.20474","id":"feiras-20474"}},{"type":"Feature","geometry":{"type":"Point","coordinates":[-46.674058,-23.468473]},"properties":{"nome":"Feira Vila Rica","endereco":"Rua Spencer Vampre,454","dia":"Quarta-Feira","id_fonte":"equipamento_feira_livre.20507","id":"feiras-20507"}},{"type":"Feature","geometry":{"type":"Point","coordinates":[-46.499415,-23.513611]},"properties":{"nome":"Feira Vila Rio Branco","endereco":"Rua Francisco Souza Queiroz,92","dia":"Domingo","id_fonte":"equipamento_feira_livre.20199","id":"feiras-20199"}},{"type":"Feature","geometry":{"type":"Point","coordinates":[-46.701099,-23.532843]},"properties":{"nome":"Feira Vila Romana","endereco":"Rua Sepetiba,522","dia":"Terca-Feira","id_fonte":"equipamento_feira_livre.20747","id":"feiras-20747"}},{"type":"Feature","geometry":{"type":"Point","coordinates":[-46.575343,-23.493309]},"properties":{"nome":"Feira Vila Sabrina","endereco":"Rua Geolandia,1300","dia":"Sexta-Feira","id_fonte":"equipamento_feira_livre.20410","id":"feiras-20410"}},{"type":"Feature","geometry":{"type":"Point","coordinates":[-46.534027,-23.550067]},"properties":{"nome":"Feira Vila Santa Izabel","endereco":"Rua Luis Pinto,99999","dia":"Domingo","id_fonte":"equipamento_feira_livre.20585","id":"feiras-20585"}},{"type":"Feature","geometry":{"type":"Point","coordinates":[-46.540566,-23.555542]},"properties":{"nome":"Feira Vila Santa Izabel","endereco":"Rua Piramboia,450","dia":"Quinta-Feira","id_fonte":"equipamento_feira_livre.20589","id":"feiras-20589"}},{"type":"Feature","geometry":{"type":"Point","coordinates":[-46.763569,-23.685772]},"properties":{"nome":"Feira Vila Santa Lucia","endereco":"Rua Carmelo Cali,6","dia":"Sexta-Feira","id_fonte":"equipamento_feira_livre.20431","id":"feiras-20431"}},{"type":"Feature","geometry":{"type":"Point","coordinates":[-46.533496,-23.519158]},"properties":{"nome":"Feira Vila Santana","endereco":"Rua Eneas de Barros,425","dia":"Sabado","id_fonte":"equipamento_feira_livre.20148","id":"feiras-20148"}},{"type":"Feature","geometry":{"type":"Point","coordinates":[-46.687443,-23.717342]},"properties":{"nome":"Feira Vila Sao Benedito","endereco":"Rua Jose Bonifacio Filho,100","dia":"Quarta-Feira","id_fonte":"equipamento_feira_livre.20603","id":"feiras-20603"}},{"type":"Feature","geometry":{"type":"Point","coordinates":[-46.569573,-23.579293]},"properties":{"nome":"Feira Vila Sao Carlos","endereco":"Rua Ernesto Giuliano,50","dia":"Quarta-Feira","id_fonte":"equipamento_feira_livre.20449","id":"feiras-20449"}},{"type":"Feature","geometry":{"type":"Point","coordinates":[-46.39543,-23.553742]},"properties":{"nome":"Feira Vila Sao Geraldo","endereco":"Rua Camargo Leme,100","dia":"Sabado","id_fonte":"equipamento_feira_livre.20688","id":"feiras-20688"}},{"type":"Feature","geometry":{"type":"Point","coordinates":[-46.617042,-23.589612]},"properties":{"nome":"Feira Vila Sao Jose","endereco":"Rua Oliveira Melo,350","dia":"Domingo","id_fonte":"equipamento_feira_livre.20798","id":"feiras-20798"}},{"type":"Feature","geometry":{"type":"Point","coordinates":[-46.518793,-23.498952]},"properties":{"nome":"Feira Vila Sao Lourenco","endereco":"Pç do Horticultores,415","dia":"Domingo","id_fonte":"equipamento_feira_livre.20564","id":"feiras-20564"}},{"type":"Feature","geometry":{"type":"Point","coordinates":[-46.681086,-23.671279]},"properties":{"nome":"Feira Vila Sao Pedro","endereco":"Pç Alexandre N Aksakof,272","dia":"Sexta-Feira","id_fonte":"equipamento_feira_livre.20536","id":"feiras-20536"}},{"type":"Feature","geometry":{"type":"Point","coordinates":[-46.443998,-23.497579]},"properties":{"nome":"Feira Vila Silvestre","endereco":"Av Antonio Bernardo Silvestre,10","dia":"Terca-Feira","id_fonte":"equipamento_feira_livre.20310","id":"feiras-20310"}},{"type":"Feature","geometry":{"type":"Point","coordinates":[-46.507495,-23.501335]},"properties":{"nome":"Feira Vila Silvia","endereco":"Rua Pastoril de Itapetinga,12","dia":"Domingo","id_fonte":"equipamento_feira_livre.20565","id":"feiras-20565"}},{"type":"Feature","geometry":{"type":"Point","coordinates":[-46.521863,-23.517794]},"properties":{"nome":"Feira Vila Sinanduva","endereco":"Rua Sinanduva,504","dia":"Sexta-Feira","id_fonte":"equipamento_feira_livre.20147","id":"feiras-20147"}},{"type":"Feature","geometry":{"type":"Point","coordinates":[-46.675954,-23.500532]},"properties":{"nome":"Feira Vila Siqueira","endereco":"Rua Salvador Ligabue,16","dia":"Sabado","id_fonte":"equipamento_feira_livre.20926","id":"feiras-20926"}},{"type":"Feature","geometry":{"type":"Point","coordinates":[-46.731097,-23.592733]},"properties":{"nome":"Feira Vila Sonia","endereco":"Av Gal Francisco Morazan,200","dia":"Sexta-Feira","id_fonte":"equipamento_feira_livre.20442","id":"feiras-20442"}},{"type":"Feature","geometry":{"type":"Point","coordinates":[-46.510481,-23.543807]},"properties":{"nome":"Feira Vila Talarico","endereco":"Rua Bento Quirino,399","dia":"Terca-Feira","id_fonte":"equipamento_feira_livre.20396","id":"feiras-20396"}},{"type":"Feature","geometry":{"type":"Point","coordinates":[-46.679138,-23.60161]},"properties":{"nome":"Feira Vila Uberabinha","endereco":"Rua Baluarte,367","dia":"Sexta-Feira","id_fonte":"equipamento_feira_livre.20713","id":"feiras-20713"}},{"type":"Feature","geometry":{"type":"Point","coordinates":[-46.706575,-23.857771]},"properties":{"nome":"Feira Vila Vargem Grande I","endereco":"Av Primavera,s/n","dia":"Sabado","id_fonte":"equipamento_feira_livre.20436","id":"feiras-20436"}},{"type":"Feature","geometry":{"type":"Point","coordinates":[-46.656697,-23.87729]},"properties":{"nome":"Feira Vila Vargem Grande II","endereco":"Rua Beija Flor,s/n","dia":"Domingo","id_fonte":"equipamento_feira_livre.20435","id":"feiras-20435"}},{"type":"Feature","geometry":{"type":"Point","coordinates":[-46.605604,-23.619266]},"properties":{"nome":"Feira Vila Vera","endereco":"Av Cel Jose Pires de Andrade,600","dia":"Quarta-Feira","id_fonte":"equipamento_feira_livre.20228","id":"feiras-20228"}},{"type":"Feature","geometry":{"type":"Point","coordinates":[-46.444572,-23.519211]},"properties":{"nome":"Feira Vila Verde","endereco":"Rua Barao de Godofredo,50","dia":"Sabado","id_fonte":"equipamento_feira_livre.20842","id":"feiras-20842"}},{"type":"Feature","geometry":{"type":"Point","coordinates":[-46.386809,-23.57913]},"properties":{"nome":"Feira Vila Yolanda II","endereco":"Rua Dr Ademar Ferreira de Carvalho,100","dia":"Domingo","id_fonte":"equipamento_feira_livre.20622","id":"feiras-20622"}},{"type":"Feature","geometry":{"type":"Point","coordinates":[-46.575892,-23.589209]},"properties":{"nome":"Feira Vila Zelina","endereco":"Rua Inhagapi C/ Manaias,275","dia":"Sexta-Feira","id_fonte":"equipamento_feira_livre.20420","id":"feiras-20420"}},{"type":"Feature","geometry":{"type":"Point","coordinates":[-46.695273,-23.693508]},"properties":{"nome":"Feira Vila da Paz","endereco":"Rua Inacio de Almeida Arruda,s/n","dia":"Domingo","id_fonte":"equipamento_feira_livre.20602","id":"feiras-20602"}},{"type":"Feature","geometry":{"type":"Point","coordinates":[-46.741009,-23.642562]},"properties":{"nome":"Feira Vila das Belezas","endereco":"Rua Bernardino Estazione,12","dia":"Sabado","id_fonte":"equipamento_feira_livre.20911","id":"feiras-20911"}},{"type":"Feature","geometry":{"type":"Point","coordinates":[-46.608324,-23.638065]},"properties":{"nome":"Feira Vila das Merces","endereco":"Rua Brig Amilcar V Pederneiras,200","dia":"Terca-Feira","id_fonte":"equipamento_feira_livre.20237","id":"feiras-20237"}},{"type":"Feature","geometry":{"type":"Point","coordinates":[-46.685113,-23.494715]},"properties":{"nome":"Feira Vila das Palmeiras","endereco":"Rua Benedito Guedes de Oliveira,450","dia":"Domingo","id_fonte":"equipamento_feira_livre.20653","id":"feiras-20653"}},{"type":"Feature","geometry":{"type":"Point","coordinates":[-46.608047,-23.624842]},"properties":{"nome":"Feira Vila dos Quarenta","endereco":"Rua Angaturama,454","dia":"Sexta-Feira","id_fonte":"equipamento_feira_livre.20238","id":"feiras-20238"}},{"type":"Feature","geometry":{"type":"Point","coordinates":[-46.572334,-23.541905]},"properties":{"nome":"Feira Visconde de Itaboray","endereco":"Rua Visconde de Itaboray,250","dia":"Quinta-Feira","id_fonte":"equipamento_feira_livre.20330","id":"feiras-20330"}},{"type":"Feature","geometry":{"type":"Point","coordinates":[-46.65584,-23.663787]},"properties":{"nome":"Feira Visconde de Sta Isabel","endereco":"Rua Visconde de Sta Isabel,120","dia":"Quarta-Feira","id_fonte":"equipamento_feira_livre.20040","id":"feiras-20040"}},{"type":"Feature","geometry":{"type":"Point","coordinates":[-46.409495,-23.488668]},"properties":{"nome":"Feira Vistosa de Madre de Deus","endereco":"Rua Vistosa de Madre de Deus,51","dia":"Quinta-Feira","id_fonte":"equipamento_feira_livre.20007","id":"feiras-20007"}},{"type":"Feature","geometry":{"type":"Point","coordinates":[-46.691579,-23.4529]},"properties":{"nome":"Feira Vitantonio Matorosa","endereco":"Rua Vitantonio Matorosa,448","dia":"Domingo","id_fonte":"equipamento_feira_livre.20501","id":"feiras-20501"}},{"type":"Feature","geometry":{"type":"Point","coordinates":[-46.472441,-23.494835]},"properties":{"nome":"Feira Vitoria Simionato","endereco":"Rua Vitoria Simionato,58","dia":"Quinta-Feira","id_fonte":"equipamento_feira_livre.20648","id":"feiras-20648"}},{"type":"Feature","geometry":{"type":"Point","coordinates":[-46.64879,-23.533804]},"properties":{"nome":"Feira Vitorino Camilo","endereco":"Rua Adolfo Gordo,129","dia":"Sabado","id_fonte":"equipamento_feira_livre.20241","id":"feiras-20241"}},{"type":"Feature","geometry":{"type":"Point","coordinates":[-46.625761,-23.564991]},"properties":{"nome":"Feira Vitorio Emanuel","endereco":"Rua Vitorio Emanuel,312","dia":"Sexta-Feira","id_fonte":"equipamento_feira_livre.20759","id":"feiras-20759"}},{"type":"Feature","geometry":{"type":"Point","coordinates":[-46.625306,-23.592945]},"properties":{"nome":"Feira Voltaire","endereco":"Rua Voltaire C/ Pedro Nicole,302","dia":"Terca-Feira","id_fonte":"equipamento_feira_livre.20808","id":"feiras-20808"}},{"type":"Feature","geometry":{"type":"Point","coordinates":[-46.664305,-23.521825]},"properties":{"nome":"Feira Várzea da Barra Funda","endereco":"Rua Quirino dos Santos","dia":"Quarta-Feira","id_fonte":"equipamento_feira_livre.20945","id":"feiras-20945"}},{"type":"Feature","geometry":{"type":"Point","coordinates":[-46.647528,-23.494079]},"properties":{"nome":"Feira Waldomiro Silveira","endereco":"Rua Waldomiro Silveira,28","dia":"Terca-Feira","id_fonte":"equipamento_feira_livre.20591","id":"feiras-20591"}},{"type":"Feature","geometry":{"type":"Point","coordinates":[-46.558526,-23.557816]},"properties":{"nome":"Feira Walter Gazarra","endereco":"Rua Walter Gazarra,1300","dia":"Terca-Feira","id_fonte":"equipamento_feira_livre.20360","id":"feiras-20360"}},{"type":"Feature","geometry":{"type":"Point","coordinates":[-46.393607,-23.578624]},"properties":{"nome":"Feira Wilson Fernandes S Carvalho","endereco":"Rua Wilson Fernandes S Carvalho,100","dia":"Domingo","id_fonte":"equipamento_feira_livre.20626","id":"feiras-20626"}},{"type":"Feature","geometry":{"type":"Point","coordinates":[-46.607781,-23.589082]},"properties":{"nome":"Feira Xavier de Almeida","endereco":"Rua Xavier de Almeida,650","dia":"Terca-Feira","id_fonte":"equipamento_feira_livre.20799","id":"feiras-20799"}},{"type":"Feature","geometry":{"type":"Point","coordinates":[-46.60853,-23.586844]},"properties":{"nome":"Feira Xavier de Almeida","endereco":"Rua Xavier de Almeida","dia":"Sabado","id_fonte":"equipamento_feira_livre.20964","id":"feiras-20964"}},{"type":"Feature","geometry":{"type":"Point","coordinates":[-46.43468,-23.529037]},"properties":{"nome":"Feira Xv de Novembro","endereco":"Rua Ibiajara,478","dia":"Sabado","id_fonte":"equipamento_feira_livre.20846","id":"feiras-20846"}},{"type":"Feature","geometry":{"type":"Point","coordinates":[-46.440113,-23.549259]},"properties":{"nome":"Feira Zona Leste","endereco":"Rua Antonio Crespo,50","dia":"Sexta-Feira","id_fonte":"equipamento_feira_livre.20921","id":"feiras-20921"}}]}